run,genetic_format,iteration,sample_index,genotype,fitness,parent_genotype
40,H,0,0,"//H
3
j:",0.0,
40,H,13,1,"//H
3
j:0.128, 0.034, 0.095, -0.247, y2=0.286, fr=0.679, l=1.298
j:-0.264733268879354, 0.22606762312352657, 0.6784251471981406, -0.8287420659326017, 0.39060675259679556, 0.0546317039988935, fr=0.976, l=1.342
j:0.21897301031276584, -0.2548063863068819, -0.19134270027279854, -0.48168516205623746, -0.8847577390260994, -0.30556724686175585, l=0.913
c:0.5937719056382775, 0.9959910814650357, -0.7513744640164077, -0.41517087863758206, -0.8404760789126158, 0.9018737259320915, 0.072
",2.5204403913489387e-18,"//H
3
j:"
40,H,1,2,"//H
3
j:0.128, 0.034, 0.095, -0.247, y2=0.286, fr=0.679, l=1.298
j:-0.264733268879354, 0.22606762312352657, 0.6784251471981406, -0.8287420659326017, 0.39060675259679556, 0.0546317039988935, fr=0.976, l=1.342
j:0.21897301031276584, -0.2548063863068819, -0.19134270027279854, -0.48168516205623746, -0.8847577390260994, -0.30556724686175585, l=0.913
j:0.9121545949019492, -0.1302511659450829, -0.7947291159071028, 0.19435140816494823, 0.20589209767058492, -0.3637558538466692, rotstif=0.875
c:0.5937719056382775, 0.9959910814650357, -0.7513744640164077, -0.41517087863758206, -0.8404760789126158, 0.9018737259320915, 0.072
",1.4365220911763957e-07,"//H
3
j:0.128, 0.034, 0.095, -0.247, y2=0.286, fr=0.679, l=1.298
j:-0.264733268879354, 0.22606762312352657, 0.6784251471981406, -0.8287420659326017, 0.39060675259679556, 0.0546317039988935, fr=0.976, l=1.342
j:0.21897301031276584, -0.2548063863068819, -0.19134270027279854, -0.48168516205623746, -0.8847577390260994, -0.30556724686175585, l=0.913
c:0.5937719056382775, 0.9959910814650357, -0.7513744640164077, -0.41517087863758206, -0.8404760789126158, 0.9018737259320915, 0.072
"
40,H,2,3,"//H
3
j:0.128, 0.034, 0.095, -0.247, y2=0.286, fr=0.679, l=1.298
j:-0.264733268879354, 0.22606762312352657, 0.6784251471981406, -0.8287420659326017, 0.39060675259679556, 0.0546317039988935, fr=0.976, l=1.342
j:0.21897301031276584, -0.2548063863068819, -0.19134270027279854, -0.48168516205623746, -0.8847577390260994, -0.30556724686175585, l=0.913
j:0.9121545949019492, -0.1302511659450829, -0.7947291159071028, 0.19435140816494823, 0.20589209767058492, -0.3637558538466692, rotstif=0.875
j:0.8381318571045995, 0.3363271071575582, -0.33129552425816655, -0.38540193624794483, -0.34645609091967344, 0.3092575720511377, fr=0.632
c:0.5937719056382775, 0.9959910814650357, -0.7513744640164077, -0.41517087863758206, -0.8404760789126158, 0.9018737259320915, 0.072
",5.953380343819581e-07,"//H
3
j:0.128, 0.034, 0.095, -0.247, y2=0.286, fr=0.679, l=1.298
j:-0.264733268879354, 0.22606762312352657, 0.6784251471981406, -0.8287420659326017, 0.39060675259679556, 0.0546317039988935, fr=0.976, l=1.342
j:0.21897301031276584, -0.2548063863068819, -0.19134270027279854, -0.48168516205623746, -0.8847577390260994, -0.30556724686175585, l=0.913
j:0.9121545949019492, -0.1302511659450829, -0.7947291159071028, 0.19435140816494823, 0.20589209767058492, -0.3637558538466692, rotstif=0.875
c:0.5937719056382775, 0.9959910814650357, -0.7513744640164077, -0.41517087863758206, -0.8404760789126158, 0.9018737259320915, 0.072
"
40,H,3,4,"//H
3
j:0.128, 0.034, 0.095, -0.247, y2=0.286, fr=0.679, l=1.298
j:-0.264733268879354, 0.22606762312352657, 0.6784251471981406, -0.8287420659326017, 0.39060675259679556, 0.0546317039988935, fr=0.976, l=1.342
j:0.21897301031276584, -0.2548063863068819, -0.19134270027279854, -0.48168516205623746, -0.8847577390260994, -0.30556724686175585, l=0.913
j:0.9121545949019492, -0.1302511659450829, -0.7947291159071028, 0.19435140816494823, 0.20589209767058492, -0.3637558538466692, rotstif=0.875
j:0.8381318571045995, 0.3363271071575582, -0.33129552425816655, -0.38540193624794483, -0.34645609091967344, 0.3092575720511377, fr=0.632
n:-0.014068110845983028, 0.5886625908315182, -0.27493462711572647, -0.9047758616507053, -0.1619970160536468, -0.8123831045813859, d=|:p=0.139
c:0.5937719056382775, 0.9959910814650357, -0.7513744640164077, -0.41517087863758206, -0.8404760789126158, 0.9018737259320915, 0.072
",5.964025533954961e-07,"//H
3
j:0.128, 0.034, 0.095, -0.247, y2=0.286, fr=0.679, l=1.298
j:-0.264733268879354, 0.22606762312352657, 0.6784251471981406, -0.8287420659326017, 0.39060675259679556, 0.0546317039988935, fr=0.976, l=1.342
j:0.21897301031276584, -0.2548063863068819, -0.19134270027279854, -0.48168516205623746, -0.8847577390260994, -0.30556724686175585, l=0.913
j:0.9121545949019492, -0.1302511659450829, -0.7947291159071028, 0.19435140816494823, 0.20589209767058492, -0.3637558538466692, rotstif=0.875
j:0.8381318571045995, 0.3363271071575582, -0.33129552425816655, -0.38540193624794483, -0.34645609091967344, 0.3092575720511377, fr=0.632
c:0.5937719056382775, 0.9959910814650357, -0.7513744640164077, -0.41517087863758206, -0.8404760789126158, 0.9018737259320915, 0.072
"
40,H,4,5,"//H
3
j:0.128, 0.034, 0.095, -0.247, y2=0.286, fr=0.679, l=1.298
j:-0.264733268879354, 0.22606762312352657, 0.6784251471981406, -0.8287420659326017, 0.39060675259679556, 0.0546317039988935, fr=0.976, l=1.342
j:0.21897301031276584, -0.2548063863068819, -0.19134270027279854, -0.48168516205623746, -0.8847577390260994, -0.30556724686175585, l=0.913
j:0.9121545949019492, -0.1302511659450829, -0.7947291159071028, 0.19435140816494823, 0.20589209767058492, -0.3637558538466692, rotstif=0.875
j:0.8381318571045995, 0.3363271071575582, -0.33129552425816655, -0.38540193624794483, -0.34645609091967344, 0.3092575720511377, fr=0.632
n:-0.014068110845983028, 0.5886625908315182, -0.27493462711572647, -0.9047758616507053, -0.1619970160536468, -0.711, d=|:p=0.139
c:0.5937719056382775, 0.9959910814650357, -0.7513744640164077, -0.41517087863758206, -0.8404760789126158, 0.9018737259320915, 0.072
",5.964025533954961e-07,"//H
3
j:0.128, 0.034, 0.095, -0.247, y2=0.286, fr=0.679, l=1.298
j:-0.264733268879354, 0.22606762312352657, 0.6784251471981406, -0.8287420659326017, 0.39060675259679556, 0.0546317039988935, fr=0.976, l=1.342
j:0.21897301031276584, -0.2548063863068819, -0.19134270027279854, -0.48168516205623746, -0.8847577390260994, -0.30556724686175585, l=0.913
j:0.9121545949019492, -0.1302511659450829, -0.7947291159071028, 0.19435140816494823, 0.20589209767058492, -0.3637558538466692, rotstif=0.875
j:0.8381318571045995, 0.3363271071575582, -0.33129552425816655, -0.38540193624794483, -0.34645609091967344, 0.3092575720511377, fr=0.632
n:-0.014068110845983028, 0.5886625908315182, -0.27493462711572647, -0.9047758616507053, -0.1619970160536468, -0.8123831045813859, d=|:p=0.139
c:0.5937719056382775, 0.9959910814650357, -0.7513744640164077, -0.41517087863758206, -0.8404760789126158, 0.9018737259320915, 0.072
"
40,H,5,6,"//H
3
j:0.128, 0.034, 0.095, -0.247, y2=0.286, fr=0.679, l=1.298
j:-0.264733268879354, 0.22606762312352657, 0.6784251471981406, -0.8287420659326017, 0.39060675259679556, 0.0546317039988935, fr=0.976, l=1.342
j:0.21897301031276584, -0.2548063863068819, -0.19134270027279854, -0.48168516205623746, -0.8847577390260994, -0.30556724686175585, l=0.913
j:0.9121545949019492, -0.1302511659450829, -0.7947291159071028, 0.19435140816494823, 0.20589209767058492, -0.3637558538466692, rotstif=0.875
j:0.8381318571045995, 0.3363271071575582, -0.33129552425816655, -0.38540193624794483, -0.34645609091967344, 0.3092575720511377, fr=0.632
n:-0.014068110845983028, 0.5886625908315182, -0.27493462711572647, -0.9047758616507053, -0.1619970160536468, -0.8123831045813859, d=|:p=0.139
n:-0.6525398036465049, -0.6677550747990608, 0.14797003846615553, 0.9331988375633955, -0.26302496157586575, 0.07068255916237831, d=|:p=0.31
c:0.5937719056382775, 0.9959910814650357, -0.7513744640164077, -0.41517087863758206, -0.8404760789126158, 0.9018737259320915, 0.072
",6.169571929388723e-07,"//H
3
j:0.128, 0.034, 0.095, -0.247, y2=0.286, fr=0.679, l=1.298
j:-0.264733268879354, 0.22606762312352657, 0.6784251471981406, -0.8287420659326017, 0.39060675259679556, 0.0546317039988935, fr=0.976, l=1.342
j:0.21897301031276584, -0.2548063863068819, -0.19134270027279854, -0.48168516205623746, -0.8847577390260994, -0.30556724686175585, l=0.913
j:0.9121545949019492, -0.1302511659450829, -0.7947291159071028, 0.19435140816494823, 0.20589209767058492, -0.3637558538466692, rotstif=0.875
j:0.8381318571045995, 0.3363271071575582, -0.33129552425816655, -0.38540193624794483, -0.34645609091967344, 0.3092575720511377, fr=0.632
n:-0.014068110845983028, 0.5886625908315182, -0.27493462711572647, -0.9047758616507053, -0.1619970160536468, -0.8123831045813859, d=|:p=0.139
c:0.5937719056382775, 0.9959910814650357, -0.7513744640164077, -0.41517087863758206, -0.8404760789126158, 0.9018737259320915, 0.072
"
40,H,6,7,"//H
3
j:0.128, 0.034, 0.095, -0.247, y2=0.286, fr=0.679, l=1.298
j:-0.264733268879354, 0.22606762312352657, 0.6784251471981406, -0.8287420659326017, 0.39060675259679556, 0.0546317039988935, fr=0.976, l=1.342
j:0.21897301031276584, -0.2548063863068819, -0.19134270027279854, -0.48168516205623746, -0.8847577390260994, -0.30556724686175585, l=0.913
j:0.9121545949019492, -0.1302511659450829, -0.7947291159071028, 0.19435140816494823, 0.20589209767058492, -0.3637558538466692, rotstif=0.875
j:0.8381318571045995, 0.3363271071575582, -0.33129552425816655, -0.38540193624794483, -0.34645609091967344, 0.3092575720511377, fr=0.632
n:-0.014068110845983028, 0.5886625908315182, -0.27493462711572647, -0.9047758616507053, -0.1619970160536468, -0.8123831045813859, d=|:p=0.139
n:-0.6525398036465049, -0.6677550747990608, 0.14797003846615553, 0.9331988375633955, -0.26302496157586575, 0.07068255916237831, d=|:p=0.31
n:-0.878869850654155, -0.10431680222973228, 0.28231054870411754, -0.45585756935179234, 0.06596925435587764, -0.39915377367287874, d=Gpart:ry=0.019
c:0.5937719056382775, 0.9959910814650357, -0.7513744640164077, -0.41517087863758206, -0.8404760789126158, 0.9018737259320915, 0.072
",1.5682634155259666e-06,"//H
3
j:0.128, 0.034, 0.095, -0.247, y2=0.286, fr=0.679, l=1.298
j:-0.264733268879354, 0.22606762312352657, 0.6784251471981406, -0.8287420659326017, 0.39060675259679556, 0.0546317039988935, fr=0.976, l=1.342
j:0.21897301031276584, -0.2548063863068819, -0.19134270027279854, -0.48168516205623746, -0.8847577390260994, -0.30556724686175585, l=0.913
j:0.9121545949019492, -0.1302511659450829, -0.7947291159071028, 0.19435140816494823, 0.20589209767058492, -0.3637558538466692, rotstif=0.875
j:0.8381318571045995, 0.3363271071575582, -0.33129552425816655, -0.38540193624794483, -0.34645609091967344, 0.3092575720511377, fr=0.632
n:-0.014068110845983028, 0.5886625908315182, -0.27493462711572647, -0.9047758616507053, -0.1619970160536468, -0.8123831045813859, d=|:p=0.139
n:-0.6525398036465049, -0.6677550747990608, 0.14797003846615553, 0.9331988375633955, -0.26302496157586575, 0.07068255916237831, d=|:p=0.31
c:0.5937719056382775, 0.9959910814650357, -0.7513744640164077, -0.41517087863758206, -0.8404760789126158, 0.9018737259320915, 0.072
"
40,H,7,8,"//H
3
j:0.128, 0.034, 0.095, -0.247, y2=0.286, fr=0.679, l=1.298
j:-0.264733268879354, 0.22606762312352657, 0.6784251471981406, -0.8287420659326017, 0.39060675259679556, 0.0546317039988935, fr=0.976, l=1.183
j:0.21897301031276584, -0.2548063863068819, -0.19134270027279854, -0.48168516205623746, -0.8847577390260994, -0.30556724686175585, l=0.913
j:0.9121545949019492, -0.1302511659450829, -0.7947291159071028, 0.19435140816494823, 0.20589209767058492, -0.3637558538466692, rotstif=0.875
j:0.8381318571045995, 0.3363271071575582, -0.33129552425816655, -0.38540193624794483, -0.34645609091967344, 0.3092575720511377, fr=0.632
n:-0.014068110845983028, 0.5886625908315182, -0.27493462711572647, -0.9047758616507053, -0.1619970160536468, -0.8123831045813859, d=|:p=0.139
n:-0.6525398036465049, -0.6677550747990608, 0.14797003846615553, 0.9331988375633955, -0.26302496157586575, 0.07068255916237831, d=|:p=0.31
n:-0.878869850654155, -0.10431680222973228, 0.28231054870411754, -0.45585756935179234, 0.06596925435587764, -0.39915377367287874, d=Gpart:ry=0.019
c:0.5937719056382775, 0.9959910814650357, -0.7513744640164077, -0.41517087863758206, -0.8404760789126158, 0.9018737259320915, 0.072
",2.020983237137504e-06,"//H
3
j:0.128, 0.034, 0.095, -0.247, y2=0.286, fr=0.679, l=1.298
j:-0.264733268879354, 0.22606762312352657, 0.6784251471981406, -0.8287420659326017, 0.39060675259679556, 0.0546317039988935, fr=0.976, l=1.342
j:0.21897301031276584, -0.2548063863068819, -0.19134270027279854, -0.48168516205623746, -0.8847577390260994, -0.30556724686175585, l=0.913
j:0.9121545949019492, -0.1302511659450829, -0.7947291159071028, 0.19435140816494823, 0.20589209767058492, -0.3637558538466692, rotstif=0.875
j:0.8381318571045995, 0.3363271071575582, -0.33129552425816655, -0.38540193624794483, -0.34645609091967344, 0.3092575720511377, fr=0.632
n:-0.014068110845983028, 0.5886625908315182, -0.27493462711572647, -0.9047758616507053, -0.1619970160536468, -0.8123831045813859, d=|:p=0.139
n:-0.6525398036465049, -0.6677550747990608, 0.14797003846615553, 0.9331988375633955, -0.26302496157586575, 0.07068255916237831, d=|:p=0.31
n:-0.878869850654155, -0.10431680222973228, 0.28231054870411754, -0.45585756935179234, 0.06596925435587764, -0.39915377367287874, d=Gpart:ry=0.019
c:0.5937719056382775, 0.9959910814650357, -0.7513744640164077, -0.41517087863758206, -0.8404760789126158, 0.9018737259320915, 0.072
"
40,H,8,9,"//H
3
j:0.128, 0.034, 0.095, -0.247, y2=0.286, fr=0.679, l=1.298
j:-0.264733268879354, 0.22606762312352657, 0.6784251471981406, -0.8287420659326017, 0.39060675259679556, 0.0546317039988935, fr=0.976, l=1.183
j:0.21897301031276584, -0.2548063863068819, -0.19134270027279854, -0.48168516205623746, -0.8847577390260994, -0.30556724686175585, l=0.913
j:0.9121545949019492, -0.1302511659450829, -0.7947291159071028, 0.19435140816494823, 0.20589209767058492, -0.3637558538466692, rotstif=0.875
j:0.8381318571045995, 0.3363271071575582, -0.33129552425816655, -0.38540193624794483, -0.34645609091967344, 0.3092575720511377, fr=0.632
n:-0.014068110845983028, 0.5886625908315182, -0.27493462711572647, -0.9047758616507053, -0.1619970160536468, -0.8123831045813859, d=|:p=0.139
n:-0.6525398036465049, -0.6677550747990608, 0.14797003846615553, 0.9331988375633955, -0.26302496157586575, 0.07068255916237831, d=|:p=0.31
n:-0.878869850654155, -0.10431680222973228, 0.28231054870411754, -0.45585756935179234, 0.06596925435587764, -0.39915377367287874, d=Gpart:ry=0.019
c:0.5937719056382775, 0.9959910814650357, -0.7513744640164077, -0.41517087863758206, -0.8404760789126158, 0.9018737259320915, 1.133
",1.0797703329462579e-05,"//H
3
j:0.128, 0.034, 0.095, -0.247, y2=0.286, fr=0.679, l=1.298
j:-0.264733268879354, 0.22606762312352657, 0.6784251471981406, -0.8287420659326017, 0.39060675259679556, 0.0546317039988935, fr=0.976, l=1.183
j:0.21897301031276584, -0.2548063863068819, -0.19134270027279854, -0.48168516205623746, -0.8847577390260994, -0.30556724686175585, l=0.913
j:0.9121545949019492, -0.1302511659450829, -0.7947291159071028, 0.19435140816494823, 0.20589209767058492, -0.3637558538466692, rotstif=0.875
j:0.8381318571045995, 0.3363271071575582, -0.33129552425816655, -0.38540193624794483, -0.34645609091967344, 0.3092575720511377, fr=0.632
n:-0.014068110845983028, 0.5886625908315182, -0.27493462711572647, -0.9047758616507053, -0.1619970160536468, -0.8123831045813859, d=|:p=0.139
n:-0.6525398036465049, -0.6677550747990608, 0.14797003846615553, 0.9331988375633955, -0.26302496157586575, 0.07068255916237831, d=|:p=0.31
n:-0.878869850654155, -0.10431680222973228, 0.28231054870411754, -0.45585756935179234, 0.06596925435587764, -0.39915377367287874, d=Gpart:ry=0.019
c:0.5937719056382775, 0.9959910814650357, -0.7513744640164077, -0.41517087863758206, -0.8404760789126158, 0.9018737259320915, 0.072
"
40,H,9,10,"//H
3
j:0.128, 0.034, 0.095, -0.247, y2=0.286, fr=0.679, l=1.298
j:0.087, 0.22606762312352657, 0.6784251471981406, -0.8287420659326017, 0.39060675259679556, 0.0546317039988935, fr=0.976, l=1.183
j:0.21897301031276584, -0.2548063863068819, -0.19134270027279854, -0.48168516205623746, -0.8847577390260994, -0.30556724686175585, l=0.913
j:0.9121545949019492, -0.1302511659450829, -0.7947291159071028, 0.19435140816494823, 0.20589209767058492, -0.3637558538466692, rotstif=0.875
j:0.8381318571045995, 0.3363271071575582, -0.33129552425816655, -0.38540193624794483, -0.34645609091967344, 0.3092575720511377, fr=0.632
n:-0.014068110845983028, 0.5886625908315182, -0.27493462711572647, -0.9047758616507053, -0.1619970160536468, -0.8123831045813859, d=|:p=0.139
n:-0.6525398036465049, -0.6677550747990608, 0.14797003846615553, 0.9331988375633955, -0.26302496157586575, 0.07068255916237831, d=|:p=0.31
n:-0.878869850654155, -0.10431680222973228, 0.28231054870411754, -0.45585756935179234, 0.06596925435587764, -0.39915377367287874, d=Gpart:ry=0.019
c:0.5937719056382775, 0.9959910814650357, -0.7513744640164077, -0.41517087863758206, -0.8404760789126158, 0.9018737259320915, 1.133
",1.6667857092106585e-05,"//H
3
j:0.128, 0.034, 0.095, -0.247, y2=0.286, fr=0.679, l=1.298
j:-0.264733268879354, 0.22606762312352657, 0.6784251471981406, -0.8287420659326017, 0.39060675259679556, 0.0546317039988935, fr=0.976, l=1.183
j:0.21897301031276584, -0.2548063863068819, -0.19134270027279854, -0.48168516205623746, -0.8847577390260994, -0.30556724686175585, l=0.913
j:0.9121545949019492, -0.1302511659450829, -0.7947291159071028, 0.19435140816494823, 0.20589209767058492, -0.3637558538466692, rotstif=0.875
j:0.8381318571045995, 0.3363271071575582, -0.33129552425816655, -0.38540193624794483, -0.34645609091967344, 0.3092575720511377, fr=0.632
n:-0.014068110845983028, 0.5886625908315182, -0.27493462711572647, -0.9047758616507053, -0.1619970160536468, -0.8123831045813859, d=|:p=0.139
n:-0.6525398036465049, -0.6677550747990608, 0.14797003846615553, 0.9331988375633955, -0.26302496157586575, 0.07068255916237831, d=|:p=0.31
n:-0.878869850654155, -0.10431680222973228, 0.28231054870411754, -0.45585756935179234, 0.06596925435587764, -0.39915377367287874, d=Gpart:ry=0.019
c:0.5937719056382775, 0.9959910814650357, -0.7513744640164077, -0.41517087863758206, -0.8404760789126158, 0.9018737259320915, 1.133
"
40,H,10,11,"//H
3
j:0.128, 0.034, 0.095, -0.247, y2=0.286, fr=0.679, l=1.298
j:0.087, 0.22606762312352657, 0.6784251471981406, -0.8287420659326017, 0.39060675259679556, 0.0546317039988935, fr=0.976, l=1.183
j:0.21897301031276584, -0.2548063863068819, -0.19134270027279854, -0.48168516205623746, -0.8847577390260994, -0.30556724686175585, l=0.913
j:0.9121545949019492, -0.1302511659450829, -0.7947291159071028, 0.19435140816494823, 0.20589209767058492, -0.3637558538466692, rotstif=0.875
j:0.8381318571045995, 0.3363271071575582, -0.33129552425816655, -0.38540193624794483, -0.34645609091967344, 0.3092575720511377, fr=0.632
n:-0.014068110845983028, 0.5886625908315182, -0.27493462711572647, -0.9047758616507053, -0.1619970160536468, -0.8123831045813859, d=|:p=0.139
n:-0.6525398036465049, -0.6677550747990608, 0.14797003846615553, 0.9331988375633955, -0.26302496157586575, 0.07068255916237831, d=|:p=0.31
n:-0.878869850654155, -0.10431680222973228, 0.28231054870411754, -0.45585756935179234, 0.06596925435587764, -0.39915377367287874, d=Gpart:ry=0.019
c:0.5937719056382775, 0.9959910814650357, -0.7513744640164077, -0.41517087863758206, -0.8404760789126158, 0.9018737259320915, 2.552
",8.590791645722e-05,"//H
3
j:0.128, 0.034, 0.095, -0.247, y2=0.286, fr=0.679, l=1.298
j:0.087, 0.22606762312352657, 0.6784251471981406, -0.8287420659326017, 0.39060675259679556, 0.0546317039988935, fr=0.976, l=1.183
j:0.21897301031276584, -0.2548063863068819, -0.19134270027279854, -0.48168516205623746, -0.8847577390260994, -0.30556724686175585, l=0.913
j:0.9121545949019492, -0.1302511659450829, -0.7947291159071028, 0.19435140816494823, 0.20589209767058492, -0.3637558538466692, rotstif=0.875
j:0.8381318571045995, 0.3363271071575582, -0.33129552425816655, -0.38540193624794483, -0.34645609091967344, 0.3092575720511377, fr=0.632
n:-0.014068110845983028, 0.5886625908315182, -0.27493462711572647, -0.9047758616507053, -0.1619970160536468, -0.8123831045813859, d=|:p=0.139
n:-0.6525398036465049, -0.6677550747990608, 0.14797003846615553, 0.9331988375633955, -0.26302496157586575, 0.07068255916237831, d=|:p=0.31
n:-0.878869850654155, -0.10431680222973228, 0.28231054870411754, -0.45585756935179234, 0.06596925435587764, -0.39915377367287874, d=Gpart:ry=0.019
c:0.5937719056382775, 0.9959910814650357, -0.7513744640164077, -0.41517087863758206, -0.8404760789126158, 0.9018737259320915, 1.133
"
40,H,11,12,"//H
3
j:0.128, 0.034, 0.095, -0.247, y2=0.286, fr=0.679, l=1.298
j:0.087, 0.22606762312352657, 0.6784251471981406, -0.8287420659326017, 0.39060675259679556, 0.0546317039988935, fr=0.976, l=1.183
j:0.21897301031276584, -0.2548063863068819, -0.19134270027279854, -0.48168516205623746, -0.8847577390260994, -0.30556724686175585, l=0.913
j:0.8381318571045995, 0.3363271071575582, -0.33129552425816655, -0.38540193624794483, -0.34645609091967344, 0.3092575720511377, fr=0.632
n:-0.014068110845983028, 0.5886625908315182, -0.27493462711572647, -0.9047758616507053, -0.1619970160536468, -0.8123831045813859, d=|:p=0.139
n:-0.6525398036465049, -0.6677550747990608, 0.14797003846615553, 0.9331988375633955, -0.26302496157586575, 0.07068255916237831, d=|:p=0.31
n:-0.878869850654155, -0.10431680222973228, 0.28231054870411754, -0.45585756935179234, 0.06596925435587764, -0.39915377367287874, d=Gpart:ry=0.019
c:0.5937719056382775, 0.9959910814650357, -0.7513744640164077, -0.41517087863758206, -0.8404760789126158, 0.9018737259320915, 2.552
",0.00037950934126955926,"//H
3
j:0.128, 0.034, 0.095, -0.247, y2=0.286, fr=0.679, l=1.298
j:0.087, 0.22606762312352657, 0.6784251471981406, -0.8287420659326017, 0.39060675259679556, 0.0546317039988935, fr=0.976, l=1.183
j:0.21897301031276584, -0.2548063863068819, -0.19134270027279854, -0.48168516205623746, -0.8847577390260994, -0.30556724686175585, l=0.913
j:0.9121545949019492, -0.1302511659450829, -0.7947291159071028, 0.19435140816494823, 0.20589209767058492, -0.3637558538466692, rotstif=0.875
j:0.8381318571045995, 0.3363271071575582, -0.33129552425816655, -0.38540193624794483, -0.34645609091967344, 0.3092575720511377, fr=0.632
n:-0.014068110845983028, 0.5886625908315182, -0.27493462711572647, -0.9047758616507053, -0.1619970160536468, -0.8123831045813859, d=|:p=0.139
n:-0.6525398036465049, -0.6677550747990608, 0.14797003846615553, 0.9331988375633955, -0.26302496157586575, 0.07068255916237831, d=|:p=0.31
n:-0.878869850654155, -0.10431680222973228, 0.28231054870411754, -0.45585756935179234, 0.06596925435587764, -0.39915377367287874, d=Gpart:ry=0.019
c:0.5937719056382775, 0.9959910814650357, -0.7513744640164077, -0.41517087863758206, -0.8404760789126158, 0.9018737259320915, 2.552
"
40,H,12,13,"//H
3
j:0.128, 0.034, 0.095, -0.247, y2=0.286, fr=0.679, l=1.298
j:0.087, 0.22606762312352657, 0.6784251471981406, -0.8287420659326017, 0.39060675259679556, 0.0546317039988935, fr=0.976, l=1.183
j:0.21897301031276584, -0.2548063863068819, -0.19134270027279854, -0.48168516205623746, -0.8847577390260994, -0.30556724686175585, l=0.913
j:0.8381318571045995, 0.3363271071575582, -0.33129552425816655, -0.38540193624794483, -0.34645609091967344, 0.3092575720511377, fr=0.632
n:-0.014068110845983028, 0.5886625908315182, -0.27493462711572647, -0.9047758616507053, -0.1619970160536468, -0.8123831045813859, d=|:p=0.139
n:-0.6525398036465049, -0.6677550747990608, 0.14797003846615553, 0.9331988375633955, -0.26302496157586575, 0.07068255916237831, d=|:p=0.31
n:-0.878869850654155, -0.10431680222973228, 0.28231054870411754, -0.45585756935179234, 0.06596925435587764, -0.39915377367287874, d=Gpart:ry=0.019
n:0.13332068780437112, 0.7094843899831176, 0.049758142326027155, 0.104514020960778, -0.9661934007890522, -0.5065138074569404, d=*
c:0.5937719056382775, 0.9959910814650357, -0.7513744640164077, -0.41517087863758206, -0.8404760789126158, 0.9018737259320915, 2.552
",0.00037950934126955926,"//H
3
j:0.128, 0.034, 0.095, -0.247, y2=0.286, fr=0.679, l=1.298
j:0.087, 0.22606762312352657, 0.6784251471981406, -0.8287420659326017, 0.39060675259679556, 0.0546317039988935, fr=0.976, l=1.183
j:0.21897301031276584, -0.2548063863068819, -0.19134270027279854, -0.48168516205623746, -0.8847577390260994, -0.30556724686175585, l=0.913
j:0.8381318571045995, 0.3363271071575582, -0.33129552425816655, -0.38540193624794483, -0.34645609091967344, 0.3092575720511377, fr=0.632
n:-0.014068110845983028, 0.5886625908315182, -0.27493462711572647, -0.9047758616507053, -0.1619970160536468, -0.8123831045813859, d=|:p=0.139
n:-0.6525398036465049, -0.6677550747990608, 0.14797003846615553, 0.9331988375633955, -0.26302496157586575, 0.07068255916237831, d=|:p=0.31
n:-0.878869850654155, -0.10431680222973228, 0.28231054870411754, -0.45585756935179234, 0.06596925435587764, -0.39915377367287874, d=Gpart:ry=0.019
c:0.5937719056382775, 0.9959910814650357, -0.7513744640164077, -0.41517087863758206, -0.8404760789126158, 0.9018737259320915, 2.552
"
40,H,13,14,"//H
3
j:0.128, 0.034, 0.095, -0.247, y2=0.286, fr=0.679, l=1.298
j:0.087, 0.22606762312352657, 0.6784251471981406, -0.8287420659326017, 0.39060675259679556, 0.0546317039988935, fr=0.976, l=1.183
j:0.21897301031276584, -0.2548063863068819, -0.19134270027279854, -0.48168516205623746, -0.829, -0.30556724686175585, l=0.913
j:0.8381318571045995, 0.3363271071575582, -0.33129552425816655, -0.38540193624794483, -0.34645609091967344, 0.3092575720511377, fr=0.632
n:-0.014068110845983028, 0.5886625908315182, -0.27493462711572647, -0.9047758616507053, -0.1619970160536468, -0.8123831045813859, d=|:p=0.139
n:-0.6525398036465049, -0.6677550747990608, 0.14797003846615553, 0.9331988375633955, -0.26302496157586575, 0.07068255916237831, d=|:p=0.31
n:-0.878869850654155, -0.10431680222973228, 0.28231054870411754, -0.45585756935179234, 0.06596925435587764, -0.39915377367287874, d=Gpart:ry=0.019
c:0.5937719056382775, 0.9959910814650357, -0.7513744640164077, -0.41517087863758206, -0.8404760789126158, 0.9018737259320915, 2.552
",0.00037950934126955926,"//H
3
j:0.128, 0.034, 0.095, -0.247, y2=0.286, fr=0.679, l=1.298
j:0.087, 0.22606762312352657, 0.6784251471981406, -0.8287420659326017, 0.39060675259679556, 0.0546317039988935, fr=0.976, l=1.183
j:0.21897301031276584, -0.2548063863068819, -0.19134270027279854, -0.48168516205623746, -0.8847577390260994, -0.30556724686175585, l=0.913
j:0.8381318571045995, 0.3363271071575582, -0.33129552425816655, -0.38540193624794483, -0.34645609091967344, 0.3092575720511377, fr=0.632
n:-0.014068110845983028, 0.5886625908315182, -0.27493462711572647, -0.9047758616507053, -0.1619970160536468, -0.8123831045813859, d=|:p=0.139
n:-0.6525398036465049, -0.6677550747990608, 0.14797003846615553, 0.9331988375633955, -0.26302496157586575, 0.07068255916237831, d=|:p=0.31
n:-0.878869850654155, -0.10431680222973228, 0.28231054870411754, -0.45585756935179234, 0.06596925435587764, -0.39915377367287874, d=Gpart:ry=0.019
c:0.5937719056382775, 0.9959910814650357, -0.7513744640164077, -0.41517087863758206, -0.8404760789126158, 0.9018737259320915, 2.552
"
40,H,14,15,"//H
3
j:0.128, 0.034, 0.095, -0.247, y2=0.286, fr=0.679, l=1.298
j:0.087, 0.22606762312352657, 0.6784251471981406, -0.8287420659326017, 0.39060675259679556, 0.0546317039988935, fr=0.976, l=1.183
j:0.21897301031276584, -0.2548063863068819, -0.19134270027279854, -0.48168516205623746, -0.8847577390260994, -0.30556724686175585, l=0.913
j:0.8381318571045995, 0.3363271071575582, -0.33129552425816655, -0.38540193624794483, -0.34645609091967344, 0.3092575720511377, fr=0.632
n:-0.014068110845983028, 0.5886625908315182, -0.27493462711572647, -0.9047758616507053, -0.1619970160536468, -0.8123831045813859, d=|:p=0.139
n:-0.6525398036465049, -0.6677550747990608, 0.14797003846615553, 0.9331988375633955, -0.26302496157586575, 0.07068255916237831, d=|:p=0.31
n:-0.878869850654155, -0.10431680222973228, 0.28231054870411754, -0.45585756935179234, 0.265, -0.39915377367287874, d=Gpart:ry=0.019
c:0.5937719056382775, 0.9959910814650357, -0.7513744640164077, -0.41517087863758206, -0.8404760789126158, 0.9018737259320915, 2.552
",0.00037950934126955926,"//H
3
j:0.128, 0.034, 0.095, -0.247, y2=0.286, fr=0.679, l=1.298
j:0.087, 0.22606762312352657, 0.6784251471981406, -0.8287420659326017, 0.39060675259679556, 0.0546317039988935, fr=0.976, l=1.183
j:0.21897301031276584, -0.2548063863068819, -0.19134270027279854, -0.48168516205623746, -0.8847577390260994, -0.30556724686175585, l=0.913
j:0.8381318571045995, 0.3363271071575582, -0.33129552425816655, -0.38540193624794483, -0.34645609091967344, 0.3092575720511377, fr=0.632
n:-0.014068110845983028, 0.5886625908315182, -0.27493462711572647, -0.9047758616507053, -0.1619970160536468, -0.8123831045813859, d=|:p=0.139
n:-0.6525398036465049, -0.6677550747990608, 0.14797003846615553, 0.9331988375633955, -0.26302496157586575, 0.07068255916237831, d=|:p=0.31
n:-0.878869850654155, -0.10431680222973228, 0.28231054870411754, -0.45585756935179234, 0.06596925435587764, -0.39915377367287874, d=Gpart:ry=0.019
c:0.5937719056382775, 0.9959910814650357, -0.7513744640164077, -0.41517087863758206, -0.8404760789126158, 0.9018737259320915, 2.552
"
40,H,15,16,"//H
3
j:0.128, 0.034, 0.095, -0.247, y2=0.286, fr=0.679, l=1.298
j:0.087, 0.22606762312352657, 0.6784251471981406, -0.8287420659326017, 0.39060675259679556, 0.0546317039988935, fr=0.976, l=1.183
j:0.21897301031276584, -0.2548063863068819, -0.19134270027279854, -0.48168516205623746, -0.8847577390260994, -0.30556724686175585, l=0.913
j:0.8381318571045995, 0.3363271071575582, -0.33129552425816655, -0.38540193624794483, -0.34645609091967344, 0.3092575720511377, fr=0.632
n:-0.014068110845983028, 0.5886625908315182, -0.27493462711572647, -0.9047758616507053, -0.1619970160536468, -0.8123831045813859, d=|:p=0.139
n:-0.6525398036465049, -0.6677550747990608, 0.14797003846615553, 0.9331988375633955, -0.26302496157586575, 0.07068255916237831, d=|:p=0.31
n:-0.878869850654155, -0.10431680222973228, 0.28231054870411754, -0.45585756935179234, 0.06596925435587764, -0.39915377367287874, d=Gpart:ry=0.019
c:0.5937719056382775, 0.9959910814650357, -0.7513744640164077, -0.41517087863758206, -0.8404760789126158, 0.9018737259320915, 2.552
c:-0.29567728843539953, 0.7218596707098186, -0.7779675284400582, 0.6720073404721916, -0.5729675842449069, 0.5781252677552402, 0.3
",0.00038421219531807106,"//H
3
j:0.128, 0.034, 0.095, -0.247, y2=0.286, fr=0.679, l=1.298
j:0.087, 0.22606762312352657, 0.6784251471981406, -0.8287420659326017, 0.39060675259679556, 0.0546317039988935, fr=0.976, l=1.183
j:0.21897301031276584, -0.2548063863068819, -0.19134270027279854, -0.48168516205623746, -0.8847577390260994, -0.30556724686175585, l=0.913
j:0.8381318571045995, 0.3363271071575582, -0.33129552425816655, -0.38540193624794483, -0.34645609091967344, 0.3092575720511377, fr=0.632
n:-0.014068110845983028, 0.5886625908315182, -0.27493462711572647, -0.9047758616507053, -0.1619970160536468, -0.8123831045813859, d=|:p=0.139
n:-0.6525398036465049, -0.6677550747990608, 0.14797003846615553, 0.9331988375633955, -0.26302496157586575, 0.07068255916237831, d=|:p=0.31
n:-0.878869850654155, -0.10431680222973228, 0.28231054870411754, -0.45585756935179234, 0.06596925435587764, -0.39915377367287874, d=Gpart:ry=0.019
c:0.5937719056382775, 0.9959910814650357, -0.7513744640164077, -0.41517087863758206, -0.8404760789126158, 0.9018737259320915, 2.552
"
40,H,16,17,"//H
3
j:0.128, 0.034, 0.083, -0.247, y2=0.286, fr=0.679, l=1.298
j:0.087, 0.22606762312352657, 0.6784251471981406, -0.8287420659326017, 0.39060675259679556, 0.0546317039988935, fr=0.976, l=1.183
j:0.21897301031276584, -0.2548063863068819, -0.19134270027279854, -0.48168516205623746, -0.8847577390260994, -0.30556724686175585, l=0.913
j:0.8381318571045995, 0.3363271071575582, -0.33129552425816655, -0.38540193624794483, -0.34645609091967344, 0.3092575720511377, fr=0.632
n:-0.014068110845983028, 0.5886625908315182, -0.27493462711572647, -0.9047758616507053, -0.1619970160536468, -0.8123831045813859, d=|:p=0.139
n:-0.6525398036465049, -0.6677550747990608, 0.14797003846615553, 0.9331988375633955, -0.26302496157586575, 0.07068255916237831, d=|:p=0.31
n:-0.878869850654155, -0.10431680222973228, 0.28231054870411754, -0.45585756935179234, 0.06596925435587764, -0.39915377367287874, d=Gpart:ry=0.019
c:0.5937719056382775, 0.9959910814650357, -0.7513744640164077, -0.41517087863758206, -0.8404760789126158, 0.9018737259320915, 2.552
c:-0.29567728843539953, 0.7218596707098186, -0.7779675284400582, 0.6720073404721916, -0.5729675842449069, 0.5781252677552402, 0.3
",0.00038421219531807106,"//H
3
j:0.128, 0.034, 0.095, -0.247, y2=0.286, fr=0.679, l=1.298
j:0.087, 0.22606762312352657, 0.6784251471981406, -0.8287420659326017, 0.39060675259679556, 0.0546317039988935, fr=0.976, l=1.183
j:0.21897301031276584, -0.2548063863068819, -0.19134270027279854, -0.48168516205623746, -0.8847577390260994, -0.30556724686175585, l=0.913
j:0.8381318571045995, 0.3363271071575582, -0.33129552425816655, -0.38540193624794483, -0.34645609091967344, 0.3092575720511377, fr=0.632
n:-0.014068110845983028, 0.5886625908315182, -0.27493462711572647, -0.9047758616507053, -0.1619970160536468, -0.8123831045813859, d=|:p=0.139
n:-0.6525398036465049, -0.6677550747990608, 0.14797003846615553, 0.9331988375633955, -0.26302496157586575, 0.07068255916237831, d=|:p=0.31
n:-0.878869850654155, -0.10431680222973228, 0.28231054870411754, -0.45585756935179234, 0.06596925435587764, -0.39915377367287874, d=Gpart:ry=0.019
c:0.5937719056382775, 0.9959910814650357, -0.7513744640164077, -0.41517087863758206, -0.8404760789126158, 0.9018737259320915, 2.552
c:-0.29567728843539953, 0.7218596707098186, -0.7779675284400582, 0.6720073404721916, -0.5729675842449069, 0.5781252677552402, 0.3
"
40,H,17,18,"//H
3
j:0.128, 0.034, 0.095, -0.247, y2=0.286, fr=0.679, l=1.298
j:0.087, 0.22606762312352657, 0.6784251471981406, -0.8287420659326017, 0.39060675259679556, 0.0546317039988935, fr=0.976, l=1.183
j:0.21897301031276584, -0.2548063863068819, -0.19134270027279854, -0.48168516205623746, -0.8847577390260994, -0.30556724686175585, l=0.913
j:0.8381318571045995, 0.3363271071575582, -0.33129552425816655, -0.38540193624794483, -0.34645609091967344, 0.3092575720511377, fr=0.632
n:-0.014068110845983028, 0.5886625908315182, -0.27493462711572647, -0.9047758616507053, -0.1619970160536468, -0.8123831045813859, d=""|:p=0.139, r=0.99""
n:-0.6525398036465049, -0.6677550747990608, 0.14797003846615553, 0.9331988375633955, -0.26302496157586575, 0.07068255916237831, d=|:p=0.31
n:-0.878869850654155, -0.10431680222973228, 0.28231054870411754, -0.45585756935179234, 0.06596925435587764, -0.39915377367287874, d=Gpart:ry=0.019
c:0.5937719056382775, 0.9959910814650357, -0.7513744640164077, -0.41517087863758206, -0.8404760789126158, 0.9018737259320915, 2.552
c:-0.29567728843539953, 0.7218596707098186, -0.7779675284400582, 0.6720073404721916, -0.5729675842449069, 0.5781252677552402, 0.3
",0.0003869776048660163,"//H
3
j:0.128, 0.034, 0.095, -0.247, y2=0.286, fr=0.679, l=1.298
j:0.087, 0.22606762312352657, 0.6784251471981406, -0.8287420659326017, 0.39060675259679556, 0.0546317039988935, fr=0.976, l=1.183
j:0.21897301031276584, -0.2548063863068819, -0.19134270027279854, -0.48168516205623746, -0.8847577390260994, -0.30556724686175585, l=0.913
j:0.8381318571045995, 0.3363271071575582, -0.33129552425816655, -0.38540193624794483, -0.34645609091967344, 0.3092575720511377, fr=0.632
n:-0.014068110845983028, 0.5886625908315182, -0.27493462711572647, -0.9047758616507053, -0.1619970160536468, -0.8123831045813859, d=|:p=0.139
n:-0.6525398036465049, -0.6677550747990608, 0.14797003846615553, 0.9331988375633955, -0.26302496157586575, 0.07068255916237831, d=|:p=0.31
n:-0.878869850654155, -0.10431680222973228, 0.28231054870411754, -0.45585756935179234, 0.06596925435587764, -0.39915377367287874, d=Gpart:ry=0.019
c:0.5937719056382775, 0.9959910814650357, -0.7513744640164077, -0.41517087863758206, -0.8404760789126158, 0.9018737259320915, 2.552
c:-0.29567728843539953, 0.7218596707098186, -0.7779675284400582, 0.6720073404721916, -0.5729675842449069, 0.5781252677552402, 0.3
"
40,H,18,19,"//H
3
j:0.128, 0.034, 0.095, -0.247, y2=0.286, fr=0.679, l=1.298
j:0.087, 0.22606762312352657, 0.6784251471981406, -0.8287420659326017, 0.39060675259679556, 0.0546317039988935, fr=0.976, l=1.183
j:0.21897301031276584, -0.2548063863068819, -0.19134270027279854, -0.48168516205623746, -0.8847577390260994, -0.30556724686175585, l=0.913
j:0.8381318571045995, 0.3363271071575582, -0.33129552425816655, -0.38540193624794483, -0.34645609091967344, 0.3092575720511377, fr=0.632
n:-0.014068110845983028, 0.5886625908315182, -0.27493462711572647, -0.9047758616507053, -0.1619970160536468, -0.8123831045813859, d=""|:p=0.139, r=0.99""
n:-0.6525398036465049, -0.6677550747990608, 0.14797003846615553, 0.923, -0.26302496157586575, 0.07068255916237831, d=|:p=0.31
n:-0.878869850654155, -0.10431680222973228, 0.28231054870411754, -0.45585756935179234, 0.06596925435587764, -0.39915377367287874, d=Gpart:ry=0.019
c:0.5937719056382775, 0.9959910814650357, -0.7513744640164077, -0.41517087863758206, -0.8404760789126158, 0.9018737259320915, 2.552
c:-0.29567728843539953, 0.7218596707098186, -0.7779675284400582, 0.6720073404721916, -0.5729675842449069, 0.5781252677552402, 0.3
",0.0003869776048660163,"//H
3
j:0.128, 0.034, 0.095, -0.247, y2=0.286, fr=0.679, l=1.298
j:0.087, 0.22606762312352657, 0.6784251471981406, -0.8287420659326017, 0.39060675259679556, 0.0546317039988935, fr=0.976, l=1.183
j:0.21897301031276584, -0.2548063863068819, -0.19134270027279854, -0.48168516205623746, -0.8847577390260994, -0.30556724686175585, l=0.913
j:0.8381318571045995, 0.3363271071575582, -0.33129552425816655, -0.38540193624794483, -0.34645609091967344, 0.3092575720511377, fr=0.632
n:-0.014068110845983028, 0.5886625908315182, -0.27493462711572647, -0.9047758616507053, -0.1619970160536468, -0.8123831045813859, d=""|:p=0.139, r=0.99""
n:-0.6525398036465049, -0.6677550747990608, 0.14797003846615553, 0.9331988375633955, -0.26302496157586575, 0.07068255916237831, d=|:p=0.31
n:-0.878869850654155, -0.10431680222973228, 0.28231054870411754, -0.45585756935179234, 0.06596925435587764, -0.39915377367287874, d=Gpart:ry=0.019
c:0.5937719056382775, 0.9959910814650357, -0.7513744640164077, -0.41517087863758206, -0.8404760789126158, 0.9018737259320915, 2.552
c:-0.29567728843539953, 0.7218596707098186, -0.7779675284400582, 0.6720073404721916, -0.5729675842449069, 0.5781252677552402, 0.3
"
40,H,19,20,"//H
3
j:0.128, 0.034, 0.095, -0.247, y2=0.286, fr=0.679, l=1.298
j:0.087, 0.22606762312352657, 0.6784251471981406, -0.8287420659326017, 0.39060675259679556, 0.0546317039988935, fr=0.976, l=1.183
j:0.21897301031276584, -0.2548063863068819, -0.19134270027279854, -0.48168516205623746, -0.8847577390260994, -0.30556724686175585, l=0.913
j:0.8381318571045995, 0.3363271071575582, -0.33129552425816655, -0.38540193624794483, -0.34645609091967344, 0.3092575720511377, fr=0.632
n:-0.014068110845983028, 0.5886625908315182, -0.27493462711572647, -0.9047758616507053, -0.1619970160536468, -0.8123831045813859, d=""|:p=0.139, r=0.99""
n:-0.6525398036465049, -0.6677550747990608, 0.14797003846615553, 0.9331988375633955, -0.26302496157586575, 0.07068255916237831, d=|:p=0.31
n:-0.878869850654155, -0.10431680222973228, 0.28231054870411754, -0.45585756935179234, 0.06596925435587764, -0.39915377367287874, d=Gpart:ry=0.019
n:-0.6478797714225948, 0.9958697888068855, 0.07918121665716171, 0.0772854438982904, -0.9074950069189072, -0.4617337151430547, d=Gpart:rz=-1.436
c:0.5937719056382775, 0.9959910814650357, -0.7513744640164077, -0.41517087863758206, -0.8404760789126158, 0.9018737259320915, 2.552
c:-0.29567728843539953, 0.7218596707098186, -0.7779675284400582, 0.6720073404721916, -0.5729675842449069, 0.5781252677552402, 0.3
",0.0003869776048660163,"//H
3
j:0.128, 0.034, 0.095, -0.247, y2=0.286, fr=0.679, l=1.298
j:0.087, 0.22606762312352657, 0.6784251471981406, -0.8287420659326017, 0.39060675259679556, 0.0546317039988935, fr=0.976, l=1.183
j:0.21897301031276584, -0.2548063863068819, -0.19134270027279854, -0.48168516205623746, -0.8847577390260994, -0.30556724686175585, l=0.913
j:0.8381318571045995, 0.3363271071575582, -0.33129552425816655, -0.38540193624794483, -0.34645609091967344, 0.3092575720511377, fr=0.632
n:-0.014068110845983028, 0.5886625908315182, -0.27493462711572647, -0.9047758616507053, -0.1619970160536468, -0.8123831045813859, d=""|:p=0.139, r=0.99""
n:-0.6525398036465049, -0.6677550747990608, 0.14797003846615553, 0.9331988375633955, -0.26302496157586575, 0.07068255916237831, d=|:p=0.31
n:-0.878869850654155, -0.10431680222973228, 0.28231054870411754, -0.45585756935179234, 0.06596925435587764, -0.39915377367287874, d=Gpart:ry=0.019
c:0.5937719056382775, 0.9959910814650357, -0.7513744640164077, -0.41517087863758206, -0.8404760789126158, 0.9018737259320915, 2.552
c:-0.29567728843539953, 0.7218596707098186, -0.7779675284400582, 0.6720073404721916, -0.5729675842449069, 0.5781252677552402, 0.3
"
40,H,20,21,"//H
3
j:0.128, 0.034, 0.095, -0.247, y2=0.286, fr=0.679, l=1.298
j:0.087, 0.371, 0.6784251471981406, -0.8287420659326017, 0.39060675259679556, 0.0546317039988935, fr=0.976, l=1.183
j:0.21897301031276584, -0.2548063863068819, -0.19134270027279854, -0.48168516205623746, -0.8847577390260994, -0.30556724686175585, l=0.913
j:0.8381318571045995, 0.3363271071575582, -0.33129552425816655, -0.38540193624794483, -0.34645609091967344, 0.3092575720511377, fr=0.632
n:-0.014068110845983028, 0.5886625908315182, -0.27493462711572647, -0.9047758616507053, -0.1619970160536468, -0.8123831045813859, d=""|:p=0.139, r=0.99""
n:-0.6525398036465049, -0.6677550747990608, 0.14797003846615553, 0.9331988375633955, -0.26302496157586575, 0.07068255916237831, d=|:p=0.31
n:-0.878869850654155, -0.10431680222973228, 0.28231054870411754, -0.45585756935179234, 0.06596925435587764, -0.39915377367287874, d=Gpart:ry=0.019
c:0.5937719056382775, 0.9959910814650357, -0.7513744640164077, -0.41517087863758206, -0.8404760789126158, 0.9018737259320915, 2.552
c:-0.29567728843539953, 0.7218596707098186, -0.7779675284400582, 0.6720073404721916, -0.5729675842449069, 0.5781252677552402, 0.3
",0.0003869776048660163,"//H
3
j:0.128, 0.034, 0.095, -0.247, y2=0.286, fr=0.679, l=1.298
j:0.087, 0.22606762312352657, 0.6784251471981406, -0.8287420659326017, 0.39060675259679556, 0.0546317039988935, fr=0.976, l=1.183
j:0.21897301031276584, -0.2548063863068819, -0.19134270027279854, -0.48168516205623746, -0.8847577390260994, -0.30556724686175585, l=0.913
j:0.8381318571045995, 0.3363271071575582, -0.33129552425816655, -0.38540193624794483, -0.34645609091967344, 0.3092575720511377, fr=0.632
n:-0.014068110845983028, 0.5886625908315182, -0.27493462711572647, -0.9047758616507053, -0.1619970160536468, -0.8123831045813859, d=""|:p=0.139, r=0.99""
n:-0.6525398036465049, -0.6677550747990608, 0.14797003846615553, 0.9331988375633955, -0.26302496157586575, 0.07068255916237831, d=|:p=0.31
n:-0.878869850654155, -0.10431680222973228, 0.28231054870411754, -0.45585756935179234, 0.06596925435587764, -0.39915377367287874, d=Gpart:ry=0.019
c:0.5937719056382775, 0.9959910814650357, -0.7513744640164077, -0.41517087863758206, -0.8404760789126158, 0.9018737259320915, 2.552
c:-0.29567728843539953, 0.7218596707098186, -0.7779675284400582, 0.6720073404721916, -0.5729675842449069, 0.5781252677552402, 0.3
"
40,H,21,22,"//H
3
j:0.128, 0.034, 0.095, -0.247, y2=0.286, fr=0.679, l=1.298
j:0.087, 0.22606762312352657, 0.6784251471981406, -0.8287420659326017, 0.39060675259679556, 0.0546317039988935, fr=0.976, l=1.183
j:0.21897301031276584, -0.2548063863068819, -0.19134270027279854, -0.48168516205623746, -0.8847577390260994, -0.30556724686175585, l=0.913
j:0.8381318571045995, 0.3363271071575582, -0.33129552425816655, -0.38540193624794483, -0.34645609091967344, 0.3092575720511377, fr=0.632
n:-0.014068110845983028, 0.5886625908315182, -0.27493462711572647, -0.9047758616507053, -0.1619970160536468, -0.8123831045813859, d=""|:p=0.139, r=0.99""
n:-0.6525398036465049, -0.6677550747990608, 0.14797003846615553, 0.9331988375633955, -0.26302496157586575, 0.07068255916237831, d=|:p=0.31
n:-0.878869850654155, -0.10431680222973228, 0.652, -0.45585756935179234, 0.06596925435587764, -0.39915377367287874, d=Gpart:ry=0.019
c:0.5937719056382775, 0.9959910814650357, -0.7513744640164077, -0.41517087863758206, -0.8404760789126158, 0.9018737259320915, 2.552
c:-0.29567728843539953, 0.7218596707098186, -0.7779675284400582, 0.6720073404721916, -0.5729675842449069, 0.5781252677552402, 0.3
",0.0003869776048660163,"//H
3
j:0.128, 0.034, 0.095, -0.247, y2=0.286, fr=0.679, l=1.298
j:0.087, 0.22606762312352657, 0.6784251471981406, -0.8287420659326017, 0.39060675259679556, 0.0546317039988935, fr=0.976, l=1.183
j:0.21897301031276584, -0.2548063863068819, -0.19134270027279854, -0.48168516205623746, -0.8847577390260994, -0.30556724686175585, l=0.913
j:0.8381318571045995, 0.3363271071575582, -0.33129552425816655, -0.38540193624794483, -0.34645609091967344, 0.3092575720511377, fr=0.632
n:-0.014068110845983028, 0.5886625908315182, -0.27493462711572647, -0.9047758616507053, -0.1619970160536468, -0.8123831045813859, d=""|:p=0.139, r=0.99""
n:-0.6525398036465049, -0.6677550747990608, 0.14797003846615553, 0.9331988375633955, -0.26302496157586575, 0.07068255916237831, d=|:p=0.31
n:-0.878869850654155, -0.10431680222973228, 0.28231054870411754, -0.45585756935179234, 0.06596925435587764, -0.39915377367287874, d=Gpart:ry=0.019
c:0.5937719056382775, 0.9959910814650357, -0.7513744640164077, -0.41517087863758206, -0.8404760789126158, 0.9018737259320915, 2.552
c:-0.29567728843539953, 0.7218596707098186, -0.7779675284400582, 0.6720073404721916, -0.5729675842449069, 0.5781252677552402, 0.3
"
40,H,22,23,"//H
3
j:0.128, 0.034, 0.095, -0.247, y2=0.286, fr=0.679, l=1.298
j:0.087, 0.22606762312352657, 0.6784251471981406, -0.8287420659326017, 0.39060675259679556, 0.0546317039988935, fr=0.976, l=1.183
j:0.21897301031276584, -0.2548063863068819, -0.19134270027279854, -0.48168516205623746, -0.8847577390260994, -0.30556724686175585, l=0.913
j:0.8381318571045995, 0.3363271071575582, -0.33129552425816655, -0.38540193624794483, -0.34645609091967344, 0.3092575720511377, fr=0.632
n:0.026, 0.5886625908315182, -0.27493462711572647, -0.9047758616507053, -0.1619970160536468, -0.8123831045813859, d=""|:p=0.139, r=0.99""
n:-0.6525398036465049, -0.6677550747990608, 0.14797003846615553, 0.9331988375633955, -0.26302496157586575, 0.07068255916237831, d=|:p=0.31
n:-0.878869850654155, -0.10431680222973228, 0.28231054870411754, -0.45585756935179234, 0.06596925435587764, -0.39915377367287874, d=Gpart:ry=0.019
c:0.5937719056382775, 0.9959910814650357, -0.7513744640164077, -0.41517087863758206, -0.8404760789126158, 0.9018737259320915, 2.552
c:-0.29567728843539953, 0.7218596707098186, -0.7779675284400582, 0.6720073404721916, -0.5729675842449069, 0.5781252677552402, 0.3
",0.0003869776048660163,"//H
3
j:0.128, 0.034, 0.095, -0.247, y2=0.286, fr=0.679, l=1.298
j:0.087, 0.22606762312352657, 0.6784251471981406, -0.8287420659326017, 0.39060675259679556, 0.0546317039988935, fr=0.976, l=1.183
j:0.21897301031276584, -0.2548063863068819, -0.19134270027279854, -0.48168516205623746, -0.8847577390260994, -0.30556724686175585, l=0.913
j:0.8381318571045995, 0.3363271071575582, -0.33129552425816655, -0.38540193624794483, -0.34645609091967344, 0.3092575720511377, fr=0.632
n:-0.014068110845983028, 0.5886625908315182, -0.27493462711572647, -0.9047758616507053, -0.1619970160536468, -0.8123831045813859, d=""|:p=0.139, r=0.99""
n:-0.6525398036465049, -0.6677550747990608, 0.14797003846615553, 0.9331988375633955, -0.26302496157586575, 0.07068255916237831, d=|:p=0.31
n:-0.878869850654155, -0.10431680222973228, 0.28231054870411754, -0.45585756935179234, 0.06596925435587764, -0.39915377367287874, d=Gpart:ry=0.019
c:0.5937719056382775, 0.9959910814650357, -0.7513744640164077, -0.41517087863758206, -0.8404760789126158, 0.9018737259320915, 2.552
c:-0.29567728843539953, 0.7218596707098186, -0.7779675284400582, 0.6720073404721916, -0.5729675842449069, 0.5781252677552402, 0.3
"
40,H,23,24,"//H
3
j:0.128, 0.034, 0.095, -0.247, y2=0.286, fr=0.679, l=1.298
j:0.087, 0.22606762312352657, 0.6784251471981406, -0.8287420659326017, 0.39060675259679556, 0.0546317039988935, fr=0.976, l=1.183
j:0.21897301031276584, -0.2548063863068819, -0.19134270027279854, -0.48168516205623746, -0.8847577390260994, -0.30556724686175585, l=0.913
j:0.8381318571045995, 0.3363271071575582, -0.33129552425816655, -0.38540193624794483, -0.34645609091967344, 0.3092575720511377, fr=0.632
n:-0.014068110845983028, 0.5886625908315182, -0.27493462711572647, -0.9047758616507053, -0.1619970160536468, -0.8123831045813859, d=""|:p=0.139, r=0.99""
n:-0.6525398036465049, -0.6677550747990608, 0.14797003846615553, 0.9331988375633955, -0.26302496157586575, 0.07068255916237831, d=|:p=0.31
n:-0.878869850654155, -0.10431680222973228, 0.28231054870411754, -0.45585756935179234, 0.06596925435587764, -0.39915377367287874, d=Gpart:ry=0.019
n:0.6002863463945687, 0.8031584243290126, 0.8898062696680427, -0.5847086710855365, -0.04915635148063302, -0.6832662364467978, d=*
c:0.5937719056382775, 0.9959910814650357, -0.7513744640164077, -0.41517087863758206, -0.8404760789126158, 0.9018737259320915, 2.552
c:-0.29567728843539953, 0.7218596707098186, -0.7779675284400582, 0.6720073404721916, -0.5729675842449069, 0.5781252677552402, 0.3
",0.0003869776048660163,"//H
3
j:0.128, 0.034, 0.095, -0.247, y2=0.286, fr=0.679, l=1.298
j:0.087, 0.22606762312352657, 0.6784251471981406, -0.8287420659326017, 0.39060675259679556, 0.0546317039988935, fr=0.976, l=1.183
j:0.21897301031276584, -0.2548063863068819, -0.19134270027279854, -0.48168516205623746, -0.8847577390260994, -0.30556724686175585, l=0.913
j:0.8381318571045995, 0.3363271071575582, -0.33129552425816655, -0.38540193624794483, -0.34645609091967344, 0.3092575720511377, fr=0.632
n:-0.014068110845983028, 0.5886625908315182, -0.27493462711572647, -0.9047758616507053, -0.1619970160536468, -0.8123831045813859, d=""|:p=0.139, r=0.99""
n:-0.6525398036465049, -0.6677550747990608, 0.14797003846615553, 0.9331988375633955, -0.26302496157586575, 0.07068255916237831, d=|:p=0.31
n:-0.878869850654155, -0.10431680222973228, 0.28231054870411754, -0.45585756935179234, 0.06596925435587764, -0.39915377367287874, d=Gpart:ry=0.019
c:0.5937719056382775, 0.9959910814650357, -0.7513744640164077, -0.41517087863758206, -0.8404760789126158, 0.9018737259320915, 2.552
c:-0.29567728843539953, 0.7218596707098186, -0.7779675284400582, 0.6720073404721916, -0.5729675842449069, 0.5781252677552402, 0.3
"
40,H,24,25,"//H
3
j:0.128, 0.034, 0.095, -0.247, y2=0.286, fr=0.679, l=1.298
j:0.087, 0.22606762312352657, 0.6784251471981406, -0.8287420659326017, 0.39060675259679556, 0.0546317039988935, fr=0.976, l=1.183
j:0.21897301031276584, -0.2548063863068819, -0.19134270027279854, -0.48168516205623746, -0.8847577390260994, -0.30556724686175585, l=0.913
j:0.8381318571045995, 0.3363271071575582, -0.33129552425816655, -0.38540193624794483, -0.34645609091967344, 0.3092575720511377, fr=0.632
n:-0.014068110845983028, 0.5886625908315182, -0.27493462711572647, -0.9047758616507053, -0.1619970160536468, -0.8123831045813859, d=""|:p=0.139, r=0.99""
n:-0.6525398036465049, -0.6677550747990608, 0.14797003846615553, 0.9331988375633955, -0.26302496157586575, 0.07068255916237831, d=|:p=0.31
n:-0.878869850654155, -0.10431680222973228, 0.28231054870411754, -0.45585756935179234, 0.06596925435587764, -0.39915377367287874, d=Gpart:ry=0.019
c:0.5937719056382775, 0.9959910814650357, -0.7513744640164077, -0.41517087863758206, -0.8404760789126158, 0.9018737259320915, 4.929
c:-0.29567728843539953, 0.7218596707098186, -0.7779675284400582, 0.6720073404721916, -0.5729675842449069, 0.5781252677552402, 0.3
",0.0006214593766612765,"//H
3
j:0.128, 0.034, 0.095, -0.247, y2=0.286, fr=0.679, l=1.298
j:0.087, 0.22606762312352657, 0.6784251471981406, -0.8287420659326017, 0.39060675259679556, 0.0546317039988935, fr=0.976, l=1.183
j:0.21897301031276584, -0.2548063863068819, -0.19134270027279854, -0.48168516205623746, -0.8847577390260994, -0.30556724686175585, l=0.913
j:0.8381318571045995, 0.3363271071575582, -0.33129552425816655, -0.38540193624794483, -0.34645609091967344, 0.3092575720511377, fr=0.632
n:-0.014068110845983028, 0.5886625908315182, -0.27493462711572647, -0.9047758616507053, -0.1619970160536468, -0.8123831045813859, d=""|:p=0.139, r=0.99""
n:-0.6525398036465049, -0.6677550747990608, 0.14797003846615553, 0.9331988375633955, -0.26302496157586575, 0.07068255916237831, d=|:p=0.31
n:-0.878869850654155, -0.10431680222973228, 0.28231054870411754, -0.45585756935179234, 0.06596925435587764, -0.39915377367287874, d=Gpart:ry=0.019
c:0.5937719056382775, 0.9959910814650357, -0.7513744640164077, -0.41517087863758206, -0.8404760789126158, 0.9018737259320915, 2.552
c:-0.29567728843539953, 0.7218596707098186, -0.7779675284400582, 0.6720073404721916, -0.5729675842449069, 0.5781252677552402, 0.3
"
40,H,25,26,"//H
3
j:0.128, 0.034, 0.095, -0.247, y2=0.286, fr=0.679, l=1.298
j:0.087, 0.22606762312352657, 0.6784251471981406, -0.8287420659326017, 0.39060675259679556, 0.0546317039988935, fr=0.976, l=1.183
j:0.21897301031276584, -0.2548063863068819, -0.19134270027279854, -0.48168516205623746, -0.8847577390260994, -0.30556724686175585, l=0.913
j:0.8381318571045995, 0.3363271071575582, -0.33129552425816655, -0.38540193624794483, -0.34645609091967344, 0.3092575720511377, fr=0.632
n:-0.014068110845983028, 0.5886625908315182, -0.27493462711572647, -0.9047758616507053, -0.1619970160536468, -0.8123831045813859, d=""|:p=0.139, r=0.99""
n:-0.6525398036465049, -0.6677550747990608, 0.14797003846615553, 0.9331988375633955, -0.26302496157586575, 0.07068255916237831, d=|:p=0.31
n:-0.878869850654155, -0.10431680222973228, 0.28231054870411754, -0.45585756935179234, 0.06596925435587764, -0.39915377367287874, d=Gpart:ry=0.019
c:0.5937719056382775, 0.9959910814650357, -0.7513744640164077, -0.41517087863758206, -0.8404760789126158, 0.9018737259320915, 4.929
c:-0.29567728843539953, 0.7218596707098186, -0.7779675284400582, 0.6720073404721916, -0.5729675842449069, 0.5781252677552402, 0.3
c:-0.8034462444484234, 0.8456874811090529, -0.12671610387042165, 0.22001709276810288, 0.5262470562011003, -0.3322831862606108, 2.785
",0.0006214593766612765,"//H
3
j:0.128, 0.034, 0.095, -0.247, y2=0.286, fr=0.679, l=1.298
j:0.087, 0.22606762312352657, 0.6784251471981406, -0.8287420659326017, 0.39060675259679556, 0.0546317039988935, fr=0.976, l=1.183
j:0.21897301031276584, -0.2548063863068819, -0.19134270027279854, -0.48168516205623746, -0.8847577390260994, -0.30556724686175585, l=0.913
j:0.8381318571045995, 0.3363271071575582, -0.33129552425816655, -0.38540193624794483, -0.34645609091967344, 0.3092575720511377, fr=0.632
n:-0.014068110845983028, 0.5886625908315182, -0.27493462711572647, -0.9047758616507053, -0.1619970160536468, -0.8123831045813859, d=""|:p=0.139, r=0.99""
n:-0.6525398036465049, -0.6677550747990608, 0.14797003846615553, 0.9331988375633955, -0.26302496157586575, 0.07068255916237831, d=|:p=0.31
n:-0.878869850654155, -0.10431680222973228, 0.28231054870411754, -0.45585756935179234, 0.06596925435587764, -0.39915377367287874, d=Gpart:ry=0.019
c:0.5937719056382775, 0.9959910814650357, -0.7513744640164077, -0.41517087863758206, -0.8404760789126158, 0.9018737259320915, 4.929
c:-0.29567728843539953, 0.7218596707098186, -0.7779675284400582, 0.6720073404721916, -0.5729675842449069, 0.5781252677552402, 0.3
"
40,H,26,27,"//H
3
j:0.128, 0.034, 0.095, -0.247, y2=0.286, fr=0.679, l=1.298
j:0.087, 0.22606762312352657, 0.6784251471981406, -0.8287420659326017, 0.39060675259679556, 0.0546317039988935, fr=0.976, l=1.183
j:0.21897301031276584, -0.2548063863068819, -0.19134270027279854, -0.48168516205623746, -0.8847577390260994, -0.30556724686175585, l=0.913
j:0.8381318571045995, 0.3363271071575582, -0.313, -0.38540193624794483, -0.34645609091967344, 0.3092575720511377, fr=0.632
n:-0.014068110845983028, 0.5886625908315182, -0.27493462711572647, -0.9047758616507053, -0.1619970160536468, -0.8123831045813859, d=""|:p=0.139, r=0.99""
n:-0.6525398036465049, -0.6677550747990608, 0.14797003846615553, 0.9331988375633955, -0.26302496157586575, 0.07068255916237831, d=|:p=0.31
n:-0.878869850654155, -0.10431680222973228, 0.28231054870411754, -0.45585756935179234, 0.06596925435587764, -0.39915377367287874, d=Gpart:ry=0.019
c:0.5937719056382775, 0.9959910814650357, -0.7513744640164077, -0.41517087863758206, -0.8404760789126158, 0.9018737259320915, 4.929
c:-0.29567728843539953, 0.7218596707098186, -0.7779675284400582, 0.6720073404721916, -0.5729675842449069, 0.5781252677552402, 0.3
",0.0006214593766612765,"//H
3
j:0.128, 0.034, 0.095, -0.247, y2=0.286, fr=0.679, l=1.298
j:0.087, 0.22606762312352657, 0.6784251471981406, -0.8287420659326017, 0.39060675259679556, 0.0546317039988935, fr=0.976, l=1.183
j:0.21897301031276584, -0.2548063863068819, -0.19134270027279854, -0.48168516205623746, -0.8847577390260994, -0.30556724686175585, l=0.913
j:0.8381318571045995, 0.3363271071575582, -0.33129552425816655, -0.38540193624794483, -0.34645609091967344, 0.3092575720511377, fr=0.632
n:-0.014068110845983028, 0.5886625908315182, -0.27493462711572647, -0.9047758616507053, -0.1619970160536468, -0.8123831045813859, d=""|:p=0.139, r=0.99""
n:-0.6525398036465049, -0.6677550747990608, 0.14797003846615553, 0.9331988375633955, -0.26302496157586575, 0.07068255916237831, d=|:p=0.31
n:-0.878869850654155, -0.10431680222973228, 0.28231054870411754, -0.45585756935179234, 0.06596925435587764, -0.39915377367287874, d=Gpart:ry=0.019
c:0.5937719056382775, 0.9959910814650357, -0.7513744640164077, -0.41517087863758206, -0.8404760789126158, 0.9018737259320915, 4.929
c:-0.29567728843539953, 0.7218596707098186, -0.7779675284400582, 0.6720073404721916, -0.5729675842449069, 0.5781252677552402, 0.3
"
40,H,27,28,"//H
3
j:0.128, 0.034, 0.095, -0.247, y2=0.286, fr=0.679, l=1.298
j:0.087, 0.22606762312352657, 0.6784251471981406, -0.8287420659326017, 0.39060675259679556, 0.0546317039988935, fr=0.976, l=1.183
j:0.21897301031276584, -0.2548063863068819, -0.19134270027279854, -0.48168516205623746, -0.8847577390260994, -0.30556724686175585, l=0.913
j:0.8381318571045995, 0.3363271071575582, -0.33129552425816655, -0.38540193624794483, -0.34645609091967344, 0.3092575720511377, fr=0.632
n:-0.014068110845983028, 0.5886625908315182, -0.27493462711572647, -0.9047758616507053, -0.1619970160536468, -0.8123831045813859, d=""|:p=0.139, r=0.99""
n:-0.6525398036465049, -0.6677550747990608, 0.14797003846615553, 0.9331988375633955, -0.26302496157586575, 0.07068255916237831, d=|:p=0.31
n:-0.878869850654155, -0.10431680222973228, 0.28231054870411754, -0.45585756935179234, 0.06596925435587764, -0.39915377367287874, d=Gpart:ry=0.019
c:0.5937719056382775, 0.9959910814650357, -0.7513744640164077, -0.41517087863758206, -0.8404760789126158, 0.9018737259320915, 6.683
c:-0.29567728843539953, 0.7218596707098186, -0.7779675284400582, 0.6720073404721916, -0.5729675842449069, 0.5781252677552402, 0.3
",0.0007355233268019211,"//H
3
j:0.128, 0.034, 0.095, -0.247, y2=0.286, fr=0.679, l=1.298
j:0.087, 0.22606762312352657, 0.6784251471981406, -0.8287420659326017, 0.39060675259679556, 0.0546317039988935, fr=0.976, l=1.183
j:0.21897301031276584, -0.2548063863068819, -0.19134270027279854, -0.48168516205623746, -0.8847577390260994, -0.30556724686175585, l=0.913
j:0.8381318571045995, 0.3363271071575582, -0.33129552425816655, -0.38540193624794483, -0.34645609091967344, 0.3092575720511377, fr=0.632
n:-0.014068110845983028, 0.5886625908315182, -0.27493462711572647, -0.9047758616507053, -0.1619970160536468, -0.8123831045813859, d=""|:p=0.139, r=0.99""
n:-0.6525398036465049, -0.6677550747990608, 0.14797003846615553, 0.9331988375633955, -0.26302496157586575, 0.07068255916237831, d=|:p=0.31
n:-0.878869850654155, -0.10431680222973228, 0.28231054870411754, -0.45585756935179234, 0.06596925435587764, -0.39915377367287874, d=Gpart:ry=0.019
c:0.5937719056382775, 0.9959910814650357, -0.7513744640164077, -0.41517087863758206, -0.8404760789126158, 0.9018737259320915, 4.929
c:-0.29567728843539953, 0.7218596707098186, -0.7779675284400582, 0.6720073404721916, -0.5729675842449069, 0.5781252677552402, 0.3
"
40,H,28,29,"//H
3
j:0.128, 0.034, 0.095, -0.247, y2=0.286, fr=0.679, l=1.298
j:0.087, 0.22606762312352657, 0.6784251471981406, -0.8287420659326017, 0.39060675259679556, 0.0546317039988935, fr=0.976, l=1.183
j:0.21897301031276584, -0.2548063863068819, -0.19134270027279854, -0.48168516205623746, -0.995, -0.30556724686175585, l=0.913
j:0.8381318571045995, 0.3363271071575582, -0.33129552425816655, -0.38540193624794483, -0.34645609091967344, 0.3092575720511377, fr=0.632
n:-0.014068110845983028, 0.5886625908315182, -0.27493462711572647, -0.9047758616507053, -0.1619970160536468, -0.8123831045813859, d=""|:p=0.139, r=0.99""
n:-0.6525398036465049, -0.6677550747990608, 0.14797003846615553, 0.9331988375633955, -0.26302496157586575, 0.07068255916237831, d=|:p=0.31
n:-0.878869850654155, -0.10431680222973228, 0.28231054870411754, -0.45585756935179234, 0.06596925435587764, -0.39915377367287874, d=Gpart:ry=0.019
c:0.5937719056382775, 0.9959910814650357, -0.7513744640164077, -0.41517087863758206, -0.8404760789126158, 0.9018737259320915, 6.683
c:-0.29567728843539953, 0.7218596707098186, -0.7779675284400582, 0.6720073404721916, -0.5729675842449069, 0.5781252677552402, 0.3
",0.0007355233268019211,"//H
3
j:0.128, 0.034, 0.095, -0.247, y2=0.286, fr=0.679, l=1.298
j:0.087, 0.22606762312352657, 0.6784251471981406, -0.8287420659326017, 0.39060675259679556, 0.0546317039988935, fr=0.976, l=1.183
j:0.21897301031276584, -0.2548063863068819, -0.19134270027279854, -0.48168516205623746, -0.8847577390260994, -0.30556724686175585, l=0.913
j:0.8381318571045995, 0.3363271071575582, -0.33129552425816655, -0.38540193624794483, -0.34645609091967344, 0.3092575720511377, fr=0.632
n:-0.014068110845983028, 0.5886625908315182, -0.27493462711572647, -0.9047758616507053, -0.1619970160536468, -0.8123831045813859, d=""|:p=0.139, r=0.99""
n:-0.6525398036465049, -0.6677550747990608, 0.14797003846615553, 0.9331988375633955, -0.26302496157586575, 0.07068255916237831, d=|:p=0.31
n:-0.878869850654155, -0.10431680222973228, 0.28231054870411754, -0.45585756935179234, 0.06596925435587764, -0.39915377367287874, d=Gpart:ry=0.019
c:0.5937719056382775, 0.9959910814650357, -0.7513744640164077, -0.41517087863758206, -0.8404760789126158, 0.9018737259320915, 6.683
c:-0.29567728843539953, 0.7218596707098186, -0.7779675284400582, 0.6720073404721916, -0.5729675842449069, 0.5781252677552402, 0.3
"
40,H,29,30,"//H
3
j:0.128, 0.034, 0.095, -0.247, y2=0.286, fr=0.679, l=1.298
j:0.087, 0.22606762312352657, 0.6784251471981406, -0.8287420659326017, 0.39060675259679556, 0.0546317039988935, fr=0.976, l=1.183
j:0.21897301031276584, -0.2548063863068819, -0.19134270027279854, -0.48168516205623746, -0.8847577390260994, -0.30556724686175585, l=0.913
j:0.8381318571045995, 0.3363271071575582, -0.33129552425816655, -0.38540193624794483, -0.34645609091967344, 0.3092575720511377, fr=0.632
n:-0.014068110845983028, 0.5886625908315182, -0.27493462711572647, -0.9047758616507053, -0.1619970160536468, -0.8123831045813859, d=""|:p=0.139, r=0.99""
n:-0.6525398036465049, -0.6677550747990608, 0.14797003846615553, 0.9331988375633955, -0.26302496157586575, 0.07068255916237831, d=|:p=0.31
n:-0.878869850654155, -0.10431680222973228, 0.28231054870411754, -0.45585756935179234, 0.06596925435587764, -0.39915377367287874, d=Gpart:ry=0.019
c:0.5937719056382775, 0.9959910814650357, -0.7513744640164077, -0.41517087863758206, -0.8404760789126158, 0.9018737259320915, 6.683
c:-0.29567728843539953, 0.7218596707098186, -0.7779675284400582, 0.6720073404721916, -0.5729675842449069, 0.5781252677552402, 0.3
c:-0.38464978989213705, 0.7989626191556454, -0.6369286896660924, -0.4631699803285301, -0.666473317425698, 0.18565819459035993, -0.305
",0.0007355233268019211,"//H
3
j:0.128, 0.034, 0.095, -0.247, y2=0.286, fr=0.679, l=1.298
j:0.087, 0.22606762312352657, 0.6784251471981406, -0.8287420659326017, 0.39060675259679556, 0.0546317039988935, fr=0.976, l=1.183
j:0.21897301031276584, -0.2548063863068819, -0.19134270027279854, -0.48168516205623746, -0.8847577390260994, -0.30556724686175585, l=0.913
j:0.8381318571045995, 0.3363271071575582, -0.33129552425816655, -0.38540193624794483, -0.34645609091967344, 0.3092575720511377, fr=0.632
n:-0.014068110845983028, 0.5886625908315182, -0.27493462711572647, -0.9047758616507053, -0.1619970160536468, -0.8123831045813859, d=""|:p=0.139, r=0.99""
n:-0.6525398036465049, -0.6677550747990608, 0.14797003846615553, 0.9331988375633955, -0.26302496157586575, 0.07068255916237831, d=|:p=0.31
n:-0.878869850654155, -0.10431680222973228, 0.28231054870411754, -0.45585756935179234, 0.06596925435587764, -0.39915377367287874, d=Gpart:ry=0.019
c:0.5937719056382775, 0.9959910814650357, -0.7513744640164077, -0.41517087863758206, -0.8404760789126158, 0.9018737259320915, 6.683
c:-0.29567728843539953, 0.7218596707098186, -0.7779675284400582, 0.6720073404721916, -0.5729675842449069, 0.5781252677552402, 0.3
"
40,H,30,31,"//H
3
j:0.128, 0.034, 0.095, -0.247, y2=0.286, fr=0.679, l=1.298
j:0.087, 0.22606762312352657, 0.6784251471981406, -0.8287420659326017, 0.39060675259679556, 0.0546317039988935, fr=0.976, l=1.183
j:0.21897301031276584, -0.2548063863068819, -0.19134270027279854, -0.48168516205623746, -0.8847577390260994, -0.30556724686175585, l=0.913
j:0.8381318571045995, 0.3363271071575582, -0.33129552425816655, -0.38540193624794483, -0.34645609091967344, 0.3092575720511377, fr=0.632, rotstif=0.826
n:-0.014068110845983028, 0.5886625908315182, -0.27493462711572647, -0.9047758616507053, -0.1619970160536468, -0.8123831045813859, d=""|:p=0.139, r=0.99""
n:-0.6525398036465049, -0.6677550747990608, 0.14797003846615553, 0.9331988375633955, -0.26302496157586575, 0.07068255916237831, d=|:p=0.31
n:-0.878869850654155, -0.10431680222973228, 0.28231054870411754, -0.45585756935179234, 0.06596925435587764, -0.39915377367287874, d=Gpart:ry=0.019
c:0.5937719056382775, 0.9959910814650357, -0.7513744640164077, -0.41517087863758206, -0.8404760789126158, 0.9018737259320915, 6.683
c:-0.29567728843539953, 0.7218596707098186, -0.7779675284400582, 0.6720073404721916, -0.5729675842449069, 0.5781252677552402, 0.3
",0.0007355233268019211,"//H
3
j:0.128, 0.034, 0.095, -0.247, y2=0.286, fr=0.679, l=1.298
j:0.087, 0.22606762312352657, 0.6784251471981406, -0.8287420659326017, 0.39060675259679556, 0.0546317039988935, fr=0.976, l=1.183
j:0.21897301031276584, -0.2548063863068819, -0.19134270027279854, -0.48168516205623746, -0.8847577390260994, -0.30556724686175585, l=0.913
j:0.8381318571045995, 0.3363271071575582, -0.33129552425816655, -0.38540193624794483, -0.34645609091967344, 0.3092575720511377, fr=0.632
n:-0.014068110845983028, 0.5886625908315182, -0.27493462711572647, -0.9047758616507053, -0.1619970160536468, -0.8123831045813859, d=""|:p=0.139, r=0.99""
n:-0.6525398036465049, -0.6677550747990608, 0.14797003846615553, 0.9331988375633955, -0.26302496157586575, 0.07068255916237831, d=|:p=0.31
n:-0.878869850654155, -0.10431680222973228, 0.28231054870411754, -0.45585756935179234, 0.06596925435587764, -0.39915377367287874, d=Gpart:ry=0.019
c:0.5937719056382775, 0.9959910814650357, -0.7513744640164077, -0.41517087863758206, -0.8404760789126158, 0.9018737259320915, 6.683
c:-0.29567728843539953, 0.7218596707098186, -0.7779675284400582, 0.6720073404721916, -0.5729675842449069, 0.5781252677552402, 0.3
"
40,H,31,32,"//H
3
j:0.128, 0.034, 0.095, -0.247, y2=0.286, fr=0.679, l=1.298
j:0.087, 0.22606762312352657, 0.6784251471981406, -0.8287420659326017, 0.39060675259679556, 0.0546317039988935, fr=0.976, l=1.183
j:0.21897301031276584, -0.2548063863068819, -0.19134270027279854, -0.48168516205623746, -0.8847577390260994, -0.30556724686175585, l=0.913
j:0.8381318571045995, 0.3363271071575582, -0.33129552425816655, -0.38540193624794483, -0.34645609091967344, 0.3092575720511377, fr=0.632
n:-0.014068110845983028, 0.5886625908315182, -0.27493462711572647, -0.9047758616507053, -0.1619970160536468, -0.8123831045813859, d=""|:p=0.139, r=0.99""
n:-0.6525398036465049, -0.6677550747990608, 0.14797003846615553, 0.9331988375633955, -0.26302496157586575, 0.07068255916237831, d=|:p=0.31
n:-0.878869850654155, -0.10431680222973228, 0.28231054870411754, -0.45585756935179234, 0.06596925435587764, -0.39915377367287874, d=Gpart:ry=0.019
n:-0.46389412973076105, 0.46893560513854027, -0.5869137342087924, -0.18807106092572212, -0.6536667519249022, 0.5338834594003856, d=G
c:0.5937719056382775, 0.9959910814650357, -0.7513744640164077, -0.41517087863758206, -0.8404760789126158, 0.9018737259320915, 6.683
c:-0.29567728843539953, 0.7218596707098186, -0.7779675284400582, 0.6720073404721916, -0.5729675842449069, 0.5781252677552402, 0.3
",0.0007355233268019211,"//H
3
j:0.128, 0.034, 0.095, -0.247, y2=0.286, fr=0.679, l=1.298
j:0.087, 0.22606762312352657, 0.6784251471981406, -0.8287420659326017, 0.39060675259679556, 0.0546317039988935, fr=0.976, l=1.183
j:0.21897301031276584, -0.2548063863068819, -0.19134270027279854, -0.48168516205623746, -0.8847577390260994, -0.30556724686175585, l=0.913
j:0.8381318571045995, 0.3363271071575582, -0.33129552425816655, -0.38540193624794483, -0.34645609091967344, 0.3092575720511377, fr=0.632
n:-0.014068110845983028, 0.5886625908315182, -0.27493462711572647, -0.9047758616507053, -0.1619970160536468, -0.8123831045813859, d=""|:p=0.139, r=0.99""
n:-0.6525398036465049, -0.6677550747990608, 0.14797003846615553, 0.9331988375633955, -0.26302496157586575, 0.07068255916237831, d=|:p=0.31
n:-0.878869850654155, -0.10431680222973228, 0.28231054870411754, -0.45585756935179234, 0.06596925435587764, -0.39915377367287874, d=Gpart:ry=0.019
c:0.5937719056382775, 0.9959910814650357, -0.7513744640164077, -0.41517087863758206, -0.8404760789126158, 0.9018737259320915, 6.683
c:-0.29567728843539953, 0.7218596707098186, -0.7779675284400582, 0.6720073404721916, -0.5729675842449069, 0.5781252677552402, 0.3
"
40,H,32,33,"//H
3
j:0.128, 0.034, 0.095, -0.247, y2=0.286, fr=0.679, l=1.298
j:0.087, 0.22606762312352657, 0.6784251471981406, -0.8287420659326017, 0.39060675259679556, 0.0546317039988935, fr=0.976, l=1.183
j:0.21897301031276584, -0.2548063863068819, -0.19134270027279854, -0.48168516205623746, -0.8847577390260994, -0.30556724686175585, l=0.913
j:0.8381318571045995, 0.3363271071575582, -0.33129552425816655, -0.38540193624794483, -0.34645609091967344, 0.3092575720511377, fr=0.632
n:-0.014068110845983028, 0.5886625908315182, -0.27493462711572647, -0.9047758616507053, -0.1619970160536468, -0.8123831045813859, d=""|:p=0.139, r=0.99""
n:-0.6525398036465049, -0.6677550747990608, 0.14797003846615553, 0.9331988375633955, -0.26302496157586575, 0.07068255916237831, d=|:p=0.31
n:-0.878869850654155, -0.10431680222973228, 0.28231054870411754, -0.45585756935179234, 0.06596925435587764, -0.39915377367287874, d=Gpart:ry=0.019
c:0.5937719056382775, 0.9959910814650357, -0.7513744640164077, -0.41517087863758206, -0.8404760789126158, 0.9018737259320915, 6.683
c:-0.29567728843539953, 0.7218596707098186, -0.7779675284400582, 0.6720073404721916, -0.5729675842449069, 0.5781252677552402, 0.3
c:-0.16945381788536906, 0.2565554962493479, -0.8857035702094436, -0.23346059629693627, 0.2973788264207542, 0.5222180057317019, 2.35
",0.0007355233268019211,"//H
3
j:0.128, 0.034, 0.095, -0.247, y2=0.286, fr=0.679, l=1.298
j:0.087, 0.22606762312352657, 0.6784251471981406, -0.8287420659326017, 0.39060675259679556, 0.0546317039988935, fr=0.976, l=1.183
j:0.21897301031276584, -0.2548063863068819, -0.19134270027279854, -0.48168516205623746, -0.8847577390260994, -0.30556724686175585, l=0.913
j:0.8381318571045995, 0.3363271071575582, -0.33129552425816655, -0.38540193624794483, -0.34645609091967344, 0.3092575720511377, fr=0.632
n:-0.014068110845983028, 0.5886625908315182, -0.27493462711572647, -0.9047758616507053, -0.1619970160536468, -0.8123831045813859, d=""|:p=0.139, r=0.99""
n:-0.6525398036465049, -0.6677550747990608, 0.14797003846615553, 0.9331988375633955, -0.26302496157586575, 0.07068255916237831, d=|:p=0.31
n:-0.878869850654155, -0.10431680222973228, 0.28231054870411754, -0.45585756935179234, 0.06596925435587764, -0.39915377367287874, d=Gpart:ry=0.019
c:0.5937719056382775, 0.9959910814650357, -0.7513744640164077, -0.41517087863758206, -0.8404760789126158, 0.9018737259320915, 6.683
c:-0.29567728843539953, 0.7218596707098186, -0.7779675284400582, 0.6720073404721916, -0.5729675842449069, 0.5781252677552402, 0.3
"
40,H,33,34,"//H
3
j:0.128, 0.034, 0.095, -0.247, y2=0.286, fr=0.679, l=1.298
j:0.087, 0.22606762312352657, 0.6784251471981406, -0.8287420659326017, 0.39060675259679556, 0.0546317039988935, fr=0.976, l=1.183
j:0.21897301031276584, -0.2548063863068819, -0.19134270027279854, -0.48168516205623746, -0.8847577390260994, -0.30556724686175585, l=0.913
j:0.8381318571045995, 0.3363271071575582, -0.33129552425816655, -0.38540193624794483, -0.34645609091967344, 0.3092575720511377, fr=0.632
j:0.5798571878112853, -0.33378252293914557, -0.3490894758142531, 0.40303719276562333, 0.5008386299014091, 0.4069719142280519, l=1.171
n:-0.014068110845983028, 0.5886625908315182, -0.27493462711572647, -0.9047758616507053, -0.1619970160536468, -0.8123831045813859, d=""|:p=0.139, r=0.99""
n:-0.6525398036465049, -0.6677550747990608, 0.14797003846615553, 0.9331988375633955, -0.26302496157586575, 0.07068255916237831, d=|:p=0.31
n:-0.878869850654155, -0.10431680222973228, 0.28231054870411754, -0.45585756935179234, 0.06596925435587764, -0.39915377367287874, d=Gpart:ry=0.019
c:0.5937719056382775, 0.9959910814650357, -0.7513744640164077, -0.41517087863758206, -0.8404760789126158, 0.9018737259320915, 6.683
c:-0.29567728843539953, 0.7218596707098186, -0.7779675284400582, 0.6720073404721916, -0.5729675842449069, 0.5781252677552402, 0.3
",0.0010325907645316401,"//H
3
j:0.128, 0.034, 0.095, -0.247, y2=0.286, fr=0.679, l=1.298
j:0.087, 0.22606762312352657, 0.6784251471981406, -0.8287420659326017, 0.39060675259679556, 0.0546317039988935, fr=0.976, l=1.183
j:0.21897301031276584, -0.2548063863068819, -0.19134270027279854, -0.48168516205623746, -0.8847577390260994, -0.30556724686175585, l=0.913
j:0.8381318571045995, 0.3363271071575582, -0.33129552425816655, -0.38540193624794483, -0.34645609091967344, 0.3092575720511377, fr=0.632
n:-0.014068110845983028, 0.5886625908315182, -0.27493462711572647, -0.9047758616507053, -0.1619970160536468, -0.8123831045813859, d=""|:p=0.139, r=0.99""
n:-0.6525398036465049, -0.6677550747990608, 0.14797003846615553, 0.9331988375633955, -0.26302496157586575, 0.07068255916237831, d=|:p=0.31
n:-0.878869850654155, -0.10431680222973228, 0.28231054870411754, -0.45585756935179234, 0.06596925435587764, -0.39915377367287874, d=Gpart:ry=0.019
c:0.5937719056382775, 0.9959910814650357, -0.7513744640164077, -0.41517087863758206, -0.8404760789126158, 0.9018737259320915, 6.683
c:-0.29567728843539953, 0.7218596707098186, -0.7779675284400582, 0.6720073404721916, -0.5729675842449069, 0.5781252677552402, 0.3
"
40,H,34,35,"//H
3
j:0.128, 0.034, 0.095, -0.247, y2=0.286, fr=0.679, l=1.298
j:0.087, 0.22606762312352657, 0.6784251471981406, -0.8287420659326017, 0.39060675259679556, 0.0546317039988935, fr=0.976, l=1.183
j:0.21897301031276584, -0.2548063863068819, -0.19134270027279854, -0.48168516205623746, -0.8847577390260994, -0.30556724686175585, l=0.913
j:0.8381318571045995, 0.3363271071575582, -0.33129552425816655, -0.38540193624794483, -0.34645609091967344, 0.3092575720511377, fr=0.632
j:0.5798571878112853, -0.33378252293914557, -0.3490894758142531, 0.40303719276562333, 0.5008386299014091, 0.4069719142280519, l=1.171
n:-0.014068110845983028, 0.5886625908315182, -0.27493462711572647, -0.9047758616507053, -0.1619970160536468, -0.8123831045813859, d=""|:p=0.273, r=0.99""
n:-0.6525398036465049, -0.6677550747990608, 0.14797003846615553, 0.9331988375633955, -0.26302496157586575, 0.07068255916237831, d=|:p=0.31
n:-0.878869850654155, -0.10431680222973228, 0.28231054870411754, -0.45585756935179234, 0.06596925435587764, -0.39915377367287874, d=Gpart:ry=0.019
c:0.5937719056382775, 0.9959910814650357, -0.7513744640164077, -0.41517087863758206, -0.8404760789126158, 0.9018737259320915, 6.683
c:-0.29567728843539953, 0.7218596707098186, -0.7779675284400582, 0.6720073404721916, -0.5729675842449069, 0.5781252677552402, 0.3
",0.003474148836371282,"//H
3
j:0.128, 0.034, 0.095, -0.247, y2=0.286, fr=0.679, l=1.298
j:0.087, 0.22606762312352657, 0.6784251471981406, -0.8287420659326017, 0.39060675259679556, 0.0546317039988935, fr=0.976, l=1.183
j:0.21897301031276584, -0.2548063863068819, -0.19134270027279854, -0.48168516205623746, -0.8847577390260994, -0.30556724686175585, l=0.913
j:0.8381318571045995, 0.3363271071575582, -0.33129552425816655, -0.38540193624794483, -0.34645609091967344, 0.3092575720511377, fr=0.632
j:0.5798571878112853, -0.33378252293914557, -0.3490894758142531, 0.40303719276562333, 0.5008386299014091, 0.4069719142280519, l=1.171
n:-0.014068110845983028, 0.5886625908315182, -0.27493462711572647, -0.9047758616507053, -0.1619970160536468, -0.8123831045813859, d=""|:p=0.139, r=0.99""
n:-0.6525398036465049, -0.6677550747990608, 0.14797003846615553, 0.9331988375633955, -0.26302496157586575, 0.07068255916237831, d=|:p=0.31
n:-0.878869850654155, -0.10431680222973228, 0.28231054870411754, -0.45585756935179234, 0.06596925435587764, -0.39915377367287874, d=Gpart:ry=0.019
c:0.5937719056382775, 0.9959910814650357, -0.7513744640164077, -0.41517087863758206, -0.8404760789126158, 0.9018737259320915, 6.683
c:-0.29567728843539953, 0.7218596707098186, -0.7779675284400582, 0.6720073404721916, -0.5729675842449069, 0.5781252677552402, 0.3
"
40,H,35,36,"//H
3
j:0.128, 0.034, 0.095, -0.247, y2=0.286, fr=0.679, l=1.298
j:0.087, 0.22606762312352657, 0.6784251471981406, -0.8287420659326017, 0.39060675259679556, 0.0546317039988935, fr=0.976, l=1.183
j:0.21897301031276584, -0.2548063863068819, -0.19134270027279854, -0.48168516205623746, -0.8847577390260994, -0.30556724686175585, l=0.913
j:0.8381318571045995, 0.3363271071575582, -0.33129552425816655, -0.38540193624794483, -0.34645609091967344, 0.3092575720511377, fr=0.632
j:0.5798571878112853, -0.33378252293914557, -0.3490894758142531, 0.40303719276562333, 0.5008386299014091, 0.4069719142280519, l=1.171
n:-0.014068110845983028, 0.5886625908315182, -0.27493462711572647, -0.9047758616507053, -0.1619970160536468, -0.8123831045813859, d=""|:p=0.273, r=0.99""
n:-0.6525398036465049, -0.6677550747990608, 0.14797003846615553, 0.9331988375633955, -0.26302496157586575, 0.07068255916237831, d=|:p=0.31
n:-0.878869850654155, -0.10431680222973228, 0.28231054870411754, -0.45585756935179234, 0.06596925435587764, -0.39915377367287874, d=Gpart:ry=0.019
c:0.5937719056382775, 0.9959910814650357, -0.7513744640164077, -0.38, -0.8404760789126158, 0.9018737259320915, 6.683
c:-0.29567728843539953, 0.7218596707098186, -0.7779675284400582, 0.6720073404721916, -0.5729675842449069, 0.5781252677552402, 0.3
",0.003474148836371282,"//H
3
j:0.128, 0.034, 0.095, -0.247, y2=0.286, fr=0.679, l=1.298
j:0.087, 0.22606762312352657, 0.6784251471981406, -0.8287420659326017, 0.39060675259679556, 0.0546317039988935, fr=0.976, l=1.183
j:0.21897301031276584, -0.2548063863068819, -0.19134270027279854, -0.48168516205623746, -0.8847577390260994, -0.30556724686175585, l=0.913
j:0.8381318571045995, 0.3363271071575582, -0.33129552425816655, -0.38540193624794483, -0.34645609091967344, 0.3092575720511377, fr=0.632
j:0.5798571878112853, -0.33378252293914557, -0.3490894758142531, 0.40303719276562333, 0.5008386299014091, 0.4069719142280519, l=1.171
n:-0.014068110845983028, 0.5886625908315182, -0.27493462711572647, -0.9047758616507053, -0.1619970160536468, -0.8123831045813859, d=""|:p=0.273, r=0.99""
n:-0.6525398036465049, -0.6677550747990608, 0.14797003846615553, 0.9331988375633955, -0.26302496157586575, 0.07068255916237831, d=|:p=0.31
n:-0.878869850654155, -0.10431680222973228, 0.28231054870411754, -0.45585756935179234, 0.06596925435587764, -0.39915377367287874, d=Gpart:ry=0.019
c:0.5937719056382775, 0.9959910814650357, -0.7513744640164077, -0.41517087863758206, -0.8404760789126158, 0.9018737259320915, 6.683
c:-0.29567728843539953, 0.7218596707098186, -0.7779675284400582, 0.6720073404721916, -0.5729675842449069, 0.5781252677552402, 0.3
"
40,H,36,37,"//H
3
j:0.128, 0.034, 0.095, -0.247, y2=0.286, fr=0.679, l=1.298
j:0.087, 0.22606762312352657, 0.6784251471981406, -0.8287420659326017, 0.39060675259679556, 0.0546317039988935, fr=0.976, l=1.183
j:0.21897301031276584, -0.2548063863068819, -0.19134270027279854, -0.48168516205623746, -0.8847577390260994, -0.30556724686175585, l=0.913
j:0.8381318571045995, 0.3363271071575582, -0.33129552425816655, -0.38540193624794483, -0.34645609091967344, 0.3092575720511377, fr=0.632
j:0.5798571878112853, -0.33378252293914557, -0.3490894758142531, 0.40303719276562333, 0.5008386299014091, 0.4069719142280519, fr=0.507, l=1.171
n:-0.014068110845983028, 0.5886625908315182, -0.27493462711572647, -0.9047758616507053, -0.1619970160536468, -0.8123831045813859, d=""|:p=0.273, r=0.99""
n:-0.6525398036465049, -0.6677550747990608, 0.14797003846615553, 0.9331988375633955, -0.26302496157586575, 0.07068255916237831, d=|:p=0.31
n:-0.878869850654155, -0.10431680222973228, 0.28231054870411754, -0.45585756935179234, 0.06596925435587764, -0.39915377367287874, d=Gpart:ry=0.019
c:0.5937719056382775, 0.9959910814650357, -0.7513744640164077, -0.41517087863758206, -0.8404760789126158, 0.9018737259320915, 6.683
c:-0.29567728843539953, 0.7218596707098186, -0.7779675284400582, 0.6720073404721916, -0.5729675842449069, 0.5781252677552402, 0.3
",0.0037008484577108753,"//H
3
j:0.128, 0.034, 0.095, -0.247, y2=0.286, fr=0.679, l=1.298
j:0.087, 0.22606762312352657, 0.6784251471981406, -0.8287420659326017, 0.39060675259679556, 0.0546317039988935, fr=0.976, l=1.183
j:0.21897301031276584, -0.2548063863068819, -0.19134270027279854, -0.48168516205623746, -0.8847577390260994, -0.30556724686175585, l=0.913
j:0.8381318571045995, 0.3363271071575582, -0.33129552425816655, -0.38540193624794483, -0.34645609091967344, 0.3092575720511377, fr=0.632
j:0.5798571878112853, -0.33378252293914557, -0.3490894758142531, 0.40303719276562333, 0.5008386299014091, 0.4069719142280519, l=1.171
n:-0.014068110845983028, 0.5886625908315182, -0.27493462711572647, -0.9047758616507053, -0.1619970160536468, -0.8123831045813859, d=""|:p=0.273, r=0.99""
n:-0.6525398036465049, -0.6677550747990608, 0.14797003846615553, 0.9331988375633955, -0.26302496157586575, 0.07068255916237831, d=|:p=0.31
n:-0.878869850654155, -0.10431680222973228, 0.28231054870411754, -0.45585756935179234, 0.06596925435587764, -0.39915377367287874, d=Gpart:ry=0.019
c:0.5937719056382775, 0.9959910814650357, -0.7513744640164077, -0.41517087863758206, -0.8404760789126158, 0.9018737259320915, 6.683
c:-0.29567728843539953, 0.7218596707098186, -0.7779675284400582, 0.6720073404721916, -0.5729675842449069, 0.5781252677552402, 0.3
"
40,H,37,38,"//H
3
j:0.128, 0.034, 0.095, -0.247, y2=0.286, fr=0.679, l=1.298
j:0.087, 0.22606762312352657, 0.6784251471981406, -0.8287420659326017, 0.39060675259679556, 0.0546317039988935, fr=0.976, l=1.183
j:0.21897301031276584, -0.2548063863068819, -0.19134270027279854, -0.48168516205623746, -0.8847577390260994, -0.30556724686175585, l=0.913
j:0.8381318571045995, 0.3363271071575582, -0.33129552425816655, -0.38540193624794483, -0.34645609091967344, 0.3092575720511377, fr=0.632
j:0.5798571878112853, -0.33378252293914557, -0.3490894758142531, 0.40303719276562333, 0.5008386299014091, 0.4069719142280519, fr=0.507, l=1.171
n:-0.014068110845983028, 0.5886625908315182, -0.27493462711572647, -0.9047758616507053, -0.1619970160536468, -0.8123831045813859, d=""|:p=0.273, r=0.99""
n:-0.6525398036465049, -0.6677550747990608, 0.14797003846615553, 0.9331988375633955, -0.26302496157586575, 0.07068255916237831, d=|:p=0.31
n:-0.878869850654155, -0.10431680222973228, 0.28231054870411754, -0.45585756935179234, 0.06596925435587764, -0.39915377367287874, d=Gpart:ry=0.019
c:0.5937719056382775, 0.9959910814650357, -0.7513744640164077, -0.41517087863758206, -0.8404760789126158, 0.9018737259320915, 6.683
c:-0.29567728843539953, 0.7218596707098186, -0.7779675284400582, 0.6720073404721916, -0.5729675842449069, 0.5781252677552402, 0.3
c:-0.5458907075226307, -0.4122216091491282, 0.39588375855237246, 0.5060932645574212, 0.43756844429299235, 0.9685473092831671, 1.866
",0.0037008484577108753,"//H
3
j:0.128, 0.034, 0.095, -0.247, y2=0.286, fr=0.679, l=1.298
j:0.087, 0.22606762312352657, 0.6784251471981406, -0.8287420659326017, 0.39060675259679556, 0.0546317039988935, fr=0.976, l=1.183
j:0.21897301031276584, -0.2548063863068819, -0.19134270027279854, -0.48168516205623746, -0.8847577390260994, -0.30556724686175585, l=0.913
j:0.8381318571045995, 0.3363271071575582, -0.33129552425816655, -0.38540193624794483, -0.34645609091967344, 0.3092575720511377, fr=0.632
j:0.5798571878112853, -0.33378252293914557, -0.3490894758142531, 0.40303719276562333, 0.5008386299014091, 0.4069719142280519, fr=0.507, l=1.171
n:-0.014068110845983028, 0.5886625908315182, -0.27493462711572647, -0.9047758616507053, -0.1619970160536468, -0.8123831045813859, d=""|:p=0.273, r=0.99""
n:-0.6525398036465049, -0.6677550747990608, 0.14797003846615553, 0.9331988375633955, -0.26302496157586575, 0.07068255916237831, d=|:p=0.31
n:-0.878869850654155, -0.10431680222973228, 0.28231054870411754, -0.45585756935179234, 0.06596925435587764, -0.39915377367287874, d=Gpart:ry=0.019
c:0.5937719056382775, 0.9959910814650357, -0.7513744640164077, -0.41517087863758206, -0.8404760789126158, 0.9018737259320915, 6.683
c:-0.29567728843539953, 0.7218596707098186, -0.7779675284400582, 0.6720073404721916, -0.5729675842449069, 0.5781252677552402, 0.3
"
40,H,38,39,"//H
3
j:0.128, 0.034, 0.095, -0.247, y2=0.286, fr=0.679, l=1.298
j:0.087, 0.22606762312352657, 0.6784251471981406, -0.8287420659326017, 0.39060675259679556, 0.0546317039988935, fr=0.976, l=1.183
j:0.21897301031276584, -0.2548063863068819, -0.19134270027279854, -0.48168516205623746, -0.8847577390260994, -0.30556724686175585, l=0.913
j:0.8381318571045995, 0.3363271071575582, -0.33129552425816655, -0.38540193624794483, -0.34645609091967344, 0.3092575720511377, fr=0.632
j:0.5798571878112853, -0.33378252293914557, -0.3490894758142531, 0.40303719276562333, 0.5008386299014091, 0.4069719142280519, fr=0.507, l=1.171
n:-0.014068110845983028, 0.5886625908315182, -0.27493462711572647, -0.9047758616507053, -0.1619970160536468, -0.8123831045813859, d=""|:p=0.273, r=0.99""
n:-0.6525398036465049, -0.6677550747990608, 0.14797003846615553, 0.9331988375633955, -0.26302496157586575, 0.07068255916237831, d=|:p=0.31
n:-0.878869850654155, -0.10431680222973228, 0.28231054870411754, -0.45585756935179234, 0.06596925435587764, -0.39915377367287874, d=Gpart:ry=0.019
c:0.5937719056382775, 0.9959910814650357, -0.7513744640164077, -0.41517087863758206, -0.8404760789126158, 0.9018737259320915, 6.683
c:-0.29567728843539953, 0.907, -0.7779675284400582, 0.6720073404721916, -0.5729675842449069, 0.5781252677552402, 0.3
",0.0037008484577108753,"//H
3
j:0.128, 0.034, 0.095, -0.247, y2=0.286, fr=0.679, l=1.298
j:0.087, 0.22606762312352657, 0.6784251471981406, -0.8287420659326017, 0.39060675259679556, 0.0546317039988935, fr=0.976, l=1.183
j:0.21897301031276584, -0.2548063863068819, -0.19134270027279854, -0.48168516205623746, -0.8847577390260994, -0.30556724686175585, l=0.913
j:0.8381318571045995, 0.3363271071575582, -0.33129552425816655, -0.38540193624794483, -0.34645609091967344, 0.3092575720511377, fr=0.632
j:0.5798571878112853, -0.33378252293914557, -0.3490894758142531, 0.40303719276562333, 0.5008386299014091, 0.4069719142280519, fr=0.507, l=1.171
n:-0.014068110845983028, 0.5886625908315182, -0.27493462711572647, -0.9047758616507053, -0.1619970160536468, -0.8123831045813859, d=""|:p=0.273, r=0.99""
n:-0.6525398036465049, -0.6677550747990608, 0.14797003846615553, 0.9331988375633955, -0.26302496157586575, 0.07068255916237831, d=|:p=0.31
n:-0.878869850654155, -0.10431680222973228, 0.28231054870411754, -0.45585756935179234, 0.06596925435587764, -0.39915377367287874, d=Gpart:ry=0.019
c:0.5937719056382775, 0.9959910814650357, -0.7513744640164077, -0.41517087863758206, -0.8404760789126158, 0.9018737259320915, 6.683
c:-0.29567728843539953, 0.7218596707098186, -0.7779675284400582, 0.6720073404721916, -0.5729675842449069, 0.5781252677552402, 0.3
"
40,H,39,40,"//H
3
j:0.128, 0.034, 0.095, -0.247, y2=0.286, fr=0.679, l=1.298
j:0.087, 0.22606762312352657, 0.6784251471981406, -0.8287420659326017, 0.39060675259679556, 0.0546317039988935, fr=0.976, l=1.183
j:0.21897301031276584, -0.2548063863068819, -0.19134270027279854, -0.48168516205623746, -0.8847577390260994, -0.30556724686175585, l=0.913
j:0.8381318571045995, 0.3363271071575582, -0.33129552425816655, -0.38540193624794483, -0.34645609091967344, 0.3092575720511377, fr=0.632
j:0.5798571878112853, -0.33378252293914557, -0.3490894758142531, 0.40303719276562333, 0.5008386299014091, 0.4069719142280519, fr=0.427, l=1.171
n:-0.014068110845983028, 0.5886625908315182, -0.27493462711572647, -0.9047758616507053, -0.1619970160536468, -0.8123831045813859, d=""|:p=0.273, r=0.99""
n:-0.6525398036465049, -0.6677550747990608, 0.14797003846615553, 0.9331988375633955, -0.26302496157586575, 0.07068255916237831, d=|:p=0.31
n:-0.878869850654155, -0.10431680222973228, 0.28231054870411754, -0.45585756935179234, 0.06596925435587764, -0.39915377367287874, d=Gpart:ry=0.019
c:0.5937719056382775, 0.9959910814650357, -0.7513744640164077, -0.41517087863758206, -0.8404760789126158, 0.9018737259320915, 6.683
c:-0.29567728843539953, 0.7218596707098186, -0.7779675284400582, 0.6720073404721916, -0.5729675842449069, 0.5781252677552402, 0.3
",0.0038349797884886364,"//H
3
j:0.128, 0.034, 0.095, -0.247, y2=0.286, fr=0.679, l=1.298
j:0.087, 0.22606762312352657, 0.6784251471981406, -0.8287420659326017, 0.39060675259679556, 0.0546317039988935, fr=0.976, l=1.183
j:0.21897301031276584, -0.2548063863068819, -0.19134270027279854, -0.48168516205623746, -0.8847577390260994, -0.30556724686175585, l=0.913
j:0.8381318571045995, 0.3363271071575582, -0.33129552425816655, -0.38540193624794483, -0.34645609091967344, 0.3092575720511377, fr=0.632
j:0.5798571878112853, -0.33378252293914557, -0.3490894758142531, 0.40303719276562333, 0.5008386299014091, 0.4069719142280519, fr=0.507, l=1.171
n:-0.014068110845983028, 0.5886625908315182, -0.27493462711572647, -0.9047758616507053, -0.1619970160536468, -0.8123831045813859, d=""|:p=0.273, r=0.99""
n:-0.6525398036465049, -0.6677550747990608, 0.14797003846615553, 0.9331988375633955, -0.26302496157586575, 0.07068255916237831, d=|:p=0.31
n:-0.878869850654155, -0.10431680222973228, 0.28231054870411754, -0.45585756935179234, 0.06596925435587764, -0.39915377367287874, d=Gpart:ry=0.019
c:0.5937719056382775, 0.9959910814650357, -0.7513744640164077, -0.41517087863758206, -0.8404760789126158, 0.9018737259320915, 6.683
c:-0.29567728843539953, 0.7218596707098186, -0.7779675284400582, 0.6720073404721916, -0.5729675842449069, 0.5781252677552402, 0.3
"
40,H,40,41,"//H
3
j:0.128, 0.034, 0.095, -0.247, y2=0.286, fr=0.679, l=1.298
j:0.087, 0.22606762312352657, 0.6784251471981406, -0.8287420659326017, 0.39060675259679556, 0.0546317039988935, fr=0.976, l=1.183
j:0.21897301031276584, -0.2548063863068819, -0.19134270027279854, -0.48168516205623746, -0.8847577390260994, -0.30556724686175585, l=0.913
j:0.8381318571045995, 0.3363271071575582, -0.33129552425816655, -0.38540193624794483, -0.34645609091967344, 0.3092575720511377, fr=0.632
j:0.5798571878112853, -0.33378252293914557, -0.3490894758142531, 0.40303719276562333, 0.5008386299014091, 0.4069719142280519, fr=0.427, l=1.171
n:-0.014068110845983028, 0.5886625908315182, -0.27493462711572647, -0.9047758616507053, -0.1619970160536468, -0.8123831045813859, d=""|:p=0.273, r=0.99""
n:-0.6525398036465049, -0.6677550747990608, 0.14797003846615553, 0.9331988375633955, -0.26302496157586575, 0.07068255916237831, d=|:p=0.31
n:-0.878869850654155, -0.10431680222973228, 0.28231054870411754, -0.45585756935179234, 0.06596925435587764, -0.39915377367287874, d=Gpart:ry=0.019
c:0.5937719056382775, 0.9959910814650357, -0.7513744640164077, -0.41517087863758206, -0.8404760789126158, 0.9018737259320915, 6.683
c:-0.29567728843539953, 0.7218596707098186, -0.7779675284400582, 0.6720073404721916, -0.5729675842449069, 0.5781252677552402, -0.838
",0.005789233073165433,"//H
3
j:0.128, 0.034, 0.095, -0.247, y2=0.286, fr=0.679, l=1.298
j:0.087, 0.22606762312352657, 0.6784251471981406, -0.8287420659326017, 0.39060675259679556, 0.0546317039988935, fr=0.976, l=1.183
j:0.21897301031276584, -0.2548063863068819, -0.19134270027279854, -0.48168516205623746, -0.8847577390260994, -0.30556724686175585, l=0.913
j:0.8381318571045995, 0.3363271071575582, -0.33129552425816655, -0.38540193624794483, -0.34645609091967344, 0.3092575720511377, fr=0.632
j:0.5798571878112853, -0.33378252293914557, -0.3490894758142531, 0.40303719276562333, 0.5008386299014091, 0.4069719142280519, fr=0.427, l=1.171
n:-0.014068110845983028, 0.5886625908315182, -0.27493462711572647, -0.9047758616507053, -0.1619970160536468, -0.8123831045813859, d=""|:p=0.273, r=0.99""
n:-0.6525398036465049, -0.6677550747990608, 0.14797003846615553, 0.9331988375633955, -0.26302496157586575, 0.07068255916237831, d=|:p=0.31
n:-0.878869850654155, -0.10431680222973228, 0.28231054870411754, -0.45585756935179234, 0.06596925435587764, -0.39915377367287874, d=Gpart:ry=0.019
c:0.5937719056382775, 0.9959910814650357, -0.7513744640164077, -0.41517087863758206, -0.8404760789126158, 0.9018737259320915, 6.683
c:-0.29567728843539953, 0.7218596707098186, -0.7779675284400582, 0.6720073404721916, -0.5729675842449069, 0.5781252677552402, 0.3
"
40,H,41,42,"//H
3
j:0.128, 0.034, 0.095, -0.247, y2=0.286, fr=0.679, l=1.298
j:0.087, 0.22606762312352657, 0.6784251471981406, -0.8287420659326017, 0.39060675259679556, 0.0546317039988935, fr=0.976, l=1.183
j:0.21897301031276584, -0.2548063863068819, -0.19134270027279854, -0.48168516205623746, -0.8847577390260994, -0.30556724686175585, l=0.913
j:0.8381318571045995, 0.3363271071575582, -0.33129552425816655, -0.38540193624794483, -0.34645609091967344, 0.3092575720511377, fr=0.632
j:0.5798571878112853, -0.33378252293914557, -0.3490894758142531, 0.40303719276562333, 0.5008386299014091, 0.4069719142280519, fr=0.427, l=1.171
n:-0.014068110845983028, 0.5886625908315182, -0.27493462711572647, -0.9047758616507053, -0.1619970160536468, -0.8123831045813859, d=""|:p=0.273, r=0.99""
n:-0.6525398036465049, -0.6677550747990608, 0.14797003846615553, 0.9331988375633955, -0.26302496157586575, 0.07068255916237831, d=|:p=0.31
n:-0.878869850654155, -0.10431680222973228, 0.28231054870411754, -0.45585756935179234, 0.06596925435587764, -0.39915377367287874, d=Gpart:ry=0.019
c:0.5937719056382775, 0.9959910814650357, -0.7513744640164077, -0.41517087863758206, -0.8404760789126158, 0.9018737259320915, 6.185
c:-0.29567728843539953, 0.7218596707098186, -0.7779675284400582, 0.6720073404721916, -0.5729675842449069, 0.5781252677552402, -0.838
",0.00594470570122582,"//H
3
j:0.128, 0.034, 0.095, -0.247, y2=0.286, fr=0.679, l=1.298
j:0.087, 0.22606762312352657, 0.6784251471981406, -0.8287420659326017, 0.39060675259679556, 0.0546317039988935, fr=0.976, l=1.183
j:0.21897301031276584, -0.2548063863068819, -0.19134270027279854, -0.48168516205623746, -0.8847577390260994, -0.30556724686175585, l=0.913
j:0.8381318571045995, 0.3363271071575582, -0.33129552425816655, -0.38540193624794483, -0.34645609091967344, 0.3092575720511377, fr=0.632
j:0.5798571878112853, -0.33378252293914557, -0.3490894758142531, 0.40303719276562333, 0.5008386299014091, 0.4069719142280519, fr=0.427, l=1.171
n:-0.014068110845983028, 0.5886625908315182, -0.27493462711572647, -0.9047758616507053, -0.1619970160536468, -0.8123831045813859, d=""|:p=0.273, r=0.99""
n:-0.6525398036465049, -0.6677550747990608, 0.14797003846615553, 0.9331988375633955, -0.26302496157586575, 0.07068255916237831, d=|:p=0.31
n:-0.878869850654155, -0.10431680222973228, 0.28231054870411754, -0.45585756935179234, 0.06596925435587764, -0.39915377367287874, d=Gpart:ry=0.019
c:0.5937719056382775, 0.9959910814650357, -0.7513744640164077, -0.41517087863758206, -0.8404760789126158, 0.9018737259320915, 6.683
c:-0.29567728843539953, 0.7218596707098186, -0.7779675284400582, 0.6720073404721916, -0.5729675842449069, 0.5781252677552402, -0.838
"
40,H,42,43,"//H
3
j:0.128, 0.034, 0.095, -0.247, y2=0.286, fr=0.679, l=1.298
j:0.087, 0.22606762312352657, 0.6784251471981406, -0.8287420659326017, 0.39060675259679556, 0.0546317039988935, fr=0.976, l=1.183
j:0.21897301031276584, -0.2548063863068819, -0.19134270027279854, -0.48168516205623746, -0.8847577390260994, -0.30556724686175585, l=0.913
j:0.8381318571045995, 0.3363271071575582, -0.33129552425816655, -0.38540193624794483, -0.34645609091967344, 0.3092575720511377, fr=0.632
j:0.5798571878112853, -0.33378252293914557, -0.3490894758142531, 0.40303719276562333, 0.5008386299014091, 0.4069719142280519, fr=0.427, l=1.171
n:-0.014068110845983028, 0.5886625908315182, -0.27493462711572647, -0.9047758616507053, -0.1619970160536468, -0.8123831045813859, d=""|:p=0.273, r=0.99""
n:-0.6525398036465049, -0.6677550747990608, 0.14797003846615553, 0.9331988375633955, -0.26302496157586575, 0.07068255916237831, d=|:p=0.31
n:-0.878869850654155, -0.10431680222973228, 0.28231054870411754, -0.45585756935179234, 0.06596925435587764, -0.39915377367287874, d=Gpart:ry=0.019
n:0.40023409808054566, 0.9622206510975957, 0.1344101312570274, 0.9813207951374352, -0.2876633983105421, 0.5084335980936885, d=|:p=0.164
c:0.5937719056382775, 0.9959910814650357, -0.7513744640164077, -0.41517087863758206, -0.8404760789126158, 0.9018737259320915, 6.185
c:-0.29567728843539953, 0.7218596707098186, -0.7779675284400582, 0.6720073404721916, -0.5729675842449069, 0.5781252677552402, -0.838
",0.007618307710221131,"//H
3
j:0.128, 0.034, 0.095, -0.247, y2=0.286, fr=0.679, l=1.298
j:0.087, 0.22606762312352657, 0.6784251471981406, -0.8287420659326017, 0.39060675259679556, 0.0546317039988935, fr=0.976, l=1.183
j:0.21897301031276584, -0.2548063863068819, -0.19134270027279854, -0.48168516205623746, -0.8847577390260994, -0.30556724686175585, l=0.913
j:0.8381318571045995, 0.3363271071575582, -0.33129552425816655, -0.38540193624794483, -0.34645609091967344, 0.3092575720511377, fr=0.632
j:0.5798571878112853, -0.33378252293914557, -0.3490894758142531, 0.40303719276562333, 0.5008386299014091, 0.4069719142280519, fr=0.427, l=1.171
n:-0.014068110845983028, 0.5886625908315182, -0.27493462711572647, -0.9047758616507053, -0.1619970160536468, -0.8123831045813859, d=""|:p=0.273, r=0.99""
n:-0.6525398036465049, -0.6677550747990608, 0.14797003846615553, 0.9331988375633955, -0.26302496157586575, 0.07068255916237831, d=|:p=0.31
n:-0.878869850654155, -0.10431680222973228, 0.28231054870411754, -0.45585756935179234, 0.06596925435587764, -0.39915377367287874, d=Gpart:ry=0.019
c:0.5937719056382775, 0.9959910814650357, -0.7513744640164077, -0.41517087863758206, -0.8404760789126158, 0.9018737259320915, 6.185
c:-0.29567728843539953, 0.7218596707098186, -0.7779675284400582, 0.6720073404721916, -0.5729675842449069, 0.5781252677552402, -0.838
"
40,H,43,44,"//H
3
j:0.128, 0.034, 0.095, -0.247, y2=0.286, fr=0.679, l=1.298
j:0.087, 0.22606762312352657, 0.6784251471981406, -0.8287420659326017, 0.39060675259679556, 0.0546317039988935, fr=0.976, l=1.183
j:0.21897301031276584, -0.2548063863068819, -0.19134270027279854, -0.48168516205623746, -0.8847577390260994, -0.30556724686175585, l=0.913
j:0.8381318571045995, 0.3363271071575582, -0.33129552425816655, -0.38540193624794483, -0.34645609091967344, 0.3092575720511377, fr=0.632
j:0.5798571878112853, -0.33378252293914557, -0.3490894758142531, 0.40303719276562333, 0.5008386299014091, 0.4069719142280519, fr=0.427, l=1.171
n:-0.014068110845983028, 0.5886625908315182, -0.27493462711572647, -0.9047758616507053, -0.1619970160536468, -0.8123831045813859, d=""|:p=0.273, r=0.99""
n:-0.6525398036465049, -0.6677550747990608, 0.14797003846615553, 0.9331988375633955, -0.26302496157586575, 0.07068255916237831, d=|:p=0.31
n:-0.878869850654155, -0.10431680222973228, 0.28231054870411754, -0.45585756935179234, 0.06596925435587764, -0.39915377367287874, d=Gpart:ry=0.019
n:0.40023409808054566, 0.9622206510975957, 0.1344101312570274, 0.9813207951374352, -0.2876633983105421, 0.5084335980936885, d=|:p=0.164
n:-0.5270698955282569, -0.30685205943882465, -0.38474117824807763, -0.8112871474586427, -0.16933677438646555, -0.5933283506892622, d=G
c:0.5937719056382775, 0.9959910814650357, -0.7513744640164077, -0.41517087863758206, -0.8404760789126158, 0.9018737259320915, 6.185
c:-0.29567728843539953, 0.7218596707098186, -0.7779675284400582, 0.6720073404721916, -0.5729675842449069, 0.5781252677552402, -0.838
",0.007618307710221131,"//H
3
j:0.128, 0.034, 0.095, -0.247, y2=0.286, fr=0.679, l=1.298
j:0.087, 0.22606762312352657, 0.6784251471981406, -0.8287420659326017, 0.39060675259679556, 0.0546317039988935, fr=0.976, l=1.183
j:0.21897301031276584, -0.2548063863068819, -0.19134270027279854, -0.48168516205623746, -0.8847577390260994, -0.30556724686175585, l=0.913
j:0.8381318571045995, 0.3363271071575582, -0.33129552425816655, -0.38540193624794483, -0.34645609091967344, 0.3092575720511377, fr=0.632
j:0.5798571878112853, -0.33378252293914557, -0.3490894758142531, 0.40303719276562333, 0.5008386299014091, 0.4069719142280519, fr=0.427, l=1.171
n:-0.014068110845983028, 0.5886625908315182, -0.27493462711572647, -0.9047758616507053, -0.1619970160536468, -0.8123831045813859, d=""|:p=0.273, r=0.99""
n:-0.6525398036465049, -0.6677550747990608, 0.14797003846615553, 0.9331988375633955, -0.26302496157586575, 0.07068255916237831, d=|:p=0.31
n:-0.878869850654155, -0.10431680222973228, 0.28231054870411754, -0.45585756935179234, 0.06596925435587764, -0.39915377367287874, d=Gpart:ry=0.019
n:0.40023409808054566, 0.9622206510975957, 0.1344101312570274, 0.9813207951374352, -0.2876633983105421, 0.5084335980936885, d=|:p=0.164
c:0.5937719056382775, 0.9959910814650357, -0.7513744640164077, -0.41517087863758206, -0.8404760789126158, 0.9018737259320915, 6.185
c:-0.29567728843539953, 0.7218596707098186, -0.7779675284400582, 0.6720073404721916, -0.5729675842449069, 0.5781252677552402, -0.838
"
40,H,44,45,"//H
3
j:0.128, 0.034, 0.095, -0.247, y2=0.286, fr=0.679, l=1.298
j:0.087, 0.22606762312352657, 0.6784251471981406, -0.8287420659326017, 0.39060675259679556, 0.0546317039988935, fr=0.976, l=1.183
j:0.21897301031276584, -0.2548063863068819, -0.19134270027279854, -0.48168516205623746, -0.8847577390260994, -0.30556724686175585, l=0.913
j:0.8381318571045995, 0.3363271071575582, -0.33129552425816655, -0.38540193624794483, -0.34645609091967344, 0.3092575720511377, fr=0.632, rotstif=0.853
j:0.5798571878112853, -0.33378252293914557, -0.3490894758142531, 0.40303719276562333, 0.5008386299014091, 0.4069719142280519, fr=0.427, l=1.171
n:-0.014068110845983028, 0.5886625908315182, -0.27493462711572647, -0.9047758616507053, -0.1619970160536468, -0.8123831045813859, d=""|:p=0.273, r=0.99""
n:-0.6525398036465049, -0.6677550747990608, 0.14797003846615553, 0.9331988375633955, -0.26302496157586575, 0.07068255916237831, d=|:p=0.31
n:-0.878869850654155, -0.10431680222973228, 0.28231054870411754, -0.45585756935179234, 0.06596925435587764, -0.39915377367287874, d=Gpart:ry=0.019
n:0.40023409808054566, 0.9622206510975957, 0.1344101312570274, 0.9813207951374352, -0.2876633983105421, 0.5084335980936885, d=|:p=0.164
c:0.5937719056382775, 0.9959910814650357, -0.7513744640164077, -0.41517087863758206, -0.8404760789126158, 0.9018737259320915, 6.185
c:-0.29567728843539953, 0.7218596707098186, -0.7779675284400582, 0.6720073404721916, -0.5729675842449069, 0.5781252677552402, -0.838
",0.007618307710221131,"//H
3
j:0.128, 0.034, 0.095, -0.247, y2=0.286, fr=0.679, l=1.298
j:0.087, 0.22606762312352657, 0.6784251471981406, -0.8287420659326017, 0.39060675259679556, 0.0546317039988935, fr=0.976, l=1.183
j:0.21897301031276584, -0.2548063863068819, -0.19134270027279854, -0.48168516205623746, -0.8847577390260994, -0.30556724686175585, l=0.913
j:0.8381318571045995, 0.3363271071575582, -0.33129552425816655, -0.38540193624794483, -0.34645609091967344, 0.3092575720511377, fr=0.632
j:0.5798571878112853, -0.33378252293914557, -0.3490894758142531, 0.40303719276562333, 0.5008386299014091, 0.4069719142280519, fr=0.427, l=1.171
n:-0.014068110845983028, 0.5886625908315182, -0.27493462711572647, -0.9047758616507053, -0.1619970160536468, -0.8123831045813859, d=""|:p=0.273, r=0.99""
n:-0.6525398036465049, -0.6677550747990608, 0.14797003846615553, 0.9331988375633955, -0.26302496157586575, 0.07068255916237831, d=|:p=0.31
n:-0.878869850654155, -0.10431680222973228, 0.28231054870411754, -0.45585756935179234, 0.06596925435587764, -0.39915377367287874, d=Gpart:ry=0.019
n:0.40023409808054566, 0.9622206510975957, 0.1344101312570274, 0.9813207951374352, -0.2876633983105421, 0.5084335980936885, d=|:p=0.164
c:0.5937719056382775, 0.9959910814650357, -0.7513744640164077, -0.41517087863758206, -0.8404760789126158, 0.9018737259320915, 6.185
c:-0.29567728843539953, 0.7218596707098186, -0.7779675284400582, 0.6720073404721916, -0.5729675842449069, 0.5781252677552402, -0.838
"
40,H,45,46,"//H
3
j:0.128, 0.034, 0.095, -0.247, y2=0.286, fr=0.679, rotstif=0.947, l=1.298
j:0.087, 0.22606762312352657, 0.6784251471981406, -0.8287420659326017, 0.39060675259679556, 0.0546317039988935, fr=0.976, l=1.183
j:0.21897301031276584, -0.2548063863068819, -0.19134270027279854, -0.48168516205623746, -0.8847577390260994, -0.30556724686175585, l=0.913
j:0.8381318571045995, 0.3363271071575582, -0.33129552425816655, -0.38540193624794483, -0.34645609091967344, 0.3092575720511377, fr=0.632
j:0.5798571878112853, -0.33378252293914557, -0.3490894758142531, 0.40303719276562333, 0.5008386299014091, 0.4069719142280519, fr=0.427, l=1.171
n:-0.014068110845983028, 0.5886625908315182, -0.27493462711572647, -0.9047758616507053, -0.1619970160536468, -0.8123831045813859, d=""|:p=0.273, r=0.99""
n:-0.6525398036465049, -0.6677550747990608, 0.14797003846615553, 0.9331988375633955, -0.26302496157586575, 0.07068255916237831, d=|:p=0.31
n:-0.878869850654155, -0.10431680222973228, 0.28231054870411754, -0.45585756935179234, 0.06596925435587764, -0.39915377367287874, d=Gpart:ry=0.019
n:0.40023409808054566, 0.9622206510975957, 0.1344101312570274, 0.9813207951374352, -0.2876633983105421, 0.5084335980936885, d=|:p=0.164
c:0.5937719056382775, 0.9959910814650357, -0.7513744640164077, -0.41517087863758206, -0.8404760789126158, 0.9018737259320915, 6.185
c:-0.29567728843539953, 0.7218596707098186, -0.7779675284400582, 0.6720073404721916, -0.5729675842449069, 0.5781252677552402, -0.838
",0.007618307710221131,"//H
3
j:0.128, 0.034, 0.095, -0.247, y2=0.286, fr=0.679, l=1.298
j:0.087, 0.22606762312352657, 0.6784251471981406, -0.8287420659326017, 0.39060675259679556, 0.0546317039988935, fr=0.976, l=1.183
j:0.21897301031276584, -0.2548063863068819, -0.19134270027279854, -0.48168516205623746, -0.8847577390260994, -0.30556724686175585, l=0.913
j:0.8381318571045995, 0.3363271071575582, -0.33129552425816655, -0.38540193624794483, -0.34645609091967344, 0.3092575720511377, fr=0.632
j:0.5798571878112853, -0.33378252293914557, -0.3490894758142531, 0.40303719276562333, 0.5008386299014091, 0.4069719142280519, fr=0.427, l=1.171
n:-0.014068110845983028, 0.5886625908315182, -0.27493462711572647, -0.9047758616507053, -0.1619970160536468, -0.8123831045813859, d=""|:p=0.273, r=0.99""
n:-0.6525398036465049, -0.6677550747990608, 0.14797003846615553, 0.9331988375633955, -0.26302496157586575, 0.07068255916237831, d=|:p=0.31
n:-0.878869850654155, -0.10431680222973228, 0.28231054870411754, -0.45585756935179234, 0.06596925435587764, -0.39915377367287874, d=Gpart:ry=0.019
n:0.40023409808054566, 0.9622206510975957, 0.1344101312570274, 0.9813207951374352, -0.2876633983105421, 0.5084335980936885, d=|:p=0.164
c:0.5937719056382775, 0.9959910814650357, -0.7513744640164077, -0.41517087863758206, -0.8404760789126158, 0.9018737259320915, 6.185
c:-0.29567728843539953, 0.7218596707098186, -0.7779675284400582, 0.6720073404721916, -0.5729675842449069, 0.5781252677552402, -0.838
"
40,H,46,47,"//H
3
j:0.128, 0.039, 0.095, -0.247, y2=0.286, fr=0.679, l=1.298
j:0.087, 0.22606762312352657, 0.6784251471981406, -0.8287420659326017, 0.39060675259679556, 0.0546317039988935, fr=0.976, l=1.183
j:0.21897301031276584, -0.2548063863068819, -0.19134270027279854, -0.48168516205623746, -0.8847577390260994, -0.30556724686175585, l=0.913
j:0.8381318571045995, 0.3363271071575582, -0.33129552425816655, -0.38540193624794483, -0.34645609091967344, 0.3092575720511377, fr=0.632
j:0.5798571878112853, -0.33378252293914557, -0.3490894758142531, 0.40303719276562333, 0.5008386299014091, 0.4069719142280519, fr=0.427, l=1.171
n:-0.014068110845983028, 0.5886625908315182, -0.27493462711572647, -0.9047758616507053, -0.1619970160536468, -0.8123831045813859, d=""|:p=0.273, r=0.99""
n:-0.6525398036465049, -0.6677550747990608, 0.14797003846615553, 0.9331988375633955, -0.26302496157586575, 0.07068255916237831, d=|:p=0.31
n:-0.878869850654155, -0.10431680222973228, 0.28231054870411754, -0.45585756935179234, 0.06596925435587764, -0.39915377367287874, d=Gpart:ry=0.019
n:0.40023409808054566, 0.9622206510975957, 0.1344101312570274, 0.9813207951374352, -0.2876633983105421, 0.5084335980936885, d=|:p=0.164
c:0.5937719056382775, 0.9959910814650357, -0.7513744640164077, -0.41517087863758206, -0.8404760789126158, 0.9018737259320915, 6.185
c:-0.29567728843539953, 0.7218596707098186, -0.7779675284400582, 0.6720073404721916, -0.5729675842449069, 0.5781252677552402, -0.838
",0.007618307710221131,"//H
3
j:0.128, 0.034, 0.095, -0.247, y2=0.286, fr=0.679, l=1.298
j:0.087, 0.22606762312352657, 0.6784251471981406, -0.8287420659326017, 0.39060675259679556, 0.0546317039988935, fr=0.976, l=1.183
j:0.21897301031276584, -0.2548063863068819, -0.19134270027279854, -0.48168516205623746, -0.8847577390260994, -0.30556724686175585, l=0.913
j:0.8381318571045995, 0.3363271071575582, -0.33129552425816655, -0.38540193624794483, -0.34645609091967344, 0.3092575720511377, fr=0.632
j:0.5798571878112853, -0.33378252293914557, -0.3490894758142531, 0.40303719276562333, 0.5008386299014091, 0.4069719142280519, fr=0.427, l=1.171
n:-0.014068110845983028, 0.5886625908315182, -0.27493462711572647, -0.9047758616507053, -0.1619970160536468, -0.8123831045813859, d=""|:p=0.273, r=0.99""
n:-0.6525398036465049, -0.6677550747990608, 0.14797003846615553, 0.9331988375633955, -0.26302496157586575, 0.07068255916237831, d=|:p=0.31
n:-0.878869850654155, -0.10431680222973228, 0.28231054870411754, -0.45585756935179234, 0.06596925435587764, -0.39915377367287874, d=Gpart:ry=0.019
n:0.40023409808054566, 0.9622206510975957, 0.1344101312570274, 0.9813207951374352, -0.2876633983105421, 0.5084335980936885, d=|:p=0.164
c:0.5937719056382775, 0.9959910814650357, -0.7513744640164077, -0.41517087863758206, -0.8404760789126158, 0.9018737259320915, 6.185
c:-0.29567728843539953, 0.7218596707098186, -0.7779675284400582, 0.6720073404721916, -0.5729675842449069, 0.5781252677552402, -0.838
"
40,H,47,48,"//H
3
j:0.128, 0.034, 0.095, -0.247, y2=0.286, fr=0.679, l=1.298
j:0.087, 0.22606762312352657, 0.6784251471981406, -0.8287420659326017, 0.39060675259679556, 0.0546317039988935, fr=0.976, l=1.183
j:0.21897301031276584, -0.2548063863068819, -0.19134270027279854, -0.48168516205623746, -0.8847577390260994, -0.30556724686175585, l=0.913
j:0.8381318571045995, 0.3363271071575582, -0.33129552425816655, -0.38540193624794483, -0.34645609091967344, 0.3092575720511377, fr=0.632
j:0.5798571878112853, -0.33378252293914557, -0.3490894758142531, 0.40303719276562333, 0.5008386299014091, 0.4069719142280519, fr=0.427, l=1.171
n:-0.014068110845983028, 0.5886625908315182, -0.27493462711572647, -0.9047758616507053, -0.1619970160536468, -0.8123831045813859, d=""|:p=0.273, r=0.99""
n:-0.6525398036465049, -0.6677550747990608, 0.14797003846615553, 0.9331988375633955, -0.26302496157586575, 0.07068255916237831, d=|:p=0.31
n:-0.878869850654155, -0.447, 0.28231054870411754, -0.45585756935179234, 0.06596925435587764, -0.39915377367287874, d=Gpart:ry=0.019
n:0.40023409808054566, 0.9622206510975957, 0.1344101312570274, 0.9813207951374352, -0.2876633983105421, 0.5084335980936885, d=|:p=0.164
c:0.5937719056382775, 0.9959910814650357, -0.7513744640164077, -0.41517087863758206, -0.8404760789126158, 0.9018737259320915, 6.185
c:-0.29567728843539953, 0.7218596707098186, -0.7779675284400582, 0.6720073404721916, -0.5729675842449069, 0.5781252677552402, -0.838
",0.007618307710221131,"//H
3
j:0.128, 0.034, 0.095, -0.247, y2=0.286, fr=0.679, l=1.298
j:0.087, 0.22606762312352657, 0.6784251471981406, -0.8287420659326017, 0.39060675259679556, 0.0546317039988935, fr=0.976, l=1.183
j:0.21897301031276584, -0.2548063863068819, -0.19134270027279854, -0.48168516205623746, -0.8847577390260994, -0.30556724686175585, l=0.913
j:0.8381318571045995, 0.3363271071575582, -0.33129552425816655, -0.38540193624794483, -0.34645609091967344, 0.3092575720511377, fr=0.632
j:0.5798571878112853, -0.33378252293914557, -0.3490894758142531, 0.40303719276562333, 0.5008386299014091, 0.4069719142280519, fr=0.427, l=1.171
n:-0.014068110845983028, 0.5886625908315182, -0.27493462711572647, -0.9047758616507053, -0.1619970160536468, -0.8123831045813859, d=""|:p=0.273, r=0.99""
n:-0.6525398036465049, -0.6677550747990608, 0.14797003846615553, 0.9331988375633955, -0.26302496157586575, 0.07068255916237831, d=|:p=0.31
n:-0.878869850654155, -0.10431680222973228, 0.28231054870411754, -0.45585756935179234, 0.06596925435587764, -0.39915377367287874, d=Gpart:ry=0.019
n:0.40023409808054566, 0.9622206510975957, 0.1344101312570274, 0.9813207951374352, -0.2876633983105421, 0.5084335980936885, d=|:p=0.164
c:0.5937719056382775, 0.9959910814650357, -0.7513744640164077, -0.41517087863758206, -0.8404760789126158, 0.9018737259320915, 6.185
c:-0.29567728843539953, 0.7218596707098186, -0.7779675284400582, 0.6720073404721916, -0.5729675842449069, 0.5781252677552402, -0.838
"
40,H,48,49,"//H
3
j:0.128, 0.034, 0.095, -0.247, y2=0.286, fr=0.679, l=1.298
j:0.087, 0.22606762312352657, 0.6784251471981406, -0.8287420659326017, 0.39060675259679556, 0.0546317039988935, fr=0.976, l=1.183
j:0.21897301031276584, -0.2548063863068819, -0.19134270027279854, -0.48168516205623746, -0.8847577390260994, -0.30556724686175585, l=0.913
j:0.8381318571045995, 0.3363271071575582, -0.33129552425816655, -0.38540193624794483, -0.34645609091967344, 0.3092575720511377, fr=0.632
j:0.5798571878112853, -0.33378252293914557, -0.3490894758142531, 0.40303719276562333, 0.5008386299014091, 0.4069719142280519, fr=0.427, l=1.171
n:-0.014068110845983028, 0.5886625908315182, -0.27493462711572647, -0.9047758616507053, -0.1619970160536468, -0.8123831045813859, d=""|:p=0.273, r=0.99""
n:-0.6525398036465049, -0.6677550747990608, 0.14797003846615553, 0.9331988375633955, -0.26302496157586575, 0.07068255916237831, d=|:p=0.31
n:-0.878869850654155, -0.10431680222973228, 0.28231054870411754, -0.45585756935179234, 0.06596925435587764, -0.39915377367287874, d=Gpart:ry=0.019
n:0.40023409808054566, 0.9622206510975957, 0.1344101312570274, 0.9813207951374352, -0.2876633983105421, 0.5084335980936885, d=|:p=0.164
c:0.5937719056382775, 0.9959910814650357, -0.7513744640164077, -0.41517087863758206, -0.964, 0.9018737259320915, 6.185
c:-0.29567728843539953, 0.7218596707098186, -0.7779675284400582, 0.6720073404721916, -0.5729675842449069, 0.5781252677552402, -0.838
",0.007618307710221131,"//H
3
j:0.128, 0.034, 0.095, -0.247, y2=0.286, fr=0.679, l=1.298
j:0.087, 0.22606762312352657, 0.6784251471981406, -0.8287420659326017, 0.39060675259679556, 0.0546317039988935, fr=0.976, l=1.183
j:0.21897301031276584, -0.2548063863068819, -0.19134270027279854, -0.48168516205623746, -0.8847577390260994, -0.30556724686175585, l=0.913
j:0.8381318571045995, 0.3363271071575582, -0.33129552425816655, -0.38540193624794483, -0.34645609091967344, 0.3092575720511377, fr=0.632
j:0.5798571878112853, -0.33378252293914557, -0.3490894758142531, 0.40303719276562333, 0.5008386299014091, 0.4069719142280519, fr=0.427, l=1.171
n:-0.014068110845983028, 0.5886625908315182, -0.27493462711572647, -0.9047758616507053, -0.1619970160536468, -0.8123831045813859, d=""|:p=0.273, r=0.99""
n:-0.6525398036465049, -0.6677550747990608, 0.14797003846615553, 0.9331988375633955, -0.26302496157586575, 0.07068255916237831, d=|:p=0.31
n:-0.878869850654155, -0.10431680222973228, 0.28231054870411754, -0.45585756935179234, 0.06596925435587764, -0.39915377367287874, d=Gpart:ry=0.019
n:0.40023409808054566, 0.9622206510975957, 0.1344101312570274, 0.9813207951374352, -0.2876633983105421, 0.5084335980936885, d=|:p=0.164
c:0.5937719056382775, 0.9959910814650357, -0.7513744640164077, -0.41517087863758206, -0.8404760789126158, 0.9018737259320915, 6.185
c:-0.29567728843539953, 0.7218596707098186, -0.7779675284400582, 0.6720073404721916, -0.5729675842449069, 0.5781252677552402, -0.838
"
40,H,49,50,"//H
3
j:0.128, 0.034, 0.095, -0.247, y2=0.286, fr=0.679, l=1.298
j:0.194, 0.22606762312352657, 0.6784251471981406, -0.8287420659326017, 0.39060675259679556, 0.0546317039988935, fr=0.976, l=1.183
j:0.21897301031276584, -0.2548063863068819, -0.19134270027279854, -0.48168516205623746, -0.8847577390260994, -0.30556724686175585, l=0.913
j:0.8381318571045995, 0.3363271071575582, -0.33129552425816655, -0.38540193624794483, -0.34645609091967344, 0.3092575720511377, fr=0.632
j:0.5798571878112853, -0.33378252293914557, -0.3490894758142531, 0.40303719276562333, 0.5008386299014091, 0.4069719142280519, fr=0.427, l=1.171
n:-0.014068110845983028, 0.5886625908315182, -0.27493462711572647, -0.9047758616507053, -0.1619970160536468, -0.8123831045813859, d=""|:p=0.273, r=0.99""
n:-0.6525398036465049, -0.6677550747990608, 0.14797003846615553, 0.9331988375633955, -0.26302496157586575, 0.07068255916237831, d=|:p=0.31
n:-0.878869850654155, -0.10431680222973228, 0.28231054870411754, -0.45585756935179234, 0.06596925435587764, -0.39915377367287874, d=Gpart:ry=0.019
n:0.40023409808054566, 0.9622206510975957, 0.1344101312570274, 0.9813207951374352, -0.2876633983105421, 0.5084335980936885, d=|:p=0.164
c:0.5937719056382775, 0.9959910814650357, -0.7513744640164077, -0.41517087863758206, -0.8404760789126158, 0.9018737259320915, 6.185
c:-0.29567728843539953, 0.7218596707098186, -0.7779675284400582, 0.6720073404721916, -0.5729675842449069, 0.5781252677552402, -0.838
",0.007618307710221131,"//H
3
j:0.128, 0.034, 0.095, -0.247, y2=0.286, fr=0.679, l=1.298
j:0.087, 0.22606762312352657, 0.6784251471981406, -0.8287420659326017, 0.39060675259679556, 0.0546317039988935, fr=0.976, l=1.183
j:0.21897301031276584, -0.2548063863068819, -0.19134270027279854, -0.48168516205623746, -0.8847577390260994, -0.30556724686175585, l=0.913
j:0.8381318571045995, 0.3363271071575582, -0.33129552425816655, -0.38540193624794483, -0.34645609091967344, 0.3092575720511377, fr=0.632
j:0.5798571878112853, -0.33378252293914557, -0.3490894758142531, 0.40303719276562333, 0.5008386299014091, 0.4069719142280519, fr=0.427, l=1.171
n:-0.014068110845983028, 0.5886625908315182, -0.27493462711572647, -0.9047758616507053, -0.1619970160536468, -0.8123831045813859, d=""|:p=0.273, r=0.99""
n:-0.6525398036465049, -0.6677550747990608, 0.14797003846615553, 0.9331988375633955, -0.26302496157586575, 0.07068255916237831, d=|:p=0.31
n:-0.878869850654155, -0.10431680222973228, 0.28231054870411754, -0.45585756935179234, 0.06596925435587764, -0.39915377367287874, d=Gpart:ry=0.019
n:0.40023409808054566, 0.9622206510975957, 0.1344101312570274, 0.9813207951374352, -0.2876633983105421, 0.5084335980936885, d=|:p=0.164
c:0.5937719056382775, 0.9959910814650357, -0.7513744640164077, -0.41517087863758206, -0.8404760789126158, 0.9018737259320915, 6.185
c:-0.29567728843539953, 0.7218596707098186, -0.7779675284400582, 0.6720073404721916, -0.5729675842449069, 0.5781252677552402, -0.838
"
40,H,50,51,"//H
3
j:0.128, 0.034, 0.095, -0.247, y2=0.286, fr=0.679, l=1.298
j:0.087, 0.22606762312352657, 0.6784251471981406, -0.8287420659326017, 0.39060675259679556, 0.0546317039988935, fr=0.976, l=1.183
j:0.21897301031276584, -0.2548063863068819, -0.19134270027279854, -0.48168516205623746, -0.8847577390260994, -0.30556724686175585, l=0.913
j:0.8381318571045995, 0.3363271071575582, -0.33129552425816655, -0.38540193624794483, -0.34645609091967344, 0.3092575720511377, fr=0.632
j:0.5798571878112853, -0.33378252293914557, -0.3490894758142531, 0.40303719276562333, 0.5008386299014091, 0.4069719142280519, fr=0.427, l=1.171
n:-0.014068110845983028, 0.5886625908315182, -0.27493462711572647, -0.9047758616507053, -0.1619970160536468, -0.8123831045813859, d=""|:p=0.273, r=0.99""
n:-0.6525398036465049, -0.6677550747990608, 0.14797003846615553, 0.9331988375633955, -0.26302496157586575, 0.07068255916237831, d=|:p=0.31
n:-0.878869850654155, -0.10431680222973228, 0.28231054870411754, -0.45585756935179234, 0.06596925435587764, -0.39915377367287874, d=Gpart:ry=0.019
n:0.40023409808054566, 0.9622206510975957, 0.1344101312570274, 0.886, -0.2876633983105421, 0.5084335980936885, d=|:p=0.164
c:0.5937719056382775, 0.9959910814650357, -0.7513744640164077, -0.41517087863758206, -0.8404760789126158, 0.9018737259320915, 6.185
c:-0.29567728843539953, 0.7218596707098186, -0.7779675284400582, 0.6720073404721916, -0.5729675842449069, 0.5781252677552402, -0.838
",0.007618307710221131,"//H
3
j:0.128, 0.034, 0.095, -0.247, y2=0.286, fr=0.679, l=1.298
j:0.087, 0.22606762312352657, 0.6784251471981406, -0.8287420659326017, 0.39060675259679556, 0.0546317039988935, fr=0.976, l=1.183
j:0.21897301031276584, -0.2548063863068819, -0.19134270027279854, -0.48168516205623746, -0.8847577390260994, -0.30556724686175585, l=0.913
j:0.8381318571045995, 0.3363271071575582, -0.33129552425816655, -0.38540193624794483, -0.34645609091967344, 0.3092575720511377, fr=0.632
j:0.5798571878112853, -0.33378252293914557, -0.3490894758142531, 0.40303719276562333, 0.5008386299014091, 0.4069719142280519, fr=0.427, l=1.171
n:-0.014068110845983028, 0.5886625908315182, -0.27493462711572647, -0.9047758616507053, -0.1619970160536468, -0.8123831045813859, d=""|:p=0.273, r=0.99""
n:-0.6525398036465049, -0.6677550747990608, 0.14797003846615553, 0.9331988375633955, -0.26302496157586575, 0.07068255916237831, d=|:p=0.31
n:-0.878869850654155, -0.10431680222973228, 0.28231054870411754, -0.45585756935179234, 0.06596925435587764, -0.39915377367287874, d=Gpart:ry=0.019
n:0.40023409808054566, 0.9622206510975957, 0.1344101312570274, 0.9813207951374352, -0.2876633983105421, 0.5084335980936885, d=|:p=0.164
c:0.5937719056382775, 0.9959910814650357, -0.7513744640164077, -0.41517087863758206, -0.8404760789126158, 0.9018737259320915, 6.185
c:-0.29567728843539953, 0.7218596707098186, -0.7779675284400582, 0.6720073404721916, -0.5729675842449069, 0.5781252677552402, -0.838
"
40,H,51,52,"//H
3
j:0.128, 0.034, 0.095, -0.247, y2=0.286, fr=0.679, l=1.298
j:0.087, 0.22606762312352657, 0.6784251471981406, -0.8287420659326017, 0.39060675259679556, 0.0546317039988935, fr=0.976, l=1.183
j:0.21897301031276584, -0.2548063863068819, -0.19134270027279854, -0.48168516205623746, -0.8847577390260994, -0.30556724686175585, l=0.913
j:0.8381318571045995, 0.3363271071575582, -0.33129552425816655, -0.38540193624794483, -0.34645609091967344, 0.3092575720511377, fr=0.632
j:0.5798571878112853, -0.33378252293914557, -0.3490894758142531, 0.40303719276562333, 0.5008386299014091, 0.4069719142280519, fr=0.427, l=1.171
n:-0.014068110845983028, 0.5886625908315182, -0.27493462711572647, -0.9047758616507053, -0.1619970160536468, -0.8123831045813859, d=""|:p=0.273, r=0.99""
n:-0.6525398036465049, -0.6677550747990608, 0.14797003846615553, 0.9331988375633955, -0.26302496157586575, 0.07068255916237831, d=|:p=0.31
n:-0.878869850654155, -0.10431680222973228, 0.28231054870411754, -0.45585756935179234, 0.06596925435587764, -0.39915377367287874, d=Gpart:ry=0.019
n:0.40023409808054566, 0.9622206510975957, 0.1344101312570274, 0.9813207951374352, -0.2876633983105421, 0.5084335980936885, d=|:p=0.164
n:-0.08992400486022234, 0.36234165681526065, 0.1683161100372672, -0.03127283975481987, 0.209194989874959, 0.8317161099985242, d=S
c:0.5937719056382775, 0.9959910814650357, -0.7513744640164077, -0.41517087863758206, -0.8404760789126158, 0.9018737259320915, 6.185
c:-0.29567728843539953, 0.7218596707098186, -0.7779675284400582, 0.6720073404721916, -0.5729675842449069, 0.5781252677552402, -0.838
",0.007618307710221131,"//H
3
j:0.128, 0.034, 0.095, -0.247, y2=0.286, fr=0.679, l=1.298
j:0.087, 0.22606762312352657, 0.6784251471981406, -0.8287420659326017, 0.39060675259679556, 0.0546317039988935, fr=0.976, l=1.183
j:0.21897301031276584, -0.2548063863068819, -0.19134270027279854, -0.48168516205623746, -0.8847577390260994, -0.30556724686175585, l=0.913
j:0.8381318571045995, 0.3363271071575582, -0.33129552425816655, -0.38540193624794483, -0.34645609091967344, 0.3092575720511377, fr=0.632
j:0.5798571878112853, -0.33378252293914557, -0.3490894758142531, 0.40303719276562333, 0.5008386299014091, 0.4069719142280519, fr=0.427, l=1.171
n:-0.014068110845983028, 0.5886625908315182, -0.27493462711572647, -0.9047758616507053, -0.1619970160536468, -0.8123831045813859, d=""|:p=0.273, r=0.99""
n:-0.6525398036465049, -0.6677550747990608, 0.14797003846615553, 0.9331988375633955, -0.26302496157586575, 0.07068255916237831, d=|:p=0.31
n:-0.878869850654155, -0.10431680222973228, 0.28231054870411754, -0.45585756935179234, 0.06596925435587764, -0.39915377367287874, d=Gpart:ry=0.019
n:0.40023409808054566, 0.9622206510975957, 0.1344101312570274, 0.9813207951374352, -0.2876633983105421, 0.5084335980936885, d=|:p=0.164
c:0.5937719056382775, 0.9959910814650357, -0.7513744640164077, -0.41517087863758206, -0.8404760789126158, 0.9018737259320915, 6.185
c:-0.29567728843539953, 0.7218596707098186, -0.7779675284400582, 0.6720073404721916, -0.5729675842449069, 0.5781252677552402, -0.838
"
40,H,52,53,"//H
3
j:0.128, 0.034, 0.095, -0.247, y2=0.286, fr=0.679, l=1.298
j:0.087, 0.22606762312352657, 0.6784251471981406, -0.8287420659326017, 0.39060675259679556, 0.0546317039988935, fr=0.976, l=1.183
j:0.21897301031276584, -0.2548063863068819, -0.19134270027279854, -0.48168516205623746, -0.8847577390260994, -0.30556724686175585, l=0.913
j:0.8381318571045995, 0.3363271071575582, -0.33129552425816655, -0.38540193624794483, -0.34645609091967344, 0.3092575720511377, fr=0.632
j:0.5798571878112853, -0.33378252293914557, -0.3490894758142531, 0.40303719276562333, 0.5008386299014091, 0.4069719142280519, fr=0.427, l=1.171
n:-0.014068110845983028, 0.5886625908315182, -0.27493462711572647, -0.9047758616507053, -0.1619970160536468, -0.8123831045813859, d=""|:p=0.273, r=0.99""
n:-0.6525398036465049, -0.654, 0.14797003846615553, 0.9331988375633955, -0.26302496157586575, 0.07068255916237831, d=|:p=0.31
n:-0.878869850654155, -0.10431680222973228, 0.28231054870411754, -0.45585756935179234, 0.06596925435587764, -0.39915377367287874, d=Gpart:ry=0.019
n:0.40023409808054566, 0.9622206510975957, 0.1344101312570274, 0.9813207951374352, -0.2876633983105421, 0.5084335980936885, d=|:p=0.164
c:0.5937719056382775, 0.9959910814650357, -0.7513744640164077, -0.41517087863758206, -0.8404760789126158, 0.9018737259320915, 6.185
c:-0.29567728843539953, 0.7218596707098186, -0.7779675284400582, 0.6720073404721916, -0.5729675842449069, 0.5781252677552402, -0.838
",0.007618307710221131,"//H
3
j:0.128, 0.034, 0.095, -0.247, y2=0.286, fr=0.679, l=1.298
j:0.087, 0.22606762312352657, 0.6784251471981406, -0.8287420659326017, 0.39060675259679556, 0.0546317039988935, fr=0.976, l=1.183
j:0.21897301031276584, -0.2548063863068819, -0.19134270027279854, -0.48168516205623746, -0.8847577390260994, -0.30556724686175585, l=0.913
j:0.8381318571045995, 0.3363271071575582, -0.33129552425816655, -0.38540193624794483, -0.34645609091967344, 0.3092575720511377, fr=0.632
j:0.5798571878112853, -0.33378252293914557, -0.3490894758142531, 0.40303719276562333, 0.5008386299014091, 0.4069719142280519, fr=0.427, l=1.171
n:-0.014068110845983028, 0.5886625908315182, -0.27493462711572647, -0.9047758616507053, -0.1619970160536468, -0.8123831045813859, d=""|:p=0.273, r=0.99""
n:-0.6525398036465049, -0.6677550747990608, 0.14797003846615553, 0.9331988375633955, -0.26302496157586575, 0.07068255916237831, d=|:p=0.31
n:-0.878869850654155, -0.10431680222973228, 0.28231054870411754, -0.45585756935179234, 0.06596925435587764, -0.39915377367287874, d=Gpart:ry=0.019
n:0.40023409808054566, 0.9622206510975957, 0.1344101312570274, 0.9813207951374352, -0.2876633983105421, 0.5084335980936885, d=|:p=0.164
c:0.5937719056382775, 0.9959910814650357, -0.7513744640164077, -0.41517087863758206, -0.8404760789126158, 0.9018737259320915, 6.185
c:-0.29567728843539953, 0.7218596707098186, -0.7779675284400582, 0.6720073404721916, -0.5729675842449069, 0.5781252677552402, -0.838
"
40,H,53,54,"//H
3
j:0.128, 0.034, 0.095, -0.247, y2=0.286, fr=0.679, l=1.298
j:0.087, 0.22606762312352657, 0.6784251471981406, -0.8287420659326017, 0.292, 0.0546317039988935, fr=0.976, l=1.183
j:0.21897301031276584, -0.2548063863068819, -0.19134270027279854, -0.48168516205623746, -0.8847577390260994, -0.30556724686175585, l=0.913
j:0.8381318571045995, 0.3363271071575582, -0.33129552425816655, -0.38540193624794483, -0.34645609091967344, 0.3092575720511377, fr=0.632
j:0.5798571878112853, -0.33378252293914557, -0.3490894758142531, 0.40303719276562333, 0.5008386299014091, 0.4069719142280519, fr=0.427, l=1.171
n:-0.014068110845983028, 0.5886625908315182, -0.27493462711572647, -0.9047758616507053, -0.1619970160536468, -0.8123831045813859, d=""|:p=0.273, r=0.99""
n:-0.6525398036465049, -0.6677550747990608, 0.14797003846615553, 0.9331988375633955, -0.26302496157586575, 0.07068255916237831, d=|:p=0.31
n:-0.878869850654155, -0.10431680222973228, 0.28231054870411754, -0.45585756935179234, 0.06596925435587764, -0.39915377367287874, d=Gpart:ry=0.019
n:0.40023409808054566, 0.9622206510975957, 0.1344101312570274, 0.9813207951374352, -0.2876633983105421, 0.5084335980936885, d=|:p=0.164
c:0.5937719056382775, 0.9959910814650357, -0.7513744640164077, -0.41517087863758206, -0.8404760789126158, 0.9018737259320915, 6.185
c:-0.29567728843539953, 0.7218596707098186, -0.7779675284400582, 0.6720073404721916, -0.5729675842449069, 0.5781252677552402, -0.838
",0.007618307710221131,"//H
3
j:0.128, 0.034, 0.095, -0.247, y2=0.286, fr=0.679, l=1.298
j:0.087, 0.22606762312352657, 0.6784251471981406, -0.8287420659326017, 0.39060675259679556, 0.0546317039988935, fr=0.976, l=1.183
j:0.21897301031276584, -0.2548063863068819, -0.19134270027279854, -0.48168516205623746, -0.8847577390260994, -0.30556724686175585, l=0.913
j:0.8381318571045995, 0.3363271071575582, -0.33129552425816655, -0.38540193624794483, -0.34645609091967344, 0.3092575720511377, fr=0.632
j:0.5798571878112853, -0.33378252293914557, -0.3490894758142531, 0.40303719276562333, 0.5008386299014091, 0.4069719142280519, fr=0.427, l=1.171
n:-0.014068110845983028, 0.5886625908315182, -0.27493462711572647, -0.9047758616507053, -0.1619970160536468, -0.8123831045813859, d=""|:p=0.273, r=0.99""
n:-0.6525398036465049, -0.6677550747990608, 0.14797003846615553, 0.9331988375633955, -0.26302496157586575, 0.07068255916237831, d=|:p=0.31
n:-0.878869850654155, -0.10431680222973228, 0.28231054870411754, -0.45585756935179234, 0.06596925435587764, -0.39915377367287874, d=Gpart:ry=0.019
n:0.40023409808054566, 0.9622206510975957, 0.1344101312570274, 0.9813207951374352, -0.2876633983105421, 0.5084335980936885, d=|:p=0.164
c:0.5937719056382775, 0.9959910814650357, -0.7513744640164077, -0.41517087863758206, -0.8404760789126158, 0.9018737259320915, 6.185
c:-0.29567728843539953, 0.7218596707098186, -0.7779675284400582, 0.6720073404721916, -0.5729675842449069, 0.5781252677552402, -0.838
"
40,H,54,55,"//H
3
j:0.128, 0.034, 0.095, -0.247, y2=0.286, fr=0.679, l=1.298
j:0.087, 0.22606762312352657, 0.6784251471981406, -0.8287420659326017, 0.39060675259679556, 0.0546317039988935, fr=0.976, l=1.183
j:0.21897301031276584, -0.2548063863068819, -0.19134270027279854, -0.48168516205623746, -0.8847577390260994, -0.30556724686175585, l=0.913
j:0.8381318571045995, 0.3363271071575582, -0.33129552425816655, -0.38540193624794483, -0.34645609091967344, 0.3092575720511377, fr=0.632
j:0.5798571878112853, -0.33378252293914557, -0.3490894758142531, 0.40303719276562333, 0.5008386299014091, 0.4069719142280519, fr=0.427, l=1.171
n:-0.014068110845983028, 0.5886625908315182, -0.27493462711572647, -0.9047758616507053, -0.1619970160536468, -0.8123831045813859, d=""|:p=0.273, r=0.99""
n:-0.6525398036465049, -0.6677550747990608, 0.14797003846615553, 0.9331988375633955, -0.26302496157586575, -0.442, d=|:p=0.31
n:-0.878869850654155, -0.10431680222973228, 0.28231054870411754, -0.45585756935179234, 0.06596925435587764, -0.39915377367287874, d=Gpart:ry=0.019
n:0.40023409808054566, 0.9622206510975957, 0.1344101312570274, 0.9813207951374352, -0.2876633983105421, 0.5084335980936885, d=|:p=0.164
c:0.5937719056382775, 0.9959910814650357, -0.7513744640164077, -0.41517087863758206, -0.8404760789126158, 0.9018737259320915, 6.185
c:-0.29567728843539953, 0.7218596707098186, -0.7779675284400582, 0.6720073404721916, -0.5729675842449069, 0.5781252677552402, -0.838
",0.007618307710221131,"//H
3
j:0.128, 0.034, 0.095, -0.247, y2=0.286, fr=0.679, l=1.298
j:0.087, 0.22606762312352657, 0.6784251471981406, -0.8287420659326017, 0.39060675259679556, 0.0546317039988935, fr=0.976, l=1.183
j:0.21897301031276584, -0.2548063863068819, -0.19134270027279854, -0.48168516205623746, -0.8847577390260994, -0.30556724686175585, l=0.913
j:0.8381318571045995, 0.3363271071575582, -0.33129552425816655, -0.38540193624794483, -0.34645609091967344, 0.3092575720511377, fr=0.632
j:0.5798571878112853, -0.33378252293914557, -0.3490894758142531, 0.40303719276562333, 0.5008386299014091, 0.4069719142280519, fr=0.427, l=1.171
n:-0.014068110845983028, 0.5886625908315182, -0.27493462711572647, -0.9047758616507053, -0.1619970160536468, -0.8123831045813859, d=""|:p=0.273, r=0.99""
n:-0.6525398036465049, -0.6677550747990608, 0.14797003846615553, 0.9331988375633955, -0.26302496157586575, 0.07068255916237831, d=|:p=0.31
n:-0.878869850654155, -0.10431680222973228, 0.28231054870411754, -0.45585756935179234, 0.06596925435587764, -0.39915377367287874, d=Gpart:ry=0.019
n:0.40023409808054566, 0.9622206510975957, 0.1344101312570274, 0.9813207951374352, -0.2876633983105421, 0.5084335980936885, d=|:p=0.164
c:0.5937719056382775, 0.9959910814650357, -0.7513744640164077, -0.41517087863758206, -0.8404760789126158, 0.9018737259320915, 6.185
c:-0.29567728843539953, 0.7218596707098186, -0.7779675284400582, 0.6720073404721916, -0.5729675842449069, 0.5781252677552402, -0.838
"
40,H,55,56,"//H
3
j:0.128, 0.034, 0.095, -0.247, y2=0.286, fr=0.679, l=1.298
j:0.087, 0.22606762312352657, 0.6784251471981406, -0.8287420659326017, 0.39060675259679556, 0.0546317039988935, fr=0.976, l=1.183
j:0.21897301031276584, -0.2548063863068819, -0.19134270027279854, -0.48168516205623746, -0.8847577390260994, -0.30556724686175585, l=0.913
j:0.8381318571045995, 0.3363271071575582, -0.33129552425816655, -0.38540193624794483, -0.34645609091967344, 0.3092575720511377, fr=0.632
j:0.5798571878112853, -0.33378252293914557, -0.3490894758142531, 0.40303719276562333, 0.5008386299014091, 0.4069719142280519, fr=0.427, l=1.171
n:-0.014068110845983028, 0.5886625908315182, -0.27493462711572647, -0.9047758616507053, -0.1619970160536468, -0.8123831045813859, d=""|:p=0.273, r=0.99""
n:-0.6525398036465049, -0.6677550747990608, 0.14797003846615553, 0.9331988375633955, -0.26302496157586575, 0.07068255916237831, d=|:p=0.31
n:-0.878869850654155, -0.10431680222973228, 0.28231054870411754, -0.45585756935179234, 0.06596925435587764, -0.39915377367287874, d=Gpart:ry=0.019
n:0.40023409808054566, 0.9622206510975957, 0.1344101312570274, 0.9813207951374352, -0.2876633983105421, 0.5084335980936885, d=|:p=0.164
n:-0.9506763522513211, 0.5465572280809283, -0.3849812760017812, 0.33368021436035633, -0.9983138535171747, 0.7008504923433065, d=G
c:0.5937719056382775, 0.9959910814650357, -0.7513744640164077, -0.41517087863758206, -0.8404760789126158, 0.9018737259320915, 6.185
c:-0.29567728843539953, 0.7218596707098186, -0.7779675284400582, 0.6720073404721916, -0.5729675842449069, 0.5781252677552402, -0.838
",0.007618307710221131,"//H
3
j:0.128, 0.034, 0.095, -0.247, y2=0.286, fr=0.679, l=1.298
j:0.087, 0.22606762312352657, 0.6784251471981406, -0.8287420659326017, 0.39060675259679556, 0.0546317039988935, fr=0.976, l=1.183
j:0.21897301031276584, -0.2548063863068819, -0.19134270027279854, -0.48168516205623746, -0.8847577390260994, -0.30556724686175585, l=0.913
j:0.8381318571045995, 0.3363271071575582, -0.33129552425816655, -0.38540193624794483, -0.34645609091967344, 0.3092575720511377, fr=0.632
j:0.5798571878112853, -0.33378252293914557, -0.3490894758142531, 0.40303719276562333, 0.5008386299014091, 0.4069719142280519, fr=0.427, l=1.171
n:-0.014068110845983028, 0.5886625908315182, -0.27493462711572647, -0.9047758616507053, -0.1619970160536468, -0.8123831045813859, d=""|:p=0.273, r=0.99""
n:-0.6525398036465049, -0.6677550747990608, 0.14797003846615553, 0.9331988375633955, -0.26302496157586575, 0.07068255916237831, d=|:p=0.31
n:-0.878869850654155, -0.10431680222973228, 0.28231054870411754, -0.45585756935179234, 0.06596925435587764, -0.39915377367287874, d=Gpart:ry=0.019
n:0.40023409808054566, 0.9622206510975957, 0.1344101312570274, 0.9813207951374352, -0.2876633983105421, 0.5084335980936885, d=|:p=0.164
c:0.5937719056382775, 0.9959910814650357, -0.7513744640164077, -0.41517087863758206, -0.8404760789126158, 0.9018737259320915, 6.185
c:-0.29567728843539953, 0.7218596707098186, -0.7779675284400582, 0.6720073404721916, -0.5729675842449069, 0.5781252677552402, -0.838
"
40,H,56,57,"//H
3
j:0.128, 0.034, 0.095, -0.247, y2=0.286, fr=0.679, l=1.298
j:0.087, 0.22606762312352657, 0.6784251471981406, -0.8287420659326017, 0.39060675259679556, 0.0546317039988935, fr=0.976, l=1.183
j:0.21897301031276584, -0.2548063863068819, -0.19134270027279854, -0.48168516205623746, -0.8847577390260994, -0.30556724686175585, l=0.913
j:0.8381318571045995, 0.3363271071575582, -0.33129552425816655, -0.38540193624794483, -0.34645609091967344, 0.3092575720511377, fr=0.632
j:0.5798571878112853, -0.33378252293914557, -0.3490894758142531, 0.40303719276562333, 0.5008386299014091, 0.4069719142280519, fr=0.427, l=1.171
n:-0.014068110845983028, 0.5886625908315182, -0.27493462711572647, -0.9047758616507053, -0.1619970160536468, -0.8123831045813859, d=""|:p=0.273, r=0.99""
n:-0.791, -0.6677550747990608, 0.14797003846615553, 0.9331988375633955, -0.26302496157586575, 0.07068255916237831, d=|:p=0.31
n:-0.878869850654155, -0.10431680222973228, 0.28231054870411754, -0.45585756935179234, 0.06596925435587764, -0.39915377367287874, d=Gpart:ry=0.019
n:0.40023409808054566, 0.9622206510975957, 0.1344101312570274, 0.9813207951374352, -0.2876633983105421, 0.5084335980936885, d=|:p=0.164
c:0.5937719056382775, 0.9959910814650357, -0.7513744640164077, -0.41517087863758206, -0.8404760789126158, 0.9018737259320915, 6.185
c:-0.29567728843539953, 0.7218596707098186, -0.7779675284400582, 0.6720073404721916, -0.5729675842449069, 0.5781252677552402, -0.838
",0.007618307710221131,"//H
3
j:0.128, 0.034, 0.095, -0.247, y2=0.286, fr=0.679, l=1.298
j:0.087, 0.22606762312352657, 0.6784251471981406, -0.8287420659326017, 0.39060675259679556, 0.0546317039988935, fr=0.976, l=1.183
j:0.21897301031276584, -0.2548063863068819, -0.19134270027279854, -0.48168516205623746, -0.8847577390260994, -0.30556724686175585, l=0.913
j:0.8381318571045995, 0.3363271071575582, -0.33129552425816655, -0.38540193624794483, -0.34645609091967344, 0.3092575720511377, fr=0.632
j:0.5798571878112853, -0.33378252293914557, -0.3490894758142531, 0.40303719276562333, 0.5008386299014091, 0.4069719142280519, fr=0.427, l=1.171
n:-0.014068110845983028, 0.5886625908315182, -0.27493462711572647, -0.9047758616507053, -0.1619970160536468, -0.8123831045813859, d=""|:p=0.273, r=0.99""
n:-0.6525398036465049, -0.6677550747990608, 0.14797003846615553, 0.9331988375633955, -0.26302496157586575, 0.07068255916237831, d=|:p=0.31
n:-0.878869850654155, -0.10431680222973228, 0.28231054870411754, -0.45585756935179234, 0.06596925435587764, -0.39915377367287874, d=Gpart:ry=0.019
n:0.40023409808054566, 0.9622206510975957, 0.1344101312570274, 0.9813207951374352, -0.2876633983105421, 0.5084335980936885, d=|:p=0.164
c:0.5937719056382775, 0.9959910814650357, -0.7513744640164077, -0.41517087863758206, -0.8404760789126158, 0.9018737259320915, 6.185
c:-0.29567728843539953, 0.7218596707098186, -0.7779675284400582, 0.6720073404721916, -0.5729675842449069, 0.5781252677552402, -0.838
"
40,H,57,58,"//H
3
j:0.128, 0.034, 0.095, -0.247, y2=0.286, fr=0.679, l=1.298
j:0.087, 0.22606762312352657, 0.6784251471981406, -0.8287420659326017, 0.39060675259679556, 0.0546317039988935, fr=0.976, l=1.183
j:0.21897301031276584, -0.2548063863068819, -0.19134270027279854, -0.48168516205623746, -0.8847577390260994, -0.30556724686175585, l=0.913
j:0.8381318571045995, 0.3363271071575582, -0.33129552425816655, -0.38540193624794483, -0.34645609091967344, 0.3092575720511377, fr=0.632
j:0.5798571878112853, -0.33378252293914557, -0.3490894758142531, 0.40303719276562333, 0.5008386299014091, 0.4069719142280519, fr=0.427, l=1.171
n:-0.014068110845983028, 0.5886625908315182, -0.27493462711572647, -0.9047758616507053, -0.1619970160536468, -0.8123831045813859, d=""|:p=0.273, r=0.99""
n:-0.6525398036465049, -0.6677550747990608, 0.14797003846615553, 0.9331988375633955, -0.26302496157586575, 0.07068255916237831, d=|:p=0.313
n:-0.878869850654155, -0.10431680222973228, 0.28231054870411754, -0.45585756935179234, 0.06596925435587764, -0.39915377367287874, d=Gpart:ry=0.019
n:0.40023409808054566, 0.9622206510975957, 0.1344101312570274, 0.9813207951374352, -0.2876633983105421, 0.5084335980936885, d=|:p=0.164
c:0.5937719056382775, 0.9959910814650357, -0.7513744640164077, -0.41517087863758206, -0.8404760789126158, 0.9018737259320915, 6.185
c:-0.29567728843539953, 0.7218596707098186, -0.7779675284400582, 0.6720073404721916, -0.5729675842449069, 0.5781252677552402, -0.838
",0.007756288693209615,"//H
3
j:0.128, 0.034, 0.095, -0.247, y2=0.286, fr=0.679, l=1.298
j:0.087, 0.22606762312352657, 0.6784251471981406, -0.8287420659326017, 0.39060675259679556, 0.0546317039988935, fr=0.976, l=1.183
j:0.21897301031276584, -0.2548063863068819, -0.19134270027279854, -0.48168516205623746, -0.8847577390260994, -0.30556724686175585, l=0.913
j:0.8381318571045995, 0.3363271071575582, -0.33129552425816655, -0.38540193624794483, -0.34645609091967344, 0.3092575720511377, fr=0.632
j:0.5798571878112853, -0.33378252293914557, -0.3490894758142531, 0.40303719276562333, 0.5008386299014091, 0.4069719142280519, fr=0.427, l=1.171
n:-0.014068110845983028, 0.5886625908315182, -0.27493462711572647, -0.9047758616507053, -0.1619970160536468, -0.8123831045813859, d=""|:p=0.273, r=0.99""
n:-0.6525398036465049, -0.6677550747990608, 0.14797003846615553, 0.9331988375633955, -0.26302496157586575, 0.07068255916237831, d=|:p=0.31
n:-0.878869850654155, -0.10431680222973228, 0.28231054870411754, -0.45585756935179234, 0.06596925435587764, -0.39915377367287874, d=Gpart:ry=0.019
n:0.40023409808054566, 0.9622206510975957, 0.1344101312570274, 0.9813207951374352, -0.2876633983105421, 0.5084335980936885, d=|:p=0.164
c:0.5937719056382775, 0.9959910814650357, -0.7513744640164077, -0.41517087863758206, -0.8404760789126158, 0.9018737259320915, 6.185
c:-0.29567728843539953, 0.7218596707098186, -0.7779675284400582, 0.6720073404721916, -0.5729675842449069, 0.5781252677552402, -0.838
"
40,H,58,59,"//H
3
j:0.128, 0.034, 0.095, -0.247, y2=0.286, fr=0.679, l=1.298
j:0.087, 0.22606762312352657, 0.6784251471981406, -0.8287420659326017, 0.39060675259679556, 0.0546317039988935, fr=0.976, l=1.183
j:0.21897301031276584, -0.2548063863068819, -0.19134270027279854, -0.48168516205623746, -0.8847577390260994, -0.30556724686175585, l=0.913
j:0.8381318571045995, 0.3363271071575582, -0.33129552425816655, -0.38540193624794483, -0.34645609091967344, 0.3092575720511377, fr=0.632
j:0.5798571878112853, -0.33378252293914557, -0.3490894758142531, 0.40303719276562333, 0.5008386299014091, 0.4069719142280519, fr=0.427, l=1.171
n:-0.014068110845983028, 0.5886625908315182, -0.27493462711572647, -0.9047758616507053, -0.1619970160536468, -0.8123831045813859, d=""|:p=0.273, r=0.99""
n:-0.6525398036465049, -0.6677550747990608, 0.14797003846615553, 0.9331988375633955, -0.26302496157586575, 0.07068255916237831, d=|:p=0.313
n:-0.878869850654155, -0.10431680222973228, 0.28231054870411754, -0.45585756935179234, 0.06596925435587764, -0.39915377367287874, d=Gpart:ry=0.019
n:0.40023409808054566, 0.9622206510975957, 0.1344101312570274, 0.9813207951374352, -0.2876633983105421, 0.5084335980936885, d=|:p=0.164
c:0.5937719056382775, 0.9959910814650357, -0.7513744640164077, -0.41517087863758206, -0.8404760789126158, 0.9018737259320915, 6.185
c:-0.29567728843539953, 0.604, -0.7779675284400582, 0.6720073404721916, -0.5729675842449069, 0.5781252677552402, -0.838
",0.007756288693209615,"//H
3
j:0.128, 0.034, 0.095, -0.247, y2=0.286, fr=0.679, l=1.298
j:0.087, 0.22606762312352657, 0.6784251471981406, -0.8287420659326017, 0.39060675259679556, 0.0546317039988935, fr=0.976, l=1.183
j:0.21897301031276584, -0.2548063863068819, -0.19134270027279854, -0.48168516205623746, -0.8847577390260994, -0.30556724686175585, l=0.913
j:0.8381318571045995, 0.3363271071575582, -0.33129552425816655, -0.38540193624794483, -0.34645609091967344, 0.3092575720511377, fr=0.632
j:0.5798571878112853, -0.33378252293914557, -0.3490894758142531, 0.40303719276562333, 0.5008386299014091, 0.4069719142280519, fr=0.427, l=1.171
n:-0.014068110845983028, 0.5886625908315182, -0.27493462711572647, -0.9047758616507053, -0.1619970160536468, -0.8123831045813859, d=""|:p=0.273, r=0.99""
n:-0.6525398036465049, -0.6677550747990608, 0.14797003846615553, 0.9331988375633955, -0.26302496157586575, 0.07068255916237831, d=|:p=0.313
n:-0.878869850654155, -0.10431680222973228, 0.28231054870411754, -0.45585756935179234, 0.06596925435587764, -0.39915377367287874, d=Gpart:ry=0.019
n:0.40023409808054566, 0.9622206510975957, 0.1344101312570274, 0.9813207951374352, -0.2876633983105421, 0.5084335980936885, d=|:p=0.164
c:0.5937719056382775, 0.9959910814650357, -0.7513744640164077, -0.41517087863758206, -0.8404760789126158, 0.9018737259320915, 6.185
c:-0.29567728843539953, 0.7218596707098186, -0.7779675284400582, 0.6720073404721916, -0.5729675842449069, 0.5781252677552402, -0.838
"
40,H,59,60,"//H
3
j:0.128, 0.034, 0.095, -0.247, y2=0.286, fr=0.679, l=1.298
j:0.087, 0.22606762312352657, 0.6784251471981406, -0.8287420659326017, 0.39060675259679556, 0.0546317039988935, fr=0.976, l=1.183
j:0.21897301031276584, -0.2548063863068819, -0.19134270027279854, -0.48168516205623746, -0.8847577390260994, -0.30556724686175585, rotstif=0.75, l=0.913
j:0.8381318571045995, 0.3363271071575582, -0.33129552425816655, -0.38540193624794483, -0.34645609091967344, 0.3092575720511377, fr=0.632
j:0.5798571878112853, -0.33378252293914557, -0.3490894758142531, 0.40303719276562333, 0.5008386299014091, 0.4069719142280519, fr=0.427, l=1.171
n:-0.014068110845983028, 0.5886625908315182, -0.27493462711572647, -0.9047758616507053, -0.1619970160536468, -0.8123831045813859, d=""|:p=0.273, r=0.99""
n:-0.6525398036465049, -0.6677550747990608, 0.14797003846615553, 0.9331988375633955, -0.26302496157586575, 0.07068255916237831, d=|:p=0.313
n:-0.878869850654155, -0.10431680222973228, 0.28231054870411754, -0.45585756935179234, 0.06596925435587764, -0.39915377367287874, d=Gpart:ry=0.019
n:0.40023409808054566, 0.9622206510975957, 0.1344101312570274, 0.9813207951374352, -0.2876633983105421, 0.5084335980936885, d=|:p=0.164
c:0.5937719056382775, 0.9959910814650357, -0.7513744640164077, -0.41517087863758206, -0.8404760789126158, 0.9018737259320915, 6.185
c:-0.29567728843539953, 0.7218596707098186, -0.7779675284400582, 0.6720073404721916, -0.5729675842449069, 0.5781252677552402, -0.838
",0.007756288693209615,"//H
3
j:0.128, 0.034, 0.095, -0.247, y2=0.286, fr=0.679, l=1.298
j:0.087, 0.22606762312352657, 0.6784251471981406, -0.8287420659326017, 0.39060675259679556, 0.0546317039988935, fr=0.976, l=1.183
j:0.21897301031276584, -0.2548063863068819, -0.19134270027279854, -0.48168516205623746, -0.8847577390260994, -0.30556724686175585, l=0.913
j:0.8381318571045995, 0.3363271071575582, -0.33129552425816655, -0.38540193624794483, -0.34645609091967344, 0.3092575720511377, fr=0.632
j:0.5798571878112853, -0.33378252293914557, -0.3490894758142531, 0.40303719276562333, 0.5008386299014091, 0.4069719142280519, fr=0.427, l=1.171
n:-0.014068110845983028, 0.5886625908315182, -0.27493462711572647, -0.9047758616507053, -0.1619970160536468, -0.8123831045813859, d=""|:p=0.273, r=0.99""
n:-0.6525398036465049, -0.6677550747990608, 0.14797003846615553, 0.9331988375633955, -0.26302496157586575, 0.07068255916237831, d=|:p=0.313
n:-0.878869850654155, -0.10431680222973228, 0.28231054870411754, -0.45585756935179234, 0.06596925435587764, -0.39915377367287874, d=Gpart:ry=0.019
n:0.40023409808054566, 0.9622206510975957, 0.1344101312570274, 0.9813207951374352, -0.2876633983105421, 0.5084335980936885, d=|:p=0.164
c:0.5937719056382775, 0.9959910814650357, -0.7513744640164077, -0.41517087863758206, -0.8404760789126158, 0.9018737259320915, 6.185
c:-0.29567728843539953, 0.7218596707098186, -0.7779675284400582, 0.6720073404721916, -0.5729675842449069, 0.5781252677552402, -0.838
"
40,H,60,61,"//H
3
j:0.128, 0.034, 0.095, -0.247, y2=0.286, fr=0.679, l=1.298
j:0.087, 0.22606762312352657, 0.6784251471981406, -0.8287420659326017, 0.39060675259679556, 0.0546317039988935, fr=0.976, l=1.183
j:0.21897301031276584, -0.2548063863068819, -0.19134270027279854, 0.193, -0.8847577390260994, -0.30556724686175585, l=0.913
j:0.8381318571045995, 0.3363271071575582, -0.33129552425816655, -0.38540193624794483, -0.34645609091967344, 0.3092575720511377, fr=0.632
j:0.5798571878112853, -0.33378252293914557, -0.3490894758142531, 0.40303719276562333, 0.5008386299014091, 0.4069719142280519, fr=0.427, l=1.171
n:-0.014068110845983028, 0.5886625908315182, -0.27493462711572647, -0.9047758616507053, -0.1619970160536468, -0.8123831045813859, d=""|:p=0.273, r=0.99""
n:-0.6525398036465049, -0.6677550747990608, 0.14797003846615553, 0.9331988375633955, -0.26302496157586575, 0.07068255916237831, d=|:p=0.313
n:-0.878869850654155, -0.10431680222973228, 0.28231054870411754, -0.45585756935179234, 0.06596925435587764, -0.39915377367287874, d=Gpart:ry=0.019
n:0.40023409808054566, 0.9622206510975957, 0.1344101312570274, 0.9813207951374352, -0.2876633983105421, 0.5084335980936885, d=|:p=0.164
c:0.5937719056382775, 0.9959910814650357, -0.7513744640164077, -0.41517087863758206, -0.8404760789126158, 0.9018737259320915, 6.185
c:-0.29567728843539953, 0.7218596707098186, -0.7779675284400582, 0.6720073404721916, -0.5729675842449069, 0.5781252677552402, -0.838
",0.007756288693209615,"//H
3
j:0.128, 0.034, 0.095, -0.247, y2=0.286, fr=0.679, l=1.298
j:0.087, 0.22606762312352657, 0.6784251471981406, -0.8287420659326017, 0.39060675259679556, 0.0546317039988935, fr=0.976, l=1.183
j:0.21897301031276584, -0.2548063863068819, -0.19134270027279854, -0.48168516205623746, -0.8847577390260994, -0.30556724686175585, l=0.913
j:0.8381318571045995, 0.3363271071575582, -0.33129552425816655, -0.38540193624794483, -0.34645609091967344, 0.3092575720511377, fr=0.632
j:0.5798571878112853, -0.33378252293914557, -0.3490894758142531, 0.40303719276562333, 0.5008386299014091, 0.4069719142280519, fr=0.427, l=1.171
n:-0.014068110845983028, 0.5886625908315182, -0.27493462711572647, -0.9047758616507053, -0.1619970160536468, -0.8123831045813859, d=""|:p=0.273, r=0.99""
n:-0.6525398036465049, -0.6677550747990608, 0.14797003846615553, 0.9331988375633955, -0.26302496157586575, 0.07068255916237831, d=|:p=0.313
n:-0.878869850654155, -0.10431680222973228, 0.28231054870411754, -0.45585756935179234, 0.06596925435587764, -0.39915377367287874, d=Gpart:ry=0.019
n:0.40023409808054566, 0.9622206510975957, 0.1344101312570274, 0.9813207951374352, -0.2876633983105421, 0.5084335980936885, d=|:p=0.164
c:0.5937719056382775, 0.9959910814650357, -0.7513744640164077, -0.41517087863758206, -0.8404760789126158, 0.9018737259320915, 6.185
c:-0.29567728843539953, 0.7218596707098186, -0.7779675284400582, 0.6720073404721916, -0.5729675842449069, 0.5781252677552402, -0.838
"
40,H,61,62,"//H
3
j:0.128, 0.034, 0.095, -0.247, y2=0.286, fr=0.679, l=1.298
j:0.087, 0.22606762312352657, 0.6784251471981406, -0.8287420659326017, 0.39060675259679556, 0.0546317039988935, fr=0.976, l=1.183
j:0.21897301031276584, -0.2548063863068819, -0.19134270027279854, -0.48168516205623746, -0.8847577390260994, -0.30556724686175585, rotstif=0.765, l=0.913
j:0.8381318571045995, 0.3363271071575582, -0.33129552425816655, -0.38540193624794483, -0.34645609091967344, 0.3092575720511377, fr=0.632
j:0.5798571878112853, -0.33378252293914557, -0.3490894758142531, 0.40303719276562333, 0.5008386299014091, 0.4069719142280519, fr=0.427, l=1.171
n:-0.014068110845983028, 0.5886625908315182, -0.27493462711572647, -0.9047758616507053, -0.1619970160536468, -0.8123831045813859, d=""|:p=0.273, r=0.99""
n:-0.6525398036465049, -0.6677550747990608, 0.14797003846615553, 0.9331988375633955, -0.26302496157586575, 0.07068255916237831, d=|:p=0.313
n:-0.878869850654155, -0.10431680222973228, 0.28231054870411754, -0.45585756935179234, 0.06596925435587764, -0.39915377367287874, d=Gpart:ry=0.019
n:0.40023409808054566, 0.9622206510975957, 0.1344101312570274, 0.9813207951374352, -0.2876633983105421, 0.5084335980936885, d=|:p=0.164
c:0.5937719056382775, 0.9959910814650357, -0.7513744640164077, -0.41517087863758206, -0.8404760789126158, 0.9018737259320915, 6.185
c:-0.29567728843539953, 0.7218596707098186, -0.7779675284400582, 0.6720073404721916, -0.5729675842449069, 0.5781252677552402, -0.838
",0.007756288693209615,"//H
3
j:0.128, 0.034, 0.095, -0.247, y2=0.286, fr=0.679, l=1.298
j:0.087, 0.22606762312352657, 0.6784251471981406, -0.8287420659326017, 0.39060675259679556, 0.0546317039988935, fr=0.976, l=1.183
j:0.21897301031276584, -0.2548063863068819, -0.19134270027279854, -0.48168516205623746, -0.8847577390260994, -0.30556724686175585, l=0.913
j:0.8381318571045995, 0.3363271071575582, -0.33129552425816655, -0.38540193624794483, -0.34645609091967344, 0.3092575720511377, fr=0.632
j:0.5798571878112853, -0.33378252293914557, -0.3490894758142531, 0.40303719276562333, 0.5008386299014091, 0.4069719142280519, fr=0.427, l=1.171
n:-0.014068110845983028, 0.5886625908315182, -0.27493462711572647, -0.9047758616507053, -0.1619970160536468, -0.8123831045813859, d=""|:p=0.273, r=0.99""
n:-0.6525398036465049, -0.6677550747990608, 0.14797003846615553, 0.9331988375633955, -0.26302496157586575, 0.07068255916237831, d=|:p=0.313
n:-0.878869850654155, -0.10431680222973228, 0.28231054870411754, -0.45585756935179234, 0.06596925435587764, -0.39915377367287874, d=Gpart:ry=0.019
n:0.40023409808054566, 0.9622206510975957, 0.1344101312570274, 0.9813207951374352, -0.2876633983105421, 0.5084335980936885, d=|:p=0.164
c:0.5937719056382775, 0.9959910814650357, -0.7513744640164077, -0.41517087863758206, -0.8404760789126158, 0.9018737259320915, 6.185
c:-0.29567728843539953, 0.7218596707098186, -0.7779675284400582, 0.6720073404721916, -0.5729675842449069, 0.5781252677552402, -0.838
"
40,H,62,63,"//H
3
j:0.128, 0.032, 0.095, -0.247, y2=0.286, fr=0.679, l=1.298
j:0.087, 0.22606762312352657, 0.6784251471981406, -0.8287420659326017, 0.39060675259679556, 0.0546317039988935, fr=0.976, l=1.183
j:0.21897301031276584, -0.2548063863068819, -0.19134270027279854, -0.48168516205623746, -0.8847577390260994, -0.30556724686175585, l=0.913
j:0.8381318571045995, 0.3363271071575582, -0.33129552425816655, -0.38540193624794483, -0.34645609091967344, 0.3092575720511377, fr=0.632
j:0.5798571878112853, -0.33378252293914557, -0.3490894758142531, 0.40303719276562333, 0.5008386299014091, 0.4069719142280519, fr=0.427, l=1.171
n:-0.014068110845983028, 0.5886625908315182, -0.27493462711572647, -0.9047758616507053, -0.1619970160536468, -0.8123831045813859, d=""|:p=0.273, r=0.99""
n:-0.6525398036465049, -0.6677550747990608, 0.14797003846615553, 0.9331988375633955, -0.26302496157586575, 0.07068255916237831, d=|:p=0.313
n:-0.878869850654155, -0.10431680222973228, 0.28231054870411754, -0.45585756935179234, 0.06596925435587764, -0.39915377367287874, d=Gpart:ry=0.019
n:0.40023409808054566, 0.9622206510975957, 0.1344101312570274, 0.9813207951374352, -0.2876633983105421, 0.5084335980936885, d=|:p=0.164
c:0.5937719056382775, 0.9959910814650357, -0.7513744640164077, -0.41517087863758206, -0.8404760789126158, 0.9018737259320915, 6.185
c:-0.29567728843539953, 0.7218596707098186, -0.7779675284400582, 0.6720073404721916, -0.5729675842449069, 0.5781252677552402, -0.838
",0.007756288693209615,"//H
3
j:0.128, 0.034, 0.095, -0.247, y2=0.286, fr=0.679, l=1.298
j:0.087, 0.22606762312352657, 0.6784251471981406, -0.8287420659326017, 0.39060675259679556, 0.0546317039988935, fr=0.976, l=1.183
j:0.21897301031276584, -0.2548063863068819, -0.19134270027279854, -0.48168516205623746, -0.8847577390260994, -0.30556724686175585, l=0.913
j:0.8381318571045995, 0.3363271071575582, -0.33129552425816655, -0.38540193624794483, -0.34645609091967344, 0.3092575720511377, fr=0.632
j:0.5798571878112853, -0.33378252293914557, -0.3490894758142531, 0.40303719276562333, 0.5008386299014091, 0.4069719142280519, fr=0.427, l=1.171
n:-0.014068110845983028, 0.5886625908315182, -0.27493462711572647, -0.9047758616507053, -0.1619970160536468, -0.8123831045813859, d=""|:p=0.273, r=0.99""
n:-0.6525398036465049, -0.6677550747990608, 0.14797003846615553, 0.9331988375633955, -0.26302496157586575, 0.07068255916237831, d=|:p=0.313
n:-0.878869850654155, -0.10431680222973228, 0.28231054870411754, -0.45585756935179234, 0.06596925435587764, -0.39915377367287874, d=Gpart:ry=0.019
n:0.40023409808054566, 0.9622206510975957, 0.1344101312570274, 0.9813207951374352, -0.2876633983105421, 0.5084335980936885, d=|:p=0.164
c:0.5937719056382775, 0.9959910814650357, -0.7513744640164077, -0.41517087863758206, -0.8404760789126158, 0.9018737259320915, 6.185
c:-0.29567728843539953, 0.7218596707098186, -0.7779675284400582, 0.6720073404721916, -0.5729675842449069, 0.5781252677552402, -0.838
"
40,H,63,64,"//H
3
j:0.128, 0.034, 0.095, -0.247, y2=0.286, fr=0.679, l=1.298
j:0.087, 0.22606762312352657, 0.6784251471981406, -0.8287420659326017, 0.39060675259679556, 0.0546317039988935, fr=0.976, l=1.183
j:0.21897301031276584, -0.2548063863068819, -0.19134270027279854, -0.48168516205623746, -0.8847577390260994, -0.30556724686175585, l=0.913
j:0.8381318571045995, 0.3363271071575582, -0.29, -0.38540193624794483, -0.34645609091967344, 0.3092575720511377, fr=0.632
j:0.5798571878112853, -0.33378252293914557, -0.3490894758142531, 0.40303719276562333, 0.5008386299014091, 0.4069719142280519, fr=0.427, l=1.171
n:-0.014068110845983028, 0.5886625908315182, -0.27493462711572647, -0.9047758616507053, -0.1619970160536468, -0.8123831045813859, d=""|:p=0.273, r=0.99""
n:-0.6525398036465049, -0.6677550747990608, 0.14797003846615553, 0.9331988375633955, -0.26302496157586575, 0.07068255916237831, d=|:p=0.313
n:-0.878869850654155, -0.10431680222973228, 0.28231054870411754, -0.45585756935179234, 0.06596925435587764, -0.39915377367287874, d=Gpart:ry=0.019
n:0.40023409808054566, 0.9622206510975957, 0.1344101312570274, 0.9813207951374352, -0.2876633983105421, 0.5084335980936885, d=|:p=0.164
c:0.5937719056382775, 0.9959910814650357, -0.7513744640164077, -0.41517087863758206, -0.8404760789126158, 0.9018737259320915, 6.185
c:-0.29567728843539953, 0.7218596707098186, -0.7779675284400582, 0.6720073404721916, -0.5729675842449069, 0.5781252677552402, -0.838
",0.007756288693209615,"//H
3
j:0.128, 0.034, 0.095, -0.247, y2=0.286, fr=0.679, l=1.298
j:0.087, 0.22606762312352657, 0.6784251471981406, -0.8287420659326017, 0.39060675259679556, 0.0546317039988935, fr=0.976, l=1.183
j:0.21897301031276584, -0.2548063863068819, -0.19134270027279854, -0.48168516205623746, -0.8847577390260994, -0.30556724686175585, l=0.913
j:0.8381318571045995, 0.3363271071575582, -0.33129552425816655, -0.38540193624794483, -0.34645609091967344, 0.3092575720511377, fr=0.632
j:0.5798571878112853, -0.33378252293914557, -0.3490894758142531, 0.40303719276562333, 0.5008386299014091, 0.4069719142280519, fr=0.427, l=1.171
n:-0.014068110845983028, 0.5886625908315182, -0.27493462711572647, -0.9047758616507053, -0.1619970160536468, -0.8123831045813859, d=""|:p=0.273, r=0.99""
n:-0.6525398036465049, -0.6677550747990608, 0.14797003846615553, 0.9331988375633955, -0.26302496157586575, 0.07068255916237831, d=|:p=0.313
n:-0.878869850654155, -0.10431680222973228, 0.28231054870411754, -0.45585756935179234, 0.06596925435587764, -0.39915377367287874, d=Gpart:ry=0.019
n:0.40023409808054566, 0.9622206510975957, 0.1344101312570274, 0.9813207951374352, -0.2876633983105421, 0.5084335980936885, d=|:p=0.164
c:0.5937719056382775, 0.9959910814650357, -0.7513744640164077, -0.41517087863758206, -0.8404760789126158, 0.9018737259320915, 6.185
c:-0.29567728843539953, 0.7218596707098186, -0.7779675284400582, 0.6720073404721916, -0.5729675842449069, 0.5781252677552402, -0.838
"
40,H,64,65,"//H
3
j:0.128, 0.034, 0.095, -0.247, y2=0.286, fr=0.679, rotstif=0.944, l=1.298
j:0.087, 0.22606762312352657, 0.6784251471981406, -0.8287420659326017, 0.39060675259679556, 0.0546317039988935, fr=0.976, l=1.183
j:0.21897301031276584, -0.2548063863068819, -0.19134270027279854, -0.48168516205623746, -0.8847577390260994, -0.30556724686175585, l=0.913
j:0.8381318571045995, 0.3363271071575582, -0.33129552425816655, -0.38540193624794483, -0.34645609091967344, 0.3092575720511377, fr=0.632
j:0.5798571878112853, -0.33378252293914557, -0.3490894758142531, 0.40303719276562333, 0.5008386299014091, 0.4069719142280519, fr=0.427, l=1.171
n:-0.014068110845983028, 0.5886625908315182, -0.27493462711572647, -0.9047758616507053, -0.1619970160536468, -0.8123831045813859, d=""|:p=0.273, r=0.99""
n:-0.6525398036465049, -0.6677550747990608, 0.14797003846615553, 0.9331988375633955, -0.26302496157586575, 0.07068255916237831, d=|:p=0.313
n:-0.878869850654155, -0.10431680222973228, 0.28231054870411754, -0.45585756935179234, 0.06596925435587764, -0.39915377367287874, d=Gpart:ry=0.019
n:0.40023409808054566, 0.9622206510975957, 0.1344101312570274, 0.9813207951374352, -0.2876633983105421, 0.5084335980936885, d=|:p=0.164
c:0.5937719056382775, 0.9959910814650357, -0.7513744640164077, -0.41517087863758206, -0.8404760789126158, 0.9018737259320915, 6.185
c:-0.29567728843539953, 0.7218596707098186, -0.7779675284400582, 0.6720073404721916, -0.5729675842449069, 0.5781252677552402, -0.838
",0.007756288693209615,"//H
3
j:0.128, 0.034, 0.095, -0.247, y2=0.286, fr=0.679, l=1.298
j:0.087, 0.22606762312352657, 0.6784251471981406, -0.8287420659326017, 0.39060675259679556, 0.0546317039988935, fr=0.976, l=1.183
j:0.21897301031276584, -0.2548063863068819, -0.19134270027279854, -0.48168516205623746, -0.8847577390260994, -0.30556724686175585, l=0.913
j:0.8381318571045995, 0.3363271071575582, -0.33129552425816655, -0.38540193624794483, -0.34645609091967344, 0.3092575720511377, fr=0.632
j:0.5798571878112853, -0.33378252293914557, -0.3490894758142531, 0.40303719276562333, 0.5008386299014091, 0.4069719142280519, fr=0.427, l=1.171
n:-0.014068110845983028, 0.5886625908315182, -0.27493462711572647, -0.9047758616507053, -0.1619970160536468, -0.8123831045813859, d=""|:p=0.273, r=0.99""
n:-0.6525398036465049, -0.6677550747990608, 0.14797003846615553, 0.9331988375633955, -0.26302496157586575, 0.07068255916237831, d=|:p=0.313
n:-0.878869850654155, -0.10431680222973228, 0.28231054870411754, -0.45585756935179234, 0.06596925435587764, -0.39915377367287874, d=Gpart:ry=0.019
n:0.40023409808054566, 0.9622206510975957, 0.1344101312570274, 0.9813207951374352, -0.2876633983105421, 0.5084335980936885, d=|:p=0.164
c:0.5937719056382775, 0.9959910814650357, -0.7513744640164077, -0.41517087863758206, -0.8404760789126158, 0.9018737259320915, 6.185
c:-0.29567728843539953, 0.7218596707098186, -0.7779675284400582, 0.6720073404721916, -0.5729675842449069, 0.5781252677552402, -0.838
"
40,H,65,66,"//H
3
j:0.128, 0.034, 0.095, -0.247, y2=0.286, fr=0.679, l=1.298
j:0.087, 0.22606762312352657, 0.6784251471981406, -0.8287420659326017, 0.39060675259679556, 0.0546317039988935, fr=0.976, l=1.183
j:0.21897301031276584, -0.2548063863068819, -0.19134270027279854, -0.48168516205623746, -0.8847577390260994, -0.30556724686175585, l=0.913
j:0.8381318571045995, 0.3363271071575582, -0.33129552425816655, -0.38540193624794483, -0.34645609091967344, 0.3092575720511377, fr=0.632
j:0.5798571878112853, -0.33378252293914557, -0.3490894758142531, 0.40303719276562333, 0.5008386299014091, 0.4069719142280519, fr=0.427, l=1.171
n:-0.014068110845983028, 0.5886625908315182, -0.27493462711572647, -0.9047758616507053, -0.1619970160536468, -0.8123831045813859, d=""|:p=0.273, r=0.99""
n:-0.6525398036465049, -0.6677550747990608, 0.14797003846615553, 0.9331988375633955, -0.26302496157586575, 0.07068255916237831, d=|:p=0.313
n:-0.878869850654155, -0.10431680222973228, 0.28231054870411754, -0.45585756935179234, 0.06596925435587764, -0.39915377367287874, d=Gpart:ry=0.019
n:0.211, 0.9622206510975957, 0.1344101312570274, 0.9813207951374352, -0.2876633983105421, 0.5084335980936885, d=|:p=0.164
c:0.5937719056382775, 0.9959910814650357, -0.7513744640164077, -0.41517087863758206, -0.8404760789126158, 0.9018737259320915, 6.185
c:-0.29567728843539953, 0.7218596707098186, -0.7779675284400582, 0.6720073404721916, -0.5729675842449069, 0.5781252677552402, -0.838
",0.007756288693209615,"//H
3
j:0.128, 0.034, 0.095, -0.247, y2=0.286, fr=0.679, l=1.298
j:0.087, 0.22606762312352657, 0.6784251471981406, -0.8287420659326017, 0.39060675259679556, 0.0546317039988935, fr=0.976, l=1.183
j:0.21897301031276584, -0.2548063863068819, -0.19134270027279854, -0.48168516205623746, -0.8847577390260994, -0.30556724686175585, l=0.913
j:0.8381318571045995, 0.3363271071575582, -0.33129552425816655, -0.38540193624794483, -0.34645609091967344, 0.3092575720511377, fr=0.632
j:0.5798571878112853, -0.33378252293914557, -0.3490894758142531, 0.40303719276562333, 0.5008386299014091, 0.4069719142280519, fr=0.427, l=1.171
n:-0.014068110845983028, 0.5886625908315182, -0.27493462711572647, -0.9047758616507053, -0.1619970160536468, -0.8123831045813859, d=""|:p=0.273, r=0.99""
n:-0.6525398036465049, -0.6677550747990608, 0.14797003846615553, 0.9331988375633955, -0.26302496157586575, 0.07068255916237831, d=|:p=0.313
n:-0.878869850654155, -0.10431680222973228, 0.28231054870411754, -0.45585756935179234, 0.06596925435587764, -0.39915377367287874, d=Gpart:ry=0.019
n:0.40023409808054566, 0.9622206510975957, 0.1344101312570274, 0.9813207951374352, -0.2876633983105421, 0.5084335980936885, d=|:p=0.164
c:0.5937719056382775, 0.9959910814650357, -0.7513744640164077, -0.41517087863758206, -0.8404760789126158, 0.9018737259320915, 6.185
c:-0.29567728843539953, 0.7218596707098186, -0.7779675284400582, 0.6720073404721916, -0.5729675842449069, 0.5781252677552402, -0.838
"
40,H,66,67,"//H
3
j:0.128, 0.034, 0.095, -0.247, y2=0.286, fr=0.679, l=1.298
j:0.087, 0.22606762312352657, 0.6784251471981406, -0.8287420659326017, 0.39060675259679556, 0.0546317039988935, fr=0.976, l=1.183
j:0.21897301031276584, -0.2548063863068819, -0.19134270027279854, -0.48168516205623746, -0.8847577390260994, -0.30556724686175585, l=0.913
j:0.8381318571045995, 0.3363271071575582, -0.33129552425816655, -0.38540193624794483, -0.34645609091967344, 0.3092575720511377, fr=0.632
j:0.5798571878112853, -0.33378252293914557, -0.3490894758142531, 0.40303719276562333, 0.5008386299014091, 0.4069719142280519, fr=0.427, l=1.171
n:-0.014068110845983028, 0.5886625908315182, -0.27493462711572647, -0.9047758616507053, -0.1619970160536468, -0.8123831045813859, d=""|:p=0.273, r=0.99""
n:-0.6525398036465049, -0.6677550747990608, 0.14797003846615553, 0.9331988375633955, -0.26302496157586575, 0.07068255916237831, d=|:p=0.313
n:-0.878869850654155, -0.10431680222973228, 0.28231054870411754, -0.61, 0.06596925435587764, -0.39915377367287874, d=Gpart:ry=0.019
n:0.40023409808054566, 0.9622206510975957, 0.1344101312570274, 0.9813207951374352, -0.2876633983105421, 0.5084335980936885, d=|:p=0.164
c:0.5937719056382775, 0.9959910814650357, -0.7513744640164077, -0.41517087863758206, -0.8404760789126158, 0.9018737259320915, 6.185
c:-0.29567728843539953, 0.7218596707098186, -0.7779675284400582, 0.6720073404721916, -0.5729675842449069, 0.5781252677552402, -0.838
",0.007756288693209615,"//H
3
j:0.128, 0.034, 0.095, -0.247, y2=0.286, fr=0.679, l=1.298
j:0.087, 0.22606762312352657, 0.6784251471981406, -0.8287420659326017, 0.39060675259679556, 0.0546317039988935, fr=0.976, l=1.183
j:0.21897301031276584, -0.2548063863068819, -0.19134270027279854, -0.48168516205623746, -0.8847577390260994, -0.30556724686175585, l=0.913
j:0.8381318571045995, 0.3363271071575582, -0.33129552425816655, -0.38540193624794483, -0.34645609091967344, 0.3092575720511377, fr=0.632
j:0.5798571878112853, -0.33378252293914557, -0.3490894758142531, 0.40303719276562333, 0.5008386299014091, 0.4069719142280519, fr=0.427, l=1.171
n:-0.014068110845983028, 0.5886625908315182, -0.27493462711572647, -0.9047758616507053, -0.1619970160536468, -0.8123831045813859, d=""|:p=0.273, r=0.99""
n:-0.6525398036465049, -0.6677550747990608, 0.14797003846615553, 0.9331988375633955, -0.26302496157586575, 0.07068255916237831, d=|:p=0.313
n:-0.878869850654155, -0.10431680222973228, 0.28231054870411754, -0.45585756935179234, 0.06596925435587764, -0.39915377367287874, d=Gpart:ry=0.019
n:0.40023409808054566, 0.9622206510975957, 0.1344101312570274, 0.9813207951374352, -0.2876633983105421, 0.5084335980936885, d=|:p=0.164
c:0.5937719056382775, 0.9959910814650357, -0.7513744640164077, -0.41517087863758206, -0.8404760789126158, 0.9018737259320915, 6.185
c:-0.29567728843539953, 0.7218596707098186, -0.7779675284400582, 0.6720073404721916, -0.5729675842449069, 0.5781252677552402, -0.838
"
40,H,67,68,"//H
3
j:0.128, 0.034, 0.095, -0.247, y2=0.286, fr=0.679, l=1.298
j:0.087, 0.22606762312352657, 0.6784251471981406, -0.8287420659326017, 0.39060675259679556, 0.0546317039988935, fr=0.976, l=1.183
j:0.21897301031276584, -0.2548063863068819, -0.19134270027279854, -0.48168516205623746, -0.8847577390260994, -0.30556724686175585, l=0.913
j:0.8381318571045995, 0.3363271071575582, -0.33129552425816655, -0.38540193624794483, -0.34645609091967344, 0.3092575720511377, fr=0.632
j:0.5798571878112853, -0.33378252293914557, -0.3490894758142531, 0.40303719276562333, 0.5008386299014091, 0.4069719142280519, fr=0.427, l=1.171
n:-0.014068110845983028, 0.5886625908315182, -0.27493462711572647, -0.9047758616507053, -0.1619970160536468, -0.8123831045813859, d=""|:p=0.273, r=0.99""
n:-0.6525398036465049, -0.6677550747990608, 0.14797003846615553, 0.9331988375633955, -0.26302496157586575, 0.07068255916237831, d=|:p=0.313
n:-0.878869850654155, -0.10431680222973228, 0.28231054870411754, -0.45585756935179234, 0.06596925435587764, -0.39915377367287874, d=Gpart:ry=0.019
n:0.40023409808054566, 0.9622206510975957, 0.1344101312570274, 0.9813207951374352, -0.2876633983105421, 0.5084335980936885, d=|:p=0.164
c:0.5937719056382775, 0.907, -0.7513744640164077, -0.41517087863758206, -0.8404760789126158, 0.9018737259320915, 6.185
c:-0.29567728843539953, 0.7218596707098186, -0.7779675284400582, 0.6720073404721916, -0.5729675842449069, 0.5781252677552402, -0.838
",0.007756288693209615,"//H
3
j:0.128, 0.034, 0.095, -0.247, y2=0.286, fr=0.679, l=1.298
j:0.087, 0.22606762312352657, 0.6784251471981406, -0.8287420659326017, 0.39060675259679556, 0.0546317039988935, fr=0.976, l=1.183
j:0.21897301031276584, -0.2548063863068819, -0.19134270027279854, -0.48168516205623746, -0.8847577390260994, -0.30556724686175585, l=0.913
j:0.8381318571045995, 0.3363271071575582, -0.33129552425816655, -0.38540193624794483, -0.34645609091967344, 0.3092575720511377, fr=0.632
j:0.5798571878112853, -0.33378252293914557, -0.3490894758142531, 0.40303719276562333, 0.5008386299014091, 0.4069719142280519, fr=0.427, l=1.171
n:-0.014068110845983028, 0.5886625908315182, -0.27493462711572647, -0.9047758616507053, -0.1619970160536468, -0.8123831045813859, d=""|:p=0.273, r=0.99""
n:-0.6525398036465049, -0.6677550747990608, 0.14797003846615553, 0.9331988375633955, -0.26302496157586575, 0.07068255916237831, d=|:p=0.313
n:-0.878869850654155, -0.10431680222973228, 0.28231054870411754, -0.45585756935179234, 0.06596925435587764, -0.39915377367287874, d=Gpart:ry=0.019
n:0.40023409808054566, 0.9622206510975957, 0.1344101312570274, 0.9813207951374352, -0.2876633983105421, 0.5084335980936885, d=|:p=0.164
c:0.5937719056382775, 0.9959910814650357, -0.7513744640164077, -0.41517087863758206, -0.8404760789126158, 0.9018737259320915, 6.185
c:-0.29567728843539953, 0.7218596707098186, -0.7779675284400582, 0.6720073404721916, -0.5729675842449069, 0.5781252677552402, -0.838
"
40,H,68,69,"//H
3
j:0.128, 0.034, 0.095, -0.247, y2=0.286, fr=0.679, l=1.298
j:0.087, 0.22606762312352657, 0.6784251471981406, -0.8287420659326017, 0.39060675259679556, 0.0546317039988935, fr=0.976, l=1.183
j:0.21897301031276584, -0.2548063863068819, -0.19134270027279854, -0.48168516205623746, -0.8847577390260994, -0.30556724686175585, l=0.913
j:0.8381318571045995, 0.3363271071575582, -0.33129552425816655, -0.38540193624794483, -0.34645609091967344, 0.3092575720511377, fr=0.632
j:0.5798571878112853, -0.33378252293914557, -0.3490894758142531, 0.40303719276562333, 0.5008386299014091, 0.4069719142280519, fr=0.427, l=1.171
n:-0.014068110845983028, 0.5886625908315182, -0.27493462711572647, -0.9047758616507053, -0.1619970160536468, -0.8123831045813859, d=""|:p=0.273, r=0.99""
n:-0.6525398036465049, -0.6677550747990608, 0.14797003846615553, 0.9331988375633955, -0.26302496157586575, 0.07068255916237831, d=|:p=0.313
n:-0.878869850654155, -0.10431680222973228, 0.28231054870411754, -0.45585756935179234, 0.06596925435587764, -0.642, d=Gpart:ry=0.019
n:0.40023409808054566, 0.9622206510975957, 0.1344101312570274, 0.9813207951374352, -0.2876633983105421, 0.5084335980936885, d=|:p=0.164
c:0.5937719056382775, 0.9959910814650357, -0.7513744640164077, -0.41517087863758206, -0.8404760789126158, 0.9018737259320915, 6.185
c:-0.29567728843539953, 0.7218596707098186, -0.7779675284400582, 0.6720073404721916, -0.5729675842449069, 0.5781252677552402, -0.838
",0.007756288693209615,"//H
3
j:0.128, 0.034, 0.095, -0.247, y2=0.286, fr=0.679, l=1.298
j:0.087, 0.22606762312352657, 0.6784251471981406, -0.8287420659326017, 0.39060675259679556, 0.0546317039988935, fr=0.976, l=1.183
j:0.21897301031276584, -0.2548063863068819, -0.19134270027279854, -0.48168516205623746, -0.8847577390260994, -0.30556724686175585, l=0.913
j:0.8381318571045995, 0.3363271071575582, -0.33129552425816655, -0.38540193624794483, -0.34645609091967344, 0.3092575720511377, fr=0.632
j:0.5798571878112853, -0.33378252293914557, -0.3490894758142531, 0.40303719276562333, 0.5008386299014091, 0.4069719142280519, fr=0.427, l=1.171
n:-0.014068110845983028, 0.5886625908315182, -0.27493462711572647, -0.9047758616507053, -0.1619970160536468, -0.8123831045813859, d=""|:p=0.273, r=0.99""
n:-0.6525398036465049, -0.6677550747990608, 0.14797003846615553, 0.9331988375633955, -0.26302496157586575, 0.07068255916237831, d=|:p=0.313
n:-0.878869850654155, -0.10431680222973228, 0.28231054870411754, -0.45585756935179234, 0.06596925435587764, -0.39915377367287874, d=Gpart:ry=0.019
n:0.40023409808054566, 0.9622206510975957, 0.1344101312570274, 0.9813207951374352, -0.2876633983105421, 0.5084335980936885, d=|:p=0.164
c:0.5937719056382775, 0.9959910814650357, -0.7513744640164077, -0.41517087863758206, -0.8404760789126158, 0.9018737259320915, 6.185
c:-0.29567728843539953, 0.7218596707098186, -0.7779675284400582, 0.6720073404721916, -0.5729675842449069, 0.5781252677552402, -0.838
"
40,H,69,70,"//H
3
j:0.128, 0.034, 0.095, -0.247, y2=0.286, fr=0.679, l=1.298
j:0.087, 0.22606762312352657, 0.6784251471981406, -0.8287420659326017, 0.39060675259679556, 0.0546317039988935, fr=0.976, l=1.183
j:0.21897301031276584, -0.2548063863068819, -0.19134270027279854, -0.48168516205623746, -0.8847577390260994, -0.30556724686175585, l=0.913
j:0.8381318571045995, 0.3363271071575582, -0.33129552425816655, -0.38540193624794483, -0.34645609091967344, 0.3092575720511377, fr=0.632
j:0.116, -0.33378252293914557, -0.3490894758142531, 0.40303719276562333, 0.5008386299014091, 0.4069719142280519, fr=0.427, l=1.171
n:-0.014068110845983028, 0.5886625908315182, -0.27493462711572647, -0.9047758616507053, -0.1619970160536468, -0.8123831045813859, d=""|:p=0.273, r=0.99""
n:-0.6525398036465049, -0.6677550747990608, 0.14797003846615553, 0.9331988375633955, -0.26302496157586575, 0.07068255916237831, d=|:p=0.313
n:-0.878869850654155, -0.10431680222973228, 0.28231054870411754, -0.45585756935179234, 0.06596925435587764, -0.39915377367287874, d=Gpart:ry=0.019
n:0.40023409808054566, 0.9622206510975957, 0.1344101312570274, 0.9813207951374352, -0.2876633983105421, 0.5084335980936885, d=|:p=0.164
c:0.5937719056382775, 0.9959910814650357, -0.7513744640164077, -0.41517087863758206, -0.8404760789126158, 0.9018737259320915, 6.185
c:-0.29567728843539953, 0.7218596707098186, -0.7779675284400582, 0.6720073404721916, -0.5729675842449069, 0.5781252677552402, -0.838
",0.007756288693209615,"//H
3
j:0.128, 0.034, 0.095, -0.247, y2=0.286, fr=0.679, l=1.298
j:0.087, 0.22606762312352657, 0.6784251471981406, -0.8287420659326017, 0.39060675259679556, 0.0546317039988935, fr=0.976, l=1.183
j:0.21897301031276584, -0.2548063863068819, -0.19134270027279854, -0.48168516205623746, -0.8847577390260994, -0.30556724686175585, l=0.913
j:0.8381318571045995, 0.3363271071575582, -0.33129552425816655, -0.38540193624794483, -0.34645609091967344, 0.3092575720511377, fr=0.632
j:0.5798571878112853, -0.33378252293914557, -0.3490894758142531, 0.40303719276562333, 0.5008386299014091, 0.4069719142280519, fr=0.427, l=1.171
n:-0.014068110845983028, 0.5886625908315182, -0.27493462711572647, -0.9047758616507053, -0.1619970160536468, -0.8123831045813859, d=""|:p=0.273, r=0.99""
n:-0.6525398036465049, -0.6677550747990608, 0.14797003846615553, 0.9331988375633955, -0.26302496157586575, 0.07068255916237831, d=|:p=0.313
n:-0.878869850654155, -0.10431680222973228, 0.28231054870411754, -0.45585756935179234, 0.06596925435587764, -0.39915377367287874, d=Gpart:ry=0.019
n:0.40023409808054566, 0.9622206510975957, 0.1344101312570274, 0.9813207951374352, -0.2876633983105421, 0.5084335980936885, d=|:p=0.164
c:0.5937719056382775, 0.9959910814650357, -0.7513744640164077, -0.41517087863758206, -0.8404760789126158, 0.9018737259320915, 6.185
c:-0.29567728843539953, 0.7218596707098186, -0.7779675284400582, 0.6720073404721916, -0.5729675842449069, 0.5781252677552402, -0.838
"
40,H,70,71,"//H
3
j:-0.12, 0.034, 0.095, -0.247, y2=0.286, fr=0.679, l=1.298
j:0.087, 0.22606762312352657, 0.6784251471981406, -0.8287420659326017, 0.39060675259679556, 0.0546317039988935, fr=0.976, l=1.183
j:0.21897301031276584, -0.2548063863068819, -0.19134270027279854, -0.48168516205623746, -0.8847577390260994, -0.30556724686175585, l=0.913
j:0.8381318571045995, 0.3363271071575582, -0.33129552425816655, -0.38540193624794483, -0.34645609091967344, 0.3092575720511377, fr=0.632
j:0.5798571878112853, -0.33378252293914557, -0.3490894758142531, 0.40303719276562333, 0.5008386299014091, 0.4069719142280519, fr=0.427, l=1.171
n:-0.014068110845983028, 0.5886625908315182, -0.27493462711572647, -0.9047758616507053, -0.1619970160536468, -0.8123831045813859, d=""|:p=0.273, r=0.99""
n:-0.6525398036465049, -0.6677550747990608, 0.14797003846615553, 0.9331988375633955, -0.26302496157586575, 0.07068255916237831, d=|:p=0.313
n:-0.878869850654155, -0.10431680222973228, 0.28231054870411754, -0.45585756935179234, 0.06596925435587764, -0.39915377367287874, d=Gpart:ry=0.019
n:0.40023409808054566, 0.9622206510975957, 0.1344101312570274, 0.9813207951374352, -0.2876633983105421, 0.5084335980936885, d=|:p=0.164
c:0.5937719056382775, 0.9959910814650357, -0.7513744640164077, -0.41517087863758206, -0.8404760789126158, 0.9018737259320915, 6.185
c:-0.29567728843539953, 0.7218596707098186, -0.7779675284400582, 0.6720073404721916, -0.5729675842449069, 0.5781252677552402, -0.838
",0.007756288693209615,"//H
3
j:0.128, 0.034, 0.095, -0.247, y2=0.286, fr=0.679, l=1.298
j:0.087, 0.22606762312352657, 0.6784251471981406, -0.8287420659326017, 0.39060675259679556, 0.0546317039988935, fr=0.976, l=1.183
j:0.21897301031276584, -0.2548063863068819, -0.19134270027279854, -0.48168516205623746, -0.8847577390260994, -0.30556724686175585, l=0.913
j:0.8381318571045995, 0.3363271071575582, -0.33129552425816655, -0.38540193624794483, -0.34645609091967344, 0.3092575720511377, fr=0.632
j:0.5798571878112853, -0.33378252293914557, -0.3490894758142531, 0.40303719276562333, 0.5008386299014091, 0.4069719142280519, fr=0.427, l=1.171
n:-0.014068110845983028, 0.5886625908315182, -0.27493462711572647, -0.9047758616507053, -0.1619970160536468, -0.8123831045813859, d=""|:p=0.273, r=0.99""
n:-0.6525398036465049, -0.6677550747990608, 0.14797003846615553, 0.9331988375633955, -0.26302496157586575, 0.07068255916237831, d=|:p=0.313
n:-0.878869850654155, -0.10431680222973228, 0.28231054870411754, -0.45585756935179234, 0.06596925435587764, -0.39915377367287874, d=Gpart:ry=0.019
n:0.40023409808054566, 0.9622206510975957, 0.1344101312570274, 0.9813207951374352, -0.2876633983105421, 0.5084335980936885, d=|:p=0.164
c:0.5937719056382775, 0.9959910814650357, -0.7513744640164077, -0.41517087863758206, -0.8404760789126158, 0.9018737259320915, 6.185
c:-0.29567728843539953, 0.7218596707098186, -0.7779675284400582, 0.6720073404721916, -0.5729675842449069, 0.5781252677552402, -0.838
"
40,H,71,72,"//H
3
j:0.128, 0.034, 0.095, -0.247, y2=0.286, fr=0.679, l=1.298
j:0.087, 0.22606762312352657, 0.6784251471981406, -0.8287420659326017, 0.39060675259679556, 0.0546317039988935, fr=0.976, l=1.183
j:0.21897301031276584, -0.2548063863068819, -0.19134270027279854, -0.48168516205623746, -0.8847577390260994, -0.30556724686175585, l=0.913
j:0.8381318571045995, 0.3363271071575582, -0.33129552425816655, -0.38540193624794483, -0.34645609091967344, 0.3092575720511377, fr=0.632
j:0.5798571878112853, -0.33378252293914557, -0.3490894758142531, 0.40303719276562333, 0.5008386299014091, 0.4069719142280519, fr=0.427, l=1.171
n:-0.014068110845983028, 0.5886625908315182, -0.27493462711572647, -0.9047758616507053, -0.1619970160536468, -0.8123831045813859, d=""|:p=0.273, r=0.99""
n:-0.6525398036465049, -0.6677550747990608, 0.14797003846615553, 0.9331988375633955, -0.26302496157586575, 0.07068255916237831, d=|:p=0.313
n:-0.878869850654155, -0.10431680222973228, 0.28231054870411754, -0.45585756935179234, 0.06596925435587764, -0.39915377367287874, d=Gpart:ry=0.019
n:0.40023409808054566, 0.9622206510975957, 0.1344101312570274, 0.9813207951374352, -0.2876633983105421, 0.5084335980936885, d=|:p=0.164
n:0.7776682712137699, 0.7598324567079544, -0.3069873070344329, -0.25760731706395745, 0.9705787640996277, 0.4649038119241595, d=*
c:0.5937719056382775, 0.9959910814650357, -0.7513744640164077, -0.41517087863758206, -0.8404760789126158, 0.9018737259320915, 6.185
c:-0.29567728843539953, 0.7218596707098186, -0.7779675284400582, 0.6720073404721916, -0.5729675842449069, 0.5781252677552402, -0.838
",0.007756288693209615,"//H
3
j:0.128, 0.034, 0.095, -0.247, y2=0.286, fr=0.679, l=1.298
j:0.087, 0.22606762312352657, 0.6784251471981406, -0.8287420659326017, 0.39060675259679556, 0.0546317039988935, fr=0.976, l=1.183
j:0.21897301031276584, -0.2548063863068819, -0.19134270027279854, -0.48168516205623746, -0.8847577390260994, -0.30556724686175585, l=0.913
j:0.8381318571045995, 0.3363271071575582, -0.33129552425816655, -0.38540193624794483, -0.34645609091967344, 0.3092575720511377, fr=0.632
j:0.5798571878112853, -0.33378252293914557, -0.3490894758142531, 0.40303719276562333, 0.5008386299014091, 0.4069719142280519, fr=0.427, l=1.171
n:-0.014068110845983028, 0.5886625908315182, -0.27493462711572647, -0.9047758616507053, -0.1619970160536468, -0.8123831045813859, d=""|:p=0.273, r=0.99""
n:-0.6525398036465049, -0.6677550747990608, 0.14797003846615553, 0.9331988375633955, -0.26302496157586575, 0.07068255916237831, d=|:p=0.313
n:-0.878869850654155, -0.10431680222973228, 0.28231054870411754, -0.45585756935179234, 0.06596925435587764, -0.39915377367287874, d=Gpart:ry=0.019
n:0.40023409808054566, 0.9622206510975957, 0.1344101312570274, 0.9813207951374352, -0.2876633983105421, 0.5084335980936885, d=|:p=0.164
c:0.5937719056382775, 0.9959910814650357, -0.7513744640164077, -0.41517087863758206, -0.8404760789126158, 0.9018737259320915, 6.185
c:-0.29567728843539953, 0.7218596707098186, -0.7779675284400582, 0.6720073404721916, -0.5729675842449069, 0.5781252677552402, -0.838
"
40,H,72,73,"//H
3
j:0.128, 0.034, 0.095, -0.247, y2=0.286, fr=0.679, l=1.298
j:0.087, 0.22606762312352657, 0.69, -0.8287420659326017, 0.39060675259679556, 0.0546317039988935, fr=0.976, l=1.183
j:0.21897301031276584, -0.2548063863068819, -0.19134270027279854, -0.48168516205623746, -0.8847577390260994, -0.30556724686175585, l=0.913
j:0.8381318571045995, 0.3363271071575582, -0.33129552425816655, -0.38540193624794483, -0.34645609091967344, 0.3092575720511377, fr=0.632
j:0.5798571878112853, -0.33378252293914557, -0.3490894758142531, 0.40303719276562333, 0.5008386299014091, 0.4069719142280519, fr=0.427, l=1.171
n:-0.014068110845983028, 0.5886625908315182, -0.27493462711572647, -0.9047758616507053, -0.1619970160536468, -0.8123831045813859, d=""|:p=0.273, r=0.99""
n:-0.6525398036465049, -0.6677550747990608, 0.14797003846615553, 0.9331988375633955, -0.26302496157586575, 0.07068255916237831, d=|:p=0.313
n:-0.878869850654155, -0.10431680222973228, 0.28231054870411754, -0.45585756935179234, 0.06596925435587764, -0.39915377367287874, d=Gpart:ry=0.019
n:0.40023409808054566, 0.9622206510975957, 0.1344101312570274, 0.9813207951374352, -0.2876633983105421, 0.5084335980936885, d=|:p=0.164
c:0.5937719056382775, 0.9959910814650357, -0.7513744640164077, -0.41517087863758206, -0.8404760789126158, 0.9018737259320915, 6.185
c:-0.29567728843539953, 0.7218596707098186, -0.7779675284400582, 0.6720073404721916, -0.5729675842449069, 0.5781252677552402, -0.838
",0.007756288693209615,"//H
3
j:0.128, 0.034, 0.095, -0.247, y2=0.286, fr=0.679, l=1.298
j:0.087, 0.22606762312352657, 0.6784251471981406, -0.8287420659326017, 0.39060675259679556, 0.0546317039988935, fr=0.976, l=1.183
j:0.21897301031276584, -0.2548063863068819, -0.19134270027279854, -0.48168516205623746, -0.8847577390260994, -0.30556724686175585, l=0.913
j:0.8381318571045995, 0.3363271071575582, -0.33129552425816655, -0.38540193624794483, -0.34645609091967344, 0.3092575720511377, fr=0.632
j:0.5798571878112853, -0.33378252293914557, -0.3490894758142531, 0.40303719276562333, 0.5008386299014091, 0.4069719142280519, fr=0.427, l=1.171
n:-0.014068110845983028, 0.5886625908315182, -0.27493462711572647, -0.9047758616507053, -0.1619970160536468, -0.8123831045813859, d=""|:p=0.273, r=0.99""
n:-0.6525398036465049, -0.6677550747990608, 0.14797003846615553, 0.9331988375633955, -0.26302496157586575, 0.07068255916237831, d=|:p=0.313
n:-0.878869850654155, -0.10431680222973228, 0.28231054870411754, -0.45585756935179234, 0.06596925435587764, -0.39915377367287874, d=Gpart:ry=0.019
n:0.40023409808054566, 0.9622206510975957, 0.1344101312570274, 0.9813207951374352, -0.2876633983105421, 0.5084335980936885, d=|:p=0.164
c:0.5937719056382775, 0.9959910814650357, -0.7513744640164077, -0.41517087863758206, -0.8404760789126158, 0.9018737259320915, 6.185
c:-0.29567728843539953, 0.7218596707098186, -0.7779675284400582, 0.6720073404721916, -0.5729675842449069, 0.5781252677552402, -0.838
"
40,H,73,74,"//H
3
j:0.128, 0.034, 0.095, -0.247, y2=0.286, fr=0.679, l=1.298
j:0.087, 0.22606762312352657, 0.6784251471981406, -0.8287420659326017, 0.39060675259679556, 0.0546317039988935, fr=0.976, l=1.183
j:0.21897301031276584, -0.2548063863068819, -0.19134270027279854, -0.48168516205623746, -0.8847577390260994, -0.30556724686175585, l=0.913
j:0.8381318571045995, 0.3363271071575582, -0.33129552425816655, -0.38540193624794483, -0.34645609091967344, 0.3092575720511377, fr=0.632
j:0.5798571878112853, -0.33378252293914557, -0.3490894758142531, 0.40303719276562333, 0.5008386299014091, 0.4069719142280519, fr=0.427, l=1.171
n:-0.014068110845983028, 0.5886625908315182, -0.27493462711572647, -0.9047758616507053, -0.1619970160536468, -0.8123831045813859, d=""|:p=0.273, r=0.99""
n:-0.6525398036465049, -0.6677550747990608, 0.14797003846615553, 0.9331988375633955, -0.26302496157586575, 0.07068255916237831, d=|:p=0.313
n:-0.878869850654155, -0.10431680222973228, 0.28231054870411754, -0.45585756935179234, 0.06596925435587764, -0.39915377367287874, d=Gpart:ry=0.019
n:0.40023409808054566, 0.9622206510975957, 0.1344101312570274, 0.9813207951374352, -0.2876633983105421, 0.5084335980936885, d=|:p=0.164
c:0.5937719056382775, 0.9959910814650357, -0.7513744640164077, -0.41517087863758206, -0.8404760789126158, 0.972, 6.185
c:-0.29567728843539953, 0.7218596707098186, -0.7779675284400582, 0.6720073404721916, -0.5729675842449069, 0.5781252677552402, -0.838
",0.007756288693209615,"//H
3
j:0.128, 0.034, 0.095, -0.247, y2=0.286, fr=0.679, l=1.298
j:0.087, 0.22606762312352657, 0.6784251471981406, -0.8287420659326017, 0.39060675259679556, 0.0546317039988935, fr=0.976, l=1.183
j:0.21897301031276584, -0.2548063863068819, -0.19134270027279854, -0.48168516205623746, -0.8847577390260994, -0.30556724686175585, l=0.913
j:0.8381318571045995, 0.3363271071575582, -0.33129552425816655, -0.38540193624794483, -0.34645609091967344, 0.3092575720511377, fr=0.632
j:0.5798571878112853, -0.33378252293914557, -0.3490894758142531, 0.40303719276562333, 0.5008386299014091, 0.4069719142280519, fr=0.427, l=1.171
n:-0.014068110845983028, 0.5886625908315182, -0.27493462711572647, -0.9047758616507053, -0.1619970160536468, -0.8123831045813859, d=""|:p=0.273, r=0.99""
n:-0.6525398036465049, -0.6677550747990608, 0.14797003846615553, 0.9331988375633955, -0.26302496157586575, 0.07068255916237831, d=|:p=0.313
n:-0.878869850654155, -0.10431680222973228, 0.28231054870411754, -0.45585756935179234, 0.06596925435587764, -0.39915377367287874, d=Gpart:ry=0.019
n:0.40023409808054566, 0.9622206510975957, 0.1344101312570274, 0.9813207951374352, -0.2876633983105421, 0.5084335980936885, d=|:p=0.164
c:0.5937719056382775, 0.9959910814650357, -0.7513744640164077, -0.41517087863758206, -0.8404760789126158, 0.9018737259320915, 6.185
c:-0.29567728843539953, 0.7218596707098186, -0.7779675284400582, 0.6720073404721916, -0.5729675842449069, 0.5781252677552402, -0.838
"
40,H,74,75,"//H
3
j:0.128, 0.034, 0.095, -0.247, y2=0.286, fr=0.679, l=1.298
j:0.087, 0.22606762312352657, 0.6784251471981406, -0.8287420659326017, 0.39060675259679556, 0.0546317039988935, fr=0.976, l=1.183
j:0.21897301031276584, -0.2548063863068819, -0.19134270027279854, -0.48168516205623746, -0.8847577390260994, -0.30556724686175585, l=0.913
j:0.8381318571045995, 0.3363271071575582, -0.33129552425816655, -0.38540193624794483, -0.34645609091967344, 0.3092575720511377, fr=0.632
j:0.5798571878112853, -0.33378252293914557, -0.3490894758142531, 0.40303719276562333, 0.5008386299014091, 0.4069719142280519, fr=0.427, l=1.171
n:-0.014068110845983028, 0.5886625908315182, -0.27493462711572647, -0.9047758616507053, -0.1619970160536468, -0.8123831045813859, d=""|:p=0.273, r=0.99""
n:-0.6525398036465049, -0.6677550747990608, 0.14797003846615553, 0.9331988375633955, -0.26302496157586575, 0.07068255916237831, d=|:p=0.313
n:-0.878869850654155, -0.10431680222973228, 0.28231054870411754, -0.45585756935179234, 0.06596925435587764, -0.39915377367287874, d=Gpart:ry=0.019
n:0.265, 0.9622206510975957, 0.1344101312570274, 0.9813207951374352, -0.2876633983105421, 0.5084335980936885, d=|:p=0.164
c:0.5937719056382775, 0.9959910814650357, -0.7513744640164077, -0.41517087863758206, -0.8404760789126158, 0.9018737259320915, 6.185
c:-0.29567728843539953, 0.7218596707098186, -0.7779675284400582, 0.6720073404721916, -0.5729675842449069, 0.5781252677552402, -0.838
",0.007756288693209615,"//H
3
j:0.128, 0.034, 0.095, -0.247, y2=0.286, fr=0.679, l=1.298
j:0.087, 0.22606762312352657, 0.6784251471981406, -0.8287420659326017, 0.39060675259679556, 0.0546317039988935, fr=0.976, l=1.183
j:0.21897301031276584, -0.2548063863068819, -0.19134270027279854, -0.48168516205623746, -0.8847577390260994, -0.30556724686175585, l=0.913
j:0.8381318571045995, 0.3363271071575582, -0.33129552425816655, -0.38540193624794483, -0.34645609091967344, 0.3092575720511377, fr=0.632
j:0.5798571878112853, -0.33378252293914557, -0.3490894758142531, 0.40303719276562333, 0.5008386299014091, 0.4069719142280519, fr=0.427, l=1.171
n:-0.014068110845983028, 0.5886625908315182, -0.27493462711572647, -0.9047758616507053, -0.1619970160536468, -0.8123831045813859, d=""|:p=0.273, r=0.99""
n:-0.6525398036465049, -0.6677550747990608, 0.14797003846615553, 0.9331988375633955, -0.26302496157586575, 0.07068255916237831, d=|:p=0.313
n:-0.878869850654155, -0.10431680222973228, 0.28231054870411754, -0.45585756935179234, 0.06596925435587764, -0.39915377367287874, d=Gpart:ry=0.019
n:0.40023409808054566, 0.9622206510975957, 0.1344101312570274, 0.9813207951374352, -0.2876633983105421, 0.5084335980936885, d=|:p=0.164
c:0.5937719056382775, 0.9959910814650357, -0.7513744640164077, -0.41517087863758206, -0.8404760789126158, 0.9018737259320915, 6.185
c:-0.29567728843539953, 0.7218596707098186, -0.7779675284400582, 0.6720073404721916, -0.5729675842449069, 0.5781252677552402, -0.838
"
40,H,75,76,"//H
3
j:0.128, 0.034, 0.095, -0.247, y2=0.286, fr=0.679, l=1.298
j:0.087, 0.22606762312352657, 0.6784251471981406, -0.8287420659326017, 0.39060675259679556, 0.0546317039988935, fr=0.976, l=1.183
j:0.21897301031276584, -0.2548063863068819, -0.19134270027279854, -0.48168516205623746, -0.8847577390260994, -0.30556724686175585, l=0.913
j:0.8381318571045995, 0.3363271071575582, -0.33129552425816655, -0.38540193624794483, -0.34645609091967344, 0.3092575720511377, fr=0.632
j:0.5798571878112853, -0.33378252293914557, -0.3490894758142531, 0.40303719276562333, 0.5008386299014091, 0.4069719142280519, fr=0.427, l=1.171
n:-0.014068110845983028, 0.5886625908315182, -0.27493462711572647, -0.9047758616507053, -0.1619970160536468, -0.8123831045813859, d=""|:p=0.273, r=0.99""
n:-0.6525398036465049, -0.6677550747990608, 0.14797003846615553, 0.9331988375633955, -0.26302496157586575, 0.07068255916237831, d=|:p=0.313
n:-0.878869850654155, -0.10431680222973228, 0.28231054870411754, -0.401, 0.06596925435587764, -0.39915377367287874, d=Gpart:ry=0.019
n:0.40023409808054566, 0.9622206510975957, 0.1344101312570274, 0.9813207951374352, -0.2876633983105421, 0.5084335980936885, d=|:p=0.164
c:0.5937719056382775, 0.9959910814650357, -0.7513744640164077, -0.41517087863758206, -0.8404760789126158, 0.9018737259320915, 6.185
c:-0.29567728843539953, 0.7218596707098186, -0.7779675284400582, 0.6720073404721916, -0.5729675842449069, 0.5781252677552402, -0.838
",0.007756288693209615,"//H
3
j:0.128, 0.034, 0.095, -0.247, y2=0.286, fr=0.679, l=1.298
j:0.087, 0.22606762312352657, 0.6784251471981406, -0.8287420659326017, 0.39060675259679556, 0.0546317039988935, fr=0.976, l=1.183
j:0.21897301031276584, -0.2548063863068819, -0.19134270027279854, -0.48168516205623746, -0.8847577390260994, -0.30556724686175585, l=0.913
j:0.8381318571045995, 0.3363271071575582, -0.33129552425816655, -0.38540193624794483, -0.34645609091967344, 0.3092575720511377, fr=0.632
j:0.5798571878112853, -0.33378252293914557, -0.3490894758142531, 0.40303719276562333, 0.5008386299014091, 0.4069719142280519, fr=0.427, l=1.171
n:-0.014068110845983028, 0.5886625908315182, -0.27493462711572647, -0.9047758616507053, -0.1619970160536468, -0.8123831045813859, d=""|:p=0.273, r=0.99""
n:-0.6525398036465049, -0.6677550747990608, 0.14797003846615553, 0.9331988375633955, -0.26302496157586575, 0.07068255916237831, d=|:p=0.313
n:-0.878869850654155, -0.10431680222973228, 0.28231054870411754, -0.45585756935179234, 0.06596925435587764, -0.39915377367287874, d=Gpart:ry=0.019
n:0.40023409808054566, 0.9622206510975957, 0.1344101312570274, 0.9813207951374352, -0.2876633983105421, 0.5084335980936885, d=|:p=0.164
c:0.5937719056382775, 0.9959910814650357, -0.7513744640164077, -0.41517087863758206, -0.8404760789126158, 0.9018737259320915, 6.185
c:-0.29567728843539953, 0.7218596707098186, -0.7779675284400582, 0.6720073404721916, -0.5729675842449069, 0.5781252677552402, -0.838
"
40,H,76,77,"//H
3
j:0.128, 0.034, 0.095, -0.247, y2=0.286, fr=0.679, l=1.298
j:0.087, 0.22606762312352657, 0.6784251471981406, -0.8287420659326017, 0.39060675259679556, 0.0546317039988935, fr=0.976, l=1.183
j:0.21897301031276584, -0.2548063863068819, -0.19134270027279854, -0.48168516205623746, -0.8847577390260994, -0.30556724686175585, rotstif=0.999, l=0.913
j:0.8381318571045995, 0.3363271071575582, -0.33129552425816655, -0.38540193624794483, -0.34645609091967344, 0.3092575720511377, fr=0.632
j:0.5798571878112853, -0.33378252293914557, -0.3490894758142531, 0.40303719276562333, 0.5008386299014091, 0.4069719142280519, fr=0.427, l=1.171
n:-0.014068110845983028, 0.5886625908315182, -0.27493462711572647, -0.9047758616507053, -0.1619970160536468, -0.8123831045813859, d=""|:p=0.273, r=0.99""
n:-0.6525398036465049, -0.6677550747990608, 0.14797003846615553, 0.9331988375633955, -0.26302496157586575, 0.07068255916237831, d=|:p=0.313
n:-0.878869850654155, -0.10431680222973228, 0.28231054870411754, -0.45585756935179234, 0.06596925435587764, -0.39915377367287874, d=Gpart:ry=0.019
n:0.40023409808054566, 0.9622206510975957, 0.1344101312570274, 0.9813207951374352, -0.2876633983105421, 0.5084335980936885, d=|:p=0.164
c:0.5937719056382775, 0.9959910814650357, -0.7513744640164077, -0.41517087863758206, -0.8404760789126158, 0.9018737259320915, 6.185
c:-0.29567728843539953, 0.7218596707098186, -0.7779675284400582, 0.6720073404721916, -0.5729675842449069, 0.5781252677552402, -0.838
",0.007756288693209615,"//H
3
j:0.128, 0.034, 0.095, -0.247, y2=0.286, fr=0.679, l=1.298
j:0.087, 0.22606762312352657, 0.6784251471981406, -0.8287420659326017, 0.39060675259679556, 0.0546317039988935, fr=0.976, l=1.183
j:0.21897301031276584, -0.2548063863068819, -0.19134270027279854, -0.48168516205623746, -0.8847577390260994, -0.30556724686175585, l=0.913
j:0.8381318571045995, 0.3363271071575582, -0.33129552425816655, -0.38540193624794483, -0.34645609091967344, 0.3092575720511377, fr=0.632
j:0.5798571878112853, -0.33378252293914557, -0.3490894758142531, 0.40303719276562333, 0.5008386299014091, 0.4069719142280519, fr=0.427, l=1.171
n:-0.014068110845983028, 0.5886625908315182, -0.27493462711572647, -0.9047758616507053, -0.1619970160536468, -0.8123831045813859, d=""|:p=0.273, r=0.99""
n:-0.6525398036465049, -0.6677550747990608, 0.14797003846615553, 0.9331988375633955, -0.26302496157586575, 0.07068255916237831, d=|:p=0.313
n:-0.878869850654155, -0.10431680222973228, 0.28231054870411754, -0.45585756935179234, 0.06596925435587764, -0.39915377367287874, d=Gpart:ry=0.019
n:0.40023409808054566, 0.9622206510975957, 0.1344101312570274, 0.9813207951374352, -0.2876633983105421, 0.5084335980936885, d=|:p=0.164
c:0.5937719056382775, 0.9959910814650357, -0.7513744640164077, -0.41517087863758206, -0.8404760789126158, 0.9018737259320915, 6.185
c:-0.29567728843539953, 0.7218596707098186, -0.7779675284400582, 0.6720073404721916, -0.5729675842449069, 0.5781252677552402, -0.838
"
40,H,77,78,"//H
3
j:0.128, 0.034, 0.095, -0.247, y2=0.286, fr=0.679, l=1.298
j:0.087, 0.22606762312352657, 0.6784251471981406, -0.8287420659326017, 0.39060675259679556, 0.0546317039988935, fr=0.976, l=1.183
j:0.21897301031276584, -0.2548063863068819, -0.19134270027279854, -0.48168516205623746, -0.8847577390260994, -0.30556724686175585, l=0.913
j:0.8381318571045995, 0.3363271071575582, -0.33129552425816655, -0.38540193624794483, -0.34645609091967344, 0.3092575720511377, fr=0.632
j:0.5798571878112853, -0.33378252293914557, -0.3490894758142531, 0.40303719276562333, 0.5008386299014091, 0.4069719142280519, fr=0.427, l=1.171
n:-0.014068110845983028, 0.5886625908315182, -0.27493462711572647, -0.9047758616507053, -0.1619970160536468, -0.8123831045813859, d=""|:p=0.273, r=0.99""
n:-0.6525398036465049, -0.6677550747990608, 0.14797003846615553, 0.9331988375633955, -0.26302496157586575, 0.07068255916237831, d=|:p=0.313
n:-0.878869850654155, -0.10431680222973228, 0.28231054870411754, -0.45585756935179234, 0.06596925435587764, -0.39915377367287874, d=Gpart:ry=0.019
n:0.40023409808054566, 0.9622206510975957, 0.1344101312570274, 0.9813207951374352, -0.2876633983105421, 0.5084335980936885, d=|:p=0.164
c:0.5937719056382775, 0.9959910814650357, -0.7513744640164077, -0.41517087863758206, -0.8404760789126158, 0.9018737259320915, 6.185
c:-0.29567728843539953, 0.7218596707098186, -0.905, 0.6720073404721916, -0.5729675842449069, 0.5781252677552402, -0.838
",0.007756288693209615,"//H
3
j:0.128, 0.034, 0.095, -0.247, y2=0.286, fr=0.679, l=1.298
j:0.087, 0.22606762312352657, 0.6784251471981406, -0.8287420659326017, 0.39060675259679556, 0.0546317039988935, fr=0.976, l=1.183
j:0.21897301031276584, -0.2548063863068819, -0.19134270027279854, -0.48168516205623746, -0.8847577390260994, -0.30556724686175585, l=0.913
j:0.8381318571045995, 0.3363271071575582, -0.33129552425816655, -0.38540193624794483, -0.34645609091967344, 0.3092575720511377, fr=0.632
j:0.5798571878112853, -0.33378252293914557, -0.3490894758142531, 0.40303719276562333, 0.5008386299014091, 0.4069719142280519, fr=0.427, l=1.171
n:-0.014068110845983028, 0.5886625908315182, -0.27493462711572647, -0.9047758616507053, -0.1619970160536468, -0.8123831045813859, d=""|:p=0.273, r=0.99""
n:-0.6525398036465049, -0.6677550747990608, 0.14797003846615553, 0.9331988375633955, -0.26302496157586575, 0.07068255916237831, d=|:p=0.313
n:-0.878869850654155, -0.10431680222973228, 0.28231054870411754, -0.45585756935179234, 0.06596925435587764, -0.39915377367287874, d=Gpart:ry=0.019
n:0.40023409808054566, 0.9622206510975957, 0.1344101312570274, 0.9813207951374352, -0.2876633983105421, 0.5084335980936885, d=|:p=0.164
c:0.5937719056382775, 0.9959910814650357, -0.7513744640164077, -0.41517087863758206, -0.8404760789126158, 0.9018737259320915, 6.185
c:-0.29567728843539953, 0.7218596707098186, -0.7779675284400582, 0.6720073404721916, -0.5729675842449069, 0.5781252677552402, -0.838
"
