run,genetic_format,sample_index,parent_genotype,parent_fitness,genotype,fitness,status,mutation_attempts
20,H,0,"//H
3
j:",0.0,"//H
3
j:y2=0.341
",0.0,feasible,20
20,H,0,"//H
3
j:",0.0,"//H
3
j:y0=0.375
",0.0,feasible,20
20,H,0,"//H
3
j:",0.0,"//H
3
j:y1=0.304
",0.0,feasible,20
20,H,0,"//H
3
j:",0.0,"//H
3
j:x1=-0.148
",0.0,feasible,20
20,H,0,"//H
3
j:",0.0,"//H
3
j:
c:-0.07154066674411297, 0.8819135394878685, -0.6258378243073821, -0.9283904717303813, -0.9538398287259042, -0.700492768548429, 2.07
",0.0,feasible,20
20,H,0,"//H
3
j:",0.0,"//H
3
j:y0=-0.147
",0.0,feasible,20
20,H,0,"//H
3
j:",0.0,"//H
3
j:fr=0.69
",0.0,feasible,20
20,H,0,"//H
3
j:",0.0,"//H
3
j:x2=0.26
",0.0,feasible,20
20,H,0,"//H
3
j:",0.0,"//H
3
j:y0=0.257
",0.0,feasible,20
20,H,0,"//H
3
j:",0.0,"//H
3
j:y0=-0.005
",0.0,feasible,20
20,H,0,"//H
3
j:",0.0,"//H
3
j:x2=0.225
",0.0,feasible,20
20,H,0,"//H
3
j:",0.0,"//H
3
j:y0=0.015
",0.0,feasible,20
20,H,0,"//H
3
j:",0.0,"//H
3
j:fr=0.284
",0.0,feasible,20
20,H,0,"//H
3
j:",0.0,"//H
3
j:y0=-0.238
",0.0,feasible,20
20,H,0,"//H
3
j:",0.0,"//H
3
j:y2=0.081
",0.0,feasible,20
20,H,0,"//H
3
j:",0.0,"//H
3
j:
n:-0.053265223279595375, 0.2588827349245548, -0.3740162388421595, -0.341815291903913, 0.43070080084726214, 0.1853821212425828, d=N:s=-0.231
",0.0,feasible,20
20,H,0,"//H
3
j:",0.0,"//H
3
j:y2=0.165
",0.0,feasible,20
20,H,0,"//H
3
j:",0.0,"//H
3
j:rotstif=0.933
",0.0,feasible,20
20,H,0,"//H
3
j:",0.0,"//H
3
j:
n:0.5649196817539632, 0.8215230666100979, 0.7684274893254042, -0.1864737505093217, 0.3397227628156543, -0.6992649412713945, d=T:r=0.964
",0.0,feasible,20
20,H,0,"//H
3
j:",0.0,"//H
3
j:
n:-0.28868174785748124, -0.20789629081264138, 0.5187703380361199, 0.28729943465441465, -0.06220471952110529, 0.3450962002389133, d=N:fo=0.608
",0.0,feasible,20
20,H,1,"//H
3
j:
j:-0.5116007747128606, -0.05083730770274997, -0.5086304135620594, 0.7854181453585625, -0.07196220383048058, -0.7353185811080039, fr=0.746
j:0.6002878495492041, 0.9499329822137952, -0.4837637129239738, 0.5686491057276726, -0.47193408804014325, 0.6875709556043148, fr=0.985, rotstif=0.982
j:-0.9941507587209344, -0.022477813996374607, 0.039545197039842606, -0.2570989113301039, -0.6573189878836274, -0.629706984385848, l=1.091
j:-0.0927007244899869, 0.0836182739585638, 0.2836976363323629, 0.7399400840513408, -0.4567820900119841, 0.2054236768744886, rotstif=0.888
j:-0.9364502993412316, -0.44636774668470025, 0.1930565545335412, -0.13741389336064458, 0.9782728282734752, -0.22631230810657144, l=0.935
j:-0.4084491073153913, 0.1375527437776327, -0.232456736266613, -0.08054381515830755, 0.1456126905977726, -0.29294101102277637, rotstif=0.987
j:-0.2998488084413111, 0.6254114145413041, 0.33113276213407516, 0.995564335025847, -0.9029267183504999, 0.3881134516559541, fr=0.084
n:0.3746173554100096, 0.8495929045602679, -0.42349618254229426, 0.6878074184060097, 0.8224938143976033, -0.8642493584193289, d=Gpart:ry=0.084
n:-0.2557256896980107, 0.8433080115355551, -0.031613228376954794, 0.7344297235831618, 0.4673730507493019, -0.703850454185158, d=*
n:0.966449729166925, 0.05102541018277407, 0.7048190329223871, 0.3347112853080034, -0.8434010650962591, -0.29977397294715047, d=|:r=0.933
n:0.40376722114160657, -0.07420686446130276, 0.8688011937774718, -0.6359092653729022, -0.8649696977809072, 0.42611254611983895, d=Gpart:ry=0.153
c:-0.5782259949482977, -0.7126766489818692, -0.1987953162752092, -0.730633317027241, 0.3863954348489642, 0.8132956232875586, 4.05
",0.000762749994286929,"//H
3
j:
j:-0.5116007747128606, -0.05083730770274997, -0.5086304135620594, 0.7854181453585625, -0.07196220383048058, -0.7353185811080039, fr=0.746
j:0.6002878495492041, 0.9499329822137952, -0.4837637129239738, 0.5686491057276726, -0.47193408804014325, 0.6875709556043148, fr=0.985, rotstif=0.982
j:-0.9941507587209344, -0.022477813996374607, 0.039545197039842606, -0.2570989113301039, -0.6573189878836274, -0.629706984385848, l=1.091
j:-0.0927007244899869, 0.0836182739585638, 0.504, 0.7399400840513408, -0.4567820900119841, 0.2054236768744886, rotstif=0.888
j:-0.9364502993412316, -0.44636774668470025, 0.1930565545335412, -0.13741389336064458, 0.9782728282734752, -0.22631230810657144, l=0.935
j:-0.4084491073153913, 0.1375527437776327, -0.232456736266613, -0.08054381515830755, 0.1456126905977726, -0.29294101102277637, rotstif=0.987
j:-0.2998488084413111, 0.6254114145413041, 0.33113276213407516, 0.995564335025847, -0.9029267183504999, 0.3881134516559541, fr=0.084
n:0.3746173554100096, 0.8495929045602679, -0.42349618254229426, 0.6878074184060097, 0.8224938143976033, -0.8642493584193289, d=Gpart:ry=0.084
n:-0.2557256896980107, 0.8433080115355551, -0.031613228376954794, 0.7344297235831618, 0.4673730507493019, -0.703850454185158, d=*
n:0.966449729166925, 0.05102541018277407, 0.7048190329223871, 0.3347112853080034, -0.8434010650962591, -0.29977397294715047, d=|:r=0.933
n:0.40376722114160657, -0.07420686446130276, 0.8688011937774718, -0.6359092653729022, -0.8649696977809072, 0.42611254611983895, d=Gpart:ry=0.153
c:-0.5782259949482977, -0.7126766489818692, -0.1987953162752092, -0.730633317027241, 0.3863954348489642, 0.8132956232875586, 4.05
",5.171038680527329e-05,feasible,20
20,H,1,"//H
3
j:
j:-0.5116007747128606, -0.05083730770274997, -0.5086304135620594, 0.7854181453585625, -0.07196220383048058, -0.7353185811080039, fr=0.746
j:0.6002878495492041, 0.9499329822137952, -0.4837637129239738, 0.5686491057276726, -0.47193408804014325, 0.6875709556043148, fr=0.985, rotstif=0.982
j:-0.9941507587209344, -0.022477813996374607, 0.039545197039842606, -0.2570989113301039, -0.6573189878836274, -0.629706984385848, l=1.091
j:-0.0927007244899869, 0.0836182739585638, 0.2836976363323629, 0.7399400840513408, -0.4567820900119841, 0.2054236768744886, rotstif=0.888
j:-0.9364502993412316, -0.44636774668470025, 0.1930565545335412, -0.13741389336064458, 0.9782728282734752, -0.22631230810657144, l=0.935
j:-0.4084491073153913, 0.1375527437776327, -0.232456736266613, -0.08054381515830755, 0.1456126905977726, -0.29294101102277637, rotstif=0.987
j:-0.2998488084413111, 0.6254114145413041, 0.33113276213407516, 0.995564335025847, -0.9029267183504999, 0.3881134516559541, fr=0.084
n:0.3746173554100096, 0.8495929045602679, -0.42349618254229426, 0.6878074184060097, 0.8224938143976033, -0.8642493584193289, d=Gpart:ry=0.084
n:-0.2557256896980107, 0.8433080115355551, -0.031613228376954794, 0.7344297235831618, 0.4673730507493019, -0.703850454185158, d=*
n:0.966449729166925, 0.05102541018277407, 0.7048190329223871, 0.3347112853080034, -0.8434010650962591, -0.29977397294715047, d=|:r=0.933
n:0.40376722114160657, -0.07420686446130276, 0.8688011937774718, -0.6359092653729022, -0.8649696977809072, 0.42611254611983895, d=Gpart:ry=0.153
c:-0.5782259949482977, -0.7126766489818692, -0.1987953162752092, -0.730633317027241, 0.3863954348489642, 0.8132956232875586, 4.05
",0.000762749994286929,"//H
3
j:
j:-0.5116007747128606, -0.05083730770274997, -0.5086304135620594, 0.7854181453585625, -0.07196220383048058, -0.7353185811080039, fr=0.746
j:0.6002878495492041, 0.9499329822137952, -0.4837637129239738, 0.5686491057276726, -0.47193408804014325, 0.6875709556043148, fr=0.985, rotstif=0.982
j:-0.9941507587209344, -0.022477813996374607, 0.039545197039842606, -0.2570989113301039, -0.6573189878836274, -0.629706984385848, l=1.091
j:-0.0927007244899869, 0.0836182739585638, 0.2836976363323629, 0.7399400840513408, -0.4567820900119841, 0.2054236768744886, rotstif=0.888
j:-0.9364502993412316, -0.44636774668470025, 0.1930565545335412, -0.13741389336064458, 0.9782728282734752, -0.22631230810657144, rotstif=0.971, l=0.935
j:-0.4084491073153913, 0.1375527437776327, -0.232456736266613, -0.08054381515830755, 0.1456126905977726, -0.29294101102277637, rotstif=0.987
j:-0.2998488084413111, 0.6254114145413041, 0.33113276213407516, 0.995564335025847, -0.9029267183504999, 0.3881134516559541, fr=0.084
n:0.3746173554100096, 0.8495929045602679, -0.42349618254229426, 0.6878074184060097, 0.8224938143976033, -0.8642493584193289, d=Gpart:ry=0.084
n:-0.2557256896980107, 0.8433080115355551, -0.031613228376954794, 0.7344297235831618, 0.4673730507493019, -0.703850454185158, d=*
n:0.966449729166925, 0.05102541018277407, 0.7048190329223871, 0.3347112853080034, -0.8434010650962591, -0.29977397294715047, d=|:r=0.933
n:0.40376722114160657, -0.07420686446130276, 0.8688011937774718, -0.6359092653729022, -0.8649696977809072, 0.42611254611983895, d=Gpart:ry=0.153
c:-0.5782259949482977, -0.7126766489818692, -0.1987953162752092, -0.730633317027241, 0.3863954348489642, 0.8132956232875586, 4.05
",0.000762749994286929,feasible,20
20,H,1,"//H
3
j:
j:-0.5116007747128606, -0.05083730770274997, -0.5086304135620594, 0.7854181453585625, -0.07196220383048058, -0.7353185811080039, fr=0.746
j:0.6002878495492041, 0.9499329822137952, -0.4837637129239738, 0.5686491057276726, -0.47193408804014325, 0.6875709556043148, fr=0.985, rotstif=0.982
j:-0.9941507587209344, -0.022477813996374607, 0.039545197039842606, -0.2570989113301039, -0.6573189878836274, -0.629706984385848, l=1.091
j:-0.0927007244899869, 0.0836182739585638, 0.2836976363323629, 0.7399400840513408, -0.4567820900119841, 0.2054236768744886, rotstif=0.888
j:-0.9364502993412316, -0.44636774668470025, 0.1930565545335412, -0.13741389336064458, 0.9782728282734752, -0.22631230810657144, l=0.935
j:-0.4084491073153913, 0.1375527437776327, -0.232456736266613, -0.08054381515830755, 0.1456126905977726, -0.29294101102277637, rotstif=0.987
j:-0.2998488084413111, 0.6254114145413041, 0.33113276213407516, 0.995564335025847, -0.9029267183504999, 0.3881134516559541, fr=0.084
n:0.3746173554100096, 0.8495929045602679, -0.42349618254229426, 0.6878074184060097, 0.8224938143976033, -0.8642493584193289, d=Gpart:ry=0.084
n:-0.2557256896980107, 0.8433080115355551, -0.031613228376954794, 0.7344297235831618, 0.4673730507493019, -0.703850454185158, d=*
n:0.966449729166925, 0.05102541018277407, 0.7048190329223871, 0.3347112853080034, -0.8434010650962591, -0.29977397294715047, d=|:r=0.933
n:0.40376722114160657, -0.07420686446130276, 0.8688011937774718, -0.6359092653729022, -0.8649696977809072, 0.42611254611983895, d=Gpart:ry=0.153
c:-0.5782259949482977, -0.7126766489818692, -0.1987953162752092, -0.730633317027241, 0.3863954348489642, 0.8132956232875586, 4.05
",0.000762749994286929,"//H
3
j:-0.5116007747128606, -0.05083730770274997, -0.5086304135620594, 0.7854181453585625, -0.07196220383048058, -0.7353185811080039, fr=0.746
j:0.6002878495492041, 0.9499329822137952, -0.4837637129239738, 0.5686491057276726, -0.47193408804014325, 0.6875709556043148, fr=0.985, rotstif=0.982
j:-0.9941507587209344, -0.022477813996374607, 0.039545197039842606, -0.2570989113301039, -0.6573189878836274, -0.629706984385848, l=1.091
j:-0.0927007244899869, 0.0836182739585638, 0.2836976363323629, 0.7399400840513408, -0.4567820900119841, 0.2054236768744886, rotstif=0.888
j:-0.9364502993412316, -0.44636774668470025, 0.1930565545335412, -0.13741389336064458, 0.9782728282734752, -0.22631230810657144, l=0.935
j:-0.4084491073153913, 0.1375527437776327, -0.232456736266613, -0.08054381515830755, 0.1456126905977726, -0.29294101102277637, rotstif=0.987
j:-0.2998488084413111, 0.6254114145413041, 0.33113276213407516, 0.995564335025847, -0.9029267183504999, 0.3881134516559541, fr=0.084
n:0.3746173554100096, 0.8495929045602679, -0.42349618254229426, 0.6878074184060097, 0.8224938143976033, -0.8642493584193289, d=Gpart:ry=0.084
n:-0.2557256896980107, 0.8433080115355551, -0.031613228376954794, 0.7344297235831618, 0.4673730507493019, -0.703850454185158, d=*
n:0.966449729166925, 0.05102541018277407, 0.7048190329223871, 0.3347112853080034, -0.8434010650962591, -0.29977397294715047, d=|:r=0.933
n:0.40376722114160657, -0.07420686446130276, 0.8688011937774718, -0.6359092653729022, -0.8649696977809072, 0.42611254611983895, d=Gpart:ry=0.153
c:-0.5782259949482977, -0.7126766489818692, -0.1987953162752092, -0.730633317027241, 0.3863954348489642, 0.8132956232875586, 4.05
",0.00016019854690476907,feasible,20
20,H,1,"//H
3
j:
j:-0.5116007747128606, -0.05083730770274997, -0.5086304135620594, 0.7854181453585625, -0.07196220383048058, -0.7353185811080039, fr=0.746
j:0.6002878495492041, 0.9499329822137952, -0.4837637129239738, 0.5686491057276726, -0.47193408804014325, 0.6875709556043148, fr=0.985, rotstif=0.982
j:-0.9941507587209344, -0.022477813996374607, 0.039545197039842606, -0.2570989113301039, -0.6573189878836274, -0.629706984385848, l=1.091
j:-0.0927007244899869, 0.0836182739585638, 0.2836976363323629, 0.7399400840513408, -0.4567820900119841, 0.2054236768744886, rotstif=0.888
j:-0.9364502993412316, -0.44636774668470025, 0.1930565545335412, -0.13741389336064458, 0.9782728282734752, -0.22631230810657144, l=0.935
j:-0.4084491073153913, 0.1375527437776327, -0.232456736266613, -0.08054381515830755, 0.1456126905977726, -0.29294101102277637, rotstif=0.987
j:-0.2998488084413111, 0.6254114145413041, 0.33113276213407516, 0.995564335025847, -0.9029267183504999, 0.3881134516559541, fr=0.084
n:0.3746173554100096, 0.8495929045602679, -0.42349618254229426, 0.6878074184060097, 0.8224938143976033, -0.8642493584193289, d=Gpart:ry=0.084
n:-0.2557256896980107, 0.8433080115355551, -0.031613228376954794, 0.7344297235831618, 0.4673730507493019, -0.703850454185158, d=*
n:0.966449729166925, 0.05102541018277407, 0.7048190329223871, 0.3347112853080034, -0.8434010650962591, -0.29977397294715047, d=|:r=0.933
n:0.40376722114160657, -0.07420686446130276, 0.8688011937774718, -0.6359092653729022, -0.8649696977809072, 0.42611254611983895, d=Gpart:ry=0.153
c:-0.5782259949482977, -0.7126766489818692, -0.1987953162752092, -0.730633317027241, 0.3863954348489642, 0.8132956232875586, 4.05
",0.000762749994286929,"//H
3
j:
j:-0.5116007747128606, -0.05083730770274997, -0.5086304135620594, 0.7854181453585625, -0.07196220383048058, -0.7353185811080039, fr=0.746
j:0.6002878495492041, 0.9499329822137952, -0.4837637129239738, 0.5686491057276726, -0.47193408804014325, 0.6875709556043148, fr=0.985, rotstif=0.982
j:-0.9941507587209344, -0.022477813996374607, 0.039545197039842606, -0.2570989113301039, -0.6573189878836274, -0.629706984385848, l=1.091
j:-0.0927007244899869, 0.0836182739585638, 0.2836976363323629, 0.7399400840513408, -0.4567820900119841, 0.2054236768744886, rotstif=0.888
j:-0.9364502993412316, -0.44636774668470025, 0.1930565545335412, -0.13741389336064458, 0.9782728282734752, -0.22631230810657144, l=0.935
j:-0.4084491073153913, 0.1375527437776327, -0.232456736266613, -0.08054381515830755, 0.1456126905977726, -0.29294101102277637, rotstif=0.987
j:-0.2998488084413111, 0.6254114145413041, 0.33113276213407516, 0.995564335025847, -0.9029267183504999, 0.3881134516559541, fr=0.084
n:0.3746173554100096, 0.8495929045602679, -0.42349618254229426, 0.6878074184060097, 0.8224938143976033, -0.8642493584193289, d=Gpart:ry=0.084
n:-0.2557256896980107, 0.8433080115355551, -0.031613228376954794, 0.7344297235831618, 0.4673730507493019, -0.703850454185158, d=*
n:0.966449729166925, 0.05102541018277407, 0.7048190329223871, 0.3347112853080034, -0.8434010650962591, -0.29977397294715047, d=|:r=0.933
n:0.40376722114160657, -0.07420686446130276, 0.8688011937774718, -0.6359092653729022, -0.8649696977809072, 0.42611254611983895, d=Gpart:ry=0.153
n:-0.2373404805548489, 0.2279383265413344, -0.7693181396462023, 0.09129450470209122, 0.9238473186269403, 0.6706471727229655, d=|:p=0.163
c:-0.5782259949482977, -0.7126766489818692, -0.1987953162752092, -0.730633317027241, 0.3863954348489642, 0.8132956232875586, 4.05
",1.3130476726096813e-06,feasible,20
20,H,1,"//H
3
j:
j:-0.5116007747128606, -0.05083730770274997, -0.5086304135620594, 0.7854181453585625, -0.07196220383048058, -0.7353185811080039, fr=0.746
j:0.6002878495492041, 0.9499329822137952, -0.4837637129239738, 0.5686491057276726, -0.47193408804014325, 0.6875709556043148, fr=0.985, rotstif=0.982
j:-0.9941507587209344, -0.022477813996374607, 0.039545197039842606, -0.2570989113301039, -0.6573189878836274, -0.629706984385848, l=1.091
j:-0.0927007244899869, 0.0836182739585638, 0.2836976363323629, 0.7399400840513408, -0.4567820900119841, 0.2054236768744886, rotstif=0.888
j:-0.9364502993412316, -0.44636774668470025, 0.1930565545335412, -0.13741389336064458, 0.9782728282734752, -0.22631230810657144, l=0.935
j:-0.4084491073153913, 0.1375527437776327, -0.232456736266613, -0.08054381515830755, 0.1456126905977726, -0.29294101102277637, rotstif=0.987
j:-0.2998488084413111, 0.6254114145413041, 0.33113276213407516, 0.995564335025847, -0.9029267183504999, 0.3881134516559541, fr=0.084
n:0.3746173554100096, 0.8495929045602679, -0.42349618254229426, 0.6878074184060097, 0.8224938143976033, -0.8642493584193289, d=Gpart:ry=0.084
n:-0.2557256896980107, 0.8433080115355551, -0.031613228376954794, 0.7344297235831618, 0.4673730507493019, -0.703850454185158, d=*
n:0.966449729166925, 0.05102541018277407, 0.7048190329223871, 0.3347112853080034, -0.8434010650962591, -0.29977397294715047, d=|:r=0.933
n:0.40376722114160657, -0.07420686446130276, 0.8688011937774718, -0.6359092653729022, -0.8649696977809072, 0.42611254611983895, d=Gpart:ry=0.153
c:-0.5782259949482977, -0.7126766489818692, -0.1987953162752092, -0.730633317027241, 0.3863954348489642, 0.8132956232875586, 4.05
",0.000762749994286929,"//H
3
j:
j:-0.5116007747128606, -0.05083730770274997, -0.5086304135620594, 0.7854181453585625, -0.07196220383048058, -0.7353185811080039, fr=0.746
j:0.6002878495492041, 0.9499329822137952, -0.4837637129239738, 0.5686491057276726, -0.47193408804014325, 0.6875709556043148, fr=0.985, rotstif=0.982
j:-0.9941507587209344, -0.022477813996374607, 0.039545197039842606, -0.2570989113301039, -0.6573189878836274, -0.629706984385848, l=1.091
j:-0.0927007244899869, 0.0836182739585638, 0.2836976363323629, 0.7399400840513408, -0.4567820900119841, 0.2054236768744886, rotstif=0.888
j:-0.9364502993412316, -0.44636774668470025, 0.1930565545335412, -0.13741389336064458, 0.9782728282734752, -0.22631230810657144, l=0.935
j:-0.4084491073153913, 0.1375527437776327, -0.232456736266613, -0.08054381515830755, 0.1456126905977726, -0.29294101102277637, rotstif=0.987
j:-0.2998488084413111, 0.6254114145413041, 0.33113276213407516, 0.995564335025847, -0.9029267183504999, 0.3881134516559541, fr=0.084
n:0.3746173554100096, 0.8495929045602679, -0.42349618254229426, 0.6878074184060097, 0.8224938143976033, -0.8642493584193289, d=Gpart:ry=0.084
n:-0.2557256896980107, 0.8433080115355551, -0.031613228376954794, 0.7344297235831618, 0.4673730507493019, -0.703850454185158, d=*
n:0.966449729166925, 0.05102541018277407, 0.7048190329223871, 0.3347112853080034, -0.8434010650962591, -0.29977397294715047, d=|:r=0.933
n:0.40376722114160657, -0.07420686446130276, 0.8688011937774718, -0.6359092653729022, -0.8649696977809072, 0.42611254611983895, d=Gpart:ry=0.153
c:-0.5782259949482977, -0.7126766489818692, -0.1987953162752092, -0.730633317027241, 0.3863954348489642, 0.8132956232875586, 4.05
c:0.12166579021140933, -0.4055523634888232, -0.4236217071302235, -0.7867146823555231, -0.3697210936807096, -0.3376988680101931, 0.03
",0.000762749994286929,feasible,20
20,H,1,"//H
3
j:
j:-0.5116007747128606, -0.05083730770274997, -0.5086304135620594, 0.7854181453585625, -0.07196220383048058, -0.7353185811080039, fr=0.746
j:0.6002878495492041, 0.9499329822137952, -0.4837637129239738, 0.5686491057276726, -0.47193408804014325, 0.6875709556043148, fr=0.985, rotstif=0.982
j:-0.9941507587209344, -0.022477813996374607, 0.039545197039842606, -0.2570989113301039, -0.6573189878836274, -0.629706984385848, l=1.091
j:-0.0927007244899869, 0.0836182739585638, 0.2836976363323629, 0.7399400840513408, -0.4567820900119841, 0.2054236768744886, rotstif=0.888
j:-0.9364502993412316, -0.44636774668470025, 0.1930565545335412, -0.13741389336064458, 0.9782728282734752, -0.22631230810657144, l=0.935
j:-0.4084491073153913, 0.1375527437776327, -0.232456736266613, -0.08054381515830755, 0.1456126905977726, -0.29294101102277637, rotstif=0.987
j:-0.2998488084413111, 0.6254114145413041, 0.33113276213407516, 0.995564335025847, -0.9029267183504999, 0.3881134516559541, fr=0.084
n:0.3746173554100096, 0.8495929045602679, -0.42349618254229426, 0.6878074184060097, 0.8224938143976033, -0.8642493584193289, d=Gpart:ry=0.084
n:-0.2557256896980107, 0.8433080115355551, -0.031613228376954794, 0.7344297235831618, 0.4673730507493019, -0.703850454185158, d=*
n:0.966449729166925, 0.05102541018277407, 0.7048190329223871, 0.3347112853080034, -0.8434010650962591, -0.29977397294715047, d=|:r=0.933
n:0.40376722114160657, -0.07420686446130276, 0.8688011937774718, -0.6359092653729022, -0.8649696977809072, 0.42611254611983895, d=Gpart:ry=0.153
c:-0.5782259949482977, -0.7126766489818692, -0.1987953162752092, -0.730633317027241, 0.3863954348489642, 0.8132956232875586, 4.05
",0.000762749994286929,"//H
3
j:
j:-0.5116007747128606, -0.05083730770274997, -0.5086304135620594, 0.7854181453585625, -0.07196220383048058, -0.7353185811080039, fr=0.746
j:0.6002878495492041, 0.9499329822137952, -0.4837637129239738, 0.5686491057276726, -0.47193408804014325, 0.6875709556043148, fr=0.985, rotstif=0.982
j:-0.9941507587209344, -0.022477813996374607, 0.039545197039842606, -0.2570989113301039, -0.6573189878836274, -0.629706984385848, l=1.091
j:-0.0927007244899869, 0.0836182739585638, 0.2836976363323629, 0.7399400840513408, -0.4567820900119841, 0.2054236768744886, rotstif=0.888
j:-0.9364502993412316, -0.44636774668470025, 0.1930565545335412, -0.13741389336064458, 0.9782728282734752, -0.22631230810657144, l=0.935
j:-0.4084491073153913, 0.1375527437776327, -0.232456736266613, -0.08054381515830755, 0.1456126905977726, -0.29294101102277637, rotstif=0.987
j:-0.2998488084413111, 0.6254114145413041, 0.33113276213407516, 0.995564335025847, -0.9029267183504999, 0.3881134516559541, fr=0.084
n:0.3746173554100096, 0.8495929045602679, -0.42349618254229426, 0.6878074184060097, 0.8224938143976033, -0.8642493584193289, d=Gpart:ry=0.084
n:-0.2557256896980107, 0.8433080115355551, -0.031613228376954794, 0.7344297235831618, 0.4673730507493019, -0.703850454185158, d=*
n:0.966449729166925, 0.05102541018277407, 0.7048190329223871, 0.3347112853080034, -0.8434010650962591, -0.29977397294715047, d=|:r=0.933
c:-0.5782259949482977, -0.7126766489818692, -0.1987953162752092, -0.730633317027241, 0.3863954348489642, 0.8132956232875586, 4.05
",0.00012808394350295816,feasible,20
20,H,1,"//H
3
j:
j:-0.5116007747128606, -0.05083730770274997, -0.5086304135620594, 0.7854181453585625, -0.07196220383048058, -0.7353185811080039, fr=0.746
j:0.6002878495492041, 0.9499329822137952, -0.4837637129239738, 0.5686491057276726, -0.47193408804014325, 0.6875709556043148, fr=0.985, rotstif=0.982
j:-0.9941507587209344, -0.022477813996374607, 0.039545197039842606, -0.2570989113301039, -0.6573189878836274, -0.629706984385848, l=1.091
j:-0.0927007244899869, 0.0836182739585638, 0.2836976363323629, 0.7399400840513408, -0.4567820900119841, 0.2054236768744886, rotstif=0.888
j:-0.9364502993412316, -0.44636774668470025, 0.1930565545335412, -0.13741389336064458, 0.9782728282734752, -0.22631230810657144, l=0.935
j:-0.4084491073153913, 0.1375527437776327, -0.232456736266613, -0.08054381515830755, 0.1456126905977726, -0.29294101102277637, rotstif=0.987
j:-0.2998488084413111, 0.6254114145413041, 0.33113276213407516, 0.995564335025847, -0.9029267183504999, 0.3881134516559541, fr=0.084
n:0.3746173554100096, 0.8495929045602679, -0.42349618254229426, 0.6878074184060097, 0.8224938143976033, -0.8642493584193289, d=Gpart:ry=0.084
n:-0.2557256896980107, 0.8433080115355551, -0.031613228376954794, 0.7344297235831618, 0.4673730507493019, -0.703850454185158, d=*
n:0.966449729166925, 0.05102541018277407, 0.7048190329223871, 0.3347112853080034, -0.8434010650962591, -0.29977397294715047, d=|:r=0.933
n:0.40376722114160657, -0.07420686446130276, 0.8688011937774718, -0.6359092653729022, -0.8649696977809072, 0.42611254611983895, d=Gpart:ry=0.153
c:-0.5782259949482977, -0.7126766489818692, -0.1987953162752092, -0.730633317027241, 0.3863954348489642, 0.8132956232875586, 4.05
",0.000762749994286929,"//H
3
j:
j:-0.5116007747128606, -0.05083730770274997, -0.5086304135620594, 0.7854181453585625, -0.07196220383048058, -0.7353185811080039, fr=0.746
j:0.6002878495492041, 0.9499329822137952, -0.4837637129239738, 0.5686491057276726, -0.47193408804014325, 0.6875709556043148, fr=0.985, rotstif=0.982
j:-0.9941507587209344, -0.022477813996374607, 0.039545197039842606, -0.2570989113301039, -0.6573189878836274, -0.629706984385848, l=1.091
j:-0.0927007244899869, 0.0836182739585638, 0.2836976363323629, 0.7399400840513408, -0.4567820900119841, 0.2054236768744886, rotstif=0.888
j:-0.9364502993412316, -0.44636774668470025, 0.1930565545335412, -0.13741389336064458, 0.9782728282734752, -0.22631230810657144, l=0.935
j:-0.4084491073153913, 0.1375527437776327, -0.232456736266613, -0.08054381515830755, 0.1456126905977726, -0.29294101102277637, rotstif=0.987
j:-0.2998488084413111, 0.6254114145413041, 0.33113276213407516, 0.995564335025847, -0.9029267183504999, 0.3881134516559541, fr=0.084
n:0.3746173554100096, 0.8495929045602679, -0.42349618254229426, 0.6878074184060097, 0.8224938143976033, -0.8642493584193289, d=Gpart:ry=0.084
n:-0.2557256896980107, 0.8433080115355551, -0.031613228376954794, 0.765, 0.4673730507493019, -0.703850454185158, d=*
n:0.966449729166925, 0.05102541018277407, 0.7048190329223871, 0.3347112853080034, -0.8434010650962591, -0.29977397294715047, d=|:r=0.933
n:0.40376722114160657, -0.07420686446130276, 0.8688011937774718, -0.6359092653729022, -0.8649696977809072, 0.42611254611983895, d=Gpart:ry=0.153
c:-0.5782259949482977, -0.7126766489818692, -0.1987953162752092, -0.730633317027241, 0.3863954348489642, 0.8132956232875586, 4.05
",0.000762749994286929,feasible,20
20,H,1,"//H
3
j:
j:-0.5116007747128606, -0.05083730770274997, -0.5086304135620594, 0.7854181453585625, -0.07196220383048058, -0.7353185811080039, fr=0.746
j:0.6002878495492041, 0.9499329822137952, -0.4837637129239738, 0.5686491057276726, -0.47193408804014325, 0.6875709556043148, fr=0.985, rotstif=0.982
j:-0.9941507587209344, -0.022477813996374607, 0.039545197039842606, -0.2570989113301039, -0.6573189878836274, -0.629706984385848, l=1.091
j:-0.0927007244899869, 0.0836182739585638, 0.2836976363323629, 0.7399400840513408, -0.4567820900119841, 0.2054236768744886, rotstif=0.888
j:-0.9364502993412316, -0.44636774668470025, 0.1930565545335412, -0.13741389336064458, 0.9782728282734752, -0.22631230810657144, l=0.935
j:-0.4084491073153913, 0.1375527437776327, -0.232456736266613, -0.08054381515830755, 0.1456126905977726, -0.29294101102277637, rotstif=0.987
j:-0.2998488084413111, 0.6254114145413041, 0.33113276213407516, 0.995564335025847, -0.9029267183504999, 0.3881134516559541, fr=0.084
n:0.3746173554100096, 0.8495929045602679, -0.42349618254229426, 0.6878074184060097, 0.8224938143976033, -0.8642493584193289, d=Gpart:ry=0.084
n:-0.2557256896980107, 0.8433080115355551, -0.031613228376954794, 0.7344297235831618, 0.4673730507493019, -0.703850454185158, d=*
n:0.966449729166925, 0.05102541018277407, 0.7048190329223871, 0.3347112853080034, -0.8434010650962591, -0.29977397294715047, d=|:r=0.933
n:0.40376722114160657, -0.07420686446130276, 0.8688011937774718, -0.6359092653729022, -0.8649696977809072, 0.42611254611983895, d=Gpart:ry=0.153
c:-0.5782259949482977, -0.7126766489818692, -0.1987953162752092, -0.730633317027241, 0.3863954348489642, 0.8132956232875586, 4.05
",0.000762749994286929,"//H
3
j:
j:-0.5116007747128606, -0.05083730770274997, -0.5086304135620594, 0.7854181453585625, -0.07196220383048058, -0.7353185811080039, fr=0.746
j:0.6002878495492041, 0.9499329822137952, -0.4837637129239738, 0.5686491057276726, -0.47193408804014325, 0.6875709556043148, fr=0.985, rotstif=0.982
j:-0.9941507587209344, -0.022477813996374607, 0.039545197039842606, -0.2570989113301039, -0.6573189878836274, -0.535, l=1.091
j:-0.0927007244899869, 0.0836182739585638, 0.2836976363323629, 0.7399400840513408, -0.4567820900119841, 0.2054236768744886, rotstif=0.888
j:-0.9364502993412316, -0.44636774668470025, 0.1930565545335412, -0.13741389336064458, 0.9782728282734752, -0.22631230810657144, l=0.935
j:-0.4084491073153913, 0.1375527437776327, -0.232456736266613, -0.08054381515830755, 0.1456126905977726, -0.29294101102277637, rotstif=0.987
j:-0.2998488084413111, 0.6254114145413041, 0.33113276213407516, 0.995564335025847, -0.9029267183504999, 0.3881134516559541, fr=0.084
n:0.3746173554100096, 0.8495929045602679, -0.42349618254229426, 0.6878074184060097, 0.8224938143976033, -0.8642493584193289, d=Gpart:ry=0.084
n:-0.2557256896980107, 0.8433080115355551, -0.031613228376954794, 0.7344297235831618, 0.4673730507493019, -0.703850454185158, d=*
n:0.966449729166925, 0.05102541018277407, 0.7048190329223871, 0.3347112853080034, -0.8434010650962591, -0.29977397294715047, d=|:r=0.933
n:0.40376722114160657, -0.07420686446130276, 0.8688011937774718, -0.6359092653729022, -0.8649696977809072, 0.42611254611983895, d=Gpart:ry=0.153
c:-0.5782259949482977, -0.7126766489818692, -0.1987953162752092, -0.730633317027241, 0.3863954348489642, 0.8132956232875586, 4.05
",0.0001871731311452191,feasible,20
20,H,1,"//H
3
j:
j:-0.5116007747128606, -0.05083730770274997, -0.5086304135620594, 0.7854181453585625, -0.07196220383048058, -0.7353185811080039, fr=0.746
j:0.6002878495492041, 0.9499329822137952, -0.4837637129239738, 0.5686491057276726, -0.47193408804014325, 0.6875709556043148, fr=0.985, rotstif=0.982
j:-0.9941507587209344, -0.022477813996374607, 0.039545197039842606, -0.2570989113301039, -0.6573189878836274, -0.629706984385848, l=1.091
j:-0.0927007244899869, 0.0836182739585638, 0.2836976363323629, 0.7399400840513408, -0.4567820900119841, 0.2054236768744886, rotstif=0.888
j:-0.9364502993412316, -0.44636774668470025, 0.1930565545335412, -0.13741389336064458, 0.9782728282734752, -0.22631230810657144, l=0.935
j:-0.4084491073153913, 0.1375527437776327, -0.232456736266613, -0.08054381515830755, 0.1456126905977726, -0.29294101102277637, rotstif=0.987
j:-0.2998488084413111, 0.6254114145413041, 0.33113276213407516, 0.995564335025847, -0.9029267183504999, 0.3881134516559541, fr=0.084
n:0.3746173554100096, 0.8495929045602679, -0.42349618254229426, 0.6878074184060097, 0.8224938143976033, -0.8642493584193289, d=Gpart:ry=0.084
n:-0.2557256896980107, 0.8433080115355551, -0.031613228376954794, 0.7344297235831618, 0.4673730507493019, -0.703850454185158, d=*
n:0.966449729166925, 0.05102541018277407, 0.7048190329223871, 0.3347112853080034, -0.8434010650962591, -0.29977397294715047, d=|:r=0.933
n:0.40376722114160657, -0.07420686446130276, 0.8688011937774718, -0.6359092653729022, -0.8649696977809072, 0.42611254611983895, d=Gpart:ry=0.153
c:-0.5782259949482977, -0.7126766489818692, -0.1987953162752092, -0.730633317027241, 0.3863954348489642, 0.8132956232875586, 4.05
",0.000762749994286929,"//H
3
j:
j:-0.5116007747128606, -0.05083730770274997, -0.5086304135620594, 0.7854181453585625, -0.07196220383048058, -0.7353185811080039, fr=0.746
j:0.6002878495492041, 0.9499329822137952, -0.4837637129239738, 0.5686491057276726, -0.47193408804014325, 0.6875709556043148, fr=0.985, rotstif=0.982
j:-0.9941507587209344, -0.022477813996374607, 0.039545197039842606, -0.2570989113301039, -0.6573189878836274, -0.629706984385848, l=1.091
j:-0.0927007244899869, 0.0836182739585638, 0.2836976363323629, 0.7399400840513408, -0.4567820900119841, 0.2054236768744886, rotstif=0.888
j:-0.9364502993412316, -0.44636774668470025, 0.1930565545335412, -0.13741389336064458, 0.9782728282734752, -0.22631230810657144, l=0.935
j:-0.4084491073153913, 0.1375527437776327, -0.232456736266613, -0.08054381515830755, 0.1456126905977726, -0.29294101102277637, rotstif=0.987
j:-0.2998488084413111, 0.6254114145413041, 0.33113276213407516, 0.995564335025847, -0.9029267183504999, 0.3881134516559541, fr=0.084
j:-0.28328148648142815, -0.3458404690027237, -0.6006323285400867, 0.6974408384412527, 0.6942133600823581, -0.9893843745812774, rotstif=0.904
n:0.3746173554100096, 0.8495929045602679, -0.42349618254229426, 0.6878074184060097, 0.8224938143976033, -0.8642493584193289, d=Gpart:ry=0.084
n:-0.2557256896980107, 0.8433080115355551, -0.031613228376954794, 0.7344297235831618, 0.4673730507493019, -0.703850454185158, d=*
n:0.966449729166925, 0.05102541018277407, 0.7048190329223871, 0.3347112853080034, -0.8434010650962591, -0.29977397294715047, d=|:r=0.933
n:0.40376722114160657, -0.07420686446130276, 0.8688011937774718, -0.6359092653729022, -0.8649696977809072, 0.42611254611983895, d=Gpart:ry=0.153
c:-0.5782259949482977, -0.7126766489818692, -0.1987953162752092, -0.730633317027241, 0.3863954348489642, 0.8132956232875586, 4.05
",0.0003479371309843666,feasible,20
20,H,1,"//H
3
j:
j:-0.5116007747128606, -0.05083730770274997, -0.5086304135620594, 0.7854181453585625, -0.07196220383048058, -0.7353185811080039, fr=0.746
j:0.6002878495492041, 0.9499329822137952, -0.4837637129239738, 0.5686491057276726, -0.47193408804014325, 0.6875709556043148, fr=0.985, rotstif=0.982
j:-0.9941507587209344, -0.022477813996374607, 0.039545197039842606, -0.2570989113301039, -0.6573189878836274, -0.629706984385848, l=1.091
j:-0.0927007244899869, 0.0836182739585638, 0.2836976363323629, 0.7399400840513408, -0.4567820900119841, 0.2054236768744886, rotstif=0.888
j:-0.9364502993412316, -0.44636774668470025, 0.1930565545335412, -0.13741389336064458, 0.9782728282734752, -0.22631230810657144, l=0.935
j:-0.4084491073153913, 0.1375527437776327, -0.232456736266613, -0.08054381515830755, 0.1456126905977726, -0.29294101102277637, rotstif=0.987
j:-0.2998488084413111, 0.6254114145413041, 0.33113276213407516, 0.995564335025847, -0.9029267183504999, 0.3881134516559541, fr=0.084
n:0.3746173554100096, 0.8495929045602679, -0.42349618254229426, 0.6878074184060097, 0.8224938143976033, -0.8642493584193289, d=Gpart:ry=0.084
n:-0.2557256896980107, 0.8433080115355551, -0.031613228376954794, 0.7344297235831618, 0.4673730507493019, -0.703850454185158, d=*
n:0.966449729166925, 0.05102541018277407, 0.7048190329223871, 0.3347112853080034, -0.8434010650962591, -0.29977397294715047, d=|:r=0.933
n:0.40376722114160657, -0.07420686446130276, 0.8688011937774718, -0.6359092653729022, -0.8649696977809072, 0.42611254611983895, d=Gpart:ry=0.153
c:-0.5782259949482977, -0.7126766489818692, -0.1987953162752092, -0.730633317027241, 0.3863954348489642, 0.8132956232875586, 4.05
",0.000762749994286929,"//H
3
j:
j:-0.5116007747128606, -0.05083730770274997, -0.5086304135620594, 0.7854181453585625, -0.07196220383048058, -0.7353185811080039, fr=0.746
j:0.6002878495492041, 0.9499329822137952, -0.4837637129239738, 0.5686491057276726, -0.47193408804014325, 0.6875709556043148, fr=0.985, rotstif=0.982
j:-0.9941507587209344, -0.022477813996374607, 0.039545197039842606, -0.2570989113301039, -0.6573189878836274, -0.629706984385848, l=1.091
j:-0.0927007244899869, 0.0836182739585638, 0.2836976363323629, 0.7399400840513408, -0.4567820900119841, 0.2054236768744886, rotstif=0.888
j:-0.9364502993412316, -0.44636774668470025, 0.1930565545335412, -0.13741389336064458, 0.9782728282734752, -0.22631230810657144, l=0.935
j:-0.4084491073153913, 0.1375527437776327, -0.232456736266613, -0.08054381515830755, 0.1456126905977726, -0.29294101102277637, rotstif=0.987
j:-0.2998488084413111, 0.6254114145413041, 0.33113276213407516, 0.995564335025847, -0.9029267183504999, 0.3881134516559541, fr=0.084
n:0.3746173554100096, 0.8495929045602679, -0.42349618254229426, 0.6878074184060097, 0.8224938143976033, -0.8642493584193289, d=Gpart:ry=0.084
n:-0.2557256896980107, 0.8433080115355551, -0.031613228376954794, 0.7344297235831618, 0.4673730507493019, -0.703850454185158, d=*
n:0.966449729166925, 0.05102541018277407, 0.7048190329223871, 0.3347112853080034, -0.8434010650962591, -0.29977397294715047, d=|:r=0.933
n:0.40376722114160657, -0.07420686446130276, 0.8688011937774718, -0.6359092653729022, -0.8649696977809072, 0.42611254611983895, d=Gpart:ry=0.153
c:-0.5782259949482977, -0.786, -0.1987953162752092, -0.730633317027241, 0.3863954348489642, 0.8132956232875586, 4.05
",0.000762749994286929,feasible,20
20,H,1,"//H
3
j:
j:-0.5116007747128606, -0.05083730770274997, -0.5086304135620594, 0.7854181453585625, -0.07196220383048058, -0.7353185811080039, fr=0.746
j:0.6002878495492041, 0.9499329822137952, -0.4837637129239738, 0.5686491057276726, -0.47193408804014325, 0.6875709556043148, fr=0.985, rotstif=0.982
j:-0.9941507587209344, -0.022477813996374607, 0.039545197039842606, -0.2570989113301039, -0.6573189878836274, -0.629706984385848, l=1.091
j:-0.0927007244899869, 0.0836182739585638, 0.2836976363323629, 0.7399400840513408, -0.4567820900119841, 0.2054236768744886, rotstif=0.888
j:-0.9364502993412316, -0.44636774668470025, 0.1930565545335412, -0.13741389336064458, 0.9782728282734752, -0.22631230810657144, l=0.935
j:-0.4084491073153913, 0.1375527437776327, -0.232456736266613, -0.08054381515830755, 0.1456126905977726, -0.29294101102277637, rotstif=0.987
j:-0.2998488084413111, 0.6254114145413041, 0.33113276213407516, 0.995564335025847, -0.9029267183504999, 0.3881134516559541, fr=0.084
n:0.3746173554100096, 0.8495929045602679, -0.42349618254229426, 0.6878074184060097, 0.8224938143976033, -0.8642493584193289, d=Gpart:ry=0.084
n:-0.2557256896980107, 0.8433080115355551, -0.031613228376954794, 0.7344297235831618, 0.4673730507493019, -0.703850454185158, d=*
n:0.966449729166925, 0.05102541018277407, 0.7048190329223871, 0.3347112853080034, -0.8434010650962591, -0.29977397294715047, d=|:r=0.933
n:0.40376722114160657, -0.07420686446130276, 0.8688011937774718, -0.6359092653729022, -0.8649696977809072, 0.42611254611983895, d=Gpart:ry=0.153
c:-0.5782259949482977, -0.7126766489818692, -0.1987953162752092, -0.730633317027241, 0.3863954348489642, 0.8132956232875586, 4.05
",0.000762749994286929,"//H
3
j:
j:-0.5116007747128606, -0.05083730770274997, -0.5086304135620594, 0.7854181453585625, -0.07196220383048058, -0.751, fr=0.746
j:0.6002878495492041, 0.9499329822137952, -0.4837637129239738, 0.5686491057276726, -0.47193408804014325, 0.6875709556043148, fr=0.985, rotstif=0.982
j:-0.9941507587209344, -0.022477813996374607, 0.039545197039842606, -0.2570989113301039, -0.6573189878836274, -0.629706984385848, l=1.091
j:-0.0927007244899869, 0.0836182739585638, 0.2836976363323629, 0.7399400840513408, -0.4567820900119841, 0.2054236768744886, rotstif=0.888
j:-0.9364502993412316, -0.44636774668470025, 0.1930565545335412, -0.13741389336064458, 0.9782728282734752, -0.22631230810657144, l=0.935
j:-0.4084491073153913, 0.1375527437776327, -0.232456736266613, -0.08054381515830755, 0.1456126905977726, -0.29294101102277637, rotstif=0.987
j:-0.2998488084413111, 0.6254114145413041, 0.33113276213407516, 0.995564335025847, -0.9029267183504999, 0.3881134516559541, fr=0.084
n:0.3746173554100096, 0.8495929045602679, -0.42349618254229426, 0.6878074184060097, 0.8224938143976033, -0.8642493584193289, d=Gpart:ry=0.084
n:-0.2557256896980107, 0.8433080115355551, -0.031613228376954794, 0.7344297235831618, 0.4673730507493019, -0.703850454185158, d=*
n:0.966449729166925, 0.05102541018277407, 0.7048190329223871, 0.3347112853080034, -0.8434010650962591, -0.29977397294715047, d=|:r=0.933
n:0.40376722114160657, -0.07420686446130276, 0.8688011937774718, -0.6359092653729022, -0.8649696977809072, 0.42611254611983895, d=Gpart:ry=0.153
c:-0.5782259949482977, -0.7126766489818692, -0.1987953162752092, -0.730633317027241, 0.3863954348489642, 0.8132956232875586, 4.05
",0.000762749994286929,feasible,20
20,H,1,"//H
3
j:
j:-0.5116007747128606, -0.05083730770274997, -0.5086304135620594, 0.7854181453585625, -0.07196220383048058, -0.7353185811080039, fr=0.746
j:0.6002878495492041, 0.9499329822137952, -0.4837637129239738, 0.5686491057276726, -0.47193408804014325, 0.6875709556043148, fr=0.985, rotstif=0.982
j:-0.9941507587209344, -0.022477813996374607, 0.039545197039842606, -0.2570989113301039, -0.6573189878836274, -0.629706984385848, l=1.091
j:-0.0927007244899869, 0.0836182739585638, 0.2836976363323629, 0.7399400840513408, -0.4567820900119841, 0.2054236768744886, rotstif=0.888
j:-0.9364502993412316, -0.44636774668470025, 0.1930565545335412, -0.13741389336064458, 0.9782728282734752, -0.22631230810657144, l=0.935
j:-0.4084491073153913, 0.1375527437776327, -0.232456736266613, -0.08054381515830755, 0.1456126905977726, -0.29294101102277637, rotstif=0.987
j:-0.2998488084413111, 0.6254114145413041, 0.33113276213407516, 0.995564335025847, -0.9029267183504999, 0.3881134516559541, fr=0.084
n:0.3746173554100096, 0.8495929045602679, -0.42349618254229426, 0.6878074184060097, 0.8224938143976033, -0.8642493584193289, d=Gpart:ry=0.084
n:-0.2557256896980107, 0.8433080115355551, -0.031613228376954794, 0.7344297235831618, 0.4673730507493019, -0.703850454185158, d=*
n:0.966449729166925, 0.05102541018277407, 0.7048190329223871, 0.3347112853080034, -0.8434010650962591, -0.29977397294715047, d=|:r=0.933
n:0.40376722114160657, -0.07420686446130276, 0.8688011937774718, -0.6359092653729022, -0.8649696977809072, 0.42611254611983895, d=Gpart:ry=0.153
c:-0.5782259949482977, -0.7126766489818692, -0.1987953162752092, -0.730633317027241, 0.3863954348489642, 0.8132956232875586, 4.05
",0.000762749994286929,"//H
3
j:
j:-0.5116007747128606, -0.05083730770274997, -0.5086304135620594, 0.7854181453585625, -0.07196220383048058, -0.7353185811080039, fr=0.746
j:0.6002878495492041, 0.9499329822137952, -0.4837637129239738, 0.5686491057276726, -0.47193408804014325, 0.6875709556043148, fr=0.985, rotstif=0.982
j:-0.9941507587209344, -0.022477813996374607, 0.039545197039842606, -0.2570989113301039, -0.6573189878836274, -0.629706984385848, l=1.091
j:-0.0927007244899869, 0.0836182739585638, 0.2836976363323629, 0.7399400840513408, -0.4567820900119841, 0.2054236768744886, rotstif=0.888
j:-0.9364502993412316, -0.44636774668470025, 0.1930565545335412, -0.13741389336064458, 0.9782728282734752, -0.22631230810657144, l=0.935
j:-0.4084491073153913, 0.1375527437776327, -0.232456736266613, -0.08054381515830755, 0.1456126905977726, -0.29294101102277637, rotstif=0.987
j:-0.2998488084413111, 0.6254114145413041, 0.33113276213407516, 0.995564335025847, -0.9029267183504999, 0.3881134516559541, fr=0.084
n:0.3746173554100096, 0.8495929045602679, -0.42349618254229426, 0.6878074184060097, 0.8224938143976033, -0.8642493584193289, d=Gpart:ry=0.084
n:-0.2557256896980107, 0.8433080115355551, -0.031613228376954794, 0.7344297235831618, 0.4673730507493019, -0.703850454185158, d=*
n:0.966449729166925, 0.05102541018277407, 0.7048190329223871, 0.3347112853080034, -0.8434010650962591, -0.29977397294715047, d=|:r=0.933
n:0.40376722114160657, -0.07420686446130276, 0.8688011937774718, -0.6359092653729022, -0.8649696977809072, 0.42611254611983895, d=Gpart:ry=0.153
n:0.7784053045324981, -0.3181201573461294, 0.16181338066235185, -0.8273733370006084, -0.10895133344456553, 0.6005168058909476, d=Gpart:rz=1.698
c:-0.5782259949482977, -0.7126766489818692, -0.1987953162752092, -0.730633317027241, 0.3863954348489642, 0.8132956232875586, 4.05
",0.000762749994286929,feasible,20
20,H,1,"//H
3
j:
j:-0.5116007747128606, -0.05083730770274997, -0.5086304135620594, 0.7854181453585625, -0.07196220383048058, -0.7353185811080039, fr=0.746
j:0.6002878495492041, 0.9499329822137952, -0.4837637129239738, 0.5686491057276726, -0.47193408804014325, 0.6875709556043148, fr=0.985, rotstif=0.982
j:-0.9941507587209344, -0.022477813996374607, 0.039545197039842606, -0.2570989113301039, -0.6573189878836274, -0.629706984385848, l=1.091
j:-0.0927007244899869, 0.0836182739585638, 0.2836976363323629, 0.7399400840513408, -0.4567820900119841, 0.2054236768744886, rotstif=0.888
j:-0.9364502993412316, -0.44636774668470025, 0.1930565545335412, -0.13741389336064458, 0.9782728282734752, -0.22631230810657144, l=0.935
j:-0.4084491073153913, 0.1375527437776327, -0.232456736266613, -0.08054381515830755, 0.1456126905977726, -0.29294101102277637, rotstif=0.987
j:-0.2998488084413111, 0.6254114145413041, 0.33113276213407516, 0.995564335025847, -0.9029267183504999, 0.3881134516559541, fr=0.084
n:0.3746173554100096, 0.8495929045602679, -0.42349618254229426, 0.6878074184060097, 0.8224938143976033, -0.8642493584193289, d=Gpart:ry=0.084
n:-0.2557256896980107, 0.8433080115355551, -0.031613228376954794, 0.7344297235831618, 0.4673730507493019, -0.703850454185158, d=*
n:0.966449729166925, 0.05102541018277407, 0.7048190329223871, 0.3347112853080034, -0.8434010650962591, -0.29977397294715047, d=|:r=0.933
n:0.40376722114160657, -0.07420686446130276, 0.8688011937774718, -0.6359092653729022, -0.8649696977809072, 0.42611254611983895, d=Gpart:ry=0.153
c:-0.5782259949482977, -0.7126766489818692, -0.1987953162752092, -0.730633317027241, 0.3863954348489642, 0.8132956232875586, 4.05
",0.000762749994286929,"//H
3
j:
j:-0.5116007747128606, -0.05083730770274997, -0.5086304135620594, 0.7854181453585625, -0.07196220383048058, -0.7353185811080039, fr=0.746
j:0.6002878495492041, 0.9499329822137952, -0.4837637129239738, 0.5686491057276726, -0.47193408804014325, 0.6875709556043148, fr=0.985, rotstif=0.982
j:-0.9941507587209344, -0.022477813996374607, 0.039545197039842606, -0.2570989113301039, -0.6573189878836274, -0.629706984385848, l=1.091
j:-0.0927007244899869, 0.0836182739585638, 0.2836976363323629, 0.7399400840513408, -0.4567820900119841, 0.2054236768744886, rotstif=0.888
j:-0.9364502993412316, -0.44636774668470025, 0.1930565545335412, -0.13741389336064458, 0.9782728282734752, -0.22631230810657144, l=0.935
j:-0.4084491073153913, 0.1375527437776327, -0.232456736266613, -0.08054381515830755, -0.15, -0.29294101102277637, rotstif=0.987
j:-0.2998488084413111, 0.6254114145413041, 0.33113276213407516, 0.995564335025847, -0.9029267183504999, 0.3881134516559541, fr=0.084
n:0.3746173554100096, 0.8495929045602679, -0.42349618254229426, 0.6878074184060097, 0.8224938143976033, -0.8642493584193289, d=Gpart:ry=0.084
n:-0.2557256896980107, 0.8433080115355551, -0.031613228376954794, 0.7344297235831618, 0.4673730507493019, -0.703850454185158, d=*
n:0.966449729166925, 0.05102541018277407, 0.7048190329223871, 0.3347112853080034, -0.8434010650962591, -0.29977397294715047, d=|:r=0.933
n:0.40376722114160657, -0.07420686446130276, 0.8688011937774718, -0.6359092653729022, -0.8649696977809072, 0.42611254611983895, d=Gpart:ry=0.153
c:-0.5782259949482977, -0.7126766489818692, -0.1987953162752092, -0.730633317027241, 0.3863954348489642, 0.8132956232875586, 4.05
",1.878054535895033e-05,feasible,20
20,H,1,"//H
3
j:
j:-0.5116007747128606, -0.05083730770274997, -0.5086304135620594, 0.7854181453585625, -0.07196220383048058, -0.7353185811080039, fr=0.746
j:0.6002878495492041, 0.9499329822137952, -0.4837637129239738, 0.5686491057276726, -0.47193408804014325, 0.6875709556043148, fr=0.985, rotstif=0.982
j:-0.9941507587209344, -0.022477813996374607, 0.039545197039842606, -0.2570989113301039, -0.6573189878836274, -0.629706984385848, l=1.091
j:-0.0927007244899869, 0.0836182739585638, 0.2836976363323629, 0.7399400840513408, -0.4567820900119841, 0.2054236768744886, rotstif=0.888
j:-0.9364502993412316, -0.44636774668470025, 0.1930565545335412, -0.13741389336064458, 0.9782728282734752, -0.22631230810657144, l=0.935
j:-0.4084491073153913, 0.1375527437776327, -0.232456736266613, -0.08054381515830755, 0.1456126905977726, -0.29294101102277637, rotstif=0.987
j:-0.2998488084413111, 0.6254114145413041, 0.33113276213407516, 0.995564335025847, -0.9029267183504999, 0.3881134516559541, fr=0.084
n:0.3746173554100096, 0.8495929045602679, -0.42349618254229426, 0.6878074184060097, 0.8224938143976033, -0.8642493584193289, d=Gpart:ry=0.084
n:-0.2557256896980107, 0.8433080115355551, -0.031613228376954794, 0.7344297235831618, 0.4673730507493019, -0.703850454185158, d=*
n:0.966449729166925, 0.05102541018277407, 0.7048190329223871, 0.3347112853080034, -0.8434010650962591, -0.29977397294715047, d=|:r=0.933
n:0.40376722114160657, -0.07420686446130276, 0.8688011937774718, -0.6359092653729022, -0.8649696977809072, 0.42611254611983895, d=Gpart:ry=0.153
c:-0.5782259949482977, -0.7126766489818692, -0.1987953162752092, -0.730633317027241, 0.3863954348489642, 0.8132956232875586, 4.05
",0.000762749994286929,"//H
3
j:
j:-0.5116007747128606, -0.05083730770274997, -0.5086304135620594, 0.7854181453585625, -0.07196220383048058, -0.7353185811080039, fr=0.746
j:0.6002878495492041, 0.9499329822137952, -0.4837637129239738, 0.5686491057276726, -0.47193408804014325, 0.6875709556043148, fr=0.985, rotstif=0.982
j:-0.9941507587209344, -0.022477813996374607, 0.039545197039842606, -0.2570989113301039, -0.6573189878836274, -0.629706984385848, l=1.091
j:-0.0927007244899869, 0.0836182739585638, 0.2836976363323629, 0.7399400840513408, -0.4567820900119841, 0.2054236768744886, rotstif=0.888
j:-0.9364502993412316, -0.44636774668470025, 0.1930565545335412, -0.13741389336064458, 0.9782728282734752, -0.22631230810657144, l=0.935
j:-0.4084491073153913, 0.1375527437776327, -0.232456736266613, -0.08054381515830755, 0.1456126905977726, -0.29294101102277637, rotstif=0.987
n:0.3746173554100096, 0.8495929045602679, -0.42349618254229426, 0.6878074184060097, 0.8224938143976033, -0.8642493584193289, d=Gpart:ry=0.084
n:-0.2557256896980107, 0.8433080115355551, -0.031613228376954794, 0.7344297235831618, 0.4673730507493019, -0.703850454185158, d=*
n:0.966449729166925, 0.05102541018277407, 0.7048190329223871, 0.3347112853080034, -0.8434010650962591, -0.29977397294715047, d=|:r=0.933
n:0.40376722114160657, -0.07420686446130276, 0.8688011937774718, -0.6359092653729022, -0.8649696977809072, 0.42611254611983895, d=Gpart:ry=0.153
c:-0.5782259949482977, -0.7126766489818692, -0.1987953162752092, -0.730633317027241, 0.3863954348489642, 0.8132956232875586, 4.05
",0.000532058319054795,feasible,20
20,H,1,"//H
3
j:
j:-0.5116007747128606, -0.05083730770274997, -0.5086304135620594, 0.7854181453585625, -0.07196220383048058, -0.7353185811080039, fr=0.746
j:0.6002878495492041, 0.9499329822137952, -0.4837637129239738, 0.5686491057276726, -0.47193408804014325, 0.6875709556043148, fr=0.985, rotstif=0.982
j:-0.9941507587209344, -0.022477813996374607, 0.039545197039842606, -0.2570989113301039, -0.6573189878836274, -0.629706984385848, l=1.091
j:-0.0927007244899869, 0.0836182739585638, 0.2836976363323629, 0.7399400840513408, -0.4567820900119841, 0.2054236768744886, rotstif=0.888
j:-0.9364502993412316, -0.44636774668470025, 0.1930565545335412, -0.13741389336064458, 0.9782728282734752, -0.22631230810657144, l=0.935
j:-0.4084491073153913, 0.1375527437776327, -0.232456736266613, -0.08054381515830755, 0.1456126905977726, -0.29294101102277637, rotstif=0.987
j:-0.2998488084413111, 0.6254114145413041, 0.33113276213407516, 0.995564335025847, -0.9029267183504999, 0.3881134516559541, fr=0.084
n:0.3746173554100096, 0.8495929045602679, -0.42349618254229426, 0.6878074184060097, 0.8224938143976033, -0.8642493584193289, d=Gpart:ry=0.084
n:-0.2557256896980107, 0.8433080115355551, -0.031613228376954794, 0.7344297235831618, 0.4673730507493019, -0.703850454185158, d=*
n:0.966449729166925, 0.05102541018277407, 0.7048190329223871, 0.3347112853080034, -0.8434010650962591, -0.29977397294715047, d=|:r=0.933
n:0.40376722114160657, -0.07420686446130276, 0.8688011937774718, -0.6359092653729022, -0.8649696977809072, 0.42611254611983895, d=Gpart:ry=0.153
c:-0.5782259949482977, -0.7126766489818692, -0.1987953162752092, -0.730633317027241, 0.3863954348489642, 0.8132956232875586, 4.05
",0.000762749994286929,"//H
3
j:
j:-0.5116007747128606, -0.05083730770274997, -0.5086304135620594, 0.7854181453585625, -0.07196220383048058, -0.7353185811080039, fr=0.746
j:0.6002878495492041, 0.9499329822137952, -0.4837637129239738, 0.5686491057276726, -0.47193408804014325, 0.6875709556043148, fr=0.985, rotstif=0.982
j:-0.0927007244899869, 0.0836182739585638, 0.2836976363323629, 0.7399400840513408, -0.4567820900119841, 0.2054236768744886, rotstif=0.888
j:-0.9364502993412316, -0.44636774668470025, 0.1930565545335412, -0.13741389336064458, 0.9782728282734752, -0.22631230810657144, l=0.935
j:-0.4084491073153913, 0.1375527437776327, -0.232456736266613, -0.08054381515830755, 0.1456126905977726, -0.29294101102277637, rotstif=0.987
j:-0.2998488084413111, 0.6254114145413041, 0.33113276213407516, 0.995564335025847, -0.9029267183504999, 0.3881134516559541, fr=0.084
n:0.3746173554100096, 0.8495929045602679, -0.42349618254229426, 0.6878074184060097, 0.8224938143976033, -0.8642493584193289, d=Gpart:ry=0.084
n:-0.2557256896980107, 0.8433080115355551, -0.031613228376954794, 0.7344297235831618, 0.4673730507493019, -0.703850454185158, d=*
n:0.966449729166925, 0.05102541018277407, 0.7048190329223871, 0.3347112853080034, -0.8434010650962591, -0.29977397294715047, d=|:r=0.933
n:0.40376722114160657, -0.07420686446130276, 0.8688011937774718, -0.6359092653729022, -0.8649696977809072, 0.42611254611983895, d=Gpart:ry=0.153
c:-0.5782259949482977, -0.7126766489818692, -0.1987953162752092, -0.730633317027241, 0.3863954348489642, 0.8132956232875586, 4.05
",0.0005900205432698637,feasible,20
20,H,1,"//H
3
j:
j:-0.5116007747128606, -0.05083730770274997, -0.5086304135620594, 0.7854181453585625, -0.07196220383048058, -0.7353185811080039, fr=0.746
j:0.6002878495492041, 0.9499329822137952, -0.4837637129239738, 0.5686491057276726, -0.47193408804014325, 0.6875709556043148, fr=0.985, rotstif=0.982
j:-0.9941507587209344, -0.022477813996374607, 0.039545197039842606, -0.2570989113301039, -0.6573189878836274, -0.629706984385848, l=1.091
j:-0.0927007244899869, 0.0836182739585638, 0.2836976363323629, 0.7399400840513408, -0.4567820900119841, 0.2054236768744886, rotstif=0.888
j:-0.9364502993412316, -0.44636774668470025, 0.1930565545335412, -0.13741389336064458, 0.9782728282734752, -0.22631230810657144, l=0.935
j:-0.4084491073153913, 0.1375527437776327, -0.232456736266613, -0.08054381515830755, 0.1456126905977726, -0.29294101102277637, rotstif=0.987
j:-0.2998488084413111, 0.6254114145413041, 0.33113276213407516, 0.995564335025847, -0.9029267183504999, 0.3881134516559541, fr=0.084
n:0.3746173554100096, 0.8495929045602679, -0.42349618254229426, 0.6878074184060097, 0.8224938143976033, -0.8642493584193289, d=Gpart:ry=0.084
n:-0.2557256896980107, 0.8433080115355551, -0.031613228376954794, 0.7344297235831618, 0.4673730507493019, -0.703850454185158, d=*
n:0.966449729166925, 0.05102541018277407, 0.7048190329223871, 0.3347112853080034, -0.8434010650962591, -0.29977397294715047, d=|:r=0.933
n:0.40376722114160657, -0.07420686446130276, 0.8688011937774718, -0.6359092653729022, -0.8649696977809072, 0.42611254611983895, d=Gpart:ry=0.153
c:-0.5782259949482977, -0.7126766489818692, -0.1987953162752092, -0.730633317027241, 0.3863954348489642, 0.8132956232875586, 4.05
",0.000762749994286929,"//H
3
j:
j:-0.5116007747128606, -0.05083730770274997, -0.5086304135620594, 0.7854181453585625, -0.07196220383048058, -0.7353185811080039, fr=0.746
j:0.6002878495492041, 0.9499329822137952, -0.4837637129239738, 0.5686491057276726, -0.47193408804014325, 0.6875709556043148, fr=0.985, rotstif=0.982
j:-0.9941507587209344, -0.022477813996374607, 0.039545197039842606, -0.2570989113301039, -0.6573189878836274, -0.629706984385848, l=1.091
j:-0.0927007244899869, 0.0836182739585638, 0.2836976363323629, 0.7399400840513408, -0.4567820900119841, 0.2054236768744886, rotstif=0.888
j:-0.9364502993412316, -0.44636774668470025, 0.271, -0.13741389336064458, 0.9782728282734752, -0.22631230810657144, l=0.935
j:-0.4084491073153913, 0.1375527437776327, -0.232456736266613, -0.08054381515830755, 0.1456126905977726, -0.29294101102277637, rotstif=0.987
j:-0.2998488084413111, 0.6254114145413041, 0.33113276213407516, 0.995564335025847, -0.9029267183504999, 0.3881134516559541, fr=0.084
n:0.3746173554100096, 0.8495929045602679, -0.42349618254229426, 0.6878074184060097, 0.8224938143976033, -0.8642493584193289, d=Gpart:ry=0.084
n:-0.2557256896980107, 0.8433080115355551, -0.031613228376954794, 0.7344297235831618, 0.4673730507493019, -0.703850454185158, d=*
n:0.966449729166925, 0.05102541018277407, 0.7048190329223871, 0.3347112853080034, -0.8434010650962591, -0.29977397294715047, d=|:r=0.933
n:0.40376722114160657, -0.07420686446130276, 0.8688011937774718, -0.6359092653729022, -0.8649696977809072, 0.42611254611983895, d=Gpart:ry=0.153
c:-0.5782259949482977, -0.7126766489818692, -0.1987953162752092, -0.730633317027241, 0.3863954348489642, 0.8132956232875586, 4.05
",0.0007053128695520733,feasible,20
20,H,1,"//H
3
j:
j:-0.5116007747128606, -0.05083730770274997, -0.5086304135620594, 0.7854181453585625, -0.07196220383048058, -0.7353185811080039, fr=0.746
j:0.6002878495492041, 0.9499329822137952, -0.4837637129239738, 0.5686491057276726, -0.47193408804014325, 0.6875709556043148, fr=0.985, rotstif=0.982
j:-0.9941507587209344, -0.022477813996374607, 0.039545197039842606, -0.2570989113301039, -0.6573189878836274, -0.629706984385848, l=1.091
j:-0.0927007244899869, 0.0836182739585638, 0.2836976363323629, 0.7399400840513408, -0.4567820900119841, 0.2054236768744886, rotstif=0.888
j:-0.9364502993412316, -0.44636774668470025, 0.1930565545335412, -0.13741389336064458, 0.9782728282734752, -0.22631230810657144, l=0.935
j:-0.4084491073153913, 0.1375527437776327, -0.232456736266613, -0.08054381515830755, 0.1456126905977726, -0.29294101102277637, rotstif=0.987
j:-0.2998488084413111, 0.6254114145413041, 0.33113276213407516, 0.995564335025847, -0.9029267183504999, 0.3881134516559541, fr=0.084
n:0.3746173554100096, 0.8495929045602679, -0.42349618254229426, 0.6878074184060097, 0.8224938143976033, -0.8642493584193289, d=Gpart:ry=0.084
n:-0.2557256896980107, 0.8433080115355551, -0.031613228376954794, 0.7344297235831618, 0.4673730507493019, -0.703850454185158, d=*
n:0.966449729166925, 0.05102541018277407, 0.7048190329223871, 0.3347112853080034, -0.8434010650962591, -0.29977397294715047, d=|:r=0.933
n:0.40376722114160657, -0.07420686446130276, 0.8688011937774718, -0.6359092653729022, -0.8649696977809072, 0.42611254611983895, d=Gpart:ry=0.153
c:-0.5782259949482977, -0.7126766489818692, -0.1987953162752092, -0.730633317027241, 0.3863954348489642, 0.8132956232875586, 4.05
",0.000762749994286929,"//H
3
j:
j:-0.5116007747128606, -0.05083730770274997, -0.5086304135620594, 0.7854181453585625, -0.07196220383048058, -0.7353185811080039, fr=0.746
j:0.6002878495492041, 0.9499329822137952, -0.4837637129239738, 0.5686491057276726, -0.47193408804014325, 0.6875709556043148, fr=0.985, rotstif=0.982
j:-0.9941507587209344, -0.022477813996374607, 0.039545197039842606, -0.2570989113301039, -0.6573189878836274, -0.629706984385848, l=1.091
j:-0.0927007244899869, 0.0836182739585638, 0.2836976363323629, 0.7399400840513408, -0.4567820900119841, 0.2054236768744886, rotstif=0.888
j:-0.9364502993412316, -0.44636774668470025, 0.1930565545335412, -0.13741389336064458, 0.9782728282734752, -0.22631230810657144, l=0.935
j:-0.4084491073153913, 0.1375527437776327, -0.232456736266613, -0.08054381515830755, 0.1456126905977726, -0.29294101102277637, rotstif=0.987
j:-0.2998488084413111, 0.6254114145413041, 0.33113276213407516, 0.995564335025847, -0.9029267183504999, 0.3881134516559541, fr=0.084
j:-0.024713614024221897, -0.30601585377007723, 0.5120626813732088, -0.914580469019711, -0.697697636205703, -0.09289070498198271, rotstif=0.837
n:0.3746173554100096, 0.8495929045602679, -0.42349618254229426, 0.6878074184060097, 0.8224938143976033, -0.8642493584193289, d=Gpart:ry=0.084
n:-0.2557256896980107, 0.8433080115355551, -0.031613228376954794, 0.7344297235831618, 0.4673730507493019, -0.703850454185158, d=*
n:0.966449729166925, 0.05102541018277407, 0.7048190329223871, 0.3347112853080034, -0.8434010650962591, -0.29977397294715047, d=|:r=0.933
n:0.40376722114160657, -0.07420686446130276, 0.8688011937774718, -0.6359092653729022, -0.8649696977809072, 0.42611254611983895, d=Gpart:ry=0.153
c:-0.5782259949482977, -0.7126766489818692, -0.1987953162752092, -0.730633317027241, 0.3863954348489642, 0.8132956232875586, 4.05
",6.440021360410666e-05,feasible,20
20,H,1,"//H
3
j:
j:-0.5116007747128606, -0.05083730770274997, -0.5086304135620594, 0.7854181453585625, -0.07196220383048058, -0.7353185811080039, fr=0.746
j:0.6002878495492041, 0.9499329822137952, -0.4837637129239738, 0.5686491057276726, -0.47193408804014325, 0.6875709556043148, fr=0.985, rotstif=0.982
j:-0.9941507587209344, -0.022477813996374607, 0.039545197039842606, -0.2570989113301039, -0.6573189878836274, -0.629706984385848, l=1.091
j:-0.0927007244899869, 0.0836182739585638, 0.2836976363323629, 0.7399400840513408, -0.4567820900119841, 0.2054236768744886, rotstif=0.888
j:-0.9364502993412316, -0.44636774668470025, 0.1930565545335412, -0.13741389336064458, 0.9782728282734752, -0.22631230810657144, l=0.935
j:-0.4084491073153913, 0.1375527437776327, -0.232456736266613, -0.08054381515830755, 0.1456126905977726, -0.29294101102277637, rotstif=0.987
j:-0.2998488084413111, 0.6254114145413041, 0.33113276213407516, 0.995564335025847, -0.9029267183504999, 0.3881134516559541, fr=0.084
n:0.3746173554100096, 0.8495929045602679, -0.42349618254229426, 0.6878074184060097, 0.8224938143976033, -0.8642493584193289, d=Gpart:ry=0.084
n:-0.2557256896980107, 0.8433080115355551, -0.031613228376954794, 0.7344297235831618, 0.4673730507493019, -0.703850454185158, d=*
n:0.966449729166925, 0.05102541018277407, 0.7048190329223871, 0.3347112853080034, -0.8434010650962591, -0.29977397294715047, d=|:r=0.933
n:0.40376722114160657, -0.07420686446130276, 0.8688011937774718, -0.6359092653729022, -0.8649696977809072, 0.42611254611983895, d=Gpart:ry=0.153
c:-0.5782259949482977, -0.7126766489818692, -0.1987953162752092, -0.730633317027241, 0.3863954348489642, 0.8132956232875586, 4.05
",0.000762749994286929,"//H
3
j:
j:-0.5116007747128606, -0.05083730770274997, -0.5086304135620594, 0.7854181453585625, -0.07196220383048058, -0.7353185811080039, fr=0.746
j:0.6002878495492041, 0.9499329822137952, -0.4837637129239738, 0.5686491057276726, -0.47193408804014325, 0.6875709556043148, fr=0.985, rotstif=0.982
j:-0.9941507587209344, 0.28, 0.039545197039842606, -0.2570989113301039, -0.6573189878836274, -0.629706984385848, l=1.091
j:-0.0927007244899869, 0.0836182739585638, 0.2836976363323629, 0.7399400840513408, -0.4567820900119841, 0.2054236768744886, rotstif=0.888
j:-0.9364502993412316, -0.44636774668470025, 0.1930565545335412, -0.13741389336064458, 0.9782728282734752, -0.22631230810657144, l=0.935
j:-0.4084491073153913, 0.1375527437776327, -0.232456736266613, -0.08054381515830755, 0.1456126905977726, -0.29294101102277637, rotstif=0.987
j:-0.2998488084413111, 0.6254114145413041, 0.33113276213407516, 0.995564335025847, -0.9029267183504999, 0.3881134516559541, fr=0.084
n:0.3746173554100096, 0.8495929045602679, -0.42349618254229426, 0.6878074184060097, 0.8224938143976033, -0.8642493584193289, d=Gpart:ry=0.084
n:-0.2557256896980107, 0.8433080115355551, -0.031613228376954794, 0.7344297235831618, 0.4673730507493019, -0.703850454185158, d=*
n:0.966449729166925, 0.05102541018277407, 0.7048190329223871, 0.3347112853080034, -0.8434010650962591, -0.29977397294715047, d=|:r=0.933
n:0.40376722114160657, -0.07420686446130276, 0.8688011937774718, -0.6359092653729022, -0.8649696977809072, 0.42611254611983895, d=Gpart:ry=0.153
c:-0.5782259949482977, -0.7126766489818692, -0.1987953162752092, -0.730633317027241, 0.3863954348489642, 0.8132956232875586, 4.05
",0.000762749994286929,feasible,20
20,H,1,"//H
3
j:
j:-0.5116007747128606, -0.05083730770274997, -0.5086304135620594, 0.7854181453585625, -0.07196220383048058, -0.7353185811080039, fr=0.746
j:0.6002878495492041, 0.9499329822137952, -0.4837637129239738, 0.5686491057276726, -0.47193408804014325, 0.6875709556043148, fr=0.985, rotstif=0.982
j:-0.9941507587209344, -0.022477813996374607, 0.039545197039842606, -0.2570989113301039, -0.6573189878836274, -0.629706984385848, l=1.091
j:-0.0927007244899869, 0.0836182739585638, 0.2836976363323629, 0.7399400840513408, -0.4567820900119841, 0.2054236768744886, rotstif=0.888
j:-0.9364502993412316, -0.44636774668470025, 0.1930565545335412, -0.13741389336064458, 0.9782728282734752, -0.22631230810657144, l=0.935
j:-0.4084491073153913, 0.1375527437776327, -0.232456736266613, -0.08054381515830755, 0.1456126905977726, -0.29294101102277637, rotstif=0.987
j:-0.2998488084413111, 0.6254114145413041, 0.33113276213407516, 0.995564335025847, -0.9029267183504999, 0.3881134516559541, fr=0.084
n:0.3746173554100096, 0.8495929045602679, -0.42349618254229426, 0.6878074184060097, 0.8224938143976033, -0.8642493584193289, d=Gpart:ry=0.084
n:-0.2557256896980107, 0.8433080115355551, -0.031613228376954794, 0.7344297235831618, 0.4673730507493019, -0.703850454185158, d=*
n:0.966449729166925, 0.05102541018277407, 0.7048190329223871, 0.3347112853080034, -0.8434010650962591, -0.29977397294715047, d=|:r=0.933
n:0.40376722114160657, -0.07420686446130276, 0.8688011937774718, -0.6359092653729022, -0.8649696977809072, 0.42611254611983895, d=Gpart:ry=0.153
c:-0.5782259949482977, -0.7126766489818692, -0.1987953162752092, -0.730633317027241, 0.3863954348489642, 0.8132956232875586, 4.05
",0.000762749994286929,"//H
3
j:
j:-0.5116007747128606, -0.05083730770274997, -0.5086304135620594, 0.7854181453585625, -0.07196220383048058, -0.7353185811080039, fr=0.746
j:0.6002878495492041, 0.9499329822137952, -0.4837637129239738, 0.5686491057276726, -0.47193408804014325, 0.6875709556043148, fr=0.985, rotstif=0.982
j:-0.9941507587209344, -0.022477813996374607, 0.039545197039842606, -0.2570989113301039, -0.6573189878836274, -0.629706984385848, l=1.091
j:-0.0927007244899869, 0.0836182739585638, 0.2836976363323629, 0.7399400840513408, -0.4567820900119841, 0.2054236768744886, rotstif=0.888
j:-0.9364502993412316, -0.44636774668470025, 0.1930565545335412, -0.13741389336064458, 0.9782728282734752, -0.22631230810657144, l=0.935
j:-0.4084491073153913, 0.1375527437776327, -0.232456736266613, -0.08054381515830755, 0.1456126905977726, -0.29294101102277637, rotstif=0.987
j:-0.2998488084413111, 0.6254114145413041, 0.33113276213407516, 0.995564335025847, -0.9029267183504999, 0.3881134516559541, fr=0.084
j:-0.6889497633092105, -0.15492752054706216, -0.07865592557936907, -0.6875501140020788, 0.6628215052187443, -0.3463013409636915, rotstif=0.831
n:0.3746173554100096, 0.8495929045602679, -0.42349618254229426, 0.6878074184060097, 0.8224938143976033, -0.8642493584193289, d=Gpart:ry=0.084
n:-0.2557256896980107, 0.8433080115355551, -0.031613228376954794, 0.7344297235831618, 0.4673730507493019, -0.703850454185158, d=*
n:0.966449729166925, 0.05102541018277407, 0.7048190329223871, 0.3347112853080034, -0.8434010650962591, -0.29977397294715047, d=|:r=0.933
n:0.40376722114160657, -0.07420686446130276, 0.8688011937774718, -0.6359092653729022, -0.8649696977809072, 0.42611254611983895, d=Gpart:ry=0.153
c:-0.5782259949482977, -0.7126766489818692, -0.1987953162752092, -0.730633317027241, 0.3863954348489642, 0.8132956232875586, 4.05
",0.00016702715924432444,feasible,20
20,H,1,"//H
3
j:
j:-0.5116007747128606, -0.05083730770274997, -0.5086304135620594, 0.7854181453585625, -0.07196220383048058, -0.7353185811080039, fr=0.746
j:0.6002878495492041, 0.9499329822137952, -0.4837637129239738, 0.5686491057276726, -0.47193408804014325, 0.6875709556043148, fr=0.985, rotstif=0.982
j:-0.9941507587209344, -0.022477813996374607, 0.039545197039842606, -0.2570989113301039, -0.6573189878836274, -0.629706984385848, l=1.091
j:-0.0927007244899869, 0.0836182739585638, 0.2836976363323629, 0.7399400840513408, -0.4567820900119841, 0.2054236768744886, rotstif=0.888
j:-0.9364502993412316, -0.44636774668470025, 0.1930565545335412, -0.13741389336064458, 0.9782728282734752, -0.22631230810657144, l=0.935
j:-0.4084491073153913, 0.1375527437776327, -0.232456736266613, -0.08054381515830755, 0.1456126905977726, -0.29294101102277637, rotstif=0.987
j:-0.2998488084413111, 0.6254114145413041, 0.33113276213407516, 0.995564335025847, -0.9029267183504999, 0.3881134516559541, fr=0.084
n:0.3746173554100096, 0.8495929045602679, -0.42349618254229426, 0.6878074184060097, 0.8224938143976033, -0.8642493584193289, d=Gpart:ry=0.084
n:-0.2557256896980107, 0.8433080115355551, -0.031613228376954794, 0.7344297235831618, 0.4673730507493019, -0.703850454185158, d=*
n:0.966449729166925, 0.05102541018277407, 0.7048190329223871, 0.3347112853080034, -0.8434010650962591, -0.29977397294715047, d=|:r=0.933
n:0.40376722114160657, -0.07420686446130276, 0.8688011937774718, -0.6359092653729022, -0.8649696977809072, 0.42611254611983895, d=Gpart:ry=0.153
c:-0.5782259949482977, -0.7126766489818692, -0.1987953162752092, -0.730633317027241, 0.3863954348489642, 0.8132956232875586, 4.05
",0.000762749994286929,"//H
3
j:
j:-0.5116007747128606, -0.05083730770274997, -0.5086304135620594, 0.7854181453585625, -0.07196220383048058, -0.7353185811080039, fr=0.746
j:0.6002878495492041, 0.9499329822137952, -0.4837637129239738, 0.5686491057276726, -0.47193408804014325, 0.6875709556043148, fr=0.985, rotstif=0.982
j:-0.9941507587209344, -0.022477813996374607, 0.039545197039842606, -0.2570989113301039, -0.6573189878836274, -0.629706984385848, l=1.091
j:-0.0927007244899869, 0.0836182739585638, 0.2836976363323629, 0.7399400840513408, -0.4567820900119841, 0.2054236768744886, rotstif=0.888
j:-0.9364502993412316, -0.44636774668470025, 0.1930565545335412, -0.13741389336064458, 0.9782728282734752, -0.22631230810657144, l=0.935
j:-0.4084491073153913, 0.1375527437776327, -0.232456736266613, -0.08054381515830755, 0.1456126905977726, -0.29294101102277637, rotstif=0.987
j:-0.2998488084413111, 0.6254114145413041, 0.33113276213407516, 0.995564335025847, -0.9029267183504999, 0.3881134516559541, fr=0.084
n:0.3746173554100096, 0.8495929045602679, -0.42349618254229426, 0.6878074184060097, 0.8224938143976033, -0.8642493584193289, d=Gpart:ry=0.084
n:-0.2557256896980107, 0.8433080115355551, -0.031613228376954794, 0.7344297235831618, 0.4673730507493019, -0.703850454185158, d=*
n:0.966449729166925, 0.05102541018277407, 0.7048190329223871, 0.3347112853080034, -0.8434010650962591, -0.29977397294715047, d=|:r=0.933
n:0.40376722114160657, -0.07420686446130276, 0.8688011937774718, -0.6359092653729022, -0.8649696977809072, 0.42611254611983895, d=Gpart:ry=0.153
n:0.3782608984038234, -0.7709544533863664, -0.9825380593538284, -0.9431235841475427, 0.48117032879963517, 0.34321535704657435, d=@:p=0.948
c:-0.5782259949482977, -0.7126766489818692, -0.1987953162752092, -0.730633317027241, 0.3863954348489642, 0.8132956232875586, 4.05
",0.00015278659671871643,feasible,20
20,H,2,"//H
3
j:l=0.85
j:-0.5116007747128606, -0.05083730770274997, -0.5086304135620594, 0.7854181453585625, -0.07196220383048058, -0.7353185811080039, fr=0.746
j:-0.9941507587209344, -0.022477813996374607, 0.039545197039842606, -0.2570989113301039, -0.6573189878836274, -0.629706984385848, fr=0.446, rotstif=0.888, l=1.091
j:-0.0927007244899869, 0.0836182739585638, 0.2836976363323629, 0.7399400840513408, -0.4567820900119841, 0.2054236768744886, rotstif=0.888
j:-0.9364502993412316, -0.44636774668470025, 0.1930565545335412, -0.13741389336064458, 0.9782728282734752, -0.22631230810657144, l=0.935
j:-0.4084491073153913, 0.1375527437776327, -0.232456736266613, -0.08054381515830755, 0.1456126905977726, -0.29294101102277637, fr=0.891, rotstif=0.987
j:-0.2998488084413111, 0.6254114145413041, 0.33113276213407516, 0.995564335025847, -0.9029267183504999, 0.3881134516559541, fr=0.084, l=0.854
n:0.3746173554100096, 0.8495929045602679, -0.42349618254229426, 0.6878074184060097, 0.8224938143976033, -0.8642493584193289, d=Gpart:ry=0.084
n:-0.2557256896980107, 0.8433080115355551, -0.031613228376954794, 0.7344297235831618, 0.4673730507493019, -0.703850454185158, d=*
n:0.966449729166925, 0.05102541018277407, 0.7048190329223871, 0.3347112853080034, -0.8434010650962591, -0.29977397294715047, d=|:r=0.933
n:0.40376722114160657, -0.07420686446130276, 0.8688011937774718, -0.6359092653729022, -0.8649696977809072, 0.42611254611983895, d=Gpart:ry=-0.219
c:-0.5782259949482977, -0.7126766489818692, -0.1987953162752092, -0.730633317027241, 0.3863954348489642, 0.8132956232875586, 4.05
",0.0038254813571421005,"//H
3
j:l=0.85
j:-0.5116007747128606, -0.05083730770274997, -0.5086304135620594, 0.7854181453585625, -0.07196220383048058, -0.7353185811080039, fr=0.746
j:-0.9941507587209344, -0.022477813996374607, 0.039545197039842606, -0.2570989113301039, -0.6573189878836274, -0.499, fr=0.446, rotstif=0.888, l=1.091
j:-0.0927007244899869, 0.0836182739585638, 0.2836976363323629, 0.7399400840513408, -0.4567820900119841, 0.2054236768744886, rotstif=0.888
j:-0.9364502993412316, -0.44636774668470025, 0.1930565545335412, -0.13741389336064458, 0.9782728282734752, -0.22631230810657144, l=0.935
j:-0.4084491073153913, 0.1375527437776327, -0.232456736266613, -0.08054381515830755, 0.1456126905977726, -0.29294101102277637, fr=0.891, rotstif=0.987
j:-0.2998488084413111, 0.6254114145413041, 0.33113276213407516, 0.995564335025847, -0.9029267183504999, 0.3881134516559541, fr=0.084, l=0.854
n:0.3746173554100096, 0.8495929045602679, -0.42349618254229426, 0.6878074184060097, 0.8224938143976033, -0.8642493584193289, d=Gpart:ry=0.084
n:-0.2557256896980107, 0.8433080115355551, -0.031613228376954794, 0.7344297235831618, 0.4673730507493019, -0.703850454185158, d=*
n:0.966449729166925, 0.05102541018277407, 0.7048190329223871, 0.3347112853080034, -0.8434010650962591, -0.29977397294715047, d=|:r=0.933
n:0.40376722114160657, -0.07420686446130276, 0.8688011937774718, -0.6359092653729022, -0.8649696977809072, 0.42611254611983895, d=Gpart:ry=-0.219
c:-0.5782259949482977, -0.7126766489818692, -0.1987953162752092, -0.730633317027241, 0.3863954348489642, 0.8132956232875586, 4.05
",9.376468591960106e-05,feasible,20
20,H,2,"//H
3
j:l=0.85
j:-0.5116007747128606, -0.05083730770274997, -0.5086304135620594, 0.7854181453585625, -0.07196220383048058, -0.7353185811080039, fr=0.746
j:-0.9941507587209344, -0.022477813996374607, 0.039545197039842606, -0.2570989113301039, -0.6573189878836274, -0.629706984385848, fr=0.446, rotstif=0.888, l=1.091
j:-0.0927007244899869, 0.0836182739585638, 0.2836976363323629, 0.7399400840513408, -0.4567820900119841, 0.2054236768744886, rotstif=0.888
j:-0.9364502993412316, -0.44636774668470025, 0.1930565545335412, -0.13741389336064458, 0.9782728282734752, -0.22631230810657144, l=0.935
j:-0.4084491073153913, 0.1375527437776327, -0.232456736266613, -0.08054381515830755, 0.1456126905977726, -0.29294101102277637, fr=0.891, rotstif=0.987
j:-0.2998488084413111, 0.6254114145413041, 0.33113276213407516, 0.995564335025847, -0.9029267183504999, 0.3881134516559541, fr=0.084, l=0.854
n:0.3746173554100096, 0.8495929045602679, -0.42349618254229426, 0.6878074184060097, 0.8224938143976033, -0.8642493584193289, d=Gpart:ry=0.084
n:-0.2557256896980107, 0.8433080115355551, -0.031613228376954794, 0.7344297235831618, 0.4673730507493019, -0.703850454185158, d=*
n:0.966449729166925, 0.05102541018277407, 0.7048190329223871, 0.3347112853080034, -0.8434010650962591, -0.29977397294715047, d=|:r=0.933
n:0.40376722114160657, -0.07420686446130276, 0.8688011937774718, -0.6359092653729022, -0.8649696977809072, 0.42611254611983895, d=Gpart:ry=-0.219
c:-0.5782259949482977, -0.7126766489818692, -0.1987953162752092, -0.730633317027241, 0.3863954348489642, 0.8132956232875586, 4.05
",0.0038254813571421005,"//H
3
j:l=0.85
j:-0.5116007747128606, -0.05083730770274997, -0.5086304135620594, 0.7854181453585625, -0.07196220383048058, -0.7353185811080039, fr=0.746
j:-0.9941507587209344, -0.022477813996374607, 0.039545197039842606, -0.2570989113301039, -0.6573189878836274, -0.629706984385848, fr=0.446, rotstif=0.888, l=1.091
j:-0.0927007244899869, 0.0836182739585638, 0.2836976363323629, 0.7399400840513408, -0.4567820900119841, 0.2054236768744886, rotstif=0.888
j:-0.9364502993412316, -0.44636774668470025, 0.1930565545335412, -0.13741389336064458, 0.9782728282734752, -0.22631230810657144, l=0.935
j:-0.4084491073153913, 0.1375527437776327, -0.232456736266613, -0.08054381515830755, 0.1456126905977726, -0.29294101102277637, fr=0.891, rotstif=0.987
j:-0.2998488084413111, 0.6254114145413041, 0.33113276213407516, 0.995564335025847, -0.9029267183504999, 0.3881134516559541, fr=0.084, l=0.854
j:0.7303014765493572, 0.8028021981008351, 0.6201649289578199, -0.9593789665959775, -0.6925170137546957, 0.9885583249852061, fr=0.177
n:0.3746173554100096, 0.8495929045602679, -0.42349618254229426, 0.6878074184060097, 0.8224938143976033, -0.8642493584193289, d=Gpart:ry=0.084
n:-0.2557256896980107, 0.8433080115355551, -0.031613228376954794, 0.7344297235831618, 0.4673730507493019, -0.703850454185158, d=*
n:0.966449729166925, 0.05102541018277407, 0.7048190329223871, 0.3347112853080034, -0.8434010650962591, -0.29977397294715047, d=|:r=0.933
n:0.40376722114160657, -0.07420686446130276, 0.8688011937774718, -0.6359092653729022, -0.8649696977809072, 0.42611254611983895, d=Gpart:ry=-0.219
c:-0.5782259949482977, -0.7126766489818692, -0.1987953162752092, -0.730633317027241, 0.3863954348489642, 0.8132956232875586, 4.05
",0.00016509069757601546,feasible,20
20,H,2,"//H
3
j:l=0.85
j:-0.5116007747128606, -0.05083730770274997, -0.5086304135620594, 0.7854181453585625, -0.07196220383048058, -0.7353185811080039, fr=0.746
j:-0.9941507587209344, -0.022477813996374607, 0.039545197039842606, -0.2570989113301039, -0.6573189878836274, -0.629706984385848, fr=0.446, rotstif=0.888, l=1.091
j:-0.0927007244899869, 0.0836182739585638, 0.2836976363323629, 0.7399400840513408, -0.4567820900119841, 0.2054236768744886, rotstif=0.888
j:-0.9364502993412316, -0.44636774668470025, 0.1930565545335412, -0.13741389336064458, 0.9782728282734752, -0.22631230810657144, l=0.935
j:-0.4084491073153913, 0.1375527437776327, -0.232456736266613, -0.08054381515830755, 0.1456126905977726, -0.29294101102277637, fr=0.891, rotstif=0.987
j:-0.2998488084413111, 0.6254114145413041, 0.33113276213407516, 0.995564335025847, -0.9029267183504999, 0.3881134516559541, fr=0.084, l=0.854
n:0.3746173554100096, 0.8495929045602679, -0.42349618254229426, 0.6878074184060097, 0.8224938143976033, -0.8642493584193289, d=Gpart:ry=0.084
n:-0.2557256896980107, 0.8433080115355551, -0.031613228376954794, 0.7344297235831618, 0.4673730507493019, -0.703850454185158, d=*
n:0.966449729166925, 0.05102541018277407, 0.7048190329223871, 0.3347112853080034, -0.8434010650962591, -0.29977397294715047, d=|:r=0.933
n:0.40376722114160657, -0.07420686446130276, 0.8688011937774718, -0.6359092653729022, -0.8649696977809072, 0.42611254611983895, d=Gpart:ry=-0.219
c:-0.5782259949482977, -0.7126766489818692, -0.1987953162752092, -0.730633317027241, 0.3863954348489642, 0.8132956232875586, 4.05
",0.0038254813571421005,"//H
3
j:l=0.85
j:-0.5116007747128606, -0.05083730770274997, -0.5086304135620594, 0.7854181453585625, -0.07196220383048058, -0.7353185811080039, fr=0.746
j:-0.9941507587209344, -0.022477813996374607, 0.039545197039842606, -0.2570989113301039, -0.6573189878836274, -0.629706984385848, fr=0.446, rotstif=0.888, l=1.091
j:-0.0927007244899869, 0.0836182739585638, 0.2836976363323629, 0.7399400840513408, -0.4567820900119841, 0.2054236768744886, rotstif=0.888
j:-0.9364502993412316, -0.44636774668470025, 0.1930565545335412, -0.13741389336064458, 0.9782728282734752, -0.22631230810657144, l=0.935
j:-0.4084491073153913, 0.1375527437776327, -0.232456736266613, -0.08054381515830755, 0.1456126905977726, -0.29294101102277637, fr=0.891, rotstif=0.987
j:-0.2998488084413111, 0.6254114145413041, 0.33113276213407516, 0.995564335025847, -0.9029267183504999, 0.3881134516559541, fr=0.084, l=0.854
n:0.3746173554100096, 0.8495929045602679, -0.42349618254229426, 0.6878074184060097, 0.8224938143976033, -0.8642493584193289, d=Gpart:ry=0.084
n:-0.2557256896980107, 0.8433080115355551, -0.031613228376954794, 0.7344297235831618, 0.4673730507493019, -0.703850454185158, d=*
n:0.966449729166925, 0.05102541018277407, 0.7048190329223871, 0.3347112853080034, -0.8434010650962591, -0.29977397294715047, d=|:r=0.933
n:0.40376722114160657, -0.07420686446130276, 0.8688011937774718, -0.6359092653729022, -0.8649696977809072, 0.42611254611983895, d=Gpart:ry=-0.219
c:-0.5782259949482977, -0.628, -0.1987953162752092, -0.730633317027241, 0.3863954348489642, 0.8132956232875586, 4.05
",0.0038254813571421005,feasible,20
20,H,2,"//H
3
j:l=0.85
j:-0.5116007747128606, -0.05083730770274997, -0.5086304135620594, 0.7854181453585625, -0.07196220383048058, -0.7353185811080039, fr=0.746
j:-0.9941507587209344, -0.022477813996374607, 0.039545197039842606, -0.2570989113301039, -0.6573189878836274, -0.629706984385848, fr=0.446, rotstif=0.888, l=1.091
j:-0.0927007244899869, 0.0836182739585638, 0.2836976363323629, 0.7399400840513408, -0.4567820900119841, 0.2054236768744886, rotstif=0.888
j:-0.9364502993412316, -0.44636774668470025, 0.1930565545335412, -0.13741389336064458, 0.9782728282734752, -0.22631230810657144, l=0.935
j:-0.4084491073153913, 0.1375527437776327, -0.232456736266613, -0.08054381515830755, 0.1456126905977726, -0.29294101102277637, fr=0.891, rotstif=0.987
j:-0.2998488084413111, 0.6254114145413041, 0.33113276213407516, 0.995564335025847, -0.9029267183504999, 0.3881134516559541, fr=0.084, l=0.854
n:0.3746173554100096, 0.8495929045602679, -0.42349618254229426, 0.6878074184060097, 0.8224938143976033, -0.8642493584193289, d=Gpart:ry=0.084
n:-0.2557256896980107, 0.8433080115355551, -0.031613228376954794, 0.7344297235831618, 0.4673730507493019, -0.703850454185158, d=*
n:0.966449729166925, 0.05102541018277407, 0.7048190329223871, 0.3347112853080034, -0.8434010650962591, -0.29977397294715047, d=|:r=0.933
n:0.40376722114160657, -0.07420686446130276, 0.8688011937774718, -0.6359092653729022, -0.8649696977809072, 0.42611254611983895, d=Gpart:ry=-0.219
c:-0.5782259949482977, -0.7126766489818692, -0.1987953162752092, -0.730633317027241, 0.3863954348489642, 0.8132956232875586, 4.05
",0.0038254813571421005,"//H
3
j:l=0.85
j:-0.5116007747128606, -0.05083730770274997, -0.5086304135620594, 0.7854181453585625, -0.07196220383048058, -0.7353185811080039, fr=0.746
j:-0.9941507587209344, -0.022477813996374607, 0.039545197039842606, -0.2570989113301039, -0.6573189878836274, -0.629706984385848, fr=0.446, rotstif=0.888, l=1.091
j:-0.0927007244899869, 0.0836182739585638, 0.2836976363323629, 0.7399400840513408, -0.4567820900119841, 0.2054236768744886, rotstif=0.888
j:-0.9364502993412316, -0.44636774668470025, 0.533, -0.13741389336064458, 0.9782728282734752, -0.22631230810657144, l=0.935
j:-0.4084491073153913, 0.1375527437776327, -0.232456736266613, -0.08054381515830755, 0.1456126905977726, -0.29294101102277637, fr=0.891, rotstif=0.987
j:-0.2998488084413111, 0.6254114145413041, 0.33113276213407516, 0.995564335025847, -0.9029267183504999, 0.3881134516559541, fr=0.084, l=0.854
n:0.3746173554100096, 0.8495929045602679, -0.42349618254229426, 0.6878074184060097, 0.8224938143976033, -0.8642493584193289, d=Gpart:ry=0.084
n:-0.2557256896980107, 0.8433080115355551, -0.031613228376954794, 0.7344297235831618, 0.4673730507493019, -0.703850454185158, d=*
n:0.966449729166925, 0.05102541018277407, 0.7048190329223871, 0.3347112853080034, -0.8434010650962591, -0.29977397294715047, d=|:r=0.933
n:0.40376722114160657, -0.07420686446130276, 0.8688011937774718, -0.6359092653729022, -0.8649696977809072, 0.42611254611983895, d=Gpart:ry=-0.219
c:-0.5782259949482977, -0.7126766489818692, -0.1987953162752092, -0.730633317027241, 0.3863954348489642, 0.8132956232875586, 4.05
",0.0038254813571421005,feasible,20
20,H,2,"//H
3
j:l=0.85
j:-0.5116007747128606, -0.05083730770274997, -0.5086304135620594, 0.7854181453585625, -0.07196220383048058, -0.7353185811080039, fr=0.746
j:-0.9941507587209344, -0.022477813996374607, 0.039545197039842606, -0.2570989113301039, -0.6573189878836274, -0.629706984385848, fr=0.446, rotstif=0.888, l=1.091
j:-0.0927007244899869, 0.0836182739585638, 0.2836976363323629, 0.7399400840513408, -0.4567820900119841, 0.2054236768744886, rotstif=0.888
j:-0.9364502993412316, -0.44636774668470025, 0.1930565545335412, -0.13741389336064458, 0.9782728282734752, -0.22631230810657144, l=0.935
j:-0.4084491073153913, 0.1375527437776327, -0.232456736266613, -0.08054381515830755, 0.1456126905977726, -0.29294101102277637, fr=0.891, rotstif=0.987
j:-0.2998488084413111, 0.6254114145413041, 0.33113276213407516, 0.995564335025847, -0.9029267183504999, 0.3881134516559541, fr=0.084, l=0.854
n:0.3746173554100096, 0.8495929045602679, -0.42349618254229426, 0.6878074184060097, 0.8224938143976033, -0.8642493584193289, d=Gpart:ry=0.084
n:-0.2557256896980107, 0.8433080115355551, -0.031613228376954794, 0.7344297235831618, 0.4673730507493019, -0.703850454185158, d=*
n:0.966449729166925, 0.05102541018277407, 0.7048190329223871, 0.3347112853080034, -0.8434010650962591, -0.29977397294715047, d=|:r=0.933
n:0.40376722114160657, -0.07420686446130276, 0.8688011937774718, -0.6359092653729022, -0.8649696977809072, 0.42611254611983895, d=Gpart:ry=-0.219
c:-0.5782259949482977, -0.7126766489818692, -0.1987953162752092, -0.730633317027241, 0.3863954348489642, 0.8132956232875586, 4.05
",0.0038254813571421005,"//H
3
j:l=0.85
j:-0.5116007747128606, -0.05083730770274997, -0.5086304135620594, 0.7854181453585625, -0.07196220383048058, -0.7353185811080039, fr=0.746
j:-0.9941507587209344, -0.022477813996374607, 0.039545197039842606, -0.2570989113301039, -0.6573189878836274, -0.629706984385848, fr=0.446, rotstif=0.888, l=1.091
j:-0.0927007244899869, 0.0836182739585638, 0.2836976363323629, 0.7399400840513408, -0.4567820900119841, 0.2054236768744886, rotstif=0.888
j:-0.9364502993412316, -0.44636774668470025, 0.1930565545335412, -0.13741389336064458, 0.9782728282734752, -0.22631230810657144, l=0.935
j:-0.4084491073153913, 0.1375527437776327, -0.232456736266613, -0.08054381515830755, 0.1456126905977726, -0.29294101102277637, fr=0.891, rotstif=0.987
j:-0.2998488084413111, 0.6254114145413041, 0.33113276213407516, 0.995564335025847, -0.9029267183504999, 0.3881134516559541, fr=0.084, l=0.854
n:0.3746173554100096, 0.8495929045602679, -0.42349618254229426, 0.6878074184060097, 0.8224938143976033, -0.8642493584193289, d=Gpart:ry=0.084
n:-0.2557256896980107, 0.8433080115355551, -0.031613228376954794, 0.7344297235831618, 0.4673730507493019, -0.703850454185158, d=*
n:0.966449729166925, 0.05102541018277407, 0.7048190329223871, 0.3347112853080034, -0.8434010650962591, -0.29977397294715047, d=|:r=0.933
n:0.40376722114160657, -0.07420686446130276, 0.8688011937774718, -0.6359092653729022, -0.8649696977809072, 0.42611254611983895, d=Gpart:ry=-0.219
n:0.13383755274116993, -0.59620371600613, -0.9124526539817452, 0.4882629318162799, -0.26149136340245605, 0.22157577890902758, d=|:p=0.223
c:-0.5782259949482977, -0.7126766489818692, -0.1987953162752092, -0.730633317027241, 0.3863954348489642, 0.8132956232875586, 4.05
",0.0034193248359907264,feasible,20
20,H,2,"//H
3
j:l=0.85
j:-0.5116007747128606, -0.05083730770274997, -0.5086304135620594, 0.7854181453585625, -0.07196220383048058, -0.7353185811080039, fr=0.746
j:-0.9941507587209344, -0.022477813996374607, 0.039545197039842606, -0.2570989113301039, -0.6573189878836274, -0.629706984385848, fr=0.446, rotstif=0.888, l=1.091
j:-0.0927007244899869, 0.0836182739585638, 0.2836976363323629, 0.7399400840513408, -0.4567820900119841, 0.2054236768744886, rotstif=0.888
j:-0.9364502993412316, -0.44636774668470025, 0.1930565545335412, -0.13741389336064458, 0.9782728282734752, -0.22631230810657144, l=0.935
j:-0.4084491073153913, 0.1375527437776327, -0.232456736266613, -0.08054381515830755, 0.1456126905977726, -0.29294101102277637, fr=0.891, rotstif=0.987
j:-0.2998488084413111, 0.6254114145413041, 0.33113276213407516, 0.995564335025847, -0.9029267183504999, 0.3881134516559541, fr=0.084, l=0.854
n:0.3746173554100096, 0.8495929045602679, -0.42349618254229426, 0.6878074184060097, 0.8224938143976033, -0.8642493584193289, d=Gpart:ry=0.084
n:-0.2557256896980107, 0.8433080115355551, -0.031613228376954794, 0.7344297235831618, 0.4673730507493019, -0.703850454185158, d=*
n:0.966449729166925, 0.05102541018277407, 0.7048190329223871, 0.3347112853080034, -0.8434010650962591, -0.29977397294715047, d=|:r=0.933
n:0.40376722114160657, -0.07420686446130276, 0.8688011937774718, -0.6359092653729022, -0.8649696977809072, 0.42611254611983895, d=Gpart:ry=-0.219
c:-0.5782259949482977, -0.7126766489818692, -0.1987953162752092, -0.730633317027241, 0.3863954348489642, 0.8132956232875586, 4.05
",0.0038254813571421005,"//H
3
j:l=0.85
j:-0.536, -0.05083730770274997, -0.5086304135620594, 0.7854181453585625, -0.07196220383048058, -0.7353185811080039, fr=0.746
j:-0.9941507587209344, -0.022477813996374607, 0.039545197039842606, -0.2570989113301039, -0.6573189878836274, -0.629706984385848, fr=0.446, rotstif=0.888, l=1.091
j:-0.0927007244899869, 0.0836182739585638, 0.2836976363323629, 0.7399400840513408, -0.4567820900119841, 0.2054236768744886, rotstif=0.888
j:-0.9364502993412316, -0.44636774668470025, 0.1930565545335412, -0.13741389336064458, 0.9782728282734752, -0.22631230810657144, l=0.935
j:-0.4084491073153913, 0.1375527437776327, -0.232456736266613, -0.08054381515830755, 0.1456126905977726, -0.29294101102277637, fr=0.891, rotstif=0.987
j:-0.2998488084413111, 0.6254114145413041, 0.33113276213407516, 0.995564335025847, -0.9029267183504999, 0.3881134516559541, fr=0.084, l=0.854
n:0.3746173554100096, 0.8495929045602679, -0.42349618254229426, 0.6878074184060097, 0.8224938143976033, -0.8642493584193289, d=Gpart:ry=0.084
n:-0.2557256896980107, 0.8433080115355551, -0.031613228376954794, 0.7344297235831618, 0.4673730507493019, -0.703850454185158, d=*
n:0.966449729166925, 0.05102541018277407, 0.7048190329223871, 0.3347112853080034, -0.8434010650962591, -0.29977397294715047, d=|:r=0.933
n:0.40376722114160657, -0.07420686446130276, 0.8688011937774718, -0.6359092653729022, -0.8649696977809072, 0.42611254611983895, d=Gpart:ry=-0.219
c:-0.5782259949482977, -0.7126766489818692, -0.1987953162752092, -0.730633317027241, 0.3863954348489642, 0.8132956232875586, 4.05
",0.0038254813571421005,feasible,20
20,H,2,"//H
3
j:l=0.85
j:-0.5116007747128606, -0.05083730770274997, -0.5086304135620594, 0.7854181453585625, -0.07196220383048058, -0.7353185811080039, fr=0.746
j:-0.9941507587209344, -0.022477813996374607, 0.039545197039842606, -0.2570989113301039, -0.6573189878836274, -0.629706984385848, fr=0.446, rotstif=0.888, l=1.091
j:-0.0927007244899869, 0.0836182739585638, 0.2836976363323629, 0.7399400840513408, -0.4567820900119841, 0.2054236768744886, rotstif=0.888
j:-0.9364502993412316, -0.44636774668470025, 0.1930565545335412, -0.13741389336064458, 0.9782728282734752, -0.22631230810657144, l=0.935
j:-0.4084491073153913, 0.1375527437776327, -0.232456736266613, -0.08054381515830755, 0.1456126905977726, -0.29294101102277637, fr=0.891, rotstif=0.987
j:-0.2998488084413111, 0.6254114145413041, 0.33113276213407516, 0.995564335025847, -0.9029267183504999, 0.3881134516559541, fr=0.084, l=0.854
n:0.3746173554100096, 0.8495929045602679, -0.42349618254229426, 0.6878074184060097, 0.8224938143976033, -0.8642493584193289, d=Gpart:ry=0.084
n:-0.2557256896980107, 0.8433080115355551, -0.031613228376954794, 0.7344297235831618, 0.4673730507493019, -0.703850454185158, d=*
n:0.966449729166925, 0.05102541018277407, 0.7048190329223871, 0.3347112853080034, -0.8434010650962591, -0.29977397294715047, d=|:r=0.933
n:0.40376722114160657, -0.07420686446130276, 0.8688011937774718, -0.6359092653729022, -0.8649696977809072, 0.42611254611983895, d=Gpart:ry=-0.219
c:-0.5782259949482977, -0.7126766489818692, -0.1987953162752092, -0.730633317027241, 0.3863954348489642, 0.8132956232875586, 4.05
",0.0038254813571421005,"//H
3
j:l=0.85
j:-0.5116007747128606, -0.05083730770274997, -0.5086304135620594, 0.7854181453585625, -0.07196220383048058, -0.7353185811080039, fr=0.746
j:-0.9941507587209344, -0.022477813996374607, 0.039545197039842606, -0.2570989113301039, -0.6573189878836274, -0.629706984385848, fr=0.446, rotstif=0.888, l=1.091
j:-0.0927007244899869, 0.0836182739585638, 0.2836976363323629, 0.7399400840513408, -0.4567820900119841, 0.2054236768744886, rotstif=0.888
j:-0.9364502993412316, -0.44636774668470025, 0.1930565545335412, -0.13741389336064458, 0.9782728282734752, -0.22631230810657144, l=0.935
j:-0.4084491073153913, 0.1375527437776327, -0.232456736266613, -0.08054381515830755, 0.1456126905977726, -0.29294101102277637, fr=0.891, rotstif=0.987
j:-0.2998488084413111, 0.6254114145413041, 0.33113276213407516, 0.995564335025847, -0.9029267183504999, 0.3881134516559541, fr=0.084, l=0.854
n:0.3746173554100096, 0.8495929045602679, -0.42349618254229426, 0.6878074184060097, 0.8224938143976033, -0.8642493584193289, d=Gpart:ry=0.084
n:-0.2557256896980107, 0.8433080115355551, -0.031613228376954794, 0.7344297235831618, 0.4673730507493019, -0.703850454185158, d=*
n:0.966449729166925, 0.05102541018277407, 0.7048190329223871, 0.3347112853080034, -0.8434010650962591, -0.29977397294715047, d=|:r=0.933
n:0.40376722114160657, -0.07420686446130276, 0.8688011937774718, -0.6359092653729022, -0.8649696977809072, 0.42611254611983895, d=Gpart:ry=-0.219
c:-0.5782259949482977, -0.7126766489818692, -0.1987953162752092, -0.730633317027241, 0.3863954348489642, 0.8132956232875586, 4.05
c:0.128311300650239, 0.5516562098637223, -0.629869875498116, 0.433675616979599, -0.17301912233233452, -0.11280322261154652, -2.354
",0.0038254813571421005,feasible,20
20,H,2,"//H
3
j:l=0.85
j:-0.5116007747128606, -0.05083730770274997, -0.5086304135620594, 0.7854181453585625, -0.07196220383048058, -0.7353185811080039, fr=0.746
j:-0.9941507587209344, -0.022477813996374607, 0.039545197039842606, -0.2570989113301039, -0.6573189878836274, -0.629706984385848, fr=0.446, rotstif=0.888, l=1.091
j:-0.0927007244899869, 0.0836182739585638, 0.2836976363323629, 0.7399400840513408, -0.4567820900119841, 0.2054236768744886, rotstif=0.888
j:-0.9364502993412316, -0.44636774668470025, 0.1930565545335412, -0.13741389336064458, 0.9782728282734752, -0.22631230810657144, l=0.935
j:-0.4084491073153913, 0.1375527437776327, -0.232456736266613, -0.08054381515830755, 0.1456126905977726, -0.29294101102277637, fr=0.891, rotstif=0.987
j:-0.2998488084413111, 0.6254114145413041, 0.33113276213407516, 0.995564335025847, -0.9029267183504999, 0.3881134516559541, fr=0.084, l=0.854
n:0.3746173554100096, 0.8495929045602679, -0.42349618254229426, 0.6878074184060097, 0.8224938143976033, -0.8642493584193289, d=Gpart:ry=0.084
n:-0.2557256896980107, 0.8433080115355551, -0.031613228376954794, 0.7344297235831618, 0.4673730507493019, -0.703850454185158, d=*
n:0.966449729166925, 0.05102541018277407, 0.7048190329223871, 0.3347112853080034, -0.8434010650962591, -0.29977397294715047, d=|:r=0.933
n:0.40376722114160657, -0.07420686446130276, 0.8688011937774718, -0.6359092653729022, -0.8649696977809072, 0.42611254611983895, d=Gpart:ry=-0.219
c:-0.5782259949482977, -0.7126766489818692, -0.1987953162752092, -0.730633317027241, 0.3863954348489642, 0.8132956232875586, 4.05
",0.0038254813571421005,"//H
3
j:l=0.85
j:-0.5116007747128606, -0.05083730770274997, -0.5086304135620594, 0.7854181453585625, -0.07196220383048058, -0.7353185811080039, fr=0.746
j:-0.9941507587209344, -0.022477813996374607, 0.039545197039842606, -0.2570989113301039, -0.6573189878836274, -0.629706984385848, fr=0.446, rotstif=0.888, l=1.091
j:-0.0927007244899869, 0.0836182739585638, 0.2836976363323629, 0.7399400840513408, -0.4567820900119841, 0.2054236768744886, rotstif=0.888
j:-0.9364502993412316, -0.44636774668470025, 0.1930565545335412, -0.13741389336064458, 0.9782728282734752, -0.22631230810657144, rotstif=0.923, l=0.935
j:-0.4084491073153913, 0.1375527437776327, -0.232456736266613, -0.08054381515830755, 0.1456126905977726, -0.29294101102277637, fr=0.891, rotstif=0.987
j:-0.2998488084413111, 0.6254114145413041, 0.33113276213407516, 0.995564335025847, -0.9029267183504999, 0.3881134516559541, fr=0.084, l=0.854
n:0.3746173554100096, 0.8495929045602679, -0.42349618254229426, 0.6878074184060097, 0.8224938143976033, -0.8642493584193289, d=Gpart:ry=0.084
n:-0.2557256896980107, 0.8433080115355551, -0.031613228376954794, 0.7344297235831618, 0.4673730507493019, -0.703850454185158, d=*
n:0.966449729166925, 0.05102541018277407, 0.7048190329223871, 0.3347112853080034, -0.8434010650962591, -0.29977397294715047, d=|:r=0.933
n:0.40376722114160657, -0.07420686446130276, 0.8688011937774718, -0.6359092653729022, -0.8649696977809072, 0.42611254611983895, d=Gpart:ry=-0.219
c:-0.5782259949482977, -0.7126766489818692, -0.1987953162752092, -0.730633317027241, 0.3863954348489642, 0.8132956232875586, 4.05
",0.0038254813571421005,feasible,20
20,H,2,"//H
3
j:l=0.85
j:-0.5116007747128606, -0.05083730770274997, -0.5086304135620594, 0.7854181453585625, -0.07196220383048058, -0.7353185811080039, fr=0.746
j:-0.9941507587209344, -0.022477813996374607, 0.039545197039842606, -0.2570989113301039, -0.6573189878836274, -0.629706984385848, fr=0.446, rotstif=0.888, l=1.091
j:-0.0927007244899869, 0.0836182739585638, 0.2836976363323629, 0.7399400840513408, -0.4567820900119841, 0.2054236768744886, rotstif=0.888
j:-0.9364502993412316, -0.44636774668470025, 0.1930565545335412, -0.13741389336064458, 0.9782728282734752, -0.22631230810657144, l=0.935
j:-0.4084491073153913, 0.1375527437776327, -0.232456736266613, -0.08054381515830755, 0.1456126905977726, -0.29294101102277637, fr=0.891, rotstif=0.987
j:-0.2998488084413111, 0.6254114145413041, 0.33113276213407516, 0.995564335025847, -0.9029267183504999, 0.3881134516559541, fr=0.084, l=0.854
n:0.3746173554100096, 0.8495929045602679, -0.42349618254229426, 0.6878074184060097, 0.8224938143976033, -0.8642493584193289, d=Gpart:ry=0.084
n:-0.2557256896980107, 0.8433080115355551, -0.031613228376954794, 0.7344297235831618, 0.4673730507493019, -0.703850454185158, d=*
n:0.966449729166925, 0.05102541018277407, 0.7048190329223871, 0.3347112853080034, -0.8434010650962591, -0.29977397294715047, d=|:r=0.933
n:0.40376722114160657, -0.07420686446130276, 0.8688011937774718, -0.6359092653729022, -0.8649696977809072, 0.42611254611983895, d=Gpart:ry=-0.219
c:-0.5782259949482977, -0.7126766489818692, -0.1987953162752092, -0.730633317027241, 0.3863954348489642, 0.8132956232875586, 4.05
",0.0038254813571421005,"//H
3
j:l=0.85
j:-0.5116007747128606, -0.05083730770274997, -0.5086304135620594, 0.7854181453585625, -0.07196220383048058, -0.7353185811080039, fr=0.746
j:-0.9941507587209344, -0.022477813996374607, 0.039545197039842606, -0.2570989113301039, -0.6573189878836274, -0.629706984385848, fr=0.446, rotstif=0.888, l=1.091
j:-0.0927007244899869, 0.0836182739585638, 0.2836976363323629, 0.7399400840513408, -0.4567820900119841, 0.2054236768744886, rotstif=0.888
j:-0.9364502993412316, -0.44636774668470025, 0.1930565545335412, -0.13741389336064458, 0.9782728282734752, -0.22631230810657144, l=0.935
j:-0.4084491073153913, 0.1375527437776327, -0.232456736266613, -0.08054381515830755, 0.1456126905977726, -0.413, fr=0.891, rotstif=0.987
j:-0.2998488084413111, 0.6254114145413041, 0.33113276213407516, 0.995564335025847, -0.9029267183504999, 0.3881134516559541, fr=0.084, l=0.854
n:0.3746173554100096, 0.8495929045602679, -0.42349618254229426, 0.6878074184060097, 0.8224938143976033, -0.8642493584193289, d=Gpart:ry=0.084
n:-0.2557256896980107, 0.8433080115355551, -0.031613228376954794, 0.7344297235831618, 0.4673730507493019, -0.703850454185158, d=*
n:0.966449729166925, 0.05102541018277407, 0.7048190329223871, 0.3347112853080034, -0.8434010650962591, -0.29977397294715047, d=|:r=0.933
n:0.40376722114160657, -0.07420686446130276, 0.8688011937774718, -0.6359092653729022, -0.8649696977809072, 0.42611254611983895, d=Gpart:ry=-0.219
c:-0.5782259949482977, -0.7126766489818692, -0.1987953162752092, -0.730633317027241, 0.3863954348489642, 0.8132956232875586, 4.05
",0.00011895337873542658,feasible,20
20,H,2,"//H
3
j:l=0.85
j:-0.5116007747128606, -0.05083730770274997, -0.5086304135620594, 0.7854181453585625, -0.07196220383048058, -0.7353185811080039, fr=0.746
j:-0.9941507587209344, -0.022477813996374607, 0.039545197039842606, -0.2570989113301039, -0.6573189878836274, -0.629706984385848, fr=0.446, rotstif=0.888, l=1.091
j:-0.0927007244899869, 0.0836182739585638, 0.2836976363323629, 0.7399400840513408, -0.4567820900119841, 0.2054236768744886, rotstif=0.888
j:-0.9364502993412316, -0.44636774668470025, 0.1930565545335412, -0.13741389336064458, 0.9782728282734752, -0.22631230810657144, l=0.935
j:-0.4084491073153913, 0.1375527437776327, -0.232456736266613, -0.08054381515830755, 0.1456126905977726, -0.29294101102277637, fr=0.891, rotstif=0.987
j:-0.2998488084413111, 0.6254114145413041, 0.33113276213407516, 0.995564335025847, -0.9029267183504999, 0.3881134516559541, fr=0.084, l=0.854
n:0.3746173554100096, 0.8495929045602679, -0.42349618254229426, 0.6878074184060097, 0.8224938143976033, -0.8642493584193289, d=Gpart:ry=0.084
n:-0.2557256896980107, 0.8433080115355551, -0.031613228376954794, 0.7344297235831618, 0.4673730507493019, -0.703850454185158, d=*
n:0.966449729166925, 0.05102541018277407, 0.7048190329223871, 0.3347112853080034, -0.8434010650962591, -0.29977397294715047, d=|:r=0.933
n:0.40376722114160657, -0.07420686446130276, 0.8688011937774718, -0.6359092653729022, -0.8649696977809072, 0.42611254611983895, d=Gpart:ry=-0.219
c:-0.5782259949482977, -0.7126766489818692, -0.1987953162752092, -0.730633317027241, 0.3863954348489642, 0.8132956232875586, 4.05
",0.0038254813571421005,"//H
3
j:l=0.85
j:-0.5116007747128606, -0.05083730770274997, -0.5086304135620594, 0.7854181453585625, -0.07196220383048058, -0.7353185811080039, fr=0.746
j:-0.9941507587209344, -0.022477813996374607, 0.039545197039842606, -0.2570989113301039, -0.6573189878836274, -0.629706984385848, fr=0.446, rotstif=0.888, l=1.091
j:-0.0927007244899869, 0.0836182739585638, 0.2836976363323629, 0.7399400840513408, -0.4567820900119841, 0.2054236768744886, rotstif=0.888
j:-0.9364502993412316, -0.44636774668470025, 0.1930565545335412, -0.13741389336064458, 0.9782728282734752, -0.22631230810657144, l=0.935
j:-0.4084491073153913, 0.1375527437776327, -0.232456736266613, -0.08054381515830755, 0.1456126905977726, -0.29294101102277637, fr=0.891, rotstif=0.987
j:-0.2998488084413111, 0.6254114145413041, 0.33113276213407516, 0.995564335025847, -0.9029267183504999, 0.3881134516559541, fr=0.084, l=0.854
j:0.4520883965305984, 0.45090356608852744, 0.8002819982357323, 0.04424661444500089, -0.46856552129611373, -0.9729913361370564, fr=0.284
n:0.3746173554100096, 0.8495929045602679, -0.42349618254229426, 0.6878074184060097, 0.8224938143976033, -0.8642493584193289, d=Gpart:ry=0.084
n:-0.2557256896980107, 0.8433080115355551, -0.031613228376954794, 0.7344297235831618, 0.4673730507493019, -0.703850454185158, d=*
n:0.966449729166925, 0.05102541018277407, 0.7048190329223871, 0.3347112853080034, -0.8434010650962591, -0.29977397294715047, d=|:r=0.933
n:0.40376722114160657, -0.07420686446130276, 0.8688011937774718, -0.6359092653729022, -0.8649696977809072, 0.42611254611983895, d=Gpart:ry=-0.219
c:-0.5782259949482977, -0.7126766489818692, -0.1987953162752092, -0.730633317027241, 0.3863954348489642, 0.8132956232875586, 4.05
",0.00033790645932941664,feasible,20
20,H,2,"//H
3
j:l=0.85
j:-0.5116007747128606, -0.05083730770274997, -0.5086304135620594, 0.7854181453585625, -0.07196220383048058, -0.7353185811080039, fr=0.746
j:-0.9941507587209344, -0.022477813996374607, 0.039545197039842606, -0.2570989113301039, -0.6573189878836274, -0.629706984385848, fr=0.446, rotstif=0.888, l=1.091
j:-0.0927007244899869, 0.0836182739585638, 0.2836976363323629, 0.7399400840513408, -0.4567820900119841, 0.2054236768744886, rotstif=0.888
j:-0.9364502993412316, -0.44636774668470025, 0.1930565545335412, -0.13741389336064458, 0.9782728282734752, -0.22631230810657144, l=0.935
j:-0.4084491073153913, 0.1375527437776327, -0.232456736266613, -0.08054381515830755, 0.1456126905977726, -0.29294101102277637, fr=0.891, rotstif=0.987
j:-0.2998488084413111, 0.6254114145413041, 0.33113276213407516, 0.995564335025847, -0.9029267183504999, 0.3881134516559541, fr=0.084, l=0.854
n:0.3746173554100096, 0.8495929045602679, -0.42349618254229426, 0.6878074184060097, 0.8224938143976033, -0.8642493584193289, d=Gpart:ry=0.084
n:-0.2557256896980107, 0.8433080115355551, -0.031613228376954794, 0.7344297235831618, 0.4673730507493019, -0.703850454185158, d=*
n:0.966449729166925, 0.05102541018277407, 0.7048190329223871, 0.3347112853080034, -0.8434010650962591, -0.29977397294715047, d=|:r=0.933
n:0.40376722114160657, -0.07420686446130276, 0.8688011937774718, -0.6359092653729022, -0.8649696977809072, 0.42611254611983895, d=Gpart:ry=-0.219
c:-0.5782259949482977, -0.7126766489818692, -0.1987953162752092, -0.730633317027241, 0.3863954348489642, 0.8132956232875586, 4.05
",0.0038254813571421005,"//H
3
j:l=0.85
j:-0.5116007747128606, -0.05083730770274997, -0.5086304135620594, 0.7854181453585625, -0.07196220383048058, -0.7353185811080039, fr=0.746
j:-0.9941507587209344, -0.022477813996374607, 0.039545197039842606, -0.2570989113301039, -0.6573189878836274, -0.629706984385848, fr=0.446, rotstif=0.888, l=1.091
j:-0.0927007244899869, 0.0836182739585638, 0.2836976363323629, 0.7399400840513408, -0.4567820900119841, 0.2054236768744886, rotstif=0.888
j:-0.9364502993412316, -0.44636774668470025, 0.1930565545335412, -0.13741389336064458, 0.9782728282734752, -0.22631230810657144, l=0.935
j:-0.4084491073153913, 0.1375527437776327, -0.232456736266613, -0.08054381515830755, 0.1456126905977726, -0.29294101102277637, fr=0.891, rotstif=0.987
j:-0.2998488084413111, 0.6254114145413041, 0.33113276213407516, 0.995564335025847, -0.9029267183504999, 0.3881134516559541, fr=0.084, l=0.854
n:0.3746173554100096, 0.8495929045602679, -0.42349618254229426, 0.6878074184060097, 0.8224938143976033, -0.8642493584193289, d=Gpart:ry=0.084
n:-0.2557256896980107, 0.8433080115355551, -0.031613228376954794, 0.7344297235831618, 0.4673730507493019, -0.703850454185158, d=*
n:0.966449729166925, 0.05102541018277407, 0.7048190329223871, 0.3347112853080034, -0.8434010650962591, -0.29977397294715047, d=|:r=0.933
n:0.40376722114160657, -0.07420686446130276, 0.8688011937774718, -0.6359092653729022, -0.8649696977809072, 0.42611254611983895, d=Gpart:ry=-0.219
n:0.9923949097283185, 0.6159574016928673, 0.09417914040386677, -0.28289228258654475, -0.41088401805609465, 0.28138528671115637, d=N:in=0.774
c:-0.5782259949482977, -0.7126766489818692, -0.1987953162752092, -0.730633317027241, 0.3863954348489642, 0.8132956232875586, 4.05
",4.6788871896408866e-07,feasible,20
20,H,2,"//H
3
j:l=0.85
j:-0.5116007747128606, -0.05083730770274997, -0.5086304135620594, 0.7854181453585625, -0.07196220383048058, -0.7353185811080039, fr=0.746
j:-0.9941507587209344, -0.022477813996374607, 0.039545197039842606, -0.2570989113301039, -0.6573189878836274, -0.629706984385848, fr=0.446, rotstif=0.888, l=1.091
j:-0.0927007244899869, 0.0836182739585638, 0.2836976363323629, 0.7399400840513408, -0.4567820900119841, 0.2054236768744886, rotstif=0.888
j:-0.9364502993412316, -0.44636774668470025, 0.1930565545335412, -0.13741389336064458, 0.9782728282734752, -0.22631230810657144, l=0.935
j:-0.4084491073153913, 0.1375527437776327, -0.232456736266613, -0.08054381515830755, 0.1456126905977726, -0.29294101102277637, fr=0.891, rotstif=0.987
j:-0.2998488084413111, 0.6254114145413041, 0.33113276213407516, 0.995564335025847, -0.9029267183504999, 0.3881134516559541, fr=0.084, l=0.854
n:0.3746173554100096, 0.8495929045602679, -0.42349618254229426, 0.6878074184060097, 0.8224938143976033, -0.8642493584193289, d=Gpart:ry=0.084
n:-0.2557256896980107, 0.8433080115355551, -0.031613228376954794, 0.7344297235831618, 0.4673730507493019, -0.703850454185158, d=*
n:0.966449729166925, 0.05102541018277407, 0.7048190329223871, 0.3347112853080034, -0.8434010650962591, -0.29977397294715047, d=|:r=0.933
n:0.40376722114160657, -0.07420686446130276, 0.8688011937774718, -0.6359092653729022, -0.8649696977809072, 0.42611254611983895, d=Gpart:ry=-0.219
c:-0.5782259949482977, -0.7126766489818692, -0.1987953162752092, -0.730633317027241, 0.3863954348489642, 0.8132956232875586, 4.05
",0.0038254813571421005,"//H
3
j:l=0.85
j:-0.5116007747128606, -0.05083730770274997, -0.5086304135620594, 0.7854181453585625, -0.07196220383048058, -0.7353185811080039, fr=0.746
j:-0.9941507587209344, -0.022477813996374607, 0.039545197039842606, -0.2570989113301039, -0.6573189878836274, -0.629706984385848, fr=0.446, rotstif=0.888, l=1.091
j:-0.0927007244899869, 0.0836182739585638, 0.2836976363323629, 0.7399400840513408, -0.4567820900119841, 0.2054236768744886, rotstif=0.888
j:-0.9364502993412316, -0.44636774668470025, 0.1930565545335412, -0.13741389336064458, 0.9782728282734752, -0.22631230810657144, l=0.935
j:-0.4084491073153913, 0.1375527437776327, -0.232456736266613, -0.08054381515830755, 0.1456126905977726, -0.29294101102277637, fr=0.891, rotstif=0.987
j:-0.2998488084413111, 0.6254114145413041, 0.33113276213407516, 0.995564335025847, -0.9029267183504999, 0.3881134516559541, fr=0.084, l=0.854
n:0.3746173554100096, 0.8495929045602679, -0.42349618254229426, 0.6878074184060097, 0.8224938143976033, -0.8642493584193289, d=Gpart:ry=0.084
n:-0.2557256896980107, 0.8433080115355551, -0.031613228376954794, 0.7344297235831618, 0.4673730507493019, -0.703850454185158, d=*
n:0.966449729166925, 0.05102541018277407, 0.7048190329223871, 0.3347112853080034, -0.8434010650962591, -0.29977397294715047, d=|:r=0.933
n:0.40376722114160657, -0.07420686446130276, 0.8688011937774718, -0.6359092653729022, -0.8649696977809072, 0.42611254611983895, d=Gpart:ry=-0.219
n:-0.3957040822133422, -0.9523326470516622, -0.7089903852902353, -0.8523393464274704, 0.8672689343802631, -0.9178613047115505, d=@:p=0.863
c:-0.5782259949482977, -0.7126766489818692, -0.1987953162752092, -0.730633317027241, 0.3863954348489642, 0.8132956232875586, 4.05
",0.00043774231820376154,feasible,20
20,H,2,"//H
3
j:l=0.85
j:-0.5116007747128606, -0.05083730770274997, -0.5086304135620594, 0.7854181453585625, -0.07196220383048058, -0.7353185811080039, fr=0.746
j:-0.9941507587209344, -0.022477813996374607, 0.039545197039842606, -0.2570989113301039, -0.6573189878836274, -0.629706984385848, fr=0.446, rotstif=0.888, l=1.091
j:-0.0927007244899869, 0.0836182739585638, 0.2836976363323629, 0.7399400840513408, -0.4567820900119841, 0.2054236768744886, rotstif=0.888
j:-0.9364502993412316, -0.44636774668470025, 0.1930565545335412, -0.13741389336064458, 0.9782728282734752, -0.22631230810657144, l=0.935
j:-0.4084491073153913, 0.1375527437776327, -0.232456736266613, -0.08054381515830755, 0.1456126905977726, -0.29294101102277637, fr=0.891, rotstif=0.987
j:-0.2998488084413111, 0.6254114145413041, 0.33113276213407516, 0.995564335025847, -0.9029267183504999, 0.3881134516559541, fr=0.084, l=0.854
n:0.3746173554100096, 0.8495929045602679, -0.42349618254229426, 0.6878074184060097, 0.8224938143976033, -0.8642493584193289, d=Gpart:ry=0.084
n:-0.2557256896980107, 0.8433080115355551, -0.031613228376954794, 0.7344297235831618, 0.4673730507493019, -0.703850454185158, d=*
n:0.966449729166925, 0.05102541018277407, 0.7048190329223871, 0.3347112853080034, -0.8434010650962591, -0.29977397294715047, d=|:r=0.933
n:0.40376722114160657, -0.07420686446130276, 0.8688011937774718, -0.6359092653729022, -0.8649696977809072, 0.42611254611983895, d=Gpart:ry=-0.219
c:-0.5782259949482977, -0.7126766489818692, -0.1987953162752092, -0.730633317027241, 0.3863954348489642, 0.8132956232875586, 4.05
",0.0038254813571421005,"//H
3
j:l=0.85
j:-0.5116007747128606, -0.05083730770274997, -0.5086304135620594, 0.7854181453585625, -0.07196220383048058, -0.7353185811080039, fr=0.746
j:-0.9941507587209344, -0.022477813996374607, -0.153, -0.2570989113301039, -0.6573189878836274, -0.629706984385848, fr=0.446, rotstif=0.888, l=1.091
j:-0.0927007244899869, 0.0836182739585638, 0.2836976363323629, 0.7399400840513408, -0.4567820900119841, 0.2054236768744886, rotstif=0.888
j:-0.9364502993412316, -0.44636774668470025, 0.1930565545335412, -0.13741389336064458, 0.9782728282734752, -0.22631230810657144, l=0.935
j:-0.4084491073153913, 0.1375527437776327, -0.232456736266613, -0.08054381515830755, 0.1456126905977726, -0.29294101102277637, fr=0.891, rotstif=0.987
j:-0.2998488084413111, 0.6254114145413041, 0.33113276213407516, 0.995564335025847, -0.9029267183504999, 0.3881134516559541, fr=0.084, l=0.854
n:0.3746173554100096, 0.8495929045602679, -0.42349618254229426, 0.6878074184060097, 0.8224938143976033, -0.8642493584193289, d=Gpart:ry=0.084
n:-0.2557256896980107, 0.8433080115355551, -0.031613228376954794, 0.7344297235831618, 0.4673730507493019, -0.703850454185158, d=*
n:0.966449729166925, 0.05102541018277407, 0.7048190329223871, 0.3347112853080034, -0.8434010650962591, -0.29977397294715047, d=|:r=0.933
n:0.40376722114160657, -0.07420686446130276, 0.8688011937774718, -0.6359092653729022, -0.8649696977809072, 0.42611254611983895, d=Gpart:ry=-0.219
c:-0.5782259949482977, -0.7126766489818692, -0.1987953162752092, -0.730633317027241, 0.3863954348489642, 0.8132956232875586, 4.05
",0.0038254813571421005,feasible,20
20,H,2,"//H
3
j:l=0.85
j:-0.5116007747128606, -0.05083730770274997, -0.5086304135620594, 0.7854181453585625, -0.07196220383048058, -0.7353185811080039, fr=0.746
j:-0.9941507587209344, -0.022477813996374607, 0.039545197039842606, -0.2570989113301039, -0.6573189878836274, -0.629706984385848, fr=0.446, rotstif=0.888, l=1.091
j:-0.0927007244899869, 0.0836182739585638, 0.2836976363323629, 0.7399400840513408, -0.4567820900119841, 0.2054236768744886, rotstif=0.888
j:-0.9364502993412316, -0.44636774668470025, 0.1930565545335412, -0.13741389336064458, 0.9782728282734752, -0.22631230810657144, l=0.935
j:-0.4084491073153913, 0.1375527437776327, -0.232456736266613, -0.08054381515830755, 0.1456126905977726, -0.29294101102277637, fr=0.891, rotstif=0.987
j:-0.2998488084413111, 0.6254114145413041, 0.33113276213407516, 0.995564335025847, -0.9029267183504999, 0.3881134516559541, fr=0.084, l=0.854
n:0.3746173554100096, 0.8495929045602679, -0.42349618254229426, 0.6878074184060097, 0.8224938143976033, -0.8642493584193289, d=Gpart:ry=0.084
n:-0.2557256896980107, 0.8433080115355551, -0.031613228376954794, 0.7344297235831618, 0.4673730507493019, -0.703850454185158, d=*
n:0.966449729166925, 0.05102541018277407, 0.7048190329223871, 0.3347112853080034, -0.8434010650962591, -0.29977397294715047, d=|:r=0.933
n:0.40376722114160657, -0.07420686446130276, 0.8688011937774718, -0.6359092653729022, -0.8649696977809072, 0.42611254611983895, d=Gpart:ry=-0.219
c:-0.5782259949482977, -0.7126766489818692, -0.1987953162752092, -0.730633317027241, 0.3863954348489642, 0.8132956232875586, 4.05
",0.0038254813571421005,"//H
3
j:l=0.85
j:-0.5116007747128606, -0.05083730770274997, -0.5086304135620594, 0.7854181453585625, -0.07196220383048058, -0.7353185811080039, fr=0.777
j:-0.9941507587209344, -0.022477813996374607, 0.039545197039842606, -0.2570989113301039, -0.6573189878836274, -0.629706984385848, fr=0.446, rotstif=0.888, l=1.091
j:-0.0927007244899869, 0.0836182739585638, 0.2836976363323629, 0.7399400840513408, -0.4567820900119841, 0.2054236768744886, rotstif=0.888
j:-0.9364502993412316, -0.44636774668470025, 0.1930565545335412, -0.13741389336064458, 0.9782728282734752, -0.22631230810657144, l=0.935
j:-0.4084491073153913, 0.1375527437776327, -0.232456736266613, -0.08054381515830755, 0.1456126905977726, -0.29294101102277637, fr=0.891, rotstif=0.987
j:-0.2998488084413111, 0.6254114145413041, 0.33113276213407516, 0.995564335025847, -0.9029267183504999, 0.3881134516559541, fr=0.084, l=0.854
n:0.3746173554100096, 0.8495929045602679, -0.42349618254229426, 0.6878074184060097, 0.8224938143976033, -0.8642493584193289, d=Gpart:ry=0.084
n:-0.2557256896980107, 0.8433080115355551, -0.031613228376954794, 0.7344297235831618, 0.4673730507493019, -0.703850454185158, d=*
n:0.966449729166925, 0.05102541018277407, 0.7048190329223871, 0.3347112853080034, -0.8434010650962591, -0.29977397294715047, d=|:r=0.933
n:0.40376722114160657, -0.07420686446130276, 0.8688011937774718, -0.6359092653729022, -0.8649696977809072, 0.42611254611983895, d=Gpart:ry=-0.219
c:-0.5782259949482977, -0.7126766489818692, -0.1987953162752092, -0.730633317027241, 0.3863954348489642, 0.8132956232875586, 4.05
",0.0015125286279420033,feasible,20
20,H,2,"//H
3
j:l=0.85
j:-0.5116007747128606, -0.05083730770274997, -0.5086304135620594, 0.7854181453585625, -0.07196220383048058, -0.7353185811080039, fr=0.746
j:-0.9941507587209344, -0.022477813996374607, 0.039545197039842606, -0.2570989113301039, -0.6573189878836274, -0.629706984385848, fr=0.446, rotstif=0.888, l=1.091
j:-0.0927007244899869, 0.0836182739585638, 0.2836976363323629, 0.7399400840513408, -0.4567820900119841, 0.2054236768744886, rotstif=0.888
j:-0.9364502993412316, -0.44636774668470025, 0.1930565545335412, -0.13741389336064458, 0.9782728282734752, -0.22631230810657144, l=0.935
j:-0.4084491073153913, 0.1375527437776327, -0.232456736266613, -0.08054381515830755, 0.1456126905977726, -0.29294101102277637, fr=0.891, rotstif=0.987
j:-0.2998488084413111, 0.6254114145413041, 0.33113276213407516, 0.995564335025847, -0.9029267183504999, 0.3881134516559541, fr=0.084, l=0.854
n:0.3746173554100096, 0.8495929045602679, -0.42349618254229426, 0.6878074184060097, 0.8224938143976033, -0.8642493584193289, d=Gpart:ry=0.084
n:-0.2557256896980107, 0.8433080115355551, -0.031613228376954794, 0.7344297235831618, 0.4673730507493019, -0.703850454185158, d=*
n:0.966449729166925, 0.05102541018277407, 0.7048190329223871, 0.3347112853080034, -0.8434010650962591, -0.29977397294715047, d=|:r=0.933
n:0.40376722114160657, -0.07420686446130276, 0.8688011937774718, -0.6359092653729022, -0.8649696977809072, 0.42611254611983895, d=Gpart:ry=-0.219
c:-0.5782259949482977, -0.7126766489818692, -0.1987953162752092, -0.730633317027241, 0.3863954348489642, 0.8132956232875586, 4.05
",0.0038254813571421005,"//H
3
j:l=0.85
j:-0.5116007747128606, -0.05083730770274997, -0.5086304135620594, 0.7854181453585625, -0.07196220383048058, -0.7353185811080039, fr=0.746
j:-0.9941507587209344, -0.022477813996374607, 0.039545197039842606, -0.2570989113301039, -0.6573189878836274, -0.629706984385848, fr=0.446, rotstif=0.888, l=1.091
j:-0.0927007244899869, 0.0836182739585638, 0.2836976363323629, 0.7399400840513408, -0.4567820900119841, 0.2054236768744886, rotstif=0.888
j:-0.9364502993412316, -0.44636774668470025, 0.1930565545335412, -0.13741389336064458, 0.9782728282734752, -0.22631230810657144, l=0.935
j:-0.4084491073153913, 0.1375527437776327, -0.232456736266613, -0.08054381515830755, 0.1456126905977726, -0.29294101102277637, fr=0.891, rotstif=0.987
j:-0.2998488084413111, 0.6254114145413041, 0.33113276213407516, 0.995564335025847, -0.9029267183504999, 0.3881134516559541, fr=0.084, l=0.854
j:0.6264841300435364, 0.2129076812416315, 0.664349636528641, 0.7579383514821529, 0.6211110898293555, 0.8007299187593162, rotstif=0.989
n:0.3746173554100096, 0.8495929045602679, -0.42349618254229426, 0.6878074184060097, 0.8224938143976033, -0.8642493584193289, d=Gpart:ry=0.084
n:-0.2557256896980107, 0.8433080115355551, -0.031613228376954794, 0.7344297235831618, 0.4673730507493019, -0.703850454185158, d=*
n:0.966449729166925, 0.05102541018277407, 0.7048190329223871, 0.3347112853080034, -0.8434010650962591, -0.29977397294715047, d=|:r=0.933
n:0.40376722114160657, -0.07420686446130276, 0.8688011937774718, -0.6359092653729022, -0.8649696977809072, 0.42611254611983895, d=Gpart:ry=-0.219
c:-0.5782259949482977, -0.7126766489818692, -0.1987953162752092, -0.730633317027241, 0.3863954348489642, 0.8132956232875586, 4.05
",2.8900081245020793e-05,feasible,20
20,H,2,"//H
3
j:l=0.85
j:-0.5116007747128606, -0.05083730770274997, -0.5086304135620594, 0.7854181453585625, -0.07196220383048058, -0.7353185811080039, fr=0.746
j:-0.9941507587209344, -0.022477813996374607, 0.039545197039842606, -0.2570989113301039, -0.6573189878836274, -0.629706984385848, fr=0.446, rotstif=0.888, l=1.091
j:-0.0927007244899869, 0.0836182739585638, 0.2836976363323629, 0.7399400840513408, -0.4567820900119841, 0.2054236768744886, rotstif=0.888
j:-0.9364502993412316, -0.44636774668470025, 0.1930565545335412, -0.13741389336064458, 0.9782728282734752, -0.22631230810657144, l=0.935
j:-0.4084491073153913, 0.1375527437776327, -0.232456736266613, -0.08054381515830755, 0.1456126905977726, -0.29294101102277637, fr=0.891, rotstif=0.987
j:-0.2998488084413111, 0.6254114145413041, 0.33113276213407516, 0.995564335025847, -0.9029267183504999, 0.3881134516559541, fr=0.084, l=0.854
n:0.3746173554100096, 0.8495929045602679, -0.42349618254229426, 0.6878074184060097, 0.8224938143976033, -0.8642493584193289, d=Gpart:ry=0.084
n:-0.2557256896980107, 0.8433080115355551, -0.031613228376954794, 0.7344297235831618, 0.4673730507493019, -0.703850454185158, d=*
n:0.966449729166925, 0.05102541018277407, 0.7048190329223871, 0.3347112853080034, -0.8434010650962591, -0.29977397294715047, d=|:r=0.933
n:0.40376722114160657, -0.07420686446130276, 0.8688011937774718, -0.6359092653729022, -0.8649696977809072, 0.42611254611983895, d=Gpart:ry=-0.219
c:-0.5782259949482977, -0.7126766489818692, -0.1987953162752092, -0.730633317027241, 0.3863954348489642, 0.8132956232875586, 4.05
",0.0038254813571421005,"//H
3
j:l=0.85
j:-0.5116007747128606, -0.05083730770274997, -0.5086304135620594, 0.7854181453585625, -0.07196220383048058, -0.7353185811080039, fr=0.746
j:-0.9941507587209344, -0.022477813996374607, 0.039545197039842606, -0.2570989113301039, -0.6573189878836274, -0.629706984385848, fr=0.446, rotstif=0.888, l=1.091
j:-0.0927007244899869, 0.0836182739585638, 0.2836976363323629, 0.7399400840513408, -0.4567820900119841, 0.2054236768744886, rotstif=0.888
j:-0.9364502993412316, -0.44636774668470025, 0.1930565545335412, -0.13741389336064458, 0.9782728282734752, -0.22631230810657144, l=0.935
j:-0.4084491073153913, 0.1375527437776327, -0.232456736266613, -0.08054381515830755, 0.1456126905977726, -0.29294101102277637, fr=0.891, rotstif=0.987
j:-0.2998488084413111, 0.6254114145413041, 0.33113276213407516, 0.995564335025847, -0.9029267183504999, 0.3881134516559541, fr=0.084, l=0.854
j:0.19920223439112306, -0.3951003015972674, -0.5038234638050199, -0.7259342600591481, 0.44851276697590947, -0.3580827652476728, fr=0.25
n:0.3746173554100096, 0.8495929045602679, -0.42349618254229426, 0.6878074184060097, 0.8224938143976033, -0.8642493584193289, d=Gpart:ry=0.084
n:-0.2557256896980107, 0.8433080115355551, -0.031613228376954794, 0.7344297235831618, 0.4673730507493019, -0.703850454185158, d=*
n:0.966449729166925, 0.05102541018277407, 0.7048190329223871, 0.3347112853080034, -0.8434010650962591, -0.29977397294715047, d=|:r=0.933
n:0.40376722114160657, -0.07420686446130276, 0.8688011937774718, -0.6359092653729022, -0.8649696977809072, 0.42611254611983895, d=Gpart:ry=-0.219
c:-0.5782259949482977, -0.7126766489818692, -0.1987953162752092, -0.730633317027241, 0.3863954348489642, 0.8132956232875586, 4.05
",0.00023650456058269432,feasible,20
20,H,2,"//H
3
j:l=0.85
j:-0.5116007747128606, -0.05083730770274997, -0.5086304135620594, 0.7854181453585625, -0.07196220383048058, -0.7353185811080039, fr=0.746
j:-0.9941507587209344, -0.022477813996374607, 0.039545197039842606, -0.2570989113301039, -0.6573189878836274, -0.629706984385848, fr=0.446, rotstif=0.888, l=1.091
j:-0.0927007244899869, 0.0836182739585638, 0.2836976363323629, 0.7399400840513408, -0.4567820900119841, 0.2054236768744886, rotstif=0.888
j:-0.9364502993412316, -0.44636774668470025, 0.1930565545335412, -0.13741389336064458, 0.9782728282734752, -0.22631230810657144, l=0.935
j:-0.4084491073153913, 0.1375527437776327, -0.232456736266613, -0.08054381515830755, 0.1456126905977726, -0.29294101102277637, fr=0.891, rotstif=0.987
j:-0.2998488084413111, 0.6254114145413041, 0.33113276213407516, 0.995564335025847, -0.9029267183504999, 0.3881134516559541, fr=0.084, l=0.854
n:0.3746173554100096, 0.8495929045602679, -0.42349618254229426, 0.6878074184060097, 0.8224938143976033, -0.8642493584193289, d=Gpart:ry=0.084
n:-0.2557256896980107, 0.8433080115355551, -0.031613228376954794, 0.7344297235831618, 0.4673730507493019, -0.703850454185158, d=*
n:0.966449729166925, 0.05102541018277407, 0.7048190329223871, 0.3347112853080034, -0.8434010650962591, -0.29977397294715047, d=|:r=0.933
n:0.40376722114160657, -0.07420686446130276, 0.8688011937774718, -0.6359092653729022, -0.8649696977809072, 0.42611254611983895, d=Gpart:ry=-0.219
c:-0.5782259949482977, -0.7126766489818692, -0.1987953162752092, -0.730633317027241, 0.3863954348489642, 0.8132956232875586, 4.05
",0.0038254813571421005,"//H
3
j:fr=0.025, l=0.85
j:-0.5116007747128606, -0.05083730770274997, -0.5086304135620594, 0.7854181453585625, -0.07196220383048058, -0.7353185811080039, fr=0.746
j:-0.9941507587209344, -0.022477813996374607, 0.039545197039842606, -0.2570989113301039, -0.6573189878836274, -0.629706984385848, fr=0.446, rotstif=0.888, l=1.091
j:-0.0927007244899869, 0.0836182739585638, 0.2836976363323629, 0.7399400840513408, -0.4567820900119841, 0.2054236768744886, rotstif=0.888
j:-0.9364502993412316, -0.44636774668470025, 0.1930565545335412, -0.13741389336064458, 0.9782728282734752, -0.22631230810657144, l=0.935
j:-0.4084491073153913, 0.1375527437776327, -0.232456736266613, -0.08054381515830755, 0.1456126905977726, -0.29294101102277637, fr=0.891, rotstif=0.987
j:-0.2998488084413111, 0.6254114145413041, 0.33113276213407516, 0.995564335025847, -0.9029267183504999, 0.3881134516559541, fr=0.084, l=0.854
n:0.3746173554100096, 0.8495929045602679, -0.42349618254229426, 0.6878074184060097, 0.8224938143976033, -0.8642493584193289, d=Gpart:ry=0.084
n:-0.2557256896980107, 0.8433080115355551, -0.031613228376954794, 0.7344297235831618, 0.4673730507493019, -0.703850454185158, d=*
n:0.966449729166925, 0.05102541018277407, 0.7048190329223871, 0.3347112853080034, -0.8434010650962591, -0.29977397294715047, d=|:r=0.933
n:0.40376722114160657, -0.07420686446130276, 0.8688011937774718, -0.6359092653729022, -0.8649696977809072, 0.42611254611983895, d=Gpart:ry=-0.219
c:-0.5782259949482977, -0.7126766489818692, -0.1987953162752092, -0.730633317027241, 0.3863954348489642, 0.8132956232875586, 4.05
",0.0032275409728758434,feasible,20
20,H,2,"//H
3
j:l=0.85
j:-0.5116007747128606, -0.05083730770274997, -0.5086304135620594, 0.7854181453585625, -0.07196220383048058, -0.7353185811080039, fr=0.746
j:-0.9941507587209344, -0.022477813996374607, 0.039545197039842606, -0.2570989113301039, -0.6573189878836274, -0.629706984385848, fr=0.446, rotstif=0.888, l=1.091
j:-0.0927007244899869, 0.0836182739585638, 0.2836976363323629, 0.7399400840513408, -0.4567820900119841, 0.2054236768744886, rotstif=0.888
j:-0.9364502993412316, -0.44636774668470025, 0.1930565545335412, -0.13741389336064458, 0.9782728282734752, -0.22631230810657144, l=0.935
j:-0.4084491073153913, 0.1375527437776327, -0.232456736266613, -0.08054381515830755, 0.1456126905977726, -0.29294101102277637, fr=0.891, rotstif=0.987
j:-0.2998488084413111, 0.6254114145413041, 0.33113276213407516, 0.995564335025847, -0.9029267183504999, 0.3881134516559541, fr=0.084, l=0.854
n:0.3746173554100096, 0.8495929045602679, -0.42349618254229426, 0.6878074184060097, 0.8224938143976033, -0.8642493584193289, d=Gpart:ry=0.084
n:-0.2557256896980107, 0.8433080115355551, -0.031613228376954794, 0.7344297235831618, 0.4673730507493019, -0.703850454185158, d=*
n:0.966449729166925, 0.05102541018277407, 0.7048190329223871, 0.3347112853080034, -0.8434010650962591, -0.29977397294715047, d=|:r=0.933
n:0.40376722114160657, -0.07420686446130276, 0.8688011937774718, -0.6359092653729022, -0.8649696977809072, 0.42611254611983895, d=Gpart:ry=-0.219
c:-0.5782259949482977, -0.7126766489818692, -0.1987953162752092, -0.730633317027241, 0.3863954348489642, 0.8132956232875586, 4.05
",0.0038254813571421005,"//H
3
j:l=0.85
j:-0.5116007747128606, -0.05083730770274997, -0.5086304135620594, 0.7854181453585625, -0.07196220383048058, -0.7353185811080039, fr=0.746
j:-0.9941507587209344, -0.022477813996374607, 0.039545197039842606, -0.2570989113301039, -0.6573189878836274, -0.629706984385848, fr=0.446, rotstif=0.888, l=1.091
j:-0.0927007244899869, 0.0836182739585638, 0.2836976363323629, 0.7399400840513408, -0.4567820900119841, 0.2054236768744886, rotstif=0.888
j:-0.9364502993412316, -0.44636774668470025, 0.1930565545335412, -0.13741389336064458, 0.9782728282734752, -0.22631230810657144, l=0.935
j:-0.4084491073153913, 0.1375527437776327, -0.232456736266613, -0.08054381515830755, 0.1456126905977726, -0.29294101102277637, fr=0.891, rotstif=0.96
j:-0.2998488084413111, 0.6254114145413041, 0.33113276213407516, 0.995564335025847, -0.9029267183504999, 0.3881134516559541, fr=0.084, l=0.854
n:0.3746173554100096, 0.8495929045602679, -0.42349618254229426, 0.6878074184060097, 0.8224938143976033, -0.8642493584193289, d=Gpart:ry=0.084
n:-0.2557256896980107, 0.8433080115355551, -0.031613228376954794, 0.7344297235831618, 0.4673730507493019, -0.703850454185158, d=*
n:0.966449729166925, 0.05102541018277407, 0.7048190329223871, 0.3347112853080034, -0.8434010650962591, -0.29977397294715047, d=|:r=0.933
n:0.40376722114160657, -0.07420686446130276, 0.8688011937774718, -0.6359092653729022, -0.8649696977809072, 0.42611254611983895, d=Gpart:ry=-0.219
c:-0.5782259949482977, -0.7126766489818692, -0.1987953162752092, -0.730633317027241, 0.3863954348489642, 0.8132956232875586, 4.05
",0.0038254813571421005,feasible,20
20,H,2,"//H
3
j:l=0.85
j:-0.5116007747128606, -0.05083730770274997, -0.5086304135620594, 0.7854181453585625, -0.07196220383048058, -0.7353185811080039, fr=0.746
j:-0.9941507587209344, -0.022477813996374607, 0.039545197039842606, -0.2570989113301039, -0.6573189878836274, -0.629706984385848, fr=0.446, rotstif=0.888, l=1.091
j:-0.0927007244899869, 0.0836182739585638, 0.2836976363323629, 0.7399400840513408, -0.4567820900119841, 0.2054236768744886, rotstif=0.888
j:-0.9364502993412316, -0.44636774668470025, 0.1930565545335412, -0.13741389336064458, 0.9782728282734752, -0.22631230810657144, l=0.935
j:-0.4084491073153913, 0.1375527437776327, -0.232456736266613, -0.08054381515830755, 0.1456126905977726, -0.29294101102277637, fr=0.891, rotstif=0.987
j:-0.2998488084413111, 0.6254114145413041, 0.33113276213407516, 0.995564335025847, -0.9029267183504999, 0.3881134516559541, fr=0.084, l=0.854
n:0.3746173554100096, 0.8495929045602679, -0.42349618254229426, 0.6878074184060097, 0.8224938143976033, -0.8642493584193289, d=Gpart:ry=0.084
n:-0.2557256896980107, 0.8433080115355551, -0.031613228376954794, 0.7344297235831618, 0.4673730507493019, -0.703850454185158, d=*
n:0.966449729166925, 0.05102541018277407, 0.7048190329223871, 0.3347112853080034, -0.8434010650962591, -0.29977397294715047, d=|:r=0.933
n:0.40376722114160657, -0.07420686446130276, 0.8688011937774718, -0.6359092653729022, -0.8649696977809072, 0.42611254611983895, d=Gpart:ry=-0.219
c:-0.5782259949482977, -0.7126766489818692, -0.1987953162752092, -0.730633317027241, 0.3863954348489642, 0.8132956232875586, 4.05
",0.0038254813571421005,"//H
3
j:l=0.85
j:-0.5116007747128606, -0.05083730770274997, -0.5086304135620594, 0.761, -0.07196220383048058, -0.7353185811080039, fr=0.746
j:-0.9941507587209344, -0.022477813996374607, 0.039545197039842606, -0.2570989113301039, -0.6573189878836274, -0.629706984385848, fr=0.446, rotstif=0.888, l=1.091
j:-0.0927007244899869, 0.0836182739585638, 0.2836976363323629, 0.7399400840513408, -0.4567820900119841, 0.2054236768744886, rotstif=0.888
j:-0.9364502993412316, -0.44636774668470025, 0.1930565545335412, -0.13741389336064458, 0.9782728282734752, -0.22631230810657144, l=0.935
j:-0.4084491073153913, 0.1375527437776327, -0.232456736266613, -0.08054381515830755, 0.1456126905977726, -0.29294101102277637, fr=0.891, rotstif=0.987
j:-0.2998488084413111, 0.6254114145413041, 0.33113276213407516, 0.995564335025847, -0.9029267183504999, 0.3881134516559541, fr=0.084, l=0.854
n:0.3746173554100096, 0.8495929045602679, -0.42349618254229426, 0.6878074184060097, 0.8224938143976033, -0.8642493584193289, d=Gpart:ry=0.084
n:-0.2557256896980107, 0.8433080115355551, -0.031613228376954794, 0.7344297235831618, 0.4673730507493019, -0.703850454185158, d=*
n:0.966449729166925, 0.05102541018277407, 0.7048190329223871, 0.3347112853080034, -0.8434010650962591, -0.29977397294715047, d=|:r=0.933
n:0.40376722114160657, -0.07420686446130276, 0.8688011937774718, -0.6359092653729022, -0.8649696977809072, 0.42611254611983895, d=Gpart:ry=-0.219
c:-0.5782259949482977, -0.7126766489818692, -0.1987953162752092, -0.730633317027241, 0.3863954348489642, 0.8132956232875586, 4.05
",0.0038254813571421005,feasible,20
20,H,2,"//H
3
j:l=0.85
j:-0.5116007747128606, -0.05083730770274997, -0.5086304135620594, 0.7854181453585625, -0.07196220383048058, -0.7353185811080039, fr=0.746
j:-0.9941507587209344, -0.022477813996374607, 0.039545197039842606, -0.2570989113301039, -0.6573189878836274, -0.629706984385848, fr=0.446, rotstif=0.888, l=1.091
j:-0.0927007244899869, 0.0836182739585638, 0.2836976363323629, 0.7399400840513408, -0.4567820900119841, 0.2054236768744886, rotstif=0.888
j:-0.9364502993412316, -0.44636774668470025, 0.1930565545335412, -0.13741389336064458, 0.9782728282734752, -0.22631230810657144, l=0.935
j:-0.4084491073153913, 0.1375527437776327, -0.232456736266613, -0.08054381515830755, 0.1456126905977726, -0.29294101102277637, fr=0.891, rotstif=0.987
j:-0.2998488084413111, 0.6254114145413041, 0.33113276213407516, 0.995564335025847, -0.9029267183504999, 0.3881134516559541, fr=0.084, l=0.854
n:0.3746173554100096, 0.8495929045602679, -0.42349618254229426, 0.6878074184060097, 0.8224938143976033, -0.8642493584193289, d=Gpart:ry=0.084
n:-0.2557256896980107, 0.8433080115355551, -0.031613228376954794, 0.7344297235831618, 0.4673730507493019, -0.703850454185158, d=*
n:0.966449729166925, 0.05102541018277407, 0.7048190329223871, 0.3347112853080034, -0.8434010650962591, -0.29977397294715047, d=|:r=0.933
n:0.40376722114160657, -0.07420686446130276, 0.8688011937774718, -0.6359092653729022, -0.8649696977809072, 0.42611254611983895, d=Gpart:ry=-0.219
c:-0.5782259949482977, -0.7126766489818692, -0.1987953162752092, -0.730633317027241, 0.3863954348489642, 0.8132956232875586, 4.05
",0.0038254813571421005,"//H
3
j:rotstif=0.905, l=0.85
j:-0.5116007747128606, -0.05083730770274997, -0.5086304135620594, 0.7854181453585625, -0.07196220383048058, -0.7353185811080039, fr=0.746
j:-0.9941507587209344, -0.022477813996374607, 0.039545197039842606, -0.2570989113301039, -0.6573189878836274, -0.629706984385848, fr=0.446, rotstif=0.888, l=1.091
j:-0.0927007244899869, 0.0836182739585638, 0.2836976363323629, 0.7399400840513408, -0.4567820900119841, 0.2054236768744886, rotstif=0.888
j:-0.9364502993412316, -0.44636774668470025, 0.1930565545335412, -0.13741389336064458, 0.9782728282734752, -0.22631230810657144, l=0.935
j:-0.4084491073153913, 0.1375527437776327, -0.232456736266613, -0.08054381515830755, 0.1456126905977726, -0.29294101102277637, fr=0.891, rotstif=0.987
j:-0.2998488084413111, 0.6254114145413041, 0.33113276213407516, 0.995564335025847, -0.9029267183504999, 0.3881134516559541, fr=0.084, l=0.854
n:0.3746173554100096, 0.8495929045602679, -0.42349618254229426, 0.6878074184060097, 0.8224938143976033, -0.8642493584193289, d=Gpart:ry=0.084
n:-0.2557256896980107, 0.8433080115355551, -0.031613228376954794, 0.7344297235831618, 0.4673730507493019, -0.703850454185158, d=*
n:0.966449729166925, 0.05102541018277407, 0.7048190329223871, 0.3347112853080034, -0.8434010650962591, -0.29977397294715047, d=|:r=0.933
n:0.40376722114160657, -0.07420686446130276, 0.8688011937774718, -0.6359092653729022, -0.8649696977809072, 0.42611254611983895, d=Gpart:ry=-0.219
c:-0.5782259949482977, -0.7126766489818692, -0.1987953162752092, -0.730633317027241, 0.3863954348489642, 0.8132956232875586, 4.05
",0.0038254813571421005,feasible,20
20,H,3,"//H
3
j:l=0.85
j:-0.5116007747128606, -0.05083730770274997, -0.5086304135620594, 0.7854181453585625, -0.07196220383048058, -0.7353185811080039, fr=0.746
j:-0.9941507587209344, -0.022477813996374607, 0.039545197039842606, -0.2570989113301039, -0.6573189878836274, -0.629706984385848, fr=0.446, l=1.091
j:-0.0927007244899869, 0.0836182739585638, 0.2836976363323629, 0.7399400840513408, -0.4567820900119841, 0.2054236768744886, rotstif=0.888
j:-0.9364502993412316, -0.44636774668470025, 0.1930565545335412, -0.13741389336064458, 0.9782728282734752, -0.22631230810657144, l=0.935
j:-0.4084491073153913, 0.1375527437776327, -0.232456736266613, -0.08054381515830755, 0.1456126905977726, -0.29294101102277637, fr=0.891, rotstif=0.987
j:-0.2998488084413111, 0.6254114145413041, 0.33113276213407516, 0.995564335025847, -0.9029267183504999, 0.3881134516559541, fr=0.084, l=0.854
n:0.3746173554100096, 0.8495929045602679, -0.42349618254229426, 0.6878074184060097, 0.8224938143976033, -0.8642493584193289, d=Gpart:ry=0.084
n:-0.2557256896980107, 0.8433080115355551, -0.031613228376954794, 0.7344297235831618, 0.4673730507493019, -0.703850454185158, d=*
n:0.966449729166925, 0.05102541018277407, 0.7048190329223871, 0.3347112853080034, -0.8434010650962591, -0.29977397294715047, d=|:r=0.933
n:0.40376722114160657, -0.07420686446130276, 0.8688011937774718, -0.6359092653729022, -0.8649696977809072, 0.42611254611983895, d=Gpart:ry=-0.219
c:-0.5782259949482977, -0.7126766489818692, -0.1987953162752092, -0.730633317027241, 0.3863954348489642, 0.8132956232875586, 4.05
c:0.4662415059283376, -0.09503977978602052, 0.12902392400428653, -0.7392043336294591, -0.614163285586983, -0.4058334855362773, 3.692
",0.0038254813571421005,"//H
3
j:l=0.85
j:-0.5116007747128606, -0.05083730770274997, -0.5086304135620594, 0.7854181453585625, -0.07196220383048058, -0.7353185811080039, fr=0.746
j:-0.9941507587209344, -0.022477813996374607, 0.039545197039842606, -0.2570989113301039, -0.6573189878836274, -0.629706984385848, fr=0.446, l=1.091
j:-0.0927007244899869, 0.0836182739585638, 0.2836976363323629, 0.7399400840513408, -0.4567820900119841, 0.2054236768744886, rotstif=0.888
j:-0.9364502993412316, -0.44636774668470025, 0.1930565545335412, -0.13741389336064458, 0.9782728282734752, -0.22631230810657144, l=0.935
j:-0.4084491073153913, 0.1375527437776327, -0.232456736266613, -0.08054381515830755, 0.1456126905977726, -0.29294101102277637, fr=0.891, rotstif=0.987
j:-0.2998488084413111, 0.6254114145413041, 0.33113276213407516, 0.995564335025847, -0.9029267183504999, 0.3881134516559541, fr=0.084, l=0.854
n:0.3746173554100096, 0.8495929045602679, -0.42349618254229426, 0.6878074184060097, 0.8224938143976033, -0.8642493584193289, d=Gpart:ry=0.084
n:-0.2557256896980107, 0.8433080115355551, -0.031613228376954794, 0.7344297235831618, 0.4673730507493019, -0.494, d=*
n:0.966449729166925, 0.05102541018277407, 0.7048190329223871, 0.3347112853080034, -0.8434010650962591, -0.29977397294715047, d=|:r=0.933
n:0.40376722114160657, -0.07420686446130276, 0.8688011937774718, -0.6359092653729022, -0.8649696977809072, 0.42611254611983895, d=Gpart:ry=-0.219
c:-0.5782259949482977, -0.7126766489818692, -0.1987953162752092, -0.730633317027241, 0.3863954348489642, 0.8132956232875586, 4.05
c:0.4662415059283376, -0.09503977978602052, 0.12902392400428653, -0.7392043336294591, -0.614163285586983, -0.4058334855362773, 3.692
",0.0038254813571421005,feasible,20
20,H,3,"//H
3
j:l=0.85
j:-0.5116007747128606, -0.05083730770274997, -0.5086304135620594, 0.7854181453585625, -0.07196220383048058, -0.7353185811080039, fr=0.746
j:-0.9941507587209344, -0.022477813996374607, 0.039545197039842606, -0.2570989113301039, -0.6573189878836274, -0.629706984385848, fr=0.446, l=1.091
j:-0.0927007244899869, 0.0836182739585638, 0.2836976363323629, 0.7399400840513408, -0.4567820900119841, 0.2054236768744886, rotstif=0.888
j:-0.9364502993412316, -0.44636774668470025, 0.1930565545335412, -0.13741389336064458, 0.9782728282734752, -0.22631230810657144, l=0.935
j:-0.4084491073153913, 0.1375527437776327, -0.232456736266613, -0.08054381515830755, 0.1456126905977726, -0.29294101102277637, fr=0.891, rotstif=0.987
j:-0.2998488084413111, 0.6254114145413041, 0.33113276213407516, 0.995564335025847, -0.9029267183504999, 0.3881134516559541, fr=0.084, l=0.854
n:0.3746173554100096, 0.8495929045602679, -0.42349618254229426, 0.6878074184060097, 0.8224938143976033, -0.8642493584193289, d=Gpart:ry=0.084
n:-0.2557256896980107, 0.8433080115355551, -0.031613228376954794, 0.7344297235831618, 0.4673730507493019, -0.703850454185158, d=*
n:0.966449729166925, 0.05102541018277407, 0.7048190329223871, 0.3347112853080034, -0.8434010650962591, -0.29977397294715047, d=|:r=0.933
n:0.40376722114160657, -0.07420686446130276, 0.8688011937774718, -0.6359092653729022, -0.8649696977809072, 0.42611254611983895, d=Gpart:ry=-0.219
c:-0.5782259949482977, -0.7126766489818692, -0.1987953162752092, -0.730633317027241, 0.3863954348489642, 0.8132956232875586, 4.05
c:0.4662415059283376, -0.09503977978602052, 0.12902392400428653, -0.7392043336294591, -0.614163285586983, -0.4058334855362773, 3.692
",0.0038254813571421005,"//H
3
j:l=0.85
j:-0.5116007747128606, -0.05083730770274997, -0.5086304135620594, 0.7854181453585625, -0.07196220383048058, -0.7353185811080039, fr=0.746
j:-0.9941507587209344, -0.022477813996374607, 0.039545197039842606, -0.2570989113301039, -0.6573189878836274, -0.629706984385848, fr=0.446, l=1.091
j:-0.0927007244899869, 0.0836182739585638, 0.2836976363323629, 0.7399400840513408, -0.4567820900119841, 0.2054236768744886, rotstif=0.888
j:-0.9364502993412316, -0.44636774668470025, 0.1930565545335412, -0.13741389336064458, 0.9782728282734752, -0.22631230810657144, l=0.935
j:-0.4084491073153913, 0.1375527437776327, -0.232456736266613, -0.08054381515830755, 0.1456126905977726, -0.29294101102277637, fr=0.891, rotstif=0.987
j:-0.2998488084413111, 0.6254114145413041, 0.33113276213407516, 0.995564335025847, -0.808, 0.3881134516559541, fr=0.084, l=0.854
n:0.3746173554100096, 0.8495929045602679, -0.42349618254229426, 0.6878074184060097, 0.8224938143976033, -0.8642493584193289, d=Gpart:ry=0.084
n:-0.2557256896980107, 0.8433080115355551, -0.031613228376954794, 0.7344297235831618, 0.4673730507493019, -0.703850454185158, d=*
n:0.966449729166925, 0.05102541018277407, 0.7048190329223871, 0.3347112853080034, -0.8434010650962591, -0.29977397294715047, d=|:r=0.933
n:0.40376722114160657, -0.07420686446130276, 0.8688011937774718, -0.6359092653729022, -0.8649696977809072, 0.42611254611983895, d=Gpart:ry=-0.219
c:-0.5782259949482977, -0.7126766489818692, -0.1987953162752092, -0.730633317027241, 0.3863954348489642, 0.8132956232875586, 4.05
c:0.4662415059283376, -0.09503977978602052, 0.12902392400428653, -0.7392043336294591, -0.614163285586983, -0.4058334855362773, 3.692
",0.0038254813571421005,feasible,20
20,H,3,"//H
3
j:l=0.85
j:-0.5116007747128606, -0.05083730770274997, -0.5086304135620594, 0.7854181453585625, -0.07196220383048058, -0.7353185811080039, fr=0.746
j:-0.9941507587209344, -0.022477813996374607, 0.039545197039842606, -0.2570989113301039, -0.6573189878836274, -0.629706984385848, fr=0.446, l=1.091
j:-0.0927007244899869, 0.0836182739585638, 0.2836976363323629, 0.7399400840513408, -0.4567820900119841, 0.2054236768744886, rotstif=0.888
j:-0.9364502993412316, -0.44636774668470025, 0.1930565545335412, -0.13741389336064458, 0.9782728282734752, -0.22631230810657144, l=0.935
j:-0.4084491073153913, 0.1375527437776327, -0.232456736266613, -0.08054381515830755, 0.1456126905977726, -0.29294101102277637, fr=0.891, rotstif=0.987
j:-0.2998488084413111, 0.6254114145413041, 0.33113276213407516, 0.995564335025847, -0.9029267183504999, 0.3881134516559541, fr=0.084, l=0.854
n:0.3746173554100096, 0.8495929045602679, -0.42349618254229426, 0.6878074184060097, 0.8224938143976033, -0.8642493584193289, d=Gpart:ry=0.084
n:-0.2557256896980107, 0.8433080115355551, -0.031613228376954794, 0.7344297235831618, 0.4673730507493019, -0.703850454185158, d=*
n:0.966449729166925, 0.05102541018277407, 0.7048190329223871, 0.3347112853080034, -0.8434010650962591, -0.29977397294715047, d=|:r=0.933
n:0.40376722114160657, -0.07420686446130276, 0.8688011937774718, -0.6359092653729022, -0.8649696977809072, 0.42611254611983895, d=Gpart:ry=-0.219
c:-0.5782259949482977, -0.7126766489818692, -0.1987953162752092, -0.730633317027241, 0.3863954348489642, 0.8132956232875586, 4.05
c:0.4662415059283376, -0.09503977978602052, 0.12902392400428653, -0.7392043336294591, -0.614163285586983, -0.4058334855362773, 3.692
",0.0038254813571421005,"//H
3
j:l=0.85
j:-0.5116007747128606, -0.05083730770274997, -0.5086304135620594, 0.7854181453585625, -0.07196220383048058, -0.7353185811080039, fr=0.746
j:-0.9941507587209344, -0.022477813996374607, 0.039545197039842606, -0.2570989113301039, -0.6573189878836274, -0.629706984385848, fr=0.446, l=1.091
j:-0.0927007244899869, 0.0836182739585638, 0.2836976363323629, 0.7399400840513408, -0.4567820900119841, 0.2054236768744886, rotstif=0.888
j:-0.9364502993412316, -0.44636774668470025, 0.1930565545335412, -0.13741389336064458, 0.9782728282734752, -0.22631230810657144, l=0.935
j:-0.4084491073153913, 0.1375527437776327, -0.232456736266613, 0.086, 0.1456126905977726, -0.29294101102277637, fr=0.891, rotstif=0.987
j:-0.2998488084413111, 0.6254114145413041, 0.33113276213407516, 0.995564335025847, -0.9029267183504999, 0.3881134516559541, fr=0.084, l=0.854
n:0.3746173554100096, 0.8495929045602679, -0.42349618254229426, 0.6878074184060097, 0.8224938143976033, -0.8642493584193289, d=Gpart:ry=0.084
n:-0.2557256896980107, 0.8433080115355551, -0.031613228376954794, 0.7344297235831618, 0.4673730507493019, -0.703850454185158, d=*
n:0.966449729166925, 0.05102541018277407, 0.7048190329223871, 0.3347112853080034, -0.8434010650962591, -0.29977397294715047, d=|:r=0.933
n:0.40376722114160657, -0.07420686446130276, 0.8688011937774718, -0.6359092653729022, -0.8649696977809072, 0.42611254611983895, d=Gpart:ry=-0.219
c:-0.5782259949482977, -0.7126766489818692, -0.1987953162752092, -0.730633317027241, 0.3863954348489642, 0.8132956232875586, 4.05
c:0.4662415059283376, -0.09503977978602052, 0.12902392400428653, -0.7392043336294591, -0.614163285586983, -0.4058334855362773, 3.692
",0.00011895337873542658,feasible,20
20,H,3,"//H
3
j:l=0.85
j:-0.5116007747128606, -0.05083730770274997, -0.5086304135620594, 0.7854181453585625, -0.07196220383048058, -0.7353185811080039, fr=0.746
j:-0.9941507587209344, -0.022477813996374607, 0.039545197039842606, -0.2570989113301039, -0.6573189878836274, -0.629706984385848, fr=0.446, l=1.091
j:-0.0927007244899869, 0.0836182739585638, 0.2836976363323629, 0.7399400840513408, -0.4567820900119841, 0.2054236768744886, rotstif=0.888
j:-0.9364502993412316, -0.44636774668470025, 0.1930565545335412, -0.13741389336064458, 0.9782728282734752, -0.22631230810657144, l=0.935
j:-0.4084491073153913, 0.1375527437776327, -0.232456736266613, -0.08054381515830755, 0.1456126905977726, -0.29294101102277637, fr=0.891, rotstif=0.987
j:-0.2998488084413111, 0.6254114145413041, 0.33113276213407516, 0.995564335025847, -0.9029267183504999, 0.3881134516559541, fr=0.084, l=0.854
n:0.3746173554100096, 0.8495929045602679, -0.42349618254229426, 0.6878074184060097, 0.8224938143976033, -0.8642493584193289, d=Gpart:ry=0.084
n:-0.2557256896980107, 0.8433080115355551, -0.031613228376954794, 0.7344297235831618, 0.4673730507493019, -0.703850454185158, d=*
n:0.966449729166925, 0.05102541018277407, 0.7048190329223871, 0.3347112853080034, -0.8434010650962591, -0.29977397294715047, d=|:r=0.933
n:0.40376722114160657, -0.07420686446130276, 0.8688011937774718, -0.6359092653729022, -0.8649696977809072, 0.42611254611983895, d=Gpart:ry=-0.219
c:-0.5782259949482977, -0.7126766489818692, -0.1987953162752092, -0.730633317027241, 0.3863954348489642, 0.8132956232875586, 4.05
c:0.4662415059283376, -0.09503977978602052, 0.12902392400428653, -0.7392043336294591, -0.614163285586983, -0.4058334855362773, 3.692
",0.0038254813571421005,"//H
3
j:l=0.85
j:-0.5116007747128606, -0.05083730770274997, -0.5086304135620594, 0.7854181453585625, -0.07196220383048058, -0.7353185811080039, fr=0.746
j:-0.9941507587209344, -0.022477813996374607, 0.039545197039842606, -0.2570989113301039, -0.6573189878836274, -0.629706984385848, fr=0.446, l=1.091
j:-0.0927007244899869, 0.0836182739585638, 0.2836976363323629, 0.7399400840513408, -0.4567820900119841, 0.2054236768744886, rotstif=0.888
j:-0.9364502993412316, -0.44636774668470025, 0.1930565545335412, -0.13741389336064458, 0.9782728282734752, -0.22631230810657144, l=0.935
j:-0.4084491073153913, 0.1375527437776327, -0.232456736266613, -0.08054381515830755, 0.1456126905977726, -0.29294101102277637, fr=0.891, rotstif=0.987
j:-0.2998488084413111, 0.6254114145413041, 0.33113276213407516, 0.995564335025847, -0.9029267183504999, 0.3881134516559541, fr=0.084, l=0.854
n:0.3746173554100096, 0.8495929045602679, -0.42349618254229426, 0.6878074184060097, 0.8224938143976033, -0.8642493584193289, d=Gpart:ry=0.084
n:-0.2557256896980107, 0.8433080115355551, -0.031613228376954794, 0.7344297235831618, 0.4673730507493019, -0.703850454185158, d=*
n:0.966449729166925, 0.05102541018277407, 0.7048190329223871, 0.3347112853080034, -0.8434010650962591, -0.29977397294715047, d=|:r=0.933
n:0.40376722114160657, -0.07420686446130276, 0.8688011937774718, -0.6359092653729022, -0.8649696977809072, 0.42611254611983895, d=Gpart:ry=-0.219
n:0.8233609041199088, -0.4644685685634613, -0.6734031401574612, 0.7795470934361219, 0.19118949910625815, 0.9272684277966619, d=|:r=0.91
c:-0.5782259949482977, -0.7126766489818692, -0.1987953162752092, -0.730633317027241, 0.3863954348489642, 0.8132956232875586, 4.05
c:0.4662415059283376, -0.09503977978602052, 0.12902392400428653, -0.7392043336294591, -0.614163285586983, -0.4058334855362773, 3.692
",-999999.0,infeasible,20
20,H,3,"//H
3
j:l=0.85
j:-0.5116007747128606, -0.05083730770274997, -0.5086304135620594, 0.7854181453585625, -0.07196220383048058, -0.7353185811080039, fr=0.746
j:-0.9941507587209344, -0.022477813996374607, 0.039545197039842606, -0.2570989113301039, -0.6573189878836274, -0.629706984385848, fr=0.446, l=1.091
j:-0.0927007244899869, 0.0836182739585638, 0.2836976363323629, 0.7399400840513408, -0.4567820900119841, 0.2054236768744886, rotstif=0.888
j:-0.9364502993412316, -0.44636774668470025, 0.1930565545335412, -0.13741389336064458, 0.9782728282734752, -0.22631230810657144, l=0.935
j:-0.4084491073153913, 0.1375527437776327, -0.232456736266613, -0.08054381515830755, 0.1456126905977726, -0.29294101102277637, fr=0.891, rotstif=0.987
j:-0.2998488084413111, 0.6254114145413041, 0.33113276213407516, 0.995564335025847, -0.9029267183504999, 0.3881134516559541, fr=0.084, l=0.854
n:0.3746173554100096, 0.8495929045602679, -0.42349618254229426, 0.6878074184060097, 0.8224938143976033, -0.8642493584193289, d=Gpart:ry=0.084
n:-0.2557256896980107, 0.8433080115355551, -0.031613228376954794, 0.7344297235831618, 0.4673730507493019, -0.703850454185158, d=*
n:0.966449729166925, 0.05102541018277407, 0.7048190329223871, 0.3347112853080034, -0.8434010650962591, -0.29977397294715047, d=|:r=0.933
n:0.40376722114160657, -0.07420686446130276, 0.8688011937774718, -0.6359092653729022, -0.8649696977809072, 0.42611254611983895, d=Gpart:ry=-0.219
c:-0.5782259949482977, -0.7126766489818692, -0.1987953162752092, -0.730633317027241, 0.3863954348489642, 0.8132956232875586, 4.05
c:0.4662415059283376, -0.09503977978602052, 0.12902392400428653, -0.7392043336294591, -0.614163285586983, -0.4058334855362773, 3.692
",0.0038254813571421005,"//H
3
j:l=0.85
j:-0.5116007747128606, -0.05083730770274997, -0.5086304135620594, 0.7854181453585625, -0.07196220383048058, -0.7353185811080039, fr=0.746
j:-0.9941507587209344, -0.022477813996374607, 0.039545197039842606, -0.2570989113301039, -0.6573189878836274, -0.629706984385848, fr=0.446, l=1.091
j:-0.0927007244899869, 0.0836182739585638, 0.2836976363323629, 0.7399400840513408, -0.4567820900119841, 0.2054236768744886, rotstif=0.888
j:-0.9364502993412316, -0.44636774668470025, 0.1930565545335412, -0.13741389336064458, 0.9782728282734752, -0.22631230810657144, l=0.935
j:-0.4084491073153913, 0.1375527437776327, -0.232456736266613, -0.08054381515830755, 0.1456126905977726, -0.29294101102277637, fr=0.891, rotstif=0.987
j:-0.2998488084413111, 0.6254114145413041, 0.33113276213407516, 0.995564335025847, -0.9029267183504999, 0.3881134516559541, fr=0.084, l=0.854
n:0.393, 0.8495929045602679, -0.42349618254229426, 0.6878074184060097, 0.8224938143976033, -0.8642493584193289, d=Gpart:ry=0.084
n:-0.2557256896980107, 0.8433080115355551, -0.031613228376954794, 0.7344297235831618, 0.4673730507493019, -0.703850454185158, d=*
n:0.966449729166925, 0.05102541018277407, 0.7048190329223871, 0.3347112853080034, -0.8434010650962591, -0.29977397294715047, d=|:r=0.933
n:0.40376722114160657, -0.07420686446130276, 0.8688011937774718, -0.6359092653729022, -0.8649696977809072, 0.42611254611983895, d=Gpart:ry=-0.219
c:-0.5782259949482977, -0.7126766489818692, -0.1987953162752092, -0.730633317027241, 0.3863954348489642, 0.8132956232875586, 4.05
c:0.4662415059283376, -0.09503977978602052, 0.12902392400428653, -0.7392043336294591, -0.614163285586983, -0.4058334855362773, 3.692
",0.0038254813571421005,feasible,20
20,H,3,"//H
3
j:l=0.85
j:-0.5116007747128606, -0.05083730770274997, -0.5086304135620594, 0.7854181453585625, -0.07196220383048058, -0.7353185811080039, fr=0.746
j:-0.9941507587209344, -0.022477813996374607, 0.039545197039842606, -0.2570989113301039, -0.6573189878836274, -0.629706984385848, fr=0.446, l=1.091
j:-0.0927007244899869, 0.0836182739585638, 0.2836976363323629, 0.7399400840513408, -0.4567820900119841, 0.2054236768744886, rotstif=0.888
j:-0.9364502993412316, -0.44636774668470025, 0.1930565545335412, -0.13741389336064458, 0.9782728282734752, -0.22631230810657144, l=0.935
j:-0.4084491073153913, 0.1375527437776327, -0.232456736266613, -0.08054381515830755, 0.1456126905977726, -0.29294101102277637, fr=0.891, rotstif=0.987
j:-0.2998488084413111, 0.6254114145413041, 0.33113276213407516, 0.995564335025847, -0.9029267183504999, 0.3881134516559541, fr=0.084, l=0.854
n:0.3746173554100096, 0.8495929045602679, -0.42349618254229426, 0.6878074184060097, 0.8224938143976033, -0.8642493584193289, d=Gpart:ry=0.084
n:-0.2557256896980107, 0.8433080115355551, -0.031613228376954794, 0.7344297235831618, 0.4673730507493019, -0.703850454185158, d=*
n:0.966449729166925, 0.05102541018277407, 0.7048190329223871, 0.3347112853080034, -0.8434010650962591, -0.29977397294715047, d=|:r=0.933
n:0.40376722114160657, -0.07420686446130276, 0.8688011937774718, -0.6359092653729022, -0.8649696977809072, 0.42611254611983895, d=Gpart:ry=-0.219
c:-0.5782259949482977, -0.7126766489818692, -0.1987953162752092, -0.730633317027241, 0.3863954348489642, 0.8132956232875586, 4.05
c:0.4662415059283376, -0.09503977978602052, 0.12902392400428653, -0.7392043336294591, -0.614163285586983, -0.4058334855362773, 3.692
",0.0038254813571421005,"//H
3
j:l=0.85
j:-0.5116007747128606, -0.05083730770274997, -0.5086304135620594, 0.7854181453585625, -0.07196220383048058, -0.7353185811080039, fr=0.746, l=0.949
j:-0.9941507587209344, -0.022477813996374607, 0.039545197039842606, -0.2570989113301039, -0.6573189878836274, -0.629706984385848, fr=0.446, l=1.091
j:-0.0927007244899869, 0.0836182739585638, 0.2836976363323629, 0.7399400840513408, -0.4567820900119841, 0.2054236768744886, rotstif=0.888
j:-0.9364502993412316, -0.44636774668470025, 0.1930565545335412, -0.13741389336064458, 0.9782728282734752, -0.22631230810657144, l=0.935
j:-0.4084491073153913, 0.1375527437776327, -0.232456736266613, -0.08054381515830755, 0.1456126905977726, -0.29294101102277637, fr=0.891, rotstif=0.987
j:-0.2998488084413111, 0.6254114145413041, 0.33113276213407516, 0.995564335025847, -0.9029267183504999, 0.3881134516559541, fr=0.084, l=0.854
n:0.3746173554100096, 0.8495929045602679, -0.42349618254229426, 0.6878074184060097, 0.8224938143976033, -0.8642493584193289, d=Gpart:ry=0.084
n:-0.2557256896980107, 0.8433080115355551, -0.031613228376954794, 0.7344297235831618, 0.4673730507493019, -0.703850454185158, d=*
n:0.966449729166925, 0.05102541018277407, 0.7048190329223871, 0.3347112853080034, -0.8434010650962591, -0.29977397294715047, d=|:r=0.933
n:0.40376722114160657, -0.07420686446130276, 0.8688011937774718, -0.6359092653729022, -0.8649696977809072, 0.42611254611983895, d=Gpart:ry=-0.219
c:-0.5782259949482977, -0.7126766489818692, -0.1987953162752092, -0.730633317027241, 0.3863954348489642, 0.8132956232875586, 4.05
c:0.4662415059283376, -0.09503977978602052, 0.12902392400428653, -0.7392043336294591, -0.614163285586983, -0.4058334855362773, 3.692
",0.003941707756737572,feasible,20
20,H,3,"//H
3
j:l=0.85
j:-0.5116007747128606, -0.05083730770274997, -0.5086304135620594, 0.7854181453585625, -0.07196220383048058, -0.7353185811080039, fr=0.746
j:-0.9941507587209344, -0.022477813996374607, 0.039545197039842606, -0.2570989113301039, -0.6573189878836274, -0.629706984385848, fr=0.446, l=1.091
j:-0.0927007244899869, 0.0836182739585638, 0.2836976363323629, 0.7399400840513408, -0.4567820900119841, 0.2054236768744886, rotstif=0.888
j:-0.9364502993412316, -0.44636774668470025, 0.1930565545335412, -0.13741389336064458, 0.9782728282734752, -0.22631230810657144, l=0.935
j:-0.4084491073153913, 0.1375527437776327, -0.232456736266613, -0.08054381515830755, 0.1456126905977726, -0.29294101102277637, fr=0.891, rotstif=0.987
j:-0.2998488084413111, 0.6254114145413041, 0.33113276213407516, 0.995564335025847, -0.9029267183504999, 0.3881134516559541, fr=0.084, l=0.854
n:0.3746173554100096, 0.8495929045602679, -0.42349618254229426, 0.6878074184060097, 0.8224938143976033, -0.8642493584193289, d=Gpart:ry=0.084
n:-0.2557256896980107, 0.8433080115355551, -0.031613228376954794, 0.7344297235831618, 0.4673730507493019, -0.703850454185158, d=*
n:0.966449729166925, 0.05102541018277407, 0.7048190329223871, 0.3347112853080034, -0.8434010650962591, -0.29977397294715047, d=|:r=0.933
n:0.40376722114160657, -0.07420686446130276, 0.8688011937774718, -0.6359092653729022, -0.8649696977809072, 0.42611254611983895, d=Gpart:ry=-0.219
c:-0.5782259949482977, -0.7126766489818692, -0.1987953162752092, -0.730633317027241, 0.3863954348489642, 0.8132956232875586, 4.05
c:0.4662415059283376, -0.09503977978602052, 0.12902392400428653, -0.7392043336294591, -0.614163285586983, -0.4058334855362773, 3.692
",0.0038254813571421005,"//H
3
j:l=0.85
j:-0.5116007747128606, -0.05083730770274997, -0.5086304135620594, 0.7854181453585625, -0.07196220383048058, -0.7353185811080039, fr=0.746
j:-0.9941507587209344, -0.022477813996374607, 0.039545197039842606, -0.2570989113301039, -0.6573189878836274, -0.629706984385848, fr=0.446, l=1.091
j:-0.0927007244899869, 0.0836182739585638, 0.2836976363323629, 0.7399400840513408, -0.4567820900119841, 0.2054236768744886, rotstif=0.888
j:-0.9364502993412316, -0.44636774668470025, 0.1930565545335412, -0.13741389336064458, 0.9782728282734752, -0.22631230810657144, l=0.935
j:-0.4084491073153913, 0.1375527437776327, -0.232456736266613, -0.08054381515830755, 0.1456126905977726, -0.29294101102277637, fr=0.891, rotstif=0.987
j:-0.2998488084413111, 0.6254114145413041, 0.33113276213407516, 0.995564335025847, -0.9029267183504999, 0.3881134516559541, fr=0.084, l=0.854
j:-0.92049295688048, 0.3559475848451257, -0.802420417778194, -0.177017817273736, -0.6707287789322436, 0.8120112544856966, fr=0.916
n:0.3746173554100096, 0.8495929045602679, -0.42349618254229426, 0.6878074184060097, 0.8224938143976033, -0.8642493584193289, d=Gpart:ry=0.084
n:-0.2557256896980107, 0.8433080115355551, -0.031613228376954794, 0.7344297235831618, 0.4673730507493019, -0.703850454185158, d=*
n:0.966449729166925, 0.05102541018277407, 0.7048190329223871, 0.3347112853080034, -0.8434010650962591, -0.29977397294715047, d=|:r=0.933
n:0.40376722114160657, -0.07420686446130276, 0.8688011937774718, -0.6359092653729022, -0.8649696977809072, 0.42611254611983895, d=Gpart:ry=-0.219
c:-0.5782259949482977, -0.7126766489818692, -0.1987953162752092, -0.730633317027241, 0.3863954348489642, 0.8132956232875586, 4.05
c:0.4662415059283376, -0.09503977978602052, 0.12902392400428653, -0.7392043336294591, -0.614163285586983, -0.4058334855362773, 3.692
",0.00030818746901538477,feasible,20
20,H,3,"//H
3
j:l=0.85
j:-0.5116007747128606, -0.05083730770274997, -0.5086304135620594, 0.7854181453585625, -0.07196220383048058, -0.7353185811080039, fr=0.746
j:-0.9941507587209344, -0.022477813996374607, 0.039545197039842606, -0.2570989113301039, -0.6573189878836274, -0.629706984385848, fr=0.446, l=1.091
j:-0.0927007244899869, 0.0836182739585638, 0.2836976363323629, 0.7399400840513408, -0.4567820900119841, 0.2054236768744886, rotstif=0.888
j:-0.9364502993412316, -0.44636774668470025, 0.1930565545335412, -0.13741389336064458, 0.9782728282734752, -0.22631230810657144, l=0.935
j:-0.4084491073153913, 0.1375527437776327, -0.232456736266613, -0.08054381515830755, 0.1456126905977726, -0.29294101102277637, fr=0.891, rotstif=0.987
j:-0.2998488084413111, 0.6254114145413041, 0.33113276213407516, 0.995564335025847, -0.9029267183504999, 0.3881134516559541, fr=0.084, l=0.854
n:0.3746173554100096, 0.8495929045602679, -0.42349618254229426, 0.6878074184060097, 0.8224938143976033, -0.8642493584193289, d=Gpart:ry=0.084
n:-0.2557256896980107, 0.8433080115355551, -0.031613228376954794, 0.7344297235831618, 0.4673730507493019, -0.703850454185158, d=*
n:0.966449729166925, 0.05102541018277407, 0.7048190329223871, 0.3347112853080034, -0.8434010650962591, -0.29977397294715047, d=|:r=0.933
n:0.40376722114160657, -0.07420686446130276, 0.8688011937774718, -0.6359092653729022, -0.8649696977809072, 0.42611254611983895, d=Gpart:ry=-0.219
c:-0.5782259949482977, -0.7126766489818692, -0.1987953162752092, -0.730633317027241, 0.3863954348489642, 0.8132956232875586, 4.05
c:0.4662415059283376, -0.09503977978602052, 0.12902392400428653, -0.7392043336294591, -0.614163285586983, -0.4058334855362773, 3.692
",0.0038254813571421005,"//H
3
j:l=0.85
j:-0.5116007747128606, -0.05083730770274997, -0.5086304135620594, 0.7854181453585625, -0.07196220383048058, -0.7353185811080039, fr=0.746
j:-0.9941507587209344, -0.022477813996374607, 0.039545197039842606, -0.2570989113301039, -0.6573189878836274, -0.629706984385848, fr=0.446, l=1.091
j:-0.0927007244899869, 0.0836182739585638, 0.2836976363323629, 0.7399400840513408, -0.4567820900119841, 0.2054236768744886, rotstif=0.888
j:-0.9364502993412316, -0.44636774668470025, 0.1930565545335412, -0.13741389336064458, 0.9782728282734752, -0.22631230810657144, l=0.935
j:-0.4084491073153913, 0.1375527437776327, -0.232456736266613, -0.08054381515830755, 0.1456126905977726, -0.29294101102277637, fr=0.891, rotstif=0.987
j:-0.2998488084413111, 0.6254114145413041, 0.33113276213407516, 0.995564335025847, -0.9029267183504999, 0.3881134516559541, fr=0.084, l=0.854
n:0.3746173554100096, 0.8495929045602679, -0.42349618254229426, 0.6878074184060097, 0.8224938143976033, -0.8642493584193289, d=Gpart:ry=0.084
n:-0.2557256896980107, 0.8433080115355551, -0.031613228376954794, 0.7344297235831618, 0.4673730507493019, -0.703850454185158, d=*
n:0.966449729166925, 0.05102541018277407, 0.7048190329223871, 0.3347112853080034, -0.8434010650962591, -0.29977397294715047, d=|:r=0.933
n:0.40376722114160657, -0.07420686446130276, 0.8688011937774718, -0.6359092653729022, -0.8649696977809072, 0.42611254611983895, d=Gpart:ry=-0.219
n:-0.7143927528522909, 0.7087882813066244, 0.3873124155215919, 0.6598792178556323, 0.43585704918950796, 0.6826156484894454, d=T:ry=0.607
c:-0.5782259949482977, -0.7126766489818692, -0.1987953162752092, -0.730633317027241, 0.3863954348489642, 0.8132956232875586, 4.05
c:0.4662415059283376, -0.09503977978602052, 0.12902392400428653, -0.7392043336294591, -0.614163285586983, -0.4058334855362773, 3.692
",0.0038254813571421005,feasible,20
20,H,3,"//H
3
j:l=0.85
j:-0.5116007747128606, -0.05083730770274997, -0.5086304135620594, 0.7854181453585625, -0.07196220383048058, -0.7353185811080039, fr=0.746
j:-0.9941507587209344, -0.022477813996374607, 0.039545197039842606, -0.2570989113301039, -0.6573189878836274, -0.629706984385848, fr=0.446, l=1.091
j:-0.0927007244899869, 0.0836182739585638, 0.2836976363323629, 0.7399400840513408, -0.4567820900119841, 0.2054236768744886, rotstif=0.888
j:-0.9364502993412316, -0.44636774668470025, 0.1930565545335412, -0.13741389336064458, 0.9782728282734752, -0.22631230810657144, l=0.935
j:-0.4084491073153913, 0.1375527437776327, -0.232456736266613, -0.08054381515830755, 0.1456126905977726, -0.29294101102277637, fr=0.891, rotstif=0.987
j:-0.2998488084413111, 0.6254114145413041, 0.33113276213407516, 0.995564335025847, -0.9029267183504999, 0.3881134516559541, fr=0.084, l=0.854
n:0.3746173554100096, 0.8495929045602679, -0.42349618254229426, 0.6878074184060097, 0.8224938143976033, -0.8642493584193289, d=Gpart:ry=0.084
n:-0.2557256896980107, 0.8433080115355551, -0.031613228376954794, 0.7344297235831618, 0.4673730507493019, -0.703850454185158, d=*
n:0.966449729166925, 0.05102541018277407, 0.7048190329223871, 0.3347112853080034, -0.8434010650962591, -0.29977397294715047, d=|:r=0.933
n:0.40376722114160657, -0.07420686446130276, 0.8688011937774718, -0.6359092653729022, -0.8649696977809072, 0.42611254611983895, d=Gpart:ry=-0.219
c:-0.5782259949482977, -0.7126766489818692, -0.1987953162752092, -0.730633317027241, 0.3863954348489642, 0.8132956232875586, 4.05
c:0.4662415059283376, -0.09503977978602052, 0.12902392400428653, -0.7392043336294591, -0.614163285586983, -0.4058334855362773, 3.692
",0.0038254813571421005,"//H
3
j:l=0.85
j:-0.5116007747128606, -0.05083730770274997, -0.5086304135620594, 0.7854181453585625, -0.07196220383048058, -0.7353185811080039, fr=0.746
j:-0.9941507587209344, -0.022477813996374607, 0.039545197039842606, -0.2570989113301039, -0.6573189878836274, -0.629706984385848, fr=0.446, l=1.091
j:-0.0927007244899869, 0.0836182739585638, 0.2836976363323629, 0.7399400840513408, -0.4567820900119841, 0.2054236768744886, rotstif=0.888
j:-0.9364502993412316, -0.44636774668470025, 0.1930565545335412, -0.13741389336064458, 0.9782728282734752, -0.22631230810657144, l=0.935
j:-0.4084491073153913, 0.1375527437776327, -0.232456736266613, -0.08054381515830755, 0.1456126905977726, -0.29294101102277637, fr=0.891, rotstif=0.987
j:-0.2998488084413111, 0.6254114145413041, 0.33113276213407516, 0.995564335025847, -0.9029267183504999, 0.3881134516559541, fr=0.084, l=0.854
j:-0.9905320117250085, 0.8083582874387503, -0.35840557841584086, 0.7114115497097373, 0.5211283382959664, -0.5234284969046712, rotstif=0.889
n:0.3746173554100096, 0.8495929045602679, -0.42349618254229426, 0.6878074184060097, 0.8224938143976033, -0.8642493584193289, d=Gpart:ry=0.084
n:-0.2557256896980107, 0.8433080115355551, -0.031613228376954794, 0.7344297235831618, 0.4673730507493019, -0.703850454185158, d=*
n:0.966449729166925, 0.05102541018277407, 0.7048190329223871, 0.3347112853080034, -0.8434010650962591, -0.29977397294715047, d=|:r=0.933
n:0.40376722114160657, -0.07420686446130276, 0.8688011937774718, -0.6359092653729022, -0.8649696977809072, 0.42611254611983895, d=Gpart:ry=-0.219
c:-0.5782259949482977, -0.7126766489818692, -0.1987953162752092, -0.730633317027241, 0.3863954348489642, 0.8132956232875586, 4.05
c:0.4662415059283376, -0.09503977978602052, 0.12902392400428653, -0.7392043336294591, -0.614163285586983, -0.4058334855362773, 3.692
",0.00022931678642404757,feasible,20
20,H,3,"//H
3
j:l=0.85
j:-0.5116007747128606, -0.05083730770274997, -0.5086304135620594, 0.7854181453585625, -0.07196220383048058, -0.7353185811080039, fr=0.746
j:-0.9941507587209344, -0.022477813996374607, 0.039545197039842606, -0.2570989113301039, -0.6573189878836274, -0.629706984385848, fr=0.446, l=1.091
j:-0.0927007244899869, 0.0836182739585638, 0.2836976363323629, 0.7399400840513408, -0.4567820900119841, 0.2054236768744886, rotstif=0.888
j:-0.9364502993412316, -0.44636774668470025, 0.1930565545335412, -0.13741389336064458, 0.9782728282734752, -0.22631230810657144, l=0.935
j:-0.4084491073153913, 0.1375527437776327, -0.232456736266613, -0.08054381515830755, 0.1456126905977726, -0.29294101102277637, fr=0.891, rotstif=0.987
j:-0.2998488084413111, 0.6254114145413041, 0.33113276213407516, 0.995564335025847, -0.9029267183504999, 0.3881134516559541, fr=0.084, l=0.854
n:0.3746173554100096, 0.8495929045602679, -0.42349618254229426, 0.6878074184060097, 0.8224938143976033, -0.8642493584193289, d=Gpart:ry=0.084
n:-0.2557256896980107, 0.8433080115355551, -0.031613228376954794, 0.7344297235831618, 0.4673730507493019, -0.703850454185158, d=*
n:0.966449729166925, 0.05102541018277407, 0.7048190329223871, 0.3347112853080034, -0.8434010650962591, -0.29977397294715047, d=|:r=0.933
n:0.40376722114160657, -0.07420686446130276, 0.8688011937774718, -0.6359092653729022, -0.8649696977809072, 0.42611254611983895, d=Gpart:ry=-0.219
c:-0.5782259949482977, -0.7126766489818692, -0.1987953162752092, -0.730633317027241, 0.3863954348489642, 0.8132956232875586, 4.05
c:0.4662415059283376, -0.09503977978602052, 0.12902392400428653, -0.7392043336294591, -0.614163285586983, -0.4058334855362773, 3.692
",0.0038254813571421005,"//H
3
j:l=0.85
j:-0.5116007747128606, -0.05083730770274997, -0.5086304135620594, 0.7854181453585625, -0.07196220383048058, -0.7353185811080039, fr=0.746
j:-0.9941507587209344, -0.022477813996374607, 0.039545197039842606, -0.2570989113301039, -0.6573189878836274, -0.629706984385848, fr=0.567, l=1.091
j:-0.0927007244899869, 0.0836182739585638, 0.2836976363323629, 0.7399400840513408, -0.4567820900119841, 0.2054236768744886, rotstif=0.888
j:-0.9364502993412316, -0.44636774668470025, 0.1930565545335412, -0.13741389336064458, 0.9782728282734752, -0.22631230810657144, l=0.935
j:-0.4084491073153913, 0.1375527437776327, -0.232456736266613, -0.08054381515830755, 0.1456126905977726, -0.29294101102277637, fr=0.891, rotstif=0.987
j:-0.2998488084413111, 0.6254114145413041, 0.33113276213407516, 0.995564335025847, -0.9029267183504999, 0.3881134516559541, fr=0.084, l=0.854
n:0.3746173554100096, 0.8495929045602679, -0.42349618254229426, 0.6878074184060097, 0.8224938143976033, -0.8642493584193289, d=Gpart:ry=0.084
n:-0.2557256896980107, 0.8433080115355551, -0.031613228376954794, 0.7344297235831618, 0.4673730507493019, -0.703850454185158, d=*
n:0.966449729166925, 0.05102541018277407, 0.7048190329223871, 0.3347112853080034, -0.8434010650962591, -0.29977397294715047, d=|:r=0.933
n:0.40376722114160657, -0.07420686446130276, 0.8688011937774718, -0.6359092653729022, -0.8649696977809072, 0.42611254611983895, d=Gpart:ry=-0.219
c:-0.5782259949482977, -0.7126766489818692, -0.1987953162752092, -0.730633317027241, 0.3863954348489642, 0.8132956232875586, 4.05
c:0.4662415059283376, -0.09503977978602052, 0.12902392400428653, -0.7392043336294591, -0.614163285586983, -0.4058334855362773, 3.692
",0.003608369349557651,feasible,20
20,H,3,"//H
3
j:l=0.85
j:-0.5116007747128606, -0.05083730770274997, -0.5086304135620594, 0.7854181453585625, -0.07196220383048058, -0.7353185811080039, fr=0.746
j:-0.9941507587209344, -0.022477813996374607, 0.039545197039842606, -0.2570989113301039, -0.6573189878836274, -0.629706984385848, fr=0.446, l=1.091
j:-0.0927007244899869, 0.0836182739585638, 0.2836976363323629, 0.7399400840513408, -0.4567820900119841, 0.2054236768744886, rotstif=0.888
j:-0.9364502993412316, -0.44636774668470025, 0.1930565545335412, -0.13741389336064458, 0.9782728282734752, -0.22631230810657144, l=0.935
j:-0.4084491073153913, 0.1375527437776327, -0.232456736266613, -0.08054381515830755, 0.1456126905977726, -0.29294101102277637, fr=0.891, rotstif=0.987
j:-0.2998488084413111, 0.6254114145413041, 0.33113276213407516, 0.995564335025847, -0.9029267183504999, 0.3881134516559541, fr=0.084, l=0.854
n:0.3746173554100096, 0.8495929045602679, -0.42349618254229426, 0.6878074184060097, 0.8224938143976033, -0.8642493584193289, d=Gpart:ry=0.084
n:-0.2557256896980107, 0.8433080115355551, -0.031613228376954794, 0.7344297235831618, 0.4673730507493019, -0.703850454185158, d=*
n:0.966449729166925, 0.05102541018277407, 0.7048190329223871, 0.3347112853080034, -0.8434010650962591, -0.29977397294715047, d=|:r=0.933
n:0.40376722114160657, -0.07420686446130276, 0.8688011937774718, -0.6359092653729022, -0.8649696977809072, 0.42611254611983895, d=Gpart:ry=-0.219
c:-0.5782259949482977, -0.7126766489818692, -0.1987953162752092, -0.730633317027241, 0.3863954348489642, 0.8132956232875586, 4.05
c:0.4662415059283376, -0.09503977978602052, 0.12902392400428653, -0.7392043336294591, -0.614163285586983, -0.4058334855362773, 3.692
",0.0038254813571421005,"//H
3
j:l=0.85
j:-0.5116007747128606, -0.05083730770274997, -0.5086304135620594, 0.7854181453585625, -0.07196220383048058, -0.7353185811080039, fr=0.746
j:-0.9941507587209344, -0.022477813996374607, 0.039545197039842606, -0.2570989113301039, -0.6573189878836274, -0.629706984385848, fr=0.446, l=1.091
j:-0.0927007244899869, 0.0836182739585638, 0.2836976363323629, 0.7399400840513408, -0.4567820900119841, 0.2054236768744886, rotstif=0.888
j:-0.9364502993412316, -0.44636774668470025, 0.1930565545335412, -0.13741389336064458, 0.9782728282734752, -0.22631230810657144, l=0.935
j:-0.4084491073153913, 0.1375527437776327, -0.232456736266613, -0.08054381515830755, 0.1456126905977726, -0.29294101102277637, fr=0.891, rotstif=0.987
j:-0.2998488084413111, 0.6254114145413041, 0.33113276213407516, 0.995564335025847, -0.9029267183504999, 0.3881134516559541, fr=0.084, l=0.854
n:0.3746173554100096, 0.8495929045602679, -0.42349618254229426, 0.6878074184060097, 0.8224938143976033, -0.8642493584193289, d=Gpart:ry=0.084
n:-0.2557256896980107, 0.8433080115355551, -0.031613228376954794, 0.7344297235831618, 0.4673730507493019, -0.703850454185158, d=*
n:0.966449729166925, 0.05102541018277407, 0.7048190329223871, 0.3347112853080034, -0.8434010650962591, -0.29977397294715047, d=|:r=0.933
n:0.40376722114160657, -0.07420686446130276, 0.8688011937774718, -0.6359092653729022, -0.8649696977809072, 0.42611254611983895, d=Gpart:ry=-0.219
c:-0.5782259949482977, -0.7126766489818692, -0.1987953162752092, -0.730633317027241, 0.3863954348489642, 0.8132956232875586, 4.05
c:0.4662415059283376, -0.09503977978602052, 0.12902392400428653, -0.7392043336294591, -0.614163285586983, -0.4058334855362773, 3.692
c:0.9793895347975194, -0.07552298298105597, 0.6747075766324997, -0.5692662098444998, 0.715471182949841, -0.44121114164590836, -3.482
",0.0038254813571421005,feasible,20
20,H,3,"//H
3
j:l=0.85
j:-0.5116007747128606, -0.05083730770274997, -0.5086304135620594, 0.7854181453585625, -0.07196220383048058, -0.7353185811080039, fr=0.746
j:-0.9941507587209344, -0.022477813996374607, 0.039545197039842606, -0.2570989113301039, -0.6573189878836274, -0.629706984385848, fr=0.446, l=1.091
j:-0.0927007244899869, 0.0836182739585638, 0.2836976363323629, 0.7399400840513408, -0.4567820900119841, 0.2054236768744886, rotstif=0.888
j:-0.9364502993412316, -0.44636774668470025, 0.1930565545335412, -0.13741389336064458, 0.9782728282734752, -0.22631230810657144, l=0.935
j:-0.4084491073153913, 0.1375527437776327, -0.232456736266613, -0.08054381515830755, 0.1456126905977726, -0.29294101102277637, fr=0.891, rotstif=0.987
j:-0.2998488084413111, 0.6254114145413041, 0.33113276213407516, 0.995564335025847, -0.9029267183504999, 0.3881134516559541, fr=0.084, l=0.854
n:0.3746173554100096, 0.8495929045602679, -0.42349618254229426, 0.6878074184060097, 0.8224938143976033, -0.8642493584193289, d=Gpart:ry=0.084
n:-0.2557256896980107, 0.8433080115355551, -0.031613228376954794, 0.7344297235831618, 0.4673730507493019, -0.703850454185158, d=*
n:0.966449729166925, 0.05102541018277407, 0.7048190329223871, 0.3347112853080034, -0.8434010650962591, -0.29977397294715047, d=|:r=0.933
n:0.40376722114160657, -0.07420686446130276, 0.8688011937774718, -0.6359092653729022, -0.8649696977809072, 0.42611254611983895, d=Gpart:ry=-0.219
c:-0.5782259949482977, -0.7126766489818692, -0.1987953162752092, -0.730633317027241, 0.3863954348489642, 0.8132956232875586, 4.05
c:0.4662415059283376, -0.09503977978602052, 0.12902392400428653, -0.7392043336294591, -0.614163285586983, -0.4058334855362773, 3.692
",0.0038254813571421005,"//H
3
j:l=0.85
j:-0.5116007747128606, -0.05083730770274997, -0.5086304135620594, 0.7854181453585625, -0.07196220383048058, -0.7353185811080039, fr=0.746
j:-0.9941507587209344, -0.022477813996374607, 0.039545197039842606, -0.2570989113301039, -0.6573189878836274, -0.629706984385848, fr=0.446, l=1.091
j:-0.0927007244899869, 0.0836182739585638, 0.2836976363323629, 0.7399400840513408, -0.4567820900119841, 0.2054236768744886, rotstif=0.888
j:-0.9364502993412316, -0.44636774668470025, 0.1930565545335412, -0.13741389336064458, 0.9782728282734752, -0.22631230810657144, l=0.935
j:-0.4084491073153913, 0.1375527437776327, -0.232456736266613, -0.08054381515830755, 0.1456126905977726, -0.29294101102277637, fr=0.891, rotstif=0.987
j:-0.2998488084413111, 0.6254114145413041, 0.33113276213407516, 0.995564335025847, -0.9029267183504999, 0.3881134516559541, fr=0.084, l=0.854
n:0.3746173554100096, 0.8495929045602679, -0.42349618254229426, 0.6878074184060097, 0.8224938143976033, -0.8642493584193289, d=Gpart:ry=0.084
n:-0.2557256896980107, 0.8433080115355551, -0.031613228376954794, 0.7344297235831618, 0.4673730507493019, -0.703850454185158, d=*
n:0.966449729166925, 0.05102541018277407, 0.7048190329223871, 0.3347112853080034, -0.8434010650962591, -0.29977397294715047, d=|:r=0.933
n:0.40376722114160657, -0.141, 0.8688011937774718, -0.6359092653729022, -0.8649696977809072, 0.42611254611983895, d=Gpart:ry=-0.219
c:-0.5782259949482977, -0.7126766489818692, -0.1987953162752092, -0.730633317027241, 0.3863954348489642, 0.8132956232875586, 4.05
c:0.4662415059283376, -0.09503977978602052, 0.12902392400428653, -0.7392043336294591, -0.614163285586983, -0.4058334855362773, 3.692
",0.0038254813571421005,feasible,20
20,H,3,"//H
3
j:l=0.85
j:-0.5116007747128606, -0.05083730770274997, -0.5086304135620594, 0.7854181453585625, -0.07196220383048058, -0.7353185811080039, fr=0.746
j:-0.9941507587209344, -0.022477813996374607, 0.039545197039842606, -0.2570989113301039, -0.6573189878836274, -0.629706984385848, fr=0.446, l=1.091
j:-0.0927007244899869, 0.0836182739585638, 0.2836976363323629, 0.7399400840513408, -0.4567820900119841, 0.2054236768744886, rotstif=0.888
j:-0.9364502993412316, -0.44636774668470025, 0.1930565545335412, -0.13741389336064458, 0.9782728282734752, -0.22631230810657144, l=0.935
j:-0.4084491073153913, 0.1375527437776327, -0.232456736266613, -0.08054381515830755, 0.1456126905977726, -0.29294101102277637, fr=0.891, rotstif=0.987
j:-0.2998488084413111, 0.6254114145413041, 0.33113276213407516, 0.995564335025847, -0.9029267183504999, 0.3881134516559541, fr=0.084, l=0.854
n:0.3746173554100096, 0.8495929045602679, -0.42349618254229426, 0.6878074184060097, 0.8224938143976033, -0.8642493584193289, d=Gpart:ry=0.084
n:-0.2557256896980107, 0.8433080115355551, -0.031613228376954794, 0.7344297235831618, 0.4673730507493019, -0.703850454185158, d=*
n:0.966449729166925, 0.05102541018277407, 0.7048190329223871, 0.3347112853080034, -0.8434010650962591, -0.29977397294715047, d=|:r=0.933
n:0.40376722114160657, -0.07420686446130276, 0.8688011937774718, -0.6359092653729022, -0.8649696977809072, 0.42611254611983895, d=Gpart:ry=-0.219
c:-0.5782259949482977, -0.7126766489818692, -0.1987953162752092, -0.730633317027241, 0.3863954348489642, 0.8132956232875586, 4.05
c:0.4662415059283376, -0.09503977978602052, 0.12902392400428653, -0.7392043336294591, -0.614163285586983, -0.4058334855362773, 3.692
",0.0038254813571421005,"//H
3
j:l=0.85
j:-0.5116007747128606, -0.05083730770274997, -0.5086304135620594, 0.7854181453585625, -0.07196220383048058, -0.7353185811080039, fr=0.746
j:-0.9941507587209344, -0.022477813996374607, 0.039545197039842606, -0.2570989113301039, -0.6573189878836274, -0.629706984385848, fr=0.446, l=1.091
j:-0.0927007244899869, 0.0836182739585638, 0.2836976363323629, 0.7399400840513408, -0.4567820900119841, 0.2054236768744886, rotstif=0.888
j:-0.9364502993412316, -0.44636774668470025, 0.1930565545335412, -0.13741389336064458, 0.9782728282734752, -0.22631230810657144, l=0.935
j:-0.4084491073153913, 0.1375527437776327, -0.232456736266613, -0.08054381515830755, 0.1456126905977726, -0.29294101102277637, fr=0.891, rotstif=0.987
j:-0.2998488084413111, 0.6254114145413041, 0.33113276213407516, 0.995564335025847, -0.9029267183504999, 0.3881134516559541, fr=0.084, l=0.854
j:-0.07267204113304615, -0.6751374872401357, -0.14385600574314594, 0.2797697139903903, 0.9529907391406596, 0.03460945840924978, l=1.139
n:0.3746173554100096, 0.8495929045602679, -0.42349618254229426, 0.6878074184060097, 0.8224938143976033, -0.8642493584193289, d=Gpart:ry=0.084
n:-0.2557256896980107, 0.8433080115355551, -0.031613228376954794, 0.7344297235831618, 0.4673730507493019, -0.703850454185158, d=*
n:0.966449729166925, 0.05102541018277407, 0.7048190329223871, 0.3347112853080034, -0.8434010650962591, -0.29977397294715047, d=|:r=0.933
n:0.40376722114160657, -0.07420686446130276, 0.8688011937774718, -0.6359092653729022, -0.8649696977809072, 0.42611254611983895, d=Gpart:ry=-0.219
c:-0.5782259949482977, -0.7126766489818692, -0.1987953162752092, -0.730633317027241, 0.3863954348489642, 0.8132956232875586, 4.05
c:0.4662415059283376, -0.09503977978602052, 0.12902392400428653, -0.7392043336294591, -0.614163285586983, -0.4058334855362773, 3.692
",0.00012792549117776982,feasible,20
20,H,3,"//H
3
j:l=0.85
j:-0.5116007747128606, -0.05083730770274997, -0.5086304135620594, 0.7854181453585625, -0.07196220383048058, -0.7353185811080039, fr=0.746
j:-0.9941507587209344, -0.022477813996374607, 0.039545197039842606, -0.2570989113301039, -0.6573189878836274, -0.629706984385848, fr=0.446, l=1.091
j:-0.0927007244899869, 0.0836182739585638, 0.2836976363323629, 0.7399400840513408, -0.4567820900119841, 0.2054236768744886, rotstif=0.888
j:-0.9364502993412316, -0.44636774668470025, 0.1930565545335412, -0.13741389336064458, 0.9782728282734752, -0.22631230810657144, l=0.935
j:-0.4084491073153913, 0.1375527437776327, -0.232456736266613, -0.08054381515830755, 0.1456126905977726, -0.29294101102277637, fr=0.891, rotstif=0.987
j:-0.2998488084413111, 0.6254114145413041, 0.33113276213407516, 0.995564335025847, -0.9029267183504999, 0.3881134516559541, fr=0.084, l=0.854
n:0.3746173554100096, 0.8495929045602679, -0.42349618254229426, 0.6878074184060097, 0.8224938143976033, -0.8642493584193289, d=Gpart:ry=0.084
n:-0.2557256896980107, 0.8433080115355551, -0.031613228376954794, 0.7344297235831618, 0.4673730507493019, -0.703850454185158, d=*
n:0.966449729166925, 0.05102541018277407, 0.7048190329223871, 0.3347112853080034, -0.8434010650962591, -0.29977397294715047, d=|:r=0.933
n:0.40376722114160657, -0.07420686446130276, 0.8688011937774718, -0.6359092653729022, -0.8649696977809072, 0.42611254611983895, d=Gpart:ry=-0.219
c:-0.5782259949482977, -0.7126766489818692, -0.1987953162752092, -0.730633317027241, 0.3863954348489642, 0.8132956232875586, 4.05
c:0.4662415059283376, -0.09503977978602052, 0.12902392400428653, -0.7392043336294591, -0.614163285586983, -0.4058334855362773, 3.692
",0.0038254813571421005,"//H
3
j:l=0.85
j:-0.5116007747128606, -0.05083730770274997, -0.5086304135620594, 0.7854181453585625, -0.07196220383048058, -0.7353185811080039, fr=0.746
j:-0.9941507587209344, -0.022477813996374607, 0.039545197039842606, -0.2570989113301039, -0.6573189878836274, -0.629706984385848, fr=0.446, l=1.091
j:-0.0927007244899869, 0.0836182739585638, 0.2836976363323629, 0.7399400840513408, -0.4567820900119841, 0.2054236768744886, rotstif=0.888
j:-0.9364502993412316, -0.44636774668470025, 0.1930565545335412, -0.13741389336064458, 0.9782728282734752, -0.22631230810657144, l=0.935
j:-0.4084491073153913, 0.1375527437776327, -0.232456736266613, -0.08054381515830755, 0.1456126905977726, -0.29294101102277637, fr=0.891, rotstif=0.987
j:-0.2998488084413111, 0.6254114145413041, 0.33113276213407516, 0.995564335025847, -0.9029267183504999, 0.3881134516559541, fr=0.084, l=0.854
n:0.3746173554100096, 0.8495929045602679, -0.42349618254229426, 0.6878074184060097, 0.8224938143976033, -0.8642493584193289, d=Gpart:ry=0.084
n:-0.2557256896980107, 0.8433080115355551, -0.031613228376954794, 0.7344297235831618, 0.4673730507493019, -0.703850454185158, d=*
n:0.966449729166925, 0.05102541018277407, 0.7048190329223871, 0.3347112853080034, -0.8434010650962591, -0.29977397294715047, d=|:r=0.933
n:0.40376722114160657, -0.07420686446130276, 0.8688011937774718, -0.6359092653729022, -0.8649696977809072, 0.42611254611983895, d=Gpart:ry=-0.219
n:0.46479702880606055, 0.6121569904498756, 0.8844872368499637, -0.007793508004397154, 0.47153086960315704, -0.4081251183524728, d=@:p=0.952
c:-0.5782259949482977, -0.7126766489818692, -0.1987953162752092, -0.730633317027241, 0.3863954348489642, 0.8132956232875586, 4.05
c:0.4662415059283376, -0.09503977978602052, 0.12902392400428653, -0.7392043336294591, -0.614163285586983, -0.4058334855362773, 3.692
",0.00012427664274065436,feasible,20
20,H,3,"//H
3
j:l=0.85
j:-0.5116007747128606, -0.05083730770274997, -0.5086304135620594, 0.7854181453585625, -0.07196220383048058, -0.7353185811080039, fr=0.746
j:-0.9941507587209344, -0.022477813996374607, 0.039545197039842606, -0.2570989113301039, -0.6573189878836274, -0.629706984385848, fr=0.446, l=1.091
j:-0.0927007244899869, 0.0836182739585638, 0.2836976363323629, 0.7399400840513408, -0.4567820900119841, 0.2054236768744886, rotstif=0.888
j:-0.9364502993412316, -0.44636774668470025, 0.1930565545335412, -0.13741389336064458, 0.9782728282734752, -0.22631230810657144, l=0.935
j:-0.4084491073153913, 0.1375527437776327, -0.232456736266613, -0.08054381515830755, 0.1456126905977726, -0.29294101102277637, fr=0.891, rotstif=0.987
j:-0.2998488084413111, 0.6254114145413041, 0.33113276213407516, 0.995564335025847, -0.9029267183504999, 0.3881134516559541, fr=0.084, l=0.854
n:0.3746173554100096, 0.8495929045602679, -0.42349618254229426, 0.6878074184060097, 0.8224938143976033, -0.8642493584193289, d=Gpart:ry=0.084
n:-0.2557256896980107, 0.8433080115355551, -0.031613228376954794, 0.7344297235831618, 0.4673730507493019, -0.703850454185158, d=*
n:0.966449729166925, 0.05102541018277407, 0.7048190329223871, 0.3347112853080034, -0.8434010650962591, -0.29977397294715047, d=|:r=0.933
n:0.40376722114160657, -0.07420686446130276, 0.8688011937774718, -0.6359092653729022, -0.8649696977809072, 0.42611254611983895, d=Gpart:ry=-0.219
c:-0.5782259949482977, -0.7126766489818692, -0.1987953162752092, -0.730633317027241, 0.3863954348489642, 0.8132956232875586, 4.05
c:0.4662415059283376, -0.09503977978602052, 0.12902392400428653, -0.7392043336294591, -0.614163285586983, -0.4058334855362773, 3.692
",0.0038254813571421005,"//H
3
j:l=0.85
j:-0.5116007747128606, -0.05083730770274997, -0.5086304135620594, 0.7854181453585625, -0.07196220383048058, -0.7353185811080039, fr=0.746
j:-0.9941507587209344, -0.022477813996374607, 0.039545197039842606, -0.2570989113301039, -0.6573189878836274, -0.629706984385848, fr=0.446, l=1.091
j:-0.0927007244899869, 0.0836182739585638, 0.2836976363323629, 0.7399400840513408, -0.4567820900119841, 0.2054236768744886, rotstif=0.888
j:-0.9364502993412316, -0.44636774668470025, 0.1930565545335412, -0.13741389336064458, 0.9782728282734752, -0.22631230810657144, l=0.935
j:-0.4084491073153913, 0.1375527437776327, -0.232456736266613, -0.08054381515830755, 0.1456126905977726, -0.29294101102277637, fr=0.891, rotstif=0.987
j:-0.2998488084413111, 0.6254114145413041, 0.33113276213407516, 0.995564335025847, -0.9029267183504999, 0.3881134516559541, fr=0.084, l=0.854
n:0.3746173554100096, 0.8495929045602679, -0.42349618254229426, 0.6878074184060097, 0.8224938143976033, -0.8642493584193289, d=Gpart:ry=0.084
n:-0.2557256896980107, 0.8433080115355551, -0.031613228376954794, 0.7344297235831618, 0.4673730507493019, -0.703850454185158, d=*
n:0.966449729166925, 0.05102541018277407, 0.7048190329223871, 0.3347112853080034, -0.954, -0.29977397294715047, d=|:r=0.933
n:0.40376722114160657, -0.07420686446130276, 0.8688011937774718, -0.6359092653729022, -0.8649696977809072, 0.42611254611983895, d=Gpart:ry=-0.219
c:-0.5782259949482977, -0.7126766489818692, -0.1987953162752092, -0.730633317027241, 0.3863954348489642, 0.8132956232875586, 4.05
c:0.4662415059283376, -0.09503977978602052, 0.12902392400428653, -0.7392043336294591, -0.614163285586983, -0.4058334855362773, 3.692
",0.0038254813571421005,feasible,20
20,H,3,"//H
3
j:l=0.85
j:-0.5116007747128606, -0.05083730770274997, -0.5086304135620594, 0.7854181453585625, -0.07196220383048058, -0.7353185811080039, fr=0.746
j:-0.9941507587209344, -0.022477813996374607, 0.039545197039842606, -0.2570989113301039, -0.6573189878836274, -0.629706984385848, fr=0.446, l=1.091
j:-0.0927007244899869, 0.0836182739585638, 0.2836976363323629, 0.7399400840513408, -0.4567820900119841, 0.2054236768744886, rotstif=0.888
j:-0.9364502993412316, -0.44636774668470025, 0.1930565545335412, -0.13741389336064458, 0.9782728282734752, -0.22631230810657144, l=0.935
j:-0.4084491073153913, 0.1375527437776327, -0.232456736266613, -0.08054381515830755, 0.1456126905977726, -0.29294101102277637, fr=0.891, rotstif=0.987
j:-0.2998488084413111, 0.6254114145413041, 0.33113276213407516, 0.995564335025847, -0.9029267183504999, 0.3881134516559541, fr=0.084, l=0.854
n:0.3746173554100096, 0.8495929045602679, -0.42349618254229426, 0.6878074184060097, 0.8224938143976033, -0.8642493584193289, d=Gpart:ry=0.084
n:-0.2557256896980107, 0.8433080115355551, -0.031613228376954794, 0.7344297235831618, 0.4673730507493019, -0.703850454185158, d=*
n:0.966449729166925, 0.05102541018277407, 0.7048190329223871, 0.3347112853080034, -0.8434010650962591, -0.29977397294715047, d=|:r=0.933
n:0.40376722114160657, -0.07420686446130276, 0.8688011937774718, -0.6359092653729022, -0.8649696977809072, 0.42611254611983895, d=Gpart:ry=-0.219
c:-0.5782259949482977, -0.7126766489818692, -0.1987953162752092, -0.730633317027241, 0.3863954348489642, 0.8132956232875586, 4.05
c:0.4662415059283376, -0.09503977978602052, 0.12902392400428653, -0.7392043336294591, -0.614163285586983, -0.4058334855362773, 3.692
",0.0038254813571421005,"//H
3
j:l=0.85
j:-0.5116007747128606, -0.05083730770274997, -0.5086304135620594, 0.7854181453585625, -0.07196220383048058, -0.7353185811080039, fr=0.746
j:-0.9941507587209344, -0.022477813996374607, 0.039545197039842606, -0.2570989113301039, -0.6573189878836274, -0.629706984385848, fr=0.446, l=1.091
j:-0.0927007244899869, 0.0836182739585638, 0.2836976363323629, 0.7399400840513408, -0.4567820900119841, 0.2054236768744886, rotstif=0.888
j:-0.9364502993412316, -0.44636774668470025, 0.1930565545335412, -0.13741389336064458, 0.9782728282734752, -0.22631230810657144, l=0.935
j:-0.4084491073153913, 0.1375527437776327, -0.232456736266613, -0.08054381515830755, 0.1456126905977726, -0.29294101102277637, fr=0.891, rotstif=0.987
j:-0.2998488084413111, 0.6254114145413041, 0.33113276213407516, 0.995564335025847, -0.9029267183504999, 0.3881134516559541, fr=0.084, l=0.854
n:0.3746173554100096, 0.8495929045602679, -0.42349618254229426, 0.6878074184060097, 0.8224938143976033, -0.8642493584193289, d=Gpart:ry=0.084
n:-0.2557256896980107, 0.8433080115355551, -0.031613228376954794, 0.7344297235831618, 0.4673730507493019, -0.703850454185158, d=*
n:0.966449729166925, 0.05102541018277407, 0.7048190329223871, 0.3347112853080034, -0.8434010650962591, -0.29977397294715047, d=|:r=0.933
n:0.40376722114160657, -0.07420686446130276, 0.8688011937774718, -0.6359092653729022, -0.8649696977809072, 0.42611254611983895, d=Gpart:ry=-0.219
n:-0.6660760696977377, 0.1600006869994104, 0.3912703744135797, -0.6065205372869968, 0.17632207553833723, 0.25383662013337016, d=G
c:-0.5782259949482977, -0.7126766489818692, -0.1987953162752092, -0.730633317027241, 0.3863954348489642, 0.8132956232875586, 4.05
c:0.4662415059283376, -0.09503977978602052, 0.12902392400428653, -0.7392043336294591, -0.614163285586983, -0.4058334855362773, 3.692
",0.0038254813571421005,feasible,20
20,H,3,"//H
3
j:l=0.85
j:-0.5116007747128606, -0.05083730770274997, -0.5086304135620594, 0.7854181453585625, -0.07196220383048058, -0.7353185811080039, fr=0.746
j:-0.9941507587209344, -0.022477813996374607, 0.039545197039842606, -0.2570989113301039, -0.6573189878836274, -0.629706984385848, fr=0.446, l=1.091
j:-0.0927007244899869, 0.0836182739585638, 0.2836976363323629, 0.7399400840513408, -0.4567820900119841, 0.2054236768744886, rotstif=0.888
j:-0.9364502993412316, -0.44636774668470025, 0.1930565545335412, -0.13741389336064458, 0.9782728282734752, -0.22631230810657144, l=0.935
j:-0.4084491073153913, 0.1375527437776327, -0.232456736266613, -0.08054381515830755, 0.1456126905977726, -0.29294101102277637, fr=0.891, rotstif=0.987
j:-0.2998488084413111, 0.6254114145413041, 0.33113276213407516, 0.995564335025847, -0.9029267183504999, 0.3881134516559541, fr=0.084, l=0.854
n:0.3746173554100096, 0.8495929045602679, -0.42349618254229426, 0.6878074184060097, 0.8224938143976033, -0.8642493584193289, d=Gpart:ry=0.084
n:-0.2557256896980107, 0.8433080115355551, -0.031613228376954794, 0.7344297235831618, 0.4673730507493019, -0.703850454185158, d=*
n:0.966449729166925, 0.05102541018277407, 0.7048190329223871, 0.3347112853080034, -0.8434010650962591, -0.29977397294715047, d=|:r=0.933
n:0.40376722114160657, -0.07420686446130276, 0.8688011937774718, -0.6359092653729022, -0.8649696977809072, 0.42611254611983895, d=Gpart:ry=-0.219
c:-0.5782259949482977, -0.7126766489818692, -0.1987953162752092, -0.730633317027241, 0.3863954348489642, 0.8132956232875586, 4.05
c:0.4662415059283376, -0.09503977978602052, 0.12902392400428653, -0.7392043336294591, -0.614163285586983, -0.4058334855362773, 3.692
",0.0038254813571421005,"//H
3
j:l=0.85
j:-0.5116007747128606, -0.05083730770274997, -0.5086304135620594, 0.7854181453585625, -0.07196220383048058, -0.7353185811080039, fr=0.746
j:-0.9941507587209344, -0.022477813996374607, 0.039545197039842606, -0.2570989113301039, -0.6573189878836274, -0.629706984385848, fr=0.446, l=1.091
j:-0.0927007244899869, 0.0836182739585638, 0.2836976363323629, 0.7399400840513408, -0.4567820900119841, 0.2054236768744886, rotstif=0.888
j:-0.9364502993412316, -0.44636774668470025, 0.1930565545335412, -0.13741389336064458, 0.9782728282734752, -0.22631230810657144, l=0.935
j:-0.4084491073153913, 0.1375527437776327, -0.232456736266613, 0.148, 0.1456126905977726, -0.29294101102277637, fr=0.891, rotstif=0.987
j:-0.2998488084413111, 0.6254114145413041, 0.33113276213407516, 0.995564335025847, -0.9029267183504999, 0.3881134516559541, fr=0.084, l=0.854
n:0.3746173554100096, 0.8495929045602679, -0.42349618254229426, 0.6878074184060097, 0.8224938143976033, -0.8642493584193289, d=Gpart:ry=0.084
n:-0.2557256896980107, 0.8433080115355551, -0.031613228376954794, 0.7344297235831618, 0.4673730507493019, -0.703850454185158, d=*
n:0.966449729166925, 0.05102541018277407, 0.7048190329223871, 0.3347112853080034, -0.8434010650962591, -0.29977397294715047, d=|:r=0.933
n:0.40376722114160657, -0.07420686446130276, 0.8688011937774718, -0.6359092653729022, -0.8649696977809072, 0.42611254611983895, d=Gpart:ry=-0.219
c:-0.5782259949482977, -0.7126766489818692, -0.1987953162752092, -0.730633317027241, 0.3863954348489642, 0.8132956232875586, 4.05
c:0.4662415059283376, -0.09503977978602052, 0.12902392400428653, -0.7392043336294591, -0.614163285586983, -0.4058334855362773, 3.692
",0.00011895337873542658,feasible,20
20,H,3,"//H
3
j:l=0.85
j:-0.5116007747128606, -0.05083730770274997, -0.5086304135620594, 0.7854181453585625, -0.07196220383048058, -0.7353185811080039, fr=0.746
j:-0.9941507587209344, -0.022477813996374607, 0.039545197039842606, -0.2570989113301039, -0.6573189878836274, -0.629706984385848, fr=0.446, l=1.091
j:-0.0927007244899869, 0.0836182739585638, 0.2836976363323629, 0.7399400840513408, -0.4567820900119841, 0.2054236768744886, rotstif=0.888
j:-0.9364502993412316, -0.44636774668470025, 0.1930565545335412, -0.13741389336064458, 0.9782728282734752, -0.22631230810657144, l=0.935
j:-0.4084491073153913, 0.1375527437776327, -0.232456736266613, -0.08054381515830755, 0.1456126905977726, -0.29294101102277637, fr=0.891, rotstif=0.987
j:-0.2998488084413111, 0.6254114145413041, 0.33113276213407516, 0.995564335025847, -0.9029267183504999, 0.3881134516559541, fr=0.084, l=0.854
n:0.3746173554100096, 0.8495929045602679, -0.42349618254229426, 0.6878074184060097, 0.8224938143976033, -0.8642493584193289, d=Gpart:ry=0.084
n:-0.2557256896980107, 0.8433080115355551, -0.031613228376954794, 0.7344297235831618, 0.4673730507493019, -0.703850454185158, d=*
n:0.966449729166925, 0.05102541018277407, 0.7048190329223871, 0.3347112853080034, -0.8434010650962591, -0.29977397294715047, d=|:r=0.933
n:0.40376722114160657, -0.07420686446130276, 0.8688011937774718, -0.6359092653729022, -0.8649696977809072, 0.42611254611983895, d=Gpart:ry=-0.219
c:-0.5782259949482977, -0.7126766489818692, -0.1987953162752092, -0.730633317027241, 0.3863954348489642, 0.8132956232875586, 4.05
c:0.4662415059283376, -0.09503977978602052, 0.12902392400428653, -0.7392043336294591, -0.614163285586983, -0.4058334855362773, 3.692
",0.0038254813571421005,"//H
3
j:l=0.85
j:-0.5116007747128606, -0.05083730770274997, -0.5086304135620594, 0.7854181453585625, -0.07196220383048058, -0.7353185811080039, fr=0.746
j:-0.9941507587209344, -0.022477813996374607, 0.039545197039842606, -0.2570989113301039, -0.6573189878836274, -0.629706984385848, fr=0.446, l=1.091
j:-0.0927007244899869, 0.0836182739585638, 0.2836976363323629, 0.7399400840513408, -0.4567820900119841, 0.2054236768744886, rotstif=0.888
j:-0.9364502993412316, -0.44636774668470025, 0.1930565545335412, -0.13741389336064458, 0.9782728282734752, -0.22631230810657144, rotstif=0.989, l=0.935
j:-0.4084491073153913, 0.1375527437776327, -0.232456736266613, -0.08054381515830755, 0.1456126905977726, -0.29294101102277637, fr=0.891, rotstif=0.987
j:-0.2998488084413111, 0.6254114145413041, 0.33113276213407516, 0.995564335025847, -0.9029267183504999, 0.3881134516559541, fr=0.084, l=0.854
n:0.3746173554100096, 0.8495929045602679, -0.42349618254229426, 0.6878074184060097, 0.8224938143976033, -0.8642493584193289, d=Gpart:ry=0.084
n:-0.2557256896980107, 0.8433080115355551, -0.031613228376954794, 0.7344297235831618, 0.4673730507493019, -0.703850454185158, d=*
n:0.966449729166925, 0.05102541018277407, 0.7048190329223871, 0.3347112853080034, -0.8434010650962591, -0.29977397294715047, d=|:r=0.933
n:0.40376722114160657, -0.07420686446130276, 0.8688011937774718, -0.6359092653729022, -0.8649696977809072, 0.42611254611983895, d=Gpart:ry=-0.219
c:-0.5782259949482977, -0.7126766489818692, -0.1987953162752092, -0.730633317027241, 0.3863954348489642, 0.8132956232875586, 4.05
c:0.4662415059283376, -0.09503977978602052, 0.12902392400428653, -0.7392043336294591, -0.614163285586983, -0.4058334855362773, 3.692
",0.0038254813571421005,feasible,20
20,H,3,"//H
3
j:l=0.85
j:-0.5116007747128606, -0.05083730770274997, -0.5086304135620594, 0.7854181453585625, -0.07196220383048058, -0.7353185811080039, fr=0.746
j:-0.9941507587209344, -0.022477813996374607, 0.039545197039842606, -0.2570989113301039, -0.6573189878836274, -0.629706984385848, fr=0.446, l=1.091
j:-0.0927007244899869, 0.0836182739585638, 0.2836976363323629, 0.7399400840513408, -0.4567820900119841, 0.2054236768744886, rotstif=0.888
j:-0.9364502993412316, -0.44636774668470025, 0.1930565545335412, -0.13741389336064458, 0.9782728282734752, -0.22631230810657144, l=0.935
j:-0.4084491073153913, 0.1375527437776327, -0.232456736266613, -0.08054381515830755, 0.1456126905977726, -0.29294101102277637, fr=0.891, rotstif=0.987
j:-0.2998488084413111, 0.6254114145413041, 0.33113276213407516, 0.995564335025847, -0.9029267183504999, 0.3881134516559541, fr=0.084, l=0.854
n:0.3746173554100096, 0.8495929045602679, -0.42349618254229426, 0.6878074184060097, 0.8224938143976033, -0.8642493584193289, d=Gpart:ry=0.084
n:-0.2557256896980107, 0.8433080115355551, -0.031613228376954794, 0.7344297235831618, 0.4673730507493019, -0.703850454185158, d=*
n:0.966449729166925, 0.05102541018277407, 0.7048190329223871, 0.3347112853080034, -0.8434010650962591, -0.29977397294715047, d=|:r=0.933
n:0.40376722114160657, -0.07420686446130276, 0.8688011937774718, -0.6359092653729022, -0.8649696977809072, 0.42611254611983895, d=Gpart:ry=-0.219
c:-0.5782259949482977, -0.7126766489818692, -0.1987953162752092, -0.730633317027241, 0.3863954348489642, 0.8132956232875586, 4.05
c:0.4662415059283376, -0.09503977978602052, 0.12902392400428653, -0.7392043336294591, -0.614163285586983, -0.4058334855362773, 3.692
",0.0038254813571421005,"//H
3
j:l=0.85
j:-0.5116007747128606, -0.05083730770274997, -0.5086304135620594, 0.7854181453585625, -0.07196220383048058, -0.7353185811080039, fr=0.746
j:-0.9941507587209344, -0.022477813996374607, 0.039545197039842606, -0.2570989113301039, -0.6573189878836274, -0.629706984385848, fr=0.446, l=1.264
j:-0.0927007244899869, 0.0836182739585638, 0.2836976363323629, 0.7399400840513408, -0.4567820900119841, 0.2054236768744886, rotstif=0.888
j:-0.9364502993412316, -0.44636774668470025, 0.1930565545335412, -0.13741389336064458, 0.9782728282734752, -0.22631230810657144, l=0.935
j:-0.4084491073153913, 0.1375527437776327, -0.232456736266613, -0.08054381515830755, 0.1456126905977726, -0.29294101102277637, fr=0.891, rotstif=0.987
j:-0.2998488084413111, 0.6254114145413041, 0.33113276213407516, 0.995564335025847, -0.9029267183504999, 0.3881134516559541, fr=0.084, l=0.854
n:0.3746173554100096, 0.8495929045602679, -0.42349618254229426, 0.6878074184060097, 0.8224938143976033, -0.8642493584193289, d=Gpart:ry=0.084
n:-0.2557256896980107, 0.8433080115355551, -0.031613228376954794, 0.7344297235831618, 0.4673730507493019, -0.703850454185158, d=*
n:0.966449729166925, 0.05102541018277407, 0.7048190329223871, 0.3347112853080034, -0.8434010650962591, -0.29977397294715047, d=|:r=0.933
n:0.40376722114160657, -0.07420686446130276, 0.8688011937774718, -0.6359092653729022, -0.8649696977809072, 0.42611254611983895, d=Gpart:ry=-0.219
c:-0.5782259949482977, -0.7126766489818692, -0.1987953162752092, -0.730633317027241, 0.3863954348489642, 0.8132956232875586, 4.05
c:0.4662415059283376, -0.09503977978602052, 0.12902392400428653, -0.7392043336294591, -0.614163285586983, -0.4058334855362773, 3.692
",0.0012103211295295632,feasible,20
20,H,3,"//H
3
j:l=0.85
j:-0.5116007747128606, -0.05083730770274997, -0.5086304135620594, 0.7854181453585625, -0.07196220383048058, -0.7353185811080039, fr=0.746
j:-0.9941507587209344, -0.022477813996374607, 0.039545197039842606, -0.2570989113301039, -0.6573189878836274, -0.629706984385848, fr=0.446, l=1.091
j:-0.0927007244899869, 0.0836182739585638, 0.2836976363323629, 0.7399400840513408, -0.4567820900119841, 0.2054236768744886, rotstif=0.888
j:-0.9364502993412316, -0.44636774668470025, 0.1930565545335412, -0.13741389336064458, 0.9782728282734752, -0.22631230810657144, l=0.935
j:-0.4084491073153913, 0.1375527437776327, -0.232456736266613, -0.08054381515830755, 0.1456126905977726, -0.29294101102277637, fr=0.891, rotstif=0.987
j:-0.2998488084413111, 0.6254114145413041, 0.33113276213407516, 0.995564335025847, -0.9029267183504999, 0.3881134516559541, fr=0.084, l=0.854
n:0.3746173554100096, 0.8495929045602679, -0.42349618254229426, 0.6878074184060097, 0.8224938143976033, -0.8642493584193289, d=Gpart:ry=0.084
n:-0.2557256896980107, 0.8433080115355551, -0.031613228376954794, 0.7344297235831618, 0.4673730507493019, -0.703850454185158, d=*
n:0.966449729166925, 0.05102541018277407, 0.7048190329223871, 0.3347112853080034, -0.8434010650962591, -0.29977397294715047, d=|:r=0.933
n:0.40376722114160657, -0.07420686446130276, 0.8688011937774718, -0.6359092653729022, -0.8649696977809072, 0.42611254611983895, d=Gpart:ry=-0.219
c:-0.5782259949482977, -0.7126766489818692, -0.1987953162752092, -0.730633317027241, 0.3863954348489642, 0.8132956232875586, 4.05
c:0.4662415059283376, -0.09503977978602052, 0.12902392400428653, -0.7392043336294591, -0.614163285586983, -0.4058334855362773, 3.692
",0.0038254813571421005,"//H
3
j:l=0.85
j:-0.5116007747128606, -0.05083730770274997, -0.5086304135620594, 0.7854181453585625, -0.07196220383048058, -0.7353185811080039, fr=0.746
j:-0.9941507587209344, -0.022477813996374607, 0.039545197039842606, -0.2570989113301039, -0.6573189878836274, -0.629706984385848, fr=0.446, l=0.895
j:-0.0927007244899869, 0.0836182739585638, 0.2836976363323629, 0.7399400840513408, -0.4567820900119841, 0.2054236768744886, rotstif=0.888
j:-0.9364502993412316, -0.44636774668470025, 0.1930565545335412, -0.13741389336064458, 0.9782728282734752, -0.22631230810657144, l=0.935
j:-0.4084491073153913, 0.1375527437776327, -0.232456736266613, -0.08054381515830755, 0.1456126905977726, -0.29294101102277637, fr=0.891, rotstif=0.987
j:-0.2998488084413111, 0.6254114145413041, 0.33113276213407516, 0.995564335025847, -0.9029267183504999, 0.3881134516559541, fr=0.084, l=0.854
n:0.3746173554100096, 0.8495929045602679, -0.42349618254229426, 0.6878074184060097, 0.8224938143976033, -0.8642493584193289, d=Gpart:ry=0.084
n:-0.2557256896980107, 0.8433080115355551, -0.031613228376954794, 0.7344297235831618, 0.4673730507493019, -0.703850454185158, d=*
n:0.966449729166925, 0.05102541018277407, 0.7048190329223871, 0.3347112853080034, -0.8434010650962591, -0.29977397294715047, d=|:r=0.933
n:0.40376722114160657, -0.07420686446130276, 0.8688011937774718, -0.6359092653729022, -0.8649696977809072, 0.42611254611983895, d=Gpart:ry=-0.219
c:-0.5782259949482977, -0.7126766489818692, -0.1987953162752092, -0.730633317027241, 0.3863954348489642, 0.8132956232875586, 4.05
c:0.4662415059283376, -0.09503977978602052, 0.12902392400428653, -0.7392043336294591, -0.614163285586983, -0.4058334855362773, 3.692
",0.0007587568472590902,feasible,20
