run,genetic_format,sample_index,parent_genotype,parent_fitness,genotype,fitness,status,mutation_attempts
47,0,0,"//0
p:
p:1
j:0,1",0.0,"//0
p:
p:1.0
j:0, 1, stif=0.927
",0.0,feasible,20
47,0,0,"//0
p:
p:1
j:0,1",0.0,"//0
p:fr=0.854
p:1.0
j:0, 1
",0.0,feasible,20
47,0,0,"//0
p:
p:1
j:0,1",0.0,"//0
p:
p:1.0, ing=0.135
j:0, 1
",0.0,feasible,20
47,0,0,"//0
p:
p:1
j:0,1",0.0,"//0
p:
p:1.0, fr=0.315
j:0, 1
",0.0,feasible,20
47,0,0,"//0
p:
p:1
j:0,1",0.0,"//0
p:ing=0.256
p:1.0
j:0, 1
",0.0,feasible,20
47,0,0,"//0
p:
p:1
j:0,1",0.0,"//0
p:
p:1.073, 0.105, 0.005
j:0, 1
",0.0,feasible,20
47,0,0,"//0
p:
p:1
j:0,1",0.0,"//0
p:
p:1.0
j:0, 1, stif=0.845
",0.0,feasible,20
47,0,0,"//0
p:
p:1
j:0,1",0.0,"//0
p:
p:1.0
p:1.071, -0.702, -0.798
j:0, 1
j:2, 1
",1.5183397106053115e-18,feasible,20
47,0,0,"//0
p:
p:1
j:0,1",0.0,"//0
p:
p:1.0
j:0, 1, rotstif=0.947
",0.0,feasible,20
47,0,0,"//0
p:
p:1
j:0,1",0.0,"//0
p:
p:1.0
j:0, 1, stif=0.864
",0.0,feasible,20
47,0,0,"//0
p:
p:1
j:0,1",0.0,"//0
p:
p:1.0
j:0, 1, stif=0.946
",0.0,feasible,20
47,0,0,"//0
p:
p:1
j:0,1",0.0,"//0
p:
p:1.421, 0.289, -0.106
j:0, 1
",0.0,feasible,20
47,0,0,"//0
p:
p:1
j:0,1",0.0,"//0
p:
p:1.0
j:0, 1
n:j=0, d=@
",0.0,feasible,20
47,0,0,"//0
p:
p:1
j:0,1",0.0,"//0
p:
p:1.0
j:0, 1, stif=0.988
",0.0,feasible,20
47,0,0,"//0
p:
p:1
j:0,1",0.0,"//0
p:
p:1.0
p:0.611, 0.729, -0.235
j:0, 1
j:2, 0
",1.7763568394002505e-19,feasible,20
47,0,0,"//0
p:
p:1
j:0,1",0.0,"//0
p:1.0
",0.0,feasible,20
47,0,0,"//0
p:
p:1
j:0,1",0.0,"//0
p:fr=0.455
p:1.0
j:0, 1
",0.0,feasible,20
47,0,0,"//0
p:
p:1
j:0,1",0.0,"//0
p:
p:1.0
j:0, 1, stif=0.889
",0.0,feasible,20
47,0,0,"//0
p:
p:1
j:0,1",0.0,"//0
p:
p:1.0
j:0, 1, stif=0.981
",0.0,feasible,20
47,0,0,"//0
p:
p:1
j:0,1",0.0,"//0
p:ing=0.164
p:1.0
j:0, 1
",0.0,feasible,20
47,0,1,"//0
p:
p:1.0
p:1.323, -0.315, 0.225
j:0, 1
j:2, 1
",7.161652084128395e-14,"//0
p:
p:1.0
p:1.323, -0.315, 0.225
j:0, 2
j:1, 2
",4.6629499332548275e-19,feasible,24
47,0,1,"//0
p:
p:1.0
p:1.323, -0.315, 0.225
j:0, 1
j:2, 1
",7.161652084128395e-14,"//0
p:
p:1.0
p:1.323, -0.315, 0.225
j:0, 1
j:2, 1, stif=0.857
",6.387050998989053e-13,feasible,24
47,0,1,"//0
p:
p:1.0
p:1.323, -0.315, 0.225
j:0, 1
j:2, 1
",7.161652084128395e-14,"//0
p:1.0
p:1.323, -0.315, 0.225
j:1, 0
",2.865936654661283e-18,feasible,24
47,0,1,"//0
p:
p:1.0
p:1.323, -0.315, 0.225
j:0, 1
j:2, 1
",7.161652084128395e-14,"//0
p:fr=0.793
p:1.0
p:1.323, -0.315, 0.225
j:0, 1
j:2, 1
",7.161652084128395e-14,feasible,24
47,0,1,"//0
p:
p:1.0
p:1.323, -0.315, 0.225
j:0, 1
j:2, 1
",7.161652084128395e-14,"//0
p:
p:1.0, ing=0.15
p:1.323, -0.315, 0.225
j:0, 1
j:2, 1
",7.161652084128395e-14,feasible,24
47,0,1,"//0
p:
p:1.0
p:1.323, -0.315, 0.225
j:0, 1
j:2, 1
",7.161652084128395e-14,"//0
p:
p:1.0
p:1.323, -0.315, 0.225
p:0.922, 0.319, 0.525
j:0, 1
j:2, 1
j:3, 1
",6.511719274368307e-07,feasible,24
47,0,1,"//0
p:
p:1.0
p:1.323, -0.315, 0.225
j:0, 1
j:2, 1
",7.161652084128395e-14,"//0
p:
p:1.0
p:1.323, -0.315, 0.225
j:0, 1
j:2, 1
n:j=0, d=G
",7.161652084128395e-14,feasible,24
47,0,1,"//0
p:
p:1.0
p:1.323, -0.315, 0.225
j:0, 1
j:2, 1
",7.161652084128395e-14,"//0
p:
p:1.0
p:1.323, -0.315, 0.225
j:0, 1, rotstif=0.967
j:2, 1
",7.161652084128395e-14,feasible,24
47,0,1,"//0
p:
p:1.0
p:1.323, -0.315, 0.225
j:0, 1
j:2, 1
",7.161652084128395e-14,"//0
p:
p:1.0
p:1.323, -0.315, 0.225
j:2, 1
j:0, 1
",7.161652084128395e-14,feasible,24
47,0,1,"//0
p:
p:1.0
p:1.323, -0.315, 0.225
j:0, 1
j:2, 1
",7.161652084128395e-14,"//0
p:
p:1.0
p:1.323, -0.315, 0.225, fr=0.632
j:0, 1
j:2, 1
",7.778419560337836e-14,feasible,24
47,0,1,"//0
p:
p:1.0
p:1.323, -0.315, 0.225
j:0, 1
j:2, 1
",7.161652084128395e-14,"//0
p:
p:1.0
p:1.323, -0.315, 0.225
j:0, 1, rotstif=0.896
j:2, 1
",7.161652084128395e-14,feasible,24
47,0,1,"//0
p:
p:1.0
p:1.323, -0.315, 0.225
j:0, 1
j:2, 1
",7.161652084128395e-14,"//0
p:
p:1.0
p:1.323, -0.315, 0.225
j:0, 1
j:2, 1
j:0, 2
",0.0,feasible,24
47,0,1,"//0
p:
p:1.0
p:1.323, -0.315, 0.225
j:0, 1
j:2, 1
",7.161652084128395e-14,"//0
p:
p:1.0
p:1.323, -0.315, 0.225
j:1, 0
j:2, 0
",0.0,feasible,24
47,0,1,"//0
p:
p:1.0
p:1.323, -0.315, 0.225
j:0, 1
j:2, 1
",7.161652084128395e-14,"//0
p:
p:1.0
p:1.323, -0.315, 0.225
p:-0.269, 0.113, -0.084
j:0, 1
j:2, 1
j:3, 1
",2.7831298348312953e-10,feasible,24
47,0,1,"//0
p:
p:1.0
p:1.323, -0.315, 0.225
j:0, 1
j:2, 1
",7.161652084128395e-14,"//0
p:
p:1.0
p:1.323, -0.315, 0.225, fr=0.01
j:0, 1
j:2, 1
",5.043783377576436e-09,feasible,24
47,0,1,"//0
p:
p:1.0
p:1.323, -0.315, 0.225
j:0, 1
j:2, 1
",7.161652084128395e-14,"//0
p:
p:1.0
p:1.323, -0.315, 0.225
j:0, 1, stif=0.784
j:2, 1
",7.698745143403326e-15,feasible,24
47,0,1,"//0
p:
p:1.0
p:1.323, -0.315, 0.225
j:0, 1
j:2, 1
",7.161652084128395e-14,"//0
p:
p:1.0
p:1.323, -0.315, 0.225, ing=0.098
j:0, 1
j:2, 1
",7.161652084128395e-14,feasible,24
47,0,1,"//0
p:
p:1.0
p:1.323, -0.315, 0.225
j:0, 1
j:2, 1
",7.161652084128395e-14,"//0
p:
p:1.0
j:0, 1
",0.0,feasible,24
47,0,1,"//0
p:
p:1.0
p:1.323, -0.315, 0.225
j:0, 1
j:2, 1
",7.161652084128395e-14,"//0
p:
p:1.0
p:1.323, -0.315, 0.225, fr=0.515
j:0, 1
j:2, 1
",7.484823564771213e-14,feasible,24
47,0,1,"//0
p:
p:1.0
p:1.323, -0.315, 0.225
j:0, 1
j:2, 1
",7.161652084128395e-14,"//0
p:
p:1.0
p:1.31, -0.359, -0.005
j:0, 1
j:2, 1
",1.7763568394002505e-19,feasible,24
47,0,2,"//0
p:fr=0.015
p:1.0
p:1.323, -0.315, 0.225
j:0, 1
j:2, 1
",2.9255579274713033e-10,"//0
p:fr=0.015
p:1.0
p:1.323, -0.315, 0.225, ing=0.21
j:0, 1
j:2, 1
",2.9255579274713033e-10,feasible,22
47,0,2,"//0
p:fr=0.015
p:1.0
p:1.323, -0.315, 0.225
j:0, 1
j:2, 1
",2.9255579274713033e-10,"//0
p:fr=0.015
p:1.0
p:1.323, -0.315, 0.225
p:1.263, -0.001, 0.232
j:0, 1
j:2, 1
j:3, 2
",2.2374253457618587e-07,feasible,22
47,0,2,"//0
p:fr=0.015
p:1.0
p:1.323, -0.315, 0.225
j:0, 1
j:2, 1
",2.9255579274713033e-10,"//0
p:fr=0.015
p:1.0
p:1.323, -0.315, 0.225
j:1, 0
j:2, 0
",1.7347234759768072e-22,feasible,22
47,0,2,"//0
p:fr=0.015
p:1.0
p:1.323, -0.315, 0.225
j:0, 1
j:2, 1
",2.9255579274713033e-10,"//0
p:fr=0.015
p:1.0
p:1.323, -0.315, 0.225
p:-0.185, 0.225, 0.604
j:0, 1
j:2, 1
j:3, 1
",2.0729036249806338e-07,feasible,22
47,0,2,"//0
p:fr=0.015
p:1.0
p:1.323, -0.315, 0.225
j:0, 1
j:2, 1
",2.9255579274713033e-10,"//0
p:fr=0.015
p:1.0
p:1.323, -0.315, 0.225, ing=0.161
j:0, 1
j:2, 1
",2.9255579274713033e-10,feasible,22
47,0,2,"//0
p:fr=0.015
p:1.0
p:1.323, -0.315, 0.225
j:0, 1
j:2, 1
",2.9255579274713033e-10,"//0
p:fr=0.015
p:1.0, fr=0.389
p:1.323, -0.315, 0.225
j:0, 1
j:2, 1
",2.925973072453027e-10,feasible,22
47,0,2,"//0
p:fr=0.015
p:1.0
p:1.323, -0.315, 0.225
j:0, 1
j:2, 1
",2.9255579274713033e-10,"//0
p:fr=0.015
p:1.0
p:1.323, -0.315, 0.225
p:0.915, 0.179, 1.396
j:0, 1
j:2, 1
j:3, 2
",8.617922340451801e-08,feasible,22
47,0,2,"//0
p:fr=0.015
p:1.0
p:1.323, -0.315, 0.225
j:0, 1
j:2, 1
",2.9255579274713033e-10,"//0
p:fr=0.015
p:1.0
p:1.323, -0.315, 0.225
j:0, 1
j:2, 1, stif=0.916
",6.438922451307182e-10,feasible,22
47,0,2,"//0
p:fr=0.015
p:1.0
p:1.323, -0.315, 0.225
j:0, 1
j:2, 1
",2.9255579274713033e-10,"//0
p:fr=0.015
p:1.0
p:1.323, -0.315, 0.225
j:0, 1
j:2, 1, rotstif=0.857
",2.9255579274713033e-10,feasible,22
47,0,2,"//0
p:fr=0.015
p:1.0
p:1.323, -0.315, 0.225
j:0, 1
j:2, 1
",2.9255579274713033e-10,"//0
p:fr=0.015
p:1.0, fr=0.34
p:1.323, -0.315, 0.225
j:0, 1
j:2, 1
",2.9089059971519985e-10,feasible,22
47,0,2,"//0
p:fr=0.015
p:1.0
p:1.323, -0.315, 0.225
j:0, 1
j:2, 1
",2.9255579274713033e-10,"//0
p:fr=0.015
p:1.0
p:1.264, -0.107, -0.192
j:0, 1
j:2, 1
",3.920657111262539e-07,feasible,22
47,0,2,"//0
p:fr=0.015
p:1.0
p:1.323, -0.315, 0.225
j:0, 1
j:2, 1
",2.9255579274713033e-10,"//0
p:fr=0.015
p:1.0
p:1.323, -0.315, 0.225
j:0, 1, stif=0.92
j:2, 1
",1.2293950033685987e-09,feasible,22
47,0,2,"//0
p:fr=0.015
p:1.0
p:1.323, -0.315, 0.225
j:0, 1
j:2, 1
",2.9255579274713033e-10,"//0
p:fr=0.015
p:1.0
p:1.323, -0.315, 0.225
j:0, 1, rotstif=0.782
j:2, 1
",2.9255579274713033e-10,feasible,22
47,0,2,"//0
p:fr=0.015
p:1.0
p:1.323, -0.315, 0.225
j:0, 1
j:2, 1
",2.9255579274713033e-10,"//0
p:fr=0.015
p:1.0
p:1.323, -0.315, 0.225
j:0, 1
j:2, 1, rotstif=0.932
",2.9255579274713033e-10,feasible,22
47,0,2,"//0
p:fr=0.015
p:1.0
p:1.323, -0.315, 0.225
j:0, 1
j:2, 1
",2.9255579274713033e-10,"//0
p:fr=0.015
p:1.0, fr=0.834
p:1.323, -0.315, 0.225
j:0, 1
j:2, 1
",2.9161365007811544e-10,feasible,22
47,0,2,"//0
p:fr=0.015
p:1.0
p:1.323, -0.315, 0.225
j:0, 1
j:2, 1
",2.9255579274713033e-10,"//0
p:fr=0.015
p:1.0
p:1.323, -0.315, 0.225, fr=0.229
j:0, 1
j:2, 1
",2.89536384939362e-10,feasible,22
47,0,2,"//0
p:fr=0.015
p:1.0
p:1.323, -0.315, 0.225
j:0, 1
j:2, 1
",2.9255579274713033e-10,"//0
p:fr=0.015
p:1.0
p:1.323, -0.315, 0.225
p:-0.316, -0.164, 0.904
j:0, 1
j:2, 1
j:3, 0
",4.964648093547416e-07,feasible,22
47,0,2,"//0
p:fr=0.015
p:1.0
p:1.323, -0.315, 0.225
j:0, 1
j:2, 1
",2.9255579274713033e-10,"//0
p:fr=0.015
p:1.0
p:1.323, -0.315, 0.225
j:0, 1
j:2, 1, stif=0.863
",2.4780543668681986e-09,feasible,22
47,0,2,"//0
p:fr=0.015
p:1.0
p:1.323, -0.315, 0.225
j:0, 1
j:2, 1
",2.9255579274713033e-10,"//0
p:-0.336, 0.183, 0.095, fr=0.015
p:1.0
p:1.323, -0.315, 0.225
j:0, 1
j:2, 1
",1.2779362400144925e-08,feasible,22
47,0,2,"//0
p:fr=0.015
p:1.0
p:1.323, -0.315, 0.225
j:0, 1
j:2, 1
",2.9255579274713033e-10,"//0
p:fr=0.015
p:1.0
p:1.323, -0.315, 0.225
j:0, 1
j:2, 1, stif=0.856
",2.4151764097972244e-09,feasible,22
47,0,3,"//0
p:fr=0.015
p:1.0
p:1.323, -0.315, 0.225
j:0, 1
j:2, 1
n:j=0, d=|
",1.913925215322943e-07,"//0
p:fr=0.015
p:1.0
p:1.323, -0.315, 0.225, ing=0.032
j:0, 1
j:2, 1
n:j=0, d=|
",1.913925215322943e-07,feasible,25
47,0,3,"//0
p:fr=0.015
p:1.0
p:1.323, -0.315, 0.225
j:0, 1
j:2, 1
n:j=0, d=|
",1.913925215322943e-07,"//0
p:fr=0.015
p:1.0
p:1.323, -0.315, 0.225
j:2, 1
j:0, 1
n:j=0, d=|
",1.4649138657167409e-07,feasible,25
47,0,3,"//0
p:fr=0.015
p:1.0
p:1.323, -0.315, 0.225
j:0, 1
j:2, 1
n:j=0, d=|
",1.913925215322943e-07,"//0
p:fr=0.015
p:1.0
p:1.323, -0.315, 0.225
j:1, 0
j:2, 0
n:j=0, d=|
",7.128564100056562e-07,feasible,25
47,0,3,"//0
p:fr=0.015
p:1.0
p:1.323, -0.315, 0.225
j:0, 1
j:2, 1
n:j=0, d=|
",1.913925215322943e-07,"//0
p:fr=0.015
p:1.0
p:1.323, -0.315, 0.225
j:0, 1
j:2, 1, rotstif=0.87
n:j=0, d=|
",1.913925215322943e-07,feasible,25
47,0,3,"//0
p:fr=0.015
p:1.0
p:1.323, -0.315, 0.225
j:0, 1
j:2, 1
n:j=0, d=|
",1.913925215322943e-07,"//0
p:fr=0.015
p:1.0
p:1.323, -0.315, 0.225
j:0, 1
j:2, 1
",2.9255579274713033e-10,feasible,25
47,0,3,"//0
p:fr=0.015
p:1.0
p:1.323, -0.315, 0.225
j:0, 1
j:2, 1
n:j=0, d=|
",1.913925215322943e-07,"//0
p:fr=0.015
p:1.0
p:1.323, -0.315, 0.225
j:0, 1
j:2, 1
n:j=0, d=|:r=0.953
",1.913925215322943e-07,feasible,25
47,0,3,"//0
p:fr=0.015
p:1.0
p:1.323, -0.315, 0.225
j:0, 1
j:2, 1
n:j=0, d=|
",1.913925215322943e-07,"//0
p:fr=0.015
p:1.0
p:0.95, 0.17, 0.868
j:0, 1
j:2, 1
n:j=0, d=|
",2.6532569300260357e-08,feasible,25
47,0,3,"//0
p:fr=0.015
p:1.0
p:1.323, -0.315, 0.225
j:0, 1
j:2, 1
n:j=0, d=|
",1.913925215322943e-07,"//0
p:fr=0.015
p:1.0
p:1.323, -0.315, 0.225, ing=0.138
j:0, 1
j:2, 1
n:j=0, d=|
",1.913925215322943e-07,feasible,25
47,0,3,"//0
p:fr=0.015
p:1.0
p:1.323, -0.315, 0.225
j:0, 1
j:2, 1
n:j=0, d=|
",1.913925215322943e-07,"//0
p:1.0
p:1.323, -0.315, 0.225
j:1, 0
",2.865936654661283e-18,feasible,25
47,0,3,"//0
p:fr=0.015
p:1.0
p:1.323, -0.315, 0.225
j:0, 1
j:2, 1
n:j=0, d=|
",1.913925215322943e-07,"//0
p:fr=0.015
p:1.0
p:1.323, -0.315, 0.225
j:0, 1
j:2, 1
n:j=0, d=|
n:p=1, d=T
c:0, 1, -1.027
",1.4995021893453787e-07,feasible,25
47,0,3,"//0
p:fr=0.015
p:1.0
p:1.323, -0.315, 0.225
j:0, 1
j:2, 1
n:j=0, d=|
",1.913925215322943e-07,"//0
p:fr=0.015
p:0.763, 0.023, 0.077
p:1.323, -0.315, 0.225
j:0, 1
j:2, 1
n:j=0, d=|
",3.627738630798058e-08,feasible,25
47,0,3,"//0
p:fr=0.015
p:1.0
p:1.323, -0.315, 0.225
j:0, 1
j:2, 1
n:j=0, d=|
",1.913925215322943e-07,"//0
p:fr=0.015
p:1.0
p:1.323, -0.315, 0.225
j:0, 1
j:2, 1, rotstif=0.979
n:j=0, d=|
",1.913925215322943e-07,feasible,25
47,0,3,"//0
p:fr=0.015
p:1.0
p:1.323, -0.315, 0.225
j:0, 1
j:2, 1
n:j=0, d=|
",1.913925215322943e-07,"//0
p:fr=0.015
p:1.0
p:1.323, -0.315, 0.225
j:0, 1
j:2, 1
n:j=0, d=|:p=0.346
",1.4132857387755188e-07,feasible,25
47,0,3,"//0
p:fr=0.015
p:1.0
p:1.323, -0.315, 0.225
j:0, 1
j:2, 1
n:j=0, d=|
",1.913925215322943e-07,"//0
p:fr=0.015
p:0.917, -0.118, -0.118
p:1.323, -0.315, 0.225
j:0, 1
j:2, 1
n:j=0, d=|
",1.2246217872164053e-07,feasible,25
47,0,3,"//0
p:fr=0.015
p:1.0
p:1.323, -0.315, 0.225
j:0, 1
j:2, 1
n:j=0, d=|
",1.913925215322943e-07,"//0
p:fr=0.015
p:1.0
p:1.323, -0.315, 0.225
j:0, 1, rotstif=0.912
j:2, 1
n:j=0, d=|
",1.913925215322943e-07,feasible,25
47,0,3,"//0
p:fr=0.015
p:1.0
p:1.323, -0.315, 0.225
j:0, 1
j:2, 1
n:j=0, d=|
",1.913925215322943e-07,"//0
p:fr=0.015
p:1.0
p:1.323, -0.315, 0.225, fr=0.242
j:0, 1
j:2, 1
n:j=0, d=|
",1.423386457611062e-07,feasible,25
47,0,3,"//0
p:fr=0.015
p:1.0
p:1.323, -0.315, 0.225
j:0, 1
j:2, 1
n:j=0, d=|
",1.913925215322943e-07,"//0
p:fr=0.015
p:1.0
p:1.323, -0.315, 0.225
j:0, 1, rotstif=0.879
j:2, 1
n:j=0, d=|
",1.913925215322943e-07,feasible,25
47,0,3,"//0
p:fr=0.015
p:1.0
p:1.323, -0.315, 0.225
j:0, 1
j:2, 1
n:j=0, d=|
",1.913925215322943e-07,"//0
p:fr=0.015
p:1.0
p:1.634, -0.581, 0.186
j:0, 1
j:2, 1
n:j=0, d=|
",5.8285969315331146e-08,feasible,25
47,0,3,"//0
p:fr=0.015
p:1.0
p:1.323, -0.315, 0.225
j:0, 1
j:2, 1
n:j=0, d=|
",1.913925215322943e-07,"//0
p:fr=0.015
p:1.0
p:1.323, -0.315, 0.225
p:-0.387, 0.429, -0.425
j:0, 1
j:2, 1
j:3, 1
n:j=0, d=|
",4.6737360870928606e-08,feasible,25
47,0,3,"//0
p:fr=0.015
p:1.0
p:1.323, -0.315, 0.225
j:0, 1
j:2, 1
n:j=0, d=|
",1.913925215322943e-07,"//0
p:fr=0.015
p:1.0
p:1.323, -0.315, 0.225
j:0, 1
j:2, 1
n:j=0, d=|:r=0.943
",1.913925215322943e-07,feasible,25
47,0,4,"//0
p:fr=0.015
p:1.0
p:1.323, -0.315, 0.225
j:0, 1
j:2, 1
n:j=0, d=|
n:j=1, d=G
c:0, 1, -3.424
",7.51115206421318e-06,"//0
p:fr=0.015
p:1.0
p:1.323, -0.315, 0.225
j:0, 1, stif=0.917
j:2, 1
n:j=0, d=|
n:j=1, d=G
c:0, 1, -3.424
",5.143026996628308e-06,feasible,21
47,0,4,"//0
p:fr=0.015
p:1.0
p:1.323, -0.315, 0.225
j:0, 1
j:2, 1
n:j=0, d=|
n:j=1, d=G
c:0, 1, -3.424
",7.51115206421318e-06,"//0
p:fr=0.015
p:0.94, 0.074, -0.29
p:1.323, -0.315, 0.225
j:0, 1
j:2, 1
n:j=0, d=|
n:j=1, d=G
c:0, 1, -3.424
",1.7191367766126396e-07,feasible,21
47,0,4,"//0
p:fr=0.015
p:1.0
p:1.323, -0.315, 0.225
j:0, 1
j:2, 1
n:j=0, d=|
n:j=1, d=G
c:0, 1, -3.424
",7.51115206421318e-06,"//0
p:fr=0.015
p:1.0
p:1.323, -0.315, 0.225
j:0, 1
j:2, 1, rotstif=0.956
n:j=0, d=|
n:j=1, d=G
c:0, 1, -3.424
",7.51115206421318e-06,feasible,21
47,0,4,"//0
p:fr=0.015
p:1.0
p:1.323, -0.315, 0.225
j:0, 1
j:2, 1
n:j=0, d=|
n:j=1, d=G
c:0, 1, -3.424
",7.51115206421318e-06,"//0
p:fr=0.015
p:1.0
p:1.323, -0.315, 0.225
j:0, 1
j:2, 1
n:j=0, d=|
n:j=1, d=G
c:0, 1, -4.191
",1.1360495548316846e-05,feasible,21
47,0,4,"//0
p:fr=0.015
p:1.0
p:1.323, -0.315, 0.225
j:0, 1
j:2, 1
n:j=0, d=|
n:j=1, d=G
c:0, 1, -3.424
",7.51115206421318e-06,"//0
p:fr=0.015
p:1.0
p:1.323, -0.315, 0.225
p:-0.397, -0.679, -0.716
j:0, 1
j:2, 1
j:3, 0
n:j=0, d=|
n:j=1, d=G
c:0, 1, -3.424
",0.0010803498093773485,feasible,21
47,0,4,"//0
p:fr=0.015
p:1.0
p:1.323, -0.315, 0.225
j:0, 1
j:2, 1
n:j=0, d=|
n:j=1, d=G
c:0, 1, -3.424
",7.51115206421318e-06,"//0
p:fr=0.015
p:1.0
p:1.323, -0.315, 0.225
j:0, 1
j:2, 1, stif=0.964
n:j=0, d=|
n:j=1, d=G
c:0, 1, -3.424
",6.848702346225776e-06,feasible,21
47,0,4,"//0
p:fr=0.015
p:1.0
p:1.323, -0.315, 0.225
j:0, 1
j:2, 1
n:j=0, d=|
n:j=1, d=G
c:0, 1, -3.424
",7.51115206421318e-06,"//0
p:fr=0.064
p:1.0
p:1.323, -0.315, 0.225
j:0, 1
j:2, 1
n:j=0, d=|
n:j=1, d=G
c:0, 1, -3.424
",9.747556860507584e-06,feasible,21
47,0,4,"//0
p:fr=0.015
p:1.0
p:1.323, -0.315, 0.225
j:0, 1
j:2, 1
n:j=0, d=|
n:j=1, d=G
c:0, 1, -3.424
",7.51115206421318e-06,"//0
p:-0.128, -0.551, -0.024, fr=0.015
p:1.0
p:1.323, -0.315, 0.225
j:0, 1
j:2, 1
n:j=0, d=|
n:j=1, d=G
c:0, 1, -3.424
",5.751435080736808e-07,feasible,21
47,0,4,"//0
p:fr=0.015
p:1.0
p:1.323, -0.315, 0.225
j:0, 1
j:2, 1
n:j=0, d=|
n:j=1, d=G
c:0, 1, -3.424
",7.51115206421318e-06,"//0
p:fr=0.015
p:1.0
p:1.323, -0.315, 0.225
p:1.282, 0.347, 0.037
j:0, 1
j:2, 1
j:3, 2
n:j=0, d=|
n:j=1, d=G
c:0, 1, -3.424
",9.082875163611006e-06,feasible,21
47,0,4,"//0
p:fr=0.015
p:1.0
p:1.323, -0.315, 0.225
j:0, 1
j:2, 1
n:j=0, d=|
n:j=1, d=G
c:0, 1, -3.424
",7.51115206421318e-06,"//0
p:fr=0.015
p:1.0
p:1.323, -0.315, 0.225
j:1, 0
j:2, 0
n:j=0, d=|
n:j=1, d=G
c:0, 1, -3.424
",8.818800363073474e-07,feasible,21
47,0,4,"//0
p:fr=0.015
p:1.0
p:1.323, -0.315, 0.225
j:0, 1
j:2, 1
n:j=0, d=|
n:j=1, d=G
c:0, 1, -3.424
",7.51115206421318e-06,"//0
p:fr=0.015
p:1.0
p:1.323, -0.315, 0.225
j:0, 1
j:2, 1
n:j=0, d=|
n:j=1, d=G
c:0, 1, -3.415
",7.184457505037718e-06,feasible,21
47,0,4,"//0
p:fr=0.015
p:1.0
p:1.323, -0.315, 0.225
j:0, 1
j:2, 1
n:j=0, d=|
n:j=1, d=G
c:0, 1, -3.424
",7.51115206421318e-06,"//0
p:fr=0.015
p:1.0, fr=0.245
p:1.323, -0.315, 0.225
j:0, 1
j:2, 1
n:j=0, d=|
n:j=1, d=G
c:0, 1, -3.424
",8.438537983364568e-05,feasible,21
47,0,4,"//0
p:fr=0.015
p:1.0
p:1.323, -0.315, 0.225
j:0, 1
j:2, 1
n:j=0, d=|
n:j=1, d=G
c:0, 1, -3.424
",7.51115206421318e-06,"//0
p:fr=0.015
p:1.0
p:1.323, -0.315, 0.225
p:0.906, -0.054, 0.157
j:0, 1
j:2, 1
j:3, 1
n:j=0, d=|
n:j=1, d=G
c:0, 1, -3.424
",3.4659809309655076e-07,feasible,21
47,0,4,"//0
p:fr=0.015
p:1.0
p:1.323, -0.315, 0.225
j:0, 1
j:2, 1
n:j=0, d=|
n:j=1, d=G
c:0, 1, -3.424
",7.51115206421318e-06,"//0
p:fr=0.015
p:1.0
p:1.323, -0.315, 0.225
j:0, 1
j:2, 1
n:j=0, d=|
n:j=1, d=G
c:0, 1, 0.093
",1.49989250428892e-07,feasible,21
47,0,4,"//0
p:fr=0.015
p:1.0
p:1.323, -0.315, 0.225
j:0, 1
j:2, 1
n:j=0, d=|
n:j=1, d=G
c:0, 1, -3.424
",7.51115206421318e-06,"//0
p:fr=0.015
p:1.0
p:1.323, -0.315, 0.225
j:0, 1
j:2, 1
n:j=1, d=G
",2.9255579274713033e-10,feasible,21
47,0,4,"//0
p:fr=0.015
p:1.0
p:1.323, -0.315, 0.225
j:0, 1
j:2, 1
n:j=0, d=|
n:j=1, d=G
c:0, 1, -3.424
",7.51115206421318e-06,"//0
p:fr=0.015, ing=0.298
p:1.0
p:1.323, -0.315, 0.225
j:0, 1
j:2, 1
n:j=0, d=|
n:j=1, d=G
c:0, 1, -3.424
",7.51115206421318e-06,feasible,21
47,0,4,"//0
p:fr=0.015
p:1.0
p:1.323, -0.315, 0.225
j:0, 1
j:2, 1
n:j=0, d=|
n:j=1, d=G
c:0, 1, -3.424
",7.51115206421318e-06,"//0
p:fr=0.015
p:1.0
p:1.323, -0.315, 0.225
j:0, 1
j:2, 1
n:j=0, d=|
n:j=1, d=G
",1.913925215322943e-07,feasible,21
47,0,4,"//0
p:fr=0.015
p:1.0
p:1.323, -0.315, 0.225
j:0, 1
j:2, 1
n:j=0, d=|
n:j=1, d=G
c:0, 1, -3.424
",7.51115206421318e-06,"//0
p:fr=0.015
p:1.0
p:1.323, -0.315, 0.225
j:0, 1
j:2, 1, stif=0.947
n:j=0, d=|
n:j=1, d=G
c:0, 1, -3.424
",6.711899092555834e-06,feasible,21
47,0,4,"//0
p:fr=0.015
p:1.0
p:1.323, -0.315, 0.225
j:0, 1
j:2, 1
n:j=0, d=|
n:j=1, d=G
c:0, 1, -3.424
",7.51115206421318e-06,"//0
p:fr=0.015
p:1.0
p:1.323, -0.315, 0.225
j:0, 1
j:2, 1
n:j=0, d=|
n:j=1, d=G
c:0, 1, -5.232
",2.2581677881935866e-05,feasible,21
47,0,4,"//0
p:fr=0.015
p:1.0
p:1.323, -0.315, 0.225
j:0, 1
j:2, 1
n:j=0, d=|
n:j=1, d=G
c:0, 1, -3.424
",7.51115206421318e-06,"//0
p:-0.188, 0.362, 0.363, fr=0.015
p:1.0
p:1.323, -0.315, 0.225
j:0, 1
j:2, 1
n:j=0, d=|
n:j=1, d=G
c:0, 1, -3.424
",1.1490189769002702e-05,feasible,21
47,0,5,"//0
p:fr=0.015
p:1.0
p:1.323, -0.315, 0.225
j:0, 2
j:1, 2
n:j=0, d=|
n:j=1, d=G
c:0, 1, -3.424
",8.966713720148502e-05,"//0
p:fr=0.015
p:1.0
p:1.323, -0.315, 0.225
j:0, 2
j:1, 2
n:j=0, d=|
n:j=1, d=G
c:0, 1, -3.136
",7.271715262302116e-05,feasible,23
47,0,5,"//0
p:fr=0.015
p:1.0
p:1.323, -0.315, 0.225
j:0, 2
j:1, 2
n:j=0, d=|
n:j=1, d=G
c:0, 1, -3.424
",8.966713720148502e-05,"//0
p:fr=0.015
p:1.0
p:1.323, -0.315, 0.225
j:0, 2
j:1, 2
n:j=0, d=|:r=0.885
n:j=1, d=G
c:0, 1, -3.424
",0.00011079405517208447,feasible,23
47,0,5,"//0
p:fr=0.015
p:1.0
p:1.323, -0.315, 0.225
j:0, 2
j:1, 2
n:j=0, d=|
n:j=1, d=G
c:0, 1, -3.424
",8.966713720148502e-05,"//0
p:fr=0.015
p:1.0
p:1.323, -0.315, 0.225
j:0, 2
j:1, 2, stif=0.976
n:j=0, d=|
n:j=1, d=G
c:0, 1, -3.424
",0.00013436916446811698,feasible,23
47,0,5,"//0
p:fr=0.015
p:1.0
p:1.323, -0.315, 0.225
j:0, 2
j:1, 2
n:j=0, d=|
n:j=1, d=G
c:0, 1, -3.424
",8.966713720148502e-05,"//0
p:fr=0.015
p:1.0
p:1.323, -0.315, 0.225
j:0, 2
j:1, 2
n:j=0, d=|
n:j=1, d=G
",1.5026132229446386e-07,feasible,23
47,0,5,"//0
p:fr=0.015
p:1.0
p:1.323, -0.315, 0.225
j:0, 2
j:1, 2
n:j=0, d=|
n:j=1, d=G
c:0, 1, -3.424
",8.966713720148502e-05,"//0
p:fr=0.015
p:1.0
p:1.323, -0.315, 0.225
j:0, 2
j:1, 2, rotstif=0.999
n:j=0, d=|
n:j=1, d=G
c:0, 1, -3.424
",8.966713720148502e-05,feasible,23
47,0,5,"//0
p:fr=0.015
p:1.0
p:1.323, -0.315, 0.225
j:0, 2
j:1, 2
n:j=0, d=|
n:j=1, d=G
c:0, 1, -3.424
",8.966713720148502e-05,"//0
p:fr=0.015
p:1.0
p:1.323, -0.315, 0.225
j:0, 1
j:2, 1
n:j=0, d=|
n:j=1, d=G
c:0, 1, -3.424
",7.51115206421318e-06,feasible,23
47,0,5,"//0
p:fr=0.015
p:1.0
p:1.323, -0.315, 0.225
j:0, 2
j:1, 2
n:j=0, d=|
n:j=1, d=G
c:0, 1, -3.424
",8.966713720148502e-05,"//0
p:fr=0.015
p:1.0
p:1.323, -0.315, 0.225
p:0.982, 0.03, 1.31
j:0, 2
j:1, 2
j:3, 2
n:j=0, d=|
n:j=1, d=G
c:0, 1, -3.424
",2.377271364055261e-07,feasible,23
47,0,5,"//0
p:fr=0.015
p:1.0
p:1.323, -0.315, 0.225
j:0, 2
j:1, 2
n:j=0, d=|
n:j=1, d=G
c:0, 1, -3.424
",8.966713720148502e-05,"//0
p:fr=0.015
p:1.0
p:1.323, -0.315, 0.225
j:2, 0
j:1, 0
n:j=0, d=|
n:j=1, d=G
c:0, 1, -3.424
",1.2420087394214768e-06,feasible,23
47,0,5,"//0
p:fr=0.015
p:1.0
p:1.323, -0.315, 0.225
j:0, 2
j:1, 2
n:j=0, d=|
n:j=1, d=G
c:0, 1, -3.424
",8.966713720148502e-05,"//0
p:fr=0.015, ing=0.296
p:1.0
p:1.323, -0.315, 0.225
j:0, 2
j:1, 2
n:j=0, d=|
n:j=1, d=G
c:0, 1, -3.424
",8.966713720148502e-05,feasible,23
47,0,5,"//0
p:fr=0.015
p:1.0
p:1.323, -0.315, 0.225
j:0, 2
j:1, 2
n:j=0, d=|
n:j=1, d=G
c:0, 1, -3.424
",8.966713720148502e-05,"//0
p:fr=0.015
p:1.0
p:1.323, -0.315, 0.225
j:0, 2
j:1, 2
n:j=0, d=|
",1.5026132229446386e-07,feasible,23
47,0,5,"//0
p:fr=0.015
p:1.0
p:1.323, -0.315, 0.225
j:0, 2
j:1, 2
n:j=0, d=|
n:j=1, d=G
c:0, 1, -3.424
",8.966713720148502e-05,"//0
p:fr=0.015
p:1.0
p:1.323, -0.315, 0.225
j:0, 2
j:1, 2, stif=0.989
n:j=0, d=|
n:j=1, d=G
c:0, 1, -3.424
",5.0869981882480945e-05,feasible,23
47,0,5,"//0
p:fr=0.015
p:1.0
p:1.323, -0.315, 0.225
j:0, 2
j:1, 2
n:j=0, d=|
n:j=1, d=G
c:0, 1, -3.424
",8.966713720148502e-05,"//0
p:fr=0.015
p:1.323, -0.315, 0.225
j:0, 1
n:j=0, d=|
",2.4805809175056085e-06,feasible,23
47,0,5,"//0
p:fr=0.015
p:1.0
p:1.323, -0.315, 0.225
j:0, 2
j:1, 2
n:j=0, d=|
n:j=1, d=G
c:0, 1, -3.424
",8.966713720148502e-05,"//0
p:fr=0.015
p:1.0
p:1.323, -0.315, 0.225
j:0, 2
j:1, 2
n:j=0, d=|
n:j=1, d=G
n:p=0, d=Gpart
c:0, 1, -3.424
",8.966713720148502e-05,feasible,23
47,0,5,"//0
p:fr=0.015
p:1.0
p:1.323, -0.315, 0.225
j:0, 2
j:1, 2
n:j=0, d=|
n:j=1, d=G
c:0, 1, -3.424
",8.966713720148502e-05,"//0
p:fr=0.015, ing=0.427
p:1.0
p:1.323, -0.315, 0.225
j:0, 2
j:1, 2
n:j=0, d=|
n:j=1, d=G
c:0, 1, -3.424
",8.966713720148502e-05,feasible,23
47,0,5,"//0
p:fr=0.015
p:1.0
p:1.323, -0.315, 0.225
j:0, 2
j:1, 2
n:j=0, d=|
n:j=1, d=G
c:0, 1, -3.424
",8.966713720148502e-05,"//0
p:fr=0.015
p:1.0, fr=1.308
p:1.323, -0.315, 0.225
j:0, 2
j:1, 2
n:j=0, d=|
n:j=1, d=G
c:0, 1, -3.424
",0.0008228393279529831,feasible,23
47,0,5,"//0
p:fr=0.015
p:1.0
p:1.323, -0.315, 0.225
j:0, 2
j:1, 2
n:j=0, d=|
n:j=1, d=G
c:0, 1, -3.424
",8.966713720148502e-05,"//0
p:fr=0.015
p:1.0
p:1.323, -0.315, 0.225
j:0, 2
j:1, 2
n:j=0, d=|
n:j=1, d=G
c:0, 1, -2.725
",0.00027065445813514235,feasible,23
47,0,5,"//0
p:fr=0.015
p:1.0
p:1.323, -0.315, 0.225
j:0, 2
j:1, 2
n:j=0, d=|
n:j=1, d=G
c:0, 1, -3.424
",8.966713720148502e-05,"//0
p:1.0
p:1.323, -0.315, 0.225
j:0, 1
n:j=0, d=G
",2.8714364601606537e-18,feasible,23
47,0,5,"//0
p:fr=0.015
p:1.0
p:1.323, -0.315, 0.225
j:0, 2
j:1, 2
n:j=0, d=|
n:j=1, d=G
c:0, 1, -3.424
",8.966713720148502e-05,"//0
p:fr=0.015
p:0.869, 0.442, 0.501
p:1.323, -0.315, 0.225
j:0, 2
j:1, 2
n:j=0, d=|
n:j=1, d=G
c:0, 1, -3.424
",1.0773648218780145e-08,feasible,23
47,0,5,"//0
p:fr=0.015
p:1.0
p:1.323, -0.315, 0.225
j:0, 2
j:1, 2
n:j=0, d=|
n:j=1, d=G
c:0, 1, -3.424
",8.966713720148502e-05,"//0
p:fr=0.015
p:1.0
p:1.323, -0.315, 0.225
j:0, 2, stif=0.999
j:1, 2
n:j=0, d=|
n:j=1, d=G
c:0, 1, -3.424
",0.00014328425723303634,feasible,23
47,0,5,"//0
p:fr=0.015
p:1.0
p:1.323, -0.315, 0.225
j:0, 2
j:1, 2
n:j=0, d=|
n:j=1, d=G
c:0, 1, -3.424
",8.966713720148502e-05,"//0
p:fr=0.015
p:1.0
p:1.323, -0.315, 0.225
j:0, 2
j:1, 2
n:j=0, d=|
n:j=1, d=G
n:j=1, d=@
c:0, 1, -3.424
c:2, 1, -1.764
",8.04689521978304e-05,feasible,23
47,0,6,"//0
p:fr=0.015
p:1.0, fr=0.97
p:1.323, -0.315, 0.225
j:0, 2
j:1, 2
n:j=0, d=|
n:j=1, d=G
c:0, 1, -3.424
",0.0008696532528212588,"//0
p:fr=0.015
p:1.0, fr=0.97
p:1.323, -0.315, 0.225, ing=0.106
j:0, 2
j:1, 2
n:j=0, d=|
n:j=1, d=G
c:0, 1, -3.424
",0.0008696532528212588,feasible,20
47,0,6,"//0
p:fr=0.015
p:1.0, fr=0.97
p:1.323, -0.315, 0.225
j:0, 2
j:1, 2
n:j=0, d=|
n:j=1, d=G
c:0, 1, -3.424
",0.0008696532528212588,"//0
p:fr=0.015
p:1.0, fr=0.97
p:1.323, -0.315, 0.225
j:0, 2
j:1, 2
n:j=0, d=|
n:j=1, d=G
c:0, 1, -3.877
",0.0008666407645871754,feasible,20
47,0,6,"//0
p:fr=0.015
p:1.0, fr=0.97
p:1.323, -0.315, 0.225
j:0, 2
j:1, 2
n:j=0, d=|
n:j=1, d=G
c:0, 1, -3.424
",0.0008696532528212588,"//0
p:fr=0.015, ing=0.188
p:1.0, fr=0.97
p:1.323, -0.315, 0.225
j:0, 2
j:1, 2
n:j=0, d=|
n:j=1, d=G
c:0, 1, -3.424
",0.0008696532528212588,feasible,20
47,0,6,"//0
p:fr=0.015
p:1.0, fr=0.97
p:1.323, -0.315, 0.225
j:0, 2
j:1, 2
n:j=0, d=|
n:j=1, d=G
c:0, 1, -3.424
",0.0008696532528212588,"//0
p:fr=0.015
p:1.0, fr=0.97
p:1.323, -0.315, 0.225
j:0, 2
j:1, 2, rotstif=0.965
n:j=0, d=|
n:j=1, d=G
c:0, 1, -3.424
",0.0008696532528212588,feasible,20
47,0,6,"//0
p:fr=0.015
p:1.0, fr=0.97
p:1.323, -0.315, 0.225
j:0, 2
j:1, 2
n:j=0, d=|
n:j=1, d=G
c:0, 1, -3.424
",0.0008696532528212588,"//0
p:fr=0.015
p:1.0, fr=0.97
p:1.323, -0.315, 0.225
j:0, 2
j:1, 2, rotstif=0.972
n:j=0, d=|
n:j=1, d=G
c:0, 1, -3.424
",0.0008696532528212588,feasible,20
47,0,6,"//0
p:fr=0.015
p:1.0, fr=0.97
p:1.323, -0.315, 0.225
j:0, 2
j:1, 2
n:j=0, d=|
n:j=1, d=G
c:0, 1, -3.424
",0.0008696532528212588,"//0
p:fr=0.015
p:1.0, fr=0.97
p:1.323, -0.315, 0.225
j:0, 2
j:1, 2
n:j=0, d=|:p=0.337
n:j=1, d=G
c:0, 1, -3.424
",0.0005421683396732502,feasible,20
47,0,6,"//0
p:fr=0.015
p:1.0, fr=0.97
p:1.323, -0.315, 0.225
j:0, 2
j:1, 2
n:j=0, d=|
n:j=1, d=G
c:0, 1, -3.424
",0.0008696532528212588,"//0
p:fr=0.053
p:1.0, fr=0.97
p:1.323, -0.315, 0.225
j:0, 2
j:1, 2
n:j=0, d=|
n:j=1, d=G
c:0, 1, -3.424
",0.000759851200691964,feasible,20
47,0,6,"//0
p:fr=0.015
p:1.0, fr=0.97
p:1.323, -0.315, 0.225
j:0, 2
j:1, 2
n:j=0, d=|
n:j=1, d=G
c:0, 1, -3.424
",0.0008696532528212588,"//0
p:fr=0.015
p:1.0, fr=0.97
p:1.323, -0.315, 0.225
j:0, 2
j:1, 2, stif=0.922
n:j=0, d=|
n:j=1, d=G
c:0, 1, -3.424
",0.0009836380973096152,feasible,20
47,0,6,"//0
p:fr=0.015
p:1.0, fr=0.97
p:1.323, -0.315, 0.225
j:0, 2
j:1, 2
n:j=0, d=|
n:j=1, d=G
c:0, 1, -3.424
",0.0008696532528212588,"//0
p:fr=0.015
p:1.0, fr=0.97
p:1.323, -0.315, 0.225
j:0, 2
j:1, 2
n:j=0, d=|:p=0.331
n:j=1, d=G
c:0, 1, -3.424
",0.0003192212842982394,feasible,20
47,0,6,"//0
p:fr=0.015
p:1.0, fr=0.97
p:1.323, -0.315, 0.225
j:0, 2
j:1, 2
n:j=0, d=|
n:j=1, d=G
c:0, 1, -3.424
",0.0008696532528212588,"//0
p:fr=0.015
p:1.0, fr=0.97
p:1.323, -0.315, 0.225
j:0, 2
j:1, 2
j:1, 0
n:j=0, d=|
n:j=1, d=G
c:0, 1, -3.424
",0.0009787986400435053,feasible,20
47,0,6,"//0
p:fr=0.015
p:1.0, fr=0.97
p:1.323, -0.315, 0.225
j:0, 2
j:1, 2
n:j=0, d=|
n:j=1, d=G
c:0, 1, -3.424
",0.0008696532528212588,"//0
p:fr=0.015
p:1.0, fr=0.97
p:1.323, -0.315, 0.225, fr=1.172
j:0, 2
j:1, 2
n:j=0, d=|
n:j=1, d=G
c:0, 1, -3.424
",0.001111936642285208,feasible,20
47,0,6,"//0
p:fr=0.015
p:1.0, fr=0.97
p:1.323, -0.315, 0.225
j:0, 2
j:1, 2
n:j=0, d=|
n:j=1, d=G
c:0, 1, -3.424
",0.0008696532528212588,"//0
p:fr=0.015
p:1.0, fr=0.97
p:1.323, -0.315, 0.225
j:0, 2
j:1, 2
n:j=1, d=G
",1.4361945910775693e-14,feasible,20
47,0,6,"//0
p:fr=0.015
p:1.0, fr=0.97
p:1.323, -0.315, 0.225
j:0, 2
j:1, 2
n:j=0, d=|
n:j=1, d=G
c:0, 1, -3.424
",0.0008696532528212588,"//0
p:fr=0.015
p:1.0, fr=0.97
p:1.323, -0.315, 0.225
p:2.115, -0.437, -0.131
j:0, 2
j:1, 2
j:3, 2
n:j=0, d=|
n:j=1, d=G
c:0, 1, -3.424
",1.785079392630808e-05,feasible,20
47,0,6,"//0
p:fr=0.015
p:1.0, fr=0.97
p:1.323, -0.315, 0.225
j:0, 2
j:1, 2
n:j=0, d=|
n:j=1, d=G
c:0, 1, -3.424
",0.0008696532528212588,"//0
p:fr=0.015
p:1.0, fr=0.97
p:1.323, -0.315, 0.225
j:0, 2
j:1, 2
n:j=0, d=|
n:j=1, d=G
",1.0853910606618634e-07,feasible,20
47,0,6,"//0
p:fr=0.015
p:1.0, fr=0.97
p:1.323, -0.315, 0.225
j:0, 2
j:1, 2
n:j=0, d=|
n:j=1, d=G
c:0, 1, -3.424
",0.0008696532528212588,"//0
p:fr=0.015
p:1.0, fr=0.97
p:1.323, -0.315, 0.225
j:0, 2
j:1, 2
n:j=0, d=|:p=0.233
n:j=1, d=G
c:0, 1, -3.424
",0.001033995660525767,feasible,20
47,0,6,"//0
p:fr=0.015
p:1.0, fr=0.97
p:1.323, -0.315, 0.225
j:0, 2
j:1, 2
n:j=0, d=|
n:j=1, d=G
c:0, 1, -3.424
",0.0008696532528212588,"//0
p:fr=0.015
p:1.0, fr=0.97
p:1.323, -0.315, 0.225
j:0, 2
j:1, 2, stif=0.997
n:j=0, d=|
n:j=1, d=G
c:0, 1, -3.424
",0.0008154805124639013,feasible,20
47,0,6,"//0
p:fr=0.015
p:1.0, fr=0.97
p:1.323, -0.315, 0.225
j:0, 2
j:1, 2
n:j=0, d=|
n:j=1, d=G
c:0, 1, -3.424
",0.0008696532528212588,"//0
p:fr=0.015
p:1.0, fr=0.97
p:1.323, -0.315, 0.225
j:0, 2
j:1, 2
n:j=0, d=|
n:j=1, d=G
c:0, 1, -1.579
",0.0012494126323889469,feasible,20
47,0,6,"//0
p:fr=0.015
p:1.0, fr=0.97
p:1.323, -0.315, 0.225
j:0, 2
j:1, 2
n:j=0, d=|
n:j=1, d=G
c:0, 1, -3.424
",0.0008696532528212588,"//0
p:fr=0.015
p:1.0, fr=0.97
p:1.323, -0.315, 0.225
j:0, 2
j:1, 2
n:j=0, d=|:r=0.823
n:j=1, d=G
c:0, 1, -3.424
",0.0007517266431709693,feasible,20
47,0,6,"//0
p:fr=0.015
p:1.0, fr=0.97
p:1.323, -0.315, 0.225
j:0, 2
j:1, 2
n:j=0, d=|
n:j=1, d=G
c:0, 1, -3.424
",0.0008696532528212588,"//0
p:fr=0.015
p:1.0, fr=0.97
p:1.323, -0.315, 0.225
j:0, 2
j:1, 2, rotstif=0.881
n:j=0, d=|
n:j=1, d=G
c:0, 1, -3.424
",0.0008696532528212588,feasible,20
47,0,6,"//0
p:fr=0.015
p:1.0, fr=0.97
p:1.323, -0.315, 0.225
j:0, 2
j:1, 2
n:j=0, d=|
n:j=1, d=G
c:0, 1, -3.424
",0.0008696532528212588,"//0
p:fr=0.015
p:1.0, fr=0.97
p:1.323, -0.315, 0.225
j:0, 2, rotstif=0.964
j:1, 2
n:j=0, d=|
n:j=1, d=G
c:0, 1, -3.424
",0.0008696532528212588,feasible,20
47,0,7,"//0
p:fr=0.015
p:1.0, fr=0.97
p:1.323, -0.315, 0.225
j:0, 2
j:1, 2, stif=0.971
n:j=0, d=|
n:j=1, d=G
c:0, 1, -3.424
",0.0009604217154876628,"//0
p:fr=0.015
p:1.0, fr=0.97
p:1.323, -0.315, 0.225, ing=0.077
j:0, 2
j:1, 2, stif=0.971
n:j=0, d=|
n:j=1, d=G
c:0, 1, -3.424
",0.0009604217154876628,feasible,20
47,0,7,"//0
p:fr=0.015
p:1.0, fr=0.97
p:1.323, -0.315, 0.225
j:0, 2
j:1, 2, stif=0.971
n:j=0, d=|
n:j=1, d=G
c:0, 1, -3.424
",0.0009604217154876628,"//0
p:1.0, fr=0.97
p:1.323, -0.315, 0.225
j:0, 1, stif=0.971
n:j=0, d=G
",1.8919927861183934e-18,feasible,20
47,0,7,"//0
p:fr=0.015
p:1.0, fr=0.97
p:1.323, -0.315, 0.225
j:0, 2
j:1, 2, stif=0.971
n:j=0, d=|
n:j=1, d=G
c:0, 1, -3.424
",0.0009604217154876628,"//0
p:fr=0.015
p:1.0, fr=0.97
p:1.323, -0.315, 0.225
j:0, 2
j:1, 2, stif=0.995
n:j=0, d=|
n:j=1, d=G
c:0, 1, -3.424
",0.0008989900779907682,feasible,20
47,0,7,"//0
p:fr=0.015
p:1.0, fr=0.97
p:1.323, -0.315, 0.225
j:0, 2
j:1, 2, stif=0.971
n:j=0, d=|
n:j=1, d=G
c:0, 1, -3.424
",0.0009604217154876628,"//0
p:fr=0.015
p:1.0, fr=0.97
p:1.323, -0.315, 0.225
j:0, 2
j:1, 2, stif=0.971
n:j=0, d=|
n:j=1, d=G
n:p=2, d=T
c:0, 1, -3.424
",0.0009604217154876628,feasible,20
47,0,7,"//0
p:fr=0.015
p:1.0, fr=0.97
p:1.323, -0.315, 0.225
j:0, 2
j:1, 2, stif=0.971
n:j=0, d=|
n:j=1, d=G
c:0, 1, -3.424
",0.0009604217154876628,"//0
p:fr=0.015
p:1.0, fr=0.97
p:1.323, -0.315, 0.225
j:0, 2
j:1, 2, stif=0.971
n:j=0, d=|
n:j=1, d=G
c:0, 1, -2.747
",0.0008029579166351471,feasible,20
47,0,7,"//0
p:fr=0.015
p:1.0, fr=0.97
p:1.323, -0.315, 0.225
j:0, 2
j:1, 2, stif=0.971
n:j=0, d=|
n:j=1, d=G
c:0, 1, -3.424
",0.0009604217154876628,"//0
p:fr=0.015
p:1.0, fr=0.97
p:1.323, -0.315, 0.225
j:0, 2
j:1, 2, stif=0.971
n:j=1, d=G
",4.2821569646123664e-14,feasible,20
47,0,7,"//0
p:fr=0.015
p:1.0, fr=0.97
p:1.323, -0.315, 0.225
j:0, 2
j:1, 2, stif=0.971
n:j=0, d=|
n:j=1, d=G
c:0, 1, -3.424
",0.0009604217154876628,"//0
p:fr=0.015
p:1.0, fr=0.97
p:1.323, -0.315, 0.225
j:0, 2
j:1, 2, stif=0.971
n:j=0, d=|
n:j=1, d=G
c:0, 1, -2.332
",0.0008655246521684658,feasible,20
47,0,7,"//0
p:fr=0.015
p:1.0, fr=0.97
p:1.323, -0.315, 0.225
j:0, 2
j:1, 2, stif=0.971
n:j=0, d=|
n:j=1, d=G
c:0, 1, -3.424
",0.0009604217154876628,"//0
p:fr=0.015
p:1.323, -0.315, 0.225
j:0, 1
n:j=0, d=|
",2.4805809175056085e-06,feasible,20
47,0,7,"//0
p:fr=0.015
p:1.0, fr=0.97
p:1.323, -0.315, 0.225
j:0, 2
j:1, 2, stif=0.971
n:j=0, d=|
n:j=1, d=G
c:0, 1, -3.424
",0.0009604217154876628,"//0
p:fr=0.015
p:1.0, fr=0.722
p:1.323, -0.315, 0.225
j:0, 2
j:1, 2, stif=0.971
n:j=0, d=|
n:j=1, d=G
c:0, 1, -3.424
",0.0006036840483638177,feasible,20
47,0,7,"//0
p:fr=0.015
p:1.0, fr=0.97
p:1.323, -0.315, 0.225
j:0, 2
j:1, 2, stif=0.971
n:j=0, d=|
n:j=1, d=G
c:0, 1, -3.424
",0.0009604217154876628,"//0
p:fr=0.015
p:1.0, fr=0.97
p:1.323, -0.315, 0.225, fr=0.165
j:0, 2
j:1, 2, stif=0.971
n:j=0, d=|
n:j=1, d=G
c:0, 1, -3.424
",7.001243367074993e-05,feasible,20
47,0,7,"//0
p:fr=0.015
p:1.0, fr=0.97
p:1.323, -0.315, 0.225
j:0, 2
j:1, 2, stif=0.971
n:j=0, d=|
n:j=1, d=G
c:0, 1, -3.424
",0.0009604217154876628,"//0
p:fr=0.015
p:1.0, fr=0.97
p:1.323, -0.315, 0.225
j:0, 2
j:1, 2, stif=0.971, rotstif=0.997
n:j=0, d=|
n:j=1, d=G
c:0, 1, -3.424
",0.0009604217154876628,feasible,20
47,0,7,"//0
p:fr=0.015
p:1.0, fr=0.97
p:1.323, -0.315, 0.225
j:0, 2
j:1, 2, stif=0.971
n:j=0, d=|
n:j=1, d=G
c:0, 1, -3.424
",0.0009604217154876628,"//0
p:fr=0.015
p:1.0, fr=0.97
p:1.323, -0.315, 0.225
j:0, 2
j:1, 2, stif=0.971
n:j=0, d=|
n:j=1, d=G
c:0, 1, -3.194
",0.000899735985072167,feasible,20
47,0,7,"//0
p:fr=0.015
p:1.0, fr=0.97
p:1.323, -0.315, 0.225
j:0, 2
j:1, 2, stif=0.971
n:j=0, d=|
n:j=1, d=G
c:0, 1, -3.424
",0.0009604217154876628,"//0
p:fr=0.015
p:1.0, fr=0.97
p:1.323, -0.315, 0.225
j:0, 2
j:1, 2, stif=0.917
n:j=0, d=|
n:j=1, d=G
c:0, 1, -3.424
",0.0009929437464916576,feasible,20
47,0,7,"//0
p:fr=0.015
p:1.0, fr=0.97
p:1.323, -0.315, 0.225
j:0, 2
j:1, 2, stif=0.971
n:j=0, d=|
n:j=1, d=G
c:0, 1, -3.424
",0.0009604217154876628,"//0
p:fr=0.402
p:1.0, fr=0.97
p:1.323, -0.315, 0.225
j:0, 2
j:1, 2, stif=0.971
n:j=0, d=|
n:j=1, d=G
c:0, 1, -3.424
",0.00016158950526327042,feasible,20
47,0,7,"//0
p:fr=0.015
p:1.0, fr=0.97
p:1.323, -0.315, 0.225
j:0, 2
j:1, 2, stif=0.971
n:j=0, d=|
n:j=1, d=G
c:0, 1, -3.424
",0.0009604217154876628,"//0
p:fr=0.015
p:1.0, fr=0.97
p:1.323, -0.315, 0.225
j:0, 2, stif=0.914
j:1, 2, stif=0.971
n:j=0, d=|
n:j=1, d=G
c:0, 1, -3.424
",0.0008823399418863671,feasible,20
47,0,7,"//0
p:fr=0.015
p:1.0, fr=0.97
p:1.323, -0.315, 0.225
j:0, 2
j:1, 2, stif=0.971
n:j=0, d=|
n:j=1, d=G
c:0, 1, -3.424
",0.0009604217154876628,"//0
p:-0.221, -0.212, 0.115, fr=0.015
p:1.0, fr=0.97
p:1.323, -0.315, 0.225
j:0, 2
j:1, 2, stif=0.971
n:j=0, d=|
n:j=1, d=G
c:0, 1, -3.424
",0.00018636308510314655,feasible,20
47,0,7,"//0
p:fr=0.015
p:1.0, fr=0.97
p:1.323, -0.315, 0.225
j:0, 2
j:1, 2, stif=0.971
n:j=0, d=|
n:j=1, d=G
c:0, 1, -3.424
",0.0009604217154876628,"//0
p:fr=0.015
p:1.0, fr=0.97
p:1.323, -0.315, 0.225
j:0, 2
j:1, 2, stif=0.971
n:j=0, d=|
n:j=1, d=G
c:0, 1, 0.001
",1.9731639049990148e-07,feasible,20
47,0,7,"//0
p:fr=0.015
p:1.0, fr=0.97
p:1.323, -0.315, 0.225
j:0, 2
j:1, 2, stif=0.971
n:j=0, d=|
n:j=1, d=G
c:0, 1, -3.424
",0.0009604217154876628,"//0
p:fr=0.015
p:1.0, fr=0.97
p:1.323, -0.315, 0.225
j:0, 2
j:1, 2, stif=0.971
n:j=0, d=|
n:j=1, d=G
",1.4360213333358357e-07,feasible,20
47,0,7,"//0
p:fr=0.015
p:1.0, fr=0.97
p:1.323, -0.315, 0.225
j:0, 2
j:1, 2, stif=0.971
n:j=0, d=|
n:j=1, d=G
c:0, 1, -3.424
",0.0009604217154876628,"//0
p:fr=0.015
p:0.943, -0.301, -0.206, fr=0.97
p:1.323, -0.315, 0.225
j:0, 2
j:1, 2, stif=0.971
n:j=0, d=|
n:j=1, d=G
c:0, 1, -3.424
",2.444723006333032e-07,feasible,20
47,0,7,"//0
p:fr=0.015
p:1.0, fr=0.97
p:1.323, -0.315, 0.225
j:0, 2
j:1, 2, stif=0.971
n:j=0, d=|
n:j=1, d=G
c:0, 1, -3.424
",0.0009604217154876628,"//0
p:fr=0.015, ing=0.207
p:1.0, fr=0.97
p:1.323, -0.315, 0.225
j:0, 2
j:1, 2, stif=0.971
n:j=0, d=|
n:j=1, d=G
c:0, 1, -3.424
",0.0009604217154876628,feasible,20
47,0,8,"//0
p:fr=0.015
p:1.0, fr=0.97
p:1.323, -0.315, 0.225, fr=0.687
j:0, 2
j:1, 2, stif=0.971
n:j=0, d=|
n:j=1, d=G
c:0, 1, -3.424
",0.0010430689756107214,"//0
p:fr=0.015
p:1.0, fr=0.97
p:1.323, -0.315, 0.225, fr=0.687
j:2, 0
j:1, 0, stif=0.971
n:j=0, d=|
n:j=1, d=G
c:0, 1, -3.424
",8.484896913664129e-07,feasible,24
47,0,8,"//0
p:fr=0.015
p:1.0, fr=0.97
p:1.323, -0.315, 0.225, fr=0.687
j:0, 2
j:1, 2, stif=0.971
n:j=0, d=|
n:j=1, d=G
c:0, 1, -3.424
",0.0010430689756107214,"//0
p:fr=0.015
p:1.0, fr=0.97
p:1.323, -0.315, 0.225, fr=0.687
j:1, 2
j:0, 2, stif=0.971
n:j=0, d=|
n:j=1, d=G
c:0, 1, -3.424
",6.43384975456415e-05,feasible,24
47,0,8,"//0
p:fr=0.015
p:1.0, fr=0.97
p:1.323, -0.315, 0.225, fr=0.687
j:0, 2
j:1, 2, stif=0.971
n:j=0, d=|
n:j=1, d=G
c:0, 1, -3.424
",0.0010430689756107214,"//0
p:fr=0.015
p:1.0, fr=0.97
p:1.323, -0.315, 0.225, fr=0.687
j:0, 2
j:1, 2, stif=0.971
n:j=0, d=|
",1.489969656077058e-07,feasible,24
47,0,8,"//0
p:fr=0.015
p:1.0, fr=0.97
p:1.323, -0.315, 0.225, fr=0.687
j:0, 2
j:1, 2, stif=0.971
n:j=0, d=|
n:j=1, d=G
c:0, 1, -3.424
",0.0010430689756107214,"//0
p:fr=0.015
p:1.0, fr=0.97
p:1.323, -0.315, 0.225, fr=0.687
j:0, 2
j:1, 2, stif=0.971
n:j=0, d=|
n:j=1, d=G
n:p=2, d=T
c:0, 1, -3.424
",0.0010430689756107214,feasible,24
47,0,8,"//0
p:fr=0.015
p:1.0, fr=0.97
p:1.323, -0.315, 0.225, fr=0.687
j:0, 2
j:1, 2, stif=0.971
n:j=0, d=|
n:j=1, d=G
c:0, 1, -3.424
",0.0010430689756107214,"//0
p:fr=0.015
p:1.0, fr=0.97
p:1.323, -0.315, 0.225, fr=0.687
j:0, 2
j:1, 2, stif=0.971
n:j=0, d=|
n:j=1, d=G
c:0, 1, -5.727
",0.0010001818601104691,feasible,24
47,0,8,"//0
p:fr=0.015
p:1.0, fr=0.97
p:1.323, -0.315, 0.225, fr=0.687
j:0, 2
j:1, 2, stif=0.971
n:j=0, d=|
n:j=1, d=G
c:0, 1, -3.424
",0.0010430689756107214,"//0
p:fr=0.015
p:1.0, fr=0.97
p:1.323, -0.315, 0.225, fr=0.687
j:0, 1
j:2, 1, stif=0.971
n:j=0, d=|
n:j=1, d=G
c:0, 1, -3.424
",1.7221232255125533e-07,feasible,24
47,0,8,"//0
p:fr=0.015
p:1.0, fr=0.97
p:1.323, -0.315, 0.225, fr=0.687
j:0, 2
j:1, 2, stif=0.971
n:j=0, d=|
n:j=1, d=G
c:0, 1, -3.424
",0.0010430689756107214,"//0
p:fr=0.015
p:1.323, -0.315, 0.225, fr=0.687
j:0, 1
n:j=0, d=|
",1.0531572351627332e-06,feasible,24
47,0,8,"//0
p:fr=0.015
p:1.0, fr=0.97
p:1.323, -0.315, 0.225, fr=0.687
j:0, 2
j:1, 2, stif=0.971
n:j=0, d=|
n:j=1, d=G
c:0, 1, -3.424
",0.0010430689756107214,"//0
p:1.0, fr=0.97
p:1.323, -0.315, 0.225, fr=0.687
j:0, 1, stif=0.971
n:j=0, d=G
",1.947320318724298e-18,feasible,24
47,0,8,"//0
p:fr=0.015
p:1.0, fr=0.97
p:1.323, -0.315, 0.225, fr=0.687
j:0, 2
j:1, 2, stif=0.971
n:j=0, d=|
n:j=1, d=G
c:0, 1, -3.424
",0.0010430689756107214,"//0
p:fr=0.015
p:1.0, fr=0.97
p:1.323, -0.315, 0.225, fr=0.687, ing=0.431
j:0, 2
j:1, 2, stif=0.971
n:j=0, d=|
n:j=1, d=G
c:0, 1, -3.424
",0.0010430689756107214,feasible,24
47,0,8,"//0
p:fr=0.015
p:1.0, fr=0.97
p:1.323, -0.315, 0.225, fr=0.687
j:0, 2
j:1, 2, stif=0.971
n:j=0, d=|
n:j=1, d=G
c:0, 1, -3.424
",0.0010430689756107214,"//0
p:fr=0.015
p:1.0, fr=0.97
p:1.323, -0.315, 0.225, fr=0.687
j:0, 2
j:1, 2, stif=0.98
n:j=0, d=|
n:j=1, d=G
c:0, 1, -3.424
",0.0010895155768700126,feasible,24
47,0,8,"//0
p:fr=0.015
p:1.0, fr=0.97
p:1.323, -0.315, 0.225, fr=0.687
j:0, 2
j:1, 2, stif=0.971
n:j=0, d=|
n:j=1, d=G
c:0, 1, -3.424
",0.0010430689756107214,"//0
p:fr=0.015
p:1.0, fr=0.97
p:1.323, -0.315, 0.225, fr=0.687
j:0, 2, stif=0.966
j:1, 2, stif=0.971
n:j=0, d=|
n:j=1, d=G
c:0, 1, -3.424
",0.001036824327289346,feasible,24
47,0,8,"//0
p:fr=0.015
p:1.0, fr=0.97
p:1.323, -0.315, 0.225, fr=0.687
j:0, 2
j:1, 2, stif=0.971
n:j=0, d=|
n:j=1, d=G
c:0, 1, -3.424
",0.0010430689756107214,"//0
p:fr=0.015
p:1.0, fr=0.97
p:1.323, -0.315, 0.225, fr=0.687
j:0, 2
j:1, 2, stif=0.971
n:j=0, d=|:p=0.213
n:j=1, d=G
c:0, 1, -3.424
",0.0008705681585304814,feasible,24
47,0,8,"//0
p:fr=0.015
p:1.0, fr=0.97
p:1.323, -0.315, 0.225, fr=0.687
j:0, 2
j:1, 2, stif=0.971
n:j=0, d=|
n:j=1, d=G
c:0, 1, -3.424
",0.0010430689756107214,"//0
p:fr=0.015
p:1.0, fr=0.97
p:1.323, -0.315, 0.225, fr=0.687
j:0, 2
j:1, 2, stif=0.971
n:j=0, d=|
n:j=1, d=G
c:0, 1, -4.27
",0.000986510123511315,feasible,24
47,0,8,"//0
p:fr=0.015
p:1.0, fr=0.97
p:1.323, -0.315, 0.225, fr=0.687
j:0, 2
j:1, 2, stif=0.971
n:j=0, d=|
n:j=1, d=G
c:0, 1, -3.424
",0.0010430689756107214,"//0
p:fr=0.015
p:1.0, fr=0.97
p:1.323, -0.315, 0.225, fr=0.659
j:0, 2
j:1, 2, stif=0.971
n:j=0, d=|
n:j=1, d=G
c:0, 1, -3.424
",0.0010871216125002173,feasible,24
47,0,8,"//0
p:fr=0.015
p:1.0, fr=0.97
p:1.323, -0.315, 0.225, fr=0.687
j:0, 2
j:1, 2, stif=0.971
n:j=0, d=|
n:j=1, d=G
c:0, 1, -3.424
",0.0010430689756107214,"//0
p:fr=0.015
p:1.0, fr=0.97
p:1.323, -0.315, 0.225, fr=0.687
j:0, 2
j:1, 2, stif=0.971, rotstif=0.944
n:j=0, d=|
n:j=1, d=G
c:0, 1, -3.424
",0.0010430689756107214,feasible,24
47,0,8,"//0
p:fr=0.015
p:1.0, fr=0.97
p:1.323, -0.315, 0.225, fr=0.687
j:0, 2
j:1, 2, stif=0.971
n:j=0, d=|
n:j=1, d=G
c:0, 1, -3.424
",0.0010430689756107214,"//0
p:fr=0.015
p:1.0, fr=0.97
p:1.323, -0.315, 0.225, fr=0.687
j:0, 2, rotstif=0.924
j:1, 2, stif=0.971
n:j=0, d=|
n:j=1, d=G
c:0, 1, -3.424
",0.0010430689756107214,feasible,24
47,0,8,"//0
p:fr=0.015
p:1.0, fr=0.97
p:1.323, -0.315, 0.225, fr=0.687
j:0, 2
j:1, 2, stif=0.971
n:j=0, d=|
n:j=1, d=G
c:0, 1, -3.424
",0.0010430689756107214,"//0
p:fr=0.015
p:1.0, fr=0.97
p:1.323, -0.315, 0.225, fr=0.687
j:0, 2
j:1, 2, stif=0.971, rotstif=0.965
n:j=0, d=|
n:j=1, d=G
c:0, 1, -3.424
",0.0010430689756107214,feasible,24
47,0,8,"//0
p:fr=0.015
p:1.0, fr=0.97
p:1.323, -0.315, 0.225, fr=0.687
j:0, 2
j:1, 2, stif=0.971
n:j=0, d=|
n:j=1, d=G
c:0, 1, -3.424
",0.0010430689756107214,"//0
p:fr=0.015
p:1.0, fr=0.97
p:1.323, -0.315, 0.225, fr=0.687
j:0, 2
j:1, 2, stif=0.875
n:j=0, d=|
n:j=1, d=G
c:0, 1, -3.424
",0.001083331615081327,feasible,24
47,0,8,"//0
p:fr=0.015
p:1.0, fr=0.97
p:1.323, -0.315, 0.225, fr=0.687
j:0, 2
j:1, 2, stif=0.971
n:j=0, d=|
n:j=1, d=G
c:0, 1, -3.424
",0.0010430689756107214,"//0
p:fr=0.015
p:1.0, fr=0.97
p:1.323, -0.315, 0.225, fr=0.687
j:0, 2
j:1, 2, stif=0.971, rotstif=0.964
n:j=0, d=|
n:j=1, d=G
c:0, 1, -3.424
",0.0010430689756107214,feasible,24
47,0,8,"//0
p:fr=0.015
p:1.0, fr=0.97
p:1.323, -0.315, 0.225, fr=0.687
j:0, 2
j:1, 2, stif=0.971
n:j=0, d=|
n:j=1, d=G
c:0, 1, -3.424
",0.0010430689756107214,"//0
p:fr=0.015
p:1.0, fr=0.97
p:1.323, -0.315, 0.225, fr=0.687
j:0, 2
j:1, 2, stif=0.971
n:j=0, d=|
n:j=1, d=G
c:0, 1, 2.888
",1.4849869285437856e-07,feasible,24
47,0,9,"//0
p:fr=0.015
p:1.0, fr=0.97
p:1.323, -0.315, 0.225, fr=0.687
j:0, 2
j:1, 2, stif=0.964
n:j=0, d=|
n:j=1, d=G
c:0, 1, -3.424
",0.0010585641556231666,"//0
p:fr=0.015
p:1.0, fr=0.97
p:1.323, -0.315, 0.225, fr=0.687
j:0, 2
j:1, 2, stif=0.964
n:j=0, d=|
n:j=1, d=G
c:0, 1, -3.617
",0.0010042022415546665,feasible,21
47,0,9,"//0
p:fr=0.015
p:1.0, fr=0.97
p:1.323, -0.315, 0.225, fr=0.687
j:0, 2
j:1, 2, stif=0.964
n:j=0, d=|
n:j=1, d=G
c:0, 1, -3.424
",0.0010585641556231666,"//0
p:fr=0.015
p:1.0, fr=0.97, ing=0.394
p:1.323, -0.315, 0.225, fr=0.687
j:0, 2
j:1, 2, stif=0.964
n:j=0, d=|
n:j=1, d=G
c:0, 1, -3.424
",0.0010585641556231666,feasible,21
47,0,9,"//0
p:fr=0.015
p:1.0, fr=0.97
p:1.323, -0.315, 0.225, fr=0.687
j:0, 2
j:1, 2, stif=0.964
n:j=0, d=|
n:j=1, d=G
c:0, 1, -3.424
",0.0010585641556231666,"//0
p:fr=0.015
p:1.0, fr=0.97
p:1.102, 0.394, -0.007, fr=0.687
j:0, 2
j:1, 2, stif=0.964
n:j=0, d=|
n:j=1, d=G
c:0, 1, -3.424
",6.7483286334776785e-09,feasible,21
47,0,9,"//0
p:fr=0.015
p:1.0, fr=0.97
p:1.323, -0.315, 0.225, fr=0.687
j:0, 2
j:1, 2, stif=0.964
n:j=0, d=|
n:j=1, d=G
c:0, 1, -3.424
",0.0010585641556231666,"//0
p:fr=0.015
p:1.0, fr=0.97
p:1.323, -0.315, 0.225, fr=0.687
j:2, 0
j:1, 0, stif=0.964
n:j=0, d=|
n:j=1, d=G
c:0, 1, -3.424
",7.982868485668104e-07,feasible,21
47,0,9,"//0
p:fr=0.015
p:1.0, fr=0.97
p:1.323, -0.315, 0.225, fr=0.687
j:0, 2
j:1, 2, stif=0.964
n:j=0, d=|
n:j=1, d=G
c:0, 1, -3.424
",0.0010585641556231666,"//0
p:fr=0.015
p:1.0, fr=0.97
p:1.323, -0.315, 0.225, fr=0.687
j:0, 2, rotstif=0.981
j:1, 2, stif=0.964
n:j=0, d=|
n:j=1, d=G
c:0, 1, -3.424
",0.0010585641556231666,feasible,21
47,0,9,"//0
p:fr=0.015
p:1.0, fr=0.97
p:1.323, -0.315, 0.225, fr=0.687
j:0, 2
j:1, 2, stif=0.964
n:j=0, d=|
n:j=1, d=G
c:0, 1, -3.424
",0.0010585641556231666,"//0
p:fr=0.015
p:1.0, fr=0.97
p:1.323, -0.315, 0.225, fr=0.687
j:0, 2
j:1, 2, stif=0.964
n:j=0, d=|
n:j=1, d=G
c:0, 1, -1.797
",0.0012178657026391537,feasible,21
47,0,9,"//0
p:fr=0.015
p:1.0, fr=0.97
p:1.323, -0.315, 0.225, fr=0.687
j:0, 2
j:1, 2, stif=0.964
n:j=0, d=|
n:j=1, d=G
c:0, 1, -3.424
",0.0010585641556231666,"//0
p:fr=0.015
p:1.0, fr=0.97
p:1.323, -0.315, 0.225, fr=0.687
j:0, 2
j:1, 2, stif=0.964
n:j=0, d=|:r=0.977
n:j=1, d=G
c:0, 1, -3.424
",0.001026345940348855,feasible,21
47,0,9,"//0
p:fr=0.015
p:1.0, fr=0.97
p:1.323, -0.315, 0.225, fr=0.687
j:0, 2
j:1, 2, stif=0.964
n:j=0, d=|
n:j=1, d=G
c:0, 1, -3.424
",0.0010585641556231666,"//0
p:fr=0.015
p:1.0, fr=0.97
p:1.323, -0.315, 0.225, fr=0.687
j:0, 2
j:1, 2, stif=0.964, rotstif=0.96
n:j=0, d=|
n:j=1, d=G
c:0, 1, -3.424
",0.0010585641556231666,feasible,21
47,0,9,"//0
p:fr=0.015
p:1.0, fr=0.97
p:1.323, -0.315, 0.225, fr=0.687
j:0, 2
j:1, 2, stif=0.964
n:j=0, d=|
n:j=1, d=G
c:0, 1, -3.424
",0.0010585641556231666,"//0
p:fr=0.015
p:1.0, fr=0.97
p:1.323, -0.315, 0.225, fr=0.687
j:0, 2
j:1, 2, stif=0.964
n:j=0, d=|
n:j=1, d=G
c:0, 1, -6.143
",0.000983261641061421,feasible,21
47,0,9,"//0
p:fr=0.015
p:1.0, fr=0.97
p:1.323, -0.315, 0.225, fr=0.687
j:0, 2
j:1, 2, stif=0.964
n:j=0, d=|
n:j=1, d=G
c:0, 1, -3.424
",0.0010585641556231666,"//0
p:-0.402, 0.175, 0.558, fr=0.015
p:1.0, fr=0.97
p:1.323, -0.315, 0.225, fr=0.687
j:0, 2
j:1, 2, stif=0.964
n:j=0, d=|
n:j=1, d=G
c:0, 1, -3.424
",6.741421727252091e-05,feasible,21
47,0,9,"//0
p:fr=0.015
p:1.0, fr=0.97
p:1.323, -0.315, 0.225, fr=0.687
j:0, 2
j:1, 2, stif=0.964
n:j=0, d=|
n:j=1, d=G
c:0, 1, -3.424
",0.0010585641556231666,"//0
p:fr=0.015
p:1.0, fr=0.97
p:1.323, -0.315, 0.225, fr=0.687
j:0, 2
j:1, 2, stif=0.964
n:j=0, d=|
n:j=1, d=G
c:0, 1, -3.599
",0.001050937252376474,feasible,21
47,0,9,"//0
p:fr=0.015
p:1.0, fr=0.97
p:1.323, -0.315, 0.225, fr=0.687
j:0, 2
j:1, 2, stif=0.964
n:j=0, d=|
n:j=1, d=G
c:0, 1, -3.424
",0.0010585641556231666,"//0
p:fr=0.015
p:1.0, fr=0.97
p:1.323, -0.315, 0.225, fr=0.687
j:0, 2
j:1, 2, stif=0.964
n:j=0, d=|
n:j=1, d=G
c:0, 1, -4.655
",0.001020952183835239,feasible,21
47,0,9,"//0
p:fr=0.015
p:1.0, fr=0.97
p:1.323, -0.315, 0.225, fr=0.687
j:0, 2
j:1, 2, stif=0.964
n:j=0, d=|
n:j=1, d=G
c:0, 1, -3.424
",0.0010585641556231666,"//0
p:fr=0.015
p:1.0, fr=0.97
p:1.323, -0.315, 0.225, fr=0.687
j:0, 2
j:1, 2, stif=0.964
n:j=0, d=|
n:j=1, d=G
c:0, 1, -4.71
",0.0010006158374689482,feasible,21
47,0,9,"//0
p:fr=0.015
p:1.0, fr=0.97
p:1.323, -0.315, 0.225, fr=0.687
j:0, 2
j:1, 2, stif=0.964
n:j=0, d=|
n:j=1, d=G
c:0, 1, -3.424
",0.0010585641556231666,"//0
p:fr=0.015
p:1.0, fr=0.97
p:1.323, -0.315, 0.225, fr=0.687
j:0, 2
j:1, 2, stif=0.964
n:j=0, d=|:p=0.244
n:j=1, d=G
c:0, 1, -3.424
",0.0010610411006993846,feasible,21
47,0,9,"//0
p:fr=0.015
p:1.0, fr=0.97
p:1.323, -0.315, 0.225, fr=0.687
j:0, 2
j:1, 2, stif=0.964
n:j=0, d=|
n:j=1, d=G
c:0, 1, -3.424
",0.0010585641556231666,"//0
p:fr=0.015
p:1.0, fr=0.97
p:1.323, -0.315, 0.225, fr=0.687
j:0, 2
j:1, 2, stif=0.964, rotstif=0.914
n:j=0, d=|
n:j=1, d=G
c:0, 1, -3.424
",0.0010585641556231666,feasible,21
47,0,9,"//0
p:fr=0.015
p:1.0, fr=0.97
p:1.323, -0.315, 0.225, fr=0.687
j:0, 2
j:1, 2, stif=0.964
n:j=0, d=|
n:j=1, d=G
c:0, 1, -3.424
",0.0010585641556231666,"//0
p:fr=0.015
p:1.0, fr=0.97
p:1.323, -0.315, 0.225, fr=0.687
p:2.926, -0.14, 0.16
j:0, 2
j:1, 2, stif=0.964
j:3, 2
n:j=0, d=|
n:j=1, d=G
c:0, 1, -3.424
",4.90753035222466e-05,feasible,21
47,0,9,"//0
p:fr=0.015
p:1.0, fr=0.97
p:1.323, -0.315, 0.225, fr=0.687
j:0, 2
j:1, 2, stif=0.964
n:j=0, d=|
n:j=1, d=G
c:0, 1, -3.424
",0.0010585641556231666,"//0
p:fr=0.015
p:1.0, fr=0.97
p:1.323, -0.315, 0.225, fr=0.687, ing=0.341
j:0, 2
j:1, 2, stif=0.964
n:j=0, d=|
n:j=1, d=G
c:0, 1, -3.424
",0.0010585641556231666,feasible,21
47,0,9,"//0
p:fr=0.015
p:1.0, fr=0.97
p:1.323, -0.315, 0.225, fr=0.687
j:0, 2
j:1, 2, stif=0.964
n:j=0, d=|
n:j=1, d=G
c:0, 1, -3.424
",0.0010585641556231666,"//0
p:fr=0.015
p:1.0, fr=0.97
p:1.323, -0.315, 0.225, fr=0.657
j:0, 2
j:1, 2, stif=0.964
n:j=0, d=|
n:j=1, d=G
c:0, 1, -3.424
",0.0010239379996940057,feasible,21
47,0,9,"//0
p:fr=0.015
p:1.0, fr=0.97
p:1.323, -0.315, 0.225, fr=0.687
j:0, 2
j:1, 2, stif=0.964
n:j=0, d=|
n:j=1, d=G
c:0, 1, -3.424
",0.0010585641556231666,"//0
p:fr=0.015
p:1.0, fr=1.924
p:1.323, -0.315, 0.225, fr=0.687
j:0, 2
j:1, 2, stif=0.964
n:j=0, d=|
n:j=1, d=G
c:0, 1, -3.424
",4.6665449687368175e-05,feasible,21
47,0,9,"//0
p:fr=0.015
p:1.0, fr=0.97
p:1.323, -0.315, 0.225, fr=0.687
j:0, 2
j:1, 2, stif=0.964
n:j=0, d=|
n:j=1, d=G
c:0, 1, -3.424
",0.0010585641556231666,"//0
p:fr=0.015
p:1.0, fr=0.97
p:1.323, -0.315, 0.225, fr=0.687
j:0, 2
j:1, 2, stif=0.964
n:j=0, d=|
",1.372545587645628e-07,feasible,21
47,0,10,"//0
p:fr=0.015
p:1.0, fr=0.97
p:1.323, -0.315, 0.225, fr=0.687
j:0, 2
j:1, 2, stif=0.927
n:j=0, d=|
n:j=1, d=G
c:0, 1, -3.424
",0.001058564320893065,"//0
p:fr=0.015
p:1.0, fr=0.97
p:1.323, -0.315, 0.225, fr=0.687
j:2, 0
j:1, 0, stif=0.927
n:j=0, d=|
n:j=1, d=G
c:0, 1, -3.424
",7.944695768218513e-07,feasible,21
47,0,10,"//0
p:fr=0.015
p:1.0, fr=0.97
p:1.323, -0.315, 0.225, fr=0.687
j:0, 2
j:1, 2, stif=0.927
n:j=0, d=|
n:j=1, d=G
c:0, 1, -3.424
",0.001058564320893065,"//0
p:0.213, 0.378, 0.515, fr=0.015
p:1.0, fr=0.97
p:1.323, -0.315, 0.225, fr=0.687
j:0, 2
j:1, 2, stif=0.927
n:j=0, d=|
n:j=1, d=G
c:0, 1, -3.424
",0.0001625782948734744,feasible,21
47,0,10,"//0
p:fr=0.015
p:1.0, fr=0.97
p:1.323, -0.315, 0.225, fr=0.687
j:0, 2
j:1, 2, stif=0.927
n:j=0, d=|
n:j=1, d=G
c:0, 1, -3.424
",0.001058564320893065,"//0
p:fr=0.015
p:1.0, fr=0.97
p:1.55, 0.181, 0.013, fr=0.687
j:0, 2
j:1, 2, stif=0.927
n:j=0, d=|
n:j=1, d=G
c:0, 1, -3.424
",3.0105898176840408e-09,feasible,21
47,0,10,"//0
p:fr=0.015
p:1.0, fr=0.97
p:1.323, -0.315, 0.225, fr=0.687
j:0, 2
j:1, 2, stif=0.927
n:j=0, d=|
n:j=1, d=G
c:0, 1, -3.424
",0.001058564320893065,"//0
p:fr=0.015
p:1.0, fr=0.97
p:0.936, -0.789, -0.31, fr=0.687
j:0, 2
j:1, 2, stif=0.927
n:j=0, d=|
n:j=1, d=G
c:0, 1, -3.424
",8.168011686310115e-08,feasible,21
47,0,10,"//0
p:fr=0.015
p:1.0, fr=0.97
p:1.323, -0.315, 0.225, fr=0.687
j:0, 2
j:1, 2, stif=0.927
n:j=0, d=|
n:j=1, d=G
c:0, 1, -3.424
",0.001058564320893065,"//0
p:fr=0.378
p:1.0, fr=0.97
p:1.323, -0.315, 0.225, fr=0.687
j:0, 2
j:1, 2, stif=0.927
n:j=0, d=|
n:j=1, d=G
c:0, 1, -3.424
",0.00022237207304594907,feasible,21
47,0,10,"//0
p:fr=0.015
p:1.0, fr=0.97
p:1.323, -0.315, 0.225, fr=0.687
j:0, 2
j:1, 2, stif=0.927
n:j=0, d=|
n:j=1, d=G
c:0, 1, -3.424
",0.001058564320893065,"//0
p:fr=0.015
p:1.0, fr=0.97
p:1.323, -0.315, 0.225, fr=0.687
j:0, 2
j:1, 2, stif=0.927
n:j=0, d=|
n:j=1, d=G
n:d=*
c:0, 1, -3.424
",0.001058564320893065,feasible,21
47,0,10,"//0
p:fr=0.015
p:1.0, fr=0.97
p:1.323, -0.315, 0.225, fr=0.687
j:0, 2
j:1, 2, stif=0.927
n:j=0, d=|
n:j=1, d=G
c:0, 1, -3.424
",0.001058564320893065,"//0
p:1.0, fr=0.97
p:1.323, -0.315, 0.225, fr=0.687
j:0, 1, stif=0.927
n:j=0, d=G
",6.938893903907229e-22,feasible,21
47,0,10,"//0
p:fr=0.015
p:1.0, fr=0.97
p:1.323, -0.315, 0.225, fr=0.687
j:0, 2
j:1, 2, stif=0.927
n:j=0, d=|
n:j=1, d=G
c:0, 1, -3.424
",0.001058564320893065,"//0
p:fr=0.015
p:1.0, fr=0.97
p:1.323, -0.315, 0.225, fr=0.687
j:0, 2, rotstif=0.981
j:1, 2, stif=0.927
n:j=0, d=|
n:j=1, d=G
c:0, 1, -3.424
",0.001058564320893065,feasible,21
47,0,10,"//0
p:fr=0.015
p:1.0, fr=0.97
p:1.323, -0.315, 0.225, fr=0.687
j:0, 2
j:1, 2, stif=0.927
n:j=0, d=|
n:j=1, d=G
c:0, 1, -3.424
",0.001058564320893065,"//0
p:fr=0.015
p:1.0, fr=0.97
p:1.323, -0.315, 0.225, fr=0.687
j:0, 2, stif=0.961
j:1, 2, stif=0.927
n:j=0, d=|
n:j=1, d=G
c:0, 1, -3.424
",0.0010617525207692374,feasible,21
47,0,10,"//0
p:fr=0.015
p:1.0, fr=0.97
p:1.323, -0.315, 0.225, fr=0.687
j:0, 2
j:1, 2, stif=0.927
n:j=0, d=|
n:j=1, d=G
c:0, 1, -3.424
",0.001058564320893065,"//0
p:fr=0.015
p:1.0, fr=0.97
p:1.323, -0.315, 0.225, fr=0.687
j:0, 2, stif=0.999
j:1, 2, stif=0.927
n:j=0, d=|
n:j=1, d=G
c:0, 1, -3.424
",0.0010546620143752905,feasible,21
47,0,10,"//0
p:fr=0.015
p:1.0, fr=0.97
p:1.323, -0.315, 0.225, fr=0.687
j:0, 2
j:1, 2, stif=0.927
n:j=0, d=|
n:j=1, d=G
c:0, 1, -3.424
",0.001058564320893065,"//0
p:fr=0.015
p:1.0, fr=0.97
p:0.427, 0.031, 0.138, fr=0.687
j:0, 2
j:1, 2, stif=0.927
n:j=0, d=|
n:j=1, d=G
c:0, 1, -3.424
",4.7900914684925836e-05,feasible,21
47,0,10,"//0
p:fr=0.015
p:1.0, fr=0.97
p:1.323, -0.315, 0.225, fr=0.687
j:0, 2
j:1, 2, stif=0.927
n:j=0, d=|
n:j=1, d=G
c:0, 1, -3.424
",0.001058564320893065,"//0
p:fr=0.015
p:1.0, fr=0.97
p:1.323, -0.315, 0.225, fr=0.687
j:0, 2
j:1, 2, stif=0.927, rotstif=0.938
n:j=0, d=|
n:j=1, d=G
c:0, 1, -3.424
",0.001058564320893065,feasible,21
47,0,10,"//0
p:fr=0.015
p:1.0, fr=0.97
p:1.323, -0.315, 0.225, fr=0.687
j:0, 2
j:1, 2, stif=0.927
n:j=0, d=|
n:j=1, d=G
c:0, 1, -3.424
",0.001058564320893065,"//0
p:fr=0.015
p:1.0, fr=0.97
p:1.323, -0.315, 0.225, fr=0.687, ing=0.261
j:0, 2
j:1, 2, stif=0.927
n:j=0, d=|
n:j=1, d=G
c:0, 1, -3.424
",0.001058564320893065,feasible,21
47,0,10,"//0
p:fr=0.015
p:1.0, fr=0.97
p:1.323, -0.315, 0.225, fr=0.687
j:0, 2
j:1, 2, stif=0.927
n:j=0, d=|
n:j=1, d=G
c:0, 1, -3.424
",0.001058564320893065,"//0
p:fr=0.015
p:1.0, fr=0.97
p:1.323, -0.315, 0.225, fr=0.687
j:1, 2
j:0, 2, stif=0.927
n:j=0, d=|
n:j=1, d=G
c:0, 1, -3.424
",9.316641056518972e-05,feasible,21
47,0,10,"//0
p:fr=0.015
p:1.0, fr=0.97
p:1.323, -0.315, 0.225, fr=0.687
j:0, 2
j:1, 2, stif=0.927
n:j=0, d=|
n:j=1, d=G
c:0, 1, -3.424
",0.001058564320893065,"//0
p:fr=0.015
p:1.0, fr=0.97
p:1.323, -0.315, 0.225, fr=0.687
j:0, 2, rotstif=0.882
j:1, 2, stif=0.927
n:j=0, d=|
n:j=1, d=G
c:0, 1, -3.424
",0.001058564320893065,feasible,21
47,0,10,"//0
p:fr=0.015
p:1.0, fr=0.97
p:1.323, -0.315, 0.225, fr=0.687
j:0, 2
j:1, 2, stif=0.927
n:j=0, d=|
n:j=1, d=G
c:0, 1, -3.424
",0.001058564320893065,"//0
p:fr=0.015
p:1.0, fr=0.97
p:1.551, z=0.845, fr=0.687
j:0, 2
j:1, 2, stif=0.927
n:j=0, d=|
n:j=1, d=G
c:0, 1, -3.424
",2.659801550814509e-05,feasible,21
47,0,10,"//0
p:fr=0.015
p:1.0, fr=0.97
p:1.323, -0.315, 0.225, fr=0.687
j:0, 2
j:1, 2, stif=0.927
n:j=0, d=|
n:j=1, d=G
c:0, 1, -3.424
",0.001058564320893065,"//0
p:fr=0.015
p:1.0, fr=0.97
p:1.323, -0.315, 0.225, fr=0.687
j:0, 2, stif=0.862
j:1, 2, stif=0.927
n:j=0, d=|
n:j=1, d=G
c:0, 1, -3.424
",0.0010990757045223518,feasible,21
47,0,10,"//0
p:fr=0.015
p:1.0, fr=0.97
p:1.323, -0.315, 0.225, fr=0.687
j:0, 2
j:1, 2, stif=0.927
n:j=0, d=|
n:j=1, d=G
c:0, 1, -3.424
",0.001058564320893065,"//0
p:fr=0.015
p:1.0, fr=0.97
p:1.323, -0.315, 0.225, fr=0.687
j:0, 2
j:1, 2, stif=0.927
n:j=0, d=|
n:j=1, d=G
c:0, 1, -4.551
",0.0010319075614448783,feasible,21
47,0,10,"//0
p:fr=0.015
p:1.0, fr=0.97
p:1.323, -0.315, 0.225, fr=0.687
j:0, 2
j:1, 2, stif=0.927
n:j=0, d=|
n:j=1, d=G
c:0, 1, -3.424
",0.001058564320893065,"//0
p:fr=0.342
p:1.0, fr=0.97
p:1.323, -0.315, 0.225, fr=0.687
j:0, 2
j:1, 2, stif=0.927
n:j=0, d=|
n:j=1, d=G
c:0, 1, -3.424
",0.00025302675595553867,feasible,21
47,0,10,"//0
p:fr=0.015
p:1.0, fr=0.97
p:1.323, -0.315, 0.225, fr=0.687
j:0, 2
j:1, 2, stif=0.927
n:j=0, d=|
n:j=1, d=G
c:0, 1, -3.424
",0.001058564320893065,"//0
p:fr=1.008
p:1.0, fr=0.97
p:1.323, -0.315, 0.225, fr=0.687
j:0, 2
j:1, 2, stif=0.927
n:j=0, d=|
n:j=1, d=G
c:0, 1, -3.424
",5.95734123520402e-05,feasible,21
47,0,11,"//0
p:fr=0.015
p:1.0, fr=0.97
p:1.323, -0.315, 0.225, fr=0.687
j:0, 2
j:1, 2, stif=0.875
n:j=0, d=|
n:j=1, d=G
c:0, 1, -3.424
",0.001083331615081327,"//0
p:fr=0.015
p:1.0, fr=0.97, ing=0.307
p:1.323, -0.315, 0.225, fr=0.687
j:0, 2
j:1, 2, stif=0.875
n:j=0, d=|
n:j=1, d=G
c:0, 1, -3.424
",0.001083331615081327,feasible,22
47,0,11,"//0
p:fr=0.015
p:1.0, fr=0.97
p:1.323, -0.315, 0.225, fr=0.687
j:0, 2
j:1, 2, stif=0.875
n:j=0, d=|
n:j=1, d=G
c:0, 1, -3.424
",0.001083331615081327,"//0
p:fr=0.015
p:1.0, fr=0.97
p:1.323, -0.315, 0.225, fr=0.687
j:0, 2
j:1, 2, stif=0.875, rotstif=0.866
n:j=0, d=|
n:j=1, d=G
c:0, 1, -3.424
",0.001083331615081327,feasible,22
47,0,11,"//0
p:fr=0.015
p:1.0, fr=0.97
p:1.323, -0.315, 0.225, fr=0.687
j:0, 2
j:1, 2, stif=0.875
n:j=0, d=|
n:j=1, d=G
c:0, 1, -3.424
",0.001083331615081327,"//0
p:fr=0.015
p:1.0, fr=0.97
p:1.323, -0.315, 0.225, fr=0.687
j:0, 2
j:1, 2, stif=0.875
n:j=0, d=|
n:j=1, d=G
n:p=2, d=Gpart
c:0, 1, -3.424
",0.001083331615081327,feasible,22
47,0,11,"//0
p:fr=0.015
p:1.0, fr=0.97
p:1.323, -0.315, 0.225, fr=0.687
j:0, 2
j:1, 2, stif=0.875
n:j=0, d=|
n:j=1, d=G
c:0, 1, -3.424
",0.001083331615081327,"//0
p:fr=0.015
p:1.0, fr=0.97
p:1.323, -0.315, 0.225, fr=0.687
j:0, 2
j:1, 2, stif=0.771
n:j=0, d=|
n:j=1, d=G
c:0, 1, -3.424
",0.0010554406416839828,feasible,22
47,0,11,"//0
p:fr=0.015
p:1.0, fr=0.97
p:1.323, -0.315, 0.225, fr=0.687
j:0, 2
j:1, 2, stif=0.875
n:j=0, d=|
n:j=1, d=G
c:0, 1, -3.424
",0.001083331615081327,"//0
p:fr=0.015
p:1.0, fr=0.97, ing=0.047
p:1.323, -0.315, 0.225, fr=0.687
j:0, 2
j:1, 2, stif=0.875
n:j=0, d=|
n:j=1, d=G
c:0, 1, -3.424
",0.001083331615081327,feasible,22
47,0,11,"//0
p:fr=0.015
p:1.0, fr=0.97
p:1.323, -0.315, 0.225, fr=0.687
j:0, 2
j:1, 2, stif=0.875
n:j=0, d=|
n:j=1, d=G
c:0, 1, -3.424
",0.001083331615081327,"//0
p:fr=0.015
p:1.0, fr=0.97
p:1.323, -0.315, 0.225, fr=0.687
j:0, 2
j:1, 2, stif=0.807
n:j=0, d=|
n:j=1, d=G
c:0, 1, -3.424
",0.0010344551495732094,feasible,22
47,0,11,"//0
p:fr=0.015
p:1.0, fr=0.97
p:1.323, -0.315, 0.225, fr=0.687
j:0, 2
j:1, 2, stif=0.875
n:j=0, d=|
n:j=1, d=G
c:0, 1, -3.424
",0.001083331615081327,"//0
p:fr=0.015
p:0.913, -0.283, -0.063, fr=0.97
p:1.323, -0.315, 0.225, fr=0.687
j:0, 2
j:1, 2, stif=0.875
n:j=0, d=|
n:j=1, d=G
c:0, 1, -3.424
",2.994415963861055e-07,feasible,22
47,0,11,"//0
p:fr=0.015
p:1.0, fr=0.97
p:1.323, -0.315, 0.225, fr=0.687
j:0, 2
j:1, 2, stif=0.875
n:j=0, d=|
n:j=1, d=G
c:0, 1, -3.424
",0.001083331615081327,"//0
p:fr=0.015
p:1.0, fr=0.894
p:1.323, -0.315, 0.225, fr=0.687
j:0, 2
j:1, 2, stif=0.875
n:j=0, d=|
n:j=1, d=G
c:0, 1, -3.424
",0.0010414581440599045,feasible,22
47,0,11,"//0
p:fr=0.015
p:1.0, fr=0.97
p:1.323, -0.315, 0.225, fr=0.687
j:0, 2
j:1, 2, stif=0.875
n:j=0, d=|
n:j=1, d=G
c:0, 1, -3.424
",0.001083331615081327,"//0
p:fr=0.015
p:1.0, fr=0.97
p:1.323, -0.315, 0.225, fr=0.687
j:0, 2
j:1, 2, stif=0.875
n:j=0, d=|
n:j=1, d=G
",1.7016202447680267e-07,feasible,22
47,0,11,"//0
p:fr=0.015
p:1.0, fr=0.97
p:1.323, -0.315, 0.225, fr=0.687
j:0, 2
j:1, 2, stif=0.875
n:j=0, d=|
n:j=1, d=G
c:0, 1, -3.424
",0.001083331615081327,"//0
p:0.27, -0.455, 0.397, fr=0.015
p:1.0, fr=0.97
p:1.323, -0.315, 0.225, fr=0.687
j:0, 2
j:1, 2, stif=0.875
n:j=0, d=|
n:j=1, d=G
c:0, 1, -3.424
",0.0012365136212645713,feasible,22
47,0,11,"//0
p:fr=0.015
p:1.0, fr=0.97
p:1.323, -0.315, 0.225, fr=0.687
j:0, 2
j:1, 2, stif=0.875
n:j=0, d=|
n:j=1, d=G
c:0, 1, -3.424
",0.001083331615081327,"//0
p:fr=0.015
p:1.0, fr=0.97
p:1.323, -0.315, 0.225, fr=0.687
j:0, 2
j:1, 2, stif=0.875, rotstif=0.894
n:j=0, d=|
n:j=1, d=G
c:0, 1, -3.424
",0.001083331615081327,feasible,22
47,0,11,"//0
p:fr=0.015
p:1.0, fr=0.97
p:1.323, -0.315, 0.225, fr=0.687
j:0, 2
j:1, 2, stif=0.875
n:j=0, d=|
n:j=1, d=G
c:0, 1, -3.424
",0.001083331615081327,"//0
p:fr=0.015
p:1.0, fr=0.97
p:1.323, -0.315, 0.225, fr=0.687
j:0, 2
j:1, 2, stif=0.875
n:j=0, d=|:r=0.858
n:j=1, d=G
c:0, 1, -3.424
",0.0010848085113290527,feasible,22
47,0,11,"//0
p:fr=0.015
p:1.0, fr=0.97
p:1.323, -0.315, 0.225, fr=0.687
j:0, 2
j:1, 2, stif=0.875
n:j=0, d=|
n:j=1, d=G
c:0, 1, -3.424
",0.001083331615081327,"//0
p:fr=0.015, ing=0.222
p:1.0, fr=0.97
p:1.323, -0.315, 0.225, fr=0.687
j:0, 2
j:1, 2, stif=0.875
n:j=0, d=|
n:j=1, d=G
c:0, 1, -3.424
",0.001083331615081327,feasible,22
47,0,11,"//0
p:fr=0.015
p:1.0, fr=0.97
p:1.323, -0.315, 0.225, fr=0.687
j:0, 2
j:1, 2, stif=0.875
n:j=0, d=|
n:j=1, d=G
c:0, 1, -3.424
",0.001083331615081327,"//0
p:fr=0.015
p:0.523, 0.545, 0.346, fr=0.97
p:1.323, -0.315, 0.225, fr=0.687
j:0, 2
j:1, 2, stif=0.875
n:j=0, d=|
n:j=1, d=G
c:0, 1, -3.424
",7.6596909744541e-08,feasible,22
47,0,11,"//0
p:fr=0.015
p:1.0, fr=0.97
p:1.323, -0.315, 0.225, fr=0.687
j:0, 2
j:1, 2, stif=0.875
n:j=0, d=|
n:j=1, d=G
c:0, 1, -3.424
",0.001083331615081327,"//0
p:fr=0.015
p:1.0, fr=0.97
p:1.323, -0.315, 0.225, fr=0.687
j:0, 2
j:1, 2, stif=0.977
n:j=0, d=|
n:j=1, d=G
c:0, 1, -3.424
",0.001058076693169532,feasible,22
47,0,11,"//0
p:fr=0.015
p:1.0, fr=0.97
p:1.323, -0.315, 0.225, fr=0.687
j:0, 2
j:1, 2, stif=0.875
n:j=0, d=|
n:j=1, d=G
c:0, 1, -3.424
",0.001083331615081327,"//0
p:fr=0.015
p:1.0, fr=0.97
p:1.323, -0.315, 0.225, fr=0.687, ing=0.078
j:0, 2
j:1, 2, stif=0.875
n:j=0, d=|
n:j=1, d=G
c:0, 1, -3.424
",0.001083331615081327,feasible,22
47,0,11,"//0
p:fr=0.015
p:1.0, fr=0.97
p:1.323, -0.315, 0.225, fr=0.687
j:0, 2
j:1, 2, stif=0.875
n:j=0, d=|
n:j=1, d=G
c:0, 1, -3.424
",0.001083331615081327,"//0
p:fr=0.015
p:1.0, fr=0.97
p:1.323, -0.315, 0.225, fr=0.687
j:0, 2, rotstif=0.973
j:1, 2, stif=0.875
n:j=0, d=|
n:j=1, d=G
c:0, 1, -3.424
",0.001083331615081327,feasible,22
47,0,11,"//0
p:fr=0.015
p:1.0, fr=0.97
p:1.323, -0.315, 0.225, fr=0.687
j:0, 2
j:1, 2, stif=0.875
n:j=0, d=|
n:j=1, d=G
c:0, 1, -3.424
",0.001083331615081327,"//0
p:fr=0.015
p:1.0, fr=0.97, ing=0.326
p:1.323, -0.315, 0.225, fr=0.687
j:0, 2
j:1, 2, stif=0.875
n:j=0, d=|
n:j=1, d=G
c:0, 1, -3.424
",0.001083331615081327,feasible,22
47,0,11,"//0
p:fr=0.015
p:1.0, fr=0.97
p:1.323, -0.315, 0.225, fr=0.687
j:0, 2
j:1, 2, stif=0.875
n:j=0, d=|
n:j=1, d=G
c:0, 1, -3.424
",0.001083331615081327,"//0
p:fr=0.015
p:1.0, fr=0.97
p:1.323, -0.315, 0.225, fr=0.687, ing=0.311
j:0, 2
j:1, 2, stif=0.875
n:j=0, d=|
n:j=1, d=G
c:0, 1, -3.424
",0.001083331615081327,feasible,22
47,0,11,"//0
p:fr=0.015
p:1.0, fr=0.97
p:1.323, -0.315, 0.225, fr=0.687
j:0, 2
j:1, 2, stif=0.875
n:j=0, d=|
n:j=1, d=G
c:0, 1, -3.424
",0.001083331615081327,"//0
p:fr=0.015
p:1.0, fr=0.97
p:1.323, -0.315, 0.225, fr=0.687
j:0, 2
j:1, 2, stif=0.875, rotstif=0.929
n:j=0, d=|
n:j=1, d=G
c:0, 1, -3.424
",0.001083331615081327,feasible,22
47,0,12,"//0
p:fr=0.015
p:1.0, fr=0.97
p:1.323, -0.315, 0.225, fr=0.687
j:0, 2
j:1, 2, stif=0.875
n:j=0, d=|
n:j=1, d=G
c:0, 1, -1.634
",0.0011786250463546352,"//0
p:fr=0.015
p:1.0, fr=0.97
p:1.323, -0.315, 0.225, fr=0.687
j:0, 2
j:1, 2, stif=0.875
n:j=0, d=|
n:j=1, d=G
",1.7016202447680267e-07,feasible,20
47,0,12,"//0
p:fr=0.015
p:1.0, fr=0.97
p:1.323, -0.315, 0.225, fr=0.687
j:0, 2
j:1, 2, stif=0.875
n:j=0, d=|
n:j=1, d=G
c:0, 1, -1.634
",0.0011786250463546352,"//0
p:fr=0.015
p:1.0, fr=0.97
p:1.323, -0.315, 0.225, fr=0.687, ing=0.142
j:0, 2
j:1, 2, stif=0.875
n:j=0, d=|
n:j=1, d=G
c:0, 1, -1.634
",0.0011786250463546352,feasible,20
47,0,12,"//0
p:fr=0.015
p:1.0, fr=0.97
p:1.323, -0.315, 0.225, fr=0.687
j:0, 2
j:1, 2, stif=0.875
n:j=0, d=|
n:j=1, d=G
c:0, 1, -1.634
",0.0011786250463546352,"//0
p:fr=0.015
p:1.0, fr=0.97
p:1.323, -0.315, 0.225, fr=0.687
j:0, 2
j:1, 2, stif=0.875
n:j=0, d=|
n:j=1, d=G
n:j=0, d=|
c:0, 1, -1.634
c:2, 1, -1.525
",-999999.0,infeasible,20
47,0,12,"//0
p:fr=0.015
p:1.0, fr=0.97
p:1.323, -0.315, 0.225, fr=0.687
j:0, 2
j:1, 2, stif=0.875
n:j=0, d=|
n:j=1, d=G
c:0, 1, -1.634
",0.0011786250463546352,"//0
p:fr=0.015
p:1.0, fr=0.97
p:1.323, -0.315, 0.225, fr=0.687
j:0, 2
j:1, 2, stif=0.875
n:j=0, d=|
n:j=1, d=G
c:0, 1, -3.216
",0.0010813829968466435,feasible,20
47,0,12,"//0
p:fr=0.015
p:1.0, fr=0.97
p:1.323, -0.315, 0.225, fr=0.687
j:0, 2
j:1, 2, stif=0.875
n:j=0, d=|
n:j=1, d=G
c:0, 1, -1.634
",0.0011786250463546352,"//0
p:fr=0.015
p:1.0, fr=0.97
p:1.323, -0.315, 0.225, fr=0.687
j:0, 2
j:1, 2, stif=0.875, rotstif=0.805
n:j=0, d=|
n:j=1, d=G
c:0, 1, -1.634
",0.0011786250463546352,feasible,20
47,0,12,"//0
p:fr=0.015
p:1.0, fr=0.97
p:1.323, -0.315, 0.225, fr=0.687
j:0, 2
j:1, 2, stif=0.875
n:j=0, d=|
n:j=1, d=G
c:0, 1, -1.634
",0.0011786250463546352,"//0
p:fr=0.015
p:1.0, fr=0.97
p:1.323, -0.315, 0.225, fr=0.687
j:1, 2
j:0, 2, stif=0.875
n:j=0, d=|
n:j=1, d=G
c:0, 1, -1.634
",1.5050914097327637e-07,feasible,20
47,0,12,"//0
p:fr=0.015
p:1.0, fr=0.97
p:1.323, -0.315, 0.225, fr=0.687
j:0, 2
j:1, 2, stif=0.875
n:j=0, d=|
n:j=1, d=G
c:0, 1, -1.634
",0.0011786250463546352,"//0
p:fr=0.015
p:1.0, fr=0.97
p:1.323, -0.315, 0.225, fr=0.687
j:0, 2, rotstif=0.803
j:1, 2, stif=0.875
n:j=0, d=|
n:j=1, d=G
c:0, 1, -1.634
",0.0011786250463546352,feasible,20
47,0,12,"//0
p:fr=0.015
p:1.0, fr=0.97
p:1.323, -0.315, 0.225, fr=0.687
j:0, 2
j:1, 2, stif=0.875
n:j=0, d=|
n:j=1, d=G
c:0, 1, -1.634
",0.0011786250463546352,"//0
p:fr=0.015
p:1.0, fr=0.97
p:1.323, -0.315, 0.225, fr=0.687
j:0, 2, stif=0.965
j:1, 2, stif=0.875
n:j=0, d=|
n:j=1, d=G
c:0, 1, -1.634
",0.0011640563071343656,feasible,20
47,0,12,"//0
p:fr=0.015
p:1.0, fr=0.97
p:1.323, -0.315, 0.225, fr=0.687
j:0, 2
j:1, 2, stif=0.875
n:j=0, d=|
n:j=1, d=G
c:0, 1, -1.634
",0.0011786250463546352,"//0
p:fr=0.015
p:1.0, fr=0.97
p:1.323, -0.315, 0.225, fr=0.687
j:0, 2
j:1, 2, stif=0.875
j:1, 0
n:j=0, d=|
n:j=1, d=G
c:0, 1, -1.634
",3.7733869706244327e-07,feasible,20
47,0,12,"//0
p:fr=0.015
p:1.0, fr=0.97
p:1.323, -0.315, 0.225, fr=0.687
j:0, 2
j:1, 2, stif=0.875
n:j=0, d=|
n:j=1, d=G
c:0, 1, -1.634
",0.0011786250463546352,"//0
p:fr=0.015
p:0.941, 0.28, -0.095, fr=0.97
p:1.323, -0.315, 0.225, fr=0.687
j:0, 2
j:1, 2, stif=0.875
n:j=0, d=|
n:j=1, d=G
c:0, 1, -1.634
",2.9064020873695564e-07,feasible,20
47,0,12,"//0
p:fr=0.015
p:1.0, fr=0.97
p:1.323, -0.315, 0.225, fr=0.687
j:0, 2
j:1, 2, stif=0.875
n:j=0, d=|
n:j=1, d=G
c:0, 1, -1.634
",0.0011786250463546352,"//0
p:fr=0.015
p:1.0, fr=0.97
p:1.323, -0.315, 0.225, fr=0.687, ing=0.416
j:0, 2
j:1, 2, stif=0.875
n:j=0, d=|
n:j=1, d=G
c:0, 1, -1.634
",0.0011786250463546352,feasible,20
47,0,12,"//0
p:fr=0.015
p:1.0, fr=0.97
p:1.323, -0.315, 0.225, fr=0.687
j:0, 2
j:1, 2, stif=0.875
n:j=0, d=|
n:j=1, d=G
c:0, 1, -1.634
",0.0011786250463546352,"//0
p:fr=0.015
p:1.0, fr=0.97
p:1.323, -0.315, 0.225, fr=0.687
j:0, 2, stif=0.973
j:1, 2, stif=0.875
n:j=0, d=|
n:j=1, d=G
c:0, 1, -1.634
",0.0011479481967168184,feasible,20
47,0,12,"//0
p:fr=0.015
p:1.0, fr=0.97
p:1.323, -0.315, 0.225, fr=0.687
j:0, 2
j:1, 2, stif=0.875
n:j=0, d=|
n:j=1, d=G
c:0, 1, -1.634
",0.0011786250463546352,"//0
p:fr=0.015
p:1.0, fr=0.97
p:1.323, -0.315, 0.225, fr=0.687
j:0, 2
j:1, 2, stif=0.902
n:j=0, d=|
n:j=1, d=G
c:0, 1, -1.634
",0.0011960588173205835,feasible,20
47,0,12,"//0
p:fr=0.015
p:1.0, fr=0.97
p:1.323, -0.315, 0.225, fr=0.687
j:0, 2
j:1, 2, stif=0.875
n:j=0, d=|
n:j=1, d=G
c:0, 1, -1.634
",0.0011786250463546352,"//0
p:fr=0.015
p:1.0, fr=0.885
p:1.323, -0.315, 0.225, fr=0.687
j:0, 2
j:1, 2, stif=0.875
n:j=0, d=|
n:j=1, d=G
c:0, 1, -1.634
",0.0012926435662788567,feasible,20
47,0,12,"//0
p:fr=0.015
p:1.0, fr=0.97
p:1.323, -0.315, 0.225, fr=0.687
j:0, 2
j:1, 2, stif=0.875
n:j=0, d=|
n:j=1, d=G
c:0, 1, -1.634
",0.0011786250463546352,"//0
p:fr=0.015
p:1.0, fr=0.97
p:1.323, -0.315, 0.225, fr=0.687
j:0, 2, rotstif=0.971
j:1, 2, stif=0.875
n:j=0, d=|
n:j=1, d=G
c:0, 1, -1.634
",0.0011786250463546352,feasible,20
47,0,12,"//0
p:fr=0.015
p:1.0, fr=0.97
p:1.323, -0.315, 0.225, fr=0.687
j:0, 2
j:1, 2, stif=0.875
n:j=0, d=|
n:j=1, d=G
c:0, 1, -1.634
",0.0011786250463546352,"//0
p:fr=0.015
p:1.0, fr=0.97
p:1.323, -0.315, 0.225, fr=0.687
j:0, 2
j:1, 2, stif=0.875
n:j=0, d=|
n:j=1, d=G
c:0, 1, -3.125
",0.0010216868078093268,feasible,20
47,0,12,"//0
p:fr=0.015
p:1.0, fr=0.97
p:1.323, -0.315, 0.225, fr=0.687
j:0, 2
j:1, 2, stif=0.875
n:j=0, d=|
n:j=1, d=G
c:0, 1, -1.634
",0.0011786250463546352,"//0
p:fr=0.015
p:1.0, fr=0.97
p:1.323, -0.315, 0.225, fr=0.687, ing=0.343
j:0, 2
j:1, 2, stif=0.875
n:j=0, d=|
n:j=1, d=G
c:0, 1, -1.634
",0.0011786250463546352,feasible,20
47,0,12,"//0
p:fr=0.015
p:1.0, fr=0.97
p:1.323, -0.315, 0.225, fr=0.687
j:0, 2
j:1, 2, stif=0.875
n:j=0, d=|
n:j=1, d=G
c:0, 1, -1.634
",0.0011786250463546352,"//0
p:fr=0.015
p:1.0, fr=0.97
p:1.323, -0.315, 0.225, fr=0.687
j:0, 1
j:2, 1, stif=0.875
n:j=0, d=|
n:j=1, d=G
c:0, 1, -1.634
",1.5236677493948257e-07,feasible,20
47,0,12,"//0
p:fr=0.015
p:1.0, fr=0.97
p:1.323, -0.315, 0.225, fr=0.687
j:0, 2
j:1, 2, stif=0.875
n:j=0, d=|
n:j=1, d=G
c:0, 1, -1.634
",0.0011786250463546352,"//0
p:fr=0.015
p:1.0, fr=0.97
p:1.323, -0.315, 0.225, fr=0.687
j:0, 2
j:1, 2, stif=0.875
n:j=0, d=|
n:j=1, d=G
c:0, 1, -0.486
",1.6470427929543937e-07,feasible,20
47,0,12,"//0
p:fr=0.015
p:1.0, fr=0.97
p:1.323, -0.315, 0.225, fr=0.687
j:0, 2
j:1, 2, stif=0.875
n:j=0, d=|
n:j=1, d=G
c:0, 1, -1.634
",0.0011786250463546352,"//0
p:fr=0.015
p:1.0, fr=0.97
p:1.323, -0.315, 0.225, fr=0.687
j:0, 2
j:1, 2, stif=0.875
n:j=0, d=|
n:j=1, d=G
n:j=1, d=|
c:0, 1, -1.634
c:2, 1, 5.803
",1.3097149845335535e-07,feasible,20
47,0,13,"//0
p:fr=0.015
p:1.0, fr=0.97
p:1.323, -0.315, 0.225, fr=0.687
j:0, 2, stif=0.838
j:1, 2, stif=0.875
n:j=0, d=|
n:j=1, d=G
c:0, 1, -1.634
",0.0012257566002237244,"//0
p:fr=0.015
p:1.0, fr=0.97
p:1.323, -0.315, 0.225, fr=0.687
j:0, 2, stif=0.838
j:1, 2, stif=0.875
n:j=0, d=|:p=0.292
n:j=1, d=G
c:0, 1, -1.634
",0.0014461208087918715,feasible,21
47,0,13,"//0
p:fr=0.015
p:1.0, fr=0.97
p:1.323, -0.315, 0.225, fr=0.687
j:0, 2, stif=0.838
j:1, 2, stif=0.875
n:j=0, d=|
n:j=1, d=G
c:0, 1, -1.634
",0.0012257566002237244,"//0
p:-0.016, 0.34, -0.639, fr=0.015
p:1.0, fr=0.97
p:1.323, -0.315, 0.225, fr=0.687
j:0, 2, stif=0.838
j:1, 2, stif=0.875
n:j=0, d=|
n:j=1, d=G
c:0, 1, -1.634
",3.075978010079322e-07,feasible,21
47,0,13,"//0
p:fr=0.015
p:1.0, fr=0.97
p:1.323, -0.315, 0.225, fr=0.687
j:0, 2, stif=0.838
j:1, 2, stif=0.875
n:j=0, d=|
n:j=1, d=G
c:0, 1, -1.634
",0.0012257566002237244,"//0
p:fr=0.015
p:1.0, fr=0.97
p:1.323, -0.315, 0.225, fr=0.687
j:0, 2, stif=0.838
j:1, 2, stif=0.875
n:j=0, d=|
n:j=1, d=G
n:
c:0, 1, -1.634
c:2, 2, -0.712
",0.0012257566002237244,feasible,21
47,0,13,"//0
p:fr=0.015
p:1.0, fr=0.97
p:1.323, -0.315, 0.225, fr=0.687
j:0, 2, stif=0.838
j:1, 2, stif=0.875
n:j=0, d=|
n:j=1, d=G
c:0, 1, -1.634
",0.0012257566002237244,"//0
p:fr=0.015
p:0.578, -0.298, 0.097, fr=0.97
p:1.323, -0.315, 0.225, fr=0.687
j:0, 2, stif=0.838
j:1, 2, stif=0.875
n:j=0, d=|
n:j=1, d=G
c:0, 1, -1.634
",3.102939324410979e-08,feasible,21
47,0,13,"//0
p:fr=0.015
p:1.0, fr=0.97
p:1.323, -0.315, 0.225, fr=0.687
j:0, 2, stif=0.838
j:1, 2, stif=0.875
n:j=0, d=|
n:j=1, d=G
c:0, 1, -1.634
",0.0012257566002237244,"//0
p:fr=0.015
p:1.0, fr=1.472
p:1.323, -0.315, 0.225, fr=0.687
j:0, 2, stif=0.838
j:1, 2, stif=0.875
n:j=0, d=|
n:j=1, d=G
c:0, 1, -1.634
",0.00016346311346944793,feasible,21
47,0,13,"//0
p:fr=0.015
p:1.0, fr=0.97
p:1.323, -0.315, 0.225, fr=0.687
j:0, 2, stif=0.838
j:1, 2, stif=0.875
n:j=0, d=|
n:j=1, d=G
c:0, 1, -1.634
",0.0012257566002237244,"//0
p:fr=0.015
p:1.0, fr=0.97
p:1.323, -0.315, 0.225, fr=0.687
j:0, 2, stif=0.838
j:1, 2, stif=0.875
j:0, 1
n:j=0, d=|
n:j=1, d=G
c:0, 1, -1.634
",2.960598478992002e-07,feasible,21
47,0,13,"//0
p:fr=0.015
p:1.0, fr=0.97
p:1.323, -0.315, 0.225, fr=0.687
j:0, 2, stif=0.838
j:1, 2, stif=0.875
n:j=0, d=|
n:j=1, d=G
c:0, 1, -1.634
",0.0012257566002237244,"//0
p:fr=0.015
p:1.0, fr=0.97
p:1.257, -0.543, 0.297, fr=0.687
j:0, 2, stif=0.838
j:1, 2, stif=0.875
n:j=0, d=|
n:j=1, d=G
c:0, 1, -1.634
",7.128101079091128e-09,feasible,21
47,0,13,"//0
p:fr=0.015
p:1.0, fr=0.97
p:1.323, -0.315, 0.225, fr=0.687
j:0, 2, stif=0.838
j:1, 2, stif=0.875
n:j=0, d=|
n:j=1, d=G
c:0, 1, -1.634
",0.0012257566002237244,"//0
p:fr=0.015
p:1.0, fr=0.97
p:1.323, -0.315, 0.225, fr=0.687
j:0, 2, stif=0.838, rotstif=0.95
j:1, 2, stif=0.875
n:j=0, d=|
n:j=1, d=G
c:0, 1, -1.634
",0.0012257566002237244,feasible,21
47,0,13,"//0
p:fr=0.015
p:1.0, fr=0.97
p:1.323, -0.315, 0.225, fr=0.687
j:0, 2, stif=0.838
j:1, 2, stif=0.875
n:j=0, d=|
n:j=1, d=G
c:0, 1, -1.634
",0.0012257566002237244,"//0
p:fr=0.015
p:1.0, fr=0.97
p:1.323, -0.315, 0.225, fr=0.687
j:0, 2, stif=0.838
j:1, 2, stif=0.875
n:j=0, d=|:r=0.98
n:j=1, d=G
c:0, 1, -1.634
",0.0011886744737739062,feasible,21
47,0,13,"//0
p:fr=0.015
p:1.0, fr=0.97
p:1.323, -0.315, 0.225, fr=0.687
j:0, 2, stif=0.838
j:1, 2, stif=0.875
n:j=0, d=|
n:j=1, d=G
c:0, 1, -1.634
",0.0012257566002237244,"//0
p:fr=0.015
p:1.0, fr=0.97
p:1.323, -0.315, 0.225, fr=0.687, ing=0.233
j:0, 2, stif=0.838
j:1, 2, stif=0.875
n:j=0, d=|
n:j=1, d=G
c:0, 1, -1.634
",0.0012257566002237244,feasible,21
47,0,13,"//0
p:fr=0.015
p:1.0, fr=0.97
p:1.323, -0.315, 0.225, fr=0.687
j:0, 2, stif=0.838
j:1, 2, stif=0.875
n:j=0, d=|
n:j=1, d=G
c:0, 1, -1.634
",0.0012257566002237244,"//0
p:fr=0.015
p:1.0, fr=0.97
p:1.323, -0.315, 0.225, fr=0.687
p:1.257, -0.354, 0.198
j:0, 2, stif=0.838
j:1, 2, stif=0.875
j:3, 2
n:j=0, d=|
n:j=1, d=G
c:0, 1, -1.634
",7.511936331850143e-08,feasible,21
47,0,13,"//0
p:fr=0.015
p:1.0, fr=0.97
p:1.323, -0.315, 0.225, fr=0.687
j:0, 2, stif=0.838
j:1, 2, stif=0.875
n:j=0, d=|
n:j=1, d=G
c:0, 1, -1.634
",0.0012257566002237244,"//0
p:fr=0.015
p:1.0, fr=0.97
p:1.323, -0.315, 0.225, fr=0.687
j:2, 0, stif=0.838
j:1, 0, stif=0.875
n:j=0, d=|
n:j=1, d=G
c:0, 1, -1.634
",6.429830072899971e-07,feasible,21
47,0,13,"//0
p:fr=0.015
p:1.0, fr=0.97
p:1.323, -0.315, 0.225, fr=0.687
j:0, 2, stif=0.838
j:1, 2, stif=0.875
n:j=0, d=|
n:j=1, d=G
c:0, 1, -1.634
",0.0012257566002237244,"//0
p:fr=0.015
p:1.0, fr=0.97
p:1.323, -0.315, 0.225, fr=0.687
j:1, 2, stif=0.838
j:0, 2, stif=0.875
n:j=0, d=|
n:j=1, d=G
c:0, 1, -1.634
",2.0845372135395216e-07,feasible,21
47,0,13,"//0
p:fr=0.015
p:1.0, fr=0.97
p:1.323, -0.315, 0.225, fr=0.687
j:0, 2, stif=0.838
j:1, 2, stif=0.875
n:j=0, d=|
n:j=1, d=G
c:0, 1, -1.634
",0.0012257566002237244,"//0
p:1.0, fr=0.97
p:1.323, -0.315, 0.225, fr=0.687
j:0, 1, stif=0.875
n:j=0, d=G
",8.673617379884036e-22,feasible,21
47,0,13,"//0
p:fr=0.015
p:1.0, fr=0.97
p:1.323, -0.315, 0.225, fr=0.687
j:0, 2, stif=0.838
j:1, 2, stif=0.875
n:j=0, d=|
n:j=1, d=G
c:0, 1, -1.634
",0.0012257566002237244,"//0
p:fr=0.015
p:1.0, fr=0.97
p:1.323, -0.315, 0.225, fr=0.687
j:0, 2, stif=0.838
j:1, 2, stif=0.875
n:j=0, d=|
n:j=1, d=G
c:0, 1, -0.033
",1.6619862335360314e-07,feasible,21
47,0,13,"//0
p:fr=0.015
p:1.0, fr=0.97
p:1.323, -0.315, 0.225, fr=0.687
j:0, 2, stif=0.838
j:1, 2, stif=0.875
n:j=0, d=|
n:j=1, d=G
c:0, 1, -1.634
",0.0012257566002237244,"//0
p:fr=0.015
p:1.0, fr=0.97
p:1.323, -0.315, 0.225, fr=0.687
j:0, 2, stif=0.838
j:1, 2, stif=0.875
n:j=0, d=|:r=0.886
n:j=1, d=G
c:0, 1, -1.634
",0.001138201961884594,feasible,21
47,0,13,"//0
p:fr=0.015
p:1.0, fr=0.97
p:1.323, -0.315, 0.225, fr=0.687
j:0, 2, stif=0.838
j:1, 2, stif=0.875
n:j=0, d=|
n:j=1, d=G
c:0, 1, -1.634
",0.0012257566002237244,"//0
p:fr=0.015
p:1.0, fr=0.97
p:1.323, -0.315, 0.225, fr=0.687
j:0, 2, stif=0.838, rotstif=0.994
j:1, 2, stif=0.875
n:j=0, d=|
n:j=1, d=G
c:0, 1, -1.634
",0.0012257566002237244,feasible,21
47,0,13,"//0
p:fr=0.015
p:1.0, fr=0.97
p:1.323, -0.315, 0.225, fr=0.687
j:0, 2, stif=0.838
j:1, 2, stif=0.875
n:j=0, d=|
n:j=1, d=G
c:0, 1, -1.634
",0.0012257566002237244,"//0
p:fr=0.015
p:1.0, fr=0.97
p:1.323, -0.315, 0.225, fr=0.687
j:0, 2, stif=0.838
j:1, 2, stif=0.875
n:j=1, d=G
",2.2415288498592295e-13,feasible,21
47,0,13,"//0
p:fr=0.015
p:1.0, fr=0.97
p:1.323, -0.315, 0.225, fr=0.687
j:0, 2, stif=0.838
j:1, 2, stif=0.875
n:j=0, d=|
n:j=1, d=G
c:0, 1, -1.634
",0.0012257566002237244,"//0
p:fr=0.015
p:1.0, fr=0.97
p:1.323, -0.315, 0.225, fr=0.687
j:0, 2, stif=0.838
j:1, 2, stif=0.875
n:j=0, d=|
n:j=1, d=G
",1.7525302291614577e-07,feasible,21
47,0,13,"//0
p:fr=0.015
p:1.0, fr=0.97
p:1.323, -0.315, 0.225, fr=0.687
j:0, 2, stif=0.838
j:1, 2, stif=0.875
n:j=0, d=|
n:j=1, d=G
c:0, 1, -1.634
",0.0012257566002237244,"//0
p:fr=0.015, ing=0.186
p:1.0, fr=0.97
p:1.323, -0.315, 0.225, fr=0.687
j:0, 2, stif=0.838
j:1, 2, stif=0.875
n:j=0, d=|
n:j=1, d=G
c:0, 1, -1.634
",0.0012257566002237244,feasible,21
47,0,14,"//0
p:fr=0.015
p:1.0, fr=0.97
p:1.323, -0.315, 0.225, fr=0.687
j:0, 2, stif=0.838
j:1, 2, stif=0.897
n:j=0, d=|
n:j=1, d=G
c:0, 1, -1.634
",0.0012455362183591751,"//0
p:fr=0.418
p:1.0, fr=0.97
p:1.323, -0.315, 0.225, fr=0.687
j:0, 2, stif=0.838
j:1, 2, stif=0.897
n:j=0, d=|
n:j=1, d=G
c:0, 1, -1.634
",0.0001468305390152227,feasible,22
47,0,14,"//0
p:fr=0.015
p:1.0, fr=0.97
p:1.323, -0.315, 0.225, fr=0.687
j:0, 2, stif=0.838
j:1, 2, stif=0.897
n:j=0, d=|
n:j=1, d=G
c:0, 1, -1.634
",0.0012455362183591751,"//0
p:fr=0.015
p:1.0, fr=0.97
p:1.323, -0.315, 0.225, fr=0.687
j:0, 2, stif=0.838
j:1, 2, stif=0.897
n:j=1, d=G
",1.0273263589048856e-14,feasible,22
47,0,14,"//0
p:fr=0.015
p:1.0, fr=0.97
p:1.323, -0.315, 0.225, fr=0.687
j:0, 2, stif=0.838
j:1, 2, stif=0.897
n:j=0, d=|
n:j=1, d=G
c:0, 1, -1.634
",0.0012455362183591751,"//0
p:fr=0.015
p:1.0, fr=0.97
p:1.323, -0.315, 0.225, fr=0.687
j:0, 2, stif=0.838
j:1, 2, stif=0.897
n:j=0, d=|
n:j=1, d=G
",2.1144292768588927e-07,feasible,22
47,0,14,"//0
p:fr=0.015
p:1.0, fr=0.97
p:1.323, -0.315, 0.225, fr=0.687
j:0, 2, stif=0.838
j:1, 2, stif=0.897
n:j=0, d=|
n:j=1, d=G
c:0, 1, -1.634
",0.0012455362183591751,"//0
p:fr=0.015
p:1.0, fr=0.97
p:1.323, -0.315, 0.225, fr=0.687
j:0, 2, stif=0.838
j:1, 2, stif=0.897
n:j=0, d=|
n:j=1, d=G
c:0, 1, -2.012
",0.0012293406775654527,feasible,22
47,0,14,"//0
p:fr=0.015
p:1.0, fr=0.97
p:1.323, -0.315, 0.225, fr=0.687
j:0, 2, stif=0.838
j:1, 2, stif=0.897
n:j=0, d=|
n:j=1, d=G
c:0, 1, -1.634
",0.0012455362183591751,"//0
p:fr=0.015
p:1.0, fr=0.97
p:1.323, -0.315, 0.225, fr=0.687
j:0, 2, stif=0.838, rotstif=0.924
j:1, 2, stif=0.897
n:j=0, d=|
n:j=1, d=G
c:0, 1, -1.634
",0.0012455362183591751,feasible,22
47,0,14,"//0
p:fr=0.015
p:1.0, fr=0.97
p:1.323, -0.315, 0.225, fr=0.687
j:0, 2, stif=0.838
j:1, 2, stif=0.897
n:j=0, d=|
n:j=1, d=G
c:0, 1, -1.634
",0.0012455362183591751,"//0
p:fr=0.015
p:1.0, fr=0.97
p:1.323, -0.315, 0.225, fr=0.687
j:0, 2, stif=0.838
j:1, 2, stif=0.735
n:j=0, d=|
n:j=1, d=G
c:0, 1, -1.634
",0.0010440603313842168,feasible,22
47,0,14,"//0
p:fr=0.015
p:1.0, fr=0.97
p:1.323, -0.315, 0.225, fr=0.687
j:0, 2, stif=0.838
j:1, 2, stif=0.897
n:j=0, d=|
n:j=1, d=G
c:0, 1, -1.634
",0.0012455362183591751,"//0
p:fr=0.015
p:1.323, -0.315, 0.225, fr=0.687
j:0, 1, stif=0.838
n:j=0, d=|
",1.0288465361729553e-06,feasible,22
47,0,14,"//0
p:fr=0.015
p:1.0, fr=0.97
p:1.323, -0.315, 0.225, fr=0.687
j:0, 2, stif=0.838
j:1, 2, stif=0.897
n:j=0, d=|
n:j=1, d=G
c:0, 1, -1.634
",0.0012455362183591751,"//0
p:fr=0.015
p:1.0, fr=0.97, ing=0.203
p:1.323, -0.315, 0.225, fr=0.687
j:0, 2, stif=0.838
j:1, 2, stif=0.897
n:j=0, d=|
n:j=1, d=G
c:0, 1, -1.634
",0.0012455362183591751,feasible,22
47,0,14,"//0
p:fr=0.015
p:1.0, fr=0.97
p:1.323, -0.315, 0.225, fr=0.687
j:0, 2, stif=0.838
j:1, 2, stif=0.897
n:j=0, d=|
n:j=1, d=G
c:0, 1, -1.634
",0.0012455362183591751,"//0
p:fr=0.015
p:1.0, fr=0.97
p:1.323, -0.315, 0.225, fr=0.687
j:0, 2, stif=0.838
j:1, 2, stif=0.897
n:j=0, d=|
n:j=1, d=G
c:0, 1, -2.681
",0.0011264904951217881,feasible,22
47,0,14,"//0
p:fr=0.015
p:1.0, fr=0.97
p:1.323, -0.315, 0.225, fr=0.687
j:0, 2, stif=0.838
j:1, 2, stif=0.897
n:j=0, d=|
n:j=1, d=G
c:0, 1, -1.634
",0.0012455362183591751,"//0
p:fr=0.015
p:1.0, fr=0.97
p:1.323, -0.315, 0.225, fr=0.687
j:0, 2, stif=0.838
j:1, 2, stif=0.897
n:j=0, d=|
n:j=1, d=G
c:0, 1, -2.677
",0.0011602954322795312,feasible,22
47,0,14,"//0
p:fr=0.015
p:1.0, fr=0.97
p:1.323, -0.315, 0.225, fr=0.687
j:0, 2, stif=0.838
j:1, 2, stif=0.897
n:j=0, d=|
n:j=1, d=G
c:0, 1, -1.634
",0.0012455362183591751,"//0
p:fr=0.015, ing=0.293
p:1.0, fr=0.97
p:1.323, -0.315, 0.225, fr=0.687
j:0, 2, stif=0.838
j:1, 2, stif=0.897
n:j=0, d=|
n:j=1, d=G
c:0, 1, -1.634
",0.0012455362183591751,feasible,22
47,0,14,"//0
p:fr=0.015
p:1.0, fr=0.97
p:1.323, -0.315, 0.225, fr=0.687
j:0, 2, stif=0.838
j:1, 2, stif=0.897
n:j=0, d=|
n:j=1, d=G
c:0, 1, -1.634
",0.0012455362183591751,"//0
p:fr=0.015
p:1.0, fr=0.97, ing=0.305
p:1.323, -0.315, 0.225, fr=0.687
j:0, 2, stif=0.838
j:1, 2, stif=0.897
n:j=0, d=|
n:j=1, d=G
c:0, 1, -1.634
",0.0012455362183591751,feasible,22
47,0,14,"//0
p:fr=0.015
p:1.0, fr=0.97
p:1.323, -0.315, 0.225, fr=0.687
j:0, 2, stif=0.838
j:1, 2, stif=0.897
n:j=0, d=|
n:j=1, d=G
c:0, 1, -1.634
",0.0012455362183591751,"//0
p:fr=0.015
p:1.0, fr=0.97
p:1.323, -0.315, 0.225, fr=0.687
j:0, 2, stif=0.838
j:1, 2, stif=0.897
n:j=0, d=|:p=0.474
n:j=1, d=G
c:0, 1, -1.634
",1.638791148457747e-07,feasible,22
47,0,14,"//0
p:fr=0.015
p:1.0, fr=0.97
p:1.323, -0.315, 0.225, fr=0.687
j:0, 2, stif=0.838
j:1, 2, stif=0.897
n:j=0, d=|
n:j=1, d=G
c:0, 1, -1.634
",0.0012455362183591751,"//0
p:fr=0.015
p:1.0, fr=0.97
p:1.323, -0.315, 0.225, fr=0.687
j:2, 0, stif=0.838
j:1, 0, stif=0.897
n:j=0, d=|
n:j=1, d=G
c:0, 1, -1.634
",5.960297402739392e-07,feasible,22
47,0,14,"//0
p:fr=0.015
p:1.0, fr=0.97
p:1.323, -0.315, 0.225, fr=0.687
j:0, 2, stif=0.838
j:1, 2, stif=0.897
n:j=0, d=|
n:j=1, d=G
c:0, 1, -1.634
",0.0012455362183591751,"//0
p:fr=0.015
p:1.0, fr=0.97
p:1.323, -0.315, 0.225, fr=0.687
j:0, 2, stif=0.838
j:1, 2, stif=0.897
n:j=0, d=|
n:j=1, d=G
n:j=1, d=@
c:0, 1, -1.634
c:2, 1, 0.145
",0.0010813639218774905,feasible,22
47,0,14,"//0
p:fr=0.015
p:1.0, fr=0.97
p:1.323, -0.315, 0.225, fr=0.687
j:0, 2, stif=0.838
j:1, 2, stif=0.897
n:j=0, d=|
n:j=1, d=G
c:0, 1, -1.634
",0.0012455362183591751,"//0
p:fr=0.015
p:1.0, fr=0.97
p:1.323, -0.315, 0.225, fr=0.687
p:0.416, -1.005, -0.939
j:0, 2, stif=0.838
j:1, 2, stif=0.897
j:3, 2
n:j=0, d=|
n:j=1, d=G
c:0, 1, -1.634
",9.438243977416605e-05,feasible,22
47,0,14,"//0
p:fr=0.015
p:1.0, fr=0.97
p:1.323, -0.315, 0.225, fr=0.687
j:0, 2, stif=0.838
j:1, 2, stif=0.897
n:j=0, d=|
n:j=1, d=G
c:0, 1, -1.634
",0.0012455362183591751,"//0
p:fr=0.015
p:1.0, fr=0.97
p:1.323, -0.315, 0.225, fr=0.687
j:0, 2, stif=0.838
j:1, 2, stif=0.897, rotstif=0.894
n:j=0, d=|
n:j=1, d=G
c:0, 1, -1.634
",0.0012455362183591751,feasible,22
47,0,14,"//0
p:fr=0.015
p:1.0, fr=0.97
p:1.323, -0.315, 0.225, fr=0.687
j:0, 2, stif=0.838
j:1, 2, stif=0.897
n:j=0, d=|
n:j=1, d=G
c:0, 1, -1.634
",0.0012455362183591751,"//0
p:fr=0.015
p:1.0, fr=0.97
p:1.323, -0.315, 0.225, fr=0.687
j:0, 2, stif=0.875
j:1, 2, stif=0.897
n:j=0, d=|
n:j=1, d=G
c:0, 1, -1.634
",0.0012233029647223653,feasible,22
47,0,14,"//0
p:fr=0.015
p:1.0, fr=0.97
p:1.323, -0.315, 0.225, fr=0.687
j:0, 2, stif=0.838
j:1, 2, stif=0.897
n:j=0, d=|
n:j=1, d=G
c:0, 1, -1.634
",0.0012455362183591751,"//0
p:fr=0.015
p:1.0, fr=0.97
p:1.323, -0.315, 0.225, fr=0.687
j:1, 2, stif=0.838
j:0, 2, stif=0.897
n:j=0, d=|
n:j=1, d=G
c:0, 1, -1.634
",2.0677359528732735e-07,feasible,22
47,0,14,"//0
p:fr=0.015
p:1.0, fr=0.97
p:1.323, -0.315, 0.225, fr=0.687
j:0, 2, stif=0.838
j:1, 2, stif=0.897
n:j=0, d=|
n:j=1, d=G
c:0, 1, -1.634
",0.0012455362183591751,"//0
p:fr=0.015
p:1.0, fr=0.97
p:1.323, -0.315, 0.225, fr=0.687
j:0, 2, stif=0.838
j:1, 2, stif=0.887
n:j=0, d=|
n:j=1, d=G
c:0, 1, -1.634
",0.0011844182411101464,feasible,22
47,0,15,"//0
p:fr=0.015
p:1.0, fr=0.97
p:1.323, -0.315, 0.225, fr=0.687
j:0, 2, stif=0.925
j:1, 2, stif=0.897
n:j=0, d=|
n:j=1, d=G
c:0, 1, -1.634
",0.001246931511848285,"//0
p:fr=0.015
p:1.0, fr=0.97
p:1.323, -0.315, 0.225, fr=0.687
p:0.881, -0.442, -0.123
j:0, 2, stif=0.925
j:1, 2, stif=0.897
j:3, 2
n:j=0, d=|
n:j=1, d=G
c:0, 1, -1.634
",3.7058376070683397e-07,feasible,22
47,0,15,"//0
p:fr=0.015
p:1.0, fr=0.97
p:1.323, -0.315, 0.225, fr=0.687
j:0, 2, stif=0.925
j:1, 2, stif=0.897
n:j=0, d=|
n:j=1, d=G
c:0, 1, -1.634
",0.001246931511848285,"//0
p:fr=0.015
p:1.0, fr=0.97
p:1.323, -0.315, 0.225, fr=0.687
j:0, 2, stif=0.925
j:1, 2, stif=0.897
n:j=1, d=G
",1.0817819579553355e-13,feasible,22
47,0,15,"//0
p:fr=0.015
p:1.0, fr=0.97
p:1.323, -0.315, 0.225, fr=0.687
j:0, 2, stif=0.925
j:1, 2, stif=0.897
n:j=0, d=|
n:j=1, d=G
c:0, 1, -1.634
",0.001246931511848285,"//0
p:fr=0.015
p:1.0, fr=0.97
p:1.323, -0.315, 0.225, fr=0.687
j:2, 0, stif=0.925
j:1, 0, stif=0.897
n:j=0, d=|
n:j=1, d=G
c:0, 1, -1.634
",7.129821212559889e-07,feasible,22
47,0,15,"//0
p:fr=0.015
p:1.0, fr=0.97
p:1.323, -0.315, 0.225, fr=0.687
j:0, 2, stif=0.925
j:1, 2, stif=0.897
n:j=0, d=|
n:j=1, d=G
c:0, 1, -1.634
",0.001246931511848285,"//0
p:fr=0.015
p:1.0, fr=0.97
p:1.323, -0.315, 0.225, fr=0.687
j:0, 2, stif=0.925
j:1, 2, stif=0.897
n:j=0, d=|:p=0.035
n:j=1, d=G
c:0, 1, -1.634
",9.003050770531529e-08,feasible,22
47,0,15,"//0
p:fr=0.015
p:1.0, fr=0.97
p:1.323, -0.315, 0.225, fr=0.687
j:0, 2, stif=0.925
j:1, 2, stif=0.897
n:j=0, d=|
n:j=1, d=G
c:0, 1, -1.634
",0.001246931511848285,"//0
p:fr=0.015
p:1.0, fr=0.97
p:1.323, -0.315, 0.225, fr=0.687
j:0, 2, stif=0.925
j:1, 2, stif=0.897
n:j=0, d=|
n:j=1, d=G
c:0, 1, -1.755
",0.001239929081596898,feasible,22
47,0,15,"//0
p:fr=0.015
p:1.0, fr=0.97
p:1.323, -0.315, 0.225, fr=0.687
j:0, 2, stif=0.925
j:1, 2, stif=0.897
n:j=0, d=|
n:j=1, d=G
c:0, 1, -1.634
",0.001246931511848285,"//0
p:fr=0.015
p:1.0, fr=0.97
p:1.323, -0.315, 0.225, fr=0.687
j:0, 2, stif=0.925
j:1, 2, stif=0.897
n:j=0, d=|
n:j=1, d=G
n:d=*
c:0, 1, -1.634
",0.001246931511848285,feasible,22
47,0,15,"//0
p:fr=0.015
p:1.0, fr=0.97
p:1.323, -0.315, 0.225, fr=0.687
j:0, 2, stif=0.925
j:1, 2, stif=0.897
n:j=0, d=|
n:j=1, d=G
c:0, 1, -1.634
",0.001246931511848285,"//0
p:fr=0.015
p:1.0, fr=0.97
p:1.323, -0.315, 0.225, fr=0.687
j:0, 2, stif=0.925
j:1, 2, stif=0.897
n:j=0, d=|
n:j=1, d=G
n:j=1, d=|
c:0, 1, -1.634
c:2, 1, 0.122
",0.00022228383706864578,feasible,22
47,0,15,"//0
p:fr=0.015
p:1.0, fr=0.97
p:1.323, -0.315, 0.225, fr=0.687
j:0, 2, stif=0.925
j:1, 2, stif=0.897
n:j=0, d=|
n:j=1, d=G
c:0, 1, -1.634
",0.001246931511848285,"//0
p:fr=0.015
p:1.0, fr=0.97
p:1.323, -0.315, 0.225, fr=0.687
j:0, 2, stif=0.925
j:1, 2, stif=0.897
n:j=0, d=|
n:j=1, d=G
c:0, 1, -5.082
",0.0010016940181808555,feasible,22
47,0,15,"//0
p:fr=0.015
p:1.0, fr=0.97
p:1.323, -0.315, 0.225, fr=0.687
j:0, 2, stif=0.925
j:1, 2, stif=0.897
n:j=0, d=|
n:j=1, d=G
c:0, 1, -1.634
",0.001246931511848285,"//0
p:fr=0.015
p:1.0, fr=0.97
p:1.323, -0.315, 0.225, fr=0.687
j:1, 2, stif=0.925
j:0, 2, stif=0.897
n:j=0, d=|
n:j=1, d=G
c:0, 1, -1.634
",1.5738921587009415e-07,feasible,22
47,0,15,"//0
p:fr=0.015
p:1.0, fr=0.97
p:1.323, -0.315, 0.225, fr=0.687
j:0, 2, stif=0.925
j:1, 2, stif=0.897
n:j=0, d=|
n:j=1, d=G
c:0, 1, -1.634
",0.001246931511848285,"//0
p:fr=0.015
p:1.0, fr=0.97, ing=0.494
p:1.323, -0.315, 0.225, fr=0.687
j:0, 2, stif=0.925
j:1, 2, stif=0.897
n:j=0, d=|
n:j=1, d=G
c:0, 1, -1.634
",0.001246931511848285,feasible,22
47,0,15,"//0
p:fr=0.015
p:1.0, fr=0.97
p:1.323, -0.315, 0.225, fr=0.687
j:0, 2, stif=0.925
j:1, 2, stif=0.897
n:j=0, d=|
n:j=1, d=G
c:0, 1, -1.634
",0.001246931511848285,"//0
p:fr=0.015
p:1.0, fr=0.97
p:1.323, -0.315, 0.225, fr=0.687
j:0, 2, stif=0.925
j:1, 2, stif=0.897
n:j=0, d=|:r=0.944
n:j=1, d=G
c:0, 1, -1.634
",0.0012196801124161017,feasible,22
47,0,15,"//0
p:fr=0.015
p:1.0, fr=0.97
p:1.323, -0.315, 0.225, fr=0.687
j:0, 2, stif=0.925
j:1, 2, stif=0.897
n:j=0, d=|
n:j=1, d=G
c:0, 1, -1.634
",0.001246931511848285,"//0
p:fr=0.015
p:1.0, fr=0.97
p:1.323, -0.315, 0.225, fr=0.687
j:0, 2, stif=0.925
j:1, 2, stif=0.951
n:j=0, d=|
n:j=1, d=G
c:0, 1, -1.634
",0.0012653295865533416,feasible,22
47,0,15,"//0
p:fr=0.015
p:1.0, fr=0.97
p:1.323, -0.315, 0.225, fr=0.687
j:0, 2, stif=0.925
j:1, 2, stif=0.897
n:j=0, d=|
n:j=1, d=G
c:0, 1, -1.634
",0.001246931511848285,"//0
p:fr=0.015
p:0.822, 0.006, 0.196, fr=0.97
p:1.323, -0.315, 0.225, fr=0.687
j:0, 2, stif=0.925
j:1, 2, stif=0.897
n:j=0, d=|
n:j=1, d=G
c:0, 1, -1.634
",1.6441216524524337e-07,feasible,22
47,0,15,"//0
p:fr=0.015
p:1.0, fr=0.97
p:1.323, -0.315, 0.225, fr=0.687
j:0, 2, stif=0.925
j:1, 2, stif=0.897
n:j=0, d=|
n:j=1, d=G
c:0, 1, -1.634
",0.001246931511848285,"//0
p:fr=0.015
p:1.0, fr=0.97
p:1.323, -0.315, 0.225, fr=0.687
j:0, 2, stif=0.925
j:1, 2, stif=0.897
n:j=0, d=|
n:j=1, d=G
c:0, 1, 0.587
",2.1233416297642833e-07,feasible,22
47,0,15,"//0
p:fr=0.015
p:1.0, fr=0.97
p:1.323, -0.315, 0.225, fr=0.687
j:0, 2, stif=0.925
j:1, 2, stif=0.897
n:j=0, d=|
n:j=1, d=G
c:0, 1, -1.634
",0.001246931511848285,"//0
p:fr=0.015
p:1.0, fr=0.97
p:1.323, -0.315, 0.225, fr=0.687
j:0, 2, stif=0.925
j:1, 2, stif=0.769
n:j=0, d=|
n:j=1, d=G
c:0, 1, -1.634
",0.001108410221605732,feasible,22
47,0,15,"//0
p:fr=0.015
p:1.0, fr=0.97
p:1.323, -0.315, 0.225, fr=0.687
j:0, 2, stif=0.925
j:1, 2, stif=0.897
n:j=0, d=|
n:j=1, d=G
c:0, 1, -1.634
",0.001246931511848285,"//0
p:fr=0.015
p:1.323, -0.315, 0.225, fr=0.687
j:0, 1, stif=0.925
n:j=0, d=|
",1.853920739209015e-06,feasible,22
47,0,15,"//0
p:fr=0.015
p:1.0, fr=0.97
p:1.323, -0.315, 0.225, fr=0.687
j:0, 2, stif=0.925
j:1, 2, stif=0.897
n:j=0, d=|
n:j=1, d=G
c:0, 1, -1.634
",0.001246931511848285,"//0
p:fr=0.015
p:1.0, fr=0.97
p:1.323, -0.315, 0.225, fr=0.687
j:0, 2, stif=0.925
j:1, 2, stif=0.897
n:j=0, d=|:r=0.956
n:j=1, d=G
c:0, 1, -1.634
",0.0012042539526533821,feasible,22
47,0,15,"//0
p:fr=0.015
p:1.0, fr=0.97
p:1.323, -0.315, 0.225, fr=0.687
j:0, 2, stif=0.925
j:1, 2, stif=0.897
n:j=0, d=|
n:j=1, d=G
c:0, 1, -1.634
",0.001246931511848285,"//0
p:fr=0.015, ing=0.304
p:1.0, fr=0.97
p:1.323, -0.315, 0.225, fr=0.687
j:0, 2, stif=0.925
j:1, 2, stif=0.897
n:j=0, d=|
n:j=1, d=G
c:0, 1, -1.634
",0.001246931511848285,feasible,22
47,0,15,"//0
p:fr=0.015
p:1.0, fr=0.97
p:1.323, -0.315, 0.225, fr=0.687
j:0, 2, stif=0.925
j:1, 2, stif=0.897
n:j=0, d=|
n:j=1, d=G
c:0, 1, -1.634
",0.001246931511848285,"//0
p:fr=0.015
p:1.0, fr=0.97
p:1.323, -0.315, 0.225, fr=0.687
j:0, 2, stif=0.925
j:1, 2, stif=0.897
n:j=0, d=|
n:j=1, d=G
c:0, 1, -3.383
",0.0010398034913109274,feasible,22
47,0,15,"//0
p:fr=0.015
p:1.0, fr=0.97
p:1.323, -0.315, 0.225, fr=0.687
j:0, 2, stif=0.925
j:1, 2, stif=0.897
n:j=0, d=|
n:j=1, d=G
c:0, 1, -1.634
",0.001246931511848285,"//0
p:fr=0.015
p:1.0, fr=0.97
p:1.323, -0.315, 0.225, fr=0.687
j:0, 1, stif=0.925
j:2, 1, stif=0.897
n:j=0, d=|
n:j=1, d=G
c:0, 1, -1.634
",1.548129273372792e-07,feasible,22
47,0,16,"//0
p:fr=0.015
p:1.0, fr=0.97
p:1.323, -0.315, 0.225, fr=0.687
j:0, 2, stif=0.925
j:1, 2, stif=0.912
n:j=0, d=|
n:j=1, d=G
c:0, 1, -1.634
",0.001248657702845456,"//0
p:fr=0.015
p:1.177, 0.536, -0.041, fr=0.97
p:1.323, -0.315, 0.225, fr=0.687
j:0, 2, stif=0.925
j:1, 2, stif=0.912
n:j=0, d=|
n:j=1, d=G
c:0, 1, -1.634
",4.5585607472955556e-08,feasible,21
47,0,16,"//0
p:fr=0.015
p:1.0, fr=0.97
p:1.323, -0.315, 0.225, fr=0.687
j:0, 2, stif=0.925
j:1, 2, stif=0.912
n:j=0, d=|
n:j=1, d=G
c:0, 1, -1.634
",0.001248657702845456,"//0
p:fr=0.015
p:1.0, fr=0.97
p:1.323, -0.315, 0.225, fr=0.687
j:0, 2, stif=0.925
j:1, 2, stif=0.912
j:0, 1
n:j=0, d=|
n:j=1, d=G
c:0, 1, -1.634
",4.800911932298969e-07,feasible,21
47,0,16,"//0
p:fr=0.015
p:1.0, fr=0.97
p:1.323, -0.315, 0.225, fr=0.687
j:0, 2, stif=0.925
j:1, 2, stif=0.912
n:j=0, d=|
n:j=1, d=G
c:0, 1, -1.634
",0.001248657702845456,"//0
p:fr=0.015
p:1.0, fr=0.97
p:1.323, -0.315, 0.225, fr=0.687
j:0, 2, stif=0.925
j:1, 2, stif=0.912
n:j=0, d=|
n:j=1, d=G
",1.6583386566671627e-07,feasible,21
47,0,16,"//0
p:fr=0.015
p:1.0, fr=0.97
p:1.323, -0.315, 0.225, fr=0.687
j:0, 2, stif=0.925
j:1, 2, stif=0.912
n:j=0, d=|
n:j=1, d=G
c:0, 1, -1.634
",0.001248657702845456,"//0
p:fr=0.015
p:1.083, -0.11, 0.106, fr=0.97
p:1.323, -0.315, 0.225, fr=0.687
j:0, 2, stif=0.925
j:1, 2, stif=0.912
n:j=0, d=|
n:j=1, d=G
c:0, 1, -1.634
",0.00017103720624842353,feasible,21
47,0,16,"//0
p:fr=0.015
p:1.0, fr=0.97
p:1.323, -0.315, 0.225, fr=0.687
j:0, 2, stif=0.925
j:1, 2, stif=0.912
n:j=0, d=|
n:j=1, d=G
c:0, 1, -1.634
",0.001248657702845456,"//0
p:fr=0.015
p:1.0, fr=0.97
p:1.323, -0.315, 0.225, fr=0.687
j:0, 2, stif=0.976
j:1, 2, stif=0.912
n:j=0, d=|
n:j=1, d=G
c:0, 1, -1.634
",0.0011989119415200052,feasible,21
47,0,16,"//0
p:fr=0.015
p:1.0, fr=0.97
p:1.323, -0.315, 0.225, fr=0.687
j:0, 2, stif=0.925
j:1, 2, stif=0.912
n:j=0, d=|
n:j=1, d=G
c:0, 1, -1.634
",0.001248657702845456,"//0
p:fr=0.015
p:1.0, fr=0.97
p:1.323, -0.315, 0.225, fr=0.687
j:0, 2, stif=0.925
j:1, 2, stif=0.912
j:1, 0
n:j=0, d=|
n:j=1, d=G
c:0, 1, -1.634
",4.315821081552637e-07,feasible,21
47,0,16,"//0
p:fr=0.015
p:1.0, fr=0.97
p:1.323, -0.315, 0.225, fr=0.687
j:0, 2, stif=0.925
j:1, 2, stif=0.912
n:j=0, d=|
n:j=1, d=G
c:0, 1, -1.634
",0.001248657702845456,"//0
p:fr=0.015
p:1.0, fr=0.97
p:1.323, -0.315, 0.225, fr=0.687
j:0, 2, stif=0.925
j:1, 2, stif=0.912
n:j=0, d=|:r=0.989
n:j=1, d=G
c:0, 1, -1.634
",0.0012379061671820538,feasible,21
47,0,16,"//0
p:fr=0.015
p:1.0, fr=0.97
p:1.323, -0.315, 0.225, fr=0.687
j:0, 2, stif=0.925
j:1, 2, stif=0.912
n:j=0, d=|
n:j=1, d=G
c:0, 1, -1.634
",0.001248657702845456,"//0
p:fr=0.015
p:1.0, fr=0.97, ing=0.167
p:1.323, -0.315, 0.225, fr=0.687
j:0, 2, stif=0.925
j:1, 2, stif=0.912
n:j=0, d=|
n:j=1, d=G
c:0, 1, -1.634
",0.001248657702845456,feasible,21
47,0,16,"//0
p:fr=0.015
p:1.0, fr=0.97
p:1.323, -0.315, 0.225, fr=0.687
j:0, 2, stif=0.925
j:1, 2, stif=0.912
n:j=0, d=|
n:j=1, d=G
c:0, 1, -1.634
",0.001248657702845456,"//0
p:fr=0.015
p:1.0, fr=0.97
p:1.323, -0.315, 0.225, fr=0.687
j:0, 2, stif=0.925
j:1, 2, stif=0.912
n:j=0, d=|
n:j=1, d=G
c:0, 1, -5.48
",0.001008574884287885,feasible,21
47,0,16,"//0
p:fr=0.015
p:1.0, fr=0.97
p:1.323, -0.315, 0.225, fr=0.687
j:0, 2, stif=0.925
j:1, 2, stif=0.912
n:j=0, d=|
n:j=1, d=G
c:0, 1, -1.634
",0.001248657702845456,"//0
p:fr=0.015
p:1.323, -0.315, 0.225, fr=0.687
j:0, 1, stif=0.925
n:j=0, d=|
",1.853920739209015e-06,feasible,21
47,0,16,"//0
p:fr=0.015
p:1.0, fr=0.97
p:1.323, -0.315, 0.225, fr=0.687
j:0, 2, stif=0.925
j:1, 2, stif=0.912
n:j=0, d=|
n:j=1, d=G
c:0, 1, -1.634
",0.001248657702845456,"//0
p:fr=0.015, ing=0.098
p:1.0, fr=0.97
p:1.323, -0.315, 0.225, fr=0.687
j:0, 2, stif=0.925
j:1, 2, stif=0.912
n:j=0, d=|
n:j=1, d=G
c:0, 1, -1.634
",0.001248657702845456,feasible,21
47,0,16,"//0
p:fr=0.015
p:1.0, fr=0.97
p:1.323, -0.315, 0.225, fr=0.687
j:0, 2, stif=0.925
j:1, 2, stif=0.912
n:j=0, d=|
n:j=1, d=G
c:0, 1, -1.634
",0.001248657702845456,"//0
p:fr=0.015
p:1.0, fr=0.97
p:1.323, -0.315, 0.225, fr=0.687
j:0, 2, stif=0.925
j:1, 2, stif=0.912
n:j=0, d=|
n:j=1, d=G
c:0, 1, 0.245
",1.5855509918133847e-07,feasible,21
47,0,16,"//0
p:fr=0.015
p:1.0, fr=0.97
p:1.323, -0.315, 0.225, fr=0.687
j:0, 2, stif=0.925
j:1, 2, stif=0.912
n:j=0, d=|
n:j=1, d=G
c:0, 1, -1.634
",0.001248657702845456,"//0
p:fr=0.015
p:1.0, fr=0.97
p:1.323, -0.315, 0.225, fr=0.687
j:2, 0, stif=0.925
j:1, 0, stif=0.912
n:j=0, d=|
n:j=1, d=G
c:0, 1, -1.634
",7.279172697860876e-07,feasible,21
47,0,16,"//0
p:fr=0.015
p:1.0, fr=0.97
p:1.323, -0.315, 0.225, fr=0.687
j:0, 2, stif=0.925
j:1, 2, stif=0.912
n:j=0, d=|
n:j=1, d=G
c:0, 1, -1.634
",0.001248657702845456,"//0
p:fr=0.015
p:1.104, 0.124, 0.361, fr=0.97
p:1.323, -0.315, 0.225, fr=0.687
j:0, 2, stif=0.925
j:1, 2, stif=0.912
n:j=0, d=|
n:j=1, d=G
c:0, 1, -1.634
",9.405798265281457e-08,feasible,21
47,0,16,"//0
p:fr=0.015
p:1.0, fr=0.97
p:1.323, -0.315, 0.225, fr=0.687
j:0, 2, stif=0.925
j:1, 2, stif=0.912
n:j=0, d=|
n:j=1, d=G
c:0, 1, -1.634
",0.001248657702845456,"//0
p:fr=0.015
p:1.0, fr=0.97
p:1.323, -0.315, 0.225, fr=0.687, ing=0.234
j:0, 2, stif=0.925
j:1, 2, stif=0.912
n:j=0, d=|
n:j=1, d=G
c:0, 1, -1.634
",0.001248657702845456,feasible,21
47,0,16,"//0
p:fr=0.015
p:1.0, fr=0.97
p:1.323, -0.315, 0.225, fr=0.687
j:0, 2, stif=0.925
j:1, 2, stif=0.912
n:j=0, d=|
n:j=1, d=G
c:0, 1, -1.634
",0.001248657702845456,"//0
p:fr=0.015
p:1.0, fr=0.97
p:1.323, -0.315, 0.225, fr=0.687
j:0, 2, stif=0.925
j:1, 2, stif=0.912, rotstif=0.944
n:j=0, d=|
n:j=1, d=G
c:0, 1, -1.634
",0.001248657702845456,feasible,21
47,0,16,"//0
p:fr=0.015
p:1.0, fr=0.97
p:1.323, -0.315, 0.225, fr=0.687
j:0, 2, stif=0.925
j:1, 2, stif=0.912
n:j=0, d=|
n:j=1, d=G
c:0, 1, -1.634
",0.001248657702845456,"//0
p:fr=0.015
p:0.452, 0.443, 0.147, fr=0.97
p:1.323, -0.315, 0.225, fr=0.687
j:0, 2, stif=0.925
j:1, 2, stif=0.912
n:j=0, d=|
n:j=1, d=G
c:0, 1, -1.634
",4.257643556385495e-08,feasible,21
47,0,16,"//0
p:fr=0.015
p:1.0, fr=0.97
p:1.323, -0.315, 0.225, fr=0.687
j:0, 2, stif=0.925
j:1, 2, stif=0.912
n:j=0, d=|
n:j=1, d=G
c:0, 1, -1.634
",0.001248657702845456,"//0
p:fr=0.015
p:1.0, fr=0.97
p:1.323, -0.315, 0.225, fr=0.687
j:0, 2, stif=0.925
j:1, 2, stif=0.912
n:j=0, d=|
n:j=1, d=G
n:p=2, d=S
c:0, 1, -1.634
",0.001248657702845456,feasible,21
47,0,16,"//0
p:fr=0.015
p:1.0, fr=0.97
p:1.323, -0.315, 0.225, fr=0.687
j:0, 2, stif=0.925
j:1, 2, stif=0.912
n:j=0, d=|
n:j=1, d=G
c:0, 1, -1.634
",0.001248657702845456,"//0
p:fr=0.015
p:1.0, fr=0.97, ing=0.235
p:1.323, -0.315, 0.225, fr=0.687
j:0, 2, stif=0.925
j:1, 2, stif=0.912
n:j=0, d=|
n:j=1, d=G
c:0, 1, -1.634
",0.001248657702845456,feasible,21
47,0,16,"//0
p:fr=0.015
p:1.0, fr=0.97
p:1.323, -0.315, 0.225, fr=0.687
j:0, 2, stif=0.925
j:1, 2, stif=0.912
n:j=0, d=|
n:j=1, d=G
c:0, 1, -1.634
",0.001248657702845456,"//0
p:1.0, fr=0.97
p:1.323, -0.315, 0.225, fr=0.687
j:0, 1, stif=0.912
n:j=0, d=G
",1.7763780150977156e-19,feasible,21
47,0,17,"//0
p:fr=0.015
p:1.0, fr=0.97
p:1.323, -0.315, 0.225, fr=0.687
p:-0.175, 0.765, -0.469
j:0, 2, stif=0.925
j:1, 2, stif=0.912
j:3, 0
n:j=0, d=|
n:j=1, d=G
c:0, 1, -1.634
",0.0014976843474386885,"//0
p:fr=0.015
p:1.069, 0.072, 0.094, fr=0.97
p:1.323, -0.315, 0.225, fr=0.687
p:-0.175, 0.765, -0.469
j:0, 2, stif=0.925
j:1, 2, stif=0.912
j:3, 0
n:j=0, d=|
n:j=1, d=G
c:0, 1, -1.634
",5.401042100333062e-05,feasible,20
47,0,17,"//0
p:fr=0.015
p:1.0, fr=0.97
p:1.323, -0.315, 0.225, fr=0.687
p:-0.175, 0.765, -0.469
j:0, 2, stif=0.925
j:1, 2, stif=0.912
j:3, 0
n:j=0, d=|
n:j=1, d=G
c:0, 1, -1.634
",0.0014976843474386885,"//0
p:fr=0.015
p:1.0, fr=0.97
p:1.323, -0.315, 0.225, fr=0.687
p:-0.175, 0.765, -0.469
j:0, 2, stif=0.925, rotstif=0.912
j:1, 2, stif=0.912
j:3, 0
n:j=0, d=|
n:j=1, d=G
c:0, 1, -1.634
",0.0014976843474386885,feasible,20
47,0,17,"//0
p:fr=0.015
p:1.0, fr=0.97
p:1.323, -0.315, 0.225, fr=0.687
p:-0.175, 0.765, -0.469
j:0, 2, stif=0.925
j:1, 2, stif=0.912
j:3, 0
n:j=0, d=|
n:j=1, d=G
c:0, 1, -1.634
",0.0014976843474386885,"//0
p:fr=0.015
p:1.0, fr=0.97
p:1.323, -0.315, 0.225, fr=0.687
p:-0.175, 0.765, -0.469
j:1, 2, stif=0.925
j:0, 2, stif=0.912
j:3, 1
n:j=0, d=|
n:j=1, d=G
c:0, 1, -1.634
",1.9767522924243326e-07,feasible,20
47,0,17,"//0
p:fr=0.015
p:1.0, fr=0.97
p:1.323, -0.315, 0.225, fr=0.687
p:-0.175, 0.765, -0.469
j:0, 2, stif=0.925
j:1, 2, stif=0.912
j:3, 0
n:j=0, d=|
n:j=1, d=G
c:0, 1, -1.634
",0.0014976843474386885,"//0
p:fr=0.015
p:1.0, fr=0.97
p:1.323, -0.315, 0.225, fr=0.687
p:-0.175, 0.765, -0.469
j:0, 2, stif=0.925
j:1, 2, stif=0.994
j:3, 0
n:j=0, d=|
n:j=1, d=G
c:0, 1, -1.634
",0.0007710181462051911,feasible,20
47,0,17,"//0
p:fr=0.015
p:1.0, fr=0.97
p:1.323, -0.315, 0.225, fr=0.687
p:-0.175, 0.765, -0.469
j:0, 2, stif=0.925
j:1, 2, stif=0.912
j:3, 0
n:j=0, d=|
n:j=1, d=G
c:0, 1, -1.634
",0.0014976843474386885,"//0
p:fr=0.015
p:1.0, fr=0.97
p:1.323, -0.315, 0.225, fr=0.687
p:-0.175, 0.765, -0.469
j:0, 2, stif=0.925
j:1, 2, stif=0.912
j:3, 0
n:j=0, d=|
n:j=1, d=G
c:0, 1, -3.392
",0.00013282613554145166,feasible,20
47,0,17,"//0
p:fr=0.015
p:1.0, fr=0.97
p:1.323, -0.315, 0.225, fr=0.687
p:-0.175, 0.765, -0.469
j:0, 2, stif=0.925
j:1, 2, stif=0.912
j:3, 0
n:j=0, d=|
n:j=1, d=G
c:0, 1, -1.634
",0.0014976843474386885,"//0
p:fr=0.015
p:1.0, fr=0.97
p:1.323, -0.315, 0.225, fr=0.687
p:-0.175, 0.765, -0.469
j:3, 2, stif=0.925
j:1, 2, stif=0.912
j:0, 3
n:j=0, d=|
n:j=1, d=G
c:0, 1, -1.634
",0.00039685211135476927,feasible,20
47,0,17,"//0
p:fr=0.015
p:1.0, fr=0.97
p:1.323, -0.315, 0.225, fr=0.687
p:-0.175, 0.765, -0.469
j:0, 2, stif=0.925
j:1, 2, stif=0.912
j:3, 0
n:j=0, d=|
n:j=1, d=G
c:0, 1, -1.634
",0.0014976843474386885,"//0
p:fr=0.015
p:1.0, fr=0.97
p:1.323, -0.315, 0.225, fr=0.687
p:-0.175, 0.765, -0.469
j:0, 2, stif=0.925
j:1, 2, stif=0.912, rotstif=0.953
j:3, 0
n:j=0, d=|
n:j=1, d=G
c:0, 1, -1.634
",0.0014976843474386885,feasible,20
47,0,17,"//0
p:fr=0.015
p:1.0, fr=0.97
p:1.323, -0.315, 0.225, fr=0.687
p:-0.175, 0.765, -0.469
j:0, 2, stif=0.925
j:1, 2, stif=0.912
j:3, 0
n:j=0, d=|
n:j=1, d=G
c:0, 1, -1.634
",0.0014976843474386885,"//0
p:fr=0.015
p:1.0, fr=0.97
p:1.323, -0.315, 0.225, fr=0.687
p:-0.175, 0.765, -0.469
j:0, 2, stif=0.925
j:1, 2, stif=0.912
j:3, 0
n:j=0, d=|
n:j=1, d=G
c:0, 1, -3.25
",7.344888132151278e-05,feasible,20
47,0,17,"//0
p:fr=0.015
p:1.0, fr=0.97
p:1.323, -0.315, 0.225, fr=0.687
p:-0.175, 0.765, -0.469
j:0, 2, stif=0.925
j:1, 2, stif=0.912
j:3, 0
n:j=0, d=|
n:j=1, d=G
c:0, 1, -1.634
",0.0014976843474386885,"//0
p:fr=0.015
p:1.0, fr=0.97
p:1.323, -0.315, 0.225, fr=0.687
p:-0.175, 0.765, -0.469
j:0, 2, stif=0.925
j:1, 2, stif=0.912
j:3, 0
n:j=0, d=|
n:j=1, d=G
n:
c:0, 1, -1.634
c:2, 1, -2.135
",0.0014976843474386885,feasible,20
47,0,17,"//0
p:fr=0.015
p:1.0, fr=0.97
p:1.323, -0.315, 0.225, fr=0.687
p:-0.175, 0.765, -0.469
j:0, 2, stif=0.925
j:1, 2, stif=0.912
j:3, 0
n:j=0, d=|
n:j=1, d=G
c:0, 1, -1.634
",0.0014976843474386885,"//0
p:fr=0.015
p:1.0, fr=0.97
p:1.323, -0.315, 0.225, fr=0.687
p:-0.175, 0.765, -0.469
j:0, 2, stif=0.925
j:1, 2, stif=0.912, rotstif=0.836
j:3, 0
n:j=0, d=|
n:j=1, d=G
c:0, 1, -1.634
",0.0014976843474386885,feasible,20
47,0,17,"//0
p:fr=0.015
p:1.0, fr=0.97
p:1.323, -0.315, 0.225, fr=0.687
p:-0.175, 0.765, -0.469
j:0, 2, stif=0.925
j:1, 2, stif=0.912
j:3, 0
n:j=0, d=|
n:j=1, d=G
c:0, 1, -1.634
",0.0014976843474386885,"//0
p:fr=0.015
p:1.0, fr=0.97
p:1.323, -0.315, 0.225, fr=0.687, ing=0.173
p:-0.175, 0.765, -0.469
j:0, 2, stif=0.925
j:1, 2, stif=0.912
j:3, 0
n:j=0, d=|
n:j=1, d=G
c:0, 1, -1.634
",0.0014976843474386885,feasible,20
47,0,17,"//0
p:fr=0.015
p:1.0, fr=0.97
p:1.323, -0.315, 0.225, fr=0.687
p:-0.175, 0.765, -0.469
j:0, 2, stif=0.925
j:1, 2, stif=0.912
j:3, 0
n:j=0, d=|
n:j=1, d=G
c:0, 1, -1.634
",0.0014976843474386885,"//0
p:fr=0.015
p:1.0, fr=0.97
p:1.133, -0.439, -0.216, fr=0.687
p:-0.175, 0.765, -0.469
j:0, 2, stif=0.925
j:1, 2, stif=0.912
j:3, 0
n:j=0, d=|
n:j=1, d=G
c:0, 1, -1.634
",0.000547370106709252,feasible,20
47,0,17,"//0
p:fr=0.015
p:1.0, fr=0.97
p:1.323, -0.315, 0.225, fr=0.687
p:-0.175, 0.765, -0.469
j:0, 2, stif=0.925
j:1, 2, stif=0.912
j:3, 0
n:j=0, d=|
n:j=1, d=G
c:0, 1, -1.634
",0.0014976843474386885,"//0
p:fr=0.015
p:1.0, fr=0.97
p:1.323, -0.315, 0.225, fr=0.687
p:-0.175, 0.765, -0.469
j:0, 2, stif=0.925
j:1, 2, stif=0.912
j:3, 0
n:j=0, d=|:r=0.957
n:j=1, d=G
c:0, 1, -1.634
",0.0009884914507767727,feasible,20
47,0,17,"//0
p:fr=0.015
p:1.0, fr=0.97
p:1.323, -0.315, 0.225, fr=0.687
p:-0.175, 0.765, -0.469
j:0, 2, stif=0.925
j:1, 2, stif=0.912
j:3, 0
n:j=0, d=|
n:j=1, d=G
c:0, 1, -1.634
",0.0014976843474386885,"//0
p:fr=0.015
p:1.0, fr=0.97
p:1.323, -0.315, 0.225, fr=0.687
p:-0.175, 0.765, -0.469, fr=0.636
j:0, 2, stif=0.925
j:1, 2, stif=0.912
j:3, 0
n:j=0, d=|
n:j=1, d=G
c:0, 1, -1.634
",0.0006745146473227717,feasible,20
47,0,17,"//0
p:fr=0.015
p:1.0, fr=0.97
p:1.323, -0.315, 0.225, fr=0.687
p:-0.175, 0.765, -0.469
j:0, 2, stif=0.925
j:1, 2, stif=0.912
j:3, 0
n:j=0, d=|
n:j=1, d=G
c:0, 1, -1.634
",0.0014976843474386885,"//0
p:fr=0.015, ing=0.198
p:1.0, fr=0.97
p:1.323, -0.315, 0.225, fr=0.687
p:-0.175, 0.765, -0.469
j:0, 2, stif=0.925
j:1, 2, stif=0.912
j:3, 0
n:j=0, d=|
n:j=1, d=G
c:0, 1, -1.634
",0.0014976843474386885,feasible,20
47,0,17,"//0
p:fr=0.015
p:1.0, fr=0.97
p:1.323, -0.315, 0.225, fr=0.687
p:-0.175, 0.765, -0.469
j:0, 2, stif=0.925
j:1, 2, stif=0.912
j:3, 0
n:j=0, d=|
n:j=1, d=G
c:0, 1, -1.634
",0.0014976843474386885,"//0
p:fr=0.015
p:1.0, fr=0.97
p:1.323, -0.315, 0.225, fr=0.687
j:0, 2, stif=0.925
j:1, 2, stif=0.912
n:j=0, d=|
n:j=1, d=G
c:0, 1, -1.634
",0.001248657702845456,feasible,20
47,0,17,"//0
p:fr=0.015
p:1.0, fr=0.97
p:1.323, -0.315, 0.225, fr=0.687
p:-0.175, 0.765, -0.469
j:0, 2, stif=0.925
j:1, 2, stif=0.912
j:3, 0
n:j=0, d=|
n:j=1, d=G
c:0, 1, -1.634
",0.0014976843474386885,"//0
p:fr=0.015
p:1.0, fr=0.97
p:1.323, -0.315, 0.225, fr=0.687
p:-0.175, 0.765, -0.469, ing=0.404
j:0, 2, stif=0.925
j:1, 2, stif=0.912
j:3, 0
n:j=0, d=|
n:j=1, d=G
c:0, 1, -1.634
",0.0014976843474386885,feasible,20
47,0,17,"//0
p:fr=0.015
p:1.0, fr=0.97
p:1.323, -0.315, 0.225, fr=0.687
p:-0.175, 0.765, -0.469
j:0, 2, stif=0.925
j:1, 2, stif=0.912
j:3, 0
n:j=0, d=|
n:j=1, d=G
c:0, 1, -1.634
",0.0014976843474386885,"//0
p:fr=0.015
p:1.0, fr=2.465
p:1.323, -0.315, 0.225, fr=0.687
p:-0.175, 0.765, -0.469
j:0, 2, stif=0.925
j:1, 2, stif=0.912
j:3, 0
n:j=0, d=|
n:j=1, d=G
c:0, 1, -1.634
",5.353637168199363e-05,feasible,20
47,0,17,"//0
p:fr=0.015
p:1.0, fr=0.97
p:1.323, -0.315, 0.225, fr=0.687
p:-0.175, 0.765, -0.469
j:0, 2, stif=0.925
j:1, 2, stif=0.912
j:3, 0
n:j=0, d=|
n:j=1, d=G
c:0, 1, -1.634
",0.0014976843474386885,"//0
p:fr=0.015
p:1.0, fr=0.97
p:1.323, -0.315, 0.225, fr=0.687
p:-0.175, 0.765, -0.469
j:0, 2, stif=0.925
j:1, 2, stif=0.912
j:3, 0
n:j=0, d=|:r=0.82
n:j=1, d=G
c:0, 1, -1.634
",0.0009135739819496298,feasible,20
47,0,17,"//0
p:fr=0.015
p:1.0, fr=0.97
p:1.323, -0.315, 0.225, fr=0.687
p:-0.175, 0.765, -0.469
j:0, 2, stif=0.925
j:1, 2, stif=0.912
j:3, 0
n:j=0, d=|
n:j=1, d=G
c:0, 1, -1.634
",0.0014976843474386885,"//0
p:fr=0.015
p:1.0, fr=0.97
p:1.323, -0.315, 0.225, fr=0.687
p:-0.175, 0.765, -0.469
j:0, 2, stif=0.925
j:1, 2, stif=0.912
j:3, 0
n:j=1, d=G
",1.6634942955220682e-07,feasible,20
47,0,18,"//0
p:fr=0.895
p:1.0, fr=0.97
p:1.323, -0.315, 0.225, fr=0.687
p:-0.175, 0.765, -0.469
j:0, 2, stif=0.925
j:1, 2, stif=0.912
j:3, 0
n:j=0, d=|
n:j=1, d=G
c:0, 1, -1.634
",0.004833546259329836,"//0
p:fr=0.895
p:1.0, fr=0.97
p:1.537, -0.239, 1.044, fr=0.687
p:-0.175, 0.765, -0.469
j:0, 2, stif=0.925
j:1, 2, stif=0.912
j:3, 0
n:j=0, d=|
n:j=1, d=G
c:0, 1, -1.634
",0.0015519306689907933,feasible,21
47,0,18,"//0
p:fr=0.895
p:1.0, fr=0.97
p:1.323, -0.315, 0.225, fr=0.687
p:-0.175, 0.765, -0.469
j:0, 2, stif=0.925
j:1, 2, stif=0.912
j:3, 0
n:j=0, d=|
n:j=1, d=G
c:0, 1, -1.634
",0.004833546259329836,"//0
p:fr=0.895
p:1.0, fr=0.97
p:1.323, -0.315, 0.225, fr=0.687
p:-0.175, 0.765, -0.469
j:0, 2, stif=0.925
j:1, 2, stif=0.912
j:3, 0, stif=0.912
n:j=0, d=|
n:j=1, d=G
c:0, 1, -1.634
",0.0018321114201761916,feasible,21
47,0,18,"//0
p:fr=0.895
p:1.0, fr=0.97
p:1.323, -0.315, 0.225, fr=0.687
p:-0.175, 0.765, -0.469
j:0, 2, stif=0.925
j:1, 2, stif=0.912
j:3, 0
n:j=0, d=|
n:j=1, d=G
c:0, 1, -1.634
",0.004833546259329836,"//0
p:fr=0.895
p:1.0, fr=0.97
p:1.323, -0.315, 0.225, fr=0.687
p:-0.175, 0.765, -0.469
j:0, 2, stif=0.925
j:1, 2, stif=0.912
j:3, 0
n:j=0, d=|
n:j=1, d=G
",3.813014118028943e-06,feasible,21
47,0,18,"//0
p:fr=0.895
p:1.0, fr=0.97
p:1.323, -0.315, 0.225, fr=0.687
p:-0.175, 0.765, -0.469
j:0, 2, stif=0.925
j:1, 2, stif=0.912
j:3, 0
n:j=0, d=|
n:j=1, d=G
c:0, 1, -1.634
",0.004833546259329836,"//0
p:fr=0.895
p:1.0, fr=0.97
p:1.323, -0.315, 0.225, fr=0.687
p:-0.175, 0.765, -0.469
j:0, 2, stif=0.925
j:3, 2, stif=0.912
j:1, 0
n:j=0, d=|
n:j=1, d=G
c:0, 1, -1.634
",0.00017569788747771696,feasible,21
47,0,18,"//0
p:fr=0.895
p:1.0, fr=0.97
p:1.323, -0.315, 0.225, fr=0.687
p:-0.175, 0.765, -0.469
j:0, 2, stif=0.925
j:1, 2, stif=0.912
j:3, 0
n:j=0, d=|
n:j=1, d=G
c:0, 1, -1.634
",0.004833546259329836,"//0
p:fr=0.895
p:1.0, fr=0.97
p:1.323, -0.315, 0.225, fr=0.687
p:-0.175, 0.765, -0.469
j:0, 2, stif=0.865
j:1, 2, stif=0.912
j:3, 0
n:j=0, d=|
n:j=1, d=G
c:0, 1, -1.634
",0.002515077526483,feasible,21
47,0,18,"//0
p:fr=0.895
p:1.0, fr=0.97
p:1.323, -0.315, 0.225, fr=0.687
p:-0.175, 0.765, -0.469
j:0, 2, stif=0.925
j:1, 2, stif=0.912
j:3, 0
n:j=0, d=|
n:j=1, d=G
c:0, 1, -1.634
",0.004833546259329836,"//0
p:fr=0.895
p:1.0, fr=1.028
p:1.323, -0.315, 0.225, fr=0.687
p:-0.175, 0.765, -0.469
j:0, 2, stif=0.925
j:1, 2, stif=0.912
j:3, 0
n:j=0, d=|
n:j=1, d=G
c:0, 1, -1.634
",0.0005819591829633125,feasible,21
47,0,18,"//0
p:fr=0.895
p:1.0, fr=0.97
p:1.323, -0.315, 0.225, fr=0.687
p:-0.175, 0.765, -0.469
j:0, 2, stif=0.925
j:1, 2, stif=0.912
j:3, 0
n:j=0, d=|
n:j=1, d=G
c:0, 1, -1.634
",0.004833546259329836,"//0
p:fr=0.895
p:1.0, fr=0.97
p:1.323, -0.315, 0.225, fr=0.687
p:-0.175, 0.765, -0.469
j:0, 2, stif=0.925
j:1, 2, stif=0.912
j:3, 0
n:j=1, d=G
",3.781170906466206e-08,feasible,21
47,0,18,"//0
p:fr=0.895
p:1.0, fr=0.97
p:1.323, -0.315, 0.225, fr=0.687
p:-0.175, 0.765, -0.469
j:0, 2, stif=0.925
j:1, 2, stif=0.912
j:3, 0
n:j=0, d=|
n:j=1, d=G
c:0, 1, -1.634
",0.004833546259329836,"//0
p:fr=0.895
p:1.0, fr=0.97
p:1.323, -0.315, 0.225, fr=0.687
p:-0.175, 0.765, -0.469
j:0, 2, stif=0.925
j:1, 2, stif=0.912
j:3, 0
n:j=0, d=|
n:j=1, d=G
c:0, 1, 1.705
",1.690933765057297e-06,feasible,21
47,0,18,"//0
p:fr=0.895
p:1.0, fr=0.97
p:1.323, -0.315, 0.225, fr=0.687
p:-0.175, 0.765, -0.469
j:0, 2, stif=0.925
j:1, 2, stif=0.912
j:3, 0
n:j=0, d=|
n:j=1, d=G
c:0, 1, -1.634
",0.004833546259329836,"//0
p:fr=0.895
p:1.0, fr=0.97
p:1.323, -0.315, 0.225, fr=0.687
p:-0.175, 0.765, -0.469
j:0, 2, stif=0.925
j:1, 2, stif=0.912
j:3, 0
n:j=0, d=|
n:j=1, d=G
c:0, 1, -2.42
",0.0006397594979005404,feasible,21
47,0,18,"//0
p:fr=0.895
p:1.0, fr=0.97
p:1.323, -0.315, 0.225, fr=0.687
p:-0.175, 0.765, -0.469
j:0, 2, stif=0.925
j:1, 2, stif=0.912
j:3, 0
n:j=0, d=|
n:j=1, d=G
c:0, 1, -1.634
",0.004833546259329836,"//0
p:fr=0.895
p:1.0, fr=0.97
p:1.323, -0.315, 0.225, fr=0.687
j:0, 2, stif=0.925
j:1, 2, stif=0.912
n:j=0, d=|
n:j=1, d=G
c:0, 1, -1.634
",5.09335578015092e-05,feasible,21
47,0,18,"//0
p:fr=0.895
p:1.0, fr=0.97
p:1.323, -0.315, 0.225, fr=0.687
p:-0.175, 0.765, -0.469
j:0, 2, stif=0.925
j:1, 2, stif=0.912
j:3, 0
n:j=0, d=|
n:j=1, d=G
c:0, 1, -1.634
",0.004833546259329836,"//0
p:fr=0.895
p:1.323, -0.315, 0.225, fr=0.687
p:-0.175, 0.765, -0.469
j:0, 1, stif=0.925
j:2, 0
n:j=0, d=|
",4.6352887816525184e-05,feasible,21
47,0,18,"//0
p:fr=0.895
p:1.0, fr=0.97
p:1.323, -0.315, 0.225, fr=0.687
p:-0.175, 0.765, -0.469
j:0, 2, stif=0.925
j:1, 2, stif=0.912
j:3, 0
n:j=0, d=|
n:j=1, d=G
c:0, 1, -1.634
",0.004833546259329836,"//0
p:fr=0.895
p:1.0, fr=0.97
p:1.323, -0.315, 0.225, fr=0.687
p:-0.175, 0.765, -0.469
j:0, 2, stif=0.925
j:1, 2, stif=0.912
j:3, 0
n:j=0, d=|:p=0.254
n:j=1, d=G
c:0, 1, -1.634
",0.001060560717082299,feasible,21
47,0,18,"//0
p:fr=0.895
p:1.0, fr=0.97
p:1.323, -0.315, 0.225, fr=0.687
p:-0.175, 0.765, -0.469
j:0, 2, stif=0.925
j:1, 2, stif=0.912
j:3, 0
n:j=0, d=|
n:j=1, d=G
c:0, 1, -1.634
",0.004833546259329836,"//0
p:fr=0.895
p:1.0, fr=0.97
p:1.323, -0.315, 0.225, fr=0.687
p:-0.175, 0.765, -0.469
j:0, 2, stif=0.925
j:1, 2, stif=0.912
j:3, 0
n:j=0, d=|
n:j=1, d=G
c:0, 1, -3.825
",0.0003058425545743053,feasible,21
47,0,18,"//0
p:fr=0.895
p:1.0, fr=0.97
p:1.323, -0.315, 0.225, fr=0.687
p:-0.175, 0.765, -0.469
j:0, 2, stif=0.925
j:1, 2, stif=0.912
j:3, 0
n:j=0, d=|
n:j=1, d=G
c:0, 1, -1.634
",0.004833546259329836,"//0
p:fr=0.895
p:1.0, fr=0.97
p:1.323, -0.315, 0.225, fr=0.687
p:-0.175, 0.765, -0.469, fr=0.038
j:0, 2, stif=0.925
j:1, 2, stif=0.912
j:3, 0
n:j=0, d=|
n:j=1, d=G
c:0, 1, -1.634
",0.005028747797565747,feasible,21
47,0,18,"//0
p:fr=0.895
p:1.0, fr=0.97
p:1.323, -0.315, 0.225, fr=0.687
p:-0.175, 0.765, -0.469
j:0, 2, stif=0.925
j:1, 2, stif=0.912
j:3, 0
n:j=0, d=|
n:j=1, d=G
c:0, 1, -1.634
",0.004833546259329836,"//0
p:fr=0.895
p:1.0, fr=0.97
p:1.323, -0.315, 0.225, fr=0.687
p:-0.369, 0.611, 0.008
j:0, 2, stif=0.925
j:1, 2, stif=0.912
j:3, 0
n:j=0, d=|
n:j=1, d=G
c:0, 1, -1.634
",0.0013322309656460145,feasible,21
47,0,18,"//0
p:fr=0.895
p:1.0, fr=0.97
p:1.323, -0.315, 0.225, fr=0.687
p:-0.175, 0.765, -0.469
j:0, 2, stif=0.925
j:1, 2, stif=0.912
j:3, 0
n:j=0, d=|
n:j=1, d=G
c:0, 1, -1.634
",0.004833546259329836,"//0
p:fr=0.895
p:1.0, fr=0.97
p:1.323, -0.315, 0.225, fr=0.687, ing=0.304
p:-0.175, 0.765, -0.469
j:0, 2, stif=0.925
j:1, 2, stif=0.912
j:3, 0
n:j=0, d=|
n:j=1, d=G
c:0, 1, -1.634
",0.004833546259329836,feasible,21
47,0,18,"//0
p:fr=0.895
p:1.0, fr=0.97
p:1.323, -0.315, 0.225, fr=0.687
p:-0.175, 0.765, -0.469
j:0, 2, stif=0.925
j:1, 2, stif=0.912
j:3, 0
n:j=0, d=|
n:j=1, d=G
c:0, 1, -1.634
",0.004833546259329836,"//0
p:fr=0.895
p:1.0, fr=0.97
p:1.323, -0.315, 0.225, fr=0.687
p:-0.175, 0.765, -0.469
j:0, 2, stif=0.925
j:1, 2, stif=0.912, rotstif=0.948
j:3, 0
n:j=0, d=|
n:j=1, d=G
c:0, 1, -1.634
",0.004833546259329836,feasible,21
47,0,18,"//0
p:fr=0.895
p:1.0, fr=0.97
p:1.323, -0.315, 0.225, fr=0.687
p:-0.175, 0.765, -0.469
j:0, 2, stif=0.925
j:1, 2, stif=0.912
j:3, 0
n:j=0, d=|
n:j=1, d=G
c:0, 1, -1.634
",0.004833546259329836,"//0
p:fr=0.895
p:1.0, fr=0.97
p:1.323, -0.315, 0.225, fr=0.687
p:-0.175, 0.765, -0.469
j:0, 2, stif=0.925
j:1, 2, stif=0.912
j:3, 0, stif=0.908
n:j=0, d=|
n:j=1, d=G
c:0, 1, -1.634
",0.004935184209441904,feasible,21
47,0,18,"//0
p:fr=0.895
p:1.0, fr=0.97
p:1.323, -0.315, 0.225, fr=0.687
p:-0.175, 0.765, -0.469
j:0, 2, stif=0.925
j:1, 2, stif=0.912
j:3, 0
n:j=0, d=|
n:j=1, d=G
c:0, 1, -1.634
",0.004833546259329836,"//0
p:fr=0.895
p:1.0, fr=0.97
p:1.323, -0.315, 0.225, fr=0.687
p:-0.175, 0.765, -0.469
j:0, 2, stif=0.925
j:1, 2, stif=0.912
j:3, 0, stif=0.999
n:j=0, d=|
n:j=1, d=G
c:0, 1, -1.634
",0.0017879963312492204,feasible,21
47,0,18,"//0
p:fr=0.895
p:1.0, fr=0.97
p:1.323, -0.315, 0.225, fr=0.687
p:-0.175, 0.765, -0.469
j:0, 2, stif=0.925
j:1, 2, stif=0.912
j:3, 0
n:j=0, d=|
n:j=1, d=G
c:0, 1, -1.634
",0.004833546259329836,"//0
p:fr=0.895
p:1.0, fr=0.97
p:1.323, -0.315, 0.225, fr=0.687
p:-0.175, 0.765, -0.469, fr=0.324
j:0, 2, stif=0.925
j:1, 2, stif=0.912
j:3, 0
n:j=0, d=|
n:j=1, d=G
c:0, 1, -1.634
",0.0019089164744341424,feasible,21
47,0,19,"//0
p:fr=0.895
p:1.0, fr=0.97
p:1.323, -0.315, 0.225, fr=0.687
p:-0.175, 0.765, -0.469
j:0, 2, stif=0.925
j:1, 2, stif=0.912
j:3, 0, stif=0.958
n:j=0, d=|
n:j=1, d=G
c:0, 1, -1.634
",0.006536732990621529,"//0
p:fr=0.895
p:1.0, fr=0.97
p:1.323, -0.315, 0.225, fr=0.687
p:-0.175, 0.765, -0.469
j:0, 2, stif=0.925
j:1, 2, stif=0.912
j:3, 0, stif=0.958
n:j=0, d=|
n:j=1, d=G
",1.6555153930634535e-05,feasible,21
47,0,19,"//0
p:fr=0.895
p:1.0, fr=0.97
p:1.323, -0.315, 0.225, fr=0.687
p:-0.175, 0.765, -0.469
j:0, 2, stif=0.925
j:1, 2, stif=0.912
j:3, 0, stif=0.958
n:j=0, d=|
n:j=1, d=G
c:0, 1, -1.634
",0.006536732990621529,"//0
p:fr=0.895
p:1.0, fr=0.97
p:1.323, -0.315, 0.225, fr=0.687
p:-0.175, 0.765, -0.469
j:3, 2, stif=0.925
j:1, 2, stif=0.912
j:0, 3, stif=0.958
n:j=0, d=|
n:j=1, d=G
c:0, 1, -1.634
",0.0003374552664596486,feasible,21
47,0,19,"//0
p:fr=0.895
p:1.0, fr=0.97
p:1.323, -0.315, 0.225, fr=0.687
p:-0.175, 0.765, -0.469
j:0, 2, stif=0.925
j:1, 2, stif=0.912
j:3, 0, stif=0.958
n:j=0, d=|
n:j=1, d=G
c:0, 1, -1.634
",0.006536732990621529,"//0
p:fr=0.895
p:1.0, fr=0.97
p:1.323, -0.315, 0.225, fr=1.624
p:-0.175, 0.765, -0.469
j:0, 2, stif=0.925
j:1, 2, stif=0.912
j:3, 0, stif=0.958
n:j=0, d=|
n:j=1, d=G
c:0, 1, -1.634
",0.002164345532834831,feasible,21
47,0,19,"//0
p:fr=0.895
p:1.0, fr=0.97
p:1.323, -0.315, 0.225, fr=0.687
p:-0.175, 0.765, -0.469
j:0, 2, stif=0.925
j:1, 2, stif=0.912
j:3, 0, stif=0.958
n:j=0, d=|
n:j=1, d=G
c:0, 1, -1.634
",0.006536732990621529,"//0
p:fr=0.895, ing=0.252
p:1.0, fr=0.97
p:1.323, -0.315, 0.225, fr=0.687
p:-0.175, 0.765, -0.469
j:0, 2, stif=0.925
j:1, 2, stif=0.912
j:3, 0, stif=0.958
n:j=0, d=|
n:j=1, d=G
c:0, 1, -1.634
",0.006536732990621529,feasible,21
47,0,19,"//0
p:fr=0.895
p:1.0, fr=0.97
p:1.323, -0.315, 0.225, fr=0.687
p:-0.175, 0.765, -0.469
j:0, 2, stif=0.925
j:1, 2, stif=0.912
j:3, 0, stif=0.958
n:j=0, d=|
n:j=1, d=G
c:0, 1, -1.634
",0.006536732990621529,"//0
p:fr=0.895
p:1.0, fr=0.97
p:1.323, -0.315, 0.225, fr=0.687, ing=0.28
p:-0.175, 0.765, -0.469
j:0, 2, stif=0.925
j:1, 2, stif=0.912
j:3, 0, stif=0.958
n:j=0, d=|
n:j=1, d=G
c:0, 1, -1.634
",0.006536732990621529,feasible,21
47,0,19,"//0
p:fr=0.895
p:1.0, fr=0.97
p:1.323, -0.315, 0.225, fr=0.687
p:-0.175, 0.765, -0.469
j:0, 2, stif=0.925
j:1, 2, stif=0.912
j:3, 0, stif=0.958
n:j=0, d=|
n:j=1, d=G
c:0, 1, -1.634
",0.006536732990621529,"//0
p:fr=0.895, ing=0.362
p:1.0, fr=0.97
p:1.323, -0.315, 0.225, fr=0.687
p:-0.175, 0.765, -0.469
j:0, 2, stif=0.925
j:1, 2, stif=0.912
j:3, 0, stif=0.958
n:j=0, d=|
n:j=1, d=G
c:0, 1, -1.634
",0.006536732990621529,feasible,21
47,0,19,"//0
p:fr=0.895
p:1.0, fr=0.97
p:1.323, -0.315, 0.225, fr=0.687
p:-0.175, 0.765, -0.469
j:0, 2, stif=0.925
j:1, 2, stif=0.912
j:3, 0, stif=0.958
n:j=0, d=|
n:j=1, d=G
c:0, 1, -1.634
",0.006536732990621529,"//0
p:fr=0.895, ing=0.271
p:1.0, fr=0.97
p:1.323, -0.315, 0.225, fr=0.687
p:-0.175, 0.765, -0.469
j:0, 2, stif=0.925
j:1, 2, stif=0.912
j:3, 0, stif=0.958
n:j=0, d=|
n:j=1, d=G
c:0, 1, -1.634
",0.006536732990621529,feasible,21
47,0,19,"//0
p:fr=0.895
p:1.0, fr=0.97
p:1.323, -0.315, 0.225, fr=0.687
p:-0.175, 0.765, -0.469
j:0, 2, stif=0.925
j:1, 2, stif=0.912
j:3, 0, stif=0.958
n:j=0, d=|
n:j=1, d=G
c:0, 1, -1.634
",0.006536732990621529,"//0
p:fr=0.895
p:1.0, fr=0.97
p:1.323, -0.315, 0.225, fr=0.687
p:-0.175, 0.765, -0.469
j:0, 2, stif=0.925
j:1, 2, stif=0.912
j:3, 0, stif=0.958
n:j=0, d=|
n:j=1, d=G
n:p=2, d=Gpart
c:0, 1, -1.634
",0.006536732990621529,feasible,21
47,0,19,"//0
p:fr=0.895
p:1.0, fr=0.97
p:1.323, -0.315, 0.225, fr=0.687
p:-0.175, 0.765, -0.469
j:0, 2, stif=0.925
j:1, 2, stif=0.912
j:3, 0, stif=0.958
n:j=0, d=|
n:j=1, d=G
c:0, 1, -1.634
",0.006536732990621529,"//0
p:fr=0.895
p:1.0, fr=0.97
p:1.323, -0.315, 0.225, fr=0.687
p:-0.175, 0.765, -0.469
j:0, 2, stif=0.925
j:1, 2, stif=0.912
j:3, 0, stif=0.958
n:j=0, d=|:p=0.379
n:j=1, d=G
c:0, 1, -1.634
",0.0003351030889792694,feasible,21
47,0,19,"//0
p:fr=0.895
p:1.0, fr=0.97
p:1.323, -0.315, 0.225, fr=0.687
p:-0.175, 0.765, -0.469
j:0, 2, stif=0.925
j:1, 2, stif=0.912
j:3, 0, stif=0.958
n:j=0, d=|
n:j=1, d=G
c:0, 1, -1.634
",0.006536732990621529,"//0
p:fr=0.895
p:1.0, fr=0.97
p:1.323, -0.315, 0.225, fr=0.687
p:-0.175, 0.765, -0.469
j:0, 2, stif=0.925
j:1, 2, stif=0.912
j:3, 0, stif=0.759
n:j=0, d=|
n:j=1, d=G
c:0, 1, -1.634
",0.0021771687991479845,feasible,21
47,0,19,"//0
p:fr=0.895
p:1.0, fr=0.97
p:1.323, -0.315, 0.225, fr=0.687
p:-0.175, 0.765, -0.469
j:0, 2, stif=0.925
j:1, 2, stif=0.912
j:3, 0, stif=0.958
n:j=0, d=|
n:j=1, d=G
c:0, 1, -1.634
",0.006536732990621529,"//0
p:fr=0.895
p:1.0, fr=0.97
p:1.323, -0.315, 0.225, fr=0.687
p:-0.175, 0.765, -0.469
j:0, 2, stif=0.925
j:1, 2, stif=0.912
j:3, 0, stif=0.958
n:j=0, d=|
n:j=1, d=G
c:0, 1, -1.888
",0.0035562560634173424,feasible,21
47,0,19,"//0
p:fr=0.895
p:1.0, fr=0.97
p:1.323, -0.315, 0.225, fr=0.687
p:-0.175, 0.765, -0.469
j:0, 2, stif=0.925
j:1, 2, stif=0.912
j:3, 0, stif=0.958
n:j=0, d=|
n:j=1, d=G
c:0, 1, -1.634
",0.006536732990621529,"//0
p:fr=0.895
p:1.0, fr=0.97
p:1.323, -0.315, 0.225, fr=0.687
p:-0.175, 0.765, -0.469
j:0, 2, stif=0.925
j:1, 2, stif=0.912
j:3, 0, stif=0.961
n:j=0, d=|
n:j=1, d=G
c:0, 1, -1.634
",0.0007713947396812335,feasible,21
47,0,19,"//0
p:fr=0.895
p:1.0, fr=0.97
p:1.323, -0.315, 0.225, fr=0.687
p:-0.175, 0.765, -0.469
j:0, 2, stif=0.925
j:1, 2, stif=0.912
j:3, 0, stif=0.958
n:j=0, d=|
n:j=1, d=G
c:0, 1, -1.634
",0.006536732990621529,"//0
p:fr=0.895
p:1.0, fr=0.97
p:1.323, -0.315, 0.225, fr=0.687
p:-0.175, 0.765, -0.469
j:0, 2, stif=0.925
j:1, 2, stif=0.912
j:3, 0, stif=0.958
n:j=0, d=|:p=0.23
n:j=1, d=G
c:0, 1, -1.634
",0.005474195125488834,feasible,21
47,0,19,"//0
p:fr=0.895
p:1.0, fr=0.97
p:1.323, -0.315, 0.225, fr=0.687
p:-0.175, 0.765, -0.469
j:0, 2, stif=0.925
j:1, 2, stif=0.912
j:3, 0, stif=0.958
n:j=0, d=|
n:j=1, d=G
c:0, 1, -1.634
",0.006536732990621529,"//0
p:fr=0.895
p:1.0, fr=0.97
p:1.323, -0.315, 0.225, fr=0.687
p:-0.175, 0.765, -0.469
p:-0.127, 0.805, -0.644
j:0, 2, stif=0.925
j:1, 2, stif=0.912
j:3, 0, stif=0.958
j:4, 3
n:j=0, d=|
n:j=1, d=G
c:0, 1, -1.634
",0.00024688111437410124,feasible,21
47,0,19,"//0
p:fr=0.895
p:1.0, fr=0.97
p:1.323, -0.315, 0.225, fr=0.687
p:-0.175, 0.765, -0.469
j:0, 2, stif=0.925
j:1, 2, stif=0.912
j:3, 0, stif=0.958
n:j=0, d=|
n:j=1, d=G
c:0, 1, -1.634
",0.006536732990621529,"//0
p:fr=0.895
p:1.0, fr=0.97
p:1.323, -0.315, 0.225, fr=0.687
p:-0.175, 0.765, -0.469
j:0, 2, stif=0.925
j:1, 2, stif=0.912, rotstif=0.809
j:3, 0, stif=0.958
n:j=0, d=|
n:j=1, d=G
c:0, 1, -1.634
",0.006536732990621529,feasible,21
47,0,19,"//0
p:fr=0.895
p:1.0, fr=0.97
p:1.323, -0.315, 0.225, fr=0.687
p:-0.175, 0.765, -0.469
j:0, 2, stif=0.925
j:1, 2, stif=0.912
j:3, 0, stif=0.958
n:j=0, d=|
n:j=1, d=G
c:0, 1, -1.634
",0.006536732990621529,"//0
p:fr=0.895
p:1.0, fr=0.97
p:1.323, -0.315, 0.225, fr=0.687
p:-0.175, 0.765, -0.469
j:2, 0, stif=0.925
j:1, 0, stif=0.912
j:3, 2, stif=0.958
n:j=0, d=|
n:j=1, d=G
c:0, 1, -1.634
",2.42861286636753e-21,feasible,21
47,0,19,"//0
p:fr=0.895
p:1.0, fr=0.97
p:1.323, -0.315, 0.225, fr=0.687
p:-0.175, 0.765, -0.469
j:0, 2, stif=0.925
j:1, 2, stif=0.912
j:3, 0, stif=0.958
n:j=0, d=|
n:j=1, d=G
c:0, 1, -1.634
",0.006536732990621529,"//0
p:fr=0.895
p:1.0, fr=0.97
p:1.323, -0.315, 0.225, fr=0.687
p:-0.175, 0.765, -0.469
j:0, 2, stif=0.925
j:1, 2, stif=0.912
j:3, 0, stif=0.958
n:j=0, d=|
n:j=1, d=G
c:0, 1, -2.634
",0.0001624583428600687,feasible,21
47,0,19,"//0
p:fr=0.895
p:1.0, fr=0.97
p:1.323, -0.315, 0.225, fr=0.687
p:-0.175, 0.765, -0.469
j:0, 2, stif=0.925
j:1, 2, stif=0.912
j:3, 0, stif=0.958
n:j=0, d=|
n:j=1, d=G
c:0, 1, -1.634
",0.006536732990621529,"//0
p:fr=0.895
p:1.0, fr=0.97
p:1.323, -0.315, 0.225, fr=0.687
p:-0.175, 0.765, -0.469
j:0, 1, stif=0.925
j:2, 1, stif=0.912
j:3, 0, stif=0.958
n:j=0, d=|
n:j=1, d=G
c:0, 1, -1.634
",7.347815796749586e-07,feasible,21
47,0,19,"//0
p:fr=0.895
p:1.0, fr=0.97
p:1.323, -0.315, 0.225, fr=0.687
p:-0.175, 0.765, -0.469
j:0, 2, stif=0.925
j:1, 2, stif=0.912
j:3, 0, stif=0.958
n:j=0, d=|
n:j=1, d=G
c:0, 1, -1.634
",0.006536732990621529,"//0
p:fr=0.895
p:1.0, fr=0.97, ing=0.008
p:1.323, -0.315, 0.225, fr=0.687
p:-0.175, 0.765, -0.469
j:0, 2, stif=0.925
j:1, 2, stif=0.912
j:3, 0, stif=0.958
n:j=0, d=|
n:j=1, d=G
c:0, 1, -1.634
",0.006536732990621529,feasible,21
47,0,19,"//0
p:fr=0.895
p:1.0, fr=0.97
p:1.323, -0.315, 0.225, fr=0.687
p:-0.175, 0.765, -0.469
j:0, 2, stif=0.925
j:1, 2, stif=0.912
j:3, 0, stif=0.958
n:j=0, d=|
n:j=1, d=G
c:0, 1, -1.634
",0.006536732990621529,"//0
p:-0.445, 0.65, -0.049, fr=0.895
p:1.0, fr=0.97
p:1.2943304468801966, -0.29935174278246035, 0.22055686789885404, fr=0.687
p:-0.175, 0.765, -0.469
j:0, 2, stif=0.925
j:1, 2, stif=0.912
j:3, 0, stif=0.958
n:j=0, d=|
n:j=1, d=G
c:0, 1, -1.634
",0.002681527278402455,feasible,21
47,0,20,"//0
p:fr=0.895
p:1.0, fr=0.97
p:1.323, -0.315, 0.225, fr=0.687
p:-0.175, 0.765, -0.469
j:0, 2, stif=0.925
j:1, 2, stif=0.912
j:3, 0, stif=0.958
n:j=0, d=|
n:j=1, d=G
c:0, 1, -1.144
",0.0073468999525726515,"//0
p:fr=0.895
p:1.0, fr=0.97
p:1.323, -0.315, 0.225, fr=0.687
p:-0.175, 0.765, -0.469
j:0, 2, stif=0.925
j:1, 2, stif=0.989
j:3, 0, stif=0.958
n:j=0, d=|
n:j=1, d=G
c:0, 1, -1.144
",0.005400301790636125,feasible,21
47,0,20,"//0
p:fr=0.895
p:1.0, fr=0.97
p:1.323, -0.315, 0.225, fr=0.687
p:-0.175, 0.765, -0.469
j:0, 2, stif=0.925
j:1, 2, stif=0.912
j:3, 0, stif=0.958
n:j=0, d=|
n:j=1, d=G
c:0, 1, -1.144
",0.0073468999525726515,"//0
p:fr=0.895
p:1.0, fr=0.97
p:1.323, -0.315, 0.225, fr=0.687
j:0, 2, stif=0.925
j:1, 2, stif=0.912
n:j=0, d=|
n:j=1, d=G
c:0, 1, -1.144
",3.895671311307879e-05,feasible,21
47,0,20,"//0
p:fr=0.895
p:1.0, fr=0.97
p:1.323, -0.315, 0.225, fr=0.687
p:-0.175, 0.765, -0.469
j:0, 2, stif=0.925
j:1, 2, stif=0.912
j:3, 0, stif=0.958
n:j=0, d=|
n:j=1, d=G
c:0, 1, -1.144
",0.0073468999525726515,"//0
p:fr=0.895
p:1.0, fr=0.97
p:1.323, -0.315, 0.225, fr=0.687
p:-0.175, 0.765, -0.469
p:1.568, -0.492, -0.302
j:0, 2, stif=0.925
j:1, 2, stif=0.912
j:3, 0, stif=0.958
j:4, 2
n:j=0, d=|
n:j=1, d=G
c:0, 1, -1.144
",3.773719538398896e-05,feasible,21
47,0,20,"//0
p:fr=0.895
p:1.0, fr=0.97
p:1.323, -0.315, 0.225, fr=0.687
p:-0.175, 0.765, -0.469
j:0, 2, stif=0.925
j:1, 2, stif=0.912
j:3, 0, stif=0.958
n:j=0, d=|
n:j=1, d=G
c:0, 1, -1.144
",0.0073468999525726515,"//0
p:fr=0.895
p:1.0, fr=0.97
p:1.315, -0.225, 0.29, fr=0.687
p:-0.175, 0.765, -0.469
j:0, 2, stif=0.925
j:1, 2, stif=0.912
j:3, 0, stif=0.958
n:j=0, d=|
n:j=1, d=G
c:0, 1, -1.144
",7.436197225688972e-05,feasible,21
47,0,20,"//0
p:fr=0.895
p:1.0, fr=0.97
p:1.323, -0.315, 0.225, fr=0.687
p:-0.175, 0.765, -0.469
j:0, 2, stif=0.925
j:1, 2, stif=0.912
j:3, 0, stif=0.958
n:j=0, d=|
n:j=1, d=G
c:0, 1, -1.144
",0.0073468999525726515,"//0
p:fr=0.895
p:1.0, fr=0.97
p:1.323, -0.315, 0.225, fr=0.687
p:-0.175, 0.765, -0.469
j:2, 0, stif=0.925
j:1, 0, stif=0.912
j:3, 2, stif=0.958
n:j=0, d=|
n:j=1, d=G
c:0, 1, -1.144
",1.776522850100588e-19,feasible,21
47,0,20,"//0
p:fr=0.895
p:1.0, fr=0.97
p:1.323, -0.315, 0.225, fr=0.687
p:-0.175, 0.765, -0.469
j:0, 2, stif=0.925
j:1, 2, stif=0.912
j:3, 0, stif=0.958
n:j=0, d=|
n:j=1, d=G
c:0, 1, -1.144
",0.0073468999525726515,"//0
p:fr=0.895
p:1.0, fr=0.97
p:1.323, -0.315, 0.225, fr=0.687
p:-0.175, 0.765, -0.469
j:0, 2, stif=0.925
j:1, 2, stif=0.912
j:3, 0, stif=0.958
n:j=0, d=|:p=0.335
n:j=1, d=G
c:0, 1, -1.144
",0.00033283596355016784,feasible,21
47,0,20,"//0
p:fr=0.895
p:1.0, fr=0.97
p:1.323, -0.315, 0.225, fr=0.687
p:-0.175, 0.765, -0.469
j:0, 2, stif=0.925
j:1, 2, stif=0.912
j:3, 0, stif=0.958
n:j=0, d=|
n:j=1, d=G
c:0, 1, -1.144
",0.0073468999525726515,"//0
p:0.33, -0.366, 0.122, fr=0.895
p:1.0, fr=0.97
p:1.323, -0.315, 0.225, fr=0.687
p:-0.175, 0.765, -0.469
j:0, 2, stif=0.925
j:1, 2, stif=0.912
j:3, 0, stif=0.958
n:j=0, d=|
n:j=1, d=G
c:0, 1, -1.144
",0.0006737993069118746,feasible,21
47,0,20,"//0
p:fr=0.895
p:1.0, fr=0.97
p:1.323, -0.315, 0.225, fr=0.687
p:-0.175, 0.765, -0.469
j:0, 2, stif=0.925
j:1, 2, stif=0.912
j:3, 0, stif=0.958
n:j=0, d=|
n:j=1, d=G
c:0, 1, -1.144
",0.0073468999525726515,"//0
p:fr=0.895
p:1.0, fr=0.97
p:1.323, -0.315, 0.225, fr=0.687
p:-0.175, 0.765, -0.469
j:0, 2, stif=0.925
j:1, 2, stif=0.758
j:3, 0, stif=0.958
n:j=0, d=|
n:j=1, d=G
c:0, 1, -1.144
",0.003326032983172616,feasible,21
47,0,20,"//0
p:fr=0.895
p:1.0, fr=0.97
p:1.323, -0.315, 0.225, fr=0.687
p:-0.175, 0.765, -0.469
j:0, 2, stif=0.925
j:1, 2, stif=0.912
j:3, 0, stif=0.958
n:j=0, d=|
n:j=1, d=G
c:0, 1, -1.144
",0.0073468999525726515,"//0
p:fr=0.895
p:1.0, fr=0.97
p:1.323, -0.315, 0.225, fr=0.687
p:-0.175, 0.765, -0.469
j:0, 2, stif=0.925
j:1, 2, stif=0.912, rotstif=0.944
j:3, 0, stif=0.958
n:j=0, d=|
n:j=1, d=G
c:0, 1, -1.144
",0.0073468999525726515,feasible,21
47,0,20,"//0
p:fr=0.895
p:1.0, fr=0.97
p:1.323, -0.315, 0.225, fr=0.687
p:-0.175, 0.765, -0.469
j:0, 2, stif=0.925
j:1, 2, stif=0.912
j:3, 0, stif=0.958
n:j=0, d=|
n:j=1, d=G
c:0, 1, -1.144
",0.0073468999525726515,"//0
p:fr=0.895
p:1.0, fr=0.97
p:1.323, -0.315, 0.225, fr=0.687
p:-0.175, 0.765, -0.469
j:0, 2, stif=0.925
j:1, 2, stif=0.912
j:3, 0, stif=0.958
n:j=0, d=|
n:j=1, d=G
n:j=0, d=|
c:0, 1, -1.144
c:2, 1, 0.181
",-999999.0,infeasible,21
47,0,20,"//0
p:fr=0.895
p:1.0, fr=0.97
p:1.323, -0.315, 0.225, fr=0.687
p:-0.175, 0.765, -0.469
j:0, 2, stif=0.925
j:1, 2, stif=0.912
j:3, 0, stif=0.958
n:j=0, d=|
n:j=1, d=G
c:0, 1, -1.144
",0.0073468999525726515,"//0
p:fr=0.895
p:1.0, fr=0.97
p:1.323, -0.315, 0.225, fr=0.687
p:-0.175, 0.765, -0.469
j:0, 2, stif=0.925
j:1, 2, stif=0.912
j:3, 0, stif=0.958
n:j=0, d=|
n:j=1, d=G
c:0, 1, -2.761
",5.3110424709617e-05,feasible,21
47,0,20,"//0
p:fr=0.895
p:1.0, fr=0.97
p:1.323, -0.315, 0.225, fr=0.687
p:-0.175, 0.765, -0.469
j:0, 2, stif=0.925
j:1, 2, stif=0.912
j:3, 0, stif=0.958
n:j=0, d=|
n:j=1, d=G
c:0, 1, -1.144
",0.0073468999525726515,"//0
p:fr=0.895
p:1.0, fr=0.97, ing=0.146
p:1.323, -0.315, 0.225, fr=0.687
p:-0.175, 0.765, -0.469
j:0, 2, stif=0.925
j:1, 2, stif=0.912
j:3, 0, stif=0.958
n:j=0, d=|
n:j=1, d=G
c:0, 1, -1.144
",0.0073468999525726515,feasible,21
47,0,20,"//0
p:fr=0.895
p:1.0, fr=0.97
p:1.323, -0.315, 0.225, fr=0.687
p:-0.175, 0.765, -0.469
j:0, 2, stif=0.925
j:1, 2, stif=0.912
j:3, 0, stif=0.958
n:j=0, d=|
n:j=1, d=G
c:0, 1, -1.144
",0.0073468999525726515,"//0
p:fr=0.895
p:1.0, fr=0.97
p:1.323, -0.315, 0.225, fr=0.687
p:-0.175, 0.765, -0.469
j:3, 2, stif=0.925
j:1, 2, stif=0.912
j:0, 3, stif=0.958
n:j=0, d=|
n:j=1, d=G
c:0, 1, -1.144
",0.0001113056290987071,feasible,21
47,0,20,"//0
p:fr=0.895
p:1.0, fr=0.97
p:1.323, -0.315, 0.225, fr=0.687
p:-0.175, 0.765, -0.469
j:0, 2, stif=0.925
j:1, 2, stif=0.912
j:3, 0, stif=0.958
n:j=0, d=|
n:j=1, d=G
c:0, 1, -1.144
",0.0073468999525726515,"//0
p:fr=0.895
p:1.0, fr=0.97
p:1.323, -0.315, 0.225, fr=0.687
p:-0.175, 0.765, -0.469
j:0, 2, stif=0.925
j:1, 2, stif=0.912
j:3, 0, stif=0.958
n:j=1, d=G
",3.800730720024381e-08,feasible,21
47,0,20,"//0
p:fr=0.895
p:1.0, fr=0.97
p:1.323, -0.315, 0.225, fr=0.687
p:-0.175, 0.765, -0.469
j:0, 2, stif=0.925
j:1, 2, stif=0.912
j:3, 0, stif=0.958
n:j=0, d=|
n:j=1, d=G
c:0, 1, -1.144
",0.0073468999525726515,"//0
p:fr=0.895
p:1.0, fr=0.97
p:1.323, -0.315, 0.225, fr=0.687
p:-0.175, 0.765, -0.469
j:0, 2, stif=0.925
j:1, 2, stif=0.912
j:3, 0, stif=0.958
j:1, 3
n:j=0, d=|
n:j=1, d=G
c:0, 1, -1.144
",5.576567806175225e-07,feasible,21
47,0,20,"//0
p:fr=0.895
p:1.0, fr=0.97
p:1.323, -0.315, 0.225, fr=0.687
p:-0.175, 0.765, -0.469
j:0, 2, stif=0.925
j:1, 2, stif=0.912
j:3, 0, stif=0.958
n:j=0, d=|
n:j=1, d=G
c:0, 1, -1.144
",0.0073468999525726515,"//0
p:fr=0.895
p:1.03, -0.322, 0.331, fr=0.97
p:1.323, -0.315, 0.225, fr=0.687
p:-0.175, 0.765, -0.469
j:0, 2, stif=0.925
j:1, 2, stif=0.912
j:3, 0, stif=0.958
n:j=0, d=|
n:j=1, d=G
c:0, 1, -1.144
",2.9193474017755e-05,feasible,21
47,0,20,"//0
p:fr=0.895
p:1.0, fr=0.97
p:1.323, -0.315, 0.225, fr=0.687
p:-0.175, 0.765, -0.469
j:0, 2, stif=0.925
j:1, 2, stif=0.912
j:3, 0, stif=0.958
n:j=0, d=|
n:j=1, d=G
c:0, 1, -1.144
",0.0073468999525726515,"//0
p:fr=0.895
p:1.0, fr=0.97
p:1.323, -0.315, 0.225, fr=0.687
p:-0.175, 0.765, -0.469
j:0, 2, stif=0.925
j:1, 2, stif=0.793
j:3, 0, stif=0.958
n:j=0, d=|
n:j=1, d=G
c:0, 1, -1.144
",0.0006558295590769893,feasible,21
47,0,20,"//0
p:fr=0.895
p:1.0, fr=0.97
p:1.323, -0.315, 0.225, fr=0.687
p:-0.175, 0.765, -0.469
j:0, 2, stif=0.925
j:1, 2, stif=0.912
j:3, 0, stif=0.958
n:j=0, d=|
n:j=1, d=G
c:0, 1, -1.144
",0.0073468999525726515,"//0
p:fr=0.895
p:1.0, fr=0.97
p:1.323, -0.315, 0.225, fr=0.687
p:-0.267, 0.767, -0.841
j:0, 2, stif=0.925
j:1, 2, stif=0.912
j:3, 0, stif=0.958
n:j=0, d=|
n:j=1, d=G
c:0, 1, -1.144
",0.0001116235783832672,feasible,21
47,0,20,"//0
p:fr=0.895
p:1.0, fr=0.97
p:1.323, -0.315, 0.225, fr=0.687
p:-0.175, 0.765, -0.469
j:0, 2, stif=0.925
j:1, 2, stif=0.912
j:3, 0, stif=0.958
n:j=0, d=|
n:j=1, d=G
c:0, 1, -1.144
",0.0073468999525726515,"//0
p:fr=0.895
p:1.0, fr=0.97
p:1.323, -0.315, 0.225, fr=0.687
p:-0.175, 0.765, -0.469
j:0, 2, stif=0.925
j:1, 2, stif=0.912
j:3, 0, stif=0.958
n:j=0, d=|
n:j=1, d=G
c:0, 1, -0.06
",0.00020616965194694123,feasible,21
47,0,20,"//0
p:fr=0.895
p:1.0, fr=0.97
p:1.323, -0.315, 0.225, fr=0.687
p:-0.175, 0.765, -0.469
j:0, 2, stif=0.925
j:1, 2, stif=0.912
j:3, 0, stif=0.958
n:j=0, d=|
n:j=1, d=G
c:0, 1, -1.144
",0.0073468999525726515,"//0
p:fr=0.895
p:1.0, fr=0.97
p:1.323, -0.315, 0.225, fr=0.687
p:-0.175, 0.765, -0.469
j:0, 2, stif=0.916
j:1, 2, stif=0.912
j:3, 0, stif=0.958
n:j=0, d=|
n:j=1, d=G
c:0, 1, -1.144
",0.005994847588107137,feasible,21
