run,genetic_format,sample_index,parent_genotype,parent_fitness,genotype,fitness,status,mutation_attempts
11,H,0,"//H
3
j:",0.0,"//H
3
j:l=0.804
",0.0,feasible,20
11,H,0,"//H
3
j:",0.0,"//H
3
j:
c:-0.1447877367027104, -0.4268890558741987, -0.8668917338363826, -0.2600218509323895, 0.4019773709587753, -0.16088104201480746, 1.316
",0.0,feasible,20
11,H,0,"//H
3
j:",0.0,"//H
3
j:x2=-0.226
",0.0,feasible,20
11,H,0,"//H
3
j:",0.0,"//H
3
j:fr=0.473
",0.0,feasible,20
11,H,0,"//H
3
j:",0.0,"//H
3
j:y0=-0.027
",0.0,feasible,20
11,H,0,"//H
3
j:",0.0,"//H
3
j:x2=0.18
",0.0,feasible,20
11,H,0,"//H
3
j:",0.0,"//H
3
j:y0=0.332
",0.0,feasible,20
11,H,0,"//H
3
j:",0.0,"//H
3
j:y0=-0.154
",0.0,feasible,20
11,H,0,"//H
3
j:",0.0,"//H
3
j:l=0.707
",0.0,feasible,20
11,H,0,"//H
3
j:",0.0,"//H
3
j:rotstif=0.82
",0.0,feasible,20
11,H,0,"//H
3
j:",0.0,"//H
3
j:rotstif=0.988
",0.0,feasible,20
11,H,0,"//H
3
j:",0.0,"//H
3
j:
n:0.34083964861929417, -0.49068057676777244, -0.2095294571481645, -0.4747374290600419, -0.42636907706037164, 0.7302858694456518, d=@:p=0.927
",0.0,feasible,20
11,H,0,"//H
3
j:",0.0,"//H
3
j:y0=-0.261
",0.0,feasible,20
11,H,0,"//H
3
j:",0.0,"//H
3
j:x2=-0.194
",0.0,feasible,20
11,H,0,"//H
3
j:",0.0,"//H
3
j:
c:0.7555761262774467, -0.7062557647004724, 0.5183011535555124, 0.625002228654921, 0.6901773195713758, -0.5894109737128019, 2.085
",0.0,feasible,20
11,H,0,"//H
3
j:",0.0,"//H
3
j:fr=1.029
",0.0,feasible,20
11,H,0,"//H
3
j:",0.0,"//H
3
j:rotstif=0.853
",0.0,feasible,20
11,H,0,"//H
3
j:",0.0,"//H
3
j:fr=0.313
",0.0,feasible,20
11,H,0,"//H
3
j:",0.0,"//H
3
j:l=1.01
",0.0,feasible,20
11,H,0,"//H
3
j:",0.0,"//H
3
j:fr=0.374
",0.0,feasible,20
11,H,1,"//H
3
j:x1=0.236, 0.056, y1=0.016, fr=0.202, rotstif=0.887, l=1.192
j:-0.484, -0.2754315687343478, 0.5367494928650558, 0.19809298729524016, -0.9219041368924081, 0.6480280407704413, fr=1.034
j:0.9952302942983806, 0.2822707360610366, -0.3886996554210782, 0.05028228322044015, -0.18298749951645732, -0.9189932788722217, fr=0.061, rotstif=0.913, l=0.862
j:-0.9551832447759807, 0.6240110346116126, 0.7934559336863458, 0.8033395409584045, 0.7298841364681721, 0.6905053132213652, rotstif=0.922, l=1.12
j:0.1566816857084632, 0.038293737918138504, 0.898905529640615, 0.4589673411101103, -0.4194320309907198, -0.17830685572698712, fr=0.771
j:-0.35044325701892376, 0.3144486811943352, -0.2915359465405345, -0.77429040055722, 0.6053830808959901, -0.651209975592792, fr=0.192, l=0.849
j:-0.9801633739843965, 0.8067154986783862, -0.6228454331867397, -0.23525909334421158, 0.6947755026631057, 0.25469618383795023, fr=0.024
j:-0.7635053456760943, 0.17548533715307713, 0.5616385000757873, -0.7752646235749125, 0.6479587121866643, -0.9765606494620442, l=0.974
j:-0.5167451584711671, 0.03792934399098158, 0.6070055356249213, -0.9712722371332347, 0.19098481675609946, -0.4591257073916495, l=1.102
n:0.41909112269058824, -0.333, 0.2499357871711254, 0.06684813648462296, -0.7928724931553006, -0.14895668718963861, d=N:in=0.0
n:-0.847, -0.9658983373083174, -0.5856141750700772, -0.9707079282961786, -0.39251838484779, 0.23717506183311343, d=S
n:0.12138806749135256, -0.8558362713083625, -0.30874029314145446, 0.9320059292949736, -0.9208812578581274, -0.16646586172282696, d=@:p=0.967
n:-0.4501496101729572, -0.9460830772295594, 0.9140725191682577, -0.9187408611178398, -0.1060163788497448, -0.07410808745771646, d=T:ry=2.363
c:-0.971, -0.591, -0.26402538269758224, -0.817, 0.11755119869485497, -0.8849945333786309, 3.726
",0.0017903014292824206,"//H
3
j:x1=0.236, 0.056, y1=0.016, fr=0.202, rotstif=0.887, l=1.192
j:-0.484, -0.2754315687343478, 0.5367494928650558, 0.19809298729524016, -0.9219041368924081, 0.6480280407704413, fr=1.034
j:0.9952302942983806, 0.2822707360610366, -0.3886996554210782, 0.05028228322044015, -0.18298749951645732, -0.9189932788722217, fr=0.061, rotstif=0.913, l=0.862
j:-0.9551832447759807, 0.6240110346116126, 0.7934559336863458, 0.8033395409584045, 0.7298841364681721, 0.6905053132213652, rotstif=0.922, l=1.12
j:0.1566816857084632, 0.038293737918138504, 0.898905529640615, 0.4589673411101103, -0.4194320309907198, -0.17830685572698712, fr=0.771
j:-0.35044325701892376, 0.3144486811943352, -0.2915359465405345, -0.77429040055722, 0.6053830808959901, -0.651209975592792, fr=0.192, l=0.849
j:-0.9801633739843965, 0.8067154986783862, -0.6228454331867397, -0.23525909334421158, 0.6947755026631057, 0.25469618383795023, fr=0.024
j:-0.7635053456760943, 0.17548533715307713, 0.5616385000757873, -0.7752646235749125, 0.6479587121866643, -0.9765606494620442, l=0.974
j:-0.5167451584711671, 0.03792934399098158, 0.6070055356249213, -0.9712722371332347, 0.19098481675609946, -0.4591257073916495, l=1.102
n:0.41909112269058824, -0.333, 0.2499357871711254, 0.06684813648462296, -0.7928724931553006, -0.14895668718963861, d=N:in=0.0
n:-0.847, -0.9658983373083174, -0.5856141750700772, -0.9707079282961786, -0.39251838484779, 0.23717506183311343, d=S
n:0.12138806749135256, -0.8558362713083625, -0.30874029314145446, 0.9320059292949736, -0.9208812578581274, -0.16646586172282696, d=@:p=0.967
n:-0.4501496101729572, -0.9460830772295594, 0.9140725191682577, -0.9187408611178398, -0.1060163788497448, -0.07410808745771646, d=T:ry=2.363
n:-0.23636712227016687, 0.02867527212947607, 0.5944629088044167, -0.8261595205403864, -0.5073483348824084, 0.7490580347366631, d=T:rz=0.132
c:-0.971, -0.591, -0.26402538269758224, -0.817, 0.11755119869485497, -0.8849945333786309, 3.726
",0.0017903014292824206,feasible,21
11,H,1,"//H
3
j:x1=0.236, 0.056, y1=0.016, fr=0.202, rotstif=0.887, l=1.192
j:-0.484, -0.2754315687343478, 0.5367494928650558, 0.19809298729524016, -0.9219041368924081, 0.6480280407704413, fr=1.034
j:0.9952302942983806, 0.2822707360610366, -0.3886996554210782, 0.05028228322044015, -0.18298749951645732, -0.9189932788722217, fr=0.061, rotstif=0.913, l=0.862
j:-0.9551832447759807, 0.6240110346116126, 0.7934559336863458, 0.8033395409584045, 0.7298841364681721, 0.6905053132213652, rotstif=0.922, l=1.12
j:0.1566816857084632, 0.038293737918138504, 0.898905529640615, 0.4589673411101103, -0.4194320309907198, -0.17830685572698712, fr=0.771
j:-0.35044325701892376, 0.3144486811943352, -0.2915359465405345, -0.77429040055722, 0.6053830808959901, -0.651209975592792, fr=0.192, l=0.849
j:-0.9801633739843965, 0.8067154986783862, -0.6228454331867397, -0.23525909334421158, 0.6947755026631057, 0.25469618383795023, fr=0.024
j:-0.7635053456760943, 0.17548533715307713, 0.5616385000757873, -0.7752646235749125, 0.6479587121866643, -0.9765606494620442, l=0.974
j:-0.5167451584711671, 0.03792934399098158, 0.6070055356249213, -0.9712722371332347, 0.19098481675609946, -0.4591257073916495, l=1.102
n:0.41909112269058824, -0.333, 0.2499357871711254, 0.06684813648462296, -0.7928724931553006, -0.14895668718963861, d=N:in=0.0
n:-0.847, -0.9658983373083174, -0.5856141750700772, -0.9707079282961786, -0.39251838484779, 0.23717506183311343, d=S
n:0.12138806749135256, -0.8558362713083625, -0.30874029314145446, 0.9320059292949736, -0.9208812578581274, -0.16646586172282696, d=@:p=0.967
n:-0.4501496101729572, -0.9460830772295594, 0.9140725191682577, -0.9187408611178398, -0.1060163788497448, -0.07410808745771646, d=T:ry=2.363
c:-0.971, -0.591, -0.26402538269758224, -0.817, 0.11755119869485497, -0.8849945333786309, 3.726
",0.0017903014292824206,"//H
3
j:x1=0.236, 0.056, y1=0.016, fr=0.202, rotstif=0.887, l=1.192
j:-0.484, -0.2754315687343478, 0.5367494928650558, 0.19809298729524016, -0.9219041368924081, 0.6480280407704413, fr=1.034
j:0.9952302942983806, 0.2822707360610366, -0.3886996554210782, 0.05028228322044015, -0.18298749951645732, -0.9189932788722217, fr=0.061, rotstif=0.913, l=0.862
j:-0.9551832447759807, 0.6240110346116126, 0.7934559336863458, 0.8033395409584045, 0.7298841364681721, 0.6905053132213652, rotstif=0.922, l=1.12
j:0.1566816857084632, 0.038293737918138504, 0.898905529640615, 0.4589673411101103, -0.4194320309907198, -0.17830685572698712, fr=0.771
j:-0.9801633739843965, 0.8067154986783862, -0.6228454331867397, -0.23525909334421158, 0.6947755026631057, 0.25469618383795023, fr=0.024
j:-0.7635053456760943, 0.17548533715307713, 0.5616385000757873, -0.7752646235749125, 0.6479587121866643, -0.9765606494620442, l=0.974
j:-0.5167451584711671, 0.03792934399098158, 0.6070055356249213, -0.9712722371332347, 0.19098481675609946, -0.4591257073916495, l=1.102
n:0.41909112269058824, -0.333, 0.2499357871711254, 0.06684813648462296, -0.7928724931553006, -0.14895668718963861, d=N:in=0.0
n:-0.847, -0.9658983373083174, -0.5856141750700772, -0.9707079282961786, -0.39251838484779, 0.23717506183311343, d=S
n:0.12138806749135256, -0.8558362713083625, -0.30874029314145446, 0.9320059292949736, -0.9208812578581274, -0.16646586172282696, d=@:p=0.967
n:-0.4501496101729572, -0.9460830772295594, 0.9140725191682577, -0.9187408611178398, -0.1060163788497448, -0.07410808745771646, d=T:ry=2.363
c:-0.971, -0.591, -0.26402538269758224, -0.817, 0.11755119869485497, -0.8849945333786309, 3.726
",0.0004501778362162381,feasible,21
11,H,1,"//H
3
j:x1=0.236, 0.056, y1=0.016, fr=0.202, rotstif=0.887, l=1.192
j:-0.484, -0.2754315687343478, 0.5367494928650558, 0.19809298729524016, -0.9219041368924081, 0.6480280407704413, fr=1.034
j:0.9952302942983806, 0.2822707360610366, -0.3886996554210782, 0.05028228322044015, -0.18298749951645732, -0.9189932788722217, fr=0.061, rotstif=0.913, l=0.862
j:-0.9551832447759807, 0.6240110346116126, 0.7934559336863458, 0.8033395409584045, 0.7298841364681721, 0.6905053132213652, rotstif=0.922, l=1.12
j:0.1566816857084632, 0.038293737918138504, 0.898905529640615, 0.4589673411101103, -0.4194320309907198, -0.17830685572698712, fr=0.771
j:-0.35044325701892376, 0.3144486811943352, -0.2915359465405345, -0.77429040055722, 0.6053830808959901, -0.651209975592792, fr=0.192, l=0.849
j:-0.9801633739843965, 0.8067154986783862, -0.6228454331867397, -0.23525909334421158, 0.6947755026631057, 0.25469618383795023, fr=0.024
j:-0.7635053456760943, 0.17548533715307713, 0.5616385000757873, -0.7752646235749125, 0.6479587121866643, -0.9765606494620442, l=0.974
j:-0.5167451584711671, 0.03792934399098158, 0.6070055356249213, -0.9712722371332347, 0.19098481675609946, -0.4591257073916495, l=1.102
n:0.41909112269058824, -0.333, 0.2499357871711254, 0.06684813648462296, -0.7928724931553006, -0.14895668718963861, d=N:in=0.0
n:-0.847, -0.9658983373083174, -0.5856141750700772, -0.9707079282961786, -0.39251838484779, 0.23717506183311343, d=S
n:0.12138806749135256, -0.8558362713083625, -0.30874029314145446, 0.9320059292949736, -0.9208812578581274, -0.16646586172282696, d=@:p=0.967
n:-0.4501496101729572, -0.9460830772295594, 0.9140725191682577, -0.9187408611178398, -0.1060163788497448, -0.07410808745771646, d=T:ry=2.363
c:-0.971, -0.591, -0.26402538269758224, -0.817, 0.11755119869485497, -0.8849945333786309, 3.726
",0.0017903014292824206,"//H
3
j:x1=0.236, 0.056, y1=0.016, fr=0.202, rotstif=0.887, l=1.192
j:-0.484, -0.2754315687343478, 0.5367494928650558, 0.19809298729524016, -0.9219041368924081, 0.6480280407704413, fr=1.034
j:0.9952302942983806, 0.2822707360610366, -0.3886996554210782, 0.05028228322044015, -0.18298749951645732, -0.9189932788722217, fr=0.061, rotstif=0.913, l=0.862
j:-0.9551832447759807, 0.6240110346116126, 0.7934559336863458, 0.8033395409584045, 0.7298841364681721, 0.6905053132213652, rotstif=0.922, l=1.12
j:0.1566816857084632, 0.038293737918138504, 0.898905529640615, 0.4589673411101103, -0.4194320309907198, -0.17830685572698712, fr=0.771
j:-0.35044325701892376, 0.3144486811943352, -0.2915359465405345, -0.77429040055722, 0.6053830808959901, -0.651209975592792, fr=0.192, l=0.849
j:-0.9801633739843965, 0.8067154986783862, -0.6228454331867397, -0.23525909334421158, 0.6947755026631057, 0.126, fr=0.024
j:-0.7635053456760943, 0.17548533715307713, 0.5616385000757873, -0.7752646235749125, 0.6479587121866643, -0.9765606494620442, l=0.974
j:-0.5167451584711671, 0.03792934399098158, 0.6070055356249213, -0.9712722371332347, 0.19098481675609946, -0.4591257073916495, l=1.102
n:0.41909112269058824, -0.333, 0.2499357871711254, 0.06684813648462296, -0.7928724931553006, -0.14895668718963861, d=N:in=0.0
n:-0.847, -0.9658983373083174, -0.5856141750700772, -0.9707079282961786, -0.39251838484779, 0.23717506183311343, d=S
n:0.12138806749135256, -0.8558362713083625, -0.30874029314145446, 0.9320059292949736, -0.9208812578581274, -0.16646586172282696, d=@:p=0.967
n:-0.4501496101729572, -0.9460830772295594, 0.9140725191682577, -0.9187408611178398, -0.1060163788497448, -0.07410808745771646, d=T:ry=2.363
c:-0.971, -0.591, -0.26402538269758224, -0.817, 0.11755119869485497, -0.8849945333786309, 3.726
",2.2504358960890285e-05,feasible,21
11,H,1,"//H
3
j:x1=0.236, 0.056, y1=0.016, fr=0.202, rotstif=0.887, l=1.192
j:-0.484, -0.2754315687343478, 0.5367494928650558, 0.19809298729524016, -0.9219041368924081, 0.6480280407704413, fr=1.034
j:0.9952302942983806, 0.2822707360610366, -0.3886996554210782, 0.05028228322044015, -0.18298749951645732, -0.9189932788722217, fr=0.061, rotstif=0.913, l=0.862
j:-0.9551832447759807, 0.6240110346116126, 0.7934559336863458, 0.8033395409584045, 0.7298841364681721, 0.6905053132213652, rotstif=0.922, l=1.12
j:0.1566816857084632, 0.038293737918138504, 0.898905529640615, 0.4589673411101103, -0.4194320309907198, -0.17830685572698712, fr=0.771
j:-0.35044325701892376, 0.3144486811943352, -0.2915359465405345, -0.77429040055722, 0.6053830808959901, -0.651209975592792, fr=0.192, l=0.849
j:-0.9801633739843965, 0.8067154986783862, -0.6228454331867397, -0.23525909334421158, 0.6947755026631057, 0.25469618383795023, fr=0.024
j:-0.7635053456760943, 0.17548533715307713, 0.5616385000757873, -0.7752646235749125, 0.6479587121866643, -0.9765606494620442, l=0.974
j:-0.5167451584711671, 0.03792934399098158, 0.6070055356249213, -0.9712722371332347, 0.19098481675609946, -0.4591257073916495, l=1.102
n:0.41909112269058824, -0.333, 0.2499357871711254, 0.06684813648462296, -0.7928724931553006, -0.14895668718963861, d=N:in=0.0
n:-0.847, -0.9658983373083174, -0.5856141750700772, -0.9707079282961786, -0.39251838484779, 0.23717506183311343, d=S
n:0.12138806749135256, -0.8558362713083625, -0.30874029314145446, 0.9320059292949736, -0.9208812578581274, -0.16646586172282696, d=@:p=0.967
n:-0.4501496101729572, -0.9460830772295594, 0.9140725191682577, -0.9187408611178398, -0.1060163788497448, -0.07410808745771646, d=T:ry=2.363
c:-0.971, -0.591, -0.26402538269758224, -0.817, 0.11755119869485497, -0.8849945333786309, 3.726
",0.0017903014292824206,"//H
3
j:x1=0.236, 0.056, y1=0.016, fr=0.202, rotstif=0.887, l=1.192
j:-0.484, -0.2754315687343478, 0.5367494928650558, 0.19809298729524016, -0.9219041368924081, 0.6480280407704413, fr=1.034
j:0.9952302942983806, 0.2822707360610366, -0.3886996554210782, 0.05028228322044015, -0.18298749951645732, -0.9189932788722217, fr=0.061, rotstif=0.913, l=0.862
j:-0.9551832447759807, 0.6240110346116126, 0.7934559336863458, 0.8033395409584045, 0.7298841364681721, 0.6905053132213652, rotstif=0.922, l=1.12
j:0.1566816857084632, 0.038293737918138504, 0.898905529640615, 0.4589673411101103, -0.4194320309907198, -0.17830685572698712, fr=0.771
j:-0.35044325701892376, 0.3144486811943352, -0.2915359465405345, -0.77429040055722, 0.6053830808959901, -0.651209975592792, fr=0.192, l=0.849
j:-0.9801633739843965, 0.8067154986783862, -0.6228454331867397, -0.23525909334421158, 0.6947755026631057, 0.25469618383795023, fr=0.024
j:-0.7635053456760943, 0.17548533715307713, 0.5616385000757873, -0.7752646235749125, 0.6479587121866643, -0.9765606494620442, l=0.974
j:-0.5167451584711671, 0.03792934399098158, 0.6070055356249213, -0.9712722371332347, 0.19098481675609946, -0.4591257073916495, l=1.102
n:0.41909112269058824, -0.333, 0.2499357871711254, 0.06684813648462296, -0.7928724931553006, -0.14895668718963861, d=N:in=0.0
n:-0.847, -0.9658983373083174, -0.5856141750700772, -0.9707079282961786, -0.39251838484779, 0.23717506183311343, d=S
n:0.12138806749135256, -0.8558362713083625, -0.30874029314145446, 0.9320059292949736, -0.9208812578581274, -0.16646586172282696, d=@:p=0.998
n:-0.4501496101729572, -0.9460830772295594, 0.9140725191682577, -0.9187408611178398, -0.1060163788497448, -0.07410808745771646, d=T:ry=2.363
c:-0.971, -0.591, -0.26402538269758224, -0.817, 0.11755119869485497, -0.8849945333786309, 3.726
",0.001335424774316411,feasible,21
11,H,1,"//H
3
j:x1=0.236, 0.056, y1=0.016, fr=0.202, rotstif=0.887, l=1.192
j:-0.484, -0.2754315687343478, 0.5367494928650558, 0.19809298729524016, -0.9219041368924081, 0.6480280407704413, fr=1.034
j:0.9952302942983806, 0.2822707360610366, -0.3886996554210782, 0.05028228322044015, -0.18298749951645732, -0.9189932788722217, fr=0.061, rotstif=0.913, l=0.862
j:-0.9551832447759807, 0.6240110346116126, 0.7934559336863458, 0.8033395409584045, 0.7298841364681721, 0.6905053132213652, rotstif=0.922, l=1.12
j:0.1566816857084632, 0.038293737918138504, 0.898905529640615, 0.4589673411101103, -0.4194320309907198, -0.17830685572698712, fr=0.771
j:-0.35044325701892376, 0.3144486811943352, -0.2915359465405345, -0.77429040055722, 0.6053830808959901, -0.651209975592792, fr=0.192, l=0.849
j:-0.9801633739843965, 0.8067154986783862, -0.6228454331867397, -0.23525909334421158, 0.6947755026631057, 0.25469618383795023, fr=0.024
j:-0.7635053456760943, 0.17548533715307713, 0.5616385000757873, -0.7752646235749125, 0.6479587121866643, -0.9765606494620442, l=0.974
j:-0.5167451584711671, 0.03792934399098158, 0.6070055356249213, -0.9712722371332347, 0.19098481675609946, -0.4591257073916495, l=1.102
n:0.41909112269058824, -0.333, 0.2499357871711254, 0.06684813648462296, -0.7928724931553006, -0.14895668718963861, d=N:in=0.0
n:-0.847, -0.9658983373083174, -0.5856141750700772, -0.9707079282961786, -0.39251838484779, 0.23717506183311343, d=S
n:0.12138806749135256, -0.8558362713083625, -0.30874029314145446, 0.9320059292949736, -0.9208812578581274, -0.16646586172282696, d=@:p=0.967
n:-0.4501496101729572, -0.9460830772295594, 0.9140725191682577, -0.9187408611178398, -0.1060163788497448, -0.07410808745771646, d=T:ry=2.363
c:-0.971, -0.591, -0.26402538269758224, -0.817, 0.11755119869485497, -0.8849945333786309, 3.726
",0.0017903014292824206,"//H
3
j:x1=0.236, 0.056, y1=0.016, fr=0.202, rotstif=0.887, l=1.192
j:-0.484, -0.2754315687343478, 0.5367494928650558, 0.19809298729524016, -0.9219041368924081, 0.6480280407704413, fr=1.034
j:0.9952302942983806, 0.2822707360610366, -0.3886996554210782, 0.05028228322044015, -0.18298749951645732, -0.9189932788722217, fr=0.061, rotstif=0.913, l=0.862
j:-0.9551832447759807, 0.6240110346116126, 0.7934559336863458, 0.8033395409584045, 0.7298841364681721, 0.6905053132213652, rotstif=0.922, l=1.12
j:0.1566816857084632, 0.038293737918138504, 0.898905529640615, 0.4589673411101103, -0.4194320309907198, -0.159, fr=0.771
j:-0.35044325701892376, 0.3144486811943352, -0.2915359465405345, -0.77429040055722, 0.6053830808959901, -0.651209975592792, fr=0.192, l=0.849
j:-0.9801633739843965, 0.8067154986783862, -0.6228454331867397, -0.23525909334421158, 0.6947755026631057, 0.25469618383795023, fr=0.024
j:-0.7635053456760943, 0.17548533715307713, 0.5616385000757873, -0.7752646235749125, 0.6479587121866643, -0.9765606494620442, l=0.974
j:-0.5167451584711671, 0.03792934399098158, 0.6070055356249213, -0.9712722371332347, 0.19098481675609946, -0.4591257073916495, l=1.102
n:0.41909112269058824, -0.333, 0.2499357871711254, 0.06684813648462296, -0.7928724931553006, -0.14895668718963861, d=N:in=0.0
n:-0.847, -0.9658983373083174, -0.5856141750700772, -0.9707079282961786, -0.39251838484779, 0.23717506183311343, d=S
n:0.12138806749135256, -0.8558362713083625, -0.30874029314145446, 0.9320059292949736, -0.9208812578581274, -0.16646586172282696, d=@:p=0.967
n:-0.4501496101729572, -0.9460830772295594, 0.9140725191682577, -0.9187408611178398, -0.1060163788497448, -0.07410808745771646, d=T:ry=2.363
c:-0.971, -0.591, -0.26402538269758224, -0.817, 0.11755119869485497, -0.8849945333786309, 3.726
",0.0017903014292824206,feasible,21
11,H,1,"//H
3
j:x1=0.236, 0.056, y1=0.016, fr=0.202, rotstif=0.887, l=1.192
j:-0.484, -0.2754315687343478, 0.5367494928650558, 0.19809298729524016, -0.9219041368924081, 0.6480280407704413, fr=1.034
j:0.9952302942983806, 0.2822707360610366, -0.3886996554210782, 0.05028228322044015, -0.18298749951645732, -0.9189932788722217, fr=0.061, rotstif=0.913, l=0.862
j:-0.9551832447759807, 0.6240110346116126, 0.7934559336863458, 0.8033395409584045, 0.7298841364681721, 0.6905053132213652, rotstif=0.922, l=1.12
j:0.1566816857084632, 0.038293737918138504, 0.898905529640615, 0.4589673411101103, -0.4194320309907198, -0.17830685572698712, fr=0.771
j:-0.35044325701892376, 0.3144486811943352, -0.2915359465405345, -0.77429040055722, 0.6053830808959901, -0.651209975592792, fr=0.192, l=0.849
j:-0.9801633739843965, 0.8067154986783862, -0.6228454331867397, -0.23525909334421158, 0.6947755026631057, 0.25469618383795023, fr=0.024
j:-0.7635053456760943, 0.17548533715307713, 0.5616385000757873, -0.7752646235749125, 0.6479587121866643, -0.9765606494620442, l=0.974
j:-0.5167451584711671, 0.03792934399098158, 0.6070055356249213, -0.9712722371332347, 0.19098481675609946, -0.4591257073916495, l=1.102
n:0.41909112269058824, -0.333, 0.2499357871711254, 0.06684813648462296, -0.7928724931553006, -0.14895668718963861, d=N:in=0.0
n:-0.847, -0.9658983373083174, -0.5856141750700772, -0.9707079282961786, -0.39251838484779, 0.23717506183311343, d=S
n:0.12138806749135256, -0.8558362713083625, -0.30874029314145446, 0.9320059292949736, -0.9208812578581274, -0.16646586172282696, d=@:p=0.967
n:-0.4501496101729572, -0.9460830772295594, 0.9140725191682577, -0.9187408611178398, -0.1060163788497448, -0.07410808745771646, d=T:ry=2.363
c:-0.971, -0.591, -0.26402538269758224, -0.817, 0.11755119869485497, -0.8849945333786309, 3.726
",0.0017903014292824206,"//H
3
j:x1=0.236, 0.056, y1=0.016, fr=0.202, rotstif=0.887, l=1.192
j:-0.484, -0.2754315687343478, 0.5367494928650558, 0.19809298729524016, -0.9219041368924081, 0.6480280407704413, fr=1.034
j:0.9952302942983806, 0.2822707360610366, -0.3886996554210782, 0.05028228322044015, -0.18298749951645732, -0.9189932788722217, fr=0.053, rotstif=0.913, l=0.862
j:-0.9551832447759807, 0.6240110346116126, 0.7934559336863458, 0.8033395409584045, 0.7298841364681721, 0.6905053132213652, rotstif=0.922, l=1.12
j:0.1566816857084632, 0.038293737918138504, 0.898905529640615, 0.4589673411101103, -0.4194320309907198, -0.17830685572698712, fr=0.771
j:-0.35044325701892376, 0.3144486811943352, -0.2915359465405345, -0.77429040055722, 0.6053830808959901, -0.651209975592792, fr=0.192, l=0.849
j:-0.9801633739843965, 0.8067154986783862, -0.6228454331867397, -0.23525909334421158, 0.6947755026631057, 0.25469618383795023, fr=0.024
j:-0.7635053456760943, 0.17548533715307713, 0.5616385000757873, -0.7752646235749125, 0.6479587121866643, -0.9765606494620442, l=0.974
j:-0.5167451584711671, 0.03792934399098158, 0.6070055356249213, -0.9712722371332347, 0.19098481675609946, -0.4591257073916495, l=1.102
n:0.41909112269058824, -0.333, 0.2499357871711254, 0.06684813648462296, -0.7928724931553006, -0.14895668718963861, d=N:in=0.0
n:-0.847, -0.9658983373083174, -0.5856141750700772, -0.9707079282961786, -0.39251838484779, 0.23717506183311343, d=S
n:0.12138806749135256, -0.8558362713083625, -0.30874029314145446, 0.9320059292949736, -0.9208812578581274, -0.16646586172282696, d=@:p=0.967
n:-0.4501496101729572, -0.9460830772295594, 0.9140725191682577, -0.9187408611178398, -0.1060163788497448, -0.07410808745771646, d=T:ry=2.363
c:-0.971, -0.591, -0.26402538269758224, -0.817, 0.11755119869485497, -0.8849945333786309, 3.726
",0.0011623299053889705,feasible,21
11,H,1,"//H
3
j:x1=0.236, 0.056, y1=0.016, fr=0.202, rotstif=0.887, l=1.192
j:-0.484, -0.2754315687343478, 0.5367494928650558, 0.19809298729524016, -0.9219041368924081, 0.6480280407704413, fr=1.034
j:0.9952302942983806, 0.2822707360610366, -0.3886996554210782, 0.05028228322044015, -0.18298749951645732, -0.9189932788722217, fr=0.061, rotstif=0.913, l=0.862
j:-0.9551832447759807, 0.6240110346116126, 0.7934559336863458, 0.8033395409584045, 0.7298841364681721, 0.6905053132213652, rotstif=0.922, l=1.12
j:0.1566816857084632, 0.038293737918138504, 0.898905529640615, 0.4589673411101103, -0.4194320309907198, -0.17830685572698712, fr=0.771
j:-0.35044325701892376, 0.3144486811943352, -0.2915359465405345, -0.77429040055722, 0.6053830808959901, -0.651209975592792, fr=0.192, l=0.849
j:-0.9801633739843965, 0.8067154986783862, -0.6228454331867397, -0.23525909334421158, 0.6947755026631057, 0.25469618383795023, fr=0.024
j:-0.7635053456760943, 0.17548533715307713, 0.5616385000757873, -0.7752646235749125, 0.6479587121866643, -0.9765606494620442, l=0.974
j:-0.5167451584711671, 0.03792934399098158, 0.6070055356249213, -0.9712722371332347, 0.19098481675609946, -0.4591257073916495, l=1.102
n:0.41909112269058824, -0.333, 0.2499357871711254, 0.06684813648462296, -0.7928724931553006, -0.14895668718963861, d=N:in=0.0
n:-0.847, -0.9658983373083174, -0.5856141750700772, -0.9707079282961786, -0.39251838484779, 0.23717506183311343, d=S
n:0.12138806749135256, -0.8558362713083625, -0.30874029314145446, 0.9320059292949736, -0.9208812578581274, -0.16646586172282696, d=@:p=0.967
n:-0.4501496101729572, -0.9460830772295594, 0.9140725191682577, -0.9187408611178398, -0.1060163788497448, -0.07410808745771646, d=T:ry=2.363
c:-0.971, -0.591, -0.26402538269758224, -0.817, 0.11755119869485497, -0.8849945333786309, 3.726
",0.0017903014292824206,"//H
3
j:x1=0.236, 0.056, y1=0.016, fr=0.202, rotstif=0.887, l=1.192
j:-0.484, -0.2754315687343478, 0.5367494928650558, 0.19809298729524016, -0.9219041368924081, 0.6480280407704413, fr=1.034
j:0.9952302942983806, 0.2822707360610366, -0.3886996554210782, 0.05028228322044015, -0.18298749951645732, -0.9189932788722217, fr=0.061, rotstif=0.913, l=0.862
j:-0.9551832447759807, 0.6240110346116126, 0.7934559336863458, 0.8033395409584045, 0.7298841364681721, 0.6905053132213652, rotstif=0.922, l=1.12
j:0.1566816857084632, 0.038293737918138504, 0.898905529640615, 0.4589673411101103, -0.4194320309907198, -0.17830685572698712, fr=0.771
j:-0.35044325701892376, 0.3144486811943352, -0.2915359465405345, -0.77429040055722, 0.6053830808959901, -0.651209975592792, fr=0.192, l=0.849
j:-0.9801633739843965, 0.8067154986783862, -0.6228454331867397, -0.23525909334421158, 0.6947755026631057, 0.25469618383795023, fr=0.024
j:-0.7635053456760943, 0.17548533715307713, 0.5616385000757873, -0.7752646235749125, 0.6479587121866643, -0.9765606494620442, l=0.974
j:-0.5167451584711671, 0.03792934399098158, 0.6070055356249213, -0.9712722371332347, 0.19098481675609946, -0.4591257073916495, l=1.102
j:-0.4231102862395346, 0.05222382536157966, 0.3222444402053952, 0.7006682059727609, -0.9675619825720787, -0.04982274351641536, l=0.928
n:0.41909112269058824, -0.333, 0.2499357871711254, 0.06684813648462296, -0.7928724931553006, -0.14895668718963861, d=N:in=0.0
n:-0.847, -0.9658983373083174, -0.5856141750700772, -0.9707079282961786, -0.39251838484779, 0.23717506183311343, d=S
n:0.12138806749135256, -0.8558362713083625, -0.30874029314145446, 0.9320059292949736, -0.9208812578581274, -0.16646586172282696, d=@:p=0.967
n:-0.4501496101729572, -0.9460830772295594, 0.9140725191682577, -0.9187408611178398, -0.1060163788497448, -0.07410808745771646, d=T:ry=2.363
c:-0.971, -0.591, -0.26402538269758224, -0.817, 0.11755119869485497, -0.8849945333786309, 3.726
",6.427064290711926e-06,feasible,21
11,H,1,"//H
3
j:x1=0.236, 0.056, y1=0.016, fr=0.202, rotstif=0.887, l=1.192
j:-0.484, -0.2754315687343478, 0.5367494928650558, 0.19809298729524016, -0.9219041368924081, 0.6480280407704413, fr=1.034
j:0.9952302942983806, 0.2822707360610366, -0.3886996554210782, 0.05028228322044015, -0.18298749951645732, -0.9189932788722217, fr=0.061, rotstif=0.913, l=0.862
j:-0.9551832447759807, 0.6240110346116126, 0.7934559336863458, 0.8033395409584045, 0.7298841364681721, 0.6905053132213652, rotstif=0.922, l=1.12
j:0.1566816857084632, 0.038293737918138504, 0.898905529640615, 0.4589673411101103, -0.4194320309907198, -0.17830685572698712, fr=0.771
j:-0.35044325701892376, 0.3144486811943352, -0.2915359465405345, -0.77429040055722, 0.6053830808959901, -0.651209975592792, fr=0.192, l=0.849
j:-0.9801633739843965, 0.8067154986783862, -0.6228454331867397, -0.23525909334421158, 0.6947755026631057, 0.25469618383795023, fr=0.024
j:-0.7635053456760943, 0.17548533715307713, 0.5616385000757873, -0.7752646235749125, 0.6479587121866643, -0.9765606494620442, l=0.974
j:-0.5167451584711671, 0.03792934399098158, 0.6070055356249213, -0.9712722371332347, 0.19098481675609946, -0.4591257073916495, l=1.102
n:0.41909112269058824, -0.333, 0.2499357871711254, 0.06684813648462296, -0.7928724931553006, -0.14895668718963861, d=N:in=0.0
n:-0.847, -0.9658983373083174, -0.5856141750700772, -0.9707079282961786, -0.39251838484779, 0.23717506183311343, d=S
n:0.12138806749135256, -0.8558362713083625, -0.30874029314145446, 0.9320059292949736, -0.9208812578581274, -0.16646586172282696, d=@:p=0.967
n:-0.4501496101729572, -0.9460830772295594, 0.9140725191682577, -0.9187408611178398, -0.1060163788497448, -0.07410808745771646, d=T:ry=2.363
c:-0.971, -0.591, -0.26402538269758224, -0.817, 0.11755119869485497, -0.8849945333786309, 3.726
",0.0017903014292824206,"//H
3
j:x1=0.236, 0.056, y1=0.016, fr=0.202, rotstif=0.887, l=1.192
j:-0.484, -0.2754315687343478, 0.5367494928650558, 0.19809298729524016, -0.9219041368924081, 0.6480280407704413, fr=1.034
j:0.9952302942983806, 0.2822707360610366, -0.3886996554210782, 0.05028228322044015, -0.18298749951645732, -0.9189932788722217, fr=0.061, rotstif=0.913, l=0.862
j:-0.9551832447759807, 0.6240110346116126, 0.7934559336863458, 0.8033395409584045, 0.7298841364681721, 0.6905053132213652, rotstif=0.922, l=1.12
j:0.1566816857084632, 0.038293737918138504, 0.898905529640615, 0.4589673411101103, -0.4194320309907198, -0.17830685572698712, fr=0.771
j:-0.35044325701892376, 0.3144486811943352, -0.2915359465405345, -0.77429040055722, 0.6053830808959901, -0.651209975592792, fr=0.192, l=0.849
j:-0.9801633739843965, 0.8067154986783862, -0.6228454331867397, -0.23525909334421158, 0.6947755026631057, 0.25469618383795023, fr=0.024
j:-0.7635053456760943, 0.17548533715307713, 0.5616385000757873, -0.7752646235749125, 0.6479587121866643, -0.9765606494620442, l=0.974
j:-0.5167451584711671, 0.03792934399098158, 0.6070055356249213, -0.9712722371332347, 0.19098481675609946, -0.4591257073916495, l=1.102
n:0.41909112269058824, -0.333, 0.2499357871711254, 0.06684813648462296, -0.7928724931553006, -0.14895668718963861, d=N:in=0.0
n:-0.847, -0.9658983373083174, -0.5856141750700772, -0.9707079282961786, -0.39251838484779, 0.23717506183311343, d=S
n:0.12138806749135256, -0.8558362713083625, -0.30874029314145446, 0.9320059292949736, -0.9208812578581274, -0.16646586172282696, d=@:p=0.967
n:-0.4501496101729572, -0.9460830772295594, 0.9140725191682577, -0.9187408611178398, -0.1060163788497448, -0.07410808745771646, d=T:ry=2.363
c:-0.971, -0.591, -0.26402538269758224, -0.817, 0.11755119869485497, -0.8849945333786309, 3.726
c:0.019058662932366133, -0.5605414304882288, 0.13243086775764823, 0.8982143551111221, -0.2986587965860963, 0.4728386574424803, 2.197
",0.0017903014292824206,feasible,21
11,H,1,"//H
3
j:x1=0.236, 0.056, y1=0.016, fr=0.202, rotstif=0.887, l=1.192
j:-0.484, -0.2754315687343478, 0.5367494928650558, 0.19809298729524016, -0.9219041368924081, 0.6480280407704413, fr=1.034
j:0.9952302942983806, 0.2822707360610366, -0.3886996554210782, 0.05028228322044015, -0.18298749951645732, -0.9189932788722217, fr=0.061, rotstif=0.913, l=0.862
j:-0.9551832447759807, 0.6240110346116126, 0.7934559336863458, 0.8033395409584045, 0.7298841364681721, 0.6905053132213652, rotstif=0.922, l=1.12
j:0.1566816857084632, 0.038293737918138504, 0.898905529640615, 0.4589673411101103, -0.4194320309907198, -0.17830685572698712, fr=0.771
j:-0.35044325701892376, 0.3144486811943352, -0.2915359465405345, -0.77429040055722, 0.6053830808959901, -0.651209975592792, fr=0.192, l=0.849
j:-0.9801633739843965, 0.8067154986783862, -0.6228454331867397, -0.23525909334421158, 0.6947755026631057, 0.25469618383795023, fr=0.024
j:-0.7635053456760943, 0.17548533715307713, 0.5616385000757873, -0.7752646235749125, 0.6479587121866643, -0.9765606494620442, l=0.974
j:-0.5167451584711671, 0.03792934399098158, 0.6070055356249213, -0.9712722371332347, 0.19098481675609946, -0.4591257073916495, l=1.102
n:0.41909112269058824, -0.333, 0.2499357871711254, 0.06684813648462296, -0.7928724931553006, -0.14895668718963861, d=N:in=0.0
n:-0.847, -0.9658983373083174, -0.5856141750700772, -0.9707079282961786, -0.39251838484779, 0.23717506183311343, d=S
n:0.12138806749135256, -0.8558362713083625, -0.30874029314145446, 0.9320059292949736, -0.9208812578581274, -0.16646586172282696, d=@:p=0.967
n:-0.4501496101729572, -0.9460830772295594, 0.9140725191682577, -0.9187408611178398, -0.1060163788497448, -0.07410808745771646, d=T:ry=2.363
c:-0.971, -0.591, -0.26402538269758224, -0.817, 0.11755119869485497, -0.8849945333786309, 3.726
",0.0017903014292824206,"//H
3
j:x1=0.236, 0.056, y1=0.016, fr=0.202, rotstif=0.887, l=1.192
j:-0.484, -0.2754315687343478, 0.5367494928650558, 0.19809298729524016, -0.9219041368924081, 0.6480280407704413, fr=1.034
j:0.9952302942983806, 0.2822707360610366, -0.3886996554210782, 0.05028228322044015, -0.18298749951645732, -0.9189932788722217, fr=0.061, rotstif=0.913, l=0.862
j:-0.9551832447759807, 0.6240110346116126, 0.7934559336863458, 0.8033395409584045, 0.7298841364681721, 0.6905053132213652, rotstif=0.922, l=1.12
j:0.1566816857084632, 0.038293737918138504, 0.898905529640615, 0.4589673411101103, -0.4194320309907198, -0.17830685572698712, fr=0.771
j:-0.35044325701892376, 0.3144486811943352, -0.2915359465405345, -0.77429040055722, 0.6053830808959901, -0.651209975592792, fr=0.192, l=0.849
j:-0.9801633739843965, 0.8067154986783862, -0.6228454331867397, -0.23525909334421158, 0.6947755026631057, 0.25469618383795023, fr=0.024
j:-0.7635053456760943, 0.17548533715307713, 0.5616385000757873, -0.7752646235749125, 0.6479587121866643, -0.9765606494620442, l=0.974
j:-0.5167451584711671, 0.03792934399098158, 0.6070055356249213, -0.9712722371332347, 0.19098481675609946, -0.4591257073916495, l=1.102
j:0.36595304030925035, -0.5635194540955126, -0.45281639229506254, -0.6532601676881313, -0.830630152951926, -0.32649247674271464, fr=1.319
n:0.41909112269058824, -0.333, 0.2499357871711254, 0.06684813648462296, -0.7928724931553006, -0.14895668718963861, d=N:in=0.0
n:-0.847, -0.9658983373083174, -0.5856141750700772, -0.9707079282961786, -0.39251838484779, 0.23717506183311343, d=S
n:0.12138806749135256, -0.8558362713083625, -0.30874029314145446, 0.9320059292949736, -0.9208812578581274, -0.16646586172282696, d=@:p=0.967
n:-0.4501496101729572, -0.9460830772295594, 0.9140725191682577, -0.9187408611178398, -0.1060163788497448, -0.07410808745771646, d=T:ry=2.363
c:-0.971, -0.591, -0.26402538269758224, -0.817, 0.11755119869485497, -0.8849945333786309, 3.726
",4.037733853840947e-06,feasible,21
11,H,1,"//H
3
j:x1=0.236, 0.056, y1=0.016, fr=0.202, rotstif=0.887, l=1.192
j:-0.484, -0.2754315687343478, 0.5367494928650558, 0.19809298729524016, -0.9219041368924081, 0.6480280407704413, fr=1.034
j:0.9952302942983806, 0.2822707360610366, -0.3886996554210782, 0.05028228322044015, -0.18298749951645732, -0.9189932788722217, fr=0.061, rotstif=0.913, l=0.862
j:-0.9551832447759807, 0.6240110346116126, 0.7934559336863458, 0.8033395409584045, 0.7298841364681721, 0.6905053132213652, rotstif=0.922, l=1.12
j:0.1566816857084632, 0.038293737918138504, 0.898905529640615, 0.4589673411101103, -0.4194320309907198, -0.17830685572698712, fr=0.771
j:-0.35044325701892376, 0.3144486811943352, -0.2915359465405345, -0.77429040055722, 0.6053830808959901, -0.651209975592792, fr=0.192, l=0.849
j:-0.9801633739843965, 0.8067154986783862, -0.6228454331867397, -0.23525909334421158, 0.6947755026631057, 0.25469618383795023, fr=0.024
j:-0.7635053456760943, 0.17548533715307713, 0.5616385000757873, -0.7752646235749125, 0.6479587121866643, -0.9765606494620442, l=0.974
j:-0.5167451584711671, 0.03792934399098158, 0.6070055356249213, -0.9712722371332347, 0.19098481675609946, -0.4591257073916495, l=1.102
n:0.41909112269058824, -0.333, 0.2499357871711254, 0.06684813648462296, -0.7928724931553006, -0.14895668718963861, d=N:in=0.0
n:-0.847, -0.9658983373083174, -0.5856141750700772, -0.9707079282961786, -0.39251838484779, 0.23717506183311343, d=S
n:0.12138806749135256, -0.8558362713083625, -0.30874029314145446, 0.9320059292949736, -0.9208812578581274, -0.16646586172282696, d=@:p=0.967
n:-0.4501496101729572, -0.9460830772295594, 0.9140725191682577, -0.9187408611178398, -0.1060163788497448, -0.07410808745771646, d=T:ry=2.363
c:-0.971, -0.591, -0.26402538269758224, -0.817, 0.11755119869485497, -0.8849945333786309, 3.726
",0.0017903014292824206,"//H
3
j:x1=0.236, 0.056, y1=0.016, fr=0.202, rotstif=0.887, l=1.192
j:-0.484, -0.2754315687343478, 0.5367494928650558, 0.19809298729524016, -0.9219041368924081, 0.6480280407704413, fr=1.034
j:0.9952302942983806, 0.2822707360610366, -0.3886996554210782, 0.05028228322044015, -0.18298749951645732, -0.9189932788722217, fr=0.061, rotstif=0.913, l=0.862
j:-0.9551832447759807, 0.6240110346116126, 0.7934559336863458, 0.8033395409584045, 0.7298841364681721, 0.6905053132213652, rotstif=0.922, l=1.12
j:0.1566816857084632, 0.038293737918138504, 0.898905529640615, 0.4589673411101103, -0.4194320309907198, -0.17830685572698712, fr=0.771
j:-0.35044325701892376, 0.3144486811943352, -0.2915359465405345, -0.77429040055722, 0.6053830808959901, -0.651209975592792, fr=0.192, l=0.849
j:-0.9801633739843965, 0.8067154986783862, -0.6228454331867397, -0.23525909334421158, 0.6947755026631057, 0.25469618383795023, fr=0.024
j:-0.7635053456760943, 0.17548533715307713, 0.5616385000757873, -0.7752646235749125, 0.6479587121866643, -0.9765606494620442, l=0.974
j:-0.5167451584711671, 0.03792934399098158, 0.6070055356249213, -0.9712722371332347, 0.19098481675609946, -0.4591257073916495, l=1.102
n:0.41909112269058824, -0.333, 0.2499357871711254, 0.06684813648462296, -0.7928724931553006, -0.14895668718963861, d=N:in=0.0
n:-0.847, -0.9658983373083174, -0.5856141750700772, -0.9707079282961786, -0.39251838484779, 0.23717506183311343, d=S
n:0.12138806749135256, -0.8558362713083625, -0.30874029314145446, 0.9320059292949736, -0.9208812578581274, -0.16646586172282696, d=@:p=0.967
n:-0.4501496101729572, -0.9460830772295594, 0.9140725191682577, -0.9187408611178398, -0.1060163788497448, -0.07410808745771646, d=T:ry=2.363
n:0.8189566410146654, 0.7907508327625692, 0.3797608441673219, -0.1444023703224957, 0.5141363353468478, -0.4330805018544197, d=Gpart:rz=0.136
c:-0.971, -0.591, -0.26402538269758224, -0.817, 0.11755119869485497, -0.8849945333786309, 3.726
",0.0017903014292824206,feasible,21
11,H,1,"//H
3
j:x1=0.236, 0.056, y1=0.016, fr=0.202, rotstif=0.887, l=1.192
j:-0.484, -0.2754315687343478, 0.5367494928650558, 0.19809298729524016, -0.9219041368924081, 0.6480280407704413, fr=1.034
j:0.9952302942983806, 0.2822707360610366, -0.3886996554210782, 0.05028228322044015, -0.18298749951645732, -0.9189932788722217, fr=0.061, rotstif=0.913, l=0.862
j:-0.9551832447759807, 0.6240110346116126, 0.7934559336863458, 0.8033395409584045, 0.7298841364681721, 0.6905053132213652, rotstif=0.922, l=1.12
j:0.1566816857084632, 0.038293737918138504, 0.898905529640615, 0.4589673411101103, -0.4194320309907198, -0.17830685572698712, fr=0.771
j:-0.35044325701892376, 0.3144486811943352, -0.2915359465405345, -0.77429040055722, 0.6053830808959901, -0.651209975592792, fr=0.192, l=0.849
j:-0.9801633739843965, 0.8067154986783862, -0.6228454331867397, -0.23525909334421158, 0.6947755026631057, 0.25469618383795023, fr=0.024
j:-0.7635053456760943, 0.17548533715307713, 0.5616385000757873, -0.7752646235749125, 0.6479587121866643, -0.9765606494620442, l=0.974
j:-0.5167451584711671, 0.03792934399098158, 0.6070055356249213, -0.9712722371332347, 0.19098481675609946, -0.4591257073916495, l=1.102
n:0.41909112269058824, -0.333, 0.2499357871711254, 0.06684813648462296, -0.7928724931553006, -0.14895668718963861, d=N:in=0.0
n:-0.847, -0.9658983373083174, -0.5856141750700772, -0.9707079282961786, -0.39251838484779, 0.23717506183311343, d=S
n:0.12138806749135256, -0.8558362713083625, -0.30874029314145446, 0.9320059292949736, -0.9208812578581274, -0.16646586172282696, d=@:p=0.967
n:-0.4501496101729572, -0.9460830772295594, 0.9140725191682577, -0.9187408611178398, -0.1060163788497448, -0.07410808745771646, d=T:ry=2.363
c:-0.971, -0.591, -0.26402538269758224, -0.817, 0.11755119869485497, -0.8849945333786309, 3.726
",0.0017903014292824206,"//H
3
j:x1=0.236, 0.056, y1=0.016, fr=0.202, rotstif=0.887, l=1.192
j:-0.484, -0.2754315687343478, 0.5367494928650558, 0.19809298729524016, -0.9219041368924081, 0.6480280407704413, fr=1.034
j:0.9952302942983806, 0.2822707360610366, -0.3886996554210782, 0.05028228322044015, -0.18298749951645732, -0.9189932788722217, fr=0.061, rotstif=0.913, l=0.862
j:-0.9551832447759807, 0.583, 0.7934559336863458, 0.8033395409584045, 0.7298841364681721, 0.6905053132213652, rotstif=0.922, l=1.12
j:0.1566816857084632, 0.038293737918138504, 0.898905529640615, 0.4589673411101103, -0.4194320309907198, -0.17830685572698712, fr=0.771
j:-0.35044325701892376, 0.3144486811943352, -0.2915359465405345, -0.77429040055722, 0.6053830808959901, -0.651209975592792, fr=0.192, l=0.849
j:-0.9801633739843965, 0.8067154986783862, -0.6228454331867397, -0.23525909334421158, 0.6947755026631057, 0.25469618383795023, fr=0.024
j:-0.7635053456760943, 0.17548533715307713, 0.5616385000757873, -0.7752646235749125, 0.6479587121866643, -0.9765606494620442, l=0.974
j:-0.5167451584711671, 0.03792934399098158, 0.6070055356249213, -0.9712722371332347, 0.19098481675609946, -0.4591257073916495, l=1.102
n:0.41909112269058824, -0.333, 0.2499357871711254, 0.06684813648462296, -0.7928724931553006, -0.14895668718963861, d=N:in=0.0
n:-0.847, -0.9658983373083174, -0.5856141750700772, -0.9707079282961786, -0.39251838484779, 0.23717506183311343, d=S
n:0.12138806749135256, -0.8558362713083625, -0.30874029314145446, 0.9320059292949736, -0.9208812578581274, -0.16646586172282696, d=@:p=0.967
n:-0.4501496101729572, -0.9460830772295594, 0.9140725191682577, -0.9187408611178398, -0.1060163788497448, -0.07410808745771646, d=T:ry=2.363
c:-0.971, -0.591, -0.26402538269758224, -0.817, 0.11755119869485497, -0.8849945333786309, 3.726
",0.0017903014292824206,feasible,21
11,H,1,"//H
3
j:x1=0.236, 0.056, y1=0.016, fr=0.202, rotstif=0.887, l=1.192
j:-0.484, -0.2754315687343478, 0.5367494928650558, 0.19809298729524016, -0.9219041368924081, 0.6480280407704413, fr=1.034
j:0.9952302942983806, 0.2822707360610366, -0.3886996554210782, 0.05028228322044015, -0.18298749951645732, -0.9189932788722217, fr=0.061, rotstif=0.913, l=0.862
j:-0.9551832447759807, 0.6240110346116126, 0.7934559336863458, 0.8033395409584045, 0.7298841364681721, 0.6905053132213652, rotstif=0.922, l=1.12
j:0.1566816857084632, 0.038293737918138504, 0.898905529640615, 0.4589673411101103, -0.4194320309907198, -0.17830685572698712, fr=0.771
j:-0.35044325701892376, 0.3144486811943352, -0.2915359465405345, -0.77429040055722, 0.6053830808959901, -0.651209975592792, fr=0.192, l=0.849
j:-0.9801633739843965, 0.8067154986783862, -0.6228454331867397, -0.23525909334421158, 0.6947755026631057, 0.25469618383795023, fr=0.024
j:-0.7635053456760943, 0.17548533715307713, 0.5616385000757873, -0.7752646235749125, 0.6479587121866643, -0.9765606494620442, l=0.974
j:-0.5167451584711671, 0.03792934399098158, 0.6070055356249213, -0.9712722371332347, 0.19098481675609946, -0.4591257073916495, l=1.102
n:0.41909112269058824, -0.333, 0.2499357871711254, 0.06684813648462296, -0.7928724931553006, -0.14895668718963861, d=N:in=0.0
n:-0.847, -0.9658983373083174, -0.5856141750700772, -0.9707079282961786, -0.39251838484779, 0.23717506183311343, d=S
n:0.12138806749135256, -0.8558362713083625, -0.30874029314145446, 0.9320059292949736, -0.9208812578581274, -0.16646586172282696, d=@:p=0.967
n:-0.4501496101729572, -0.9460830772295594, 0.9140725191682577, -0.9187408611178398, -0.1060163788497448, -0.07410808745771646, d=T:ry=2.363
c:-0.971, -0.591, -0.26402538269758224, -0.817, 0.11755119869485497, -0.8849945333786309, 3.726
",0.0017903014292824206,"//H
3
j:x1=0.236, 0.056, y1=0.016, fr=0.202, rotstif=0.887, l=1.192
j:-0.484, -0.2754315687343478, 0.5367494928650558, 0.19809298729524016, -0.9219041368924081, 0.6480280407704413, fr=1.034
j:0.9952302942983806, 0.2822707360610366, -0.3886996554210782, 0.05028228322044015, -0.18298749951645732, -0.9189932788722217, fr=0.061, rotstif=0.913, l=0.862
j:-0.9551832447759807, 0.6240110346116126, 0.7934559336863458, 0.8033395409584045, 0.7298841364681721, 0.6905053132213652, rotstif=0.922, l=1.12
j:0.1566816857084632, 0.038293737918138504, 0.898905529640615, 0.4589673411101103, -0.4194320309907198, -0.17830685572698712, fr=0.771
j:-0.35044325701892376, 0.3144486811943352, -0.2915359465405345, -0.77429040055722, 0.6053830808959901, -0.651209975592792, fr=0.192, l=0.849
j:-0.9801633739843965, 0.8067154986783862, -0.6228454331867397, -0.23525909334421158, 0.6947755026631057, 0.25469618383795023, fr=0.024
j:-0.7635053456760943, 0.17548533715307713, 0.5616385000757873, -0.7752646235749125, 0.6479587121866643, -0.9765606494620442, l=0.974
j:-0.5167451584711671, 0.03792934399098158, 0.6070055356249213, -0.9712722371332347, 0.19098481675609946, -0.4591257073916495, l=1.102
n:0.41909112269058824, -0.333, 0.2499357871711254, 0.06684813648462296, -0.7928724931553006, -0.14895668718963861, d=N:in=0.0
n:-0.847, -0.9658983373083174, -0.5856141750700772, -0.9707079282961786, -0.39251838484779, 0.23717506183311343, d=S
n:0.12138806749135256, -0.8558362713083625, -0.30874029314145446, 0.9320059292949736, -0.9208812578581274, -0.16646586172282696, d=@:p=0.967
n:-0.4501496101729572, -0.9460830772295594, 0.9140725191682577, -0.9187408611178398, -0.1060163788497448, -0.07410808745771646, d=T:ry=2.363
c:-0.971, -0.591, -0.26402538269758224, -0.817, 0.11755119869485497, -0.8849945333786309, 3.726
c:0.26946983067318797, 0.9637518813833594, -0.8893742919899523, 0.7528541767969728, -0.21122578671202064, 0.8541183890774846, 1.372
",0.0017903014292824206,feasible,21
11,H,1,"//H
3
j:x1=0.236, 0.056, y1=0.016, fr=0.202, rotstif=0.887, l=1.192
j:-0.484, -0.2754315687343478, 0.5367494928650558, 0.19809298729524016, -0.9219041368924081, 0.6480280407704413, fr=1.034
j:0.9952302942983806, 0.2822707360610366, -0.3886996554210782, 0.05028228322044015, -0.18298749951645732, -0.9189932788722217, fr=0.061, rotstif=0.913, l=0.862
j:-0.9551832447759807, 0.6240110346116126, 0.7934559336863458, 0.8033395409584045, 0.7298841364681721, 0.6905053132213652, rotstif=0.922, l=1.12
j:0.1566816857084632, 0.038293737918138504, 0.898905529640615, 0.4589673411101103, -0.4194320309907198, -0.17830685572698712, fr=0.771
j:-0.35044325701892376, 0.3144486811943352, -0.2915359465405345, -0.77429040055722, 0.6053830808959901, -0.651209975592792, fr=0.192, l=0.849
j:-0.9801633739843965, 0.8067154986783862, -0.6228454331867397, -0.23525909334421158, 0.6947755026631057, 0.25469618383795023, fr=0.024
j:-0.7635053456760943, 0.17548533715307713, 0.5616385000757873, -0.7752646235749125, 0.6479587121866643, -0.9765606494620442, l=0.974
j:-0.5167451584711671, 0.03792934399098158, 0.6070055356249213, -0.9712722371332347, 0.19098481675609946, -0.4591257073916495, l=1.102
n:0.41909112269058824, -0.333, 0.2499357871711254, 0.06684813648462296, -0.7928724931553006, -0.14895668718963861, d=N:in=0.0
n:-0.847, -0.9658983373083174, -0.5856141750700772, -0.9707079282961786, -0.39251838484779, 0.23717506183311343, d=S
n:0.12138806749135256, -0.8558362713083625, -0.30874029314145446, 0.9320059292949736, -0.9208812578581274, -0.16646586172282696, d=@:p=0.967
n:-0.4501496101729572, -0.9460830772295594, 0.9140725191682577, -0.9187408611178398, -0.1060163788497448, -0.07410808745771646, d=T:ry=2.363
c:-0.971, -0.591, -0.26402538269758224, -0.817, 0.11755119869485497, -0.8849945333786309, 3.726
",0.0017903014292824206,"//H
3
j:x1=0.236, 0.056, y1=0.016, fr=0.202, rotstif=0.887, l=1.192
j:-0.484, -0.2754315687343478, 0.5367494928650558, 0.19809298729524016, -0.9219041368924081, 0.6480280407704413, fr=1.034
j:0.9952302942983806, 0.2822707360610366, -0.3886996554210782, 0.05028228322044015, -0.18298749951645732, -0.9189932788722217, fr=0.061, rotstif=0.913, l=0.862
j:-0.9551832447759807, 0.6240110346116126, 0.7934559336863458, 0.8033395409584045, 0.7298841364681721, 0.6905053132213652, rotstif=0.922, l=1.12
j:0.1566816857084632, 0.038293737918138504, 0.898905529640615, 0.4589673411101103, -0.4194320309907198, -0.17830685572698712, fr=0.771
j:-0.35044325701892376, 0.3144486811943352, -0.2915359465405345, -0.77429040055722, 0.6053830808959901, -0.651209975592792, fr=0.192, l=0.849
j:-0.9801633739843965, 0.8067154986783862, -0.6228454331867397, -0.23525909334421158, 0.6947755026631057, 0.25469618383795023, fr=0.024
j:-0.7635053456760943, 0.17548533715307713, 0.5616385000757873, -0.7752646235749125, 0.6479587121866643, -0.9765606494620442, l=0.974
j:-0.5167451584711671, 0.03792934399098158, 0.6070055356249213, -0.9712722371332347, 0.19098481675609946, -0.4591257073916495, l=1.102
j:0.7142786271870136, -0.3100411342456937, 0.013323758728802204, -0.9960863781161606, -0.9400618015788496, 0.7785798432305455, rotstif=0.978
n:0.41909112269058824, -0.333, 0.2499357871711254, 0.06684813648462296, -0.7928724931553006, -0.14895668718963861, d=N:in=0.0
n:-0.847, -0.9658983373083174, -0.5856141750700772, -0.9707079282961786, -0.39251838484779, 0.23717506183311343, d=S
n:0.12138806749135256, -0.8558362713083625, -0.30874029314145446, 0.9320059292949736, -0.9208812578581274, -0.16646586172282696, d=@:p=0.967
n:-0.4501496101729572, -0.9460830772295594, 0.9140725191682577, -0.9187408611178398, -0.1060163788497448, -0.07410808745771646, d=T:ry=2.363
c:-0.971, -0.591, -0.26402538269758224, -0.817, 0.11755119869485497, -0.8849945333786309, 3.726
",1.1493206295748728e-05,feasible,21
11,H,1,"//H
3
j:x1=0.236, 0.056, y1=0.016, fr=0.202, rotstif=0.887, l=1.192
j:-0.484, -0.2754315687343478, 0.5367494928650558, 0.19809298729524016, -0.9219041368924081, 0.6480280407704413, fr=1.034
j:0.9952302942983806, 0.2822707360610366, -0.3886996554210782, 0.05028228322044015, -0.18298749951645732, -0.9189932788722217, fr=0.061, rotstif=0.913, l=0.862
j:-0.9551832447759807, 0.6240110346116126, 0.7934559336863458, 0.8033395409584045, 0.7298841364681721, 0.6905053132213652, rotstif=0.922, l=1.12
j:0.1566816857084632, 0.038293737918138504, 0.898905529640615, 0.4589673411101103, -0.4194320309907198, -0.17830685572698712, fr=0.771
j:-0.35044325701892376, 0.3144486811943352, -0.2915359465405345, -0.77429040055722, 0.6053830808959901, -0.651209975592792, fr=0.192, l=0.849
j:-0.9801633739843965, 0.8067154986783862, -0.6228454331867397, -0.23525909334421158, 0.6947755026631057, 0.25469618383795023, fr=0.024
j:-0.7635053456760943, 0.17548533715307713, 0.5616385000757873, -0.7752646235749125, 0.6479587121866643, -0.9765606494620442, l=0.974
j:-0.5167451584711671, 0.03792934399098158, 0.6070055356249213, -0.9712722371332347, 0.19098481675609946, -0.4591257073916495, l=1.102
n:0.41909112269058824, -0.333, 0.2499357871711254, 0.06684813648462296, -0.7928724931553006, -0.14895668718963861, d=N:in=0.0
n:-0.847, -0.9658983373083174, -0.5856141750700772, -0.9707079282961786, -0.39251838484779, 0.23717506183311343, d=S
n:0.12138806749135256, -0.8558362713083625, -0.30874029314145446, 0.9320059292949736, -0.9208812578581274, -0.16646586172282696, d=@:p=0.967
n:-0.4501496101729572, -0.9460830772295594, 0.9140725191682577, -0.9187408611178398, -0.1060163788497448, -0.07410808745771646, d=T:ry=2.363
c:-0.971, -0.591, -0.26402538269758224, -0.817, 0.11755119869485497, -0.8849945333786309, 3.726
",0.0017903014292824206,"//H
3
j:x1=0.236, 0.056, y1=0.016, fr=0.202, rotstif=0.887, l=1.192
j:-0.484, -0.2754315687343478, 0.5367494928650558, 0.19809298729524016, -0.9219041368924081, 0.6480280407704413, fr=1.034
j:0.9952302942983806, 0.2822707360610366, -0.3886996554210782, 0.05028228322044015, -0.18298749951645732, -0.9189932788722217, fr=0.061, rotstif=0.913, l=0.862
j:-0.9551832447759807, 0.6240110346116126, 0.7934559336863458, 0.8033395409584045, 0.7298841364681721, 0.6905053132213652, rotstif=0.922, l=1.12
j:0.1566816857084632, 0.038293737918138504, 0.898905529640615, 0.4589673411101103, -0.4194320309907198, -0.17830685572698712, fr=0.771
j:-0.35044325701892376, 0.3144486811943352, -0.2915359465405345, -0.77429040055722, 0.6053830808959901, -0.651209975592792, fr=0.192, l=0.849
j:-0.9801633739843965, 0.8067154986783862, -0.6228454331867397, -0.23525909334421158, 0.6947755026631057, 0.25469618383795023, fr=0.024
j:-0.7635053456760943, 0.17548533715307713, 0.5616385000757873, -0.7752646235749125, 0.6479587121866643, -0.9765606494620442, rotstif=0.939, l=0.974
j:-0.5167451584711671, 0.03792934399098158, 0.6070055356249213, -0.9712722371332347, 0.19098481675609946, -0.4591257073916495, l=1.102
n:0.41909112269058824, -0.333, 0.2499357871711254, 0.06684813648462296, -0.7928724931553006, -0.14895668718963861, d=N:in=0.0
n:-0.847, -0.9658983373083174, -0.5856141750700772, -0.9707079282961786, -0.39251838484779, 0.23717506183311343, d=S
n:0.12138806749135256, -0.8558362713083625, -0.30874029314145446, 0.9320059292949736, -0.9208812578581274, -0.16646586172282696, d=@:p=0.967
n:-0.4501496101729572, -0.9460830772295594, 0.9140725191682577, -0.9187408611178398, -0.1060163788497448, -0.07410808745771646, d=T:ry=2.363
c:-0.971, -0.591, -0.26402538269758224, -0.817, 0.11755119869485497, -0.8849945333786309, 3.726
",0.0017903014292824206,feasible,21
11,H,1,"//H
3
j:x1=0.236, 0.056, y1=0.016, fr=0.202, rotstif=0.887, l=1.192
j:-0.484, -0.2754315687343478, 0.5367494928650558, 0.19809298729524016, -0.9219041368924081, 0.6480280407704413, fr=1.034
j:0.9952302942983806, 0.2822707360610366, -0.3886996554210782, 0.05028228322044015, -0.18298749951645732, -0.9189932788722217, fr=0.061, rotstif=0.913, l=0.862
j:-0.9551832447759807, 0.6240110346116126, 0.7934559336863458, 0.8033395409584045, 0.7298841364681721, 0.6905053132213652, rotstif=0.922, l=1.12
j:0.1566816857084632, 0.038293737918138504, 0.898905529640615, 0.4589673411101103, -0.4194320309907198, -0.17830685572698712, fr=0.771
j:-0.35044325701892376, 0.3144486811943352, -0.2915359465405345, -0.77429040055722, 0.6053830808959901, -0.651209975592792, fr=0.192, l=0.849
j:-0.9801633739843965, 0.8067154986783862, -0.6228454331867397, -0.23525909334421158, 0.6947755026631057, 0.25469618383795023, fr=0.024
j:-0.7635053456760943, 0.17548533715307713, 0.5616385000757873, -0.7752646235749125, 0.6479587121866643, -0.9765606494620442, l=0.974
j:-0.5167451584711671, 0.03792934399098158, 0.6070055356249213, -0.9712722371332347, 0.19098481675609946, -0.4591257073916495, l=1.102
n:0.41909112269058824, -0.333, 0.2499357871711254, 0.06684813648462296, -0.7928724931553006, -0.14895668718963861, d=N:in=0.0
n:-0.847, -0.9658983373083174, -0.5856141750700772, -0.9707079282961786, -0.39251838484779, 0.23717506183311343, d=S
n:0.12138806749135256, -0.8558362713083625, -0.30874029314145446, 0.9320059292949736, -0.9208812578581274, -0.16646586172282696, d=@:p=0.967
n:-0.4501496101729572, -0.9460830772295594, 0.9140725191682577, -0.9187408611178398, -0.1060163788497448, -0.07410808745771646, d=T:ry=2.363
c:-0.971, -0.591, -0.26402538269758224, -0.817, 0.11755119869485497, -0.8849945333786309, 3.726
",0.0017903014292824206,"//H
3
j:x1=0.236, 0.056, y1=0.016, fr=0.202, rotstif=0.887, l=1.192
j:-0.484, -0.2754315687343478, 0.5367494928650558, 0.19809298729524016, -0.9219041368924081, 0.6480280407704413, fr=1.034
j:0.9952302942983806, 0.2822707360610366, -0.3886996554210782, 0.05028228322044015, -0.18298749951645732, -0.9189932788722217, fr=0.061, rotstif=0.913, l=0.862
j:-0.9551832447759807, 0.6240110346116126, 0.7934559336863458, 0.8033395409584045, 0.7298841364681721, 0.6905053132213652, rotstif=0.922, l=1.12
j:0.1566816857084632, 0.038293737918138504, 0.898905529640615, 0.4589673411101103, -0.4194320309907198, -0.17830685572698712, fr=0.771
j:-0.35044325701892376, 0.3144486811943352, -0.2915359465405345, -0.77429040055722, 0.6053830808959901, -0.651209975592792, fr=0.192, l=0.849
j:-0.9801633739843965, 0.8067154986783862, -0.6228454331867397, -0.23525909334421158, 0.6947755026631057, 0.25469618383795023, fr=0.024
j:-0.7635053456760943, 0.17548533715307713, 0.5616385000757873, -0.7752646235749125, 0.6479587121866643, -0.9765606494620442, l=0.974
j:-0.5167451584711671, 0.03792934399098158, 0.6070055356249213, -0.9712722371332347, 0.19098481675609946, -0.4591257073916495, l=1.102
n:0.41909112269058824, -0.333, 0.2499357871711254, 0.06684813648462296, -0.7928724931553006, -0.14895668718963861, d=N:in=0.0
n:-0.847, -0.9658983373083174, -0.5856141750700772, -0.9707079282961786, -0.39251838484779, 0.307, d=S
n:0.12138806749135256, -0.8558362713083625, -0.30874029314145446, 0.9320059292949736, -0.9208812578581274, -0.16646586172282696, d=@:p=0.967
n:-0.4501496101729572, -0.9460830772295594, 0.9140725191682577, -0.9187408611178398, -0.1060163788497448, -0.07410808745771646, d=T:ry=2.363
c:-0.971, -0.591, -0.26402538269758224, -0.817, 0.11755119869485497, -0.8849945333786309, 3.726
",0.0017903014292824206,feasible,21
11,H,1,"//H
3
j:x1=0.236, 0.056, y1=0.016, fr=0.202, rotstif=0.887, l=1.192
j:-0.484, -0.2754315687343478, 0.5367494928650558, 0.19809298729524016, -0.9219041368924081, 0.6480280407704413, fr=1.034
j:0.9952302942983806, 0.2822707360610366, -0.3886996554210782, 0.05028228322044015, -0.18298749951645732, -0.9189932788722217, fr=0.061, rotstif=0.913, l=0.862
j:-0.9551832447759807, 0.6240110346116126, 0.7934559336863458, 0.8033395409584045, 0.7298841364681721, 0.6905053132213652, rotstif=0.922, l=1.12
j:0.1566816857084632, 0.038293737918138504, 0.898905529640615, 0.4589673411101103, -0.4194320309907198, -0.17830685572698712, fr=0.771
j:-0.35044325701892376, 0.3144486811943352, -0.2915359465405345, -0.77429040055722, 0.6053830808959901, -0.651209975592792, fr=0.192, l=0.849
j:-0.9801633739843965, 0.8067154986783862, -0.6228454331867397, -0.23525909334421158, 0.6947755026631057, 0.25469618383795023, fr=0.024
j:-0.7635053456760943, 0.17548533715307713, 0.5616385000757873, -0.7752646235749125, 0.6479587121866643, -0.9765606494620442, l=0.974
j:-0.5167451584711671, 0.03792934399098158, 0.6070055356249213, -0.9712722371332347, 0.19098481675609946, -0.4591257073916495, l=1.102
n:0.41909112269058824, -0.333, 0.2499357871711254, 0.06684813648462296, -0.7928724931553006, -0.14895668718963861, d=N:in=0.0
n:-0.847, -0.9658983373083174, -0.5856141750700772, -0.9707079282961786, -0.39251838484779, 0.23717506183311343, d=S
n:0.12138806749135256, -0.8558362713083625, -0.30874029314145446, 0.9320059292949736, -0.9208812578581274, -0.16646586172282696, d=@:p=0.967
n:-0.4501496101729572, -0.9460830772295594, 0.9140725191682577, -0.9187408611178398, -0.1060163788497448, -0.07410808745771646, d=T:ry=2.363
c:-0.971, -0.591, -0.26402538269758224, -0.817, 0.11755119869485497, -0.8849945333786309, 3.726
",0.0017903014292824206,"//H
3
j:x1=0.236, 0.056, y1=0.016, fr=0.202, rotstif=0.887, l=1.192
j:-0.484, -0.2754315687343478, 0.5367494928650558, 0.19809298729524016, -0.9219041368924081, 0.6480280407704413, fr=1.034
j:0.9952302942983806, 0.2822707360610366, -0.3886996554210782, 0.05028228322044015, -0.18298749951645732, -0.9189932788722217, fr=0.061, rotstif=0.913, l=0.862
j:-0.9551832447759807, 0.6240110346116126, 0.7934559336863458, 0.8033395409584045, 0.7298841364681721, 0.6905053132213652, rotstif=0.922, l=1.12
j:0.1566816857084632, 0.038293737918138504, 0.898905529640615, 0.4589673411101103, -0.4194320309907198, -0.17830685572698712, fr=0.771
j:-0.35044325701892376, 0.3144486811943352, -0.2915359465405345, -0.77429040055722, 0.6053830808959901, -0.651209975592792, fr=0.192, l=0.849
j:-0.9801633739843965, 0.8067154986783862, -0.6228454331867397, -0.23525909334421158, 0.6947755026631057, 0.25469618383795023, fr=0.024
j:-0.7635053456760943, 0.17548533715307713, 0.5616385000757873, -0.7752646235749125, 0.6479587121866643, -0.9765606494620442, l=0.974
j:-0.5167451584711671, 0.03792934399098158, 0.6070055356249213, -0.9712722371332347, 0.19098481675609946, -0.4591257073916495, l=1.102
n:0.41909112269058824, -0.333, 0.2499357871711254, 0.06684813648462296, -0.7928724931553006, -0.14895668718963861, d=N:in=0.0
n:-0.847, -0.9658983373083174, -0.5856141750700772, -0.9707079282961786, -0.39251838484779, 0.23717506183311343, d=S
n:0.12138806749135256, -0.8558362713083625, -0.30874029314145446, 0.9320059292949736, -0.9208812578581274, -0.16646586172282696, d=@:p=0.967
n:-0.4501496101729572, -0.9460830772295594, 0.9140725191682577, -0.9187408611178398, -0.1060163788497448, -0.07410808745771646, d=T:ry=2.363
",4.039652644289915e-07,feasible,21
11,H,1,"//H
3
j:x1=0.236, 0.056, y1=0.016, fr=0.202, rotstif=0.887, l=1.192
j:-0.484, -0.2754315687343478, 0.5367494928650558, 0.19809298729524016, -0.9219041368924081, 0.6480280407704413, fr=1.034
j:0.9952302942983806, 0.2822707360610366, -0.3886996554210782, 0.05028228322044015, -0.18298749951645732, -0.9189932788722217, fr=0.061, rotstif=0.913, l=0.862
j:-0.9551832447759807, 0.6240110346116126, 0.7934559336863458, 0.8033395409584045, 0.7298841364681721, 0.6905053132213652, rotstif=0.922, l=1.12
j:0.1566816857084632, 0.038293737918138504, 0.898905529640615, 0.4589673411101103, -0.4194320309907198, -0.17830685572698712, fr=0.771
j:-0.35044325701892376, 0.3144486811943352, -0.2915359465405345, -0.77429040055722, 0.6053830808959901, -0.651209975592792, fr=0.192, l=0.849
j:-0.9801633739843965, 0.8067154986783862, -0.6228454331867397, -0.23525909334421158, 0.6947755026631057, 0.25469618383795023, fr=0.024
j:-0.7635053456760943, 0.17548533715307713, 0.5616385000757873, -0.7752646235749125, 0.6479587121866643, -0.9765606494620442, l=0.974
j:-0.5167451584711671, 0.03792934399098158, 0.6070055356249213, -0.9712722371332347, 0.19098481675609946, -0.4591257073916495, l=1.102
n:0.41909112269058824, -0.333, 0.2499357871711254, 0.06684813648462296, -0.7928724931553006, -0.14895668718963861, d=N:in=0.0
n:-0.847, -0.9658983373083174, -0.5856141750700772, -0.9707079282961786, -0.39251838484779, 0.23717506183311343, d=S
n:0.12138806749135256, -0.8558362713083625, -0.30874029314145446, 0.9320059292949736, -0.9208812578581274, -0.16646586172282696, d=@:p=0.967
n:-0.4501496101729572, -0.9460830772295594, 0.9140725191682577, -0.9187408611178398, -0.1060163788497448, -0.07410808745771646, d=T:ry=2.363
c:-0.971, -0.591, -0.26402538269758224, -0.817, 0.11755119869485497, -0.8849945333786309, 3.726
",0.0017903014292824206,"//H
3
j:x1=0.236, 0.056, y1=0.016, fr=0.202, rotstif=0.887, l=1.192
j:-0.484, -0.2754315687343478, 0.5367494928650558, 0.19809298729524016, -0.9219041368924081, 0.6480280407704413, fr=1.034
j:0.9952302942983806, 0.2822707360610366, -0.3886996554210782, 0.05028228322044015, -0.18298749951645732, -0.9189932788722217, fr=0.061, rotstif=0.913, l=0.862
j:-0.9551832447759807, 0.6240110346116126, 0.7934559336863458, 0.8033395409584045, 0.7298841364681721, 0.6905053132213652, rotstif=0.922, l=1.12
j:0.1566816857084632, 0.038293737918138504, 0.898905529640615, 0.4589673411101103, -0.4194320309907198, -0.17830685572698712, fr=0.771
j:-0.35044325701892376, 0.3144486811943352, -0.2915359465405345, -0.77429040055722, 0.6053830808959901, -0.651209975592792, fr=0.192, l=0.849
j:-0.9801633739843965, 0.8067154986783862, -0.6228454331867397, -0.23525909334421158, 0.6947755026631057, 0.25469618383795023, fr=0.024
j:-0.7635053456760943, 0.17548533715307713, 0.5616385000757873, -0.7752646235749125, 0.6479587121866643, -0.9765606494620442, l=0.974
j:-0.5167451584711671, 0.03792934399098158, 0.6070055356249213, -0.9712722371332347, 0.19098481675609946, -0.4591257073916495, l=1.102
n:-0.847, -0.9658983373083174, -0.5856141750700772, -0.9707079282961786, -0.39251838484779, 0.23717506183311343, d=S
n:0.12138806749135256, -0.8558362713083625, -0.30874029314145446, 0.9320059292949736, -0.9208812578581274, -0.16646586172282696, d=@:p=0.967
n:-0.4501496101729572, -0.9460830772295594, 0.9140725191682577, -0.9187408611178398, -0.1060163788497448, -0.07410808745771646, d=T:ry=2.363
c:-0.971, -0.591, -0.26402538269758224, -0.817, 0.11755119869485497, -0.8849945333786309, 3.726
",0.0017903014292824206,feasible,21
11,H,1,"//H
3
j:x1=0.236, 0.056, y1=0.016, fr=0.202, rotstif=0.887, l=1.192
j:-0.484, -0.2754315687343478, 0.5367494928650558, 0.19809298729524016, -0.9219041368924081, 0.6480280407704413, fr=1.034
j:0.9952302942983806, 0.2822707360610366, -0.3886996554210782, 0.05028228322044015, -0.18298749951645732, -0.9189932788722217, fr=0.061, rotstif=0.913, l=0.862
j:-0.9551832447759807, 0.6240110346116126, 0.7934559336863458, 0.8033395409584045, 0.7298841364681721, 0.6905053132213652, rotstif=0.922, l=1.12
j:0.1566816857084632, 0.038293737918138504, 0.898905529640615, 0.4589673411101103, -0.4194320309907198, -0.17830685572698712, fr=0.771
j:-0.35044325701892376, 0.3144486811943352, -0.2915359465405345, -0.77429040055722, 0.6053830808959901, -0.651209975592792, fr=0.192, l=0.849
j:-0.9801633739843965, 0.8067154986783862, -0.6228454331867397, -0.23525909334421158, 0.6947755026631057, 0.25469618383795023, fr=0.024
j:-0.7635053456760943, 0.17548533715307713, 0.5616385000757873, -0.7752646235749125, 0.6479587121866643, -0.9765606494620442, l=0.974
j:-0.5167451584711671, 0.03792934399098158, 0.6070055356249213, -0.9712722371332347, 0.19098481675609946, -0.4591257073916495, l=1.102
n:0.41909112269058824, -0.333, 0.2499357871711254, 0.06684813648462296, -0.7928724931553006, -0.14895668718963861, d=N:in=0.0
n:-0.847, -0.9658983373083174, -0.5856141750700772, -0.9707079282961786, -0.39251838484779, 0.23717506183311343, d=S
n:0.12138806749135256, -0.8558362713083625, -0.30874029314145446, 0.9320059292949736, -0.9208812578581274, -0.16646586172282696, d=@:p=0.967
n:-0.4501496101729572, -0.9460830772295594, 0.9140725191682577, -0.9187408611178398, -0.1060163788497448, -0.07410808745771646, d=T:ry=2.363
c:-0.971, -0.591, -0.26402538269758224, -0.817, 0.11755119869485497, -0.8849945333786309, 3.726
",0.0017903014292824206,"//H
3
j:x1=0.236, 0.056, y1=0.016, fr=0.202, rotstif=0.887, l=1.192
j:-0.484, -0.2754315687343478, 0.5367494928650558, 0.19809298729524016, -0.9219041368924081, 0.6480280407704413, fr=1.034
j:0.9952302942983806, 0.2822707360610366, -0.3886996554210782, 0.05028228322044015, -0.18298749951645732, -0.9189932788722217, fr=0.061, rotstif=0.913, l=0.862
j:-0.9551832447759807, 0.6240110346116126, 0.7934559336863458, 0.8033395409584045, 0.7298841364681721, 0.6905053132213652, rotstif=0.922, l=1.12
j:0.1566816857084632, 0.038293737918138504, 0.898905529640615, 0.4589673411101103, -0.4194320309907198, -0.17830685572698712, fr=0.771
j:-0.35044325701892376, 0.3144486811943352, -0.2915359465405345, -0.77429040055722, 0.6053830808959901, -0.651209975592792, fr=0.192, l=0.849
j:-0.9801633739843965, 0.8067154986783862, -0.6228454331867397, -0.23525909334421158, 0.6947755026631057, 0.25469618383795023, fr=0.024
j:-0.7635053456760943, 0.17548533715307713, 0.5616385000757873, -0.7752646235749125, 0.6479587121866643, -0.9765606494620442, l=0.974
j:-0.5167451584711671, 0.03792934399098158, 0.6070055356249213, -0.9712722371332347, 0.19098481675609946, -0.4591257073916495, l=1.102
j:0.1507907547056675, 0.7388307228684425, -0.8583645704202354, -0.371808007825166, -0.31355103105306625, -0.4377415017224848, l=1.093
n:0.41909112269058824, -0.333, 0.2499357871711254, 0.06684813648462296, -0.7928724931553006, -0.14895668718963861, d=N:in=0.0
n:-0.847, -0.9658983373083174, -0.5856141750700772, -0.9707079282961786, -0.39251838484779, 0.23717506183311343, d=S
n:0.12138806749135256, -0.8558362713083625, -0.30874029314145446, 0.9320059292949736, -0.9208812578581274, -0.16646586172282696, d=@:p=0.967
n:-0.4501496101729572, -0.9460830772295594, 0.9140725191682577, -0.9187408611178398, -0.1060163788497448, -0.07410808745771646, d=T:ry=2.363
c:-0.971, -0.591, -0.26402538269758224, -0.817, 0.11755119869485497, -0.8849945333786309, 3.726
",0.0006587648537082685,feasible,21
11,H,1,"//H
3
j:x1=0.236, 0.056, y1=0.016, fr=0.202, rotstif=0.887, l=1.192
j:-0.484, -0.2754315687343478, 0.5367494928650558, 0.19809298729524016, -0.9219041368924081, 0.6480280407704413, fr=1.034
j:0.9952302942983806, 0.2822707360610366, -0.3886996554210782, 0.05028228322044015, -0.18298749951645732, -0.9189932788722217, fr=0.061, rotstif=0.913, l=0.862
j:-0.9551832447759807, 0.6240110346116126, 0.7934559336863458, 0.8033395409584045, 0.7298841364681721, 0.6905053132213652, rotstif=0.922, l=1.12
j:0.1566816857084632, 0.038293737918138504, 0.898905529640615, 0.4589673411101103, -0.4194320309907198, -0.17830685572698712, fr=0.771
j:-0.35044325701892376, 0.3144486811943352, -0.2915359465405345, -0.77429040055722, 0.6053830808959901, -0.651209975592792, fr=0.192, l=0.849
j:-0.9801633739843965, 0.8067154986783862, -0.6228454331867397, -0.23525909334421158, 0.6947755026631057, 0.25469618383795023, fr=0.024
j:-0.7635053456760943, 0.17548533715307713, 0.5616385000757873, -0.7752646235749125, 0.6479587121866643, -0.9765606494620442, l=0.974
j:-0.5167451584711671, 0.03792934399098158, 0.6070055356249213, -0.9712722371332347, 0.19098481675609946, -0.4591257073916495, l=1.102
n:0.41909112269058824, -0.333, 0.2499357871711254, 0.06684813648462296, -0.7928724931553006, -0.14895668718963861, d=N:in=0.0
n:-0.847, -0.9658983373083174, -0.5856141750700772, -0.9707079282961786, -0.39251838484779, 0.23717506183311343, d=S
n:0.12138806749135256, -0.8558362713083625, -0.30874029314145446, 0.9320059292949736, -0.9208812578581274, -0.16646586172282696, d=@:p=0.967
n:-0.4501496101729572, -0.9460830772295594, 0.9140725191682577, -0.9187408611178398, -0.1060163788497448, -0.07410808745771646, d=T:ry=2.363
c:-0.971, -0.591, -0.26402538269758224, -0.817, 0.11755119869485497, -0.8849945333786309, 3.726
",0.0017903014292824206,"//H
3
j:x1=0.236, 0.056, y1=0.016, fr=0.202, rotstif=0.887, l=1.192
j:-0.484, -0.2754315687343478, 0.5367494928650558, 0.19809298729524016, -0.9219041368924081, 0.6480280407704413, fr=1.034
j:0.9952302942983806, 0.2822707360610366, -0.3886996554210782, 0.05028228322044015, -0.18298749951645732, -0.9189932788722217, fr=0.061, rotstif=0.913, l=0.862
j:-0.9551832447759807, 0.6240110346116126, 0.7934559336863458, 0.8033395409584045, 0.7298841364681721, 0.6905053132213652, rotstif=0.922, l=1.12
j:0.1566816857084632, 0.038293737918138504, 0.898905529640615, 0.4589673411101103, -0.4194320309907198, -0.17830685572698712, fr=0.771
j:-0.35044325701892376, 0.3144486811943352, -0.2915359465405345, -0.77429040055722, 0.6053830808959901, -0.651209975592792, fr=0.192, l=0.849
j:-0.9801633739843965, 0.8067154986783862, -0.6228454331867397, -0.23525909334421158, 0.6947755026631057, 0.25469618383795023, fr=0.024
j:-0.7635053456760943, 0.17548533715307713, 0.5616385000757873, -0.7752646235749125, 0.6479587121866643, -0.9765606494620442, fr=0.136, l=0.974
j:-0.5167451584711671, 0.03792934399098158, 0.6070055356249213, -0.9712722371332347, 0.19098481675609946, -0.4591257073916495, l=1.102
n:0.41909112269058824, -0.333, 0.2499357871711254, 0.06684813648462296, -0.7928724931553006, -0.14895668718963861, d=N:in=0.0
n:-0.847, -0.9658983373083174, -0.5856141750700772, -0.9707079282961786, -0.39251838484779, 0.23717506183311343, d=S
n:0.12138806749135256, -0.8558362713083625, -0.30874029314145446, 0.9320059292949736, -0.9208812578581274, -0.16646586172282696, d=@:p=0.967
n:-0.4501496101729572, -0.9460830772295594, 0.9140725191682577, -0.9187408611178398, -0.1060163788497448, -0.07410808745771646, d=T:ry=2.363
c:-0.971, -0.591, -0.26402538269758224, -0.817, 0.11755119869485497, -0.8849945333786309, 3.726
",0.0017903014292824206,feasible,21
11,H,1,"//H
3
j:x1=0.236, 0.056, y1=0.016, fr=0.202, rotstif=0.887, l=1.192
j:-0.484, -0.2754315687343478, 0.5367494928650558, 0.19809298729524016, -0.9219041368924081, 0.6480280407704413, fr=1.034
j:0.9952302942983806, 0.2822707360610366, -0.3886996554210782, 0.05028228322044015, -0.18298749951645732, -0.9189932788722217, fr=0.061, rotstif=0.913, l=0.862
j:-0.9551832447759807, 0.6240110346116126, 0.7934559336863458, 0.8033395409584045, 0.7298841364681721, 0.6905053132213652, rotstif=0.922, l=1.12
j:0.1566816857084632, 0.038293737918138504, 0.898905529640615, 0.4589673411101103, -0.4194320309907198, -0.17830685572698712, fr=0.771
j:-0.35044325701892376, 0.3144486811943352, -0.2915359465405345, -0.77429040055722, 0.6053830808959901, -0.651209975592792, fr=0.192, l=0.849
j:-0.9801633739843965, 0.8067154986783862, -0.6228454331867397, -0.23525909334421158, 0.6947755026631057, 0.25469618383795023, fr=0.024
j:-0.7635053456760943, 0.17548533715307713, 0.5616385000757873, -0.7752646235749125, 0.6479587121866643, -0.9765606494620442, l=0.974
j:-0.5167451584711671, 0.03792934399098158, 0.6070055356249213, -0.9712722371332347, 0.19098481675609946, -0.4591257073916495, l=1.102
n:0.41909112269058824, -0.333, 0.2499357871711254, 0.06684813648462296, -0.7928724931553006, -0.14895668718963861, d=N:in=0.0
n:-0.847, -0.9658983373083174, -0.5856141750700772, -0.9707079282961786, -0.39251838484779, 0.23717506183311343, d=S
n:0.12138806749135256, -0.8558362713083625, -0.30874029314145446, 0.9320059292949736, -0.9208812578581274, -0.16646586172282696, d=@:p=0.967
n:-0.4501496101729572, -0.9460830772295594, 0.9140725191682577, -0.9187408611178398, -0.1060163788497448, -0.07410808745771646, d=T:ry=2.363
c:-0.971, -0.591, -0.26402538269758224, -0.817, 0.11755119869485497, -0.8849945333786309, 3.726
",0.0017903014292824206,"//H
3
j:x1=0.236, 0.056, y1=0.016, fr=0.202, rotstif=0.887, l=1.192
j:-0.484, -0.2754315687343478, 0.5367494928650558, 0.19809298729524016, -0.9219041368924081, 0.6480280407704413, fr=1.034
j:0.9952302942983806, 0.2822707360610366, -0.3886996554210782, 0.05028228322044015, -0.18298749951645732, -0.9189932788722217, fr=0.061, rotstif=0.913, l=0.862
j:-0.9551832447759807, 0.6240110346116126, 0.7934559336863458, 0.8033395409584045, 0.7298841364681721, 0.6905053132213652, rotstif=0.922, l=1.12
j:0.1566816857084632, 0.038293737918138504, 0.898905529640615, 0.4589673411101103, -0.4194320309907198, -0.17830685572698712, fr=0.771
j:-0.35044325701892376, 0.3144486811943352, -0.2915359465405345, -0.77429040055722, 0.6053830808959901, -0.651209975592792, fr=0.192, l=0.849
j:-0.9801633739843965, 0.8067154986783862, -0.6228454331867397, -0.23525909334421158, 0.6947755026631057, 0.25469618383795023, fr=0.024
j:-0.7635053456760943, 0.17548533715307713, 0.5616385000757873, -0.7752646235749125, 0.6479587121866643, -0.9765606494620442, l=0.974
j:-0.5167451584711671, 0.03792934399098158, 0.6070055356249213, -0.9712722371332347, 0.19098481675609946, -0.4591257073916495, l=1.102
n:0.41909112269058824, -0.333, 0.2499357871711254, 0.06684813648462296, -0.7928724931553006, -0.14895668718963861, d=N:in=0.0
n:-0.847, -0.9658983373083174, -0.5856141750700772, -0.9707079282961786, -0.39251838484779, 0.23717506183311343, d=S
n:0.12138806749135256, -0.8558362713083625, -0.30874029314145446, 0.9320059292949736, -0.9208812578581274, -0.16646586172282696, d=@:p=0.967
n:-0.4501496101729572, -0.9460830772295594, 0.9140725191682577, -0.9187408611178398, -0.1060163788497448, -0.07410808745771646, d=T:ry=2.363
c:-0.971, -0.591, -0.26402538269758224, -0.817, 0.11755119869485497, -0.8849945333786309, 3.726
c:0.6702585103921592, -0.5546407629735768, -0.8720042314380407, -0.5868706349283457, -0.7329972675070167, -0.04826947767287493, 2.764
",0.0017903014292824206,feasible,21
11,H,2,"//H
3
j:x1=0.236, 0.056, y1=0.016, fr=0.589, rotstif=0.887, l=1.192
j:-0.484, -0.2754315687343478, 0.5367494928650558, 0.19809298729524016, -0.9219041368924081, 0.6480280407704413, fr=1.998
j:0.9952302942983806, 0.2822707360610366, -0.674, 0.05028228322044015, -0.18298749951645732, -0.9189932788722217, fr=0.061, rotstif=0.913, l=0.862
j:-0.9551832447759807, 0.6240110346116126, 0.7934559336863458, 0.8033395409584045, 0.7298841364681721, 0.6905053132213652, rotstif=0.922, l=0.892
j:0.1566816857084632, 0.038293737918138504, 0.898905529640615, 0.4589673411101103, -0.4194320309907198, -0.17830685572698712, fr=1.136
j:-0.35044325701892376, 0.3144486811943352, -0.2915359465405345, -0.77429040055722, 0.6053830808959901, -0.651209975592792, fr=0.192, l=0.849
j:-0.7635053456760943, 0.17548533715307713, 0.5616385000757873, -0.7752646235749125, 0.6479587121866643, -0.9765606494620442, fr=0.152, l=1.218
j:-0.5167451584711671, 0.03792934399098158, 0.6070055356249213, -0.9712722371332347, 0.19098481675609946, -0.4591257073916495, fr=0.905, l=0.966
j:-0.7095818971283734, -0.43440802907571197, 0.6751327295787632, 0.5524589545093477, -0.6376645741984248, 0.9143388289958239, l=1.413
n:0.41909112269058824, -0.333, 0.2499357871711254, 0.06684813648462296, -0.7928724931553006, -0.14895668718963861, d=N:in=0.0
n:-0.8852930250577629, -0.9658983373083174, -0.5856141750700772, -0.9707079282961786, -0.39251838484779, 0.23717506183311343, d=S
n:0.12138806749135256, -0.8558362713083625, -0.30874029314145446, 0.9320059292949736, -0.9208812578581274, -0.16646586172282696, d=@:p=0.967
n:-0.4501496101729572, -0.9460830772295594, 0.9140725191682577, -0.9187408611178398, -0.1060163788497448, -0.07410808745771646, d=T:ry=2.363
n:0.4163446892052889, -0.7659760001115501, 0.04085390456020832, -0.8426512815058231, -0.5034053279086947, -0.08087775576859713, d=T:ry=0.99
n:0.4318055431358516, 0.8560936232097447, 0.8656377755105495, -0.4004013300873339, -0.8552811839617789, -0.7275380282662809, d=@:p=0.969
n:0.4391315411776304, -0.9869484691880643, -0.948967486154288, -0.8025402431376278, 0.7419501007534564, -0.6642779349349439, d=@:p=0.763
c:-0.971, -0.591, -0.26402538269758224, -0.817, 0.11755119869485497, -0.8849945333786309, 3.726
c:-0.7435961081646383, -0.8522691801190376, -0.7936024302616715, 0.06375897116959095, 0.9709768178872764, -0.38701370218768716, -5.666
",0.004427855659335251,"//H
3
j:x1=0.236, 0.056, y1=0.016, fr=0.589, rotstif=0.887, l=1.192
j:-0.484, -0.2754315687343478, 0.5367494928650558, 0.19809298729524016, -0.9219041368924081, 0.6480280407704413, fr=1.998
j:0.9952302942983806, 0.2822707360610366, -0.674, 0.05028228322044015, -0.18298749951645732, -0.9189932788722217, fr=0.061, rotstif=0.913, l=0.862
j:-0.9551832447759807, 0.6240110346116126, 0.7934559336863458, 0.8033395409584045, 0.7298841364681721, 0.6905053132213652, rotstif=0.922, l=0.892
j:0.1566816857084632, 0.038293737918138504, 0.898905529640615, 0.4589673411101103, -0.4194320309907198, -0.17830685572698712, fr=1.136
j:-0.35044325701892376, 0.3144486811943352, -0.2915359465405345, -0.77429040055722, 0.6053830808959901, -0.651209975592792, fr=0.192, l=0.849
j:-0.7635053456760943, 0.17548533715307713, 0.5616385000757873, -0.7752646235749125, 0.6479587121866643, -0.9765606494620442, fr=0.152, l=1.218
j:-0.5167451584711671, 0.03792934399098158, 0.6070055356249213, -0.9712722371332347, 0.19098481675609946, -0.4591257073916495, fr=0.905, l=0.966
j:-0.7095818971283734, -0.43440802907571197, 0.6751327295787632, 0.5524589545093477, -0.6376645741984248, 0.9143388289958239, l=1.413
n:0.41909112269058824, -0.333, 0.2499357871711254, 0.06684813648462296, -0.7928724931553006, -0.14895668718963861, d=N:in=0.0
n:-0.8852930250577629, -0.9658983373083174, -0.5856141750700772, -0.9707079282961786, -0.39251838484779, 0.23717506183311343, d=S
n:-0.049, -0.8558362713083625, -0.30874029314145446, 0.9320059292949736, -0.9208812578581274, -0.16646586172282696, d=@:p=0.967
n:-0.4501496101729572, -0.9460830772295594, 0.9140725191682577, -0.9187408611178398, -0.1060163788497448, -0.07410808745771646, d=T:ry=2.363
n:0.4163446892052889, -0.7659760001115501, 0.04085390456020832, -0.8426512815058231, -0.5034053279086947, -0.08087775576859713, d=T:ry=0.99
n:0.4318055431358516, 0.8560936232097447, 0.8656377755105495, -0.4004013300873339, -0.8552811839617789, -0.7275380282662809, d=@:p=0.969
n:0.4391315411776304, -0.9869484691880643, -0.948967486154288, -0.8025402431376278, 0.7419501007534564, -0.6642779349349439, d=@:p=0.763
c:-0.971, -0.591, -0.26402538269758224, -0.817, 0.11755119869485497, -0.8849945333786309, 3.726
c:-0.7435961081646383, -0.8522691801190376, -0.7936024302616715, 0.06375897116959095, 0.9709768178872764, -0.38701370218768716, -5.666
",0.004427855659335251,feasible,21
11,H,2,"//H
3
j:x1=0.236, 0.056, y1=0.016, fr=0.589, rotstif=0.887, l=1.192
j:-0.484, -0.2754315687343478, 0.5367494928650558, 0.19809298729524016, -0.9219041368924081, 0.6480280407704413, fr=1.998
j:0.9952302942983806, 0.2822707360610366, -0.674, 0.05028228322044015, -0.18298749951645732, -0.9189932788722217, fr=0.061, rotstif=0.913, l=0.862
j:-0.9551832447759807, 0.6240110346116126, 0.7934559336863458, 0.8033395409584045, 0.7298841364681721, 0.6905053132213652, rotstif=0.922, l=0.892
j:0.1566816857084632, 0.038293737918138504, 0.898905529640615, 0.4589673411101103, -0.4194320309907198, -0.17830685572698712, fr=1.136
j:-0.35044325701892376, 0.3144486811943352, -0.2915359465405345, -0.77429040055722, 0.6053830808959901, -0.651209975592792, fr=0.192, l=0.849
j:-0.7635053456760943, 0.17548533715307713, 0.5616385000757873, -0.7752646235749125, 0.6479587121866643, -0.9765606494620442, fr=0.152, l=1.218
j:-0.5167451584711671, 0.03792934399098158, 0.6070055356249213, -0.9712722371332347, 0.19098481675609946, -0.4591257073916495, fr=0.905, l=0.966
j:-0.7095818971283734, -0.43440802907571197, 0.6751327295787632, 0.5524589545093477, -0.6376645741984248, 0.9143388289958239, l=1.413
n:0.41909112269058824, -0.333, 0.2499357871711254, 0.06684813648462296, -0.7928724931553006, -0.14895668718963861, d=N:in=0.0
n:-0.8852930250577629, -0.9658983373083174, -0.5856141750700772, -0.9707079282961786, -0.39251838484779, 0.23717506183311343, d=S
n:0.12138806749135256, -0.8558362713083625, -0.30874029314145446, 0.9320059292949736, -0.9208812578581274, -0.16646586172282696, d=@:p=0.967
n:-0.4501496101729572, -0.9460830772295594, 0.9140725191682577, -0.9187408611178398, -0.1060163788497448, -0.07410808745771646, d=T:ry=2.363
n:0.4163446892052889, -0.7659760001115501, 0.04085390456020832, -0.8426512815058231, -0.5034053279086947, -0.08087775576859713, d=T:ry=0.99
n:0.4318055431358516, 0.8560936232097447, 0.8656377755105495, -0.4004013300873339, -0.8552811839617789, -0.7275380282662809, d=@:p=0.969
n:0.4391315411776304, -0.9869484691880643, -0.948967486154288, -0.8025402431376278, 0.7419501007534564, -0.6642779349349439, d=@:p=0.763
c:-0.971, -0.591, -0.26402538269758224, -0.817, 0.11755119869485497, -0.8849945333786309, 3.726
c:-0.7435961081646383, -0.8522691801190376, -0.7936024302616715, 0.06375897116959095, 0.9709768178872764, -0.38701370218768716, -5.666
",0.004427855659335251,"//H
3
j:x1=0.236, 0.056, y1=0.119, fr=0.589, rotstif=0.887, l=1.192
j:-0.484, -0.2754315687343478, 0.5367494928650558, 0.19809298729524016, -0.9219041368924081, 0.6480280407704413, fr=1.998
j:0.9952302942983806, 0.2822707360610366, -0.674, 0.05028228322044015, -0.18298749951645732, -0.9189932788722217, fr=0.061, rotstif=0.913, l=0.862
j:-0.9551832447759807, 0.6240110346116126, 0.7934559336863458, 0.8033395409584045, 0.7298841364681721, 0.6905053132213652, rotstif=0.922, l=0.892
j:0.1566816857084632, 0.038293737918138504, 0.898905529640615, 0.4589673411101103, -0.4194320309907198, -0.17830685572698712, fr=1.136
j:-0.35044325701892376, 0.3144486811943352, -0.2915359465405345, -0.77429040055722, 0.6053830808959901, -0.651209975592792, fr=0.192, l=0.849
j:-0.7635053456760943, 0.17548533715307713, 0.5616385000757873, -0.7752646235749125, 0.6479587121866643, -0.9765606494620442, fr=0.152, l=1.218
j:-0.5167451584711671, 0.03792934399098158, 0.6070055356249213, -0.9712722371332347, 0.19098481675609946, -0.4591257073916495, fr=0.905, l=0.966
j:-0.7095818971283734, -0.43440802907571197, 0.6751327295787632, 0.5524589545093477, -0.6376645741984248, 0.9143388289958239, l=1.413
n:0.41909112269058824, -0.333, 0.2499357871711254, 0.06684813648462296, -0.7928724931553006, -0.14895668718963861, d=N:in=0.0
n:-0.8852930250577629, -0.9658983373083174, -0.5856141750700772, -0.9707079282961786, -0.39251838484779, 0.23717506183311343, d=S
n:0.12138806749135256, -0.8558362713083625, -0.30874029314145446, 0.9320059292949736, -0.9208812578581274, -0.16646586172282696, d=@:p=0.967
n:-0.4501496101729572, -0.9460830772295594, 0.9140725191682577, -0.9187408611178398, -0.1060163788497448, -0.07410808745771646, d=T:ry=2.363
n:0.4163446892052889, -0.7659760001115501, 0.04085390456020832, -0.8426512815058231, -0.5034053279086947, -0.08087775576859713, d=T:ry=0.99
n:0.4318055431358516, 0.8560936232097447, 0.8656377755105495, -0.4004013300873339, -0.8552811839617789, -0.7275380282662809, d=@:p=0.969
n:0.4391315411776304, -0.9869484691880643, -0.948967486154288, -0.8025402431376278, 0.7419501007534564, -0.6642779349349439, d=@:p=0.763
c:-0.971, -0.591, -0.26402538269758224, -0.817, 0.11755119869485497, -0.8849945333786309, 3.726
c:-0.7435961081646383, -0.8522691801190376, -0.7936024302616715, 0.06375897116959095, 0.9709768178872764, -0.38701370218768716, -5.666
",6.0958032320954135e-05,feasible,21
11,H,2,"//H
3
j:x1=0.236, 0.056, y1=0.016, fr=0.589, rotstif=0.887, l=1.192
j:-0.484, -0.2754315687343478, 0.5367494928650558, 0.19809298729524016, -0.9219041368924081, 0.6480280407704413, fr=1.998
j:0.9952302942983806, 0.2822707360610366, -0.674, 0.05028228322044015, -0.18298749951645732, -0.9189932788722217, fr=0.061, rotstif=0.913, l=0.862
j:-0.9551832447759807, 0.6240110346116126, 0.7934559336863458, 0.8033395409584045, 0.7298841364681721, 0.6905053132213652, rotstif=0.922, l=0.892
j:0.1566816857084632, 0.038293737918138504, 0.898905529640615, 0.4589673411101103, -0.4194320309907198, -0.17830685572698712, fr=1.136
j:-0.35044325701892376, 0.3144486811943352, -0.2915359465405345, -0.77429040055722, 0.6053830808959901, -0.651209975592792, fr=0.192, l=0.849
j:-0.7635053456760943, 0.17548533715307713, 0.5616385000757873, -0.7752646235749125, 0.6479587121866643, -0.9765606494620442, fr=0.152, l=1.218
j:-0.5167451584711671, 0.03792934399098158, 0.6070055356249213, -0.9712722371332347, 0.19098481675609946, -0.4591257073916495, fr=0.905, l=0.966
j:-0.7095818971283734, -0.43440802907571197, 0.6751327295787632, 0.5524589545093477, -0.6376645741984248, 0.9143388289958239, l=1.413
n:0.41909112269058824, -0.333, 0.2499357871711254, 0.06684813648462296, -0.7928724931553006, -0.14895668718963861, d=N:in=0.0
n:-0.8852930250577629, -0.9658983373083174, -0.5856141750700772, -0.9707079282961786, -0.39251838484779, 0.23717506183311343, d=S
n:0.12138806749135256, -0.8558362713083625, -0.30874029314145446, 0.9320059292949736, -0.9208812578581274, -0.16646586172282696, d=@:p=0.967
n:-0.4501496101729572, -0.9460830772295594, 0.9140725191682577, -0.9187408611178398, -0.1060163788497448, -0.07410808745771646, d=T:ry=2.363
n:0.4163446892052889, -0.7659760001115501, 0.04085390456020832, -0.8426512815058231, -0.5034053279086947, -0.08087775576859713, d=T:ry=0.99
n:0.4318055431358516, 0.8560936232097447, 0.8656377755105495, -0.4004013300873339, -0.8552811839617789, -0.7275380282662809, d=@:p=0.969
n:0.4391315411776304, -0.9869484691880643, -0.948967486154288, -0.8025402431376278, 0.7419501007534564, -0.6642779349349439, d=@:p=0.763
c:-0.971, -0.591, -0.26402538269758224, -0.817, 0.11755119869485497, -0.8849945333786309, 3.726
c:-0.7435961081646383, -0.8522691801190376, -0.7936024302616715, 0.06375897116959095, 0.9709768178872764, -0.38701370218768716, -5.666
",0.004427855659335251,"//H
3
j:x1=0.236, 0.056, y1=0.016, fr=0.589, rotstif=0.887, l=1.192
j:-0.484, -0.2754315687343478, 0.5367494928650558, 0.19809298729524016, -0.9219041368924081, 0.6480280407704413, fr=1.998
j:0.9952302942983806, 0.2822707360610366, -0.674, 0.05028228322044015, -0.18298749951645732, -0.9189932788722217, fr=0.061, rotstif=0.913, l=0.862
j:-0.9551832447759807, 0.6240110346116126, 0.7934559336863458, 0.8033395409584045, 0.7298841364681721, 0.6905053132213652, rotstif=0.922, l=0.892
j:0.1566816857084632, 0.038293737918138504, 0.898905529640615, 0.4589673411101103, -0.4194320309907198, -0.17830685572698712, fr=1.136
j:-0.35044325701892376, 0.3144486811943352, -0.2915359465405345, -0.77429040055722, 0.6053830808959901, -0.651209975592792, fr=0.192, l=0.849
j:-0.7635053456760943, 0.17548533715307713, 0.5616385000757873, -0.7752646235749125, 0.6479587121866643, -0.9765606494620442, fr=0.152, l=1.218
j:-0.5167451584711671, 0.03792934399098158, 0.6070055356249213, -0.9712722371332347, 0.19098481675609946, -0.4591257073916495, fr=0.905, l=0.966
j:-0.7095818971283734, -0.43440802907571197, 0.6751327295787632, 0.5524589545093477, -0.6376645741984248, 0.9143388289958239, l=1.413
n:0.41909112269058824, -0.333, 0.2499357871711254, 0.06684813648462296, -0.7928724931553006, -0.14895668718963861, d=N:in=0.0
n:-0.8852930250577629, -0.9658983373083174, -0.5856141750700772, -0.9707079282961786, -0.39251838484779, 0.23717506183311343, d=S
n:0.12138806749135256, -0.8558362713083625, -0.30874029314145446, 0.9320059292949736, -0.9208812578581274, -0.16646586172282696, d=@:p=0.967
n:-0.4501496101729572, -0.9460830772295594, 0.9140725191682577, -0.9187408611178398, -0.1060163788497448, -0.07410808745771646, d=T:ry=2.363
n:0.4163446892052889, -0.7659760001115501, 0.04085390456020832, -0.8426512815058231, -0.5034053279086947, -0.08087775576859713, d=T:ry=0.99
n:0.4318055431358516, 0.8560936232097447, 0.8656377755105495, -0.4004013300873339, -0.8552811839617789, -0.7275380282662809, d=@:p=0.969
n:0.4391315411776304, -0.9869484691880643, -0.948967486154288, -0.8025402431376278, 0.7419501007534564, -0.6642779349349439, d=@:p=0.763
c:-0.971, -0.591, -0.26402538269758224, -0.817, 0.11755119869485497, -0.8849945333786309, 3.726
c:-0.7435961081646383, -0.8522691801190376, -0.7936024302616715, 0.06375897116959095, 0.9709768178872764, -0.38701370218768716, -4.637
",0.004319996811329378,feasible,21
11,H,2,"//H
3
j:x1=0.236, 0.056, y1=0.016, fr=0.589, rotstif=0.887, l=1.192
j:-0.484, -0.2754315687343478, 0.5367494928650558, 0.19809298729524016, -0.9219041368924081, 0.6480280407704413, fr=1.998
j:0.9952302942983806, 0.2822707360610366, -0.674, 0.05028228322044015, -0.18298749951645732, -0.9189932788722217, fr=0.061, rotstif=0.913, l=0.862
j:-0.9551832447759807, 0.6240110346116126, 0.7934559336863458, 0.8033395409584045, 0.7298841364681721, 0.6905053132213652, rotstif=0.922, l=0.892
j:0.1566816857084632, 0.038293737918138504, 0.898905529640615, 0.4589673411101103, -0.4194320309907198, -0.17830685572698712, fr=1.136
j:-0.35044325701892376, 0.3144486811943352, -0.2915359465405345, -0.77429040055722, 0.6053830808959901, -0.651209975592792, fr=0.192, l=0.849
j:-0.7635053456760943, 0.17548533715307713, 0.5616385000757873, -0.7752646235749125, 0.6479587121866643, -0.9765606494620442, fr=0.152, l=1.218
j:-0.5167451584711671, 0.03792934399098158, 0.6070055356249213, -0.9712722371332347, 0.19098481675609946, -0.4591257073916495, fr=0.905, l=0.966
j:-0.7095818971283734, -0.43440802907571197, 0.6751327295787632, 0.5524589545093477, -0.6376645741984248, 0.9143388289958239, l=1.413
n:0.41909112269058824, -0.333, 0.2499357871711254, 0.06684813648462296, -0.7928724931553006, -0.14895668718963861, d=N:in=0.0
n:-0.8852930250577629, -0.9658983373083174, -0.5856141750700772, -0.9707079282961786, -0.39251838484779, 0.23717506183311343, d=S
n:0.12138806749135256, -0.8558362713083625, -0.30874029314145446, 0.9320059292949736, -0.9208812578581274, -0.16646586172282696, d=@:p=0.967
n:-0.4501496101729572, -0.9460830772295594, 0.9140725191682577, -0.9187408611178398, -0.1060163788497448, -0.07410808745771646, d=T:ry=2.363
n:0.4163446892052889, -0.7659760001115501, 0.04085390456020832, -0.8426512815058231, -0.5034053279086947, -0.08087775576859713, d=T:ry=0.99
n:0.4318055431358516, 0.8560936232097447, 0.8656377755105495, -0.4004013300873339, -0.8552811839617789, -0.7275380282662809, d=@:p=0.969
n:0.4391315411776304, -0.9869484691880643, -0.948967486154288, -0.8025402431376278, 0.7419501007534564, -0.6642779349349439, d=@:p=0.763
c:-0.971, -0.591, -0.26402538269758224, -0.817, 0.11755119869485497, -0.8849945333786309, 3.726
c:-0.7435961081646383, -0.8522691801190376, -0.7936024302616715, 0.06375897116959095, 0.9709768178872764, -0.38701370218768716, -5.666
",0.004427855659335251,"//H
3
j:x1=0.236, 0.056, y1=0.016, fr=0.589, rotstif=0.887, l=1.192
j:-0.484, -0.2754315687343478, 0.5367494928650558, 0.19809298729524016, -0.9219041368924081, 0.6480280407704413, fr=1.998
j:0.9952302942983806, 0.2822707360610366, -0.674, 0.05028228322044015, -0.18298749951645732, -0.9189932788722217, fr=0.061, rotstif=0.913, l=0.862
j:-0.9551832447759807, 0.6240110346116126, 0.7934559336863458, 0.8033395409584045, 0.7298841364681721, 0.6905053132213652, rotstif=0.922, l=0.892
j:0.1566816857084632, 0.038293737918138504, 0.898905529640615, 0.4589673411101103, -0.4194320309907198, -0.17830685572698712, fr=1.136, rotstif=0.981
j:-0.35044325701892376, 0.3144486811943352, -0.2915359465405345, -0.77429040055722, 0.6053830808959901, -0.651209975592792, fr=0.192, l=0.849
j:-0.7635053456760943, 0.17548533715307713, 0.5616385000757873, -0.7752646235749125, 0.6479587121866643, -0.9765606494620442, fr=0.152, l=1.218
j:-0.5167451584711671, 0.03792934399098158, 0.6070055356249213, -0.9712722371332347, 0.19098481675609946, -0.4591257073916495, fr=0.905, l=0.966
j:-0.7095818971283734, -0.43440802907571197, 0.6751327295787632, 0.5524589545093477, -0.6376645741984248, 0.9143388289958239, l=1.413
n:0.41909112269058824, -0.333, 0.2499357871711254, 0.06684813648462296, -0.7928724931553006, -0.14895668718963861, d=N:in=0.0
n:-0.8852930250577629, -0.9658983373083174, -0.5856141750700772, -0.9707079282961786, -0.39251838484779, 0.23717506183311343, d=S
n:0.12138806749135256, -0.8558362713083625, -0.30874029314145446, 0.9320059292949736, -0.9208812578581274, -0.16646586172282696, d=@:p=0.967
n:-0.4501496101729572, -0.9460830772295594, 0.9140725191682577, -0.9187408611178398, -0.1060163788497448, -0.07410808745771646, d=T:ry=2.363
n:0.4163446892052889, -0.7659760001115501, 0.04085390456020832, -0.8426512815058231, -0.5034053279086947, -0.08087775576859713, d=T:ry=0.99
n:0.4318055431358516, 0.8560936232097447, 0.8656377755105495, -0.4004013300873339, -0.8552811839617789, -0.7275380282662809, d=@:p=0.969
n:0.4391315411776304, -0.9869484691880643, -0.948967486154288, -0.8025402431376278, 0.7419501007534564, -0.6642779349349439, d=@:p=0.763
c:-0.971, -0.591, -0.26402538269758224, -0.817, 0.11755119869485497, -0.8849945333786309, 3.726
c:-0.7435961081646383, -0.8522691801190376, -0.7936024302616715, 0.06375897116959095, 0.9709768178872764, -0.38701370218768716, -5.666
",0.004427855659335251,feasible,21
11,H,2,"//H
3
j:x1=0.236, 0.056, y1=0.016, fr=0.589, rotstif=0.887, l=1.192
j:-0.484, -0.2754315687343478, 0.5367494928650558, 0.19809298729524016, -0.9219041368924081, 0.6480280407704413, fr=1.998
j:0.9952302942983806, 0.2822707360610366, -0.674, 0.05028228322044015, -0.18298749951645732, -0.9189932788722217, fr=0.061, rotstif=0.913, l=0.862
j:-0.9551832447759807, 0.6240110346116126, 0.7934559336863458, 0.8033395409584045, 0.7298841364681721, 0.6905053132213652, rotstif=0.922, l=0.892
j:0.1566816857084632, 0.038293737918138504, 0.898905529640615, 0.4589673411101103, -0.4194320309907198, -0.17830685572698712, fr=1.136
j:-0.35044325701892376, 0.3144486811943352, -0.2915359465405345, -0.77429040055722, 0.6053830808959901, -0.651209975592792, fr=0.192, l=0.849
j:-0.7635053456760943, 0.17548533715307713, 0.5616385000757873, -0.7752646235749125, 0.6479587121866643, -0.9765606494620442, fr=0.152, l=1.218
j:-0.5167451584711671, 0.03792934399098158, 0.6070055356249213, -0.9712722371332347, 0.19098481675609946, -0.4591257073916495, fr=0.905, l=0.966
j:-0.7095818971283734, -0.43440802907571197, 0.6751327295787632, 0.5524589545093477, -0.6376645741984248, 0.9143388289958239, l=1.413
n:0.41909112269058824, -0.333, 0.2499357871711254, 0.06684813648462296, -0.7928724931553006, -0.14895668718963861, d=N:in=0.0
n:-0.8852930250577629, -0.9658983373083174, -0.5856141750700772, -0.9707079282961786, -0.39251838484779, 0.23717506183311343, d=S
n:0.12138806749135256, -0.8558362713083625, -0.30874029314145446, 0.9320059292949736, -0.9208812578581274, -0.16646586172282696, d=@:p=0.967
n:-0.4501496101729572, -0.9460830772295594, 0.9140725191682577, -0.9187408611178398, -0.1060163788497448, -0.07410808745771646, d=T:ry=2.363
n:0.4163446892052889, -0.7659760001115501, 0.04085390456020832, -0.8426512815058231, -0.5034053279086947, -0.08087775576859713, d=T:ry=0.99
n:0.4318055431358516, 0.8560936232097447, 0.8656377755105495, -0.4004013300873339, -0.8552811839617789, -0.7275380282662809, d=@:p=0.969
n:0.4391315411776304, -0.9869484691880643, -0.948967486154288, -0.8025402431376278, 0.7419501007534564, -0.6642779349349439, d=@:p=0.763
c:-0.971, -0.591, -0.26402538269758224, -0.817, 0.11755119869485497, -0.8849945333786309, 3.726
c:-0.7435961081646383, -0.8522691801190376, -0.7936024302616715, 0.06375897116959095, 0.9709768178872764, -0.38701370218768716, -5.666
",0.004427855659335251,"//H
3
j:x1=0.236, 0.056, y1=0.016, fr=0.589, rotstif=0.887, l=1.192
j:-0.484, -0.2754315687343478, 0.5367494928650558, 0.19809298729524016, -0.9219041368924081, 0.6480280407704413, fr=1.998
j:0.9952302942983806, 0.2822707360610366, -0.674, 0.05028228322044015, -0.18298749951645732, -0.9189932788722217, fr=0.061, rotstif=0.913, l=0.862
j:-0.9551832447759807, 0.6240110346116126, 0.7934559336863458, 0.8033395409584045, 0.7298841364681721, 0.6905053132213652, rotstif=0.922, l=0.892
j:0.1566816857084632, 0.038293737918138504, 0.898905529640615, 0.4589673411101103, -0.4194320309907198, -0.17830685572698712, fr=1.136
j:-0.35044325701892376, 0.3144486811943352, -0.2915359465405345, -0.77429040055722, 0.6053830808959901, -0.651209975592792, fr=0.192, l=0.849
j:-0.7635053456760943, 0.17548533715307713, 0.5616385000757873, -0.7752646235749125, 0.6479587121866643, -0.9765606494620442, fr=0.152, l=1.218
j:-0.5167451584711671, 0.03792934399098158, 0.6070055356249213, -0.9712722371332347, 0.19098481675609946, -0.4591257073916495, fr=0.905, l=0.966
j:-0.7095818971283734, -0.43440802907571197, 0.6751327295787632, 0.5524589545093477, -0.6376645741984248, 0.9143388289958239, l=1.413
n:0.41909112269058824, -0.333, 0.2499357871711254, 0.06684813648462296, -0.7928724931553006, -0.14895668718963861, d=N:in=0.0
n:-0.8852930250577629, -0.9658983373083174, -0.5856141750700772, -0.9707079282961786, -0.39251838484779, 0.23717506183311343, d=S
n:0.12138806749135256, -0.8558362713083625, -0.30874029314145446, 0.9320059292949736, -0.9208812578581274, -0.16646586172282696, d=@:p=0.967
n:-0.4501496101729572, -0.9460830772295594, 0.9140725191682577, -0.9187408611178398, -0.1060163788497448, -0.07410808745771646, d=T:ry=2.363
n:0.4163446892052889, -0.7659760001115501, 0.04085390456020832, -0.8426512815058231, -0.5034053279086947, -0.08087775576859713, d=T:ry=0.99
n:0.4318055431358516, 0.8560936232097447, 0.8656377755105495, -0.4004013300873339, -0.8552811839617789, -0.7275380282662809, d=@:p=0.969
n:0.4391315411776304, -0.9869484691880643, -0.948967486154288, -0.8025402431376278, 0.7419501007534564, -0.6642779349349439, d=@:p=0.763
n:-0.607140647713095, 0.184689877089113, 0.914529983419925, -0.8572066747583449, 0.29189022723585367, 0.6270585036836565, d=S
c:-0.971, -0.591, -0.26402538269758224, -0.817, 0.11755119869485497, -0.8849945333786309, 3.726
c:-0.7435961081646383, -0.8522691801190376, -0.7936024302616715, 0.06375897116959095, 0.9709768178872764, -0.38701370218768716, -5.666
",0.004427855659335251,feasible,21
11,H,2,"//H
3
j:x1=0.236, 0.056, y1=0.016, fr=0.589, rotstif=0.887, l=1.192
j:-0.484, -0.2754315687343478, 0.5367494928650558, 0.19809298729524016, -0.9219041368924081, 0.6480280407704413, fr=1.998
j:0.9952302942983806, 0.2822707360610366, -0.674, 0.05028228322044015, -0.18298749951645732, -0.9189932788722217, fr=0.061, rotstif=0.913, l=0.862
j:-0.9551832447759807, 0.6240110346116126, 0.7934559336863458, 0.8033395409584045, 0.7298841364681721, 0.6905053132213652, rotstif=0.922, l=0.892
j:0.1566816857084632, 0.038293737918138504, 0.898905529640615, 0.4589673411101103, -0.4194320309907198, -0.17830685572698712, fr=1.136
j:-0.35044325701892376, 0.3144486811943352, -0.2915359465405345, -0.77429040055722, 0.6053830808959901, -0.651209975592792, fr=0.192, l=0.849
j:-0.7635053456760943, 0.17548533715307713, 0.5616385000757873, -0.7752646235749125, 0.6479587121866643, -0.9765606494620442, fr=0.152, l=1.218
j:-0.5167451584711671, 0.03792934399098158, 0.6070055356249213, -0.9712722371332347, 0.19098481675609946, -0.4591257073916495, fr=0.905, l=0.966
j:-0.7095818971283734, -0.43440802907571197, 0.6751327295787632, 0.5524589545093477, -0.6376645741984248, 0.9143388289958239, l=1.413
n:0.41909112269058824, -0.333, 0.2499357871711254, 0.06684813648462296, -0.7928724931553006, -0.14895668718963861, d=N:in=0.0
n:-0.8852930250577629, -0.9658983373083174, -0.5856141750700772, -0.9707079282961786, -0.39251838484779, 0.23717506183311343, d=S
n:0.12138806749135256, -0.8558362713083625, -0.30874029314145446, 0.9320059292949736, -0.9208812578581274, -0.16646586172282696, d=@:p=0.967
n:-0.4501496101729572, -0.9460830772295594, 0.9140725191682577, -0.9187408611178398, -0.1060163788497448, -0.07410808745771646, d=T:ry=2.363
n:0.4163446892052889, -0.7659760001115501, 0.04085390456020832, -0.8426512815058231, -0.5034053279086947, -0.08087775576859713, d=T:ry=0.99
n:0.4318055431358516, 0.8560936232097447, 0.8656377755105495, -0.4004013300873339, -0.8552811839617789, -0.7275380282662809, d=@:p=0.969
n:0.4391315411776304, -0.9869484691880643, -0.948967486154288, -0.8025402431376278, 0.7419501007534564, -0.6642779349349439, d=@:p=0.763
c:-0.971, -0.591, -0.26402538269758224, -0.817, 0.11755119869485497, -0.8849945333786309, 3.726
c:-0.7435961081646383, -0.8522691801190376, -0.7936024302616715, 0.06375897116959095, 0.9709768178872764, -0.38701370218768716, -5.666
",0.004427855659335251,"//H
3
j:x1=0.236, 0.056, y1=0.016, fr=0.589, rotstif=0.887, l=1.192
j:-0.484, -0.2754315687343478, 0.5367494928650558, 0.19809298729524016, -0.9219041368924081, 0.6480280407704413, fr=1.998
j:0.9952302942983806, 0.2822707360610366, -0.674, 0.05028228322044015, -0.18298749951645732, -0.9189932788722217, fr=0.061, rotstif=0.913, l=0.862
j:-0.9551832447759807, 0.6240110346116126, 0.7934559336863458, 0.8033395409584045, 0.7298841364681721, 0.6905053132213652, rotstif=0.922, l=0.892
j:0.1566816857084632, 0.038293737918138504, 0.898905529640615, 0.4589673411101103, -0.4194320309907198, -0.17830685572698712, fr=1.136
j:-0.35044325701892376, 0.3144486811943352, -0.2915359465405345, -0.77429040055722, 0.6053830808959901, -0.651209975592792, fr=0.192, l=0.849
j:-0.7635053456760943, 0.17548533715307713, 0.5616385000757873, -0.7752646235749125, 0.6479587121866643, -0.9765606494620442, fr=0.152, l=1.218
j:-0.5167451584711671, 0.03792934399098158, 0.6070055356249213, -0.9712722371332347, 0.19098481675609946, -0.4591257073916495, fr=0.905, l=0.966
j:-0.7095818971283734, -0.43440802907571197, 0.6751327295787632, 0.5524589545093477, -0.6376645741984248, 0.9143388289958239, l=1.413
n:0.41909112269058824, -0.333, 0.2499357871711254, 0.06684813648462296, -0.7928724931553006, -0.14895668718963861, d=N:in=0.0
n:-0.8852930250577629, -0.9658983373083174, -0.512, -0.9707079282961786, -0.39251838484779, 0.23717506183311343, d=S
n:0.12138806749135256, -0.8558362713083625, -0.30874029314145446, 0.9320059292949736, -0.9208812578581274, -0.16646586172282696, d=@:p=0.967
n:-0.4501496101729572, -0.9460830772295594, 0.9140725191682577, -0.9187408611178398, -0.1060163788497448, -0.07410808745771646, d=T:ry=2.363
n:0.4163446892052889, -0.7659760001115501, 0.04085390456020832, -0.8426512815058231, -0.5034053279086947, -0.08087775576859713, d=T:ry=0.99
n:0.4318055431358516, 0.8560936232097447, 0.8656377755105495, -0.4004013300873339, -0.8552811839617789, -0.7275380282662809, d=@:p=0.969
n:0.4391315411776304, -0.9869484691880643, -0.948967486154288, -0.8025402431376278, 0.7419501007534564, -0.6642779349349439, d=@:p=0.763
c:-0.971, -0.591, -0.26402538269758224, -0.817, 0.11755119869485497, -0.8849945333786309, 3.726
c:-0.7435961081646383, -0.8522691801190376, -0.7936024302616715, 0.06375897116959095, 0.9709768178872764, -0.38701370218768716, -5.666
",0.004427855659335251,feasible,21
11,H,2,"//H
3
j:x1=0.236, 0.056, y1=0.016, fr=0.589, rotstif=0.887, l=1.192
j:-0.484, -0.2754315687343478, 0.5367494928650558, 0.19809298729524016, -0.9219041368924081, 0.6480280407704413, fr=1.998
j:0.9952302942983806, 0.2822707360610366, -0.674, 0.05028228322044015, -0.18298749951645732, -0.9189932788722217, fr=0.061, rotstif=0.913, l=0.862
j:-0.9551832447759807, 0.6240110346116126, 0.7934559336863458, 0.8033395409584045, 0.7298841364681721, 0.6905053132213652, rotstif=0.922, l=0.892
j:0.1566816857084632, 0.038293737918138504, 0.898905529640615, 0.4589673411101103, -0.4194320309907198, -0.17830685572698712, fr=1.136
j:-0.35044325701892376, 0.3144486811943352, -0.2915359465405345, -0.77429040055722, 0.6053830808959901, -0.651209975592792, fr=0.192, l=0.849
j:-0.7635053456760943, 0.17548533715307713, 0.5616385000757873, -0.7752646235749125, 0.6479587121866643, -0.9765606494620442, fr=0.152, l=1.218
j:-0.5167451584711671, 0.03792934399098158, 0.6070055356249213, -0.9712722371332347, 0.19098481675609946, -0.4591257073916495, fr=0.905, l=0.966
j:-0.7095818971283734, -0.43440802907571197, 0.6751327295787632, 0.5524589545093477, -0.6376645741984248, 0.9143388289958239, l=1.413
n:0.41909112269058824, -0.333, 0.2499357871711254, 0.06684813648462296, -0.7928724931553006, -0.14895668718963861, d=N:in=0.0
n:-0.8852930250577629, -0.9658983373083174, -0.5856141750700772, -0.9707079282961786, -0.39251838484779, 0.23717506183311343, d=S
n:0.12138806749135256, -0.8558362713083625, -0.30874029314145446, 0.9320059292949736, -0.9208812578581274, -0.16646586172282696, d=@:p=0.967
n:-0.4501496101729572, -0.9460830772295594, 0.9140725191682577, -0.9187408611178398, -0.1060163788497448, -0.07410808745771646, d=T:ry=2.363
n:0.4163446892052889, -0.7659760001115501, 0.04085390456020832, -0.8426512815058231, -0.5034053279086947, -0.08087775576859713, d=T:ry=0.99
n:0.4318055431358516, 0.8560936232097447, 0.8656377755105495, -0.4004013300873339, -0.8552811839617789, -0.7275380282662809, d=@:p=0.969
n:0.4391315411776304, -0.9869484691880643, -0.948967486154288, -0.8025402431376278, 0.7419501007534564, -0.6642779349349439, d=@:p=0.763
c:-0.971, -0.591, -0.26402538269758224, -0.817, 0.11755119869485497, -0.8849945333786309, 3.726
c:-0.7435961081646383, -0.8522691801190376, -0.7936024302616715, 0.06375897116959095, 0.9709768178872764, -0.38701370218768716, -5.666
",0.004427855659335251,"//H
3
j:x1=0.236, 0.056, y1=0.016, fr=0.589, rotstif=0.887, l=1.192
j:-0.484, -0.2754315687343478, 0.5367494928650558, 0.19809298729524016, -0.9219041368924081, 0.6480280407704413, fr=1.998
j:0.9952302942983806, 0.2822707360610366, -0.674, 0.05028228322044015, -0.18298749951645732, -0.9189932788722217, fr=0.061, rotstif=0.913, l=0.862
j:-0.9551832447759807, 0.6240110346116126, 0.7934559336863458, 0.8033395409584045, 0.7298841364681721, 0.6905053132213652, rotstif=0.922, l=0.892
j:0.1566816857084632, 0.038293737918138504, 0.898905529640615, 0.4589673411101103, -0.4194320309907198, -0.17830685572698712, fr=1.136
j:-0.35044325701892376, 0.3144486811943352, -0.2915359465405345, -0.77429040055722, 0.6053830808959901, -0.651209975592792, fr=0.192, l=0.849
j:-0.7635053456760943, 0.17548533715307713, 0.5616385000757873, -0.7752646235749125, 0.6479587121866643, -0.9765606494620442, fr=0.152, l=1.514
j:-0.5167451584711671, 0.03792934399098158, 0.6070055356249213, -0.9712722371332347, 0.19098481675609946, -0.4591257073916495, fr=0.905, l=0.966
j:-0.7095818971283734, -0.43440802907571197, 0.6751327295787632, 0.5524589545093477, -0.6376645741984248, 0.9143388289958239, l=1.413
n:0.41909112269058824, -0.333, 0.2499357871711254, 0.06684813648462296, -0.7928724931553006, -0.14895668718963861, d=N:in=0.0
n:-0.8852930250577629, -0.9658983373083174, -0.5856141750700772, -0.9707079282961786, -0.39251838484779, 0.23717506183311343, d=S
n:0.12138806749135256, -0.8558362713083625, -0.30874029314145446, 0.9320059292949736, -0.9208812578581274, -0.16646586172282696, d=@:p=0.967
n:-0.4501496101729572, -0.9460830772295594, 0.9140725191682577, -0.9187408611178398, -0.1060163788497448, -0.07410808745771646, d=T:ry=2.363
n:0.4163446892052889, -0.7659760001115501, 0.04085390456020832, -0.8426512815058231, -0.5034053279086947, -0.08087775576859713, d=T:ry=0.99
n:0.4318055431358516, 0.8560936232097447, 0.8656377755105495, -0.4004013300873339, -0.8552811839617789, -0.7275380282662809, d=@:p=0.969
n:0.4391315411776304, -0.9869484691880643, -0.948967486154288, -0.8025402431376278, 0.7419501007534564, -0.6642779349349439, d=@:p=0.763
c:-0.971, -0.591, -0.26402538269758224, -0.817, 0.11755119869485497, -0.8849945333786309, 3.726
c:-0.7435961081646383, -0.8522691801190376, -0.7936024302616715, 0.06375897116959095, 0.9709768178872764, -0.38701370218768716, -5.666
",0.00404248101148511,feasible,21
11,H,2,"//H
3
j:x1=0.236, 0.056, y1=0.016, fr=0.589, rotstif=0.887, l=1.192
j:-0.484, -0.2754315687343478, 0.5367494928650558, 0.19809298729524016, -0.9219041368924081, 0.6480280407704413, fr=1.998
j:0.9952302942983806, 0.2822707360610366, -0.674, 0.05028228322044015, -0.18298749951645732, -0.9189932788722217, fr=0.061, rotstif=0.913, l=0.862
j:-0.9551832447759807, 0.6240110346116126, 0.7934559336863458, 0.8033395409584045, 0.7298841364681721, 0.6905053132213652, rotstif=0.922, l=0.892
j:0.1566816857084632, 0.038293737918138504, 0.898905529640615, 0.4589673411101103, -0.4194320309907198, -0.17830685572698712, fr=1.136
j:-0.35044325701892376, 0.3144486811943352, -0.2915359465405345, -0.77429040055722, 0.6053830808959901, -0.651209975592792, fr=0.192, l=0.849
j:-0.7635053456760943, 0.17548533715307713, 0.5616385000757873, -0.7752646235749125, 0.6479587121866643, -0.9765606494620442, fr=0.152, l=1.218
j:-0.5167451584711671, 0.03792934399098158, 0.6070055356249213, -0.9712722371332347, 0.19098481675609946, -0.4591257073916495, fr=0.905, l=0.966
j:-0.7095818971283734, -0.43440802907571197, 0.6751327295787632, 0.5524589545093477, -0.6376645741984248, 0.9143388289958239, l=1.413
n:0.41909112269058824, -0.333, 0.2499357871711254, 0.06684813648462296, -0.7928724931553006, -0.14895668718963861, d=N:in=0.0
n:-0.8852930250577629, -0.9658983373083174, -0.5856141750700772, -0.9707079282961786, -0.39251838484779, 0.23717506183311343, d=S
n:0.12138806749135256, -0.8558362713083625, -0.30874029314145446, 0.9320059292949736, -0.9208812578581274, -0.16646586172282696, d=@:p=0.967
n:-0.4501496101729572, -0.9460830772295594, 0.9140725191682577, -0.9187408611178398, -0.1060163788497448, -0.07410808745771646, d=T:ry=2.363
n:0.4163446892052889, -0.7659760001115501, 0.04085390456020832, -0.8426512815058231, -0.5034053279086947, -0.08087775576859713, d=T:ry=0.99
n:0.4318055431358516, 0.8560936232097447, 0.8656377755105495, -0.4004013300873339, -0.8552811839617789, -0.7275380282662809, d=@:p=0.969
n:0.4391315411776304, -0.9869484691880643, -0.948967486154288, -0.8025402431376278, 0.7419501007534564, -0.6642779349349439, d=@:p=0.763
c:-0.971, -0.591, -0.26402538269758224, -0.817, 0.11755119869485497, -0.8849945333786309, 3.726
c:-0.7435961081646383, -0.8522691801190376, -0.7936024302616715, 0.06375897116959095, 0.9709768178872764, -0.38701370218768716, -5.666
",0.004427855659335251,"//H
3
j:x1=0.236, 0.056, y1=0.016, fr=0.589, rotstif=0.887, l=1.192
j:-0.484, -0.2754315687343478, 0.5367494928650558, 0.19809298729524016, -0.9219041368924081, 0.63, fr=1.998
j:0.9952302942983806, 0.2822707360610366, -0.674, 0.05028228322044015, -0.18298749951645732, -0.9189932788722217, fr=0.061, rotstif=0.913, l=0.862
j:-0.9551832447759807, 0.6240110346116126, 0.7934559336863458, 0.8033395409584045, 0.7298841364681721, 0.6905053132213652, rotstif=0.922, l=0.892
j:0.1566816857084632, 0.038293737918138504, 0.898905529640615, 0.4589673411101103, -0.4194320309907198, -0.17830685572698712, fr=1.136
j:-0.35044325701892376, 0.3144486811943352, -0.2915359465405345, -0.77429040055722, 0.6053830808959901, -0.651209975592792, fr=0.192, l=0.849
j:-0.7635053456760943, 0.17548533715307713, 0.5616385000757873, -0.7752646235749125, 0.6479587121866643, -0.9765606494620442, fr=0.152, l=1.218
j:-0.5167451584711671, 0.03792934399098158, 0.6070055356249213, -0.9712722371332347, 0.19098481675609946, -0.4591257073916495, fr=0.905, l=0.966
j:-0.7095818971283734, -0.43440802907571197, 0.6751327295787632, 0.5524589545093477, -0.6376645741984248, 0.9143388289958239, l=1.413
n:0.41909112269058824, -0.333, 0.2499357871711254, 0.06684813648462296, -0.7928724931553006, -0.14895668718963861, d=N:in=0.0
n:-0.8852930250577629, -0.9658983373083174, -0.5856141750700772, -0.9707079282961786, -0.39251838484779, 0.23717506183311343, d=S
n:0.12138806749135256, -0.8558362713083625, -0.30874029314145446, 0.9320059292949736, -0.9208812578581274, -0.16646586172282696, d=@:p=0.967
n:-0.4501496101729572, -0.9460830772295594, 0.9140725191682577, -0.9187408611178398, -0.1060163788497448, -0.07410808745771646, d=T:ry=2.363
n:0.4163446892052889, -0.7659760001115501, 0.04085390456020832, -0.8426512815058231, -0.5034053279086947, -0.08087775576859713, d=T:ry=0.99
n:0.4318055431358516, 0.8560936232097447, 0.8656377755105495, -0.4004013300873339, -0.8552811839617789, -0.7275380282662809, d=@:p=0.969
n:0.4391315411776304, -0.9869484691880643, -0.948967486154288, -0.8025402431376278, 0.7419501007534564, -0.6642779349349439, d=@:p=0.763
c:-0.971, -0.591, -0.26402538269758224, -0.817, 0.11755119869485497, -0.8849945333786309, 3.726
c:-0.7435961081646383, -0.8522691801190376, -0.7936024302616715, 0.06375897116959095, 0.9709768178872764, -0.38701370218768716, -5.666
",0.004427855659335251,feasible,21
11,H,2,"//H
3
j:x1=0.236, 0.056, y1=0.016, fr=0.589, rotstif=0.887, l=1.192
j:-0.484, -0.2754315687343478, 0.5367494928650558, 0.19809298729524016, -0.9219041368924081, 0.6480280407704413, fr=1.998
j:0.9952302942983806, 0.2822707360610366, -0.674, 0.05028228322044015, -0.18298749951645732, -0.9189932788722217, fr=0.061, rotstif=0.913, l=0.862
j:-0.9551832447759807, 0.6240110346116126, 0.7934559336863458, 0.8033395409584045, 0.7298841364681721, 0.6905053132213652, rotstif=0.922, l=0.892
j:0.1566816857084632, 0.038293737918138504, 0.898905529640615, 0.4589673411101103, -0.4194320309907198, -0.17830685572698712, fr=1.136
j:-0.35044325701892376, 0.3144486811943352, -0.2915359465405345, -0.77429040055722, 0.6053830808959901, -0.651209975592792, fr=0.192, l=0.849
j:-0.7635053456760943, 0.17548533715307713, 0.5616385000757873, -0.7752646235749125, 0.6479587121866643, -0.9765606494620442, fr=0.152, l=1.218
j:-0.5167451584711671, 0.03792934399098158, 0.6070055356249213, -0.9712722371332347, 0.19098481675609946, -0.4591257073916495, fr=0.905, l=0.966
j:-0.7095818971283734, -0.43440802907571197, 0.6751327295787632, 0.5524589545093477, -0.6376645741984248, 0.9143388289958239, l=1.413
n:0.41909112269058824, -0.333, 0.2499357871711254, 0.06684813648462296, -0.7928724931553006, -0.14895668718963861, d=N:in=0.0
n:-0.8852930250577629, -0.9658983373083174, -0.5856141750700772, -0.9707079282961786, -0.39251838484779, 0.23717506183311343, d=S
n:0.12138806749135256, -0.8558362713083625, -0.30874029314145446, 0.9320059292949736, -0.9208812578581274, -0.16646586172282696, d=@:p=0.967
n:-0.4501496101729572, -0.9460830772295594, 0.9140725191682577, -0.9187408611178398, -0.1060163788497448, -0.07410808745771646, d=T:ry=2.363
n:0.4163446892052889, -0.7659760001115501, 0.04085390456020832, -0.8426512815058231, -0.5034053279086947, -0.08087775576859713, d=T:ry=0.99
n:0.4318055431358516, 0.8560936232097447, 0.8656377755105495, -0.4004013300873339, -0.8552811839617789, -0.7275380282662809, d=@:p=0.969
n:0.4391315411776304, -0.9869484691880643, -0.948967486154288, -0.8025402431376278, 0.7419501007534564, -0.6642779349349439, d=@:p=0.763
c:-0.971, -0.591, -0.26402538269758224, -0.817, 0.11755119869485497, -0.8849945333786309, 3.726
c:-0.7435961081646383, -0.8522691801190376, -0.7936024302616715, 0.06375897116959095, 0.9709768178872764, -0.38701370218768716, -5.666
",0.004427855659335251,"//H
3
j:x1=0.236, 0.056, y1=0.016, fr=0.589, rotstif=0.887, l=1.192
j:-0.484, -0.2754315687343478, 0.5367494928650558, 0.19809298729524016, -0.9219041368924081, 0.6480280407704413, fr=1.998
j:0.9952302942983806, 0.2822707360610366, -0.674, 0.05028228322044015, -0.18298749951645732, -0.9189932788722217, fr=0.061, rotstif=0.913, l=0.862
j:-0.9551832447759807, 0.6240110346116126, 0.7934559336863458, 0.8033395409584045, 0.7298841364681721, 0.6905053132213652, rotstif=0.922, l=0.892
j:0.1566816857084632, 0.038293737918138504, 0.898905529640615, 0.4589673411101103, -0.4194320309907198, -0.17830685572698712, fr=1.136
j:-0.35044325701892376, 0.3144486811943352, -0.2915359465405345, -0.77429040055722, 0.6053830808959901, -0.651209975592792, fr=0.192, l=0.849
j:-0.7635053456760943, 0.17548533715307713, 0.5616385000757873, -0.7752646235749125, 0.6479587121866643, -0.9765606494620442, fr=0.152, l=1.218
j:-0.5167451584711671, 0.03792934399098158, 0.6070055356249213, -0.9712722371332347, 0.19098481675609946, -0.4591257073916495, fr=0.905, l=0.966
j:-0.7095818971283734, -0.43440802907571197, 0.6751327295787632, 0.5524589545093477, -0.6376645741984248, 0.9143388289958239, l=1.413
n:0.41909112269058824, -0.333, 0.2499357871711254, 0.06684813648462296, -0.7928724931553006, -0.14895668718963861, d=N:in=0.0
n:-0.8852930250577629, -0.9658983373083174, -0.5856141750700772, -0.9707079282961786, -0.39251838484779, 0.23717506183311343, d=S
n:0.12138806749135256, -0.8558362713083625, -0.30874029314145446, 0.9320059292949736, -0.9208812578581274, -0.16646586172282696, d=@:p=0.967
n:-0.4501496101729572, -0.9460830772295594, 0.9140725191682577, -0.9187408611178398, -0.1060163788497448, -0.07410808745771646, d=T:ry=2.363
n:0.4163446892052889, -0.7659760001115501, 0.04085390456020832, -0.8426512815058231, -0.5034053279086947, -0.08087775576859713, d=T:ry=0.99
n:0.4318055431358516, 0.8560936232097447, 0.8656377755105495, -0.4004013300873339, -0.8552811839617789, -0.7275380282662809, d=@:p=0.969
n:0.4391315411776304, -0.9869484691880643, -0.948967486154288, -0.8025402431376278, 0.7419501007534564, -0.6642779349349439, d=@:p=0.763
c:-0.971, -0.591, -0.26402538269758224, -0.969, 0.11755119869485497, -0.8849945333786309, 3.726
c:-0.7435961081646383, -0.8522691801190376, -0.7936024302616715, 0.06375897116959095, 0.9709768178872764, -0.38701370218768716, -5.666
",0.004427855659335251,feasible,21
11,H,2,"//H
3
j:x1=0.236, 0.056, y1=0.016, fr=0.589, rotstif=0.887, l=1.192
j:-0.484, -0.2754315687343478, 0.5367494928650558, 0.19809298729524016, -0.9219041368924081, 0.6480280407704413, fr=1.998
j:0.9952302942983806, 0.2822707360610366, -0.674, 0.05028228322044015, -0.18298749951645732, -0.9189932788722217, fr=0.061, rotstif=0.913, l=0.862
j:-0.9551832447759807, 0.6240110346116126, 0.7934559336863458, 0.8033395409584045, 0.7298841364681721, 0.6905053132213652, rotstif=0.922, l=0.892
j:0.1566816857084632, 0.038293737918138504, 0.898905529640615, 0.4589673411101103, -0.4194320309907198, -0.17830685572698712, fr=1.136
j:-0.35044325701892376, 0.3144486811943352, -0.2915359465405345, -0.77429040055722, 0.6053830808959901, -0.651209975592792, fr=0.192, l=0.849
j:-0.7635053456760943, 0.17548533715307713, 0.5616385000757873, -0.7752646235749125, 0.6479587121866643, -0.9765606494620442, fr=0.152, l=1.218
j:-0.5167451584711671, 0.03792934399098158, 0.6070055356249213, -0.9712722371332347, 0.19098481675609946, -0.4591257073916495, fr=0.905, l=0.966
j:-0.7095818971283734, -0.43440802907571197, 0.6751327295787632, 0.5524589545093477, -0.6376645741984248, 0.9143388289958239, l=1.413
n:0.41909112269058824, -0.333, 0.2499357871711254, 0.06684813648462296, -0.7928724931553006, -0.14895668718963861, d=N:in=0.0
n:-0.8852930250577629, -0.9658983373083174, -0.5856141750700772, -0.9707079282961786, -0.39251838484779, 0.23717506183311343, d=S
n:0.12138806749135256, -0.8558362713083625, -0.30874029314145446, 0.9320059292949736, -0.9208812578581274, -0.16646586172282696, d=@:p=0.967
n:-0.4501496101729572, -0.9460830772295594, 0.9140725191682577, -0.9187408611178398, -0.1060163788497448, -0.07410808745771646, d=T:ry=2.363
n:0.4163446892052889, -0.7659760001115501, 0.04085390456020832, -0.8426512815058231, -0.5034053279086947, -0.08087775576859713, d=T:ry=0.99
n:0.4318055431358516, 0.8560936232097447, 0.8656377755105495, -0.4004013300873339, -0.8552811839617789, -0.7275380282662809, d=@:p=0.969
n:0.4391315411776304, -0.9869484691880643, -0.948967486154288, -0.8025402431376278, 0.7419501007534564, -0.6642779349349439, d=@:p=0.763
c:-0.971, -0.591, -0.26402538269758224, -0.817, 0.11755119869485497, -0.8849945333786309, 3.726
c:-0.7435961081646383, -0.8522691801190376, -0.7936024302616715, 0.06375897116959095, 0.9709768178872764, -0.38701370218768716, -5.666
",0.004427855659335251,"//H
3
j:x1=0.236, 0.056, y1=0.016, fr=0.589, rotstif=0.887, l=1.192
j:-0.484, -0.2754315687343478, 0.5367494928650558, 0.19809298729524016, -0.9219041368924081, 0.6480280407704413, fr=1.998
j:0.9952302942983806, 0.2822707360610366, -0.674, 0.05028228322044015, -0.18298749951645732, -0.9189932788722217, fr=0.061, rotstif=0.913, l=0.862
j:-0.9551832447759807, 0.6240110346116126, 0.7934559336863458, 0.8033395409584045, 0.7298841364681721, 0.6905053132213652, rotstif=0.922, l=0.892
j:0.1566816857084632, 0.038293737918138504, 0.898905529640615, 0.4589673411101103, -0.4194320309907198, -0.17830685572698712, fr=1.136
j:-0.35044325701892376, 0.3144486811943352, -0.2915359465405345, -0.77429040055722, 0.6053830808959901, -0.651209975592792, fr=0.192, l=0.849
j:-0.7635053456760943, 0.17548533715307713, 0.5616385000757873, -0.7752646235749125, 0.6479587121866643, -0.9765606494620442, fr=0.152, l=1.218
j:-0.5167451584711671, 0.03792934399098158, 0.6070055356249213, -0.9712722371332347, 0.19098481675609946, -0.4591257073916495, fr=0.905, l=0.966
j:-0.7095818971283734, -0.43440802907571197, 0.6751327295787632, 0.5524589545093477, -0.6376645741984248, 0.9143388289958239, l=1.413
n:0.41909112269058824, -0.333, 0.2499357871711254, 0.06684813648462296, -0.7928724931553006, -0.14895668718963861, d=N:in=0.0
n:-0.8852930250577629, -0.9658983373083174, -0.5856141750700772, -0.9707079282961786, -0.39251838484779, 0.23717506183311343, d=S
n:0.12138806749135256, -0.8558362713083625, -0.30874029314145446, 0.9320059292949736, -0.9208812578581274, -0.16646586172282696, d=@:p=0.967
n:-0.4501496101729572, -0.9460830772295594, 0.9140725191682577, -0.9187408611178398, -0.1060163788497448, -0.07410808745771646, d=T:ry=2.363
n:0.4163446892052889, -0.7659760001115501, 0.04085390456020832, -0.8426512815058231, -0.5034053279086947, -0.08087775576859713, d=T:ry=0.99
n:0.4318055431358516, 0.8560936232097447, 0.8656377755105495, -0.4004013300873339, -0.8552811839617789, -0.7275380282662809, d=@:p=0.969
n:0.4391315411776304, -0.9869484691880643, -0.948967486154288, -0.8025402431376278, 0.7419501007534564, -0.6642779349349439, d=@:p=0.763
c:-0.971, -0.591, -0.26402538269758224, -0.817, 0.11755119869485497, -0.8849945333786309, 3.726
c:-0.7435961081646383, -0.8522691801190376, -0.7936024302616715, 0.06375897116959095, 0.9709768178872764, -0.38701370218768716, -5.666
c:0.46938265953212976, 0.9119756403379142, -0.6881112894043326, 0.573436283506453, 0.10664313426241279, -0.08375473413616419, 1.044
",0.004427855659335251,feasible,21
11,H,2,"//H
3
j:x1=0.236, 0.056, y1=0.016, fr=0.589, rotstif=0.887, l=1.192
j:-0.484, -0.2754315687343478, 0.5367494928650558, 0.19809298729524016, -0.9219041368924081, 0.6480280407704413, fr=1.998
j:0.9952302942983806, 0.2822707360610366, -0.674, 0.05028228322044015, -0.18298749951645732, -0.9189932788722217, fr=0.061, rotstif=0.913, l=0.862
j:-0.9551832447759807, 0.6240110346116126, 0.7934559336863458, 0.8033395409584045, 0.7298841364681721, 0.6905053132213652, rotstif=0.922, l=0.892
j:0.1566816857084632, 0.038293737918138504, 0.898905529640615, 0.4589673411101103, -0.4194320309907198, -0.17830685572698712, fr=1.136
j:-0.35044325701892376, 0.3144486811943352, -0.2915359465405345, -0.77429040055722, 0.6053830808959901, -0.651209975592792, fr=0.192, l=0.849
j:-0.7635053456760943, 0.17548533715307713, 0.5616385000757873, -0.7752646235749125, 0.6479587121866643, -0.9765606494620442, fr=0.152, l=1.218
j:-0.5167451584711671, 0.03792934399098158, 0.6070055356249213, -0.9712722371332347, 0.19098481675609946, -0.4591257073916495, fr=0.905, l=0.966
j:-0.7095818971283734, -0.43440802907571197, 0.6751327295787632, 0.5524589545093477, -0.6376645741984248, 0.9143388289958239, l=1.413
n:0.41909112269058824, -0.333, 0.2499357871711254, 0.06684813648462296, -0.7928724931553006, -0.14895668718963861, d=N:in=0.0
n:-0.8852930250577629, -0.9658983373083174, -0.5856141750700772, -0.9707079282961786, -0.39251838484779, 0.23717506183311343, d=S
n:0.12138806749135256, -0.8558362713083625, -0.30874029314145446, 0.9320059292949736, -0.9208812578581274, -0.16646586172282696, d=@:p=0.967
n:-0.4501496101729572, -0.9460830772295594, 0.9140725191682577, -0.9187408611178398, -0.1060163788497448, -0.07410808745771646, d=T:ry=2.363
n:0.4163446892052889, -0.7659760001115501, 0.04085390456020832, -0.8426512815058231, -0.5034053279086947, -0.08087775576859713, d=T:ry=0.99
n:0.4318055431358516, 0.8560936232097447, 0.8656377755105495, -0.4004013300873339, -0.8552811839617789, -0.7275380282662809, d=@:p=0.969
n:0.4391315411776304, -0.9869484691880643, -0.948967486154288, -0.8025402431376278, 0.7419501007534564, -0.6642779349349439, d=@:p=0.763
c:-0.971, -0.591, -0.26402538269758224, -0.817, 0.11755119869485497, -0.8849945333786309, 3.726
c:-0.7435961081646383, -0.8522691801190376, -0.7936024302616715, 0.06375897116959095, 0.9709768178872764, -0.38701370218768716, -5.666
",0.004427855659335251,"//H
3
j:x1=0.236, 0.056, y1=0.016, fr=0.589, rotstif=0.887, l=1.192
j:-0.484, -0.2754315687343478, 0.5367494928650558, 0.19809298729524016, -0.9219041368924081, 0.6480280407704413, fr=1.998
j:0.9952302942983806, 0.2822707360610366, -0.674, 0.05028228322044015, -0.18298749951645732, -0.9189932788722217, fr=0.061, rotstif=0.913, l=0.862
j:-0.9551832447759807, 0.6240110346116126, 0.7934559336863458, 0.8033395409584045, 0.7298841364681721, 0.6905053132213652, rotstif=0.922, l=0.892
j:0.1566816857084632, 0.038293737918138504, 0.898905529640615, 0.4589673411101103, -0.4194320309907198, -0.17830685572698712, fr=1.136
j:-0.35044325701892376, 0.3144486811943352, -0.2915359465405345, -0.77429040055722, 0.6053830808959901, -0.651209975592792, fr=0.192, l=0.849
j:-0.7635053456760943, 0.17548533715307713, 0.5616385000757873, -0.7752646235749125, 0.6479587121866643, -0.9765606494620442, fr=0.152, l=1.218
j:-0.5167451584711671, 0.03792934399098158, 0.6070055356249213, -0.9712722371332347, 0.19098481675609946, -0.4591257073916495, fr=0.905, l=0.966
j:-0.7095818971283734, -0.43440802907571197, 0.6751327295787632, 0.5524589545093477, -0.6376645741984248, 0.9143388289958239, l=1.413
n:0.41909112269058824, -0.333, 0.2499357871711254, 0.06684813648462296, -0.7928724931553006, -0.14895668718963861, d=N:in=0.0
n:-0.8852930250577629, -0.9658983373083174, -0.5856141750700772, -0.9707079282961786, -0.39251838484779, 0.23717506183311343, d=S
n:0.12138806749135256, -0.8558362713083625, -0.30874029314145446, 0.9320059292949736, -0.9208812578581274, -0.16646586172282696, d=@:p=0.967
n:-0.4501496101729572, -0.9460830772295594, 0.9140725191682577, -0.9187408611178398, -0.1060163788497448, -0.07410808745771646, d=T:ry=2.363
n:0.4163446892052889, -0.7659760001115501, 0.04085390456020832, -0.8426512815058231, -0.5034053279086947, -0.08087775576859713, d=T:ry=0.99
n:0.4318055431358516, 0.8560936232097447, 0.8656377755105495, -0.4004013300873339, -0.8552811839617789, -0.7275380282662809, d=@:p=0.969
n:0.4391315411776304, -0.9869484691880643, -0.948967486154288, -0.8025402431376278, 0.7419501007534564, -0.6642779349349439, d=@:p=0.763
c:-0.971, -0.591, -0.26402538269758224, -0.817, 0.11755119869485497, -0.8849945333786309, 3.726
c:-0.7435961081646383, -0.8522691801190376, -0.7936024302616715, 0.06375897116959095, 0.9709768178872764, -0.328, -5.666
",0.004427855659335251,feasible,21
11,H,2,"//H
3
j:x1=0.236, 0.056, y1=0.016, fr=0.589, rotstif=0.887, l=1.192
j:-0.484, -0.2754315687343478, 0.5367494928650558, 0.19809298729524016, -0.9219041368924081, 0.6480280407704413, fr=1.998
j:0.9952302942983806, 0.2822707360610366, -0.674, 0.05028228322044015, -0.18298749951645732, -0.9189932788722217, fr=0.061, rotstif=0.913, l=0.862
j:-0.9551832447759807, 0.6240110346116126, 0.7934559336863458, 0.8033395409584045, 0.7298841364681721, 0.6905053132213652, rotstif=0.922, l=0.892
j:0.1566816857084632, 0.038293737918138504, 0.898905529640615, 0.4589673411101103, -0.4194320309907198, -0.17830685572698712, fr=1.136
j:-0.35044325701892376, 0.3144486811943352, -0.2915359465405345, -0.77429040055722, 0.6053830808959901, -0.651209975592792, fr=0.192, l=0.849
j:-0.7635053456760943, 0.17548533715307713, 0.5616385000757873, -0.7752646235749125, 0.6479587121866643, -0.9765606494620442, fr=0.152, l=1.218
j:-0.5167451584711671, 0.03792934399098158, 0.6070055356249213, -0.9712722371332347, 0.19098481675609946, -0.4591257073916495, fr=0.905, l=0.966
j:-0.7095818971283734, -0.43440802907571197, 0.6751327295787632, 0.5524589545093477, -0.6376645741984248, 0.9143388289958239, l=1.413
n:0.41909112269058824, -0.333, 0.2499357871711254, 0.06684813648462296, -0.7928724931553006, -0.14895668718963861, d=N:in=0.0
n:-0.8852930250577629, -0.9658983373083174, -0.5856141750700772, -0.9707079282961786, -0.39251838484779, 0.23717506183311343, d=S
n:0.12138806749135256, -0.8558362713083625, -0.30874029314145446, 0.9320059292949736, -0.9208812578581274, -0.16646586172282696, d=@:p=0.967
n:-0.4501496101729572, -0.9460830772295594, 0.9140725191682577, -0.9187408611178398, -0.1060163788497448, -0.07410808745771646, d=T:ry=2.363
n:0.4163446892052889, -0.7659760001115501, 0.04085390456020832, -0.8426512815058231, -0.5034053279086947, -0.08087775576859713, d=T:ry=0.99
n:0.4318055431358516, 0.8560936232097447, 0.8656377755105495, -0.4004013300873339, -0.8552811839617789, -0.7275380282662809, d=@:p=0.969
n:0.4391315411776304, -0.9869484691880643, -0.948967486154288, -0.8025402431376278, 0.7419501007534564, -0.6642779349349439, d=@:p=0.763
c:-0.971, -0.591, -0.26402538269758224, -0.817, 0.11755119869485497, -0.8849945333786309, 3.726
c:-0.7435961081646383, -0.8522691801190376, -0.7936024302616715, 0.06375897116959095, 0.9709768178872764, -0.38701370218768716, -5.666
",0.004427855659335251,"//H
3
j:x1=0.236, 0.056, y1=0.016, fr=0.589, rotstif=0.887, l=1.192
j:-0.484, -0.2754315687343478, 0.5367494928650558, 0.19809298729524016, -0.9219041368924081, 0.6480280407704413, fr=1.998
j:0.9952302942983806, 0.2822707360610366, -0.674, 0.05028228322044015, -0.18298749951645732, -0.9189932788722217, fr=0.061, rotstif=0.913, l=0.862
j:-0.9551832447759807, 0.6240110346116126, 0.7934559336863458, 0.8033395409584045, 0.7298841364681721, 0.6905053132213652, rotstif=0.922, l=0.892
j:0.1566816857084632, 0.038293737918138504, 0.898905529640615, 0.4589673411101103, -0.4194320309907198, -0.17830685572698712, fr=1.136
j:-0.35044325701892376, 0.3144486811943352, -0.2915359465405345, -0.77429040055722, 0.6053830808959901, -0.651209975592792, fr=0.192, l=0.849
j:-0.7635053456760943, 0.17548533715307713, 0.5616385000757873, -0.7752646235749125, 0.6479587121866643, -0.9765606494620442, fr=0.152, l=1.218
j:-0.5167451584711671, 0.03792934399098158, 0.6070055356249213, -0.9712722371332347, 0.19098481675609946, -0.4591257073916495, fr=0.905, l=0.966
j:-0.7095818971283734, -0.43440802907571197, 0.6751327295787632, 0.5524589545093477, -0.6376645741984248, 0.9143388289958239, l=1.413
j:0.02327753696590662, 0.46240995032712817, 0.0650436314754188, 0.043981160037219524, 0.560081684961915, -0.20058107376098633, rotstif=0.935
n:0.41909112269058824, -0.333, 0.2499357871711254, 0.06684813648462296, -0.7928724931553006, -0.14895668718963861, d=N:in=0.0
n:-0.8852930250577629, -0.9658983373083174, -0.5856141750700772, -0.9707079282961786, -0.39251838484779, 0.23717506183311343, d=S
n:0.12138806749135256, -0.8558362713083625, -0.30874029314145446, 0.9320059292949736, -0.9208812578581274, -0.16646586172282696, d=@:p=0.967
n:-0.4501496101729572, -0.9460830772295594, 0.9140725191682577, -0.9187408611178398, -0.1060163788497448, -0.07410808745771646, d=T:ry=2.363
n:0.4163446892052889, -0.7659760001115501, 0.04085390456020832, -0.8426512815058231, -0.5034053279086947, -0.08087775576859713, d=T:ry=0.99
n:0.4318055431358516, 0.8560936232097447, 0.8656377755105495, -0.4004013300873339, -0.8552811839617789, -0.7275380282662809, d=@:p=0.969
n:0.4391315411776304, -0.9869484691880643, -0.948967486154288, -0.8025402431376278, 0.7419501007534564, -0.6642779349349439, d=@:p=0.763
c:-0.971, -0.591, -0.26402538269758224, -0.817, 0.11755119869485497, -0.8849945333786309, 3.726
c:-0.7435961081646383, -0.8522691801190376, -0.7936024302616715, 0.06375897116959095, 0.9709768178872764, -0.38701370218768716, -5.666
",3.509344921703964e-05,feasible,21
11,H,2,"//H
3
j:x1=0.236, 0.056, y1=0.016, fr=0.589, rotstif=0.887, l=1.192
j:-0.484, -0.2754315687343478, 0.5367494928650558, 0.19809298729524016, -0.9219041368924081, 0.6480280407704413, fr=1.998
j:0.9952302942983806, 0.2822707360610366, -0.674, 0.05028228322044015, -0.18298749951645732, -0.9189932788722217, fr=0.061, rotstif=0.913, l=0.862
j:-0.9551832447759807, 0.6240110346116126, 0.7934559336863458, 0.8033395409584045, 0.7298841364681721, 0.6905053132213652, rotstif=0.922, l=0.892
j:0.1566816857084632, 0.038293737918138504, 0.898905529640615, 0.4589673411101103, -0.4194320309907198, -0.17830685572698712, fr=1.136
j:-0.35044325701892376, 0.3144486811943352, -0.2915359465405345, -0.77429040055722, 0.6053830808959901, -0.651209975592792, fr=0.192, l=0.849
j:-0.7635053456760943, 0.17548533715307713, 0.5616385000757873, -0.7752646235749125, 0.6479587121866643, -0.9765606494620442, fr=0.152, l=1.218
j:-0.5167451584711671, 0.03792934399098158, 0.6070055356249213, -0.9712722371332347, 0.19098481675609946, -0.4591257073916495, fr=0.905, l=0.966
j:-0.7095818971283734, -0.43440802907571197, 0.6751327295787632, 0.5524589545093477, -0.6376645741984248, 0.9143388289958239, l=1.413
n:0.41909112269058824, -0.333, 0.2499357871711254, 0.06684813648462296, -0.7928724931553006, -0.14895668718963861, d=N:in=0.0
n:-0.8852930250577629, -0.9658983373083174, -0.5856141750700772, -0.9707079282961786, -0.39251838484779, 0.23717506183311343, d=S
n:0.12138806749135256, -0.8558362713083625, -0.30874029314145446, 0.9320059292949736, -0.9208812578581274, -0.16646586172282696, d=@:p=0.967
n:-0.4501496101729572, -0.9460830772295594, 0.9140725191682577, -0.9187408611178398, -0.1060163788497448, -0.07410808745771646, d=T:ry=2.363
n:0.4163446892052889, -0.7659760001115501, 0.04085390456020832, -0.8426512815058231, -0.5034053279086947, -0.08087775576859713, d=T:ry=0.99
n:0.4318055431358516, 0.8560936232097447, 0.8656377755105495, -0.4004013300873339, -0.8552811839617789, -0.7275380282662809, d=@:p=0.969
n:0.4391315411776304, -0.9869484691880643, -0.948967486154288, -0.8025402431376278, 0.7419501007534564, -0.6642779349349439, d=@:p=0.763
c:-0.971, -0.591, -0.26402538269758224, -0.817, 0.11755119869485497, -0.8849945333786309, 3.726
c:-0.7435961081646383, -0.8522691801190376, -0.7936024302616715, 0.06375897116959095, 0.9709768178872764, -0.38701370218768716, -5.666
",0.004427855659335251,"//H
3
j:x1=0.236, 0.056, y1=0.016, fr=0.589, rotstif=0.887, l=1.192
j:-0.484, -0.2754315687343478, 0.5367494928650558, 0.19809298729524016, -0.9219041368924081, 0.6480280407704413, fr=1.998
j:0.9952302942983806, 0.2822707360610366, -0.674, 0.05028228322044015, -0.18298749951645732, -0.9189932788722217, fr=0.061, rotstif=0.913, l=0.862
j:-0.9551832447759807, 0.6240110346116126, 0.7934559336863458, 0.8033395409584045, 0.7298841364681721, 0.6905053132213652, rotstif=0.922, l=0.892
j:0.1566816857084632, 0.038293737918138504, 0.898905529640615, 0.4589673411101103, -0.4194320309907198, -0.17830685572698712, fr=1.136
j:-0.35044325701892376, 0.3144486811943352, -0.2915359465405345, -0.77429040055722, 0.6053830808959901, -0.651209975592792, fr=0.192, l=0.849
j:-0.7635053456760943, 0.17548533715307713, 0.5616385000757873, -0.7752646235749125, 0.6479587121866643, -0.9765606494620442, fr=0.152, l=1.218
j:-0.5167451584711671, 0.03792934399098158, 0.6070055356249213, -0.9712722371332347, 0.19098481675609946, -0.4591257073916495, fr=0.905, l=0.966
j:-0.7095818971283734, -0.43440802907571197, 0.6751327295787632, 0.5524589545093477, -0.6376645741984248, 0.9143388289958239, l=1.413
n:0.41909112269058824, -0.333, 0.2499357871711254, 0.06684813648462296, -0.7928724931553006, -0.14895668718963861, d=N:in=0.0
n:-0.8852930250577629, -0.9658983373083174, -0.5856141750700772, -0.9707079282961786, -0.39251838484779, 0.23717506183311343, d=S
n:0.12138806749135256, -0.8558362713083625, -0.30874029314145446, 0.9320059292949736, -0.9208812578581274, -0.16646586172282696, d=@:p=0.967
n:-0.4501496101729572, -0.9460830772295594, 0.9140725191682577, -0.9187408611178398, -0.1060163788497448, -0.07410808745771646, d=T:ry=2.363
n:0.4163446892052889, -0.7659760001115501, 0.04085390456020832, -0.8426512815058231, -0.5034053279086947, -0.08087775576859713, d=T:ry=0.99
n:0.4318055431358516, 0.8560936232097447, 0.8656377755105495, -0.4004013300873339, -0.8552811839617789, -0.7275380282662809, d=@:p=0.969
n:0.4391315411776304, -0.9869484691880643, -0.948967486154288, -0.8025402431376278, 0.7419501007534564, -0.6642779349349439, d=@:p=0.763
n:-0.9403001344762743, -0.5433728513307869, -0.9960853992961347, 0.3658983139321208, -0.7982736034318805, -0.2919762562960386, d=*
c:-0.971, -0.591, -0.26402538269758224, -0.817, 0.11755119869485497, -0.8849945333786309, 3.726
c:-0.7435961081646383, -0.8522691801190376, -0.7936024302616715, 0.06375897116959095, 0.9709768178872764, -0.38701370218768716, -5.666
",0.004427855659335251,feasible,21
11,H,2,"//H
3
j:x1=0.236, 0.056, y1=0.016, fr=0.589, rotstif=0.887, l=1.192
j:-0.484, -0.2754315687343478, 0.5367494928650558, 0.19809298729524016, -0.9219041368924081, 0.6480280407704413, fr=1.998
j:0.9952302942983806, 0.2822707360610366, -0.674, 0.05028228322044015, -0.18298749951645732, -0.9189932788722217, fr=0.061, rotstif=0.913, l=0.862
j:-0.9551832447759807, 0.6240110346116126, 0.7934559336863458, 0.8033395409584045, 0.7298841364681721, 0.6905053132213652, rotstif=0.922, l=0.892
j:0.1566816857084632, 0.038293737918138504, 0.898905529640615, 0.4589673411101103, -0.4194320309907198, -0.17830685572698712, fr=1.136
j:-0.35044325701892376, 0.3144486811943352, -0.2915359465405345, -0.77429040055722, 0.6053830808959901, -0.651209975592792, fr=0.192, l=0.849
j:-0.7635053456760943, 0.17548533715307713, 0.5616385000757873, -0.7752646235749125, 0.6479587121866643, -0.9765606494620442, fr=0.152, l=1.218
j:-0.5167451584711671, 0.03792934399098158, 0.6070055356249213, -0.9712722371332347, 0.19098481675609946, -0.4591257073916495, fr=0.905, l=0.966
j:-0.7095818971283734, -0.43440802907571197, 0.6751327295787632, 0.5524589545093477, -0.6376645741984248, 0.9143388289958239, l=1.413
n:0.41909112269058824, -0.333, 0.2499357871711254, 0.06684813648462296, -0.7928724931553006, -0.14895668718963861, d=N:in=0.0
n:-0.8852930250577629, -0.9658983373083174, -0.5856141750700772, -0.9707079282961786, -0.39251838484779, 0.23717506183311343, d=S
n:0.12138806749135256, -0.8558362713083625, -0.30874029314145446, 0.9320059292949736, -0.9208812578581274, -0.16646586172282696, d=@:p=0.967
n:-0.4501496101729572, -0.9460830772295594, 0.9140725191682577, -0.9187408611178398, -0.1060163788497448, -0.07410808745771646, d=T:ry=2.363
n:0.4163446892052889, -0.7659760001115501, 0.04085390456020832, -0.8426512815058231, -0.5034053279086947, -0.08087775576859713, d=T:ry=0.99
n:0.4318055431358516, 0.8560936232097447, 0.8656377755105495, -0.4004013300873339, -0.8552811839617789, -0.7275380282662809, d=@:p=0.969
n:0.4391315411776304, -0.9869484691880643, -0.948967486154288, -0.8025402431376278, 0.7419501007534564, -0.6642779349349439, d=@:p=0.763
c:-0.971, -0.591, -0.26402538269758224, -0.817, 0.11755119869485497, -0.8849945333786309, 3.726
c:-0.7435961081646383, -0.8522691801190376, -0.7936024302616715, 0.06375897116959095, 0.9709768178872764, -0.38701370218768716, -5.666
",0.004427855659335251,"//H
3
j:x1=0.236, 0.056, y1=0.016, fr=0.589, rotstif=0.887, l=1.192
j:-0.484, -0.2754315687343478, 0.5367494928650558, 0.19809298729524016, -0.9219041368924081, 0.6480280407704413, fr=1.998
j:0.9952302942983806, 0.2822707360610366, -0.674, 0.05028228322044015, -0.18298749951645732, -0.9189932788722217, fr=0.061, rotstif=0.913, l=0.862
j:-0.9551832447759807, 0.6240110346116126, 0.7934559336863458, 0.8033395409584045, 0.7298841364681721, 0.6905053132213652, rotstif=0.922, l=0.892
j:0.1566816857084632, 0.038293737918138504, 0.898905529640615, 0.4589673411101103, -0.4194320309907198, -0.17830685572698712, fr=1.136
j:-0.35044325701892376, 0.3144486811943352, -0.2915359465405345, -0.77429040055722, 0.6053830808959901, -0.651209975592792, fr=0.192, l=0.849
j:-0.7635053456760943, 0.17548533715307713, 0.5616385000757873, -0.7752646235749125, 0.6479587121866643, -0.9765606494620442, fr=0.152, l=1.218
j:-0.5167451584711671, 0.03792934399098158, 0.6070055356249213, -0.9712722371332347, 0.19098481675609946, -0.4591257073916495, fr=0.905, l=0.966
j:-0.7095818971283734, -0.43440802907571197, 0.6751327295787632, 0.5524589545093477, -0.6376645741984248, 0.9143388289958239, l=1.413
n:0.41909112269058824, -0.333, 0.2499357871711254, 0.06684813648462296, -0.7928724931553006, -0.14895668718963861, d=N:in=0.0
n:-0.8852930250577629, -0.9658983373083174, -0.5856141750700772, -0.9707079282961786, -0.39251838484779, 0.23717506183311343, d=S
n:0.12138806749135256, -0.8558362713083625, -0.30874029314145446, 0.9320059292949736, -0.9208812578581274, -0.16646586172282696, d=@:p=0.967
n:-0.4501496101729572, -0.9460830772295594, 0.9140725191682577, -0.9187408611178398, -0.1060163788497448, -0.07410808745771646, d=T:ry=2.363
n:0.4163446892052889, -0.7659760001115501, 0.04085390456020832, -0.8426512815058231, -0.5034053279086947, -0.08087775576859713, d=T:ry=0.99
n:0.4318055431358516, 0.8560936232097447, 0.8656377755105495, -0.4004013300873339, -0.8552811839617789, -0.7275380282662809, d=@:p=0.969
c:-0.971, -0.591, -0.26402538269758224, -0.817, 0.11755119869485497, -0.8849945333786309, 3.726
c:-0.7435961081646383, -0.8522691801190376, -0.7936024302616715, 0.06375897116959095, 0.9709768178872764, -0.38701370218768716, -5.666
",0.0034437794317723537,feasible,21
11,H,2,"//H
3
j:x1=0.236, 0.056, y1=0.016, fr=0.589, rotstif=0.887, l=1.192
j:-0.484, -0.2754315687343478, 0.5367494928650558, 0.19809298729524016, -0.9219041368924081, 0.6480280407704413, fr=1.998
j:0.9952302942983806, 0.2822707360610366, -0.674, 0.05028228322044015, -0.18298749951645732, -0.9189932788722217, fr=0.061, rotstif=0.913, l=0.862
j:-0.9551832447759807, 0.6240110346116126, 0.7934559336863458, 0.8033395409584045, 0.7298841364681721, 0.6905053132213652, rotstif=0.922, l=0.892
j:0.1566816857084632, 0.038293737918138504, 0.898905529640615, 0.4589673411101103, -0.4194320309907198, -0.17830685572698712, fr=1.136
j:-0.35044325701892376, 0.3144486811943352, -0.2915359465405345, -0.77429040055722, 0.6053830808959901, -0.651209975592792, fr=0.192, l=0.849
j:-0.7635053456760943, 0.17548533715307713, 0.5616385000757873, -0.7752646235749125, 0.6479587121866643, -0.9765606494620442, fr=0.152, l=1.218
j:-0.5167451584711671, 0.03792934399098158, 0.6070055356249213, -0.9712722371332347, 0.19098481675609946, -0.4591257073916495, fr=0.905, l=0.966
j:-0.7095818971283734, -0.43440802907571197, 0.6751327295787632, 0.5524589545093477, -0.6376645741984248, 0.9143388289958239, l=1.413
n:0.41909112269058824, -0.333, 0.2499357871711254, 0.06684813648462296, -0.7928724931553006, -0.14895668718963861, d=N:in=0.0
n:-0.8852930250577629, -0.9658983373083174, -0.5856141750700772, -0.9707079282961786, -0.39251838484779, 0.23717506183311343, d=S
n:0.12138806749135256, -0.8558362713083625, -0.30874029314145446, 0.9320059292949736, -0.9208812578581274, -0.16646586172282696, d=@:p=0.967
n:-0.4501496101729572, -0.9460830772295594, 0.9140725191682577, -0.9187408611178398, -0.1060163788497448, -0.07410808745771646, d=T:ry=2.363
n:0.4163446892052889, -0.7659760001115501, 0.04085390456020832, -0.8426512815058231, -0.5034053279086947, -0.08087775576859713, d=T:ry=0.99
n:0.4318055431358516, 0.8560936232097447, 0.8656377755105495, -0.4004013300873339, -0.8552811839617789, -0.7275380282662809, d=@:p=0.969
n:0.4391315411776304, -0.9869484691880643, -0.948967486154288, -0.8025402431376278, 0.7419501007534564, -0.6642779349349439, d=@:p=0.763
c:-0.971, -0.591, -0.26402538269758224, -0.817, 0.11755119869485497, -0.8849945333786309, 3.726
c:-0.7435961081646383, -0.8522691801190376, -0.7936024302616715, 0.06375897116959095, 0.9709768178872764, -0.38701370218768716, -5.666
",0.004427855659335251,"//H
3
j:x1=0.236, 0.056, y1=0.016, fr=0.589, rotstif=0.887, l=1.192
j:-0.484, -0.2754315687343478, 0.5367494928650558, 0.19809298729524016, -0.9219041368924081, 0.6480280407704413, fr=1.998
j:0.9952302942983806, 0.2822707360610366, -0.674, 0.05028228322044015, -0.18298749951645732, -0.9189932788722217, fr=0.061, rotstif=0.913, l=0.862
j:-0.9551832447759807, 0.6240110346116126, 0.7934559336863458, 0.8033395409584045, 0.7298841364681721, 0.6905053132213652, rotstif=0.922, l=0.892
j:0.1566816857084632, 0.038293737918138504, 0.898905529640615, 0.4589673411101103, -0.4194320309907198, -0.17830685572698712, fr=1.136
j:-0.35044325701892376, 0.3144486811943352, -0.2915359465405345, -0.77429040055722, 0.6053830808959901, -0.651209975592792, fr=0.192, l=0.849
j:-0.7635053456760943, 0.17548533715307713, 0.5616385000757873, -0.7752646235749125, 0.6479587121866643, -0.9765606494620442, fr=0.152, l=1.218
j:-0.5167451584711671, 0.03792934399098158, 0.6070055356249213, -0.9712722371332347, 0.19098481675609946, -0.4591257073916495, fr=0.905, l=0.966
j:-0.7095818971283734, -0.43440802907571197, 0.6751327295787632, 0.5524589545093477, -0.6376645741984248, 0.9143388289958239, l=1.413
j:0.4846871313638985, -0.8365917657501996, 0.20539903501048684, -0.6748045738786459, 0.5670879371464252, 0.1893768711015582, rotstif=0.937
n:0.41909112269058824, -0.333, 0.2499357871711254, 0.06684813648462296, -0.7928724931553006, -0.14895668718963861, d=N:in=0.0
n:-0.8852930250577629, -0.9658983373083174, -0.5856141750700772, -0.9707079282961786, -0.39251838484779, 0.23717506183311343, d=S
n:0.12138806749135256, -0.8558362713083625, -0.30874029314145446, 0.9320059292949736, -0.9208812578581274, -0.16646586172282696, d=@:p=0.967
n:-0.4501496101729572, -0.9460830772295594, 0.9140725191682577, -0.9187408611178398, -0.1060163788497448, -0.07410808745771646, d=T:ry=2.363
n:0.4163446892052889, -0.7659760001115501, 0.04085390456020832, -0.8426512815058231, -0.5034053279086947, -0.08087775576859713, d=T:ry=0.99
n:0.4318055431358516, 0.8560936232097447, 0.8656377755105495, -0.4004013300873339, -0.8552811839617789, -0.7275380282662809, d=@:p=0.969
n:0.4391315411776304, -0.9869484691880643, -0.948967486154288, -0.8025402431376278, 0.7419501007534564, -0.6642779349349439, d=@:p=0.763
c:-0.971, -0.591, -0.26402538269758224, -0.817, 0.11755119869485497, -0.8849945333786309, 3.726
c:-0.7435961081646383, -0.8522691801190376, -0.7936024302616715, 0.06375897116959095, 0.9709768178872764, -0.38701370218768716, -5.666
",1.8492228110753097e-05,feasible,21
11,H,2,"//H
3
j:x1=0.236, 0.056, y1=0.016, fr=0.589, rotstif=0.887, l=1.192
j:-0.484, -0.2754315687343478, 0.5367494928650558, 0.19809298729524016, -0.9219041368924081, 0.6480280407704413, fr=1.998
j:0.9952302942983806, 0.2822707360610366, -0.674, 0.05028228322044015, -0.18298749951645732, -0.9189932788722217, fr=0.061, rotstif=0.913, l=0.862
j:-0.9551832447759807, 0.6240110346116126, 0.7934559336863458, 0.8033395409584045, 0.7298841364681721, 0.6905053132213652, rotstif=0.922, l=0.892
j:0.1566816857084632, 0.038293737918138504, 0.898905529640615, 0.4589673411101103, -0.4194320309907198, -0.17830685572698712, fr=1.136
j:-0.35044325701892376, 0.3144486811943352, -0.2915359465405345, -0.77429040055722, 0.6053830808959901, -0.651209975592792, fr=0.192, l=0.849
j:-0.7635053456760943, 0.17548533715307713, 0.5616385000757873, -0.7752646235749125, 0.6479587121866643, -0.9765606494620442, fr=0.152, l=1.218
j:-0.5167451584711671, 0.03792934399098158, 0.6070055356249213, -0.9712722371332347, 0.19098481675609946, -0.4591257073916495, fr=0.905, l=0.966
j:-0.7095818971283734, -0.43440802907571197, 0.6751327295787632, 0.5524589545093477, -0.6376645741984248, 0.9143388289958239, l=1.413
n:0.41909112269058824, -0.333, 0.2499357871711254, 0.06684813648462296, -0.7928724931553006, -0.14895668718963861, d=N:in=0.0
n:-0.8852930250577629, -0.9658983373083174, -0.5856141750700772, -0.9707079282961786, -0.39251838484779, 0.23717506183311343, d=S
n:0.12138806749135256, -0.8558362713083625, -0.30874029314145446, 0.9320059292949736, -0.9208812578581274, -0.16646586172282696, d=@:p=0.967
n:-0.4501496101729572, -0.9460830772295594, 0.9140725191682577, -0.9187408611178398, -0.1060163788497448, -0.07410808745771646, d=T:ry=2.363
n:0.4163446892052889, -0.7659760001115501, 0.04085390456020832, -0.8426512815058231, -0.5034053279086947, -0.08087775576859713, d=T:ry=0.99
n:0.4318055431358516, 0.8560936232097447, 0.8656377755105495, -0.4004013300873339, -0.8552811839617789, -0.7275380282662809, d=@:p=0.969
n:0.4391315411776304, -0.9869484691880643, -0.948967486154288, -0.8025402431376278, 0.7419501007534564, -0.6642779349349439, d=@:p=0.763
c:-0.971, -0.591, -0.26402538269758224, -0.817, 0.11755119869485497, -0.8849945333786309, 3.726
c:-0.7435961081646383, -0.8522691801190376, -0.7936024302616715, 0.06375897116959095, 0.9709768178872764, -0.38701370218768716, -5.666
",0.004427855659335251,"//H
3
j:x1=0.236, 0.056, y1=0.016, fr=0.589, rotstif=0.887, l=1.192
j:-0.484, -0.2754315687343478, 0.5367494928650558, 0.19809298729524016, -0.9219041368924081, 0.6480280407704413, fr=1.998
j:0.9952302942983806, 0.2822707360610366, -0.674, 0.05028228322044015, -0.18298749951645732, -0.9189932788722217, fr=0.061, rotstif=0.913, l=0.862
j:-0.9551832447759807, 0.6240110346116126, 0.7934559336863458, 0.8033395409584045, 0.7298841364681721, 0.6905053132213652, rotstif=0.922, l=0.892
j:0.1566816857084632, 0.038293737918138504, 0.898905529640615, 0.4589673411101103, -0.4194320309907198, -0.17830685572698712, fr=1.136
j:-0.35044325701892376, 0.3144486811943352, -0.2915359465405345, -0.77429040055722, 0.6053830808959901, -0.651209975592792, fr=0.192, l=0.849
j:-0.7635053456760943, 0.17548533715307713, 0.5616385000757873, -0.7752646235749125, 0.6479587121866643, -0.9765606494620442, fr=0.152, l=1.218
j:-0.5167451584711671, 0.03792934399098158, 0.6070055356249213, -0.9712722371332347, 0.19098481675609946, -0.4591257073916495, fr=0.905, l=0.966
j:-0.7095818971283734, -0.43440802907571197, 0.6751327295787632, 0.5524589545093477, -0.6376645741984248, 0.9143388289958239, l=1.413
n:0.41909112269058824, -0.333, 0.2499357871711254, 0.06684813648462296, -0.7928724931553006, -0.14895668718963861, d=N:in=0.0
n:-0.8852930250577629, -0.9658983373083174, -0.5856141750700772, -0.9707079282961786, -0.39251838484779, 0.23717506183311343, d=S
n:0.12138806749135256, -0.8558362713083625, -0.30874029314145446, 0.9320059292949736, -0.9208812578581274, -0.16646586172282696, d=@:p=0.967
n:-0.4501496101729572, -0.9460830772295594, 0.9140725191682577, -0.9187408611178398, -0.1060163788497448, -0.07410808745771646, d=T:ry=2.363
n:0.4163446892052889, -0.7659760001115501, 0.04085390456020832, -0.8426512815058231, -0.5034053279086947, -0.08087775576859713, d=T:ry=0.99
n:0.4318055431358516, 0.8560936232097447, 0.8656377755105495, -0.4004013300873339, -0.8552811839617789, -0.7275380282662809, d=@:p=0.969
n:0.4391315411776304, -0.9869484691880643, -0.948967486154288, -0.8025402431376278, 0.7419501007534564, -0.6642779349349439, d=@:p=0.763
c:-0.971, -0.591, -0.26402538269758224, -0.817, 0.11755119869485497, -0.8849945333786309, 3.726
c:-0.7435961081646383, -0.8522691801190376, -0.7936024302616715, 0.06375897116959095, 0.9709768178872764, -0.38701370218768716, -5.666
c:0.5861192750744522, 0.7805907311849296, -0.9867912204936147, 0.29547291016206145, 0.6953528579324484, 0.2942216652445495, 0.459
",0.004427855659335251,feasible,21
11,H,2,"//H
3
j:x1=0.236, 0.056, y1=0.016, fr=0.589, rotstif=0.887, l=1.192
j:-0.484, -0.2754315687343478, 0.5367494928650558, 0.19809298729524016, -0.9219041368924081, 0.6480280407704413, fr=1.998
j:0.9952302942983806, 0.2822707360610366, -0.674, 0.05028228322044015, -0.18298749951645732, -0.9189932788722217, fr=0.061, rotstif=0.913, l=0.862
j:-0.9551832447759807, 0.6240110346116126, 0.7934559336863458, 0.8033395409584045, 0.7298841364681721, 0.6905053132213652, rotstif=0.922, l=0.892
j:0.1566816857084632, 0.038293737918138504, 0.898905529640615, 0.4589673411101103, -0.4194320309907198, -0.17830685572698712, fr=1.136
j:-0.35044325701892376, 0.3144486811943352, -0.2915359465405345, -0.77429040055722, 0.6053830808959901, -0.651209975592792, fr=0.192, l=0.849
j:-0.7635053456760943, 0.17548533715307713, 0.5616385000757873, -0.7752646235749125, 0.6479587121866643, -0.9765606494620442, fr=0.152, l=1.218
j:-0.5167451584711671, 0.03792934399098158, 0.6070055356249213, -0.9712722371332347, 0.19098481675609946, -0.4591257073916495, fr=0.905, l=0.966
j:-0.7095818971283734, -0.43440802907571197, 0.6751327295787632, 0.5524589545093477, -0.6376645741984248, 0.9143388289958239, l=1.413
n:0.41909112269058824, -0.333, 0.2499357871711254, 0.06684813648462296, -0.7928724931553006, -0.14895668718963861, d=N:in=0.0
n:-0.8852930250577629, -0.9658983373083174, -0.5856141750700772, -0.9707079282961786, -0.39251838484779, 0.23717506183311343, d=S
n:0.12138806749135256, -0.8558362713083625, -0.30874029314145446, 0.9320059292949736, -0.9208812578581274, -0.16646586172282696, d=@:p=0.967
n:-0.4501496101729572, -0.9460830772295594, 0.9140725191682577, -0.9187408611178398, -0.1060163788497448, -0.07410808745771646, d=T:ry=2.363
n:0.4163446892052889, -0.7659760001115501, 0.04085390456020832, -0.8426512815058231, -0.5034053279086947, -0.08087775576859713, d=T:ry=0.99
n:0.4318055431358516, 0.8560936232097447, 0.8656377755105495, -0.4004013300873339, -0.8552811839617789, -0.7275380282662809, d=@:p=0.969
n:0.4391315411776304, -0.9869484691880643, -0.948967486154288, -0.8025402431376278, 0.7419501007534564, -0.6642779349349439, d=@:p=0.763
c:-0.971, -0.591, -0.26402538269758224, -0.817, 0.11755119869485497, -0.8849945333786309, 3.726
c:-0.7435961081646383, -0.8522691801190376, -0.7936024302616715, 0.06375897116959095, 0.9709768178872764, -0.38701370218768716, -5.666
",0.004427855659335251,"//H
3
j:x1=0.236, 0.056, y1=0.016, fr=0.589, rotstif=0.887, l=1.192
j:-0.484, -0.2754315687343478, 0.5367494928650558, 0.19809298729524016, -0.9219041368924081, 0.6480280407704413, fr=1.998
j:0.9952302942983806, 0.2822707360610366, -0.674, 0.05028228322044015, -0.18298749951645732, -0.9189932788722217, fr=0.061, rotstif=0.913, l=0.862
j:-0.9551832447759807, 0.6240110346116126, 0.7934559336863458, 0.8033395409584045, 0.7298841364681721, 0.6905053132213652, rotstif=0.922, l=0.892
j:0.1566816857084632, 0.038293737918138504, 0.898905529640615, 0.4589673411101103, -0.4194320309907198, -0.17830685572698712, fr=1.136
j:-0.35044325701892376, 0.3144486811943352, -0.2915359465405345, -0.77429040055722, 0.6053830808959901, -0.651209975592792, fr=0.192, l=0.849
j:-0.7635053456760943, 0.17548533715307713, 0.5616385000757873, -0.7752646235749125, 0.6479587121866643, -0.9765606494620442, fr=0.152, l=1.218
j:-0.5167451584711671, 0.03792934399098158, 0.6070055356249213, -0.9712722371332347, 0.19098481675609946, -0.4591257073916495, fr=0.905, l=0.966
j:-0.7095818971283734, -0.43440802907571197, 0.6751327295787632, 0.5524589545093477, -0.6376645741984248, 0.9143388289958239, l=1.413
j:-0.655710646416992, 0.2625954323448241, -0.5617082165554166, 0.9856957858428359, 0.3967281957156956, 0.11505040526390076, rotstif=0.994
n:0.41909112269058824, -0.333, 0.2499357871711254, 0.06684813648462296, -0.7928724931553006, -0.14895668718963861, d=N:in=0.0
n:-0.8852930250577629, -0.9658983373083174, -0.5856141750700772, -0.9707079282961786, -0.39251838484779, 0.23717506183311343, d=S
n:0.12138806749135256, -0.8558362713083625, -0.30874029314145446, 0.9320059292949736, -0.9208812578581274, -0.16646586172282696, d=@:p=0.967
n:-0.4501496101729572, -0.9460830772295594, 0.9140725191682577, -0.9187408611178398, -0.1060163788497448, -0.07410808745771646, d=T:ry=2.363
n:0.4163446892052889, -0.7659760001115501, 0.04085390456020832, -0.8426512815058231, -0.5034053279086947, -0.08087775576859713, d=T:ry=0.99
n:0.4318055431358516, 0.8560936232097447, 0.8656377755105495, -0.4004013300873339, -0.8552811839617789, -0.7275380282662809, d=@:p=0.969
n:0.4391315411776304, -0.9869484691880643, -0.948967486154288, -0.8025402431376278, 0.7419501007534564, -0.6642779349349439, d=@:p=0.763
c:-0.971, -0.591, -0.26402538269758224, -0.817, 0.11755119869485497, -0.8849945333786309, 3.726
c:-0.7435961081646383, -0.8522691801190376, -0.7936024302616715, 0.06375897116959095, 0.9709768178872764, -0.38701370218768716, -5.666
",0.00024917704233378015,feasible,21
11,H,2,"//H
3
j:x1=0.236, 0.056, y1=0.016, fr=0.589, rotstif=0.887, l=1.192
j:-0.484, -0.2754315687343478, 0.5367494928650558, 0.19809298729524016, -0.9219041368924081, 0.6480280407704413, fr=1.998
j:0.9952302942983806, 0.2822707360610366, -0.674, 0.05028228322044015, -0.18298749951645732, -0.9189932788722217, fr=0.061, rotstif=0.913, l=0.862
j:-0.9551832447759807, 0.6240110346116126, 0.7934559336863458, 0.8033395409584045, 0.7298841364681721, 0.6905053132213652, rotstif=0.922, l=0.892
j:0.1566816857084632, 0.038293737918138504, 0.898905529640615, 0.4589673411101103, -0.4194320309907198, -0.17830685572698712, fr=1.136
j:-0.35044325701892376, 0.3144486811943352, -0.2915359465405345, -0.77429040055722, 0.6053830808959901, -0.651209975592792, fr=0.192, l=0.849
j:-0.7635053456760943, 0.17548533715307713, 0.5616385000757873, -0.7752646235749125, 0.6479587121866643, -0.9765606494620442, fr=0.152, l=1.218
j:-0.5167451584711671, 0.03792934399098158, 0.6070055356249213, -0.9712722371332347, 0.19098481675609946, -0.4591257073916495, fr=0.905, l=0.966
j:-0.7095818971283734, -0.43440802907571197, 0.6751327295787632, 0.5524589545093477, -0.6376645741984248, 0.9143388289958239, l=1.413
n:0.41909112269058824, -0.333, 0.2499357871711254, 0.06684813648462296, -0.7928724931553006, -0.14895668718963861, d=N:in=0.0
n:-0.8852930250577629, -0.9658983373083174, -0.5856141750700772, -0.9707079282961786, -0.39251838484779, 0.23717506183311343, d=S
n:0.12138806749135256, -0.8558362713083625, -0.30874029314145446, 0.9320059292949736, -0.9208812578581274, -0.16646586172282696, d=@:p=0.967
n:-0.4501496101729572, -0.9460830772295594, 0.9140725191682577, -0.9187408611178398, -0.1060163788497448, -0.07410808745771646, d=T:ry=2.363
n:0.4163446892052889, -0.7659760001115501, 0.04085390456020832, -0.8426512815058231, -0.5034053279086947, -0.08087775576859713, d=T:ry=0.99
n:0.4318055431358516, 0.8560936232097447, 0.8656377755105495, -0.4004013300873339, -0.8552811839617789, -0.7275380282662809, d=@:p=0.969
n:0.4391315411776304, -0.9869484691880643, -0.948967486154288, -0.8025402431376278, 0.7419501007534564, -0.6642779349349439, d=@:p=0.763
c:-0.971, -0.591, -0.26402538269758224, -0.817, 0.11755119869485497, -0.8849945333786309, 3.726
c:-0.7435961081646383, -0.8522691801190376, -0.7936024302616715, 0.06375897116959095, 0.9709768178872764, -0.38701370218768716, -5.666
",0.004427855659335251,"//H
3
j:x1=0.236, 0.056, y1=0.016, fr=0.589, rotstif=0.887, l=1.192
j:-0.218, -0.2754315687343478, 0.5367494928650558, 0.19809298729524016, -0.9219041368924081, 0.6480280407704413, fr=1.998
j:0.9952302942983806, 0.2822707360610366, -0.674, 0.05028228322044015, -0.18298749951645732, -0.9189932788722217, fr=0.061, rotstif=0.913, l=0.862
j:-0.9551832447759807, 0.6240110346116126, 0.7934559336863458, 0.8033395409584045, 0.7298841364681721, 0.6905053132213652, rotstif=0.922, l=0.892
j:0.1566816857084632, 0.038293737918138504, 0.898905529640615, 0.4589673411101103, -0.4194320309907198, -0.17830685572698712, fr=1.136
j:-0.35044325701892376, 0.3144486811943352, -0.2915359465405345, -0.77429040055722, 0.6053830808959901, -0.651209975592792, fr=0.192, l=0.849
j:-0.7635053456760943, 0.17548533715307713, 0.5616385000757873, -0.7752646235749125, 0.6479587121866643, -0.9765606494620442, fr=0.152, l=1.218
j:-0.5167451584711671, 0.03792934399098158, 0.6070055356249213, -0.9712722371332347, 0.19098481675609946, -0.4591257073916495, fr=0.905, l=0.966
j:-0.7095818971283734, -0.43440802907571197, 0.6751327295787632, 0.5524589545093477, -0.6376645741984248, 0.9143388289958239, l=1.413
n:0.41909112269058824, -0.333, 0.2499357871711254, 0.06684813648462296, -0.7928724931553006, -0.14895668718963861, d=N:in=0.0
n:-0.8852930250577629, -0.9658983373083174, -0.5856141750700772, -0.9707079282961786, -0.39251838484779, 0.23717506183311343, d=S
n:0.12138806749135256, -0.8558362713083625, -0.30874029314145446, 0.9320059292949736, -0.9208812578581274, -0.16646586172282696, d=@:p=0.967
n:-0.4501496101729572, -0.9460830772295594, 0.9140725191682577, -0.9187408611178398, -0.1060163788497448, -0.07410808745771646, d=T:ry=2.363
n:0.4163446892052889, -0.7659760001115501, 0.04085390456020832, -0.8426512815058231, -0.5034053279086947, -0.08087775576859713, d=T:ry=0.99
n:0.4318055431358516, 0.8560936232097447, 0.8656377755105495, -0.4004013300873339, -0.8552811839617789, -0.7275380282662809, d=@:p=0.969
n:0.4391315411776304, -0.9869484691880643, -0.948967486154288, -0.8025402431376278, 0.7419501007534564, -0.6642779349349439, d=@:p=0.763
c:-0.971, -0.591, -0.26402538269758224, -0.817, 0.11755119869485497, -0.8849945333786309, 3.726
c:-0.7435961081646383, -0.8522691801190376, -0.7936024302616715, 0.06375897116959095, 0.9709768178872764, -0.38701370218768716, -5.666
",0.004427855659335251,feasible,21
11,H,2,"//H
3
j:x1=0.236, 0.056, y1=0.016, fr=0.589, rotstif=0.887, l=1.192
j:-0.484, -0.2754315687343478, 0.5367494928650558, 0.19809298729524016, -0.9219041368924081, 0.6480280407704413, fr=1.998
j:0.9952302942983806, 0.2822707360610366, -0.674, 0.05028228322044015, -0.18298749951645732, -0.9189932788722217, fr=0.061, rotstif=0.913, l=0.862
j:-0.9551832447759807, 0.6240110346116126, 0.7934559336863458, 0.8033395409584045, 0.7298841364681721, 0.6905053132213652, rotstif=0.922, l=0.892
j:0.1566816857084632, 0.038293737918138504, 0.898905529640615, 0.4589673411101103, -0.4194320309907198, -0.17830685572698712, fr=1.136
j:-0.35044325701892376, 0.3144486811943352, -0.2915359465405345, -0.77429040055722, 0.6053830808959901, -0.651209975592792, fr=0.192, l=0.849
j:-0.7635053456760943, 0.17548533715307713, 0.5616385000757873, -0.7752646235749125, 0.6479587121866643, -0.9765606494620442, fr=0.152, l=1.218
j:-0.5167451584711671, 0.03792934399098158, 0.6070055356249213, -0.9712722371332347, 0.19098481675609946, -0.4591257073916495, fr=0.905, l=0.966
j:-0.7095818971283734, -0.43440802907571197, 0.6751327295787632, 0.5524589545093477, -0.6376645741984248, 0.9143388289958239, l=1.413
n:0.41909112269058824, -0.333, 0.2499357871711254, 0.06684813648462296, -0.7928724931553006, -0.14895668718963861, d=N:in=0.0
n:-0.8852930250577629, -0.9658983373083174, -0.5856141750700772, -0.9707079282961786, -0.39251838484779, 0.23717506183311343, d=S
n:0.12138806749135256, -0.8558362713083625, -0.30874029314145446, 0.9320059292949736, -0.9208812578581274, -0.16646586172282696, d=@:p=0.967
n:-0.4501496101729572, -0.9460830772295594, 0.9140725191682577, -0.9187408611178398, -0.1060163788497448, -0.07410808745771646, d=T:ry=2.363
n:0.4163446892052889, -0.7659760001115501, 0.04085390456020832, -0.8426512815058231, -0.5034053279086947, -0.08087775576859713, d=T:ry=0.99
n:0.4318055431358516, 0.8560936232097447, 0.8656377755105495, -0.4004013300873339, -0.8552811839617789, -0.7275380282662809, d=@:p=0.969
n:0.4391315411776304, -0.9869484691880643, -0.948967486154288, -0.8025402431376278, 0.7419501007534564, -0.6642779349349439, d=@:p=0.763
c:-0.971, -0.591, -0.26402538269758224, -0.817, 0.11755119869485497, -0.8849945333786309, 3.726
c:-0.7435961081646383, -0.8522691801190376, -0.7936024302616715, 0.06375897116959095, 0.9709768178872764, -0.38701370218768716, -5.666
",0.004427855659335251,"//H
3
j:x1=0.236, 0.056, y1=0.016, fr=0.589, rotstif=0.887, l=1.192
j:-0.484, -0.2754315687343478, 0.5367494928650558, 0.19809298729524016, -0.9219041368924081, 0.6480280407704413, fr=1.998
j:0.9952302942983806, 0.2822707360610366, -0.674, 0.05028228322044015, -0.18298749951645732, -0.9189932788722217, fr=0.061, rotstif=0.913, l=0.862
j:-0.9551832447759807, 0.6240110346116126, 0.7934559336863458, 0.8033395409584045, 0.7298841364681721, 0.6905053132213652, rotstif=0.922, l=0.892
j:0.1566816857084632, 0.038293737918138504, 0.898905529640615, 0.4589673411101103, -0.4194320309907198, -0.17830685572698712, fr=1.136
j:-0.35044325701892376, 0.3144486811943352, -0.2915359465405345, -0.77429040055722, 0.6053830808959901, -0.651209975592792, fr=0.192, l=0.849
j:-0.7635053456760943, 0.17548533715307713, 0.5616385000757873, -0.7752646235749125, 0.6479587121866643, -0.9765606494620442, fr=0.152, l=1.218
j:-0.5167451584711671, 0.03792934399098158, 0.6070055356249213, -0.9712722371332347, 0.19098481675609946, -0.4591257073916495, fr=0.905, l=0.966
j:-0.7095818971283734, -0.43440802907571197, 0.6751327295787632, 0.5524589545093477, -0.6376645741984248, 0.9143388289958239, l=1.413
n:0.41909112269058824, -0.333, 0.2499357871711254, 0.06684813648462296, -0.7928724931553006, -0.14895668718963861, d=N:in=0.0
n:-0.8852930250577629, -0.9658983373083174, -0.5856141750700772, -0.9707079282961786, -0.39251838484779, 0.23717506183311343, d=S
n:0.12138806749135256, -0.8558362713083625, -0.30874029314145446, 0.9320059292949736, -0.9208812578581274, -0.16646586172282696, d=@:p=0.967
n:-0.4501496101729572, -0.9460830772295594, 0.9140725191682577, -0.9187408611178398, -0.1060163788497448, -0.07410808745771646, d=T:ry=2.363
n:0.4163446892052889, -0.7659760001115501, 0.04085390456020832, -0.8426512815058231, -0.5034053279086947, -0.08087775576859713, d=T:ry=0.99
n:0.4318055431358516, 0.8560936232097447, 0.8656377755105495, -0.4004013300873339, -0.8552811839617789, -0.7275380282662809, d=@:p=0.969
n:0.4391315411776304, -0.9869484691880643, -0.948967486154288, -0.8025402431376278, 0.7419501007534564, -0.6642779349349439, d=@:p=0.763
c:-0.7435961081646383, -0.8522691801190376, -0.7936024302616715, 0.06375897116959095, 0.9709768178872764, -0.38701370218768716, -5.666
",6.918651160636101e-08,feasible,21
11,H,2,"//H
3
j:x1=0.236, 0.056, y1=0.016, fr=0.589, rotstif=0.887, l=1.192
j:-0.484, -0.2754315687343478, 0.5367494928650558, 0.19809298729524016, -0.9219041368924081, 0.6480280407704413, fr=1.998
j:0.9952302942983806, 0.2822707360610366, -0.674, 0.05028228322044015, -0.18298749951645732, -0.9189932788722217, fr=0.061, rotstif=0.913, l=0.862
j:-0.9551832447759807, 0.6240110346116126, 0.7934559336863458, 0.8033395409584045, 0.7298841364681721, 0.6905053132213652, rotstif=0.922, l=0.892
j:0.1566816857084632, 0.038293737918138504, 0.898905529640615, 0.4589673411101103, -0.4194320309907198, -0.17830685572698712, fr=1.136
j:-0.35044325701892376, 0.3144486811943352, -0.2915359465405345, -0.77429040055722, 0.6053830808959901, -0.651209975592792, fr=0.192, l=0.849
j:-0.7635053456760943, 0.17548533715307713, 0.5616385000757873, -0.7752646235749125, 0.6479587121866643, -0.9765606494620442, fr=0.152, l=1.218
j:-0.5167451584711671, 0.03792934399098158, 0.6070055356249213, -0.9712722371332347, 0.19098481675609946, -0.4591257073916495, fr=0.905, l=0.966
j:-0.7095818971283734, -0.43440802907571197, 0.6751327295787632, 0.5524589545093477, -0.6376645741984248, 0.9143388289958239, l=1.413
n:0.41909112269058824, -0.333, 0.2499357871711254, 0.06684813648462296, -0.7928724931553006, -0.14895668718963861, d=N:in=0.0
n:-0.8852930250577629, -0.9658983373083174, -0.5856141750700772, -0.9707079282961786, -0.39251838484779, 0.23717506183311343, d=S
n:0.12138806749135256, -0.8558362713083625, -0.30874029314145446, 0.9320059292949736, -0.9208812578581274, -0.16646586172282696, d=@:p=0.967
n:-0.4501496101729572, -0.9460830772295594, 0.9140725191682577, -0.9187408611178398, -0.1060163788497448, -0.07410808745771646, d=T:ry=2.363
n:0.4163446892052889, -0.7659760001115501, 0.04085390456020832, -0.8426512815058231, -0.5034053279086947, -0.08087775576859713, d=T:ry=0.99
n:0.4318055431358516, 0.8560936232097447, 0.8656377755105495, -0.4004013300873339, -0.8552811839617789, -0.7275380282662809, d=@:p=0.969
n:0.4391315411776304, -0.9869484691880643, -0.948967486154288, -0.8025402431376278, 0.7419501007534564, -0.6642779349349439, d=@:p=0.763
c:-0.971, -0.591, -0.26402538269758224, -0.817, 0.11755119869485497, -0.8849945333786309, 3.726
c:-0.7435961081646383, -0.8522691801190376, -0.7936024302616715, 0.06375897116959095, 0.9709768178872764, -0.38701370218768716, -5.666
",0.004427855659335251,"//H
3
j:x1=0.236, 0.056, y1=0.016, fr=0.589, rotstif=0.887, l=1.192
j:-0.484, -0.2754315687343478, 0.5367494928650558, 0.19809298729524016, -0.9219041368924081, 0.6480280407704413, fr=1.998
j:0.9952302942983806, 0.2822707360610366, -0.674, 0.05028228322044015, -0.18298749951645732, -0.9189932788722217, fr=0.061, rotstif=0.913, l=0.862
j:-0.9551832447759807, 0.6240110346116126, 0.7934559336863458, 0.8033395409584045, 0.7298841364681721, 0.6905053132213652, rotstif=0.922, l=0.892
j:0.1566816857084632, 0.038293737918138504, 0.898905529640615, 0.4589673411101103, -0.4194320309907198, -0.17830685572698712, fr=1.136
j:-0.35044325701892376, 0.3144486811943352, -0.2915359465405345, -0.77429040055722, 0.6053830808959901, -0.651209975592792, fr=0.192, l=0.849
j:-0.7635053456760943, 0.17548533715307713, 0.5616385000757873, -0.7752646235749125, 0.6479587121866643, -0.9765606494620442, fr=0.152, l=1.218
j:-0.5167451584711671, 0.03792934399098158, 0.6070055356249213, -0.9712722371332347, 0.19098481675609946, -0.4591257073916495, fr=0.905, l=0.966
j:-0.7095818971283734, -0.43440802907571197, 0.6751327295787632, 0.5524589545093477, -0.6376645741984248, 0.9143388289958239, l=1.413
n:0.41909112269058824, -0.333, 0.2499357871711254, 0.06684813648462296, -0.7928724931553006, -0.14895668718963861, d=N:in=0.0
n:-0.8852930250577629, -0.9658983373083174, -0.5856141750700772, -0.9707079282961786, -0.39251838484779, 0.23717506183311343, d=S
n:0.12138806749135256, -0.8558362713083625, -0.30874029314145446, 0.9320059292949736, -0.9208812578581274, -0.16646586172282696, d=@:p=0.967
n:-0.4501496101729572, -0.9460830772295594, 0.9140725191682577, -0.9187408611178398, -0.1060163788497448, -0.07410808745771646, d=T:ry=2.363
n:0.4163446892052889, -0.7659760001115501, 0.04085390456020832, -0.8426512815058231, -0.5034053279086947, -0.08087775576859713, d=T:ry=0.99
n:0.4318055431358516, 0.8560936232097447, 0.8656377755105495, -0.4004013300873339, -0.8552811839617789, -0.7275380282662809, d=@:p=0.969
n:0.4391315411776304, -0.9869484691880643, -0.948967486154288, -0.8025402431376278, 0.7419501007534564, -0.6642779349349439, d=@:p=0.763
c:-0.971, -0.591, -0.26402538269758224, -0.817, 0.11755119869485497, -0.8849945333786309, 3.726
c:-0.7435961081646383, -0.8522691801190376, -0.7936024302616715, 0.06375897116959095, 0.9709768178872764, -0.38701370218768716, -5.666
c:0.7265471410937607, -0.44405499659478664, 0.6144140637479722, 0.6660122377797961, 0.11816284712404013, 0.23854685528203845, 0.533
",0.004427855659335251,feasible,21
11,H,3,"//H
3
j:x1=0.236, 0.056, y1=0.016, fr=0.589, rotstif=0.887, l=1.192
j:-0.484, -0.2754315687343478, 0.5367494928650558, 0.19809298729524016, -0.9219041368924081, 0.6480280407704413, fr=1.998
j:0.9952302942983806, 0.2822707360610366, -0.674, 0.05028228322044015, -0.18298749951645732, -0.9189932788722217, fr=0.061, rotstif=0.913, l=0.862
j:-0.9551832447759807, 0.6240110346116126, 0.7934559336863458, 0.8033395409584045, 0.7298841364681721, 0.6905053132213652, rotstif=0.922, l=0.853
j:0.1566816857084632, 0.038293737918138504, 0.898905529640615, 0.4589673411101103, -0.4194320309907198, -0.17830685572698712, fr=0.789
j:-0.35044325701892376, 0.3144486811943352, -0.2915359465405345, -0.77429040055722, 0.6053830808959901, -0.651209975592792, fr=0.192, l=0.849
j:-0.7635053456760943, 0.17548533715307713, 0.5616385000757873, -0.7752646235749125, 0.6479587121866643, -0.9765606494620442, fr=0.152, l=1.16
j:-0.5167451584711671, 0.03792934399098158, 0.6070055356249213, -0.9712722371332347, 0.19098481675609946, -0.4591257073916495, fr=0.905, l=0.966
j:-0.7095818971283734, -0.43440802907571197, 0.6751327295787632, 0.5524589545093477, -0.6376645741984248, 0.9143388289958239, l=1.413
n:-0.8852930250577629, -0.9658983373083174, -0.5856141750700772, -0.9707079282961786, -0.39251838484779, 0.23717506183311343, d=S
n:0.12138806749135256, -0.8558362713083625, -0.30874029314145446, 0.9320059292949736, -0.9208812578581274, -0.16646586172282696, d=@:p=0.967
n:-0.4501496101729572, -0.9460830772295594, 0.9140725191682577, -0.9187408611178398, -0.1060163788497448, -0.07410808745771646, d=T:ry=2.363
n:0.4163446892052889, -0.7659760001115501, 0.04085390456020832, -0.8426512815058231, -0.5034053279086947, -0.08087775576859713, d=T:ry=0.99
n:0.4318055431358516, 0.8560936232097447, 0.8656377755105495, -0.4004013300873339, -0.8552811839617789, -0.7275380282662809, d=@:p=0.991
n:0.4391315411776304, -0.9869484691880643, -0.948967486154288, -0.8025402431376278, 0.7419501007534564, -0.6642779349349439, d=@:p=0.763
c:-0.971, -0.591, -0.26402538269758224, -0.817, 0.11755119869485497, -0.8849945333786309, 3.726
c:-0.7435961081646383, -0.8522691801190376, -0.7936024302616715, 0.06375897116959095, 0.9709768178872764, -0.38701370218768716, -8.248
",0.004549190811787437,"//H
3
j:x1=0.236, 0.056, y1=0.016, fr=0.589, rotstif=0.887, l=1.192
j:-0.484, -0.2754315687343478, 0.5367494928650558, 0.19809298729524016, -0.9219041368924081, 0.6480280407704413, fr=1.998
j:0.9952302942983806, 0.2822707360610366, -0.625, 0.05028228322044015, -0.18298749951645732, -0.9189932788722217, fr=0.061, rotstif=0.913, l=0.862
j:-0.9551832447759807, 0.6240110346116126, 0.7934559336863458, 0.8033395409584045, 0.7298841364681721, 0.6905053132213652, rotstif=0.922, l=0.853
j:0.1566816857084632, 0.038293737918138504, 0.898905529640615, 0.4589673411101103, -0.4194320309907198, -0.17830685572698712, fr=0.789
j:-0.35044325701892376, 0.3144486811943352, -0.2915359465405345, -0.77429040055722, 0.6053830808959901, -0.651209975592792, fr=0.192, l=0.849
j:-0.7635053456760943, 0.17548533715307713, 0.5616385000757873, -0.7752646235749125, 0.6479587121866643, -0.9765606494620442, fr=0.152, l=1.16
j:-0.5167451584711671, 0.03792934399098158, 0.6070055356249213, -0.9712722371332347, 0.19098481675609946, -0.4591257073916495, fr=0.905, l=0.966
j:-0.7095818971283734, -0.43440802907571197, 0.6751327295787632, 0.5524589545093477, -0.6376645741984248, 0.9143388289958239, l=1.413
n:-0.8852930250577629, -0.9658983373083174, -0.5856141750700772, -0.9707079282961786, -0.39251838484779, 0.23717506183311343, d=S
n:0.12138806749135256, -0.8558362713083625, -0.30874029314145446, 0.9320059292949736, -0.9208812578581274, -0.16646586172282696, d=@:p=0.967
n:-0.4501496101729572, -0.9460830772295594, 0.9140725191682577, -0.9187408611178398, -0.1060163788497448, -0.07410808745771646, d=T:ry=2.363
n:0.4163446892052889, -0.7659760001115501, 0.04085390456020832, -0.8426512815058231, -0.5034053279086947, -0.08087775576859713, d=T:ry=0.99
n:0.4318055431358516, 0.8560936232097447, 0.8656377755105495, -0.4004013300873339, -0.8552811839617789, -0.7275380282662809, d=@:p=0.991
n:0.4391315411776304, -0.9869484691880643, -0.948967486154288, -0.8025402431376278, 0.7419501007534564, -0.6642779349349439, d=@:p=0.763
c:-0.971, -0.591, -0.26402538269758224, -0.817, 0.11755119869485497, -0.8849945333786309, 3.726
c:-0.7435961081646383, -0.8522691801190376, -0.7936024302616715, 0.06375897116959095, 0.9709768178872764, -0.38701370218768716, -8.248
",0.004549190811787437,feasible,21
11,H,3,"//H
3
j:x1=0.236, 0.056, y1=0.016, fr=0.589, rotstif=0.887, l=1.192
j:-0.484, -0.2754315687343478, 0.5367494928650558, 0.19809298729524016, -0.9219041368924081, 0.6480280407704413, fr=1.998
j:0.9952302942983806, 0.2822707360610366, -0.674, 0.05028228322044015, -0.18298749951645732, -0.9189932788722217, fr=0.061, rotstif=0.913, l=0.862
j:-0.9551832447759807, 0.6240110346116126, 0.7934559336863458, 0.8033395409584045, 0.7298841364681721, 0.6905053132213652, rotstif=0.922, l=0.853
j:0.1566816857084632, 0.038293737918138504, 0.898905529640615, 0.4589673411101103, -0.4194320309907198, -0.17830685572698712, fr=0.789
j:-0.35044325701892376, 0.3144486811943352, -0.2915359465405345, -0.77429040055722, 0.6053830808959901, -0.651209975592792, fr=0.192, l=0.849
j:-0.7635053456760943, 0.17548533715307713, 0.5616385000757873, -0.7752646235749125, 0.6479587121866643, -0.9765606494620442, fr=0.152, l=1.16
j:-0.5167451584711671, 0.03792934399098158, 0.6070055356249213, -0.9712722371332347, 0.19098481675609946, -0.4591257073916495, fr=0.905, l=0.966
j:-0.7095818971283734, -0.43440802907571197, 0.6751327295787632, 0.5524589545093477, -0.6376645741984248, 0.9143388289958239, l=1.413
n:-0.8852930250577629, -0.9658983373083174, -0.5856141750700772, -0.9707079282961786, -0.39251838484779, 0.23717506183311343, d=S
n:0.12138806749135256, -0.8558362713083625, -0.30874029314145446, 0.9320059292949736, -0.9208812578581274, -0.16646586172282696, d=@:p=0.967
n:-0.4501496101729572, -0.9460830772295594, 0.9140725191682577, -0.9187408611178398, -0.1060163788497448, -0.07410808745771646, d=T:ry=2.363
n:0.4163446892052889, -0.7659760001115501, 0.04085390456020832, -0.8426512815058231, -0.5034053279086947, -0.08087775576859713, d=T:ry=0.99
n:0.4318055431358516, 0.8560936232097447, 0.8656377755105495, -0.4004013300873339, -0.8552811839617789, -0.7275380282662809, d=@:p=0.991
n:0.4391315411776304, -0.9869484691880643, -0.948967486154288, -0.8025402431376278, 0.7419501007534564, -0.6642779349349439, d=@:p=0.763
c:-0.971, -0.591, -0.26402538269758224, -0.817, 0.11755119869485497, -0.8849945333786309, 3.726
c:-0.7435961081646383, -0.8522691801190376, -0.7936024302616715, 0.06375897116959095, 0.9709768178872764, -0.38701370218768716, -8.248
",0.004549190811787437,"//H
3
j:x1=0.236, 0.056, y1=0.016, fr=0.589, rotstif=0.887, l=1.192
j:-0.484, -0.2754315687343478, 0.5367494928650558, 0.19809298729524016, -0.9219041368924081, 0.6480280407704413, fr=1.998
j:0.9952302942983806, 0.2822707360610366, -0.674, 0.05028228322044015, -0.18298749951645732, -0.9189932788722217, fr=0.061, rotstif=0.913, l=0.862
j:-0.9551832447759807, 0.6240110346116126, 0.7934559336863458, 0.8033395409584045, 0.7298841364681721, 0.6905053132213652, rotstif=0.922, l=0.853
j:0.1566816857084632, 0.038293737918138504, 0.898905529640615, 0.4589673411101103, -0.4194320309907198, -0.17830685572698712, fr=0.789
j:-0.35044325701892376, 0.3144486811943352, -0.2915359465405345, -0.77429040055722, 0.6053830808959901, -0.651209975592792, fr=0.192, l=0.849
j:-0.7635053456760943, 0.17548533715307713, 0.5616385000757873, -0.7752646235749125, 0.6479587121866643, -0.9765606494620442, fr=0.152, l=1.16
j:-0.5167451584711671, 0.03792934399098158, 0.6070055356249213, -0.9712722371332347, 0.19098481675609946, -0.4591257073916495, fr=0.905, l=0.966
j:-0.7095818971283734, -0.43440802907571197, 0.6751327295787632, 0.5524589545093477, -0.6376645741984248, 0.9143388289958239, l=1.413
n:-0.8852930250577629, -0.9658983373083174, -0.5856141750700772, -0.9707079282961786, -0.39251838484779, 0.23717506183311343, d=S
n:0.12138806749135256, -0.8558362713083625, -0.30874029314145446, 0.9320059292949736, -0.9208812578581274, -0.16646586172282696, d=@:p=0.967
n:-0.4501496101729572, -0.9460830772295594, 0.9140725191682577, -0.9187408611178398, -0.1060163788497448, -0.07410808745771646, d=T:ry=2.363
n:0.4163446892052889, -0.7659760001115501, 0.04085390456020832, -0.8426512815058231, -0.5034053279086947, -0.08087775576859713, d=T:ry=0.99
n:0.4318055431358516, 0.8560936232097447, 0.8656377755105495, -0.4004013300873339, -0.8552811839617789, -0.7275380282662809, d=@:p=0.991
n:0.4391315411776304, -0.9869484691880643, -0.948967486154288, -0.8025402431376278, 0.7419501007534564, -0.6642779349349439, d=@:p=0.763
n:-0.811418728902936, -0.8939389022998512, 0.4846649528481066, 0.9293650644831359, -0.5632851663976908, -0.8418071703054011, d=T:r=0.996
c:-0.971, -0.591, -0.26402538269758224, -0.817, 0.11755119869485497, -0.8849945333786309, 3.726
c:-0.7435961081646383, -0.8522691801190376, -0.7936024302616715, 0.06375897116959095, 0.9709768178872764, -0.38701370218768716, -8.248
",0.004549190811787437,feasible,21
11,H,3,"//H
3
j:x1=0.236, 0.056, y1=0.016, fr=0.589, rotstif=0.887, l=1.192
j:-0.484, -0.2754315687343478, 0.5367494928650558, 0.19809298729524016, -0.9219041368924081, 0.6480280407704413, fr=1.998
j:0.9952302942983806, 0.2822707360610366, -0.674, 0.05028228322044015, -0.18298749951645732, -0.9189932788722217, fr=0.061, rotstif=0.913, l=0.862
j:-0.9551832447759807, 0.6240110346116126, 0.7934559336863458, 0.8033395409584045, 0.7298841364681721, 0.6905053132213652, rotstif=0.922, l=0.853
j:0.1566816857084632, 0.038293737918138504, 0.898905529640615, 0.4589673411101103, -0.4194320309907198, -0.17830685572698712, fr=0.789
j:-0.35044325701892376, 0.3144486811943352, -0.2915359465405345, -0.77429040055722, 0.6053830808959901, -0.651209975592792, fr=0.192, l=0.849
j:-0.7635053456760943, 0.17548533715307713, 0.5616385000757873, -0.7752646235749125, 0.6479587121866643, -0.9765606494620442, fr=0.152, l=1.16
j:-0.5167451584711671, 0.03792934399098158, 0.6070055356249213, -0.9712722371332347, 0.19098481675609946, -0.4591257073916495, fr=0.905, l=0.966
j:-0.7095818971283734, -0.43440802907571197, 0.6751327295787632, 0.5524589545093477, -0.6376645741984248, 0.9143388289958239, l=1.413
n:-0.8852930250577629, -0.9658983373083174, -0.5856141750700772, -0.9707079282961786, -0.39251838484779, 0.23717506183311343, d=S
n:0.12138806749135256, -0.8558362713083625, -0.30874029314145446, 0.9320059292949736, -0.9208812578581274, -0.16646586172282696, d=@:p=0.967
n:-0.4501496101729572, -0.9460830772295594, 0.9140725191682577, -0.9187408611178398, -0.1060163788497448, -0.07410808745771646, d=T:ry=2.363
n:0.4163446892052889, -0.7659760001115501, 0.04085390456020832, -0.8426512815058231, -0.5034053279086947, -0.08087775576859713, d=T:ry=0.99
n:0.4318055431358516, 0.8560936232097447, 0.8656377755105495, -0.4004013300873339, -0.8552811839617789, -0.7275380282662809, d=@:p=0.991
n:0.4391315411776304, -0.9869484691880643, -0.948967486154288, -0.8025402431376278, 0.7419501007534564, -0.6642779349349439, d=@:p=0.763
c:-0.971, -0.591, -0.26402538269758224, -0.817, 0.11755119869485497, -0.8849945333786309, 3.726
c:-0.7435961081646383, -0.8522691801190376, -0.7936024302616715, 0.06375897116959095, 0.9709768178872764, -0.38701370218768716, -8.248
",0.004549190811787437,"//H
3
j:x1=0.236, 0.056, y1=0.016, fr=0.589, rotstif=0.887, l=1.192
j:-0.484, -0.2754315687343478, 0.5367494928650558, 0.19809298729524016, -0.9219041368924081, 0.6480280407704413, fr=1.998
j:0.9952302942983806, 0.2822707360610366, -0.674, 0.05028228322044015, -0.18298749951645732, -0.9189932788722217, fr=0.061, rotstif=0.913, l=0.862
j:-0.9551832447759807, 0.6240110346116126, 0.7934559336863458, 0.8033395409584045, 0.7298841364681721, 0.6905053132213652, rotstif=0.922, l=0.853
j:0.1566816857084632, 0.038293737918138504, 0.898905529640615, 0.4589673411101103, -0.4194320309907198, -0.17830685572698712, fr=0.789
j:-0.35044325701892376, 0.3144486811943352, -0.2915359465405345, -0.77429040055722, 0.6053830808959901, -0.651209975592792, fr=0.192, l=0.849
j:-0.7635053456760943, 0.17548533715307713, 0.5616385000757873, -0.7752646235749125, 0.6479587121866643, -0.9765606494620442, fr=0.152, l=1.16
j:-0.5167451584711671, 0.03792934399098158, 0.6070055356249213, -0.9712722371332347, 0.19098481675609946, -0.4591257073916495, fr=0.905, l=0.966
j:-0.7095818971283734, -0.43440802907571197, 0.6751327295787632, 0.5524589545093477, -0.6376645741984248, 0.9143388289958239, l=1.413
n:-0.8852930250577629, -0.9658983373083174, -0.5856141750700772, -0.9707079282961786, -0.39251838484779, 0.23717506183311343, d=S
n:0.12138806749135256, -0.8558362713083625, -0.30874029314145446, 0.9320059292949736, -0.9208812578581274, -0.16646586172282696, d=@:p=0.967
n:-0.4501496101729572, -0.9460830772295594, 0.9140725191682577, -0.9187408611178398, -0.1060163788497448, -0.07410808745771646, d=T:ry=2.363
n:0.4163446892052889, -0.7659760001115501, 0.04085390456020832, -0.8426512815058231, -0.5034053279086947, -0.08087775576859713, d=T:ry=0.99
n:0.4318055431358516, 0.8560936232097447, 0.8656377755105495, -0.4004013300873339, -0.8552811839617789, -0.7275380282662809, d=@:p=0.991
n:0.4391315411776304, -0.9869484691880643, -0.948967486154288, -0.8025402431376278, 0.7419501007534564, -0.6642779349349439, d=@:p=0.763
c:-0.971, -0.591, -0.26402538269758224, -0.817, 0.11755119869485497, -0.8849945333786309, 3.726
c:-0.942, -0.8522691801190376, -0.7936024302616715, 0.06375897116959095, 0.9709768178872764, -0.38701370218768716, -8.248
",0.004549190811787437,feasible,21
11,H,3,"//H
3
j:x1=0.236, 0.056, y1=0.016, fr=0.589, rotstif=0.887, l=1.192
j:-0.484, -0.2754315687343478, 0.5367494928650558, 0.19809298729524016, -0.9219041368924081, 0.6480280407704413, fr=1.998
j:0.9952302942983806, 0.2822707360610366, -0.674, 0.05028228322044015, -0.18298749951645732, -0.9189932788722217, fr=0.061, rotstif=0.913, l=0.862
j:-0.9551832447759807, 0.6240110346116126, 0.7934559336863458, 0.8033395409584045, 0.7298841364681721, 0.6905053132213652, rotstif=0.922, l=0.853
j:0.1566816857084632, 0.038293737918138504, 0.898905529640615, 0.4589673411101103, -0.4194320309907198, -0.17830685572698712, fr=0.789
j:-0.35044325701892376, 0.3144486811943352, -0.2915359465405345, -0.77429040055722, 0.6053830808959901, -0.651209975592792, fr=0.192, l=0.849
j:-0.7635053456760943, 0.17548533715307713, 0.5616385000757873, -0.7752646235749125, 0.6479587121866643, -0.9765606494620442, fr=0.152, l=1.16
j:-0.5167451584711671, 0.03792934399098158, 0.6070055356249213, -0.9712722371332347, 0.19098481675609946, -0.4591257073916495, fr=0.905, l=0.966
j:-0.7095818971283734, -0.43440802907571197, 0.6751327295787632, 0.5524589545093477, -0.6376645741984248, 0.9143388289958239, l=1.413
n:-0.8852930250577629, -0.9658983373083174, -0.5856141750700772, -0.9707079282961786, -0.39251838484779, 0.23717506183311343, d=S
n:0.12138806749135256, -0.8558362713083625, -0.30874029314145446, 0.9320059292949736, -0.9208812578581274, -0.16646586172282696, d=@:p=0.967
n:-0.4501496101729572, -0.9460830772295594, 0.9140725191682577, -0.9187408611178398, -0.1060163788497448, -0.07410808745771646, d=T:ry=2.363
n:0.4163446892052889, -0.7659760001115501, 0.04085390456020832, -0.8426512815058231, -0.5034053279086947, -0.08087775576859713, d=T:ry=0.99
n:0.4318055431358516, 0.8560936232097447, 0.8656377755105495, -0.4004013300873339, -0.8552811839617789, -0.7275380282662809, d=@:p=0.991
n:0.4391315411776304, -0.9869484691880643, -0.948967486154288, -0.8025402431376278, 0.7419501007534564, -0.6642779349349439, d=@:p=0.763
c:-0.971, -0.591, -0.26402538269758224, -0.817, 0.11755119869485497, -0.8849945333786309, 3.726
c:-0.7435961081646383, -0.8522691801190376, -0.7936024302616715, 0.06375897116959095, 0.9709768178872764, -0.38701370218768716, -8.248
",0.004549190811787437,"//H
3
j:x1=0.236, 0.056, y1=0.016, fr=0.589, rotstif=0.887, l=1.192
j:-0.484, -0.2754315687343478, 0.5367494928650558, 0.19809298729524016, -0.9219041368924081, 0.6480280407704413, fr=1.998
j:0.9952302942983806, 0.2822707360610366, -0.674, 0.05028228322044015, -0.18298749951645732, -0.9189932788722217, fr=0.061, rotstif=0.913, l=0.862
j:-0.9551832447759807, 0.6240110346116126, 0.7934559336863458, 0.8033395409584045, 0.7298841364681721, 0.6905053132213652, rotstif=0.922, l=0.853
j:0.1566816857084632, 0.038293737918138504, 0.898905529640615, 0.4589673411101103, -0.4194320309907198, -0.17830685572698712, fr=0.789, rotstif=0.826
j:-0.35044325701892376, 0.3144486811943352, -0.2915359465405345, -0.77429040055722, 0.6053830808959901, -0.651209975592792, fr=0.192, l=0.849
j:-0.7635053456760943, 0.17548533715307713, 0.5616385000757873, -0.7752646235749125, 0.6479587121866643, -0.9765606494620442, fr=0.152, l=1.16
j:-0.5167451584711671, 0.03792934399098158, 0.6070055356249213, -0.9712722371332347, 0.19098481675609946, -0.4591257073916495, fr=0.905, l=0.966
j:-0.7095818971283734, -0.43440802907571197, 0.6751327295787632, 0.5524589545093477, -0.6376645741984248, 0.9143388289958239, l=1.413
n:-0.8852930250577629, -0.9658983373083174, -0.5856141750700772, -0.9707079282961786, -0.39251838484779, 0.23717506183311343, d=S
n:0.12138806749135256, -0.8558362713083625, -0.30874029314145446, 0.9320059292949736, -0.9208812578581274, -0.16646586172282696, d=@:p=0.967
n:-0.4501496101729572, -0.9460830772295594, 0.9140725191682577, -0.9187408611178398, -0.1060163788497448, -0.07410808745771646, d=T:ry=2.363
n:0.4163446892052889, -0.7659760001115501, 0.04085390456020832, -0.8426512815058231, -0.5034053279086947, -0.08087775576859713, d=T:ry=0.99
n:0.4318055431358516, 0.8560936232097447, 0.8656377755105495, -0.4004013300873339, -0.8552811839617789, -0.7275380282662809, d=@:p=0.991
n:0.4391315411776304, -0.9869484691880643, -0.948967486154288, -0.8025402431376278, 0.7419501007534564, -0.6642779349349439, d=@:p=0.763
c:-0.971, -0.591, -0.26402538269758224, -0.817, 0.11755119869485497, -0.8849945333786309, 3.726
c:-0.7435961081646383, -0.8522691801190376, -0.7936024302616715, 0.06375897116959095, 0.9709768178872764, -0.38701370218768716, -8.248
",0.004549190811787437,feasible,21
11,H,3,"//H
3
j:x1=0.236, 0.056, y1=0.016, fr=0.589, rotstif=0.887, l=1.192
j:-0.484, -0.2754315687343478, 0.5367494928650558, 0.19809298729524016, -0.9219041368924081, 0.6480280407704413, fr=1.998
j:0.9952302942983806, 0.2822707360610366, -0.674, 0.05028228322044015, -0.18298749951645732, -0.9189932788722217, fr=0.061, rotstif=0.913, l=0.862
j:-0.9551832447759807, 0.6240110346116126, 0.7934559336863458, 0.8033395409584045, 0.7298841364681721, 0.6905053132213652, rotstif=0.922, l=0.853
j:0.1566816857084632, 0.038293737918138504, 0.898905529640615, 0.4589673411101103, -0.4194320309907198, -0.17830685572698712, fr=0.789
j:-0.35044325701892376, 0.3144486811943352, -0.2915359465405345, -0.77429040055722, 0.6053830808959901, -0.651209975592792, fr=0.192, l=0.849
j:-0.7635053456760943, 0.17548533715307713, 0.5616385000757873, -0.7752646235749125, 0.6479587121866643, -0.9765606494620442, fr=0.152, l=1.16
j:-0.5167451584711671, 0.03792934399098158, 0.6070055356249213, -0.9712722371332347, 0.19098481675609946, -0.4591257073916495, fr=0.905, l=0.966
j:-0.7095818971283734, -0.43440802907571197, 0.6751327295787632, 0.5524589545093477, -0.6376645741984248, 0.9143388289958239, l=1.413
n:-0.8852930250577629, -0.9658983373083174, -0.5856141750700772, -0.9707079282961786, -0.39251838484779, 0.23717506183311343, d=S
n:0.12138806749135256, -0.8558362713083625, -0.30874029314145446, 0.9320059292949736, -0.9208812578581274, -0.16646586172282696, d=@:p=0.967
n:-0.4501496101729572, -0.9460830772295594, 0.9140725191682577, -0.9187408611178398, -0.1060163788497448, -0.07410808745771646, d=T:ry=2.363
n:0.4163446892052889, -0.7659760001115501, 0.04085390456020832, -0.8426512815058231, -0.5034053279086947, -0.08087775576859713, d=T:ry=0.99
n:0.4318055431358516, 0.8560936232097447, 0.8656377755105495, -0.4004013300873339, -0.8552811839617789, -0.7275380282662809, d=@:p=0.991
n:0.4391315411776304, -0.9869484691880643, -0.948967486154288, -0.8025402431376278, 0.7419501007534564, -0.6642779349349439, d=@:p=0.763
c:-0.971, -0.591, -0.26402538269758224, -0.817, 0.11755119869485497, -0.8849945333786309, 3.726
c:-0.7435961081646383, -0.8522691801190376, -0.7936024302616715, 0.06375897116959095, 0.9709768178872764, -0.38701370218768716, -8.248
",0.004549190811787437,"//H
3
j:x1=0.236, 0.056, y1=0.016, fr=0.589, rotstif=0.887, l=1.192
j:-0.484, -0.2754315687343478, 0.5367494928650558, 0.19809298729524016, -0.9219041368924081, 0.6480280407704413, fr=1.998
j:0.9952302942983806, 0.2822707360610366, -0.674, 0.05028228322044015, -0.18298749951645732, -0.9189932788722217, fr=0.061, rotstif=0.913, l=0.862
j:-0.9551832447759807, 0.6240110346116126, 0.7934559336863458, 0.8033395409584045, 0.7298841364681721, 0.6905053132213652, rotstif=0.922, l=0.853
j:0.1566816857084632, 0.038293737918138504, 0.898905529640615, 0.4589673411101103, -0.4194320309907198, -0.17830685572698712, fr=0.789
j:-0.35044325701892376, 0.3144486811943352, -0.2915359465405345, -0.77429040055722, 0.6053830808959901, -0.651209975592792, fr=0.192, l=0.849
j:-0.7635053456760943, 0.17548533715307713, 0.5616385000757873, -0.7752646235749125, 0.6479587121866643, -0.9765606494620442, fr=0.152, rotstif=0.858, l=1.16
j:-0.5167451584711671, 0.03792934399098158, 0.6070055356249213, -0.9712722371332347, 0.19098481675609946, -0.4591257073916495, fr=0.905, l=0.966
j:-0.7095818971283734, -0.43440802907571197, 0.6751327295787632, 0.5524589545093477, -0.6376645741984248, 0.9143388289958239, l=1.413
n:-0.8852930250577629, -0.9658983373083174, -0.5856141750700772, -0.9707079282961786, -0.39251838484779, 0.23717506183311343, d=S
n:0.12138806749135256, -0.8558362713083625, -0.30874029314145446, 0.9320059292949736, -0.9208812578581274, -0.16646586172282696, d=@:p=0.967
n:-0.4501496101729572, -0.9460830772295594, 0.9140725191682577, -0.9187408611178398, -0.1060163788497448, -0.07410808745771646, d=T:ry=2.363
n:0.4163446892052889, -0.7659760001115501, 0.04085390456020832, -0.8426512815058231, -0.5034053279086947, -0.08087775576859713, d=T:ry=0.99
n:0.4318055431358516, 0.8560936232097447, 0.8656377755105495, -0.4004013300873339, -0.8552811839617789, -0.7275380282662809, d=@:p=0.991
n:0.4391315411776304, -0.9869484691880643, -0.948967486154288, -0.8025402431376278, 0.7419501007534564, -0.6642779349349439, d=@:p=0.763
c:-0.971, -0.591, -0.26402538269758224, -0.817, 0.11755119869485497, -0.8849945333786309, 3.726
c:-0.7435961081646383, -0.8522691801190376, -0.7936024302616715, 0.06375897116959095, 0.9709768178872764, -0.38701370218768716, -8.248
",0.004549190811787437,feasible,21
11,H,3,"//H
3
j:x1=0.236, 0.056, y1=0.016, fr=0.589, rotstif=0.887, l=1.192
j:-0.484, -0.2754315687343478, 0.5367494928650558, 0.19809298729524016, -0.9219041368924081, 0.6480280407704413, fr=1.998
j:0.9952302942983806, 0.2822707360610366, -0.674, 0.05028228322044015, -0.18298749951645732, -0.9189932788722217, fr=0.061, rotstif=0.913, l=0.862
j:-0.9551832447759807, 0.6240110346116126, 0.7934559336863458, 0.8033395409584045, 0.7298841364681721, 0.6905053132213652, rotstif=0.922, l=0.853
j:0.1566816857084632, 0.038293737918138504, 0.898905529640615, 0.4589673411101103, -0.4194320309907198, -0.17830685572698712, fr=0.789
j:-0.35044325701892376, 0.3144486811943352, -0.2915359465405345, -0.77429040055722, 0.6053830808959901, -0.651209975592792, fr=0.192, l=0.849
j:-0.7635053456760943, 0.17548533715307713, 0.5616385000757873, -0.7752646235749125, 0.6479587121866643, -0.9765606494620442, fr=0.152, l=1.16
j:-0.5167451584711671, 0.03792934399098158, 0.6070055356249213, -0.9712722371332347, 0.19098481675609946, -0.4591257073916495, fr=0.905, l=0.966
j:-0.7095818971283734, -0.43440802907571197, 0.6751327295787632, 0.5524589545093477, -0.6376645741984248, 0.9143388289958239, l=1.413
n:-0.8852930250577629, -0.9658983373083174, -0.5856141750700772, -0.9707079282961786, -0.39251838484779, 0.23717506183311343, d=S
n:0.12138806749135256, -0.8558362713083625, -0.30874029314145446, 0.9320059292949736, -0.9208812578581274, -0.16646586172282696, d=@:p=0.967
n:-0.4501496101729572, -0.9460830772295594, 0.9140725191682577, -0.9187408611178398, -0.1060163788497448, -0.07410808745771646, d=T:ry=2.363
n:0.4163446892052889, -0.7659760001115501, 0.04085390456020832, -0.8426512815058231, -0.5034053279086947, -0.08087775576859713, d=T:ry=0.99
n:0.4318055431358516, 0.8560936232097447, 0.8656377755105495, -0.4004013300873339, -0.8552811839617789, -0.7275380282662809, d=@:p=0.991
n:0.4391315411776304, -0.9869484691880643, -0.948967486154288, -0.8025402431376278, 0.7419501007534564, -0.6642779349349439, d=@:p=0.763
c:-0.971, -0.591, -0.26402538269758224, -0.817, 0.11755119869485497, -0.8849945333786309, 3.726
c:-0.7435961081646383, -0.8522691801190376, -0.7936024302616715, 0.06375897116959095, 0.9709768178872764, -0.38701370218768716, -8.248
",0.004549190811787437,"//H
3
j:x1=0.236, 0.056, y1=0.016, fr=0.589, rotstif=0.887, l=1.192
j:-0.484, -0.2754315687343478, 0.5367494928650558, 0.19809298729524016, -0.9219041368924081, 0.6480280407704413, fr=1.998
j:0.9952302942983806, 0.2822707360610366, -0.674, 0.05028228322044015, -0.18298749951645732, -0.9189932788722217, fr=0.061, rotstif=0.913, l=0.862
j:-0.9551832447759807, 0.6240110346116126, 0.7934559336863458, 0.8033395409584045, 0.7298841364681721, 0.6905053132213652, rotstif=0.922, l=0.853
j:0.1566816857084632, 0.038293737918138504, 0.898905529640615, 0.4589673411101103, -0.4194320309907198, -0.17830685572698712, fr=0.789
j:-0.35044325701892376, 0.3144486811943352, -0.2915359465405345, -0.77429040055722, 0.6053830808959901, -0.651209975592792, fr=0.192, l=0.849
j:-0.7635053456760943, 0.17548533715307713, 0.5616385000757873, -0.7752646235749125, 0.6479587121866643, -0.9765606494620442, fr=0.152, l=1.16
j:-0.5167451584711671, 0.03792934399098158, 0.6070055356249213, -0.9712722371332347, 0.19098481675609946, -0.4591257073916495, fr=0.905, l=0.966
j:-0.7095818971283734, -0.43440802907571197, 0.6751327295787632, 0.5524589545093477, -0.6376645741984248, 0.9143388289958239, l=1.221
n:-0.8852930250577629, -0.9658983373083174, -0.5856141750700772, -0.9707079282961786, -0.39251838484779, 0.23717506183311343, d=S
n:0.12138806749135256, -0.8558362713083625, -0.30874029314145446, 0.9320059292949736, -0.9208812578581274, -0.16646586172282696, d=@:p=0.967
n:-0.4501496101729572, -0.9460830772295594, 0.9140725191682577, -0.9187408611178398, -0.1060163788497448, -0.07410808745771646, d=T:ry=2.363
n:0.4163446892052889, -0.7659760001115501, 0.04085390456020832, -0.8426512815058231, -0.5034053279086947, -0.08087775576859713, d=T:ry=0.99
n:0.4318055431358516, 0.8560936232097447, 0.8656377755105495, -0.4004013300873339, -0.8552811839617789, -0.7275380282662809, d=@:p=0.991
n:0.4391315411776304, -0.9869484691880643, -0.948967486154288, -0.8025402431376278, 0.7419501007534564, -0.6642779349349439, d=@:p=0.763
c:-0.971, -0.591, -0.26402538269758224, -0.817, 0.11755119869485497, -0.8849945333786309, 3.726
c:-0.7435961081646383, -0.8522691801190376, -0.7936024302616715, 0.06375897116959095, 0.9709768178872764, -0.38701370218768716, -8.248
",0.0036006229250651503,feasible,21
11,H,3,"//H
3
j:x1=0.236, 0.056, y1=0.016, fr=0.589, rotstif=0.887, l=1.192
j:-0.484, -0.2754315687343478, 0.5367494928650558, 0.19809298729524016, -0.9219041368924081, 0.6480280407704413, fr=1.998
j:0.9952302942983806, 0.2822707360610366, -0.674, 0.05028228322044015, -0.18298749951645732, -0.9189932788722217, fr=0.061, rotstif=0.913, l=0.862
j:-0.9551832447759807, 0.6240110346116126, 0.7934559336863458, 0.8033395409584045, 0.7298841364681721, 0.6905053132213652, rotstif=0.922, l=0.853
j:0.1566816857084632, 0.038293737918138504, 0.898905529640615, 0.4589673411101103, -0.4194320309907198, -0.17830685572698712, fr=0.789
j:-0.35044325701892376, 0.3144486811943352, -0.2915359465405345, -0.77429040055722, 0.6053830808959901, -0.651209975592792, fr=0.192, l=0.849
j:-0.7635053456760943, 0.17548533715307713, 0.5616385000757873, -0.7752646235749125, 0.6479587121866643, -0.9765606494620442, fr=0.152, l=1.16
j:-0.5167451584711671, 0.03792934399098158, 0.6070055356249213, -0.9712722371332347, 0.19098481675609946, -0.4591257073916495, fr=0.905, l=0.966
j:-0.7095818971283734, -0.43440802907571197, 0.6751327295787632, 0.5524589545093477, -0.6376645741984248, 0.9143388289958239, l=1.413
n:-0.8852930250577629, -0.9658983373083174, -0.5856141750700772, -0.9707079282961786, -0.39251838484779, 0.23717506183311343, d=S
n:0.12138806749135256, -0.8558362713083625, -0.30874029314145446, 0.9320059292949736, -0.9208812578581274, -0.16646586172282696, d=@:p=0.967
n:-0.4501496101729572, -0.9460830772295594, 0.9140725191682577, -0.9187408611178398, -0.1060163788497448, -0.07410808745771646, d=T:ry=2.363
n:0.4163446892052889, -0.7659760001115501, 0.04085390456020832, -0.8426512815058231, -0.5034053279086947, -0.08087775576859713, d=T:ry=0.99
n:0.4318055431358516, 0.8560936232097447, 0.8656377755105495, -0.4004013300873339, -0.8552811839617789, -0.7275380282662809, d=@:p=0.991
n:0.4391315411776304, -0.9869484691880643, -0.948967486154288, -0.8025402431376278, 0.7419501007534564, -0.6642779349349439, d=@:p=0.763
c:-0.971, -0.591, -0.26402538269758224, -0.817, 0.11755119869485497, -0.8849945333786309, 3.726
c:-0.7435961081646383, -0.8522691801190376, -0.7936024302616715, 0.06375897116959095, 0.9709768178872764, -0.38701370218768716, -8.248
",0.004549190811787437,"//H
3
j:x1=0.236, 0.056, y1=0.016, fr=0.589, rotstif=0.887, l=1.192
j:-0.484, -0.2754315687343478, 0.5367494928650558, 0.19809298729524016, -0.9219041368924081, 0.6480280407704413, fr=1.998
j:0.9952302942983806, 0.2822707360610366, -0.674, 0.05028228322044015, -0.18298749951645732, -0.9189932788722217, fr=0.061, rotstif=0.913, l=0.862
j:-0.9551832447759807, 0.6240110346116126, 0.7934559336863458, 0.8033395409584045, 0.7298841364681721, 0.6905053132213652, rotstif=0.922, l=0.853
j:0.1566816857084632, 0.038293737918138504, 0.898905529640615, 0.4589673411101103, -0.4194320309907198, -0.17830685572698712, fr=0.789
j:-0.35044325701892376, 0.3144486811943352, -0.2915359465405345, -0.77429040055722, 0.6053830808959901, -0.651209975592792, fr=0.192, l=0.849
j:-0.7635053456760943, 0.17548533715307713, 0.5616385000757873, -0.7752646235749125, 0.6479587121866643, -0.9765606494620442, fr=0.152, l=1.16
j:-0.5167451584711671, 0.03792934399098158, 0.6070055356249213, -0.9712722371332347, 0.19098481675609946, -0.4591257073916495, fr=0.905, l=0.966
j:-0.7095818971283734, -0.43440802907571197, 0.6751327295787632, 0.5524589545093477, -0.6376645741984248, 0.9143388289958239, l=1.413
n:-0.8852930250577629, -0.9658983373083174, -0.5856141750700772, -0.9707079282961786, -0.39251838484779, 0.23717506183311343, d=S
n:0.12138806749135256, -0.8558362713083625, -0.30874029314145446, 0.9320059292949736, -0.9208812578581274, -0.16646586172282696, d=@:p=0.997
n:-0.4501496101729572, -0.9460830772295594, 0.9140725191682577, -0.9187408611178398, -0.1060163788497448, -0.07410808745771646, d=T:ry=2.363
n:0.4163446892052889, -0.7659760001115501, 0.04085390456020832, -0.8426512815058231, -0.5034053279086947, -0.08087775576859713, d=T:ry=0.99
n:0.4318055431358516, 0.8560936232097447, 0.8656377755105495, -0.4004013300873339, -0.8552811839617789, -0.7275380282662809, d=@:p=0.991
n:0.4391315411776304, -0.9869484691880643, -0.948967486154288, -0.8025402431376278, 0.7419501007534564, -0.6642779349349439, d=@:p=0.763
c:-0.971, -0.591, -0.26402538269758224, -0.817, 0.11755119869485497, -0.8849945333786309, 3.726
c:-0.7435961081646383, -0.8522691801190376, -0.7936024302616715, 0.06375897116959095, 0.9709768178872764, -0.38701370218768716, -8.248
",0.004439866135654334,feasible,21
11,H,3,"//H
3
j:x1=0.236, 0.056, y1=0.016, fr=0.589, rotstif=0.887, l=1.192
j:-0.484, -0.2754315687343478, 0.5367494928650558, 0.19809298729524016, -0.9219041368924081, 0.6480280407704413, fr=1.998
j:0.9952302942983806, 0.2822707360610366, -0.674, 0.05028228322044015, -0.18298749951645732, -0.9189932788722217, fr=0.061, rotstif=0.913, l=0.862
j:-0.9551832447759807, 0.6240110346116126, 0.7934559336863458, 0.8033395409584045, 0.7298841364681721, 0.6905053132213652, rotstif=0.922, l=0.853
j:0.1566816857084632, 0.038293737918138504, 0.898905529640615, 0.4589673411101103, -0.4194320309907198, -0.17830685572698712, fr=0.789
j:-0.35044325701892376, 0.3144486811943352, -0.2915359465405345, -0.77429040055722, 0.6053830808959901, -0.651209975592792, fr=0.192, l=0.849
j:-0.7635053456760943, 0.17548533715307713, 0.5616385000757873, -0.7752646235749125, 0.6479587121866643, -0.9765606494620442, fr=0.152, l=1.16
j:-0.5167451584711671, 0.03792934399098158, 0.6070055356249213, -0.9712722371332347, 0.19098481675609946, -0.4591257073916495, fr=0.905, l=0.966
j:-0.7095818971283734, -0.43440802907571197, 0.6751327295787632, 0.5524589545093477, -0.6376645741984248, 0.9143388289958239, l=1.413
n:-0.8852930250577629, -0.9658983373083174, -0.5856141750700772, -0.9707079282961786, -0.39251838484779, 0.23717506183311343, d=S
n:0.12138806749135256, -0.8558362713083625, -0.30874029314145446, 0.9320059292949736, -0.9208812578581274, -0.16646586172282696, d=@:p=0.967
n:-0.4501496101729572, -0.9460830772295594, 0.9140725191682577, -0.9187408611178398, -0.1060163788497448, -0.07410808745771646, d=T:ry=2.363
n:0.4163446892052889, -0.7659760001115501, 0.04085390456020832, -0.8426512815058231, -0.5034053279086947, -0.08087775576859713, d=T:ry=0.99
n:0.4318055431358516, 0.8560936232097447, 0.8656377755105495, -0.4004013300873339, -0.8552811839617789, -0.7275380282662809, d=@:p=0.991
n:0.4391315411776304, -0.9869484691880643, -0.948967486154288, -0.8025402431376278, 0.7419501007534564, -0.6642779349349439, d=@:p=0.763
c:-0.971, -0.591, -0.26402538269758224, -0.817, 0.11755119869485497, -0.8849945333786309, 3.726
c:-0.7435961081646383, -0.8522691801190376, -0.7936024302616715, 0.06375897116959095, 0.9709768178872764, -0.38701370218768716, -8.248
",0.004549190811787437,"//H
3
j:x1=0.236, 0.056, y1=0.016, fr=0.589, rotstif=0.887, l=1.192
j:-0.484, -0.2754315687343478, 0.5367494928650558, 0.19809298729524016, -0.9219041368924081, 0.6480280407704413, fr=1.998
j:0.9952302942983806, 0.2822707360610366, -0.674, 0.05028228322044015, -0.18298749951645732, -0.9189932788722217, fr=0.061, rotstif=0.913, l=0.862
j:-0.9551832447759807, 0.6240110346116126, 0.7934559336863458, 0.8033395409584045, 0.7298841364681721, 0.6905053132213652, rotstif=0.922, l=0.853
j:0.1566816857084632, 0.038293737918138504, 0.898905529640615, 0.4589673411101103, -0.4194320309907198, -0.17830685572698712, fr=0.789
j:-0.35044325701892376, 0.3144486811943352, -0.2915359465405345, -0.77429040055722, 0.6053830808959901, -0.651209975592792, fr=0.192, l=0.849
j:-0.7635053456760943, 0.17548533715307713, 0.5616385000757873, -0.7752646235749125, 0.6479587121866643, -0.9765606494620442, fr=0.152, l=1.16
j:-0.5167451584711671, 0.03792934399098158, 0.6070055356249213, -0.9712722371332347, 0.19098481675609946, -0.4591257073916495, fr=0.905, l=0.966
j:-0.7095818971283734, -0.43440802907571197, 0.6751327295787632, 0.5524589545093477, -0.6376645741984248, 0.9143388289958239, l=1.413
n:-0.8852930250577629, -0.9658983373083174, -0.5856141750700772, -0.9707079282961786, -0.39251838484779, 0.23717506183311343, d=S
n:0.12138806749135256, -0.8558362713083625, -0.30874029314145446, 0.9320059292949736, -0.9208812578581274, -0.16646586172282696, d=@:p=0.967
n:-0.4501496101729572, -0.9460830772295594, 0.9140725191682577, -0.9187408611178398, -0.1060163788497448, -0.07410808745771646, d=T:ry=2.363
n:0.4163446892052889, -0.7659760001115501, 0.04085390456020832, -0.8426512815058231, -0.5034053279086947, -0.08087775576859713, d=T:ry=0.99
n:0.4318055431358516, 0.8560936232097447, 0.8656377755105495, -0.4004013300873339, -0.8552811839617789, -0.7275380282662809, d=@:p=0.991
n:0.4391315411776304, -0.9869484691880643, -0.948967486154288, -0.8025402431376278, 0.7419501007534564, -0.6642779349349439, d=@:p=0.763
c:-0.971, -0.591, -0.26402538269758224, -0.817, 0.11755119869485497, -0.8849945333786309, 3.726
c:-0.7435961081646383, -0.8522691801190376, -0.7936024302616715, 0.06375897116959095, 0.9709768178872764, -0.38701370218768716, -8.248
c:-0.5770180788822472, 0.26980456430464983, 0.04819045960903168, -0.4290450676344335, 0.5346444700844586, 0.5065076742321253, -0.064
",0.003733387856797451,feasible,21
11,H,3,"//H
3
j:x1=0.236, 0.056, y1=0.016, fr=0.589, rotstif=0.887, l=1.192
j:-0.484, -0.2754315687343478, 0.5367494928650558, 0.19809298729524016, -0.9219041368924081, 0.6480280407704413, fr=1.998
j:0.9952302942983806, 0.2822707360610366, -0.674, 0.05028228322044015, -0.18298749951645732, -0.9189932788722217, fr=0.061, rotstif=0.913, l=0.862
j:-0.9551832447759807, 0.6240110346116126, 0.7934559336863458, 0.8033395409584045, 0.7298841364681721, 0.6905053132213652, rotstif=0.922, l=0.853
j:0.1566816857084632, 0.038293737918138504, 0.898905529640615, 0.4589673411101103, -0.4194320309907198, -0.17830685572698712, fr=0.789
j:-0.35044325701892376, 0.3144486811943352, -0.2915359465405345, -0.77429040055722, 0.6053830808959901, -0.651209975592792, fr=0.192, l=0.849
j:-0.7635053456760943, 0.17548533715307713, 0.5616385000757873, -0.7752646235749125, 0.6479587121866643, -0.9765606494620442, fr=0.152, l=1.16
j:-0.5167451584711671, 0.03792934399098158, 0.6070055356249213, -0.9712722371332347, 0.19098481675609946, -0.4591257073916495, fr=0.905, l=0.966
j:-0.7095818971283734, -0.43440802907571197, 0.6751327295787632, 0.5524589545093477, -0.6376645741984248, 0.9143388289958239, l=1.413
n:-0.8852930250577629, -0.9658983373083174, -0.5856141750700772, -0.9707079282961786, -0.39251838484779, 0.23717506183311343, d=S
n:0.12138806749135256, -0.8558362713083625, -0.30874029314145446, 0.9320059292949736, -0.9208812578581274, -0.16646586172282696, d=@:p=0.967
n:-0.4501496101729572, -0.9460830772295594, 0.9140725191682577, -0.9187408611178398, -0.1060163788497448, -0.07410808745771646, d=T:ry=2.363
n:0.4163446892052889, -0.7659760001115501, 0.04085390456020832, -0.8426512815058231, -0.5034053279086947, -0.08087775576859713, d=T:ry=0.99
n:0.4318055431358516, 0.8560936232097447, 0.8656377755105495, -0.4004013300873339, -0.8552811839617789, -0.7275380282662809, d=@:p=0.991
n:0.4391315411776304, -0.9869484691880643, -0.948967486154288, -0.8025402431376278, 0.7419501007534564, -0.6642779349349439, d=@:p=0.763
c:-0.971, -0.591, -0.26402538269758224, -0.817, 0.11755119869485497, -0.8849945333786309, 3.726
c:-0.7435961081646383, -0.8522691801190376, -0.7936024302616715, 0.06375897116959095, 0.9709768178872764, -0.38701370218768716, -8.248
",0.004549190811787437,"//H
3
j:x1=0.236, 0.056, y1=0.016, fr=0.589, rotstif=0.887, l=1.192
j:-0.484, -0.2754315687343478, 0.5367494928650558, 0.19809298729524016, -0.9219041368924081, 0.6480280407704413, fr=1.998
j:0.9952302942983806, 0.2822707360610366, -0.674, 0.05028228322044015, -0.18298749951645732, -0.9189932788722217, fr=0.061, rotstif=0.913, l=0.862
j:-0.9551832447759807, 0.6240110346116126, 0.7934559336863458, 0.8033395409584045, 0.7298841364681721, 0.6905053132213652, rotstif=0.922, l=0.853
j:0.1566816857084632, 0.038293737918138504, 0.898905529640615, 0.4589673411101103, -0.4194320309907198, -0.17830685572698712, fr=0.789
j:-0.35044325701892376, 0.3144486811943352, -0.2915359465405345, -0.77429040055722, 0.6053830808959901, -0.651209975592792, fr=0.192, l=0.849
j:-0.7635053456760943, 0.17548533715307713, 0.5616385000757873, -0.7752646235749125, 0.6479587121866643, -0.9765606494620442, fr=0.152, l=1.16
j:-0.5167451584711671, 0.03792934399098158, 0.6070055356249213, -0.9712722371332347, 0.19098481675609946, -0.4591257073916495, fr=0.905, l=0.966
j:-0.7095818971283734, -0.43440802907571197, 0.6751327295787632, 0.5524589545093477, -0.6376645741984248, 0.9143388289958239, l=1.413
n:-0.8852930250577629, -0.9658983373083174, -0.5856141750700772, -0.9707079282961786, -0.39251838484779, 0.23717506183311343, d=S
n:0.12138806749135256, -0.8558362713083625, -0.30874029314145446, 0.9320059292949736, -0.9208812578581274, -0.16646586172282696, d=@:p=0.967
n:-0.4501496101729572, -0.9460830772295594, 0.9140725191682577, -0.9187408611178398, -0.1060163788497448, -0.07410808745771646, d=T:ry=2.363
n:0.4163446892052889, -0.7659760001115501, 0.04085390456020832, -0.8426512815058231, -0.5034053279086947, -0.08087775576859713, d=T:ry=0.99
n:0.4318055431358516, 0.8560936232097447, 0.8656377755105495, -0.4004013300873339, -0.8552811839617789, -0.7275380282662809, d=@:p=0.991
n:0.4391315411776304, -0.9869484691880643, -0.948967486154288, -0.8025402431376278, 0.7419501007534564, -0.6642779349349439, d=@:p=0.763
c:-0.971, -0.591, -0.26402538269758224, -0.817, 0.11755119869485497, -0.8849945333786309, 3.726
c:-0.7435961081646383, -0.8522691801190376, -0.678, 0.06375897116959095, 0.9709768178872764, -0.38701370218768716, -8.248
",0.004549190811787437,feasible,21
11,H,3,"//H
3
j:x1=0.236, 0.056, y1=0.016, fr=0.589, rotstif=0.887, l=1.192
j:-0.484, -0.2754315687343478, 0.5367494928650558, 0.19809298729524016, -0.9219041368924081, 0.6480280407704413, fr=1.998
j:0.9952302942983806, 0.2822707360610366, -0.674, 0.05028228322044015, -0.18298749951645732, -0.9189932788722217, fr=0.061, rotstif=0.913, l=0.862
j:-0.9551832447759807, 0.6240110346116126, 0.7934559336863458, 0.8033395409584045, 0.7298841364681721, 0.6905053132213652, rotstif=0.922, l=0.853
j:0.1566816857084632, 0.038293737918138504, 0.898905529640615, 0.4589673411101103, -0.4194320309907198, -0.17830685572698712, fr=0.789
j:-0.35044325701892376, 0.3144486811943352, -0.2915359465405345, -0.77429040055722, 0.6053830808959901, -0.651209975592792, fr=0.192, l=0.849
j:-0.7635053456760943, 0.17548533715307713, 0.5616385000757873, -0.7752646235749125, 0.6479587121866643, -0.9765606494620442, fr=0.152, l=1.16
j:-0.5167451584711671, 0.03792934399098158, 0.6070055356249213, -0.9712722371332347, 0.19098481675609946, -0.4591257073916495, fr=0.905, l=0.966
j:-0.7095818971283734, -0.43440802907571197, 0.6751327295787632, 0.5524589545093477, -0.6376645741984248, 0.9143388289958239, l=1.413
n:-0.8852930250577629, -0.9658983373083174, -0.5856141750700772, -0.9707079282961786, -0.39251838484779, 0.23717506183311343, d=S
n:0.12138806749135256, -0.8558362713083625, -0.30874029314145446, 0.9320059292949736, -0.9208812578581274, -0.16646586172282696, d=@:p=0.967
n:-0.4501496101729572, -0.9460830772295594, 0.9140725191682577, -0.9187408611178398, -0.1060163788497448, -0.07410808745771646, d=T:ry=2.363
n:0.4163446892052889, -0.7659760001115501, 0.04085390456020832, -0.8426512815058231, -0.5034053279086947, -0.08087775576859713, d=T:ry=0.99
n:0.4318055431358516, 0.8560936232097447, 0.8656377755105495, -0.4004013300873339, -0.8552811839617789, -0.7275380282662809, d=@:p=0.991
n:0.4391315411776304, -0.9869484691880643, -0.948967486154288, -0.8025402431376278, 0.7419501007534564, -0.6642779349349439, d=@:p=0.763
c:-0.971, -0.591, -0.26402538269758224, -0.817, 0.11755119869485497, -0.8849945333786309, 3.726
c:-0.7435961081646383, -0.8522691801190376, -0.7936024302616715, 0.06375897116959095, 0.9709768178872764, -0.38701370218768716, -8.248
",0.004549190811787437,"//H
3
j:x1=0.236, 0.056, y1=0.016, fr=0.589, rotstif=0.887, l=1.192
j:-0.484, -0.2754315687343478, 0.5367494928650558, 0.19809298729524016, -0.9219041368924081, 0.6480280407704413, fr=1.998
j:0.9952302942983806, 0.2822707360610366, -0.674, 0.05028228322044015, -0.18298749951645732, -0.9189932788722217, fr=0.061, rotstif=0.913, l=0.862
j:-0.9551832447759807, 0.6240110346116126, 0.7934559336863458, 0.8033395409584045, 0.7298841364681721, 0.6905053132213652, rotstif=0.922, l=0.853
j:0.1566816857084632, 0.038293737918138504, 0.898905529640615, 0.4589673411101103, -0.4194320309907198, -0.17830685572698712, fr=0.789
j:-0.35044325701892376, 0.3144486811943352, -0.2915359465405345, -0.77429040055722, 0.6053830808959901, -0.651209975592792, fr=0.192, l=0.849
j:-0.7635053456760943, 0.17548533715307713, 0.5616385000757873, -0.7752646235749125, 0.6479587121866643, -0.9765606494620442, fr=0.152, l=1.16
j:-0.5167451584711671, 0.03792934399098158, 0.6070055356249213, -0.9712722371332347, 0.19098481675609946, -0.4591257073916495, fr=0.905, l=0.966
j:-0.7095818971283734, -0.43440802907571197, 0.6751327295787632, 0.5524589545093477, -0.6376645741984248, 0.9143388289958239, fr=0.042, l=1.413
n:-0.8852930250577629, -0.9658983373083174, -0.5856141750700772, -0.9707079282961786, -0.39251838484779, 0.23717506183311343, d=S
n:0.12138806749135256, -0.8558362713083625, -0.30874029314145446, 0.9320059292949736, -0.9208812578581274, -0.16646586172282696, d=@:p=0.967
n:-0.4501496101729572, -0.9460830772295594, 0.9140725191682577, -0.9187408611178398, -0.1060163788497448, -0.07410808745771646, d=T:ry=2.363
n:0.4163446892052889, -0.7659760001115501, 0.04085390456020832, -0.8426512815058231, -0.5034053279086947, -0.08087775576859713, d=T:ry=0.99
n:0.4318055431358516, 0.8560936232097447, 0.8656377755105495, -0.4004013300873339, -0.8552811839617789, -0.7275380282662809, d=@:p=0.991
n:0.4391315411776304, -0.9869484691880643, -0.948967486154288, -0.8025402431376278, 0.7419501007534564, -0.6642779349349439, d=@:p=0.763
c:-0.971, -0.591, -0.26402538269758224, -0.817, 0.11755119869485497, -0.8849945333786309, 3.726
c:-0.7435961081646383, -0.8522691801190376, -0.7936024302616715, 0.06375897116959095, 0.9709768178872764, -0.38701370218768716, -8.248
",0.004146056741875199,feasible,21
11,H,3,"//H
3
j:x1=0.236, 0.056, y1=0.016, fr=0.589, rotstif=0.887, l=1.192
j:-0.484, -0.2754315687343478, 0.5367494928650558, 0.19809298729524016, -0.9219041368924081, 0.6480280407704413, fr=1.998
j:0.9952302942983806, 0.2822707360610366, -0.674, 0.05028228322044015, -0.18298749951645732, -0.9189932788722217, fr=0.061, rotstif=0.913, l=0.862
j:-0.9551832447759807, 0.6240110346116126, 0.7934559336863458, 0.8033395409584045, 0.7298841364681721, 0.6905053132213652, rotstif=0.922, l=0.853
j:0.1566816857084632, 0.038293737918138504, 0.898905529640615, 0.4589673411101103, -0.4194320309907198, -0.17830685572698712, fr=0.789
j:-0.35044325701892376, 0.3144486811943352, -0.2915359465405345, -0.77429040055722, 0.6053830808959901, -0.651209975592792, fr=0.192, l=0.849
j:-0.7635053456760943, 0.17548533715307713, 0.5616385000757873, -0.7752646235749125, 0.6479587121866643, -0.9765606494620442, fr=0.152, l=1.16
j:-0.5167451584711671, 0.03792934399098158, 0.6070055356249213, -0.9712722371332347, 0.19098481675609946, -0.4591257073916495, fr=0.905, l=0.966
j:-0.7095818971283734, -0.43440802907571197, 0.6751327295787632, 0.5524589545093477, -0.6376645741984248, 0.9143388289958239, l=1.413
n:-0.8852930250577629, -0.9658983373083174, -0.5856141750700772, -0.9707079282961786, -0.39251838484779, 0.23717506183311343, d=S
n:0.12138806749135256, -0.8558362713083625, -0.30874029314145446, 0.9320059292949736, -0.9208812578581274, -0.16646586172282696, d=@:p=0.967
n:-0.4501496101729572, -0.9460830772295594, 0.9140725191682577, -0.9187408611178398, -0.1060163788497448, -0.07410808745771646, d=T:ry=2.363
n:0.4163446892052889, -0.7659760001115501, 0.04085390456020832, -0.8426512815058231, -0.5034053279086947, -0.08087775576859713, d=T:ry=0.99
n:0.4318055431358516, 0.8560936232097447, 0.8656377755105495, -0.4004013300873339, -0.8552811839617789, -0.7275380282662809, d=@:p=0.991
n:0.4391315411776304, -0.9869484691880643, -0.948967486154288, -0.8025402431376278, 0.7419501007534564, -0.6642779349349439, d=@:p=0.763
c:-0.971, -0.591, -0.26402538269758224, -0.817, 0.11755119869485497, -0.8849945333786309, 3.726
c:-0.7435961081646383, -0.8522691801190376, -0.7936024302616715, 0.06375897116959095, 0.9709768178872764, -0.38701370218768716, -8.248
",0.004549190811787437,"//H
3
j:x1=0.236, 0.056, y1=0.016, fr=0.589, rotstif=0.887, l=1.192
j:-0.484, -0.2754315687343478, 0.5367494928650558, 0.19809298729524016, -0.9219041368924081, 0.6480280407704413, fr=1.998
j:0.9952302942983806, 0.2822707360610366, -0.674, 0.05028228322044015, -0.18298749951645732, -0.9189932788722217, fr=0.061, rotstif=0.913, l=0.862
j:-0.9551832447759807, 0.6240110346116126, 0.7934559336863458, 0.8033395409584045, 0.7298841364681721, 0.6905053132213652, rotstif=0.922, l=0.853
j:0.1566816857084632, 0.038293737918138504, 0.898905529640615, 0.4589673411101103, -0.4194320309907198, -0.17830685572698712, fr=0.789
j:-0.35044325701892376, 0.3144486811943352, -0.2915359465405345, -0.77429040055722, 0.6053830808959901, -0.651209975592792, fr=0.192, l=0.849
j:-0.7635053456760943, 0.17548533715307713, 0.5616385000757873, -0.7752646235749125, 0.6479587121866643, -0.9765606494620442, fr=0.152, l=1.16
j:-0.5167451584711671, 0.03792934399098158, 0.6070055356249213, -0.9712722371332347, 0.19098481675609946, -0.4591257073916495, fr=0.905, l=0.966
j:-0.7095818971283734, -0.43440802907571197, 0.6751327295787632, 0.5524589545093477, -0.6376645741984248, 0.9143388289958239, l=1.413
n:-0.8852930250577629, -0.9658983373083174, -0.5856141750700772, -0.9707079282961786, -0.39251838484779, 0.23717506183311343, d=S
n:-0.4501496101729572, -0.9460830772295594, 0.9140725191682577, -0.9187408611178398, -0.1060163788497448, -0.07410808745771646, d=T:ry=2.363
n:0.4163446892052889, -0.7659760001115501, 0.04085390456020832, -0.8426512815058231, -0.5034053279086947, -0.08087775576859713, d=T:ry=0.99
n:0.4318055431358516, 0.8560936232097447, 0.8656377755105495, -0.4004013300873339, -0.8552811839617789, -0.7275380282662809, d=@:p=0.991
n:0.4391315411776304, -0.9869484691880643, -0.948967486154288, -0.8025402431376278, 0.7419501007534564, -0.6642779349349439, d=@:p=0.763
c:-0.971, -0.591, -0.26402538269758224, -0.817, 0.11755119869485497, -0.8849945333786309, 3.726
c:-0.7435961081646383, -0.8522691801190376, -0.7936024302616715, 0.06375897116959095, 0.9709768178872764, -0.38701370218768716, -8.248
",3.2879258146577433e-06,feasible,21
11,H,3,"//H
3
j:x1=0.236, 0.056, y1=0.016, fr=0.589, rotstif=0.887, l=1.192
j:-0.484, -0.2754315687343478, 0.5367494928650558, 0.19809298729524016, -0.9219041368924081, 0.6480280407704413, fr=1.998
j:0.9952302942983806, 0.2822707360610366, -0.674, 0.05028228322044015, -0.18298749951645732, -0.9189932788722217, fr=0.061, rotstif=0.913, l=0.862
j:-0.9551832447759807, 0.6240110346116126, 0.7934559336863458, 0.8033395409584045, 0.7298841364681721, 0.6905053132213652, rotstif=0.922, l=0.853
j:0.1566816857084632, 0.038293737918138504, 0.898905529640615, 0.4589673411101103, -0.4194320309907198, -0.17830685572698712, fr=0.789
j:-0.35044325701892376, 0.3144486811943352, -0.2915359465405345, -0.77429040055722, 0.6053830808959901, -0.651209975592792, fr=0.192, l=0.849
j:-0.7635053456760943, 0.17548533715307713, 0.5616385000757873, -0.7752646235749125, 0.6479587121866643, -0.9765606494620442, fr=0.152, l=1.16
j:-0.5167451584711671, 0.03792934399098158, 0.6070055356249213, -0.9712722371332347, 0.19098481675609946, -0.4591257073916495, fr=0.905, l=0.966
j:-0.7095818971283734, -0.43440802907571197, 0.6751327295787632, 0.5524589545093477, -0.6376645741984248, 0.9143388289958239, l=1.413
n:-0.8852930250577629, -0.9658983373083174, -0.5856141750700772, -0.9707079282961786, -0.39251838484779, 0.23717506183311343, d=S
n:0.12138806749135256, -0.8558362713083625, -0.30874029314145446, 0.9320059292949736, -0.9208812578581274, -0.16646586172282696, d=@:p=0.967
n:-0.4501496101729572, -0.9460830772295594, 0.9140725191682577, -0.9187408611178398, -0.1060163788497448, -0.07410808745771646, d=T:ry=2.363
n:0.4163446892052889, -0.7659760001115501, 0.04085390456020832, -0.8426512815058231, -0.5034053279086947, -0.08087775576859713, d=T:ry=0.99
n:0.4318055431358516, 0.8560936232097447, 0.8656377755105495, -0.4004013300873339, -0.8552811839617789, -0.7275380282662809, d=@:p=0.991
n:0.4391315411776304, -0.9869484691880643, -0.948967486154288, -0.8025402431376278, 0.7419501007534564, -0.6642779349349439, d=@:p=0.763
c:-0.971, -0.591, -0.26402538269758224, -0.817, 0.11755119869485497, -0.8849945333786309, 3.726
c:-0.7435961081646383, -0.8522691801190376, -0.7936024302616715, 0.06375897116959095, 0.9709768178872764, -0.38701370218768716, -8.248
",0.004549190811787437,"//H
3
j:x1=0.236, 0.056, y1=0.016, fr=0.589, rotstif=0.887, l=1.192
j:-0.484, -0.2754315687343478, 0.5367494928650558, 0.19809298729524016, -0.9219041368924081, 0.6480280407704413, fr=1.998
j:0.9952302942983806, 0.2822707360610366, -0.674, 0.05028228322044015, -0.18298749951645732, -0.9189932788722217, fr=0.061, rotstif=0.913, l=0.862
j:-0.9551832447759807, 0.6240110346116126, 0.7934559336863458, 0.8033395409584045, 0.7298841364681721, 0.6905053132213652, rotstif=0.922, l=0.853
j:0.1566816857084632, 0.038293737918138504, 0.898905529640615, 0.4589673411101103, -0.4194320309907198, -0.17830685572698712, fr=0.789
j:-0.35044325701892376, 0.3144486811943352, -0.2915359465405345, -0.77429040055722, 0.6053830808959901, -0.651209975592792, fr=0.192, l=0.849
j:-0.7635053456760943, 0.17548533715307713, 0.5616385000757873, -0.7752646235749125, 0.6479587121866643, -0.9765606494620442, fr=0.152, l=1.16
j:-0.5167451584711671, 0.03792934399098158, 0.6070055356249213, -0.9712722371332347, 0.19098481675609946, -0.4591257073916495, fr=0.905, l=0.966
j:-0.7095818971283734, -0.43440802907571197, 0.6751327295787632, 0.5524589545093477, -0.6376645741984248, 0.587, l=1.413
n:-0.8852930250577629, -0.9658983373083174, -0.5856141750700772, -0.9707079282961786, -0.39251838484779, 0.23717506183311343, d=S
n:0.12138806749135256, -0.8558362713083625, -0.30874029314145446, 0.9320059292949736, -0.9208812578581274, -0.16646586172282696, d=@:p=0.967
n:-0.4501496101729572, -0.9460830772295594, 0.9140725191682577, -0.9187408611178398, -0.1060163788497448, -0.07410808745771646, d=T:ry=2.363
n:0.4163446892052889, -0.7659760001115501, 0.04085390456020832, -0.8426512815058231, -0.5034053279086947, -0.08087775576859713, d=T:ry=0.99
n:0.4318055431358516, 0.8560936232097447, 0.8656377755105495, -0.4004013300873339, -0.8552811839617789, -0.7275380282662809, d=@:p=0.991
n:0.4391315411776304, -0.9869484691880643, -0.948967486154288, -0.8025402431376278, 0.7419501007534564, -0.6642779349349439, d=@:p=0.763
c:-0.971, -0.591, -0.26402538269758224, -0.817, 0.11755119869485497, -0.8849945333786309, 3.726
c:-0.7435961081646383, -0.8522691801190376, -0.7936024302616715, 0.06375897116959095, 0.9709768178872764, -0.38701370218768716, -8.248
",0.004549190811787437,feasible,21
11,H,3,"//H
3
j:x1=0.236, 0.056, y1=0.016, fr=0.589, rotstif=0.887, l=1.192
j:-0.484, -0.2754315687343478, 0.5367494928650558, 0.19809298729524016, -0.9219041368924081, 0.6480280407704413, fr=1.998
j:0.9952302942983806, 0.2822707360610366, -0.674, 0.05028228322044015, -0.18298749951645732, -0.9189932788722217, fr=0.061, rotstif=0.913, l=0.862
j:-0.9551832447759807, 0.6240110346116126, 0.7934559336863458, 0.8033395409584045, 0.7298841364681721, 0.6905053132213652, rotstif=0.922, l=0.853
j:0.1566816857084632, 0.038293737918138504, 0.898905529640615, 0.4589673411101103, -0.4194320309907198, -0.17830685572698712, fr=0.789
j:-0.35044325701892376, 0.3144486811943352, -0.2915359465405345, -0.77429040055722, 0.6053830808959901, -0.651209975592792, fr=0.192, l=0.849
j:-0.7635053456760943, 0.17548533715307713, 0.5616385000757873, -0.7752646235749125, 0.6479587121866643, -0.9765606494620442, fr=0.152, l=1.16
j:-0.5167451584711671, 0.03792934399098158, 0.6070055356249213, -0.9712722371332347, 0.19098481675609946, -0.4591257073916495, fr=0.905, l=0.966
j:-0.7095818971283734, -0.43440802907571197, 0.6751327295787632, 0.5524589545093477, -0.6376645741984248, 0.9143388289958239, l=1.413
n:-0.8852930250577629, -0.9658983373083174, -0.5856141750700772, -0.9707079282961786, -0.39251838484779, 0.23717506183311343, d=S
n:0.12138806749135256, -0.8558362713083625, -0.30874029314145446, 0.9320059292949736, -0.9208812578581274, -0.16646586172282696, d=@:p=0.967
n:-0.4501496101729572, -0.9460830772295594, 0.9140725191682577, -0.9187408611178398, -0.1060163788497448, -0.07410808745771646, d=T:ry=2.363
n:0.4163446892052889, -0.7659760001115501, 0.04085390456020832, -0.8426512815058231, -0.5034053279086947, -0.08087775576859713, d=T:ry=0.99
n:0.4318055431358516, 0.8560936232097447, 0.8656377755105495, -0.4004013300873339, -0.8552811839617789, -0.7275380282662809, d=@:p=0.991
n:0.4391315411776304, -0.9869484691880643, -0.948967486154288, -0.8025402431376278, 0.7419501007534564, -0.6642779349349439, d=@:p=0.763
c:-0.971, -0.591, -0.26402538269758224, -0.817, 0.11755119869485497, -0.8849945333786309, 3.726
c:-0.7435961081646383, -0.8522691801190376, -0.7936024302616715, 0.06375897116959095, 0.9709768178872764, -0.38701370218768716, -8.248
",0.004549190811787437,"//H
3
j:x1=0.236, 0.056, y1=0.016, fr=0.589, rotstif=0.887, l=1.192
j:-0.484, -0.2754315687343478, 0.5367494928650558, 0.19809298729524016, -0.9219041368924081, 0.6480280407704413, fr=1.998
j:0.9952302942983806, 0.2822707360610366, -0.674, 0.05028228322044015, -0.18298749951645732, -0.9189932788722217, fr=0.061, rotstif=0.913, l=0.862
j:-0.9551832447759807, 0.6240110346116126, 0.7934559336863458, 0.8033395409584045, 0.7298841364681721, 0.6905053132213652, rotstif=0.922, l=0.853
j:0.1566816857084632, 0.038293737918138504, 0.898905529640615, 0.4589673411101103, -0.4194320309907198, -0.17830685572698712, fr=0.789
j:-0.35044325701892376, 0.3144486811943352, -0.2915359465405345, -0.77429040055722, 0.6053830808959901, -0.651209975592792, fr=0.192, l=0.849
j:-0.7635053456760943, 0.17548533715307713, 0.5616385000757873, -0.7752646235749125, 0.6479587121866643, -0.9765606494620442, fr=0.152, l=1.16
j:-0.5167451584711671, 0.03792934399098158, 0.6070055356249213, -0.9712722371332347, 0.19098481675609946, -0.4591257073916495, fr=0.905, l=0.966
j:-0.7095818971283734, -0.43440802907571197, 0.6751327295787632, 0.5524589545093477, -0.6376645741984248, 0.9143388289958239, l=1.413
n:-0.8852930250577629, -0.9658983373083174, -0.5856141750700772, -0.9707079282961786, -0.39251838484779, 0.23717506183311343, d=S
n:0.12138806749135256, -0.8558362713083625, -0.30874029314145446, 0.9320059292949736, -0.9208812578581274, -0.16646586172282696, d=@:p=0.967
n:-0.4501496101729572, -0.9460830772295594, 0.9140725191682577, -0.9187408611178398, -0.1060163788497448, -0.07410808745771646, d=T:ry=2.363
n:0.4163446892052889, -0.7659760001115501, 0.04085390456020832, -0.8426512815058231, -0.5034053279086947, -0.08087775576859713, d=T:ry=0.99
n:0.4318055431358516, 0.8560936232097447, 0.8656377755105495, -0.4004013300873339, -0.8552811839617789, -0.7275380282662809, d=@:p=0.991
n:0.4391315411776304, -0.9869484691880643, -0.948967486154288, -0.8025402431376278, 0.7419501007534564, -0.6642779349349439, d=@:p=0.763
n:-0.7876482070423663, -0.8302448126487434, -0.30423471657559276, -0.03390076942741871, 0.9363243957050145, 0.3767861286178231, d=@:p=0.957
c:-0.971, -0.591, -0.26402538269758224, -0.817, 0.11755119869485497, -0.8849945333786309, 3.726
c:-0.7435961081646383, -0.8522691801190376, -0.7936024302616715, 0.06375897116959095, 0.9709768178872764, -0.38701370218768716, -8.248
",0.00019211388271215765,feasible,21
11,H,3,"//H
3
j:x1=0.236, 0.056, y1=0.016, fr=0.589, rotstif=0.887, l=1.192
j:-0.484, -0.2754315687343478, 0.5367494928650558, 0.19809298729524016, -0.9219041368924081, 0.6480280407704413, fr=1.998
j:0.9952302942983806, 0.2822707360610366, -0.674, 0.05028228322044015, -0.18298749951645732, -0.9189932788722217, fr=0.061, rotstif=0.913, l=0.862
j:-0.9551832447759807, 0.6240110346116126, 0.7934559336863458, 0.8033395409584045, 0.7298841364681721, 0.6905053132213652, rotstif=0.922, l=0.853
j:0.1566816857084632, 0.038293737918138504, 0.898905529640615, 0.4589673411101103, -0.4194320309907198, -0.17830685572698712, fr=0.789
j:-0.35044325701892376, 0.3144486811943352, -0.2915359465405345, -0.77429040055722, 0.6053830808959901, -0.651209975592792, fr=0.192, l=0.849
j:-0.7635053456760943, 0.17548533715307713, 0.5616385000757873, -0.7752646235749125, 0.6479587121866643, -0.9765606494620442, fr=0.152, l=1.16
j:-0.5167451584711671, 0.03792934399098158, 0.6070055356249213, -0.9712722371332347, 0.19098481675609946, -0.4591257073916495, fr=0.905, l=0.966
j:-0.7095818971283734, -0.43440802907571197, 0.6751327295787632, 0.5524589545093477, -0.6376645741984248, 0.9143388289958239, l=1.413
n:-0.8852930250577629, -0.9658983373083174, -0.5856141750700772, -0.9707079282961786, -0.39251838484779, 0.23717506183311343, d=S
n:0.12138806749135256, -0.8558362713083625, -0.30874029314145446, 0.9320059292949736, -0.9208812578581274, -0.16646586172282696, d=@:p=0.967
n:-0.4501496101729572, -0.9460830772295594, 0.9140725191682577, -0.9187408611178398, -0.1060163788497448, -0.07410808745771646, d=T:ry=2.363
n:0.4163446892052889, -0.7659760001115501, 0.04085390456020832, -0.8426512815058231, -0.5034053279086947, -0.08087775576859713, d=T:ry=0.99
n:0.4318055431358516, 0.8560936232097447, 0.8656377755105495, -0.4004013300873339, -0.8552811839617789, -0.7275380282662809, d=@:p=0.991
n:0.4391315411776304, -0.9869484691880643, -0.948967486154288, -0.8025402431376278, 0.7419501007534564, -0.6642779349349439, d=@:p=0.763
c:-0.971, -0.591, -0.26402538269758224, -0.817, 0.11755119869485497, -0.8849945333786309, 3.726
c:-0.7435961081646383, -0.8522691801190376, -0.7936024302616715, 0.06375897116959095, 0.9709768178872764, -0.38701370218768716, -8.248
",0.004549190811787437,"//H
3
j:x1=0.236, 0.056, y1=0.016, fr=0.589, rotstif=0.887, l=1.192
j:-0.484, -0.2754315687343478, 0.5367494928650558, 0.19809298729524016, -0.9219041368924081, 0.6480280407704413, fr=1.998
j:0.9952302942983806, 0.2822707360610366, -0.674, 0.05028228322044015, -0.18298749951645732, -0.9189932788722217, fr=0.061, rotstif=0.913, l=0.862
j:-0.9551832447759807, 0.6240110346116126, 0.7934559336863458, 0.8033395409584045, 0.7298841364681721, 0.6905053132213652, rotstif=0.922, l=0.853
j:0.1566816857084632, 0.038293737918138504, 0.898905529640615, 0.4589673411101103, -0.4194320309907198, -0.17830685572698712, fr=0.789
j:-0.35044325701892376, 0.3144486811943352, -0.2915359465405345, -0.77429040055722, 0.6053830808959901, -0.651209975592792, fr=0.192, l=0.849
j:-0.7635053456760943, 0.17548533715307713, 0.5616385000757873, -0.7752646235749125, 0.6479587121866643, -0.9765606494620442, fr=0.152, l=1.16
j:-0.5167451584711671, 0.03792934399098158, 0.6070055356249213, -0.9712722371332347, 0.19098481675609946, -0.4591257073916495, fr=0.905, l=0.966
j:-0.7095818971283734, -0.43440802907571197, 0.6751327295787632, 0.5524589545093477, -0.6376645741984248, 0.9143388289958239, l=1.413
n:-0.8852930250577629, -0.9658983373083174, -0.5856141750700772, -0.9707079282961786, -0.39251838484779, 0.23717506183311343, d=S
n:0.12138806749135256, -0.8558362713083625, -0.30874029314145446, 0.9320059292949736, -0.9208812578581274, -0.16646586172282696, d=@:p=0.967
n:-0.4501496101729572, -0.9460830772295594, 0.9140725191682577, -0.9187408611178398, -0.1060163788497448, -0.07410808745771646, d=T:ry=2.363
n:0.4163446892052889, -0.7659760001115501, 0.04085390456020832, -0.8426512815058231, -0.5034053279086947, -0.08087775576859713, d=T:ry=0.99
n:0.4318055431358516, 0.8560936232097447, 0.8656377755105495, -0.4004013300873339, -0.8552811839617789, -0.7275380282662809, d=@:p=0.991
n:0.4391315411776304, -0.9869484691880643, -0.948967486154288, -0.8025402431376278, 0.7419501007534564, -0.6642779349349439, d=@:p=0.763
n:-0.8784547778777778, 0.372309033293277, -0.8644656515680254, -0.6185231781564653, 0.3909472730010748, 0.6158096133731306, d=G
c:-0.971, -0.591, -0.26402538269758224, -0.817, 0.11755119869485497, -0.8849945333786309, 3.726
c:-0.7435961081646383, -0.8522691801190376, -0.7936024302616715, 0.06375897116959095, 0.9709768178872764, -0.38701370218768716, -8.248
",0.004549190811787437,feasible,21
11,H,3,"//H
3
j:x1=0.236, 0.056, y1=0.016, fr=0.589, rotstif=0.887, l=1.192
j:-0.484, -0.2754315687343478, 0.5367494928650558, 0.19809298729524016, -0.9219041368924081, 0.6480280407704413, fr=1.998
j:0.9952302942983806, 0.2822707360610366, -0.674, 0.05028228322044015, -0.18298749951645732, -0.9189932788722217, fr=0.061, rotstif=0.913, l=0.862
j:-0.9551832447759807, 0.6240110346116126, 0.7934559336863458, 0.8033395409584045, 0.7298841364681721, 0.6905053132213652, rotstif=0.922, l=0.853
j:0.1566816857084632, 0.038293737918138504, 0.898905529640615, 0.4589673411101103, -0.4194320309907198, -0.17830685572698712, fr=0.789
j:-0.35044325701892376, 0.3144486811943352, -0.2915359465405345, -0.77429040055722, 0.6053830808959901, -0.651209975592792, fr=0.192, l=0.849
j:-0.7635053456760943, 0.17548533715307713, 0.5616385000757873, -0.7752646235749125, 0.6479587121866643, -0.9765606494620442, fr=0.152, l=1.16
j:-0.5167451584711671, 0.03792934399098158, 0.6070055356249213, -0.9712722371332347, 0.19098481675609946, -0.4591257073916495, fr=0.905, l=0.966
j:-0.7095818971283734, -0.43440802907571197, 0.6751327295787632, 0.5524589545093477, -0.6376645741984248, 0.9143388289958239, l=1.413
n:-0.8852930250577629, -0.9658983373083174, -0.5856141750700772, -0.9707079282961786, -0.39251838484779, 0.23717506183311343, d=S
n:0.12138806749135256, -0.8558362713083625, -0.30874029314145446, 0.9320059292949736, -0.9208812578581274, -0.16646586172282696, d=@:p=0.967
n:-0.4501496101729572, -0.9460830772295594, 0.9140725191682577, -0.9187408611178398, -0.1060163788497448, -0.07410808745771646, d=T:ry=2.363
n:0.4163446892052889, -0.7659760001115501, 0.04085390456020832, -0.8426512815058231, -0.5034053279086947, -0.08087775576859713, d=T:ry=0.99
n:0.4318055431358516, 0.8560936232097447, 0.8656377755105495, -0.4004013300873339, -0.8552811839617789, -0.7275380282662809, d=@:p=0.991
n:0.4391315411776304, -0.9869484691880643, -0.948967486154288, -0.8025402431376278, 0.7419501007534564, -0.6642779349349439, d=@:p=0.763
c:-0.971, -0.591, -0.26402538269758224, -0.817, 0.11755119869485497, -0.8849945333786309, 3.726
c:-0.7435961081646383, -0.8522691801190376, -0.7936024302616715, 0.06375897116959095, 0.9709768178872764, -0.38701370218768716, -8.248
",0.004549190811787437,"//H
3
j:x1=0.236, 0.056, y1=0.016, fr=0.589, rotstif=0.887, l=1.192
j:-0.484, -0.2754315687343478, 0.5367494928650558, 0.19809298729524016, -0.9219041368924081, 0.6480280407704413, fr=1.998
j:0.9952302942983806, 0.2822707360610366, -0.674, 0.05028228322044015, -0.18298749951645732, -0.9189932788722217, fr=0.061, rotstif=0.913, l=0.862
j:-0.9551832447759807, 0.6240110346116126, 0.7934559336863458, 0.8033395409584045, 0.7298841364681721, 0.6905053132213652, rotstif=0.922, l=0.853
j:0.1566816857084632, 0.038293737918138504, 0.898905529640615, 0.4589673411101103, -0.4194320309907198, -0.17830685572698712, fr=0.789
j:-0.35044325701892376, 0.3144486811943352, -0.2915359465405345, -0.77429040055722, 0.6053830808959901, -0.651209975592792, fr=0.192, l=0.849
j:-0.7635053456760943, 0.17548533715307713, 0.5616385000757873, -0.7752646235749125, 0.6479587121866643, -0.9765606494620442, fr=0.152, l=1.16
j:-0.5167451584711671, 0.03792934399098158, 0.6070055356249213, -0.9712722371332347, 0.19098481675609946, -0.4591257073916495, fr=0.905, l=0.966
j:-0.7095818971283734, -0.43440802907571197, 0.6751327295787632, 0.5524589545093477, -0.6376645741984248, 0.9143388289958239, l=1.413
n:-0.8852930250577629, -0.9658983373083174, -0.5856141750700772, -0.9707079282961786, -0.39251838484779, 0.23717506183311343, d=S
n:0.12138806749135256, -0.8558362713083625, -0.30874029314145446, 0.9320059292949736, -0.9208812578581274, -0.16646586172282696, d=@:p=0.967
n:-0.4501496101729572, -0.9460830772295594, 0.9140725191682577, -0.9187408611178398, -0.1060163788497448, -0.07410808745771646, d=""T:ry=2.363, rz=-0.289""
n:0.4163446892052889, -0.7659760001115501, 0.04085390456020832, -0.8426512815058231, -0.5034053279086947, -0.08087775576859713, d=T:ry=0.99
n:0.4318055431358516, 0.8560936232097447, 0.8656377755105495, -0.4004013300873339, -0.8552811839617789, -0.7275380282662809, d=@:p=0.991
n:0.4391315411776304, -0.9869484691880643, -0.948967486154288, -0.8025402431376278, 0.7419501007534564, -0.6642779349349439, d=@:p=0.763
c:-0.971, -0.591, -0.26402538269758224, -0.817, 0.11755119869485497, -0.8849945333786309, 3.726
c:-0.7435961081646383, -0.8522691801190376, -0.7936024302616715, 0.06375897116959095, 0.9709768178872764, -0.38701370218768716, -8.248
",0.004549190811787437,feasible,21
11,H,3,"//H
3
j:x1=0.236, 0.056, y1=0.016, fr=0.589, rotstif=0.887, l=1.192
j:-0.484, -0.2754315687343478, 0.5367494928650558, 0.19809298729524016, -0.9219041368924081, 0.6480280407704413, fr=1.998
j:0.9952302942983806, 0.2822707360610366, -0.674, 0.05028228322044015, -0.18298749951645732, -0.9189932788722217, fr=0.061, rotstif=0.913, l=0.862
j:-0.9551832447759807, 0.6240110346116126, 0.7934559336863458, 0.8033395409584045, 0.7298841364681721, 0.6905053132213652, rotstif=0.922, l=0.853
j:0.1566816857084632, 0.038293737918138504, 0.898905529640615, 0.4589673411101103, -0.4194320309907198, -0.17830685572698712, fr=0.789
j:-0.35044325701892376, 0.3144486811943352, -0.2915359465405345, -0.77429040055722, 0.6053830808959901, -0.651209975592792, fr=0.192, l=0.849
j:-0.7635053456760943, 0.17548533715307713, 0.5616385000757873, -0.7752646235749125, 0.6479587121866643, -0.9765606494620442, fr=0.152, l=1.16
j:-0.5167451584711671, 0.03792934399098158, 0.6070055356249213, -0.9712722371332347, 0.19098481675609946, -0.4591257073916495, fr=0.905, l=0.966
j:-0.7095818971283734, -0.43440802907571197, 0.6751327295787632, 0.5524589545093477, -0.6376645741984248, 0.9143388289958239, l=1.413
n:-0.8852930250577629, -0.9658983373083174, -0.5856141750700772, -0.9707079282961786, -0.39251838484779, 0.23717506183311343, d=S
n:0.12138806749135256, -0.8558362713083625, -0.30874029314145446, 0.9320059292949736, -0.9208812578581274, -0.16646586172282696, d=@:p=0.967
n:-0.4501496101729572, -0.9460830772295594, 0.9140725191682577, -0.9187408611178398, -0.1060163788497448, -0.07410808745771646, d=T:ry=2.363
n:0.4163446892052889, -0.7659760001115501, 0.04085390456020832, -0.8426512815058231, -0.5034053279086947, -0.08087775576859713, d=T:ry=0.99
n:0.4318055431358516, 0.8560936232097447, 0.8656377755105495, -0.4004013300873339, -0.8552811839617789, -0.7275380282662809, d=@:p=0.991
n:0.4391315411776304, -0.9869484691880643, -0.948967486154288, -0.8025402431376278, 0.7419501007534564, -0.6642779349349439, d=@:p=0.763
c:-0.971, -0.591, -0.26402538269758224, -0.817, 0.11755119869485497, -0.8849945333786309, 3.726
c:-0.7435961081646383, -0.8522691801190376, -0.7936024302616715, 0.06375897116959095, 0.9709768178872764, -0.38701370218768716, -8.248
",0.004549190811787437,"//H
3
j:x1=0.236, 0.056, y1=0.016, fr=0.589, rotstif=0.887, l=1.192
j:-0.484, -0.2754315687343478, 0.5367494928650558, 0.19809298729524016, -0.9219041368924081, 0.6480280407704413, fr=1.998
j:0.9952302942983806, 0.2822707360610366, -0.674, 0.05028228322044015, -0.18298749951645732, -0.9189932788722217, fr=0.061, rotstif=0.913, l=0.862
j:-0.9551832447759807, 0.6240110346116126, 0.7934559336863458, 0.8033395409584045, 0.7298841364681721, 0.6905053132213652, rotstif=0.922, l=0.853
j:0.1566816857084632, 0.038293737918138504, 0.898905529640615, 0.4589673411101103, -0.4194320309907198, -0.17830685572698712, fr=0.789
j:-0.35044325701892376, 0.3144486811943352, -0.2915359465405345, -0.77429040055722, 0.6053830808959901, -0.651209975592792, fr=0.192, l=0.849
j:-0.7635053456760943, 0.17548533715307713, 0.5616385000757873, -0.7752646235749125, 0.6479587121866643, -0.9765606494620442, fr=0.152, l=1.16
j:-0.5167451584711671, 0.03792934399098158, 0.6070055356249213, -0.9712722371332347, 0.19098481675609946, -0.4591257073916495, fr=0.905, l=0.966
j:-0.7095818971283734, -0.43440802907571197, 0.6751327295787632, 0.5524589545093477, -0.6376645741984248, 0.9143388289958239, l=1.413
n:-0.8852930250577629, -0.9658983373083174, -0.5856141750700772, -0.9707079282961786, -0.39251838484779, 0.23717506183311343, d=S
n:0.12138806749135256, -0.8558362713083625, -0.30874029314145446, 0.9320059292949736, -0.9208812578581274, -0.16646586172282696, d=@:p=0.967
n:0.4163446892052889, -0.7659760001115501, 0.04085390456020832, -0.8426512815058231, -0.5034053279086947, -0.08087775576859713, d=T:ry=0.99
n:0.4318055431358516, 0.8560936232097447, 0.8656377755105495, -0.4004013300873339, -0.8552811839617789, -0.7275380282662809, d=@:p=0.991
n:0.4391315411776304, -0.9869484691880643, -0.948967486154288, -0.8025402431376278, 0.7419501007534564, -0.6642779349349439, d=@:p=0.763
c:-0.971, -0.591, -0.26402538269758224, -0.817, 0.11755119869485497, -0.8849945333786309, 3.726
c:-0.7435961081646383, -0.8522691801190376, -0.7936024302616715, 0.06375897116959095, 0.9709768178872764, -0.38701370218768716, -8.248
",0.004549190811787437,feasible,21
11,H,3,"//H
3
j:x1=0.236, 0.056, y1=0.016, fr=0.589, rotstif=0.887, l=1.192
j:-0.484, -0.2754315687343478, 0.5367494928650558, 0.19809298729524016, -0.9219041368924081, 0.6480280407704413, fr=1.998
j:0.9952302942983806, 0.2822707360610366, -0.674, 0.05028228322044015, -0.18298749951645732, -0.9189932788722217, fr=0.061, rotstif=0.913, l=0.862
j:-0.9551832447759807, 0.6240110346116126, 0.7934559336863458, 0.8033395409584045, 0.7298841364681721, 0.6905053132213652, rotstif=0.922, l=0.853
j:0.1566816857084632, 0.038293737918138504, 0.898905529640615, 0.4589673411101103, -0.4194320309907198, -0.17830685572698712, fr=0.789
j:-0.35044325701892376, 0.3144486811943352, -0.2915359465405345, -0.77429040055722, 0.6053830808959901, -0.651209975592792, fr=0.192, l=0.849
j:-0.7635053456760943, 0.17548533715307713, 0.5616385000757873, -0.7752646235749125, 0.6479587121866643, -0.9765606494620442, fr=0.152, l=1.16
j:-0.5167451584711671, 0.03792934399098158, 0.6070055356249213, -0.9712722371332347, 0.19098481675609946, -0.4591257073916495, fr=0.905, l=0.966
j:-0.7095818971283734, -0.43440802907571197, 0.6751327295787632, 0.5524589545093477, -0.6376645741984248, 0.9143388289958239, l=1.413
n:-0.8852930250577629, -0.9658983373083174, -0.5856141750700772, -0.9707079282961786, -0.39251838484779, 0.23717506183311343, d=S
n:0.12138806749135256, -0.8558362713083625, -0.30874029314145446, 0.9320059292949736, -0.9208812578581274, -0.16646586172282696, d=@:p=0.967
n:-0.4501496101729572, -0.9460830772295594, 0.9140725191682577, -0.9187408611178398, -0.1060163788497448, -0.07410808745771646, d=T:ry=2.363
n:0.4163446892052889, -0.7659760001115501, 0.04085390456020832, -0.8426512815058231, -0.5034053279086947, -0.08087775576859713, d=T:ry=0.99
n:0.4318055431358516, 0.8560936232097447, 0.8656377755105495, -0.4004013300873339, -0.8552811839617789, -0.7275380282662809, d=@:p=0.991
n:0.4391315411776304, -0.9869484691880643, -0.948967486154288, -0.8025402431376278, 0.7419501007534564, -0.6642779349349439, d=@:p=0.763
c:-0.971, -0.591, -0.26402538269758224, -0.817, 0.11755119869485497, -0.8849945333786309, 3.726
c:-0.7435961081646383, -0.8522691801190376, -0.7936024302616715, 0.06375897116959095, 0.9709768178872764, -0.38701370218768716, -8.248
",0.004549190811787437,"//H
3
j:x1=0.236, 0.056, y1=0.016, fr=0.589, rotstif=0.887, l=1.192
j:-0.484, -0.2754315687343478, 0.5367494928650558, 0.19809298729524016, -0.9219041368924081, 0.6480280407704413, fr=1.998
j:0.9952302942983806, 0.2822707360610366, -0.674, 0.05028228322044015, -0.18298749951645732, -0.9189932788722217, fr=0.701, rotstif=0.913, l=0.862
j:-0.9551832447759807, 0.6240110346116126, 0.7934559336863458, 0.8033395409584045, 0.7298841364681721, 0.6905053132213652, rotstif=0.922, l=0.853
j:0.1566816857084632, 0.038293737918138504, 0.898905529640615, 0.4589673411101103, -0.4194320309907198, -0.17830685572698712, fr=0.789
j:-0.35044325701892376, 0.3144486811943352, -0.2915359465405345, -0.77429040055722, 0.6053830808959901, -0.651209975592792, fr=0.192, l=0.849
j:-0.7635053456760943, 0.17548533715307713, 0.5616385000757873, -0.7752646235749125, 0.6479587121866643, -0.9765606494620442, fr=0.152, l=1.16
j:-0.5167451584711671, 0.03792934399098158, 0.6070055356249213, -0.9712722371332347, 0.19098481675609946, -0.4591257073916495, fr=0.905, l=0.966
j:-0.7095818971283734, -0.43440802907571197, 0.6751327295787632, 0.5524589545093477, -0.6376645741984248, 0.9143388289958239, l=1.413
n:-0.8852930250577629, -0.9658983373083174, -0.5856141750700772, -0.9707079282961786, -0.39251838484779, 0.23717506183311343, d=S
n:0.12138806749135256, -0.8558362713083625, -0.30874029314145446, 0.9320059292949736, -0.9208812578581274, -0.16646586172282696, d=@:p=0.967
n:-0.4501496101729572, -0.9460830772295594, 0.9140725191682577, -0.9187408611178398, -0.1060163788497448, -0.07410808745771646, d=T:ry=2.363
n:0.4163446892052889, -0.7659760001115501, 0.04085390456020832, -0.8426512815058231, -0.5034053279086947, -0.08087775576859713, d=T:ry=0.99
n:0.4318055431358516, 0.8560936232097447, 0.8656377755105495, -0.4004013300873339, -0.8552811839617789, -0.7275380282662809, d=@:p=0.991
n:0.4391315411776304, -0.9869484691880643, -0.948967486154288, -0.8025402431376278, 0.7419501007534564, -0.6642779349349439, d=@:p=0.763
c:-0.971, -0.591, -0.26402538269758224, -0.817, 0.11755119869485497, -0.8849945333786309, 3.726
c:-0.7435961081646383, -0.8522691801190376, -0.7936024302616715, 0.06375897116959095, 0.9709768178872764, -0.38701370218768716, -8.248
",0.0005729995372729061,feasible,21
11,H,3,"//H
3
j:x1=0.236, 0.056, y1=0.016, fr=0.589, rotstif=0.887, l=1.192
j:-0.484, -0.2754315687343478, 0.5367494928650558, 0.19809298729524016, -0.9219041368924081, 0.6480280407704413, fr=1.998
j:0.9952302942983806, 0.2822707360610366, -0.674, 0.05028228322044015, -0.18298749951645732, -0.9189932788722217, fr=0.061, rotstif=0.913, l=0.862
j:-0.9551832447759807, 0.6240110346116126, 0.7934559336863458, 0.8033395409584045, 0.7298841364681721, 0.6905053132213652, rotstif=0.922, l=0.853
j:0.1566816857084632, 0.038293737918138504, 0.898905529640615, 0.4589673411101103, -0.4194320309907198, -0.17830685572698712, fr=0.789
j:-0.35044325701892376, 0.3144486811943352, -0.2915359465405345, -0.77429040055722, 0.6053830808959901, -0.651209975592792, fr=0.192, l=0.849
j:-0.7635053456760943, 0.17548533715307713, 0.5616385000757873, -0.7752646235749125, 0.6479587121866643, -0.9765606494620442, fr=0.152, l=1.16
j:-0.5167451584711671, 0.03792934399098158, 0.6070055356249213, -0.9712722371332347, 0.19098481675609946, -0.4591257073916495, fr=0.905, l=0.966
j:-0.7095818971283734, -0.43440802907571197, 0.6751327295787632, 0.5524589545093477, -0.6376645741984248, 0.9143388289958239, l=1.413
n:-0.8852930250577629, -0.9658983373083174, -0.5856141750700772, -0.9707079282961786, -0.39251838484779, 0.23717506183311343, d=S
n:0.12138806749135256, -0.8558362713083625, -0.30874029314145446, 0.9320059292949736, -0.9208812578581274, -0.16646586172282696, d=@:p=0.967
n:-0.4501496101729572, -0.9460830772295594, 0.9140725191682577, -0.9187408611178398, -0.1060163788497448, -0.07410808745771646, d=T:ry=2.363
n:0.4163446892052889, -0.7659760001115501, 0.04085390456020832, -0.8426512815058231, -0.5034053279086947, -0.08087775576859713, d=T:ry=0.99
n:0.4318055431358516, 0.8560936232097447, 0.8656377755105495, -0.4004013300873339, -0.8552811839617789, -0.7275380282662809, d=@:p=0.991
n:0.4391315411776304, -0.9869484691880643, -0.948967486154288, -0.8025402431376278, 0.7419501007534564, -0.6642779349349439, d=@:p=0.763
c:-0.971, -0.591, -0.26402538269758224, -0.817, 0.11755119869485497, -0.8849945333786309, 3.726
c:-0.7435961081646383, -0.8522691801190376, -0.7936024302616715, 0.06375897116959095, 0.9709768178872764, -0.38701370218768716, -8.248
",0.004549190811787437,"//H
3
j:x1=0.236, 0.056, y1=0.016, fr=0.589, rotstif=0.887, l=1.192
j:-0.484, -0.2754315687343478, 0.5367494928650558, 0.19809298729524016, -0.9219041368924081, 0.6480280407704413, fr=1.998
j:0.9952302942983806, 0.2822707360610366, -0.674, 0.05028228322044015, -0.18298749951645732, -0.9189932788722217, fr=0.061, rotstif=0.913, l=0.862
j:-0.9551832447759807, 0.6240110346116126, 0.7934559336863458, 0.8033395409584045, 0.7298841364681721, 0.6905053132213652, rotstif=0.922, l=0.853
j:0.1566816857084632, 0.038293737918138504, 0.898905529640615, 0.4589673411101103, -0.4194320309907198, -0.17830685572698712, fr=0.789
j:-0.35044325701892376, 0.3144486811943352, -0.2915359465405345, -0.77429040055722, 0.6053830808959901, -0.651209975592792, fr=0.192, l=0.849
j:-0.7635053456760943, 0.17548533715307713, 0.5616385000757873, -0.7752646235749125, 0.6479587121866643, -0.9765606494620442, fr=0.152, l=1.16
j:-0.5167451584711671, 0.03792934399098158, 0.6070055356249213, -0.9712722371332347, 0.19098481675609946, -0.4591257073916495, fr=0.905, l=0.966
j:-0.7095818971283734, -0.43440802907571197, 0.6751327295787632, 0.5524589545093477, -0.6376645741984248, 0.9143388289958239, l=1.413
n:-0.8852930250577629, -0.9658983373083174, -0.5856141750700772, -0.9707079282961786, -0.39251838484779, 0.23717506183311343, d=S
n:0.12138806749135256, -0.8558362713083625, -0.30874029314145446, 0.9320059292949736, -0.9208812578581274, -0.16646586172282696, d=@:p=0.967
n:-0.4501496101729572, -0.9460830772295594, 0.9140725191682577, -0.9187408611178398, -0.1060163788497448, -0.07410808745771646, d=T:ry=2.363
n:0.4163446892052889, -0.7659760001115501, 0.04085390456020832, -0.8426512815058231, -0.5034053279086947, -0.08087775576859713, d=T:ry=0.99
n:0.4318055431358516, 0.8560936232097447, 0.8656377755105495, -0.4004013300873339, -0.8552811839617789, -0.7275380282662809, d=@:p=0.991
n:0.4391315411776304, -0.9869484691880643, -0.948967486154288, -0.8025402431376278, 0.7419501007534564, -0.6642779349349439, d=@:p=0.763
c:-0.971, -0.591, -0.26402538269758224, -0.817, 0.11755119869485497, -0.8849945333786309, 3.726
c:-0.7435961081646383, -0.8522691801190376, -0.7936024302616715, 0.06375897116959095, 0.9709768178872764, -0.38701370218768716, -8.248
c:-0.08054688153788447, -0.5788451489061117, -0.051843693014234304, -0.6469634040258825, 0.17929808050394058, -0.23430293891578913, -1.738
",2.8868863633392894e-05,feasible,21
11,H,3,"//H
3
j:x1=0.236, 0.056, y1=0.016, fr=0.589, rotstif=0.887, l=1.192
j:-0.484, -0.2754315687343478, 0.5367494928650558, 0.19809298729524016, -0.9219041368924081, 0.6480280407704413, fr=1.998
j:0.9952302942983806, 0.2822707360610366, -0.674, 0.05028228322044015, -0.18298749951645732, -0.9189932788722217, fr=0.061, rotstif=0.913, l=0.862
j:-0.9551832447759807, 0.6240110346116126, 0.7934559336863458, 0.8033395409584045, 0.7298841364681721, 0.6905053132213652, rotstif=0.922, l=0.853
j:0.1566816857084632, 0.038293737918138504, 0.898905529640615, 0.4589673411101103, -0.4194320309907198, -0.17830685572698712, fr=0.789
j:-0.35044325701892376, 0.3144486811943352, -0.2915359465405345, -0.77429040055722, 0.6053830808959901, -0.651209975592792, fr=0.192, l=0.849
j:-0.7635053456760943, 0.17548533715307713, 0.5616385000757873, -0.7752646235749125, 0.6479587121866643, -0.9765606494620442, fr=0.152, l=1.16
j:-0.5167451584711671, 0.03792934399098158, 0.6070055356249213, -0.9712722371332347, 0.19098481675609946, -0.4591257073916495, fr=0.905, l=0.966
j:-0.7095818971283734, -0.43440802907571197, 0.6751327295787632, 0.5524589545093477, -0.6376645741984248, 0.9143388289958239, l=1.413
n:-0.8852930250577629, -0.9658983373083174, -0.5856141750700772, -0.9707079282961786, -0.39251838484779, 0.23717506183311343, d=S
n:0.12138806749135256, -0.8558362713083625, -0.30874029314145446, 0.9320059292949736, -0.9208812578581274, -0.16646586172282696, d=@:p=0.967
n:-0.4501496101729572, -0.9460830772295594, 0.9140725191682577, -0.9187408611178398, -0.1060163788497448, -0.07410808745771646, d=T:ry=2.363
n:0.4163446892052889, -0.7659760001115501, 0.04085390456020832, -0.8426512815058231, -0.5034053279086947, -0.08087775576859713, d=T:ry=0.99
n:0.4318055431358516, 0.8560936232097447, 0.8656377755105495, -0.4004013300873339, -0.8552811839617789, -0.7275380282662809, d=@:p=0.991
n:0.4391315411776304, -0.9869484691880643, -0.948967486154288, -0.8025402431376278, 0.7419501007534564, -0.6642779349349439, d=@:p=0.763
c:-0.971, -0.591, -0.26402538269758224, -0.817, 0.11755119869485497, -0.8849945333786309, 3.726
c:-0.7435961081646383, -0.8522691801190376, -0.7936024302616715, 0.06375897116959095, 0.9709768178872764, -0.38701370218768716, -8.248
",0.004549190811787437,"//H
3
j:x1=0.236, 0.056, y1=0.016, fr=0.589, rotstif=0.887, l=1.192
j:-0.484, -0.2754315687343478, 0.5367494928650558, 0.19809298729524016, -0.9219041368924081, 0.6480280407704413, fr=1.998
j:0.9952302942983806, 0.2822707360610366, -0.674, 0.05028228322044015, -0.18298749951645732, -0.9189932788722217, fr=0.061, rotstif=0.913, l=0.862
j:-0.9551832447759807, 0.6240110346116126, 0.7934559336863458, 0.8033395409584045, 0.7298841364681721, 0.6905053132213652, rotstif=0.922, l=0.853
j:0.1566816857084632, 0.038293737918138504, 0.898905529640615, 0.4589673411101103, -0.4194320309907198, -0.17830685572698712, fr=0.789
j:-0.35044325701892376, 0.3144486811943352, -0.2915359465405345, -0.77429040055722, 0.6053830808959901, -0.651209975592792, fr=0.192, l=0.849
j:-0.7635053456760943, 0.17548533715307713, 0.5616385000757873, -0.7752646235749125, 0.6479587121866643, -0.9765606494620442, fr=0.152, l=1.16
j:-0.5167451584711671, 0.03792934399098158, 0.6070055356249213, -0.9712722371332347, 0.19098481675609946, -0.4591257073916495, fr=0.905, l=0.966
j:-0.7095818971283734, -0.43440802907571197, 0.6751327295787632, 0.5524589545093477, -0.6376645741984248, 0.9143388289958239, l=1.413
j:0.9307841649278998, -0.6081390865147114, -0.19767492497339845, 0.18986355047672987, -0.3958207559771836, -0.7249082191847265, rotstif=0.971
n:-0.8852930250577629, -0.9658983373083174, -0.5856141750700772, -0.9707079282961786, -0.39251838484779, 0.23717506183311343, d=S
n:0.12138806749135256, -0.8558362713083625, -0.30874029314145446, 0.9320059292949736, -0.9208812578581274, -0.16646586172282696, d=@:p=0.967
n:-0.4501496101729572, -0.9460830772295594, 0.9140725191682577, -0.9187408611178398, -0.1060163788497448, -0.07410808745771646, d=T:ry=2.363
n:0.4163446892052889, -0.7659760001115501, 0.04085390456020832, -0.8426512815058231, -0.5034053279086947, -0.08087775576859713, d=T:ry=0.99
n:0.4318055431358516, 0.8560936232097447, 0.8656377755105495, -0.4004013300873339, -0.8552811839617789, -0.7275380282662809, d=@:p=0.991
n:0.4391315411776304, -0.9869484691880643, -0.948967486154288, -0.8025402431376278, 0.7419501007534564, -0.6642779349349439, d=@:p=0.763
c:-0.971, -0.591, -0.26402538269758224, -0.817, 0.11755119869485497, -0.8849945333786309, 3.726
c:-0.7435961081646383, -0.8522691801190376, -0.7936024302616715, 0.06375897116959095, 0.9709768178872764, -0.38701370218768716, -8.248
",8.402325056297226e-05,feasible,21
11,H,3,"//H
3
j:x1=0.236, 0.056, y1=0.016, fr=0.589, rotstif=0.887, l=1.192
j:-0.484, -0.2754315687343478, 0.5367494928650558, 0.19809298729524016, -0.9219041368924081, 0.6480280407704413, fr=1.998
j:0.9952302942983806, 0.2822707360610366, -0.674, 0.05028228322044015, -0.18298749951645732, -0.9189932788722217, fr=0.061, rotstif=0.913, l=0.862
j:-0.9551832447759807, 0.6240110346116126, 0.7934559336863458, 0.8033395409584045, 0.7298841364681721, 0.6905053132213652, rotstif=0.922, l=0.853
j:0.1566816857084632, 0.038293737918138504, 0.898905529640615, 0.4589673411101103, -0.4194320309907198, -0.17830685572698712, fr=0.789
j:-0.35044325701892376, 0.3144486811943352, -0.2915359465405345, -0.77429040055722, 0.6053830808959901, -0.651209975592792, fr=0.192, l=0.849
j:-0.7635053456760943, 0.17548533715307713, 0.5616385000757873, -0.7752646235749125, 0.6479587121866643, -0.9765606494620442, fr=0.152, l=1.16
j:-0.5167451584711671, 0.03792934399098158, 0.6070055356249213, -0.9712722371332347, 0.19098481675609946, -0.4591257073916495, fr=0.905, l=0.966
j:-0.7095818971283734, -0.43440802907571197, 0.6751327295787632, 0.5524589545093477, -0.6376645741984248, 0.9143388289958239, l=1.413
n:-0.8852930250577629, -0.9658983373083174, -0.5856141750700772, -0.9707079282961786, -0.39251838484779, 0.23717506183311343, d=S
n:0.12138806749135256, -0.8558362713083625, -0.30874029314145446, 0.9320059292949736, -0.9208812578581274, -0.16646586172282696, d=@:p=0.967
n:-0.4501496101729572, -0.9460830772295594, 0.9140725191682577, -0.9187408611178398, -0.1060163788497448, -0.07410808745771646, d=T:ry=2.363
n:0.4163446892052889, -0.7659760001115501, 0.04085390456020832, -0.8426512815058231, -0.5034053279086947, -0.08087775576859713, d=T:ry=0.99
n:0.4318055431358516, 0.8560936232097447, 0.8656377755105495, -0.4004013300873339, -0.8552811839617789, -0.7275380282662809, d=@:p=0.991
n:0.4391315411776304, -0.9869484691880643, -0.948967486154288, -0.8025402431376278, 0.7419501007534564, -0.6642779349349439, d=@:p=0.763
c:-0.971, -0.591, -0.26402538269758224, -0.817, 0.11755119869485497, -0.8849945333786309, 3.726
c:-0.7435961081646383, -0.8522691801190376, -0.7936024302616715, 0.06375897116959095, 0.9709768178872764, -0.38701370218768716, -8.248
",0.004549190811787437,"//H
3
j:x1=0.236, 0.056, y1=0.016, fr=0.589, rotstif=0.887, l=1.192
j:-0.484, -0.2754315687343478, 0.5367494928650558, 0.19809298729524016, -0.9219041368924081, 0.6480280407704413, fr=1.998
j:0.9952302942983806, 0.2822707360610366, -0.674, 0.05028228322044015, -0.18298749951645732, -0.9189932788722217, fr=0.061, rotstif=0.913, l=0.862
j:-0.9551832447759807, 0.6240110346116126, 0.7934559336863458, 0.8033395409584045, 0.7298841364681721, 0.6905053132213652, rotstif=0.922, l=0.853
j:0.1566816857084632, 0.038293737918138504, 0.898905529640615, 0.4589673411101103, -0.4194320309907198, -0.17830685572698712, fr=0.789
j:-0.35044325701892376, 0.3144486811943352, -0.2915359465405345, -0.77429040055722, 0.6053830808959901, -0.651209975592792, fr=0.192, l=0.849
j:-0.7635053456760943, 0.17548533715307713, 0.5616385000757873, -0.7752646235749125, 0.6479587121866643, -0.9765606494620442, fr=0.152, l=1.16
j:-0.5167451584711671, 0.03792934399098158, 0.6070055356249213, -0.9712722371332347, 0.19098481675609946, -0.4591257073916495, fr=0.905, l=0.966
j:-0.7095818971283734, -0.43440802907571197, 0.6751327295787632, 0.5524589545093477, -0.6376645741984248, 0.9143388289958239, l=1.413
j:0.1822402784600854, 0.9490642887540162, -0.4645188134163618, 0.8034537439234555, -0.6489178189076483, -0.617879580706358, rotstif=0.703
n:-0.8852930250577629, -0.9658983373083174, -0.5856141750700772, -0.9707079282961786, -0.39251838484779, 0.23717506183311343, d=S
n:0.12138806749135256, -0.8558362713083625, -0.30874029314145446, 0.9320059292949736, -0.9208812578581274, -0.16646586172282696, d=@:p=0.967
n:-0.4501496101729572, -0.9460830772295594, 0.9140725191682577, -0.9187408611178398, -0.1060163788497448, -0.07410808745771646, d=T:ry=2.363
n:0.4163446892052889, -0.7659760001115501, 0.04085390456020832, -0.8426512815058231, -0.5034053279086947, -0.08087775576859713, d=T:ry=0.99
n:0.4318055431358516, 0.8560936232097447, 0.8656377755105495, -0.4004013300873339, -0.8552811839617789, -0.7275380282662809, d=@:p=0.991
n:0.4391315411776304, -0.9869484691880643, -0.948967486154288, -0.8025402431376278, 0.7419501007534564, -0.6642779349349439, d=@:p=0.763
c:-0.971, -0.591, -0.26402538269758224, -0.817, 0.11755119869485497, -0.8849945333786309, 3.726
c:-0.7435961081646383, -0.8522691801190376, -0.7936024302616715, 0.06375897116959095, 0.9709768178872764, -0.38701370218768716, -8.248
",0.0014629059148166393,feasible,21
