run,genetic_format,sample_index,parent_genotype,parent_fitness,genotype,fitness,status,mutation_attempts
46,0,0,"//0
p:
p:1
j:0,1",0.0,"//0
p:1.0
",0.0,feasible,21
46,0,0,"//0
p:
p:1
j:0,1",0.0,"//0
p:
p:1.0
j:0, 1, rotstif=0.974
",0.0,feasible,21
46,0,0,"//0
p:
p:1
j:0,1",0.0,"//0
p:
p:1.0, fr=0.464
j:0, 1
",0.0,feasible,21
46,0,0,"//0
p:
p:1
j:0,1",0.0,"//0
p:
p:1.0, ing=0.268
j:0, 1
",0.0,feasible,21
46,0,0,"//0
p:
p:1
j:0,1",0.0,"//0
p:
p:1.0, fr=0.538
j:0, 1
",0.0,feasible,21
46,0,0,"//0
p:
p:1
j:0,1",0.0,"//0
p:
p:1.0
j:0, 1, rotstif=0.933
",0.0,feasible,21
46,0,0,"//0
p:
p:1
j:0,1",0.0,"//0
p:
p:1.0
j:0, 1, rotstif=0.941
",0.0,feasible,21
46,0,0,"//0
p:
p:1
j:0,1",0.0,"//0
p:
p:1.0
p:1.097, 1.404, 0.1
j:0, 1
j:2, 1
",1.7763576864329959e-19,feasible,21
46,0,0,"//0
p:
p:1
j:0,1",0.0,"//0
p:
p:1.0
j:0, 1, rotstif=0.845
",0.0,feasible,21
46,0,0,"//0
p:
p:1
j:0,1",0.0,"//0
p:
p:1.0
p:1.635, 0.033, 0.269
j:0, 1
j:2, 1
",1.7763576864329959e-19,feasible,21
46,0,0,"//0
p:
p:1
j:0,1",0.0,"//0
p:
p:1.0
j:0, 1
n:p=1, d=Gpart
",0.0,feasible,21
46,0,0,"//0
p:
p:1
j:0,1",0.0,"//0
p:
p:1.0
p:-0.121, -0.466, 0.196
j:0, 1
j:2, 0
",1.7948143562025294e-19,feasible,21
46,0,0,"//0
p:
p:1
j:0,1",0.0,"//0
p:
p:1.0
j:0, 1
n:j=0, d=|
",0.0,feasible,21
46,0,0,"//0
p:
p:1
j:0,1",0.0,"//0
p:
p:1.0, ing=0.195
j:0, 1
",0.0,feasible,21
46,0,0,"//0
p:
p:1
j:0,1",0.0,"//0
p:
p:1.0
j:0, 1, rotstif=0.93
",0.0,feasible,21
46,0,0,"//0
p:
p:1
j:0,1",0.0,"//0
p:
p:1.0
j:0, 1, rotstif=0.892
",0.0,feasible,21
46,0,0,"//0
p:
p:1
j:0,1",0.0,"//0
p:
",0.0,feasible,21
46,0,0,"//0
p:
p:1
j:0,1",0.0,"//0
p:ing=0.29
p:1.0
j:0, 1
",0.0,feasible,21
46,0,0,"//0
p:
p:1
j:0,1",0.0,"//0
p:
p:1.0
j:0, 1, stif=0.958
",0.0,feasible,21
46,0,0,"//0
p:
p:1
j:0,1",0.0,"//0
p:
p:1.0
p:0.689, 0.67, 0.512
j:0, 1
j:2, 1
",0.0,feasible,21
46,0,1,"//0
p:0.37, 0.025, -0.274
p:1.0
j:0, 1
",6.938893903907229e-22,"//0
p:0.18, -0.431, 0.452
p:1.0
j:0, 1
",0.0,feasible,20
46,0,1,"//0
p:0.37, 0.025, -0.274
p:1.0
j:0, 1
",6.938893903907229e-22,"//0
p:0.37, 0.025, -0.274
p:1.0, ing=0.204
j:0, 1
",6.938893903907229e-22,feasible,20
46,0,1,"//0
p:0.37, 0.025, -0.274
p:1.0
j:0, 1
",6.938893903907229e-22,"//0
p:0.37, 0.025, -0.274, ing=0.226
p:1.0
j:0, 1
",6.938893903907229e-22,feasible,20
46,0,1,"//0
p:0.37, 0.025, -0.274
p:1.0
j:0, 1
",6.938893903907229e-22,"//0
p:0.37, 0.025, -0.274
p:1.0, ing=0.049
j:0, 1
",6.938893903907229e-22,feasible,20
46,0,1,"//0
p:0.37, 0.025, -0.274
p:1.0
j:0, 1
",6.938893903907229e-22,"//0
p:0.37, 0.025, -0.274, fr=0.325
p:1.0
j:0, 1
",6.938893903907229e-22,feasible,20
46,0,1,"//0
p:0.37, 0.025, -0.274
p:1.0
j:0, 1
",6.938893903907229e-22,"//0
p:0.37, 0.025, -0.274
p:1.0
p:-0.413, 1.062, -0.498
j:0, 1
j:2, 1
",1.882935058524978e-19,feasible,20
46,0,1,"//0
p:0.37, 0.025, -0.274
p:1.0
j:0, 1
",6.938893903907229e-22,"//0
p:0.37, 0.025, -0.274, fr=0.302
p:1.0
j:0, 1
",6.938893903907229e-22,feasible,20
46,0,1,"//0
p:0.37, 0.025, -0.274
p:1.0
j:0, 1
",6.938893903907229e-22,"//0
p:0.37, 0.025, -0.274
p:1.0, ing=0.263
j:0, 1
",6.938893903907229e-22,feasible,20
46,0,1,"//0
p:0.37, 0.025, -0.274
p:1.0
j:0, 1
",6.938893903907229e-22,"//0
p:0.37, 0.025, -0.274
p:1.0
p:0.046, -0.299, -0.332
j:0, 1
j:2, 0
",1.7763576864329959e-19,feasible,20
46,0,1,"//0
p:0.37, 0.025, -0.274
p:1.0
j:0, 1
",6.938893903907229e-22,"//0
p:0.37, 0.025, -0.274
p:1.0
p:0.276, 0.62, -0.55
j:0, 1
j:2, 0
",1.7763576864329959e-19,feasible,20
46,0,1,"//0
p:0.37, 0.025, -0.274
p:1.0
j:0, 1
",6.938893903907229e-22,"//0
p:0.37, 0.025, -0.274
p:0.981, -0.181, 0.021
j:0, 1
",1.734723475976807e-21,feasible,20
46,0,1,"//0
p:0.37, 0.025, -0.274
p:1.0
j:0, 1
",6.938893903907229e-22,"//0
p:0.37, 0.025, -0.274
p:1.0, fr=0.215
j:0, 1
",6.938893903907229e-22,feasible,20
46,0,1,"//0
p:0.37, 0.025, -0.274
p:1.0
j:0, 1
",6.938893903907229e-22,"//0
p:0.37, 0.025, -0.274
p:1.0
j:0, 1, rotstif=0.966
",6.938893903907229e-22,feasible,20
46,0,1,"//0
p:0.37, 0.025, -0.274
p:1.0
j:0, 1
",6.938893903907229e-22,"//0
p:0.37, 0.025, -0.274
p:1.0
j:0, 1, rotstif=0.973
",6.938893903907229e-22,feasible,20
46,0,1,"//0
p:0.37, 0.025, -0.274
p:1.0
j:0, 1
",6.938893903907229e-22,"//0
p:0.37, 0.025, -0.274
p:1.0, ing=0.297
j:0, 1
",6.938893903907229e-22,feasible,20
46,0,1,"//0
p:0.37, 0.025, -0.274
p:1.0
j:0, 1
",6.938893903907229e-22,"//0
p:0.323, 0.195, -0.003
p:1.0
j:0, 1
",0.0,feasible,20
46,0,1,"//0
p:0.37, 0.025, -0.274
p:1.0
j:0, 1
",6.938893903907229e-22,"//0
p:0.37, 0.025, -0.274
p:1.0
j:0, 1
n:d=*
",6.938893903907229e-22,feasible,20
46,0,1,"//0
p:0.37, 0.025, -0.274
p:1.0
j:0, 1
",6.938893903907229e-22,"//0
p:0.37, 0.025, -0.274
p:1.0
j:0, 1, stif=0.972
",6.938893903907229e-22,feasible,20
46,0,1,"//0
p:0.37, 0.025, -0.274
p:1.0
j:0, 1
",6.938893903907229e-22,"//0
p:0.37, 0.025, -0.274
p:1.0
p:0.711, -0.288, -0.03
j:0, 1
j:2, 1
",1.7763576864329959e-19,feasible,20
46,0,1,"//0
p:0.37, 0.025, -0.274
p:1.0
j:0, 1
",6.938893903907229e-22,"//0
p:1.0
",0.0,feasible,20
46,0,2,"//0
p:0.37, 0.025, -0.274
p:1.0
p:0.919, -0.915, 0.895
j:0, 1
j:2, 1
",1.3382411823206217e-07,"//0
p:0.37, 0.025, -0.274
p:1.0
p:0.919, -0.915, 0.895
j:0, 2
j:1, 2
",0.0,feasible,21
46,0,2,"//0
p:0.37, 0.025, -0.274
p:1.0
p:0.919, -0.915, 0.895
j:0, 1
j:2, 1
",1.3382411823206217e-07,"//0
p:0.37, 0.025, -0.274, ing=0.252
p:1.0
p:0.919, -0.915, 0.895
j:0, 1
j:2, 1
",1.3382411823206217e-07,feasible,21
46,0,2,"//0
p:0.37, 0.025, -0.274
p:1.0
p:0.919, -0.915, 0.895
j:0, 1
j:2, 1
",1.3382411823206217e-07,"//0
p:0.37, 0.025, -0.274, ing=0.436
p:1.0
p:0.919, -0.915, 0.895
j:0, 1
j:2, 1
",1.3382411823206217e-07,feasible,21
46,0,2,"//0
p:0.37, 0.025, -0.274
p:1.0
p:0.919, -0.915, 0.895
j:0, 1
j:2, 1
",1.3382411823206217e-07,"//0
p:0.37, 0.025, -0.274
p:1.0, fr=0.073
p:0.919, -0.915, 0.895
j:0, 1
j:2, 1
",1.5056987292324976e-07,feasible,21
46,0,2,"//0
p:0.37, 0.025, -0.274
p:1.0
p:0.919, -0.915, 0.895
j:0, 1
j:2, 1
",1.3382411823206217e-07,"//0
p:0.37, 0.025, -0.274
p:1.0
p:0.919, -0.915, 0.895
j:0, 1
j:2, 1
n:
c:0, 0, 2.874
",1.3382411823206217e-07,feasible,21
46,0,2,"//0
p:0.37, 0.025, -0.274
p:1.0
p:0.919, -0.915, 0.895
j:0, 1
j:2, 1
",1.3382411823206217e-07,"//0
p:0.682, -0.03, -0.144
p:1.0
p:0.919, -0.915, 0.895
j:0, 1
j:2, 1
",2.51214793389404e-19,feasible,21
46,0,2,"//0
p:0.37, 0.025, -0.274
p:1.0
p:0.919, -0.915, 0.895
j:0, 1
j:2, 1
",1.3382411823206217e-07,"//0
p:0.37, 0.025, -0.274
p:1.0
p:0.919, -0.915, 0.895, ing=0.332
j:0, 1
j:2, 1
",1.3382411823206217e-07,feasible,21
46,0,2,"//0
p:0.37, 0.025, -0.274
p:1.0
p:0.919, -0.915, 0.895
j:0, 1
j:2, 1
",1.3382411823206217e-07,"//0
p:0.37, 0.025, -0.274
p:1.0
p:0.919, -0.915, 0.895
j:2, 1
j:0, 1
",1.3382411823206217e-07,feasible,21
46,0,2,"//0
p:0.37, 0.025, -0.274
p:1.0
p:0.919, -0.915, 0.895
j:0, 1
j:2, 1
",1.3382411823206217e-07,"//0
p:0.37, 0.025, -0.274
p:1.0
p:0.919, -0.915, 0.895
j:0, 1
j:2, 1
n:j=1, d=|
",1.7256051388546867e-07,feasible,21
46,0,2,"//0
p:0.37, 0.025, -0.274
p:1.0
p:0.919, -0.915, 0.895
j:0, 1
j:2, 1
",1.3382411823206217e-07,"//0
p:0.37, 0.025, -0.274
p:1.0
p:0.919, -0.915, 0.895
j:0, 1
j:2, 1, stif=0.845
",1.2302019963417008e-07,feasible,21
46,0,2,"//0
p:0.37, 0.025, -0.274
p:1.0
p:0.919, -0.915, 0.895
j:0, 1
j:2, 1
",1.3382411823206217e-07,"//0
p:0.37, 0.025, -0.274
p:1.0
p:0.919, -0.915, 0.895
j:0, 1
j:2, 1, stif=0.929
",2.128111091897274e-07,feasible,21
46,0,2,"//0
p:0.37, 0.025, -0.274
p:1.0
p:0.919, -0.915, 0.895
j:0, 1
j:2, 1
",1.3382411823206217e-07,"//0
p:0.37, 0.025, -0.274
p:1.0
p:0.919, -0.915, 0.895, ing=0.397
j:0, 1
j:2, 1
",1.3382411823206217e-07,feasible,21
46,0,2,"//0
p:0.37, 0.025, -0.274
p:1.0
p:0.919, -0.915, 0.895
j:0, 1
j:2, 1
",1.3382411823206217e-07,"//0
p:0.37, 0.025, -0.274
p:1.0, fr=0.075
p:0.919, -0.915, 0.895
j:0, 1
j:2, 1
",1.494393191609294e-07,feasible,21
46,0,2,"//0
p:0.37, 0.025, -0.274
p:1.0
p:0.919, -0.915, 0.895
j:0, 1
j:2, 1
",1.3382411823206217e-07,"//0
p:0.37, 0.025, -0.274, ing=0.173
p:1.0
p:0.919, -0.915, 0.895
j:0, 1
j:2, 1
",1.3382411823206217e-07,feasible,21
46,0,2,"//0
p:0.37, 0.025, -0.274
p:1.0
p:0.919, -0.915, 0.895
j:0, 1
j:2, 1
",1.3382411823206217e-07,"//0
p:0.37, 0.025, -0.274
p:1.0
p:0.919, -0.915, 0.895
j:0, 1, rotstif=0.875
j:2, 1
",1.3382411823206217e-07,feasible,21
46,0,2,"//0
p:0.37, 0.025, -0.274
p:1.0
p:0.919, -0.915, 0.895
j:0, 1
j:2, 1
",1.3382411823206217e-07,"//0
p:0.37, 0.025, -0.274
p:1.0
p:0.919, -0.915, 0.895
j:0, 1, stif=0.905
j:2, 1
",1.7749240841872638e-07,feasible,21
46,0,2,"//0
p:0.37, 0.025, -0.274
p:1.0
p:0.919, -0.915, 0.895
j:0, 1
j:2, 1
",1.3382411823206217e-07,"//0
p:0.37, 0.025, -0.274
p:1.0, ing=0.272
p:0.919, -0.915, 0.895
j:0, 1
j:2, 1
",1.3382411823206217e-07,feasible,21
46,0,2,"//0
p:0.37, 0.025, -0.274
p:1.0
p:0.919, -0.915, 0.895
j:0, 1
j:2, 1
",1.3382411823206217e-07,"//0
p:1.0
p:0.919, -0.915, 0.895
j:1, 0
",0.0,feasible,21
46,0,2,"//0
p:0.37, 0.025, -0.274
p:1.0
p:0.919, -0.915, 0.895
j:0, 1
j:2, 1
",1.3382411823206217e-07,"//0
p:0.357, 0.078, -0.284
p:1.0
p:0.919, -0.915, 0.895
j:0, 1
j:2, 1
",7.191235361300594e-08,feasible,21
46,0,2,"//0
p:0.37, 0.025, -0.274
p:1.0
p:0.919, -0.915, 0.895
j:0, 1
j:2, 1
",1.3382411823206217e-07,"//0
p:0.37, 0.025, -0.274
p:1.0, fr=0.12
p:0.919, -0.915, 0.895
j:0, 1
j:2, 1
",2.013896139473548e-07,feasible,21
46,0,3,"//0
p:0.37, 0.025, -0.274
p:1.0
p:0.919, -0.915, 0.895
p:1.042, -0.722, -0.141
j:0, 1
j:2, 1
j:3, 2
",1.3510574252465932e-06,"//0
p:0.37, 0.025, -0.274
p:1.0
p:0.919, -0.915, 0.895
p:1.058, -0.726, -0.067
j:0, 1
j:2, 1
j:3, 2
",7.083591870815422e-07,feasible,20
46,0,3,"//0
p:0.37, 0.025, -0.274
p:1.0
p:0.919, -0.915, 0.895
p:1.042, -0.722, -0.141
j:0, 1
j:2, 1
j:3, 2
",1.3510574252465932e-06,"//0
p:0.37, 0.025, -0.274
p:1.0
p:0.919, -0.915, 0.895
p:1.042, -0.722, -0.141
p:2.264, -1.032, 0.109
j:0, 1
j:2, 1
j:3, 2
j:4, 1
",1.8234920331307286e-07,feasible,20
46,0,3,"//0
p:0.37, 0.025, -0.274
p:1.0
p:0.919, -0.915, 0.895
p:1.042, -0.722, -0.141
j:0, 1
j:2, 1
j:3, 2
",1.3510574252465932e-06,"//0
p:0.37, 0.025, -0.274
p:1.0
p:0.919, -0.915, 0.895, ing=0.164
p:1.042, -0.722, -0.141
j:0, 1
j:2, 1
j:3, 2
",1.3510574252465932e-06,feasible,20
46,0,3,"//0
p:0.37, 0.025, -0.274
p:1.0
p:0.919, -0.915, 0.895
p:1.042, -0.722, -0.141
j:0, 1
j:2, 1
j:3, 2
",1.3510574252465932e-06,"//0
p:0.149, -0.271, -0.495
p:1.0
p:0.919, -0.915, 0.895
p:1.042, -0.722, -0.141
j:0, 1
j:2, 1
j:3, 2
",7.441879674713304e-07,feasible,20
46,0,3,"//0
p:0.37, 0.025, -0.274
p:1.0
p:0.919, -0.915, 0.895
p:1.042, -0.722, -0.141
j:0, 1
j:2, 1
j:3, 2
",1.3510574252465932e-06,"//0
p:0.37, 0.025, -0.274
p:1.0
p:0.919, -0.915, 0.895
p:1.042, -0.722, -0.141
j:0, 1
j:2, 1, stif=0.889
j:3, 2
",1.3791372758440896e-06,feasible,20
46,0,3,"//0
p:0.37, 0.025, -0.274
p:1.0
p:0.919, -0.915, 0.895
p:1.042, -0.722, -0.141
j:0, 1
j:2, 1
j:3, 2
",1.3510574252465932e-06,"//0
p:0.37, 0.025, -0.274
p:1.0
p:0.919, -0.915, 0.895
p:1.042, -0.722, -0.141
j:0, 1, rotstif=0.97
j:2, 1
j:3, 2
",1.3510574252465932e-06,feasible,20
46,0,3,"//0
p:0.37, 0.025, -0.274
p:1.0
p:0.919, -0.915, 0.895
p:1.042, -0.722, -0.141
j:0, 1
j:2, 1
j:3, 2
",1.3510574252465932e-06,"//0
p:0.542, -0.276, 0.283
p:1.0
p:0.919, -0.915, 0.895
p:1.042, -0.722, -0.141
j:0, 1
j:2, 1
j:3, 2
",2.8667478757459545e-07,feasible,20
46,0,3,"//0
p:0.37, 0.025, -0.274
p:1.0
p:0.919, -0.915, 0.895
p:1.042, -0.722, -0.141
j:0, 1
j:2, 1
j:3, 2
",1.3510574252465932e-06,"//0
p:0.37, 0.025, -0.274, fr=0.662
p:1.0
p:0.919, -0.915, 0.895
p:1.042, -0.722, -0.141
j:0, 1
j:2, 1
j:3, 2
",1.3707930134044627e-06,feasible,20
46,0,3,"//0
p:0.37, 0.025, -0.274
p:1.0
p:0.919, -0.915, 0.895
p:1.042, -0.722, -0.141
j:0, 1
j:2, 1
j:3, 2
",1.3510574252465932e-06,"//0
p:0.37, 0.025, -0.274
p:1.0
p:0.919, -0.915, 0.895
p:1.042, -0.722, -0.141
j:0, 1
j:2, 1
j:3, 2, rotstif=0.935
",1.3510574252465932e-06,feasible,20
46,0,3,"//0
p:0.37, 0.025, -0.274
p:1.0
p:0.919, -0.915, 0.895
p:1.042, -0.722, -0.141
j:0, 1
j:2, 1
j:3, 2
",1.3510574252465932e-06,"//0
p:0.37, 0.025, -0.274
p:1.099, 0.12, 0.274
p:0.919, -0.915, 0.895
p:1.042, -0.722, -0.141
j:0, 1
j:2, 1
j:3, 2
",4.896895855292865e-07,feasible,20
46,0,3,"//0
p:0.37, 0.025, -0.274
p:1.0
p:0.919, -0.915, 0.895
p:1.042, -0.722, -0.141
j:0, 1
j:2, 1
j:3, 2
",1.3510574252465932e-06,"//0
p:0.37, 0.025, -0.274
p:1.0
p:1.05, -1.243, 0.618
p:1.042, -0.722, -0.141
j:0, 1
j:2, 1
j:3, 2
",5.530269149794944e-08,feasible,20
46,0,3,"//0
p:0.37, 0.025, -0.274
p:1.0
p:0.919, -0.915, 0.895
p:1.042, -0.722, -0.141
j:0, 1
j:2, 1
j:3, 2
",1.3510574252465932e-06,"//0
p:0.37, 0.025, -0.274
p:1.0
p:0.919, -0.915, 0.895
p:1.042, -0.722, -0.141
j:0, 1
j:2, 1, rotstif=0.975
j:3, 2
",1.3510574252465932e-06,feasible,20
46,0,3,"//0
p:0.37, 0.025, -0.274
p:1.0
p:0.919, -0.915, 0.895
p:1.042, -0.722, -0.141
j:0, 1
j:2, 1
j:3, 2
",1.3510574252465932e-06,"//0
p:0.37, 0.025, -0.274
p:1.0
p:0.919, -0.915, 0.895, ing=0.223
p:1.042, -0.722, -0.141
j:0, 1
j:2, 1
j:3, 2
",1.3510574252465932e-06,feasible,20
46,0,3,"//0
p:0.37, 0.025, -0.274
p:1.0
p:0.919, -0.915, 0.895
p:1.042, -0.722, -0.141
j:0, 1
j:2, 1
j:3, 2
",1.3510574252465932e-06,"//0
p:0.37, 0.025, -0.274
p:1.0
p:0.919, -0.915, 0.895
p:1.042, -0.722, -0.141, ing=0.196
j:0, 1
j:2, 1
j:3, 2
",1.3510574252465932e-06,feasible,20
46,0,3,"//0
p:0.37, 0.025, -0.274
p:1.0
p:0.919, -0.915, 0.895
p:1.042, -0.722, -0.141
j:0, 1
j:2, 1
j:3, 2
",1.3510574252465932e-06,"//0
p:0.37, 0.025, -0.274
p:1.0
p:0.919, -0.915, 0.895
p:1.042, -0.722, -0.141
j:0, 1
j:2, 1
j:3, 2, rotstif=0.994
",1.3510574252465932e-06,feasible,20
46,0,3,"//0
p:0.37, 0.025, -0.274
p:1.0
p:0.919, -0.915, 0.895
p:1.042, -0.722, -0.141
j:0, 1
j:2, 1
j:3, 2
",1.3510574252465932e-06,"//0
p:0.37, 0.025, -0.274
p:1.0
p:0.689, -1.051, 0.729
p:1.042, -0.722, -0.141
j:0, 1
j:2, 1
j:3, 2
",3.112829833733972e-07,feasible,20
46,0,3,"//0
p:0.37, 0.025, -0.274
p:1.0
p:0.919, -0.915, 0.895
p:1.042, -0.722, -0.141
j:0, 1
j:2, 1
j:3, 2
",1.3510574252465932e-06,"//0
p:0.37, 0.025, -0.274
p:1.0
p:0.868, -1.004, 0.794
p:1.042, -0.722, -0.141
j:0, 1
j:2, 1
j:3, 2
",8.84941753791466e-07,feasible,20
46,0,3,"//0
p:0.37, 0.025, -0.274
p:1.0
p:0.919, -0.915, 0.895
p:1.042, -0.722, -0.141
j:0, 1
j:2, 1
j:3, 2
",1.3510574252465932e-06,"//0
p:1.0
p:0.919, -0.915, 0.895
p:1.042, -0.722, -0.141
j:1, 0
j:2, 1
",1.7763780150977156e-19,feasible,20
46,0,3,"//0
p:0.37, 0.025, -0.274
p:1.0
p:0.919, -0.915, 0.895
p:1.042, -0.722, -0.141
j:0, 1
j:2, 1
j:3, 2
",1.3510574252465932e-06,"//0
p:0.37, 0.025, -0.274
p:1.0
p:0.919, -0.915, 0.895
p:1.042, -0.722, -0.141
j:0, 1
j:2, 1
j:3, 2
j:3, 1
",2.1818434600440224e-07,feasible,20
46,0,3,"//0
p:0.37, 0.025, -0.274
p:1.0
p:0.919, -0.915, 0.895
p:1.042, -0.722, -0.141
j:0, 1
j:2, 1
j:3, 2
",1.3510574252465932e-06,"//0
p:0.37, 0.025, -0.274
p:1.0
p:0.919, -0.915, 0.895
p:1.042, -0.722, -0.141
j:2, 1
j:0, 1
j:3, 0
",3.654494336735604e-07,feasible,20
46,0,4,"//0
p:0.37, 0.025, -0.274
p:1.0
p:0.919, -0.915, 0.895
p:1.042, -0.722, -0.141
j:0, 1
j:2, 1
j:3, 2, stif=0.949
",1.5360271446859904e-06,"//0
p:0.37, 0.025, -0.274
p:1.0
p:0.919, -0.915, 0.895
p:1.042, -0.722, -0.141
j:0, 1, rotstif=0.994
j:2, 1
j:3, 2, stif=0.949
",1.5360271446859904e-06,feasible,20
46,0,4,"//0
p:0.37, 0.025, -0.274
p:1.0
p:0.919, -0.915, 0.895
p:1.042, -0.722, -0.141
j:0, 1
j:2, 1
j:3, 2, stif=0.949
",1.5360271446859904e-06,"//0
p:0.37, 0.025, -0.274
p:1.0, ing=0.164
p:0.919, -0.915, 0.895
p:1.042, -0.722, -0.141
j:0, 1
j:2, 1
j:3, 2, stif=0.949
",1.5360271446859904e-06,feasible,20
46,0,4,"//0
p:0.37, 0.025, -0.274
p:1.0
p:0.919, -0.915, 0.895
p:1.042, -0.722, -0.141
j:0, 1
j:2, 1
j:3, 2, stif=0.949
",1.5360271446859904e-06,"//0
p:0.37, 0.025, -0.274
p:1.0
p:0.919, -0.915, 0.895
p:1.042, -0.722, -0.141, fr=0.819
j:0, 1
j:2, 1
j:3, 2, stif=0.949
",1.533484518517456e-06,feasible,20
46,0,4,"//0
p:0.37, 0.025, -0.274
p:1.0
p:0.919, -0.915, 0.895
p:1.042, -0.722, -0.141
j:0, 1
j:2, 1
j:3, 2, stif=0.949
",1.5360271446859904e-06,"//0
p:0.37, 0.025, -0.274
p:1.0
p:0.919, -0.915, 0.895
p:1.042, -0.722, -0.141
p:0.889, -0.883, 0.85
j:0, 1
j:2, 1
j:3, 2, stif=0.949
j:4, 2
",3.955493342397378e-07,feasible,20
46,0,4,"//0
p:0.37, 0.025, -0.274
p:1.0
p:0.919, -0.915, 0.895
p:1.042, -0.722, -0.141
j:0, 1
j:2, 1
j:3, 2, stif=0.949
",1.5360271446859904e-06,"//0
p:0.37, 0.025, -0.274
p:1.0
p:0.919, -0.915, 0.895
p:1.042, -0.722, -0.141
j:0, 1
j:2, 1
j:3, 2, stif=0.949, rotstif=0.992
",1.5360271446859904e-06,feasible,20
46,0,4,"//0
p:0.37, 0.025, -0.274
p:1.0
p:0.919, -0.915, 0.895
p:1.042, -0.722, -0.141
j:0, 1
j:2, 1
j:3, 2, stif=0.949
",1.5360271446859904e-06,"//0
p:0.37, 0.025, -0.274
p:1.0
p:0.919, -0.915, 0.895
p:1.042, -0.722, -0.141
j:0, 1, stif=0.852
j:2, 1
j:3, 2, stif=0.949
",1.3101039082775477e-06,feasible,20
46,0,4,"//0
p:0.37, 0.025, -0.274
p:1.0
p:0.919, -0.915, 0.895
p:1.042, -0.722, -0.141
j:0, 1
j:2, 1
j:3, 2, stif=0.949
",1.5360271446859904e-06,"//0
p:0.37, 0.025, -0.274
p:1.0
p:0.919, -0.915, 0.895
p:1.042, -0.722, -0.141
j:1, 0
j:2, 0
j:3, 2, stif=0.949
",4.713051490747375e-07,feasible,20
46,0,4,"//0
p:0.37, 0.025, -0.274
p:1.0
p:0.919, -0.915, 0.895
p:1.042, -0.722, -0.141
j:0, 1
j:2, 1
j:3, 2, stif=0.949
",1.5360271446859904e-06,"//0
p:0.37, 0.025, -0.274
p:1.0
p:0.919, -0.915, 0.895
p:1.042, -0.722, -0.141
j:0, 1, stif=0.984
j:2, 1
j:3, 2, stif=0.949
",1.281857372927825e-06,feasible,20
46,0,4,"//0
p:0.37, 0.025, -0.274
p:1.0
p:0.919, -0.915, 0.895
p:1.042, -0.722, -0.141
j:0, 1
j:2, 1
j:3, 2, stif=0.949
",1.5360271446859904e-06,"//0
p:0.37, 0.025, -0.274
p:1.0
p:0.919, -0.915, 0.895
p:1.042, -0.722, -0.141
j:0, 1, stif=0.976
j:2, 1
j:3, 2, stif=0.949
",1.4860455332277228e-06,feasible,20
46,0,4,"//0
p:0.37, 0.025, -0.274
p:1.0
p:0.919, -0.915, 0.895
p:1.042, -0.722, -0.141
j:0, 1
j:2, 1
j:3, 2, stif=0.949
",1.5360271446859904e-06,"//0
p:0.37, 0.025, -0.274
p:1.0
p:0.919, -0.915, 0.895
j:0, 1
j:2, 1
",1.3382411823206217e-07,feasible,20
46,0,4,"//0
p:0.37, 0.025, -0.274
p:1.0
p:0.919, -0.915, 0.895
p:1.042, -0.722, -0.141
j:0, 1
j:2, 1
j:3, 2, stif=0.949
",1.5360271446859904e-06,"//0
p:0.37, 0.025, -0.274
p:1.0
p:0.919, -0.915, 0.895
p:1.042, -0.722, -0.141
j:0, 1, stif=0.919
j:2, 1
j:3, 2, stif=0.949
",1.3529868204982054e-06,feasible,20
46,0,4,"//0
p:0.37, 0.025, -0.274
p:1.0
p:0.919, -0.915, 0.895
p:1.042, -0.722, -0.141
j:0, 1
j:2, 1
j:3, 2, stif=0.949
",1.5360271446859904e-06,"//0
p:0.37, 0.025, -0.274
p:1.0
p:0.919, -0.915, 0.895, ing=0.261
p:1.042, -0.722, -0.141
j:0, 1
j:2, 1
j:3, 2, stif=0.949
",1.5360271446859904e-06,feasible,20
46,0,4,"//0
p:0.37, 0.025, -0.274
p:1.0
p:0.919, -0.915, 0.895
p:1.042, -0.722, -0.141
j:0, 1
j:2, 1
j:3, 2, stif=0.949
",1.5360271446859904e-06,"//0
p:0.37, 0.025, -0.274
p:1.0
p:0.919, -0.915, 0.895
p:1.042, -0.722, -0.141
j:0, 1, rotstif=0.718
j:2, 1
j:3, 2, stif=0.949
",1.5360271446859904e-06,feasible,20
46,0,4,"//0
p:0.37, 0.025, -0.274
p:1.0
p:0.919, -0.915, 0.895
p:1.042, -0.722, -0.141
j:0, 1
j:2, 1
j:3, 2, stif=0.949
",1.5360271446859904e-06,"//0
p:0.37, 0.025, -0.274
p:1.0, ing=0.17
p:0.919, -0.915, 0.895
p:1.042, -0.722, -0.141
j:0, 1
j:2, 1
j:3, 2, stif=0.949
",1.5360271446859904e-06,feasible,20
46,0,4,"//0
p:0.37, 0.025, -0.274
p:1.0
p:0.919, -0.915, 0.895
p:1.042, -0.722, -0.141
j:0, 1
j:2, 1
j:3, 2, stif=0.949
",1.5360271446859904e-06,"//0
p:0.37, 0.025, -0.274
p:1.0
p:0.919, -0.915, 0.895
p:1.042, -0.722, -0.141
j:0, 1
j:2, 1
j:3, 2, stif=0.949
n:j=2, d=|
",1.5334944468874432e-06,feasible,20
46,0,4,"//0
p:0.37, 0.025, -0.274
p:1.0
p:0.919, -0.915, 0.895
p:1.042, -0.722, -0.141
j:0, 1
j:2, 1
j:3, 2, stif=0.949
",1.5360271446859904e-06,"//0
p:0.37, 0.025, -0.274
p:1.0, ing=0.381
p:0.919, -0.915, 0.895
p:1.042, -0.722, -0.141
j:0, 1
j:2, 1
j:3, 2, stif=0.949
",1.5360271446859904e-06,feasible,20
46,0,4,"//0
p:0.37, 0.025, -0.274
p:1.0
p:0.919, -0.915, 0.895
p:1.042, -0.722, -0.141
j:0, 1
j:2, 1
j:3, 2, stif=0.949
",1.5360271446859904e-06,"//0
p:0.37, 0.025, -0.274
p:1.0
p:0.919, -0.915, 0.895
p:1.042, -0.722, -0.141
j:0, 1, rotstif=0.951
j:2, 1
j:3, 2, stif=0.949
",1.5360271446859904e-06,feasible,20
46,0,4,"//0
p:0.37, 0.025, -0.274
p:1.0
p:0.919, -0.915, 0.895
p:1.042, -0.722, -0.141
j:0, 1
j:2, 1
j:3, 2, stif=0.949
",1.5360271446859904e-06,"//0
p:0.37, 0.025, -0.274
p:1.0
p:0.919, -0.915, 0.895
p:1.042, -0.722, -0.141
j:0, 1
j:2, 1
j:3, 2, stif=0.949, rotstif=0.983
",1.5360271446859904e-06,feasible,20
46,0,4,"//0
p:0.37, 0.025, -0.274
p:1.0
p:0.919, -0.915, 0.895
p:1.042, -0.722, -0.141
j:0, 1
j:2, 1
j:3, 2, stif=0.949
",1.5360271446859904e-06,"//0
p:0.37, 0.025, -0.274
p:1.268, -0.257, -0.377
p:0.919, -0.915, 0.895
p:1.042, -0.722, -0.141
j:0, 1
j:2, 1
j:3, 2, stif=0.949
",6.807444582370956e-07,feasible,20
46,0,4,"//0
p:0.37, 0.025, -0.274
p:1.0
p:0.919, -0.915, 0.895
p:1.042, -0.722, -0.141
j:0, 1
j:2, 1
j:3, 2, stif=0.949
",1.5360271446859904e-06,"//0
p:0.37, 0.025, -0.274
p:1.0
p:0.919, -0.915, 0.895
p:1.042, -0.722, -0.141
j:0, 1, rotstif=0.932
j:2, 1
j:3, 2, stif=0.949
",1.5360271446859904e-06,feasible,20
46,0,5,"//0
p:0.37, 0.025, -0.274
p:1.0
p:0.919, -0.915, 0.895
p:1.042, -0.722, -0.141
j:0, 1
j:2, 1
j:3, 2, stif=0.949
n:j=1, d=|
",1.8974843386918016e-06,"//0
p:0.37, 0.025, -0.274, fr=0.114
p:1.0
p:0.919, -0.915, 0.895
p:1.042, -0.722, -0.141
j:0, 1
j:2, 1
j:3, 2, stif=0.949
n:j=1, d=|
",1.1536945060532642e-06,feasible,22
46,0,5,"//0
p:0.37, 0.025, -0.274
p:1.0
p:0.919, -0.915, 0.895
p:1.042, -0.722, -0.141
j:0, 1
j:2, 1
j:3, 2, stif=0.949
n:j=1, d=|
",1.8974843386918016e-06,"//0
p:0.37, 0.025, -0.274
p:1.0
p:0.726, -0.463, 1.683
p:1.042, -0.722, -0.141
j:0, 1
j:2, 1
j:3, 2, stif=0.949
n:j=1, d=|
",3.015323172431712e-07,feasible,22
46,0,5,"//0
p:0.37, 0.025, -0.274
p:1.0
p:0.919, -0.915, 0.895
p:1.042, -0.722, -0.141
j:0, 1
j:2, 1
j:3, 2, stif=0.949
n:j=1, d=|
",1.8974843386918016e-06,"//0
p:0.37, 0.025, -0.274
p:1.0
p:0.919, -0.915, 0.895
p:1.042, -0.722, -0.141
j:0, 1
j:2, 1
j:3, 2, stif=0.949
",1.5360271446859904e-06,feasible,22
46,0,5,"//0
p:0.37, 0.025, -0.274
p:1.0
p:0.919, -0.915, 0.895
p:1.042, -0.722, -0.141
j:0, 1
j:2, 1
j:3, 2, stif=0.949
n:j=1, d=|
",1.8974843386918016e-06,"//0
p:0.37, 0.025, -0.274
p:1.0
p:0.919, -0.915, 0.895
j:0, 1
j:2, 1
n:j=1, d=|
",1.7256051388546867e-07,feasible,22
46,0,5,"//0
p:0.37, 0.025, -0.274
p:1.0
p:0.919, -0.915, 0.895
p:1.042, -0.722, -0.141
j:0, 1
j:2, 1
j:3, 2, stif=0.949
n:j=1, d=|
",1.8974843386918016e-06,"//0
p:0.37, 0.025, -0.274, fr=0.683
p:1.0
p:0.919, -0.915, 0.895
p:1.042, -0.722, -0.141
j:0, 1
j:2, 1
j:3, 2, stif=0.949
n:j=1, d=|
",1.5060887304311134e-06,feasible,22
46,0,5,"//0
p:0.37, 0.025, -0.274
p:1.0
p:0.919, -0.915, 0.895
p:1.042, -0.722, -0.141
j:0, 1
j:2, 1
j:3, 2, stif=0.949
n:j=1, d=|
",1.8974843386918016e-06,"//0
p:0.37, 0.025, -0.274
p:1.0
p:0.919, -0.915, 0.895
p:1.042, -0.722, -0.141
j:0, 1
j:2, 1
j:3, 2, stif=0.949
n:j=1, d=|:p=0.404
",1.5440074984578413e-06,feasible,22
46,0,5,"//0
p:0.37, 0.025, -0.274
p:1.0
p:0.919, -0.915, 0.895
p:1.042, -0.722, -0.141
j:0, 1
j:2, 1
j:3, 2, stif=0.949
n:j=1, d=|
",1.8974843386918016e-06,"//0
p:0.37, 0.025, -0.274
p:1.0
p:0.919, -0.915, 0.895
p:1.042, -0.722, -0.141
p:1.13, -0.085, -0.226
j:0, 1
j:2, 1
j:3, 2, stif=0.949
j:4, 0
n:j=1, d=|
",1.445785899277012e-06,feasible,22
46,0,5,"//0
p:0.37, 0.025, -0.274
p:1.0
p:0.919, -0.915, 0.895
p:1.042, -0.722, -0.141
j:0, 1
j:2, 1
j:3, 2, stif=0.949
n:j=1, d=|
",1.8974843386918016e-06,"//0
p:0.37, 0.025, -0.274
p:1.0
p:0.919, -0.915, 0.895
p:1.042, -0.722, -0.141
j:0, 1
j:2, 1
j:3, 2, stif=0.949
n:j=1, d=|
n:d=*
c:0, 1, 4.302
",2.231278500242894e-05,feasible,22
46,0,5,"//0
p:0.37, 0.025, -0.274
p:1.0
p:0.919, -0.915, 0.895
p:1.042, -0.722, -0.141
j:0, 1
j:2, 1
j:3, 2, stif=0.949
n:j=1, d=|
",1.8974843386918016e-06,"//0
p:0.37, 0.025, -0.274
p:1.0
p:0.919, -0.915, 0.895
p:1.042, -0.722, -0.141
j:0, 1
j:2, 1
j:3, 2, stif=0.949
n:j=1, d=|:r=0.862
",1.8974843386918016e-06,feasible,22
46,0,5,"//0
p:0.37, 0.025, -0.274
p:1.0
p:0.919, -0.915, 0.895
p:1.042, -0.722, -0.141
j:0, 1
j:2, 1
j:3, 2, stif=0.949
n:j=1, d=|
",1.8974843386918016e-06,"//0
p:0.37, 0.025, -0.274
p:1.0
p:0.919, -0.915, 0.895
p:1.042, -0.722, -0.141, ing=0.34
j:0, 1
j:2, 1
j:3, 2, stif=0.949
n:j=1, d=|
",1.8974843386918016e-06,feasible,22
46,0,5,"//0
p:0.37, 0.025, -0.274
p:1.0
p:0.919, -0.915, 0.895
p:1.042, -0.722, -0.141
j:0, 1
j:2, 1
j:3, 2, stif=0.949
n:j=1, d=|
",1.8974843386918016e-06,"//0
p:0.37, 0.025, -0.274
p:1.0
p:0.919, -0.915, 0.895
p:1.042, -0.722, -0.141
j:3, 1
j:2, 1
j:0, 2, stif=0.949
n:j=1, d=|
",6.841368823391066e-07,feasible,22
46,0,5,"//0
p:0.37, 0.025, -0.274
p:1.0
p:0.919, -0.915, 0.895
p:1.042, -0.722, -0.141
j:0, 1
j:2, 1
j:3, 2, stif=0.949
n:j=1, d=|
",1.8974843386918016e-06,"//0
p:1.0
p:0.919, -0.915, 0.895
p:1.042, -0.722, -0.141
j:1, 0
j:2, 1, stif=0.949
n:j=0, d=|
",1.2662671702545103e-08,feasible,22
46,0,5,"//0
p:0.37, 0.025, -0.274
p:1.0
p:0.919, -0.915, 0.895
p:1.042, -0.722, -0.141
j:0, 1
j:2, 1
j:3, 2, stif=0.949
n:j=1, d=|
",1.8974843386918016e-06,"//0
p:0.37, 0.025, -0.274
p:1.0
p:0.919, -0.915, 0.895
p:1.042, -0.722, -0.141
j:0, 1
j:2, 1, rotstif=0.999
j:3, 2, stif=0.949
n:j=1, d=|
",1.8974843386918016e-06,feasible,22
46,0,5,"//0
p:0.37, 0.025, -0.274
p:1.0
p:0.919, -0.915, 0.895
p:1.042, -0.722, -0.141
j:0, 1
j:2, 1
j:3, 2, stif=0.949
n:j=1, d=|
",1.8974843386918016e-06,"//0
p:0.37, 0.025, -0.274
p:1.0
p:0.919, -0.915, 0.895
p:1.042, -0.722, -0.141
j:0, 1
j:2, 1
j:3, 2, stif=0.949
n:j=1, d=|:p=0.334
",1.5257840516443887e-06,feasible,22
46,0,5,"//0
p:0.37, 0.025, -0.274
p:1.0
p:0.919, -0.915, 0.895
p:1.042, -0.722, -0.141
j:0, 1
j:2, 1
j:3, 2, stif=0.949
n:j=1, d=|
",1.8974843386918016e-06,"//0
p:0.37, 0.025, -0.274
p:1.0
p:0.919, -0.915, 0.895
p:1.042, -0.722, -0.141
j:0, 1, stif=0.953
j:2, 1
j:3, 2, stif=0.949
n:j=1, d=|
",1.2964282807514314e-06,feasible,22
46,0,5,"//0
p:0.37, 0.025, -0.274
p:1.0
p:0.919, -0.915, 0.895
p:1.042, -0.722, -0.141
j:0, 1
j:2, 1
j:3, 2, stif=0.949
n:j=1, d=|
",1.8974843386918016e-06,"//0
p:0.37, 0.025, -0.274
p:1.0
p:0.919, -0.915, 0.895
p:1.042, -0.722, -0.141
j:0, 1, rotstif=0.922
j:2, 1
j:3, 2, stif=0.949
n:j=1, d=|
",1.8974843386918016e-06,feasible,22
46,0,5,"//0
p:0.37, 0.025, -0.274
p:1.0
p:0.919, -0.915, 0.895
p:1.042, -0.722, -0.141
j:0, 1
j:2, 1
j:3, 2, stif=0.949
n:j=1, d=|
",1.8974843386918016e-06,"//0
p:0.37, 0.025, -0.274
p:1.0
p:0.919, -0.915, 0.895
p:1.042, -0.722, -0.141, fr=0.951
j:0, 1
j:2, 1
j:3, 2, stif=0.949
n:j=1, d=|
",1.4724370945555426e-06,feasible,22
46,0,5,"//0
p:0.37, 0.025, -0.274
p:1.0
p:0.919, -0.915, 0.895
p:1.042, -0.722, -0.141
j:0, 1
j:2, 1
j:3, 2, stif=0.949
n:j=1, d=|
",1.8974843386918016e-06,"//0
p:0.37, 0.025, -0.274
p:1.0
p:0.919, -0.915, 0.895
p:1.042, -0.722, -0.141
j:0, 1
j:2, 1
j:3, 2, stif=0.949
n:j=1, d=|:p=0.26
",1.580478419675056e-06,feasible,22
46,0,5,"//0
p:0.37, 0.025, -0.274
p:1.0
p:0.919, -0.915, 0.895
p:1.042, -0.722, -0.141
j:0, 1
j:2, 1
j:3, 2, stif=0.949
n:j=1, d=|
",1.8974843386918016e-06,"//0
p:0.37, 0.025, -0.274
p:1.0
p:0.919, -0.915, 0.895
p:1.042, -0.722, -0.141
j:0, 1
j:2, 1
j:3, 2, stif=0.949
n:j=1, d=|:p=0.256
",1.4447581196102954e-06,feasible,22
46,0,5,"//0
p:0.37, 0.025, -0.274
p:1.0
p:0.919, -0.915, 0.895
p:1.042, -0.722, -0.141
j:0, 1
j:2, 1
j:3, 2, stif=0.949
n:j=1, d=|
",1.8974843386918016e-06,"//0
p:0.37, 0.025, -0.274
p:1.0
p:0.919, -0.915, 0.895
p:1.042, -0.722, -0.141
j:0, 1
j:2, 1, stif=0.867
j:3, 2, stif=0.949
n:j=1, d=|
",7.895638999128309e-07,feasible,22
46,0,6,"//0
p:0.37, 0.025, -0.274
p:1.0
p:0.773, -0.95, 0.982
p:1.042, -0.722, -0.141
j:0, 1
j:2, 1
j:3, 2, stif=0.949
n:j=1, d=|
",0.00012686404982182605,"//0
p:0.37, 0.025, -0.274
p:1.0
p:0.773, -0.95, 0.982
p:1.042, -0.722, -0.141
j:0, 1
j:2, 1
j:3, 2, stif=0.949, rotstif=0.953
n:j=1, d=|
",0.00012686404982182605,feasible,20
46,0,6,"//0
p:0.37, 0.025, -0.274
p:1.0
p:0.773, -0.95, 0.982
p:1.042, -0.722, -0.141
j:0, 1
j:2, 1
j:3, 2, stif=0.949
n:j=1, d=|
",0.00012686404982182605,"//0
p:0.37, 0.025, -0.274
p:1.0
p:0.773, -0.95, 0.982
p:1.042, -0.722, -0.141
j:0, 1
j:2, 1
j:3, 2, stif=0.887
n:j=1, d=|
",0.00011863156462674556,feasible,20
46,0,6,"//0
p:0.37, 0.025, -0.274
p:1.0
p:0.773, -0.95, 0.982
p:1.042, -0.722, -0.141
j:0, 1
j:2, 1
j:3, 2, stif=0.949
n:j=1, d=|
",0.00012686404982182605,"//0
p:0.37, 0.025, -0.274
p:1.0
p:0.773, -0.95, 0.982
p:1.042, -0.722, -0.141
p:0.118, -0.418, -0.932
j:0, 1
j:2, 1
j:3, 2, stif=0.949
j:4, 1
n:j=1, d=|
",8.982667055685913e-07,feasible,20
46,0,6,"//0
p:0.37, 0.025, -0.274
p:1.0
p:0.773, -0.95, 0.982
p:1.042, -0.722, -0.141
j:0, 1
j:2, 1
j:3, 2, stif=0.949
n:j=1, d=|
",0.00012686404982182605,"//0
p:0.37, 0.025, -0.274
p:1.0
p:0.773, -0.95, 0.982, fr=0.248
p:1.042, -0.722, -0.141
j:0, 1
j:2, 1
j:3, 2, stif=0.949
n:j=1, d=|
",0.00021638960828453658,feasible,20
46,0,6,"//0
p:0.37, 0.025, -0.274
p:1.0
p:0.773, -0.95, 0.982
p:1.042, -0.722, -0.141
j:0, 1
j:2, 1
j:3, 2, stif=0.949
n:j=1, d=|
",0.00012686404982182605,"//0
p:0.37, 0.025, -0.274
p:1.0
p:0.773, -0.95, 0.982
p:1.042, -0.722, -0.141
j:0, 1
j:2, 1
j:3, 2, stif=0.965
n:j=1, d=|
",7.729130571457408e-07,feasible,20
46,0,6,"//0
p:0.37, 0.025, -0.274
p:1.0
p:0.773, -0.95, 0.982
p:1.042, -0.722, -0.141
j:0, 1
j:2, 1
j:3, 2, stif=0.949
n:j=1, d=|
",0.00012686404982182605,"//0
p:0.37, 0.025, -0.274
p:1.0
p:0.773, -0.95, 0.982
p:1.042, -0.722, -0.141
j:0, 1
j:2, 1
j:3, 2, stif=0.949, rotstif=0.989
n:j=1, d=|
",0.00012686404982182605,feasible,20
46,0,6,"//0
p:0.37, 0.025, -0.274
p:1.0
p:0.773, -0.95, 0.982
p:1.042, -0.722, -0.141
j:0, 1
j:2, 1
j:3, 2, stif=0.949
n:j=1, d=|
",0.00012686404982182605,"//0
p:0.37, 0.025, -0.274
p:1.0
p:0.773, -0.95, 0.982
p:1.042, -0.722, -0.141
j:0, 3
j:2, 3
j:1, 2, stif=0.949
n:j=1, d=|
",1.3976021522037668e-07,feasible,20
46,0,6,"//0
p:0.37, 0.025, -0.274
p:1.0
p:0.773, -0.95, 0.982
p:1.042, -0.722, -0.141
j:0, 1
j:2, 1
j:3, 2, stif=0.949
n:j=1, d=|
",0.00012686404982182605,"//0
p:0.37, 0.025, -0.274
p:1.0
p:0.773, -0.95, 0.982
p:1.042, -0.722, -0.141
j:0, 1
j:2, 1
j:3, 2, stif=0.95
n:j=1, d=|
",8.734694529642484e-07,feasible,20
46,0,6,"//0
p:0.37, 0.025, -0.274
p:1.0
p:0.773, -0.95, 0.982
p:1.042, -0.722, -0.141
j:0, 1
j:2, 1
j:3, 2, stif=0.949
n:j=1, d=|
",0.00012686404982182605,"//0
p:0.37, 0.025, -0.274
p:1.0
p:0.773, -0.95, 0.982
p:1.042, -0.722, -0.141, ing=0.234
j:0, 1
j:2, 1
j:3, 2, stif=0.949
n:j=1, d=|
",0.00012686404982182605,feasible,20
46,0,6,"//0
p:0.37, 0.025, -0.274
p:1.0
p:0.773, -0.95, 0.982
p:1.042, -0.722, -0.141
j:0, 1
j:2, 1
j:3, 2, stif=0.949
n:j=1, d=|
",0.00012686404982182605,"//0
p:0.37, 0.025, -0.274
p:1.0
p:0.773, -0.95, 0.982
p:1.042, -0.722, -0.141
j:0, 1, stif=0.903
j:2, 1
j:3, 2, stif=0.949
n:j=1, d=|
",0.0001428119729017004,feasible,20
46,0,6,"//0
p:0.37, 0.025, -0.274
p:1.0
p:0.773, -0.95, 0.982
p:1.042, -0.722, -0.141
j:0, 1
j:2, 1
j:3, 2, stif=0.949
n:j=1, d=|
",0.00012686404982182605,"//0
p:0.37, 0.025, -0.274
p:1.0
p:0.773, -0.95, 0.982
p:1.042, -0.722, -0.141
j:0, 1
j:2, 1, rotstif=0.932
j:3, 2, stif=0.949
n:j=1, d=|
",0.00012686404982182605,feasible,20
46,0,6,"//0
p:0.37, 0.025, -0.274
p:1.0
p:0.773, -0.95, 0.982
p:1.042, -0.722, -0.141
j:0, 1
j:2, 1
j:3, 2, stif=0.949
n:j=1, d=|
",0.00012686404982182605,"//0
p:0.37, 0.025, -0.274
p:1.0
p:0.773, -0.95, 0.982
p:1.042, -0.722, -0.141
j:0, 1, rotstif=0.994
j:2, 1
j:3, 2, stif=0.949
n:j=1, d=|
",0.00012686404982182605,feasible,20
46,0,6,"//0
p:0.37, 0.025, -0.274
p:1.0
p:0.773, -0.95, 0.982
p:1.042, -0.722, -0.141
j:0, 1
j:2, 1
j:3, 2, stif=0.949
n:j=1, d=|
",0.00012686404982182605,"//0
p:0.37, 0.025, -0.274
p:1.0
p:0.773, -0.95, 0.982
p:1.042, -0.722, -0.141
p:0.089, -0.06, -1.849
j:0, 1
j:2, 1
j:3, 2, stif=0.949
j:4, 0
n:j=1, d=|
",2.4581914732603324e-07,feasible,20
46,0,6,"//0
p:0.37, 0.025, -0.274
p:1.0
p:0.773, -0.95, 0.982
p:1.042, -0.722, -0.141
j:0, 1
j:2, 1
j:3, 2, stif=0.949
n:j=1, d=|
",0.00012686404982182605,"//0
p:0.37, 0.025, -0.274
p:1.0
p:0.773, -0.95, 0.982
p:1.042, -0.722, -0.141
j:0, 1
j:2, 1
j:3, 2, stif=0.949
n:j=1, d=|:p=0.299
",1.746469987563078e-06,feasible,20
46,0,6,"//0
p:0.37, 0.025, -0.274
p:1.0
p:0.773, -0.95, 0.982
p:1.042, -0.722, -0.141
j:0, 1
j:2, 1
j:3, 2, stif=0.949
n:j=1, d=|
",0.00012686404982182605,"//0
p:0.37, 0.025, -0.274
p:1.0
p:0.773, -0.95, 0.982
p:1.042, -0.722, -0.141
j:1, 0
j:2, 0
j:3, 2, stif=0.949
n:j=1, d=|
",3.2292162843907773e-05,feasible,20
46,0,6,"//0
p:0.37, 0.025, -0.274
p:1.0
p:0.773, -0.95, 0.982
p:1.042, -0.722, -0.141
j:0, 1
j:2, 1
j:3, 2, stif=0.949
n:j=1, d=|
",0.00012686404982182605,"//0
p:0.37, 0.025, -0.274
p:1.0
p:0.773, -0.95, 0.982
p:1.042, -0.722, -0.141
j:0, 1
j:2, 1, stif=0.989
j:3, 2, stif=0.949
n:j=1, d=|
",0.00012468780787105012,feasible,20
46,0,6,"//0
p:0.37, 0.025, -0.274
p:1.0
p:0.773, -0.95, 0.982
p:1.042, -0.722, -0.141
j:0, 1
j:2, 1
j:3, 2, stif=0.949
n:j=1, d=|
",0.00012686404982182605,"//0
p:1.0
p:0.773, -0.95, 0.982
p:1.042, -0.722, -0.141
j:1, 0
j:2, 1, stif=0.949
n:j=0, d=|
",2.0968812186316524e-06,feasible,20
46,0,6,"//0
p:0.37, 0.025, -0.274
p:1.0
p:0.773, -0.95, 0.982
p:1.042, -0.722, -0.141
j:0, 1
j:2, 1
j:3, 2, stif=0.949
n:j=1, d=|
",0.00012686404982182605,"//0
p:0.37, 0.025, -0.274
p:1.0
p:0.773, -0.95, 0.982
p:1.042, -0.722, -0.141
j:3, 1
j:2, 1
j:0, 2, stif=0.949
n:j=1, d=|
",4.930121473360324e-07,feasible,20
46,0,6,"//0
p:0.37, 0.025, -0.274
p:1.0
p:0.773, -0.95, 0.982
p:1.042, -0.722, -0.141
j:0, 1
j:2, 1
j:3, 2, stif=0.949
n:j=1, d=|
",0.00012686404982182605,"//0
p:0.37, 0.025, -0.274
p:1.0
p:0.773, -0.95, 0.982
p:1.042, -0.722, -0.141
j:0, 1
j:2, 1
j:3, 2, stif=0.949, rotstif=0.891
n:j=1, d=|
",0.00012686404982182605,feasible,20
46,0,6,"//0
p:0.37, 0.025, -0.274
p:1.0
p:0.773, -0.95, 0.982
p:1.042, -0.722, -0.141
j:0, 1
j:2, 1
j:3, 2, stif=0.949
n:j=1, d=|
",0.00012686404982182605,"//0
p:0.37, 0.025, -0.274
p:1.0
p:0.773, -0.95, 0.982
p:1.042, -0.722, -0.141
j:0, 1
j:2, 1
j:3, 2, stif=0.949, rotstif=0.962
n:j=1, d=|
",0.00012686404982182605,feasible,20
46,0,7,"//0
p:0.37, 0.025, -0.274
p:1.0, fr=0.449
p:0.773, -0.95, 0.982
p:1.042, -0.722, -0.141
j:0, 1
j:2, 1
j:3, 2, stif=0.949
n:j=1, d=|
",0.00021538427260899896,"//0
p:0.37, 0.025, -0.274
p:1.0, fr=0.464
p:0.773, -0.95, 0.982
p:1.042, -0.722, -0.141
j:0, 1
j:2, 1
j:3, 2, stif=0.949
n:j=1, d=|
",0.00024497082089780086,feasible,21
46,0,7,"//0
p:0.37, 0.025, -0.274
p:1.0, fr=0.449
p:0.773, -0.95, 0.982
p:1.042, -0.722, -0.141
j:0, 1
j:2, 1
j:3, 2, stif=0.949
n:j=1, d=|
",0.00021538427260899896,"//0
p:1.0, fr=0.449
p:0.773, -0.95, 0.982
p:1.042, -0.722, -0.141
j:1, 0
j:2, 1, stif=0.949
n:j=0, d=|
",1.5342011879049028e-07,feasible,21
46,0,7,"//0
p:0.37, 0.025, -0.274
p:1.0, fr=0.449
p:0.773, -0.95, 0.982
p:1.042, -0.722, -0.141
j:0, 1
j:2, 1
j:3, 2, stif=0.949
n:j=1, d=|
",0.00021538427260899896,"//0
p:0.37, 0.025, -0.274
p:1.0, fr=0.449
p:0.773, -0.95, 0.982
p:1.042, -0.722, -0.141
j:0, 1
j:2, 1
j:3, 2, stif=0.949
n:j=1, d=|
n:p=1, d=Gpart
c:0, 1, 1.425
",4.083209691702447e-06,feasible,21
46,0,7,"//0
p:0.37, 0.025, -0.274
p:1.0, fr=0.449
p:0.773, -0.95, 0.982
p:1.042, -0.722, -0.141
j:0, 1
j:2, 1
j:3, 2, stif=0.949
n:j=1, d=|
",0.00021538427260899896,"//0
p:0.37, 0.025, -0.274
p:1.0, fr=0.449
p:0.773, -0.95, 0.982
p:1.042, -0.722, -0.141
j:0, 1
j:2, 1
j:3, 2, stif=0.949
n:j=1, d=|:p=0.265
",0.0002187960998846147,feasible,21
46,0,7,"//0
p:0.37, 0.025, -0.274
p:1.0, fr=0.449
p:0.773, -0.95, 0.982
p:1.042, -0.722, -0.141
j:0, 1
j:2, 1
j:3, 2, stif=0.949
n:j=1, d=|
",0.00021538427260899896,"//0
p:-0.101, 0.456, -0.224
p:1.0, fr=0.449
p:0.773, -0.95, 0.982
p:1.042, -0.722, -0.141
j:0, 1
j:2, 1
j:3, 2, stif=0.949
n:j=1, d=|
",6.43523001997623e-08,feasible,21
46,0,7,"//0
p:0.37, 0.025, -0.274
p:1.0, fr=0.449
p:0.773, -0.95, 0.982
p:1.042, -0.722, -0.141
j:0, 1
j:2, 1
j:3, 2, stif=0.949
n:j=1, d=|
",0.00021538427260899896,"//0
p:0.37, 0.025, -0.274
p:1.0, fr=0.449
p:0.773, -0.95, 0.982
p:1.042, -0.722, -0.141
j:0, 1, stif=0.957
j:2, 1
j:3, 2, stif=0.949
n:j=1, d=|
",0.00021971931486437963,feasible,21
46,0,7,"//0
p:0.37, 0.025, -0.274
p:1.0, fr=0.449
p:0.773, -0.95, 0.982
p:1.042, -0.722, -0.141
j:0, 1
j:2, 1
j:3, 2, stif=0.949
n:j=1, d=|
",0.00021538427260899896,"//0
p:0.37, 0.025, -0.274
p:1.0, fr=0.449
p:0.773, -0.95, 0.982
p:1.042, -0.722, -0.141
j:0, 1
j:3, 1
j:2, 3, stif=0.949
n:j=1, d=|
",3.1353042595588085e-07,feasible,21
46,0,7,"//0
p:0.37, 0.025, -0.274
p:1.0, fr=0.449
p:0.773, -0.95, 0.982
p:1.042, -0.722, -0.141
j:0, 1
j:2, 1
j:3, 2, stif=0.949
n:j=1, d=|
",0.00021538427260899896,"//0
p:0.37, 0.025, -0.274
p:1.0, fr=0.449
p:0.773, -0.95, 0.982
p:1.042, -0.722, -0.141
j:0, 1
j:2, 1
j:3, 2, stif=0.949
j:1, 3
n:j=1, d=|
",2.9397372879494995e-07,feasible,21
46,0,7,"//0
p:0.37, 0.025, -0.274
p:1.0, fr=0.449
p:0.773, -0.95, 0.982
p:1.042, -0.722, -0.141
j:0, 1
j:2, 1
j:3, 2, stif=0.949
n:j=1, d=|
",0.00021538427260899896,"//0
p:0.37, 0.025, -0.274
p:1.0, fr=0.449
p:0.773, -0.95, 0.982
p:1.042, -0.722, -0.141
p:0.891, -0.967, 1.247
j:0, 1
j:2, 1
j:3, 2, stif=0.949
j:4, 2
n:j=1, d=|
",9.10226231769371e-07,feasible,21
46,0,7,"//0
p:0.37, 0.025, -0.274
p:1.0, fr=0.449
p:0.773, -0.95, 0.982
p:1.042, -0.722, -0.141
j:0, 1
j:2, 1
j:3, 2, stif=0.949
n:j=1, d=|
",0.00021538427260899896,"//0
p:0.37, 0.025, -0.274
p:1.0, fr=0.449
p:0.773, -0.95, 0.982, fr=0.08
p:1.042, -0.722, -0.141
j:0, 1
j:2, 1
j:3, 2, stif=0.949
n:j=1, d=|
",0.0002176434192814091,feasible,21
46,0,7,"//0
p:0.37, 0.025, -0.274
p:1.0, fr=0.449
p:0.773, -0.95, 0.982
p:1.042, -0.722, -0.141
j:0, 1
j:2, 1
j:3, 2, stif=0.949
n:j=1, d=|
",0.00021538427260899896,"//0
p:0.37, 0.025, -0.274
p:1.0, fr=0.449
p:0.773, -0.95, 0.982, ing=0.075
p:1.042, -0.722, -0.141
j:0, 1
j:2, 1
j:3, 2, stif=0.949
n:j=1, d=|
",0.00021538427260899896,feasible,21
46,0,7,"//0
p:0.37, 0.025, -0.274
p:1.0, fr=0.449
p:0.773, -0.95, 0.982
p:1.042, -0.722, -0.141
j:0, 1
j:2, 1
j:3, 2, stif=0.949
n:j=1, d=|
",0.00021538427260899896,"//0
p:0.37, 0.025, -0.274
p:1.0, fr=0.449
p:0.773, -0.95, 0.982
p:1.042, -0.722, -0.141
j:0, 1, rotstif=0.964
j:2, 1
j:3, 2, stif=0.949
n:j=1, d=|
",0.00021538427260899896,feasible,21
46,0,7,"//0
p:0.37, 0.025, -0.274
p:1.0, fr=0.449
p:0.773, -0.95, 0.982
p:1.042, -0.722, -0.141
j:0, 1
j:2, 1
j:3, 2, stif=0.949
n:j=1, d=|
",0.00021538427260899896,"//0
p:0.37, 0.025, -0.274
p:1.0, fr=0.449
p:0.773, -0.95, 0.982
p:1.042, -0.722, -0.141
p:0.798, -1.141, 0.809
j:0, 1
j:2, 1
j:3, 2, stif=0.949
j:4, 2
n:j=1, d=|
",1.4819195195308323e-06,feasible,21
46,0,7,"//0
p:0.37, 0.025, -0.274
p:1.0, fr=0.449
p:0.773, -0.95, 0.982
p:1.042, -0.722, -0.141
j:0, 1
j:2, 1
j:3, 2, stif=0.949
n:j=1, d=|
",0.00021538427260899896,"//0
p:0.37, 0.025, -0.274
p:1.0, fr=0.449
p:0.773, -0.95, 0.982
j:0, 1
j:2, 1
n:j=1, d=|
",2.732655181010196e-07,feasible,21
46,0,7,"//0
p:0.37, 0.025, -0.274
p:1.0, fr=0.449
p:0.773, -0.95, 0.982
p:1.042, -0.722, -0.141
j:0, 1
j:2, 1
j:3, 2, stif=0.949
n:j=1, d=|
",0.00021538427260899896,"//0
p:0.37, 0.025, -0.274
p:1.0, fr=0.449
p:0.773, -0.95, 0.982
p:1.042, -0.722, -0.141
j:0, 3
j:2, 3
j:1, 2, stif=0.949
n:j=1, d=|
",1.593401374422646e-07,feasible,21
46,0,7,"//0
p:0.37, 0.025, -0.274
p:1.0, fr=0.449
p:0.773, -0.95, 0.982
p:1.042, -0.722, -0.141
j:0, 1
j:2, 1
j:3, 2, stif=0.949
n:j=1, d=|
",0.00021538427260899896,"//0
p:0.37, 0.025, -0.274
p:1.0, fr=0.449
p:0.773, -0.95, 0.982
p:1.042, -0.722, -0.141
j:0, 1
j:2, 1
j:3, 2, stif=0.949
n:j=1, d=|:p=0.171
",0.00025081682503180693,feasible,21
46,0,7,"//0
p:0.37, 0.025, -0.274
p:1.0, fr=0.449
p:0.773, -0.95, 0.982
p:1.042, -0.722, -0.141
j:0, 1
j:2, 1
j:3, 2, stif=0.949
n:j=1, d=|
",0.00021538427260899896,"//0
p:0.37, 0.025, -0.274, ing=0.235
p:1.0, fr=0.449
p:0.773, -0.95, 0.982
p:1.042, -0.722, -0.141
j:0, 1
j:2, 1
j:3, 2, stif=0.949
n:j=1, d=|
",0.00021538427260899896,feasible,21
46,0,7,"//0
p:0.37, 0.025, -0.274
p:1.0, fr=0.449
p:0.773, -0.95, 0.982
p:1.042, -0.722, -0.141
j:0, 1
j:2, 1
j:3, 2, stif=0.949
n:j=1, d=|
",0.00021538427260899896,"//0
p:0.37, 0.025, -0.274
p:1.0, fr=0.449
p:0.773, -0.95, 0.982
p:1.042, -0.722, -0.141
j:1, 0
j:2, 0
j:3, 2, stif=0.949
n:j=1, d=|
",3.2292162843907773e-05,feasible,21
46,0,7,"//0
p:0.37, 0.025, -0.274
p:1.0, fr=0.449
p:0.773, -0.95, 0.982
p:1.042, -0.722, -0.141
j:0, 1
j:2, 1
j:3, 2, stif=0.949
n:j=1, d=|
",0.00021538427260899896,"//0
p:0.37, 0.025, -0.274, ing=0.437
p:1.0, fr=0.449
p:0.773, -0.95, 0.982
p:1.042, -0.722, -0.141
j:0, 1
j:2, 1
j:3, 2, stif=0.949
n:j=1, d=|
",0.00021538427260899896,feasible,21
46,0,7,"//0
p:0.37, 0.025, -0.274
p:1.0, fr=0.449
p:0.773, -0.95, 0.982
p:1.042, -0.722, -0.141
j:0, 1
j:2, 1
j:3, 2, stif=0.949
n:j=1, d=|
",0.00021538427260899896,"//0
p:0.37, 0.025, -0.274, fr=0.151
p:1.0, fr=0.449
p:0.773, -0.95, 0.982
p:1.042, -0.722, -0.141
j:0, 1
j:2, 1
j:3, 2, stif=0.949
n:j=1, d=|
",0.00034266852127490716,feasible,21
46,0,8,"//0
p:0.37, 0.025, -0.274, fr=0.356
p:1.0, fr=0.449
p:0.773, -0.95, 0.982
p:1.042, -0.722, -0.141
j:0, 1
j:2, 1
j:3, 2, stif=0.949
n:j=1, d=|
",0.0002304900803525064,"//0
p:0.409, 0.064, -0.269, fr=0.356
p:1.0, fr=0.449
p:0.773, -0.95, 0.982
p:1.042, -0.722, -0.141
j:0, 1
j:2, 1
j:3, 2, stif=0.949
n:j=1, d=|
",0.0002416457775100747,feasible,22
46,0,8,"//0
p:0.37, 0.025, -0.274, fr=0.356
p:1.0, fr=0.449
p:0.773, -0.95, 0.982
p:1.042, -0.722, -0.141
j:0, 1
j:2, 1
j:3, 2, stif=0.949
n:j=1, d=|
",0.0002304900803525064,"//0
p:0.37, 0.025, -0.274, fr=0.356
p:1.0, fr=0.449
p:0.773, -0.95, 0.982
p:1.042, -0.722, -0.141
j:0, 1
j:2, 1
j:3, 2, stif=0.949
n:j=1, d=|:r=0.869
",0.0002304900803525064,feasible,22
46,0,8,"//0
p:0.37, 0.025, -0.274, fr=0.356
p:1.0, fr=0.449
p:0.773, -0.95, 0.982
p:1.042, -0.722, -0.141
j:0, 1
j:2, 1
j:3, 2, stif=0.949
n:j=1, d=|
",0.0002304900803525064,"//0
p:0.37, 0.025, -0.274, fr=0.356
p:1.0, fr=0.449
p:0.773, -0.95, 0.982, fr=0.18
p:1.042, -0.722, -0.141
j:0, 1
j:2, 1
j:3, 2, stif=0.949
n:j=1, d=|
",0.00020709802381878824,feasible,22
46,0,8,"//0
p:0.37, 0.025, -0.274, fr=0.356
p:1.0, fr=0.449
p:0.773, -0.95, 0.982
p:1.042, -0.722, -0.141
j:0, 1
j:2, 1
j:3, 2, stif=0.949
n:j=1, d=|
",0.0002304900803525064,"//0
p:0.37, 0.025, -0.274, fr=0.356
p:1.0, fr=0.449
p:0.773, -0.95, 0.982
p:1.042, -0.722, -0.141
j:3, 1
j:2, 1
j:0, 2, stif=0.949
n:j=1, d=|
",6.203925520017198e-07,feasible,22
46,0,8,"//0
p:0.37, 0.025, -0.274, fr=0.356
p:1.0, fr=0.449
p:0.773, -0.95, 0.982
p:1.042, -0.722, -0.141
j:0, 1
j:2, 1
j:3, 2, stif=0.949
n:j=1, d=|
",0.0002304900803525064,"//0
p:0.37, 0.025, -0.274, fr=0.356
p:1.0, fr=0.449
p:0.773, -0.95, 0.982
p:1.042, -0.722, -0.141
j:0, 1
j:2, 1
j:3, 2, stif=0.949
j:0, 2
n:j=1, d=|
",5.031809670535373e-07,feasible,22
46,0,8,"//0
p:0.37, 0.025, -0.274, fr=0.356
p:1.0, fr=0.449
p:0.773, -0.95, 0.982
p:1.042, -0.722, -0.141
j:0, 1
j:2, 1
j:3, 2, stif=0.949
n:j=1, d=|
",0.0002304900803525064,"//0
p:0.37, 0.025, -0.274, fr=0.356
p:1.0, fr=0.449
p:0.773, -0.95, 0.982
j:0, 1
j:2, 1
n:j=1, d=|
",8.692453255595155e-08,feasible,22
46,0,8,"//0
p:0.37, 0.025, -0.274, fr=0.356
p:1.0, fr=0.449
p:0.773, -0.95, 0.982
p:1.042, -0.722, -0.141
j:0, 1
j:2, 1
j:3, 2, stif=0.949
n:j=1, d=|
",0.0002304900803525064,"//0
p:0.37, 0.025, -0.274, fr=0.356
p:1.0, fr=0.449
p:0.773, -0.95, 0.982
p:1.042, -0.722, -0.141
j:0, 2
j:1, 2
j:3, 1, stif=0.949
n:j=1, d=|
",3.4284875423211986e-07,feasible,22
46,0,8,"//0
p:0.37, 0.025, -0.274, fr=0.356
p:1.0, fr=0.449
p:0.773, -0.95, 0.982
p:1.042, -0.722, -0.141
j:0, 1
j:2, 1
j:3, 2, stif=0.949
n:j=1, d=|
",0.0002304900803525064,"//0
p:0.37, 0.025, -0.274, fr=0.356
p:1.0, fr=0.449
p:0.773, -0.95, 0.982
p:1.042, -0.722, -0.141
j:0, 1
j:2, 1
j:3, 2, stif=0.949
n:j=1, d=|:r=0.992
",0.0002304900803525064,feasible,22
46,0,8,"//0
p:0.37, 0.025, -0.274, fr=0.356
p:1.0, fr=0.449
p:0.773, -0.95, 0.982
p:1.042, -0.722, -0.141
j:0, 1
j:2, 1
j:3, 2, stif=0.949
n:j=1, d=|
",0.0002304900803525064,"//0
p:0.37, 0.025, -0.274, fr=0.356
p:1.0, fr=0.449
p:0.773, -0.95, 0.982
p:1.042, -0.722, -0.141
j:0, 1
j:2, 1
j:3, 2, stif=0.949
n:j=1, d=|:p=0.447
",7.62593329736637e-07,feasible,22
46,0,8,"//0
p:0.37, 0.025, -0.274, fr=0.356
p:1.0, fr=0.449
p:0.773, -0.95, 0.982
p:1.042, -0.722, -0.141
j:0, 1
j:2, 1
j:3, 2, stif=0.949
n:j=1, d=|
",0.0002304900803525064,"//0
p:0.37, 0.025, -0.274, fr=0.356
p:1.0, fr=0.449
p:0.773, -0.95, 0.982
p:1.042, -0.722, -0.141
j:0, 1
j:2, 1
j:3, 2, stif=0.949
n:j=1, d=|:p=0.212
",0.00019117023605171547,feasible,22
46,0,8,"//0
p:0.37, 0.025, -0.274, fr=0.356
p:1.0, fr=0.449
p:0.773, -0.95, 0.982
p:1.042, -0.722, -0.141
j:0, 1
j:2, 1
j:3, 2, stif=0.949
n:j=1, d=|
",0.0002304900803525064,"//0
p:0.37, 0.025, -0.274, fr=0.356
p:1.0, fr=0.449
p:0.773, -0.95, 0.982
p:1.042, -0.722, -0.141
j:1, 0
j:2, 0
j:3, 2, stif=0.949
n:j=1, d=|
",8.408537751499872e-05,feasible,22
46,0,8,"//0
p:0.37, 0.025, -0.274, fr=0.356
p:1.0, fr=0.449
p:0.773, -0.95, 0.982
p:1.042, -0.722, -0.141
j:0, 1
j:2, 1
j:3, 2, stif=0.949
n:j=1, d=|
",0.0002304900803525064,"//0
p:0.37, 0.025, -0.274, fr=0.356
p:1.0, fr=0.449
p:0.773, -0.95, 0.982
p:1.042, -0.722, -0.141
j:0, 1
j:2, 1
j:3, 2, stif=0.949
n:j=1, d=|:p=0.407
",7.485218501607346e-07,feasible,22
46,0,8,"//0
p:0.37, 0.025, -0.274, fr=0.356
p:1.0, fr=0.449
p:0.773, -0.95, 0.982
p:1.042, -0.722, -0.141
j:0, 1
j:2, 1
j:3, 2, stif=0.949
n:j=1, d=|
",0.0002304900803525064,"//0
p:0.37, 0.025, -0.274, fr=0.356
p:1.0, fr=0.449
p:0.773, -0.95, 0.982
p:1.042, -0.722, -0.141
j:0, 1, stif=0.941
j:2, 1
j:3, 2, stif=0.949
n:j=1, d=|
",0.00025326350483115186,feasible,22
46,0,8,"//0
p:0.37, 0.025, -0.274, fr=0.356
p:1.0, fr=0.449
p:0.773, -0.95, 0.982
p:1.042, -0.722, -0.141
j:0, 1
j:2, 1
j:3, 2, stif=0.949
n:j=1, d=|
",0.0002304900803525064,"//0
p:0.37, 0.025, -0.274, fr=0.356
p:1.0, fr=0.449
p:0.773, -0.95, 0.982
p:1.702299749284156, -0.43646560082065755, -0.7126635172918299
j:0, 1
j:2, 1
j:3, 2, stif=0.949
n:j=1, d=|
",5.005321951561667e-08,feasible,22
46,0,8,"//0
p:0.37, 0.025, -0.274, fr=0.356
p:1.0, fr=0.449
p:0.773, -0.95, 0.982
p:1.042, -0.722, -0.141
j:0, 1
j:2, 1
j:3, 2, stif=0.949
n:j=1, d=|
",0.0002304900803525064,"//0
p:0.37, 0.025, -0.274, fr=0.356
p:1.0, fr=0.449
p:0.773, -0.95, 0.982
p:1.042, -0.722, -0.141
j:0, 1
j:2, 1, stif=0.759
j:3, 2, stif=0.949
n:j=1, d=|
",7.12027112972972e-07,feasible,22
46,0,8,"//0
p:0.37, 0.025, -0.274, fr=0.356
p:1.0, fr=0.449
p:0.773, -0.95, 0.982
p:1.042, -0.722, -0.141
j:0, 1
j:2, 1
j:3, 2, stif=0.949
n:j=1, d=|
",0.0002304900803525064,"//0
p:0.37, 0.025, -0.274, fr=0.356
p:1.0, fr=0.449
p:0.773, -0.95, 0.982
p:1.042, -0.722, -0.141
j:0, 1, stif=0.975
j:2, 1
j:3, 2, stif=0.949
n:j=1, d=|
",0.00024155516157911233,feasible,22
46,0,8,"//0
p:0.37, 0.025, -0.274, fr=0.356
p:1.0, fr=0.449
p:0.773, -0.95, 0.982
p:1.042, -0.722, -0.141
j:0, 1
j:2, 1
j:3, 2, stif=0.949
n:j=1, d=|
",0.0002304900803525064,"//0
p:0.37, 0.025, -0.274, fr=0.356
p:1.0, fr=0.449
p:0.773, -0.95, 0.982
p:1.042, -0.722, -0.141
j:0, 1
j:2, 1
j:3, 2, stif=0.801
n:j=1, d=|
",9.465107151190007e-07,feasible,22
46,0,8,"//0
p:0.37, 0.025, -0.274, fr=0.356
p:1.0, fr=0.449
p:0.773, -0.95, 0.982
p:1.042, -0.722, -0.141
j:0, 1
j:2, 1
j:3, 2, stif=0.949
n:j=1, d=|
",0.0002304900803525064,"//0
p:1.0, fr=0.449
p:0.773, -0.95, 0.982
p:1.042, -0.722, -0.141
j:1, 0
j:2, 1, stif=0.949
n:j=0, d=|
",1.5342011879049028e-07,feasible,22
46,0,8,"//0
p:0.37, 0.025, -0.274, fr=0.356
p:1.0, fr=0.449
p:0.773, -0.95, 0.982
p:1.042, -0.722, -0.141
j:0, 1
j:2, 1
j:3, 2, stif=0.949
n:j=1, d=|
",0.0002304900803525064,"//0
p:0.37, 0.025, -0.274, fr=0.356
p:1.0, fr=0.449
p:0.773, -0.95, 0.982
p:1.042, -0.722, -0.141
j:0, 1
j:2, 1, rotstif=0.936
j:3, 2, stif=0.949
n:j=1, d=|
",0.0002304900803525064,feasible,22
46,0,8,"//0
p:0.37, 0.025, -0.274, fr=0.356
p:1.0, fr=0.449
p:0.773, -0.95, 0.982
p:1.042, -0.722, -0.141
j:0, 1
j:2, 1
j:3, 2, stif=0.949
n:j=1, d=|
",0.0002304900803525064,"//0
p:-0.241, 0.188, -0.327, fr=0.356
p:1.0, fr=0.449
p:0.773, -0.95, 0.982
p:1.042, -0.722, -0.141
j:0, 1
j:2, 1
j:3, 2, stif=0.949
n:j=1, d=|
",1.4384552573063447e-07,feasible,22
46,0,9,"//0
p:0.37, 0.025, -0.274, fr=0.193
p:1.0, fr=0.449
p:0.773, -0.95, 0.982
p:1.042, -0.722, -0.141
j:0, 1
j:2, 1
j:3, 2, stif=0.949
n:j=1, d=|
",0.0003109475215298809,"//0
p:0.37, 0.025, -0.274, fr=0.193
p:1.0, fr=0.449
p:0.773, -0.95, 0.982
p:1.042, -0.722, -0.141
j:0, 1
j:2, 1, stif=0.895
j:3, 2, stif=0.949
n:j=1, d=|
",1.1505919004756613e-05,feasible,23
46,0,9,"//0
p:0.37, 0.025, -0.274, fr=0.193
p:1.0, fr=0.449
p:0.773, -0.95, 0.982
p:1.042, -0.722, -0.141
j:0, 1
j:2, 1
j:3, 2, stif=0.949
n:j=1, d=|
",0.0003109475215298809,"//0
p:0.37, 0.025, -0.274, fr=0.193
p:1.0, fr=0.449
p:0.773, -0.95, 0.982
p:0.673, -0.165, 0.287
j:0, 1
j:2, 1
j:3, 2, stif=0.949
n:j=1, d=|
",1.804045175191773e-07,feasible,23
46,0,9,"//0
p:0.37, 0.025, -0.274, fr=0.193
p:1.0, fr=0.449
p:0.773, -0.95, 0.982
p:1.042, -0.722, -0.141
j:0, 1
j:2, 1
j:3, 2, stif=0.949
n:j=1, d=|
",0.0003109475215298809,"//0
p:0.37, 0.025, -0.274, fr=0.193
p:1.0, fr=0.449
p:0.773, -0.95, 0.982, ing=0.403
p:1.042, -0.722, -0.141
j:0, 1
j:2, 1
j:3, 2, stif=0.949
n:j=1, d=|
",0.0003109475215298809,feasible,23
46,0,9,"//0
p:0.37, 0.025, -0.274, fr=0.193
p:1.0, fr=0.449
p:0.773, -0.95, 0.982
p:1.042, -0.722, -0.141
j:0, 1
j:2, 1
j:3, 2, stif=0.949
n:j=1, d=|
",0.0003109475215298809,"//0
p:0.37, 0.025, -0.274, fr=0.193
p:1.0, fr=0.745
p:0.773, -0.95, 0.982
p:1.042, -0.722, -0.141
j:0, 1
j:2, 1
j:3, 2, stif=0.949
n:j=1, d=|
",0.0003216058509592522,feasible,23
46,0,9,"//0
p:0.37, 0.025, -0.274, fr=0.193
p:1.0, fr=0.449
p:0.773, -0.95, 0.982
p:1.042, -0.722, -0.141
j:0, 1
j:2, 1
j:3, 2, stif=0.949
n:j=1, d=|
",0.0003109475215298809,"//0
p:0.37, 0.025, -0.274, fr=0.193
p:1.0, fr=0.449
p:0.773, -0.95, 0.982
p:1.042, -0.722, -0.141
j:0, 1
j:2, 1
j:3, 2, stif=0.949
n:j=1, d=|:r=0.995
",0.0003109475215298809,feasible,23
46,0,9,"//0
p:0.37, 0.025, -0.274, fr=0.193
p:1.0, fr=0.449
p:0.773, -0.95, 0.982
p:1.042, -0.722, -0.141
j:0, 1
j:2, 1
j:3, 2, stif=0.949
n:j=1, d=|
",0.0003109475215298809,"//0
p:0.37, 0.025, -0.274, fr=0.193
p:1.0, fr=0.449
p:0.773, -0.95, 0.982
p:1.042, -0.722, -0.141
j:0, 1
j:2, 1
j:3, 2, stif=0.949
",6.230505199332661e-07,feasible,23
46,0,9,"//0
p:0.37, 0.025, -0.274, fr=0.193
p:1.0, fr=0.449
p:0.773, -0.95, 0.982
p:1.042, -0.722, -0.141
j:0, 1
j:2, 1
j:3, 2, stif=0.949
n:j=1, d=|
",0.0003109475215298809,"//0
p:0.37, 0.025, -0.274, fr=0.193
p:1.0, fr=0.449
p:0.773, -0.95, 0.982
p:1.042, -0.722, -0.141
j:0, 1
j:2, 1, stif=0.912
j:3, 2, stif=0.949
n:j=1, d=|
",3.531247091635642e-07,feasible,23
46,0,9,"//0
p:0.37, 0.025, -0.274, fr=0.193
p:1.0, fr=0.449
p:0.773, -0.95, 0.982
p:1.042, -0.722, -0.141
j:0, 1
j:2, 1
j:3, 2, stif=0.949
n:j=1, d=|
",0.0003109475215298809,"//0
p:0.37, 0.025, -0.274, fr=0.193
p:1.0, fr=0.449
p:0.773, -0.95, 0.982
p:1.042, -0.722, -0.141
j:0, 1
j:2, 1
j:3, 2, stif=0.949
n:j=1, d=|
n:j=1, d=G
c:0, 1, -1.26
",7.883811086532144e-07,feasible,23
46,0,9,"//0
p:0.37, 0.025, -0.274, fr=0.193
p:1.0, fr=0.449
p:0.773, -0.95, 0.982
p:1.042, -0.722, -0.141
j:0, 1
j:2, 1
j:3, 2, stif=0.949
n:j=1, d=|
",0.0003109475215298809,"//0
p:0.37, 0.025, -0.274, fr=0.193
p:1.0, fr=0.449
p:0.773, -0.95, 0.982
j:0, 1
j:2, 1
n:j=1, d=|
",2.893674231271817e-07,feasible,23
46,0,9,"//0
p:0.37, 0.025, -0.274, fr=0.193
p:1.0, fr=0.449
p:0.773, -0.95, 0.982
p:1.042, -0.722, -0.141
j:0, 1
j:2, 1
j:3, 2, stif=0.949
n:j=1, d=|
",0.0003109475215298809,"//0
p:0.37, 0.025, -0.274, fr=0.193
p:1.0, fr=0.449
p:0.773, -0.95, 0.982
p:1.042, -0.722, -0.141
j:0, 1
j:2, 1
j:3, 2, stif=0.949
n:j=1, d=|:r=0.879
",0.0003109475215298809,feasible,23
46,0,9,"//0
p:0.37, 0.025, -0.274, fr=0.193
p:1.0, fr=0.449
p:0.773, -0.95, 0.982
p:1.042, -0.722, -0.141
j:0, 1
j:2, 1
j:3, 2, stif=0.949
n:j=1, d=|
",0.0003109475215298809,"//0
p:0.37, 0.025, -0.274, fr=0.193, ing=0.284
p:1.0, fr=0.449
p:0.773, -0.95, 0.982
p:1.042, -0.722, -0.141
j:0, 1
j:2, 1
j:3, 2, stif=0.949
n:j=1, d=|
",0.0003109475215298809,feasible,23
46,0,9,"//0
p:0.37, 0.025, -0.274, fr=0.193
p:1.0, fr=0.449
p:0.773, -0.95, 0.982
p:1.042, -0.722, -0.141
j:0, 1
j:2, 1
j:3, 2, stif=0.949
n:j=1, d=|
",0.0003109475215298809,"//0
p:0.747, 0.784, -0.013, fr=0.193
p:1.0, fr=0.449
p:0.773, -0.95, 0.982
p:1.042, -0.722, -0.141
j:0, 1
j:2, 1
j:3, 2, stif=0.949
n:j=1, d=|
",1.057204523417051e-07,feasible,23
46,0,9,"//0
p:0.37, 0.025, -0.274, fr=0.193
p:1.0, fr=0.449
p:0.773, -0.95, 0.982
p:1.042, -0.722, -0.141
j:0, 1
j:2, 1
j:3, 2, stif=0.949
n:j=1, d=|
",0.0003109475215298809,"//0
p:0.37, 0.025, -0.274, fr=0.193
p:1.0, fr=0.449
p:0.773, -0.95, 0.982
p:1.042, -0.722, -0.141
j:0, 1
j:2, 1
j:3, 2, stif=0.949
n:j=1, d=|
n:p=1, d=S
c:0, 1, -4.031
",0.0003109475215298809,feasible,23
46,0,9,"//0
p:0.37, 0.025, -0.274, fr=0.193
p:1.0, fr=0.449
p:0.773, -0.95, 0.982
p:1.042, -0.722, -0.141
j:0, 1
j:2, 1
j:3, 2, stif=0.949
n:j=1, d=|
",0.0003109475215298809,"//0
p:0.37, 0.025, -0.274, fr=0.193
p:1.0, fr=0.449
p:0.773, -0.95, 0.982
p:1.042, -0.722, -0.141
j:0, 1
j:2, 1
j:3, 2, stif=0.949
n:j=1, d=|:p=0.08
",0.00025463359346438027,feasible,23
46,0,9,"//0
p:0.37, 0.025, -0.274, fr=0.193
p:1.0, fr=0.449
p:0.773, -0.95, 0.982
p:1.042, -0.722, -0.141
j:0, 1
j:2, 1
j:3, 2, stif=0.949
n:j=1, d=|
",0.0003109475215298809,"//0
p:0.37, 0.025, -0.274, fr=0.193
p:1.0, fr=0.449
p:0.773, -0.95, 0.982
p:1.042, -0.722, -0.141
j:0, 3
j:2, 3
j:1, 2, stif=0.949
n:j=1, d=|
",1.4049497433008975e-07,feasible,23
46,0,9,"//0
p:0.37, 0.025, -0.274, fr=0.193
p:1.0, fr=0.449
p:0.773, -0.95, 0.982
p:1.042, -0.722, -0.141
j:0, 1
j:2, 1
j:3, 2, stif=0.949
n:j=1, d=|
",0.0003109475215298809,"//0
p:0.37, 0.025, -0.274, fr=0.193
p:1.0, fr=0.449
p:0.773, -0.95, 0.982
p:1.042, -0.722, -0.141
j:0, 1
j:2, 1
j:3, 2, stif=0.982
n:j=1, d=|
",0.00031735788167804203,feasible,23
46,0,9,"//0
p:0.37, 0.025, -0.274, fr=0.193
p:1.0, fr=0.449
p:0.773, -0.95, 0.982
p:1.042, -0.722, -0.141
j:0, 1
j:2, 1
j:3, 2, stif=0.949
n:j=1, d=|
",0.0003109475215298809,"//0
p:0.37, 0.025, -0.274, fr=0.193
p:1.0, fr=0.449
p:0.773, -0.95, 0.982
p:1.042, -0.722, -0.141
j:0, 1
j:2, 1, rotstif=0.964
j:3, 2, stif=0.949
n:j=1, d=|
",0.0003109475215298809,feasible,23
46,0,9,"//0
p:0.37, 0.025, -0.274, fr=0.193
p:1.0, fr=0.449
p:0.773, -0.95, 0.982
p:1.042, -0.722, -0.141
j:0, 1
j:2, 1
j:3, 2, stif=0.949
n:j=1, d=|
",0.0003109475215298809,"//0
p:0.37, 0.025, -0.274, fr=0.193
p:1.0, fr=0.449
p:0.773, -0.95, 0.982
p:1.042, -0.722, -0.141
j:0, 1
j:2, 1
j:3, 2, stif=0.984
n:j=1, d=|
",0.00030760638672253115,feasible,23
46,0,9,"//0
p:0.37, 0.025, -0.274, fr=0.193
p:1.0, fr=0.449
p:0.773, -0.95, 0.982
p:1.042, -0.722, -0.141
j:0, 1
j:2, 1
j:3, 2, stif=0.949
n:j=1, d=|
",0.0003109475215298809,"//0
p:0.37, 0.025, -0.274, fr=0.63
p:1.0, fr=0.449
p:0.773, -0.95, 0.982
p:1.042, -0.722, -0.141
j:0, 1
j:2, 1
j:3, 2, stif=0.949
n:j=1, d=|
",3.7214907837322874e-05,feasible,23
46,0,9,"//0
p:0.37, 0.025, -0.274, fr=0.193
p:1.0, fr=0.449
p:0.773, -0.95, 0.982
p:1.042, -0.722, -0.141
j:0, 1
j:2, 1
j:3, 2, stif=0.949
n:j=1, d=|
",0.0003109475215298809,"//0
p:0.37, 0.025, -0.274, fr=0.704
p:1.0, fr=0.449
p:0.773, -0.95, 0.982
p:1.042, -0.722, -0.141
j:0, 1
j:2, 1
j:3, 2, stif=0.949
n:j=1, d=|
",8.007717624117935e-07,feasible,23
46,0,10,"//0
p:0.37, 0.025, -0.274, fr=0.193
p:1.0, fr=0.449
p:0.773, -0.95, 0.982
p:1.042, -0.722, -0.141
j:0, 1, stif=0.866
j:2, 1
j:3, 2, stif=0.949
n:j=1, d=|
",0.00034719489659913787,"//0
p:1.0, fr=0.449
p:0.773, -0.95, 0.982
p:1.042, -0.722, -0.141
j:1, 0
j:2, 1, stif=0.949
n:j=0, d=|
",1.5342011879049028e-07,feasible,25
46,0,10,"//0
p:0.37, 0.025, -0.274, fr=0.193
p:1.0, fr=0.449
p:0.773, -0.95, 0.982
p:1.042, -0.722, -0.141
j:0, 1, stif=0.866
j:2, 1
j:3, 2, stif=0.949
n:j=1, d=|
",0.00034719489659913787,"//0
p:0.37, 0.025, -0.274, fr=0.193
p:1.0, fr=0.449
p:0.773, -0.95, 0.982
p:1.042, -0.722, -0.141
j:0, 1, stif=0.866
j:2, 1
j:3, 2, stif=0.949
n:j=1, d=|:p=0.205
",0.00025349662020136317,feasible,25
46,0,10,"//0
p:0.37, 0.025, -0.274, fr=0.193
p:1.0, fr=0.449
p:0.773, -0.95, 0.982
p:1.042, -0.722, -0.141
j:0, 1, stif=0.866
j:2, 1
j:3, 2, stif=0.949
n:j=1, d=|
",0.00034719489659913787,"//0
p:0.37, 0.025, -0.274, fr=0.193
p:1.0, fr=0.449
p:0.773, -0.95, 0.982
p:1.042, -0.722, -0.141
p:1.305, -0.077, -0.271
j:0, 1, stif=0.866
j:2, 1
j:3, 2, stif=0.949
j:4, 1
n:j=1, d=|
",2.392342010849585e-07,feasible,25
46,0,10,"//0
p:0.37, 0.025, -0.274, fr=0.193
p:1.0, fr=0.449
p:0.773, -0.95, 0.982
p:1.042, -0.722, -0.141
j:0, 1, stif=0.866
j:2, 1
j:3, 2, stif=0.949
n:j=1, d=|
",0.00034719489659913787,"//0
p:0.37, 0.025, -0.274, fr=0.193
p:1.0, fr=0.449
p:0.773, -0.95, 0.982
j:0, 1, stif=0.866
j:2, 1
n:j=1, d=|
",4.344204055987474e-07,feasible,25
46,0,10,"//0
p:0.37, 0.025, -0.274, fr=0.193
p:1.0, fr=0.449
p:0.773, -0.95, 0.982
p:1.042, -0.722, -0.141
j:0, 1, stif=0.866
j:2, 1
j:3, 2, stif=0.949
n:j=1, d=|
",0.00034719489659913787,"//0
p:0.37, 0.025, -0.274, fr=0.193
p:1.0, fr=0.449
p:0.773, -0.95, 0.982
p:1.042, -0.722, -0.141
j:0, 1, stif=0.866
j:2, 1
j:3, 2, stif=0.949
",6.298401687626524e-08,feasible,25
46,0,10,"//0
p:0.37, 0.025, -0.274, fr=0.193
p:1.0, fr=0.449
p:0.773, -0.95, 0.982
p:1.042, -0.722, -0.141
j:0, 1, stif=0.866
j:2, 1
j:3, 2, stif=0.949
n:j=1, d=|
",0.00034719489659913787,"//0
p:0.37, 0.025, -0.274, fr=0.542
p:1.0, fr=0.449
p:0.773, -0.95, 0.982
p:1.042, -0.722, -0.141
j:0, 1, stif=0.866
j:2, 1
j:3, 2, stif=0.949
n:j=1, d=|
",8.764628265409697e-05,feasible,25
46,0,10,"//0
p:0.37, 0.025, -0.274, fr=0.193
p:1.0, fr=0.449
p:0.773, -0.95, 0.982
p:1.042, -0.722, -0.141
j:0, 1, stif=0.866
j:2, 1
j:3, 2, stif=0.949
n:j=1, d=|
",0.00034719489659913787,"//0
p:0.37, 0.025, -0.274, fr=0.193
p:1.0, fr=0.449
p:0.773, -0.95, 0.982
p:1.042, -0.722, -0.141
j:0, 1, stif=0.866
j:2, 1
j:3, 2, stif=0.949
n:j=1, d=|:p=0.22
",0.00037001015320506137,feasible,25
46,0,10,"//0
p:0.37, 0.025, -0.274, fr=0.193
p:1.0, fr=0.449
p:0.773, -0.95, 0.982
p:1.042, -0.722, -0.141
j:0, 1, stif=0.866
j:2, 1
j:3, 2, stif=0.949
n:j=1, d=|
",0.00034719489659913787,"//0
p:0.37, 0.025, -0.274, fr=0.193
p:1.0, fr=0.449
p:0.773, -0.95, 0.982
p:1.042, -0.722, -0.141
j:0, 1, stif=0.866
j:2, 1
j:3, 2, stif=0.949
n:j=1, d=|:p=0.467
",7.83907807371253e-08,feasible,25
46,0,10,"//0
p:0.37, 0.025, -0.274, fr=0.193
p:1.0, fr=0.449
p:0.773, -0.95, 0.982
p:1.042, -0.722, -0.141
j:0, 1, stif=0.866
j:2, 1
j:3, 2, stif=0.949
n:j=1, d=|
",0.00034719489659913787,"//0
p:0.37, 0.025, -0.274, fr=0.193
p:1.0, fr=0.449
p:0.773, -0.95, 0.982
p:0.863, -0.465, 0.431
j:0, 1, stif=0.866
j:2, 1
j:3, 2, stif=0.949
n:j=1, d=|
",2.1835883512260637e-07,feasible,25
46,0,10,"//0
p:0.37, 0.025, -0.274, fr=0.193
p:1.0, fr=0.449
p:0.773, -0.95, 0.982
p:1.042, -0.722, -0.141
j:0, 1, stif=0.866
j:2, 1
j:3, 2, stif=0.949
n:j=1, d=|
",0.00034719489659913787,"//0
p:0.37, 0.025, -0.274, fr=0.193
p:1.0, fr=0.449
p:0.773, -0.95, 0.982
p:0.954, -0.748, -0.251
j:0, 1, stif=0.866
j:2, 1
j:3, 2, stif=0.949
n:j=1, d=|
",6.041855729229142e-07,feasible,25
46,0,10,"//0
p:0.37, 0.025, -0.274, fr=0.193
p:1.0, fr=0.449
p:0.773, -0.95, 0.982
p:1.042, -0.722, -0.141
j:0, 1, stif=0.866
j:2, 1
j:3, 2, stif=0.949
n:j=1, d=|
",0.00034719489659913787,"//0
p:0.37, 0.025, -0.274, fr=0.193
p:1.0, fr=0.449
p:0.773, -0.95, 0.982
p:1.042, -0.722, -0.141
j:0, 1, stif=0.866
j:2, 1
j:3, 2, stif=0.949, rotstif=0.938
n:j=1, d=|
",0.00034719489659913787,feasible,25
46,0,10,"//0
p:0.37, 0.025, -0.274, fr=0.193
p:1.0, fr=0.449
p:0.773, -0.95, 0.982
p:1.042, -0.722, -0.141
j:0, 1, stif=0.866
j:2, 1
j:3, 2, stif=0.949
n:j=1, d=|
",0.00034719489659913787,"//0
p:0.37, 0.025, -0.274, fr=0.193
p:1.0, fr=0.449
p:0.773, -0.95, 0.982
p:1.042, -0.722, -0.141
j:0, 2, stif=0.866
j:1, 2
j:3, 1, stif=0.949
n:j=1, d=|
",9.961827441200042e-07,feasible,25
46,0,10,"//0
p:0.37, 0.025, -0.274, fr=0.193
p:1.0, fr=0.449
p:0.773, -0.95, 0.982
p:1.042, -0.722, -0.141
j:0, 1, stif=0.866
j:2, 1
j:3, 2, stif=0.949
n:j=1, d=|
",0.00034719489659913787,"//0
p:0.37, 0.025, -0.274, fr=0.193
p:1.0, fr=0.449
p:0.773, -0.95, 0.982
p:1.042, -0.722, -0.141
j:0, 1, stif=0.866, rotstif=0.977
j:2, 1
j:3, 2, stif=0.949
n:j=1, d=|
",0.00034719489659913787,feasible,25
46,0,10,"//0
p:0.37, 0.025, -0.274, fr=0.193
p:1.0, fr=0.449
p:0.773, -0.95, 0.982
p:1.042, -0.722, -0.141
j:0, 1, stif=0.866
j:2, 1
j:3, 2, stif=0.949
n:j=1, d=|
",0.00034719489659913787,"//0
p:0.37, 0.025, -0.274, fr=0.193
p:1.0, fr=0.449
p:0.773, -0.95, 0.982
p:1.042, -0.722, -0.141
j:0, 1, stif=0.884
j:2, 1
j:3, 2, stif=0.949
n:j=1, d=|
",0.00034761500361397176,feasible,25
46,0,10,"//0
p:0.37, 0.025, -0.274, fr=0.193
p:1.0, fr=0.449
p:0.773, -0.95, 0.982
p:1.042, -0.722, -0.141
j:0, 1, stif=0.866
j:2, 1
j:3, 2, stif=0.949
n:j=1, d=|
",0.00034719489659913787,"//0
p:0.37, 0.025, -0.274, fr=0.193
p:1.0, fr=0.449
p:0.773, -0.95, 0.982
p:1.042, -0.722, -0.141, fr=0.364
j:0, 1, stif=0.866
j:2, 1
j:3, 2, stif=0.949
n:j=1, d=|
",0.000351365868833214,feasible,25
46,0,10,"//0
p:0.37, 0.025, -0.274, fr=0.193
p:1.0, fr=0.449
p:0.773, -0.95, 0.982
p:1.042, -0.722, -0.141
j:0, 1, stif=0.866
j:2, 1
j:3, 2, stif=0.949
n:j=1, d=|
",0.00034719489659913787,"//0
p:0.37, 0.025, -0.274, fr=0.193
p:1.0, fr=0.449
p:0.773, -0.95, 0.982
p:1.042, -0.722, -0.141
j:0, 3, stif=0.866
j:2, 3
j:1, 2, stif=0.949
n:j=1, d=|
",3.4721371364472063e-07,feasible,25
46,0,10,"//0
p:0.37, 0.025, -0.274, fr=0.193
p:1.0, fr=0.449
p:0.773, -0.95, 0.982
p:1.042, -0.722, -0.141
j:0, 1, stif=0.866
j:2, 1
j:3, 2, stif=0.949
n:j=1, d=|
",0.00034719489659913787,"//0
p:0.37, 0.025, -0.274, fr=0.193
p:1.0, fr=0.449
p:0.773, -0.95, 0.982, ing=0.344
p:1.042, -0.722, -0.141
j:0, 1, stif=0.866
j:2, 1
j:3, 2, stif=0.949
n:j=1, d=|
",0.00034719489659913787,feasible,25
46,0,10,"//0
p:0.37, 0.025, -0.274, fr=0.193
p:1.0, fr=0.449
p:0.773, -0.95, 0.982
p:1.042, -0.722, -0.141
j:0, 1, stif=0.866
j:2, 1
j:3, 2, stif=0.949
n:j=1, d=|
",0.00034719489659913787,"//0
p:0.37, 0.025, -0.274, fr=0.193
p:1.0, fr=0.449
p:0.773, -0.95, 0.982
p:1.042, -0.722, -0.141
j:0, 1, stif=0.866
j:2, 1
j:3, 2, stif=0.949, rotstif=0.854
n:j=1, d=|
",0.00034719489659913787,feasible,25
46,0,10,"//0
p:0.37, 0.025, -0.274, fr=0.193
p:1.0, fr=0.449
p:0.773, -0.95, 0.982
p:1.042, -0.722, -0.141
j:0, 1, stif=0.866
j:2, 1
j:3, 2, stif=0.949
n:j=1, d=|
",0.00034719489659913787,"//0
p:0.37, 0.025, -0.274, fr=0.193
p:0.9705458286854947, -0.10023321271006735, 0.12152627862256882, fr=0.449
p:0.603, -1.351, 1.638
p:1.042, -0.722, -0.141
j:0, 1, stif=0.866
j:2, 1
j:3, 2, stif=0.949
n:j=1, d=|
",4.3065258885656326e-07,feasible,25
46,0,10,"//0
p:0.37, 0.025, -0.274, fr=0.193
p:1.0, fr=0.449
p:0.773, -0.95, 0.982
p:1.042, -0.722, -0.141
j:0, 1, stif=0.866
j:2, 1
j:3, 2, stif=0.949
n:j=1, d=|
",0.00034719489659913787,"//0
p:0.37, 0.025, -0.274, fr=0.193
p:1.0, fr=0.449
p:0.773, -0.95, 0.982
p:1.042, -0.722, -0.141, fr=0.805
j:0, 1, stif=0.866
j:2, 1
j:3, 2, stif=0.949
n:j=1, d=|
",9.958805805993256e-08,feasible,25
46,0,11,"//0
p:0.37, 0.025, -0.274, fr=0.193
p:1.0, fr=0.449
p:0.773, -0.95, 0.982
p:1.042, -0.722, -0.141, fr=0.134
j:0, 1, stif=0.866
j:2, 1
j:3, 2, stif=0.949
n:j=1, d=|
",0.0003631273007069641,"//0
p:0.37, 0.025, -0.274, fr=0.193
p:1.0, fr=0.449, ing=0.237
p:0.773, -0.95, 0.982
p:1.042, -0.722, -0.141, fr=0.134
j:0, 1, stif=0.866
j:2, 1
j:3, 2, stif=0.949
n:j=1, d=|
",0.0003631273007069641,feasible,21
46,0,11,"//0
p:0.37, 0.025, -0.274, fr=0.193
p:1.0, fr=0.449
p:0.773, -0.95, 0.982
p:1.042, -0.722, -0.141, fr=0.134
j:0, 1, stif=0.866
j:2, 1
j:3, 2, stif=0.949
n:j=1, d=|
",0.0003631273007069641,"//0
p:0.37, 0.025, -0.274, fr=0.193
p:1.0, fr=0.449
p:0.773, -0.95, 0.982
p:1.042, -0.722, -0.141, fr=0.134
j:0, 1, stif=0.866
j:2, 1, stif=0.962
j:3, 2, stif=0.949
n:j=1, d=|
",0.0003459002743545424,feasible,21
46,0,11,"//0
p:0.37, 0.025, -0.274, fr=0.193
p:1.0, fr=0.449
p:0.773, -0.95, 0.982
p:1.042, -0.722, -0.141, fr=0.134
j:0, 1, stif=0.866
j:2, 1
j:3, 2, stif=0.949
n:j=1, d=|
",0.0003631273007069641,"//0
p:0.37, 0.025, -0.274, fr=0.193
p:1.0, fr=0.449
p:0.773, -0.95, 0.982
p:1.042, -0.722, -0.141, fr=0.134
j:0, 1, stif=0.866
j:2, 1
j:3, 2, stif=0.949
n:j=1, d=|:p=0.249
",0.0003585118367247298,feasible,21
46,0,11,"//0
p:0.37, 0.025, -0.274, fr=0.193
p:1.0, fr=0.449
p:0.773, -0.95, 0.982
p:1.042, -0.722, -0.141, fr=0.134
j:0, 1, stif=0.866
j:2, 1
j:3, 2, stif=0.949
n:j=1, d=|
",0.0003631273007069641,"//0
p:0.37, 0.025, -0.274, fr=0.193
p:1.0, fr=0.449
p:0.773, -0.95, 0.982
p:1.042, -0.722, -0.141, fr=0.134
j:0, 1, stif=0.866
j:2, 1
j:3, 2, stif=0.882
n:j=1, d=|
",0.00035631699265718813,feasible,21
46,0,11,"//0
p:0.37, 0.025, -0.274, fr=0.193
p:1.0, fr=0.449
p:0.773, -0.95, 0.982
p:1.042, -0.722, -0.141, fr=0.134
j:0, 1, stif=0.866
j:2, 1
j:3, 2, stif=0.949
n:j=1, d=|
",0.0003631273007069641,"//0
p:0.37, 0.025, -0.274, fr=0.193
p:1.0, fr=0.449
p:0.773, -0.95, 0.982
p:1.042, -0.722, -0.141, fr=0.134
j:2, 1, stif=0.866
j:0, 1
j:3, 0, stif=0.949
n:j=1, d=|
",2.830310189569298e-07,feasible,21
46,0,11,"//0
p:0.37, 0.025, -0.274, fr=0.193
p:1.0, fr=0.449
p:0.773, -0.95, 0.982
p:1.042, -0.722, -0.141, fr=0.134
j:0, 1, stif=0.866
j:2, 1
j:3, 2, stif=0.949
n:j=1, d=|
",0.0003631273007069641,"//0
p:0.37, 0.025, -0.274, fr=0.193
p:1.0, fr=0.449
p:0.773, -0.95, 0.982
p:1.042, -0.722, -0.141, fr=0.134
j:0, 1, stif=0.866
j:2, 1
j:3, 2, stif=0.949
n:j=1, d=|
n:j=0, d=G
c:0, 1, -0.025
",0.00034687156640744846,feasible,21
46,0,11,"//0
p:0.37, 0.025, -0.274, fr=0.193
p:1.0, fr=0.449
p:0.773, -0.95, 0.982
p:1.042, -0.722, -0.141, fr=0.134
j:0, 1, stif=0.866
j:2, 1
j:3, 2, stif=0.949
n:j=1, d=|
",0.0003631273007069641,"//0
p:0.37, 0.025, -0.274, fr=0.193
p:1.0, fr=0.449
p:0.773, -0.95, 0.982
p:1.042, -0.722, -0.141, fr=0.134
j:0, 1, stif=0.866
j:2, 1
j:3, 2, stif=0.949
",8.104971452736495e-07,feasible,21
46,0,11,"//0
p:0.37, 0.025, -0.274, fr=0.193
p:1.0, fr=0.449
p:0.773, -0.95, 0.982
p:1.042, -0.722, -0.141, fr=0.134
j:0, 1, stif=0.866
j:2, 1
j:3, 2, stif=0.949
n:j=1, d=|
",0.0003631273007069641,"//0
p:0.37, 0.025, -0.274, fr=0.193
p:1.0, fr=0.449
p:0.773, -0.95, 0.982
p:1.042, -0.722, -0.141, fr=0.134
j:0, 1, stif=0.866, rotstif=0.956
j:2, 1
j:3, 2, stif=0.949
n:j=1, d=|
",0.0003631273007069641,feasible,21
46,0,11,"//0
p:0.37, 0.025, -0.274, fr=0.193
p:1.0, fr=0.449
p:0.773, -0.95, 0.982
p:1.042, -0.722, -0.141, fr=0.134
j:0, 1, stif=0.866
j:2, 1
j:3, 2, stif=0.949
n:j=1, d=|
",0.0003631273007069641,"//0
p:0.37, 0.025, -0.274, fr=0.193
p:1.0, fr=0.449
p:0.773, -0.95, 0.982
p:1.042, -0.722, -0.141, fr=0.134
p:1.405, 0.291, -0.315
j:0, 1, stif=0.866
j:2, 1
j:3, 2, stif=0.949
j:4, 0
n:j=1, d=|
",5.796015681540267e-08,feasible,21
46,0,11,"//0
p:0.37, 0.025, -0.274, fr=0.193
p:1.0, fr=0.449
p:0.773, -0.95, 0.982
p:1.042, -0.722, -0.141, fr=0.134
j:0, 1, stif=0.866
j:2, 1
j:3, 2, stif=0.949
n:j=1, d=|
",0.0003631273007069641,"//0
p:0.37, 0.025, -0.274, fr=0.193
p:1.0, fr=0.449
p:0.773, -0.95, 0.982
p:1.042, -0.722, -0.141, fr=0.134
j:0, 1, stif=0.766
j:2, 1
j:3, 2, stif=0.949
n:j=1, d=|
",5.368738913450222e-07,feasible,21
46,0,11,"//0
p:0.37, 0.025, -0.274, fr=0.193
p:1.0, fr=0.449
p:0.773, -0.95, 0.982
p:1.042, -0.722, -0.141, fr=0.134
j:0, 1, stif=0.866
j:2, 1
j:3, 2, stif=0.949
n:j=1, d=|
",0.0003631273007069641,"//0
p:0.37, 0.025, -0.274, fr=0.193
p:1.0, fr=0.449
p:0.773, -0.95, 0.982
p:1.042, -0.722, -0.141, fr=0.134
j:0, 1, stif=0.866
j:2, 1
j:3, 2, stif=0.949, rotstif=0.989
n:j=1, d=|
",0.0003631273007069641,feasible,21
46,0,11,"//0
p:0.37, 0.025, -0.274, fr=0.193
p:1.0, fr=0.449
p:0.773, -0.95, 0.982
p:1.042, -0.722, -0.141, fr=0.134
j:0, 1, stif=0.866
j:2, 1
j:3, 2, stif=0.949
n:j=1, d=|
",0.0003631273007069641,"//0
p:0.37, 0.025, -0.274, fr=0.193
p:1.0, fr=0.449
p:0.773, -0.95, 0.982
p:1.042, -0.722, -0.141, fr=0.134
j:0, 1, stif=0.866
j:2, 1, stif=0.992
j:3, 2, stif=0.949
n:j=1, d=|
",0.00036321635738085026,feasible,21
46,0,11,"//0
p:0.37, 0.025, -0.274, fr=0.193
p:1.0, fr=0.449
p:0.773, -0.95, 0.982
p:1.042, -0.722, -0.141, fr=0.134
j:0, 1, stif=0.866
j:2, 1
j:3, 2, stif=0.949
n:j=1, d=|
",0.0003631273007069641,"//0
p:0.37, 0.025, -0.274, fr=0.193
p:1.0, fr=0.449
p:0.773, -0.95, 0.982
p:1.101, -0.705, -0.192, fr=0.134
j:0, 1, stif=0.866
j:2, 1
j:3, 2, stif=0.949
n:j=1, d=|
",6.123750847101842e-07,feasible,21
46,0,11,"//0
p:0.37, 0.025, -0.274, fr=0.193
p:1.0, fr=0.449
p:0.773, -0.95, 0.982
p:1.042, -0.722, -0.141, fr=0.134
j:0, 1, stif=0.866
j:2, 1
j:3, 2, stif=0.949
n:j=1, d=|
",0.0003631273007069641,"//0
p:0.37, 0.025, -0.274, fr=0.193
p:1.0, fr=0.249
p:0.773, -0.95, 0.982
p:1.042, -0.722, -0.141, fr=0.134
j:0, 1, stif=0.866
j:2, 1
j:3, 2, stif=0.949
n:j=1, d=|
",9.631155008382262e-07,feasible,21
46,0,11,"//0
p:0.37, 0.025, -0.274, fr=0.193
p:1.0, fr=0.449
p:0.773, -0.95, 0.982
p:1.042, -0.722, -0.141, fr=0.134
j:0, 1, stif=0.866
j:2, 1
j:3, 2, stif=0.949
n:j=1, d=|
",0.0003631273007069641,"//0
p:0.37, 0.025, -0.274, fr=0.193
p:1.0, fr=0.449
p:0.773, -0.95, 0.982
p:1.042, -0.722, -0.141, fr=0.134
j:0, 1, stif=0.866
j:2, 1
j:3, 2, stif=0.949
n:j=1, d=|:p=0.203
",0.00015819122543948765,feasible,21
46,0,11,"//0
p:0.37, 0.025, -0.274, fr=0.193
p:1.0, fr=0.449
p:0.773, -0.95, 0.982
p:1.042, -0.722, -0.141, fr=0.134
j:0, 1, stif=0.866
j:2, 1
j:3, 2, stif=0.949
n:j=1, d=|
",0.0003631273007069641,"//0
p:0.37, 0.025, -0.274, fr=0.193
p:1.0, fr=0.449
p:0.773, -0.95, 0.982
p:1.042, -0.722, -0.141, fr=0.134
j:0, 1, stif=0.866, rotstif=0.897
j:2, 1
j:3, 2, stif=0.949
n:j=1, d=|
",0.0003631273007069641,feasible,21
46,0,11,"//0
p:0.37, 0.025, -0.274, fr=0.193
p:1.0, fr=0.449
p:0.773, -0.95, 0.982
p:1.042, -0.722, -0.141, fr=0.134
j:0, 1, stif=0.866
j:2, 1
j:3, 2, stif=0.949
n:j=1, d=|
",0.0003631273007069641,"//0
p:0.37, 0.025, -0.274, fr=0.193
p:1.0, fr=0.449
p:0.773, -0.95, 0.982
p:1.042, -0.722, -0.141, fr=0.134
j:0, 1, stif=0.866
j:2, 1
j:3, 2, stif=0.949, rotstif=0.953
n:j=1, d=|
",0.0003631273007069641,feasible,21
46,0,11,"//0
p:0.37, 0.025, -0.274, fr=0.193
p:1.0, fr=0.449
p:0.773, -0.95, 0.982
p:1.042, -0.722, -0.141, fr=0.134
j:0, 1, stif=0.866
j:2, 1
j:3, 2, stif=0.949
n:j=1, d=|
",0.0003631273007069641,"//0
p:0.37, 0.025, -0.274, fr=0.193
p:1.0, fr=0.449
p:0.773, -0.95, 0.982
p:1.042, -0.722, -0.141, fr=0.134
j:0, 1, stif=0.866
j:2, 1, rotstif=0.878
j:3, 2, stif=0.949
n:j=1, d=|
",0.0003631273007069641,feasible,21
46,0,11,"//0
p:0.37, 0.025, -0.274, fr=0.193
p:1.0, fr=0.449
p:0.773, -0.95, 0.982
p:1.042, -0.722, -0.141, fr=0.134
j:0, 1, stif=0.866
j:2, 1
j:3, 2, stif=0.949
n:j=1, d=|
",0.0003631273007069641,"//0
p:0.37, 0.025, -0.274, fr=0.193
p:1.0, fr=0.449
p:0.773, -0.95, 0.982
p:1.042, -0.722, -0.141, fr=0.134
j:0, 1, stif=0.866
j:2, 1
j:3, 2, stif=0.949, rotstif=0.876
n:j=1, d=|
",0.0003631273007069641,feasible,21
46,0,11,"//0
p:0.37, 0.025, -0.274, fr=0.193
p:1.0, fr=0.449
p:0.773, -0.95, 0.982
p:1.042, -0.722, -0.141, fr=0.134
j:0, 1, stif=0.866
j:2, 1
j:3, 2, stif=0.949
n:j=1, d=|
",0.0003631273007069641,"//0
p:0.37, 0.025, -0.274, fr=0.193
p:1.0, fr=0.449
p:0.773, -0.95, 0.982
p:1.042, -0.722, -0.141, fr=0.134
p:1.682, -0.282, 0.278
j:0, 1, stif=0.866
j:2, 1
j:3, 2, stif=0.949
j:4, 3
n:j=1, d=|
",3.449044450731175e-07,feasible,21
46,0,12,"//0
p:0.37, 0.025, -0.274, fr=0.193
p:1.0, fr=0.449
p:0.773, -0.95, 0.982
p:1.042, -0.722, -0.141, fr=0.134
j:0, 1, stif=0.866
j:2, 1
j:3, 2, stif=0.833
n:j=1, d=|
",0.0003713581045544567,"//0
p:1.0, fr=0.449
p:0.773, -0.95, 0.982
p:1.042, -0.722, -0.141, fr=0.134
j:1, 0
j:2, 1, stif=0.833
n:j=0, d=|
",2.537622727905893e-17,feasible,25
46,0,12,"//0
p:0.37, 0.025, -0.274, fr=0.193
p:1.0, fr=0.449
p:0.773, -0.95, 0.982
p:1.042, -0.722, -0.141, fr=0.134
j:0, 1, stif=0.866
j:2, 1
j:3, 2, stif=0.833
n:j=1, d=|
",0.0003713581045544567,"//0
p:0.37, 0.025, -0.274, fr=0.193
p:1.0, fr=0.449
p:0.773, -0.95, 0.982
p:1.042, -0.722, -0.141, fr=0.134
j:0, 1, stif=0.866
j:2, 1
j:3, 2, stif=0.833
n:j=1, d=|:r=0.984
",0.0003713581045544567,feasible,25
46,0,12,"//0
p:0.37, 0.025, -0.274, fr=0.193
p:1.0, fr=0.449
p:0.773, -0.95, 0.982
p:1.042, -0.722, -0.141, fr=0.134
j:0, 1, stif=0.866
j:2, 1
j:3, 2, stif=0.833
n:j=1, d=|
",0.0003713581045544567,"//0
p:0.37, 0.025, -0.274, fr=0.193
p:1.0, fr=0.449
p:0.821, -0.849, 1.117
p:1.042, -0.722, -0.141, fr=0.134
j:0, 1, stif=0.866
j:2, 1
j:3, 2, stif=0.833
n:j=1, d=|
",1.454470963102455e-06,feasible,25
46,0,12,"//0
p:0.37, 0.025, -0.274, fr=0.193
p:1.0, fr=0.449
p:0.773, -0.95, 0.982
p:1.042, -0.722, -0.141, fr=0.134
j:0, 1, stif=0.866
j:2, 1
j:3, 2, stif=0.833
n:j=1, d=|
",0.0003713581045544567,"//0
p:0.37, 0.025, -0.274, fr=0.193
p:1.0, fr=0.449
p:0.773, -0.95, 0.982
p:1.042, -0.722, -0.141, fr=0.134
j:0, 1, stif=0.866, rotstif=0.965
j:2, 1
j:3, 2, stif=0.833
n:j=1, d=|
",0.0003713581045544567,feasible,25
46,0,12,"//0
p:0.37, 0.025, -0.274, fr=0.193
p:1.0, fr=0.449
p:0.773, -0.95, 0.982
p:1.042, -0.722, -0.141, fr=0.134
j:0, 1, stif=0.866
j:2, 1
j:3, 2, stif=0.833
n:j=1, d=|
",0.0003713581045544567,"//0
p:0.37, 0.025, -0.274, fr=0.193
p:1.0, fr=0.449
p:0.773, -0.95, 0.982
p:1.042, -0.722, -0.141, fr=0.134
j:0, 1, stif=0.866
j:2, 1
j:3, 2, stif=0.833
",6.453359875925415e-07,feasible,25
46,0,12,"//0
p:0.37, 0.025, -0.274, fr=0.193
p:1.0, fr=0.449
p:0.773, -0.95, 0.982
p:1.042, -0.722, -0.141, fr=0.134
j:0, 1, stif=0.866
j:2, 1
j:3, 2, stif=0.833
n:j=1, d=|
",0.0003713581045544567,"//0
p:0.37, 0.025, -0.274, fr=0.193
p:1.0, fr=0.449
p:0.773, -0.95, 0.982
p:1.042, -0.722, -0.141, fr=0.134
j:0, 1, stif=0.866
j:2, 1
j:3, 2, stif=0.833
n:j=1, d=|:p=0.258
",0.0003318471730173794,feasible,25
46,0,12,"//0
p:0.37, 0.025, -0.274, fr=0.193
p:1.0, fr=0.449
p:0.773, -0.95, 0.982
p:1.042, -0.722, -0.141, fr=0.134
j:0, 1, stif=0.866
j:2, 1
j:3, 2, stif=0.833
n:j=1, d=|
",0.0003713581045544567,"//0
p:0.37, 0.025, -0.274, fr=0.193
p:1.0, fr=0.449
p:1.204, -0.257, 0.772
p:1.042, -0.722, -0.141, fr=0.134
j:0, 1, stif=0.866
j:2, 1
j:3, 2, stif=0.833
n:j=1, d=|
",7.102438716343525e-08,feasible,25
46,0,12,"//0
p:0.37, 0.025, -0.274, fr=0.193
p:1.0, fr=0.449
p:0.773, -0.95, 0.982
p:1.042, -0.722, -0.141, fr=0.134
j:0, 1, stif=0.866
j:2, 1
j:3, 2, stif=0.833
n:j=1, d=|
",0.0003713581045544567,"//0
p:0.37, 0.025, -0.274, fr=0.193
p:1.0, fr=0.449
p:0.773, -0.95, 0.982
j:0, 1, stif=0.866
j:2, 1
n:j=1, d=|
",4.344204055987474e-07,feasible,25
46,0,12,"//0
p:0.37, 0.025, -0.274, fr=0.193
p:1.0, fr=0.449
p:0.773, -0.95, 0.982
p:1.042, -0.722, -0.141, fr=0.134
j:0, 1, stif=0.866
j:2, 1
j:3, 2, stif=0.833
n:j=1, d=|
",0.0003713581045544567,"//0
p:0.37, 0.025, -0.274, fr=0.193
p:1.0, fr=0.449
p:0.773, -0.95, 0.982
p:1.042, -0.722, -0.141, fr=0.134
j:0, 1, stif=0.791
j:2, 1
j:3, 2, stif=0.833
n:j=1, d=|
",0.000354746563456538,feasible,25
46,0,12,"//0
p:0.37, 0.025, -0.274, fr=0.193
p:1.0, fr=0.449
p:0.773, -0.95, 0.982
p:1.042, -0.722, -0.141, fr=0.134
j:0, 1, stif=0.866
j:2, 1
j:3, 2, stif=0.833
n:j=1, d=|
",0.0003713581045544567,"//0
p:0.37, 0.025, -0.274, fr=0.193
p:1.0, fr=0.449
p:0.773, -0.95, 0.982
p:1.042, -0.722, -0.141, fr=0.134
j:0, 1, stif=0.866
j:2, 1
j:3, 2, stif=0.833
n:j=1, d=|:p=0.324
",7.188870530509295e-07,feasible,25
46,0,12,"//0
p:0.37, 0.025, -0.274, fr=0.193
p:1.0, fr=0.449
p:0.773, -0.95, 0.982
p:1.042, -0.722, -0.141, fr=0.134
j:0, 1, stif=0.866
j:2, 1
j:3, 2, stif=0.833
n:j=1, d=|
",0.0003713581045544567,"//0
p:0.37, 0.025, -0.274, fr=0.193
p:1.0, fr=0.449
p:0.773, -0.95, 0.982
p:1.042, -0.722, -0.141, fr=0.134
j:0, 1, stif=0.866
j:2, 1
j:3, 2, stif=0.833
n:j=1, d=|:p=0.471
",6.341917201948024e-07,feasible,25
46,0,12,"//0
p:0.37, 0.025, -0.274, fr=0.193
p:1.0, fr=0.449
p:0.773, -0.95, 0.982
p:1.042, -0.722, -0.141, fr=0.134
j:0, 1, stif=0.866
j:2, 1
j:3, 2, stif=0.833
n:j=1, d=|
",0.0003713581045544567,"//0
p:0.37, 0.025, -0.274, fr=0.193
p:1.0, fr=0.449
p:0.615, -1.301, 1.02
p:1.042, -0.722, -0.141, fr=0.134
j:0, 1, stif=0.866
j:2, 1
j:3, 2, stif=0.833
n:j=1, d=|
",9.096767640974637e-07,feasible,25
46,0,12,"//0
p:0.37, 0.025, -0.274, fr=0.193
p:1.0, fr=0.449
p:0.773, -0.95, 0.982
p:1.042, -0.722, -0.141, fr=0.134
j:0, 1, stif=0.866
j:2, 1
j:3, 2, stif=0.833
n:j=1, d=|
",0.0003713581045544567,"//0
p:0.37, 0.025, -0.274, fr=0.193
p:1.0, fr=0.449
p:0.773, -0.95, 0.982
p:1.042, -0.722, -0.141, fr=0.134
j:0, 1, stif=0.866
j:2, 1, rotstif=0.896
j:3, 2, stif=0.833
n:j=1, d=|
",0.0003713581045544567,feasible,25
46,0,12,"//0
p:0.37, 0.025, -0.274, fr=0.193
p:1.0, fr=0.449
p:0.773, -0.95, 0.982
p:1.042, -0.722, -0.141, fr=0.134
j:0, 1, stif=0.866
j:2, 1
j:3, 2, stif=0.833
n:j=1, d=|
",0.0003713581045544567,"//0
p:0.37, 0.025, -0.274, fr=0.193
p:1.0, fr=0.449
p:0.773, -0.95, 0.982
p:1.042, -0.722, -0.141, fr=0.134
j:0, 1, stif=0.866
j:2, 1, stif=0.982
j:3, 2, stif=0.833
n:j=1, d=|
",0.000363267385966025,feasible,25
46,0,12,"//0
p:0.37, 0.025, -0.274, fr=0.193
p:1.0, fr=0.449
p:0.773, -0.95, 0.982
p:1.042, -0.722, -0.141, fr=0.134
j:0, 1, stif=0.866
j:2, 1
j:3, 2, stif=0.833
n:j=1, d=|
",0.0003713581045544567,"//0
p:0.37, 0.025, -0.274, fr=0.193
p:1.0, fr=0.449
p:0.773, -0.95, 0.982
p:1.042, -0.722, -0.141, fr=0.134
j:0, 1, stif=0.866
j:2, 1, stif=0.985
j:3, 2, stif=0.833
n:j=1, d=|
",0.0003516554910623123,feasible,25
46,0,12,"//0
p:0.37, 0.025, -0.274, fr=0.193
p:1.0, fr=0.449
p:0.773, -0.95, 0.982
p:1.042, -0.722, -0.141, fr=0.134
j:0, 1, stif=0.866
j:2, 1
j:3, 2, stif=0.833
n:j=1, d=|
",0.0003713581045544567,"//0
p:0.37, 0.025, -0.274, fr=0.193
p:1.383, 0.428, 0.271, fr=0.449
p:0.773, -0.95, 0.982
p:1.042, -0.722, -0.141, fr=0.134
j:0, 1, stif=0.866
j:2, 1
j:3, 2, stif=0.833
n:j=1, d=|
",0.00010194451693209882,feasible,25
46,0,12,"//0
p:0.37, 0.025, -0.274, fr=0.193
p:1.0, fr=0.449
p:0.773, -0.95, 0.982
p:1.042, -0.722, -0.141, fr=0.134
j:0, 1, stif=0.866
j:2, 1
j:3, 2, stif=0.833
n:j=1, d=|
",0.0003713581045544567,"//0
p:0.37, 0.025, -0.274, fr=0.193
p:1.0, fr=0.449
p:0.773, -0.95, 0.982
p:1.042, -0.722, -0.141, fr=0.134
j:0, 1, stif=0.866
j:3, 1
j:2, 3, stif=0.833
n:j=1, d=|
",3.929628748962734e-07,feasible,25
46,0,12,"//0
p:0.37, 0.025, -0.274, fr=0.193
p:1.0, fr=0.449
p:0.773, -0.95, 0.982
p:1.042, -0.722, -0.141, fr=0.134
j:0, 1, stif=0.866
j:2, 1
j:3, 2, stif=0.833
n:j=1, d=|
",0.0003713581045544567,"//0
p:0.37, 0.025, -0.274, fr=0.193
p:1.0, fr=0.449
p:0.773, -0.95, 0.982
p:1.042, -0.722, -0.141, fr=0.134
j:0, 1, stif=0.866
j:2, 1
j:3, 2, stif=0.833
n:j=1, d=|:p=0.122
",0.00015009346191548003,feasible,25
46,0,12,"//0
p:0.37, 0.025, -0.274, fr=0.193
p:1.0, fr=0.449
p:0.773, -0.95, 0.982
p:1.042, -0.722, -0.141, fr=0.134
j:0, 1, stif=0.866
j:2, 1
j:3, 2, stif=0.833
n:j=1, d=|
",0.0003713581045544567,"//0
p:0.37, 0.025, -0.274, fr=0.193
p:1.0, fr=0.449
p:0.773, -0.95, 0.982
p:1.042, -0.722, -0.141, fr=0.134
j:0, 2, stif=0.866
j:1, 2
j:3, 1, stif=0.833
n:j=1, d=|
",8.062632017440474e-07,feasible,25
46,0,12,"//0
p:0.37, 0.025, -0.274, fr=0.193
p:1.0, fr=0.449
p:0.773, -0.95, 0.982
p:1.042, -0.722, -0.141, fr=0.134
j:0, 1, stif=0.866
j:2, 1
j:3, 2, stif=0.833
n:j=1, d=|
",0.0003713581045544567,"//0
p:0.37, 0.025, -0.274, fr=0.193
p:1.0, fr=0.449
p:0.773, -0.95, 0.982
p:1.042, -0.722, -0.141, fr=0.134
p:0.202, -1.06, -0.196
j:0, 1, stif=0.866
j:2, 1
j:3, 2, stif=0.833
j:4, 1
n:j=1, d=|
",5.314980469909477e-07,feasible,25
46,0,13,"//0
p:0.37, 0.025, -0.274, fr=0.09
p:1.0, fr=0.449
p:0.773, -0.95, 0.982
p:1.042, -0.722, -0.141, fr=0.134
j:0, 1, stif=0.866
j:2, 1
j:3, 2, stif=0.833
n:j=1, d=|
",0.00040366065359364727,"//0
p:0.37, 0.025, -0.274, fr=0.09
p:1.0, fr=0.449
p:0.773, -0.95, 0.982
p:1.042, -0.722, -0.141, fr=0.134
j:0, 1, stif=0.866
j:2, 1
j:3, 2, stif=0.833
n:j=1, d=|:p=0.096
",0.0003154966374095519,feasible,21
46,0,13,"//0
p:0.37, 0.025, -0.274, fr=0.09
p:1.0, fr=0.449
p:0.773, -0.95, 0.982
p:1.042, -0.722, -0.141, fr=0.134
j:0, 1, stif=0.866
j:2, 1
j:3, 2, stif=0.833
n:j=1, d=|
",0.00040366065359364727,"//0
p:0.37, 0.025, -0.274, fr=0.09
p:1.0, fr=0.449
p:0.773, -0.95, 0.982
p:1.042, -0.722, -0.141, fr=0.134
j:0, 1, stif=0.866
j:2, 1
j:3, 2, stif=0.833
n:j=1, d=|:r=0.961
",0.00040366065359364727,feasible,21
46,0,13,"//0
p:0.37, 0.025, -0.274, fr=0.09
p:1.0, fr=0.449
p:0.773, -0.95, 0.982
p:1.042, -0.722, -0.141, fr=0.134
j:0, 1, stif=0.866
j:2, 1
j:3, 2, stif=0.833
n:j=1, d=|
",0.00040366065359364727,"//0
p:0.37, 0.025, -0.274, fr=0.09
p:1.0, fr=0.449
p:0.773, -0.95, 0.982
p:1.042, -0.722, -0.141, fr=0.134
j:0, 1, stif=0.866
j:2, 1
j:3, 2, stif=0.833
n:j=1, d=|:p=0.244
",0.0003985105636786196,feasible,21
46,0,13,"//0
p:0.37, 0.025, -0.274, fr=0.09
p:1.0, fr=0.449
p:0.773, -0.95, 0.982
p:1.042, -0.722, -0.141, fr=0.134
j:0, 1, stif=0.866
j:2, 1
j:3, 2, stif=0.833
n:j=1, d=|
",0.00040366065359364727,"//0
p:0.37, 0.025, -0.274, fr=0.09
p:1.0, fr=0.449
p:0.773, -0.95, 0.982
p:1.042, -0.722, -0.141, fr=0.134
j:0, 1, stif=0.803
j:2, 1
j:3, 2, stif=0.833
n:j=1, d=|
",0.00041120946676007346,feasible,21
46,0,13,"//0
p:0.37, 0.025, -0.274, fr=0.09
p:1.0, fr=0.449
p:0.773, -0.95, 0.982
p:1.042, -0.722, -0.141, fr=0.134
j:0, 1, stif=0.866
j:2, 1
j:3, 2, stif=0.833
n:j=1, d=|
",0.00040366065359364727,"//0
p:0.37, 0.025, -0.274, fr=0.09
p:1.0, fr=0.449
p:0.773, -0.95, 0.982
p:1.042, -0.722, -0.141, fr=0.134
j:0, 2, stif=0.866
j:1, 2
j:3, 1, stif=0.833
n:j=1, d=|
",2.688366626843928e-07,feasible,21
46,0,13,"//0
p:0.37, 0.025, -0.274, fr=0.09
p:1.0, fr=0.449
p:0.773, -0.95, 0.982
p:1.042, -0.722, -0.141, fr=0.134
j:0, 1, stif=0.866
j:2, 1
j:3, 2, stif=0.833
n:j=1, d=|
",0.00040366065359364727,"//0
p:0.37, 0.025, -0.274, fr=0.09
p:1.0, fr=0.614
p:0.773, -0.95, 0.982
p:1.042, -0.722, -0.141, fr=0.134
j:0, 1, stif=0.866
j:2, 1
j:3, 2, stif=0.833
n:j=1, d=|
",0.0004277661984771307,feasible,21
46,0,13,"//0
p:0.37, 0.025, -0.274, fr=0.09
p:1.0, fr=0.449
p:0.773, -0.95, 0.982
p:1.042, -0.722, -0.141, fr=0.134
j:0, 1, stif=0.866
j:2, 1
j:3, 2, stif=0.833
n:j=1, d=|
",0.00040366065359364727,"//0
p:0.37, 0.025, -0.274, fr=0.09
p:1.0, fr=0.449
p:0.773, -0.95, 0.982
p:1.042, -0.722, -0.141, fr=0.134
j:0, 1, stif=0.866
j:2, 1
j:3, 2, stif=0.833
n:j=1, d=|:p=0.471
",3.3975199228069304e-07,feasible,21
46,0,13,"//0
p:0.37, 0.025, -0.274, fr=0.09
p:1.0, fr=0.449
p:0.773, -0.95, 0.982
p:1.042, -0.722, -0.141, fr=0.134
j:0, 1, stif=0.866
j:2, 1
j:3, 2, stif=0.833
n:j=1, d=|
",0.00040366065359364727,"//0
p:0.37, 0.025, -0.274, fr=0.09
p:1.0, fr=0.449
p:0.773, -0.95, 0.982
p:1.042, -0.722, -0.141, fr=0.134
j:0, 1, stif=0.866
j:2, 1
j:3, 2, stif=0.833
j:2, 0
n:j=1, d=|
",1.1419845411470673e-06,feasible,21
46,0,13,"//0
p:0.37, 0.025, -0.274, fr=0.09
p:1.0, fr=0.449
p:0.773, -0.95, 0.982
p:1.042, -0.722, -0.141, fr=0.134
j:0, 1, stif=0.866
j:2, 1
j:3, 2, stif=0.833
n:j=1, d=|
",0.00040366065359364727,"//0
p:0.37, 0.025, -0.274, fr=0.09
p:1.0, fr=0.449
p:0.773, -0.95, 0.982
p:1.042, -0.722, -0.141, fr=0.134
j:0, 1, stif=0.866
j:2, 1
j:3, 2, stif=0.833
",3.589917637839216e-07,feasible,21
46,0,13,"//0
p:0.37, 0.025, -0.274, fr=0.09
p:1.0, fr=0.449
p:0.773, -0.95, 0.982
p:1.042, -0.722, -0.141, fr=0.134
j:0, 1, stif=0.866
j:2, 1
j:3, 2, stif=0.833
n:j=1, d=|
",0.00040366065359364727,"//0
p:0.37, 0.025, -0.274, fr=0.09
p:1.0, fr=0.449
p:0.773, -0.95, 0.982
p:1.042, -0.722, -0.141, fr=0.134
j:0, 1, stif=0.866
j:2, 1
j:3, 2, stif=0.833
n:j=1, d=|:r=0.997
",0.00040366065359364727,feasible,21
46,0,13,"//0
p:0.37, 0.025, -0.274, fr=0.09
p:1.0, fr=0.449
p:0.773, -0.95, 0.982
p:1.042, -0.722, -0.141, fr=0.134
j:0, 1, stif=0.866
j:2, 1
j:3, 2, stif=0.833
n:j=1, d=|
",0.00040366065359364727,"//0
p:0.37, 0.025, -0.274, fr=0.09
p:1.0, fr=0.449
p:0.773, -0.95, 0.982
p:1.042, -0.722, -0.141, fr=0.134
j:2, 1, stif=0.866
j:0, 1
j:3, 0, stif=0.833
n:j=1, d=|
",8.566988331851159e-07,feasible,21
46,0,13,"//0
p:0.37, 0.025, -0.274, fr=0.09
p:1.0, fr=0.449
p:0.773, -0.95, 0.982
p:1.042, -0.722, -0.141, fr=0.134
j:0, 1, stif=0.866
j:2, 1
j:3, 2, stif=0.833
n:j=1, d=|
",0.00040366065359364727,"//0
p:0.37, 0.025, -0.274, fr=0.09
p:1.0, fr=0.449
p:0.773, -0.95, 0.982
p:1.042, -0.722, -0.141, fr=0.134
j:0, 1, stif=0.866
j:2, 1
j:3, 2, stif=0.833
n:j=1, d=|:r=0.887
",0.00040366065359364727,feasible,21
46,0,13,"//0
p:0.37, 0.025, -0.274, fr=0.09
p:1.0, fr=0.449
p:0.773, -0.95, 0.982
p:1.042, -0.722, -0.141, fr=0.134
j:0, 1, stif=0.866
j:2, 1
j:3, 2, stif=0.833
n:j=1, d=|
",0.00040366065359364727,"//0
p:0.37, 0.025, -0.274, fr=0.09
p:1.0, fr=0.449
p:0.773, -0.95, 0.982
p:1.042, -0.722, -0.141, fr=0.134
p:1.021, -0.016, -0.114
j:0, 1, stif=0.866
j:2, 1
j:3, 2, stif=0.833
j:4, 1
n:j=1, d=|
",3.484705693827064e-07,feasible,21
46,0,13,"//0
p:0.37, 0.025, -0.274, fr=0.09
p:1.0, fr=0.449
p:0.773, -0.95, 0.982
p:1.042, -0.722, -0.141, fr=0.134
j:0, 1, stif=0.866
j:2, 1
j:3, 2, stif=0.833
n:j=1, d=|
",0.00040366065359364727,"//0
p:0.37, 0.025, -0.274, fr=0.09
p:1.0, fr=0.449
p:0.773, -0.95, 0.982
p:1.042, -0.722, -0.141, fr=0.134
p:0.046, -0.276, 0.121
j:0, 1, stif=0.866
j:2, 1
j:3, 2, stif=0.833
j:4, 1
n:j=1, d=|
",5.54057832853864e-07,feasible,21
46,0,13,"//0
p:0.37, 0.025, -0.274, fr=0.09
p:1.0, fr=0.449
p:0.773, -0.95, 0.982
p:1.042, -0.722, -0.141, fr=0.134
j:0, 1, stif=0.866
j:2, 1
j:3, 2, stif=0.833
n:j=1, d=|
",0.00040366065359364727,"//0
p:0.37, 0.025, -0.274, fr=0.09
p:1.0, fr=0.449
p:0.773, -0.95, 0.982, fr=1.203
p:1.042, -0.722, -0.141, fr=0.134
j:0, 1, stif=0.866
j:2, 1
j:3, 2, stif=0.833
n:j=1, d=|
",0.0006874863004268857,feasible,21
46,0,13,"//0
p:0.37, 0.025, -0.274, fr=0.09
p:1.0, fr=0.449
p:0.773, -0.95, 0.982
p:1.042, -0.722, -0.141, fr=0.134
j:0, 1, stif=0.866
j:2, 1
j:3, 2, stif=0.833
n:j=1, d=|
",0.00040366065359364727,"//0
p:0.37, 0.025, -0.274, fr=0.09
p:1.0, fr=0.449
p:0.773, -0.95, 0.982
p:1.042, -0.722, -0.141, fr=0.134
p:2.617, -1.06, -0.632
j:0, 1, stif=0.866
j:2, 1
j:3, 2, stif=0.833
j:4, 3
n:j=1, d=|
",8.076105021485773e-08,feasible,21
46,0,13,"//0
p:0.37, 0.025, -0.274, fr=0.09
p:1.0, fr=0.449
p:0.773, -0.95, 0.982
p:1.042, -0.722, -0.141, fr=0.134
j:0, 1, stif=0.866
j:2, 1
j:3, 2, stif=0.833
n:j=1, d=|
",0.00040366065359364727,"//0
p:0.37, 0.025, -0.274, fr=0.09
p:1.0, fr=0.449
p:0.773, -0.95, 0.982
p:1.042, -0.722, -0.141, fr=0.134
j:0, 1, stif=0.866
j:2, 1
j:3, 2, stif=0.833
n:j=1, d=|:p=0.221
",0.00025981510280903943,feasible,21
46,0,13,"//0
p:0.37, 0.025, -0.274, fr=0.09
p:1.0, fr=0.449
p:0.773, -0.95, 0.982
p:1.042, -0.722, -0.141, fr=0.134
j:0, 1, stif=0.866
j:2, 1
j:3, 2, stif=0.833
n:j=1, d=|
",0.00040366065359364727,"//0
p:0.37, 0.025, -0.274, fr=0.613
p:1.0, fr=0.449
p:0.773, -0.95, 0.982
p:1.042, -0.722, -0.141, fr=0.134
j:0, 1, stif=0.866
j:2, 1
j:3, 2, stif=0.833
n:j=1, d=|
",2.5993290104593414e-05,feasible,21
46,0,13,"//0
p:0.37, 0.025, -0.274, fr=0.09
p:1.0, fr=0.449
p:0.773, -0.95, 0.982
p:1.042, -0.722, -0.141, fr=0.134
j:0, 1, stif=0.866
j:2, 1
j:3, 2, stif=0.833
n:j=1, d=|
",0.00040366065359364727,"//0
p:0.37, 0.025, -0.274, fr=0.09
p:1.0, fr=0.449
p:0.773, -0.95, 0.982
p:1.042, -0.722, -0.141, fr=0.134
j:0, 1, stif=0.866
j:2, 1, rotstif=0.81
j:3, 2, stif=0.833
n:j=1, d=|
",0.00040366065359364727,feasible,21
46,0,13,"//0
p:0.37, 0.025, -0.274, fr=0.09
p:1.0, fr=0.449
p:0.773, -0.95, 0.982
p:1.042, -0.722, -0.141, fr=0.134
j:0, 1, stif=0.866
j:2, 1
j:3, 2, stif=0.833
n:j=1, d=|
",0.00040366065359364727,"//0
p:0.553, 0.331, -0.291, fr=0.09
p:1.0, fr=0.449
p:0.773, -0.95, 0.982
p:1.042, -0.722, -0.141, fr=0.134
j:0, 1, stif=0.866
j:2, 1
j:3, 2, stif=0.833
n:j=1, d=|
",7.102233898713496e-07,feasible,21
46,0,14,"//0
p:0.37, 0.025, -0.274, fr=0.09
p:1.0, fr=0.449
p:0.773, -0.95, 0.982
p:1.042, -0.722, -0.141, fr=0.134
j:0, 1, stif=0.866
j:2, 1
j:3, 2, stif=0.885
n:j=1, d=|
",0.0004117356421409423,"//0
p:0.37, 0.025, -0.274, fr=0.09
p:1.0, fr=0.449
p:0.773, -0.95, 0.982
p:1.042, -0.722, -0.141, fr=0.134
j:0, 1, stif=0.866
j:2, 1
j:3, 2, stif=0.885
n:j=1, d=|:p=0.31
",1.0279365568653377e-06,feasible,20
46,0,14,"//0
p:0.37, 0.025, -0.274, fr=0.09
p:1.0, fr=0.449
p:0.773, -0.95, 0.982
p:1.042, -0.722, -0.141, fr=0.134
j:0, 1, stif=0.866
j:2, 1
j:3, 2, stif=0.885
n:j=1, d=|
",0.0004117356421409423,"//0
p:0.37, 0.025, -0.274, fr=0.09, ing=0.274
p:1.0, fr=0.449
p:0.773, -0.95, 0.982
p:1.042, -0.722, -0.141, fr=0.134
j:0, 1, stif=0.866
j:2, 1
j:3, 2, stif=0.885
n:j=1, d=|
",0.0004117356421409423,feasible,20
46,0,14,"//0
p:0.37, 0.025, -0.274, fr=0.09
p:1.0, fr=0.449
p:0.773, -0.95, 0.982
p:1.042, -0.722, -0.141, fr=0.134
j:0, 1, stif=0.866
j:2, 1
j:3, 2, stif=0.885
n:j=1, d=|
",0.0004117356421409423,"//0
p:0.37, 0.025, -0.274, fr=0.09
p:1.0, fr=0.449
p:0.773, -0.95, 0.982
p:1.042, -0.722, -0.141, fr=0.134
j:0, 1, stif=0.866
j:2, 1
j:3, 2, stif=0.885
n:j=1, d=|:p=0.273
",2.0712304167551925e-05,feasible,20
46,0,14,"//0
p:0.37, 0.025, -0.274, fr=0.09
p:1.0, fr=0.449
p:0.773, -0.95, 0.982
p:1.042, -0.722, -0.141, fr=0.134
j:0, 1, stif=0.866
j:2, 1
j:3, 2, stif=0.885
n:j=1, d=|
",0.0004117356421409423,"//0
p:0.37, 0.025, -0.274, fr=0.09
p:1.0, fr=0.449
p:0.773, -0.95, 0.982
p:1.042, -0.722, -0.141, fr=0.134, ing=0.261
j:0, 1, stif=0.866
j:2, 1
j:3, 2, stif=0.885
n:j=1, d=|
",0.0004117356421409423,feasible,20
46,0,14,"//0
p:0.37, 0.025, -0.274, fr=0.09
p:1.0, fr=0.449
p:0.773, -0.95, 0.982
p:1.042, -0.722, -0.141, fr=0.134
j:0, 1, stif=0.866
j:2, 1
j:3, 2, stif=0.885
n:j=1, d=|
",0.0004117356421409423,"//0
p:0.37, 0.025, -0.274, fr=0.09
p:1.0, fr=0.449
p:0.773, -0.95, 0.982
p:1.042, -0.722, -0.141, fr=0.134
j:0, 1, stif=0.866, rotstif=0.908
j:2, 1
j:3, 2, stif=0.885
n:j=1, d=|
",0.0004117356421409423,feasible,20
46,0,14,"//0
p:0.37, 0.025, -0.274, fr=0.09
p:1.0, fr=0.449
p:0.773, -0.95, 0.982
p:1.042, -0.722, -0.141, fr=0.134
j:0, 1, stif=0.866
j:2, 1
j:3, 2, stif=0.885
n:j=1, d=|
",0.0004117356421409423,"//0
p:0.37, 0.025, -0.274, fr=0.09
p:1.0, fr=0.449
p:0.398, -0.983, 1.13
p:1.042, -0.722, -0.141, fr=0.134
j:0, 1, stif=0.866
j:2, 1
j:3, 2, stif=0.885
n:j=1, d=|
",3.8262750917046093e-07,feasible,20
46,0,14,"//0
p:0.37, 0.025, -0.274, fr=0.09
p:1.0, fr=0.449
p:0.773, -0.95, 0.982
p:1.042, -0.722, -0.141, fr=0.134
j:0, 1, stif=0.866
j:2, 1
j:3, 2, stif=0.885
n:j=1, d=|
",0.0004117356421409423,"//0
p:0.37, 0.025, -0.274, fr=0.09
p:1.0, fr=0.449
p:0.773, -0.95, 0.982
p:1.042, -0.722, -0.141, fr=0.134
j:0, 1, stif=0.866
j:2, 1
j:3, 2, stif=0.885
n:j=1, d=|:r=0.936
",0.0004117356421409423,feasible,20
46,0,14,"//0
p:0.37, 0.025, -0.274, fr=0.09
p:1.0, fr=0.449
p:0.773, -0.95, 0.982
p:1.042, -0.722, -0.141, fr=0.134
j:0, 1, stif=0.866
j:2, 1
j:3, 2, stif=0.885
n:j=1, d=|
",0.0004117356421409423,"//0
p:0.37, 0.025, -0.274, fr=0.09
p:1.0, fr=0.449
p:0.773, -0.95, 0.982
p:1.042, -0.722, -0.141, fr=0.134
j:0, 1, stif=0.866
j:2, 1
j:3, 2, stif=0.885
n:j=1, d=|:p=0.362
",6.420349216154931e-07,feasible,20
46,0,14,"//0
p:0.37, 0.025, -0.274, fr=0.09
p:1.0, fr=0.449
p:0.773, -0.95, 0.982
p:1.042, -0.722, -0.141, fr=0.134
j:0, 1, stif=0.866
j:2, 1
j:3, 2, stif=0.885
n:j=1, d=|
",0.0004117356421409423,"//0
p:0.37, 0.025, -0.274, fr=0.09
p:1.0, fr=0.449
p:0.773, -0.95, 0.982
j:0, 1, stif=0.866
j:2, 1
n:j=1, d=|
",7.192139515020581e-08,feasible,20
46,0,14,"//0
p:0.37, 0.025, -0.274, fr=0.09
p:1.0, fr=0.449
p:0.773, -0.95, 0.982
p:1.042, -0.722, -0.141, fr=0.134
j:0, 1, stif=0.866
j:2, 1
j:3, 2, stif=0.885
n:j=1, d=|
",0.0004117356421409423,"//0
p:0.37, 0.025, -0.274, fr=0.09
p:1.0, fr=0.449
p:0.773, -0.95, 0.982
p:1.042, -0.722, -0.141, fr=0.134
j:0, 1, stif=0.866
j:2, 1
j:3, 2, stif=0.885
",6.874893775624474e-07,feasible,20
46,0,14,"//0
p:0.37, 0.025, -0.274, fr=0.09
p:1.0, fr=0.449
p:0.773, -0.95, 0.982
p:1.042, -0.722, -0.141, fr=0.134
j:0, 1, stif=0.866
j:2, 1
j:3, 2, stif=0.885
n:j=1, d=|
",0.0004117356421409423,"//0
p:0.37, 0.025, -0.274, fr=0.09
p:1.0, fr=0.449
p:0.773, -0.95, 0.982
p:1.042, -0.722, -0.141, fr=0.134
j:0, 1, stif=0.866
j:2, 1
j:3, 2, stif=0.885
n:j=1, d=|:p=0.22
",6.167290103800606e-05,feasible,20
46,0,14,"//0
p:0.37, 0.025, -0.274, fr=0.09
p:1.0, fr=0.449
p:0.773, -0.95, 0.982
p:1.042, -0.722, -0.141, fr=0.134
j:0, 1, stif=0.866
j:2, 1
j:3, 2, stif=0.885
n:j=1, d=|
",0.0004117356421409423,"//0
p:0.37, 0.025, -0.274, fr=0.09
p:1.0, fr=0.449
p:0.773, -0.95, 0.982
p:1.042, -0.722, -0.141, fr=0.134
j:0, 1, stif=0.866
j:2, 1
j:3, 2, stif=0.937
n:j=1, d=|
",0.00039849647070991704,feasible,20
46,0,14,"//0
p:0.37, 0.025, -0.274, fr=0.09
p:1.0, fr=0.449
p:0.773, -0.95, 0.982
p:1.042, -0.722, -0.141, fr=0.134
j:0, 1, stif=0.866
j:2, 1
j:3, 2, stif=0.885
n:j=1, d=|
",0.0004117356421409423,"//0
p:0.37, 0.025, -0.274, fr=0.09
p:1.0, fr=0.449
p:0.773, -0.95, 0.982
p:1.042, -0.722, -0.141, fr=0.134
j:0, 1, stif=0.866
j:2, 1
j:3, 2, stif=0.885, rotstif=0.987
n:j=1, d=|
",0.0004117356421409423,feasible,20
46,0,14,"//0
p:0.37, 0.025, -0.274, fr=0.09
p:1.0, fr=0.449
p:0.773, -0.95, 0.982
p:1.042, -0.722, -0.141, fr=0.134
j:0, 1, stif=0.866
j:2, 1
j:3, 2, stif=0.885
n:j=1, d=|
",0.0004117356421409423,"//0
p:0.37, 0.025, -0.274, fr=0.09
p:1.0, fr=0.449
p:0.773, -0.95, 0.982
p:1.042, -0.722, -0.141, fr=0.134
j:0, 2, stif=0.866
j:1, 2
j:3, 1, stif=0.885
n:j=1, d=|
",5.247513680388077e-07,feasible,20
46,0,14,"//0
p:0.37, 0.025, -0.274, fr=0.09
p:1.0, fr=0.449
p:0.773, -0.95, 0.982
p:1.042, -0.722, -0.141, fr=0.134
j:0, 1, stif=0.866
j:2, 1
j:3, 2, stif=0.885
n:j=1, d=|
",0.0004117356421409423,"//0
p:-0.096, -0.053, -0.107, fr=0.09
p:1.0, fr=0.449
p:0.773, -0.95, 0.982
p:1.042, -0.722, -0.141, fr=0.134
j:0, 1, stif=0.866
j:2, 1
j:3, 2, stif=0.885
n:j=1, d=|
",7.76587888766836e-07,feasible,20
46,0,14,"//0
p:0.37, 0.025, -0.274, fr=0.09
p:1.0, fr=0.449
p:0.773, -0.95, 0.982
p:1.042, -0.722, -0.141, fr=0.134
j:0, 1, stif=0.866
j:2, 1
j:3, 2, stif=0.885
n:j=1, d=|
",0.0004117356421409423,"//0
p:0.37, 0.025, -0.274, fr=0.09
p:1.0, fr=0.449
p:0.773, -0.95, 0.982
p:1.042, -0.722, -0.141, fr=0.134
j:0, 1, stif=0.866
j:2, 1
j:3, 2, stif=0.885
n:j=1, d=|:p=0.207
",0.00025391418040554103,feasible,20
46,0,14,"//0
p:0.37, 0.025, -0.274, fr=0.09
p:1.0, fr=0.449
p:0.773, -0.95, 0.982
p:1.042, -0.722, -0.141, fr=0.134
j:0, 1, stif=0.866
j:2, 1
j:3, 2, stif=0.885
n:j=1, d=|
",0.0004117356421409423,"//0
p:0.37, 0.025, -0.274, fr=0.09
p:1.0, fr=0.449
p:0.773, -0.95, 0.982
p:1.042, -0.722, -0.141, fr=0.112
j:0, 1, stif=0.866
j:2, 1
j:3, 2, stif=0.885
n:j=1, d=|
",0.0004051295137587032,feasible,20
46,0,14,"//0
p:0.37, 0.025, -0.274, fr=0.09
p:1.0, fr=0.449
p:0.773, -0.95, 0.982
p:1.042, -0.722, -0.141, fr=0.134
j:0, 1, stif=0.866
j:2, 1
j:3, 2, stif=0.885
n:j=1, d=|
",0.0004117356421409423,"//0
p:0.37, 0.025, -0.274, fr=0.09
p:1.0, fr=0.449
p:0.773, -0.95, 0.982
p:1.042, -0.722, -0.141, fr=0.134
j:0, 1, stif=0.866
j:2, 1
j:3, 2, stif=0.885
j:3, 1
n:j=1, d=|
",3.193952232916768e-07,feasible,20
46,0,14,"//0
p:0.37, 0.025, -0.274, fr=0.09
p:1.0, fr=0.449
p:0.773, -0.95, 0.982
p:1.042, -0.722, -0.141, fr=0.134
j:0, 1, stif=0.866
j:2, 1
j:3, 2, stif=0.885
n:j=1, d=|
",0.0004117356421409423,"//0
p:0.37, 0.025, -0.274, fr=0.09
p:1.0, fr=0.449
p:1.441, -0.686, 1.282
p:1.042, -0.722, -0.141, fr=0.134
j:0, 1, stif=0.866
j:2, 1
j:3, 2, stif=0.885
n:j=1, d=|
",2.3131832772185262e-07,feasible,20
46,0,14,"//0
p:0.37, 0.025, -0.274, fr=0.09
p:1.0, fr=0.449
p:0.773, -0.95, 0.982
p:1.042, -0.722, -0.141, fr=0.134
j:0, 1, stif=0.866
j:2, 1
j:3, 2, stif=0.885
n:j=1, d=|
",0.0004117356421409423,"//0
p:0.37, 0.025, -0.274, fr=0.09
p:1.0, fr=0.449
p:0.773, -0.95, 0.982
p:0.924, -0.795, -0.12, fr=0.134
j:0, 1, stif=0.866
j:2, 1
j:3, 2, stif=0.885
n:j=1, d=|
",0.0002050696288224454,feasible,20
46,0,15,"//0
p:0.37, 0.025, -0.274, fr=0.09
p:1.0, fr=0.449
p:0.773, -0.95, 0.982, fr=0.711
p:1.042, -0.722, -0.141, fr=0.134
j:0, 1, stif=0.866
j:2, 1
j:3, 2, stif=0.885
n:j=1, d=|
",0.0005640715969031331,"//0
p:0.37, 0.025, -0.274, fr=0.09
p:1.0, fr=0.449
p:0.773, -0.95, 0.982, fr=0.711
p:1.042, -0.722, -0.141, fr=0.134
j:3, 1, stif=0.866
j:2, 1
j:0, 2, stif=0.885
n:j=1, d=|
",1.1609340911594498e-06,feasible,22
46,0,15,"//0
p:0.37, 0.025, -0.274, fr=0.09
p:1.0, fr=0.449
p:0.773, -0.95, 0.982, fr=0.711
p:1.042, -0.722, -0.141, fr=0.134
j:0, 1, stif=0.866
j:2, 1
j:3, 2, stif=0.885
n:j=1, d=|
",0.0005640715969031331,"//0
p:0.37, 0.025, -0.274, fr=0.09
p:1.0, fr=0.449
p:0.773, -0.95, 0.982, fr=0.711
p:1.042, -0.722, -0.141, fr=0.265
j:0, 1, stif=0.866
j:2, 1
j:3, 2, stif=0.885
n:j=1, d=|
",1.0963381628840059e-06,feasible,22
46,0,15,"//0
p:0.37, 0.025, -0.274, fr=0.09
p:1.0, fr=0.449
p:0.773, -0.95, 0.982, fr=0.711
p:1.042, -0.722, -0.141, fr=0.134
j:0, 1, stif=0.866
j:2, 1
j:3, 2, stif=0.885
n:j=1, d=|
",0.0005640715969031331,"//0
p:0.37, 0.025, -0.274, fr=0.09
p:1.0, fr=0.285
p:0.773, -0.95, 0.982, fr=0.711
p:1.042, -0.722, -0.141, fr=0.134
j:0, 1, stif=0.866
j:2, 1
j:3, 2, stif=0.885
n:j=1, d=|
",0.00012135415684670639,feasible,22
46,0,15,"//0
p:0.37, 0.025, -0.274, fr=0.09
p:1.0, fr=0.449
p:0.773, -0.95, 0.982, fr=0.711
p:1.042, -0.722, -0.141, fr=0.134
j:0, 1, stif=0.866
j:2, 1
j:3, 2, stif=0.885
n:j=1, d=|
",0.0005640715969031331,"//0
p:0.37, 0.025, -0.274, fr=0.09
p:1.0, fr=0.449
p:0.773, -0.95, 0.982, fr=0.711
p:1.042, -0.722, -0.141, fr=0.134, ing=0.254
j:0, 1, stif=0.866
j:2, 1
j:3, 2, stif=0.885
n:j=1, d=|
",0.0005640715969031331,feasible,22
46,0,15,"//0
p:0.37, 0.025, -0.274, fr=0.09
p:1.0, fr=0.449
p:0.773, -0.95, 0.982, fr=0.711
p:1.042, -0.722, -0.141, fr=0.134
j:0, 1, stif=0.866
j:2, 1
j:3, 2, stif=0.885
n:j=1, d=|
",0.0005640715969031331,"//0
p:0.37, 0.025, -0.274, fr=0.09
p:1.0, fr=0.449
p:0.773, -0.95, 0.982, fr=0.711
p:1.042, -0.722, -0.141, fr=0.134
j:0, 3, stif=0.866
j:2, 3
j:1, 2, stif=0.885
n:j=1, d=|
",3.9518830495015087e-07,feasible,22
46,0,15,"//0
p:0.37, 0.025, -0.274, fr=0.09
p:1.0, fr=0.449
p:0.773, -0.95, 0.982, fr=0.711
p:1.042, -0.722, -0.141, fr=0.134
j:0, 1, stif=0.866
j:2, 1
j:3, 2, stif=0.885
n:j=1, d=|
",0.0005640715969031331,"//0
p:0.37, 0.025, -0.274, fr=0.09
p:1.0, fr=0.449
p:0.773, -0.95, 0.982, fr=0.711
p:1.042, -0.722, -0.141, fr=0.141
j:0, 1, stif=0.866
j:2, 1
j:3, 2, stif=0.885
n:j=1, d=|
",0.000569063231269575,feasible,22
46,0,15,"//0
p:0.37, 0.025, -0.274, fr=0.09
p:1.0, fr=0.449
p:0.773, -0.95, 0.982, fr=0.711
p:1.042, -0.722, -0.141, fr=0.134
j:0, 1, stif=0.866
j:2, 1
j:3, 2, stif=0.885
n:j=1, d=|
",0.0005640715969031331,"//0
p:0.37, 0.025, -0.274, fr=0.09
p:1.0, fr=0.449
p:0.773, -0.95, 0.982, fr=0.711
p:1.042, -0.722, -0.141, fr=0.134
p:1.27, -0.88, -0.418
j:0, 1, stif=0.866
j:2, 1
j:3, 2, stif=0.885
j:4, 3
n:j=1, d=|
",2.63705453227345e-07,feasible,22
46,0,15,"//0
p:0.37, 0.025, -0.274, fr=0.09
p:1.0, fr=0.449
p:0.773, -0.95, 0.982, fr=0.711
p:1.042, -0.722, -0.141, fr=0.134
j:0, 1, stif=0.866
j:2, 1
j:3, 2, stif=0.885
n:j=1, d=|
",0.0005640715969031331,"//0
p:1.07, 0.312, -0.114, fr=0.09
p:1.0, fr=0.449
p:0.773, -0.95, 0.982, fr=0.711
p:1.042, -0.722, -0.141, fr=0.134
j:0, 1, stif=0.866
j:2, 1
j:3, 2, stif=0.885
n:j=1, d=|
",6.497649531119467e-05,feasible,22
46,0,15,"//0
p:0.37, 0.025, -0.274, fr=0.09
p:1.0, fr=0.449
p:0.773, -0.95, 0.982, fr=0.711
p:1.042, -0.722, -0.141, fr=0.134
j:0, 1, stif=0.866
j:2, 1
j:3, 2, stif=0.885
n:j=1, d=|
",0.0005640715969031331,"//0
p:0.37, 0.025, -0.274, fr=0.09
p:1.0, fr=0.449
p:0.773, -0.95, 0.982, fr=0.711
p:1.042, -0.722, -0.141, fr=0.134
j:0, 1, stif=0.866
j:2, 1, rotstif=0.94
j:3, 2, stif=0.885
n:j=1, d=|
",0.0005640715969031331,feasible,22
46,0,15,"//0
p:0.37, 0.025, -0.274, fr=0.09
p:1.0, fr=0.449
p:0.773, -0.95, 0.982, fr=0.711
p:1.042, -0.722, -0.141, fr=0.134
j:0, 1, stif=0.866
j:2, 1
j:3, 2, stif=0.885
n:j=1, d=|
",0.0005640715969031331,"//0
p:0.37, 0.025, -0.274, fr=0.09
p:1.0, fr=0.449
p:0.773, -0.95, 0.982, fr=0.711
p:1.042, -0.722, -0.141, fr=0.134
j:0, 1, stif=0.866
j:2, 1, rotstif=0.997
j:3, 2, stif=0.885
n:j=1, d=|
",0.0005640715969031331,feasible,22
46,0,15,"//0
p:0.37, 0.025, -0.274, fr=0.09
p:1.0, fr=0.449
p:0.773, -0.95, 0.982, fr=0.711
p:1.042, -0.722, -0.141, fr=0.134
j:0, 1, stif=0.866
j:2, 1
j:3, 2, stif=0.885
n:j=1, d=|
",0.0005640715969031331,"//0
p:0.37, 0.025, -0.274, fr=0.09
p:1.0, fr=0.449
p:0.773, -0.95, 0.982, fr=0.711
p:1.042, -0.722, -0.141, fr=0.134
j:0, 1, stif=0.866
j:2, 1
j:3, 2, stif=0.885
n:j=1, d=|:r=0.923
",0.0005640715969031331,feasible,22
46,0,15,"//0
p:0.37, 0.025, -0.274, fr=0.09
p:1.0, fr=0.449
p:0.773, -0.95, 0.982, fr=0.711
p:1.042, -0.722, -0.141, fr=0.134
j:0, 1, stif=0.866
j:2, 1
j:3, 2, stif=0.885
n:j=1, d=|
",0.0005640715969031331,"//0
p:0.37, 0.025, -0.274, fr=0.09
p:1.0, fr=0.449
p:0.773, -0.95, 0.982, fr=0.711
p:1.775, -0.443, -0.123, fr=0.134
j:0, 1, stif=0.866
j:2, 1
j:3, 2, stif=0.885
n:j=1, d=|
",2.712951939673602e-07,feasible,22
46,0,15,"//0
p:0.37, 0.025, -0.274, fr=0.09
p:1.0, fr=0.449
p:0.773, -0.95, 0.982, fr=0.711
p:1.042, -0.722, -0.141, fr=0.134
j:0, 1, stif=0.866
j:2, 1
j:3, 2, stif=0.885
n:j=1, d=|
",0.0005640715969031331,"//0
p:0.37, 0.025, -0.274, fr=0.09
p:1.0, fr=0.449
p:0.773, -0.95, 0.982, fr=0.711
p:1.042, -0.722, -0.141, fr=0.134
j:0, 1, stif=0.866
j:2, 1
j:3, 2, stif=0.885
n:j=1, d=|
n:p=2, d=S
c:0, 1, 0.532
",0.0005640715969031331,feasible,22
46,0,15,"//0
p:0.37, 0.025, -0.274, fr=0.09
p:1.0, fr=0.449
p:0.773, -0.95, 0.982, fr=0.711
p:1.042, -0.722, -0.141, fr=0.134
j:0, 1, stif=0.866
j:2, 1
j:3, 2, stif=0.885
n:j=1, d=|
",0.0005640715969031331,"//0
p:0.37, 0.025, -0.274, fr=0.09
p:1.0, fr=0.449, ing=0.3
p:0.773, -0.95, 0.982, fr=0.711
p:1.042, -0.722, -0.141, fr=0.134
j:0, 1, stif=0.866
j:2, 1
j:3, 2, stif=0.885
n:j=1, d=|
",0.0005640715969031331,feasible,22
46,0,15,"//0
p:0.37, 0.025, -0.274, fr=0.09
p:1.0, fr=0.449
p:0.773, -0.95, 0.982, fr=0.711
p:1.042, -0.722, -0.141, fr=0.134
j:0, 1, stif=0.866
j:2, 1
j:3, 2, stif=0.885
n:j=1, d=|
",0.0005640715969031331,"//0
p:0.37, 0.025, -0.274, fr=0.09
p:1.0, fr=0.449
p:0.773, -0.95, 0.982, fr=0.711
p:1.042, -0.722, -0.141, fr=0.134
j:0, 1, stif=0.866
j:2, 1
j:3, 2, stif=0.885
n:j=1, d=|:p=0.194
",0.00026957772808774185,feasible,22
46,0,15,"//0
p:0.37, 0.025, -0.274, fr=0.09
p:1.0, fr=0.449
p:0.773, -0.95, 0.982, fr=0.711
p:1.042, -0.722, -0.141, fr=0.134
j:0, 1, stif=0.866
j:2, 1
j:3, 2, stif=0.885
n:j=1, d=|
",0.0005640715969031331,"//0
p:1.0, fr=0.449
p:0.773, -0.95, 0.982, fr=0.711
p:1.042, -0.722, -0.141, fr=0.134
j:1, 0
j:2, 1, stif=0.885
n:j=0, d=|
",4.246978857013703e-06,feasible,22
46,0,15,"//0
p:0.37, 0.025, -0.274, fr=0.09
p:1.0, fr=0.449
p:0.773, -0.95, 0.982, fr=0.711
p:1.042, -0.722, -0.141, fr=0.134
j:0, 1, stif=0.866
j:2, 1
j:3, 2, stif=0.885
n:j=1, d=|
",0.0005640715969031331,"//0
p:0.37, 0.025, -0.274, fr=0.09
p:1.0, fr=0.449
p:0.773, -0.95, 0.982, fr=0.711
p:1.042, -0.722, -0.141, fr=0.134
j:0, 1, stif=0.866
j:2, 1
j:3, 2, stif=0.885
n:j=1, d=|
n:j=2, d=G
c:0, 1, -2.142
",6.858606830020461e-06,feasible,22
46,0,15,"//0
p:0.37, 0.025, -0.274, fr=0.09
p:1.0, fr=0.449
p:0.773, -0.95, 0.982, fr=0.711
p:1.042, -0.722, -0.141, fr=0.134
j:0, 1, stif=0.866
j:2, 1
j:3, 2, stif=0.885
n:j=1, d=|
",0.0005640715969031331,"//0
p:0.37, 0.025, -0.274, fr=0.09
p:1.0, fr=0.449
p:0.773, -0.95, 0.982, fr=0.711
p:1.042, -0.722, -0.141, fr=0.134
j:0, 1, stif=0.866
j:2, 1
j:3, 2, stif=0.885
n:j=1, d=|
n:p=2, d=S
c:0, 1, -2.346
",0.0005640715969031331,feasible,22
46,0,15,"//0
p:0.37, 0.025, -0.274, fr=0.09
p:1.0, fr=0.449
p:0.773, -0.95, 0.982, fr=0.711
p:1.042, -0.722, -0.141, fr=0.134
j:0, 1, stif=0.866
j:2, 1
j:3, 2, stif=0.885
n:j=1, d=|
",0.0005640715969031331,"//0
p:0.37, 0.025, -0.274, fr=0.09
p:1.0, fr=0.449
p:0.773, -0.95, 0.982, fr=0.711
p:1.042, -0.722, -0.141, fr=0.134
p:-0.047, 0.375, -0.749
j:0, 1, stif=0.866
j:2, 1
j:3, 2, stif=0.885
j:4, 0
n:j=1, d=|
",2.43060548478435e-07,feasible,22
46,0,15,"//0
p:0.37, 0.025, -0.274, fr=0.09
p:1.0, fr=0.449
p:0.773, -0.95, 0.982, fr=0.711
p:1.042, -0.722, -0.141, fr=0.134
j:0, 1, stif=0.866
j:2, 1
j:3, 2, stif=0.885
n:j=1, d=|
",0.0005640715969031331,"//0
p:0.396, -0.159, -0.334, fr=0.09
p:1.0, fr=0.449
p:0.773, -0.95, 0.982, fr=0.711
p:1.042, -0.722, -0.141, fr=0.134
j:0, 1, stif=0.866
j:2, 1
j:3, 2, stif=0.885
n:j=1, d=|
",3.907352635342165e-07,feasible,22
46,0,16,"//0
p:0.37, 0.025, -0.274, fr=0.09
p:1.0, fr=0.449
p:0.773, -0.95, 0.982, fr=0.711
p:1.042, -0.722, -0.141, fr=0.134
j:0, 1, stif=0.866
j:2, 1, stif=0.996
j:3, 2, stif=0.885
n:j=1, d=|
",0.0005710890472809217,"//0
p:0.37, 0.025, -0.274, fr=0.09
p:1.0, fr=0.449
p:0.773, -0.95, 0.982, fr=0.711
p:1.042, -0.722, -0.141, fr=0.134
j:1, 0, stif=0.866
j:2, 0, stif=0.996
j:3, 2, stif=0.885
n:j=1, d=|
",6.833230446408942e-05,feasible,21
46,0,16,"//0
p:0.37, 0.025, -0.274, fr=0.09
p:1.0, fr=0.449
p:0.773, -0.95, 0.982, fr=0.711
p:1.042, -0.722, -0.141, fr=0.134
j:0, 1, stif=0.866
j:2, 1, stif=0.996
j:3, 2, stif=0.885
n:j=1, d=|
",0.0005710890472809217,"//0
p:0.37, 0.025, -0.274, fr=0.09
p:1.0, fr=0.449
p:0.773, -0.95, 0.982, fr=0.711
p:1.042, -0.722, -0.141, fr=0.134
j:0, 1, stif=0.866
j:2, 1, stif=0.996
j:3, 2, stif=0.885
n:j=1, d=|:p=0.163
",0.00012114109040518823,feasible,21
46,0,16,"//0
p:0.37, 0.025, -0.274, fr=0.09
p:1.0, fr=0.449
p:0.773, -0.95, 0.982, fr=0.711
p:1.042, -0.722, -0.141, fr=0.134
j:0, 1, stif=0.866
j:2, 1, stif=0.996
j:3, 2, stif=0.885
n:j=1, d=|
",0.0005710890472809217,"//0
p:0.37, 0.025, -0.274, fr=0.09
p:1.0, fr=0.449
p:0.773, -0.95, 0.982, fr=0.711
p:1.042, -0.722, -0.141, fr=0.134, ing=0.259
j:0, 1, stif=0.866
j:2, 1, stif=0.996
j:3, 2, stif=0.885
n:j=1, d=|
",0.0005710890472809217,feasible,21
46,0,16,"//0
p:0.37, 0.025, -0.274, fr=0.09
p:1.0, fr=0.449
p:0.773, -0.95, 0.982, fr=0.711
p:1.042, -0.722, -0.141, fr=0.134
j:0, 1, stif=0.866
j:2, 1, stif=0.996
j:3, 2, stif=0.885
n:j=1, d=|
",0.0005710890472809217,"//0
p:0.37, 0.025, -0.274, fr=0.09
p:1.0, fr=0.449
p:0.773, -0.95, 0.982, fr=0.711
p:1.042, -0.722, -0.141, fr=0.134
j:0, 1, stif=0.848
j:2, 1, stif=0.996
j:3, 2, stif=0.885
n:j=1, d=|
",0.0005873780432682956,feasible,21
46,0,16,"//0
p:0.37, 0.025, -0.274, fr=0.09
p:1.0, fr=0.449
p:0.773, -0.95, 0.982, fr=0.711
p:1.042, -0.722, -0.141, fr=0.134
j:0, 1, stif=0.866
j:2, 1, stif=0.996
j:3, 2, stif=0.885
n:j=1, d=|
",0.0005710890472809217,"//0
p:0.37, 0.025, -0.274, fr=0.09
p:1.0, fr=0.449
p:0.773, -0.95, 0.982, fr=0.711
p:1.042, -0.722, -0.141, fr=0.134, ing=0.322
j:0, 1, stif=0.866
j:2, 1, stif=0.996
j:3, 2, stif=0.885
n:j=1, d=|
",0.0005710890472809217,feasible,21
46,0,16,"//0
p:0.37, 0.025, -0.274, fr=0.09
p:1.0, fr=0.449
p:0.773, -0.95, 0.982, fr=0.711
p:1.042, -0.722, -0.141, fr=0.134
j:0, 1, stif=0.866
j:2, 1, stif=0.996
j:3, 2, stif=0.885
n:j=1, d=|
",0.0005710890472809217,"//0
p:0.37, 0.025, -0.274, fr=0.09
p:1.0, fr=0.449
p:0.773, -0.95, 0.982, fr=0.711
j:0, 1, stif=0.866
j:2, 1, stif=0.996
n:j=1, d=|
",7.074627260353186e-08,feasible,21
46,0,16,"//0
p:0.37, 0.025, -0.274, fr=0.09
p:1.0, fr=0.449
p:0.773, -0.95, 0.982, fr=0.711
p:1.042, -0.722, -0.141, fr=0.134
j:0, 1, stif=0.866
j:2, 1, stif=0.996
j:3, 2, stif=0.885
n:j=1, d=|
",0.0005710890472809217,"//0
p:0.37, 0.025, -0.274, fr=0.09
p:1.0, fr=0.449
p:0.773, -0.95, 0.982, fr=0.711
p:1.042, -0.722, -0.141, fr=0.134
j:0, 1, stif=0.866
j:2, 1, stif=0.996
j:3, 2, stif=0.885
n:j=1, d=|:p=0.269
",7.344392265991439e-07,feasible,21
46,0,16,"//0
p:0.37, 0.025, -0.274, fr=0.09
p:1.0, fr=0.449
p:0.773, -0.95, 0.982, fr=0.711
p:1.042, -0.722, -0.141, fr=0.134
j:0, 1, stif=0.866
j:2, 1, stif=0.996
j:3, 2, stif=0.885
n:j=1, d=|
",0.0005710890472809217,"//0
p:0.37, 0.025, -0.274, fr=0.114
p:1.0, fr=0.449
p:0.773, -0.95, 0.982, fr=0.711
p:1.042, -0.722, -0.141, fr=0.134
j:0, 1, stif=0.866
j:2, 1, stif=0.996
j:3, 2, stif=0.885
n:j=1, d=|
",0.0004361187640451422,feasible,21
46,0,16,"//0
p:0.37, 0.025, -0.274, fr=0.09
p:1.0, fr=0.449
p:0.773, -0.95, 0.982, fr=0.711
p:1.042, -0.722, -0.141, fr=0.134
j:0, 1, stif=0.866
j:2, 1, stif=0.996
j:3, 2, stif=0.885
n:j=1, d=|
",0.0005710890472809217,"//0
p:0.37, 0.025, -0.274, fr=0.09
p:1.0, fr=0.449, ing=0.326
p:0.773, -0.95, 0.982, fr=0.711
p:1.042, -0.722, -0.141, fr=0.134
j:0, 1, stif=0.866
j:2, 1, stif=0.996
j:3, 2, stif=0.885
n:j=1, d=|
",0.0005710890472809217,feasible,21
46,0,16,"//0
p:0.37, 0.025, -0.274, fr=0.09
p:1.0, fr=0.449
p:0.773, -0.95, 0.982, fr=0.711
p:1.042, -0.722, -0.141, fr=0.134
j:0, 1, stif=0.866
j:2, 1, stif=0.996
j:3, 2, stif=0.885
n:j=1, d=|
",0.0005710890472809217,"//0
p:0.37, 0.025, -0.274, fr=0.09
p:1.0, fr=0.449
p:0.773, -0.95, 0.982, fr=0.711, ing=0.339
p:1.042, -0.722, -0.141, fr=0.134
j:0, 1, stif=0.866
j:2, 1, stif=0.996
j:3, 2, stif=0.885
n:j=1, d=|
",0.0005710890472809217,feasible,21
46,0,16,"//0
p:0.37, 0.025, -0.274, fr=0.09
p:1.0, fr=0.449
p:0.773, -0.95, 0.982, fr=0.711
p:1.042, -0.722, -0.141, fr=0.134
j:0, 1, stif=0.866
j:2, 1, stif=0.996
j:3, 2, stif=0.885
n:j=1, d=|
",0.0005710890472809217,"//0
p:0.37, 0.025, -0.274, fr=0.09
p:1.0, fr=0.449
p:0.773, -0.95, 0.982, fr=0.711
p:1.042, -0.722, -0.141, fr=0.134
j:0, 1, stif=0.866
j:2, 1, stif=0.996
j:3, 2, stif=0.885, rotstif=0.835
n:j=1, d=|
",0.0005710890472809217,feasible,21
46,0,16,"//0
p:0.37, 0.025, -0.274, fr=0.09
p:1.0, fr=0.449
p:0.773, -0.95, 0.982, fr=0.711
p:1.042, -0.722, -0.141, fr=0.134
j:0, 1, stif=0.866
j:2, 1, stif=0.996
j:3, 2, stif=0.885
n:j=1, d=|
",0.0005710890472809217,"//0
p:0.37, 0.025, -0.274, fr=0.09
p:1.0, fr=0.449
p:0.773, -0.95, 0.982, fr=0.711
p:1.042, -0.722, -0.141, fr=0.134
j:0, 1, stif=0.866
j:2, 1, stif=0.952
j:3, 2, stif=0.885
n:j=1, d=|
",0.00030474079683085993,feasible,21
46,0,16,"//0
p:0.37, 0.025, -0.274, fr=0.09
p:1.0, fr=0.449
p:0.773, -0.95, 0.982, fr=0.711
p:1.042, -0.722, -0.141, fr=0.134
j:0, 1, stif=0.866
j:2, 1, stif=0.996
j:3, 2, stif=0.885
n:j=1, d=|
",0.0005710890472809217,"//0
p:0.37, 0.025, -0.274, fr=0.09
p:1.0, fr=0.449
p:0.773, -0.95, 0.982, fr=0.711, ing=0.266
p:1.042, -0.722, -0.141, fr=0.134
j:0, 1, stif=0.866
j:2, 1, stif=0.996
j:3, 2, stif=0.885
n:j=1, d=|
",0.0005710890472809217,feasible,21
46,0,16,"//0
p:0.37, 0.025, -0.274, fr=0.09
p:1.0, fr=0.449
p:0.773, -0.95, 0.982, fr=0.711
p:1.042, -0.722, -0.141, fr=0.134
j:0, 1, stif=0.866
j:2, 1, stif=0.996
j:3, 2, stif=0.885
n:j=1, d=|
",0.0005710890472809217,"//0
p:0.37, 0.025, -0.274, fr=0.09
p:1.0, fr=0.449
p:0.773, -0.95, 0.982, fr=0.711
p:1.042, -0.722, -0.141, fr=0.333
j:0, 1, stif=0.866
j:2, 1, stif=0.996
j:3, 2, stif=0.885
n:j=1, d=|
",0.0004995840743278379,feasible,21
46,0,16,"//0
p:0.37, 0.025, -0.274, fr=0.09
p:1.0, fr=0.449
p:0.773, -0.95, 0.982, fr=0.711
p:1.042, -0.722, -0.141, fr=0.134
j:0, 1, stif=0.866
j:2, 1, stif=0.996
j:3, 2, stif=0.885
n:j=1, d=|
",0.0005710890472809217,"//0
p:0.37, 0.025, -0.274, fr=0.09
p:1.0, fr=0.449
p:0.773, -0.95, 0.982, fr=0.711
p:1.042, -0.722, -0.141, fr=0.134
j:0, 1, stif=0.866
j:2, 1, stif=0.996
j:3, 2, stif=0.885
n:j=1, d=|:r=0.997
",0.0005710890472809217,feasible,21
46,0,16,"//0
p:0.37, 0.025, -0.274, fr=0.09
p:1.0, fr=0.449
p:0.773, -0.95, 0.982, fr=0.711
p:1.042, -0.722, -0.141, fr=0.134
j:0, 1, stif=0.866
j:2, 1, stif=0.996
j:3, 2, stif=0.885
n:j=1, d=|
",0.0005710890472809217,"//0
p:0.37, 0.025, -0.274, fr=0.09
p:1.0, fr=0.449
p:0.773, -0.95, 0.982, fr=0.711
p:0.409, -1.264, 0.269, fr=0.134
j:0, 1, stif=0.866
j:2, 1, stif=0.996
j:3, 2, stif=0.885
n:j=1, d=|
",6.638462705065236e-05,feasible,21
46,0,16,"//0
p:0.37, 0.025, -0.274, fr=0.09
p:1.0, fr=0.449
p:0.773, -0.95, 0.982, fr=0.711
p:1.042, -0.722, -0.141, fr=0.134
j:0, 1, stif=0.866
j:2, 1, stif=0.996
j:3, 2, stif=0.885
n:j=1, d=|
",0.0005710890472809217,"//0
p:0.37, 0.025, -0.274, fr=0.09
p:1.0, fr=0.449
p:0.773, -0.95, 0.982, fr=0.711
p:1.042, -0.722, -0.141, fr=0.134
j:0, 1, stif=0.866
j:2, 1, stif=0.996
j:3, 2, stif=0.885
",7.14477421299893e-07,feasible,21
46,0,16,"//0
p:0.37, 0.025, -0.274, fr=0.09
p:1.0, fr=0.449
p:0.773, -0.95, 0.982, fr=0.711
p:1.042, -0.722, -0.141, fr=0.134
j:0, 1, stif=0.866
j:2, 1, stif=0.996
j:3, 2, stif=0.885
n:j=1, d=|
",0.0005710890472809217,"//0
p:0.37, 0.025, -0.274, fr=0.09
p:1.0, fr=0.449
p:0.773, -0.95, 0.982, fr=0.711
p:1.042, -0.722, -0.141, fr=0.134
j:0, 1, stif=0.866
j:2, 1, stif=0.742
j:3, 2, stif=0.885
n:j=1, d=|
",1.8813470487817257e-06,feasible,21
46,0,16,"//0
p:0.37, 0.025, -0.274, fr=0.09
p:1.0, fr=0.449
p:0.773, -0.95, 0.982, fr=0.711
p:1.042, -0.722, -0.141, fr=0.134
j:0, 1, stif=0.866
j:2, 1, stif=0.996
j:3, 2, stif=0.885
n:j=1, d=|
",0.0005710890472809217,"//0
p:0.37, 0.025, -0.274, fr=0.09, ing=0.138
p:1.0, fr=0.449
p:0.773, -0.95, 0.982, fr=0.711
p:1.042, -0.722, -0.141, fr=0.134
j:0, 1, stif=0.866
j:2, 1, stif=0.996
j:3, 2, stif=0.885
n:j=1, d=|
",0.0005710890472809217,feasible,21
46,0,16,"//0
p:0.37, 0.025, -0.274, fr=0.09
p:1.0, fr=0.449
p:0.773, -0.95, 0.982, fr=0.711
p:1.042, -0.722, -0.141, fr=0.134
j:0, 1, stif=0.866
j:2, 1, stif=0.996
j:3, 2, stif=0.885
n:j=1, d=|
",0.0005710890472809217,"//0
p:0.37, 0.025, -0.274, fr=0.09
p:1.0, fr=0.449
p:0.773, -0.95, 0.982, fr=0.711
p:1.042, -0.722, -0.141, fr=0.134
j:0, 1, stif=0.866
j:2, 1, stif=0.996, rotstif=0.921
j:3, 2, stif=0.885
n:j=1, d=|
",0.0005710890472809217,feasible,21
46,0,17,"//0
p:0.37, 0.025, -0.274, fr=0.09
p:1.0, fr=0.449
p:0.773, -0.95, 0.982, fr=0.711
p:1.042, -0.722, -0.141, fr=0.134
j:0, 1, stif=0.866
j:2, 1, stif=0.999
j:3, 2, stif=0.885
n:j=1, d=|
",0.000582935911507461,"//0
p:0.37, 0.025, -0.274, fr=0.09
p:1.0, fr=0.449
p:0.773, -0.95, 0.982, fr=0.711
p:1.042, -0.722, -0.141, fr=0.134
j:1, 0, stif=0.866
j:2, 0, stif=0.999
j:3, 2, stif=0.885
n:j=1, d=|
",6.1788319843063684e-06,feasible,22
46,0,17,"//0
p:0.37, 0.025, -0.274, fr=0.09
p:1.0, fr=0.449
p:0.773, -0.95, 0.982, fr=0.711
p:1.042, -0.722, -0.141, fr=0.134
j:0, 1, stif=0.866
j:2, 1, stif=0.999
j:3, 2, stif=0.885
n:j=1, d=|
",0.000582935911507461,"//0
p:0.37, 0.025, -0.274, fr=0.09
p:1.0, fr=0.449
p:0.773, -0.95, 0.982, fr=0.711
p:1.042, -0.722, -0.141, fr=0.134
p:1.008, -1.431, -0.208
j:0, 1, stif=0.866
j:2, 1, stif=0.999
j:3, 2, stif=0.885
j:4, 3
n:j=1, d=|
",9.44170433866567e-06,feasible,22
46,0,17,"//0
p:0.37, 0.025, -0.274, fr=0.09
p:1.0, fr=0.449
p:0.773, -0.95, 0.982, fr=0.711
p:1.042, -0.722, -0.141, fr=0.134
j:0, 1, stif=0.866
j:2, 1, stif=0.999
j:3, 2, stif=0.885
n:j=1, d=|
",0.000582935911507461,"//0
p:0.37, 0.025, -0.274, fr=0.09
p:1.0, fr=0.449
p:0.773, -0.95, 0.982, fr=0.711
p:1.042, -0.722, -0.141, fr=0.134
j:0, 1, stif=0.866
j:2, 1, stif=0.999
j:3, 2, stif=0.885
n:j=1, d=|
n:p=1, d=T
c:0, 1, 0.165
",0.0024351581632985736,feasible,22
46,0,17,"//0
p:0.37, 0.025, -0.274, fr=0.09
p:1.0, fr=0.449
p:0.773, -0.95, 0.982, fr=0.711
p:1.042, -0.722, -0.141, fr=0.134
j:0, 1, stif=0.866
j:2, 1, stif=0.999
j:3, 2, stif=0.885
n:j=1, d=|
",0.000582935911507461,"//0
p:0.37, 0.025, -0.274, fr=0.09
p:1.0, fr=0.449
p:0.773, -0.95, 0.982, fr=0.711
p:1.042, -0.722, -0.141, fr=0.134
j:0, 1, stif=0.866
j:2, 1, stif=0.999
j:3, 2, stif=0.947
n:j=1, d=|
",0.0004550138419066549,feasible,22
46,0,17,"//0
p:0.37, 0.025, -0.274, fr=0.09
p:1.0, fr=0.449
p:0.773, -0.95, 0.982, fr=0.711
p:1.042, -0.722, -0.141, fr=0.134
j:0, 1, stif=0.866
j:2, 1, stif=0.999
j:3, 2, stif=0.885
n:j=1, d=|
",0.000582935911507461,"//0
p:0.37, 0.025, -0.274, fr=0.09
p:1.0, fr=0.449
p:0.773, -0.95, 0.982, fr=0.711
p:1.042, -0.722, -0.141, fr=0.134
j:0, 1, stif=0.866
j:3, 1, stif=0.999
j:2, 3, stif=0.885
n:j=1, d=|
",4.273574886576659e-07,feasible,22
46,0,17,"//0
p:0.37, 0.025, -0.274, fr=0.09
p:1.0, fr=0.449
p:0.773, -0.95, 0.982, fr=0.711
p:1.042, -0.722, -0.141, fr=0.134
j:0, 1, stif=0.866
j:2, 1, stif=0.999
j:3, 2, stif=0.885
n:j=1, d=|
",0.000582935911507461,"//0
p:0.37, 0.025, -0.274, fr=0.09
p:1.0, fr=0.449
p:0.773, -0.95, 0.982, fr=0.711
p:0.57, -0.949, -0.526, fr=0.134
j:0, 1, stif=0.866
j:2, 1, stif=0.999
j:3, 2, stif=0.885
n:j=1, d=|
",0.00010081820489319206,feasible,22
46,0,17,"//0
p:0.37, 0.025, -0.274, fr=0.09
p:1.0, fr=0.449
p:0.773, -0.95, 0.982, fr=0.711
p:1.042, -0.722, -0.141, fr=0.134
j:0, 1, stif=0.866
j:2, 1, stif=0.999
j:3, 2, stif=0.885
n:j=1, d=|
",0.000582935911507461,"//0
p:0.37, 0.025, -0.274, fr=0.09
p:1.0, fr=0.686
p:0.773, -0.95, 0.982, fr=0.711
p:1.042, -0.722, -0.141, fr=0.134
j:0, 1, stif=0.866
j:2, 1, stif=0.999
j:3, 2, stif=0.885
n:j=1, d=|
",0.00010427545856084228,feasible,22
46,0,17,"//0
p:0.37, 0.025, -0.274, fr=0.09
p:1.0, fr=0.449
p:0.773, -0.95, 0.982, fr=0.711
p:1.042, -0.722, -0.141, fr=0.134
j:0, 1, stif=0.866
j:2, 1, stif=0.999
j:3, 2, stif=0.885
n:j=1, d=|
",0.000582935911507461,"//0
p:0.37, 0.025, -0.274, fr=0.09
p:1.0, fr=0.449
p:0.773, -0.95, 0.982, fr=0.711
p:1.042, -0.722, -0.141, fr=0.134
j:0, 1, stif=0.866
j:2, 1, stif=0.999
j:3, 2, stif=0.885, rotstif=0.982
n:j=1, d=|
",0.000582935911507461,feasible,22
46,0,17,"//0
p:0.37, 0.025, -0.274, fr=0.09
p:1.0, fr=0.449
p:0.773, -0.95, 0.982, fr=0.711
p:1.042, -0.722, -0.141, fr=0.134
j:0, 1, stif=0.866
j:2, 1, stif=0.999
j:3, 2, stif=0.885
n:j=1, d=|
",0.000582935911507461,"//0
p:0.37, 0.025, -0.274, fr=0.09
p:1.0, fr=0.449
p:0.773, -0.95, 0.982, fr=0.711
p:1.042, -0.722, -0.141, fr=0.134
j:0, 1, stif=0.866
j:2, 1, stif=0.999
j:3, 2, stif=0.885
",6.926418969837491e-07,feasible,22
46,0,17,"//0
p:0.37, 0.025, -0.274, fr=0.09
p:1.0, fr=0.449
p:0.773, -0.95, 0.982, fr=0.711
p:1.042, -0.722, -0.141, fr=0.134
j:0, 1, stif=0.866
j:2, 1, stif=0.999
j:3, 2, stif=0.885
n:j=1, d=|
",0.000582935911507461,"//0
p:0.37, 0.025, -0.274, fr=0.09
p:1.0, fr=0.449
p:0.773, -0.95, 0.982, fr=0.711
p:1.042, -0.722, -0.141, fr=0.134
p:1.186, -1.287, 0.123
j:0, 1, stif=0.866
j:2, 1, stif=0.999
j:3, 2, stif=0.885
j:4, 3
n:j=1, d=|
",5.348611943455268e-07,feasible,22
46,0,17,"//0
p:0.37, 0.025, -0.274, fr=0.09
p:1.0, fr=0.449
p:0.773, -0.95, 0.982, fr=0.711
p:1.042, -0.722, -0.141, fr=0.134
j:0, 1, stif=0.866
j:2, 1, stif=0.999
j:3, 2, stif=0.885
n:j=1, d=|
",0.000582935911507461,"//0
p:0.37, 0.025, -0.274, fr=0.09
p:1.0, fr=0.449
p:0.773, -0.95, 0.982, fr=0.711
j:0, 1, stif=0.866
j:2, 1, stif=0.999
n:j=1, d=|
",4.1349398220458095e-08,feasible,22
46,0,17,"//0
p:0.37, 0.025, -0.274, fr=0.09
p:1.0, fr=0.449
p:0.773, -0.95, 0.982, fr=0.711
p:1.042, -0.722, -0.141, fr=0.134
j:0, 1, stif=0.866
j:2, 1, stif=0.999
j:3, 2, stif=0.885
n:j=1, d=|
",0.000582935911507461,"//0
p:0.37, 0.025, -0.274, fr=0.09
p:1.0, fr=0.449
p:0.773, -0.95, 0.982, fr=0.711
p:1.042, -0.722, -0.141, fr=0.134
p:1.551, -0.643, 1.221
j:0, 1, stif=0.866
j:2, 1, stif=0.999
j:3, 2, stif=0.885
j:4, 2
n:j=1, d=|
",2.926094717859272e-07,feasible,22
46,0,17,"//0
p:0.37, 0.025, -0.274, fr=0.09
p:1.0, fr=0.449
p:0.773, -0.95, 0.982, fr=0.711
p:1.042, -0.722, -0.141, fr=0.134
j:0, 1, stif=0.866
j:2, 1, stif=0.999
j:3, 2, stif=0.885
n:j=1, d=|
",0.000582935911507461,"//0
p:0.37, 0.025, -0.274, fr=0.09
p:1.0, fr=0.449
p:0.773, -0.95, 0.982, fr=0.711
p:1.042, -0.722, -0.141, fr=0.134
p:1.733, 0.502, -1.509
j:0, 1, stif=0.866
j:2, 1, stif=0.999
j:3, 2, stif=0.885
j:4, 0
n:j=1, d=|
",1.4501963525749151e-07,feasible,22
46,0,17,"//0
p:0.37, 0.025, -0.274, fr=0.09
p:1.0, fr=0.449
p:0.773, -0.95, 0.982, fr=0.711
p:1.042, -0.722, -0.141, fr=0.134
j:0, 1, stif=0.866
j:2, 1, stif=0.999
j:3, 2, stif=0.885
n:j=1, d=|
",0.000582935911507461,"//0
p:0.37, 0.025, -0.274, fr=0.09
p:1.0, fr=0.449
p:0.773, -0.95, 0.982, fr=0.711
p:1.042, -0.722, -0.141, fr=0.134, ing=0.173
j:0, 1, stif=0.866
j:2, 1, stif=0.999
j:3, 2, stif=0.885
n:j=1, d=|
",0.000582935911507461,feasible,22
46,0,17,"//0
p:0.37, 0.025, -0.274, fr=0.09
p:1.0, fr=0.449
p:0.773, -0.95, 0.982, fr=0.711
p:1.042, -0.722, -0.141, fr=0.134
j:0, 1, stif=0.866
j:2, 1, stif=0.999
j:3, 2, stif=0.885
n:j=1, d=|
",0.000582935911507461,"//0
p:0.37, 0.025, -0.274, fr=0.09
p:1.0, fr=0.449
p:0.773, -0.95, 0.982, fr=0.711
p:1.042, -0.722, -0.141, fr=0.641
j:0, 1, stif=0.866
j:2, 1, stif=0.999
j:3, 2, stif=0.885
n:j=1, d=|
",0.00035835838301282943,feasible,22
46,0,17,"//0
p:0.37, 0.025, -0.274, fr=0.09
p:1.0, fr=0.449
p:0.773, -0.95, 0.982, fr=0.711
p:1.042, -0.722, -0.141, fr=0.134
j:0, 1, stif=0.866
j:2, 1, stif=0.999
j:3, 2, stif=0.885
n:j=1, d=|
",0.000582935911507461,"//0
p:0.37, 0.025, -0.274, fr=0.09
p:1.0, fr=0.449
p:0.773, -0.95, 0.982, fr=0.711
p:1.042, -0.722, -0.141, fr=0.134
j:0, 1, stif=0.866
j:2, 1, stif=0.999
j:3, 2, stif=0.885
n:j=1, d=|
n:p=2, d=S
c:0, 1, -0.976
",0.000582935911507461,feasible,22
46,0,17,"//0
p:0.37, 0.025, -0.274, fr=0.09
p:1.0, fr=0.449
p:0.773, -0.95, 0.982, fr=0.711
p:1.042, -0.722, -0.141, fr=0.134
j:0, 1, stif=0.866
j:2, 1, stif=0.999
j:3, 2, stif=0.885
n:j=1, d=|
",0.000582935911507461,"//0
p:0.37, 0.025, -0.274, fr=0.09
p:1.0, fr=0.449
p:0.279, -0.243, 1.061, fr=0.711
p:1.042, -0.722, -0.141, fr=0.134
j:0, 1, stif=0.866
j:2, 1, stif=0.999
j:3, 2, stif=0.885
n:j=1, d=|
",1.9539110025083062e-07,feasible,22
46,0,17,"//0
p:0.37, 0.025, -0.274, fr=0.09
p:1.0, fr=0.449
p:0.773, -0.95, 0.982, fr=0.711
p:1.042, -0.722, -0.141, fr=0.134
j:0, 1, stif=0.866
j:2, 1, stif=0.999
j:3, 2, stif=0.885
n:j=1, d=|
",0.000582935911507461,"//0
p:0.37, 0.025, -0.274, fr=0.09
p:1.0, fr=0.449
p:0.773, -0.95, 0.982, fr=0.711
p:1.042, -0.722, -0.141, fr=0.134
j:0, 1, stif=0.852
j:2, 1, stif=0.999
j:3, 2, stif=0.885
n:j=1, d=|
",0.0003293405960444788,feasible,22
46,0,17,"//0
p:0.37, 0.025, -0.274, fr=0.09
p:1.0, fr=0.449
p:0.773, -0.95, 0.982, fr=0.711
p:1.042, -0.722, -0.141, fr=0.134
j:0, 1, stif=0.866
j:2, 1, stif=0.999
j:3, 2, stif=0.885
n:j=1, d=|
",0.000582935911507461,"//0
p:0.37, 0.025, -0.274, fr=0.09
p:1.0, fr=0.449
p:0.773, -0.95, 0.982, fr=1.257
p:1.042, -0.722, -0.141, fr=0.134
j:0, 1, stif=0.866
j:2, 1, stif=0.999
j:3, 2, stif=0.885
n:j=1, d=|
",0.0004758152505000143,feasible,22
46,0,17,"//0
p:0.37, 0.025, -0.274, fr=0.09
p:1.0, fr=0.449
p:0.773, -0.95, 0.982, fr=0.711
p:1.042, -0.722, -0.141, fr=0.134
j:0, 1, stif=0.866
j:2, 1, stif=0.999
j:3, 2, stif=0.885
n:j=1, d=|
",0.000582935911507461,"//0
p:0.37, 0.025, -0.274, fr=0.09
p:1.0, fr=0.449
p:0.773, -0.95, 0.982, fr=0.711
p:1.042, -0.722, -0.141, fr=0.134, ing=0.201
j:0, 1, stif=0.866
j:2, 1, stif=0.999
j:3, 2, stif=0.885
n:j=1, d=|
",0.000582935911507461,feasible,22
46,0,18,"//0
p:0.37, 0.025, -0.274, fr=0.09
p:1.0, fr=0.449
p:0.773, -0.95, 0.982, fr=0.711
p:1.042, -0.722, -0.141, fr=0.134
j:0, 1, stif=0.866
j:2, 1, stif=0.999
j:3, 2, stif=0.885
n:j=1, d=|
n:j=1, d=G
c:0, 1, 2.696
",0.0027709550380767157,"//0
p:0.37, 0.025, -0.274, fr=0.09
p:1.0, fr=0.449
p:0.773, -0.95, 0.982, fr=0.711, ing=0.177
p:1.042, -0.722, -0.141, fr=0.134
j:0, 1, stif=0.866
j:2, 1, stif=0.999
j:3, 2, stif=0.885
n:j=1, d=|
n:j=1, d=G
c:0, 1, 2.696
",0.0027709550380767157,feasible,20
46,0,18,"//0
p:0.37, 0.025, -0.274, fr=0.09
p:1.0, fr=0.449
p:0.773, -0.95, 0.982, fr=0.711
p:1.042, -0.722, -0.141, fr=0.134
j:0, 1, stif=0.866
j:2, 1, stif=0.999
j:3, 2, stif=0.885
n:j=1, d=|
n:j=1, d=G
c:0, 1, 2.696
",0.0027709550380767157,"//0
p:0.37, 0.025, -0.274, fr=0.09
p:1.0, fr=0.449
p:0.773, -0.95, 0.982, fr=0.711
p:1.042, -0.722, -0.141, fr=0.134
j:0, 1, stif=0.866
j:2, 1, stif=0.999
j:3, 2, stif=0.885
n:j=1, d=|
n:j=1, d=G
c:0, 1, 1.351
",0.0033028896565064437,feasible,20
46,0,18,"//0
p:0.37, 0.025, -0.274, fr=0.09
p:1.0, fr=0.449
p:0.773, -0.95, 0.982, fr=0.711
p:1.042, -0.722, -0.141, fr=0.134
j:0, 1, stif=0.866
j:2, 1, stif=0.999
j:3, 2, stif=0.885
n:j=1, d=|
n:j=1, d=G
c:0, 1, 2.696
",0.0027709550380767157,"//0
p:0.37, 0.025, -0.274, fr=0.09
p:1.0, fr=0.449
p:0.773, -0.95, 0.982, fr=0.711, ing=0.408
p:1.042, -0.722, -0.141, fr=0.134
j:0, 1, stif=0.866
j:2, 1, stif=0.999
j:3, 2, stif=0.885
n:j=1, d=|
n:j=1, d=G
c:0, 1, 2.696
",0.0027709550380767157,feasible,20
46,0,18,"//0
p:0.37, 0.025, -0.274, fr=0.09
p:1.0, fr=0.449
p:0.773, -0.95, 0.982, fr=0.711
p:1.042, -0.722, -0.141, fr=0.134
j:0, 1, stif=0.866
j:2, 1, stif=0.999
j:3, 2, stif=0.885
n:j=1, d=|
n:j=1, d=G
c:0, 1, 2.696
",0.0027709550380767157,"//0
p:0.37, 0.025, -0.274, fr=0.09
p:1.0, fr=0.449, ing=0.208
p:0.773, -0.95, 0.982, fr=0.711
p:1.042, -0.722, -0.141, fr=0.134
j:0, 1, stif=0.866
j:2, 1, stif=0.999
j:3, 2, stif=0.885
n:j=1, d=|
n:j=1, d=G
c:0, 1, 2.696
",0.0027709550380767157,feasible,20
46,0,18,"//0
p:0.37, 0.025, -0.274, fr=0.09
p:1.0, fr=0.449
p:0.773, -0.95, 0.982, fr=0.711
p:1.042, -0.722, -0.141, fr=0.134
j:0, 1, stif=0.866
j:2, 1, stif=0.999
j:3, 2, stif=0.885
n:j=1, d=|
n:j=1, d=G
c:0, 1, 2.696
",0.0027709550380767157,"//0
p:0.37, 0.025, -0.274, fr=0.09
p:1.0, fr=0.449
p:0.773, -0.95, 0.982, fr=0.711
p:1.042, -0.722, -0.141, fr=0.194
j:0, 1, stif=0.866
j:2, 1, stif=0.999
j:3, 2, stif=0.885
n:j=1, d=|
n:j=1, d=G
c:0, 1, 2.696
",0.002156822231243192,feasible,20
46,0,18,"//0
p:0.37, 0.025, -0.274, fr=0.09
p:1.0, fr=0.449
p:0.773, -0.95, 0.982, fr=0.711
p:1.042, -0.722, -0.141, fr=0.134
j:0, 1, stif=0.866
j:2, 1, stif=0.999
j:3, 2, stif=0.885
n:j=1, d=|
n:j=1, d=G
c:0, 1, 2.696
",0.0027709550380767157,"//0
p:0.37, 0.025, -0.274, fr=0.09
p:1.0, fr=0.449
p:0.773, -0.95, 0.982, fr=0.711
p:1.042, -0.722, -0.141, fr=0.134
j:0, 1, stif=0.866
j:2, 1, stif=0.999
j:3, 2, stif=0.885
n:j=1, d=|
",0.000582935911507461,feasible,20
46,0,18,"//0
p:0.37, 0.025, -0.274, fr=0.09
p:1.0, fr=0.449
p:0.773, -0.95, 0.982, fr=0.711
p:1.042, -0.722, -0.141, fr=0.134
j:0, 1, stif=0.866
j:2, 1, stif=0.999
j:3, 2, stif=0.885
n:j=1, d=|
n:j=1, d=G
c:0, 1, 2.696
",0.0027709550380767157,"//0
p:0.37, 0.025, -0.274, fr=0.09
p:1.0, fr=0.449
p:0.792, -1.466, 0.779, fr=0.711
p:1.042, -0.722, -0.141, fr=0.134
j:0, 1, stif=0.866
j:2, 1, stif=0.999
j:3, 2, stif=0.885
n:j=1, d=|
n:j=1, d=G
c:0, 1, 2.696
",0.00011338896982721313,feasible,20
46,0,18,"//0
p:0.37, 0.025, -0.274, fr=0.09
p:1.0, fr=0.449
p:0.773, -0.95, 0.982, fr=0.711
p:1.042, -0.722, -0.141, fr=0.134
j:0, 1, stif=0.866
j:2, 1, stif=0.999
j:3, 2, stif=0.885
n:j=1, d=|
n:j=1, d=G
c:0, 1, 2.696
",0.0027709550380767157,"//0
p:0.37, 0.025, -0.274, fr=0.09
p:1.0, fr=0.449
p:0.773, -0.95, 0.982, fr=0.711
p:1.042, -0.722, -0.141, fr=0.134, ing=0.371
j:0, 1, stif=0.866
j:2, 1, stif=0.999
j:3, 2, stif=0.885
n:j=1, d=|
n:j=1, d=G
c:0, 1, 2.696
",0.0027709550380767157,feasible,20
46,0,18,"//0
p:0.37, 0.025, -0.274, fr=0.09
p:1.0, fr=0.449
p:0.773, -0.95, 0.982, fr=0.711
p:1.042, -0.722, -0.141, fr=0.134
j:0, 1, stif=0.866
j:2, 1, stif=0.999
j:3, 2, stif=0.885
n:j=1, d=|
n:j=1, d=G
c:0, 1, 2.696
",0.0027709550380767157,"//0
p:0.37, 0.025, -0.274, fr=0.09
p:1.0, fr=0.449
p:0.773, -0.95, 0.982, fr=0.711
p:1.042, -0.722, -0.141, fr=0.134
j:0, 1, stif=0.866
j:2, 1, stif=0.999
j:3, 2, stif=0.892
n:j=1, d=|
n:j=1, d=G
c:0, 1, 2.696
",0.003028284434090536,feasible,20
46,0,18,"//0
p:0.37, 0.025, -0.274, fr=0.09
p:1.0, fr=0.449
p:0.773, -0.95, 0.982, fr=0.711
p:1.042, -0.722, -0.141, fr=0.134
j:0, 1, stif=0.866
j:2, 1, stif=0.999
j:3, 2, stif=0.885
n:j=1, d=|
n:j=1, d=G
c:0, 1, 2.696
",0.0027709550380767157,"//0
p:0.37, 0.025, -0.274, fr=0.09
p:1.0, fr=0.449
p:0.773, -0.95, 0.982, fr=0.711
p:1.042, -0.722, -0.141, fr=0.134
j:0, 1, stif=0.866
j:2, 1, stif=0.999
j:3, 2, stif=0.885
n:j=1, d=|:r=0.908
n:j=1, d=G
c:0, 1, 2.696
",0.0027861779542585263,feasible,20
46,0,18,"//0
p:0.37, 0.025, -0.274, fr=0.09
p:1.0, fr=0.449
p:0.773, -0.95, 0.982, fr=0.711
p:1.042, -0.722, -0.141, fr=0.134
j:0, 1, stif=0.866
j:2, 1, stif=0.999
j:3, 2, stif=0.885
n:j=1, d=|
n:j=1, d=G
c:0, 1, 2.696
",0.0027709550380767157,"//0
p:0.37, 0.025, -0.274, fr=0.09
p:1.0, fr=0.449
p:0.773, -0.95, 0.982, fr=0.711
p:1.042, -0.722, -0.141, fr=0.134
j:0, 1, stif=0.866
j:2, 1, stif=0.999
j:3, 2, stif=0.885, rotstif=0.83
n:j=1, d=|
n:j=1, d=G
c:0, 1, 2.696
",0.0027709550380767157,feasible,20
46,0,18,"//0
p:0.37, 0.025, -0.274, fr=0.09
p:1.0, fr=0.449
p:0.773, -0.95, 0.982, fr=0.711
p:1.042, -0.722, -0.141, fr=0.134
j:0, 1, stif=0.866
j:2, 1, stif=0.999
j:3, 2, stif=0.885
n:j=1, d=|
n:j=1, d=G
c:0, 1, 2.696
",0.0027709550380767157,"//0
p:0.37, 0.025, -0.274, fr=0.09
p:1.0, fr=0.449
p:0.773, -0.95, 0.982, fr=0.711
p:1.042, -0.722, -0.141, fr=0.134
j:0, 1, stif=0.866
j:2, 1, stif=0.99
j:3, 2, stif=0.885
n:j=1, d=|
n:j=1, d=G
c:0, 1, 2.696
",0.002188093369704628,feasible,20
46,0,18,"//0
p:0.37, 0.025, -0.274, fr=0.09
p:1.0, fr=0.449
p:0.773, -0.95, 0.982, fr=0.711
p:1.042, -0.722, -0.141, fr=0.134
j:0, 1, stif=0.866
j:2, 1, stif=0.999
j:3, 2, stif=0.885
n:j=1, d=|
n:j=1, d=G
c:0, 1, 2.696
",0.0027709550380767157,"//0
p:0.37, 0.025, -0.274, fr=0.09
p:1.0, fr=0.449
p:0.773, -0.95, 0.982, fr=0.711
p:1.042, -0.722, -0.141, fr=0.134
j:0, 1, stif=0.866
j:2, 1, stif=0.999
j:3, 2, stif=0.885
n:j=1, d=|
n:j=1, d=G
c:0, 1, 1.399
",0.0022105085170600705,feasible,20
46,0,18,"//0
p:0.37, 0.025, -0.274, fr=0.09
p:1.0, fr=0.449
p:0.773, -0.95, 0.982, fr=0.711
p:1.042, -0.722, -0.141, fr=0.134
j:0, 1, stif=0.866
j:2, 1, stif=0.999
j:3, 2, stif=0.885
n:j=1, d=|
n:j=1, d=G
c:0, 1, 2.696
",0.0027709550380767157,"//0
p:0.37, 0.025, -0.274, fr=0.09, ing=0.335
p:1.0, fr=0.449
p:0.773, -0.95, 0.982, fr=0.711
p:1.042, -0.722, -0.141, fr=0.134
j:0, 1, stif=0.866
j:2, 1, stif=0.999
j:3, 2, stif=0.885
n:j=1, d=|
n:j=1, d=G
c:0, 1, 2.696
",0.0027709550380767157,feasible,20
46,0,18,"//0
p:0.37, 0.025, -0.274, fr=0.09
p:1.0, fr=0.449
p:0.773, -0.95, 0.982, fr=0.711
p:1.042, -0.722, -0.141, fr=0.134
j:0, 1, stif=0.866
j:2, 1, stif=0.999
j:3, 2, stif=0.885
n:j=1, d=|
n:j=1, d=G
c:0, 1, 2.696
",0.0027709550380767157,"//0
p:0.37, 0.025, -0.274, fr=0.09
p:1.0, fr=0.449
p:0.773, -0.95, 0.982, fr=0.711
p:1.042, -0.722, -0.141, fr=0.134
j:2, 1, stif=0.866
j:0, 1, stif=0.999
j:3, 0, stif=0.885
n:j=1, d=|
n:j=1, d=G
c:0, 1, 2.696
",6.486798198941779e-07,feasible,20
46,0,18,"//0
p:0.37, 0.025, -0.274, fr=0.09
p:1.0, fr=0.449
p:0.773, -0.95, 0.982, fr=0.711
p:1.042, -0.722, -0.141, fr=0.134
j:0, 1, stif=0.866
j:2, 1, stif=0.999
j:3, 2, stif=0.885
n:j=1, d=|
n:j=1, d=G
c:0, 1, 2.696
",0.0027709550380767157,"//0
p:0.37, 0.025, -0.274, fr=0.09
p:1.0, fr=0.449
p:0.773, -0.95, 0.982, fr=1.371
p:1.042, -0.722, -0.141, fr=0.134
j:0, 1, stif=0.866
j:2, 1, stif=0.999
j:3, 2, stif=0.885
n:j=1, d=|
n:j=1, d=G
c:0, 1, 2.696
",0.0001403160340625936,feasible,20
46,0,18,"//0
p:0.37, 0.025, -0.274, fr=0.09
p:1.0, fr=0.449
p:0.773, -0.95, 0.982, fr=0.711
p:1.042, -0.722, -0.141, fr=0.134
j:0, 1, stif=0.866
j:2, 1, stif=0.999
j:3, 2, stif=0.885
n:j=1, d=|
n:j=1, d=G
c:0, 1, 2.696
",0.0027709550380767157,"//0
p:0.25, 0.016, -0.362, fr=0.09
p:1.0, fr=0.449
p:0.773, -0.95, 0.982, fr=0.711
p:1.042, -0.722, -0.141, fr=0.134
j:0, 1, stif=0.866
j:2, 1, stif=0.999
j:3, 2, stif=0.885
n:j=1, d=|
n:j=1, d=G
c:0, 1, 2.696
",6.799852260910582e-07,feasible,20
46,0,18,"//0
p:0.37, 0.025, -0.274, fr=0.09
p:1.0, fr=0.449
p:0.773, -0.95, 0.982, fr=0.711
p:1.042, -0.722, -0.141, fr=0.134
j:0, 1, stif=0.866
j:2, 1, stif=0.999
j:3, 2, stif=0.885
n:j=1, d=|
n:j=1, d=G
c:0, 1, 2.696
",0.0027709550380767157,"//0
p:0.37, 0.025, -0.274, fr=0.09
p:1.0, fr=0.449
p:0.773, -0.95, 0.982, fr=0.711
p:1.042, -0.722, -0.141, fr=0.134
j:0, 1, stif=0.866
j:2, 1, stif=0.999
j:3, 2, stif=0.946
n:j=1, d=|
n:j=1, d=G
c:0, 1, 2.696
",0.0025357496161786336,feasible,20
46,0,18,"//0
p:0.37, 0.025, -0.274, fr=0.09
p:1.0, fr=0.449
p:0.773, -0.95, 0.982, fr=0.711
p:1.042, -0.722, -0.141, fr=0.134
j:0, 1, stif=0.866
j:2, 1, stif=0.999
j:3, 2, stif=0.885
n:j=1, d=|
n:j=1, d=G
c:0, 1, 2.696
",0.0027709550380767157,"//0
p:0.37, 0.025, -0.274, fr=0.09
p:1.0, fr=0.449
p:0.924, -1.52, 0.774, fr=0.711
p:1.042, -0.722, -0.141, fr=0.134
j:0, 1, stif=0.866
j:2, 1, stif=0.999
j:3, 2, stif=0.885
n:j=1, d=|
n:j=1, d=G
c:0, 1, 2.696
",1.0071302635288751e-08,feasible,20
46,0,18,"//0
p:0.37, 0.025, -0.274, fr=0.09
p:1.0, fr=0.449
p:0.773, -0.95, 0.982, fr=0.711
p:1.042, -0.722, -0.141, fr=0.134
j:0, 1, stif=0.866
j:2, 1, stif=0.999
j:3, 2, stif=0.885
n:j=1, d=|
n:j=1, d=G
c:0, 1, 2.696
",0.0027709550380767157,"//0
p:0.37, 0.025, -0.274, fr=0.09
p:1.0, fr=0.449
p:0.773, -0.95, 0.982, fr=0.711
p:1.011, -0.737, 0.858, fr=0.134
j:0, 1, stif=0.866
j:2, 1, stif=0.999
j:3, 2, stif=0.885
n:j=1, d=|
n:j=1, d=G
c:0, 1, 2.696
",2.6571504230627966e-08,feasible,20
46,0,19,"//0
p:0.37, 0.025, -0.274, fr=0.09
p:1.0, fr=0.449
p:0.773, -0.95, 0.982, fr=0.711
p:1.042, -0.722, -0.141, fr=0.134
j:0, 1, stif=0.866
j:2, 1, stif=0.999
j:3, 2, stif=0.924
n:j=1, d=|
n:j=1, d=G
c:0, 1, 2.696
",0.002827807542752839,"//0
p:0.37, 0.025, -0.274, fr=0.09
p:1.0, fr=0.449
p:0.773, -0.95, 0.982, fr=0.711
p:1.042, -0.722, -0.141, fr=0.134
p:1.116, -0.721, -0.226
j:0, 1, stif=0.866
j:2, 1, stif=0.999
j:3, 2, stif=0.924
j:4, 3
n:j=1, d=|
n:j=1, d=G
c:0, 1, 2.696
",9.043972018731909e-05,feasible,21
46,0,19,"//0
p:0.37, 0.025, -0.274, fr=0.09
p:1.0, fr=0.449
p:0.773, -0.95, 0.982, fr=0.711
p:1.042, -0.722, -0.141, fr=0.134
j:0, 1, stif=0.866
j:2, 1, stif=0.999
j:3, 2, stif=0.924
n:j=1, d=|
n:j=1, d=G
c:0, 1, 2.696
",0.002827807542752839,"//0
p:0.37, 0.025, -0.274, fr=0.09
p:1.0, fr=0.449
p:0.773, -0.95, 0.982, fr=0.711
p:1.042, -0.722, -0.141, fr=0.134
j:0, 1, stif=0.824
j:2, 1, stif=0.999
j:3, 2, stif=0.924
n:j=1, d=|
n:j=1, d=G
c:0, 1, 2.696
",0.0027735996113533085,feasible,21
46,0,19,"//0
p:0.37, 0.025, -0.274, fr=0.09
p:1.0, fr=0.449
p:0.773, -0.95, 0.982, fr=0.711
p:1.042, -0.722, -0.141, fr=0.134
j:0, 1, stif=0.866
j:2, 1, stif=0.999
j:3, 2, stif=0.924
n:j=1, d=|
n:j=1, d=G
c:0, 1, 2.696
",0.002827807542752839,"//0
p:0.37, 0.025, -0.274, fr=0.09
p:1.0, fr=0.449
p:0.773, -0.95, 0.982, fr=0.711
p:1.042, -0.722, -0.141, fr=0.134
j:0, 1, stif=0.866
j:2, 1, stif=0.999
j:3, 2, stif=0.924
n:j=1, d=G
",2.7625154858877266e-07,feasible,21
46,0,19,"//0
p:0.37, 0.025, -0.274, fr=0.09
p:1.0, fr=0.449
p:0.773, -0.95, 0.982, fr=0.711
p:1.042, -0.722, -0.141, fr=0.134
j:0, 1, stif=0.866
j:2, 1, stif=0.999
j:3, 2, stif=0.924
n:j=1, d=|
n:j=1, d=G
c:0, 1, 2.696
",0.002827807542752839,"//0
p:0.37, 0.025, -0.274, fr=0.09
p:1.0, fr=1.007
p:0.773, -0.95, 0.982, fr=0.711
p:1.042, -0.722, -0.141, fr=0.134
j:0, 1, stif=0.866
j:2, 1, stif=0.999
j:3, 2, stif=0.924
n:j=1, d=|
n:j=1, d=G
c:0, 1, 2.696
",0.0008935354070242754,feasible,21
46,0,19,"//0
p:0.37, 0.025, -0.274, fr=0.09
p:1.0, fr=0.449
p:0.773, -0.95, 0.982, fr=0.711
p:1.042, -0.722, -0.141, fr=0.134
j:0, 1, stif=0.866
j:2, 1, stif=0.999
j:3, 2, stif=0.924
n:j=1, d=|
n:j=1, d=G
c:0, 1, 2.696
",0.002827807542752839,"//0
p:0.37, 0.025, -0.274, fr=0.09
p:1.0, fr=0.449
p:0.773, -0.95, 0.982, fr=0.711, ing=0.192
p:1.042, -0.722, -0.141, fr=0.134
j:0, 1, stif=0.866
j:2, 1, stif=0.999
j:3, 2, stif=0.924
n:j=1, d=|
n:j=1, d=G
c:0, 1, 2.696
",0.002827807542752839,feasible,21
46,0,19,"//0
p:0.37, 0.025, -0.274, fr=0.09
p:1.0, fr=0.449
p:0.773, -0.95, 0.982, fr=0.711
p:1.042, -0.722, -0.141, fr=0.134
j:0, 1, stif=0.866
j:2, 1, stif=0.999
j:3, 2, stif=0.924
n:j=1, d=|
n:j=1, d=G
c:0, 1, 2.696
",0.002827807542752839,"//0
p:0.37, 0.025, -0.274, fr=0.09
p:1.0, fr=0.449
p:0.773, -0.95, 0.982, fr=0.711
p:1.042, -0.722, -0.141, fr=0.134
j:0, 1, stif=0.866
j:2, 1, stif=0.999
j:3, 2, stif=0.924, rotstif=0.943
n:j=1, d=|
n:j=1, d=G
c:0, 1, 2.696
",0.002827807542752839,feasible,21
46,0,19,"//0
p:0.37, 0.025, -0.274, fr=0.09
p:1.0, fr=0.449
p:0.773, -0.95, 0.982, fr=0.711
p:1.042, -0.722, -0.141, fr=0.134
j:0, 1, stif=0.866
j:2, 1, stif=0.999
j:3, 2, stif=0.924
n:j=1, d=|
n:j=1, d=G
c:0, 1, 2.696
",0.002827807542752839,"//0
p:0.37, 0.025, -0.274, fr=0.09
p:1.0, fr=0.449
p:0.773, -0.95, 0.982, fr=0.711
p:1.042, -0.722, -0.141, fr=0.134
j:0, 1, stif=0.866
j:2, 1, stif=0.999
j:3, 2, stif=0.924
n:j=1, d=|
n:j=1, d=G
c:0, 1, 5.756
",0.00022373069173089148,feasible,21
46,0,19,"//0
p:0.37, 0.025, -0.274, fr=0.09
p:1.0, fr=0.449
p:0.773, -0.95, 0.982, fr=0.711
p:1.042, -0.722, -0.141, fr=0.134
j:0, 1, stif=0.866
j:2, 1, stif=0.999
j:3, 2, stif=0.924
n:j=1, d=|
n:j=1, d=G
c:0, 1, 2.696
",0.002827807542752839,"//0
p:1.0, fr=0.449
p:0.773, -0.95, 0.982, fr=0.711
p:1.042, -0.722, -0.141, fr=0.134
j:1, 0, stif=0.999
j:2, 1, stif=0.924
n:j=0, d=|
n:j=0, d=G
c:0, 1, 2.696
",5.146951307456945e-05,feasible,21
46,0,19,"//0
p:0.37, 0.025, -0.274, fr=0.09
p:1.0, fr=0.449
p:0.773, -0.95, 0.982, fr=0.711
p:1.042, -0.722, -0.141, fr=0.134
j:0, 1, stif=0.866
j:2, 1, stif=0.999
j:3, 2, stif=0.924
n:j=1, d=|
n:j=1, d=G
c:0, 1, 2.696
",0.002827807542752839,"//0
p:0.37, 0.025, -0.274, fr=0.09
p:1.0, fr=0.449
p:0.773, -0.95, 0.982, fr=0.711
p:1.042, -0.722, -0.141, fr=0.134, ing=0.385
j:0, 1, stif=0.866
j:2, 1, stif=0.999
j:3, 2, stif=0.924
n:j=1, d=|
n:j=1, d=G
c:0, 1, 2.696
",0.002827807542752839,feasible,21
46,0,19,"//0
p:0.37, 0.025, -0.274, fr=0.09
p:1.0, fr=0.449
p:0.773, -0.95, 0.982, fr=0.711
p:1.042, -0.722, -0.141, fr=0.134
j:0, 1, stif=0.866
j:2, 1, stif=0.999
j:3, 2, stif=0.924
n:j=1, d=|
n:j=1, d=G
c:0, 1, 2.696
",0.002827807542752839,"//0
p:0.37, 0.025, -0.274, fr=0.09
p:1.0, fr=0.449
p:0.773, -0.95, 0.982, fr=0.711
p:1.042, -0.722, -0.141, fr=0.134
j:0, 1, stif=0.944
j:2, 1, stif=0.999
j:3, 2, stif=0.924
n:j=1, d=|
n:j=1, d=G
c:0, 1, 2.696
",0.002406098391666066,feasible,21
46,0,19,"//0
p:0.37, 0.025, -0.274, fr=0.09
p:1.0, fr=0.449
p:0.773, -0.95, 0.982, fr=0.711
p:1.042, -0.722, -0.141, fr=0.134
j:0, 1, stif=0.866
j:2, 1, stif=0.999
j:3, 2, stif=0.924
n:j=1, d=|
n:j=1, d=G
c:0, 1, 2.696
",0.002827807542752839,"//0
p:0.37, 0.025, -0.274, fr=0.09
p:1.0, fr=0.449
p:0.773, -0.95, 0.982, fr=0.711
j:0, 1, stif=0.866
j:2, 1, stif=0.999
n:j=1, d=|
n:j=1, d=G
c:0, 1, 2.696
",6.921664150729626e-08,feasible,21
46,0,19,"//0
p:0.37, 0.025, -0.274, fr=0.09
p:1.0, fr=0.449
p:0.773, -0.95, 0.982, fr=0.711
p:1.042, -0.722, -0.141, fr=0.134
j:0, 1, stif=0.866
j:2, 1, stif=0.999
j:3, 2, stif=0.924
n:j=1, d=|
n:j=1, d=G
c:0, 1, 2.696
",0.002827807542752839,"//0
p:0.37, 0.025, -0.274, fr=0.09
p:1.0, fr=0.449
p:0.773, -0.95, 0.982, fr=0.711
p:1.042, -0.722, -0.141, fr=0.134
j:0, 1, stif=0.866
j:2, 1, stif=0.999
j:3, 2, stif=0.962
n:j=1, d=|
n:j=1, d=G
c:0, 1, 2.696
",0.002518116370984103,feasible,21
46,0,19,"//0
p:0.37, 0.025, -0.274, fr=0.09
p:1.0, fr=0.449
p:0.773, -0.95, 0.982, fr=0.711
p:1.042, -0.722, -0.141, fr=0.134
j:0, 1, stif=0.866
j:2, 1, stif=0.999
j:3, 2, stif=0.924
n:j=1, d=|
n:j=1, d=G
c:0, 1, 2.696
",0.002827807542752839,"//0
p:0.37, 0.025, -0.274, fr=0.09
p:1.0, fr=0.449
p:0.773, -0.95, 0.982, fr=0.655
p:1.042, -0.722, -0.141, fr=0.134
j:0, 1, stif=0.866
j:2, 1, stif=0.999
j:3, 2, stif=0.924
n:j=1, d=|
n:j=1, d=G
c:0, 1, 2.696
",0.002909855526243637,feasible,21
46,0,19,"//0
p:0.37, 0.025, -0.274, fr=0.09
p:1.0, fr=0.449
p:0.773, -0.95, 0.982, fr=0.711
p:1.042, -0.722, -0.141, fr=0.134
j:0, 1, stif=0.866
j:2, 1, stif=0.999
j:3, 2, stif=0.924
n:j=1, d=|
n:j=1, d=G
c:0, 1, 2.696
",0.002827807542752839,"//0
p:0.37, 0.025, -0.274, fr=0.09
p:1.0, fr=0.449
p:0.773, -0.95, 0.982, fr=0.711
p:1.042, -0.722, -0.141, fr=0.134
j:0, 1, stif=0.866
j:2, 1, stif=0.999, rotstif=0.921
j:3, 2, stif=0.924
n:j=1, d=|
n:j=1, d=G
c:0, 1, 2.696
",0.002827807542752839,feasible,21
46,0,19,"//0
p:0.37, 0.025, -0.274, fr=0.09
p:1.0, fr=0.449
p:0.773, -0.95, 0.982, fr=0.711
p:1.042, -0.722, -0.141, fr=0.134
j:0, 1, stif=0.866
j:2, 1, stif=0.999
j:3, 2, stif=0.924
n:j=1, d=|
n:j=1, d=G
c:0, 1, 2.696
",0.002827807542752839,"//0
p:0.37, 0.025, -0.274, fr=0.09
p:1.0, fr=0.449
p:0.773, -0.95, 0.982, fr=0.711
p:1.042, -0.722, -0.141, fr=0.134
j:0, 1, stif=0.866
j:2, 1, stif=0.999
j:3, 2, stif=0.924
n:j=1, d=|
n:j=1, d=G
n:
c:0, 1, 2.696
c:2, 2, -2.43
",0.002827807542752839,feasible,21
46,0,19,"//0
p:0.37, 0.025, -0.274, fr=0.09
p:1.0, fr=0.449
p:0.773, -0.95, 0.982, fr=0.711
p:1.042, -0.722, -0.141, fr=0.134
j:0, 1, stif=0.866
j:2, 1, stif=0.999
j:3, 2, stif=0.924
n:j=1, d=|
n:j=1, d=G
c:0, 1, 2.696
",0.002827807542752839,"//0
p:0.37, 0.025, -0.274, fr=0.09
p:1.0, fr=0.449, ing=0.159
p:0.773, -0.95, 0.982, fr=0.711
p:1.042, -0.722, -0.141, fr=0.134
j:0, 1, stif=0.866
j:2, 1, stif=0.999
j:3, 2, stif=0.924
n:j=1, d=|
n:j=1, d=G
c:0, 1, 2.696
",0.002827807542752839,feasible,21
46,0,19,"//0
p:0.37, 0.025, -0.274, fr=0.09
p:1.0, fr=0.449
p:0.773, -0.95, 0.982, fr=0.711
p:1.042, -0.722, -0.141, fr=0.134
j:0, 1, stif=0.866
j:2, 1, stif=0.999
j:3, 2, stif=0.924
n:j=1, d=|
n:j=1, d=G
c:0, 1, 2.696
",0.002827807542752839,"//0
p:0.37, 0.025, -0.274, fr=0.09
p:1.104, 0.179, 0.309, fr=0.449
p:0.773, -0.95, 0.982, fr=0.711
p:1.042, -0.722, -0.141, fr=0.134
j:0, 1, stif=0.866
j:2, 1, stif=0.999
j:3, 2, stif=0.924
n:j=1, d=|
n:j=1, d=G
c:0, 1, 2.696
",4.201684804084788e-07,feasible,21
46,0,19,"//0
p:0.37, 0.025, -0.274, fr=0.09
p:1.0, fr=0.449
p:0.773, -0.95, 0.982, fr=0.711
p:1.042, -0.722, -0.141, fr=0.134
j:0, 1, stif=0.866
j:2, 1, stif=0.999
j:3, 2, stif=0.924
n:j=1, d=|
n:j=1, d=G
c:0, 1, 2.696
",0.002827807542752839,"//0
p:0.37, 0.025, -0.274, fr=0.09
p:1.0, fr=0.449
p:0.773, -0.95, 0.982, fr=0.711
p:1.042, -0.722, -0.141, fr=0.134
j:0, 1, stif=0.929
j:2, 1, stif=0.999
j:3, 2, stif=0.924
n:j=1, d=|
n:j=1, d=G
c:0, 1, 2.696
",0.0021115516164806913,feasible,21
46,0,19,"//0
p:0.37, 0.025, -0.274, fr=0.09
p:1.0, fr=0.449
p:0.773, -0.95, 0.982, fr=0.711
p:1.042, -0.722, -0.141, fr=0.134
j:0, 1, stif=0.866
j:2, 1, stif=0.999
j:3, 2, stif=0.924
n:j=1, d=|
n:j=1, d=G
c:0, 1, 2.696
",0.002827807542752839,"//0
p:0.37, 0.025, -0.274, fr=0.451
p:1.0, fr=0.449
p:0.773, -0.95, 0.982, fr=0.711
p:1.042, -0.722, -0.141, fr=0.134
j:0, 1, stif=0.866
j:2, 1, stif=0.999
j:3, 2, stif=0.924
n:j=1, d=|
n:j=1, d=G
c:0, 1, 2.696
",0.0027280216369222556,feasible,21
46,0,19,"//0
p:0.37, 0.025, -0.274, fr=0.09
p:1.0, fr=0.449
p:0.773, -0.95, 0.982, fr=0.711
p:1.042, -0.722, -0.141, fr=0.134
j:0, 1, stif=0.866
j:2, 1, stif=0.999
j:3, 2, stif=0.924
n:j=1, d=|
n:j=1, d=G
c:0, 1, 2.696
",0.002827807542752839,"//0
p:0.472, 0.416, -0.287, fr=0.09
p:1.0, fr=0.449
p:0.773, -0.95, 0.982, fr=0.711
p:1.042, -0.722, -0.141, fr=0.134
j:0, 1, stif=0.866
j:2, 1, stif=0.999
j:3, 2, stif=0.924
n:j=1, d=|
n:j=1, d=G
c:0, 1, 2.696
",9.194322676987577e-05,feasible,21
46,0,20,"//0
p:0.37, 0.025, -0.274, fr=0.09
p:1.0, fr=0.449
p:0.773, -0.95, 0.982, fr=0.711
p:1.042, -0.722, -0.141, fr=0.134
j:0, 1, stif=0.866
j:2, 1, stif=0.999
j:3, 2, stif=0.924
n:j=1, d=|:p=0.321
n:j=1, d=G
c:0, 1, 2.696
",0.0031952423792966844,"//0
p:0.37, 0.025, -0.274, fr=0.09
p:1.0, fr=0.449
p:0.773, -0.95, 0.982, fr=0.711
p:1.042, -0.722, -0.141, fr=0.134
j:0, 1, stif=0.866
j:2, 1, stif=0.999
j:3, 2, stif=0.924
n:j=1, d=|:p=0.321
n:j=1, d=G
c:0, 1, 4.043
",0.00143654235463287,feasible,20
46,0,20,"//0
p:0.37, 0.025, -0.274, fr=0.09
p:1.0, fr=0.449
p:0.773, -0.95, 0.982, fr=0.711
p:1.042, -0.722, -0.141, fr=0.134
j:0, 1, stif=0.866
j:2, 1, stif=0.999
j:3, 2, stif=0.924
n:j=1, d=|:p=0.321
n:j=1, d=G
c:0, 1, 2.696
",0.0031952423792966844,"//0
p:0.37, 0.025, -0.274, fr=0.09
p:1.0, fr=0.449
p:0.773, -0.95, 0.982, fr=0.711
p:1.042, -0.722, -0.141, fr=0.134
p:1.126, -1.213, -0.411
j:0, 1, stif=0.866
j:2, 1, stif=0.999
j:3, 2, stif=0.924
j:4, 3
n:j=1, d=|:p=0.321
n:j=1, d=G
c:0, 1, 2.696
",3.500695326883794e-07,feasible,20
46,0,20,"//0
p:0.37, 0.025, -0.274, fr=0.09
p:1.0, fr=0.449
p:0.773, -0.95, 0.982, fr=0.711
p:1.042, -0.722, -0.141, fr=0.134
j:0, 1, stif=0.866
j:2, 1, stif=0.999
j:3, 2, stif=0.924
n:j=1, d=|:p=0.321
n:j=1, d=G
c:0, 1, 2.696
",0.0031952423792966844,"//0
p:0.37, 0.025, -0.274, fr=0.09
p:1.0, fr=0.449
p:0.773, -0.95, 0.982, fr=0.711
p:1.042, -0.722, -0.141, fr=0.134
j:0, 1, stif=0.866
j:2, 1, stif=0.999
j:3, 2, stif=0.924
n:j=1, d=|:p=0.321
n:j=1, d=G
c:0, 1, -0.038
",2.3571510894102267e-07,feasible,20
46,0,20,"//0
p:0.37, 0.025, -0.274, fr=0.09
p:1.0, fr=0.449
p:0.773, -0.95, 0.982, fr=0.711
p:1.042, -0.722, -0.141, fr=0.134
j:0, 1, stif=0.866
j:2, 1, stif=0.999
j:3, 2, stif=0.924
n:j=1, d=|:p=0.321
n:j=1, d=G
c:0, 1, 2.696
",0.0031952423792966844,"//0
p:0.37, 0.025, -0.274, fr=0.09
p:1.0, fr=0.449
p:0.773, -0.95, 0.982, fr=0.711
p:1.042, -0.722, -0.141, fr=0.134
j:0, 1, stif=0.866
j:2, 1, stif=0.999
j:3, 2, stif=0.924
n:j=1, d=|:p=0.321
n:j=1, d=G
c:0, 1, 1.807
",0.000372876337965411,feasible,20
46,0,20,"//0
p:0.37, 0.025, -0.274, fr=0.09
p:1.0, fr=0.449
p:0.773, -0.95, 0.982, fr=0.711
p:1.042, -0.722, -0.141, fr=0.134
j:0, 1, stif=0.866
j:2, 1, stif=0.999
j:3, 2, stif=0.924
n:j=1, d=|:p=0.321
n:j=1, d=G
c:0, 1, 2.696
",0.0031952423792966844,"//0
p:0.37, 0.025, -0.274, fr=0.09
p:1.0, fr=0.449
p:0.773, -0.95, 0.982, fr=0.711
p:1.042, -0.722, -0.141, fr=0.149
j:0, 1, stif=0.866
j:2, 1, stif=0.999
j:3, 2, stif=0.924
n:j=1, d=|:p=0.321
n:j=1, d=G
c:0, 1, 2.696
",0.0035199542640644765,feasible,20
46,0,20,"//0
p:0.37, 0.025, -0.274, fr=0.09
p:1.0, fr=0.449
p:0.773, -0.95, 0.982, fr=0.711
p:1.042, -0.722, -0.141, fr=0.134
j:0, 1, stif=0.866
j:2, 1, stif=0.999
j:3, 2, stif=0.924
n:j=1, d=|:p=0.321
n:j=1, d=G
c:0, 1, 2.696
",0.0031952423792966844,"//0
p:0.37, 0.025, -0.274, fr=0.09
p:1.0, fr=0.449
p:0.773, -0.95, 0.982, fr=0.711
p:1.042, -0.722, -0.141, fr=0.134
j:0, 1, stif=0.866
j:2, 1, stif=0.999
j:3, 2, stif=0.924, rotstif=0.973
n:j=1, d=|:p=0.321
n:j=1, d=G
c:0, 1, 2.696
",0.0031952423792966844,feasible,20
46,0,20,"//0
p:0.37, 0.025, -0.274, fr=0.09
p:1.0, fr=0.449
p:0.773, -0.95, 0.982, fr=0.711
p:1.042, -0.722, -0.141, fr=0.134
j:0, 1, stif=0.866
j:2, 1, stif=0.999
j:3, 2, stif=0.924
n:j=1, d=|:p=0.321
n:j=1, d=G
c:0, 1, 2.696
",0.0031952423792966844,"//0
p:0.37, 0.025, -0.274, fr=0.09
p:1.0, fr=0.449
p:0.773, -0.95, 0.982, fr=0.711
p:1.042, -0.722, -0.141, fr=0.134
j:0, 1, stif=0.866
j:2, 1, stif=0.999
j:3, 2, stif=0.924
n:j=1, d=G
",2.7625154858877266e-07,feasible,20
46,0,20,"//0
p:0.37, 0.025, -0.274, fr=0.09
p:1.0, fr=0.449
p:0.773, -0.95, 0.982, fr=0.711
p:1.042, -0.722, -0.141, fr=0.134
j:0, 1, stif=0.866
j:2, 1, stif=0.999
j:3, 2, stif=0.924
n:j=1, d=|:p=0.321
n:j=1, d=G
c:0, 1, 2.696
",0.0031952423792966844,"//0
p:0.37, 0.025, -0.274, fr=0.09
p:1.0, fr=0.449
p:0.773, -0.95, 0.982, fr=0.711
p:1.042, -0.722, -0.141, fr=0.134
j:0, 1, stif=0.866
j:2, 1, stif=0.999
j:3, 2, stif=0.924
n:j=1, d=|:p=0.321
",2.2626581614442173e-07,feasible,20
46,0,20,"//0
p:0.37, 0.025, -0.274, fr=0.09
p:1.0, fr=0.449
p:0.773, -0.95, 0.982, fr=0.711
p:1.042, -0.722, -0.141, fr=0.134
j:0, 1, stif=0.866
j:2, 1, stif=0.999
j:3, 2, stif=0.924
n:j=1, d=|:p=0.321
n:j=1, d=G
c:0, 1, 2.696
",0.0031952423792966844,"//0
p:0.37, 0.025, -0.274, fr=0.09
p:1.0, fr=0.449, ing=0.328
p:0.773, -0.95, 0.982, fr=0.711
p:1.042, -0.722, -0.141, fr=0.134
j:0, 1, stif=0.866
j:2, 1, stif=0.999
j:3, 2, stif=0.924
n:j=1, d=|:p=0.321
n:j=1, d=G
c:0, 1, 2.696
",0.0031952423792966844,feasible,20
46,0,20,"//0
p:0.37, 0.025, -0.274, fr=0.09
p:1.0, fr=0.449
p:0.773, -0.95, 0.982, fr=0.711
p:1.042, -0.722, -0.141, fr=0.134
j:0, 1, stif=0.866
j:2, 1, stif=0.999
j:3, 2, stif=0.924
n:j=1, d=|:p=0.321
n:j=1, d=G
c:0, 1, 2.696
",0.0031952423792966844,"//0
p:0.37, 0.025, -0.274, fr=0.09
p:1.0, fr=0.449
p:0.773, -0.95, 0.982, fr=0.711
p:1.042, -0.722, -0.141, fr=0.134
p:0.703, -0.295, 2.641
j:0, 1, stif=0.866
j:2, 1, stif=0.999
j:3, 2, stif=0.924
j:4, 2
n:j=1, d=|:p=0.321
n:j=1, d=G
c:0, 1, 2.696
",1.227912597007594e-07,feasible,20
46,0,20,"//0
p:0.37, 0.025, -0.274, fr=0.09
p:1.0, fr=0.449
p:0.773, -0.95, 0.982, fr=0.711
p:1.042, -0.722, -0.141, fr=0.134
j:0, 1, stif=0.866
j:2, 1, stif=0.999
j:3, 2, stif=0.924
n:j=1, d=|:p=0.321
n:j=1, d=G
c:0, 1, 2.696
",0.0031952423792966844,"//0
p:0.37, 0.025, -0.274, fr=0.09
p:1.0, fr=0.449
p:0.773, -0.95, 0.982, fr=0.711
p:1.042, -0.722, -0.141, fr=0.134
j:3, 1, stif=0.866
j:2, 1, stif=0.999
j:0, 2, stif=0.924
n:j=1, d=|:p=0.321
n:j=1, d=G
c:0, 1, 2.696
",0.00012794197427259854,feasible,20
46,0,20,"//0
p:0.37, 0.025, -0.274, fr=0.09
p:1.0, fr=0.449
p:0.773, -0.95, 0.982, fr=0.711
p:1.042, -0.722, -0.141, fr=0.134
j:0, 1, stif=0.866
j:2, 1, stif=0.999
j:3, 2, stif=0.924
n:j=1, d=|:p=0.321
n:j=1, d=G
c:0, 1, 2.696
",0.0031952423792966844,"//0
p:0.37, 0.025, -0.274, fr=0.09
p:1.0, fr=0.449
p:0.773, -0.95, 0.982, fr=0.711
j:0, 1, stif=0.866
j:2, 1, stif=0.999
n:j=1, d=|:p=0.321
n:j=1, d=G
c:0, 1, 2.696
",7.995299190811253e-08,feasible,20
46,0,20,"//0
p:0.37, 0.025, -0.274, fr=0.09
p:1.0, fr=0.449
p:0.773, -0.95, 0.982, fr=0.711
p:1.042, -0.722, -0.141, fr=0.134
j:0, 1, stif=0.866
j:2, 1, stif=0.999
j:3, 2, stif=0.924
n:j=1, d=|:p=0.321
n:j=1, d=G
c:0, 1, 2.696
",0.0031952423792966844,"//0
p:0.37, 0.025, -0.274, fr=0.09
p:1.0, fr=0.449
p:0.773, -0.95, 0.982, fr=0.757
p:1.042, -0.722, -0.141, fr=0.134
j:0, 1, stif=0.866
j:2, 1, stif=0.999
j:3, 2, stif=0.924
n:j=1, d=|:p=0.321
n:j=1, d=G
c:0, 1, 2.696
",0.0037754731559766427,feasible,20
46,0,20,"//0
p:0.37, 0.025, -0.274, fr=0.09
p:1.0, fr=0.449
p:0.773, -0.95, 0.982, fr=0.711
p:1.042, -0.722, -0.141, fr=0.134
j:0, 1, stif=0.866
j:2, 1, stif=0.999
j:3, 2, stif=0.924
n:j=1, d=|:p=0.321
n:j=1, d=G
c:0, 1, 2.696
",0.0031952423792966844,"//0
p:0.37, 0.025, -0.274, fr=0.09
p:1.0, fr=0.449
p:0.773, -0.95, 0.982, fr=0.711
p:1.042, -0.722, -0.141, fr=0.134
j:0, 1, stif=0.866
j:2, 1, stif=0.999, rotstif=0.869
j:3, 2, stif=0.924
n:j=1, d=|:p=0.321
n:j=1, d=G
c:0, 1, 2.696
",0.0031952423792966844,feasible,20
46,0,20,"//0
p:0.37, 0.025, -0.274, fr=0.09
p:1.0, fr=0.449
p:0.773, -0.95, 0.982, fr=0.711
p:1.042, -0.722, -0.141, fr=0.134
j:0, 1, stif=0.866
j:2, 1, stif=0.999
j:3, 2, stif=0.924
n:j=1, d=|:p=0.321
n:j=1, d=G
c:0, 1, 2.696
",0.0031952423792966844,"//0
p:0.37, 0.025, -0.274, fr=0.09
p:1.0, fr=0.449
p:0.773, -0.95, 0.982, fr=0.711
p:1.042, -0.722, -0.141, fr=0.134
j:0, 1, stif=0.866
j:2, 1, stif=0.999
j:3, 2, stif=0.924
j:3, 0
n:j=1, d=|:p=0.321
n:j=1, d=G
c:0, 1, 2.696
",7.286919625142466e-07,feasible,20
46,0,20,"//0
p:0.37, 0.025, -0.274, fr=0.09
p:1.0, fr=0.449
p:0.773, -0.95, 0.982, fr=0.711
p:1.042, -0.722, -0.141, fr=0.134
j:0, 1, stif=0.866
j:2, 1, stif=0.999
j:3, 2, stif=0.924
n:j=1, d=|:p=0.321
n:j=1, d=G
c:0, 1, 2.696
",0.0031952423792966844,"//0
p:0.37, 0.025, -0.274, fr=0.09
p:1.0, fr=0.449
p:0.773, -0.95, 0.982, fr=0.711
p:1.042, -0.722, -0.141, fr=0.134
j:0, 1, stif=0.866
j:3, 1, stif=0.999
j:2, 3, stif=0.924
n:j=1, d=|:p=0.321
n:j=1, d=G
c:0, 1, 2.696
",3.0064566659889246e-07,feasible,20
46,0,20,"//0
p:0.37, 0.025, -0.274, fr=0.09
p:1.0, fr=0.449
p:0.773, -0.95, 0.982, fr=0.711
p:1.042, -0.722, -0.141, fr=0.134
j:0, 1, stif=0.866
j:2, 1, stif=0.999
j:3, 2, stif=0.924
n:j=1, d=|:p=0.321
n:j=1, d=G
c:0, 1, 2.696
",0.0031952423792966844,"//0
p:0.37, 0.025, -0.274, fr=0.09
p:1.0, fr=0.449
p:0.773, -0.95, 0.982, fr=0.711
p:1.042, -0.722, -0.141, fr=0.134
p:0.236, -0.341, 1.051
j:0, 1, stif=0.866
j:2, 1, stif=0.999
j:3, 2, stif=0.924
j:4, 3
n:j=1, d=|:p=0.321
n:j=1, d=G
c:0, 1, 2.696
",4.537769517478461e-05,feasible,20
46,0,20,"//0
p:0.37, 0.025, -0.274, fr=0.09
p:1.0, fr=0.449
p:0.773, -0.95, 0.982, fr=0.711
p:1.042, -0.722, -0.141, fr=0.134
j:0, 1, stif=0.866
j:2, 1, stif=0.999
j:3, 2, stif=0.924
n:j=1, d=|:p=0.321
n:j=1, d=G
c:0, 1, 2.696
",0.0031952423792966844,"//0
p:0.37, 0.025, -0.274, fr=0.09
p:1.0, fr=0.449
p:0.773, -0.95, 0.982, fr=0.711
p:1.042, -0.722, -0.141, fr=0.134
j:0, 1, stif=0.866
j:2, 1, stif=0.999, rotstif=0.88
j:3, 2, stif=0.924
n:j=1, d=|:p=0.321
n:j=1, d=G
c:0, 1, 2.696
",0.0031952423792966844,feasible,20
46,0,20,"//0
p:0.37, 0.025, -0.274, fr=0.09
p:1.0, fr=0.449
p:0.773, -0.95, 0.982, fr=0.711
p:1.042, -0.722, -0.141, fr=0.134
j:0, 1, stif=0.866
j:2, 1, stif=0.999
j:3, 2, stif=0.924
n:j=1, d=|:p=0.321
n:j=1, d=G
c:0, 1, 2.696
",0.0031952423792966844,"//0
p:0.37, 0.025, -0.274, fr=0.09
p:1.0, fr=0.449
p:0.773, -0.95, 0.982, fr=0.711
p:1.042, -0.722, -0.141, fr=0.134
j:0, 1, stif=0.999
j:2, 1, stif=0.999
j:3, 2, stif=0.924
n:j=1, d=|:p=0.321
n:j=1, d=G
c:0, 1, 2.696
",0.002701944539492815,feasible,20
46,0,20,"//0
p:0.37, 0.025, -0.274, fr=0.09
p:1.0, fr=0.449
p:0.773, -0.95, 0.982, fr=0.711
p:1.042, -0.722, -0.141, fr=0.134
j:0, 1, stif=0.866
j:2, 1, stif=0.999
j:3, 2, stif=0.924
n:j=1, d=|:p=0.321
n:j=1, d=G
c:0, 1, 2.696
",0.0031952423792966844,"//0
p:0.37, 0.025, -0.274, fr=0.09
p:1.0, fr=0.449
p:0.773, -0.95, 0.982, fr=0.711
p:1.042, -0.722, -0.141, fr=0.134
j:0, 1, stif=0.866
j:2, 1, stif=0.999
j:3, 2, stif=0.924
n:j=1, d=|:p=0.321
n:j=1, d=G
c:0, 1, 2.555
",0.003146830328232549,feasible,20
46,0,21,"//0
p:0.37, 0.025, -0.274, fr=0.09
p:1.0, fr=0.449
p:0.773, -0.95, 0.982, fr=0.711
p:1.042, -0.722, -0.141, fr=0.134
j:0, 1, stif=0.866
j:2, 1, stif=0.999
j:3, 2, stif=0.924
n:j=1, d=|:p=0.471
n:j=1, d=G
c:0, 1, 2.696
",0.005056074362432386,"//0
p:0.37, 0.025, -0.274, fr=0.09
p:1.0, fr=1.105
p:0.773, -0.95, 0.982, fr=0.711
p:1.042, -0.722, -0.141, fr=0.134
j:0, 1, stif=0.866
j:2, 1, stif=0.999
j:3, 2, stif=0.924
n:j=1, d=|:p=0.471
n:j=1, d=G
c:0, 1, 2.696
",0.001605821950166409,feasible,23
46,0,21,"//0
p:0.37, 0.025, -0.274, fr=0.09
p:1.0, fr=0.449
p:0.773, -0.95, 0.982, fr=0.711
p:1.042, -0.722, -0.141, fr=0.134
j:0, 1, stif=0.866
j:2, 1, stif=0.999
j:3, 2, stif=0.924
n:j=1, d=|:p=0.471
n:j=1, d=G
c:0, 1, 2.696
",0.005056074362432386,"//0
p:0.37, 0.025, -0.274, fr=0.09
p:1.0, fr=0.449
p:0.773, -0.95, 0.982, fr=0.711
p:1.042, -0.722, -0.141, fr=0.715
j:0, 1, stif=0.866
j:2, 1, stif=0.999
j:3, 2, stif=0.924
n:j=1, d=|:p=0.471
n:j=1, d=G
c:0, 1, 2.696
",0.0008208807699256247,feasible,23
46,0,21,"//0
p:0.37, 0.025, -0.274, fr=0.09
p:1.0, fr=0.449
p:0.773, -0.95, 0.982, fr=0.711
p:1.042, -0.722, -0.141, fr=0.134
j:0, 1, stif=0.866
j:2, 1, stif=0.999
j:3, 2, stif=0.924
n:j=1, d=|:p=0.471
n:j=1, d=G
c:0, 1, 2.696
",0.005056074362432386,"//0
p:0.869, -0.086, -0.85, fr=0.09
p:1.0, fr=0.449
p:0.773, -0.95, 0.982, fr=0.711
p:1.042, -0.722, -0.141, fr=0.134
j:0, 1, stif=0.866
j:2, 1, stif=0.999
j:3, 2, stif=0.924
n:j=1, d=|:p=0.471
n:j=1, d=G
c:0, 1, 2.696
",1.1486393047858102e-06,feasible,23
46,0,21,"//0
p:0.37, 0.025, -0.274, fr=0.09
p:1.0, fr=0.449
p:0.773, -0.95, 0.982, fr=0.711
p:1.042, -0.722, -0.141, fr=0.134
j:0, 1, stif=0.866
j:2, 1, stif=0.999
j:3, 2, stif=0.924
n:j=1, d=|:p=0.471
n:j=1, d=G
c:0, 1, 2.696
",0.005056074362432386,"//0
p:0.37, 0.025, -0.274, fr=0.09
p:1.0, fr=0.449
p:0.773, -0.95, 0.982, fr=0.711
p:1.042, -0.722, -0.141, fr=0.134
j:0, 3, stif=0.866
j:2, 3, stif=0.999
j:1, 2, stif=0.924
n:j=1, d=|:p=0.471
n:j=1, d=G
c:0, 1, 2.696
",1.067347463589095e-07,feasible,23
46,0,21,"//0
p:0.37, 0.025, -0.274, fr=0.09
p:1.0, fr=0.449
p:0.773, -0.95, 0.982, fr=0.711
p:1.042, -0.722, -0.141, fr=0.134
j:0, 1, stif=0.866
j:2, 1, stif=0.999
j:3, 2, stif=0.924
n:j=1, d=|:p=0.471
n:j=1, d=G
c:0, 1, 2.696
",0.005056074362432386,"//0
p:0.37, 0.025, -0.274, fr=0.09
p:1.0, fr=0.449
p:0.773, -0.95, 0.982, fr=0.711
p:1.042, -0.722, -0.141, fr=0.134
j:0, 1, stif=0.866
j:2, 1, stif=0.999
j:3, 2, stif=0.924
n:j=1, d=|:p=0.471
",2.83644993282111e-07,feasible,23
46,0,21,"//0
p:0.37, 0.025, -0.274, fr=0.09
p:1.0, fr=0.449
p:0.773, -0.95, 0.982, fr=0.711
p:1.042, -0.722, -0.141, fr=0.134
j:0, 1, stif=0.866
j:2, 1, stif=0.999
j:3, 2, stif=0.924
n:j=1, d=|:p=0.471
n:j=1, d=G
c:0, 1, 2.696
",0.005056074362432386,"//0
p:0.37, 0.025, -0.274, fr=0.09
p:1.0, fr=0.449
p:0.773, -0.95, 0.982, fr=0.711
p:1.042, -0.722, -0.141, fr=0.134
j:0, 1, stif=0.866
j:2, 1, stif=0.999
j:3, 2, stif=0.924
n:j=1, d=|:p=0.471
n:j=1, d=G
n:p=0, d=S
c:0, 1, 2.696
",0.005056074362432386,feasible,23
46,0,21,"//0
p:0.37, 0.025, -0.274, fr=0.09
p:1.0, fr=0.449
p:0.773, -0.95, 0.982, fr=0.711
p:1.042, -0.722, -0.141, fr=0.134
j:0, 1, stif=0.866
j:2, 1, stif=0.999
j:3, 2, stif=0.924
n:j=1, d=|:p=0.471
n:j=1, d=G
c:0, 1, 2.696
",0.005056074362432386,"//0
p:0.37, 0.025, -0.274, fr=0.09
p:1.0, fr=0.449
p:0.773, -0.95, 0.982, fr=0.711
p:1.042, -0.722, -0.141, fr=0.134
j:0, 1, stif=0.866
j:2, 1, stif=0.999
j:3, 2, stif=0.924
n:j=1, d=|:p=0.471
n:j=1, d=G
n:
c:0, 1, 2.696
c:2, 2, -2.405
",0.005056074362432386,feasible,23
46,0,21,"//0
p:0.37, 0.025, -0.274, fr=0.09
p:1.0, fr=0.449
p:0.773, -0.95, 0.982, fr=0.711
p:1.042, -0.722, -0.141, fr=0.134
j:0, 1, stif=0.866
j:2, 1, stif=0.999
j:3, 2, stif=0.924
n:j=1, d=|:p=0.471
n:j=1, d=G
c:0, 1, 2.696
",0.005056074362432386,"//0
p:0.37, 0.025, -0.274, fr=0.09
p:1.0, fr=0.449
p:0.773, -0.95, 0.982, fr=0.711
p:1.042, -0.722, -0.141, fr=0.134
j:0, 1, stif=0.923
j:2, 1, stif=0.999
j:3, 2, stif=0.924
n:j=1, d=|:p=0.471
n:j=1, d=G
c:0, 1, 2.696
",0.0016906518609342623,feasible,23
46,0,21,"//0
p:0.37, 0.025, -0.274, fr=0.09
p:1.0, fr=0.449
p:0.773, -0.95, 0.982, fr=0.711
p:1.042, -0.722, -0.141, fr=0.134
j:0, 1, stif=0.866
j:2, 1, stif=0.999
j:3, 2, stif=0.924
n:j=1, d=|:p=0.471
n:j=1, d=G
c:0, 1, 2.696
",0.005056074362432386,"//0
p:0.37, 0.025, -0.274, fr=0.09
p:1.0, fr=0.449
p:0.773, -0.95, 0.982, fr=0.711
p:0.981, -1.237, 0.126, fr=0.134
j:0, 1, stif=0.866
j:2, 1, stif=0.999
j:3, 2, stif=0.924
n:j=1, d=|:p=0.471
n:j=1, d=G
c:0, 1, 2.696
",3.8676611297842905e-08,feasible,23
46,0,21,"//0
p:0.37, 0.025, -0.274, fr=0.09
p:1.0, fr=0.449
p:0.773, -0.95, 0.982, fr=0.711
p:1.042, -0.722, -0.141, fr=0.134
j:0, 1, stif=0.866
j:2, 1, stif=0.999
j:3, 2, stif=0.924
n:j=1, d=|:p=0.471
n:j=1, d=G
c:0, 1, 2.696
",0.005056074362432386,"//0
p:0.37, 0.025, -0.274, fr=0.09
p:1.237, 0.089, -0.431, fr=0.449
p:0.773, -0.95, 0.982, fr=0.711
p:1.042, -0.722, -0.141, fr=0.134
j:0, 1, stif=0.866
j:2, 1, stif=0.999
j:3, 2, stif=0.924
n:j=1, d=|:p=0.471
n:j=1, d=G
c:0, 1, 2.696
",0.00015833669268828658,feasible,23
46,0,21,"//0
p:0.37, 0.025, -0.274, fr=0.09
p:1.0, fr=0.449
p:0.773, -0.95, 0.982, fr=0.711
p:1.042, -0.722, -0.141, fr=0.134
j:0, 1, stif=0.866
j:2, 1, stif=0.999
j:3, 2, stif=0.924
n:j=1, d=|:p=0.471
n:j=1, d=G
c:0, 1, 2.696
",0.005056074362432386,"//0
p:0.37, 0.025, -0.274, fr=0.09
p:1.0, fr=0.449
p:0.773, -0.95, 0.982, fr=0.711
p:1.042, -0.722, -0.141, fr=0.134
j:0, 1, stif=0.866, rotstif=0.974
j:2, 1, stif=0.999
j:3, 2, stif=0.924
n:j=1, d=|:p=0.471
n:j=1, d=G
c:0, 1, 2.696
",0.005056074362432386,feasible,23
46,0,21,"//0
p:0.37, 0.025, -0.274, fr=0.09
p:1.0, fr=0.449
p:0.773, -0.95, 0.982, fr=0.711
p:1.042, -0.722, -0.141, fr=0.134
j:0, 1, stif=0.866
j:2, 1, stif=0.999
j:3, 2, stif=0.924
n:j=1, d=|:p=0.471
n:j=1, d=G
c:0, 1, 2.696
",0.005056074362432386,"//0
p:0.37, 0.025, -0.274, fr=0.09
p:1.0, fr=0.449
p:0.773, -0.95, 0.982, fr=0.711
p:1.042, -0.722, -0.141, fr=0.134
j:0, 1, stif=0.866, rotstif=0.987
j:2, 1, stif=0.999
j:3, 2, stif=0.924
n:j=1, d=|:p=0.471
n:j=1, d=G
c:0, 1, 2.696
",0.005056074362432386,feasible,23
46,0,21,"//0
p:0.37, 0.025, -0.274, fr=0.09
p:1.0, fr=0.449
p:0.773, -0.95, 0.982, fr=0.711
p:1.042, -0.722, -0.141, fr=0.134
j:0, 1, stif=0.866
j:2, 1, stif=0.999
j:3, 2, stif=0.924
n:j=1, d=|:p=0.471
n:j=1, d=G
c:0, 1, 2.696
",0.005056074362432386,"//0
p:0.37, 0.025, -0.274, fr=0.09
p:1.0, fr=0.449
p:0.773, -0.95, 0.982, fr=0.711
p:1.042, -0.722, -0.141, fr=0.134
j:0, 1, stif=0.866, rotstif=0.766
j:2, 1, stif=0.999
j:3, 2, stif=0.924
n:j=1, d=|:p=0.471
n:j=1, d=G
c:0, 1, 2.696
",0.005056074362432386,feasible,23
46,0,21,"//0
p:0.37, 0.025, -0.274, fr=0.09
p:1.0, fr=0.449
p:0.773, -0.95, 0.982, fr=0.711
p:1.042, -0.722, -0.141, fr=0.134
j:0, 1, stif=0.866
j:2, 1, stif=0.999
j:3, 2, stif=0.924
n:j=1, d=|:p=0.471
n:j=1, d=G
c:0, 1, 2.696
",0.005056074362432386,"//0
p:0.37, 0.025, -0.274, fr=0.09
p:1.0, fr=0.014
p:0.773, -0.95, 0.982, fr=0.711
p:1.042, -0.722, -0.141, fr=0.134
j:0, 1, stif=0.866
j:2, 1, stif=0.999
j:3, 2, stif=0.924
n:j=1, d=|:p=0.471
n:j=1, d=G
c:0, 1, 2.696
",0.002341937929537969,feasible,23
46,0,21,"//0
p:0.37, 0.025, -0.274, fr=0.09
p:1.0, fr=0.449
p:0.773, -0.95, 0.982, fr=0.711
p:1.042, -0.722, -0.141, fr=0.134
j:0, 1, stif=0.866
j:2, 1, stif=0.999
j:3, 2, stif=0.924
n:j=1, d=|:p=0.471
n:j=1, d=G
c:0, 1, 2.696
",0.005056074362432386,"//0
p:0.37, 0.025, -0.274, fr=0.09
p:1.0, fr=0.449
p:0.773, -0.95, 0.982, fr=0.711
p:1.042, -0.722, -0.141, fr=0.134
j:0, 2, stif=0.866
j:1, 2, stif=0.999
j:3, 1, stif=0.924
n:j=1, d=|:p=0.471
n:j=1, d=G
c:0, 1, 2.696
",6.392684534904367e-05,feasible,23
46,0,21,"//0
p:0.37, 0.025, -0.274, fr=0.09
p:1.0, fr=0.449
p:0.773, -0.95, 0.982, fr=0.711
p:1.042, -0.722, -0.141, fr=0.134
j:0, 1, stif=0.866
j:2, 1, stif=0.999
j:3, 2, stif=0.924
n:j=1, d=|:p=0.471
n:j=1, d=G
c:0, 1, 2.696
",0.005056074362432386,"//0
p:1.0, fr=0.449
p:0.773, -0.95, 0.982, fr=0.711
p:1.042, -0.722, -0.141, fr=0.134
j:1, 0, stif=0.999
j:2, 1, stif=0.924
n:j=0, d=|:p=0.471
n:j=0, d=G
c:0, 1, 2.696
",5.1029018496827275e-05,feasible,23
46,0,21,"//0
p:0.37, 0.025, -0.274, fr=0.09
p:1.0, fr=0.449
p:0.773, -0.95, 0.982, fr=0.711
p:1.042, -0.722, -0.141, fr=0.134
j:0, 1, stif=0.866
j:2, 1, stif=0.999
j:3, 2, stif=0.924
n:j=1, d=|:p=0.471
n:j=1, d=G
c:0, 1, 2.696
",0.005056074362432386,"//0
p:0.37, 0.025, -0.274, fr=0.09
p:1.0, fr=0.449
p:0.773, -0.95, 0.982, fr=0.711
p:1.042, -0.722, -0.141, fr=0.134
j:0, 1, stif=0.866
j:2, 1, stif=0.999
j:3, 2, stif=0.924
j:2, 0
n:j=1, d=|:p=0.471
n:j=1, d=G
c:0, 1, 2.696
",1.6336203694620713e-06,feasible,23
46,0,21,"//0
p:0.37, 0.025, -0.274, fr=0.09
p:1.0, fr=0.449
p:0.773, -0.95, 0.982, fr=0.711
p:1.042, -0.722, -0.141, fr=0.134
j:0, 1, stif=0.866
j:2, 1, stif=0.999
j:3, 2, stif=0.924
n:j=1, d=|:p=0.471
n:j=1, d=G
c:0, 1, 2.696
",0.005056074362432386,"//0
p:0.37, 0.025, -0.274, fr=0.09
p:1.0, fr=0.449
p:0.773, -0.95, 0.982, fr=0.711
p:1.042, -0.722, -0.141, fr=0.134
j:0, 1, stif=0.866, rotstif=0.699
j:2, 1, stif=0.999
j:3, 2, stif=0.924
n:j=1, d=|:p=0.471
n:j=1, d=G
c:0, 1, 2.696
",0.005056074362432386,feasible,23
46,0,21,"//0
p:0.37, 0.025, -0.274, fr=0.09
p:1.0, fr=0.449
p:0.773, -0.95, 0.982, fr=0.711
p:1.042, -0.722, -0.141, fr=0.134
j:0, 1, stif=0.866
j:2, 1, stif=0.999
j:3, 2, stif=0.924
n:j=1, d=|:p=0.471
n:j=1, d=G
c:0, 1, 2.696
",0.005056074362432386,"//0
p:0.37, 0.025, -0.274, fr=0.09
p:1.0, fr=0.449
p:0.773, -0.95, 0.982, fr=0.711
p:1.042, -0.722, -0.141, fr=0.134
j:0, 1, stif=0.866
j:2, 1, stif=0.999
j:3, 2, stif=0.924
j:3, 1
n:j=1, d=|:p=0.471
n:j=1, d=G
c:0, 1, 2.696
",3.346008696229001e-07,feasible,23
46,0,21,"//0
p:0.37, 0.025, -0.274, fr=0.09
p:1.0, fr=0.449
p:0.773, -0.95, 0.982, fr=0.711
p:1.042, -0.722, -0.141, fr=0.134
j:0, 1, stif=0.866
j:2, 1, stif=0.999
j:3, 2, stif=0.924
n:j=1, d=|:p=0.471
n:j=1, d=G
c:0, 1, 2.696
",0.005056074362432386,"//0
p:0.37, 0.025, -0.274, fr=0.09
p:1.0, fr=0.449
p:0.773, -0.95, 0.982, fr=0.711
p:1.042, -0.722, -0.141, fr=0.134
p:0.363, -0.143, -0.031
j:0, 1, stif=0.866
j:2, 1, stif=0.999
j:3, 2, stif=0.924
j:4, 3
n:j=1, d=|:p=0.471
n:j=1, d=G
c:0, 1, 2.696
",3.540137024031144e-05,feasible,23
