run,genetic_format,sample_index,parent_genotype,parent_fitness,genotype,fitness,status,mutation_attempts
40,0,0,"//0
p:
p:1
j:0,1",0.0,"//0
p:0.471, -0.109, -0.096
p:1.0
j:0, 1
",0.0,feasible,20
40,0,0,"//0
p:
p:1
j:0,1",0.0,"//0
p:-0.103, 0.103, -0.448
p:1.0
j:0, 1
",0.0,feasible,20
40,0,0,"//0
p:
p:1
j:0,1",0.0,"//0
p:fr=0.797
p:1.0
j:0, 1
",0.0,feasible,20
40,0,0,"//0
p:
p:1
j:0,1",0.0,"//0
p:
p:1.0
p:-0.068, 1.197, 0.066
j:0, 1
j:2, 1
",1.7763568394002505e-19,feasible,20
40,0,0,"//0
p:
p:1
j:0,1",0.0,"//0
p:
p:1.0, fr=0.881
j:0, 1
",0.0,feasible,20
40,0,0,"//0
p:
p:1
j:0,1",0.0,"//0
p:fr=0.681
p:1.0
j:0, 1
",0.0,feasible,20
40,0,0,"//0
p:
p:1
j:0,1",0.0,"//0
p:
p:1.0
j:0, 1, rotstif=0.878
",0.0,feasible,20
40,0,0,"//0
p:
p:1
j:0,1",0.0,"//0
p:
p:1.0
p:0.276, -0.143, -1.468
j:0, 1
j:2, 1
",2.7843035284011906e-18,feasible,20
40,0,0,"//0
p:
p:1
j:0,1",0.0,"//0
p:
p:1.0, fr=0.85
j:0, 1
",0.0,feasible,20
40,0,0,"//0
p:
p:1
j:0,1",0.0,"//0
p:
p:1.0
j:0, 1, stif=0.996
",0.0,feasible,20
40,0,0,"//0
p:
p:1
j:0,1",0.0,"//0
p:
p:1.0, ing=0.262
j:0, 1
",0.0,feasible,20
40,0,0,"//0
p:
p:1
j:0,1",0.0,"//0
p:
p:1.0, fr=0.623
j:0, 1
",0.0,feasible,20
40,0,0,"//0
p:
p:1
j:0,1",0.0,"//0
p:
p:1.0
j:0, 1, stif=0.935
",0.0,feasible,20
40,0,0,"//0
p:
p:1
j:0,1",0.0,"//0
p:ing=0.106
p:1.0
j:0, 1
",0.0,feasible,20
40,0,0,"//0
p:
p:1
j:0,1",0.0,"//0
p:-0.041, 0.173, -0.035
p:1.0
j:0, 1
",0.0,feasible,20
40,0,0,"//0
p:
p:1
j:0,1",0.0,"//0
p:
p:1.66, 0.227, -0.542
j:0, 1
",0.0,feasible,20
40,0,0,"//0
p:
p:1
j:0,1",0.0,"//0
p:1.0
",0.0,feasible,20
40,0,0,"//0
p:
p:1
j:0,1",0.0,"//0
p:-0.588, -0.378, 0.243
p:1.0
j:0, 1
",0.0,feasible,20
40,0,0,"//0
p:
p:1
j:0,1",0.0,"//0
p:
p:1.073, 0.234, 0.827
j:0, 1
",0.0,feasible,20
40,0,0,"//0
p:
p:1
j:0,1",0.0,"//0
p:
p:1.0
j:0, 1, stif=0.912
",0.0,feasible,20
40,0,1,"//0
p:
p:1.0
p:0.773, -0.349, 0.36
j:0, 1
j:2, 1
",1.6631480431250885e-09,"//0
p:
p:1.0
p:0.773, -0.349, 0.36
j:0, 2
j:1, 2
",1.7763576864329959e-19,feasible,20
40,0,1,"//0
p:
p:1.0
p:0.773, -0.349, 0.36
j:0, 1
j:2, 1
",1.6631480431250885e-09,"//0
p:fr=0.97
p:1.0
p:0.773, -0.349, 0.36
j:0, 1
j:2, 1
",1.7388741680200793e-09,feasible,20
40,0,1,"//0
p:
p:1.0
p:0.773, -0.349, 0.36
j:0, 1
j:2, 1
",1.6631480431250885e-09,"//0
p:
p:1.0
p:0.773, -0.349, 0.36
j:0, 1
j:2, 1
n:j=1, d=|
",1.4002740498205747e-08,feasible,20
40,0,1,"//0
p:
p:1.0
p:0.773, -0.349, 0.36
j:0, 1
j:2, 1
",1.6631480431250885e-09,"//0
p:
p:1.0
p:0.773, -0.349, 0.36
j:1, 0
j:2, 0
",1.7763568394002505e-19,feasible,20
40,0,1,"//0
p:
p:1.0
p:0.773, -0.349, 0.36
j:0, 1
j:2, 1
",1.6631480431250885e-09,"//0
p:
p:1.0
p:0.773, -0.349, 0.36
j:0, 1
j:2, 1, rotstif=0.981
",1.6631480431250885e-09,feasible,20
40,0,1,"//0
p:
p:1.0
p:0.773, -0.349, 0.36
j:0, 1
j:2, 1
",1.6631480431250885e-09,"//0
p:
p:1.088, 0.326, 0.363
p:0.773, -0.349, 0.36
j:0, 1
j:2, 1
",3.486794186713382e-20,feasible,20
40,0,1,"//0
p:
p:1.0
p:0.773, -0.349, 0.36
j:0, 1
j:2, 1
",1.6631480431250885e-09,"//0
p:
p:1.0
p:0.773, -0.349, 0.36
j:0, 1
j:2, 1
n:d=*
",1.6631480431250885e-09,feasible,20
40,0,1,"//0
p:
p:1.0
p:0.773, -0.349, 0.36
j:0, 1
j:2, 1
",1.6631480431250885e-09,"//0
p:
p:1.0
p:0.773, -0.349, 0.36, ing=0.213
j:0, 1
j:2, 1
",1.6631480431250885e-09,feasible,20
40,0,1,"//0
p:
p:1.0
p:0.773, -0.349, 0.36
j:0, 1
j:2, 1
",1.6631480431250885e-09,"//0
p:
p:1.0
p:0.773, -0.349, 0.36
j:0, 1, rotstif=0.994
j:2, 1
",1.6631480431250885e-09,feasible,20
40,0,1,"//0
p:
p:1.0
p:0.773, -0.349, 0.36
j:0, 1
j:2, 1
",1.6631480431250885e-09,"//0
p:
p:1.0
p:0.773, -0.349, 0.36
j:2, 1
j:0, 1
",1.6631480431250885e-09,feasible,20
40,0,1,"//0
p:
p:1.0
p:0.773, -0.349, 0.36
j:0, 1
j:2, 1
",1.6631480431250885e-09,"//0
p:
p:1.0
p:0.773, -0.349, 0.36, fr=0.645
j:0, 1
j:2, 1
",1.1393354785344018e-09,feasible,20
40,0,1,"//0
p:
p:1.0
p:0.773, -0.349, 0.36
j:0, 1
j:2, 1
",1.6631480431250885e-09,"//0
p:fr=1.056
p:1.0
p:0.773, -0.349, 0.36
j:0, 1
j:2, 1
",1.7388741680200793e-09,feasible,20
40,0,1,"//0
p:
p:1.0
p:0.773, -0.349, 0.36
j:0, 1
j:2, 1
",1.6631480431250885e-09,"//0
p:
p:1.218, -0.504, 0.2
p:0.773, -0.349, 0.36
j:0, 1
j:2, 1
",1.7347234759768072e-22,feasible,20
40,0,1,"//0
p:
p:1.0
p:0.773, -0.349, 0.36
j:0, 1
j:2, 1
",1.6631480431250885e-09,"//0
p:-0.153, 0.005, 0.628
p:1.0
p:0.773, -0.349, 0.36
j:0, 1
j:2, 1
",4.2264256548480073e-13,feasible,20
40,0,1,"//0
p:
p:1.0
p:0.773, -0.349, 0.36
j:0, 1
j:2, 1
",1.6631480431250885e-09,"//0
p:
p:1.0
p:0.642, 0.36, 0.664
j:0, 1
j:2, 1
",0.0,feasible,20
40,0,1,"//0
p:
p:1.0
p:0.773, -0.349, 0.36
j:0, 1
j:2, 1
",1.6631480431250885e-09,"//0
p:
p:1.059, z=0.078
p:0.773, -0.349, 0.36
j:0, 1
j:2, 1
",2.118293602090644e-14,feasible,20
40,0,1,"//0
p:
p:1.0
p:0.773, -0.349, 0.36
j:0, 1
j:2, 1
",1.6631480431250885e-09,"//0
p:
p:1.0
p:0.975, -0.446, 0.462
j:0, 1
j:2, 1
",7.480173227739029e-10,feasible,20
40,0,1,"//0
p:
p:1.0
p:0.773, -0.349, 0.36
j:0, 1
j:2, 1
",1.6631480431250885e-09,"//0
p:
p:1.0
p:0.773, -0.349, 0.36
j:0, 1
j:2, 1, rotstif=0.935
",1.6631480431250885e-09,feasible,20
40,0,1,"//0
p:
p:1.0
p:0.773, -0.349, 0.36
j:0, 1
j:2, 1
",1.6631480431250885e-09,"//0
p:fr=0.421
p:1.0
p:0.773, -0.349, 0.36
j:0, 1
j:2, 1
",1.7077024697935997e-09,feasible,20
40,0,1,"//0
p:
p:1.0
p:0.773, -0.349, 0.36
j:0, 1
j:2, 1
",1.6631480431250885e-09,"//0
p:
p:1.0
p:0.773, -0.349, 0.36
j:0, 1
j:2, 1, rotstif=0.993
",1.6631480431250885e-09,feasible,20
40,0,2,"//0
p:
p:1.0
p:0.773, -0.349, 0.36
p:1.023, 0.156, 0.119
j:0, 1
j:2, 1
j:3, 1
",4.0133401550021437e-07,"//0
p:
p:1.0
p:0.773, -0.349, 0.36, fr=0.452
p:1.023, 0.156, 0.119
j:0, 1
j:2, 1
j:3, 1
",4.0133401550021437e-07,feasible,24
40,0,2,"//0
p:
p:1.0
p:0.773, -0.349, 0.36
p:1.023, 0.156, 0.119
j:0, 1
j:2, 1
j:3, 1
",4.0133401550021437e-07,"//0
p:
p:1.0
p:0.773, -0.349, 0.36
p:1.023, 0.156, 0.119
j:0, 1, rotstif=0.741
j:2, 1
j:3, 1
",4.0133401550021437e-07,feasible,24
40,0,2,"//0
p:
p:1.0
p:0.773, -0.349, 0.36
p:1.023, 0.156, 0.119
j:0, 1
j:2, 1
j:3, 1
",4.0133401550021437e-07,"//0
p:fr=0.345
p:1.0
p:0.773, -0.349, 0.36
p:1.023, 0.156, 0.119
j:0, 1
j:2, 1
j:3, 1
",4.0133401550021437e-07,feasible,24
40,0,2,"//0
p:
p:1.0
p:0.773, -0.349, 0.36
p:1.023, 0.156, 0.119
j:0, 1
j:2, 1
j:3, 1
",4.0133401550021437e-07,"//0
p:
p:1.0, fr=0.109
p:0.773, -0.349, 0.36
p:1.023, 0.156, 0.119
j:0, 1
j:2, 1
j:3, 1
",4.0133401550021437e-07,feasible,24
40,0,2,"//0
p:
p:1.0
p:0.773, -0.349, 0.36
p:1.023, 0.156, 0.119
j:0, 1
j:2, 1
j:3, 1
",4.0133401550021437e-07,"//0
p:ing=0.175
p:1.0
p:0.773, -0.349, 0.36
p:1.023, 0.156, 0.119
j:0, 1
j:2, 1
j:3, 1
",4.0133401550021437e-07,feasible,24
40,0,2,"//0
p:
p:1.0
p:0.773, -0.349, 0.36
p:1.023, 0.156, 0.119
j:0, 1
j:2, 1
j:3, 1
",4.0133401550021437e-07,"//0
p:1.0
p:0.773, -0.349, 0.36
p:1.023, 0.156, 0.119
j:1, 0
j:2, 0
",4.9643056134233413e-17,feasible,24
40,0,2,"//0
p:
p:1.0
p:0.773, -0.349, 0.36
p:1.023, 0.156, 0.119
j:0, 1
j:2, 1
j:3, 1
",4.0133401550021437e-07,"//0
p:ing=0.297
p:1.0
p:0.773, -0.349, 0.36
p:1.023, 0.156, 0.119
j:0, 1
j:2, 1
j:3, 1
",4.0133401550021437e-07,feasible,24
40,0,2,"//0
p:
p:1.0
p:0.773, -0.349, 0.36
p:1.023, 0.156, 0.119
j:0, 1
j:2, 1
j:3, 1
",4.0133401550021437e-07,"//0
p:
p:1.0
p:0.773, -0.349, 0.36
j:0, 1
j:2, 1
",1.6631480431250885e-09,feasible,24
40,0,2,"//0
p:
p:1.0
p:0.773, -0.349, 0.36
p:1.023, 0.156, 0.119
j:0, 1
j:2, 1
j:3, 1
",4.0133401550021437e-07,"//0
p:ing=0.209
p:1.0
p:0.773, -0.349, 0.36
p:1.023, 0.156, 0.119
j:0, 1
j:2, 1
j:3, 1
",4.0133401550021437e-07,feasible,24
40,0,2,"//0
p:
p:1.0
p:0.773, -0.349, 0.36
p:1.023, 0.156, 0.119
j:0, 1
j:2, 1
j:3, 1
",4.0133401550021437e-07,"//0
p:
p:1.0
p:0.893, -0.514, 0.11
p:1.023, 0.156, 0.119
j:0, 1
j:2, 1
j:3, 1
",1.2275427073057316e-07,feasible,24
40,0,2,"//0
p:
p:1.0
p:0.773, -0.349, 0.36
p:1.023, 0.156, 0.119
j:0, 1
j:2, 1
j:3, 1
",4.0133401550021437e-07,"//0
p:
p:1.0
p:0.773, -0.349, 0.36
p:1.023, 0.156, 0.119
j:0, 1
j:2, 1
j:3, 1
j:3, 0
",5.21774459098129e-07,feasible,24
40,0,2,"//0
p:
p:1.0
p:0.773, -0.349, 0.36
p:1.023, 0.156, 0.119
j:0, 1
j:2, 1
j:3, 1
",4.0133401550021437e-07,"//0
p:
p:1.0
p:0.773, -0.349, 0.36
p:1.023, 0.156, 0.119
j:0, 1
j:2, 1
j:3, 1
n:p=0, d=S
",4.0133401550021437e-07,feasible,24
40,0,2,"//0
p:
p:1.0
p:0.773, -0.349, 0.36
p:1.023, 0.156, 0.119
j:0, 1
j:2, 1
j:3, 1
",4.0133401550021437e-07,"//0
p:
p:1.0, fr=0.367
p:0.773, -0.349, 0.36
p:1.023, 0.156, 0.119
j:0, 1
j:2, 1
j:3, 1
",4.0133401550021437e-07,feasible,24
40,0,2,"//0
p:
p:1.0
p:0.773, -0.349, 0.36
p:1.023, 0.156, 0.119
j:0, 1
j:2, 1
j:3, 1
",4.0133401550021437e-07,"//0
p:
p:1.0
p:0.773, -0.349, 0.36
p:1.023, 0.156, 0.119
j:0, 1, stif=0.888
j:2, 1
j:3, 1
",3.9966790924553756e-07,feasible,24
40,0,2,"//0
p:
p:1.0
p:0.773, -0.349, 0.36
p:1.023, 0.156, 0.119
j:0, 1
j:2, 1
j:3, 1
",4.0133401550021437e-07,"//0
p:
p:1.0
p:0.773, -0.349, 0.36
p:1.023, 0.156, 0.119
j:1, 0
j:2, 0
j:3, 0
",2.867761893849877e-07,feasible,24
40,0,2,"//0
p:
p:1.0
p:0.773, -0.349, 0.36
p:1.023, 0.156, 0.119
j:0, 1
j:2, 1
j:3, 1
",4.0133401550021437e-07,"//0
p:
p:1.0
p:0.773, -0.349, 0.36
p:1.023, 0.156, 0.119
j:0, 1
j:2, 1, rotstif=0.94
j:3, 1
",4.0133401550021437e-07,feasible,24
40,0,2,"//0
p:
p:1.0
p:0.773, -0.349, 0.36
p:1.023, 0.156, 0.119
j:0, 1
j:2, 1
j:3, 1
",4.0133401550021437e-07,"//0
p:
p:1.0
p:0.773, -0.349, 0.36
p:1.023, 0.156, 0.119
j:0, 3
j:2, 3
j:1, 3
",4.0906662897935267e-07,feasible,24
40,0,2,"//0
p:
p:1.0
p:0.773, -0.349, 0.36
p:1.023, 0.156, 0.119
j:0, 1
j:2, 1
j:3, 1
",4.0133401550021437e-07,"//0
p:
p:1.0
p:0.749, -0.695, 0.463
p:1.023, 0.156, 0.119
j:0, 1
j:2, 1
j:3, 1
",4.35029404865309e-08,feasible,24
40,0,2,"//0
p:
p:1.0
p:0.773, -0.349, 0.36
p:1.023, 0.156, 0.119
j:0, 1
j:2, 1
j:3, 1
",4.0133401550021437e-07,"//0
p:
p:1.0
p:0.773, -0.349, 0.36
p:1.023, 0.156, 0.119
j:0, 1
j:2, 1
j:3, 1, stif=0.958
",4.3073644742149607e-07,feasible,24
40,0,2,"//0
p:
p:1.0
p:0.773, -0.349, 0.36
p:1.023, 0.156, 0.119
j:0, 1
j:2, 1
j:3, 1
",4.0133401550021437e-07,"//0
p:
p:1.0
p:0.773, -0.349, 0.36
p:1.023, 0.156, 0.119, fr=0.064
j:0, 1
j:2, 1
j:3, 1
",4.0133401550021437e-07,feasible,24
40,0,3,"//0
p:
p:1.0
p:0.773, -0.349, 0.36
p:1.11, -0.201, -0.275
j:0, 1
j:2, 1
j:3, 1
",9.214596062324455e-07,"//0
p:
p:1.0
p:1.11, -0.201, -0.275
j:0, 1
j:2, 1
",2.788219501200911e-11,feasible,23
40,0,3,"//0
p:
p:1.0
p:0.773, -0.349, 0.36
p:1.11, -0.201, -0.275
j:0, 1
j:2, 1
j:3, 1
",9.214596062324455e-07,"//0
p:
p:1.0
p:0.773, -0.349, 0.36
p:1.11, -0.201, -0.275
j:0, 1
j:2, 1, rotstif=0.935
j:3, 1
",9.214596062324455e-07,feasible,23
40,0,3,"//0
p:
p:1.0
p:0.773, -0.349, 0.36
p:1.11, -0.201, -0.275
j:0, 1
j:2, 1
j:3, 1
",9.214596062324455e-07,"//0
p:
p:1.0
p:0.773, -0.349, 0.36
p:1.11, -0.201, -0.275, fr=0.56
j:0, 1
j:2, 1
j:3, 1
",9.199983144073549e-07,feasible,23
40,0,3,"//0
p:
p:1.0
p:0.773, -0.349, 0.36
p:1.11, -0.201, -0.275
j:0, 1
j:2, 1
j:3, 1
",9.214596062324455e-07,"//0
p:ing=0.415
p:1.0
p:0.773, -0.349, 0.36
p:1.11, -0.201, -0.275
j:0, 1
j:2, 1
j:3, 1
",9.214596062324455e-07,feasible,23
40,0,3,"//0
p:
p:1.0
p:0.773, -0.349, 0.36
p:1.11, -0.201, -0.275
j:0, 1
j:2, 1
j:3, 1
",9.214596062324455e-07,"//0
p:
p:1.0
p:0.773, -0.349, 0.36
p:1.11, -0.201, -0.275
j:0, 1
j:2, 1, stif=0.942
j:3, 1
",9.474930760981364e-07,feasible,23
40,0,3,"//0
p:
p:1.0
p:0.773, -0.349, 0.36
p:1.11, -0.201, -0.275
j:0, 1
j:2, 1
j:3, 1
",9.214596062324455e-07,"//0
p:fr=0.706
p:1.0
p:0.773, -0.349, 0.36
p:1.11, -0.201, -0.275
j:0, 1
j:2, 1
j:3, 1
",9.236958709022435e-07,feasible,23
40,0,3,"//0
p:
p:1.0
p:0.773, -0.349, 0.36
p:1.11, -0.201, -0.275
j:0, 1
j:2, 1
j:3, 1
",9.214596062324455e-07,"//0
p:
p:1.0
p:0.773, -0.349, 0.36
p:1.11, -0.201, -0.275, fr=0.773
j:0, 1
j:2, 1
j:3, 1
",9.175573241561137e-07,feasible,23
40,0,3,"//0
p:
p:1.0
p:0.773, -0.349, 0.36
p:1.11, -0.201, -0.275
j:0, 1
j:2, 1
j:3, 1
",9.214596062324455e-07,"//0
p:
p:1.0
p:0.773, -0.349, 0.36
p:1.11, -0.201, -0.275
j:3, 1
j:2, 1
j:0, 1
",9.214596062323135e-07,feasible,23
40,0,3,"//0
p:
p:1.0
p:0.773, -0.349, 0.36
p:1.11, -0.201, -0.275
j:0, 1
j:2, 1
j:3, 1
",9.214596062324455e-07,"//0
p:1.0
p:0.773, -0.349, 0.36
p:1.11, -0.201, -0.275
j:1, 0
j:2, 0
",1.7763576864329959e-19,feasible,23
40,0,3,"//0
p:
p:1.0
p:0.773, -0.349, 0.36
p:1.11, -0.201, -0.275
j:0, 1
j:2, 1
j:3, 1
",9.214596062324455e-07,"//0
p:
p:1.0
p:0.773, -0.349, 0.36
p:1.11, -0.201, -0.275
j:1, 0
j:2, 0
j:3, 0
",5.635228876167018e-07,feasible,23
40,0,3,"//0
p:
p:1.0
p:0.773, -0.349, 0.36
p:1.11, -0.201, -0.275
j:0, 1
j:2, 1
j:3, 1
",9.214596062324455e-07,"//0
p:
p:1.678, -0.221, -0.419
p:0.773, -0.349, 0.36
p:1.11, -0.201, -0.275
j:0, 1
j:2, 1
j:3, 1
",2.3993764280542654e-18,feasible,23
40,0,3,"//0
p:
p:1.0
p:0.773, -0.349, 0.36
p:1.11, -0.201, -0.275
j:0, 1
j:2, 1
j:3, 1
",9.214596062324455e-07,"//0
p:
p:1.467, 0.005, -0.845
p:0.773, -0.349, 0.36
p:1.11, -0.201, -0.275
j:0, 1
j:2, 1
j:3, 1
",1.2663481374630692e-20,feasible,23
40,0,3,"//0
p:
p:1.0
p:0.773, -0.349, 0.36
p:1.11, -0.201, -0.275
j:0, 1
j:2, 1
j:3, 1
",9.214596062324455e-07,"//0
p:
p:1.0
p:0.773, -0.349, 0.36, ing=0.235
p:1.11, -0.201, -0.275
j:0, 1
j:2, 1
j:3, 1
",9.214596062324455e-07,feasible,23
40,0,3,"//0
p:
p:1.0
p:0.773, -0.349, 0.36
p:1.11, -0.201, -0.275
j:0, 1
j:2, 1
j:3, 1
",9.214596062324455e-07,"//0
p:fr=0.445
p:1.0
p:0.773, -0.349, 0.36
p:1.11, -0.201, -0.275
j:0, 1
j:2, 1
j:3, 1
",9.233267700244448e-07,feasible,23
40,0,3,"//0
p:
p:1.0
p:0.773, -0.349, 0.36
p:1.11, -0.201, -0.275
j:0, 1
j:2, 1
j:3, 1
",9.214596062324455e-07,"//0
p:
p:1.0
p:0.529, -0.253, 0.542
p:1.11, -0.201, -0.275
j:0, 1
j:2, 1
j:3, 1
",2.0945946363538e-07,feasible,23
40,0,3,"//0
p:
p:1.0
p:0.773, -0.349, 0.36
p:1.11, -0.201, -0.275
j:0, 1
j:2, 1
j:3, 1
",9.214596062324455e-07,"//0
p:
p:1.0
p:0.773, -0.349, 0.36
p:1.11, -0.201, -0.275
j:0, 1
j:2, 1, stif=0.957
j:3, 1
",9.480620586136389e-07,feasible,23
40,0,3,"//0
p:
p:1.0
p:0.773, -0.349, 0.36
p:1.11, -0.201, -0.275
j:0, 1
j:2, 1
j:3, 1
",9.214596062324455e-07,"//0
p:
p:1.0
p:0.773, -0.349, 0.36
p:1.11, -0.201, -0.275
j:2, 1
j:0, 1
j:3, 1
",9.214596062324455e-07,feasible,23
40,0,3,"//0
p:
p:1.0
p:0.773, -0.349, 0.36
p:1.11, -0.201, -0.275
j:0, 1
j:2, 1
j:3, 1
",9.214596062324455e-07,"//0
p:fr=0.416
p:1.0
p:0.773, -0.349, 0.36
p:1.11, -0.201, -0.275
j:0, 1
j:2, 1
j:3, 1
",9.218480984856953e-07,feasible,23
40,0,3,"//0
p:
p:1.0
p:0.773, -0.349, 0.36
p:1.11, -0.201, -0.275
j:0, 1
j:2, 1
j:3, 1
",9.214596062324455e-07,"//0
p:
p:1.0
p:0.773, -0.349, 0.36
p:1.11, -0.201, -0.275, ing=0.182
j:0, 1
j:2, 1
j:3, 1
",9.214596062324455e-07,feasible,23
40,0,3,"//0
p:
p:1.0
p:0.773, -0.349, 0.36
p:1.11, -0.201, -0.275
j:0, 1
j:2, 1
j:3, 1
",9.214596062324455e-07,"//0
p:ing=0.223
p:1.0
p:0.773, -0.349, 0.36
p:1.11, -0.201, -0.275
j:0, 1
j:2, 1
j:3, 1
",9.214596062324455e-07,feasible,23
40,0,4,"//0
p:
p:1.0
p:0.773, -0.349, 0.36
p:1.11, -0.201, -0.275
j:0, 1
j:2, 1
j:3, 1, stif=0.888
",1.0342552298860775e-06,"//0
p:
p:1.0
p:0.773, -0.349, 0.36
p:1.11, -0.201, -0.275
j:0, 1
j:2, 1
j:3, 1, stif=0.848
",1.0403064499085377e-06,feasible,20
40,0,4,"//0
p:
p:1.0
p:0.773, -0.349, 0.36
p:1.11, -0.201, -0.275
j:0, 1
j:2, 1
j:3, 1, stif=0.888
",1.0342552298860775e-06,"//0
p:
p:1.0
p:0.773, -0.349, 0.36
p:1.11, -0.201, -0.275
j:0, 1
j:3, 1
j:2, 1, stif=0.888
",9.514748735733838e-07,feasible,20
40,0,4,"//0
p:
p:1.0
p:0.773, -0.349, 0.36
p:1.11, -0.201, -0.275
j:0, 1
j:2, 1
j:3, 1, stif=0.888
",1.0342552298860775e-06,"//0
p:
p:1.0
p:0.773, -0.349, 0.36
p:1.11, -0.201, -0.275
j:0, 1, stif=0.927
j:2, 1
j:3, 1, stif=0.888
",1.0068364136840732e-06,feasible,20
40,0,4,"//0
p:
p:1.0
p:0.773, -0.349, 0.36
p:1.11, -0.201, -0.275
j:0, 1
j:2, 1
j:3, 1, stif=0.888
",1.0342552298860775e-06,"//0
p:
p:1.0
p:0.773, -0.349, 0.36, fr=0.147
p:1.11, -0.201, -0.275
j:0, 1
j:2, 1
j:3, 1, stif=0.888
",1.0313437183368645e-06,feasible,20
40,0,4,"//0
p:
p:1.0
p:0.773, -0.349, 0.36
p:1.11, -0.201, -0.275
j:0, 1
j:2, 1
j:3, 1, stif=0.888
",1.0342552298860775e-06,"//0
p:
p:1.0
p:0.773, -0.349, 0.36
p:1.11, -0.201, -0.275, ing=0.303
j:0, 1
j:2, 1
j:3, 1, stif=0.888
",1.0342552298860775e-06,feasible,20
40,0,4,"//0
p:
p:1.0
p:0.773, -0.349, 0.36
p:1.11, -0.201, -0.275
j:0, 1
j:2, 1
j:3, 1, stif=0.888
",1.0342552298860775e-06,"//0
p:
p:1.0
p:0.773, -0.349, 0.36
p:1.11, -0.201, -0.275
p:-0.563, -0.538, 0.576
j:0, 1
j:2, 1
j:3, 1, stif=0.888
j:4, 3
",9.723922556026298e-08,feasible,20
40,0,4,"//0
p:
p:1.0
p:0.773, -0.349, 0.36
p:1.11, -0.201, -0.275
j:0, 1
j:2, 1
j:3, 1, stif=0.888
",1.0342552298860775e-06,"//0
p:
p:1.0
p:0.773, -0.349, 0.36
p:1.11, -0.201, -0.275
j:0, 1
j:2, 1, rotstif=0.894
j:3, 1, stif=0.888
",1.0342552298860775e-06,feasible,20
40,0,4,"//0
p:
p:1.0
p:0.773, -0.349, 0.36
p:1.11, -0.201, -0.275
j:0, 1
j:2, 1
j:3, 1, stif=0.888
",1.0342552298860775e-06,"//0
p:
p:1.0, fr=0.402
p:0.773, -0.349, 0.36
p:1.11, -0.201, -0.275
j:0, 1
j:2, 1
j:3, 1, stif=0.888
",1.0342552298860775e-06,feasible,20
40,0,4,"//0
p:
p:1.0
p:0.773, -0.349, 0.36
p:1.11, -0.201, -0.275
j:0, 1
j:2, 1
j:3, 1, stif=0.888
",1.0342552298860775e-06,"//0
p:
p:1.0
p:0.773, -0.349, 0.36
p:1.11, -0.201, -0.275
j:0, 3
j:2, 3
j:1, 3, stif=0.888
",2.7181459465232753e-07,feasible,20
40,0,4,"//0
p:
p:1.0
p:0.773, -0.349, 0.36
p:1.11, -0.201, -0.275
j:0, 1
j:2, 1
j:3, 1, stif=0.888
",1.0342552298860775e-06,"//0
p:
p:1.0
p:0.773, -0.349, 0.36
p:1.11, -0.201, -0.275
j:0, 1
j:2, 1
j:3, 1, stif=0.888
n:d=*
",1.0342552298860775e-06,feasible,20
40,0,4,"//0
p:
p:1.0
p:0.773, -0.349, 0.36
p:1.11, -0.201, -0.275
j:0, 1
j:2, 1
j:3, 1, stif=0.888
",1.0342552298860775e-06,"//0
p:
p:1.0
p:0.773, -0.349, 0.36
p:1.11, -0.201, -0.275
j:0, 1, stif=0.951
j:2, 1
j:3, 1, stif=0.888
",1.014035144017663e-06,feasible,20
40,0,4,"//0
p:
p:1.0
p:0.773, -0.349, 0.36
p:1.11, -0.201, -0.275
j:0, 1
j:2, 1
j:3, 1, stif=0.888
",1.0342552298860775e-06,"//0
p:
p:1.0
p:0.773, -0.349, 0.36
p:1.11, -0.201, -0.275, fr=0.264
j:0, 1
j:2, 1
j:3, 1, stif=0.888
",1.0309742900419278e-06,feasible,20
40,0,4,"//0
p:
p:1.0
p:0.773, -0.349, 0.36
p:1.11, -0.201, -0.275
j:0, 1
j:2, 1
j:3, 1, stif=0.888
",1.0342552298860775e-06,"//0
p:
p:1.0
p:0.773, -0.349, 0.36
p:1.11, -0.201, -0.275
j:0, 1, stif=0.972
j:2, 1
j:3, 1, stif=0.888
",1.0233240780353686e-06,feasible,20
40,0,4,"//0
p:
p:1.0
p:0.773, -0.349, 0.36
p:1.11, -0.201, -0.275
j:0, 1
j:2, 1
j:3, 1, stif=0.888
",1.0342552298860775e-06,"//0
p:
p:1.0
p:0.773, -0.349, 0.36, fr=0.367
p:1.11, -0.201, -0.275
j:0, 1
j:2, 1
j:3, 1, stif=0.888
",1.0341864079425498e-06,feasible,20
40,0,4,"//0
p:
p:1.0
p:0.773, -0.349, 0.36
p:1.11, -0.201, -0.275
j:0, 1
j:2, 1
j:3, 1, stif=0.888
",1.0342552298860775e-06,"//0
p:
p:1.0
p:0.773, -0.349, 0.36
p:1.11, -0.201, -0.275, ing=0.166
j:0, 1
j:2, 1
j:3, 1, stif=0.888
",1.0342552298860775e-06,feasible,20
40,0,4,"//0
p:
p:1.0
p:0.773, -0.349, 0.36
p:1.11, -0.201, -0.275
j:0, 1
j:2, 1
j:3, 1, stif=0.888
",1.0342552298860775e-06,"//0
p:
p:1.0
p:0.773, -0.349, 0.36
p:1.11, -0.201, -0.275
j:3, 1
j:2, 1
j:0, 1, stif=0.888
",8.827419233086367e-07,feasible,20
40,0,4,"//0
p:
p:1.0
p:0.773, -0.349, 0.36
p:1.11, -0.201, -0.275
j:0, 1
j:2, 1
j:3, 1, stif=0.888
",1.0342552298860775e-06,"//0
p:-0.503, -0.126, -0.266
p:1.0
p:0.773, -0.349, 0.36
p:1.11, -0.201, -0.275
j:0, 1
j:2, 1
j:3, 1, stif=0.888
",6.443465228585667e-07,feasible,20
40,0,4,"//0
p:
p:1.0
p:0.773, -0.349, 0.36
p:1.11, -0.201, -0.275
j:0, 1
j:2, 1
j:3, 1, stif=0.888
",1.0342552298860775e-06,"//0
p:1.0
p:0.773, -0.349, 0.36
p:1.11, -0.201, -0.275
j:1, 0
j:2, 0, stif=0.888
",1.7763568394002505e-19,feasible,20
40,0,4,"//0
p:
p:1.0
p:0.773, -0.349, 0.36
p:1.11, -0.201, -0.275
j:0, 1
j:2, 1
j:3, 1, stif=0.888
",1.0342552298860775e-06,"//0
p:
p:1.0
p:0.773, -0.349, 0.36
p:1.11, -0.201, -0.275
j:0, 1
j:2, 1
j:3, 1, stif=0.888, rotstif=0.952
",1.0342552298860775e-06,feasible,20
40,0,4,"//0
p:
p:1.0
p:0.773, -0.349, 0.36
p:1.11, -0.201, -0.275
j:0, 1
j:2, 1
j:3, 1, stif=0.888
",1.0342552298860775e-06,"//0
p:
p:1.0
p:0.773, -0.349, 0.36
p:1.11, -0.201, -0.275
j:0, 1
j:2, 1, stif=0.916
j:3, 1, stif=0.888
",1.025859044365866e-06,feasible,20
40,0,5,"//0
p:
p:1.0
p:0.773, -0.349, 0.36, fr=1.073
p:1.11, -0.201, -0.275
j:0, 1
j:2, 1
j:3, 1, stif=0.888
",1.0354335063332432e-06,"//0
p:
p:1.0
p:0.773, -0.349, 0.36, fr=1.073
p:1.11, -0.201, -0.275
j:0, 1
j:2, 1, rotstif=0.975
j:3, 1, stif=0.888
",1.0354335063332432e-06,feasible,21
40,0,5,"//0
p:
p:1.0
p:0.773, -0.349, 0.36, fr=1.073
p:1.11, -0.201, -0.275
j:0, 1
j:2, 1
j:3, 1, stif=0.888
",1.0354335063332432e-06,"//0
p:
p:0.917, -0.787, 0.278
p:0.773, -0.349, 0.36, fr=1.073
p:1.11, -0.201, -0.275
j:0, 1
j:2, 1
j:3, 1, stif=0.888
",8.956099887784786e-08,feasible,21
40,0,5,"//0
p:
p:1.0
p:0.773, -0.349, 0.36, fr=1.073
p:1.11, -0.201, -0.275
j:0, 1
j:2, 1
j:3, 1, stif=0.888
",1.0354335063332432e-06,"//0
p:
p:1.0
p:0.773, -0.349, 0.36, fr=1.073
p:1.11, -0.201, -0.275
j:2, 1
j:0, 1
j:3, 1, stif=0.888
",1.0354335063332432e-06,feasible,21
40,0,5,"//0
p:
p:1.0
p:0.773, -0.349, 0.36, fr=1.073
p:1.11, -0.201, -0.275
j:0, 1
j:2, 1
j:3, 1, stif=0.888
",1.0354335063332432e-06,"//0
p:
p:1.0
p:0.773, -0.349, 0.36, fr=1.073
p:1.11, -0.201, -0.275, ing=0.217
j:0, 1
j:2, 1
j:3, 1, stif=0.888
",1.0354335063332432e-06,feasible,21
40,0,5,"//0
p:
p:1.0
p:0.773, -0.349, 0.36, fr=1.073
p:1.11, -0.201, -0.275
j:0, 1
j:2, 1
j:3, 1, stif=0.888
",1.0354335063332432e-06,"//0
p:
p:1.0
p:0.773, -0.349, 0.36, fr=1.073
p:1.11, -0.201, -0.275
j:0, 1
j:2, 1
j:3, 1, stif=0.888
n:p=0, d=S
",1.0354335063332432e-06,feasible,21
40,0,5,"//0
p:
p:1.0
p:0.773, -0.349, 0.36, fr=1.073
p:1.11, -0.201, -0.275
j:0, 1
j:2, 1
j:3, 1, stif=0.888
",1.0354335063332432e-06,"//0
p:
p:1.0
p:0.773, -0.349, 0.36, fr=1.073
p:1.11, -0.201, -0.275
p:1.131, -0.288, 0.087
j:0, 1
j:2, 1
j:3, 1, stif=0.888
j:4, 3
",6.727018145217037e-07,feasible,21
40,0,5,"//0
p:
p:1.0
p:0.773, -0.349, 0.36, fr=1.073
p:1.11, -0.201, -0.275
j:0, 1
j:2, 1
j:3, 1, stif=0.888
",1.0354335063332432e-06,"//0
p:
p:1.0
p:0.773, -0.349, 0.36, fr=1.073
p:1.11, -0.201, -0.275
j:0, 2
j:1, 2
j:3, 2, stif=0.888
",1.1372051955513059e-07,feasible,21
40,0,5,"//0
p:
p:1.0
p:0.773, -0.349, 0.36, fr=1.073
p:1.11, -0.201, -0.275
j:0, 1
j:2, 1
j:3, 1, stif=0.888
",1.0354335063332432e-06,"//0
p:
p:1.0
p:0.773, -0.349, 0.36, fr=1.073
p:1.11, -0.201, -0.275
j:3, 1
j:2, 1
j:0, 1, stif=0.888
",8.812788121219068e-07,feasible,21
40,0,5,"//0
p:
p:1.0
p:0.773, -0.349, 0.36, fr=1.073
p:1.11, -0.201, -0.275
j:0, 1
j:2, 1
j:3, 1, stif=0.888
",1.0354335063332432e-06,"//0
p:
p:1.0
p:0.773, -0.349, 0.36, fr=1.073
p:1.11, -0.201, -0.275
j:0, 1
j:3, 1
j:2, 1, stif=0.888
",9.509960421141044e-07,feasible,21
40,0,5,"//0
p:
p:1.0
p:0.773, -0.349, 0.36, fr=1.073
p:1.11, -0.201, -0.275
j:0, 1
j:2, 1
j:3, 1, stif=0.888
",1.0354335063332432e-06,"//0
p:
p:1.0
p:0.773, -0.349, 0.36, fr=1.073
p:1.11, -0.201, -0.275
j:0, 1, rotstif=0.952
j:2, 1
j:3, 1, stif=0.888
",1.0354335063332432e-06,feasible,21
40,0,5,"//0
p:
p:1.0
p:0.773, -0.349, 0.36, fr=1.073
p:1.11, -0.201, -0.275
j:0, 1
j:2, 1
j:3, 1, stif=0.888
",1.0354335063332432e-06,"//0
p:
p:1.0
p:0.773, -0.349, 0.36, fr=1.073
j:0, 1
j:2, 1
",8.44419160316485e-10,feasible,21
40,0,5,"//0
p:
p:1.0
p:0.773, -0.349, 0.36, fr=1.073
p:1.11, -0.201, -0.275
j:0, 1
j:2, 1
j:3, 1, stif=0.888
",1.0354335063332432e-06,"//0
p:
p:1.0
p:0.773, -0.349, 0.36, fr=1.204
p:1.11, -0.201, -0.275
j:0, 1
j:2, 1
j:3, 1, stif=0.888
",1.0354796534203097e-06,feasible,21
40,0,5,"//0
p:
p:1.0
p:0.773, -0.349, 0.36, fr=1.073
p:1.11, -0.201, -0.275
j:0, 1
j:2, 1
j:3, 1, stif=0.888
",1.0354335063332432e-06,"//0
p:
p:1.0
p:0.773, -0.349, 0.36, fr=1.073
p:1.11, -0.201, -0.275
j:0, 1
j:2, 1
j:3, 1, stif=0.888
n:p=0, d=T
",1.0354335063332432e-06,feasible,21
40,0,5,"//0
p:
p:1.0
p:0.773, -0.349, 0.36, fr=1.073
p:1.11, -0.201, -0.275
j:0, 1
j:2, 1
j:3, 1, stif=0.888
",1.0354335063332432e-06,"//0
p:
p:1.0
p:0.773, -0.349, 0.36, fr=1.073
p:1.11, -0.201, -0.275
j:0, 1, stif=0.912
j:2, 1
j:3, 1, stif=0.888
",1.00251707663908e-06,feasible,21
40,0,5,"//0
p:
p:1.0
p:0.773, -0.349, 0.36, fr=1.073
p:1.11, -0.201, -0.275
j:0, 1
j:2, 1
j:3, 1, stif=0.888
",1.0354335063332432e-06,"//0
p:
p:1.0
p:0.773, -0.349, 0.36, fr=1.073
p:1.158, 0.225, 0.117
j:0, 1
j:2, 1
j:3, 1, stif=0.888
",7.121310801506731e-07,feasible,21
40,0,5,"//0
p:
p:1.0
p:0.773, -0.349, 0.36, fr=1.073
p:1.11, -0.201, -0.275
j:0, 1
j:2, 1
j:3, 1, stif=0.888
",1.0354335063332432e-06,"//0
p:
p:1.0
p:0.773, -0.349, 0.36, fr=1.073
p:1.11, -0.201, -0.275
j:0, 1
j:2, 1
j:3, 1, stif=0.888
n:j=1, d=|
",1.0343542491999525e-06,feasible,21
40,0,5,"//0
p:
p:1.0
p:0.773, -0.349, 0.36, fr=1.073
p:1.11, -0.201, -0.275
j:0, 1
j:2, 1
j:3, 1, stif=0.888
",1.0354335063332432e-06,"//0
p:
p:1.0
p:0.773, -0.349, 0.36, fr=1.073
p:1.11, -0.201, -0.275
p:1.395, -1.157, 0.817
j:0, 1
j:2, 1
j:3, 1, stif=0.888
j:4, 1
",1.6433562922285829e-07,feasible,21
40,0,5,"//0
p:
p:1.0
p:0.773, -0.349, 0.36, fr=1.073
p:1.11, -0.201, -0.275
j:0, 1
j:2, 1
j:3, 1, stif=0.888
",1.0354335063332432e-06,"//0
p:
p:1.0
p:0.773, -0.349, 0.36, fr=1.073
p:1.11, -0.201, -0.275, fr=0.098
j:0, 1
j:2, 1
j:3, 1, stif=0.888
",1.0205256801572347e-06,feasible,21
40,0,5,"//0
p:
p:1.0
p:0.773, -0.349, 0.36, fr=1.073
p:1.11, -0.201, -0.275
j:0, 1
j:2, 1
j:3, 1, stif=0.888
",1.0354335063332432e-06,"//0
p:
p:1.0
p:0.773, -0.349, 0.36, fr=1.073
p:1.11, -0.201, -0.275
j:0, 1
j:2, 1
j:3, 1, stif=0.852
",1.0426350125837854e-06,feasible,21
40,0,5,"//0
p:
p:1.0
p:0.773, -0.349, 0.36, fr=1.073
p:1.11, -0.201, -0.275
j:0, 1
j:2, 1
j:3, 1, stif=0.888
",1.0354335063332432e-06,"//0
p:
p:1.0
p:0.773, -0.349, 0.36, fr=1.073
p:1.11, -0.201, -0.275
j:0, 1
j:2, 1
j:3, 1, stif=0.888
j:2, 0
",1.070000425407181e-07,feasible,21
40,0,6,"//0
p:
p:1.0
p:0.773, -0.349, 0.36, fr=1.073
p:1.11, -0.201, -0.275
j:0, 1
j:2, 1
j:3, 1, stif=0.888
n:j=0, d=|
",1.081959045758467e-06,"//0
p:
p:1.0
p:0.773, -0.349, 0.36, fr=1.073
p:1.11, -0.201, -0.275
j:0, 1
j:3, 1
j:2, 1, stif=0.888
n:j=0, d=|
",9.512879255715814e-07,feasible,20
40,0,6,"//0
p:
p:1.0
p:0.773, -0.349, 0.36, fr=1.073
p:1.11, -0.201, -0.275
j:0, 1
j:2, 1
j:3, 1, stif=0.888
n:j=0, d=|
",1.081959045758467e-06,"//0
p:1.0
p:0.773, -0.349, 0.36, fr=1.073
p:1.11, -0.201, -0.275
j:1, 0
j:2, 0, stif=0.888
",0.0,feasible,20
40,0,6,"//0
p:
p:1.0
p:0.773, -0.349, 0.36, fr=1.073
p:1.11, -0.201, -0.275
j:0, 1
j:2, 1
j:3, 1, stif=0.888
n:j=0, d=|
",1.081959045758467e-06,"//0
p:
p:1.0
p:0.773, -0.349, 0.36, fr=1.073
p:1.11, -0.201, -0.275
p:0.291, -0.004, 0.703
j:0, 1
j:2, 1
j:3, 1, stif=0.888
j:4, 0
n:j=0, d=|
",1.715268428030954e-07,feasible,20
40,0,6,"//0
p:
p:1.0
p:0.773, -0.349, 0.36, fr=1.073
p:1.11, -0.201, -0.275
j:0, 1
j:2, 1
j:3, 1, stif=0.888
n:j=0, d=|
",1.081959045758467e-06,"//0
p:
p:1.0, ing=0.278
p:0.773, -0.349, 0.36, fr=1.073
p:1.11, -0.201, -0.275
j:0, 1
j:2, 1
j:3, 1, stif=0.888
n:j=0, d=|
",1.081959045758467e-06,feasible,20
40,0,6,"//0
p:
p:1.0
p:0.773, -0.349, 0.36, fr=1.073
p:1.11, -0.201, -0.275
j:0, 1
j:2, 1
j:3, 1, stif=0.888
n:j=0, d=|
",1.081959045758467e-06,"//0
p:
p:1.0
p:0.773, -0.349, 0.36, fr=1.073
p:1.11, -0.201, -0.275
j:0, 1, stif=0.886
j:2, 1
j:3, 1, stif=0.888
n:j=0, d=|
",9.976131604631395e-07,feasible,20
40,0,6,"//0
p:
p:1.0
p:0.773, -0.349, 0.36, fr=1.073
p:1.11, -0.201, -0.275
j:0, 1
j:2, 1
j:3, 1, stif=0.888
n:j=0, d=|
",1.081959045758467e-06,"//0
p:
p:1.0
p:0.773, -0.349, 0.36, fr=1.073
p:1.11, -0.201, -0.275
p:0.372, 0.03, 0.214
j:0, 1
j:2, 1
j:3, 1, stif=0.888
j:4, 1
n:j=0, d=|
",1.694225702183359e-07,feasible,20
40,0,6,"//0
p:
p:1.0
p:0.773, -0.349, 0.36, fr=1.073
p:1.11, -0.201, -0.275
j:0, 1
j:2, 1
j:3, 1, stif=0.888
n:j=0, d=|
",1.081959045758467e-06,"//0
p:
p:1.034, -0.188, 0.184
p:0.773, -0.349, 0.36, fr=1.073
p:1.11, -0.201, -0.275
j:0, 1
j:2, 1
j:3, 1, stif=0.888
n:j=0, d=|
",6.070504129088148e-07,feasible,20
40,0,6,"//0
p:
p:1.0
p:0.773, -0.349, 0.36, fr=1.073
p:1.11, -0.201, -0.275
j:0, 1
j:2, 1
j:3, 1, stif=0.888
n:j=0, d=|
",1.081959045758467e-06,"//0
p:
p:1.0
p:0.773, -0.349, 0.36, fr=1.073
p:1.11, -0.201, -0.275
j:0, 1
j:2, 1
j:3, 1, stif=0.888, rotstif=0.961
n:j=0, d=|
",1.081959045758467e-06,feasible,20
40,0,6,"//0
p:
p:1.0
p:0.773, -0.349, 0.36, fr=1.073
p:1.11, -0.201, -0.275
j:0, 1
j:2, 1
j:3, 1, stif=0.888
n:j=0, d=|
",1.081959045758467e-06,"//0
p:
p:1.0
p:0.773, -0.349, 0.36, fr=1.073
p:1.11, -0.201, -0.275
j:0, 1, rotstif=0.924
j:2, 1
j:3, 1, stif=0.888
n:j=0, d=|
",1.081959045758467e-06,feasible,20
40,0,6,"//0
p:
p:1.0
p:0.773, -0.349, 0.36, fr=1.073
p:1.11, -0.201, -0.275
j:0, 1
j:2, 1
j:3, 1, stif=0.888
n:j=0, d=|
",1.081959045758467e-06,"//0
p:
p:1.0
p:0.773, -0.349, 0.36, fr=1.51
p:1.11, -0.201, -0.275
j:0, 1
j:2, 1
j:3, 1, stif=0.888
n:j=0, d=|
",1.0302188263154065e-06,feasible,20
40,0,6,"//0
p:
p:1.0
p:0.773, -0.349, 0.36, fr=1.073
p:1.11, -0.201, -0.275
j:0, 1
j:2, 1
j:3, 1, stif=0.888
n:j=0, d=|
",1.081959045758467e-06,"//0
p:fr=0.512
p:1.0
p:0.773, -0.349, 0.36, fr=1.073
p:1.11, -0.201, -0.275
j:0, 1
j:2, 1
j:3, 1, stif=0.888
n:j=0, d=|
",1.0375313561966642e-06,feasible,20
40,0,6,"//0
p:
p:1.0
p:0.773, -0.349, 0.36, fr=1.073
p:1.11, -0.201, -0.275
j:0, 1
j:2, 1
j:3, 1, stif=0.888
n:j=0, d=|
",1.081959045758467e-06,"//0
p:
p:1.0
p:0.773, -0.349, 0.36, fr=1.073
p:1.11, -0.201, -0.275
j:0, 1
j:2, 1
j:3, 1, stif=0.888
n:j=0, d=|
n:d=*
c:0, 1, 1.094
",3.3142915154707043e-06,feasible,20
40,0,6,"//0
p:
p:1.0
p:0.773, -0.349, 0.36, fr=1.073
p:1.11, -0.201, -0.275
j:0, 1
j:2, 1
j:3, 1, stif=0.888
n:j=0, d=|
",1.081959045758467e-06,"//0
p:
p:1.0
p:0.773, -0.349, 0.36, fr=1.073
p:1.11, -0.201, -0.275
p:0.297, 0.93, 1.357
j:0, 1
j:2, 1
j:3, 1, stif=0.888
j:4, 1
n:j=0, d=|
",2.374182103606631e-07,feasible,20
40,0,6,"//0
p:
p:1.0
p:0.773, -0.349, 0.36, fr=1.073
p:1.11, -0.201, -0.275
j:0, 1
j:2, 1
j:3, 1, stif=0.888
n:j=0, d=|
",1.081959045758467e-06,"//0
p:
p:1.0
p:0.773, -0.349, 0.36, fr=1.073
p:1.11, -0.201, -0.275
j:0, 1
j:2, 1, rotstif=0.859
j:3, 1, stif=0.888
n:j=0, d=|
",1.081959045758467e-06,feasible,20
40,0,6,"//0
p:
p:1.0
p:0.773, -0.349, 0.36, fr=1.073
p:1.11, -0.201, -0.275
j:0, 1
j:2, 1
j:3, 1, stif=0.888
n:j=0, d=|
",1.081959045758467e-06,"//0
p:
p:1.0, fr=0.856
p:0.773, -0.349, 0.36, fr=1.073
p:1.11, -0.201, -0.275
j:0, 1
j:2, 1
j:3, 1, stif=0.888
n:j=0, d=|
",1.081959045758467e-06,feasible,20
40,0,6,"//0
p:
p:1.0
p:0.773, -0.349, 0.36, fr=1.073
p:1.11, -0.201, -0.275
j:0, 1
j:2, 1
j:3, 1, stif=0.888
n:j=0, d=|
",1.081959045758467e-06,"//0
p:
p:1.0
p:0.773, -0.349, 0.36, fr=1.073
p:1.11, -0.201, -0.275
j:0, 1
j:2, 1
j:3, 1, stif=0.888
n:j=0, d=|:p=0.295
",1.1264171119772984e-06,feasible,20
40,0,6,"//0
p:
p:1.0
p:0.773, -0.349, 0.36, fr=1.073
p:1.11, -0.201, -0.275
j:0, 1
j:2, 1
j:3, 1, stif=0.888
n:j=0, d=|
",1.081959045758467e-06,"//0
p:
p:1.0
p:0.773, -0.349, 0.36, fr=1.073
p:1.11, -0.201, -0.275
j:0, 1
j:2, 1
j:3, 1, stif=0.888
j:0, 3
n:j=0, d=|
",7.042166484762901e-07,feasible,20
40,0,6,"//0
p:
p:1.0
p:0.773, -0.349, 0.36, fr=1.073
p:1.11, -0.201, -0.275
j:0, 1
j:2, 1
j:3, 1, stif=0.888
n:j=0, d=|
",1.081959045758467e-06,"//0
p:
p:1.0
p:0.773, -0.349, 0.36, fr=1.073
p:1.11, -0.201, -0.275
j:0, 2
j:1, 2
j:3, 2, stif=0.888
n:j=0, d=|
",1.1590768192251894e-07,feasible,20
40,0,6,"//0
p:
p:1.0
p:0.773, -0.349, 0.36, fr=1.073
p:1.11, -0.201, -0.275
j:0, 1
j:2, 1
j:3, 1, stif=0.888
n:j=0, d=|
",1.081959045758467e-06,"//0
p:
p:1.0
p:0.773, -0.349, 0.36, fr=1.073
p:1.11, -0.201, -0.275
p:0.795, 0.405, -0.332
j:0, 1
j:2, 1
j:3, 1, stif=0.888
j:4, 1
n:j=0, d=|
",4.2237633665982326e-07,feasible,20
40,0,6,"//0
p:
p:1.0
p:0.773, -0.349, 0.36, fr=1.073
p:1.11, -0.201, -0.275
j:0, 1
j:2, 1
j:3, 1, stif=0.888
n:j=0, d=|
",1.081959045758467e-06,"//0
p:
p:1.0
p:0.773, -0.349, 0.36, fr=1.073
p:1.11, -0.201, -0.275
j:0, 1
j:2, 1
j:3, 1, stif=0.888
n:j=0, d=|:p=0.3
",1.0404296234605384e-06,feasible,20
40,0,7,"//0
p:
p:1.0
p:0.773, -0.349, 0.36, fr=1.073
p:1.11, -0.201, -0.275
j:0, 1
j:2, 1
j:3, 1, stif=0.888
n:j=0, d=|
n:j=1, d=|
",1.2148438450989763e-06,"//0
p:
p:1.0
p:0.773, -0.349, 0.36, fr=1.073
p:1.11, -0.201, -0.275
j:0, 1
j:2, 1
j:3, 1, stif=0.888
n:j=0, d=|:p=0.441
n:j=1, d=|
",1.0534617945961618e-06,feasible,20
40,0,7,"//0
p:
p:1.0
p:0.773, -0.349, 0.36, fr=1.073
p:1.11, -0.201, -0.275
j:0, 1
j:2, 1
j:3, 1, stif=0.888
n:j=0, d=|
n:j=1, d=|
",1.2148438450989763e-06,"//0
p:
p:1.0
p:0.773, -0.349, 0.36, fr=1.073
j:0, 1
j:2, 1
n:j=0, d=|
n:j=1, d=|
",1.5601447009135975e-07,feasible,20
40,0,7,"//0
p:
p:1.0
p:0.773, -0.349, 0.36, fr=1.073
p:1.11, -0.201, -0.275
j:0, 1
j:2, 1
j:3, 1, stif=0.888
n:j=0, d=|
n:j=1, d=|
",1.2148438450989763e-06,"//0
p:
p:1.0
p:0.773, -0.349, 0.36, fr=1.073
p:1.11, -0.201, -0.275
j:0, 1
j:2, 1
j:3, 1, stif=0.888
n:j=0, d=|
n:j=1, d=|
n:j=0, d=G
c:1, 2, -0.25
",1.263911474073153e-06,feasible,20
40,0,7,"//0
p:
p:1.0
p:0.773, -0.349, 0.36, fr=1.073
p:1.11, -0.201, -0.275
j:0, 1
j:2, 1
j:3, 1, stif=0.888
n:j=0, d=|
n:j=1, d=|
",1.2148438450989763e-06,"//0
p:
p:1.0
p:0.773, -0.349, 0.36, fr=1.073
p:1.11, -0.201, -0.275
j:0, 1
j:2, 1
j:3, 1, stif=0.888
j:0, 2
n:j=0, d=|
n:j=1, d=|
",3.787604120569096e-08,feasible,20
40,0,7,"//0
p:
p:1.0
p:0.773, -0.349, 0.36, fr=1.073
p:1.11, -0.201, -0.275
j:0, 1
j:2, 1
j:3, 1, stif=0.888
n:j=0, d=|
n:j=1, d=|
",1.2148438450989763e-06,"//0
p:
p:1.0
p:0.773, -0.349, 0.36, fr=1.073
p:1.11, -0.201, -0.275
j:0, 1
j:2, 1
j:3, 1, stif=0.888
n:j=0, d=|
n:j=1, d=|
n:p=2, d=T
c:1, 2, 1.583
",2.3828687406714796e-06,feasible,20
40,0,7,"//0
p:
p:1.0
p:0.773, -0.349, 0.36, fr=1.073
p:1.11, -0.201, -0.275
j:0, 1
j:2, 1
j:3, 1, stif=0.888
n:j=0, d=|
n:j=1, d=|
",1.2148438450989763e-06,"//0
p:ing=0.132
p:1.0
p:0.773, -0.349, 0.36, fr=1.073
p:1.11, -0.201, -0.275
j:0, 1
j:2, 1
j:3, 1, stif=0.888
n:j=0, d=|
n:j=1, d=|
",1.2148438450989763e-06,feasible,20
40,0,7,"//0
p:
p:1.0
p:0.773, -0.349, 0.36, fr=1.073
p:1.11, -0.201, -0.275
j:0, 1
j:2, 1
j:3, 1, stif=0.888
n:j=0, d=|
n:j=1, d=|
",1.2148438450989763e-06,"//0
p:
p:1.0
p:0.773, -0.349, 0.36, fr=1.073
p:1.11, -0.201, -0.275
j:0, 1
j:2, 1
j:3, 1, stif=0.888, rotstif=0.939
n:j=0, d=|
n:j=1, d=|
",1.2148438450989763e-06,feasible,20
40,0,7,"//0
p:
p:1.0
p:0.773, -0.349, 0.36, fr=1.073
p:1.11, -0.201, -0.275
j:0, 1
j:2, 1
j:3, 1, stif=0.888
n:j=0, d=|
n:j=1, d=|
",1.2148438450989763e-06,"//0
p:
p:1.0
p:0.773, -0.349, 0.36, fr=1.073
p:1.11, -0.201, -0.275
j:0, 1
j:2, 1
j:3, 1, stif=0.888
n:j=0, d=|
n:j=1, d=|
n:j=2, d=|
",1.3056432602373959e-06,feasible,20
40,0,7,"//0
p:
p:1.0
p:0.773, -0.349, 0.36, fr=1.073
p:1.11, -0.201, -0.275
j:0, 1
j:2, 1
j:3, 1, stif=0.888
n:j=0, d=|
n:j=1, d=|
",1.2148438450989763e-06,"//0
p:
p:1.0
p:0.773, -0.349, 0.36, fr=1.073
p:1.11, -0.201, -0.275
j:0, 3
j:2, 3
j:1, 3, stif=0.888
n:j=0, d=|
n:j=1, d=|
",2.685073947597242e-07,feasible,20
40,0,7,"//0
p:
p:1.0
p:0.773, -0.349, 0.36, fr=1.073
p:1.11, -0.201, -0.275
j:0, 1
j:2, 1
j:3, 1, stif=0.888
n:j=0, d=|
n:j=1, d=|
",1.2148438450989763e-06,"//0
p:
p:1.0
p:0.773, -0.349, 0.36, fr=1.073
p:1.11, -0.201, -0.275
p:0.14, -0.597, 1.09
j:0, 1
j:2, 1
j:3, 1, stif=0.888
j:4, 0
n:j=0, d=|
n:j=1, d=|
",1.5379887677492687e-07,feasible,20
40,0,7,"//0
p:
p:1.0
p:0.773, -0.349, 0.36, fr=1.073
p:1.11, -0.201, -0.275
j:0, 1
j:2, 1
j:3, 1, stif=0.888
n:j=0, d=|
n:j=1, d=|
",1.2148438450989763e-06,"//0
p:
p:1.0
p:0.773, -0.349, 0.36, fr=1.073
p:1.11, -0.201, -0.275, ing=0.204
j:0, 1
j:2, 1
j:3, 1, stif=0.888
n:j=0, d=|
n:j=1, d=|
",1.2148438450989763e-06,feasible,20
40,0,7,"//0
p:
p:1.0
p:0.773, -0.349, 0.36, fr=1.073
p:1.11, -0.201, -0.275
j:0, 1
j:2, 1
j:3, 1, stif=0.888
n:j=0, d=|
n:j=1, d=|
",1.2148438450989763e-06,"//0
p:
p:1.0
p:0.773, -0.349, 0.36, fr=1.073
p:1.11, -0.201, -0.275
j:0, 1
j:2, 1
j:3, 1, stif=0.888
n:j=0, d=|:p=0.328
n:j=1, d=|
",1.1056013137570103e-06,feasible,20
40,0,7,"//0
p:
p:1.0
p:0.773, -0.349, 0.36, fr=1.073
p:1.11, -0.201, -0.275
j:0, 1
j:2, 1
j:3, 1, stif=0.888
n:j=0, d=|
n:j=1, d=|
",1.2148438450989763e-06,"//0
p:
p:1.0
p:0.773, -0.349, 0.36, fr=1.073
p:1.11, -0.201, -0.275
j:0, 1
j:2, 1
j:3, 1, stif=0.962
n:j=0, d=|
n:j=1, d=|
",1.1296137995568032e-06,feasible,20
40,0,7,"//0
p:
p:1.0
p:0.773, -0.349, 0.36, fr=1.073
p:1.11, -0.201, -0.275
j:0, 1
j:2, 1
j:3, 1, stif=0.888
n:j=0, d=|
n:j=1, d=|
",1.2148438450989763e-06,"//0
p:
p:1.0
p:0.773, -0.349, 0.36, fr=1.073
p:1.11, -0.201, -0.275
p:0.897, -0.411, -0.308
j:0, 1
j:2, 1
j:3, 1, stif=0.888
j:4, 3
n:j=0, d=|
n:j=1, d=|
",1.450259682075875e-07,feasible,20
40,0,7,"//0
p:
p:1.0
p:0.773, -0.349, 0.36, fr=1.073
p:1.11, -0.201, -0.275
j:0, 1
j:2, 1
j:3, 1, stif=0.888
n:j=0, d=|
n:j=1, d=|
",1.2148438450989763e-06,"//0
p:
p:1.0
p:0.773, -0.349, 0.36, fr=1.073
p:1.11, -0.201, -0.275
j:0, 2
j:1, 2
j:3, 2, stif=0.888
n:j=0, d=|
n:j=1, d=|
",1.152803085417038e-07,feasible,20
40,0,7,"//0
p:
p:1.0
p:0.773, -0.349, 0.36, fr=1.073
p:1.11, -0.201, -0.275
j:0, 1
j:2, 1
j:3, 1, stif=0.888
n:j=0, d=|
n:j=1, d=|
",1.2148438450989763e-06,"//0
p:
p:1.0, ing=0.156
p:0.773, -0.349, 0.36, fr=1.073
p:1.11, -0.201, -0.275
j:0, 1
j:2, 1
j:3, 1, stif=0.888
n:j=0, d=|
n:j=1, d=|
",1.2148438450989763e-06,feasible,20
40,0,7,"//0
p:
p:1.0
p:0.773, -0.349, 0.36, fr=1.073
p:1.11, -0.201, -0.275
j:0, 1
j:2, 1
j:3, 1, stif=0.888
n:j=0, d=|
n:j=1, d=|
",1.2148438450989763e-06,"//0
p:
p:1.0
p:0.858, 0.056, 0.433, fr=1.073
p:1.11, -0.201, -0.275
j:0, 1
j:2, 1
j:3, 1, stif=0.888
n:j=0, d=|
n:j=1, d=|
",2.7358616366612053e-07,feasible,20
40,0,7,"//0
p:
p:1.0
p:0.773, -0.349, 0.36, fr=1.073
p:1.11, -0.201, -0.275
j:0, 1
j:2, 1
j:3, 1, stif=0.888
n:j=0, d=|
n:j=1, d=|
",1.2148438450989763e-06,"//0
p:
p:1.0
p:0.773, -0.349, 0.36, fr=1.073
p:1.11, -0.201, -0.275
p:-0.067, -0.261, 1.223
j:0, 1
j:2, 1
j:3, 1, stif=0.888
j:4, 2
n:j=0, d=|
n:j=1, d=|
",1.2546559010064423e-07,feasible,20
40,0,7,"//0
p:
p:1.0
p:0.773, -0.349, 0.36, fr=1.073
p:1.11, -0.201, -0.275
j:0, 1
j:2, 1
j:3, 1, stif=0.888
n:j=0, d=|
n:j=1, d=|
",1.2148438450989763e-06,"//0
p:
p:1.0, fr=0.142
p:0.773, -0.349, 0.36, fr=1.073
p:1.11, -0.201, -0.275
j:0, 1
j:2, 1
j:3, 1, stif=0.888
n:j=0, d=|
n:j=1, d=|
",1.183182931199698e-06,feasible,20
40,0,7,"//0
p:
p:1.0
p:0.773, -0.349, 0.36, fr=1.073
p:1.11, -0.201, -0.275
j:0, 1
j:2, 1
j:3, 1, stif=0.888
n:j=0, d=|
n:j=1, d=|
",1.2148438450989763e-06,"//0
p:
p:1.0
p:0.773, -0.349, 0.36, fr=1.073
p:1.11, -0.201, -0.275
j:0, 1
j:2, 1
j:3, 1, stif=0.888
n:j=0, d=|
n:j=1, d=|:r=0.895
",1.2148438450989763e-06,feasible,20
40,0,8,"//0
p:
p:1.0
p:0.773, -0.349, 0.36, fr=1.073
p:1.11, -0.201, -0.275
j:0, 1
j:2, 1
j:3, 1, stif=0.888
n:j=0, d=|
n:j=1, d=|:p=0.301
",1.3316970202899378e-06,"//0
p:
p:1.0
p:0.773, -0.349, 0.36, fr=1.073
p:1.11, -0.201, -0.275
j:0, 1
j:2, 1
j:3, 1, stif=0.948
n:j=0, d=|
n:j=1, d=|:p=0.301
",1.0785726249904656e-06,feasible,20
40,0,8,"//0
p:
p:1.0
p:0.773, -0.349, 0.36, fr=1.073
p:1.11, -0.201, -0.275
j:0, 1
j:2, 1
j:3, 1, stif=0.888
n:j=0, d=|
n:j=1, d=|:p=0.301
",1.3316970202899378e-06,"//0
p:
p:1.0
p:0.773, -0.349, 0.36, fr=1.073
p:1.11, -0.201, -0.275
p:0.456, -0.437, -0.243
j:0, 1
j:2, 1
j:3, 1, stif=0.888
j:4, 2
n:j=0, d=|
n:j=1, d=|:p=0.301
",8.644887564868981e-07,feasible,20
40,0,8,"//0
p:
p:1.0
p:0.773, -0.349, 0.36, fr=1.073
p:1.11, -0.201, -0.275
j:0, 1
j:2, 1
j:3, 1, stif=0.888
n:j=0, d=|
n:j=1, d=|:p=0.301
",1.3316970202899378e-06,"//0
p:
p:1.0
p:0.773, -0.349, 0.36, fr=1.073
p:1.11, -0.201, -0.275
j:0, 1
j:2, 1
j:3, 1, stif=0.888
n:j=0, d=|
n:j=1, d=|:p=0.301
n:d=*
c:1, 2, -1.645
",9.110258838074444e-07,feasible,20
40,0,8,"//0
p:
p:1.0
p:0.773, -0.349, 0.36, fr=1.073
p:1.11, -0.201, -0.275
j:0, 1
j:2, 1
j:3, 1, stif=0.888
n:j=0, d=|
n:j=1, d=|:p=0.301
",1.3316970202899378e-06,"//0
p:
p:1.0
p:0.773, -0.349, 0.36, fr=1.073
p:1.11, -0.201, -0.275
j:0, 1
j:2, 1
j:3, 1, stif=0.888
n:j=0, d=|
n:j=1, d=|:p=0.301
n:p=0, d=T
c:1, 2, 1.552
",1.1385847443427111e-06,feasible,20
40,0,8,"//0
p:
p:1.0
p:0.773, -0.349, 0.36, fr=1.073
p:1.11, -0.201, -0.275
j:0, 1
j:2, 1
j:3, 1, stif=0.888
n:j=0, d=|
n:j=1, d=|:p=0.301
",1.3316970202899378e-06,"//0
p:
p:1.0
p:1.11, -0.201, -0.275
j:0, 1
j:2, 1, stif=0.888
n:j=0, d=|
",1.1384052319696342e-11,feasible,20
40,0,8,"//0
p:
p:1.0
p:0.773, -0.349, 0.36, fr=1.073
p:1.11, -0.201, -0.275
j:0, 1
j:2, 1
j:3, 1, stif=0.888
n:j=0, d=|
n:j=1, d=|:p=0.301
",1.3316970202899378e-06,"//0
p:
p:1.0
p:0.773, -0.349, 0.36, fr=1.073
p:1.11, -0.201, -0.275
j:0, 1
j:2, 1
j:3, 1, stif=0.888
j:3, 2
n:j=0, d=|
n:j=1, d=|:p=0.301
",4.804064674113474e-07,feasible,20
40,0,8,"//0
p:
p:1.0
p:0.773, -0.349, 0.36, fr=1.073
p:1.11, -0.201, -0.275
j:0, 1
j:2, 1
j:3, 1, stif=0.888
n:j=0, d=|
n:j=1, d=|:p=0.301
",1.3316970202899378e-06,"//0
p:
p:1.0
p:0.773, -0.349, 0.36, fr=1.073
p:1.11, -0.201, -0.275
j:0, 1, stif=0.84
j:2, 1
j:3, 1, stif=0.888
n:j=0, d=|
n:j=1, d=|:p=0.301
",9.643927006643409e-07,feasible,20
40,0,8,"//0
p:
p:1.0
p:0.773, -0.349, 0.36, fr=1.073
p:1.11, -0.201, -0.275
j:0, 1
j:2, 1
j:3, 1, stif=0.888
n:j=0, d=|
n:j=1, d=|:p=0.301
",1.3316970202899378e-06,"//0
p:
p:1.0
p:0.773, -0.349, 0.36, fr=1.073
p:1.11, -0.201, -0.275
j:0, 1, stif=0.798
j:2, 1
j:3, 1, stif=0.888
n:j=0, d=|
n:j=1, d=|:p=0.301
",9.464315185504545e-07,feasible,20
40,0,8,"//0
p:
p:1.0
p:0.773, -0.349, 0.36, fr=1.073
p:1.11, -0.201, -0.275
j:0, 1
j:2, 1
j:3, 1, stif=0.888
n:j=0, d=|
n:j=1, d=|:p=0.301
",1.3316970202899378e-06,"//0
p:
p:1.0
p:0.773, -0.349, 0.36, fr=1.073
p:1.11, -0.201, -0.275
j:0, 1, stif=0.88
j:2, 1
j:3, 1, stif=0.888
n:j=0, d=|
n:j=1, d=|:p=0.301
",1.0154800541491698e-06,feasible,20
40,0,8,"//0
p:
p:1.0
p:0.773, -0.349, 0.36, fr=1.073
p:1.11, -0.201, -0.275
j:0, 1
j:2, 1
j:3, 1, stif=0.888
n:j=0, d=|
n:j=1, d=|:p=0.301
",1.3316970202899378e-06,"//0
p:
p:1.0
p:0.773, -0.349, 0.36, fr=1.073
p:1.11, -0.201, -0.275
j:0, 1
j:2, 1
j:3, 1, stif=0.888
j:0, 2
n:j=0, d=|
n:j=1, d=|:p=0.301
",2.1350437467354174e-08,feasible,20
40,0,8,"//0
p:
p:1.0
p:0.773, -0.349, 0.36, fr=1.073
p:1.11, -0.201, -0.275
j:0, 1
j:2, 1
j:3, 1, stif=0.888
n:j=0, d=|
n:j=1, d=|:p=0.301
",1.3316970202899378e-06,"//0
p:
p:1.0
p:0.773, -0.349, 0.36, fr=1.073
j:0, 1
j:2, 1
n:j=0, d=|
n:j=1, d=|:p=0.301
",3.2555512534626656e-08,feasible,20
40,0,8,"//0
p:
p:1.0
p:0.773, -0.349, 0.36, fr=1.073
p:1.11, -0.201, -0.275
j:0, 1
j:2, 1
j:3, 1, stif=0.888
n:j=0, d=|
n:j=1, d=|:p=0.301
",1.3316970202899378e-06,"//0
p:
p:1.0
p:0.773, -0.349, 0.36, fr=1.073
p:1.11, -0.201, -0.275
j:3, 1
j:2, 1
j:0, 1, stif=0.888
n:j=0, d=|
n:j=1, d=|:p=0.301
",8.849453885266773e-07,feasible,20
40,0,8,"//0
p:
p:1.0
p:0.773, -0.349, 0.36, fr=1.073
p:1.11, -0.201, -0.275
j:0, 1
j:2, 1
j:3, 1, stif=0.888
n:j=0, d=|
n:j=1, d=|:p=0.301
",1.3316970202899378e-06,"//0
p:
p:1.0
p:0.773, -0.349, 0.36, fr=1.073
p:1.11, -0.201, -0.275
j:0, 1, stif=0.805
j:2, 1
j:3, 1, stif=0.888
n:j=0, d=|
n:j=1, d=|:p=0.301
",9.803601276747944e-07,feasible,20
40,0,8,"//0
p:
p:1.0
p:0.773, -0.349, 0.36, fr=1.073
p:1.11, -0.201, -0.275
j:0, 1
j:2, 1
j:3, 1, stif=0.888
n:j=0, d=|
n:j=1, d=|:p=0.301
",1.3316970202899378e-06,"//0
p:
p:1.0
p:0.773, -0.349, 0.36, fr=1.073
p:1.11, -0.201, -0.275
j:0, 1, stif=0.873
j:2, 1
j:3, 1, stif=0.888
n:j=0, d=|
n:j=1, d=|:p=0.301
",9.78312514205578e-07,feasible,20
40,0,8,"//0
p:
p:1.0
p:0.773, -0.349, 0.36, fr=1.073
p:1.11, -0.201, -0.275
j:0, 1
j:2, 1
j:3, 1, stif=0.888
n:j=0, d=|
n:j=1, d=|:p=0.301
",1.3316970202899378e-06,"//0
p:
p:1.0
p:0.773, -0.349, 0.36, fr=1.073
p:1.11, -0.201, -0.275
j:0, 1
j:2, 1
j:3, 1, stif=0.731
n:j=0, d=|
n:j=1, d=|:p=0.301
",5.953722397375898e-08,feasible,20
40,0,8,"//0
p:
p:1.0
p:0.773, -0.349, 0.36, fr=1.073
p:1.11, -0.201, -0.275
j:0, 1
j:2, 1
j:3, 1, stif=0.888
n:j=0, d=|
n:j=1, d=|:p=0.301
",1.3316970202899378e-06,"//0
p:
p:1.0
p:0.773, -0.349, 0.36, fr=1.073
p:1.11, -0.201, -0.275
j:0, 1, rotstif=0.99
j:2, 1
j:3, 1, stif=0.888
n:j=0, d=|
n:j=1, d=|:p=0.301
",1.3316970202899378e-06,feasible,20
40,0,8,"//0
p:
p:1.0
p:0.773, -0.349, 0.36, fr=1.073
p:1.11, -0.201, -0.275
j:0, 1
j:2, 1
j:3, 1, stif=0.888
n:j=0, d=|
n:j=1, d=|:p=0.301
",1.3316970202899378e-06,"//0
p:
p:1.0
p:0.773, -0.349, 0.36, fr=1.073
p:1.11, -0.201, -0.275
p:1.613, 1.141, -0.174
j:0, 1
j:2, 1
j:3, 1, stif=0.888
j:4, 1
n:j=0, d=|
n:j=1, d=|:p=0.301
",5.587103117105562e-07,feasible,20
40,0,8,"//0
p:
p:1.0
p:0.773, -0.349, 0.36, fr=1.073
p:1.11, -0.201, -0.275
j:0, 1
j:2, 1
j:3, 1, stif=0.888
n:j=0, d=|
n:j=1, d=|:p=0.301
",1.3316970202899378e-06,"//0
p:
p:1.0
p:0.773, -0.349, 0.36, fr=1.073
p:1.11, -0.201, -0.275
j:0, 1
j:2, 1
j:3, 1, stif=0.888
j:0, 3
n:j=0, d=|
n:j=1, d=|:p=0.301
",7.062780195649548e-07,feasible,20
40,0,8,"//0
p:
p:1.0
p:0.773, -0.349, 0.36, fr=1.073
p:1.11, -0.201, -0.275
j:0, 1
j:2, 1
j:3, 1, stif=0.888
n:j=0, d=|
n:j=1, d=|:p=0.301
",1.3316970202899378e-06,"//0
p:
p:1.0
p:0.773, -0.349, 0.36, fr=1.073
p:1.11, -0.201, -0.275
j:0, 1, rotstif=0.959
j:2, 1
j:3, 1, stif=0.888
n:j=0, d=|
n:j=1, d=|:p=0.301
",1.3316970202899378e-06,feasible,20
40,0,8,"//0
p:
p:1.0
p:0.773, -0.349, 0.36, fr=1.073
p:1.11, -0.201, -0.275
j:0, 1
j:2, 1
j:3, 1, stif=0.888
n:j=0, d=|
n:j=1, d=|:p=0.301
",1.3316970202899378e-06,"//0
p:
p:1.0
p:0.773, -0.349, 0.36, fr=1.073
p:1.11, -0.201, -0.275
j:0, 3
j:2, 3
j:1, 3, stif=0.888
n:j=0, d=|
n:j=1, d=|:p=0.301
",2.696261967071984e-07,feasible,20
40,0,9,"//0
p:-0.544, -0.537, 0.451
p:1.0
p:0.773, -0.349, 0.36, fr=1.073
p:1.11, -0.201, -0.275
j:0, 1
j:2, 1
j:3, 1, stif=0.888
n:j=0, d=|
n:j=1, d=|:p=0.301
",4.6938697573042495e-06,"//0
p:-0.544, -0.537, 0.451
p:1.0
p:0.773, -0.349, 0.36, fr=1.073, ing=0.167
p:1.11, -0.201, -0.275
j:0, 1
j:2, 1
j:3, 1, stif=0.888
n:j=0, d=|
n:j=1, d=|:p=0.301
",4.6938697573042495e-06,feasible,20
40,0,9,"//0
p:-0.544, -0.537, 0.451
p:1.0
p:0.773, -0.349, 0.36, fr=1.073
p:1.11, -0.201, -0.275
j:0, 1
j:2, 1
j:3, 1, stif=0.888
n:j=0, d=|
n:j=1, d=|:p=0.301
",4.6938697573042495e-06,"//0
p:1.0
p:0.773, -0.349, 0.36, fr=1.073
p:1.11, -0.201, -0.275
j:1, 0
j:2, 0, stif=0.888
n:j=0, d=|:p=0.301
",1.7347234759768072e-22,feasible,20
40,0,9,"//0
p:-0.544, -0.537, 0.451
p:1.0
p:0.773, -0.349, 0.36, fr=1.073
p:1.11, -0.201, -0.275
j:0, 1
j:2, 1
j:3, 1, stif=0.888
n:j=0, d=|
n:j=1, d=|:p=0.301
",4.6938697573042495e-06,"//0
p:-0.9854593912923975, -0.06221466757455742, 0.23082543332009706
p:1.0
p:0.773, -0.349, 0.36, fr=1.073
p:1.11, -0.201, -0.275
j:0, 1
j:2, 1
j:3, 1, stif=0.888
n:j=0, d=|
n:j=1, d=|:p=0.301
",2.574210010736168e-06,feasible,20
40,0,9,"//0
p:-0.544, -0.537, 0.451
p:1.0
p:0.773, -0.349, 0.36, fr=1.073
p:1.11, -0.201, -0.275
j:0, 1
j:2, 1
j:3, 1, stif=0.888
n:j=0, d=|
n:j=1, d=|:p=0.301
",4.6938697573042495e-06,"//0
p:-0.544, -0.537, 0.451, ing=0.225
p:1.0
p:0.773, -0.349, 0.36, fr=1.073
p:1.11, -0.201, -0.275
j:0, 1
j:2, 1
j:3, 1, stif=0.888
n:j=0, d=|
n:j=1, d=|:p=0.301
",4.6938697573042495e-06,feasible,20
40,0,9,"//0
p:-0.544, -0.537, 0.451
p:1.0
p:0.773, -0.349, 0.36, fr=1.073
p:1.11, -0.201, -0.275
j:0, 1
j:2, 1
j:3, 1, stif=0.888
n:j=0, d=|
n:j=1, d=|:p=0.301
",4.6938697573042495e-06,"//0
p:-0.544, -0.537, 0.451
p:1.0
p:0.773, -0.349, 0.36, fr=1.073
p:1.11, -0.201, -0.275
j:0, 1
j:2, 1
j:3, 1, stif=0.761
n:j=0, d=|
n:j=1, d=|:p=0.301
",2.62398430939948e-07,feasible,20
40,0,9,"//0
p:-0.544, -0.537, 0.451
p:1.0
p:0.773, -0.349, 0.36, fr=1.073
p:1.11, -0.201, -0.275
j:0, 1
j:2, 1
j:3, 1, stif=0.888
n:j=0, d=|
n:j=1, d=|:p=0.301
",4.6938697573042495e-06,"//0
p:-0.544, -0.537, 0.451
p:1.0, fr=0.9
p:0.773, -0.349, 0.36, fr=1.073
p:1.11, -0.201, -0.275
j:0, 1
j:2, 1
j:3, 1, stif=0.888
n:j=0, d=|
n:j=1, d=|:p=0.301
",4.6816903301219895e-06,feasible,20
40,0,9,"//0
p:-0.544, -0.537, 0.451
p:1.0
p:0.773, -0.349, 0.36, fr=1.073
p:1.11, -0.201, -0.275
j:0, 1
j:2, 1
j:3, 1, stif=0.888
n:j=0, d=|
n:j=1, d=|:p=0.301
",4.6938697573042495e-06,"//0
p:-0.544, -0.537, 0.451, fr=1.615
p:1.0
p:0.773, -0.349, 0.36, fr=1.073
p:1.11, -0.201, -0.275
j:0, 1
j:2, 1
j:3, 1, stif=0.888
n:j=0, d=|
n:j=1, d=|:p=0.301
",4.66792372448765e-06,feasible,20
40,0,9,"//0
p:-0.544, -0.537, 0.451
p:1.0
p:0.773, -0.349, 0.36, fr=1.073
p:1.11, -0.201, -0.275
j:0, 1
j:2, 1
j:3, 1, stif=0.888
n:j=0, d=|
n:j=1, d=|:p=0.301
",4.6938697573042495e-06,"//0
p:-0.544, -0.537, 0.451
p:1.0
p:0.773, -0.349, 0.36, fr=1.073
p:1.11, -0.201, -0.275
j:0, 1
j:2, 1, rotstif=0.902
j:3, 1, stif=0.888
n:j=0, d=|
n:j=1, d=|:p=0.301
",4.6938697573042495e-06,feasible,20
40,0,9,"//0
p:-0.544, -0.537, 0.451
p:1.0
p:0.773, -0.349, 0.36, fr=1.073
p:1.11, -0.201, -0.275
j:0, 1
j:2, 1
j:3, 1, stif=0.888
n:j=0, d=|
n:j=1, d=|:p=0.301
",4.6938697573042495e-06,"//0
p:-0.544, -0.537, 0.451
p:1.0
p:0.773, -0.349, 0.36, fr=1.073
p:1.11, -0.201, -0.275
j:0, 1
j:2, 1
j:3, 1, stif=0.888, rotstif=0.945
n:j=0, d=|
n:j=1, d=|:p=0.301
",4.6938697573042495e-06,feasible,20
40,0,9,"//0
p:-0.544, -0.537, 0.451
p:1.0
p:0.773, -0.349, 0.36, fr=1.073
p:1.11, -0.201, -0.275
j:0, 1
j:2, 1
j:3, 1, stif=0.888
n:j=0, d=|
n:j=1, d=|:p=0.301
",4.6938697573042495e-06,"//0
p:-0.544, -0.537, 0.451
p:1.0
p:0.773, -0.349, 0.36, fr=1.073
p:1.11, -0.201, -0.275
j:0, 1
j:2, 1
j:3, 1, stif=0.888
n:j=1, d=|:p=0.301
",4.619857061990496e-06,feasible,20
40,0,9,"//0
p:-0.544, -0.537, 0.451
p:1.0
p:0.773, -0.349, 0.36, fr=1.073
p:1.11, -0.201, -0.275
j:0, 1
j:2, 1
j:3, 1, stif=0.888
n:j=0, d=|
n:j=1, d=|:p=0.301
",4.6938697573042495e-06,"//0
p:-0.544, -0.537, 0.451
p:1.0
p:0.773, -0.349, 0.36, fr=1.073
p:1.11, -0.201, -0.275, ing=0.43
j:0, 1
j:2, 1
j:3, 1, stif=0.888
n:j=0, d=|
n:j=1, d=|:p=0.301
",4.6938697573042495e-06,feasible,20
40,0,9,"//0
p:-0.544, -0.537, 0.451
p:1.0
p:0.773, -0.349, 0.36, fr=1.073
p:1.11, -0.201, -0.275
j:0, 1
j:2, 1
j:3, 1, stif=0.888
n:j=0, d=|
n:j=1, d=|:p=0.301
",4.6938697573042495e-06,"//0
p:-0.544, -0.537, 0.451
p:1.0
p:0.773, -0.349, 0.36, fr=1.497
p:1.11, -0.201, -0.275
j:0, 1
j:2, 1
j:3, 1, stif=0.888
n:j=0, d=|
n:j=1, d=|:p=0.301
",4.6938697573042495e-06,feasible,20
40,0,9,"//0
p:-0.544, -0.537, 0.451
p:1.0
p:0.773, -0.349, 0.36, fr=1.073
p:1.11, -0.201, -0.275
j:0, 1
j:2, 1
j:3, 1, stif=0.888
n:j=0, d=|
n:j=1, d=|:p=0.301
",4.6938697573042495e-06,"//0
p:-0.544, -0.537, 0.451
p:1.0
p:0.773, -0.349, 0.36, fr=1.073
p:1.11, -0.201, -0.275, fr=0.058
j:0, 1
j:2, 1
j:3, 1, stif=0.888
n:j=0, d=|
n:j=1, d=|:p=0.301
",1.5304232894921286e-06,feasible,20
40,0,9,"//0
p:-0.544, -0.537, 0.451
p:1.0
p:0.773, -0.349, 0.36, fr=1.073
p:1.11, -0.201, -0.275
j:0, 1
j:2, 1
j:3, 1, stif=0.888
n:j=0, d=|
n:j=1, d=|:p=0.301
",4.6938697573042495e-06,"//0
p:-0.544, -0.537, 0.451
p:1.0
p:0.773, -0.349, 0.36, fr=1.073
p:1.11, -0.201, -0.275
j:0, 1, rotstif=0.98
j:2, 1
j:3, 1, stif=0.888
n:j=0, d=|
n:j=1, d=|:p=0.301
",4.6938697573042495e-06,feasible,20
40,0,9,"//0
p:-0.544, -0.537, 0.451
p:1.0
p:0.773, -0.349, 0.36, fr=1.073
p:1.11, -0.201, -0.275
j:0, 1
j:2, 1
j:3, 1, stif=0.888
n:j=0, d=|
n:j=1, d=|:p=0.301
",4.6938697573042495e-06,"//0
p:-0.544, -0.537, 0.451
p:1.0
p:0.773, -0.349, 0.36, fr=1.073
p:1.11, -0.201, -0.275, fr=0.099
j:0, 1
j:2, 1
j:3, 1, stif=0.888
n:j=0, d=|
n:j=1, d=|:p=0.301
",6.516499420169165e-06,feasible,20
40,0,9,"//0
p:-0.544, -0.537, 0.451
p:1.0
p:0.773, -0.349, 0.36, fr=1.073
p:1.11, -0.201, -0.275
j:0, 1
j:2, 1
j:3, 1, stif=0.888
n:j=0, d=|
n:j=1, d=|:p=0.301
",4.6938697573042495e-06,"//0
p:-0.544, -0.537, 0.451
p:1.0
p:0.773, -0.349, 0.36, fr=1.073
p:1.11, -0.201, -0.275
j:0, 1, rotstif=0.855
j:2, 1
j:3, 1, stif=0.888
n:j=0, d=|
n:j=1, d=|:p=0.301
",4.6938697573042495e-06,feasible,20
40,0,9,"//0
p:-0.544, -0.537, 0.451
p:1.0
p:0.773, -0.349, 0.36, fr=1.073
p:1.11, -0.201, -0.275
j:0, 1
j:2, 1
j:3, 1, stif=0.888
n:j=0, d=|
n:j=1, d=|:p=0.301
",4.6938697573042495e-06,"//0
p:-0.544, -0.537, 0.451
p:1.0
p:0.773, -0.349, 0.36, fr=1.073
p:1.11, -0.201, -0.275, fr=0.752
j:0, 1
j:2, 1
j:3, 1, stif=0.888
n:j=0, d=|
n:j=1, d=|:p=0.301
",5.154127259895434e-06,feasible,20
40,0,9,"//0
p:-0.544, -0.537, 0.451
p:1.0
p:0.773, -0.349, 0.36, fr=1.073
p:1.11, -0.201, -0.275
j:0, 1
j:2, 1
j:3, 1, stif=0.888
n:j=0, d=|
n:j=1, d=|:p=0.301
",4.6938697573042495e-06,"//0
p:-0.544, -0.537, 0.451
p:1.0
p:0.773, -0.349, 0.36, fr=1.073
p:1.11, -0.201, -0.275, ing=0.325
j:0, 1
j:2, 1
j:3, 1, stif=0.888
n:j=0, d=|
n:j=1, d=|:p=0.301
",4.6938697573042495e-06,feasible,20
40,0,9,"//0
p:-0.544, -0.537, 0.451
p:1.0
p:0.773, -0.349, 0.36, fr=1.073
p:1.11, -0.201, -0.275
j:0, 1
j:2, 1
j:3, 1, stif=0.888
n:j=0, d=|
n:j=1, d=|:p=0.301
",4.6938697573042495e-06,"//0
p:-0.544, -0.537, 0.451
p:1.0
p:0.773, -0.349, 0.36, fr=1.073
p:1.11, -0.201, -0.275
j:0, 1
j:2, 1
j:3, 1, stif=0.888
n:j=0, d=|
n:j=1, d=|:p=0.301
n:j=0, d=|
",-999999.0,infeasible,20
40,0,9,"//0
p:-0.544, -0.537, 0.451
p:1.0
p:0.773, -0.349, 0.36, fr=1.073
p:1.11, -0.201, -0.275
j:0, 1
j:2, 1
j:3, 1, stif=0.888
n:j=0, d=|
n:j=1, d=|:p=0.301
",4.6938697573042495e-06,"//0
p:-0.544, -0.537, 0.451
p:1.0
p:0.773, -0.349, 0.36, fr=1.073
p:1.11, -0.201, -0.275
j:0, 1
j:2, 1, rotstif=0.989
j:3, 1, stif=0.888
n:j=0, d=|
n:j=1, d=|:p=0.301
",4.6938697573042495e-06,feasible,20
40,0,10,"//0
p:-0.544, -0.537, 0.451
p:1.0
p:0.773, -0.349, 0.36, fr=1.073
p:1.11, -0.201, -0.275
p:-0.765, -0.758, 0.77
j:0, 1
j:2, 1
j:3, 1, stif=0.888
j:4, 0
n:j=0, d=|
n:j=1, d=|:p=0.301
",0.00021126886555275593,"//0
p:-0.544, -0.537, 0.451
p:1.0, fr=0.604
p:0.773, -0.349, 0.36, fr=1.073
p:1.11, -0.201, -0.275
p:-0.765, -0.758, 0.77
j:0, 1
j:2, 1
j:3, 1, stif=0.888
j:4, 0
n:j=0, d=|
n:j=1, d=|:p=0.301
",0.00019622598535342745,feasible,20
40,0,10,"//0
p:-0.544, -0.537, 0.451
p:1.0
p:0.773, -0.349, 0.36, fr=1.073
p:1.11, -0.201, -0.275
p:-0.765, -0.758, 0.77
j:0, 1
j:2, 1
j:3, 1, stif=0.888
j:4, 0
n:j=0, d=|
n:j=1, d=|:p=0.301
",0.00021126886555275593,"//0
p:-0.544, -0.537, 0.451
p:1.0
p:0.773, -0.349, 0.36, fr=1.073
p:1.11, -0.201, -0.275, ing=0.177
p:-0.765, -0.758, 0.77
j:0, 1
j:2, 1
j:3, 1, stif=0.888
j:4, 0
n:j=0, d=|
n:j=1, d=|:p=0.301
",0.00021126886555275593,feasible,20
40,0,10,"//0
p:-0.544, -0.537, 0.451
p:1.0
p:0.773, -0.349, 0.36, fr=1.073
p:1.11, -0.201, -0.275
p:-0.765, -0.758, 0.77
j:0, 1
j:2, 1
j:3, 1, stif=0.888
j:4, 0
n:j=0, d=|
n:j=1, d=|:p=0.301
",0.00021126886555275593,"//0
p:-0.544, -0.537, 0.451
p:1.0
p:0.773, -0.349, 0.36, fr=1.073
p:1.11, -0.201, -0.275
p:-0.765, -0.758, 0.77
j:0, 1
j:2, 1
j:3, 1, stif=0.888
j:4, 0
n:j=1, d=|:p=0.301
",8.316927770895919e-08,feasible,20
40,0,10,"//0
p:-0.544, -0.537, 0.451
p:1.0
p:0.773, -0.349, 0.36, fr=1.073
p:1.11, -0.201, -0.275
p:-0.765, -0.758, 0.77
j:0, 1
j:2, 1
j:3, 1, stif=0.888
j:4, 0
n:j=0, d=|
n:j=1, d=|:p=0.301
",0.00021126886555275593,"//0
p:-0.544, -0.537, 0.451
p:1.0
p:0.773, -0.349, 0.36, fr=1.073
p:1.16, 0.083, 0.347
p:-0.765, -0.758, 0.77
j:0, 1
j:2, 1
j:3, 1, stif=0.888
j:4, 0
n:j=0, d=|
n:j=1, d=|:p=0.301
",7.128608364523476e-05,feasible,20
40,0,10,"//0
p:-0.544, -0.537, 0.451
p:1.0
p:0.773, -0.349, 0.36, fr=1.073
p:1.11, -0.201, -0.275
p:-0.765, -0.758, 0.77
j:0, 1
j:2, 1
j:3, 1, stif=0.888
j:4, 0
n:j=0, d=|
n:j=1, d=|:p=0.301
",0.00021126886555275593,"//0
p:-0.502, -0.569, 0.445
p:1.0
p:0.773, -0.349, 0.36, fr=1.073
p:1.11, -0.201, -0.275
p:-0.765, -0.758, 0.77
j:0, 1
j:2, 1
j:3, 1, stif=0.888
j:4, 0
n:j=0, d=|
n:j=1, d=|:p=0.301
",7.586798920931164e-05,feasible,20
40,0,10,"//0
p:-0.544, -0.537, 0.451
p:1.0
p:0.773, -0.349, 0.36, fr=1.073
p:1.11, -0.201, -0.275
p:-0.765, -0.758, 0.77
j:0, 1
j:2, 1
j:3, 1, stif=0.888
j:4, 0
n:j=0, d=|
n:j=1, d=|:p=0.301
",0.00021126886555275593,"//0
p:-0.544, -0.537, 0.451
p:1.0
p:0.773, -0.349, 0.36, fr=1.073
p:1.11, -0.201, -0.275
p:-0.765, -0.758, 0.77
j:0, 1
j:2, 1
j:3, 1, stif=0.888
j:4, 0
n:j=0, d=|
n:j=1, d=|:p=0.271
",0.00020262996640770098,feasible,20
40,0,10,"//0
p:-0.544, -0.537, 0.451
p:1.0
p:0.773, -0.349, 0.36, fr=1.073
p:1.11, -0.201, -0.275
p:-0.765, -0.758, 0.77
j:0, 1
j:2, 1
j:3, 1, stif=0.888
j:4, 0
n:j=0, d=|
n:j=1, d=|:p=0.301
",0.00021126886555275593,"//0
p:-0.544, -0.537, 0.451
p:1.0
p:0.773, -0.349, 0.36, fr=1.073
p:1.11, -0.201, -0.275
p:-0.765, -0.758, 0.77
j:0, 1
j:2, 1
j:3, 1, stif=0.888
j:4, 0
j:2, 3
n:j=0, d=|
n:j=1, d=|:p=0.301
",0.00013823936366303614,feasible,20
40,0,10,"//0
p:-0.544, -0.537, 0.451
p:1.0
p:0.773, -0.349, 0.36, fr=1.073
p:1.11, -0.201, -0.275
p:-0.765, -0.758, 0.77
j:0, 1
j:2, 1
j:3, 1, stif=0.888
j:4, 0
n:j=0, d=|
n:j=1, d=|:p=0.301
",0.00021126886555275593,"//0
p:-0.544, -0.537, 0.451
p:1.0
p:0.773, -0.349, 0.36, fr=0.334
p:1.11, -0.201, -0.275
p:-0.765, -0.758, 0.77
j:0, 1
j:2, 1
j:3, 1, stif=0.888
j:4, 0
n:j=0, d=|
n:j=1, d=|:p=0.301
",0.0001563377695074669,feasible,20
40,0,10,"//0
p:-0.544, -0.537, 0.451
p:1.0
p:0.773, -0.349, 0.36, fr=1.073
p:1.11, -0.201, -0.275
p:-0.765, -0.758, 0.77
j:0, 1
j:2, 1
j:3, 1, stif=0.888
j:4, 0
n:j=0, d=|
n:j=1, d=|:p=0.301
",0.00021126886555275593,"//0
p:-0.544, -0.537, 0.451
p:1.0
p:0.773, -0.349, 0.36, fr=1.073, ing=0.231
p:1.11, -0.201, -0.275
p:-0.765, -0.758, 0.77
j:0, 1
j:2, 1
j:3, 1, stif=0.888
j:4, 0
n:j=0, d=|
n:j=1, d=|:p=0.301
",0.00021126886555275593,feasible,20
40,0,10,"//0
p:-0.544, -0.537, 0.451
p:1.0
p:0.773, -0.349, 0.36, fr=1.073
p:1.11, -0.201, -0.275
p:-0.765, -0.758, 0.77
j:0, 1
j:2, 1
j:3, 1, stif=0.888
j:4, 0
n:j=0, d=|
n:j=1, d=|:p=0.301
",0.00021126886555275593,"//0
p:-0.544, -0.537, 0.451
p:1.0
p:0.773, -0.349, 0.36, fr=1.073
p:1.11, -0.201, -0.275
p:-0.765, -0.758, 0.77
j:0, 1
j:2, 1
j:3, 1, stif=0.888
j:4, 0
n:j=0, d=|
n:j=1, d=""|:p=0.301, r=0.965""
",0.00021126886555275593,feasible,20
40,0,10,"//0
p:-0.544, -0.537, 0.451
p:1.0
p:0.773, -0.349, 0.36, fr=1.073
p:1.11, -0.201, -0.275
p:-0.765, -0.758, 0.77
j:0, 1
j:2, 1
j:3, 1, stif=0.888
j:4, 0
n:j=0, d=|
n:j=1, d=|:p=0.301
",0.00021126886555275593,"//0
p:-0.544, -0.537, 0.451
p:1.0
p:0.773, -0.349, 0.36, fr=1.073
p:1.11, -0.201, -0.275
p:-0.765, -0.758, 0.77
j:0, 1
j:2, 1
j:3, 1, stif=0.945
j:4, 0
n:j=0, d=|
n:j=1, d=|:p=0.301
",0.00018928684448485926,feasible,20
40,0,10,"//0
p:-0.544, -0.537, 0.451
p:1.0
p:0.773, -0.349, 0.36, fr=1.073
p:1.11, -0.201, -0.275
p:-0.765, -0.758, 0.77
j:0, 1
j:2, 1
j:3, 1, stif=0.888
j:4, 0
n:j=0, d=|
n:j=1, d=|:p=0.301
",0.00021126886555275593,"//0
p:-0.544, -0.537, 0.451
p:1.0
p:0.773, -0.349, 0.36, fr=1.073
p:1.11, -0.201, -0.275
p:-0.7055835739306051, -0.7324829173027755, 0.7440789529328985
j:4, 1
j:2, 1
j:3, 1, stif=0.888
j:0, 4
n:j=0, d=|
n:j=1, d=|:p=0.301
",1.3841532745756213e-05,feasible,20
40,0,10,"//0
p:-0.544, -0.537, 0.451
p:1.0
p:0.773, -0.349, 0.36, fr=1.073
p:1.11, -0.201, -0.275
p:-0.765, -0.758, 0.77
j:0, 1
j:2, 1
j:3, 1, stif=0.888
j:4, 0
n:j=0, d=|
n:j=1, d=|:p=0.301
",0.00021126886555275593,"//0
p:-0.544, -0.537, 0.451
p:1.0
p:0.773, -0.349, 0.36, fr=1.073
p:-0.765, -0.758, 0.77
j:0, 1
j:2, 1
j:3, 0
n:j=0, d=|
n:j=1, d=|:p=0.301
",0.0005308691670778028,feasible,20
40,0,10,"//0
p:-0.544, -0.537, 0.451
p:1.0
p:0.773, -0.349, 0.36, fr=1.073
p:1.11, -0.201, -0.275
p:-0.765, -0.758, 0.77
j:0, 1
j:2, 1
j:3, 1, stif=0.888
j:4, 0
n:j=0, d=|
n:j=1, d=|:p=0.301
",0.00021126886555275593,"//0
p:-0.544, -0.537, 0.451
p:1.0
p:0.773, -0.349, 0.36, fr=1.073
p:1.11, -0.201, -0.275
j:0, 1
j:2, 1
j:3, 1, stif=0.888
n:j=0, d=|
n:j=1, d=|:p=0.301
",4.6938697573042495e-06,feasible,20
40,0,10,"//0
p:-0.544, -0.537, 0.451
p:1.0
p:0.773, -0.349, 0.36, fr=1.073
p:1.11, -0.201, -0.275
p:-0.765, -0.758, 0.77
j:0, 1
j:2, 1
j:3, 1, stif=0.888
j:4, 0
n:j=0, d=|
n:j=1, d=|:p=0.301
",0.00021126886555275593,"//0
p:-0.544, -0.537, 0.451
p:1.0, fr=0.7
p:0.773, -0.349, 0.36, fr=1.073
p:1.11, -0.201, -0.275
p:-0.765, -0.758, 0.77
j:0, 1
j:2, 1
j:3, 1, stif=0.888
j:4, 0
n:j=0, d=|
n:j=1, d=|:p=0.301
",0.00020828554618663832,feasible,20
40,0,10,"//0
p:-0.544, -0.537, 0.451
p:1.0
p:0.773, -0.349, 0.36, fr=1.073
p:1.11, -0.201, -0.275
p:-0.765, -0.758, 0.77
j:0, 1
j:2, 1
j:3, 1, stif=0.888
j:4, 0
n:j=0, d=|
n:j=1, d=|:p=0.301
",0.00021126886555275593,"//0
p:-0.544, -0.537, 0.451
p:1.0
p:0.773, -0.349, 0.36, fr=1.073
p:1.11, -0.201, -0.275
p:-0.765, -0.758, 0.77
j:0, 1
j:2, 1
j:3, 1, stif=0.888
j:4, 0
n:j=0, d=|
n:j=1, d=|:p=0.301
n:p=3, d=T
c:0, 2, -5.181
",0.00017675747231727233,feasible,20
40,0,10,"//0
p:-0.544, -0.537, 0.451
p:1.0
p:0.773, -0.349, 0.36, fr=1.073
p:1.11, -0.201, -0.275
p:-0.765, -0.758, 0.77
j:0, 1
j:2, 1
j:3, 1, stif=0.888
j:4, 0
n:j=0, d=|
n:j=1, d=|:p=0.301
",0.00021126886555275593,"//0
p:-0.544, -0.537, 0.451
p:1.0
p:0.773, -0.349, 0.36, fr=1.073, ing=0.422
p:1.11, -0.201, -0.275
p:-0.765, -0.758, 0.77
j:0, 1
j:2, 1
j:3, 1, stif=0.888
j:4, 0
n:j=0, d=|
n:j=1, d=|:p=0.301
",0.00021126886555275593,feasible,20
40,0,10,"//0
p:-0.544, -0.537, 0.451
p:1.0
p:0.773, -0.349, 0.36, fr=1.073
p:1.11, -0.201, -0.275
p:-0.765, -0.758, 0.77
j:0, 1
j:2, 1
j:3, 1, stif=0.888
j:4, 0
n:j=0, d=|
n:j=1, d=|:p=0.301
",0.00021126886555275593,"//0
p:-0.544, -0.537, 0.451
p:1.0
p:0.773, -0.349, 0.36, fr=1.073
p:1.11, -0.201, -0.275
p:-0.765, -0.758, 0.77
j:0, 1
j:2, 1
j:3, 1, stif=0.888
j:4, 0
n:j=0, d=|
",0.00021195309053469736,feasible,20
40,0,10,"//0
p:-0.544, -0.537, 0.451
p:1.0
p:0.773, -0.349, 0.36, fr=1.073
p:1.11, -0.201, -0.275
p:-0.765, -0.758, 0.77
j:0, 1
j:2, 1
j:3, 1, stif=0.888
j:4, 0
n:j=0, d=|
n:j=1, d=|:p=0.301
",0.00021126886555275593,"//0
p:-0.544, -0.537, 0.451
p:1.0
p:0.773, -0.349, 0.36, fr=1.073
p:1.11, -0.201, -0.275
p:-0.765, -0.758, 0.77
p:0.731, 1.382, -0.1
j:0, 1
j:2, 1
j:3, 1, stif=0.888
j:4, 0
j:5, 2
n:j=0, d=|
n:j=1, d=|:p=0.301
",1.0086351994465776e-06,feasible,20
40,0,10,"//0
p:-0.544, -0.537, 0.451
p:1.0
p:0.773, -0.349, 0.36, fr=1.073
p:1.11, -0.201, -0.275
p:-0.765, -0.758, 0.77
j:0, 1
j:2, 1
j:3, 1, stif=0.888
j:4, 0
n:j=0, d=|
n:j=1, d=|:p=0.301
",0.00021126886555275593,"//0
p:-0.544, -0.537, 0.451
p:1.0
p:0.773, -0.349, 0.36, fr=1.073
p:1.11, -0.201, -0.275
p:-0.765, -0.758, 0.77
j:0, 1
j:2, 1
j:3, 1, stif=0.888
j:4, 0
n:j=0, d=|
n:j=1, d=|:p=0.301
n:p=4, d=T
c:0, 2, -1.777
",7.3707919618381e-05,feasible,20
40,0,11,"//0
p:-0.544, -0.537, 0.451
p:1.0
p:1.11, -0.201, -0.275
p:-0.765, -0.758, 0.77
j:0, 1
j:2, 1, stif=0.888
j:3, 0
n:j=0, d=|
",0.0017266935760932352,"//0
p:-0.544, -0.537, 0.451
p:1.0
p:1.11, -0.201, -0.275
p:-0.765, -0.758, 0.77
j:0, 1, rotstif=0.953
j:2, 1, stif=0.888
j:3, 0
n:j=0, d=|
",0.0017266935760932352,feasible,20
40,0,11,"//0
p:-0.544, -0.537, 0.451
p:1.0
p:1.11, -0.201, -0.275
p:-0.765, -0.758, 0.77
j:0, 1
j:2, 1, stif=0.888
j:3, 0
n:j=0, d=|
",0.0017266935760932352,"//0
p:-0.544, -0.537, 0.451
p:1.0, ing=0.272
p:1.11, -0.201, -0.275
p:-0.765, -0.758, 0.77
j:0, 1
j:2, 1, stif=0.888
j:3, 0
n:j=0, d=|
",0.0017266935760932352,feasible,20
40,0,11,"//0
p:-0.544, -0.537, 0.451
p:1.0
p:1.11, -0.201, -0.275
p:-0.765, -0.758, 0.77
j:0, 1
j:2, 1, stif=0.888
j:3, 0
n:j=0, d=|
",0.0017266935760932352,"//0
p:-0.544, -0.537, 0.451
p:1.0
p:1.11, -0.201, -0.275
p:-0.765, -0.758, 0.77
j:0, 1
j:2, 1, stif=0.888
j:3, 0
",4.1619542732037604e-07,feasible,20
40,0,11,"//0
p:-0.544, -0.537, 0.451
p:1.0
p:1.11, -0.201, -0.275
p:-0.765, -0.758, 0.77
j:0, 1
j:2, 1, stif=0.888
j:3, 0
n:j=0, d=|
",0.0017266935760932352,"//0
p:-0.544, -0.537, 0.451
p:1.0
p:1.11, -0.201, -0.275
j:0, 1
j:2, 1, stif=0.888
n:j=0, d=|
",2.9437197648169732e-05,feasible,20
40,0,11,"//0
p:-0.544, -0.537, 0.451
p:1.0
p:1.11, -0.201, -0.275
p:-0.765, -0.758, 0.77
j:0, 1
j:2, 1, stif=0.888
j:3, 0
n:j=0, d=|
",0.0017266935760932352,"//0
p:-0.544, -0.537, 0.451
p:1.0
p:1.11, -0.201, -0.275
p:-0.7055835739306051, -0.7324829173027755, 0.7440789529328985
j:0, 1
j:3, 1, stif=0.888
j:2, 0
n:j=0, d=|
",3.001607441467391e-06,feasible,20
40,0,11,"//0
p:-0.544, -0.537, 0.451
p:1.0
p:1.11, -0.201, -0.275
p:-0.765, -0.758, 0.77
j:0, 1
j:2, 1, stif=0.888
j:3, 0
n:j=0, d=|
",0.0017266935760932352,"//0
p:-0.544, -0.537, 0.451
p:1.0
p:1.11, -0.201, -0.275
p:-0.765, -0.758, 0.77
j:0, 1
j:2, 1, stif=0.888
j:3, 0
j:2, 0
n:j=0, d=|
",1.6901518968467458e-07,feasible,20
40,0,11,"//0
p:-0.544, -0.537, 0.451
p:1.0
p:1.11, -0.201, -0.275
p:-0.765, -0.758, 0.77
j:0, 1
j:2, 1, stif=0.888
j:3, 0
n:j=0, d=|
",0.0017266935760932352,"//0
p:-0.544, -0.537, 0.451
p:1.0
p:1.11, -0.201, -0.275
p:-0.765, -0.758, 0.77
j:0, 1
j:2, 1, stif=0.888
j:3, 0, stif=0.934
n:j=0, d=|
",0.001705858624787108,feasible,20
40,0,11,"//0
p:-0.544, -0.537, 0.451
p:1.0
p:1.11, -0.201, -0.275
p:-0.765, -0.758, 0.77
j:0, 1
j:2, 1, stif=0.888
j:3, 0
n:j=0, d=|
",0.0017266935760932352,"//0
p:-0.544, -0.537, 0.451
p:1.014, 0.103, -0.168
p:1.11, -0.201, -0.275
p:-0.765, -0.758, 0.77
j:0, 1
j:2, 1, stif=0.888
j:3, 0
n:j=0, d=|
",0.0008498759311942865,feasible,20
40,0,11,"//0
p:-0.544, -0.537, 0.451
p:1.0
p:1.11, -0.201, -0.275
p:-0.765, -0.758, 0.77
j:0, 1
j:2, 1, stif=0.888
j:3, 0
n:j=0, d=|
",0.0017266935760932352,"//0
p:-0.544, -0.537, 0.451
p:1.0
p:1.11, -0.201, -0.275, ing=0.258
p:-0.765, -0.758, 0.77
j:0, 1
j:2, 1, stif=0.888
j:3, 0
n:j=0, d=|
",0.0017266935760932352,feasible,20
40,0,11,"//0
p:-0.544, -0.537, 0.451
p:1.0
p:1.11, -0.201, -0.275
p:-0.765, -0.758, 0.77
j:0, 1
j:2, 1, stif=0.888
j:3, 0
n:j=0, d=|
",0.0017266935760932352,"//0
p:-0.544, -0.537, 0.451, fr=0.026
p:1.0
p:1.11, -0.201, -0.275
p:-0.765, -0.758, 0.77
j:0, 1
j:2, 1, stif=0.888
j:3, 0
n:j=0, d=|
",0.0022933634103926757,feasible,20
40,0,11,"//0
p:-0.544, -0.537, 0.451
p:1.0
p:1.11, -0.201, -0.275
p:-0.765, -0.758, 0.77
j:0, 1
j:2, 1, stif=0.888
j:3, 0
n:j=0, d=|
",0.0017266935760932352,"//0
p:-0.544, -0.537, 0.451
p:1.0
p:1.11, -0.201, -0.275, fr=0.443
p:-0.765, -0.758, 0.77
j:0, 1
j:2, 1, stif=0.888
j:3, 0
n:j=0, d=|
",0.002414515853913068,feasible,20
40,0,11,"//0
p:-0.544, -0.537, 0.451
p:1.0
p:1.11, -0.201, -0.275
p:-0.765, -0.758, 0.77
j:0, 1
j:2, 1, stif=0.888
j:3, 0
n:j=0, d=|
",0.0017266935760932352,"//0
p:-0.544, -0.537, 0.451
p:1.0, ing=0.238
p:1.11, -0.201, -0.275
p:-0.765, -0.758, 0.77
j:0, 1
j:2, 1, stif=0.888
j:3, 0
n:j=0, d=|
",0.0017266935760932352,feasible,20
40,0,11,"//0
p:-0.544, -0.537, 0.451
p:1.0
p:1.11, -0.201, -0.275
p:-0.765, -0.758, 0.77
j:0, 1
j:2, 1, stif=0.888
j:3, 0
n:j=0, d=|
",0.0017266935760932352,"//0
p:-0.544, -0.537, 0.451
p:1.0
p:1.11, -0.201, -0.275
p:-0.765, -0.758, 0.77
j:0, 1
j:2, 1, stif=0.874
j:3, 0
n:j=0, d=|
",0.002580113885504084,feasible,20
40,0,11,"//0
p:-0.544, -0.537, 0.451
p:1.0
p:1.11, -0.201, -0.275
p:-0.765, -0.758, 0.77
j:0, 1
j:2, 1, stif=0.888
j:3, 0
n:j=0, d=|
",0.0017266935760932352,"//0
p:-0.544, -0.537, 0.451
p:1.0, ing=0.211
p:1.11, -0.201, -0.275
p:-0.765, -0.758, 0.77
j:0, 1
j:2, 1, stif=0.888
j:3, 0
n:j=0, d=|
",0.0017266935760932352,feasible,20
40,0,11,"//0
p:-0.544, -0.537, 0.451
p:1.0
p:1.11, -0.201, -0.275
p:-0.765, -0.758, 0.77
j:0, 1
j:2, 1, stif=0.888
j:3, 0
n:j=0, d=|
",0.0017266935760932352,"//0
p:-0.544, -0.537, 0.451
p:1.0
p:1.11, -0.201, -0.275
p:-0.765, -0.758, 0.77
j:0, 1
j:2, 1, stif=0.888, rotstif=0.907
j:3, 0
n:j=0, d=|
",0.0017266935760932352,feasible,20
40,0,11,"//0
p:-0.544, -0.537, 0.451
p:1.0
p:1.11, -0.201, -0.275
p:-0.765, -0.758, 0.77
j:0, 1
j:2, 1, stif=0.888
j:3, 0
n:j=0, d=|
",0.0017266935760932352,"//0
p:-0.544, -0.537, 0.451
p:1.0
p:1.11, -0.201, -0.275
p:-0.765, -0.758, 0.77
j:0, 1, stif=0.953
j:2, 1, stif=0.888
j:3, 0
n:j=0, d=|
",0.002850527712594039,feasible,20
40,0,11,"//0
p:-0.544, -0.537, 0.451
p:1.0
p:1.11, -0.201, -0.275
p:-0.765, -0.758, 0.77
j:0, 1
j:2, 1, stif=0.888
j:3, 0
n:j=0, d=|
",0.0017266935760932352,"//0
p:-0.544, -0.537, 0.451
p:1.0
p:1.11, -0.201, -0.275
p:-0.765, -0.758, 0.77
j:0, 1
j:2, 1, stif=0.962
j:3, 0
n:j=0, d=|
",0.002201276245861112,feasible,20
40,0,11,"//0
p:-0.544, -0.537, 0.451
p:1.0
p:1.11, -0.201, -0.275
p:-0.765, -0.758, 0.77
j:0, 1
j:2, 1, stif=0.888
j:3, 0
n:j=0, d=|
",0.0017266935760932352,"//0
p:-0.544, -0.537, 0.451
p:1.0
p:1.11, -0.201, -0.275
p:-0.765, -0.758, 0.77
j:0, 1
j:2, 1, stif=0.888
j:3, 0, stif=0.909
n:j=0, d=|
",0.0015534985264547703,feasible,20
40,0,11,"//0
p:-0.544, -0.537, 0.451
p:1.0
p:1.11, -0.201, -0.275
p:-0.765, -0.758, 0.77
j:0, 1
j:2, 1, stif=0.888
j:3, 0
n:j=0, d=|
",0.0017266935760932352,"//0
p:-0.544, -0.537, 0.451
p:1.0
p:1.11, -0.201, -0.275
p:-0.765, -0.758, 0.77
j:0, 1
j:2, 1, stif=0.924
j:3, 0
n:j=0, d=|
",0.0018268883651523567,feasible,20
40,0,11,"//0
p:-0.544, -0.537, 0.451
p:1.0
p:1.11, -0.201, -0.275
p:-0.765, -0.758, 0.77
j:0, 1
j:2, 1, stif=0.888
j:3, 0
n:j=0, d=|
",0.0017266935760932352,"//0
p:-0.544, -0.537, 0.451
p:1.0
p:1.11, -0.201, -0.275
p:-0.765, -0.758, 0.77
j:0, 1
j:2, 1, stif=0.888
j:3, 0
n:j=0, d=|
n:d=*
c:0, 1, 2.992
",3.561826590028635e-05,feasible,20
40,0,12,"//0
p:-0.544, -0.537, 0.451
p:1.043, 0.042, -0.076
p:1.11, -0.201, -0.275
p:-0.765, -0.758, 0.77
j:0, 1
j:2, 1, stif=0.888
j:3, 0
n:j=0, d=|
",0.003448007135406008,"//0
p:-0.544, -0.537, 0.451
p:1.043, 0.042, -0.076
p:1.11, -0.201, -0.275
p:-0.765, -0.758, 0.77
j:0, 1
j:2, 1, stif=0.888
j:3, 0
n:j=0, d=|:r=0.893
",0.003448007135406008,feasible,20
40,0,12,"//0
p:-0.544, -0.537, 0.451
p:1.043, 0.042, -0.076
p:1.11, -0.201, -0.275
p:-0.765, -0.758, 0.77
j:0, 1
j:2, 1, stif=0.888
j:3, 0
n:j=0, d=|
",0.003448007135406008,"//0
p:-0.544, -0.537, 0.451
p:1.043, 0.042, -0.076
p:-0.765, -0.758, 0.77
j:0, 1
j:2, 0
n:j=0, d=|
",0.00010250140348818568,feasible,20
40,0,12,"//0
p:-0.544, -0.537, 0.451
p:1.043, 0.042, -0.076
p:1.11, -0.201, -0.275
p:-0.765, -0.758, 0.77
j:0, 1
j:2, 1, stif=0.888
j:3, 0
n:j=0, d=|
",0.003448007135406008,"//0
p:-0.544, -0.537, 0.451
p:1.043, 0.042, -0.076
p:1.11, -0.201, -0.275, ing=0.229
p:-0.765, -0.758, 0.77
j:0, 1
j:2, 1, stif=0.888
j:3, 0
n:j=0, d=|
",0.003448007135406008,feasible,20
40,0,12,"//0
p:-0.544, -0.537, 0.451
p:1.043, 0.042, -0.076
p:1.11, -0.201, -0.275
p:-0.765, -0.758, 0.77
j:0, 1
j:2, 1, stif=0.888
j:3, 0
n:j=0, d=|
",0.003448007135406008,"//0
p:-0.544, -0.537, 0.451
p:1.043, 0.042, -0.076
p:1.11, -0.201, -0.275
p:-0.765, -0.758, 0.77
j:0, 1
j:2, 1, stif=0.888, rotstif=0.999
j:3, 0
n:j=0, d=|
",0.003448007135406008,feasible,20
40,0,12,"//0
p:-0.544, -0.537, 0.451
p:1.043, 0.042, -0.076
p:1.11, -0.201, -0.275
p:-0.765, -0.758, 0.77
j:0, 1
j:2, 1, stif=0.888
j:3, 0
n:j=0, d=|
",0.003448007135406008,"//0
p:-0.544, -0.537, 0.451
p:1.043, 0.042, -0.076
p:1.11, -0.201, -0.275
p:-0.765, -0.758, 0.77
j:0, 1
j:2, 1, stif=0.888
j:3, 0
n:j=0, d=|
n:p=1, d=S
c:0, 1, -0.223
",0.003448007135406008,feasible,20
40,0,12,"//0
p:-0.544, -0.537, 0.451
p:1.043, 0.042, -0.076
p:1.11, -0.201, -0.275
p:-0.765, -0.758, 0.77
j:0, 1
j:2, 1, stif=0.888
j:3, 0
n:j=0, d=|
",0.003448007135406008,"//0
p:-0.544, -0.537, 0.451
p:1.043, 0.042, -0.076
p:1.11, -0.201, -0.275
p:-0.765, -0.758, 0.77
j:0, 1
j:2, 1, stif=0.888
j:3, 0
n:j=0, d=|:p=0.225
",0.0033306527012338934,feasible,20
40,0,12,"//0
p:-0.544, -0.537, 0.451
p:1.043, 0.042, -0.076
p:1.11, -0.201, -0.275
p:-0.765, -0.758, 0.77
j:0, 1
j:2, 1, stif=0.888
j:3, 0
n:j=0, d=|
",0.003448007135406008,"//0
p:-0.544, -0.537, 0.451
p:1.043, 0.042, -0.076
p:1.11, -0.201, -0.275
p:-0.765, -0.758, 0.77
j:0, 1
j:2, 1, stif=0.932
j:3, 0
n:j=0, d=|
",0.0037823907262158215,feasible,20
40,0,12,"//0
p:-0.544, -0.537, 0.451
p:1.043, 0.042, -0.076
p:1.11, -0.201, -0.275
p:-0.765, -0.758, 0.77
j:0, 1
j:2, 1, stif=0.888
j:3, 0
n:j=0, d=|
",0.003448007135406008,"//0
p:-0.544, -0.537, 0.451
p:1.043, 0.042, -0.076
p:1.11, -0.201, -0.275
p:-0.765, -0.758, 0.77
p:0.46, -0.682, -0.223
j:0, 1
j:2, 1, stif=0.888
j:3, 0
j:4, 2
n:j=0, d=|
",0.001309375703583372,feasible,20
40,0,12,"//0
p:-0.544, -0.537, 0.451
p:1.043, 0.042, -0.076
p:1.11, -0.201, -0.275
p:-0.765, -0.758, 0.77
j:0, 1
j:2, 1, stif=0.888
j:3, 0
n:j=0, d=|
",0.003448007135406008,"//0
p:-0.544, -0.537, 0.451
p:1.043, 0.042, -0.076, ing=0.16
p:1.11, -0.201, -0.275
p:-0.765, -0.758, 0.77
j:0, 1
j:2, 1, stif=0.888
j:3, 0
n:j=0, d=|
",0.003448007135406008,feasible,20
40,0,12,"//0
p:-0.544, -0.537, 0.451
p:1.043, 0.042, -0.076
p:1.11, -0.201, -0.275
p:-0.765, -0.758, 0.77
j:0, 1
j:2, 1, stif=0.888
j:3, 0
n:j=0, d=|
",0.003448007135406008,"//0
p:-0.151, -0.518, 0.407
p:1.043, 0.042, -0.076
p:1.11, -0.201, -0.275
p:-0.765, -0.758, 0.77
j:0, 1
j:2, 1, stif=0.888
j:3, 0
n:j=0, d=|
",9.285114316933927e-08,feasible,20
40,0,12,"//0
p:-0.544, -0.537, 0.451
p:1.043, 0.042, -0.076
p:1.11, -0.201, -0.275
p:-0.765, -0.758, 0.77
j:0, 1
j:2, 1, stif=0.888
j:3, 0
n:j=0, d=|
",0.003448007135406008,"//0
p:-0.544, -0.537, 0.451
p:1.043, 0.042, -0.076
p:1.11, -0.201, -0.275
p:-0.765, -0.758, 0.77, ing=0.261
j:0, 1
j:2, 1, stif=0.888
j:3, 0
n:j=0, d=|
",0.003448007135406008,feasible,20
40,0,12,"//0
p:-0.544, -0.537, 0.451
p:1.043, 0.042, -0.076
p:1.11, -0.201, -0.275
p:-0.765, -0.758, 0.77
j:0, 1
j:2, 1, stif=0.888
j:3, 0
n:j=0, d=|
",0.003448007135406008,"//0
p:-0.544, -0.537, 0.451
p:1.043, 0.042, -0.076
p:1.11, -0.201, -0.275
p:-0.765, -0.758, 0.77
j:0, 1
j:2, 1, stif=0.888
j:3, 0, stif=0.906
n:j=0, d=|
",0.0032171380069890383,feasible,20
40,0,12,"//0
p:-0.544, -0.537, 0.451
p:1.043, 0.042, -0.076
p:1.11, -0.201, -0.275
p:-0.765, -0.758, 0.77
j:0, 1
j:2, 1, stif=0.888
j:3, 0
n:j=0, d=|
",0.003448007135406008,"//0
p:-0.544, -0.537, 0.451
p:1.043, 0.042, -0.076
p:1.11, -0.201, -0.275
p:-0.765, -0.758, 0.77
j:0, 1
j:2, 1, stif=0.888
j:3, 0
n:j=0, d=|:p=0.241
",0.003410306199864911,feasible,20
40,0,12,"//0
p:-0.544, -0.537, 0.451
p:1.043, 0.042, -0.076
p:1.11, -0.201, -0.275
p:-0.765, -0.758, 0.77
j:0, 1
j:2, 1, stif=0.888
j:3, 0
n:j=0, d=|
",0.003448007135406008,"//0
p:-0.544, -0.537, 0.451
p:1.043, 0.042, -0.076
p:1.11, -0.201, -0.275
p:-0.5808225586040967, -0.7032870214093236, 0.6673517726620165
j:2, 1
j:0, 1, stif=0.888
j:3, 2
n:j=0, d=|
",5.828210690087018e-07,feasible,20
40,0,12,"//0
p:-0.544, -0.537, 0.451
p:1.043, 0.042, -0.076
p:1.11, -0.201, -0.275
p:-0.765, -0.758, 0.77
j:0, 1
j:2, 1, stif=0.888
j:3, 0
n:j=0, d=|
",0.003448007135406008,"//0
p:-0.544, -0.537, 0.451
p:1.043, 0.042, -0.076
p:1.11, -0.201, -0.275
p:-0.765, -0.758, 0.77
j:0, 1
j:2, 1, stif=0.888
j:3, 0, rotstif=0.939
n:j=0, d=|
",0.003448007135406008,feasible,20
40,0,12,"//0
p:-0.544, -0.537, 0.451
p:1.043, 0.042, -0.076
p:1.11, -0.201, -0.275
p:-0.765, -0.758, 0.77
j:0, 1
j:2, 1, stif=0.888
j:3, 0
n:j=0, d=|
",0.003448007135406008,"//0
p:-0.544, -0.537, 0.451
p:1.043, 0.042, -0.076
p:1.11, -0.201, -0.275
p:-0.765, -0.758, 0.77
j:0, 1
j:2, 1, stif=0.888
j:3, 0, rotstif=0.999
n:j=0, d=|
",0.003448007135406008,feasible,20
40,0,12,"//0
p:-0.544, -0.537, 0.451
p:1.043, 0.042, -0.076
p:1.11, -0.201, -0.275
p:-0.765, -0.758, 0.77
j:0, 1
j:2, 1, stif=0.888
j:3, 0
n:j=0, d=|
",0.003448007135406008,"//0
p:-0.544, -0.537, 0.451
p:1.043, 0.042, -0.076
p:1.11, -0.201, -0.275
p:-0.765, -0.758, 0.77
p:-0.338, -2.261, 0.022
j:0, 1
j:2, 1, stif=0.888
j:3, 0
j:4, 3
n:j=0, d=|
",2.9312280738701903e-07,feasible,20
40,0,12,"//0
p:-0.544, -0.537, 0.451
p:1.043, 0.042, -0.076
p:1.11, -0.201, -0.275
p:-0.765, -0.758, 0.77
j:0, 1
j:2, 1, stif=0.888
j:3, 0
n:j=0, d=|
",0.003448007135406008,"//0
p:-0.544, -0.537, 0.451
p:1.043, 0.042, -0.076
p:1.11, -0.201, -0.275
p:-0.765, -0.758, 0.77
j:0, 1
j:2, 1, stif=0.888
j:3, 0, rotstif=0.957
n:j=0, d=|
",0.003448007135406008,feasible,20
40,0,12,"//0
p:-0.544, -0.537, 0.451
p:1.043, 0.042, -0.076
p:1.11, -0.201, -0.275
p:-0.765, -0.758, 0.77
j:0, 1
j:2, 1, stif=0.888
j:3, 0
n:j=0, d=|
",0.003448007135406008,"//0
p:-0.544, -0.537, 0.451
p:1.043, 0.042, -0.076
p:1.11, -0.201, -0.275
j:0, 1
j:2, 1, stif=0.888
n:j=0, d=|
",1.1318689021543406e-05,feasible,20
40,0,12,"//0
p:-0.544, -0.537, 0.451
p:1.043, 0.042, -0.076
p:1.11, -0.201, -0.275
p:-0.765, -0.758, 0.77
j:0, 1
j:2, 1, stif=0.888
j:3, 0
n:j=0, d=|
",0.003448007135406008,"//0
p:-0.544, -0.537, 0.451
p:1.043, 0.042, -0.076
p:1.11, -0.201, -0.275
p:-0.765, -0.758, 0.77
j:0, 1
j:2, 1, stif=0.888
j:3, 0, stif=0.936
n:j=0, d=|
",0.00332838962069152,feasible,20
40,0,13,"//0
p:-0.544, -0.537, 0.451
p:1.043, 0.042, -0.076
p:1.11, -0.201, -0.275, fr=0.145
p:-0.765, -0.758, 0.77
j:0, 1
j:2, 1, stif=0.888
j:3, 0
n:j=0, d=|
",0.003729376208087875,"//0
p:-0.544, -0.537, 0.451
p:1.043, 0.042, -0.076
p:1.11, -0.201, -0.275, fr=0.145
p:-0.6383140486851375, -0.7019442693297069, 0.710721064816165
j:0, 1
j:2, 1, stif=0.888
j:3, 0
j:3, 1
n:j=0, d=|
",2.1190437849644994e-07,feasible,22
40,0,13,"//0
p:-0.544, -0.537, 0.451
p:1.043, 0.042, -0.076
p:1.11, -0.201, -0.275, fr=0.145
p:-0.765, -0.758, 0.77
j:0, 1
j:2, 1, stif=0.888
j:3, 0
n:j=0, d=|
",0.003729376208087875,"//0
p:-0.544, -0.537, 0.451
p:1.043, 0.042, -0.076
p:1.11, -0.201, -0.275, fr=0.145
p:-0.765, -0.758, 0.77
j:0, 1
j:2, 1, stif=0.897
j:3, 0
n:j=0, d=|
",0.004080340730093825,feasible,22
40,0,13,"//0
p:-0.544, -0.537, 0.451
p:1.043, 0.042, -0.076
p:1.11, -0.201, -0.275, fr=0.145
p:-0.765, -0.758, 0.77
j:0, 1
j:2, 1, stif=0.888
j:3, 0
n:j=0, d=|
",0.003729376208087875,"//0
p:-0.544, -0.537, 0.451
p:1.043, 0.042, -0.076
p:1.11, -0.201, -0.275, fr=0.145
p:-0.765, -0.758, 0.77
j:0, 1, stif=0.935
j:2, 1, stif=0.888
j:3, 0
n:j=0, d=|
",0.0025363530667069467,feasible,22
40,0,13,"//0
p:-0.544, -0.537, 0.451
p:1.043, 0.042, -0.076
p:1.11, -0.201, -0.275, fr=0.145
p:-0.765, -0.758, 0.77
j:0, 1
j:2, 1, stif=0.888
j:3, 0
n:j=0, d=|
",0.003729376208087875,"//0
p:-0.544, -0.537, 0.451
p:1.043, 0.042, -0.076
p:0.9258225586040968, -0.2557129785906763, -0.1723517726620165, fr=0.145
p:-0.765, -0.758, 0.77
j:0, 3
j:2, 3, stif=0.888
j:1, 0
n:j=0, d=|
",1.199451375148721e-06,feasible,22
40,0,13,"//0
p:-0.544, -0.537, 0.451
p:1.043, 0.042, -0.076
p:1.11, -0.201, -0.275, fr=0.145
p:-0.765, -0.758, 0.77
j:0, 1
j:2, 1, stif=0.888
j:3, 0
n:j=0, d=|
",0.003729376208087875,"//0
p:-0.544, -0.537, 0.451
p:1.043, 0.042, -0.076
p:1.11, -0.201, -0.275, fr=0.145
p:-0.765, -0.758, 0.77
j:0, 1
j:2, 1, stif=0.888, rotstif=0.991
j:3, 0
n:j=0, d=|
",0.003729376208087875,feasible,22
40,0,13,"//0
p:-0.544, -0.537, 0.451
p:1.043, 0.042, -0.076
p:1.11, -0.201, -0.275, fr=0.145
p:-0.765, -0.758, 0.77
j:0, 1
j:2, 1, stif=0.888
j:3, 0
n:j=0, d=|
",0.003729376208087875,"//0
p:-0.544, -0.537, 0.451
p:1.043, 0.042, -0.076
p:1.11, -0.201, -0.275, fr=0.145
p:0.042, -0.893, 0.227
j:0, 1
j:2, 1, stif=0.888
j:3, 0
n:j=0, d=|
",3.562687301358679e-05,feasible,22
40,0,13,"//0
p:-0.544, -0.537, 0.451
p:1.043, 0.042, -0.076
p:1.11, -0.201, -0.275, fr=0.145
p:-0.765, -0.758, 0.77
j:0, 1
j:2, 1, stif=0.888
j:3, 0
n:j=0, d=|
",0.003729376208087875,"//0
p:-0.544, -0.537, 0.451
p:1.043, 0.042, -0.076
p:1.11, -0.201, -0.275, fr=0.039
p:-0.765, -0.758, 0.77
j:0, 1
j:2, 1, stif=0.888
j:3, 0
n:j=0, d=|
",0.004144895026900077,feasible,22
40,0,13,"//0
p:-0.544, -0.537, 0.451
p:1.043, 0.042, -0.076
p:1.11, -0.201, -0.275, fr=0.145
p:-0.765, -0.758, 0.77
j:0, 1
j:2, 1, stif=0.888
j:3, 0
n:j=0, d=|
",0.003729376208087875,"//0
p:-0.544, -0.537, 0.451
p:1.043, 0.042, -0.076
p:1.11, -0.201, -0.275, fr=0.145
p:-0.765, -0.758, 0.77
j:0, 1
j:2, 1, stif=0.888
j:3, 0
n:j=0, d=|:p=0.341
",0.0024091430769265622,feasible,22
40,0,13,"//0
p:-0.544, -0.537, 0.451
p:1.043, 0.042, -0.076
p:1.11, -0.201, -0.275, fr=0.145
p:-0.765, -0.758, 0.77
j:0, 1
j:2, 1, stif=0.888
j:3, 0
n:j=0, d=|
",0.003729376208087875,"//0
p:-0.544, -0.537, 0.451
p:1.043, 0.042, -0.076
p:1.11, -0.201, -0.275, fr=0.145
p:-0.765, -0.758, 0.77
j:0, 1
j:2, 1, stif=0.888
j:3, 0
",2.345058846586913e-07,feasible,22
40,0,13,"//0
p:-0.544, -0.537, 0.451
p:1.043, 0.042, -0.076
p:1.11, -0.201, -0.275, fr=0.145
p:-0.765, -0.758, 0.77
j:0, 1
j:2, 1, stif=0.888
j:3, 0
n:j=0, d=|
",0.003729376208087875,"//0
p:-0.544, -0.537, 0.451
p:1.043, 0.042, -0.076
p:1.11, -0.201, -0.275, fr=0.145
p:-0.765, -0.758, 0.77
j:0, 1
j:2, 1, stif=0.888
j:3, 0, stif=0.982
n:j=0, d=|
",0.0038261253701696433,feasible,22
40,0,13,"//0
p:-0.544, -0.537, 0.451
p:1.043, 0.042, -0.076
p:1.11, -0.201, -0.275, fr=0.145
p:-0.765, -0.758, 0.77
j:0, 1
j:2, 1, stif=0.888
j:3, 0
n:j=0, d=|
",0.003729376208087875,"//0
p:-0.544, -0.537, 0.451
p:1.043, 0.042, -0.076
p:1.11, -0.201, -0.275, fr=0.145
p:-0.765, -0.758, 0.77
j:0, 1
j:2, 1, stif=0.888
j:3, 0, stif=0.969
n:j=0, d=|
",0.004068268301582104,feasible,22
40,0,13,"//0
p:-0.544, -0.537, 0.451
p:1.043, 0.042, -0.076
p:1.11, -0.201, -0.275, fr=0.145
p:-0.765, -0.758, 0.77
j:0, 1
j:2, 1, stif=0.888
j:3, 0
n:j=0, d=|
",0.003729376208087875,"//0
p:-0.544, -0.537, 0.451
p:1.043, 0.042, -0.076
p:1.11, -0.201, -0.275, fr=0.145
p:-0.697, -0.877, 0.912
j:0, 1
j:2, 1, stif=0.888
j:3, 0
n:j=0, d=|
",0.0003359982742560625,feasible,22
40,0,13,"//0
p:-0.544, -0.537, 0.451
p:1.043, 0.042, -0.076
p:1.11, -0.201, -0.275, fr=0.145
p:-0.765, -0.758, 0.77
j:0, 1
j:2, 1, stif=0.888
j:3, 0
n:j=0, d=|
",0.003729376208087875,"//0
p:-0.544, -0.537, 0.451
p:1.043, 0.042, -0.076
p:1.11, -0.201, -0.275, fr=0.145
p:-0.765, -0.758, 0.77
j:0, 1
j:2, 1, stif=0.888, rotstif=0.971
j:3, 0
n:j=0, d=|
",0.003729376208087875,feasible,22
40,0,13,"//0
p:-0.544, -0.537, 0.451
p:1.043, 0.042, -0.076
p:1.11, -0.201, -0.275, fr=0.145
p:-0.765, -0.758, 0.77
j:0, 1
j:2, 1, stif=0.888
j:3, 0
n:j=0, d=|
",0.003729376208087875,"//0
p:-0.544, -0.537, 0.451
p:1.043, 0.042, -0.076
p:1.11, -0.201, -0.275, fr=0.145
p:-0.765, -0.758, 0.77
j:0, 1
j:2, 1, stif=0.888, rotstif=0.861
j:3, 0
n:j=0, d=|
",0.003729376208087875,feasible,22
40,0,13,"//0
p:-0.544, -0.537, 0.451
p:1.043, 0.042, -0.076
p:1.11, -0.201, -0.275, fr=0.145
p:-0.765, -0.758, 0.77
j:0, 1
j:2, 1, stif=0.888
j:3, 0
n:j=0, d=|
",0.003729376208087875,"//0
p:-0.544, -0.537, 0.451
p:1.043, 0.042, -0.076
p:1.11, -0.201, -0.275, fr=0.145
j:0, 1
j:2, 1, stif=0.888
n:j=0, d=|
",2.9401242959907986e-05,feasible,22
40,0,13,"//0
p:-0.544, -0.537, 0.451
p:1.043, 0.042, -0.076
p:1.11, -0.201, -0.275, fr=0.145
p:-0.765, -0.758, 0.77
j:0, 1
j:2, 1, stif=0.888
j:3, 0
n:j=0, d=|
",0.003729376208087875,"//0
p:-0.544, -0.537, 0.451
p:1.043, 0.042, -0.076
p:1.11, -0.201, -0.275, fr=0.145
p:-0.765, -0.758, 0.77
j:0, 1
j:2, 1, stif=0.888
j:3, 0
n:j=0, d=|
n:p=1, d=Gpart
c:0, 1, 2.103
",3.9638230843922105e-06,feasible,22
40,0,13,"//0
p:-0.544, -0.537, 0.451
p:1.043, 0.042, -0.076
p:1.11, -0.201, -0.275, fr=0.145
p:-0.765, -0.758, 0.77
j:0, 1
j:2, 1, stif=0.888
j:3, 0
n:j=0, d=|
",0.003729376208087875,"//0
p:-0.544, -0.537, 0.451
p:1.043, 0.042, -0.076
p:1.11, -0.201, -0.275, fr=0.145, ing=0.087
p:-0.765, -0.758, 0.77
j:0, 1
j:2, 1, stif=0.888
j:3, 0
n:j=0, d=|
",0.003729376208087875,feasible,22
40,0,13,"//0
p:-0.544, -0.537, 0.451
p:1.043, 0.042, -0.076
p:1.11, -0.201, -0.275, fr=0.145
p:-0.765, -0.758, 0.77
j:0, 1
j:2, 1, stif=0.888
j:3, 0
n:j=0, d=|
",0.003729376208087875,"//0
p:-0.544, -0.537, 0.451, ing=0.22
p:1.043, 0.042, -0.076
p:1.11, -0.201, -0.275, fr=0.145
p:-0.765, -0.758, 0.77
j:0, 1
j:2, 1, stif=0.888
j:3, 0
n:j=0, d=|
",0.003729376208087875,feasible,22
40,0,13,"//0
p:-0.544, -0.537, 0.451
p:1.043, 0.042, -0.076
p:1.11, -0.201, -0.275, fr=0.145
p:-0.765, -0.758, 0.77
j:0, 1
j:2, 1, stif=0.888
j:3, 0
n:j=0, d=|
",0.003729376208087875,"//0
p:-0.544, -0.537, 0.451
p:0.74, -0.566, 0.109
p:1.11, -0.201, -0.275, fr=0.145
p:-0.765, -0.758, 0.77
j:0, 1
j:2, 1, stif=0.888
j:3, 0
n:j=0, d=|
",0.00038630588337132534,feasible,22
40,0,13,"//0
p:-0.544, -0.537, 0.451
p:1.043, 0.042, -0.076
p:1.11, -0.201, -0.275, fr=0.145
p:-0.765, -0.758, 0.77
j:0, 1
j:2, 1, stif=0.888
j:3, 0
n:j=0, d=|
",0.003729376208087875,"//0
p:-0.544, -0.537, 0.451
p:1.043, 0.042, -0.076
p:1.11, -0.201, -0.275, fr=0.145, ing=0.233
p:-0.765, -0.758, 0.77
j:0, 1
j:2, 1, stif=0.888
j:3, 0
n:j=0, d=|
",0.003729376208087875,feasible,22
40,0,14,"//0
p:-0.544, -0.537, 0.451
p:1.043, 0.042, -0.076
p:1.11, -0.201, -0.275, fr=0.145
p:-0.765, -0.758, 0.77
j:0, 1
j:2, 1, stif=0.919
j:3, 0
n:j=0, d=|
",0.004130667549337351,"//0
p:-0.544, -0.537, 0.451
p:0.906, -0.172, -0.057
p:1.11, -0.201, -0.275, fr=0.145
p:-0.765, -0.758, 0.77
j:0, 1
j:2, 1, stif=0.919
j:3, 0
n:j=0, d=|
",2.104656939409217e-07,feasible,20
40,0,14,"//0
p:-0.544, -0.537, 0.451
p:1.043, 0.042, -0.076
p:1.11, -0.201, -0.275, fr=0.145
p:-0.765, -0.758, 0.77
j:0, 1
j:2, 1, stif=0.919
j:3, 0
n:j=0, d=|
",0.004130667549337351,"//0
p:-0.544, -0.537, 0.451
p:1.043, 0.042, -0.076
p:0.9258225586040968, -0.2557129785906763, -0.1723517726620165, fr=0.145
p:-0.765, -0.758, 0.77
j:0, 1
j:2, 1, stif=0.919
j:3, 0
j:3, 2
n:j=0, d=|
",3.621413405621559e-07,feasible,20
40,0,14,"//0
p:-0.544, -0.537, 0.451
p:1.043, 0.042, -0.076
p:1.11, -0.201, -0.275, fr=0.145
p:-0.765, -0.758, 0.77
j:0, 1
j:2, 1, stif=0.919
j:3, 0
n:j=0, d=|
",0.004130667549337351,"//0
p:-0.544, -0.537, 0.451
p:1.043, 0.042, -0.076
p:1.11, -0.201, -0.275, fr=0.145
p:-0.6383140486851375, -0.7019442693297069, 0.710721064816165
j:1, 0
j:2, 0, stif=0.919
j:3, 1
n:j=0, d=|
",5.229734790405809e-07,feasible,20
40,0,14,"//0
p:-0.544, -0.537, 0.451
p:1.043, 0.042, -0.076
p:1.11, -0.201, -0.275, fr=0.145
p:-0.765, -0.758, 0.77
j:0, 1
j:2, 1, stif=0.919
j:3, 0
n:j=0, d=|
",0.004130667549337351,"//0
p:-0.544, -0.537, 0.451
p:1.043, 0.042, -0.076
p:1.11, -0.201, -0.275, fr=0.217
p:-0.765, -0.758, 0.77
j:0, 1
j:2, 1, stif=0.919
j:3, 0
n:j=0, d=|
",0.003923527693894426,feasible,20
40,0,14,"//0
p:-0.544, -0.537, 0.451
p:1.043, 0.042, -0.076
p:1.11, -0.201, -0.275, fr=0.145
p:-0.765, -0.758, 0.77
j:0, 1
j:2, 1, stif=0.919
j:3, 0
n:j=0, d=|
",0.004130667549337351,"//0
p:-0.544, -0.537, 0.451
p:1.043, 0.042, -0.076
p:1.11, -0.201, -0.275, fr=0.145
p:-0.765, -0.758, 0.77, fr=0.262
j:0, 1
j:2, 1, stif=0.919
j:3, 0
n:j=0, d=|
",0.004120325477908547,feasible,20
40,0,14,"//0
p:-0.544, -0.537, 0.451
p:1.043, 0.042, -0.076
p:1.11, -0.201, -0.275, fr=0.145
p:-0.765, -0.758, 0.77
j:0, 1
j:2, 1, stif=0.919
j:3, 0
n:j=0, d=|
",0.004130667549337351,"//0
p:-0.544, -0.537, 0.451
p:0.9163140486851374, -0.014055730670293087, -0.016721064816164977
p:1.11, -0.201, -0.275, fr=0.145
p:-0.765, -0.758, 0.77
j:3, 1
j:2, 1, stif=0.919
j:0, 3
n:j=0, d=|
",2.1417568296516655e-07,feasible,20
40,0,14,"//0
p:-0.544, -0.537, 0.451
p:1.043, 0.042, -0.076
p:1.11, -0.201, -0.275, fr=0.145
p:-0.765, -0.758, 0.77
j:0, 1
j:2, 1, stif=0.919
j:3, 0
n:j=0, d=|
",0.004130667549337351,"//0
p:-0.544, -0.537, 0.451
p:1.043, 0.042, -0.076
p:1.11, -0.201, -0.275, fr=0.397
p:-0.765, -0.758, 0.77
j:0, 1
j:2, 1, stif=0.919
j:3, 0
n:j=0, d=|
",0.003893150369054186,feasible,20
40,0,14,"//0
p:-0.544, -0.537, 0.451
p:1.043, 0.042, -0.076
p:1.11, -0.201, -0.275, fr=0.145
p:-0.765, -0.758, 0.77
j:0, 1
j:2, 1, stif=0.919
j:3, 0
n:j=0, d=|
",0.004130667549337351,"//0
p:-0.544, -0.537, 0.451
p:1.043, 0.042, -0.076
p:1.11, -0.201, -0.275, fr=0.145
p:-0.765, -0.758, 0.77, fr=0.647
j:0, 1
j:2, 1, stif=0.919
j:3, 0
n:j=0, d=|
",0.00385370028514209,feasible,20
40,0,14,"//0
p:-0.544, -0.537, 0.451
p:1.043, 0.042, -0.076
p:1.11, -0.201, -0.275, fr=0.145
p:-0.765, -0.758, 0.77
j:0, 1
j:2, 1, stif=0.919
j:3, 0
n:j=0, d=|
",0.004130667549337351,"//0
p:-0.544, -0.537, 0.451
p:1.043, 0.042, -0.076
p:1.11, -0.201, -0.275, fr=0.145
p:-0.5808225586040967, -0.7032870214093236, 0.6673517726620165
j:2, 1
j:0, 1, stif=0.919
j:3, 2
n:j=0, d=|
",5.656172045330216e-07,feasible,20
40,0,14,"//0
p:-0.544, -0.537, 0.451
p:1.043, 0.042, -0.076
p:1.11, -0.201, -0.275, fr=0.145
p:-0.765, -0.758, 0.77
j:0, 1
j:2, 1, stif=0.919
j:3, 0
n:j=0, d=|
",0.004130667549337351,"//0
p:-0.544, -0.537, 0.451
p:1.043, 0.042, -0.076
p:1.11, -0.201, -0.275, fr=0.145
p:-0.765, -0.758, 0.77
p:1.255, -0.164, 0.796
j:0, 1
j:2, 1, stif=0.919
j:3, 0
j:4, 1
n:j=0, d=|
",0.0003423697027178621,feasible,20
40,0,14,"//0
p:-0.544, -0.537, 0.451
p:1.043, 0.042, -0.076
p:1.11, -0.201, -0.275, fr=0.145
p:-0.765, -0.758, 0.77
j:0, 1
j:2, 1, stif=0.919
j:3, 0
n:j=0, d=|
",0.004130667549337351,"//0
p:-0.544, -0.537, 0.451
p:0.841, 0.036, 0.105
p:1.11, -0.201, -0.275, fr=0.145
p:-0.765, -0.758, 0.77
j:0, 1
j:2, 1, stif=0.919
j:3, 0
n:j=0, d=|
",0.0016037551241491691,feasible,20
40,0,14,"//0
p:-0.544, -0.537, 0.451
p:1.043, 0.042, -0.076
p:1.11, -0.201, -0.275, fr=0.145
p:-0.765, -0.758, 0.77
j:0, 1
j:2, 1, stif=0.919
j:3, 0
n:j=0, d=|
",0.004130667549337351,"//0
p:-0.544, -0.537, 0.451
p:1.043, 0.042, -0.076
p:1.11, -0.201, -0.275, fr=0.145
p:-0.765, -0.758, 0.77
j:0, 1, rotstif=0.943
j:2, 1, stif=0.919
j:3, 0
n:j=0, d=|
",0.004130667549337351,feasible,20
40,0,14,"//0
p:-0.544, -0.537, 0.451
p:1.043, 0.042, -0.076
p:1.11, -0.201, -0.275, fr=0.145
p:-0.765, -0.758, 0.77
j:0, 1
j:2, 1, stif=0.919
j:3, 0
n:j=0, d=|
",0.004130667549337351,"//0
p:-0.544, -0.537, 0.451
p:1.043, 0.042, -0.076
p:1.11, -0.201, -0.275, fr=0.145
p:-0.765, -0.758, 0.77
j:0, 1
j:2, 1, stif=0.919
j:3, 0
n:j=0, d=|
n:j=0, d=@
",0.0034680285698752236,feasible,20
40,0,14,"//0
p:-0.544, -0.537, 0.451
p:1.043, 0.042, -0.076
p:1.11, -0.201, -0.275, fr=0.145
p:-0.765, -0.758, 0.77
j:0, 1
j:2, 1, stif=0.919
j:3, 0
n:j=0, d=|
",0.004130667549337351,"//0
p:-0.544, -0.537, 0.451
p:1.043, 0.042, -0.076
p:1.11, -0.201, -0.275, fr=0.145
p:0.03, -0.534, 1.254
j:0, 1
j:2, 1, stif=0.919
j:3, 0
n:j=0, d=|
",0.00020243440789342797,feasible,20
40,0,14,"//0
p:-0.544, -0.537, 0.451
p:1.043, 0.042, -0.076
p:1.11, -0.201, -0.275, fr=0.145
p:-0.765, -0.758, 0.77
j:0, 1
j:2, 1, stif=0.919
j:3, 0
n:j=0, d=|
",0.004130667549337351,"//0
p:-0.544, -0.537, 0.451
p:1.043, 0.042, -0.076
p:1.11, -0.201, -0.275, fr=0.145
p:-0.765, -0.758, 0.77
j:0, 1
j:2, 1, stif=0.919, rotstif=0.996
j:3, 0
n:j=0, d=|
",0.004130667549337351,feasible,20
40,0,14,"//0
p:-0.544, -0.537, 0.451
p:1.043, 0.042, -0.076
p:1.11, -0.201, -0.275, fr=0.145
p:-0.765, -0.758, 0.77
j:0, 1
j:2, 1, stif=0.919
j:3, 0
n:j=0, d=|
",0.004130667549337351,"//0
p:-0.544, -0.537, 0.451
p:1.043, 0.042, -0.076
p:1.11, -0.201, -0.275, fr=0.145
p:-0.765, -0.758, 0.77
j:0, 1
j:2, 1, stif=0.919, rotstif=0.948
j:3, 0
n:j=0, d=|
",0.004130667549337351,feasible,20
40,0,14,"//0
p:-0.544, -0.537, 0.451
p:1.043, 0.042, -0.076
p:1.11, -0.201, -0.275, fr=0.145
p:-0.765, -0.758, 0.77
j:0, 1
j:2, 1, stif=0.919
j:3, 0
n:j=0, d=|
",0.004130667549337351,"//0
p:-0.544, -0.537, 0.451, ing=0.274
p:1.043, 0.042, -0.076
p:1.11, -0.201, -0.275, fr=0.145
p:-0.765, -0.758, 0.77
j:0, 1
j:2, 1, stif=0.919
j:3, 0
n:j=0, d=|
",0.004130667549337351,feasible,20
40,0,14,"//0
p:-0.544, -0.537, 0.451
p:1.043, 0.042, -0.076
p:1.11, -0.201, -0.275, fr=0.145
p:-0.765, -0.758, 0.77
j:0, 1
j:2, 1, stif=0.919
j:3, 0
n:j=0, d=|
",0.004130667549337351,"//0
p:-0.544, -0.537, 0.451
p:1.043, 0.042, -0.076
p:1.11, -0.201, -0.275, fr=0.145
p:-0.765, -0.758, 0.77, ing=0.486
j:0, 1
j:2, 1, stif=0.919
j:3, 0
n:j=0, d=|
",0.004130667549337351,feasible,20
40,0,14,"//0
p:-0.544, -0.537, 0.451
p:1.043, 0.042, -0.076
p:1.11, -0.201, -0.275, fr=0.145
p:-0.765, -0.758, 0.77
j:0, 1
j:2, 1, stif=0.919
j:3, 0
n:j=0, d=|
",0.004130667549337351,"//0
p:-0.544, -0.537, 0.451
p:1.043, 0.042, -0.076
p:1.11, -0.201, -0.275, fr=0.145
p:-0.765, -0.758, 0.77
j:0, 1
j:2, 1, stif=0.919
j:3, 0
n:j=0, d=|
n:j=2, d=@
",0.003994866821227304,feasible,20
40,0,14,"//0
p:-0.544, -0.537, 0.451
p:1.043, 0.042, -0.076
p:1.11, -0.201, -0.275, fr=0.145
p:-0.765, -0.758, 0.77
j:0, 1
j:2, 1, stif=0.919
j:3, 0
n:j=0, d=|
",0.004130667549337351,"//0
p:-0.544, -0.537, 0.451
p:1.043, 0.042, -0.076
p:1.11, -0.201, -0.275, fr=0.331
p:-0.765, -0.758, 0.77
j:0, 1
j:2, 1, stif=0.919
j:3, 0
n:j=0, d=|
",0.003505290572537056,feasible,20
40,0,15,"//0
p:-0.544, -0.537, 0.451
p:1.043, 0.042, -0.076
p:1.11, -0.201, -0.275, fr=0.145
p:-0.765, -0.758, 0.77
j:0, 1
j:2, 1, stif=0.919
j:3, 0
n:j=0, d=|
n:p=2, d=Gpart
c:0, 1, -1.027
",0.005116130344619308,"//0
p:-0.544, -0.537, 0.451
p:1.043, 0.042, -0.076
p:1.11, -0.201, -0.275, fr=0.145
p:-0.765, -0.758, 0.77
j:0, 1
j:2, 1, stif=0.919
j:3, 0
n:j=0, d=|:r=0.953
n:p=2, d=Gpart
c:0, 1, -1.027
",0.0051229400800375515,feasible,22
40,0,15,"//0
p:-0.544, -0.537, 0.451
p:1.043, 0.042, -0.076
p:1.11, -0.201, -0.275, fr=0.145
p:-0.765, -0.758, 0.77
j:0, 1
j:2, 1, stif=0.919
j:3, 0
n:j=0, d=|
n:p=2, d=Gpart
c:0, 1, -1.027
",0.005116130344619308,"//0
p:-0.544, -0.537, 0.451
p:1.043, 0.042, -0.076
p:1.11, -0.201, -0.275, fr=0.145
p:-0.765, -0.758, 0.77
j:0, 1
j:2, 1, stif=0.919
j:3, 0, stif=0.965
n:j=0, d=|
n:p=2, d=Gpart
c:0, 1, -1.027
",0.005022066378193241,feasible,22
40,0,15,"//0
p:-0.544, -0.537, 0.451
p:1.043, 0.042, -0.076
p:1.11, -0.201, -0.275, fr=0.145
p:-0.765, -0.758, 0.77
j:0, 1
j:2, 1, stif=0.919
j:3, 0
n:j=0, d=|
n:p=2, d=Gpart
c:0, 1, -1.027
",0.005116130344619308,"//0
p:-0.544, -0.537, 0.451, ing=0.006
p:1.043, 0.042, -0.076
p:1.11, -0.201, -0.275, fr=0.145
p:-0.765, -0.758, 0.77
j:0, 1
j:2, 1, stif=0.919
j:3, 0
n:j=0, d=|
n:p=2, d=Gpart
c:0, 1, -1.027
",0.005116130344619308,feasible,22
40,0,15,"//0
p:-0.544, -0.537, 0.451
p:1.043, 0.042, -0.076
p:1.11, -0.201, -0.275, fr=0.145
p:-0.765, -0.758, 0.77
j:0, 1
j:2, 1, stif=0.919
j:3, 0
n:j=0, d=|
n:p=2, d=Gpart
c:0, 1, -1.027
",0.005116130344619308,"//0
p:-0.544, -0.537, 0.451
p:1.043, 0.042, -0.076
p:1.11, -0.201, -0.275, fr=0.145
p:-0.765, -0.758, 0.77
j:0, 1, stif=0.944
j:2, 1, stif=0.919
j:3, 0
n:j=0, d=|
n:p=2, d=Gpart
c:0, 1, -1.027
",0.005103046405408368,feasible,22
40,0,15,"//0
p:-0.544, -0.537, 0.451
p:1.043, 0.042, -0.076
p:1.11, -0.201, -0.275, fr=0.145
p:-0.765, -0.758, 0.77
j:0, 1
j:2, 1, stif=0.919
j:3, 0
n:j=0, d=|
n:p=2, d=Gpart
c:0, 1, -1.027
",0.005116130344619308,"//0
p:-0.544, -0.537, 0.451
p:1.043, 0.042, -0.076
p:1.11, -0.201, -0.275, fr=0.145
p:-0.765, -0.758, 0.77
j:0, 1
j:2, 1, stif=0.919
j:3, 0
n:p=2, d=Gpart
",2.2262076963654516e-07,feasible,22
40,0,15,"//0
p:-0.544, -0.537, 0.451
p:1.043, 0.042, -0.076
p:1.11, -0.201, -0.275, fr=0.145
p:-0.765, -0.758, 0.77
j:0, 1
j:2, 1, stif=0.919
j:3, 0
n:j=0, d=|
n:p=2, d=Gpart
c:0, 1, -1.027
",0.005116130344619308,"//0
p:-0.544, -0.537, 0.451
p:1.043, 0.042, -0.076
p:1.11, -0.201, -0.275, fr=0.145
p:-0.765, -0.758, 0.77
j:0, 1
j:2, 1, stif=0.919, rotstif=0.979
j:3, 0
n:j=0, d=|
n:p=2, d=Gpart
c:0, 1, -1.027
",0.005116130344619308,feasible,22
40,0,15,"//0
p:-0.544, -0.537, 0.451
p:1.043, 0.042, -0.076
p:1.11, -0.201, -0.275, fr=0.145
p:-0.765, -0.758, 0.77
j:0, 1
j:2, 1, stif=0.919
j:3, 0
n:j=0, d=|
n:p=2, d=Gpart
c:0, 1, -1.027
",0.005116130344619308,"//0
p:-0.544, -0.537, 0.451
p:1.043, 0.042, -0.076
p:1.11, -0.201, -0.275, fr=0.145
p:-0.6383140486851375, -0.7019442693297069, 0.710721064816165
j:1, 0
j:2, 0, stif=0.919
j:3, 1
n:j=0, d=|
n:p=2, d=Gpart
c:0, 1, -1.027
",4.411026726007892e-05,feasible,22
40,0,15,"//0
p:-0.544, -0.537, 0.451
p:1.043, 0.042, -0.076
p:1.11, -0.201, -0.275, fr=0.145
p:-0.765, -0.758, 0.77
j:0, 1
j:2, 1, stif=0.919
j:3, 0
n:j=0, d=|
n:p=2, d=Gpart
c:0, 1, -1.027
",0.005116130344619308,"//0
p:-0.544, -0.537, 0.451, fr=0.91
p:1.043, 0.042, -0.076
p:1.11, -0.201, -0.275, fr=0.145
p:-0.765, -0.758, 0.77
j:0, 1
j:2, 1, stif=0.919
j:3, 0
n:j=0, d=|
n:p=2, d=Gpart
c:0, 1, -1.027
",0.00026677547391463856,feasible,22
40,0,15,"//0
p:-0.544, -0.537, 0.451
p:1.043, 0.042, -0.076
p:1.11, -0.201, -0.275, fr=0.145
p:-0.765, -0.758, 0.77
j:0, 1
j:2, 1, stif=0.919
j:3, 0
n:j=0, d=|
n:p=2, d=Gpart
c:0, 1, -1.027
",0.005116130344619308,"//0
p:-0.544, -0.537, 0.451
p:1.043, 0.042, -0.076
p:1.11, -0.201, -0.275, fr=0.145
p:-0.6383140486851375, -0.7019442693297069, 0.710721064816165
j:0, 1
j:3, 1, stif=0.919
j:2, 0
n:j=0, d=|
n:p=2, d=Gpart
c:0, 1, -1.027
",5.361785256247982e-05,feasible,22
40,0,15,"//0
p:-0.544, -0.537, 0.451
p:1.043, 0.042, -0.076
p:1.11, -0.201, -0.275, fr=0.145
p:-0.765, -0.758, 0.77
j:0, 1
j:2, 1, stif=0.919
j:3, 0
n:j=0, d=|
n:p=2, d=Gpart
c:0, 1, -1.027
",0.005116130344619308,"//0
p:-0.544, -0.537, 0.451
p:1.043, 0.042, -0.076
p:1.11, -0.201, -0.275, fr=0.145
p:-0.765, -0.758, 0.77
j:0, 1
j:2, 1, stif=0.919
j:3, 0
n:j=0, d=|
n:p=2, d=Gpart:rz=-1.175
c:0, 1, -1.027
",0.001153016006802185,feasible,22
40,0,15,"//0
p:-0.544, -0.537, 0.451
p:1.043, 0.042, -0.076
p:1.11, -0.201, -0.275, fr=0.145
p:-0.765, -0.758, 0.77
j:0, 1
j:2, 1, stif=0.919
j:3, 0
n:j=0, d=|
n:p=2, d=Gpart
c:0, 1, -1.027
",0.005116130344619308,"//0
p:-0.544, -0.537, 0.451
p:1.043, 0.042, -0.076
p:1.11, -0.201, -0.275, fr=0.145
p:-0.765, -0.758, 0.77
p:-0.272, 0.491, -0.09
j:0, 1
j:2, 1, stif=0.919
j:3, 0
j:4, 1
n:j=0, d=|
n:p=2, d=Gpart
c:0, 1, -1.027
",1.2856574557884868e-06,feasible,22
40,0,15,"//0
p:-0.544, -0.537, 0.451
p:1.043, 0.042, -0.076
p:1.11, -0.201, -0.275, fr=0.145
p:-0.765, -0.758, 0.77
j:0, 1
j:2, 1, stif=0.919
j:3, 0
n:j=0, d=|
n:p=2, d=Gpart
c:0, 1, -1.027
",0.005116130344619308,"//0
p:-0.544, -0.537, 0.451
p:1.061, 0.155, 0.186
p:1.11, -0.201, -0.275, fr=0.145
p:-0.765, -0.758, 0.77
j:0, 1
j:2, 1, stif=0.919
j:3, 0
n:j=0, d=|
n:p=2, d=Gpart
c:0, 1, -1.027
",0.002426706243873755,feasible,22
40,0,15,"//0
p:-0.544, -0.537, 0.451
p:1.043, 0.042, -0.076
p:1.11, -0.201, -0.275, fr=0.145
p:-0.765, -0.758, 0.77
j:0, 1
j:2, 1, stif=0.919
j:3, 0
n:j=0, d=|
n:p=2, d=Gpart
c:0, 1, -1.027
",0.005116130344619308,"//0
p:-0.544, -0.537, 0.451
p:1.043, 0.042, -0.076
p:1.11, -0.201, -0.275, fr=0.145
p:-0.765, -0.758, 0.77
j:0, 1
j:2, 1, stif=0.992
j:3, 0
n:j=0, d=|
n:p=2, d=Gpart
c:0, 1, -1.027
",0.005067230818866251,feasible,22
40,0,15,"//0
p:-0.544, -0.537, 0.451
p:1.043, 0.042, -0.076
p:1.11, -0.201, -0.275, fr=0.145
p:-0.765, -0.758, 0.77
j:0, 1
j:2, 1, stif=0.919
j:3, 0
n:j=0, d=|
n:p=2, d=Gpart
c:0, 1, -1.027
",0.005116130344619308,"//0
p:-0.544, -0.537, 0.451
p:1.043, 0.042, -0.076
p:1.11, -0.201, -0.275, fr=0.145
j:0, 1
j:2, 1, stif=0.919
n:j=0, d=|
n:p=2, d=Gpart
c:0, 1, -1.027
",0.00011860249914997824,feasible,22
40,0,15,"//0
p:-0.544, -0.537, 0.451
p:1.043, 0.042, -0.076
p:1.11, -0.201, -0.275, fr=0.145
p:-0.765, -0.758, 0.77
j:0, 1
j:2, 1, stif=0.919
j:3, 0
n:j=0, d=|
n:p=2, d=Gpart
c:0, 1, -1.027
",0.005116130344619308,"//0
p:-0.544, -0.537, 0.451
p:1.043, 0.042, -0.076
p:1.11, -0.201, -0.275, fr=0.145
p:-0.765, -0.758, 0.77
j:0, 1
j:2, 1, stif=0.919
j:3, 0
n:j=0, d=|
n:p=2, d=Gpart
c:0, 1, -3.063
",0.00010026802125780621,feasible,22
40,0,15,"//0
p:-0.544, -0.537, 0.451
p:1.043, 0.042, -0.076
p:1.11, -0.201, -0.275, fr=0.145
p:-0.765, -0.758, 0.77
j:0, 1
j:2, 1, stif=0.919
j:3, 0
n:j=0, d=|
n:p=2, d=Gpart
c:0, 1, -1.027
",0.005116130344619308,"//0
p:-0.544, -0.537, 0.451
p:1.043, 0.042, -0.076
p:-0.765, -0.758, 0.77
j:0, 1
j:2, 0
n:j=0, d=|
",0.00010250140348818568,feasible,22
40,0,15,"//0
p:-0.544, -0.537, 0.451
p:1.043, 0.042, -0.076
p:1.11, -0.201, -0.275, fr=0.145
p:-0.765, -0.758, 0.77
j:0, 1
j:2, 1, stif=0.919
j:3, 0
n:j=0, d=|
n:p=2, d=Gpart
c:0, 1, -1.027
",0.005116130344619308,"//0
p:-0.544, -0.537, 0.451
p:1.043, 0.042, -0.076
p:1.11, -0.201, -0.275, fr=0.145
p:-0.765, -0.758, 0.77
j:0, 1
j:2, 1, stif=0.919
j:3, 0
n:j=0, d=|
n:p=2, d=Gpart
n:j=2, d=G
c:0, 1, -1.027
",0.005116130344619308,feasible,22
40,0,15,"//0
p:-0.544, -0.537, 0.451
p:1.043, 0.042, -0.076
p:1.11, -0.201, -0.275, fr=0.145
p:-0.765, -0.758, 0.77
j:0, 1
j:2, 1, stif=0.919
j:3, 0
n:j=0, d=|
n:p=2, d=Gpart
c:0, 1, -1.027
",0.005116130344619308,"//0
p:-0.544, -0.537, 0.451
p:1.043, 0.042, -0.076
p:1.207, -1.071, -0.127, fr=0.145
p:-0.765, -0.758, 0.77
j:0, 1
j:2, 1, stif=0.919
j:3, 0
n:j=0, d=|
n:p=2, d=Gpart
c:0, 1, -1.027
",0.0013357493324319774,feasible,22
40,0,15,"//0
p:-0.544, -0.537, 0.451
p:1.043, 0.042, -0.076
p:1.11, -0.201, -0.275, fr=0.145
p:-0.765, -0.758, 0.77
j:0, 1
j:2, 1, stif=0.919
j:3, 0
n:j=0, d=|
n:p=2, d=Gpart
c:0, 1, -1.027
",0.005116130344619308,"//0
p:-0.544, -0.537, 0.451, fr=0.946
p:1.043, 0.042, -0.076
p:1.11, -0.201, -0.275, fr=0.145
p:-0.765, -0.758, 0.77
j:0, 1
j:2, 1, stif=0.919
j:3, 0
n:j=0, d=|
n:p=2, d=Gpart
c:0, 1, -1.027
",0.0004767506723487375,feasible,22
40,0,15,"//0
p:-0.544, -0.537, 0.451
p:1.043, 0.042, -0.076
p:1.11, -0.201, -0.275, fr=0.145
p:-0.765, -0.758, 0.77
j:0, 1
j:2, 1, stif=0.919
j:3, 0
n:j=0, d=|
n:p=2, d=Gpart
c:0, 1, -1.027
",0.005116130344619308,"//0
p:-0.544, -0.537, 0.451
p:1.043, 0.042, -0.076
p:1.11, -0.201, -0.275, fr=0.145
p:-0.765, -0.758, 0.77
p:1.708, -0.197, 0.013
j:0, 1
j:2, 1, stif=0.919
j:3, 0
j:4, 2
n:j=0, d=|
n:p=2, d=Gpart
c:0, 1, -1.027
",0.00018815931309334677,feasible,22
40,0,16,"//0
p:-0.544, -0.537, 0.451
p:1.043, 0.042, -0.076
p:1.11, -0.201, -0.275, fr=0.145
p:-0.765, -0.758, 0.77
j:0, 1
j:2, 1, stif=0.919
j:3, 0
n:j=0, d=|:r=0.993
n:p=2, d=Gpart
c:0, 1, -1.027
",0.0051731588932689525,"//0
p:-0.544, -0.537, 0.451
p:1.043, 0.042, -0.076
p:1.11, -0.201, -0.275, fr=0.145
p:-0.765, -0.758, 0.77
j:0, 1
j:2, 1, stif=0.919
j:3, 0
n:j=0, d=|:r=0.993
n:p=2, d=Gpart
c:0, 1, -0.182
",0.0012546243706564274,feasible,22
40,0,16,"//0
p:-0.544, -0.537, 0.451
p:1.043, 0.042, -0.076
p:1.11, -0.201, -0.275, fr=0.145
p:-0.765, -0.758, 0.77
j:0, 1
j:2, 1, stif=0.919
j:3, 0
n:j=0, d=|:r=0.993
n:p=2, d=Gpart
c:0, 1, -1.027
",0.0051731588932689525,"//0
p:-0.544, -0.537, 0.451
p:1.043, 0.042, -0.076
p:1.11, -0.201, -0.275, fr=0.145
p:-0.765, -0.758, 0.77
j:0, 1, rotstif=0.995
j:2, 1, stif=0.919
j:3, 0
n:j=0, d=|:r=0.993
n:p=2, d=Gpart
c:0, 1, -1.027
",0.0051731588932689525,feasible,22
40,0,16,"//0
p:-0.544, -0.537, 0.451
p:1.043, 0.042, -0.076
p:1.11, -0.201, -0.275, fr=0.145
p:-0.765, -0.758, 0.77
j:0, 1
j:2, 1, stif=0.919
j:3, 0
n:j=0, d=|:r=0.993
n:p=2, d=Gpart
c:0, 1, -1.027
",0.0051731588932689525,"//0
p:-0.544, -0.537, 0.451
p:1.043, 0.042, -0.076
p:1.11, -0.201, -0.275, fr=0.145
p:-0.765, -0.758, 0.77, fr=0.327
j:0, 1
j:2, 1, stif=0.919
j:3, 0
n:j=0, d=|:r=0.993
n:p=2, d=Gpart
c:0, 1, -1.027
",0.0051731588932689525,feasible,22
40,0,16,"//0
p:-0.544, -0.537, 0.451
p:1.043, 0.042, -0.076
p:1.11, -0.201, -0.275, fr=0.145
p:-0.765, -0.758, 0.77
j:0, 1
j:2, 1, stif=0.919
j:3, 0
n:j=0, d=|:r=0.993
n:p=2, d=Gpart
c:0, 1, -1.027
",0.0051731588932689525,"//0
p:-0.544, -0.537, 0.451, fr=0.645
p:1.043, 0.042, -0.076
p:1.11, -0.201, -0.275, fr=0.145
p:-0.765, -0.758, 0.77
j:0, 1
j:2, 1, stif=0.919
j:3, 0
n:j=0, d=|:r=0.993
n:p=2, d=Gpart
c:0, 1, -1.027
",0.0024483814366601116,feasible,22
40,0,16,"//0
p:-0.544, -0.537, 0.451
p:1.043, 0.042, -0.076
p:1.11, -0.201, -0.275, fr=0.145
p:-0.765, -0.758, 0.77
j:0, 1
j:2, 1, stif=0.919
j:3, 0
n:j=0, d=|:r=0.993
n:p=2, d=Gpart
c:0, 1, -1.027
",0.0051731588932689525,"//0
p:-0.544, -0.537, 0.451
p:0.9163140486851374, -0.014055730670293087, -0.016721064816164977
p:1.11, -0.201, -0.275, fr=0.145
p:-0.765, -0.758, 0.77
j:3, 1
j:2, 1, stif=0.919
j:0, 3
n:j=0, d=|:r=0.993
n:p=2, d=Gpart
c:0, 1, -1.027
",0.001252767815327457,feasible,22
40,0,16,"//0
p:-0.544, -0.537, 0.451
p:1.043, 0.042, -0.076
p:1.11, -0.201, -0.275, fr=0.145
p:-0.765, -0.758, 0.77
j:0, 1
j:2, 1, stif=0.919
j:3, 0
n:j=0, d=|:r=0.993
n:p=2, d=Gpart
c:0, 1, -1.027
",0.0051731588932689525,"//0
p:-0.544, -0.537, 0.451, ing=0.323
p:1.043, 0.042, -0.076
p:1.11, -0.201, -0.275, fr=0.145
p:-0.765, -0.758, 0.77
j:0, 1
j:2, 1, stif=0.919
j:3, 0
n:j=0, d=|:r=0.993
n:p=2, d=Gpart
c:0, 1, -1.027
",0.0051731588932689525,feasible,22
40,0,16,"//0
p:-0.544, -0.537, 0.451
p:1.043, 0.042, -0.076
p:1.11, -0.201, -0.275, fr=0.145
p:-0.765, -0.758, 0.77
j:0, 1
j:2, 1, stif=0.919
j:3, 0
n:j=0, d=|:r=0.993
n:p=2, d=Gpart
c:0, 1, -1.027
",0.0051731588932689525,"//0
p:-0.544, -0.537, 0.451
p:1.043, 0.042, -0.076
p:0.389, -0.642, 0.031, fr=0.145
p:-0.765, -0.758, 0.77
j:0, 1
j:2, 1, stif=0.919
j:3, 0
n:j=0, d=|:r=0.993
n:p=2, d=Gpart
c:0, 1, -1.027
",0.00011430966343414659,feasible,22
40,0,16,"//0
p:-0.544, -0.537, 0.451
p:1.043, 0.042, -0.076
p:1.11, -0.201, -0.275, fr=0.145
p:-0.765, -0.758, 0.77
j:0, 1
j:2, 1, stif=0.919
j:3, 0
n:j=0, d=|:r=0.993
n:p=2, d=Gpart
c:0, 1, -1.027
",0.0051731588932689525,"//0
p:-0.544, -0.537, 0.451
p:1.043, 0.042, -0.076
p:1.11, -0.201, -0.275, fr=0.145
p:-0.765, -0.758, 0.77
j:0, 1
j:2, 1, stif=0.919
j:3, 0
n:j=0, d=|:r=0.993
n:p=2, d=Gpart
c:0, 1, 0.096
",0.0024333832544691544,feasible,22
40,0,16,"//0
p:-0.544, -0.537, 0.451
p:1.043, 0.042, -0.076
p:1.11, -0.201, -0.275, fr=0.145
p:-0.765, -0.758, 0.77
j:0, 1
j:2, 1, stif=0.919
j:3, 0
n:j=0, d=|:r=0.993
n:p=2, d=Gpart
c:0, 1, -1.027
",0.0051731588932689525,"//0
p:-0.544, -0.537, 0.451
p:1.043, 0.042, -0.076
p:1.11, -0.201, -0.275, fr=0.145
p:-0.765, -0.758, 0.77
j:0, 1
j:2, 1, stif=0.919
j:3, 0
n:j=0, d=|:r=0.993
n:p=2, d=Gpart
",0.004130667549337351,feasible,22
40,0,16,"//0
p:-0.544, -0.537, 0.451
p:1.043, 0.042, -0.076
p:1.11, -0.201, -0.275, fr=0.145
p:-0.765, -0.758, 0.77
j:0, 1
j:2, 1, stif=0.919
j:3, 0
n:j=0, d=|:r=0.993
n:p=2, d=Gpart
c:0, 1, -1.027
",0.0051731588932689525,"//0
p:-0.544, -0.537, 0.451, fr=0.727
p:1.043, 0.042, -0.076
p:1.11, -0.201, -0.275, fr=0.145
p:-0.765, -0.758, 0.77
j:0, 1
j:2, 1, stif=0.919
j:3, 0
n:j=0, d=|:r=0.993
n:p=2, d=Gpart
c:0, 1, -1.027
",0.001408698967367053,feasible,22
40,0,16,"//0
p:-0.544, -0.537, 0.451
p:1.043, 0.042, -0.076
p:1.11, -0.201, -0.275, fr=0.145
p:-0.765, -0.758, 0.77
j:0, 1
j:2, 1, stif=0.919
j:3, 0
n:j=0, d=|:r=0.993
n:p=2, d=Gpart
c:0, 1, -1.027
",0.0051731588932689525,"//0
p:-0.544, -0.537, 0.451
p:1.043, 0.042, -0.076
p:1.11, -0.201, -0.275, fr=0.145
p:-0.765, -0.758, 0.77
j:0, 1
j:2, 1, stif=0.919
j:3, 0, stif=0.868
n:j=0, d=|:r=0.993
n:p=2, d=Gpart
c:0, 1, -1.027
",0.005216002869569683,feasible,22
40,0,16,"//0
p:-0.544, -0.537, 0.451
p:1.043, 0.042, -0.076
p:1.11, -0.201, -0.275, fr=0.145
p:-0.765, -0.758, 0.77
j:0, 1
j:2, 1, stif=0.919
j:3, 0
n:j=0, d=|:r=0.993
n:p=2, d=Gpart
c:0, 1, -1.027
",0.0051731588932689525,"//0
p:-0.544, -0.537, 0.451
p:1.043, 0.042, -0.076
p:1.11, -0.201, -0.275, fr=0.145
p:-0.765, -0.758, 0.77
j:0, 1
j:2, 1, stif=0.919
j:3, 0
n:p=2, d=Gpart
",2.2262076963654516e-07,feasible,22
40,0,16,"//0
p:-0.544, -0.537, 0.451
p:1.043, 0.042, -0.076
p:1.11, -0.201, -0.275, fr=0.145
p:-0.765, -0.758, 0.77
j:0, 1
j:2, 1, stif=0.919
j:3, 0
n:j=0, d=|:r=0.993
n:p=2, d=Gpart
c:0, 1, -1.027
",0.0051731588932689525,"//0
p:-0.544, -0.537, 0.451
p:1.043, 0.042, -0.076
p:1.11, -0.201, -0.275, fr=0.145
p:-0.765, -0.758, 0.77
j:0, 1
j:2, 1, stif=0.919
j:3, 0, stif=0.984
n:j=0, d=|:r=0.993
n:p=2, d=Gpart
c:0, 1, -1.027
",0.005029357017724495,feasible,22
40,0,16,"//0
p:-0.544, -0.537, 0.451
p:1.043, 0.042, -0.076
p:1.11, -0.201, -0.275, fr=0.145
p:-0.765, -0.758, 0.77
j:0, 1
j:2, 1, stif=0.919
j:3, 0
n:j=0, d=|:r=0.993
n:p=2, d=Gpart
c:0, 1, -1.027
",0.0051731588932689525,"//0
p:-0.544, -0.537, 0.451
p:1.043, 0.042, -0.076
p:1.11, -0.201, -0.275, fr=0.145
p:-0.765, -0.758, 0.77
j:0, 1
j:2, 1, stif=0.919, rotstif=0.985
j:3, 0
n:j=0, d=|:r=0.993
n:p=2, d=Gpart
c:0, 1, -1.027
",0.0051731588932689525,feasible,22
40,0,16,"//0
p:-0.544, -0.537, 0.451
p:1.043, 0.042, -0.076
p:1.11, -0.201, -0.275, fr=0.145
p:-0.765, -0.758, 0.77
j:0, 1
j:2, 1, stif=0.919
j:3, 0
n:j=0, d=|:r=0.993
n:p=2, d=Gpart
c:0, 1, -1.027
",0.0051731588932689525,"//0
p:-0.544, -0.537, 0.451, fr=0.173
p:1.043, 0.042, -0.076
p:1.11, -0.201, -0.275, fr=0.145
p:-0.765, -0.758, 0.77
j:0, 1
j:2, 1, stif=0.919
j:3, 0
n:j=0, d=|:r=0.993
n:p=2, d=Gpart
c:0, 1, -1.027
",0.004749893632526467,feasible,22
40,0,16,"//0
p:-0.544, -0.537, 0.451
p:1.043, 0.042, -0.076
p:1.11, -0.201, -0.275, fr=0.145
p:-0.765, -0.758, 0.77
j:0, 1
j:2, 1, stif=0.919
j:3, 0
n:j=0, d=|:r=0.993
n:p=2, d=Gpart
c:0, 1, -1.027
",0.0051731588932689525,"//0
p:-0.544, -0.537, 0.451
p:1.043, 0.042, -0.076
p:1.11, -0.201, -0.275, fr=0.145
p:-0.765, -0.758, 0.77
j:0, 1
j:2, 1, stif=0.919
j:3, 0
n:j=0, d=|:r=0.941
n:p=2, d=Gpart
c:0, 1, -1.027
",0.005060385919970816,feasible,22
40,0,16,"//0
p:-0.544, -0.537, 0.451
p:1.043, 0.042, -0.076
p:1.11, -0.201, -0.275, fr=0.145
p:-0.765, -0.758, 0.77
j:0, 1
j:2, 1, stif=0.919
j:3, 0
n:j=0, d=|:r=0.993
n:p=2, d=Gpart
c:0, 1, -1.027
",0.0051731588932689525,"//0
p:-0.544, -0.537, 0.451
p:1.043, 0.042, -0.076
p:1.11, -0.201, -0.275, fr=0.145
p:-0.765, -0.758, 0.77, ing=0.218
j:0, 1
j:2, 1, stif=0.919
j:3, 0
n:j=0, d=|:r=0.993
n:p=2, d=Gpart
c:0, 1, -1.027
",0.0051731588932689525,feasible,22
40,0,16,"//0
p:-0.544, -0.537, 0.451
p:1.043, 0.042, -0.076
p:1.11, -0.201, -0.275, fr=0.145
p:-0.765, -0.758, 0.77
j:0, 1
j:2, 1, stif=0.919
j:3, 0
n:j=0, d=|:r=0.993
n:p=2, d=Gpart
c:0, 1, -1.027
",0.0051731588932689525,"//0
p:-0.544, -0.537, 0.451
p:1.043, 0.042, -0.076
p:1.11, -0.201, -0.275, fr=0.145
p:-0.6383140486851375, -0.7019442693297069, 0.710721064816165
j:0, 1
j:3, 1, stif=0.919
j:2, 0
n:j=0, d=|:r=0.993
n:p=2, d=Gpart
c:0, 1, -1.027
",4.458322646057254e-05,feasible,22
40,0,16,"//0
p:-0.544, -0.537, 0.451
p:1.043, 0.042, -0.076
p:1.11, -0.201, -0.275, fr=0.145
p:-0.765, -0.758, 0.77
j:0, 1
j:2, 1, stif=0.919
j:3, 0
n:j=0, d=|:r=0.993
n:p=2, d=Gpart
c:0, 1, -1.027
",0.0051731588932689525,"//0
p:-0.544, -0.537, 0.451, ing=0.408
p:1.043, 0.042, -0.076
p:1.11, -0.201, -0.275, fr=0.145
p:-0.765, -0.758, 0.77
j:0, 1
j:2, 1, stif=0.919
j:3, 0
n:j=0, d=|:r=0.993
n:p=2, d=Gpart
c:0, 1, -1.027
",0.0051731588932689525,feasible,22
40,0,16,"//0
p:-0.544, -0.537, 0.451
p:1.043, 0.042, -0.076
p:1.11, -0.201, -0.275, fr=0.145
p:-0.765, -0.758, 0.77
j:0, 1
j:2, 1, stif=0.919
j:3, 0
n:j=0, d=|:r=0.993
n:p=2, d=Gpart
c:0, 1, -1.027
",0.0051731588932689525,"//0
p:-0.544, -0.537, 0.451
p:1.043, 0.042, -0.076
p:1.11, -0.201, -0.275, fr=0.145
p:-0.765, -0.758, 0.77
j:0, 1, rotstif=0.976
j:2, 1, stif=0.919
j:3, 0
n:j=0, d=|:r=0.993
n:p=2, d=Gpart
c:0, 1, -1.027
",0.0051731588932689525,feasible,22
40,0,17,"//0
p:-0.544, -0.537, 0.451
p:1.043, 0.042, -0.076
p:1.11, -0.201, -0.275, fr=0.145
p:-0.765, -0.758, 0.77
j:0, 1
j:2, 1, stif=0.919
j:3, 0
n:j=0, d=""|:p=0.288, r=0.993""
n:p=2, d=Gpart
c:0, 1, -1.027
",0.00534466899645116,"//0
p:-0.544, -0.537, 0.451
p:1.043, 0.042, -0.076
p:-0.765, -0.758, 0.77
j:0, 1
j:2, 0
n:j=0, d=""|:p=0.288, r=0.993""
",9.141275376421847e-16,feasible,23
40,0,17,"//0
p:-0.544, -0.537, 0.451
p:1.043, 0.042, -0.076
p:1.11, -0.201, -0.275, fr=0.145
p:-0.765, -0.758, 0.77
j:0, 1
j:2, 1, stif=0.919
j:3, 0
n:j=0, d=""|:p=0.288, r=0.993""
n:p=2, d=Gpart
c:0, 1, -1.027
",0.00534466899645116,"//0
p:-0.544, -0.537, 0.451
p:1.043, 0.042, -0.076
p:1.11, -0.201, -0.275, fr=0.145
p:-0.765, -0.758, 0.77
j:0, 1
j:2, 1, stif=0.919
j:3, 0
n:j=0, d=""|:p=0.288, r=0.993""
n:p=2, d=Gpart:ry=2.513
c:0, 1, -1.027
",1.6163999345972475e-06,feasible,23
40,0,17,"//0
p:-0.544, -0.537, 0.451
p:1.043, 0.042, -0.076
p:1.11, -0.201, -0.275, fr=0.145
p:-0.765, -0.758, 0.77
j:0, 1
j:2, 1, stif=0.919
j:3, 0
n:j=0, d=""|:p=0.288, r=0.993""
n:p=2, d=Gpart
c:0, 1, -1.027
",0.00534466899645116,"//0
p:-0.544, -0.537, 0.451
p:1.043, 0.042, -0.076
p:1.11, -0.201, -0.275, fr=0.18
p:-0.765, -0.758, 0.77
j:0, 1
j:2, 1, stif=0.919
j:3, 0
n:j=0, d=""|:p=0.288, r=0.993""
n:p=2, d=Gpart
c:0, 1, -1.027
",0.005343799849484537,feasible,23
40,0,17,"//0
p:-0.544, -0.537, 0.451
p:1.043, 0.042, -0.076
p:1.11, -0.201, -0.275, fr=0.145
p:-0.765, -0.758, 0.77
j:0, 1
j:2, 1, stif=0.919
j:3, 0
n:j=0, d=""|:p=0.288, r=0.993""
n:p=2, d=Gpart
c:0, 1, -1.027
",0.00534466899645116,"//0
p:-0.544, -0.537, 0.451
p:1.043, 0.042, -0.076
p:1.11, -0.201, -0.275, fr=0.145
p:-0.765, -0.758, 0.77
j:0, 1
j:2, 1, stif=0.919
j:3, 0, stif=0.939
n:j=0, d=""|:p=0.288, r=0.993""
n:p=2, d=Gpart
c:0, 1, -1.027
",0.005043634367812725,feasible,23
40,0,17,"//0
p:-0.544, -0.537, 0.451
p:1.043, 0.042, -0.076
p:1.11, -0.201, -0.275, fr=0.145
p:-0.765, -0.758, 0.77
j:0, 1
j:2, 1, stif=0.919
j:3, 0
n:j=0, d=""|:p=0.288, r=0.993""
n:p=2, d=Gpart
c:0, 1, -1.027
",0.00534466899645116,"//0
p:-0.544, -0.537, 0.451
p:1.043, 0.042, -0.076, fr=0.138
p:1.11, -0.201, -0.275, fr=0.145
p:-0.765, -0.758, 0.77
j:0, 1
j:2, 1, stif=0.919
j:3, 0
n:j=0, d=""|:p=0.288, r=0.993""
n:p=2, d=Gpart
c:0, 1, -1.027
",0.0037708607975182624,feasible,23
40,0,17,"//0
p:-0.544, -0.537, 0.451
p:1.043, 0.042, -0.076
p:1.11, -0.201, -0.275, fr=0.145
p:-0.765, -0.758, 0.77
j:0, 1
j:2, 1, stif=0.919
j:3, 0
n:j=0, d=""|:p=0.288, r=0.993""
n:p=2, d=Gpart
c:0, 1, -1.027
",0.00534466899645116,"//0
p:-0.544, -0.537, 0.451
p:1.043, 0.042, -0.076
p:1.11, -0.201, -0.275, fr=0.145
p:-0.765, -0.758, 0.77
j:0, 1
j:2, 1, stif=0.919
j:3, 0
n:j=0, d=""|:p=0.288, r=0.984""
n:p=2, d=Gpart
c:0, 1, -1.027
",0.005092156993508674,feasible,23
40,0,17,"//0
p:-0.544, -0.537, 0.451
p:1.043, 0.042, -0.076
p:1.11, -0.201, -0.275, fr=0.145
p:-0.765, -0.758, 0.77
j:0, 1
j:2, 1, stif=0.919
j:3, 0
n:j=0, d=""|:p=0.288, r=0.993""
n:p=2, d=Gpart
c:0, 1, -1.027
",0.00534466899645116,"//0
p:-0.544, -0.537, 0.451
p:1.043, 0.042, -0.076
p:1.11, -0.201, -0.275, fr=0.145
p:-0.765, -0.758, 0.77
j:0, 1
j:2, 1, stif=0.919
j:3, 0
n:j=0, d=""|:p=0.413, r=0.993""
n:p=2, d=Gpart
c:0, 1, -1.027
",0.0008548425976628094,feasible,23
40,0,17,"//0
p:-0.544, -0.537, 0.451
p:1.043, 0.042, -0.076
p:1.11, -0.201, -0.275, fr=0.145
p:-0.765, -0.758, 0.77
j:0, 1
j:2, 1, stif=0.919
j:3, 0
n:j=0, d=""|:p=0.288, r=0.993""
n:p=2, d=Gpart
c:0, 1, -1.027
",0.00534466899645116,"//0
p:-0.544, -0.537, 0.451
p:1.043, 0.042, -0.076
p:1.11, -0.201, -0.275, fr=0.145
p:-0.765, -0.758, 0.77
j:0, 1
j:2, 1, stif=0.919
j:3, 0
n:j=0, d=""|:p=0.288, r=0.993""
n:p=2, d=Gpart
",0.0017648724448029302,feasible,23
40,0,17,"//0
p:-0.544, -0.537, 0.451
p:1.043, 0.042, -0.076
p:1.11, -0.201, -0.275, fr=0.145
p:-0.765, -0.758, 0.77
j:0, 1
j:2, 1, stif=0.919
j:3, 0
n:j=0, d=""|:p=0.288, r=0.993""
n:p=2, d=Gpart
c:0, 1, -1.027
",0.00534466899645116,"//0
p:-0.544, -0.537, 0.451
p:1.043, 0.042, -0.076
p:1.11, -0.201, -0.275, fr=0.145
p:-0.765, -0.758, 0.77
j:0, 2
j:1, 2, stif=0.919
j:3, 0
n:j=0, d=""|:p=0.288, r=0.993""
n:p=2, d=Gpart
c:0, 1, -1.027
",0.0006162785697567307,feasible,23
40,0,17,"//0
p:-0.544, -0.537, 0.451
p:1.043, 0.042, -0.076
p:1.11, -0.201, -0.275, fr=0.145
p:-0.765, -0.758, 0.77
j:0, 1
j:2, 1, stif=0.919
j:3, 0
n:j=0, d=""|:p=0.288, r=0.993""
n:p=2, d=Gpart
c:0, 1, -1.027
",0.00534466899645116,"//0
p:-0.544, -0.537, 0.451
p:1.043, 0.042, -0.076
p:1.11, -0.201, -0.275, fr=0.145
p:-0.765, -0.758, 0.77
j:0, 1
j:2, 1, stif=0.919
j:3, 0
n:j=0, d=""|:p=0.288, r=0.993""
n:p=2, d=Gpart
c:0, 1, -2.331
",0.00041917087149382314,feasible,23
40,0,17,"//0
p:-0.544, -0.537, 0.451
p:1.043, 0.042, -0.076
p:1.11, -0.201, -0.275, fr=0.145
p:-0.765, -0.758, 0.77
j:0, 1
j:2, 1, stif=0.919
j:3, 0
n:j=0, d=""|:p=0.288, r=0.993""
n:p=2, d=Gpart
c:0, 1, -1.027
",0.00534466899645116,"//0
p:-0.544, -0.537, 0.451
p:1.043, 0.042, -0.076
p:1.11, -0.201, -0.275, fr=0.145
p:-0.765, -0.758, 0.77
j:0, 1
j:2, 1, stif=0.919
j:3, 0
n:j=0, d=""|:p=0.288, r=0.898""
n:p=2, d=Gpart
c:0, 1, -1.027
",0.004845523868631528,feasible,23
40,0,17,"//0
p:-0.544, -0.537, 0.451
p:1.043, 0.042, -0.076
p:1.11, -0.201, -0.275, fr=0.145
p:-0.765, -0.758, 0.77
j:0, 1
j:2, 1, stif=0.919
j:3, 0
n:j=0, d=""|:p=0.288, r=0.993""
n:p=2, d=Gpart
c:0, 1, -1.027
",0.00534466899645116,"//0
p:-0.544, -0.537, 0.451
p:1.043, 0.042, -0.076
p:0.9258225586040968, -0.2557129785906763, -0.1723517726620165, fr=0.145
p:-0.765, -0.758, 0.77
j:0, 3
j:2, 3, stif=0.919
j:1, 0
n:j=0, d=""|:p=0.288, r=0.993""
n:p=2, d=Gpart
c:0, 1, -1.027
",1.2545860657993227e-06,feasible,23
40,0,17,"//0
p:-0.544, -0.537, 0.451
p:1.043, 0.042, -0.076
p:1.11, -0.201, -0.275, fr=0.145
p:-0.765, -0.758, 0.77
j:0, 1
j:2, 1, stif=0.919
j:3, 0
n:j=0, d=""|:p=0.288, r=0.993""
n:p=2, d=Gpart
c:0, 1, -1.027
",0.00534466899645116,"//0
p:-0.544, -0.537, 0.451
p:1.043, 0.042, -0.076
p:1.11, -0.201, -0.275, fr=0.145
p:-0.765, -0.758, 0.77
j:0, 1
j:2, 1, stif=0.919, rotstif=0.909
j:3, 0
n:j=0, d=""|:p=0.288, r=0.993""
n:p=2, d=Gpart
c:0, 1, -1.027
",0.00534466899645116,feasible,23
40,0,17,"//0
p:-0.544, -0.537, 0.451
p:1.043, 0.042, -0.076
p:1.11, -0.201, -0.275, fr=0.145
p:-0.765, -0.758, 0.77
j:0, 1
j:2, 1, stif=0.919
j:3, 0
n:j=0, d=""|:p=0.288, r=0.993""
n:p=2, d=Gpart
c:0, 1, -1.027
",0.00534466899645116,"//0
p:-0.544, -0.537, 0.451
p:1.043, 0.042, -0.076
p:1.11, -0.201, -0.275, fr=0.145
p:-0.765, -0.758, 0.77
j:0, 1
j:2, 1, stif=0.919
j:3, 0, rotstif=0.975
n:j=0, d=""|:p=0.288, r=0.993""
n:p=2, d=Gpart
c:0, 1, -1.027
",0.00534466899645116,feasible,23
40,0,17,"//0
p:-0.544, -0.537, 0.451
p:1.043, 0.042, -0.076
p:1.11, -0.201, -0.275, fr=0.145
p:-0.765, -0.758, 0.77
j:0, 1
j:2, 1, stif=0.919
j:3, 0
n:j=0, d=""|:p=0.288, r=0.993""
n:p=2, d=Gpart
c:0, 1, -1.027
",0.00534466899645116,"//0
p:-0.544, -0.537, 0.451
p:1.043, 0.042, -0.076
p:1.11, -0.201, -0.275, fr=0.145
p:-0.5808225586040967, -0.7032870214093236, 0.6673517726620165
j:2, 1
j:0, 1, stif=0.919
j:3, 2
n:j=0, d=""|:p=0.288, r=0.993""
n:p=2, d=Gpart
c:0, 1, -1.027
",3.399510332056759e-05,feasible,23
40,0,17,"//0
p:-0.544, -0.537, 0.451
p:1.043, 0.042, -0.076
p:1.11, -0.201, -0.275, fr=0.145
p:-0.765, -0.758, 0.77
j:0, 1
j:2, 1, stif=0.919
j:3, 0
n:j=0, d=""|:p=0.288, r=0.993""
n:p=2, d=Gpart
c:0, 1, -1.027
",0.00534466899645116,"//0
p:-0.544, -0.537, 0.451
p:1.043, 0.042, -0.076
p:1.11, -0.201, -0.275, fr=0.145
p:-0.765, -0.758, 0.77
j:0, 1
j:2, 1, stif=0.919
j:3, 0
n:j=0, d=""|:p=0.288, r=0.993""
",0.0017648724448029302,feasible,23
40,0,17,"//0
p:-0.544, -0.537, 0.451
p:1.043, 0.042, -0.076
p:1.11, -0.201, -0.275, fr=0.145
p:-0.765, -0.758, 0.77
j:0, 1
j:2, 1, stif=0.919
j:3, 0
n:j=0, d=""|:p=0.288, r=0.993""
n:p=2, d=Gpart
c:0, 1, -1.027
",0.00534466899645116,"//0
p:-0.544, -0.537, 0.451
p:1.043, 0.042, -0.076
p:1.11, -0.201, -0.275, fr=0.145
j:0, 1
j:2, 1, stif=0.919
n:j=0, d=""|:p=0.288, r=0.993""
n:p=2, d=Gpart
c:0, 1, -1.027
",0.00010442141535389651,feasible,23
40,0,17,"//0
p:-0.544, -0.537, 0.451
p:1.043, 0.042, -0.076
p:1.11, -0.201, -0.275, fr=0.145
p:-0.765, -0.758, 0.77
j:0, 1
j:2, 1, stif=0.919
j:3, 0
n:j=0, d=""|:p=0.288, r=0.993""
n:p=2, d=Gpart
c:0, 1, -1.027
",0.00534466899645116,"//0
p:-0.544, -0.537, 0.451, fr=0.333
p:1.043, 0.042, -0.076
p:1.11, -0.201, -0.275, fr=0.145
p:-0.765, -0.758, 0.77
j:0, 1
j:2, 1, stif=0.919
j:3, 0
n:j=0, d=""|:p=0.288, r=0.993""
n:p=2, d=Gpart
c:0, 1, -1.027
",0.00500613287918738,feasible,23
40,0,17,"//0
p:-0.544, -0.537, 0.451
p:1.043, 0.042, -0.076
p:1.11, -0.201, -0.275, fr=0.145
p:-0.765, -0.758, 0.77
j:0, 1
j:2, 1, stif=0.919
j:3, 0
n:j=0, d=""|:p=0.288, r=0.993""
n:p=2, d=Gpart
c:0, 1, -1.027
",0.00534466899645116,"//0
p:-0.516, -0.733, -0.347
p:1.043, 0.042, -0.076
p:1.11, -0.201, -0.275, fr=0.145
p:-0.765, -0.758, 0.77
j:0, 1
j:2, 1, stif=0.919
j:3, 0
n:j=0, d=""|:p=0.288, r=0.993""
n:p=2, d=Gpart
c:0, 1, -1.027
",0.0001668455309202214,feasible,23
40,0,17,"//0
p:-0.544, -0.537, 0.451
p:1.043, 0.042, -0.076
p:1.11, -0.201, -0.275, fr=0.145
p:-0.765, -0.758, 0.77
j:0, 1
j:2, 1, stif=0.919
j:3, 0
n:j=0, d=""|:p=0.288, r=0.993""
n:p=2, d=Gpart
c:0, 1, -1.027
",0.00534466899645116,"//0
p:-0.544, -0.537, 0.451
p:1.043, 0.042, -0.076
p:1.11, -0.201, -0.275, fr=0.145
p:-0.765, -0.758, 0.77
j:0, 1
j:2, 1, stif=0.919
j:3, 0
j:0, 2
n:j=0, d=""|:p=0.288, r=0.993""
n:p=2, d=Gpart
c:0, 1, -1.027
",5.223794765432718e-05,feasible,23
40,0,18,"//0
p:-0.544, -0.537, 0.451
p:1.043, 0.042, -0.076
p:1.11, -0.201, -0.275, fr=0.67
p:-0.765, -0.758, 0.77
j:0, 1
j:2, 1, stif=0.919
j:3, 0
n:j=0, d=""|:p=0.288, r=0.993""
n:p=2, d=Gpart
c:0, 1, -1.027
",0.00552270714707704,"//0
p:-0.544, -0.537, 0.451
p:1.043, 0.042, -0.076
p:1.11, -0.201, -0.275, fr=0.67
p:-0.765, -0.758, 0.77
j:0, 1
j:2, 1, stif=0.919
j:3, 0
n:j=0, d=""|:p=0.288, r=0.993""
n:p=2, d=Gpart
c:0, 1, -3.331
",4.259754675821847e-05,feasible,20
40,0,18,"//0
p:-0.544, -0.537, 0.451
p:1.043, 0.042, -0.076
p:1.11, -0.201, -0.275, fr=0.67
p:-0.765, -0.758, 0.77
j:0, 1
j:2, 1, stif=0.919
j:3, 0
n:j=0, d=""|:p=0.288, r=0.993""
n:p=2, d=Gpart
c:0, 1, -1.027
",0.00552270714707704,"//0
p:-0.544, -0.537, 0.451
p:1.043, 0.042, -0.076
p:1.11, -0.201, -0.275, fr=0.67
p:-0.765, -0.758, 0.77
j:0, 1, rotstif=0.951
j:2, 1, stif=0.919
j:3, 0
n:j=0, d=""|:p=0.288, r=0.993""
n:p=2, d=Gpart
c:0, 1, -1.027
",0.00552270714707704,feasible,20
40,0,18,"//0
p:-0.544, -0.537, 0.451
p:1.043, 0.042, -0.076
p:1.11, -0.201, -0.275, fr=0.67
p:-0.765, -0.758, 0.77
j:0, 1
j:2, 1, stif=0.919
j:3, 0
n:j=0, d=""|:p=0.288, r=0.993""
n:p=2, d=Gpart
c:0, 1, -1.027
",0.00552270714707704,"//0
p:-0.544, -0.537, 0.451
p:1.043, 0.042, -0.076
p:1.11, -0.201, -0.275, fr=0.67
p:-0.765, -0.758, 0.77
j:0, 1
j:2, 1, stif=0.919
j:3, 0
n:j=0, d=""|:p=0.288, r=0.993""
n:p=2, d=Gpart
c:0, 1, -1.764
",0.0011137990691128228,feasible,20
40,0,18,"//0
p:-0.544, -0.537, 0.451
p:1.043, 0.042, -0.076
p:1.11, -0.201, -0.275, fr=0.67
p:-0.765, -0.758, 0.77
j:0, 1
j:2, 1, stif=0.919
j:3, 0
n:j=0, d=""|:p=0.288, r=0.993""
n:p=2, d=Gpart
c:0, 1, -1.027
",0.00552270714707704,"//0
p:-0.544, -0.537, 0.451
p:1.043, 0.042, -0.076
p:1.11, -0.201, -0.275, fr=0.67
p:-0.765, -0.758, 0.77
p:0.988, 0.679, -1.607
j:0, 1
j:2, 1, stif=0.919
j:3, 0
j:4, 1
n:j=0, d=""|:p=0.288, r=0.993""
n:p=2, d=Gpart
c:0, 1, -1.027
",4.266703535944462e-07,feasible,20
40,0,18,"//0
p:-0.544, -0.537, 0.451
p:1.043, 0.042, -0.076
p:1.11, -0.201, -0.275, fr=0.67
p:-0.765, -0.758, 0.77
j:0, 1
j:2, 1, stif=0.919
j:3, 0
n:j=0, d=""|:p=0.288, r=0.993""
n:p=2, d=Gpart
c:0, 1, -1.027
",0.00552270714707704,"//0
p:-0.544, -0.537, 0.451
p:1.09, 0.073, -0.159
p:1.11, -0.201, -0.275, fr=0.67
p:-0.765, -0.758, 0.77
j:0, 1
j:2, 1, stif=0.919
j:3, 0
n:j=0, d=""|:p=0.288, r=0.993""
n:p=2, d=Gpart
c:0, 1, -1.027
",0.00012497103667588234,feasible,20
40,0,18,"//0
p:-0.544, -0.537, 0.451
p:1.043, 0.042, -0.076
p:1.11, -0.201, -0.275, fr=0.67
p:-0.765, -0.758, 0.77
j:0, 1
j:2, 1, stif=0.919
j:3, 0
n:j=0, d=""|:p=0.288, r=0.993""
n:p=2, d=Gpart
c:0, 1, -1.027
",0.00552270714707704,"//0
p:-0.544, -0.537, 0.451
p:1.043, 0.042, -0.076
p:1.11, -0.201, -0.275, fr=0.67
p:-0.765, -0.758, 0.77
j:0, 1
j:2, 1, stif=0.919
j:3, 0
n:j=0, d=""|:p=0.288, r=0.993""
n:p=2, d=Gpart
n:j=0, d=G
c:0, 1, -1.027
",0.00552270714707704,feasible,20
40,0,18,"//0
p:-0.544, -0.537, 0.451
p:1.043, 0.042, -0.076
p:1.11, -0.201, -0.275, fr=0.67
p:-0.765, -0.758, 0.77
j:0, 1
j:2, 1, stif=0.919
j:3, 0
n:j=0, d=""|:p=0.288, r=0.993""
n:p=2, d=Gpart
c:0, 1, -1.027
",0.00552270714707704,"//0
p:-0.544, -0.537, 0.451
p:1.043, 0.042, -0.076
p:1.11, -0.201, -0.275, fr=0.67
j:0, 1
j:2, 1, stif=0.919
n:j=0, d=""|:p=0.288, r=0.993""
n:p=2, d=Gpart
c:0, 1, -1.027
",2.693077766493344e-05,feasible,20
40,0,18,"//0
p:-0.544, -0.537, 0.451
p:1.043, 0.042, -0.076
p:1.11, -0.201, -0.275, fr=0.67
p:-0.765, -0.758, 0.77
j:0, 1
j:2, 1, stif=0.919
j:3, 0
n:j=0, d=""|:p=0.288, r=0.993""
n:p=2, d=Gpart
c:0, 1, -1.027
",0.00552270714707704,"//0
p:-0.544, -0.537, 0.451
p:1.179, -0.184, -0.1
p:1.11, -0.201, -0.275, fr=0.67
p:-0.765, -0.758, 0.77
j:0, 1
j:2, 1, stif=0.919
j:3, 0
n:j=0, d=""|:p=0.288, r=0.993""
n:p=2, d=Gpart
c:0, 1, -1.027
",3.206151871884617e-07,feasible,20
40,0,18,"//0
p:-0.544, -0.537, 0.451
p:1.043, 0.042, -0.076
p:1.11, -0.201, -0.275, fr=0.67
p:-0.765, -0.758, 0.77
j:0, 1
j:2, 1, stif=0.919
j:3, 0
n:j=0, d=""|:p=0.288, r=0.993""
n:p=2, d=Gpart
c:0, 1, -1.027
",0.00552270714707704,"//0
p:-0.544, -0.537, 0.451
p:1.043, 0.042, -0.076
p:-0.765, -0.758, 0.77
j:0, 1
j:2, 0
n:j=0, d=""|:p=0.288, r=0.993""
",9.141275376421847e-16,feasible,20
40,0,18,"//0
p:-0.544, -0.537, 0.451
p:1.043, 0.042, -0.076
p:1.11, -0.201, -0.275, fr=0.67
p:-0.765, -0.758, 0.77
j:0, 1
j:2, 1, stif=0.919
j:3, 0
n:j=0, d=""|:p=0.288, r=0.993""
n:p=2, d=Gpart
c:0, 1, -1.027
",0.00552270714707704,"//0
p:-0.544, -0.537, 0.451
p:1.043, 0.042, -0.076
p:1.11, -0.201, -0.275, fr=0.67
p:-0.765, -0.758, 0.77, ing=0.225
j:0, 1
j:2, 1, stif=0.919
j:3, 0
n:j=0, d=""|:p=0.288, r=0.993""
n:p=2, d=Gpart
c:0, 1, -1.027
",0.00552270714707704,feasible,20
40,0,18,"//0
p:-0.544, -0.537, 0.451
p:1.043, 0.042, -0.076
p:1.11, -0.201, -0.275, fr=0.67
p:-0.765, -0.758, 0.77
j:0, 1
j:2, 1, stif=0.919
j:3, 0
n:j=0, d=""|:p=0.288, r=0.993""
n:p=2, d=Gpart
c:0, 1, -1.027
",0.00552270714707704,"//0
p:-0.544, -0.537, 0.451
p:1.043, 0.042, -0.076
p:1.11, -0.201, -0.275, fr=0.67
p:-0.765, -0.758, 0.77
j:0, 1
j:2, 1, stif=0.919
j:3, 0
n:j=0, d=""|:p=0.288, r=0.993""
n:p=2, d=Gpart
n:j=0, d=@
c:0, 1, -1.027
c:2, 1, -1.082
",1.4829523357862947e-05,feasible,20
40,0,18,"//0
p:-0.544, -0.537, 0.451
p:1.043, 0.042, -0.076
p:1.11, -0.201, -0.275, fr=0.67
p:-0.765, -0.758, 0.77
j:0, 1
j:2, 1, stif=0.919
j:3, 0
n:j=0, d=""|:p=0.288, r=0.993""
n:p=2, d=Gpart
c:0, 1, -1.027
",0.00552270714707704,"//0
p:-0.544, -0.537, 0.451
p:1.043, 0.042, -0.076
p:1.11, -0.201, -0.275, fr=0.67
p:-0.765, -0.758, 0.77
j:0, 1
j:2, 1, stif=0.919
j:3, 0, stif=0.858
n:j=0, d=""|:p=0.288, r=0.993""
n:p=2, d=Gpart
c:0, 1, -1.027
",0.005566490248559318,feasible,20
40,0,18,"//0
p:-0.544, -0.537, 0.451
p:1.043, 0.042, -0.076
p:1.11, -0.201, -0.275, fr=0.67
p:-0.765, -0.758, 0.77
j:0, 1
j:2, 1, stif=0.919
j:3, 0
n:j=0, d=""|:p=0.288, r=0.993""
n:p=2, d=Gpart
c:0, 1, -1.027
",0.00552270714707704,"//0
p:-0.544, -0.537, 0.451
p:1.043, 0.042, -0.076
p:1.11, -0.201, -0.275, fr=0.67
p:-0.6383140486851375, -0.7019442693297069, 0.710721064816165
j:0, 1
j:3, 1, stif=0.919
j:2, 0
n:j=0, d=""|:p=0.288, r=0.993""
n:p=2, d=Gpart
c:0, 1, -1.027
",6.706690234661766e-05,feasible,20
40,0,18,"//0
p:-0.544, -0.537, 0.451
p:1.043, 0.042, -0.076
p:1.11, -0.201, -0.275, fr=0.67
p:-0.765, -0.758, 0.77
j:0, 1
j:2, 1, stif=0.919
j:3, 0
n:j=0, d=""|:p=0.288, r=0.993""
n:p=2, d=Gpart
c:0, 1, -1.027
",0.00552270714707704,"//0
p:-0.544, -0.537, 0.451
p:1.043, 0.042, -0.076
p:1.11, -0.201, -0.275, fr=0.67
p:-0.765, -0.758, 0.77
j:0, 1
j:2, 1, stif=0.919
j:3, 0
n:j=0, d=""|:p=0.288, r=0.993""
n:p=2, d=Gpart
c:0, 1, -3.373
",5.6917335229821676e-05,feasible,20
40,0,18,"//0
p:-0.544, -0.537, 0.451
p:1.043, 0.042, -0.076
p:1.11, -0.201, -0.275, fr=0.67
p:-0.765, -0.758, 0.77
j:0, 1
j:2, 1, stif=0.919
j:3, 0
n:j=0, d=""|:p=0.288, r=0.993""
n:p=2, d=Gpart
c:0, 1, -1.027
",0.00552270714707704,"//0
p:-0.544, -0.537, 0.451
p:1.043, 0.042, -0.076
p:1.11, -0.201, -0.275, fr=0.67
p:-0.765, -0.758, 0.77
j:0, 1
j:2, 1, stif=0.919
j:3, 0
n:j=0, d=""|:p=0.288, r=0.993""
n:p=2, d=Gpart
c:0, 1, -0.799
",0.004991578206373393,feasible,20
40,0,18,"//0
p:-0.544, -0.537, 0.451
p:1.043, 0.042, -0.076
p:1.11, -0.201, -0.275, fr=0.67
p:-0.765, -0.758, 0.77
j:0, 1
j:2, 1, stif=0.919
j:3, 0
n:j=0, d=""|:p=0.288, r=0.993""
n:p=2, d=Gpart
c:0, 1, -1.027
",0.00552270714707704,"//0
p:-0.314, -1.26, 0.12
p:1.043, 0.042, -0.076
p:1.11, -0.201, -0.275, fr=0.67
p:-0.765, -0.758, 0.77
j:0, 1
j:2, 1, stif=0.919
j:3, 0
n:j=0, d=""|:p=0.288, r=0.993""
n:p=2, d=Gpart
c:0, 1, -1.027
",0.0007935972019703361,feasible,20
40,0,18,"//0
p:-0.544, -0.537, 0.451
p:1.043, 0.042, -0.076
p:1.11, -0.201, -0.275, fr=0.67
p:-0.765, -0.758, 0.77
j:0, 1
j:2, 1, stif=0.919
j:3, 0
n:j=0, d=""|:p=0.288, r=0.993""
n:p=2, d=Gpart
c:0, 1, -1.027
",0.00552270714707704,"//0
p:-0.544, -0.537, 0.451
p:1.043, 0.042, -0.076
p:1.11, -0.201, -0.275, fr=0.67
p:-0.5808225586040967, -0.7032870214093236, 0.6673517726620165
j:0, 1
j:2, 1, stif=0.919
j:3, 0
j:2, 3
n:j=0, d=""|:p=0.288, r=0.993""
n:p=2, d=Gpart
c:0, 1, -1.027
",5.210743542372558e-05,feasible,20
40,0,18,"//0
p:-0.544, -0.537, 0.451
p:1.043, 0.042, -0.076
p:1.11, -0.201, -0.275, fr=0.67
p:-0.765, -0.758, 0.77
j:0, 1
j:2, 1, stif=0.919
j:3, 0
n:j=0, d=""|:p=0.288, r=0.993""
n:p=2, d=Gpart
c:0, 1, -1.027
",0.00552270714707704,"//0
p:-0.544, -0.537, 0.451
p:1.043, 0.042, -0.076
p:1.11, -0.201, -0.275, fr=0.67
p:-0.765, -0.758, 0.77
j:0, 1
j:2, 1, stif=0.919
j:3, 0
n:j=0, d=""|:p=0.288, r=0.993""
n:p=2, d=Gpart
n:d=*
c:0, 1, -1.027
",0.00552270714707704,feasible,20
40,0,18,"//0
p:-0.544, -0.537, 0.451
p:1.043, 0.042, -0.076
p:1.11, -0.201, -0.275, fr=0.67
p:-0.765, -0.758, 0.77
j:0, 1
j:2, 1, stif=0.919
j:3, 0
n:j=0, d=""|:p=0.288, r=0.993""
n:p=2, d=Gpart
c:0, 1, -1.027
",0.00552270714707704,"//0
p:-0.544, -0.537, 0.451
p:1.043, 0.042, -0.076, fr=0.762
p:1.11, -0.201, -0.275, fr=0.67
p:-0.765, -0.758, 0.77
j:0, 1
j:2, 1, stif=0.919
j:3, 0
n:j=0, d=""|:p=0.288, r=0.993""
n:p=2, d=Gpart
c:0, 1, -1.027
",0.003942378707310399,feasible,20
40,0,18,"//0
p:-0.544, -0.537, 0.451
p:1.043, 0.042, -0.076
p:1.11, -0.201, -0.275, fr=0.67
p:-0.765, -0.758, 0.77
j:0, 1
j:2, 1, stif=0.919
j:3, 0
n:j=0, d=""|:p=0.288, r=0.993""
n:p=2, d=Gpart
c:0, 1, -1.027
",0.00552270714707704,"//0
p:-0.544, -0.537, 0.451
p:1.043, 0.042, -0.076
p:1.11, -0.201, -0.275, fr=0.67
p:-0.765, -0.758, 0.77
j:0, 1, rotstif=0.973
j:2, 1, stif=0.919
j:3, 0
n:j=0, d=""|:p=0.288, r=0.993""
n:p=2, d=Gpart
c:0, 1, -1.027
",0.00552270714707704,feasible,20
40,0,19,"//0
p:-0.544, -0.537, 0.451
p:1.043, 0.042, -0.076
p:1.11, -0.201, -0.275, fr=0.67
p:-0.765, -0.758, 0.77
j:0, 1
j:2, 1, stif=0.919
j:3, 0
n:j=0, d=""|:p=0.288, r=0.867""
n:p=2, d=Gpart
c:0, 1, -1.027
",0.0055263903972648225,"//0
p:-0.544, -0.537, 0.451
p:1.043, 0.042, -0.076
p:-0.765, -0.758, 0.77
j:0, 1
j:2, 0
n:j=0, d=""|:p=0.288, r=0.867""
",9.141275376421847e-16,feasible,22
40,0,19,"//0
p:-0.544, -0.537, 0.451
p:1.043, 0.042, -0.076
p:1.11, -0.201, -0.275, fr=0.67
p:-0.765, -0.758, 0.77
j:0, 1
j:2, 1, stif=0.919
j:3, 0
n:j=0, d=""|:p=0.288, r=0.867""
n:p=2, d=Gpart
c:0, 1, -1.027
",0.0055263903972648225,"//0
p:-0.544, -0.537, 0.451
p:1.043, 0.042, -0.076
p:1.11, -0.201, -0.275, fr=0.67
p:-0.6383140486851375, -0.7019442693297069, 0.710721064816165
j:0, 1
j:3, 1, stif=0.919
j:2, 0
n:j=0, d=""|:p=0.288, r=0.867""
n:p=2, d=Gpart
c:0, 1, -1.027
",4.5091225621842504e-05,feasible,22
40,0,19,"//0
p:-0.544, -0.537, 0.451
p:1.043, 0.042, -0.076
p:1.11, -0.201, -0.275, fr=0.67
p:-0.765, -0.758, 0.77
j:0, 1
j:2, 1, stif=0.919
j:3, 0
n:j=0, d=""|:p=0.288, r=0.867""
n:p=2, d=Gpart
c:0, 1, -1.027
",0.0055263903972648225,"//0
p:-0.544, -0.537, 0.451
p:1.043, 0.042, -0.076
p:0.9258225586040968, -0.2557129785906763, -0.1723517726620165, fr=0.67
p:-0.765, -0.758, 0.77
j:0, 3
j:2, 3, stif=0.919
j:1, 0
n:j=0, d=""|:p=0.288, r=0.867""
n:p=2, d=Gpart
c:0, 1, -1.027
",1.311796790562413e-06,feasible,22
40,0,19,"//0
p:-0.544, -0.537, 0.451
p:1.043, 0.042, -0.076
p:1.11, -0.201, -0.275, fr=0.67
p:-0.765, -0.758, 0.77
j:0, 1
j:2, 1, stif=0.919
j:3, 0
n:j=0, d=""|:p=0.288, r=0.867""
n:p=2, d=Gpart
c:0, 1, -1.027
",0.0055263903972648225,"//0
p:-0.544, -0.537, 0.451
p:1.043, 0.042, -0.076
p:1.11, -0.201, -0.275, fr=0.67
p:-0.765, -0.758, 0.77
j:0, 2
j:1, 2, stif=0.919
j:3, 0
n:j=0, d=""|:p=0.288, r=0.867""
n:p=2, d=Gpart
c:0, 1, -1.027
",0.0004548345897935564,feasible,22
40,0,19,"//0
p:-0.544, -0.537, 0.451
p:1.043, 0.042, -0.076
p:1.11, -0.201, -0.275, fr=0.67
p:-0.765, -0.758, 0.77
j:0, 1
j:2, 1, stif=0.919
j:3, 0
n:j=0, d=""|:p=0.288, r=0.867""
n:p=2, d=Gpart
c:0, 1, -1.027
",0.0055263903972648225,"//0
p:-0.544, -0.537, 0.451
p:1.043, 0.042, -0.076
p:1.11, -0.201, -0.275, fr=0.67
p:-0.765, -0.758, 0.77
j:0, 1
j:2, 1, stif=0.919
j:3, 0, rotstif=0.869
n:j=0, d=""|:p=0.288, r=0.867""
n:p=2, d=Gpart
c:0, 1, -1.027
",0.0055263903972648225,feasible,22
40,0,19,"//0
p:-0.544, -0.537, 0.451
p:1.043, 0.042, -0.076
p:1.11, -0.201, -0.275, fr=0.67
p:-0.765, -0.758, 0.77
j:0, 1
j:2, 1, stif=0.919
j:3, 0
n:j=0, d=""|:p=0.288, r=0.867""
n:p=2, d=Gpart
c:0, 1, -1.027
",0.0055263903972648225,"//0
p:-0.544, -0.537, 0.451
p:1.043, 0.042, -0.076
p:1.11, -0.201, -0.275, fr=0.67, ing=0.226
p:-0.765, -0.758, 0.77
j:0, 1
j:2, 1, stif=0.919
j:3, 0
n:j=0, d=""|:p=0.288, r=0.867""
n:p=2, d=Gpart
c:0, 1, -1.027
",0.0055263903972648225,feasible,22
40,0,19,"//0
p:-0.544, -0.537, 0.451
p:1.043, 0.042, -0.076
p:1.11, -0.201, -0.275, fr=0.67
p:-0.765, -0.758, 0.77
j:0, 1
j:2, 1, stif=0.919
j:3, 0
n:j=0, d=""|:p=0.288, r=0.867""
n:p=2, d=Gpart
c:0, 1, -1.027
",0.0055263903972648225,"//0
p:-0.544, -0.537, 0.451
p:1.043, 0.042, -0.076
p:1.11, -0.201, -0.275, fr=0.67, ing=0.393
p:-0.765, -0.758, 0.77
j:0, 1
j:2, 1, stif=0.919
j:3, 0
n:j=0, d=""|:p=0.288, r=0.867""
n:p=2, d=Gpart
c:0, 1, -1.027
",0.0055263903972648225,feasible,22
40,0,19,"//0
p:-0.544, -0.537, 0.451
p:1.043, 0.042, -0.076
p:1.11, -0.201, -0.275, fr=0.67
p:-0.765, -0.758, 0.77
j:0, 1
j:2, 1, stif=0.919
j:3, 0
n:j=0, d=""|:p=0.288, r=0.867""
n:p=2, d=Gpart
c:0, 1, -1.027
",0.0055263903972648225,"//0
p:-0.544, -0.537, 0.451
p:1.043, 0.042, -0.076
p:1.11, -0.201, -0.275, fr=0.67
p:-0.765, -0.758, 0.77, ing=0.218
j:0, 1
j:2, 1, stif=0.919
j:3, 0
n:j=0, d=""|:p=0.288, r=0.867""
n:p=2, d=Gpart
c:0, 1, -1.027
",0.0055263903972648225,feasible,22
40,0,19,"//0
p:-0.544, -0.537, 0.451
p:1.043, 0.042, -0.076
p:1.11, -0.201, -0.275, fr=0.67
p:-0.765, -0.758, 0.77
j:0, 1
j:2, 1, stif=0.919
j:3, 0
n:j=0, d=""|:p=0.288, r=0.867""
n:p=2, d=Gpart
c:0, 1, -1.027
",0.0055263903972648225,"//0
p:-0.544, -0.537, 0.451
p:1.043, 0.042, -0.076
p:1.11, -0.201, -0.275, fr=0.67
p:-0.765, -0.758, 0.77
j:0, 1
j:2, 1, stif=0.919
j:3, 0
n:j=0, d=""|:p=0.288, r=0.867""
n:p=2, d=Gpart
",0.00291346457847349,feasible,22
40,0,19,"//0
p:-0.544, -0.537, 0.451
p:1.043, 0.042, -0.076
p:1.11, -0.201, -0.275, fr=0.67
p:-0.765, -0.758, 0.77
j:0, 1
j:2, 1, stif=0.919
j:3, 0
n:j=0, d=""|:p=0.288, r=0.867""
n:p=2, d=Gpart
c:0, 1, -1.027
",0.0055263903972648225,"//0
p:-0.544, -0.537, 0.451
p:1.043, 0.042, -0.076
p:0.84, 0.32, -0.447, fr=0.67
p:-0.765, -0.758, 0.77
j:0, 1
j:2, 1, stif=0.919
j:3, 0
n:j=0, d=""|:p=0.288, r=0.867""
n:p=2, d=Gpart
c:0, 1, -1.027
",1.638013138621498e-06,feasible,22
40,0,19,"//0
p:-0.544, -0.537, 0.451
p:1.043, 0.042, -0.076
p:1.11, -0.201, -0.275, fr=0.67
p:-0.765, -0.758, 0.77
j:0, 1
j:2, 1, stif=0.919
j:3, 0
n:j=0, d=""|:p=0.288, r=0.867""
n:p=2, d=Gpart
c:0, 1, -1.027
",0.0055263903972648225,"//0
p:-0.544, -0.537, 0.451
p:1.043, 0.042, -0.076
p:1.11, -0.201, -0.275, fr=1.302
p:-0.765, -0.758, 0.77
j:0, 1
j:2, 1, stif=0.919
j:3, 0
n:j=0, d=""|:p=0.288, r=0.867""
n:p=2, d=Gpart
c:0, 1, -1.027
",0.005737268895831726,feasible,22
40,0,19,"//0
p:-0.544, -0.537, 0.451
p:1.043, 0.042, -0.076
p:1.11, -0.201, -0.275, fr=0.67
p:-0.765, -0.758, 0.77
j:0, 1
j:2, 1, stif=0.919
j:3, 0
n:j=0, d=""|:p=0.288, r=0.867""
n:p=2, d=Gpart
c:0, 1, -1.027
",0.0055263903972648225,"//0
p:-0.544, -0.537, 0.451
p:1.043, 0.042, -0.076
p:1.11, -0.201, -0.275, fr=0.67
p:-0.765, -0.758, 0.77
j:0, 1
j:2, 1, stif=0.919
j:3, 0
n:j=0, d=""|:p=0.288, r=0.831""
n:p=2, d=Gpart
c:0, 1, -1.027
",0.005291007088290017,feasible,22
40,0,19,"//0
p:-0.544, -0.537, 0.451
p:1.043, 0.042, -0.076
p:1.11, -0.201, -0.275, fr=0.67
p:-0.765, -0.758, 0.77
j:0, 1
j:2, 1, stif=0.919
j:3, 0
n:j=0, d=""|:p=0.288, r=0.867""
n:p=2, d=Gpart
c:0, 1, -1.027
",0.0055263903972648225,"//0
p:-0.544, -0.537, 0.451
p:1.043, 0.042, -0.076
p:1.11, -0.201, -0.275, fr=0.67
p:-0.765, -0.758, 0.77
j:0, 1
j:2, 1, stif=0.919
j:3, 0
n:j=0, d=""|:p=0.288, r=0.867""
n:p=2, d=Gpart
c:0, 1, -1.212
",0.005497822916206625,feasible,22
40,0,19,"//0
p:-0.544, -0.537, 0.451
p:1.043, 0.042, -0.076
p:1.11, -0.201, -0.275, fr=0.67
p:-0.765, -0.758, 0.77
j:0, 1
j:2, 1, stif=0.919
j:3, 0
n:j=0, d=""|:p=0.288, r=0.867""
n:p=2, d=Gpart
c:0, 1, -1.027
",0.0055263903972648225,"//0
p:-0.544, -0.537, 0.451
p:1.043, 0.042, -0.076
p:1.11, -0.201, -0.275, fr=0.67
p:-0.765, -0.758, 0.77, fr=0.465
j:0, 1
j:2, 1, stif=0.919
j:3, 0
n:j=0, d=""|:p=0.288, r=0.867""
n:p=2, d=Gpart
c:0, 1, -1.027
",0.0055263903972648225,feasible,22
40,0,19,"//0
p:-0.544, -0.537, 0.451
p:1.043, 0.042, -0.076
p:1.11, -0.201, -0.275, fr=0.67
p:-0.765, -0.758, 0.77
j:0, 1
j:2, 1, stif=0.919
j:3, 0
n:j=0, d=""|:p=0.288, r=0.867""
n:p=2, d=Gpart
c:0, 1, -1.027
",0.0055263903972648225,"//0
p:-0.544, -0.537, 0.451
p:1.043, 0.042, -0.076, fr=0.668
p:1.11, -0.201, -0.275, fr=0.67
p:-0.765, -0.758, 0.77
j:0, 1
j:2, 1, stif=0.919
j:3, 0
n:j=0, d=""|:p=0.288, r=0.867""
n:p=2, d=Gpart
c:0, 1, -1.027
",0.0041388789683095,feasible,22
40,0,19,"//0
p:-0.544, -0.537, 0.451
p:1.043, 0.042, -0.076
p:1.11, -0.201, -0.275, fr=0.67
p:-0.765, -0.758, 0.77
j:0, 1
j:2, 1, stif=0.919
j:3, 0
n:j=0, d=""|:p=0.288, r=0.867""
n:p=2, d=Gpart
c:0, 1, -1.027
",0.0055263903972648225,"//0
p:-0.544, -0.537, 0.451
p:1.043, 0.042, -0.076, ing=0.188
p:1.11, -0.201, -0.275, fr=0.67
p:-0.765, -0.758, 0.77
j:0, 1
j:2, 1, stif=0.919
j:3, 0
n:j=0, d=""|:p=0.288, r=0.867""
n:p=2, d=Gpart
c:0, 1, -1.027
",0.0055263903972648225,feasible,22
40,0,19,"//0
p:-0.544, -0.537, 0.451
p:1.043, 0.042, -0.076
p:1.11, -0.201, -0.275, fr=0.67
p:-0.765, -0.758, 0.77
j:0, 1
j:2, 1, stif=0.919
j:3, 0
n:j=0, d=""|:p=0.288, r=0.867""
n:p=2, d=Gpart
c:0, 1, -1.027
",0.0055263903972648225,"//0
p:-0.544, -0.537, 0.451, ing=0.172
p:1.043, 0.042, -0.076
p:1.11, -0.201, -0.275, fr=0.67
p:-0.765, -0.758, 0.77
j:0, 1
j:2, 1, stif=0.919
j:3, 0
n:j=0, d=""|:p=0.288, r=0.867""
n:p=2, d=Gpart
c:0, 1, -1.027
",0.0055263903972648225,feasible,22
40,0,19,"//0
p:-0.544, -0.537, 0.451
p:1.043, 0.042, -0.076
p:1.11, -0.201, -0.275, fr=0.67
p:-0.765, -0.758, 0.77
j:0, 1
j:2, 1, stif=0.919
j:3, 0
n:j=0, d=""|:p=0.288, r=0.867""
n:p=2, d=Gpart
c:0, 1, -1.027
",0.0055263903972648225,"//0
p:-0.544, -0.537, 0.451
p:1.043, 0.042, -0.076
p:1.11, -0.201, -0.275, fr=0.67
p:-0.765, -0.758, 0.77
j:0, 1
j:2, 1, stif=0.919
j:3, 0
n:p=2, d=Gpart
",1.582385885499796e-07,feasible,22
40,0,19,"//0
p:-0.544, -0.537, 0.451
p:1.043, 0.042, -0.076
p:1.11, -0.201, -0.275, fr=0.67
p:-0.765, -0.758, 0.77
j:0, 1
j:2, 1, stif=0.919
j:3, 0
n:j=0, d=""|:p=0.288, r=0.867""
n:p=2, d=Gpart
c:0, 1, -1.027
",0.0055263903972648225,"//0
p:-0.544, -0.537, 0.451
p:1.043, 0.042, -0.076
p:1.11, -0.201, -0.275, fr=0.67
p:-0.765, -0.758, 0.77
j:0, 1
j:2, 1, stif=0.99
j:3, 0
n:j=0, d=""|:p=0.288, r=0.867""
n:p=2, d=Gpart
c:0, 1, -1.027
",0.005578511536752722,feasible,22
40,0,19,"//0
p:-0.544, -0.537, 0.451
p:1.043, 0.042, -0.076
p:1.11, -0.201, -0.275, fr=0.67
p:-0.765, -0.758, 0.77
j:0, 1
j:2, 1, stif=0.919
j:3, 0
n:j=0, d=""|:p=0.288, r=0.867""
n:p=2, d=Gpart
c:0, 1, -1.027
",0.0055263903972648225,"//0
p:-0.544, -0.537, 0.451
p:1.043, 0.042, -0.076
p:1.11, -0.201, -0.275, fr=0.67
p:-0.765, -0.758, 0.77
j:0, 1
j:2, 1, stif=0.919
j:3, 0, rotstif=0.935
n:j=0, d=""|:p=0.288, r=0.867""
n:p=2, d=Gpart
c:0, 1, -1.027
",0.0055263903972648225,feasible,22
40,0,20,"//0
p:-0.544, -0.537, 0.451
p:1.043, 0.042, -0.076
p:1.11, -0.201, -0.275, fr=0.67
p:-0.765, -0.758, 0.77
j:0, 1
j:2, 1, stif=0.948
j:3, 0
n:j=0, d=""|:p=0.288, r=0.867""
n:p=2, d=Gpart
c:0, 1, -1.027
",0.005541922999346679,"//0
p:-0.544, -0.537, 0.451
p:1.043, 0.042, -0.076, ing=0.29
p:1.11, -0.201, -0.275, fr=0.67
p:-0.765, -0.758, 0.77
j:0, 1
j:2, 1, stif=0.948
j:3, 0
n:j=0, d=""|:p=0.288, r=0.867""
n:p=2, d=Gpart
c:0, 1, -1.027
",0.005541922999346679,feasible,21
40,0,20,"//0
p:-0.544, -0.537, 0.451
p:1.043, 0.042, -0.076
p:1.11, -0.201, -0.275, fr=0.67
p:-0.765, -0.758, 0.77
j:0, 1
j:2, 1, stif=0.948
j:3, 0
n:j=0, d=""|:p=0.288, r=0.867""
n:p=2, d=Gpart
c:0, 1, -1.027
",0.005541922999346679,"//0
p:-0.544, -0.537, 0.451
p:1.043, 0.042, -0.076
p:1.11, -0.201, -0.275, fr=0.67
p:-0.6383140486851375, -0.7019442693297069, 0.710721064816165
j:1, 0
j:2, 0, stif=0.948
j:3, 1
n:j=0, d=""|:p=0.288, r=0.867""
n:p=2, d=Gpart
c:0, 1, -1.027
",3.822559712624038e-05,feasible,21
40,0,20,"//0
p:-0.544, -0.537, 0.451
p:1.043, 0.042, -0.076
p:1.11, -0.201, -0.275, fr=0.67
p:-0.765, -0.758, 0.77
j:0, 1
j:2, 1, stif=0.948
j:3, 0
n:j=0, d=""|:p=0.288, r=0.867""
n:p=2, d=Gpart
c:0, 1, -1.027
",0.005541922999346679,"//0
p:-0.544, -0.537, 0.451
p:1.043, 0.042, -0.076
p:1.11, -0.201, -0.275, fr=0.67
p:-0.765, -0.758, 0.77
j:0, 1
j:2, 1, stif=0.948
j:3, 0
n:p=2, d=Gpart
",1.5875961791328555e-07,feasible,21
40,0,20,"//0
p:-0.544, -0.537, 0.451
p:1.043, 0.042, -0.076
p:1.11, -0.201, -0.275, fr=0.67
p:-0.765, -0.758, 0.77
j:0, 1
j:2, 1, stif=0.948
j:3, 0
n:j=0, d=""|:p=0.288, r=0.867""
n:p=2, d=Gpart
c:0, 1, -1.027
",0.005541922999346679,"//0
p:-0.544, -0.537, 0.451
p:1.043, 0.042, -0.076
p:1.11, -0.201, -0.275, fr=0.67
p:-0.765, -0.758, 0.77
j:0, 1, rotstif=0.952
j:2, 1, stif=0.948
j:3, 0
n:j=0, d=""|:p=0.288, r=0.867""
n:p=2, d=Gpart
c:0, 1, -1.027
",0.005541922999346679,feasible,21
40,0,20,"//0
p:-0.544, -0.537, 0.451
p:1.043, 0.042, -0.076
p:1.11, -0.201, -0.275, fr=0.67
p:-0.765, -0.758, 0.77
j:0, 1
j:2, 1, stif=0.948
j:3, 0
n:j=0, d=""|:p=0.288, r=0.867""
n:p=2, d=Gpart
c:0, 1, -1.027
",0.005541922999346679,"//0
p:-0.544, -0.537, 0.451
p:1.043, 0.042, -0.076
p:-0.765, -0.758, 0.77
j:0, 1
j:2, 0
n:j=0, d=""|:p=0.288, r=0.867""
",9.141275376421847e-16,feasible,21
40,0,20,"//0
p:-0.544, -0.537, 0.451
p:1.043, 0.042, -0.076
p:1.11, -0.201, -0.275, fr=0.67
p:-0.765, -0.758, 0.77
j:0, 1
j:2, 1, stif=0.948
j:3, 0
n:j=0, d=""|:p=0.288, r=0.867""
n:p=2, d=Gpart
c:0, 1, -1.027
",0.005541922999346679,"//0
p:-0.544, -0.537, 0.451
p:1.043, 0.042, -0.076
p:1.11, -0.201, -0.275, fr=0.577
p:-0.765, -0.758, 0.77
j:0, 1
j:2, 1, stif=0.948
j:3, 0
n:j=0, d=""|:p=0.288, r=0.867""
n:p=2, d=Gpart
c:0, 1, -1.027
",0.005243740465090195,feasible,21
40,0,20,"//0
p:-0.544, -0.537, 0.451
p:1.043, 0.042, -0.076
p:1.11, -0.201, -0.275, fr=0.67
p:-0.765, -0.758, 0.77
j:0, 1
j:2, 1, stif=0.948
j:3, 0
n:j=0, d=""|:p=0.288, r=0.867""
n:p=2, d=Gpart
c:0, 1, -1.027
",0.005541922999346679,"//0
p:-0.544, -0.537, 0.451
p:1.043, 0.042, -0.076
p:1.11, -0.201, -0.275, fr=0.67
p:-0.765, -0.758, 0.77
j:0, 1
j:2, 1, stif=0.948
j:3, 0
n:j=0, d=""|:p=0.423, r=0.867""
n:p=2, d=Gpart
c:0, 1, -1.027
",0.0008133169223552793,feasible,21
40,0,20,"//0
p:-0.544, -0.537, 0.451
p:1.043, 0.042, -0.076
p:1.11, -0.201, -0.275, fr=0.67
p:-0.765, -0.758, 0.77
j:0, 1
j:2, 1, stif=0.948
j:3, 0
n:j=0, d=""|:p=0.288, r=0.867""
n:p=2, d=Gpart
c:0, 1, -1.027
",0.005541922999346679,"//0
p:-0.544, -0.537, 0.451
p:1.043, 0.042, -0.076, ing=0.276
p:1.11, -0.201, -0.275, fr=0.67
p:-0.765, -0.758, 0.77
j:0, 1
j:2, 1, stif=0.948
j:3, 0
n:j=0, d=""|:p=0.288, r=0.867""
n:p=2, d=Gpart
c:0, 1, -1.027
",0.005541922999346679,feasible,21
40,0,20,"//0
p:-0.544, -0.537, 0.451
p:1.043, 0.042, -0.076
p:1.11, -0.201, -0.275, fr=0.67
p:-0.765, -0.758, 0.77
j:0, 1
j:2, 1, stif=0.948
j:3, 0
n:j=0, d=""|:p=0.288, r=0.867""
n:p=2, d=Gpart
c:0, 1, -1.027
",0.005541922999346679,"//0
p:-0.544, -0.537, 0.451
p:0.493, 0.554, -0.284
p:1.11, -0.201, -0.275, fr=0.67
p:-0.765, -0.758, 0.77
j:0, 1
j:2, 1, stif=0.948
j:3, 0
n:j=0, d=""|:p=0.288, r=0.867""
n:p=2, d=Gpart
c:0, 1, -1.027
",4.313452338389277e-06,feasible,21
40,0,20,"//0
p:-0.544, -0.537, 0.451
p:1.043, 0.042, -0.076
p:1.11, -0.201, -0.275, fr=0.67
p:-0.765, -0.758, 0.77
j:0, 1
j:2, 1, stif=0.948
j:3, 0
n:j=0, d=""|:p=0.288, r=0.867""
n:p=2, d=Gpart
c:0, 1, -1.027
",0.005541922999346679,"//0
p:-0.544, -0.537, 0.451
p:1.043, 0.042, -0.076
p:1.11, -0.201, -0.275, fr=0.67
p:-0.664, -0.738, 0.73
j:0, 1
j:2, 1, stif=0.948
j:3, 0
n:j=0, d=""|:p=0.288, r=0.867""
n:p=2, d=Gpart
c:0, 1, -1.027
",0.004248226055086111,feasible,21
40,0,20,"//0
p:-0.544, -0.537, 0.451
p:1.043, 0.042, -0.076
p:1.11, -0.201, -0.275, fr=0.67
p:-0.765, -0.758, 0.77
j:0, 1
j:2, 1, stif=0.948
j:3, 0
n:j=0, d=""|:p=0.288, r=0.867""
n:p=2, d=Gpart
c:0, 1, -1.027
",0.005541922999346679,"//0
p:-0.85, -1.203, 0.21
p:0.8076726778762408, -0.11277153515270988, -0.04044605698499995
p:1.11, -0.201, -0.275, fr=0.67
p:-0.765, -0.758, 0.77
j:0, 1
j:2, 1, stif=0.948
j:3, 0
n:j=0, d=""|:p=0.288, r=0.867""
n:p=2, d=Gpart
c:0, 1, -1.027
",0.0010642931122201466,feasible,21
40,0,20,"//0
p:-0.544, -0.537, 0.451
p:1.043, 0.042, -0.076
p:1.11, -0.201, -0.275, fr=0.67
p:-0.765, -0.758, 0.77
j:0, 1
j:2, 1, stif=0.948
j:3, 0
n:j=0, d=""|:p=0.288, r=0.867""
n:p=2, d=Gpart
c:0, 1, -1.027
",0.005541922999346679,"//0
p:-0.544, -0.537, 0.451
p:1.043, 0.042, -0.076
p:1.11, -0.201, -0.275, fr=0.67
p:-0.765, -0.758, 0.77
j:0, 1
j:2, 1, stif=0.948
j:3, 0
n:j=0, d=""|:p=0.288, r=0.867""
n:p=2, d=Gpart
c:0, 1, -2.062
",0.0009418111561134838,feasible,21
40,0,20,"//0
p:-0.544, -0.537, 0.451
p:1.043, 0.042, -0.076
p:1.11, -0.201, -0.275, fr=0.67
p:-0.765, -0.758, 0.77
j:0, 1
j:2, 1, stif=0.948
j:3, 0
n:j=0, d=""|:p=0.288, r=0.867""
n:p=2, d=Gpart
c:0, 1, -1.027
",0.005541922999346679,"//0
p:-0.544, -0.537, 0.451
p:1.043, 0.042, -0.076
p:1.11, -0.201, -0.275, fr=0.67
p:-0.765, -0.758, 0.77
j:0, 1
j:2, 1, stif=0.948
j:3, 0, rotstif=0.876
n:j=0, d=""|:p=0.288, r=0.867""
n:p=2, d=Gpart
c:0, 1, -1.027
",0.005541922999346679,feasible,21
40,0,20,"//0
p:-0.544, -0.537, 0.451
p:1.043, 0.042, -0.076
p:1.11, -0.201, -0.275, fr=0.67
p:-0.765, -0.758, 0.77
j:0, 1
j:2, 1, stif=0.948
j:3, 0
n:j=0, d=""|:p=0.288, r=0.867""
n:p=2, d=Gpart
c:0, 1, -1.027
",0.005541922999346679,"//0
p:-0.544, -0.537, 0.451
p:1.043, 0.042, -0.076
p:1.11, -0.201, -0.275, fr=0.67
p:-0.765, -0.758, 0.77
p:0.369, -0.028, 0.663
j:0, 1
j:2, 1, stif=0.948
j:3, 0
j:4, 3
n:j=0, d=""|:p=0.288, r=0.867""
n:p=2, d=Gpart
c:0, 1, -1.027
",0.0001803310729728239,feasible,21
40,0,20,"//0
p:-0.544, -0.537, 0.451
p:1.043, 0.042, -0.076
p:1.11, -0.201, -0.275, fr=0.67
p:-0.765, -0.758, 0.77
j:0, 1
j:2, 1, stif=0.948
j:3, 0
n:j=0, d=""|:p=0.288, r=0.867""
n:p=2, d=Gpart
c:0, 1, -1.027
",0.005541922999346679,"//0
p:-0.544, -0.537, 0.451
p:1.043, 0.042, -0.076
p:1.11, -0.201, -0.275, fr=0.67
p:-0.765, -0.758, 0.77
j:0, 1
j:2, 1, stif=0.948
j:3, 0
n:j=0, d=""|:p=0.288, r=0.867""
n:p=2, d=Gpart
",1.4843506665351543e-07,feasible,21
40,0,20,"//0
p:-0.544, -0.537, 0.451
p:1.043, 0.042, -0.076
p:1.11, -0.201, -0.275, fr=0.67
p:-0.765, -0.758, 0.77
j:0, 1
j:2, 1, stif=0.948
j:3, 0
n:j=0, d=""|:p=0.288, r=0.867""
n:p=2, d=Gpart
c:0, 1, -1.027
",0.005541922999346679,"//0
p:-0.544, -0.537, 0.451
p:1.043, 0.042, -0.076
p:1.11, -0.201, -0.275, fr=0.67
p:-0.765, -0.758, 0.77
j:0, 1
j:2, 1, stif=0.948
j:3, 0, rotstif=0.909
n:j=0, d=""|:p=0.288, r=0.867""
n:p=2, d=Gpart
c:0, 1, -1.027
",0.005541922999346679,feasible,21
40,0,20,"//0
p:-0.544, -0.537, 0.451
p:1.043, 0.042, -0.076
p:1.11, -0.201, -0.275, fr=0.67
p:-0.765, -0.758, 0.77
j:0, 1
j:2, 1, stif=0.948
j:3, 0
n:j=0, d=""|:p=0.288, r=0.867""
n:p=2, d=Gpart
c:0, 1, -1.027
",0.005541922999346679,"//0
p:-0.544, -0.537, 0.451
p:1.043, 0.042, -0.076
p:1.11, -0.201, -0.275, fr=0.67
p:-0.765, -0.758, 0.77
j:0, 1
j:2, 1, stif=0.948
j:3, 0, stif=0.975
n:j=0, d=""|:p=0.288, r=0.867""
n:p=2, d=Gpart
c:0, 1, -1.027
",0.00546549548756455,feasible,21
40,0,20,"//0
p:-0.544, -0.537, 0.451
p:1.043, 0.042, -0.076
p:1.11, -0.201, -0.275, fr=0.67
p:-0.765, -0.758, 0.77
j:0, 1
j:2, 1, stif=0.948
j:3, 0
n:j=0, d=""|:p=0.288, r=0.867""
n:p=2, d=Gpart
c:0, 1, -1.027
",0.005541922999346679,"//0
p:-0.544, -0.537, 0.451
p:1.043, 0.042, -0.076
p:1.11, -0.201, -0.275, fr=0.67
p:-0.6383140486851375, -0.7019442693297069, 0.710721064816165
j:0, 1
j:3, 1, stif=0.948
j:2, 0
n:j=0, d=""|:p=0.288, r=0.867""
n:p=2, d=Gpart
c:0, 1, -1.027
",5.14912532360053e-05,feasible,21
40,0,20,"//0
p:-0.544, -0.537, 0.451
p:1.043, 0.042, -0.076
p:1.11, -0.201, -0.275, fr=0.67
p:-0.765, -0.758, 0.77
j:0, 1
j:2, 1, stif=0.948
j:3, 0
n:j=0, d=""|:p=0.288, r=0.867""
n:p=2, d=Gpart
c:0, 1, -1.027
",0.005541922999346679,"//0
p:-0.544, -0.537, 0.451
p:1.043, 0.042, -0.076
p:1.11, -0.201, -0.275, fr=0.67
p:-0.765, -0.758, 0.77
p:1.501, 0.018, 0.639
j:0, 1
j:2, 1, stif=0.948
j:3, 0
j:4, 2
n:j=0, d=""|:p=0.288, r=0.867""
n:p=2, d=Gpart
c:0, 1, -1.027
",0.000196411282338523,feasible,21
40,0,20,"//0
p:-0.544, -0.537, 0.451
p:1.043, 0.042, -0.076
p:1.11, -0.201, -0.275, fr=0.67
p:-0.765, -0.758, 0.77
j:0, 1
j:2, 1, stif=0.948
j:3, 0
n:j=0, d=""|:p=0.288, r=0.867""
n:p=2, d=Gpart
c:0, 1, -1.027
",0.005541922999346679,"//0
p:-0.544, -0.537, 0.451
p:1.043, 0.042, -0.076
p:1.11, -0.201, -0.275, fr=0.67
p:-0.6383140486851375, -0.7019442693297069, 0.710721064816165
j:0, 1
j:2, 1, stif=0.948
j:3, 0
j:3, 1
n:j=0, d=""|:p=0.288, r=0.867""
n:p=2, d=Gpart
c:0, 1, -1.027
",7.44712055616207e-05,feasible,21
40,0,21,"//0
p:-0.544, -0.537, 0.451
p:1.043, 0.042, -0.076
p:1.11, -0.201, -0.275, fr=0.67
p:-0.765, -0.758, 0.77
j:0, 1
j:2, 1, stif=0.98
j:3, 0
n:j=0, d=""|:p=0.288, r=0.867""
n:p=2, d=Gpart
c:0, 1, -1.027
",0.005595081234754923,"//0
p:-0.544, -0.537, 0.451
p:1.043, 0.042, -0.076
p:1.11, -0.201, -0.275, fr=0.67
p:-0.765, -0.758, 0.77
j:0, 1, stif=0.929
j:2, 1, stif=0.98
j:3, 0
n:j=0, d=""|:p=0.288, r=0.867""
n:p=2, d=Gpart
c:0, 1, -1.027
",0.005529524864416234,feasible,20
40,0,21,"//0
p:-0.544, -0.537, 0.451
p:1.043, 0.042, -0.076
p:1.11, -0.201, -0.275, fr=0.67
p:-0.765, -0.758, 0.77
j:0, 1
j:2, 1, stif=0.98
j:3, 0
n:j=0, d=""|:p=0.288, r=0.867""
n:p=2, d=Gpart
c:0, 1, -1.027
",0.005595081234754923,"//0
p:-0.544, -0.537, 0.451
p:1.043, 0.042, -0.076
p:1.11, -0.201, -0.275, fr=0.67
p:-0.765, -0.758, 0.77
j:0, 1
j:2, 1, stif=0.98
j:3, 0
n:j=0, d=""|:p=0.288, r=0.867""
n:p=2, d=Gpart
c:0, 1, -4.358
",5.365403521675578e-05,feasible,20
40,0,21,"//0
p:-0.544, -0.537, 0.451
p:1.043, 0.042, -0.076
p:1.11, -0.201, -0.275, fr=0.67
p:-0.765, -0.758, 0.77
j:0, 1
j:2, 1, stif=0.98
j:3, 0
n:j=0, d=""|:p=0.288, r=0.867""
n:p=2, d=Gpart
c:0, 1, -1.027
",0.005595081234754923,"//0
p:-0.544, -0.537, 0.451
p:1.043, 0.042, -0.076
p:1.11, -0.201, -0.275, fr=0.67
p:-0.765, -0.758, 0.77
j:0, 1
j:2, 1, stif=0.98
j:3, 0
n:j=0, d=""|:p=0.288, r=0.867""
n:p=2, d=Gpart
c:0, 1, -2.839
",2.002623916033713e-05,feasible,20
40,0,21,"//0
p:-0.544, -0.537, 0.451
p:1.043, 0.042, -0.076
p:1.11, -0.201, -0.275, fr=0.67
p:-0.765, -0.758, 0.77
j:0, 1
j:2, 1, stif=0.98
j:3, 0
n:j=0, d=""|:p=0.288, r=0.867""
n:p=2, d=Gpart
c:0, 1, -1.027
",0.005595081234754923,"//0
p:-0.544, -0.537, 0.451
p:1.043, 0.042, -0.076
p:0.9258225586040968, -0.2557129785906763, -0.1723517726620165, fr=0.67
p:-0.765, -0.758, 0.77
j:0, 3
j:2, 3, stif=0.98
j:1, 0
n:j=0, d=""|:p=0.288, r=0.867""
n:p=2, d=Gpart
c:0, 1, -1.027
",1.3075007279475092e-06,feasible,20
40,0,21,"//0
p:-0.544, -0.537, 0.451
p:1.043, 0.042, -0.076
p:1.11, -0.201, -0.275, fr=0.67
p:-0.765, -0.758, 0.77
j:0, 1
j:2, 1, stif=0.98
j:3, 0
n:j=0, d=""|:p=0.288, r=0.867""
n:p=2, d=Gpart
c:0, 1, -1.027
",0.005595081234754923,"//0
p:-0.544, -0.537, 0.451
p:1.043, 0.042, -0.076
p:-0.765, -0.758, 0.77
j:0, 1
j:2, 0
n:j=0, d=""|:p=0.288, r=0.867""
",9.141275376421847e-16,feasible,20
40,0,21,"//0
p:-0.544, -0.537, 0.451
p:1.043, 0.042, -0.076
p:1.11, -0.201, -0.275, fr=0.67
p:-0.765, -0.758, 0.77
j:0, 1
j:2, 1, stif=0.98
j:3, 0
n:j=0, d=""|:p=0.288, r=0.867""
n:p=2, d=Gpart
c:0, 1, -1.027
",0.005595081234754923,"//0
p:-0.544, -0.537, 0.451
p:1.043, 0.042, -0.076
p:1.11, -0.201, -0.275, fr=0.67
p:-0.765, -0.758, 0.77
j:0, 1
j:2, 1, stif=0.98
j:3, 0
n:j=0, d=""|:p=0.288, r=0.963""
n:p=2, d=Gpart
c:0, 1, -1.027
",0.005336350172235199,feasible,20
40,0,21,"//0
p:-0.544, -0.537, 0.451
p:1.043, 0.042, -0.076
p:1.11, -0.201, -0.275, fr=0.67
p:-0.765, -0.758, 0.77
j:0, 1
j:2, 1, stif=0.98
j:3, 0
n:j=0, d=""|:p=0.288, r=0.867""
n:p=2, d=Gpart
c:0, 1, -1.027
",0.005595081234754923,"//0
p:-0.544, -0.537, 0.451
p:1.043, 0.042, -0.076
p:1.11, -0.201, -0.275, fr=0.656
p:-0.765, -0.758, 0.77
j:0, 1
j:2, 1, stif=0.98
j:3, 0
n:j=0, d=""|:p=0.288, r=0.867""
n:p=2, d=Gpart
c:0, 1, -1.027
",0.005542085082336165,feasible,20
40,0,21,"//0
p:-0.544, -0.537, 0.451
p:1.043, 0.042, -0.076
p:1.11, -0.201, -0.275, fr=0.67
p:-0.765, -0.758, 0.77
j:0, 1
j:2, 1, stif=0.98
j:3, 0
n:j=0, d=""|:p=0.288, r=0.867""
n:p=2, d=Gpart
c:0, 1, -1.027
",0.005595081234754923,"//0
p:-0.544, -0.537, 0.451
p:1.043, 0.042, -0.076
p:1.11, -0.201, -0.275, fr=0.67
p:-0.135, -0.469, 0.852
j:0, 1
j:2, 1, stif=0.98
j:3, 0
n:j=0, d=""|:p=0.288, r=0.867""
n:p=2, d=Gpart
c:0, 1, -1.027
",0.0004369027455419965,feasible,20
40,0,21,"//0
p:-0.544, -0.537, 0.451
p:1.043, 0.042, -0.076
p:1.11, -0.201, -0.275, fr=0.67
p:-0.765, -0.758, 0.77
j:0, 1
j:2, 1, stif=0.98
j:3, 0
n:j=0, d=""|:p=0.288, r=0.867""
n:p=2, d=Gpart
c:0, 1, -1.027
",0.005595081234754923,"//0
p:-0.544, -0.537, 0.451
p:1.043, 0.042, -0.076
p:1.11, -0.201, -0.275, fr=0.67
p:-0.765, -0.758, 0.77
j:0, 1
j:2, 1, stif=0.98
j:3, 0
n:j=0, d=""|:p=0.288, r=0.867""
n:p=2, d=Gpart:ry=1.73
c:0, 1, -1.027
",0.00020436437856602194,feasible,20
40,0,21,"//0
p:-0.544, -0.537, 0.451
p:1.043, 0.042, -0.076
p:1.11, -0.201, -0.275, fr=0.67
p:-0.765, -0.758, 0.77
j:0, 1
j:2, 1, stif=0.98
j:3, 0
n:j=0, d=""|:p=0.288, r=0.867""
n:p=2, d=Gpart
c:0, 1, -1.027
",0.005595081234754923,"//0
p:-0.544, -0.537, 0.451
p:1.043, 0.042, -0.076
p:1.11, -0.201, -0.275, fr=0.67
p:-0.765, -0.758, 0.77
j:0, 1
j:2, 1, stif=0.98
j:3, 0
n:j=0, d=""|:p=0.288, r=0.867""
n:p=2, d=Gpart:rz=1.082
c:0, 1, -1.027
",0.00010665273222937694,feasible,20
40,0,21,"//0
p:-0.544, -0.537, 0.451
p:1.043, 0.042, -0.076
p:1.11, -0.201, -0.275, fr=0.67
p:-0.765, -0.758, 0.77
j:0, 1
j:2, 1, stif=0.98
j:3, 0
n:j=0, d=""|:p=0.288, r=0.867""
n:p=2, d=Gpart
c:0, 1, -1.027
",0.005595081234754923,"//0
p:-0.544, -0.537, 0.451
p:1.043, 0.042, -0.076
p:1.11, -0.201, -0.275, fr=0.67
p:-0.5808225586040967, -0.7032870214093236, 0.6673517726620165
j:2, 1
j:0, 1, stif=0.98
j:3, 2
n:j=0, d=""|:p=0.288, r=0.867""
n:p=2, d=Gpart
c:0, 1, -1.027
",3.1016749157085775e-05,feasible,20
40,0,21,"//0
p:-0.544, -0.537, 0.451
p:1.043, 0.042, -0.076
p:1.11, -0.201, -0.275, fr=0.67
p:-0.765, -0.758, 0.77
j:0, 1
j:2, 1, stif=0.98
j:3, 0
n:j=0, d=""|:p=0.288, r=0.867""
n:p=2, d=Gpart
c:0, 1, -1.027
",0.005595081234754923,"//0
p:-0.544, -0.537, 0.451
p:1.043, 0.042, -0.076
p:1.11, -0.201, -0.275, fr=0.67
p:-0.765, -0.758, 0.77
j:0, 1, stif=0.939
j:2, 1, stif=0.98
j:3, 0
n:j=0, d=""|:p=0.288, r=0.867""
n:p=2, d=Gpart
c:0, 1, -1.027
",0.0056023305562667115,feasible,20
40,0,21,"//0
p:-0.544, -0.537, 0.451
p:1.043, 0.042, -0.076
p:1.11, -0.201, -0.275, fr=0.67
p:-0.765, -0.758, 0.77
j:0, 1
j:2, 1, stif=0.98
j:3, 0
n:j=0, d=""|:p=0.288, r=0.867""
n:p=2, d=Gpart
c:0, 1, -1.027
",0.005595081234754923,"//0
p:-0.544, -0.537, 0.451
p:1.043, 0.042, -0.076
p:1.11, -0.201, -0.275, fr=0.67
p:-0.765, -0.758, 0.77, fr=0.102
j:0, 1
j:2, 1, stif=0.98
j:3, 0
n:j=0, d=""|:p=0.288, r=0.867""
n:p=2, d=Gpart
c:0, 1, -1.027
",0.005595081234754923,feasible,20
40,0,21,"//0
p:-0.544, -0.537, 0.451
p:1.043, 0.042, -0.076
p:1.11, -0.201, -0.275, fr=0.67
p:-0.765, -0.758, 0.77
j:0, 1
j:2, 1, stif=0.98
j:3, 0
n:j=0, d=""|:p=0.288, r=0.867""
n:p=2, d=Gpart
c:0, 1, -1.027
",0.005595081234754923,"//0
p:-0.544, -0.537, 0.451
p:1.043, 0.042, -0.076
p:1.11, -0.201, -0.275, fr=0.67
p:-0.765, -0.758, 0.77
j:0, 1
j:2, 1, stif=0.98
j:3, 0
n:j=0, d=""|:p=0.288, r=0.867""
n:p=2, d=Gpart
c:0, 1, -1.182
",0.005463793699171491,feasible,20
40,0,21,"//0
p:-0.544, -0.537, 0.451
p:1.043, 0.042, -0.076
p:1.11, -0.201, -0.275, fr=0.67
p:-0.765, -0.758, 0.77
j:0, 1
j:2, 1, stif=0.98
j:3, 0
n:j=0, d=""|:p=0.288, r=0.867""
n:p=2, d=Gpart
c:0, 1, -1.027
",0.005595081234754923,"//0
p:-0.544, -0.537, 0.451
p:1.043, 0.042, -0.076
p:1.11, -0.201, -0.275, fr=0.67
p:-0.765, -0.758, 0.77
j:0, 1, rotstif=0.997
j:2, 1, stif=0.98
j:3, 0
n:j=0, d=""|:p=0.288, r=0.867""
n:p=2, d=Gpart
c:0, 1, -1.027
",0.005595081234754923,feasible,20
40,0,21,"//0
p:-0.544, -0.537, 0.451
p:1.043, 0.042, -0.076
p:1.11, -0.201, -0.275, fr=0.67
p:-0.765, -0.758, 0.77
j:0, 1
j:2, 1, stif=0.98
j:3, 0
n:j=0, d=""|:p=0.288, r=0.867""
n:p=2, d=Gpart
c:0, 1, -1.027
",0.005595081234754923,"//0
p:-0.544, -0.537, 0.451
p:1.043, 0.042, -0.076
p:1.11, -0.201, -0.275, fr=0.67
p:-0.765, -0.758, 0.77
j:0, 1, stif=0.817
j:2, 1, stif=0.98
j:3, 0
n:j=0, d=""|:p=0.288, r=0.867""
n:p=2, d=Gpart
c:0, 1, -1.027
",0.00488637738805248,feasible,20
40,0,21,"//0
p:-0.544, -0.537, 0.451
p:1.043, 0.042, -0.076
p:1.11, -0.201, -0.275, fr=0.67
p:-0.765, -0.758, 0.77
j:0, 1
j:2, 1, stif=0.98
j:3, 0
n:j=0, d=""|:p=0.288, r=0.867""
n:p=2, d=Gpart
c:0, 1, -1.027
",0.005595081234754923,"//0
p:-0.544, -0.537, 0.451
p:1.043, 0.042, -0.076
p:1.11, -0.201, -0.275, fr=0.67
p:-0.765, -0.758, 0.77
p:1.269, 0.113, 0.365
j:0, 1
j:2, 1, stif=0.98
j:3, 0
j:4, 2
n:j=0, d=""|:p=0.288, r=0.867""
n:p=2, d=Gpart
c:0, 1, -1.027
",0.00015621479079786323,feasible,20
40,0,21,"//0
p:-0.544, -0.537, 0.451
p:1.043, 0.042, -0.076
p:1.11, -0.201, -0.275, fr=0.67
p:-0.765, -0.758, 0.77
j:0, 1
j:2, 1, stif=0.98
j:3, 0
n:j=0, d=""|:p=0.288, r=0.867""
n:p=2, d=Gpart
c:0, 1, -1.027
",0.005595081234754923,"//0
p:-0.544, -0.537, 0.451
p:1.043, 0.042, -0.076
p:1.11, -0.201, -0.275, fr=0.67
p:-0.765, -0.758, 0.77
j:0, 1
j:2, 1, stif=0.98
j:3, 0
n:j=0, d=""|:p=0.288, r=0.835""
n:p=2, d=Gpart
c:0, 1, -1.027
",0.005601330982914137,feasible,20
40,0,21,"//0
p:-0.544, -0.537, 0.451
p:1.043, 0.042, -0.076
p:1.11, -0.201, -0.275, fr=0.67
p:-0.765, -0.758, 0.77
j:0, 1
j:2, 1, stif=0.98
j:3, 0
n:j=0, d=""|:p=0.288, r=0.867""
n:p=2, d=Gpart
c:0, 1, -1.027
",0.005595081234754923,"//0
p:-0.544, -0.537, 0.451
p:1.043, 0.042, -0.076
p:1.11, -0.201, -0.275, fr=0.67
p:-0.765, -0.758, 0.77
j:0, 1
j:2, 1, stif=0.98
j:3, 0
n:j=0, d=""|:p=0.288, r=0.867""
n:p=2, d=Gpart
c:0, 1, -0.511
",0.001951864298762304,feasible,20
40,0,21,"//0
p:-0.544, -0.537, 0.451
p:1.043, 0.042, -0.076
p:1.11, -0.201, -0.275, fr=0.67
p:-0.765, -0.758, 0.77
j:0, 1
j:2, 1, stif=0.98
j:3, 0
n:j=0, d=""|:p=0.288, r=0.867""
n:p=2, d=Gpart
c:0, 1, -1.027
",0.005595081234754923,"//0
p:-0.544, -0.537, 0.451, fr=0.262
p:1.043, 0.042, -0.076
p:1.11, -0.201, -0.275, fr=0.67
p:-0.765, -0.758, 0.77
j:0, 1
j:2, 1, stif=0.98
j:3, 0
n:j=0, d=""|:p=0.288, r=0.867""
n:p=2, d=Gpart
c:0, 1, -1.027
",0.0054710680938436325,feasible,20
40,0,22,"//0
p:-0.544, -0.537, 0.451
p:1.043, 0.042, -0.076
p:1.11, -0.201, -0.275, fr=0.67
p:-0.765, -0.758, 0.77
j:0, 1
j:2, 1, stif=0.98
j:3, 0, stif=0.939
n:j=0, d=""|:p=0.288, r=0.867""
n:p=2, d=Gpart
c:0, 1, -1.027
",0.005684019978963247,"//0
p:-0.544, -0.537, 0.451
p:1.043, 0.042, -0.076
p:1.11, -0.201, -0.275, fr=0.67
p:-0.765, -0.758, 0.77
j:0, 1
j:2, 1, stif=0.98
j:3, 0, stif=0.923
n:j=0, d=""|:p=0.288, r=0.867""
n:p=2, d=Gpart
c:0, 1, -1.027
",0.005483143404850596,feasible,21
40,0,22,"//0
p:-0.544, -0.537, 0.451
p:1.043, 0.042, -0.076
p:1.11, -0.201, -0.275, fr=0.67
p:-0.765, -0.758, 0.77
j:0, 1
j:2, 1, stif=0.98
j:3, 0, stif=0.939
n:j=0, d=""|:p=0.288, r=0.867""
n:p=2, d=Gpart
c:0, 1, -1.027
",0.005684019978963247,"//0
p:-0.544, -0.537, 0.451
p:1.043, 0.042, -0.076
p:1.11, -0.201, -0.275, fr=0.67
p:-0.765, -0.758, 0.77
j:0, 2
j:1, 2, stif=0.98
j:3, 0, stif=0.939
n:j=0, d=""|:p=0.288, r=0.867""
n:p=2, d=Gpart
c:0, 1, -1.027
",0.00024888308960555093,feasible,21
40,0,22,"//0
p:-0.544, -0.537, 0.451
p:1.043, 0.042, -0.076
p:1.11, -0.201, -0.275, fr=0.67
p:-0.765, -0.758, 0.77
j:0, 1
j:2, 1, stif=0.98
j:3, 0, stif=0.939
n:j=0, d=""|:p=0.288, r=0.867""
n:p=2, d=Gpart
c:0, 1, -1.027
",0.005684019978963247,"//0
p:-0.544, -0.537, 0.451
p:1.043, 0.042, -0.076
p:1.11, -0.201, -0.275, fr=0.67
p:-0.765, -0.758, 0.77
j:0, 1
j:2, 1, stif=0.98
j:3, 0, stif=0.939
n:j=0, d=""|:p=0.288, r=0.867""
n:p=2, d=Gpart
",0.003628880996775932,feasible,21
40,0,22,"//0
p:-0.544, -0.537, 0.451
p:1.043, 0.042, -0.076
p:1.11, -0.201, -0.275, fr=0.67
p:-0.765, -0.758, 0.77
j:0, 1
j:2, 1, stif=0.98
j:3, 0, stif=0.939
n:j=0, d=""|:p=0.288, r=0.867""
n:p=2, d=Gpart
c:0, 1, -1.027
",0.005684019978963247,"//0
p:-0.544, -0.537, 0.451
p:1.043, 0.042, -0.076
p:1.11, -0.201, -0.275, fr=0.67
p:-0.765, -0.758, 0.77
j:0, 1
j:2, 1, stif=0.98
j:3, 0, stif=0.939
n:j=0, d=""|:p=0.288, r=0.867""
n:p=2, d=Gpart
c:0, 1, 0.029
",0.0034512836522771835,feasible,21
40,0,22,"//0
p:-0.544, -0.537, 0.451
p:1.043, 0.042, -0.076
p:1.11, -0.201, -0.275, fr=0.67
p:-0.765, -0.758, 0.77
j:0, 1
j:2, 1, stif=0.98
j:3, 0, stif=0.939
n:j=0, d=""|:p=0.288, r=0.867""
n:p=2, d=Gpart
c:0, 1, -1.027
",0.005684019978963247,"//0
p:-0.544, -0.537, 0.451
p:1.043, 0.042, -0.076
p:1.11, -0.201, -0.275, fr=0.67
p:-0.765, -0.758, 0.77
j:0, 1
j:2, 1, stif=0.98
j:3, 0, stif=0.939
n:j=0, d=""|:p=0.183, r=0.867""
n:p=2, d=Gpart
c:0, 1, -1.027
",0.004777582889382851,feasible,21
40,0,22,"//0
p:-0.544, -0.537, 0.451
p:1.043, 0.042, -0.076
p:1.11, -0.201, -0.275, fr=0.67
p:-0.765, -0.758, 0.77
j:0, 1
j:2, 1, stif=0.98
j:3, 0, stif=0.939
n:j=0, d=""|:p=0.288, r=0.867""
n:p=2, d=Gpart
c:0, 1, -1.027
",0.005684019978963247,"//0
p:-0.544, -0.537, 0.451
p:1.043, 0.042, -0.076
p:1.11, -0.201, -0.275, fr=0.67
p:-0.765, -0.758, 0.77
j:0, 1
j:2, 1, stif=0.98
j:3, 0, stif=0.939
n:j=0, d=""|:p=0.288, r=0.867""
n:p=2, d=Gpart:ry=1.986
c:0, 1, -1.027
",6.0536689246482565e-05,feasible,21
40,0,22,"//0
p:-0.544, -0.537, 0.451
p:1.043, 0.042, -0.076
p:1.11, -0.201, -0.275, fr=0.67
p:-0.765, -0.758, 0.77
j:0, 1
j:2, 1, stif=0.98
j:3, 0, stif=0.939
n:j=0, d=""|:p=0.288, r=0.867""
n:p=2, d=Gpart
c:0, 1, -1.027
",0.005684019978963247,"//0
p:-0.544, -0.537, 0.451
p:1.043, 0.042, -0.076
p:1.11, -0.201, -0.275, fr=0.67
p:-0.765, -0.758, 0.77
j:0, 1
j:2, 1, stif=0.98, rotstif=0.984
j:3, 0, stif=0.939
n:j=0, d=""|:p=0.288, r=0.867""
n:p=2, d=Gpart
c:0, 1, -1.027
",0.005684019978963247,feasible,21
40,0,22,"//0
p:-0.544, -0.537, 0.451
p:1.043, 0.042, -0.076
p:1.11, -0.201, -0.275, fr=0.67
p:-0.765, -0.758, 0.77
j:0, 1
j:2, 1, stif=0.98
j:3, 0, stif=0.939
n:j=0, d=""|:p=0.288, r=0.867""
n:p=2, d=Gpart
c:0, 1, -1.027
",0.005684019978963247,"//0
p:-0.544, -0.537, 0.451
p:1.043, 0.042, -0.076
p:1.11, -0.201, -0.275, fr=0.67
p:-0.765, -0.758, 0.77
j:0, 1
j:2, 1, stif=0.98
j:3, 0, stif=0.939
n:p=2, d=Gpart
",1.810765585611731e-07,feasible,21
40,0,22,"//0
p:-0.544, -0.537, 0.451
p:1.043, 0.042, -0.076
p:1.11, -0.201, -0.275, fr=0.67
p:-0.765, -0.758, 0.77
j:0, 1
j:2, 1, stif=0.98
j:3, 0, stif=0.939
n:j=0, d=""|:p=0.288, r=0.867""
n:p=2, d=Gpart
c:0, 1, -1.027
",0.005684019978963247,"//0
p:-0.544, -0.537, 0.451
p:1.043, 0.042, -0.076
p:1.236, -0.254, -0.143, fr=0.67
p:-0.765, -0.758, 0.77
j:0, 1
j:2, 1, stif=0.98
j:3, 0, stif=0.939
n:j=0, d=""|:p=0.288, r=0.867""
n:p=2, d=Gpart
c:0, 1, -1.027
",5.354299584920332e-06,feasible,21
40,0,22,"//0
p:-0.544, -0.537, 0.451
p:1.043, 0.042, -0.076
p:1.11, -0.201, -0.275, fr=0.67
p:-0.765, -0.758, 0.77
j:0, 1
j:2, 1, stif=0.98
j:3, 0, stif=0.939
n:j=0, d=""|:p=0.288, r=0.867""
n:p=2, d=Gpart
c:0, 1, -1.027
",0.005684019978963247,"//0
p:-0.544, -0.537, 0.451
p:1.043, 0.042, -0.076
p:1.11, -0.201, -0.275, fr=0.67
p:-0.765, -0.758, 0.77
p:0.118, 0.081, -0.454
j:0, 1
j:2, 1, stif=0.98
j:3, 0, stif=0.939
j:4, 1
n:j=0, d=""|:p=0.288, r=0.867""
n:p=2, d=Gpart
c:0, 1, -1.027
",4.1265400866184657e-07,feasible,21
40,0,22,"//0
p:-0.544, -0.537, 0.451
p:1.043, 0.042, -0.076
p:1.11, -0.201, -0.275, fr=0.67
p:-0.765, -0.758, 0.77
j:0, 1
j:2, 1, stif=0.98
j:3, 0, stif=0.939
n:j=0, d=""|:p=0.288, r=0.867""
n:p=2, d=Gpart
c:0, 1, -1.027
",0.005684019978963247,"//0
p:-0.544, -0.537, 0.451
p:1.043, 0.042, -0.076
p:1.11, -0.201, -0.275, fr=0.794
p:-0.765, -0.758, 0.77
j:0, 1
j:2, 1, stif=0.98
j:3, 0, stif=0.939
n:j=0, d=""|:p=0.288, r=0.867""
n:p=2, d=Gpart
c:0, 1, -1.027
",0.0056077739446945335,feasible,21
40,0,22,"//0
p:-0.544, -0.537, 0.451
p:1.043, 0.042, -0.076
p:1.11, -0.201, -0.275, fr=0.67
p:-0.765, -0.758, 0.77
j:0, 1
j:2, 1, stif=0.98
j:3, 0, stif=0.939
n:j=0, d=""|:p=0.288, r=0.867""
n:p=2, d=Gpart
c:0, 1, -1.027
",0.005684019978963247,"//0
p:-0.544, -0.537, 0.451
p:1.043, 0.042, -0.076
p:1.11, -0.201, -0.275, fr=0.67
p:-0.765, -0.758, 0.77
j:0, 1
j:2, 1, stif=0.98
j:3, 0, stif=0.939
j:0, 2
n:j=0, d=""|:p=0.288, r=0.867""
n:p=2, d=Gpart
c:0, 1, -1.027
",0.0004933205316895949,feasible,21
40,0,22,"//0
p:-0.544, -0.537, 0.451
p:1.043, 0.042, -0.076
p:1.11, -0.201, -0.275, fr=0.67
p:-0.765, -0.758, 0.77
j:0, 1
j:2, 1, stif=0.98
j:3, 0, stif=0.939
n:j=0, d=""|:p=0.288, r=0.867""
n:p=2, d=Gpart
c:0, 1, -1.027
",0.005684019978963247,"//0
p:-0.544, -0.537, 0.451
p:1.043, 0.042, -0.076
p:1.316, 0.032, -0.088, fr=0.67
p:-0.765, -0.758, 0.77
j:0, 1
j:2, 1, stif=0.98
j:3, 0, stif=0.939
n:j=0, d=""|:p=0.288, r=0.867""
n:p=2, d=Gpart
c:0, 1, -1.027
",1.368152603754022e-06,feasible,21
40,0,22,"//0
p:-0.544, -0.537, 0.451
p:1.043, 0.042, -0.076
p:1.11, -0.201, -0.275, fr=0.67
p:-0.765, -0.758, 0.77
j:0, 1
j:2, 1, stif=0.98
j:3, 0, stif=0.939
n:j=0, d=""|:p=0.288, r=0.867""
n:p=2, d=Gpart
c:0, 1, -1.027
",0.005684019978963247,"//0
p:-0.544, -0.537, 0.451
p:1.043, 0.042, -0.076
p:1.11, -0.201, -0.275, fr=0.67
p:-0.765, -0.758, 0.77
j:0, 1
j:2, 1, stif=0.98
j:3, 0, stif=0.939
n:j=0, d=""|:p=0.288, r=0.867""
n:p=2, d=Gpart
n:p=3, d=S
c:0, 1, -1.027
",0.005684019978963247,feasible,21
40,0,22,"//0
p:-0.544, -0.537, 0.451
p:1.043, 0.042, -0.076
p:1.11, -0.201, -0.275, fr=0.67
p:-0.765, -0.758, 0.77
j:0, 1
j:2, 1, stif=0.98
j:3, 0, stif=0.939
n:j=0, d=""|:p=0.288, r=0.867""
n:p=2, d=Gpart
c:0, 1, -1.027
",0.005684019978963247,"//0
p:-0.544, -0.537, 0.451
p:1.043, 0.042, -0.076
p:0.9258225586040968, -0.2557129785906763, -0.1723517726620165, fr=0.67
p:-0.765, -0.758, 0.77
j:0, 3
j:2, 3, stif=0.98
j:1, 0, stif=0.939
n:j=0, d=""|:p=0.288, r=0.867""
n:p=2, d=Gpart
c:0, 1, -1.027
",1.2850742800742836e-06,feasible,21
40,0,22,"//0
p:-0.544, -0.537, 0.451
p:1.043, 0.042, -0.076
p:1.11, -0.201, -0.275, fr=0.67
p:-0.765, -0.758, 0.77
j:0, 1
j:2, 1, stif=0.98
j:3, 0, stif=0.939
n:j=0, d=""|:p=0.288, r=0.867""
n:p=2, d=Gpart
c:0, 1, -1.027
",0.005684019978963247,"//0
p:-0.544, -0.537, 0.451
p:1.043, 0.042, -0.076
p:1.11, -0.201, -0.275, fr=0.67
p:-0.765, -0.758, 0.77
j:0, 1
j:2, 1, stif=0.98
j:3, 0, stif=0.939
n:j=0, d=""|:p=0.288, r=0.867""
n:p=2, d=Gpart
n:p=0, d=T
c:0, 1, -1.027
",0.005684019978963247,feasible,21
40,0,22,"//0
p:-0.544, -0.537, 0.451
p:1.043, 0.042, -0.076
p:1.11, -0.201, -0.275, fr=0.67
p:-0.765, -0.758, 0.77
j:0, 1
j:2, 1, stif=0.98
j:3, 0, stif=0.939
n:j=0, d=""|:p=0.288, r=0.867""
n:p=2, d=Gpart
c:0, 1, -1.027
",0.005684019978963247,"//0
p:-0.544, -0.537, 0.451
p:1.043, 0.042, -0.076
p:1.11, -0.201, -0.275, fr=0.67
p:-0.765, -0.758, 0.77, ing=0.308
j:0, 1
j:2, 1, stif=0.98
j:3, 0, stif=0.939
n:j=0, d=""|:p=0.288, r=0.867""
n:p=2, d=Gpart
c:0, 1, -1.027
",0.005684019978963247,feasible,21
40,0,22,"//0
p:-0.544, -0.537, 0.451
p:1.043, 0.042, -0.076
p:1.11, -0.201, -0.275, fr=0.67
p:-0.765, -0.758, 0.77
j:0, 1
j:2, 1, stif=0.98
j:3, 0, stif=0.939
n:j=0, d=""|:p=0.288, r=0.867""
n:p=2, d=Gpart
c:0, 1, -1.027
",0.005684019978963247,"//0
p:-0.544, -0.537, 0.451
p:1.043, 0.042, -0.076
p:1.242, -0.065, -0.077, fr=0.67
p:-0.765, -0.758, 0.77
j:0, 1
j:2, 1, stif=0.98
j:3, 0, stif=0.939
n:j=0, d=""|:p=0.288, r=0.867""
n:p=2, d=Gpart
c:0, 1, -1.027
",3.154089920738235e-07,feasible,21
40,0,22,"//0
p:-0.544, -0.537, 0.451
p:1.043, 0.042, -0.076
p:1.11, -0.201, -0.275, fr=0.67
p:-0.765, -0.758, 0.77
j:0, 1
j:2, 1, stif=0.98
j:3, 0, stif=0.939
n:j=0, d=""|:p=0.288, r=0.867""
n:p=2, d=Gpart
c:0, 1, -1.027
",0.005684019978963247,"//0
p:-0.544, -0.537, 0.451
p:1.043, 0.042, -0.076
p:1.11, -0.201, -0.275, fr=0.67
p:-0.976, -1.339, 0.725
j:0, 1
j:2, 1, stif=0.98
j:3, 0, stif=0.939
n:j=0, d=""|:p=0.288, r=0.867""
n:p=2, d=Gpart
c:0, 1, -1.027
",1.1749433195052411e-05,feasible,21
40,0,22,"//0
p:-0.544, -0.537, 0.451
p:1.043, 0.042, -0.076
p:1.11, -0.201, -0.275, fr=0.67
p:-0.765, -0.758, 0.77
j:0, 1
j:2, 1, stif=0.98
j:3, 0, stif=0.939
n:j=0, d=""|:p=0.288, r=0.867""
n:p=2, d=Gpart
c:0, 1, -1.027
",0.005684019978963247,"//0
p:-0.544, -0.537, 0.451
p:1.043, 0.042, -0.076
p:1.267, 0.015, -0.213, fr=0.67
p:-0.765, -0.758, 0.77
j:0, 1
j:2, 1, stif=0.98
j:3, 0, stif=0.939
n:j=0, d=""|:p=0.288, r=0.867""
n:p=2, d=Gpart
c:0, 1, -1.027
",1.956212870163476e-06,feasible,21
40,0,23,"//0
p:-0.544, -0.537, 0.451
p:1.043, 0.042, -0.076
p:1.11, -0.201, -0.275, fr=1.044
p:-0.765, -0.758, 0.77
j:0, 1
j:2, 1, stif=0.98
j:3, 0, stif=0.939
n:j=0, d=""|:p=0.288, r=0.867""
n:p=2, d=Gpart
c:0, 1, -1.027
",0.005789520385424413,"//0
p:-0.544, -0.537, 0.451
p:1.043, 0.042, -0.076
p:1.098, -0.128, -0.311, fr=1.044
p:-0.765, -0.758, 0.77
j:0, 1
j:2, 1, stif=0.98
j:3, 0, stif=0.939
n:j=0, d=""|:p=0.288, r=0.867""
n:p=2, d=Gpart
c:0, 1, -1.027
",0.0005334079099066495,feasible,22
40,0,23,"//0
p:-0.544, -0.537, 0.451
p:1.043, 0.042, -0.076
p:1.11, -0.201, -0.275, fr=1.044
p:-0.765, -0.758, 0.77
j:0, 1
j:2, 1, stif=0.98
j:3, 0, stif=0.939
n:j=0, d=""|:p=0.288, r=0.867""
n:p=2, d=Gpart
c:0, 1, -1.027
",0.005789520385424413,"//0
p:-0.544, -0.537, 0.451
p:1.043, 0.042, -0.076
p:1.11, -0.201, -0.275, fr=1.044
p:-0.765, -0.758, 0.77
j:0, 1
j:2, 1, stif=0.98
j:3, 0, stif=0.939
n:j=0, d=""|:p=0.288, r=0.867""
n:p=2, d=Gpart
",0.0037962825034624195,feasible,22
40,0,23,"//0
p:-0.544, -0.537, 0.451
p:1.043, 0.042, -0.076
p:1.11, -0.201, -0.275, fr=1.044
p:-0.765, -0.758, 0.77
j:0, 1
j:2, 1, stif=0.98
j:3, 0, stif=0.939
n:j=0, d=""|:p=0.288, r=0.867""
n:p=2, d=Gpart
c:0, 1, -1.027
",0.005789520385424413,"//0
p:-0.544, -0.537, 0.451
p:1.043, 0.042, -0.076
p:1.11, -0.201, -0.275, fr=1.044
p:-0.765, -0.758, 0.77
j:0, 1, stif=0.941
j:2, 1, stif=0.98
j:3, 0, stif=0.939
n:j=0, d=""|:p=0.288, r=0.867""
n:p=2, d=Gpart
c:0, 1, -1.027
",0.005812650934303025,feasible,22
40,0,23,"//0
p:-0.544, -0.537, 0.451
p:1.043, 0.042, -0.076
p:1.11, -0.201, -0.275, fr=1.044
p:-0.765, -0.758, 0.77
j:0, 1
j:2, 1, stif=0.98
j:3, 0, stif=0.939
n:j=0, d=""|:p=0.288, r=0.867""
n:p=2, d=Gpart
c:0, 1, -1.027
",0.005789520385424413,"//0
p:-0.544, -0.537, 0.451
p:1.043, 0.042, -0.076
p:1.11, -0.201, -0.275, fr=1.044
p:-0.765, -0.758, 0.77, fr=0.129
j:0, 1
j:2, 1, stif=0.98
j:3, 0, stif=0.939
n:j=0, d=""|:p=0.288, r=0.867""
n:p=2, d=Gpart
c:0, 1, -1.027
",0.005789520385424413,feasible,22
40,0,23,"//0
p:-0.544, -0.537, 0.451
p:1.043, 0.042, -0.076
p:1.11, -0.201, -0.275, fr=1.044
p:-0.765, -0.758, 0.77
j:0, 1
j:2, 1, stif=0.98
j:3, 0, stif=0.939
n:j=0, d=""|:p=0.288, r=0.867""
n:p=2, d=Gpart
c:0, 1, -1.027
",0.005789520385424413,"//0
p:-0.544, -0.537, 0.451
p:1.043, 0.042, -0.076
p:1.11, -0.201, -0.275, fr=1.044
p:-0.765, -0.758, 0.77
j:0, 1
j:2, 1, stif=0.98
j:3, 0, stif=0.939, rotstif=0.878
n:j=0, d=""|:p=0.288, r=0.867""
n:p=2, d=Gpart
c:0, 1, -1.027
",0.005789520385424413,feasible,22
40,0,23,"//0
p:-0.544, -0.537, 0.451
p:1.043, 0.042, -0.076
p:1.11, -0.201, -0.275, fr=1.044
p:-0.765, -0.758, 0.77
j:0, 1
j:2, 1, stif=0.98
j:3, 0, stif=0.939
n:j=0, d=""|:p=0.288, r=0.867""
n:p=2, d=Gpart
c:0, 1, -1.027
",0.005789520385424413,"//0
p:-0.544, -0.537, 0.451
p:1.043, 0.042, -0.076
p:1.11, -0.201, -0.275, fr=1.044
p:-0.765, -0.758, 0.77
j:0, 1
j:2, 1, stif=0.949
j:3, 0, stif=0.939
n:j=0, d=""|:p=0.288, r=0.867""
n:p=2, d=Gpart
c:0, 1, -1.027
",0.005812022175224436,feasible,22
40,0,23,"//0
p:-0.544, -0.537, 0.451
p:1.043, 0.042, -0.076
p:1.11, -0.201, -0.275, fr=1.044
p:-0.765, -0.758, 0.77
j:0, 1
j:2, 1, stif=0.98
j:3, 0, stif=0.939
n:j=0, d=""|:p=0.288, r=0.867""
n:p=2, d=Gpart
c:0, 1, -1.027
",0.005789520385424413,"//0
p:-0.544, -0.537, 0.451
p:0.9817842424597403, 0.5734371335738694, -0.21090018721994946
p:1.11, -0.201, -0.275, fr=1.044
p:-0.765, -0.758, 0.77
j:0, 1
j:2, 1, stif=0.98
j:3, 0, stif=0.939
n:j=0, d=""|:p=0.288, r=0.867""
n:p=2, d=Gpart
c:0, 1, -1.027
",0.0014376941589934456,feasible,22
40,0,23,"//0
p:-0.544, -0.537, 0.451
p:1.043, 0.042, -0.076
p:1.11, -0.201, -0.275, fr=1.044
p:-0.765, -0.758, 0.77
j:0, 1
j:2, 1, stif=0.98
j:3, 0, stif=0.939
n:j=0, d=""|:p=0.288, r=0.867""
n:p=2, d=Gpart
c:0, 1, -1.027
",0.005789520385424413,"//0
p:-0.544, -0.537, 0.451
p:1.043, 0.042, -0.076
p:1.11, -0.201, -0.275, fr=0.936
p:-0.765, -0.758, 0.77
j:0, 1
j:2, 1, stif=0.98
j:3, 0, stif=0.939
n:j=0, d=""|:p=0.288, r=0.867""
n:p=2, d=Gpart
c:0, 1, -1.027
",0.005800847900111034,feasible,22
40,0,23,"//0
p:-0.544, -0.537, 0.451
p:1.043, 0.042, -0.076
p:1.11, -0.201, -0.275, fr=1.044
p:-0.765, -0.758, 0.77
j:0, 1
j:2, 1, stif=0.98
j:3, 0, stif=0.939
n:j=0, d=""|:p=0.288, r=0.867""
n:p=2, d=Gpart
c:0, 1, -1.027
",0.005789520385424413,"//0
p:-0.544, -0.537, 0.451
p:1.043, 0.042, -0.076
p:-0.765, -0.758, 0.77
j:0, 1
j:2, 0, stif=0.939
n:j=0, d=""|:p=0.288, r=0.867""
",9.245528499060357e-05,feasible,22
40,0,23,"//0
p:-0.544, -0.537, 0.451
p:1.043, 0.042, -0.076
p:1.11, -0.201, -0.275, fr=1.044
p:-0.765, -0.758, 0.77
j:0, 1
j:2, 1, stif=0.98
j:3, 0, stif=0.939
n:j=0, d=""|:p=0.288, r=0.867""
n:p=2, d=Gpart
c:0, 1, -1.027
",0.005789520385424413,"//0
p:-0.544, -0.537, 0.451
p:1.043, 0.042, -0.076
p:1.11, -0.201, -0.275, fr=1.044
p:-0.765, -0.758, 0.77
j:0, 1
j:2, 1, stif=0.98
j:3, 0, stif=0.939, rotstif=0.904
n:j=0, d=""|:p=0.288, r=0.867""
n:p=2, d=Gpart
c:0, 1, -1.027
",0.005789520385424413,feasible,22
40,0,23,"//0
p:-0.544, -0.537, 0.451
p:1.043, 0.042, -0.076
p:1.11, -0.201, -0.275, fr=1.044
p:-0.765, -0.758, 0.77
j:0, 1
j:2, 1, stif=0.98
j:3, 0, stif=0.939
n:j=0, d=""|:p=0.288, r=0.867""
n:p=2, d=Gpart
c:0, 1, -1.027
",0.005789520385424413,"//0
p:-0.544, -0.537, 0.451
p:1.043, 0.042, -0.076
p:1.11, -0.201, -0.275, fr=1.044
j:0, 1
j:2, 1, stif=0.98
n:j=0, d=""|:p=0.288, r=0.867""
n:p=2, d=Gpart
c:0, 1, -1.027
",2.3431470789846923e-05,feasible,22
40,0,23,"//0
p:-0.544, -0.537, 0.451
p:1.043, 0.042, -0.076
p:1.11, -0.201, -0.275, fr=1.044
p:-0.765, -0.758, 0.77
j:0, 1
j:2, 1, stif=0.98
j:3, 0, stif=0.939
n:j=0, d=""|:p=0.288, r=0.867""
n:p=2, d=Gpart
c:0, 1, -1.027
",0.005789520385424413,"//0
p:-0.544, -0.537, 0.451
p:0.417, -0.307, -0.013
p:1.11, -0.201, -0.275, fr=1.044
p:-0.765, -0.758, 0.77
j:0, 1
j:2, 1, stif=0.98
j:3, 0, stif=0.939
n:j=0, d=""|:p=0.288, r=0.867""
n:p=2, d=Gpart
c:0, 1, -1.027
",4.548850736710145e-07,feasible,22
40,0,23,"//0
p:-0.544, -0.537, 0.451
p:1.043, 0.042, -0.076
p:1.11, -0.201, -0.275, fr=1.044
p:-0.765, -0.758, 0.77
j:0, 1
j:2, 1, stif=0.98
j:3, 0, stif=0.939
n:j=0, d=""|:p=0.288, r=0.867""
n:p=2, d=Gpart
c:0, 1, -1.027
",0.005789520385424413,"//0
p:-0.544, -0.537, 0.451
p:1.043, 0.042, -0.076
p:1.11, -0.201, -0.275, fr=1.044
p:-0.765, -0.758, 0.77
p:0.945, 0.051, -0.518
j:0, 1
j:2, 1, stif=0.98
j:3, 0, stif=0.939
j:4, 2
n:j=0, d=""|:p=0.288, r=0.867""
n:p=2, d=Gpart
c:0, 1, -1.027
",3.64600328048299e-07,feasible,22
40,0,23,"//0
p:-0.544, -0.537, 0.451
p:1.043, 0.042, -0.076
p:1.11, -0.201, -0.275, fr=1.044
p:-0.765, -0.758, 0.77
j:0, 1
j:2, 1, stif=0.98
j:3, 0, stif=0.939
n:j=0, d=""|:p=0.288, r=0.867""
n:p=2, d=Gpart
c:0, 1, -1.027
",0.005789520385424413,"//0
p:-0.544, -0.537, 0.451
p:1.043, 0.042, -0.076
p:1.11, -0.201, -0.275, fr=1.044
p:-0.765, -0.758, 0.77
j:0, 1
j:2, 1, stif=0.98
j:3, 0, stif=0.99
n:j=0, d=""|:p=0.288, r=0.867""
n:p=2, d=Gpart
c:0, 1, -1.027
",0.005688199559917854,feasible,22
40,0,23,"//0
p:-0.544, -0.537, 0.451
p:1.043, 0.042, -0.076
p:1.11, -0.201, -0.275, fr=1.044
p:-0.765, -0.758, 0.77
j:0, 1
j:2, 1, stif=0.98
j:3, 0, stif=0.939
n:j=0, d=""|:p=0.288, r=0.867""
n:p=2, d=Gpart
c:0, 1, -1.027
",0.005789520385424413,"//0
p:-0.544, -0.537, 0.451
p:1.043, 0.042, -0.076, fr=0.145
p:1.11, -0.201, -0.275, fr=1.044
p:-0.765, -0.758, 0.77
j:0, 1
j:2, 1, stif=0.98
j:3, 0, stif=0.939
n:j=0, d=""|:p=0.288, r=0.867""
n:p=2, d=Gpart
c:0, 1, -1.027
",0.0019243097516995031,feasible,22
40,0,23,"//0
p:-0.544, -0.537, 0.451
p:1.043, 0.042, -0.076
p:1.11, -0.201, -0.275, fr=1.044
p:-0.765, -0.758, 0.77
j:0, 1
j:2, 1, stif=0.98
j:3, 0, stif=0.939
n:j=0, d=""|:p=0.288, r=0.867""
n:p=2, d=Gpart
c:0, 1, -1.027
",0.005789520385424413,"//0
p:-0.544, -0.537, 0.451
p:1.043, 0.042, -0.076
p:1.11, -0.201, -0.275, fr=1.044
p:-0.765, -0.758, 0.77
j:0, 1
j:2, 1, stif=0.98
j:3, 0, stif=0.939
n:j=0, d=""|:p=0.288, r=0.706""
n:p=2, d=Gpart
c:0, 1, -1.027
",0.005486439761880284,feasible,22
40,0,23,"//0
p:-0.544, -0.537, 0.451
p:1.043, 0.042, -0.076
p:1.11, -0.201, -0.275, fr=1.044
p:-0.765, -0.758, 0.77
j:0, 1
j:2, 1, stif=0.98
j:3, 0, stif=0.939
n:j=0, d=""|:p=0.288, r=0.867""
n:p=2, d=Gpart
c:0, 1, -1.027
",0.005789520385424413,"//0
p:-0.544, -0.537, 0.451
p:1.043, 0.042, -0.076
p:1.11, -0.201, -0.275, fr=1.044
p:-0.765, -0.758, 0.77
j:0, 1
j:2, 1, stif=0.98
j:3, 0, stif=0.939
n:p=2, d=Gpart
",1.8024271612876646e-07,feasible,22
40,0,23,"//0
p:-0.544, -0.537, 0.451
p:1.043, 0.042, -0.076
p:1.11, -0.201, -0.275, fr=1.044
p:-0.765, -0.758, 0.77
j:0, 1
j:2, 1, stif=0.98
j:3, 0, stif=0.939
n:j=0, d=""|:p=0.288, r=0.867""
n:p=2, d=Gpart
c:0, 1, -1.027
",0.005789520385424413,"//0
p:-0.544, -0.537, 0.451
p:1.043, 0.042, -0.076, fr=0.59
p:1.11, -0.201, -0.275, fr=1.044
p:-0.765, -0.758, 0.77
j:0, 1
j:2, 1, stif=0.98
j:3, 0, stif=0.939
n:j=0, d=""|:p=0.288, r=0.867""
n:p=2, d=Gpart
c:0, 1, -1.027
",0.0054607111566158245,feasible,22
40,0,23,"//0
p:-0.544, -0.537, 0.451
p:1.043, 0.042, -0.076
p:1.11, -0.201, -0.275, fr=1.044
p:-0.765, -0.758, 0.77
j:0, 1
j:2, 1, stif=0.98
j:3, 0, stif=0.939
n:j=0, d=""|:p=0.288, r=0.867""
n:p=2, d=Gpart
c:0, 1, -1.027
",0.005789520385424413,"//0
p:-0.544, -0.537, 0.451
p:1.043, 0.042, -0.076
p:0.9258225586040968, -0.2557129785906763, -0.1723517726620165, fr=1.044
p:-0.765, -0.758, 0.77
j:0, 3
j:2, 3, stif=0.98
j:1, 0, stif=0.939
n:j=0, d=""|:p=0.288, r=0.867""
n:p=2, d=Gpart
c:0, 1, -1.027
",1.2863631171168228e-06,feasible,22
40,0,23,"//0
p:-0.544, -0.537, 0.451
p:1.043, 0.042, -0.076
p:1.11, -0.201, -0.275, fr=1.044
p:-0.765, -0.758, 0.77
j:0, 1
j:2, 1, stif=0.98
j:3, 0, stif=0.939
n:j=0, d=""|:p=0.288, r=0.867""
n:p=2, d=Gpart
c:0, 1, -1.027
",0.005789520385424413,"//0
p:-0.544, -0.537, 0.451
p:1.043, 0.042, -0.076
p:1.11, -0.201, -0.275, fr=1.044
p:-0.6383140486851375, -0.7019442693297069, 0.710721064816165
j:0, 1
j:3, 1, stif=0.98
j:2, 0, stif=0.939
n:j=0, d=""|:p=0.288, r=0.867""
n:p=2, d=Gpart
c:0, 1, -1.027
",5.4388443905459396e-05,feasible,22
40,0,24,"//0
p:-0.544, -0.537, 0.451
p:1.043, 0.042, -0.076
p:1.11, -0.201, -0.275, fr=1.044
p:-0.765, -0.758, 0.77
j:0, 1
j:2, 1, stif=0.98
j:3, 0, stif=0.927
n:j=0, d=""|:p=0.288, r=0.867""
n:p=2, d=Gpart
c:0, 1, -1.027
",0.005798480495131198,"//0
p:-0.544, -0.537, 0.451
p:1.043, 0.042, -0.076
p:1.11, -0.201, -0.275, fr=1.044
p:-0.765, -0.758, 0.77
j:0, 1
j:2, 1, stif=0.98
j:3, 0, stif=0.927
n:j=0, d=""|:p=0.288, r=0.936""
n:p=2, d=Gpart
c:0, 1, -1.027
",0.005740565925604137,feasible,24
40,0,24,"//0
p:-0.544, -0.537, 0.451
p:1.043, 0.042, -0.076
p:1.11, -0.201, -0.275, fr=1.044
p:-0.765, -0.758, 0.77
j:0, 1
j:2, 1, stif=0.98
j:3, 0, stif=0.927
n:j=0, d=""|:p=0.288, r=0.867""
n:p=2, d=Gpart
c:0, 1, -1.027
",0.005798480495131198,"//0
p:-0.544, -0.537, 0.451
p:1.043, 0.042, -0.076
p:1.11, -0.201, -0.275, fr=1.044
j:0, 1
j:2, 1, stif=0.98
n:j=0, d=""|:p=0.288, r=0.867""
n:p=2, d=Gpart
c:0, 1, -1.027
",2.3431470789846923e-05,feasible,24
40,0,24,"//0
p:-0.544, -0.537, 0.451
p:1.043, 0.042, -0.076
p:1.11, -0.201, -0.275, fr=1.044
p:-0.765, -0.758, 0.77
j:0, 1
j:2, 1, stif=0.98
j:3, 0, stif=0.927
n:j=0, d=""|:p=0.288, r=0.867""
n:p=2, d=Gpart
c:0, 1, -1.027
",0.005798480495131198,"//0
p:-0.544, -0.537, 0.451, ing=0.387
p:1.043, 0.042, -0.076
p:1.11, -0.201, -0.275, fr=1.044
p:-0.765, -0.758, 0.77
j:0, 1
j:2, 1, stif=0.98
j:3, 0, stif=0.927
n:j=0, d=""|:p=0.288, r=0.867""
n:p=2, d=Gpart
c:0, 1, -1.027
",0.005798480495131198,feasible,24
40,0,24,"//0
p:-0.544, -0.537, 0.451
p:1.043, 0.042, -0.076
p:1.11, -0.201, -0.275, fr=1.044
p:-0.765, -0.758, 0.77
j:0, 1
j:2, 1, stif=0.98
j:3, 0, stif=0.927
n:j=0, d=""|:p=0.288, r=0.867""
n:p=2, d=Gpart
c:0, 1, -1.027
",0.005798480495131198,"//0
p:-0.544, -0.537, 0.451
p:1.043, 0.042, -0.076, ing=0.122
p:1.11, -0.201, -0.275, fr=1.044
p:-0.765, -0.758, 0.77
j:0, 1
j:2, 1, stif=0.98
j:3, 0, stif=0.927
n:j=0, d=""|:p=0.288, r=0.867""
n:p=2, d=Gpart
c:0, 1, -1.027
",0.005798480495131198,feasible,24
40,0,24,"//0
p:-0.544, -0.537, 0.451
p:1.043, 0.042, -0.076
p:1.11, -0.201, -0.275, fr=1.044
p:-0.765, -0.758, 0.77
j:0, 1
j:2, 1, stif=0.98
j:3, 0, stif=0.927
n:j=0, d=""|:p=0.288, r=0.867""
n:p=2, d=Gpart
c:0, 1, -1.027
",0.005798480495131198,"//0
p:-0.544, -0.537, 0.451
p:1.043, 0.042, -0.076
p:1.11, -0.201, -0.275, fr=1.044
p:-0.765, -0.758, 0.77
j:0, 1
j:2, 1, stif=0.98
j:3, 0, stif=0.927
n:j=0, d=""|:p=0.288, r=0.867""
n:p=2, d=Gpart
",0.0038091349876804,feasible,24
40,0,24,"//0
p:-0.544, -0.537, 0.451
p:1.043, 0.042, -0.076
p:1.11, -0.201, -0.275, fr=1.044
p:-0.765, -0.758, 0.77
j:0, 1
j:2, 1, stif=0.98
j:3, 0, stif=0.927
n:j=0, d=""|:p=0.288, r=0.867""
n:p=2, d=Gpart
c:0, 1, -1.027
",0.005798480495131198,"//0
p:-0.544, -0.537, 0.451
p:1.043, 0.042, -0.076
p:1.11, -0.201, -0.275, fr=1.044
p:-0.765, -0.758, 0.77
j:0, 1
j:2, 1, stif=0.98
j:3, 0, stif=0.927
n:j=0, d=""|:p=0.286, r=0.867""
n:p=2, d=Gpart
c:0, 1, -1.027
",0.005814256413306598,feasible,24
40,0,24,"//0
p:-0.544, -0.537, 0.451
p:1.043, 0.042, -0.076
p:1.11, -0.201, -0.275, fr=1.044
p:-0.765, -0.758, 0.77
j:0, 1
j:2, 1, stif=0.98
j:3, 0, stif=0.927
n:j=0, d=""|:p=0.288, r=0.867""
n:p=2, d=Gpart
c:0, 1, -1.027
",0.005798480495131198,"//0
p:-0.544, -0.537, 0.451
p:1.043, 0.042, -0.076
p:1.11, -0.201, -0.275, fr=1.044
p:-0.765, -0.758, 0.77
j:0, 1
j:2, 1, stif=0.98
j:3, 0, stif=0.946
n:j=0, d=""|:p=0.288, r=0.867""
n:p=2, d=Gpart
c:0, 1, -1.027
",0.0058313639715887365,feasible,24
40,0,24,"//0
p:-0.544, -0.537, 0.451
p:1.043, 0.042, -0.076
p:1.11, -0.201, -0.275, fr=1.044
p:-0.765, -0.758, 0.77
j:0, 1
j:2, 1, stif=0.98
j:3, 0, stif=0.927
n:j=0, d=""|:p=0.288, r=0.867""
n:p=2, d=Gpart
c:0, 1, -1.027
",0.005798480495131198,"//0
p:-0.544, -0.537, 0.451
p:1.043, 0.042, -0.076
p:1.11, -0.201, -0.275, fr=1.044
p:-0.765, -0.758, 0.77
j:0, 1
j:2, 1, stif=0.98
j:3, 0, stif=0.847
n:j=0, d=""|:p=0.288, r=0.867""
n:p=2, d=Gpart
c:0, 1, -1.027
",0.005033806540141222,feasible,24
40,0,24,"//0
p:-0.544, -0.537, 0.451
p:1.043, 0.042, -0.076
p:1.11, -0.201, -0.275, fr=1.044
p:-0.765, -0.758, 0.77
j:0, 1
j:2, 1, stif=0.98
j:3, 0, stif=0.927
n:j=0, d=""|:p=0.288, r=0.867""
n:p=2, d=Gpart
c:0, 1, -1.027
",0.005798480495131198,"//0
p:-0.544, -0.537, 0.451
p:1.043, 0.042, -0.076
p:1.11, -0.201, -0.275, fr=1.044
p:-0.765, -0.758, 0.77
j:0, 1, stif=0.884
j:2, 1, stif=0.98
j:3, 0, stif=0.927
n:j=0, d=""|:p=0.288, r=0.867""
n:p=2, d=Gpart
c:0, 1, -1.027
",0.005682592613000975,feasible,24
40,0,24,"//0
p:-0.544, -0.537, 0.451
p:1.043, 0.042, -0.076
p:1.11, -0.201, -0.275, fr=1.044
p:-0.765, -0.758, 0.77
j:0, 1
j:2, 1, stif=0.98
j:3, 0, stif=0.927
n:j=0, d=""|:p=0.288, r=0.867""
n:p=2, d=Gpart
c:0, 1, -1.027
",0.005798480495131198,"//0
p:-0.544, -0.537, 0.451
p:1.043, 0.042, -0.076
p:1.11, -0.201, -0.275, fr=1.044
p:-0.765, -0.758, 0.77
p:-0.588, -1.636, 1.919
j:0, 1
j:2, 1, stif=0.98
j:3, 0, stif=0.927
j:4, 0
n:j=0, d=""|:p=0.288, r=0.867""
n:p=2, d=Gpart
c:0, 1, -1.027
",7.179137250266611e-07,feasible,24
40,0,24,"//0
p:-0.544, -0.537, 0.451
p:1.043, 0.042, -0.076
p:1.11, -0.201, -0.275, fr=1.044
p:-0.765, -0.758, 0.77
j:0, 1
j:2, 1, stif=0.98
j:3, 0, stif=0.927
n:j=0, d=""|:p=0.288, r=0.867""
n:p=2, d=Gpart
c:0, 1, -1.027
",0.005798480495131198,"//0
p:-0.544, -0.537, 0.451
p:1.043, 0.042, -0.076
p:1.11, -0.201, -0.275, fr=1.044
p:-0.765, -0.758, 0.77
j:0, 1
j:2, 1, stif=0.98
j:3, 0, stif=0.927
n:j=0, d=""|:p=0.272, r=0.867""
n:p=2, d=Gpart
c:0, 1, -1.027
",0.004856818258730841,feasible,24
40,0,24,"//0
p:-0.544, -0.537, 0.451
p:1.043, 0.042, -0.076
p:1.11, -0.201, -0.275, fr=1.044
p:-0.765, -0.758, 0.77
j:0, 1
j:2, 1, stif=0.98
j:3, 0, stif=0.927
n:j=0, d=""|:p=0.288, r=0.867""
n:p=2, d=Gpart
c:0, 1, -1.027
",0.005798480495131198,"//0
p:-0.544, -0.537, 0.451
p:0.9163140486851374, -0.014055730670293087, -0.016721064816164977
p:1.11, -0.201, -0.275, fr=1.044
p:-0.765, -0.758, 0.77
j:3, 1
j:2, 1, stif=0.98
j:0, 3, stif=0.927
n:j=0, d=""|:p=0.288, r=0.867""
n:p=2, d=Gpart
c:0, 1, -1.027
",0.0012772238406790442,feasible,24
40,0,24,"//0
p:-0.544, -0.537, 0.451
p:1.043, 0.042, -0.076
p:1.11, -0.201, -0.275, fr=1.044
p:-0.765, -0.758, 0.77
j:0, 1
j:2, 1, stif=0.98
j:3, 0, stif=0.927
n:j=0, d=""|:p=0.288, r=0.867""
n:p=2, d=Gpart
c:0, 1, -1.027
",0.005798480495131198,"//0
p:-0.544, -0.537, 0.451
p:1.043, 0.042, -0.076
p:1.11, -0.201, -0.275, fr=1.044, ing=0.347
p:-0.765, -0.758, 0.77
j:0, 1
j:2, 1, stif=0.98
j:3, 0, stif=0.927
n:j=0, d=""|:p=0.288, r=0.867""
n:p=2, d=Gpart
c:0, 1, -1.027
",0.005798480495131198,feasible,24
40,0,24,"//0
p:-0.544, -0.537, 0.451
p:1.043, 0.042, -0.076
p:1.11, -0.201, -0.275, fr=1.044
p:-0.765, -0.758, 0.77
j:0, 1
j:2, 1, stif=0.98
j:3, 0, stif=0.927
n:j=0, d=""|:p=0.288, r=0.867""
n:p=2, d=Gpart
c:0, 1, -1.027
",0.005798480495131198,"//0
p:-0.544, -0.537, 0.451
p:1.043, 0.042, -0.076
p:1.11, -0.201, -0.275, fr=1.044
p:-0.765, -0.758, 0.77
j:0, 1
j:2, 1, stif=0.886
j:3, 0, stif=0.927
n:j=0, d=""|:p=0.288, r=0.867""
n:p=2, d=Gpart
c:0, 1, -1.027
",0.005808159376937748,feasible,24
40,0,24,"//0
p:-0.544, -0.537, 0.451
p:1.043, 0.042, -0.076
p:1.11, -0.201, -0.275, fr=1.044
p:-0.765, -0.758, 0.77
j:0, 1
j:2, 1, stif=0.98
j:3, 0, stif=0.927
n:j=0, d=""|:p=0.288, r=0.867""
n:p=2, d=Gpart
c:0, 1, -1.027
",0.005798480495131198,"//0
p:-0.544, -0.537, 0.451
p:1.043, 0.042, -0.076
p:1.11, -0.201, -0.275, fr=1.044
p:-0.765, -0.758, 0.77
j:0, 1, stif=0.944
j:2, 1, stif=0.98
j:3, 0, stif=0.927
n:j=0, d=""|:p=0.288, r=0.867""
n:p=2, d=Gpart
c:0, 1, -1.027
",0.00570262904230349,feasible,24
40,0,24,"//0
p:-0.544, -0.537, 0.451
p:1.043, 0.042, -0.076
p:1.11, -0.201, -0.275, fr=1.044
p:-0.765, -0.758, 0.77
j:0, 1
j:2, 1, stif=0.98
j:3, 0, stif=0.927
n:j=0, d=""|:p=0.288, r=0.867""
n:p=2, d=Gpart
c:0, 1, -1.027
",0.005798480495131198,"//0
p:-0.544, -0.537, 0.451
p:1.043, 0.042, -0.076
p:1.11, -0.201, -0.275, fr=1.044
p:-0.765, -0.758, 0.77
j:0, 1
j:2, 1, stif=0.988
j:3, 0, stif=0.927
n:j=0, d=""|:p=0.288, r=0.867""
n:p=2, d=Gpart
c:0, 1, -1.027
",0.005852169050942952,feasible,24
40,0,24,"//0
p:-0.544, -0.537, 0.451
p:1.043, 0.042, -0.076
p:1.11, -0.201, -0.275, fr=1.044
p:-0.765, -0.758, 0.77
j:0, 1
j:2, 1, stif=0.98
j:3, 0, stif=0.927
n:j=0, d=""|:p=0.288, r=0.867""
n:p=2, d=Gpart
c:0, 1, -1.027
",0.005798480495131198,"//0
p:-0.487, -1.075, 0.423
p:1.043, 0.042, -0.076
p:1.11, -0.201, -0.275, fr=1.044
p:-0.765, -0.758, 0.77
j:0, 1
j:2, 1, stif=0.98
j:3, 0, stif=0.927
n:j=0, d=""|:p=0.288, r=0.867""
n:p=2, d=Gpart
c:0, 1, -1.027
",0.00027605896812743074,feasible,24
40,0,24,"//0
p:-0.544, -0.537, 0.451
p:1.043, 0.042, -0.076
p:1.11, -0.201, -0.275, fr=1.044
p:-0.765, -0.758, 0.77
j:0, 1
j:2, 1, stif=0.98
j:3, 0, stif=0.927
n:j=0, d=""|:p=0.288, r=0.867""
n:p=2, d=Gpart
c:0, 1, -1.027
",0.005798480495131198,"//0
p:-0.544, -0.537, 0.451
p:1.043, 0.042, -0.076
p:1.11, -0.201, -0.275, fr=1.044
p:-0.765, -0.758, 0.77
j:0, 1
j:2, 1, stif=0.98
j:3, 0, stif=0.927
n:j=0, d=""|:p=0.288, r=0.867""
n:p=2, d=Gpart
c:0, 1, 0.36
",0.00011425597666237086,feasible,24
40,0,24,"//0
p:-0.544, -0.537, 0.451
p:1.043, 0.042, -0.076
p:1.11, -0.201, -0.275, fr=1.044
p:-0.765, -0.758, 0.77
j:0, 1
j:2, 1, stif=0.98
j:3, 0, stif=0.927
n:j=0, d=""|:p=0.288, r=0.867""
n:p=2, d=Gpart
c:0, 1, -1.027
",0.005798480495131198,"//0
p:-0.544, -0.537, 0.451
p:1.043, 0.042, -0.076
p:1.11, -0.201, -0.275, fr=1.044
p:-0.765, -0.758, 0.77
j:0, 1
j:2, 1, stif=0.98
j:3, 0, stif=0.927
n:j=0, d=""|:p=0.288, r=0.867""
n:p=2, d=Gpart
n:j=0, d=G
c:0, 1, -1.027
",0.005798480495131198,feasible,24
40,0,24,"//0
p:-0.544, -0.537, 0.451
p:1.043, 0.042, -0.076
p:1.11, -0.201, -0.275, fr=1.044
p:-0.765, -0.758, 0.77
j:0, 1
j:2, 1, stif=0.98
j:3, 0, stif=0.927
n:j=0, d=""|:p=0.288, r=0.867""
n:p=2, d=Gpart
c:0, 1, -1.027
",0.005798480495131198,"//0
p:-0.544, -0.537, 0.451, ing=0.228
p:1.043, 0.042, -0.076
p:1.11, -0.201, -0.275, fr=1.044
p:-0.765, -0.758, 0.77
j:0, 1
j:2, 1, stif=0.98
j:3, 0, stif=0.927
n:j=0, d=""|:p=0.288, r=0.867""
n:p=2, d=Gpart
c:0, 1, -1.027
",0.005798480495131198,feasible,24
40,0,25,"//0
p:-0.544, -0.537, 0.451
p:1.043, 0.042, -0.076
p:1.11, -0.201, -0.275, fr=1.044
p:-0.765, -0.758, 0.77
j:0, 1
j:2, 1, stif=0.973
j:3, 0, stif=0.927
n:j=0, d=""|:p=0.288, r=0.867""
n:p=2, d=Gpart
c:0, 1, -1.027
",0.005810875605261841,"//0
p:-0.544, -0.537, 0.451
p:1.043, 0.042, -0.076
p:1.11, -0.201, -0.275, fr=1.044
p:-0.765, -0.758, 0.77
j:0, 1
j:2, 1, stif=0.973
j:3, 0, stif=0.927
n:j=0, d=""|:p=0.288, r=0.867""
n:p=2, d=Gpart:rz=-0.117
c:0, 1, -1.027
",0.005615447756182531,feasible,21
40,0,25,"//0
p:-0.544, -0.537, 0.451
p:1.043, 0.042, -0.076
p:1.11, -0.201, -0.275, fr=1.044
p:-0.765, -0.758, 0.77
j:0, 1
j:2, 1, stif=0.973
j:3, 0, stif=0.927
n:j=0, d=""|:p=0.288, r=0.867""
n:p=2, d=Gpart
c:0, 1, -1.027
",0.005810875605261841,"//0
p:-0.544, -0.537, 0.451
p:1.043, 0.042, -0.076
p:1.11, -0.201, -0.275, fr=1.044
p:-0.765, -0.758, 0.77, ing=0.281
j:0, 1
j:2, 1, stif=0.973
j:3, 0, stif=0.927
n:j=0, d=""|:p=0.288, r=0.867""
n:p=2, d=Gpart
c:0, 1, -1.027
",0.005810875605261841,feasible,21
40,0,25,"//0
p:-0.544, -0.537, 0.451
p:1.043, 0.042, -0.076
p:1.11, -0.201, -0.275, fr=1.044
p:-0.765, -0.758, 0.77
j:0, 1
j:2, 1, stif=0.973
j:3, 0, stif=0.927
n:j=0, d=""|:p=0.288, r=0.867""
n:p=2, d=Gpart
c:0, 1, -1.027
",0.005810875605261841,"//0
p:-0.544, -0.537, 0.451
p:1.043, 0.042, -0.076
p:1.11, -0.201, -0.275, fr=1.044
p:-0.765, -0.758, 0.77
p:-0.505, -1.465, 0.636
j:0, 1
j:2, 1, stif=0.973
j:3, 0, stif=0.927
j:4, 0
n:j=0, d=""|:p=0.288, r=0.867""
n:p=2, d=Gpart
c:0, 1, -1.027
",1.3004859421498654e-05,feasible,21
40,0,25,"//0
p:-0.544, -0.537, 0.451
p:1.043, 0.042, -0.076
p:1.11, -0.201, -0.275, fr=1.044
p:-0.765, -0.758, 0.77
j:0, 1
j:2, 1, stif=0.973
j:3, 0, stif=0.927
n:j=0, d=""|:p=0.288, r=0.867""
n:p=2, d=Gpart
c:0, 1, -1.027
",0.005810875605261841,"//0
p:-0.544, -0.537, 0.451, ing=0.189
p:1.043, 0.042, -0.076
p:1.11, -0.201, -0.275, fr=1.044
p:-0.765, -0.758, 0.77
j:0, 1
j:2, 1, stif=0.973
j:3, 0, stif=0.927
n:j=0, d=""|:p=0.288, r=0.867""
n:p=2, d=Gpart
c:0, 1, -1.027
",0.005810875605261841,feasible,21
40,0,25,"//0
p:-0.544, -0.537, 0.451
p:1.043, 0.042, -0.076
p:1.11, -0.201, -0.275, fr=1.044
p:-0.765, -0.758, 0.77
j:0, 1
j:2, 1, stif=0.973
j:3, 0, stif=0.927
n:j=0, d=""|:p=0.288, r=0.867""
n:p=2, d=Gpart
c:0, 1, -1.027
",0.005810875605261841,"//0
p:-0.544, -0.537, 0.451
p:1.043, 0.042, -0.076
p:1.11, -0.201, -0.275, fr=1.044
p:-0.765, -0.758, 0.77
p:1.271, -0.22, -0.144
j:0, 1
j:2, 1, stif=0.973
j:3, 0, stif=0.927
j:4, 2
n:j=0, d=""|:p=0.288, r=0.867""
n:p=2, d=Gpart
c:0, 1, -1.027
",4.3679974393772516e-05,feasible,21
40,0,25,"//0
p:-0.544, -0.537, 0.451
p:1.043, 0.042, -0.076
p:1.11, -0.201, -0.275, fr=1.044
p:-0.765, -0.758, 0.77
j:0, 1
j:2, 1, stif=0.973
j:3, 0, stif=0.927
n:j=0, d=""|:p=0.288, r=0.867""
n:p=2, d=Gpart
c:0, 1, -1.027
",0.005810875605261841,"//0
p:-0.544, -0.537, 0.451
p:1.043, 0.042, -0.076
p:1.11, -0.201, -0.275, fr=1.044
p:-0.5808225586040967, -0.7032870214093236, 0.6673517726620165
j:2, 1
j:0, 1, stif=0.973
j:3, 2, stif=0.927
n:j=0, d=""|:p=0.288, r=0.867""
n:p=2, d=Gpart
c:0, 1, -1.027
",2.9885724633106475e-05,feasible,21
40,0,25,"//0
p:-0.544, -0.537, 0.451
p:1.043, 0.042, -0.076
p:1.11, -0.201, -0.275, fr=1.044
p:-0.765, -0.758, 0.77
j:0, 1
j:2, 1, stif=0.973
j:3, 0, stif=0.927
n:j=0, d=""|:p=0.288, r=0.867""
n:p=2, d=Gpart
c:0, 1, -1.027
",0.005810875605261841,"//0
p:-0.544, -0.537, 0.451
p:1.043, 0.042, -0.076, fr=0.124
p:1.11, -0.201, -0.275, fr=1.044
p:-0.765, -0.758, 0.77
j:0, 1
j:2, 1, stif=0.973
j:3, 0, stif=0.927
n:j=0, d=""|:p=0.288, r=0.867""
n:p=2, d=Gpart
c:0, 1, -1.027
",0.0018725561927326034,feasible,21
40,0,25,"//0
p:-0.544, -0.537, 0.451
p:1.043, 0.042, -0.076
p:1.11, -0.201, -0.275, fr=1.044
p:-0.765, -0.758, 0.77
j:0, 1
j:2, 1, stif=0.973
j:3, 0, stif=0.927
n:j=0, d=""|:p=0.288, r=0.867""
n:p=2, d=Gpart
c:0, 1, -1.027
",0.005810875605261841,"//0
p:-0.544, -0.537, 0.451
p:1.043, 0.042, -0.076
p:1.11, -0.201, -0.275, fr=1.044, ing=0.141
p:-0.765, -0.758, 0.77
j:0, 1
j:2, 1, stif=0.973
j:3, 0, stif=0.927
n:j=0, d=""|:p=0.288, r=0.867""
n:p=2, d=Gpart
c:0, 1, -1.027
",0.005810875605261841,feasible,21
40,0,25,"//0
p:-0.544, -0.537, 0.451
p:1.043, 0.042, -0.076
p:1.11, -0.201, -0.275, fr=1.044
p:-0.765, -0.758, 0.77
j:0, 1
j:2, 1, stif=0.973
j:3, 0, stif=0.927
n:j=0, d=""|:p=0.288, r=0.867""
n:p=2, d=Gpart
c:0, 1, -1.027
",0.005810875605261841,"//0
p:-0.544, -0.537, 0.451
p:1.043, 0.042, -0.076
p:1.11, -0.201, -0.275, fr=1.044
p:-0.765, -0.758, 0.77
j:0, 1
j:2, 1, stif=0.973
j:3, 0, stif=0.927
n:j=0, d=""|:p=0.288, r=0.867""
",0.003826274883906896,feasible,21
40,0,25,"//0
p:-0.544, -0.537, 0.451
p:1.043, 0.042, -0.076
p:1.11, -0.201, -0.275, fr=1.044
p:-0.765, -0.758, 0.77
j:0, 1
j:2, 1, stif=0.973
j:3, 0, stif=0.927
n:j=0, d=""|:p=0.288, r=0.867""
n:p=2, d=Gpart
c:0, 1, -1.027
",0.005810875605261841,"//0
p:-0.544, -0.537, 0.451
p:1.043, 0.042, -0.076
p:1.11, -0.201, -0.275, fr=1.044, ing=0.293
p:-0.765, -0.758, 0.77
j:0, 1
j:2, 1, stif=0.973
j:3, 0, stif=0.927
n:j=0, d=""|:p=0.288, r=0.867""
n:p=2, d=Gpart
c:0, 1, -1.027
",0.005810875605261841,feasible,21
40,0,25,"//0
p:-0.544, -0.537, 0.451
p:1.043, 0.042, -0.076
p:1.11, -0.201, -0.275, fr=1.044
p:-0.765, -0.758, 0.77
j:0, 1
j:2, 1, stif=0.973
j:3, 0, stif=0.927
n:j=0, d=""|:p=0.288, r=0.867""
n:p=2, d=Gpart
c:0, 1, -1.027
",0.005810875605261841,"//0
p:-0.544, -0.537, 0.451
p:1.043, 0.042, -0.076
p:1.11, -0.201, -0.275, fr=1.044
p:-0.765, -0.758, 0.77
j:0, 1
j:2, 1, stif=0.973
j:3, 0, stif=0.927
n:j=0, d=""|:p=0.288, r=0.867""
n:p=2, d=Gpart
n:p=2, d=T
c:0, 1, -1.027
",0.005810875605261841,feasible,21
40,0,25,"//0
p:-0.544, -0.537, 0.451
p:1.043, 0.042, -0.076
p:1.11, -0.201, -0.275, fr=1.044
p:-0.765, -0.758, 0.77
j:0, 1
j:2, 1, stif=0.973
j:3, 0, stif=0.927
n:j=0, d=""|:p=0.288, r=0.867""
n:p=2, d=Gpart
c:0, 1, -1.027
",0.005810875605261841,"//0
p:-0.544, -0.537, 0.451
p:1.043, 0.042, -0.076
p:-0.765, -0.758, 0.77
j:0, 1
j:2, 0, stif=0.927
n:j=0, d=""|:p=0.288, r=0.867""
",0.00010167423316451014,feasible,21
40,0,25,"//0
p:-0.544, -0.537, 0.451
p:1.043, 0.042, -0.076
p:1.11, -0.201, -0.275, fr=1.044
p:-0.765, -0.758, 0.77
j:0, 1
j:2, 1, stif=0.973
j:3, 0, stif=0.927
n:j=0, d=""|:p=0.288, r=0.867""
n:p=2, d=Gpart
c:0, 1, -1.027
",0.005810875605261841,"//0
p:-0.544, -0.537, 0.451
p:1.043, 0.042, -0.076
p:1.11, -0.201, -0.275, fr=1.044
p:-0.765, -0.758, 0.77
j:0, 1
j:2, 1, stif=0.943
j:3, 0, stif=0.927
n:j=0, d=""|:p=0.288, r=0.867""
n:p=2, d=Gpart
c:0, 1, -1.027
",0.005407495792624474,feasible,21
40,0,25,"//0
p:-0.544, -0.537, 0.451
p:1.043, 0.042, -0.076
p:1.11, -0.201, -0.275, fr=1.044
p:-0.765, -0.758, 0.77
j:0, 1
j:2, 1, stif=0.973
j:3, 0, stif=0.927
n:j=0, d=""|:p=0.288, r=0.867""
n:p=2, d=Gpart
c:0, 1, -1.027
",0.005810875605261841,"//0
p:-0.544, -0.537, 0.451
p:1.043, 0.042, -0.076
p:1.11, -0.201, -0.275, fr=1.044
p:-0.765, -0.758, 0.77
j:0, 1
j:2, 1, stif=0.973
j:3, 0, stif=0.927
n:j=0, d=""|:p=0.288, r=0.867""
n:p=2, d=Gpart
n:j=2, d=|
c:0, 1, -1.027
c:2, 1, 2.248
",0.0011840564861670935,feasible,21
40,0,25,"//0
p:-0.544, -0.537, 0.451
p:1.043, 0.042, -0.076
p:1.11, -0.201, -0.275, fr=1.044
p:-0.765, -0.758, 0.77
j:0, 1
j:2, 1, stif=0.973
j:3, 0, stif=0.927
n:j=0, d=""|:p=0.288, r=0.867""
n:p=2, d=Gpart
c:0, 1, -1.027
",0.005810875605261841,"//0
p:-0.544, -0.537, 0.451
p:1.043, 0.042, -0.076
p:1.11, -0.201, -0.275, fr=1.044
p:-0.765, -0.758, 0.77
j:0, 1
j:2, 1, stif=0.973
j:3, 0, stif=0.927
n:j=0, d=""|:p=0.288, r=0.867""
n:p=2, d=Gpart:ry=1.98
c:0, 1, -1.027
",7.355020148890481e-05,feasible,21
40,0,25,"//0
p:-0.544, -0.537, 0.451
p:1.043, 0.042, -0.076
p:1.11, -0.201, -0.275, fr=1.044
p:-0.765, -0.758, 0.77
j:0, 1
j:2, 1, stif=0.973
j:3, 0, stif=0.927
n:j=0, d=""|:p=0.288, r=0.867""
n:p=2, d=Gpart
c:0, 1, -1.027
",0.005810875605261841,"//0
p:-0.544, -0.537, 0.451
p:1.043, 0.042, -0.076
p:1.11, -0.201, -0.275, fr=1.044, ing=0.391
p:-0.765, -0.758, 0.77
j:0, 1
j:2, 1, stif=0.973
j:3, 0, stif=0.927
n:j=0, d=""|:p=0.288, r=0.867""
n:p=2, d=Gpart
c:0, 1, -1.027
",0.005810875605261841,feasible,21
40,0,25,"//0
p:-0.544, -0.537, 0.451
p:1.043, 0.042, -0.076
p:1.11, -0.201, -0.275, fr=1.044
p:-0.765, -0.758, 0.77
j:0, 1
j:2, 1, stif=0.973
j:3, 0, stif=0.927
n:j=0, d=""|:p=0.288, r=0.867""
n:p=2, d=Gpart
c:0, 1, -1.027
",0.005810875605261841,"//0
p:-0.544, -0.537, 0.451
p:0.888, -0.844, -0.454
p:1.11, -0.201, -0.275, fr=1.044
p:-0.765, -0.758, 0.77
j:0, 1
j:2, 1, stif=0.973
j:3, 0, stif=0.927
n:j=0, d=""|:p=0.288, r=0.867""
n:p=2, d=Gpart
c:0, 1, -1.027
",0.00036675856841118136,feasible,21
40,0,25,"//0
p:-0.544, -0.537, 0.451
p:1.043, 0.042, -0.076
p:1.11, -0.201, -0.275, fr=1.044
p:-0.765, -0.758, 0.77
j:0, 1
j:2, 1, stif=0.973
j:3, 0, stif=0.927
n:j=0, d=""|:p=0.288, r=0.867""
n:p=2, d=Gpart
c:0, 1, -1.027
",0.005810875605261841,"//0
p:-0.544, -0.537, 0.451
p:1.043, 0.042, -0.076
p:1.11, -0.201, -0.275, fr=1.044
p:-0.765, -0.758, 0.77
j:0, 1, stif=0.828
j:2, 1, stif=0.973
j:3, 0, stif=0.927
n:j=0, d=""|:p=0.288, r=0.867""
n:p=2, d=Gpart
c:0, 1, -1.027
",0.005732038847277576,feasible,21
40,0,25,"//0
p:-0.544, -0.537, 0.451
p:1.043, 0.042, -0.076
p:1.11, -0.201, -0.275, fr=1.044
p:-0.765, -0.758, 0.77
j:0, 1
j:2, 1, stif=0.973
j:3, 0, stif=0.927
n:j=0, d=""|:p=0.288, r=0.867""
n:p=2, d=Gpart
c:0, 1, -1.027
",0.005810875605261841,"//0
p:-0.544, -0.537, 0.451
p:1.043, 0.042, -0.076
p:1.11, -0.201, -0.275, fr=1.044, ing=0.249
p:-0.765, -0.758, 0.77
j:0, 1
j:2, 1, stif=0.973
j:3, 0, stif=0.927
n:j=0, d=""|:p=0.288, r=0.867""
n:p=2, d=Gpart
c:0, 1, -1.027
",0.005810875605261841,feasible,21
40,0,25,"//0
p:-0.544, -0.537, 0.451
p:1.043, 0.042, -0.076
p:1.11, -0.201, -0.275, fr=1.044
p:-0.765, -0.758, 0.77
j:0, 1
j:2, 1, stif=0.973
j:3, 0, stif=0.927
n:j=0, d=""|:p=0.288, r=0.867""
n:p=2, d=Gpart
c:0, 1, -1.027
",0.005810875605261841,"//0
p:-0.544, -0.537, 0.451
p:1.043, 0.042, -0.076
p:1.11, -0.201, -0.275, fr=1.044
p:-0.765, -0.758, 0.77, fr=0.753
j:0, 1
j:2, 1, stif=0.973
j:3, 0, stif=0.927
n:j=0, d=""|:p=0.288, r=0.867""
n:p=2, d=Gpart
c:0, 1, -1.027
",0.005810875605261841,feasible,21
40,0,26,"//0
p:-0.544, -0.537, 0.451
p:1.043, 0.042, -0.076
p:1.11, -0.201, -0.275, fr=1.044
p:-0.765, -0.758, 0.77
j:0, 1
j:2, 1, stif=0.917
j:3, 0, stif=0.927
n:j=0, d=""|:p=0.288, r=0.867""
n:p=2, d=Gpart
c:0, 1, -1.027
",0.005857157187200608,"//0
p:-0.544, -0.537, 0.451
p:0.9163140486851374, -0.014055730670293087, -0.016721064816164977
p:1.11, -0.201, -0.275, fr=1.044
p:-0.765, -0.758, 0.77
j:3, 1
j:2, 1, stif=0.917
j:0, 3, stif=0.927
n:j=0, d=""|:p=0.288, r=0.867""
n:p=2, d=Gpart
c:0, 1, -1.027
",8.729860694004806e-05,feasible,20
40,0,26,"//0
p:-0.544, -0.537, 0.451
p:1.043, 0.042, -0.076
p:1.11, -0.201, -0.275, fr=1.044
p:-0.765, -0.758, 0.77
j:0, 1
j:2, 1, stif=0.917
j:3, 0, stif=0.927
n:j=0, d=""|:p=0.288, r=0.867""
n:p=2, d=Gpart
c:0, 1, -1.027
",0.005857157187200608,"//0
p:-0.544, -0.537, 0.451
p:1.043, 0.042, -0.076
p:1.11, -0.201, -0.275, fr=1.044
p:-0.765, -0.758, 0.77
j:0, 1
j:2, 1, stif=0.917
j:3, 0, stif=0.927
n:j=0, d=""|:p=0.288, r=0.867""
n:p=2, d=Gpart
c:0, 1, -2.404
",0.000843330408260466,feasible,20
40,0,26,"//0
p:-0.544, -0.537, 0.451
p:1.043, 0.042, -0.076
p:1.11, -0.201, -0.275, fr=1.044
p:-0.765, -0.758, 0.77
j:0, 1
j:2, 1, stif=0.917
j:3, 0, stif=0.927
n:j=0, d=""|:p=0.288, r=0.867""
n:p=2, d=Gpart
c:0, 1, -1.027
",0.005857157187200608,"//0
p:-0.544, -0.537, 0.451
p:1.043, 0.042, -0.076
p:1.11, -0.201, -0.275, fr=1.044
p:-0.765, -0.758, 0.77
j:0, 1
j:2, 1, stif=0.917
j:3, 0, stif=0.927
n:j=0, d=""|:p=0.166, r=0.867""
n:p=2, d=Gpart
c:0, 1, -1.027
",0.0031326898604305937,feasible,20
40,0,26,"//0
p:-0.544, -0.537, 0.451
p:1.043, 0.042, -0.076
p:1.11, -0.201, -0.275, fr=1.044
p:-0.765, -0.758, 0.77
j:0, 1
j:2, 1, stif=0.917
j:3, 0, stif=0.927
n:j=0, d=""|:p=0.288, r=0.867""
n:p=2, d=Gpart
c:0, 1, -1.027
",0.005857157187200608,"//0
p:-0.544, -0.537, 0.451
p:1.043, 0.042, -0.076
p:1.11, -0.201, -0.275, fr=1.044
p:-0.765, -0.758, 0.77
j:0, 1
j:2, 1, stif=0.917
j:3, 0, stif=0.927, rotstif=0.902
n:j=0, d=""|:p=0.288, r=0.867""
n:p=2, d=Gpart
c:0, 1, -1.027
",0.005857157187200608,feasible,20
40,0,26,"//0
p:-0.544, -0.537, 0.451
p:1.043, 0.042, -0.076
p:1.11, -0.201, -0.275, fr=1.044
p:-0.765, -0.758, 0.77
j:0, 1
j:2, 1, stif=0.917
j:3, 0, stif=0.927
n:j=0, d=""|:p=0.288, r=0.867""
n:p=2, d=Gpart
c:0, 1, -1.027
",0.005857157187200608,"//0
p:-0.544, -0.537, 0.451
p:1.043, 0.042, -0.076
p:1.11, -0.201, -0.275, fr=1.044
p:-0.765, -0.758, 0.77
j:0, 1
j:2, 1, stif=0.917
j:3, 0, stif=0.927
n:j=0, d=""|:p=0.288, r=0.867""
n:p=2, d=Gpart
c:0, 1, -1.403
",0.004170177305071843,feasible,20
40,0,26,"//0
p:-0.544, -0.537, 0.451
p:1.043, 0.042, -0.076
p:1.11, -0.201, -0.275, fr=1.044
p:-0.765, -0.758, 0.77
j:0, 1
j:2, 1, stif=0.917
j:3, 0, stif=0.927
n:j=0, d=""|:p=0.288, r=0.867""
n:p=2, d=Gpart
c:0, 1, -1.027
",0.005857157187200608,"//0
p:-0.544, -0.537, 0.451
p:1.043, 0.042, -0.076
p:1.11, -0.201, -0.275, fr=1.044
p:-0.765, -0.758, 0.77
j:0, 1
j:2, 1, stif=0.917
j:3, 0, stif=0.927
n:j=0, d=""|:p=0.386, r=0.867""
n:p=2, d=Gpart
c:0, 1, -1.027
",0.0007066363841892703,feasible,20
40,0,26,"//0
p:-0.544, -0.537, 0.451
p:1.043, 0.042, -0.076
p:1.11, -0.201, -0.275, fr=1.044
p:-0.765, -0.758, 0.77
j:0, 1
j:2, 1, stif=0.917
j:3, 0, stif=0.927
n:j=0, d=""|:p=0.288, r=0.867""
n:p=2, d=Gpart
c:0, 1, -1.027
",0.005857157187200608,"//0
p:-0.722, -0.572, 0.486
p:1.043, 0.042, -0.076
p:1.11, -0.201, -0.275, fr=1.044
p:-0.765, -0.758, 0.77
j:0, 1
j:2, 1, stif=0.917
j:3, 0, stif=0.927
n:j=0, d=""|:p=0.288, r=0.867""
n:p=2, d=Gpart
c:0, 1, -1.027
",0.00259513787638945,feasible,20
40,0,26,"//0
p:-0.544, -0.537, 0.451
p:1.043, 0.042, -0.076
p:1.11, -0.201, -0.275, fr=1.044
p:-0.765, -0.758, 0.77
j:0, 1
j:2, 1, stif=0.917
j:3, 0, stif=0.927
n:j=0, d=""|:p=0.288, r=0.867""
n:p=2, d=Gpart
c:0, 1, -1.027
",0.005857157187200608,"//0
p:-0.544, -0.537, 0.451
p:1.043, 0.042, -0.076
p:1.11, -0.201, -0.275, fr=1.044
p:-0.765, -0.758, 0.77
p:0.982, -1.121, 0.608
j:0, 1
j:2, 1, stif=0.917
j:3, 0, stif=0.927
j:4, 3
n:j=0, d=""|:p=0.288, r=0.867""
n:p=2, d=Gpart
c:0, 1, -1.027
",2.710204303596553e-06,feasible,20
40,0,26,"//0
p:-0.544, -0.537, 0.451
p:1.043, 0.042, -0.076
p:1.11, -0.201, -0.275, fr=1.044
p:-0.765, -0.758, 0.77
j:0, 1
j:2, 1, stif=0.917
j:3, 0, stif=0.927
n:j=0, d=""|:p=0.288, r=0.867""
n:p=2, d=Gpart
c:0, 1, -1.027
",0.005857157187200608,"//0
p:-0.544, -0.537, 0.451
p:1.043, 0.042, -0.076
p:1.11, -0.201, -0.275, fr=1.044
p:-0.765, -0.758, 0.77
j:0, 1
j:2, 1, stif=0.917
j:3, 0, stif=0.921
n:j=0, d=""|:p=0.288, r=0.867""
n:p=2, d=Gpart
c:0, 1, -1.027
",0.005741876134595982,feasible,20
40,0,26,"//0
p:-0.544, -0.537, 0.451
p:1.043, 0.042, -0.076
p:1.11, -0.201, -0.275, fr=1.044
p:-0.765, -0.758, 0.77
j:0, 1
j:2, 1, stif=0.917
j:3, 0, stif=0.927
n:j=0, d=""|:p=0.288, r=0.867""
n:p=2, d=Gpart
c:0, 1, -1.027
",0.005857157187200608,"//0
p:-0.544, -0.537, 0.451
p:1.043, 0.042, -0.076
p:1.11, -0.201, -0.275, fr=1.044
p:-0.765, -0.758, 0.77
j:0, 1
j:2, 1, stif=0.917
j:3, 0, stif=0.927
n:j=0, d=""|:p=0.288, r=0.867""
n:p=2, d=Gpart
c:0, 1, -1.278
",0.005598896535968431,feasible,20
40,0,26,"//0
p:-0.544, -0.537, 0.451
p:1.043, 0.042, -0.076
p:1.11, -0.201, -0.275, fr=1.044
p:-0.765, -0.758, 0.77
j:0, 1
j:2, 1, stif=0.917
j:3, 0, stif=0.927
n:j=0, d=""|:p=0.288, r=0.867""
n:p=2, d=Gpart
c:0, 1, -1.027
",0.005857157187200608,"//0
p:-0.544, -0.537, 0.451
p:1.043, 0.042, -0.076
p:1.11, -0.201, -0.275, fr=1.044
p:-0.765, -0.758, 0.77
j:0, 1
j:2, 1, stif=0.917
j:3, 0, stif=0.927
n:j=0, d=""|:p=0.288, r=0.867""
n:p=2, d=Gpart
c:0, 1, -1.269
",0.005788921925737404,feasible,20
40,0,26,"//0
p:-0.544, -0.537, 0.451
p:1.043, 0.042, -0.076
p:1.11, -0.201, -0.275, fr=1.044
p:-0.765, -0.758, 0.77
j:0, 1
j:2, 1, stif=0.917
j:3, 0, stif=0.927
n:j=0, d=""|:p=0.288, r=0.867""
n:p=2, d=Gpart
c:0, 1, -1.027
",0.005857157187200608,"//0
p:-0.544, -0.537, 0.451
p:1.043, 0.042, -0.076
p:1.11, -0.201, -0.275, fr=1.63
p:-0.765, -0.758, 0.77
j:0, 1
j:2, 1, stif=0.917
j:3, 0, stif=0.927
n:j=0, d=""|:p=0.288, r=0.867""
n:p=2, d=Gpart
c:0, 1, -1.027
",0.005812779551829532,feasible,20
40,0,26,"//0
p:-0.544, -0.537, 0.451
p:1.043, 0.042, -0.076
p:1.11, -0.201, -0.275, fr=1.044
p:-0.765, -0.758, 0.77
j:0, 1
j:2, 1, stif=0.917
j:3, 0, stif=0.927
n:j=0, d=""|:p=0.288, r=0.867""
n:p=2, d=Gpart
c:0, 1, -1.027
",0.005857157187200608,"//0
p:-0.544, -0.537, 0.451
p:1.043, 0.042, -0.076
p:1.11, -0.201, -0.275, fr=1.044
p:-0.765, -0.758, 0.77
j:0, 1
j:2, 1, stif=0.917
j:3, 0, stif=0.927
n:j=0, d=""|:p=0.288, r=0.867""
n:p=2, d=Gpart
",2.2602839862258502e-07,feasible,20
40,0,26,"//0
p:-0.544, -0.537, 0.451
p:1.043, 0.042, -0.076
p:1.11, -0.201, -0.275, fr=1.044
p:-0.765, -0.758, 0.77
j:0, 1
j:2, 1, stif=0.917
j:3, 0, stif=0.927
n:j=0, d=""|:p=0.288, r=0.867""
n:p=2, d=Gpart
c:0, 1, -1.027
",0.005857157187200608,"//0
p:-0.544, -0.537, 0.451
p:1.043, 0.042, -0.076
p:1.11, -0.201, -0.275, fr=1.044
p:-0.765, -0.758, 0.77
j:0, 1, stif=0.993
j:2, 1, stif=0.917
j:3, 0, stif=0.927
n:j=0, d=""|:p=0.288, r=0.867""
n:p=2, d=Gpart
c:0, 1, -1.027
",0.005810969214464505,feasible,20
40,0,26,"//0
p:-0.544, -0.537, 0.451
p:1.043, 0.042, -0.076
p:1.11, -0.201, -0.275, fr=1.044
p:-0.765, -0.758, 0.77
j:0, 1
j:2, 1, stif=0.917
j:3, 0, stif=0.927
n:j=0, d=""|:p=0.288, r=0.867""
n:p=2, d=Gpart
c:0, 1, -1.027
",0.005857157187200608,"//0
p:-0.544, -0.537, 0.451
p:1.043, 0.042, -0.076
p:1.11, -0.201, -0.275, fr=1.044
p:-0.765, -0.758, 0.77
j:0, 1
j:2, 1, stif=0.917
j:3, 0, stif=0.927
n:p=2, d=Gpart
",2.1906827751748656e-07,feasible,20
40,0,26,"//0
p:-0.544, -0.537, 0.451
p:1.043, 0.042, -0.076
p:1.11, -0.201, -0.275, fr=1.044
p:-0.765, -0.758, 0.77
j:0, 1
j:2, 1, stif=0.917
j:3, 0, stif=0.927
n:j=0, d=""|:p=0.288, r=0.867""
n:p=2, d=Gpart
c:0, 1, -1.027
",0.005857157187200608,"//0
p:-0.544, -0.537, 0.451
p:1.043, 0.042, -0.076
p:1.538, 0.549, 0.075, fr=1.044
p:-0.765, -0.758, 0.77
j:0, 1
j:2, 1, stif=0.917
j:3, 0, stif=0.927
n:j=0, d=""|:p=0.288, r=0.867""
n:p=2, d=Gpart
c:0, 1, -1.027
",7.971482540185668e-05,feasible,20
40,0,26,"//0
p:-0.544, -0.537, 0.451
p:1.043, 0.042, -0.076
p:1.11, -0.201, -0.275, fr=1.044
p:-0.765, -0.758, 0.77
j:0, 1
j:2, 1, stif=0.917
j:3, 0, stif=0.927
n:j=0, d=""|:p=0.288, r=0.867""
n:p=2, d=Gpart
c:0, 1, -1.027
",0.005857157187200608,"//0
p:-0.544, -0.537, 0.451
p:1.043, 0.042, -0.076
p:1.11, -0.201, -0.275, fr=1.044
p:-0.765, -0.758, 0.77
j:0, 1
j:2, 1, stif=0.917
j:3, 0, stif=0.927
n:j=0, d=""|:p=0.288, r=0.851""
n:p=2, d=Gpart
c:0, 1, -1.027
",0.005775443925795888,feasible,20
40,0,26,"//0
p:-0.544, -0.537, 0.451
p:1.043, 0.042, -0.076
p:1.11, -0.201, -0.275, fr=1.044
p:-0.765, -0.758, 0.77
j:0, 1
j:2, 1, stif=0.917
j:3, 0, stif=0.927
n:j=0, d=""|:p=0.288, r=0.867""
n:p=2, d=Gpart
c:0, 1, -1.027
",0.005857157187200608,"//0
p:-0.544, -0.537, 0.451
p:1.043, 0.042, -0.076
p:1.11, -0.201, -0.275, fr=1.044
p:-0.765, -0.758, 0.77
j:0, 1
j:2, 1, stif=0.917
j:3, 0, stif=0.969
n:j=0, d=""|:p=0.288, r=0.867""
n:p=2, d=Gpart
c:0, 1, -1.027
",0.005812774604677955,feasible,20
40,0,26,"//0
p:-0.544, -0.537, 0.451
p:1.043, 0.042, -0.076
p:1.11, -0.201, -0.275, fr=1.044
p:-0.765, -0.758, 0.77
j:0, 1
j:2, 1, stif=0.917
j:3, 0, stif=0.927
n:j=0, d=""|:p=0.288, r=0.867""
n:p=2, d=Gpart
c:0, 1, -1.027
",0.005857157187200608,"//0
p:-0.544, -0.537, 0.451
p:1.043, 0.042, -0.076
p:1.11, -0.201, -0.275, fr=1.044
p:-0.765, -0.758, 0.77
j:0, 1
j:2, 1, stif=0.917
j:3, 0, stif=0.927
n:j=0, d=""|:p=0.288, r=0.867""
n:p=2, d=Gpart
n:
c:0, 1, -1.027
c:2, 2, -1.287
",0.005857157187200608,feasible,20
40,0,26,"//0
p:-0.544, -0.537, 0.451
p:1.043, 0.042, -0.076
p:1.11, -0.201, -0.275, fr=1.044
p:-0.765, -0.758, 0.77
j:0, 1
j:2, 1, stif=0.917
j:3, 0, stif=0.927
n:j=0, d=""|:p=0.288, r=0.867""
n:p=2, d=Gpart
c:0, 1, -1.027
",0.005857157187200608,"//0
p:-0.544, -0.537, 0.451
p:1.043, 0.042, -0.076
p:1.11, -0.201, -0.275, fr=1.044
p:-0.765, -0.758, 0.77
j:0, 1
j:2, 1, stif=0.917
j:3, 0, stif=0.927
n:j=0, d=""|:p=0.288, r=0.867""
n:p=2, d=Gpart:rz=0.826
c:0, 1, -1.027
",0.0004931954171831805,feasible,20
40,0,27,"//0
p:-0.544, -0.537, 0.451
p:1.043, 0.042, -0.076
p:1.11, -0.201, -0.275, fr=1.044
p:-0.765, -0.758, 0.77
j:0, 1
j:2, 1, stif=0.928
j:3, 0, stif=0.927
n:j=0, d=""|:p=0.288, r=0.867""
n:p=2, d=Gpart
c:0, 1, -1.027
",0.00589138528479269,"//0
p:-0.544, -0.537, 0.451
p:1.043, 0.042, -0.076
p:1.11, -0.201, -0.275, fr=1.044
p:-0.5808225586040967, -0.7032870214093236, 0.6673517726620165
j:2, 1
j:0, 1, stif=0.928
j:3, 2, stif=0.927
n:j=0, d=""|:p=0.288, r=0.867""
n:p=2, d=Gpart
c:0, 1, -1.027
",2.9427849650477157e-05,feasible,22
40,0,27,"//0
p:-0.544, -0.537, 0.451
p:1.043, 0.042, -0.076
p:1.11, -0.201, -0.275, fr=1.044
p:-0.765, -0.758, 0.77
j:0, 1
j:2, 1, stif=0.928
j:3, 0, stif=0.927
n:j=0, d=""|:p=0.288, r=0.867""
n:p=2, d=Gpart
c:0, 1, -1.027
",0.00589138528479269,"//0
p:-0.544, -0.537, 0.451
p:1.043, 0.042, -0.076
p:1.11, -0.201, -0.275, fr=1.044
p:-0.765, -0.758, 0.77
j:0, 1
j:2, 1, stif=0.928
j:3, 0, stif=0.927, rotstif=0.924
n:j=0, d=""|:p=0.288, r=0.867""
n:p=2, d=Gpart
c:0, 1, -1.027
",0.00589138528479269,feasible,22
40,0,27,"//0
p:-0.544, -0.537, 0.451
p:1.043, 0.042, -0.076
p:1.11, -0.201, -0.275, fr=1.044
p:-0.765, -0.758, 0.77
j:0, 1
j:2, 1, stif=0.928
j:3, 0, stif=0.927
n:j=0, d=""|:p=0.288, r=0.867""
n:p=2, d=Gpart
c:0, 1, -1.027
",0.00589138528479269,"//0
p:-0.544, -0.537, 0.451
p:1.043, 0.042, -0.076
p:-0.765, -0.758, 0.77
j:0, 1
j:2, 0, stif=0.927
n:j=0, d=""|:p=0.288, r=0.867""
",0.00010167423316451014,feasible,22
40,0,27,"//0
p:-0.544, -0.537, 0.451
p:1.043, 0.042, -0.076
p:1.11, -0.201, -0.275, fr=1.044
p:-0.765, -0.758, 0.77
j:0, 1
j:2, 1, stif=0.928
j:3, 0, stif=0.927
n:j=0, d=""|:p=0.288, r=0.867""
n:p=2, d=Gpart
c:0, 1, -1.027
",0.00589138528479269,"//0
p:-0.544, -0.537, 0.451
p:1.043, 0.042, -0.076
p:1.11, -0.201, -0.275, fr=1.044
p:-0.765, -0.758, 0.77
j:0, 1
j:2, 1, stif=0.928
j:3, 0, stif=0.927
n:j=0, d=""|:p=0.504, r=0.867""
n:p=2, d=Gpart
c:0, 1, -1.027
",0.00011690283250592084,feasible,22
40,0,27,"//0
p:-0.544, -0.537, 0.451
p:1.043, 0.042, -0.076
p:1.11, -0.201, -0.275, fr=1.044
p:-0.765, -0.758, 0.77
j:0, 1
j:2, 1, stif=0.928
j:3, 0, stif=0.927
n:j=0, d=""|:p=0.288, r=0.867""
n:p=2, d=Gpart
c:0, 1, -1.027
",0.00589138528479269,"//0
p:-0.544, -0.537, 0.451
p:1.043, 0.042, -0.076
p:1.11, -0.201, -0.275, fr=0.996
p:-0.765, -0.758, 0.77
j:0, 1
j:2, 1, stif=0.928
j:3, 0, stif=0.927
n:j=0, d=""|:p=0.288, r=0.867""
n:p=2, d=Gpart
c:0, 1, -1.027
",0.005750364320657216,feasible,22
40,0,27,"//0
p:-0.544, -0.537, 0.451
p:1.043, 0.042, -0.076
p:1.11, -0.201, -0.275, fr=1.044
p:-0.765, -0.758, 0.77
j:0, 1
j:2, 1, stif=0.928
j:3, 0, stif=0.927
n:j=0, d=""|:p=0.288, r=0.867""
n:p=2, d=Gpart
c:0, 1, -1.027
",0.00589138528479269,"//0
p:-0.544, -0.537, 0.451
p:1.043, 0.042, -0.076
p:1.11, -0.201, -0.275, fr=1.044
p:-0.765, -0.758, 0.77
j:0, 2
j:1, 2, stif=0.928
j:3, 0, stif=0.927
n:j=0, d=""|:p=0.288, r=0.867""
n:p=2, d=Gpart
c:0, 1, -1.027
",0.0003632688866952539,feasible,22
40,0,27,"//0
p:-0.544, -0.537, 0.451
p:1.043, 0.042, -0.076
p:1.11, -0.201, -0.275, fr=1.044
p:-0.765, -0.758, 0.77
j:0, 1
j:2, 1, stif=0.928
j:3, 0, stif=0.927
n:j=0, d=""|:p=0.288, r=0.867""
n:p=2, d=Gpart
c:0, 1, -1.027
",0.00589138528479269,"//0
p:-0.544, -0.537, 0.451
p:1.043, 0.042, -0.076
p:1.11, -0.201, -0.275, fr=1.044
p:-0.765, -0.758, 0.77
j:0, 1
j:2, 1, stif=0.893
j:3, 0, stif=0.927
n:j=0, d=""|:p=0.288, r=0.867""
n:p=2, d=Gpart
c:0, 1, -1.027
",0.005691299108464734,feasible,22
40,0,27,"//0
p:-0.544, -0.537, 0.451
p:1.043, 0.042, -0.076
p:1.11, -0.201, -0.275, fr=1.044
p:-0.765, -0.758, 0.77
j:0, 1
j:2, 1, stif=0.928
j:3, 0, stif=0.927
n:j=0, d=""|:p=0.288, r=0.867""
n:p=2, d=Gpart
c:0, 1, -1.027
",0.00589138528479269,"//0
p:-0.544, -0.537, 0.451
p:1.043, 0.042, -0.076
p:1.11, -0.201, -0.275, fr=1.044
p:-0.765, -0.758, 0.77
j:0, 1, stif=0.928
j:2, 1, stif=0.928
j:3, 0, stif=0.927
n:j=0, d=""|:p=0.288, r=0.867""
n:p=2, d=Gpart
c:0, 1, -1.027
",0.005509691274195942,feasible,22
40,0,27,"//0
p:-0.544, -0.537, 0.451
p:1.043, 0.042, -0.076
p:1.11, -0.201, -0.275, fr=1.044
p:-0.765, -0.758, 0.77
j:0, 1
j:2, 1, stif=0.928
j:3, 0, stif=0.927
n:j=0, d=""|:p=0.288, r=0.867""
n:p=2, d=Gpart
c:0, 1, -1.027
",0.00589138528479269,"//0
p:-0.544, -0.537, 0.451
p:1.043, 0.042, -0.076
p:1.11, -0.201, -0.275, fr=1.044
p:-0.765, -0.758, 0.77
j:0, 1
j:2, 1, stif=0.928
j:3, 0, stif=0.927
n:j=0, d=""|:p=0.288, r=0.867""
n:p=2, d=Gpart
n:p=2, d=S
c:0, 1, -1.027
",0.00589138528479269,feasible,22
40,0,27,"//0
p:-0.544, -0.537, 0.451
p:1.043, 0.042, -0.076
p:1.11, -0.201, -0.275, fr=1.044
p:-0.765, -0.758, 0.77
j:0, 1
j:2, 1, stif=0.928
j:3, 0, stif=0.927
n:j=0, d=""|:p=0.288, r=0.867""
n:p=2, d=Gpart
c:0, 1, -1.027
",0.00589138528479269,"//0
p:-0.544, -0.537, 0.451
p:1.043, 0.042, -0.076, ing=0.378
p:1.11, -0.201, -0.275, fr=1.044
p:-0.765, -0.758, 0.77
j:0, 1
j:2, 1, stif=0.928
j:3, 0, stif=0.927
n:j=0, d=""|:p=0.288, r=0.867""
n:p=2, d=Gpart
c:0, 1, -1.027
",0.00589138528479269,feasible,22
40,0,27,"//0
p:-0.544, -0.537, 0.451
p:1.043, 0.042, -0.076
p:1.11, -0.201, -0.275, fr=1.044
p:-0.765, -0.758, 0.77
j:0, 1
j:2, 1, stif=0.928
j:3, 0, stif=0.927
n:j=0, d=""|:p=0.288, r=0.867""
n:p=2, d=Gpart
c:0, 1, -1.027
",0.00589138528479269,"//0
p:-0.544, -0.537, 0.451
p:1.043, 0.042, -0.076
p:1.11, -0.201, -0.275, fr=1.044
p:-0.6383140486851375, -0.7019442693297069, 0.710721064816165
j:0, 1
j:3, 1, stif=0.928
j:2, 0, stif=0.927
n:j=0, d=""|:p=0.288, r=0.867""
n:p=2, d=Gpart
c:0, 1, -1.027
",3.5958684022430484e-05,feasible,22
40,0,27,"//0
p:-0.544, -0.537, 0.451
p:1.043, 0.042, -0.076
p:1.11, -0.201, -0.275, fr=1.044
p:-0.765, -0.758, 0.77
j:0, 1
j:2, 1, stif=0.928
j:3, 0, stif=0.927
n:j=0, d=""|:p=0.288, r=0.867""
n:p=2, d=Gpart
c:0, 1, -1.027
",0.00589138528479269,"//0
p:-0.544, -0.537, 0.451
p:1.043, 0.042, -0.076
p:1.11, -0.201, -0.275, fr=1.044
j:0, 1
j:2, 1, stif=0.928
n:j=0, d=""|:p=0.288, r=0.867""
n:p=2, d=Gpart
c:0, 1, -1.027
",2.9030527874128637e-05,feasible,22
40,0,27,"//0
p:-0.544, -0.537, 0.451
p:1.043, 0.042, -0.076
p:1.11, -0.201, -0.275, fr=1.044
p:-0.765, -0.758, 0.77
j:0, 1
j:2, 1, stif=0.928
j:3, 0, stif=0.927
n:j=0, d=""|:p=0.288, r=0.867""
n:p=2, d=Gpart
c:0, 1, -1.027
",0.00589138528479269,"//0
p:-0.544, -0.537, 0.451
p:1.043, 0.042, -0.076
p:1.11, -0.201, -0.275, fr=1.044
p:-0.765, -0.758, 0.77
p:0.671, -1.291, -0.369
j:0, 1
j:2, 1, stif=0.928
j:3, 0, stif=0.927
j:4, 0
n:j=0, d=""|:p=0.288, r=0.867""
n:p=2, d=Gpart
c:0, 1, -1.027
",7.054490254372607e-05,feasible,22
40,0,27,"//0
p:-0.544, -0.537, 0.451
p:1.043, 0.042, -0.076
p:1.11, -0.201, -0.275, fr=1.044
p:-0.765, -0.758, 0.77
j:0, 1
j:2, 1, stif=0.928
j:3, 0, stif=0.927
n:j=0, d=""|:p=0.288, r=0.867""
n:p=2, d=Gpart
c:0, 1, -1.027
",0.00589138528479269,"//0
p:-0.544, -0.537, 0.451
p:1.043, 0.042, -0.076
p:1.11, -0.201, -0.275, fr=1.044
p:-0.765, -0.758, 0.77
j:0, 1
j:2, 1, stif=0.928
j:3, 0, stif=0.768
n:j=0, d=""|:p=0.288, r=0.867""
n:p=2, d=Gpart
c:0, 1, -1.027
",0.004113393470906151,feasible,22
40,0,27,"//0
p:-0.544, -0.537, 0.451
p:1.043, 0.042, -0.076
p:1.11, -0.201, -0.275, fr=1.044
p:-0.765, -0.758, 0.77
j:0, 1
j:2, 1, stif=0.928
j:3, 0, stif=0.927
n:j=0, d=""|:p=0.288, r=0.867""
n:p=2, d=Gpart
c:0, 1, -1.027
",0.00589138528479269,"//0
p:-0.544, -0.537, 0.451
p:1.043, 0.042, -0.076
p:1.11, -0.201, -0.275, fr=1.044
p:-0.73, -0.704, 0.309
j:0, 1
j:2, 1, stif=0.928
j:3, 0, stif=0.927
n:j=0, d=""|:p=0.288, r=0.867""
n:p=2, d=Gpart
c:0, 1, -1.027
",0.0008450354131023781,feasible,22
40,0,27,"//0
p:-0.544, -0.537, 0.451
p:1.043, 0.042, -0.076
p:1.11, -0.201, -0.275, fr=1.044
p:-0.765, -0.758, 0.77
j:0, 1
j:2, 1, stif=0.928
j:3, 0, stif=0.927
n:j=0, d=""|:p=0.288, r=0.867""
n:p=2, d=Gpart
c:0, 1, -1.027
",0.00589138528479269,"//0
p:-0.544, -0.537, 0.451
p:1.043, 0.042, -0.076
p:1.11, -0.201, -0.275, fr=1.044
p:-0.765, -0.758, 0.77
j:0, 1
j:2, 1, stif=0.928
j:3, 0, stif=0.927
n:j=0, d=""|:p=0.288, r=0.867""
n:p=2, d=Gpart
",0.0035010187901130443,feasible,22
40,0,27,"//0
p:-0.544, -0.537, 0.451
p:1.043, 0.042, -0.076
p:1.11, -0.201, -0.275, fr=1.044
p:-0.765, -0.758, 0.77
j:0, 1
j:2, 1, stif=0.928
j:3, 0, stif=0.927
n:j=0, d=""|:p=0.288, r=0.867""
n:p=2, d=Gpart
c:0, 1, -1.027
",0.00589138528479269,"//0
p:-0.544, -0.537, 0.451
p:1.043, 0.042, -0.076
p:1.11, -0.201, -0.275, fr=1.044
p:-0.765, -0.758, 0.77
j:0, 1
j:2, 1, stif=0.928, rotstif=0.953
j:3, 0, stif=0.927
n:j=0, d=""|:p=0.288, r=0.867""
n:p=2, d=Gpart
c:0, 1, -1.027
",0.00589138528479269,feasible,22
40,0,27,"//0
p:-0.544, -0.537, 0.451
p:1.043, 0.042, -0.076
p:1.11, -0.201, -0.275, fr=1.044
p:-0.765, -0.758, 0.77
j:0, 1
j:2, 1, stif=0.928
j:3, 0, stif=0.927
n:j=0, d=""|:p=0.288, r=0.867""
n:p=2, d=Gpart
c:0, 1, -1.027
",0.00589138528479269,"//0
p:-0.544, -0.537, 0.451
p:1.043, 0.042, -0.076
p:1.11, -0.201, -0.275, fr=1.044
p:-0.765, -0.758, 0.77
j:0, 1, rotstif=0.785
j:2, 1, stif=0.928
j:3, 0, stif=0.927
n:j=0, d=""|:p=0.288, r=0.867""
n:p=2, d=Gpart
c:0, 1, -1.027
",0.00589138528479269,feasible,22
40,0,27,"//0
p:-0.544, -0.537, 0.451
p:1.043, 0.042, -0.076
p:1.11, -0.201, -0.275, fr=1.044
p:-0.765, -0.758, 0.77
j:0, 1
j:2, 1, stif=0.928
j:3, 0, stif=0.927
n:j=0, d=""|:p=0.288, r=0.867""
n:p=2, d=Gpart
c:0, 1, -1.027
",0.00589138528479269,"//0
p:-0.544, -0.537, 0.451
p:1.043, 0.042, -0.076
p:1.11, -0.201, -0.275, fr=1.044
p:-0.765, -0.758, 0.77
j:0, 1
j:2, 1, stif=0.928
j:3, 0, stif=0.927
n:j=0, d=""|:p=0.288, r=0.867""
n:p=2, d=Gpart
c:0, 1, -4.498
",0.00016242410584903322,feasible,22
40,0,27,"//0
p:-0.544, -0.537, 0.451
p:1.043, 0.042, -0.076
p:1.11, -0.201, -0.275, fr=1.044
p:-0.765, -0.758, 0.77
j:0, 1
j:2, 1, stif=0.928
j:3, 0, stif=0.927
n:j=0, d=""|:p=0.288, r=0.867""
n:p=2, d=Gpart
c:0, 1, -1.027
",0.00589138528479269,"//0
p:-0.544, -0.537, 0.451
p:1.043, 0.042, -0.076
p:1.11, -0.201, -0.275, fr=1.044
p:-0.765, -0.758, 0.77, ing=0.264
j:0, 1
j:2, 1, stif=0.928
j:3, 0, stif=0.927
n:j=0, d=""|:p=0.288, r=0.867""
n:p=2, d=Gpart
c:0, 1, -1.027
",0.00589138528479269,feasible,22
40,0,28,"//0
p:-0.544, -0.537, 0.451
p:1.043, 0.042, -0.076
p:1.11, -0.201, -0.275, fr=1.044
p:-1.172, -0.761, 0.611
j:0, 1
j:2, 1, stif=0.928
j:3, 0, stif=0.927
n:j=0, d=""|:p=0.288, r=0.867""
n:p=2, d=Gpart
c:0, 1, -1.027
",0.006330221641104135,"//0
p:-0.544, -0.537, 0.451
p:1.043, 0.042, -0.076
p:1.11, -0.201, -0.275, fr=1.044
p:-1.172, -0.761, 0.611, fr=0.185
j:0, 1
j:2, 1, stif=0.928
j:3, 0, stif=0.927
n:j=0, d=""|:p=0.288, r=0.867""
n:p=2, d=Gpart
c:0, 1, -1.027
",0.006654718188128492,feasible,21
40,0,28,"//0
p:-0.544, -0.537, 0.451
p:1.043, 0.042, -0.076
p:1.11, -0.201, -0.275, fr=1.044
p:-1.172, -0.761, 0.611
j:0, 1
j:2, 1, stif=0.928
j:3, 0, stif=0.927
n:j=0, d=""|:p=0.288, r=0.867""
n:p=2, d=Gpart
c:0, 1, -1.027
",0.006330221641104135,"//0
p:-0.544, -0.537, 0.451, ing=0.402
p:1.043, 0.042, -0.076
p:1.11, -0.201, -0.275, fr=1.044
p:-1.172, -0.761, 0.611
j:0, 1
j:2, 1, stif=0.928
j:3, 0, stif=0.927
n:j=0, d=""|:p=0.288, r=0.867""
n:p=2, d=Gpart
c:0, 1, -1.027
",0.006330221641104135,feasible,21
40,0,28,"//0
p:-0.544, -0.537, 0.451
p:1.043, 0.042, -0.076
p:1.11, -0.201, -0.275, fr=1.044
p:-1.172, -0.761, 0.611
j:0, 1
j:2, 1, stif=0.928
j:3, 0, stif=0.927
n:j=0, d=""|:p=0.288, r=0.867""
n:p=2, d=Gpart
c:0, 1, -1.027
",0.006330221641104135,"//0
p:-0.544, -0.537, 0.451
p:1.043, 0.042, -0.076
p:1.11, -0.201, -0.275, fr=1.044
p:-1.172, -0.761, 0.611
j:0, 1
j:2, 1, stif=0.928
j:3, 0, stif=0.927
n:p=2, d=Gpart
",4.217193884347066e-14,feasible,21
40,0,28,"//0
p:-0.544, -0.537, 0.451
p:1.043, 0.042, -0.076
p:1.11, -0.201, -0.275, fr=1.044
p:-1.172, -0.761, 0.611
j:0, 1
j:2, 1, stif=0.928
j:3, 0, stif=0.927
n:j=0, d=""|:p=0.288, r=0.867""
n:p=2, d=Gpart
c:0, 1, -1.027
",0.006330221641104135,"//0
p:-0.544, -0.537, 0.451
p:1.043, 0.042, -0.076
p:1.11, -0.201, -0.275, fr=1.044
p:-1.172, -0.761, 0.611
j:0, 1
j:2, 1, stif=0.928
j:3, 0, stif=0.927
n:j=0, d=""|:p=0.327, r=0.867""
n:p=2, d=Gpart
c:0, 1, -1.027
",0.0067472548978960364,feasible,21
40,0,28,"//0
p:-0.544, -0.537, 0.451
p:1.043, 0.042, -0.076
p:1.11, -0.201, -0.275, fr=1.044
p:-1.172, -0.761, 0.611
j:0, 1
j:2, 1, stif=0.928
j:3, 0, stif=0.927
n:j=0, d=""|:p=0.288, r=0.867""
n:p=2, d=Gpart
c:0, 1, -1.027
",0.006330221641104135,"//0
p:-0.544, -0.537, 0.451
p:1.043, 0.042, -0.076
p:1.11, -0.201, -0.275, fr=1.044
p:-1.172, -0.761, 0.611
p:0.707, -0.109, -0.176
j:0, 1
j:2, 1, stif=0.928
j:3, 0, stif=0.927
j:4, 1
n:j=0, d=""|:p=0.288, r=0.867""
n:p=2, d=Gpart
c:0, 1, -1.027
",4.191414766265065e-05,feasible,21
40,0,28,"//0
p:-0.544, -0.537, 0.451
p:1.043, 0.042, -0.076
p:1.11, -0.201, -0.275, fr=1.044
p:-1.172, -0.761, 0.611
j:0, 1
j:2, 1, stif=0.928
j:3, 0, stif=0.927
n:j=0, d=""|:p=0.288, r=0.867""
n:p=2, d=Gpart
c:0, 1, -1.027
",0.006330221641104135,"//0
p:-0.544, -0.537, 0.451
p:1.043, 0.042, -0.076
p:1.11, -0.201, -0.275, fr=1.044
p:-1.172, -0.761, 0.611
j:0, 1, rotstif=0.952
j:2, 1, stif=0.928
j:3, 0, stif=0.927
n:j=0, d=""|:p=0.288, r=0.867""
n:p=2, d=Gpart
c:0, 1, -1.027
",0.006330221641104135,feasible,21
40,0,28,"//0
p:-0.544, -0.537, 0.451
p:1.043, 0.042, -0.076
p:1.11, -0.201, -0.275, fr=1.044
p:-1.172, -0.761, 0.611
j:0, 1
j:2, 1, stif=0.928
j:3, 0, stif=0.927
n:j=0, d=""|:p=0.288, r=0.867""
n:p=2, d=Gpart
c:0, 1, -1.027
",0.006330221641104135,"//0
p:-0.544, -0.537, 0.451
p:1.043, 0.042, -0.076
p:1.11, -0.201, -0.275, fr=1.044
p:-0.7619025347899642, -0.6123280972624565, 0.48380498483101814
j:0, 1
j:2, 1, stif=0.928
j:3, 0, stif=0.927
j:1, 3
n:j=0, d=""|:p=0.288, r=0.867""
n:p=2, d=Gpart
c:0, 1, -1.027
",1.8177884734721768e-06,feasible,21
40,0,28,"//0
p:-0.544, -0.537, 0.451
p:1.043, 0.042, -0.076
p:1.11, -0.201, -0.275, fr=1.044
p:-1.172, -0.761, 0.611
j:0, 1
j:2, 1, stif=0.928
j:3, 0, stif=0.927
n:j=0, d=""|:p=0.288, r=0.867""
n:p=2, d=Gpart
c:0, 1, -1.027
",0.006330221641104135,"//0
p:-0.544, -0.537, 0.451
p:1.043, 0.042, -0.076
p:1.11, -0.201, -0.275, fr=1.044
p:-1.172, -0.761, 0.611
j:0, 1
j:2, 1, stif=0.928
j:3, 0, stif=0.927
n:j=0, d=""|:p=0.288, r=0.867""
n:p=2, d=Gpart
n:p=0, d=Gpart
c:0, 1, -1.027
",0.006330221641104135,feasible,21
40,0,28,"//0
p:-0.544, -0.537, 0.451
p:1.043, 0.042, -0.076
p:1.11, -0.201, -0.275, fr=1.044
p:-1.172, -0.761, 0.611
j:0, 1
j:2, 1, stif=0.928
j:3, 0, stif=0.927
n:j=0, d=""|:p=0.288, r=0.867""
n:p=2, d=Gpart
c:0, 1, -1.027
",0.006330221641104135,"//0
p:-0.544, -0.537, 0.451
p:1.043, 0.042, -0.076
p:1.11, -0.201, -0.275, fr=1.044
p:-1.172, -0.761, 0.611
j:0, 1
j:2, 1, stif=0.928
j:3, 0, stif=0.927
n:j=0, d=""|:p=0.288, r=0.867""
n:p=2, d=Gpart:rz=0.865
c:0, 1, -1.027
",4.751109800636865e-05,feasible,21
40,0,28,"//0
p:-0.544, -0.537, 0.451
p:1.043, 0.042, -0.076
p:1.11, -0.201, -0.275, fr=1.044
p:-1.172, -0.761, 0.611
j:0, 1
j:2, 1, stif=0.928
j:3, 0, stif=0.927
n:j=0, d=""|:p=0.288, r=0.867""
n:p=2, d=Gpart
c:0, 1, -1.027
",0.006330221641104135,"//0
p:-0.544, -0.537, 0.451
p:1.043, 0.042, -0.076
p:1.11, -0.201, -0.275, fr=1.044
p:-1.172, -0.761, 0.611
j:0, 1
j:2, 1, stif=0.928, rotstif=0.917
j:3, 0, stif=0.927
n:j=0, d=""|:p=0.288, r=0.867""
n:p=2, d=Gpart
c:0, 1, -1.027
",0.006330221641104135,feasible,21
40,0,28,"//0
p:-0.544, -0.537, 0.451
p:1.043, 0.042, -0.076
p:1.11, -0.201, -0.275, fr=1.044
p:-1.172, -0.761, 0.611
j:0, 1
j:2, 1, stif=0.928
j:3, 0, stif=0.927
n:j=0, d=""|:p=0.288, r=0.867""
n:p=2, d=Gpart
c:0, 1, -1.027
",0.006330221641104135,"//0
p:-0.544, -0.537, 0.451
p:1.043, 0.042, -0.076
p:1.11, -0.201, -0.275, fr=1.044
p:-1.172, -0.761, 0.611
j:0, 1
j:2, 1, stif=0.928
j:3, 0, stif=0.927
n:j=0, d=""|:p=0.288, r=0.867""
n:p=2, d=Gpart
",4.217193870691814e-14,feasible,21
40,0,28,"//0
p:-0.544, -0.537, 0.451
p:1.043, 0.042, -0.076
p:1.11, -0.201, -0.275, fr=1.044
p:-1.172, -0.761, 0.611
j:0, 1
j:2, 1, stif=0.928
j:3, 0, stif=0.927
n:j=0, d=""|:p=0.288, r=0.867""
n:p=2, d=Gpart
c:0, 1, -1.027
",0.006330221641104135,"//0
p:-0.544, -0.537, 0.451
p:1.043, 0.042, -0.076
p:1.11, -0.201, -0.275, fr=1.044
p:-1.172, -0.761, 0.611, ing=0.274
j:0, 1
j:2, 1, stif=0.928
j:3, 0, stif=0.927
n:j=0, d=""|:p=0.288, r=0.867""
n:p=2, d=Gpart
c:0, 1, -1.027
",0.006330221641104135,feasible,21
40,0,28,"//0
p:-0.544, -0.537, 0.451
p:1.043, 0.042, -0.076
p:1.11, -0.201, -0.275, fr=1.044
p:-1.172, -0.761, 0.611
j:0, 1
j:2, 1, stif=0.928
j:3, 0, stif=0.927
n:j=0, d=""|:p=0.288, r=0.867""
n:p=2, d=Gpart
c:0, 1, -1.027
",0.006330221641104135,"//0
p:-0.544, -0.537, 0.451
p:1.043, 0.042, -0.076
p:1.11, -0.201, -0.275, fr=1.044
p:-1.172, -0.761, 0.611
p:-0.424, -0.587, 0.107
j:0, 1
j:2, 1, stif=0.928
j:3, 0, stif=0.927
j:4, 0
n:j=0, d=""|:p=0.288, r=0.867""
n:p=2, d=Gpart
c:0, 1, -1.027
",0.0005921761243305815,feasible,21
40,0,28,"//0
p:-0.544, -0.537, 0.451
p:1.043, 0.042, -0.076
p:1.11, -0.201, -0.275, fr=1.044
p:-1.172, -0.761, 0.611
j:0, 1
j:2, 1, stif=0.928
j:3, 0, stif=0.927
n:j=0, d=""|:p=0.288, r=0.867""
n:p=2, d=Gpart
c:0, 1, -1.027
",0.006330221641104135,"//0
p:-0.544, -0.537, 0.451
p:1.043, 0.042, -0.076
p:1.11, -0.201, -0.275, fr=1.044
p:-0.7619025347899642, -0.6123280972624565, 0.48380498483101814
j:0, 1
j:3, 1, stif=0.928
j:2, 0, stif=0.927
n:j=0, d=""|:p=0.288, r=0.867""
n:p=2, d=Gpart
c:0, 1, -1.027
",7.706488246812557e-05,feasible,21
40,0,28,"//0
p:-0.544, -0.537, 0.451
p:1.043, 0.042, -0.076
p:1.11, -0.201, -0.275, fr=1.044
p:-1.172, -0.761, 0.611
j:0, 1
j:2, 1, stif=0.928
j:3, 0, stif=0.927
n:j=0, d=""|:p=0.288, r=0.867""
n:p=2, d=Gpart
c:0, 1, -1.027
",0.006330221641104135,"//0
p:-0.544, -0.537, 0.451
p:1.043, 0.042, -0.076
p:1.11, -0.201, -0.275, fr=1.649
p:-1.172, -0.761, 0.611
j:0, 1
j:2, 1, stif=0.928
j:3, 0, stif=0.927
n:j=0, d=""|:p=0.288, r=0.867""
n:p=2, d=Gpart
c:0, 1, -1.027
",0.006239086505795308,feasible,21
40,0,28,"//0
p:-0.544, -0.537, 0.451
p:1.043, 0.042, -0.076
p:1.11, -0.201, -0.275, fr=1.044
p:-1.172, -0.761, 0.611
j:0, 1
j:2, 1, stif=0.928
j:3, 0, stif=0.927
n:j=0, d=""|:p=0.288, r=0.867""
n:p=2, d=Gpart
c:0, 1, -1.027
",0.006330221641104135,"//0
p:-0.544, -0.537, 0.451
p:1.043, 0.042, -0.076
p:1.11, -0.201, -0.275, fr=1.044
p:-1.172, -0.761, 0.611
j:0, 1
j:2, 1, stif=0.928, rotstif=0.913
j:3, 0, stif=0.927
n:j=0, d=""|:p=0.288, r=0.867""
n:p=2, d=Gpart
c:0, 1, -1.027
",0.006330221641104135,feasible,21
40,0,28,"//0
p:-0.544, -0.537, 0.451
p:1.043, 0.042, -0.076
p:1.11, -0.201, -0.275, fr=1.044
p:-1.172, -0.761, 0.611
j:0, 1
j:2, 1, stif=0.928
j:3, 0, stif=0.927
n:j=0, d=""|:p=0.288, r=0.867""
n:p=2, d=Gpart
c:0, 1, -1.027
",0.006330221641104135,"//0
p:-0.544, -0.537, 0.451
p:1.043, 0.042, -0.076
p:1.11, -0.201, -0.275, fr=1.044
p:-1.172, -0.761, 0.611
j:0, 1
j:2, 1, stif=0.928
j:3, 0, stif=0.927
n:j=0, d=""|:p=0.288, r=0.867""
n:p=2, d=Gpart:ry=2.466
c:0, 1, -1.027
",4.786918956792311e-06,feasible,21
40,0,28,"//0
p:-0.544, -0.537, 0.451
p:1.043, 0.042, -0.076
p:1.11, -0.201, -0.275, fr=1.044
p:-1.172, -0.761, 0.611
j:0, 1
j:2, 1, stif=0.928
j:3, 0, stif=0.927
n:j=0, d=""|:p=0.288, r=0.867""
n:p=2, d=Gpart
c:0, 1, -1.027
",0.006330221641104135,"//0
p:-0.544, -0.537, 0.451
p:1.043, 0.042, -0.076
p:1.11, -0.201, -0.275, fr=1.044
p:-1.172, -0.761, 0.611
j:0, 1
j:2, 1, stif=0.996
j:3, 0, stif=0.927
n:j=0, d=""|:p=0.288, r=0.867""
n:p=2, d=Gpart
c:0, 1, -1.027
",0.007182536037697294,feasible,21
40,0,28,"//0
p:-0.544, -0.537, 0.451
p:1.043, 0.042, -0.076
p:1.11, -0.201, -0.275, fr=1.044
p:-1.172, -0.761, 0.611
j:0, 1
j:2, 1, stif=0.928
j:3, 0, stif=0.927
n:j=0, d=""|:p=0.288, r=0.867""
n:p=2, d=Gpart
c:0, 1, -1.027
",0.006330221641104135,"//0
p:-0.544, -0.537, 0.451
p:1.043, 0.042, -0.076
p:1.11, -0.201, -0.275, fr=1.044
p:-1.172, -0.761, 0.611
j:0, 1
j:2, 1, stif=0.928
j:3, 0, stif=0.927
n:j=0, d=""|:p=0.288, r=0.867""
n:p=2, d=Gpart
c:0, 1, -2.889
",0.00033240116311555087,feasible,21
40,0,28,"//0
p:-0.544, -0.537, 0.451
p:1.043, 0.042, -0.076
p:1.11, -0.201, -0.275, fr=1.044
p:-1.172, -0.761, 0.611
j:0, 1
j:2, 1, stif=0.928
j:3, 0, stif=0.927
n:j=0, d=""|:p=0.288, r=0.867""
n:p=2, d=Gpart
c:0, 1, -1.027
",0.006330221641104135,"//0
p:-0.544, -0.537, 0.451
p:1.043, 0.042, -0.076
p:0.878, 0.146, -0.58, fr=1.044
p:-1.172, -0.761, 0.611
j:0, 1
j:2, 1, stif=0.928
j:3, 0, stif=0.927
n:j=0, d=""|:p=0.288, r=0.867""
n:p=2, d=Gpart
c:0, 1, -1.027
",7.259929569799038e-06,feasible,21
40,0,29,"//0
p:-0.544, -0.537, 0.451
p:1.043, 0.042, -0.076
p:1.11, -0.201, -0.275, fr=1.044
p:-1.172, -0.761, 0.611
j:0, 1
j:2, 1, stif=0.814
j:3, 0, stif=0.927
n:j=0, d=""|:p=0.288, r=0.867""
n:p=2, d=Gpart
c:0, 1, -1.027
",0.007027427487323,"//0
p:-0.544, -0.537, 0.451
p:1.043, 0.042, -0.076
p:1.11, -0.201, -0.275, fr=1.245
p:-1.172, -0.761, 0.611
j:0, 1
j:2, 1, stif=0.814
j:3, 0, stif=0.927
n:j=0, d=""|:p=0.288, r=0.867""
n:p=2, d=Gpart
c:0, 1, -1.027
",0.00646692124287549,feasible,20
40,0,29,"//0
p:-0.544, -0.537, 0.451
p:1.043, 0.042, -0.076
p:1.11, -0.201, -0.275, fr=1.044
p:-1.172, -0.761, 0.611
j:0, 1
j:2, 1, stif=0.814
j:3, 0, stif=0.927
n:j=0, d=""|:p=0.288, r=0.867""
n:p=2, d=Gpart
c:0, 1, -1.027
",0.007027427487323,"//0
p:-0.544, -0.537, 0.451, ing=0.381
p:1.043, 0.042, -0.076
p:1.11, -0.201, -0.275, fr=1.044
p:-1.172, -0.761, 0.611
j:0, 1
j:2, 1, stif=0.814
j:3, 0, stif=0.927
n:j=0, d=""|:p=0.288, r=0.867""
n:p=2, d=Gpart
c:0, 1, -1.027
",0.007027427487323,feasible,20
40,0,29,"//0
p:-0.544, -0.537, 0.451
p:1.043, 0.042, -0.076
p:1.11, -0.201, -0.275, fr=1.044
p:-1.172, -0.761, 0.611
j:0, 1
j:2, 1, stif=0.814
j:3, 0, stif=0.927
n:j=0, d=""|:p=0.288, r=0.867""
n:p=2, d=Gpart
c:0, 1, -1.027
",0.007027427487323,"//0
p:-0.544, -0.537, 0.451
p:0.969, -0.077, 0.18
p:1.11, -0.201, -0.275, fr=1.044
p:-1.172, -0.761, 0.611
j:0, 1
j:2, 1, stif=0.814
j:3, 0, stif=0.927
n:j=0, d=""|:p=0.288, r=0.867""
n:p=2, d=Gpart
c:0, 1, -1.027
",0.0008809086999847878,feasible,20
40,0,29,"//0
p:-0.544, -0.537, 0.451
p:1.043, 0.042, -0.076
p:1.11, -0.201, -0.275, fr=1.044
p:-1.172, -0.761, 0.611
j:0, 1
j:2, 1, stif=0.814
j:3, 0, stif=0.927
n:j=0, d=""|:p=0.288, r=0.867""
n:p=2, d=Gpart
c:0, 1, -1.027
",0.007027427487323,"//0
p:-0.544, -0.537, 0.451
p:1.043, 0.042, -0.076, ing=0.28
p:1.11, -0.201, -0.275, fr=1.044
p:-1.172, -0.761, 0.611
j:0, 1
j:2, 1, stif=0.814
j:3, 0, stif=0.927
n:j=0, d=""|:p=0.288, r=0.867""
n:p=2, d=Gpart
c:0, 1, -1.027
",0.007027427487323,feasible,20
40,0,29,"//0
p:-0.544, -0.537, 0.451
p:1.043, 0.042, -0.076
p:1.11, -0.201, -0.275, fr=1.044
p:-1.172, -0.761, 0.611
j:0, 1
j:2, 1, stif=0.814
j:3, 0, stif=0.927
n:j=0, d=""|:p=0.288, r=0.867""
n:p=2, d=Gpart
c:0, 1, -1.027
",0.007027427487323,"//0
p:-0.544, -0.537, 0.451
p:1.043, 0.042, -0.076, ing=0.233
p:1.11, -0.201, -0.275, fr=1.044
p:-1.172, -0.761, 0.611
j:0, 1
j:2, 1, stif=0.814
j:3, 0, stif=0.927
n:j=0, d=""|:p=0.288, r=0.867""
n:p=2, d=Gpart
c:0, 1, -1.027
",0.007027427487323,feasible,20
40,0,29,"//0
p:-0.544, -0.537, 0.451
p:1.043, 0.042, -0.076
p:1.11, -0.201, -0.275, fr=1.044
p:-1.172, -0.761, 0.611
j:0, 1
j:2, 1, stif=0.814
j:3, 0, stif=0.927
n:j=0, d=""|:p=0.288, r=0.867""
n:p=2, d=Gpart
c:0, 1, -1.027
",0.007027427487323,"//0
p:-0.544, -0.537, 0.451
p:1.043, 0.042, -0.076
p:1.11, -0.201, -0.275, fr=1.044
p:-1.172, -0.761, 0.611
j:0, 1
j:2, 1, stif=0.814, rotstif=0.834
j:3, 0, stif=0.927
n:j=0, d=""|:p=0.288, r=0.867""
n:p=2, d=Gpart
c:0, 1, -1.027
",0.007027427487323,feasible,20
40,0,29,"//0
p:-0.544, -0.537, 0.451
p:1.043, 0.042, -0.076
p:1.11, -0.201, -0.275, fr=1.044
p:-1.172, -0.761, 0.611
j:0, 1
j:2, 1, stif=0.814
j:3, 0, stif=0.927
n:j=0, d=""|:p=0.288, r=0.867""
n:p=2, d=Gpart
c:0, 1, -1.027
",0.007027427487323,"//0
p:-0.544, -0.537, 0.451
p:1.043, 0.042, -0.076
p:1.11, -0.201, -0.275, fr=1.044
p:-1.172, -0.761, 0.611
j:0, 1
j:2, 1, stif=0.814
j:3, 0, stif=0.927
n:j=0, d=""|:p=0.288, r=0.867""
n:p=2, d=Gpart
",8.513784008142385e-05,feasible,20
40,0,29,"//0
p:-0.544, -0.537, 0.451
p:1.043, 0.042, -0.076
p:1.11, -0.201, -0.275, fr=1.044
p:-1.172, -0.761, 0.611
j:0, 1
j:2, 1, stif=0.814
j:3, 0, stif=0.927
n:j=0, d=""|:p=0.288, r=0.867""
n:p=2, d=Gpart
c:0, 1, -1.027
",0.007027427487323,"//0
p:-0.544, -0.537, 0.451
p:1.043, 0.042, -0.076
p:1.11, -0.201, -0.275, fr=1.044, ing=0.165
p:-1.172, -0.761, 0.611
j:0, 1
j:2, 1, stif=0.814
j:3, 0, stif=0.927
n:j=0, d=""|:p=0.288, r=0.867""
n:p=2, d=Gpart
c:0, 1, -1.027
",0.007027427487323,feasible,20
40,0,29,"//0
p:-0.544, -0.537, 0.451
p:1.043, 0.042, -0.076
p:1.11, -0.201, -0.275, fr=1.044
p:-1.172, -0.761, 0.611
j:0, 1
j:2, 1, stif=0.814
j:3, 0, stif=0.927
n:j=0, d=""|:p=0.288, r=0.867""
n:p=2, d=Gpart
c:0, 1, -1.027
",0.007027427487323,"//0
p:-0.544, -0.537, 0.451
p:1.043, 0.042, -0.076
p:1.11, -0.201, -0.275, fr=1.044
p:-1.172, -0.761, 0.611
j:0, 1
j:2, 1, stif=0.814
j:3, 0, stif=0.927
n:j=0, d=""|:p=0.288, r=0.867""
n:p=2, d=Gpart
c:0, 1, 0.397
",3.4545656387543997e-06,feasible,20
40,0,29,"//0
p:-0.544, -0.537, 0.451
p:1.043, 0.042, -0.076
p:1.11, -0.201, -0.275, fr=1.044
p:-1.172, -0.761, 0.611
j:0, 1
j:2, 1, stif=0.814
j:3, 0, stif=0.927
n:j=0, d=""|:p=0.288, r=0.867""
n:p=2, d=Gpart
c:0, 1, -1.027
",0.007027427487323,"//0
p:-0.544, -0.537, 0.451
p:1.043, 0.042, -0.076
p:1.11, -0.201, -0.275, fr=1.044
p:-1.172, -0.761, 0.611
j:0, 1
j:2, 1, stif=0.814
j:3, 0, stif=0.927
n:j=0, d=""|:p=0.288, r=0.744""
n:p=2, d=Gpart
c:0, 1, -1.027
",0.001445824147868415,feasible,20
40,0,29,"//0
p:-0.544, -0.537, 0.451
p:1.043, 0.042, -0.076
p:1.11, -0.201, -0.275, fr=1.044
p:-1.172, -0.761, 0.611
j:0, 1
j:2, 1, stif=0.814
j:3, 0, stif=0.927
n:j=0, d=""|:p=0.288, r=0.867""
n:p=2, d=Gpart
c:0, 1, -1.027
",0.007027427487323,"//0
p:-0.544, -0.537, 0.451
p:1.043, 0.042, -0.076
p:1.11, -0.201, -0.275, fr=1.044
p:-1.172, -0.761, 0.611
j:0, 1
j:2, 1, stif=0.814
j:3, 0, stif=0.942
n:j=0, d=""|:p=0.288, r=0.867""
n:p=2, d=Gpart
c:0, 1, -1.027
",0.006232828989948478,feasible,20
40,0,29,"//0
p:-0.544, -0.537, 0.451
p:1.043, 0.042, -0.076
p:1.11, -0.201, -0.275, fr=1.044
p:-1.172, -0.761, 0.611
j:0, 1
j:2, 1, stif=0.814
j:3, 0, stif=0.927
n:j=0, d=""|:p=0.288, r=0.867""
n:p=2, d=Gpart
c:0, 1, -1.027
",0.007027427487323,"//0
p:-0.544, -0.537, 0.451
p:1.043, 0.042, -0.076
p:1.11, -0.201, -0.275, fr=1.044
p:-1.172, -0.761, 0.611
p:1.078, -0.21, -0.302
j:0, 1
j:2, 1, stif=0.814
j:3, 0, stif=0.927
j:4, 2
n:j=0, d=""|:p=0.288, r=0.867""
n:p=2, d=Gpart
c:0, 1, -1.027
",7.575247169659803e-05,feasible,20
40,0,29,"//0
p:-0.544, -0.537, 0.451
p:1.043, 0.042, -0.076
p:1.11, -0.201, -0.275, fr=1.044
p:-1.172, -0.761, 0.611
j:0, 1
j:2, 1, stif=0.814
j:3, 0, stif=0.927
n:j=0, d=""|:p=0.288, r=0.867""
n:p=2, d=Gpart
c:0, 1, -1.027
",0.007027427487323,"//0
p:-0.544, -0.537, 0.451
p:1.043, 0.042, -0.076
p:1.11, -0.201, -0.275, fr=1.081
p:-1.172, -0.761, 0.611
j:0, 1
j:2, 1, stif=0.814
j:3, 0, stif=0.927
n:j=0, d=""|:p=0.288, r=0.867""
n:p=2, d=Gpart
c:0, 1, -1.027
",0.006191171025107138,feasible,20
40,0,29,"//0
p:-0.544, -0.537, 0.451
p:1.043, 0.042, -0.076
p:1.11, -0.201, -0.275, fr=1.044
p:-1.172, -0.761, 0.611
j:0, 1
j:2, 1, stif=0.814
j:3, 0, stif=0.927
n:j=0, d=""|:p=0.288, r=0.867""
n:p=2, d=Gpart
c:0, 1, -1.027
",0.007027427487323,"//0
p:-0.544, -0.537, 0.451
p:1.043, 0.042, -0.076
p:1.11, -0.201, -0.275, fr=1.044
p:-1.172, -0.761, 0.611
p:0.482, 0.302, -0.621
j:0, 1
j:2, 1, stif=0.814
j:3, 0, stif=0.927
j:4, 2
n:j=0, d=""|:p=0.288, r=0.867""
n:p=2, d=Gpart
c:0, 1, -1.027
",0.00011101331990529453,feasible,20
40,0,29,"//0
p:-0.544, -0.537, 0.451
p:1.043, 0.042, -0.076
p:1.11, -0.201, -0.275, fr=1.044
p:-1.172, -0.761, 0.611
j:0, 1
j:2, 1, stif=0.814
j:3, 0, stif=0.927
n:j=0, d=""|:p=0.288, r=0.867""
n:p=2, d=Gpart
c:0, 1, -1.027
",0.007027427487323,"//0
p:-0.544, -0.537, 0.451
p:1.043, 0.042, -0.076
p:1.11, -0.201, -0.275, fr=1.044
p:-1.139, -0.796, 0.629
j:0, 1
j:2, 1, stif=0.814
j:3, 0, stif=0.927
n:j=0, d=""|:p=0.288, r=0.867""
n:p=2, d=Gpart
c:0, 1, -1.027
",0.00034627903920212853,feasible,20
40,0,29,"//0
p:-0.544, -0.537, 0.451
p:1.043, 0.042, -0.076
p:1.11, -0.201, -0.275, fr=1.044
p:-1.172, -0.761, 0.611
j:0, 1
j:2, 1, stif=0.814
j:3, 0, stif=0.927
n:j=0, d=""|:p=0.288, r=0.867""
n:p=2, d=Gpart
c:0, 1, -1.027
",0.007027427487323,"//0
p:-0.544, -0.537, 0.451
p:1.043, 0.042, -0.076
p:1.11, -0.201, -0.275, fr=1.044
p:-1.172, -0.761, 0.611
j:0, 1
j:2, 1, stif=0.814, rotstif=0.91
j:3, 0, stif=0.927
n:j=0, d=""|:p=0.288, r=0.867""
n:p=2, d=Gpart
c:0, 1, -1.027
",0.007027427487323,feasible,20
40,0,29,"//0
p:-0.544, -0.537, 0.451
p:1.043, 0.042, -0.076
p:1.11, -0.201, -0.275, fr=1.044
p:-1.172, -0.761, 0.611
j:0, 1
j:2, 1, stif=0.814
j:3, 0, stif=0.927
n:j=0, d=""|:p=0.288, r=0.867""
n:p=2, d=Gpart
c:0, 1, -1.027
",0.007027427487323,"//0
p:-0.544, -0.537, 0.451, ing=0.452
p:1.043, 0.042, -0.076
p:1.11, -0.201, -0.275, fr=1.044
p:-1.172, -0.761, 0.611
j:0, 1
j:2, 1, stif=0.814
j:3, 0, stif=0.927
n:j=0, d=""|:p=0.288, r=0.867""
n:p=2, d=Gpart
c:0, 1, -1.027
",0.007027427487323,feasible,20
40,0,29,"//0
p:-0.544, -0.537, 0.451
p:1.043, 0.042, -0.076
p:1.11, -0.201, -0.275, fr=1.044
p:-1.172, -0.761, 0.611
j:0, 1
j:2, 1, stif=0.814
j:3, 0, stif=0.927
n:j=0, d=""|:p=0.288, r=0.867""
n:p=2, d=Gpart
c:0, 1, -1.027
",0.007027427487323,"//0
p:-0.544, -0.537, 0.451
p:1.043, 0.042, -0.076
p:1.11, -0.201, -0.275, fr=1.044
p:-1.172, -0.761, 0.611
j:0, 2
j:1, 2, stif=0.814
j:3, 0, stif=0.927
n:j=0, d=""|:p=0.288, r=0.867""
n:p=2, d=Gpart
c:0, 1, -1.027
",0.00010368032165360044,feasible,20
40,0,29,"//0
p:-0.544, -0.537, 0.451
p:1.043, 0.042, -0.076
p:1.11, -0.201, -0.275, fr=1.044
p:-1.172, -0.761, 0.611
j:0, 1
j:2, 1, stif=0.814
j:3, 0, stif=0.927
n:j=0, d=""|:p=0.288, r=0.867""
n:p=2, d=Gpart
c:0, 1, -1.027
",0.007027427487323,"//0
p:-0.544, -0.537, 0.451
p:1.043, 0.042, -0.076
p:1.11, -0.201, -0.275, fr=1.044
p:-1.172, -0.761, 0.611
j:0, 1
j:2, 1, stif=0.814
j:3, 0, stif=0.927
n:j=0, d=""|:p=0.288, r=0.867""
",8.513784008142385e-05,feasible,20
40,0,29,"//0
p:-0.544, -0.537, 0.451
p:1.043, 0.042, -0.076
p:1.11, -0.201, -0.275, fr=1.044
p:-1.172, -0.761, 0.611
j:0, 1
j:2, 1, stif=0.814
j:3, 0, stif=0.927
n:j=0, d=""|:p=0.288, r=0.867""
n:p=2, d=Gpart
c:0, 1, -1.027
",0.007027427487323,"//0
p:-0.544, -0.537, 0.451
p:1.043, 0.042, -0.076, fr=0.175
p:1.11, -0.201, -0.275, fr=1.044
p:-1.172, -0.761, 0.611
j:0, 1
j:2, 1, stif=0.814
j:3, 0, stif=0.927
n:j=0, d=""|:p=0.288, r=0.867""
n:p=2, d=Gpart
c:0, 1, -1.027
",0.001766545024995066,feasible,20
40,0,30,"//0
p:-0.544, -0.537, 0.451
p:1.043, 0.042, -0.076
p:1.11, -0.201, -0.275, fr=1.044
p:-1.172, -0.761, 0.611
j:0, 1
j:2, 1, stif=0.814
j:3, 0, stif=0.927
n:j=0, d=""|:p=0.288, r=0.867""
n:p=2, d=Gpart
c:0, 1, -3.062
",0.007509859622305815,"//0
p:-0.544, -0.537, 0.451
p:1.043, 0.042, -0.076
p:1.11, -0.201, -0.275, fr=1.044
p:-1.172, -0.761, 0.611
j:0, 1
j:2, 1, stif=0.814
j:3, 0, stif=0.834
n:j=0, d=""|:p=0.288, r=0.867""
n:p=2, d=Gpart
c:0, 1, -3.062
",0.002588490675942172,feasible,20
40,0,30,"//0
p:-0.544, -0.537, 0.451
p:1.043, 0.042, -0.076
p:1.11, -0.201, -0.275, fr=1.044
p:-1.172, -0.761, 0.611
j:0, 1
j:2, 1, stif=0.814
j:3, 0, stif=0.927
n:j=0, d=""|:p=0.288, r=0.867""
n:p=2, d=Gpart
c:0, 1, -3.062
",0.007509859622305815,"//0
p:-0.544, -0.537, 0.451
p:1.043, 0.042, -0.076
p:1.11, -0.201, -0.275, fr=1.044
p:-1.172, -0.761, 0.611
j:0, 1
j:2, 1, stif=0.814
j:3, 0, stif=0.818
n:j=0, d=""|:p=0.288, r=0.867""
n:p=2, d=Gpart
c:0, 1, -3.062
",0.006114786628324122,feasible,20
40,0,30,"//0
p:-0.544, -0.537, 0.451
p:1.043, 0.042, -0.076
p:1.11, -0.201, -0.275, fr=1.044
p:-1.172, -0.761, 0.611
j:0, 1
j:2, 1, stif=0.814
j:3, 0, stif=0.927
n:j=0, d=""|:p=0.288, r=0.867""
n:p=2, d=Gpart
c:0, 1, -3.062
",0.007509859622305815,"//0
p:-0.544, -0.537, 0.451
p:1.043, 0.042, -0.076
p:1.11, -0.201, -0.275, fr=1.044
p:-1.172, -0.761, 0.611
j:0, 1
j:2, 1, stif=0.814
j:3, 0, stif=0.927
n:j=0, d=""|:p=0.288, r=0.867""
n:p=2, d=Gpart
c:0, 1, -1.97
",2.5785485505511995e-05,feasible,20
40,0,30,"//0
p:-0.544, -0.537, 0.451
p:1.043, 0.042, -0.076
p:1.11, -0.201, -0.275, fr=1.044
p:-1.172, -0.761, 0.611
j:0, 1
j:2, 1, stif=0.814
j:3, 0, stif=0.927
n:j=0, d=""|:p=0.288, r=0.867""
n:p=2, d=Gpart
c:0, 1, -3.062
",0.007509859622305815,"//0
p:-0.544, -0.537, 0.451
p:1.043, 0.042, -0.076
p:1.11, -0.201, -0.275, fr=1.044
p:-1.172, -0.761, 0.611
j:0, 1
j:2, 1, stif=0.814
j:3, 0, stif=0.927
n:j=0, d=""|:p=0.288, r=0.867""
n:p=2, d=Gpart
c:0, 1, -4.45
",3.7816090629716214e-05,feasible,20
40,0,30,"//0
p:-0.544, -0.537, 0.451
p:1.043, 0.042, -0.076
p:1.11, -0.201, -0.275, fr=1.044
p:-1.172, -0.761, 0.611
j:0, 1
j:2, 1, stif=0.814
j:3, 0, stif=0.927
n:j=0, d=""|:p=0.288, r=0.867""
n:p=2, d=Gpart
c:0, 1, -3.062
",0.007509859622305815,"//0
p:-0.544, -0.537, 0.451
p:1.043, 0.042, -0.076
p:1.11, -0.201, -0.275, fr=1.044
p:-1.172, -0.761, 0.611
j:0, 1
j:2, 1, stif=0.814
j:3, 0, stif=0.927
n:j=0, d=""|:p=0.288, r=0.867""
n:p=2, d=Gpart
c:0, 1, -0.387
",0.0003347072193795378,feasible,20
40,0,30,"//0
p:-0.544, -0.537, 0.451
p:1.043, 0.042, -0.076
p:1.11, -0.201, -0.275, fr=1.044
p:-1.172, -0.761, 0.611
j:0, 1
j:2, 1, stif=0.814
j:3, 0, stif=0.927
n:j=0, d=""|:p=0.288, r=0.867""
n:p=2, d=Gpart
c:0, 1, -3.062
",0.007509859622305815,"//0
p:-0.544, -0.537, 0.451
p:1.043, 0.042, -0.076
p:1.11, -0.201, -0.275, fr=1.044
j:0, 1
j:2, 1, stif=0.814
n:j=0, d=""|:p=0.288, r=0.867""
n:p=2, d=Gpart
c:0, 1, -3.062
",0.00011778709669360022,feasible,20
40,0,30,"//0
p:-0.544, -0.537, 0.451
p:1.043, 0.042, -0.076
p:1.11, -0.201, -0.275, fr=1.044
p:-1.172, -0.761, 0.611
j:0, 1
j:2, 1, stif=0.814
j:3, 0, stif=0.927
n:j=0, d=""|:p=0.288, r=0.867""
n:p=2, d=Gpart
c:0, 1, -3.062
",0.007509859622305815,"//0
p:-0.544, -0.537, 0.451
p:1.043, 0.042, -0.076
p:1.11, -0.201, -0.275, fr=1.044
p:-1.172, -0.761, 0.611
j:0, 1, rotstif=0.915
j:2, 1, stif=0.814
j:3, 0, stif=0.927
n:j=0, d=""|:p=0.288, r=0.867""
n:p=2, d=Gpart
c:0, 1, -3.062
",0.007509859622305815,feasible,20
40,0,30,"//0
p:-0.544, -0.537, 0.451
p:1.043, 0.042, -0.076
p:1.11, -0.201, -0.275, fr=1.044
p:-1.172, -0.761, 0.611
j:0, 1
j:2, 1, stif=0.814
j:3, 0, stif=0.927
n:j=0, d=""|:p=0.288, r=0.867""
n:p=2, d=Gpart
c:0, 1, -3.062
",0.007509859622305815,"//0
p:-0.544, -0.537, 0.451
p:1.043, 0.042, -0.076
p:1.11, -0.201, -0.275, fr=1.044
p:-1.172, -0.761, 0.611
j:0, 1
j:2, 1, stif=0.814
j:3, 0, stif=0.927
n:j=0, d=""|:p=0.288, r=0.962""
n:p=2, d=Gpart
c:0, 1, -3.062
",6.556162040436409e-05,feasible,20
40,0,30,"//0
p:-0.544, -0.537, 0.451
p:1.043, 0.042, -0.076
p:1.11, -0.201, -0.275, fr=1.044
p:-1.172, -0.761, 0.611
j:0, 1
j:2, 1, stif=0.814
j:3, 0, stif=0.927
n:j=0, d=""|:p=0.288, r=0.867""
n:p=2, d=Gpart
c:0, 1, -3.062
",0.007509859622305815,"//0
p:-0.544, -0.537, 0.451
p:1.043, 0.042, -0.076
p:0.6452768271660065, -0.31504249640098, -0.09456847890844944, fr=1.044
p:-1.172, -0.761, 0.611
j:0, 1
j:2, 1, stif=0.814
j:3, 0, stif=0.927
j:3, 2
n:j=0, d=""|:p=0.288, r=0.867""
n:p=2, d=Gpart
c:0, 1, -3.062
",0.00017339075105247048,feasible,20
40,0,30,"//0
p:-0.544, -0.537, 0.451
p:1.043, 0.042, -0.076
p:1.11, -0.201, -0.275, fr=1.044
p:-1.172, -0.761, 0.611
j:0, 1
j:2, 1, stif=0.814
j:3, 0, stif=0.927
n:j=0, d=""|:p=0.288, r=0.867""
n:p=2, d=Gpart
c:0, 1, -3.062
",0.007509859622305815,"//0
p:-0.544, -0.537, 0.451
p:1.043, 0.042, -0.076
p:1.11, -0.201, -0.275, fr=1.044
p:-1.172, -0.761, 0.611
j:0, 1
j:2, 1, stif=0.814
j:3, 0, stif=0.927
n:j=0, d=""|:p=0.288, r=0.85""
n:p=2, d=Gpart
c:0, 1, -3.062
",0.004557045086355949,feasible,20
40,0,30,"//0
p:-0.544, -0.537, 0.451
p:1.043, 0.042, -0.076
p:1.11, -0.201, -0.275, fr=1.044
p:-1.172, -0.761, 0.611
j:0, 1
j:2, 1, stif=0.814
j:3, 0, stif=0.927
n:j=0, d=""|:p=0.288, r=0.867""
n:p=2, d=Gpart
c:0, 1, -3.062
",0.007509859622305815,"//0
p:-0.544, -0.537, 0.451
p:1.043, 0.042, -0.076
p:1.11, -0.201, -0.275, fr=1.044
p:-1.172, -0.761, 0.611
j:0, 1
j:2, 1, stif=0.814
j:3, 0, stif=0.927, rotstif=0.776
n:j=0, d=""|:p=0.288, r=0.867""
n:p=2, d=Gpart
c:0, 1, -3.062
",0.007509859622305815,feasible,20
40,0,30,"//0
p:-0.544, -0.537, 0.451
p:1.043, 0.042, -0.076
p:1.11, -0.201, -0.275, fr=1.044
p:-1.172, -0.761, 0.611
j:0, 1
j:2, 1, stif=0.814
j:3, 0, stif=0.927
n:j=0, d=""|:p=0.288, r=0.867""
n:p=2, d=Gpart
c:0, 1, -3.062
",0.007509859622305815,"//0
p:-0.544, -0.537, 0.451
p:1.043, 0.042, -0.076
p:1.11, -0.201, -0.275, fr=1.044
p:-0.967, -1.349, 0.466
j:0, 1
j:2, 1, stif=0.814
j:3, 0, stif=0.927
n:j=0, d=""|:p=0.288, r=0.867""
n:p=2, d=Gpart
c:0, 1, -3.062
",2.893806796261642e-05,feasible,20
40,0,30,"//0
p:-0.544, -0.537, 0.451
p:1.043, 0.042, -0.076
p:1.11, -0.201, -0.275, fr=1.044
p:-1.172, -0.761, 0.611
j:0, 1
j:2, 1, stif=0.814
j:3, 0, stif=0.927
n:j=0, d=""|:p=0.288, r=0.867""
n:p=2, d=Gpart
c:0, 1, -3.062
",0.007509859622305815,"//0
p:-0.544, -0.537, 0.451
p:1.043, 0.042, -0.076
p:1.11, -0.201, -0.275, fr=1.044
p:-1.172, -0.761, 0.611
j:0, 1
j:2, 1, stif=0.814
j:3, 0, stif=0.872
n:j=0, d=""|:p=0.288, r=0.867""
n:p=2, d=Gpart
c:0, 1, -3.062
",0.00741988845274534,feasible,20
40,0,30,"//0
p:-0.544, -0.537, 0.451
p:1.043, 0.042, -0.076
p:1.11, -0.201, -0.275, fr=1.044
p:-1.172, -0.761, 0.611
j:0, 1
j:2, 1, stif=0.814
j:3, 0, stif=0.927
n:j=0, d=""|:p=0.288, r=0.867""
n:p=2, d=Gpart
c:0, 1, -3.062
",0.007509859622305815,"//0
p:-0.544, -0.537, 0.451
p:1.043, 0.042, -0.076
p:1.11, -0.201, -0.275, fr=1.044
p:-1.172, -0.761, 0.611
j:0, 1
j:2, 1, stif=0.814
j:3, 0, stif=0.927
n:j=0, d=""|:p=0.288, r=0.867""
n:p=2, d=Gpart
c:0, 1, -4.789
",2.5753447247694116e-05,feasible,20
40,0,30,"//0
p:-0.544, -0.537, 0.451
p:1.043, 0.042, -0.076
p:1.11, -0.201, -0.275, fr=1.044
p:-1.172, -0.761, 0.611
j:0, 1
j:2, 1, stif=0.814
j:3, 0, stif=0.927
n:j=0, d=""|:p=0.288, r=0.867""
n:p=2, d=Gpart
c:0, 1, -3.062
",0.007509859622305815,"//0
p:-0.544, -0.537, 0.451
p:1.043, 0.042, -0.076
p:1.11, -0.201, -0.275, fr=1.044
p:-0.7619025347899642, -0.6123280972624565, 0.48380498483101814
j:0, 1
j:3, 1, stif=0.814
j:2, 0, stif=0.927
n:j=0, d=""|:p=0.288, r=0.867""
n:p=2, d=Gpart
c:0, 1, -3.062
",6.30405154834258e-05,feasible,20
40,0,30,"//0
p:-0.544, -0.537, 0.451
p:1.043, 0.042, -0.076
p:1.11, -0.201, -0.275, fr=1.044
p:-1.172, -0.761, 0.611
j:0, 1
j:2, 1, stif=0.814
j:3, 0, stif=0.927
n:j=0, d=""|:p=0.288, r=0.867""
n:p=2, d=Gpart
c:0, 1, -3.062
",0.007509859622305815,"//0
p:-0.544, -0.537, 0.451
p:1.043, 0.042, -0.076
p:1.11, -0.201, -0.275, fr=1.044
p:-1.172, -0.761, 0.611, fr=0.265
j:0, 1
j:2, 1, stif=0.814
j:3, 0, stif=0.927
n:j=0, d=""|:p=0.288, r=0.867""
n:p=2, d=Gpart
c:0, 1, -3.062
",0.001485976252675308,feasible,20
40,0,30,"//0
p:-0.544, -0.537, 0.451
p:1.043, 0.042, -0.076
p:1.11, -0.201, -0.275, fr=1.044
p:-1.172, -0.761, 0.611
j:0, 1
j:2, 1, stif=0.814
j:3, 0, stif=0.927
n:j=0, d=""|:p=0.288, r=0.867""
n:p=2, d=Gpart
c:0, 1, -3.062
",0.007509859622305815,"//0
p:-0.544, -0.537, 0.451
p:1.043, 0.042, -0.076
p:1.11, -0.201, -0.275, fr=1.044
p:-1.172, -0.761, 0.611, ing=0.256
j:0, 1
j:2, 1, stif=0.814
j:3, 0, stif=0.927
n:j=0, d=""|:p=0.288, r=0.867""
n:p=2, d=Gpart
c:0, 1, -3.062
",0.007509859622305815,feasible,20
40,0,30,"//0
p:-0.544, -0.537, 0.451
p:1.043, 0.042, -0.076
p:1.11, -0.201, -0.275, fr=1.044
p:-1.172, -0.761, 0.611
j:0, 1
j:2, 1, stif=0.814
j:3, 0, stif=0.927
n:j=0, d=""|:p=0.288, r=0.867""
n:p=2, d=Gpart
c:0, 1, -3.062
",0.007509859622305815,"//0
p:-0.544, -0.537, 0.451
p:1.043, 0.042, -0.076
p:1.11, -0.201, -0.275, fr=1.044
p:-1.172, -0.761, 0.611
j:0, 1
j:2, 1, stif=0.814
j:3, 0, stif=0.927
n:j=0, d=""|:p=0.288, r=0.867""
n:p=2, d=Gpart
c:0, 1, -4.397
",0.0006905530046974451,feasible,20
40,0,30,"//0
p:-0.544, -0.537, 0.451
p:1.043, 0.042, -0.076
p:1.11, -0.201, -0.275, fr=1.044
p:-1.172, -0.761, 0.611
j:0, 1
j:2, 1, stif=0.814
j:3, 0, stif=0.927
n:j=0, d=""|:p=0.288, r=0.867""
n:p=2, d=Gpart
c:0, 1, -3.062
",0.007509859622305815,"//0
p:-0.544, -0.537, 0.451
p:1.043, 0.042, -0.076
p:0.506, -0.126, 0.208, fr=1.044
p:-1.172, -0.761, 0.611
j:0, 1
j:2, 1, stif=0.814
j:3, 0, stif=0.927
n:j=0, d=""|:p=0.288, r=0.867""
n:p=2, d=Gpart
c:0, 1, -3.062
",9.41025474784426e-06,feasible,20
40,0,30,"//0
p:-0.544, -0.537, 0.451
p:1.043, 0.042, -0.076
p:1.11, -0.201, -0.275, fr=1.044
p:-1.172, -0.761, 0.611
j:0, 1
j:2, 1, stif=0.814
j:3, 0, stif=0.927
n:j=0, d=""|:p=0.288, r=0.867""
n:p=2, d=Gpart
c:0, 1, -3.062
",0.007509859622305815,"//0
p:-0.544, -0.537, 0.451
p:1.043, 0.042, -0.076, ing=0.047
p:1.11, -0.201, -0.275, fr=1.044
p:-1.172, -0.761, 0.611
j:0, 1
j:2, 1, stif=0.814
j:3, 0, stif=0.927
n:j=0, d=""|:p=0.288, r=0.867""
n:p=2, d=Gpart
c:0, 1, -3.062
",0.007509859622305815,feasible,20
40,0,31,"//0
p:-0.544, -0.537, 0.451
p:1.043, 0.042, -0.076
p:1.11, -0.201, -0.275, fr=1.044
p:-1.172, -0.761, 0.611
j:0, 1
j:2, 1, stif=0.837
j:3, 0, stif=0.927
n:j=0, d=""|:p=0.288, r=0.867""
n:p=2, d=Gpart
c:0, 1, -3.062
",0.008045131104902103,"//0
p:-0.544, -0.537, 0.451
p:1.043, 0.042, -0.076
p:1.11, -0.201, -0.275, fr=1.044
p:-0.7619025347899642, -0.6123280972624565, 0.48380498483101814
j:1, 0
j:2, 0, stif=0.837
j:3, 1, stif=0.927
n:j=0, d=""|:p=0.288, r=0.867""
n:p=2, d=Gpart
c:0, 1, -3.062
",6.483703183136064e-05,feasible,22
40,0,31,"//0
p:-0.544, -0.537, 0.451
p:1.043, 0.042, -0.076
p:1.11, -0.201, -0.275, fr=1.044
p:-1.172, -0.761, 0.611
j:0, 1
j:2, 1, stif=0.837
j:3, 0, stif=0.927
n:j=0, d=""|:p=0.288, r=0.867""
n:p=2, d=Gpart
c:0, 1, -3.062
",0.008045131104902103,"//0
p:-0.544, -0.537, 0.451
p:1.043, 0.042, -0.076
p:1.11, -0.201, -0.275, fr=1.044
p:-1.172, -0.761, 0.611
j:0, 1
j:2, 1, stif=0.837
j:3, 0, stif=0.927, rotstif=0.82
n:j=0, d=""|:p=0.288, r=0.867""
n:p=2, d=Gpart
c:0, 1, -3.062
",0.008045131104902103,feasible,22
40,0,31,"//0
p:-0.544, -0.537, 0.451
p:1.043, 0.042, -0.076
p:1.11, -0.201, -0.275, fr=1.044
p:-1.172, -0.761, 0.611
j:0, 1
j:2, 1, stif=0.837
j:3, 0, stif=0.927
n:j=0, d=""|:p=0.288, r=0.867""
n:p=2, d=Gpart
c:0, 1, -3.062
",0.008045131104902103,"//0
p:-0.544, -0.537, 0.451, ing=0.146
p:1.043, 0.042, -0.076
p:1.11, -0.201, -0.275, fr=1.044
p:-1.172, -0.761, 0.611
j:0, 1
j:2, 1, stif=0.837
j:3, 0, stif=0.927
n:j=0, d=""|:p=0.288, r=0.867""
n:p=2, d=Gpart
c:0, 1, -3.062
",0.008045131104902103,feasible,22
40,0,31,"//0
p:-0.544, -0.537, 0.451
p:1.043, 0.042, -0.076
p:1.11, -0.201, -0.275, fr=1.044
p:-1.172, -0.761, 0.611
j:0, 1
j:2, 1, stif=0.837
j:3, 0, stif=0.927
n:j=0, d=""|:p=0.288, r=0.867""
n:p=2, d=Gpart
c:0, 1, -3.062
",0.008045131104902103,"//0
p:-0.544, -0.537, 0.451
p:1.043, 0.042, -0.076
p:1.11, -0.201, -0.275, fr=1.044
p:-1.172, -0.761, 0.611
j:0, 1
j:2, 1, stif=0.837
j:3, 0, stif=0.927
n:j=0, d=""|:p=0.288, r=0.867""
n:p=2, d=Gpart
n:d=*
c:0, 1, -3.062
",0.008045131104902103,feasible,22
40,0,31,"//0
p:-0.544, -0.537, 0.451
p:1.043, 0.042, -0.076
p:1.11, -0.201, -0.275, fr=1.044
p:-1.172, -0.761, 0.611
j:0, 1
j:2, 1, stif=0.837
j:3, 0, stif=0.927
n:j=0, d=""|:p=0.288, r=0.867""
n:p=2, d=Gpart
c:0, 1, -3.062
",0.008045131104902103,"//0
p:-0.544, -0.537, 0.451
p:1.043, 0.042, -0.076
p:1.11, -0.201, -0.275, fr=1.044
p:-1.172, -0.761, 0.611
j:0, 1
j:2, 1, stif=0.837
j:3, 0, stif=0.927
n:j=0, d=""|:p=0.288, r=0.867""
n:p=2, d=Gpart:rz=-1.634
c:0, 1, -3.062
",2.6039627573464623e-05,feasible,22
40,0,31,"//0
p:-0.544, -0.537, 0.451
p:1.043, 0.042, -0.076
p:1.11, -0.201, -0.275, fr=1.044
p:-1.172, -0.761, 0.611
j:0, 1
j:2, 1, stif=0.837
j:3, 0, stif=0.927
n:j=0, d=""|:p=0.288, r=0.867""
n:p=2, d=Gpart
c:0, 1, -3.062
",0.008045131104902103,"//0
p:-0.544, -0.537, 0.451
p:1.043, 0.042, -0.076
p:1.11, -0.201, -0.275, fr=1.044
p:-1.172, -0.761, 0.611
j:0, 1
j:2, 1, stif=0.746
j:3, 0, stif=0.927
n:j=0, d=""|:p=0.288, r=0.867""
n:p=2, d=Gpart
c:0, 1, -3.062
",0.006893518679771425,feasible,22
40,0,31,"//0
p:-0.544, -0.537, 0.451
p:1.043, 0.042, -0.076
p:1.11, -0.201, -0.275, fr=1.044
p:-1.172, -0.761, 0.611
j:0, 1
j:2, 1, stif=0.837
j:3, 0, stif=0.927
n:j=0, d=""|:p=0.288, r=0.867""
n:p=2, d=Gpart
c:0, 1, -3.062
",0.008045131104902103,"//0
p:-0.544, -0.537, 0.451
p:1.043, 0.042, -0.076
p:1.11, -0.201, -0.275, fr=1.044
p:-0.7619025347899642, -0.6123280972624565, 0.48380498483101814
j:0, 1
j:3, 1, stif=0.837
j:2, 0, stif=0.927
n:j=0, d=""|:p=0.288, r=0.867""
n:p=2, d=Gpart
c:0, 1, -3.062
",6.596566865376462e-05,feasible,22
40,0,31,"//0
p:-0.544, -0.537, 0.451
p:1.043, 0.042, -0.076
p:1.11, -0.201, -0.275, fr=1.044
p:-1.172, -0.761, 0.611
j:0, 1
j:2, 1, stif=0.837
j:3, 0, stif=0.927
n:j=0, d=""|:p=0.288, r=0.867""
n:p=2, d=Gpart
c:0, 1, -3.062
",0.008045131104902103,"//0
p:-0.544, -0.537, 0.451
p:0.949, 0.125, 0.117
p:1.11, -0.201, -0.275, fr=1.044
p:-1.172, -0.761, 0.611
j:0, 1
j:2, 1, stif=0.837
j:3, 0, stif=0.927
n:j=0, d=""|:p=0.288, r=0.867""
n:p=2, d=Gpart
c:0, 1, -3.062
",0.005739093337252276,feasible,22
40,0,31,"//0
p:-0.544, -0.537, 0.451
p:1.043, 0.042, -0.076
p:1.11, -0.201, -0.275, fr=1.044
p:-1.172, -0.761, 0.611
j:0, 1
j:2, 1, stif=0.837
j:3, 0, stif=0.927
n:j=0, d=""|:p=0.288, r=0.867""
n:p=2, d=Gpart
c:0, 1, -3.062
",0.008045131104902103,"//0
p:-0.544, -0.537, 0.451
p:1.043, 0.042, -0.076
p:1.11, -0.201, -0.275, fr=1.044
p:-1.172, -0.761, 0.611
j:0, 1
j:2, 1, stif=0.837
j:3, 0, stif=0.927
n:j=0, d=""|:p=0.288, r=0.867""
",9.61178895019067e-05,feasible,22
40,0,31,"//0
p:-0.544, -0.537, 0.451
p:1.043, 0.042, -0.076
p:1.11, -0.201, -0.275, fr=1.044
p:-1.172, -0.761, 0.611
j:0, 1
j:2, 1, stif=0.837
j:3, 0, stif=0.927
n:j=0, d=""|:p=0.288, r=0.867""
n:p=2, d=Gpart
c:0, 1, -3.062
",0.008045131104902103,"//0
p:-0.544, -0.537, 0.451
p:1.043, 0.042, -0.076
p:1.11, -0.201, -0.275, fr=1.044
p:-1.172, -0.761, 0.611
j:0, 1
j:2, 1, stif=0.837
j:3, 0, stif=0.927
n:j=0, d=""|:p=0.288, r=0.867""
n:p=2, d=Gpart
c:0, 1, -4.409
",0.0018619501869794838,feasible,22
40,0,31,"//0
p:-0.544, -0.537, 0.451
p:1.043, 0.042, -0.076
p:1.11, -0.201, -0.275, fr=1.044
p:-1.172, -0.761, 0.611
j:0, 1
j:2, 1, stif=0.837
j:3, 0, stif=0.927
n:j=0, d=""|:p=0.288, r=0.867""
n:p=2, d=Gpart
c:0, 1, -3.062
",0.008045131104902103,"//0
p:-0.544, -0.537, 0.451
p:1.043, 0.042, -0.076
p:1.11, -0.201, -0.275, fr=1.044
p:-1.172, -0.761, 0.611
j:0, 1
j:2, 1, stif=0.837
j:3, 0, stif=0.927
n:j=0, d=""|:p=0.383, r=0.867""
n:p=2, d=Gpart
c:0, 1, -3.062
",0.004163533569657321,feasible,22
40,0,31,"//0
p:-0.544, -0.537, 0.451
p:1.043, 0.042, -0.076
p:1.11, -0.201, -0.275, fr=1.044
p:-1.172, -0.761, 0.611
j:0, 1
j:2, 1, stif=0.837
j:3, 0, stif=0.927
n:j=0, d=""|:p=0.288, r=0.867""
n:p=2, d=Gpart
c:0, 1, -3.062
",0.008045131104902103,"//0
p:-0.544, -0.537, 0.451
p:0.6329025347899642, -0.10667190273754346, 0.05119501516898184
p:1.11, -0.201, -0.275, fr=1.044
p:-1.172, -0.761, 0.611
j:3, 1
j:2, 1, stif=0.837
j:0, 3, stif=0.927
n:j=0, d=""|:p=0.288, r=0.867""
n:p=2, d=Gpart
c:0, 1, -3.062
",2.330639796434308e-05,feasible,22
40,0,31,"//0
p:-0.544, -0.537, 0.451
p:1.043, 0.042, -0.076
p:1.11, -0.201, -0.275, fr=1.044
p:-1.172, -0.761, 0.611
j:0, 1
j:2, 1, stif=0.837
j:3, 0, stif=0.927
n:j=0, d=""|:p=0.288, r=0.867""
n:p=2, d=Gpart
c:0, 1, -3.062
",0.008045131104902103,"//0
p:-0.544, -0.537, 0.451
p:1.043, 0.042, -0.076
p:1.11, -0.201, -0.275, fr=1.044
p:-1.172, -0.761, 0.611
j:0, 1
j:2, 1, stif=0.837
j:3, 0, stif=0.927
n:j=0, d=""|:p=0.403, r=0.867""
n:p=2, d=Gpart
c:0, 1, -3.062
",0.005574946297888862,feasible,22
40,0,31,"//0
p:-0.544, -0.537, 0.451
p:1.043, 0.042, -0.076
p:1.11, -0.201, -0.275, fr=1.044
p:-1.172, -0.761, 0.611
j:0, 1
j:2, 1, stif=0.837
j:3, 0, stif=0.927
n:j=0, d=""|:p=0.288, r=0.867""
n:p=2, d=Gpart
c:0, 1, -3.062
",0.008045131104902103,"//0
p:-0.544, -0.537, 0.451
p:1.043, 0.042, -0.076
p:1.11, -0.201, -0.275, fr=1.044
p:-1.172, -0.761, 0.611
j:0, 1
j:2, 1, stif=0.837
j:3, 0, stif=0.83
n:j=0, d=""|:p=0.288, r=0.867""
n:p=2, d=Gpart
c:0, 1, -3.062
",0.006677364668473142,feasible,22
40,0,31,"//0
p:-0.544, -0.537, 0.451
p:1.043, 0.042, -0.076
p:1.11, -0.201, -0.275, fr=1.044
p:-1.172, -0.761, 0.611
j:0, 1
j:2, 1, stif=0.837
j:3, 0, stif=0.927
n:j=0, d=""|:p=0.288, r=0.867""
n:p=2, d=Gpart
c:0, 1, -3.062
",0.008045131104902103,"//0
p:-0.544, -0.537, 0.451
p:1.043, 0.042, -0.076
p:1.11, -0.201, -0.275, fr=1.044
p:-1.172, -0.761, 0.611, fr=0.768
j:0, 1
j:2, 1, stif=0.837
j:3, 0, stif=0.927
n:j=0, d=""|:p=0.288, r=0.867""
n:p=2, d=Gpart
c:0, 1, -3.062
",0.004044191394575587,feasible,22
40,0,31,"//0
p:-0.544, -0.537, 0.451
p:1.043, 0.042, -0.076
p:1.11, -0.201, -0.275, fr=1.044
p:-1.172, -0.761, 0.611
j:0, 1
j:2, 1, stif=0.837
j:3, 0, stif=0.927
n:j=0, d=""|:p=0.288, r=0.867""
n:p=2, d=Gpart
c:0, 1, -3.062
",0.008045131104902103,"//0
p:-0.544, -0.537, 0.451
p:1.043, 0.042, -0.076
p:1.11, -0.201, -0.275, fr=1.044
p:-1.172, -0.761, 0.611, fr=0.042
j:0, 1
j:2, 1, stif=0.837
j:3, 0, stif=0.927
n:j=0, d=""|:p=0.288, r=0.867""
n:p=2, d=Gpart
c:0, 1, -3.062
",0.007246014025275974,feasible,22
40,0,31,"//0
p:-0.544, -0.537, 0.451
p:1.043, 0.042, -0.076
p:1.11, -0.201, -0.275, fr=1.044
p:-1.172, -0.761, 0.611
j:0, 1
j:2, 1, stif=0.837
j:3, 0, stif=0.927
n:j=0, d=""|:p=0.288, r=0.867""
n:p=2, d=Gpart
c:0, 1, -3.062
",0.008045131104902103,"//0
p:-0.544, -0.537, 0.451, fr=0.117
p:1.043, 0.042, -0.076
p:1.11, -0.201, -0.275, fr=1.044
p:-1.172, -0.761, 0.611
j:0, 1
j:2, 1, stif=0.837
j:3, 0, stif=0.927
n:j=0, d=""|:p=0.288, r=0.867""
n:p=2, d=Gpart
c:0, 1, -3.062
",0.0009065881118241908,feasible,22
40,0,31,"//0
p:-0.544, -0.537, 0.451
p:1.043, 0.042, -0.076
p:1.11, -0.201, -0.275, fr=1.044
p:-1.172, -0.761, 0.611
j:0, 1
j:2, 1, stif=0.837
j:3, 0, stif=0.927
n:j=0, d=""|:p=0.288, r=0.867""
n:p=2, d=Gpart
c:0, 1, -3.062
",0.008045131104902103,"//0
p:-0.544, -0.537, 0.451
p:1.043, 0.042, -0.076
p:1.11, -0.201, -0.275, fr=1.044
p:-1.172, -0.761, 0.611
j:0, 1
j:2, 1, stif=0.837
j:3, 0, stif=0.914
n:j=0, d=""|:p=0.288, r=0.867""
n:p=2, d=Gpart
c:0, 1, -3.062
",0.008003809394131258,feasible,22
40,0,31,"//0
p:-0.544, -0.537, 0.451
p:1.043, 0.042, -0.076
p:1.11, -0.201, -0.275, fr=1.044
p:-1.172, -0.761, 0.611
j:0, 1
j:2, 1, stif=0.837
j:3, 0, stif=0.927
n:j=0, d=""|:p=0.288, r=0.867""
n:p=2, d=Gpart
c:0, 1, -3.062
",0.008045131104902103,"//0
p:-0.544, -0.537, 0.451
p:1.043, 0.042, -0.076
p:1.11, -0.201, -0.275, fr=1.044
p:-1.172, -0.761, 0.611
j:0, 1
j:2, 1, stif=0.946
j:3, 0, stif=0.927
n:j=0, d=""|:p=0.288, r=0.867""
n:p=2, d=Gpart
c:0, 1, -3.062
",0.0033843894157049134,feasible,22
40,0,31,"//0
p:-0.544, -0.537, 0.451
p:1.043, 0.042, -0.076
p:1.11, -0.201, -0.275, fr=1.044
p:-1.172, -0.761, 0.611
j:0, 1
j:2, 1, stif=0.837
j:3, 0, stif=0.927
n:j=0, d=""|:p=0.288, r=0.867""
n:p=2, d=Gpart
c:0, 1, -3.062
",0.008045131104902103,"//0
p:-0.544, -0.537, 0.451
p:1.043, 0.042, -0.076
p:1.11, -0.201, -0.275, fr=1.044
j:0, 1
j:2, 1, stif=0.837
n:j=0, d=""|:p=0.288, r=0.867""
n:p=2, d=Gpart
c:0, 1, -3.062
",9.218193189661637e-05,feasible,22
40,0,32,"//0
p:-0.544, -0.537, 0.451
p:1.043, 0.042, -0.076, fr=0.739
p:1.11, -0.201, -0.275, fr=1.044
p:-1.172, -0.761, 0.611
j:0, 1
j:2, 1, stif=0.837
j:3, 0, stif=0.927
n:j=0, d=""|:p=0.288, r=0.867""
n:p=2, d=Gpart
c:0, 1, -3.062
",0.008135965838957235,"//0
p:-0.544, -0.537, 0.451
p:1.043, 0.042, -0.076, fr=0.739
p:0.6452768271660065, -0.31504249640098, -0.09456847890844944, fr=1.044
p:-1.172, -0.761, 0.611
j:0, 3
j:2, 3, stif=0.837
j:1, 0, stif=0.927
n:j=0, d=""|:p=0.288, r=0.867""
n:p=2, d=Gpart
c:0, 1, -3.062
",3.2443778710497595e-05,feasible,22
40,0,32,"//0
p:-0.544, -0.537, 0.451
p:1.043, 0.042, -0.076, fr=0.739
p:1.11, -0.201, -0.275, fr=1.044
p:-1.172, -0.761, 0.611
j:0, 1
j:2, 1, stif=0.837
j:3, 0, stif=0.927
n:j=0, d=""|:p=0.288, r=0.867""
n:p=2, d=Gpart
c:0, 1, -3.062
",0.008135965838957235,"//0
p:-0.544, -0.537, 0.451
p:1.043, 0.042, -0.076, fr=0.739
p:1.11, -0.201, -0.275, fr=1.044
p:-1.172, -0.761, 0.611
j:0, 1
j:2, 1, stif=0.837, rotstif=0.988
j:3, 0, stif=0.927
n:j=0, d=""|:p=0.288, r=0.867""
n:p=2, d=Gpart
c:0, 1, -3.062
",0.008135965838957235,feasible,22
40,0,32,"//0
p:-0.544, -0.537, 0.451
p:1.043, 0.042, -0.076, fr=0.739
p:1.11, -0.201, -0.275, fr=1.044
p:-1.172, -0.761, 0.611
j:0, 1
j:2, 1, stif=0.837
j:3, 0, stif=0.927
n:j=0, d=""|:p=0.288, r=0.867""
n:p=2, d=Gpart
c:0, 1, -3.062
",0.008135965838957235,"//0
p:-0.544, -0.537, 0.451
p:1.043, 0.042, -0.076, fr=0.739
p:1.11, -0.201, -0.275, fr=1.044
p:-1.172, -0.761, 0.611
j:0, 1, rotstif=0.871
j:2, 1, stif=0.837
j:3, 0, stif=0.927
n:j=0, d=""|:p=0.288, r=0.867""
n:p=2, d=Gpart
c:0, 1, -3.062
",0.008135965838957235,feasible,22
40,0,32,"//0
p:-0.544, -0.537, 0.451
p:1.043, 0.042, -0.076, fr=0.739
p:1.11, -0.201, -0.275, fr=1.044
p:-1.172, -0.761, 0.611
j:0, 1
j:2, 1, stif=0.837
j:3, 0, stif=0.927
n:j=0, d=""|:p=0.288, r=0.867""
n:p=2, d=Gpart
c:0, 1, -3.062
",0.008135965838957235,"//0
p:-0.544, -0.537, 0.451
p:1.043, 0.042, -0.076, fr=0.739
p:1.11, -0.201, -0.275, fr=1.044
p:-1.172, -0.761, 0.611
j:0, 1
j:2, 1, stif=0.837
j:3, 0, stif=0.927
n:j=0, d=""|:p=0.288, r=0.867""
n:p=2, d=Gpart:ry=0.82
c:0, 1, -3.062
",3.0931134387428776e-05,feasible,22
40,0,32,"//0
p:-0.544, -0.537, 0.451
p:1.043, 0.042, -0.076, fr=0.739
p:1.11, -0.201, -0.275, fr=1.044
p:-1.172, -0.761, 0.611
j:0, 1
j:2, 1, stif=0.837
j:3, 0, stif=0.927
n:j=0, d=""|:p=0.288, r=0.867""
n:p=2, d=Gpart
c:0, 1, -3.062
",0.008135965838957235,"//0
p:-0.544, -0.537, 0.451
p:1.043, 0.042, -0.076, fr=0.739
p:1.11, -0.201, -0.275, fr=1.044
p:-1.172, -0.761, 0.611
j:0, 1, stif=0.927
j:2, 1, stif=0.837
j:3, 0, stif=0.927
n:j=0, d=""|:p=0.288, r=0.867""
n:p=2, d=Gpart
c:0, 1, -3.062
",0.0077700522945726635,feasible,22
40,0,32,"//0
p:-0.544, -0.537, 0.451
p:1.043, 0.042, -0.076, fr=0.739
p:1.11, -0.201, -0.275, fr=1.044
p:-1.172, -0.761, 0.611
j:0, 1
j:2, 1, stif=0.837
j:3, 0, stif=0.927
n:j=0, d=""|:p=0.288, r=0.867""
n:p=2, d=Gpart
c:0, 1, -3.062
",0.008135965838957235,"//0
p:-0.544, -0.537, 0.451
p:1.043, 0.042, -0.076, fr=0.739
p:1.11, -0.201, -0.275, fr=1.044
p:-1.172, -0.761, 0.611
j:0, 1
j:2, 1, stif=0.888
j:3, 0, stif=0.927
n:j=0, d=""|:p=0.288, r=0.867""
n:p=2, d=Gpart
c:0, 1, -3.062
",0.006720973873263125,feasible,22
40,0,32,"//0
p:-0.544, -0.537, 0.451
p:1.043, 0.042, -0.076, fr=0.739
p:1.11, -0.201, -0.275, fr=1.044
p:-1.172, -0.761, 0.611
j:0, 1
j:2, 1, stif=0.837
j:3, 0, stif=0.927
n:j=0, d=""|:p=0.288, r=0.867""
n:p=2, d=Gpart
c:0, 1, -3.062
",0.008135965838957235,"//0
p:-0.544, -0.537, 0.451, fr=1.069
p:1.043, 0.042, -0.076, fr=0.739
p:1.11, -0.201, -0.275, fr=1.044
p:-1.172, -0.761, 0.611
j:0, 1
j:2, 1, stif=0.837
j:3, 0, stif=0.927
n:j=0, d=""|:p=0.288, r=0.867""
n:p=2, d=Gpart
c:0, 1, -3.062
",0.005647726920108133,feasible,22
40,0,32,"//0
p:-0.544, -0.537, 0.451
p:1.043, 0.042, -0.076, fr=0.739
p:1.11, -0.201, -0.275, fr=1.044
p:-1.172, -0.761, 0.611
j:0, 1
j:2, 1, stif=0.837
j:3, 0, stif=0.927
n:j=0, d=""|:p=0.288, r=0.867""
n:p=2, d=Gpart
c:0, 1, -3.062
",0.008135965838957235,"//0
p:-0.544, -0.537, 0.451
p:1.043, 0.042, -0.076, fr=0.739
p:0.6452768271660065, -0.31504249640098, -0.09456847890844944, fr=1.044
p:-1.172, -0.761, 0.611
j:0, 1
j:2, 1, stif=0.837
j:3, 0, stif=0.927
j:3, 2
n:j=0, d=""|:p=0.288, r=0.867""
n:p=2, d=Gpart
c:0, 1, -3.062
",6.689375121846117e-06,feasible,22
40,0,32,"//0
p:-0.544, -0.537, 0.451
p:1.043, 0.042, -0.076, fr=0.739
p:1.11, -0.201, -0.275, fr=1.044
p:-1.172, -0.761, 0.611
j:0, 1
j:2, 1, stif=0.837
j:3, 0, stif=0.927
n:j=0, d=""|:p=0.288, r=0.867""
n:p=2, d=Gpart
c:0, 1, -3.062
",0.008135965838957235,"//0
p:-0.544, -0.537, 0.451
p:1.043, 0.042, -0.076, fr=0.739
p:1.11, -0.201, -0.275, fr=1.044
p:-1.172, -0.761, 0.611
j:0, 1
j:2, 1, stif=0.864
j:3, 0, stif=0.927
n:j=0, d=""|:p=0.288, r=0.867""
n:p=2, d=Gpart
c:0, 1, -3.062
",0.005810766057917768,feasible,22
40,0,32,"//0
p:-0.544, -0.537, 0.451
p:1.043, 0.042, -0.076, fr=0.739
p:1.11, -0.201, -0.275, fr=1.044
p:-1.172, -0.761, 0.611
j:0, 1
j:2, 1, stif=0.837
j:3, 0, stif=0.927
n:j=0, d=""|:p=0.288, r=0.867""
n:p=2, d=Gpart
c:0, 1, -3.062
",0.008135965838957235,"//0
p:-0.544, -0.537, 0.451
p:1.043, 0.042, -0.076, fr=0.739
p:1.11, -0.201, -0.275, fr=1.044
p:-1.172, -0.761, 0.611
j:0, 1
j:2, 1, stif=0.837
j:3, 0, stif=0.927
n:j=0, d=""|:p=0.288, r=0.867""
n:p=2, d=Gpart
n:p=2, d=T
c:0, 1, -3.062
",0.008135965838957235,feasible,22
40,0,32,"//0
p:-0.544, -0.537, 0.451
p:1.043, 0.042, -0.076, fr=0.739
p:1.11, -0.201, -0.275, fr=1.044
p:-1.172, -0.761, 0.611
j:0, 1
j:2, 1, stif=0.837
j:3, 0, stif=0.927
n:j=0, d=""|:p=0.288, r=0.867""
n:p=2, d=Gpart
c:0, 1, -3.062
",0.008135965838957235,"//0
p:-0.544, -0.537, 0.451
p:1.043, 0.042, -0.076, fr=0.739
p:1.11, -0.201, -0.275, fr=1.044
p:-1.172, -0.761, 0.611
j:0, 1
j:2, 1, stif=0.837
j:3, 0, stif=0.927
n:j=0, d=""|:p=0.288, r=0.867""
n:p=2, d=Gpart
n:p=3, d=T
c:0, 1, -3.062
",0.008135965838957235,feasible,22
40,0,32,"//0
p:-0.544, -0.537, 0.451
p:1.043, 0.042, -0.076, fr=0.739
p:1.11, -0.201, -0.275, fr=1.044
p:-1.172, -0.761, 0.611
j:0, 1
j:2, 1, stif=0.837
j:3, 0, stif=0.927
n:j=0, d=""|:p=0.288, r=0.867""
n:p=2, d=Gpart
c:0, 1, -3.062
",0.008135965838957235,"//0
p:-0.544, -0.537, 0.451
p:1.043, 0.042, -0.076, fr=0.739
p:1.11, -0.201, -0.275, fr=1.044
p:-1.172, -0.761, 0.611
j:0, 1
j:2, 1, stif=0.837
j:3, 0, stif=0.927
n:j=0, d=""|:p=0.288, r=0.867""
n:p=2, d=Gpart
c:0, 1, -2.164
",8.683823180454553e-05,feasible,22
40,0,32,"//0
p:-0.544, -0.537, 0.451
p:1.043, 0.042, -0.076, fr=0.739
p:1.11, -0.201, -0.275, fr=1.044
p:-1.172, -0.761, 0.611
j:0, 1
j:2, 1, stif=0.837
j:3, 0, stif=0.927
n:j=0, d=""|:p=0.288, r=0.867""
n:p=2, d=Gpart
c:0, 1, -3.062
",0.008135965838957235,"//0
p:-0.544, -0.537, 0.451
p:1.043, 0.042, -0.076, fr=0.739
p:1.11, -0.201, -0.275, fr=1.044
p:-1.336, -0.9, -0.181
j:0, 1
j:2, 1, stif=0.837
j:3, 0, stif=0.927
n:j=0, d=""|:p=0.288, r=0.867""
n:p=2, d=Gpart
c:0, 1, -3.062
",0.0009733349364866287,feasible,22
40,0,32,"//0
p:-0.544, -0.537, 0.451
p:1.043, 0.042, -0.076, fr=0.739
p:1.11, -0.201, -0.275, fr=1.044
p:-1.172, -0.761, 0.611
j:0, 1
j:2, 1, stif=0.837
j:3, 0, stif=0.927
n:j=0, d=""|:p=0.288, r=0.867""
n:p=2, d=Gpart
c:0, 1, -3.062
",0.008135965838957235,"//0
p:-0.544, -0.537, 0.451
p:1.043, 0.042, -0.076, fr=0.739
p:1.11, -0.201, -0.275, fr=1.044
p:-1.172, -0.761, 0.611
j:0, 1
j:2, 1, stif=0.837
j:3, 0, stif=0.927
n:j=0, d=""|:p=0.288, r=0.867""
n:p=2, d=Gpart
c:0, 1, -4.639
",2.693958407692305e-05,feasible,22
40,0,32,"//0
p:-0.544, -0.537, 0.451
p:1.043, 0.042, -0.076, fr=0.739
p:1.11, -0.201, -0.275, fr=1.044
p:-1.172, -0.761, 0.611
j:0, 1
j:2, 1, stif=0.837
j:3, 0, stif=0.927
n:j=0, d=""|:p=0.288, r=0.867""
n:p=2, d=Gpart
c:0, 1, -3.062
",0.008135965838957235,"//0
p:-0.544, -0.537, 0.451
p:1.043, 0.042, -0.076, fr=0.739
p:1.11, -0.201, -0.275, fr=1.056
p:-1.172, -0.761, 0.611
j:0, 1
j:2, 1, stif=0.837
j:3, 0, stif=0.927
n:j=0, d=""|:p=0.288, r=0.867""
n:p=2, d=Gpart
c:0, 1, -3.062
",0.004257843482435769,feasible,22
40,0,32,"//0
p:-0.544, -0.537, 0.451
p:1.043, 0.042, -0.076, fr=0.739
p:1.11, -0.201, -0.275, fr=1.044
p:-1.172, -0.761, 0.611
j:0, 1
j:2, 1, stif=0.837
j:3, 0, stif=0.927
n:j=0, d=""|:p=0.288, r=0.867""
n:p=2, d=Gpart
c:0, 1, -3.062
",0.008135965838957235,"//0
p:-0.544, -0.537, 0.451
p:1.043, 0.042, -0.076, fr=0.739
p:1.11, -0.201, -0.275, fr=1.044
p:-1.172, -0.761, 0.611
j:0, 1
j:2, 1, stif=0.837
j:3, 0, stif=0.927
n:j=0, d=""|:p=0.311, r=0.867""
n:p=2, d=Gpart
c:0, 1, -3.062
",0.005465066877785395,feasible,22
40,0,32,"//0
p:-0.544, -0.537, 0.451
p:1.043, 0.042, -0.076, fr=0.739
p:1.11, -0.201, -0.275, fr=1.044
p:-1.172, -0.761, 0.611
j:0, 1
j:2, 1, stif=0.837
j:3, 0, stif=0.927
n:j=0, d=""|:p=0.288, r=0.867""
n:p=2, d=Gpart
c:0, 1, -3.062
",0.008135965838957235,"//0
p:-0.544, -0.537, 0.451
p:1.043, 0.042, -0.076, fr=0.739
p:1.11, -0.201, -0.275, fr=1.044
p:-1.172, -0.761, 0.611
j:0, 1, rotstif=0.845
j:2, 1, stif=0.837
j:3, 0, stif=0.927
n:j=0, d=""|:p=0.288, r=0.867""
n:p=2, d=Gpart
c:0, 1, -3.062
",0.008135965838957235,feasible,22
40,0,32,"//0
p:-0.544, -0.537, 0.451
p:1.043, 0.042, -0.076, fr=0.739
p:1.11, -0.201, -0.275, fr=1.044
p:-1.172, -0.761, 0.611
j:0, 1
j:2, 1, stif=0.837
j:3, 0, stif=0.927
n:j=0, d=""|:p=0.288, r=0.867""
n:p=2, d=Gpart
c:0, 1, -3.062
",0.008135965838957235,"//0
p:-0.544, -0.537, 0.451
p:0.6329025347899642, -0.10667190273754346, 0.05119501516898184, fr=0.739
p:1.11, -0.201, -0.275, fr=1.044
p:-1.172, -0.761, 0.611
j:3, 1
j:2, 1, stif=0.837
j:0, 3, stif=0.927
n:j=0, d=""|:p=0.288, r=0.867""
n:p=2, d=Gpart
c:0, 1, -3.062
",2.3363129021445962e-05,feasible,22
40,0,32,"//0
p:-0.544, -0.537, 0.451
p:1.043, 0.042, -0.076, fr=0.739
p:1.11, -0.201, -0.275, fr=1.044
p:-1.172, -0.761, 0.611
j:0, 1
j:2, 1, stif=0.837
j:3, 0, stif=0.927
n:j=0, d=""|:p=0.288, r=0.867""
n:p=2, d=Gpart
c:0, 1, -3.062
",0.008135965838957235,"//0
p:-0.544, -0.537, 0.451
p:1.043, 0.042, -0.076, fr=0.739
p:1.11, -0.201, -0.275, fr=1.044
p:-1.172, -0.761, 0.611
j:0, 1
j:2, 1, stif=0.837
j:3, 0, stif=0.907
n:j=0, d=""|:p=0.288, r=0.867""
n:p=2, d=Gpart
c:0, 1, -3.062
",0.0030978182964521155,feasible,22
40,0,32,"//0
p:-0.544, -0.537, 0.451
p:1.043, 0.042, -0.076, fr=0.739
p:1.11, -0.201, -0.275, fr=1.044
p:-1.172, -0.761, 0.611
j:0, 1
j:2, 1, stif=0.837
j:3, 0, stif=0.927
n:j=0, d=""|:p=0.288, r=0.867""
n:p=2, d=Gpart
c:0, 1, -3.062
",0.008135965838957235,"//0
p:-0.544, -0.537, 0.451
p:1.043, 0.042, -0.076, fr=0.739
p:1.11, -0.201, -0.275, fr=1.044
p:-1.172, -0.761, 0.611
j:0, 1
j:2, 1, stif=0.837
j:3, 0, stif=0.927
n:j=0, d=""|:p=0.288, r=0.867""
n:p=2, d=Gpart
n:p=1, d=T
c:0, 1, -3.062
",0.008135965838957235,feasible,22
40,0,33,"//0
p:-0.544, -0.537, 0.451
p:1.043, 0.042, -0.076, fr=0.739
p:1.11, -0.201, -0.275, fr=1.044
p:-1.172, -0.761, 0.611, fr=0.683
j:0, 1
j:2, 1, stif=0.837
j:3, 0, stif=0.927
n:j=0, d=""|:p=0.288, r=0.867""
n:p=2, d=Gpart
c:0, 1, -3.062
",0.008470008654652604,"//0
p:-0.544, -0.537, 0.451
p:1.043, 0.042, -0.076, fr=0.739
p:1.11, -0.201, -0.275, fr=1.044
p:-1.172, -0.761, 0.611, fr=0.683
j:0, 1
j:2, 1, stif=0.837
j:3, 0, stif=0.927
n:j=0, d=""|:p=0.288, r=0.867""
n:p=2, d=Gpart
c:0, 1, -3.666
",0.001809324141576913,feasible,21
40,0,33,"//0
p:-0.544, -0.537, 0.451
p:1.043, 0.042, -0.076, fr=0.739
p:1.11, -0.201, -0.275, fr=1.044
p:-1.172, -0.761, 0.611, fr=0.683
j:0, 1
j:2, 1, stif=0.837
j:3, 0, stif=0.927
n:j=0, d=""|:p=0.288, r=0.867""
n:p=2, d=Gpart
c:0, 1, -3.062
",0.008470008654652604,"//0
p:-0.233, -0.536, 0.319
p:1.043, 0.042, -0.076, fr=0.739
p:1.11, -0.201, -0.275, fr=1.044
p:-1.172, -0.761, 0.611, fr=0.683
j:0, 1
j:2, 1, stif=0.837
j:3, 0, stif=0.927
n:j=0, d=""|:p=0.288, r=0.867""
n:p=2, d=Gpart
c:0, 1, -3.062
",1.7353311458454152e-05,feasible,21
40,0,33,"//0
p:-0.544, -0.537, 0.451
p:1.043, 0.042, -0.076, fr=0.739
p:1.11, -0.201, -0.275, fr=1.044
p:-1.172, -0.761, 0.611, fr=0.683
j:0, 1
j:2, 1, stif=0.837
j:3, 0, stif=0.927
n:j=0, d=""|:p=0.288, r=0.867""
n:p=2, d=Gpart
c:0, 1, -3.062
",0.008470008654652604,"//0
p:-1.009, -1.19, 0.451
p:0.6654106008680223, -0.18470084782192808, 0.020973495780970852, fr=0.739
p:1.11, -0.201, -0.275, fr=1.044
p:-1.172, -0.761, 0.611, fr=0.683
j:0, 1
j:2, 1, stif=0.837
j:3, 0, stif=0.927
n:j=0, d=""|:p=0.288, r=0.867""
n:p=2, d=Gpart
c:0, 1, -3.062
",0.0006525512568155495,feasible,21
40,0,33,"//0
p:-0.544, -0.537, 0.451
p:1.043, 0.042, -0.076, fr=0.739
p:1.11, -0.201, -0.275, fr=1.044
p:-1.172, -0.761, 0.611, fr=0.683
j:0, 1
j:2, 1, stif=0.837
j:3, 0, stif=0.927
n:j=0, d=""|:p=0.288, r=0.867""
n:p=2, d=Gpart
c:0, 1, -3.062
",0.008470008654652604,"//0
p:-0.56, -1.128, 0.508
p:0.9896023733988599, 0.00302606168226216, -0.056546341899522234, fr=0.739
p:1.11, -0.201, -0.275, fr=1.044
p:-1.172, -0.761, 0.611, fr=0.683
j:0, 1
j:2, 1, stif=0.837
j:3, 0, stif=0.927
n:j=0, d=""|:p=0.288, r=0.867""
n:p=2, d=Gpart
c:0, 1, -3.062
",0.0013138330526577633,feasible,21
40,0,33,"//0
p:-0.544, -0.537, 0.451
p:1.043, 0.042, -0.076, fr=0.739
p:1.11, -0.201, -0.275, fr=1.044
p:-1.172, -0.761, 0.611, fr=0.683
j:0, 1
j:2, 1, stif=0.837
j:3, 0, stif=0.927
n:j=0, d=""|:p=0.288, r=0.867""
n:p=2, d=Gpart
c:0, 1, -3.062
",0.008470008654652604,"//0
p:-0.544, -0.537, 0.451
p:1.043, 0.042, -0.076, fr=0.739
p:1.11, -0.201, -0.275, fr=1.044
p:-1.172, -0.761, 0.611, fr=0.683
j:0, 1
j:2, 1, stif=0.837
j:3, 0, stif=0.927, rotstif=0.91
n:j=0, d=""|:p=0.288, r=0.867""
n:p=2, d=Gpart
c:0, 1, -3.062
",0.008470008654652604,feasible,21
40,0,33,"//0
p:-0.544, -0.537, 0.451
p:1.043, 0.042, -0.076, fr=0.739
p:1.11, -0.201, -0.275, fr=1.044
p:-1.172, -0.761, 0.611, fr=0.683
j:0, 1
j:2, 1, stif=0.837
j:3, 0, stif=0.927
n:j=0, d=""|:p=0.288, r=0.867""
n:p=2, d=Gpart
c:0, 1, -3.062
",0.008470008654652604,"//0
p:-0.544, -0.537, 0.451
p:1.043, 0.042, -0.076, fr=0.739
p:1.11, -0.201, -0.275, fr=1.044
p:-0.7619025347899642, -0.6123280972624565, 0.48380498483101814, fr=0.683
j:1, 0
j:2, 0, stif=0.837
j:3, 1, stif=0.927
n:j=0, d=""|:p=0.288, r=0.867""
n:p=2, d=Gpart
c:0, 1, -3.062
",5.744050098642454e-05,feasible,21
40,0,33,"//0
p:-0.544, -0.537, 0.451
p:1.043, 0.042, -0.076, fr=0.739
p:1.11, -0.201, -0.275, fr=1.044
p:-1.172, -0.761, 0.611, fr=0.683
j:0, 1
j:2, 1, stif=0.837
j:3, 0, stif=0.927
n:j=0, d=""|:p=0.288, r=0.867""
n:p=2, d=Gpart
c:0, 1, -3.062
",0.008470008654652604,"//0
p:-0.544, -0.537, 0.451
p:1.043, 0.042, -0.076, fr=0.739
p:1.11, -0.201, -0.275, fr=1.044
p:-1.172, -0.761, 0.611, fr=0.683
j:0, 1
j:2, 1, stif=0.837
j:3, 0, stif=0.927
n:j=0, d=""|:p=0.288, r=0.867""
n:p=2, d=Gpart
c:0, 1, -2.289
",9.009396671141248e-05,feasible,21
40,0,33,"//0
p:-0.544, -0.537, 0.451
p:1.043, 0.042, -0.076, fr=0.739
p:1.11, -0.201, -0.275, fr=1.044
p:-1.172, -0.761, 0.611, fr=0.683
j:0, 1
j:2, 1, stif=0.837
j:3, 0, stif=0.927
n:j=0, d=""|:p=0.288, r=0.867""
n:p=2, d=Gpart
c:0, 1, -3.062
",0.008470008654652604,"//0
p:-0.544, -0.537, 0.451
p:1.043, 0.042, -0.076, fr=0.739
p:1.11, -0.201, -0.275, fr=1.044
p:-1.172, -0.761, 0.611, fr=0.889
j:0, 1
j:2, 1, stif=0.837
j:3, 0, stif=0.927
n:j=0, d=""|:p=0.288, r=0.867""
n:p=2, d=Gpart
c:0, 1, -3.062
",0.004750942326901078,feasible,21
40,0,33,"//0
p:-0.544, -0.537, 0.451
p:1.043, 0.042, -0.076, fr=0.739
p:1.11, -0.201, -0.275, fr=1.044
p:-1.172, -0.761, 0.611, fr=0.683
j:0, 1
j:2, 1, stif=0.837
j:3, 0, stif=0.927
n:j=0, d=""|:p=0.288, r=0.867""
n:p=2, d=Gpart
c:0, 1, -3.062
",0.008470008654652604,"//0
p:-0.544, -0.537, 0.451
p:1.043, 0.042, -0.076, fr=0.739
p:1.11, -0.201, -0.275, fr=1.044
p:-1.172, -0.761, 0.611, fr=0.683
j:0, 1
j:2, 1, stif=0.837
j:3, 0, stif=0.927
n:j=0, d=""|:p=0.288, r=0.867""
n:p=2, d=Gpart:ry=-0.559
c:0, 1, -3.062
",0.00025202081144241,feasible,21
40,0,33,"//0
p:-0.544, -0.537, 0.451
p:1.043, 0.042, -0.076, fr=0.739
p:1.11, -0.201, -0.275, fr=1.044
p:-1.172, -0.761, 0.611, fr=0.683
j:0, 1
j:2, 1, stif=0.837
j:3, 0, stif=0.927
n:j=0, d=""|:p=0.288, r=0.867""
n:p=2, d=Gpart
c:0, 1, -3.062
",0.008470008654652604,"//0
p:-0.544, -0.537, 0.451
p:1.043, 0.042, -0.076, fr=0.739
p:1.11, -0.201, -0.275, fr=1.044
p:-1.172, -0.761, 0.611, fr=0.683
j:0, 1
j:2, 1, stif=0.837
j:3, 0, stif=0.927, rotstif=0.912
n:j=0, d=""|:p=0.288, r=0.867""
n:p=2, d=Gpart
c:0, 1, -3.062
",0.008470008654652604,feasible,21
40,0,33,"//0
p:-0.544, -0.537, 0.451
p:1.043, 0.042, -0.076, fr=0.739
p:1.11, -0.201, -0.275, fr=1.044
p:-1.172, -0.761, 0.611, fr=0.683
j:0, 1
j:2, 1, stif=0.837
j:3, 0, stif=0.927
n:j=0, d=""|:p=0.288, r=0.867""
n:p=2, d=Gpart
c:0, 1, -3.062
",0.008470008654652604,"//0
p:-0.544, -0.537, 0.451
p:1.043, 0.042, -0.076, fr=0.739
p:1.11, -0.201, -0.275, fr=1.044
p:-0.7072768271660064, -0.64695750359902, 0.4305684789084494, fr=0.683
j:2, 1
j:0, 1, stif=0.837
j:3, 2, stif=0.927
n:j=0, d=""|:p=0.288, r=0.867""
n:p=2, d=Gpart
c:0, 1, -3.062
",3.620731356837134e-05,feasible,21
40,0,33,"//0
p:-0.544, -0.537, 0.451
p:1.043, 0.042, -0.076, fr=0.739
p:1.11, -0.201, -0.275, fr=1.044
p:-1.172, -0.761, 0.611, fr=0.683
j:0, 1
j:2, 1, stif=0.837
j:3, 0, stif=0.927
n:j=0, d=""|:p=0.288, r=0.867""
n:p=2, d=Gpart
c:0, 1, -3.062
",0.008470008654652604,"//0
p:-0.544, -0.537, 0.451
p:1.043, 0.042, -0.076, fr=0.739
p:1.11, -0.201, -0.275, fr=1.044
p:-0.7072768271660064, -0.64695750359902, 0.4305684789084494, fr=0.683
j:0, 1
j:2, 1, stif=0.837
j:3, 0, stif=0.927
j:2, 3
n:j=0, d=""|:p=0.288, r=0.867""
n:p=2, d=Gpart
c:0, 1, -3.062
",0.0008850148148886994,feasible,21
40,0,33,"//0
p:-0.544, -0.537, 0.451
p:1.043, 0.042, -0.076, fr=0.739
p:1.11, -0.201, -0.275, fr=1.044
p:-1.172, -0.761, 0.611, fr=0.683
j:0, 1
j:2, 1, stif=0.837
j:3, 0, stif=0.927
n:j=0, d=""|:p=0.288, r=0.867""
n:p=2, d=Gpart
c:0, 1, -3.062
",0.008470008654652604,"//0
p:-0.544, -0.537, 0.451
p:1.043, 0.042, -0.076, fr=0.739
p:0.6452768271660065, -0.31504249640098, -0.09456847890844944, fr=1.044
p:-1.172, -0.761, 0.611, fr=0.683
j:0, 3
j:2, 3, stif=0.837
j:1, 0, stif=0.927
n:j=0, d=""|:p=0.288, r=0.867""
n:p=2, d=Gpart
c:0, 1, -3.062
",3.1899944543980743e-05,feasible,21
40,0,33,"//0
p:-0.544, -0.537, 0.451
p:1.043, 0.042, -0.076, fr=0.739
p:1.11, -0.201, -0.275, fr=1.044
p:-1.172, -0.761, 0.611, fr=0.683
j:0, 1
j:2, 1, stif=0.837
j:3, 0, stif=0.927
n:j=0, d=""|:p=0.288, r=0.867""
n:p=2, d=Gpart
c:0, 1, -3.062
",0.008470008654652604,"//0
p:-0.544, -0.537, 0.451, ing=0.319
p:1.043, 0.042, -0.076, fr=0.739
p:1.11, -0.201, -0.275, fr=1.044
p:-1.172, -0.761, 0.611, fr=0.683
j:0, 1
j:2, 1, stif=0.837
j:3, 0, stif=0.927
n:j=0, d=""|:p=0.288, r=0.867""
n:p=2, d=Gpart
c:0, 1, -3.062
",0.008470008654652604,feasible,21
40,0,33,"//0
p:-0.544, -0.537, 0.451
p:1.043, 0.042, -0.076, fr=0.739
p:1.11, -0.201, -0.275, fr=1.044
p:-1.172, -0.761, 0.611, fr=0.683
j:0, 1
j:2, 1, stif=0.837
j:3, 0, stif=0.927
n:j=0, d=""|:p=0.288, r=0.867""
n:p=2, d=Gpart
c:0, 1, -3.062
",0.008470008654652604,"//0
p:-0.544, -0.537, 0.451
p:1.043, 0.042, -0.076, fr=0.739
p:1.11, -0.201, -0.275, fr=1.044
p:-1.172, -0.761, 0.611, fr=0.683
j:0, 1
j:2, 1, stif=0.837, rotstif=0.985
j:3, 0, stif=0.927
n:j=0, d=""|:p=0.288, r=0.867""
n:p=2, d=Gpart
c:0, 1, -3.062
",0.008470008654652604,feasible,21
40,0,33,"//0
p:-0.544, -0.537, 0.451
p:1.043, 0.042, -0.076, fr=0.739
p:1.11, -0.201, -0.275, fr=1.044
p:-1.172, -0.761, 0.611, fr=0.683
j:0, 1
j:2, 1, stif=0.837
j:3, 0, stif=0.927
n:j=0, d=""|:p=0.288, r=0.867""
n:p=2, d=Gpart
c:0, 1, -3.062
",0.008470008654652604,"//0
p:-0.544, -0.537, 0.451
p:1.043, 0.042, -0.076, fr=0.739
p:1.11, -0.201, -0.275, fr=1.044
p:-1.172, -0.761, 0.611, fr=0.683
j:0, 1
j:2, 1, stif=0.837
j:3, 0, stif=0.927
n:j=0, d=""|:p=0.288, r=0.867""
n:p=2, d=Gpart
c:0, 1, -0.847
",0.0010869545878533751,feasible,21
40,0,33,"//0
p:-0.544, -0.537, 0.451
p:1.043, 0.042, -0.076, fr=0.739
p:1.11, -0.201, -0.275, fr=1.044
p:-1.172, -0.761, 0.611, fr=0.683
j:0, 1
j:2, 1, stif=0.837
j:3, 0, stif=0.927
n:j=0, d=""|:p=0.288, r=0.867""
n:p=2, d=Gpart
c:0, 1, -3.062
",0.008470008654652604,"//0
p:-0.544, -0.537, 0.451
p:1.043, 0.042, -0.076, fr=0.739
p:1.11, -0.201, -0.275, fr=1.044
p:-0.7619025347899642, -0.6123280972624565, 0.48380498483101814, fr=0.683
j:0, 1
j:3, 1, stif=0.837
j:2, 0, stif=0.927
n:j=0, d=""|:p=0.288, r=0.867""
n:p=2, d=Gpart
c:0, 1, -3.062
",5.872598905364004e-05,feasible,21
40,0,33,"//0
p:-0.544, -0.537, 0.451
p:1.043, 0.042, -0.076, fr=0.739
p:1.11, -0.201, -0.275, fr=1.044
p:-1.172, -0.761, 0.611, fr=0.683
j:0, 1
j:2, 1, stif=0.837
j:3, 0, stif=0.927
n:j=0, d=""|:p=0.288, r=0.867""
n:p=2, d=Gpart
c:0, 1, -3.062
",0.008470008654652604,"//0
p:-0.544, -0.537, 0.451
p:1.043, 0.042, -0.076, fr=0.739
p:1.11, -0.201, -0.275, fr=1.044
p:-1.172, -0.761, 0.611, fr=0.683
j:0, 1
j:2, 1, stif=0.837
j:3, 0, stif=0.927
n:j=0, d=""|:p=0.288, r=0.867""
n:p=2, d=Gpart:ry=-0.426
c:0, 1, -3.062
",7.985874994399104e-05,feasible,21
40,0,33,"//0
p:-0.544, -0.537, 0.451
p:1.043, 0.042, -0.076, fr=0.739
p:1.11, -0.201, -0.275, fr=1.044
p:-1.172, -0.761, 0.611, fr=0.683
j:0, 1
j:2, 1, stif=0.837
j:3, 0, stif=0.927
n:j=0, d=""|:p=0.288, r=0.867""
n:p=2, d=Gpart
c:0, 1, -3.062
",0.008470008654652604,"//0
p:-0.544, -0.537, 0.451
p:1.043, 0.042, -0.076, fr=0.739
p:0.6452768271660065, -0.31504249640098, -0.09456847890844944, fr=1.044
p:-1.172, -0.761, 0.611, fr=0.683
j:0, 1
j:2, 1, stif=0.837
j:3, 0, stif=0.927
j:3, 2
n:j=0, d=""|:p=0.288, r=0.867""
n:p=2, d=Gpart
c:0, 1, -3.062
",3.809929044134078e-05,feasible,21
40,0,33,"//0
p:-0.544, -0.537, 0.451
p:1.043, 0.042, -0.076, fr=0.739
p:1.11, -0.201, -0.275, fr=1.044
p:-1.172, -0.761, 0.611, fr=0.683
j:0, 1
j:2, 1, stif=0.837
j:3, 0, stif=0.927
n:j=0, d=""|:p=0.288, r=0.867""
n:p=2, d=Gpart
c:0, 1, -3.062
",0.008470008654652604,"//0
p:-0.544, -0.537, 0.451
p:1.043, 0.042, -0.076, fr=0.739
p:1.11, -0.201, -0.275, fr=1.044
p:-1.172, -0.761, 0.611, fr=0.683
j:0, 1
j:2, 1, stif=0.837
j:3, 0, stif=0.927
n:j=0, d=""|:p=0.288, r=0.867""
n:p=2, d=Gpart
c:0, 1, -4.607
",2.6345475844768197e-05,feasible,21
40,0,34,"//0
p:-0.544, -0.537, 0.451
p:1.043, 0.042, -0.076, fr=0.739
p:1.11, -0.201, -0.275, fr=1.044
p:-1.172, -0.761, 0.611, fr=0.683
j:0, 1
j:2, 1, stif=0.837
j:3, 0, stif=0.927
n:j=0, d=""|:p=0.381, r=0.867""
n:p=2, d=Gpart
c:0, 1, -3.062
",0.008654740377527932,"//0
p:-0.544, -0.537, 0.451, fr=0.371
p:1.043, 0.042, -0.076, fr=0.739
p:1.11, -0.201, -0.275, fr=1.044
p:-1.172, -0.761, 0.611, fr=0.683
j:0, 1
j:2, 1, stif=0.837
j:3, 0, stif=0.927
n:j=0, d=""|:p=0.381, r=0.867""
n:p=2, d=Gpart
c:0, 1, -3.062
",0.0068564842530462,feasible,20
40,0,34,"//0
p:-0.544, -0.537, 0.451
p:1.043, 0.042, -0.076, fr=0.739
p:1.11, -0.201, -0.275, fr=1.044
p:-1.172, -0.761, 0.611, fr=0.683
j:0, 1
j:2, 1, stif=0.837
j:3, 0, stif=0.927
n:j=0, d=""|:p=0.381, r=0.867""
n:p=2, d=Gpart
c:0, 1, -3.062
",0.008654740377527932,"//0
p:-0.544, -0.537, 0.451
p:1.043, 0.042, -0.076, fr=0.739
p:1.11, -0.201, -0.275, fr=1.044
p:-1.172, -0.761, 0.611, fr=0.683
j:0, 1
j:2, 1, stif=0.837
j:3, 0, stif=0.927
n:j=0, d=""|:p=0.29, r=0.867""
n:p=2, d=Gpart
c:0, 1, -3.062
",0.007049356460328346,feasible,20
40,0,34,"//0
p:-0.544, -0.537, 0.451
p:1.043, 0.042, -0.076, fr=0.739
p:1.11, -0.201, -0.275, fr=1.044
p:-1.172, -0.761, 0.611, fr=0.683
j:0, 1
j:2, 1, stif=0.837
j:3, 0, stif=0.927
n:j=0, d=""|:p=0.381, r=0.867""
n:p=2, d=Gpart
c:0, 1, -3.062
",0.008654740377527932,"//0
p:-0.544, -0.537, 0.451
p:0.431, 0.095, 0.423, fr=0.739
p:1.11, -0.201, -0.275, fr=1.044
p:-1.172, -0.761, 0.611, fr=0.683
j:0, 1
j:2, 1, stif=0.837
j:3, 0, stif=0.927
n:j=0, d=""|:p=0.381, r=0.867""
n:p=2, d=Gpart
c:0, 1, -3.062
",0.00043123725359527407,feasible,20
40,0,34,"//0
p:-0.544, -0.537, 0.451
p:1.043, 0.042, -0.076, fr=0.739
p:1.11, -0.201, -0.275, fr=1.044
p:-1.172, -0.761, 0.611, fr=0.683
j:0, 1
j:2, 1, stif=0.837
j:3, 0, stif=0.927
n:j=0, d=""|:p=0.381, r=0.867""
n:p=2, d=Gpart
c:0, 1, -3.062
",0.008654740377527932,"//0
p:-0.544, -0.537, 0.451
p:1.043, 0.042, -0.076, fr=0.739
p:1.11, -0.201, -0.275, fr=1.044
p:-1.172, -0.761, 0.611, fr=0.683
j:0, 1, rotstif=0.995
j:2, 1, stif=0.837
j:3, 0, stif=0.927
n:j=0, d=""|:p=0.381, r=0.867""
n:p=2, d=Gpart
c:0, 1, -3.062
",0.008654740377527932,feasible,20
40,0,34,"//0
p:-0.544, -0.537, 0.451
p:1.043, 0.042, -0.076, fr=0.739
p:1.11, -0.201, -0.275, fr=1.044
p:-1.172, -0.761, 0.611, fr=0.683
j:0, 1
j:2, 1, stif=0.837
j:3, 0, stif=0.927
n:j=0, d=""|:p=0.381, r=0.867""
n:p=2, d=Gpart
c:0, 1, -3.062
",0.008654740377527932,"//0
p:-0.544, -0.537, 0.451
p:1.043, 0.042, -0.076, fr=0.739
p:-1.172, -0.761, 0.611, fr=0.683
j:0, 1
j:2, 0, stif=0.927
n:j=0, d=""|:p=0.381, r=0.867""
",0.00016653732378090174,feasible,20
40,0,34,"//0
p:-0.544, -0.537, 0.451
p:1.043, 0.042, -0.076, fr=0.739
p:1.11, -0.201, -0.275, fr=1.044
p:-1.172, -0.761, 0.611, fr=0.683
j:0, 1
j:2, 1, stif=0.837
j:3, 0, stif=0.927
n:j=0, d=""|:p=0.381, r=0.867""
n:p=2, d=Gpart
c:0, 1, -3.062
",0.008654740377527932,"//0
p:-0.544, -0.537, 0.451
p:1.043, 0.042, -0.076, fr=0.739
p:1.11, -0.201, -0.275, fr=1.044
p:-1.172, -0.761, 0.611, fr=0.683
j:0, 1
j:2, 1, stif=0.837, rotstif=0.853
j:3, 0, stif=0.927
n:j=0, d=""|:p=0.381, r=0.867""
n:p=2, d=Gpart
c:0, 1, -3.062
",0.008654740377527932,feasible,20
40,0,34,"//0
p:-0.544, -0.537, 0.451
p:1.043, 0.042, -0.076, fr=0.739
p:1.11, -0.201, -0.275, fr=1.044
p:-1.172, -0.761, 0.611, fr=0.683
j:0, 1
j:2, 1, stif=0.837
j:3, 0, stif=0.927
n:j=0, d=""|:p=0.381, r=0.867""
n:p=2, d=Gpart
c:0, 1, -3.062
",0.008654740377527932,"//0
p:-0.341, -0.408, 0.46
p:1.043, 0.042, -0.076, fr=0.739
p:1.11, -0.201, -0.275, fr=1.044
p:-1.172, -0.761, 0.611, fr=0.683
j:0, 1
j:2, 1, stif=0.837
j:3, 0, stif=0.927
n:j=0, d=""|:p=0.381, r=0.867""
n:p=2, d=Gpart
c:0, 1, -3.062
",2.719052139839716e-05,feasible,20
40,0,34,"//0
p:-0.544, -0.537, 0.451
p:1.043, 0.042, -0.076, fr=0.739
p:1.11, -0.201, -0.275, fr=1.044
p:-1.172, -0.761, 0.611, fr=0.683
j:0, 1
j:2, 1, stif=0.837
j:3, 0, stif=0.927
n:j=0, d=""|:p=0.381, r=0.867""
n:p=2, d=Gpart
c:0, 1, -3.062
",0.008654740377527932,"//0
p:-0.544, -0.537, 0.451
p:1.043, 0.042, -0.076, fr=0.739
p:1.11, -0.201, -0.275, fr=1.044
p:-1.172, -0.761, 0.611, fr=0.683
j:0, 1
j:2, 1, stif=0.837
j:3, 0, stif=0.927, rotstif=0.806
n:j=0, d=""|:p=0.381, r=0.867""
n:p=2, d=Gpart
c:0, 1, -3.062
",0.008654740377527932,feasible,20
40,0,34,"//0
p:-0.544, -0.537, 0.451
p:1.043, 0.042, -0.076, fr=0.739
p:1.11, -0.201, -0.275, fr=1.044
p:-1.172, -0.761, 0.611, fr=0.683
j:0, 1
j:2, 1, stif=0.837
j:3, 0, stif=0.927
n:j=0, d=""|:p=0.381, r=0.867""
n:p=2, d=Gpart
c:0, 1, -3.062
",0.008654740377527932,"//0
p:-0.544, -0.537, 0.451
p:1.043, 0.042, -0.076, fr=0.739
p:1.11, -0.201, -0.275, fr=1.044, ing=0.354
p:-1.172, -0.761, 0.611, fr=0.683
j:0, 1
j:2, 1, stif=0.837
j:3, 0, stif=0.927
n:j=0, d=""|:p=0.381, r=0.867""
n:p=2, d=Gpart
c:0, 1, -3.062
",0.008654740377527932,feasible,20
40,0,34,"//0
p:-0.544, -0.537, 0.451
p:1.043, 0.042, -0.076, fr=0.739
p:1.11, -0.201, -0.275, fr=1.044
p:-1.172, -0.761, 0.611, fr=0.683
j:0, 1
j:2, 1, stif=0.837
j:3, 0, stif=0.927
n:j=0, d=""|:p=0.381, r=0.867""
n:p=2, d=Gpart
c:0, 1, -3.062
",0.008654740377527932,"//0
p:-0.544, -0.537, 0.451
p:1.043, 0.042, -0.076, fr=0.739
p:1.11, -0.201, -0.275, fr=1.044
j:0, 1
j:2, 1, stif=0.837
n:j=0, d=""|:p=0.381, r=0.867""
n:p=2, d=Gpart
c:0, 1, -3.062
",3.6940781444605465e-05,feasible,20
40,0,34,"//0
p:-0.544, -0.537, 0.451
p:1.043, 0.042, -0.076, fr=0.739
p:1.11, -0.201, -0.275, fr=1.044
p:-1.172, -0.761, 0.611, fr=0.683
j:0, 1
j:2, 1, stif=0.837
j:3, 0, stif=0.927
n:j=0, d=""|:p=0.381, r=0.867""
n:p=2, d=Gpart
c:0, 1, -3.062
",0.008654740377527932,"//0
p:-0.544, -0.537, 0.451
p:1.043, 0.042, -0.076, fr=0.739
p:1.11, -0.201, -0.275, fr=1.044
p:-1.172, -0.761, 0.611, fr=0.683
j:0, 1
j:2, 1, stif=0.837
j:3, 0, stif=0.927
n:j=0, d=""|:p=0.381, r=0.867""
n:p=2, d=Gpart:ry=-2.174
c:0, 1, -3.062
",5.523521039228265e-05,feasible,20
40,0,34,"//0
p:-0.544, -0.537, 0.451
p:1.043, 0.042, -0.076, fr=0.739
p:1.11, -0.201, -0.275, fr=1.044
p:-1.172, -0.761, 0.611, fr=0.683
j:0, 1
j:2, 1, stif=0.837
j:3, 0, stif=0.927
n:j=0, d=""|:p=0.381, r=0.867""
n:p=2, d=Gpart
c:0, 1, -3.062
",0.008654740377527932,"//0
p:-0.544, -0.537, 0.451
p:1.043, 0.042, -0.076, fr=0.739
p:1.11, -0.201, -0.275, fr=1.044
p:-1.172, -0.761, 0.611, fr=0.683
j:0, 1
j:2, 1, stif=0.837, rotstif=0.952
j:3, 0, stif=0.927
n:j=0, d=""|:p=0.381, r=0.867""
n:p=2, d=Gpart
c:0, 1, -3.062
",0.008654740377527932,feasible,20
40,0,34,"//0
p:-0.544, -0.537, 0.451
p:1.043, 0.042, -0.076, fr=0.739
p:1.11, -0.201, -0.275, fr=1.044
p:-1.172, -0.761, 0.611, fr=0.683
j:0, 1
j:2, 1, stif=0.837
j:3, 0, stif=0.927
n:j=0, d=""|:p=0.381, r=0.867""
n:p=2, d=Gpart
c:0, 1, -3.062
",0.008654740377527932,"//0
p:-0.544, -0.537, 0.451
p:1.043, 0.042, -0.076, fr=0.739
p:1.11, -0.201, -0.275, fr=1.044
p:-1.172, -0.761, 0.611, fr=0.683
j:0, 1
j:2, 1, stif=0.837
j:3, 0, stif=0.927, rotstif=0.866
n:j=0, d=""|:p=0.381, r=0.867""
n:p=2, d=Gpart
c:0, 1, -3.062
",0.008654740377527932,feasible,20
40,0,34,"//0
p:-0.544, -0.537, 0.451
p:1.043, 0.042, -0.076, fr=0.739
p:1.11, -0.201, -0.275, fr=1.044
p:-1.172, -0.761, 0.611, fr=0.683
j:0, 1
j:2, 1, stif=0.837
j:3, 0, stif=0.927
n:j=0, d=""|:p=0.381, r=0.867""
n:p=2, d=Gpart
c:0, 1, -3.062
",0.008654740377527932,"//0
p:-0.544, -0.537, 0.451
p:1.043, 0.042, -0.076, fr=0.739
p:1.11, -0.201, -0.275, fr=1.044
p:-1.172, -0.761, 0.611, fr=0.683
j:0, 1
j:2, 1, stif=0.837
j:3, 0, stif=0.927
n:j=0, d=""|:p=0.381, r=0.867""
n:p=2, d=Gpart
c:0, 1, -0.549
",0.0009063390237659122,feasible,20
40,0,34,"//0
p:-0.544, -0.537, 0.451
p:1.043, 0.042, -0.076, fr=0.739
p:1.11, -0.201, -0.275, fr=1.044
p:-1.172, -0.761, 0.611, fr=0.683
j:0, 1
j:2, 1, stif=0.837
j:3, 0, stif=0.927
n:j=0, d=""|:p=0.381, r=0.867""
n:p=2, d=Gpart
c:0, 1, -3.062
",0.008654740377527932,"//0
p:-0.544, -0.537, 0.451
p:1.043, 0.042, -0.076, fr=0.739
p:1.11, -0.201, -0.275, fr=1.044
p:-1.172, -0.761, 0.611, fr=0.683
j:0, 1, stif=0.999
j:2, 1, stif=0.837
j:3, 0, stif=0.927
n:j=0, d=""|:p=0.381, r=0.867""
n:p=2, d=Gpart
c:0, 1, -3.062
",0.007303455263521325,feasible,20
40,0,34,"//0
p:-0.544, -0.537, 0.451
p:1.043, 0.042, -0.076, fr=0.739
p:1.11, -0.201, -0.275, fr=1.044
p:-1.172, -0.761, 0.611, fr=0.683
j:0, 1
j:2, 1, stif=0.837
j:3, 0, stif=0.927
n:j=0, d=""|:p=0.381, r=0.867""
n:p=2, d=Gpart
c:0, 1, -3.062
",0.008654740377527932,"//0
p:-0.544, -0.537, 0.451, ing=0.223
p:1.043, 0.042, -0.076, fr=0.739
p:1.11, -0.201, -0.275, fr=1.044
p:-1.172, -0.761, 0.611, fr=0.683
j:0, 1
j:2, 1, stif=0.837
j:3, 0, stif=0.927
n:j=0, d=""|:p=0.381, r=0.867""
n:p=2, d=Gpart
c:0, 1, -3.062
",0.008654740377527932,feasible,20
40,0,34,"//0
p:-0.544, -0.537, 0.451
p:1.043, 0.042, -0.076, fr=0.739
p:1.11, -0.201, -0.275, fr=1.044
p:-1.172, -0.761, 0.611, fr=0.683
j:0, 1
j:2, 1, stif=0.837
j:3, 0, stif=0.927
n:j=0, d=""|:p=0.381, r=0.867""
n:p=2, d=Gpart
c:0, 1, -3.062
",0.008654740377527932,"//0
p:-0.544, -0.537, 0.451
p:1.043, 0.042, -0.076, fr=1.133
p:1.11, -0.201, -0.275, fr=1.044
p:-1.172, -0.761, 0.611, fr=0.683
j:0, 1
j:2, 1, stif=0.837
j:3, 0, stif=0.927
n:j=0, d=""|:p=0.381, r=0.867""
n:p=2, d=Gpart
c:0, 1, -3.062
",0.008654468604943637,feasible,20
40,0,34,"//0
p:-0.544, -0.537, 0.451
p:1.043, 0.042, -0.076, fr=0.739
p:1.11, -0.201, -0.275, fr=1.044
p:-1.172, -0.761, 0.611, fr=0.683
j:0, 1
j:2, 1, stif=0.837
j:3, 0, stif=0.927
n:j=0, d=""|:p=0.381, r=0.867""
n:p=2, d=Gpart
c:0, 1, -3.062
",0.008654740377527932,"//0
p:-0.544, -0.537, 0.451
p:1.043, 0.042, -0.076, fr=0.739
p:1.11, -0.201, -0.275, fr=1.044
p:-1.172, -0.761, 0.611, fr=0.683
j:0, 1
j:2, 1, stif=0.837, rotstif=0.961
j:3, 0, stif=0.927
n:j=0, d=""|:p=0.381, r=0.867""
n:p=2, d=Gpart
c:0, 1, -3.062
",0.008654740377527932,feasible,20
40,0,34,"//0
p:-0.544, -0.537, 0.451
p:1.043, 0.042, -0.076, fr=0.739
p:1.11, -0.201, -0.275, fr=1.044
p:-1.172, -0.761, 0.611, fr=0.683
j:0, 1
j:2, 1, stif=0.837
j:3, 0, stif=0.927
n:j=0, d=""|:p=0.381, r=0.867""
n:p=2, d=Gpart
c:0, 1, -3.062
",0.008654740377527932,"//0
p:-0.544, -0.537, 0.451
p:1.043, 0.042, -0.076, fr=0.739
p:1.11, -0.201, -0.275, fr=1.044
p:-1.172, -0.761, 0.611, fr=0.683
j:0, 1
j:2, 1, stif=0.837
j:3, 0, stif=0.927
n:j=0, d=""|:p=0.381, r=0.867""
n:p=2, d=Gpart
c:0, 1, -3.551
",0.001007768144226823,feasible,20
40,0,34,"//0
p:-0.544, -0.537, 0.451
p:1.043, 0.042, -0.076, fr=0.739
p:1.11, -0.201, -0.275, fr=1.044
p:-1.172, -0.761, 0.611, fr=0.683
j:0, 1
j:2, 1, stif=0.837
j:3, 0, stif=0.927
n:j=0, d=""|:p=0.381, r=0.867""
n:p=2, d=Gpart
c:0, 1, -3.062
",0.008654740377527932,"//0
p:-0.544, -0.537, 0.451
p:1.043, 0.042, -0.076, fr=0.739
p:1.11, -0.201, -0.275, fr=1.044
p:-1.172, -0.761, 0.611, fr=0.683
j:0, 1
j:2, 1, stif=0.837
j:3, 0, stif=0.976
n:j=0, d=""|:p=0.381, r=0.867""
n:p=2, d=Gpart
c:0, 1, -3.062
",0.0028823298415481024,feasible,20
40,0,35,"//0
p:-0.544, -0.537, 0.451, fr=0.899
p:1.043, 0.042, -0.076, fr=0.739
p:1.11, -0.201, -0.275, fr=1.044
p:-1.172, -0.761, 0.611, fr=0.683
j:0, 1
j:2, 1, stif=0.837
j:3, 0, stif=0.927
n:j=0, d=""|:p=0.381, r=0.867""
n:p=2, d=Gpart
c:0, 1, -3.062
",0.00987170008868675,"//0
p:-0.544, -0.537, 0.451, fr=0.899
p:1.043, 0.042, -0.076, fr=0.739
p:1.098, -0.204, -0.524, fr=1.044
p:-1.172, -0.761, 0.611, fr=0.683
j:0, 1
j:2, 1, stif=0.837
j:3, 0, stif=0.927
n:j=0, d=""|:p=0.381, r=0.867""
n:p=2, d=Gpart
c:0, 1, -3.062
",0.0003059932776040357,feasible,20
40,0,35,"//0
p:-0.544, -0.537, 0.451, fr=0.899
p:1.043, 0.042, -0.076, fr=0.739
p:1.11, -0.201, -0.275, fr=1.044
p:-1.172, -0.761, 0.611, fr=0.683
j:0, 1
j:2, 1, stif=0.837
j:3, 0, stif=0.927
n:j=0, d=""|:p=0.381, r=0.867""
n:p=2, d=Gpart
c:0, 1, -3.062
",0.00987170008868675,"//0
p:-0.544, -0.537, 0.451, fr=0.899
p:1.043, 0.042, -0.076, fr=0.739
p:1.11, -0.201, -0.275, fr=1.044
p:-1.172, -0.761, 0.611, fr=0.683
j:0, 1
j:2, 1, stif=0.837
j:3, 0, stif=0.927
n:p=2, d=Gpart
",3.2746765418169815e-14,feasible,20
40,0,35,"//0
p:-0.544, -0.537, 0.451, fr=0.899
p:1.043, 0.042, -0.076, fr=0.739
p:1.11, -0.201, -0.275, fr=1.044
p:-1.172, -0.761, 0.611, fr=0.683
j:0, 1
j:2, 1, stif=0.837
j:3, 0, stif=0.927
n:j=0, d=""|:p=0.381, r=0.867""
n:p=2, d=Gpart
c:0, 1, -3.062
",0.00987170008868675,"//0
p:-0.544, -0.537, 0.451, fr=0.899
p:1.043, 0.042, -0.076, fr=0.739
p:1.11, -0.201, -0.275, fr=1.044
p:-1.172, -0.761, 0.611, fr=0.683
j:0, 1
j:2, 1, stif=0.837
j:3, 0, stif=0.927
n:j=0, d=""|:p=0.381, r=0.867""
n:p=2, d=Gpart
n:p=3, d=S
c:0, 1, -3.062
",0.00987170008868675,feasible,20
40,0,35,"//0
p:-0.544, -0.537, 0.451, fr=0.899
p:1.043, 0.042, -0.076, fr=0.739
p:1.11, -0.201, -0.275, fr=1.044
p:-1.172, -0.761, 0.611, fr=0.683
j:0, 1
j:2, 1, stif=0.837
j:3, 0, stif=0.927
n:j=0, d=""|:p=0.381, r=0.867""
n:p=2, d=Gpart
c:0, 1, -3.062
",0.00987170008868675,"//0
p:-0.544, -0.537, 0.451, fr=0.899
p:1.043, 0.042, -0.076, fr=0.739
p:1.11, -0.201, -0.275, fr=1.044
p:-1.172, -0.761, 0.611, fr=0.683
j:0, 1, stif=0.994
j:2, 1, stif=0.837
j:3, 0, stif=0.927
n:j=0, d=""|:p=0.381, r=0.867""
n:p=2, d=Gpart
c:0, 1, -3.062
",0.009589092342125415,feasible,20
40,0,35,"//0
p:-0.544, -0.537, 0.451, fr=0.899
p:1.043, 0.042, -0.076, fr=0.739
p:1.11, -0.201, -0.275, fr=1.044
p:-1.172, -0.761, 0.611, fr=0.683
j:0, 1
j:2, 1, stif=0.837
j:3, 0, stif=0.927
n:j=0, d=""|:p=0.381, r=0.867""
n:p=2, d=Gpart
c:0, 1, -3.062
",0.00987170008868675,"//0
p:-0.544, -0.537, 0.451, fr=0.899
p:1.043, 0.042, -0.076, fr=0.739
p:1.11, -0.201, -0.275, fr=1.585
p:-1.172, -0.761, 0.611, fr=0.683
j:0, 1
j:2, 1, stif=0.837
j:3, 0, stif=0.927
n:j=0, d=""|:p=0.381, r=0.867""
n:p=2, d=Gpart
c:0, 1, -3.062
",0.00754894998256605,feasible,20
40,0,35,"//0
p:-0.544, -0.537, 0.451, fr=0.899
p:1.043, 0.042, -0.076, fr=0.739
p:1.11, -0.201, -0.275, fr=1.044
p:-1.172, -0.761, 0.611, fr=0.683
j:0, 1
j:2, 1, stif=0.837
j:3, 0, stif=0.927
n:j=0, d=""|:p=0.381, r=0.867""
n:p=2, d=Gpart
c:0, 1, -3.062
",0.00987170008868675,"//0
p:-0.544, -0.537, 0.451, fr=0.899
p:1.043, 0.042, -0.076, fr=0.739
p:1.11, -0.201, -0.275, fr=1.044
p:-1.172, -0.761, 0.611, fr=0.683
j:0, 1
j:2, 1, stif=0.837
j:3, 0, stif=0.927, rotstif=0.989
n:j=0, d=""|:p=0.381, r=0.867""
n:p=2, d=Gpart
c:0, 1, -3.062
",0.00987170008868675,feasible,20
40,0,35,"//0
p:-0.544, -0.537, 0.451, fr=0.899
p:1.043, 0.042, -0.076, fr=0.739
p:1.11, -0.201, -0.275, fr=1.044
p:-1.172, -0.761, 0.611, fr=0.683
j:0, 1
j:2, 1, stif=0.837
j:3, 0, stif=0.927
n:j=0, d=""|:p=0.381, r=0.867""
n:p=2, d=Gpart
c:0, 1, -3.062
",0.00987170008868675,"//0
p:-0.544, -0.537, 0.451, fr=0.899
p:1.043, 0.042, -0.076, fr=0.739
p:1.11, -0.201, -0.275, fr=0.077
p:-1.172, -0.761, 0.611, fr=0.683
j:0, 1
j:2, 1, stif=0.837
j:3, 0, stif=0.927
n:j=0, d=""|:p=0.381, r=0.867""
n:p=2, d=Gpart
c:0, 1, -3.062
",4.1454793004682e-05,feasible,20
40,0,35,"//0
p:-0.544, -0.537, 0.451, fr=0.899
p:1.043, 0.042, -0.076, fr=0.739
p:1.11, -0.201, -0.275, fr=1.044
p:-1.172, -0.761, 0.611, fr=0.683
j:0, 1
j:2, 1, stif=0.837
j:3, 0, stif=0.927
n:j=0, d=""|:p=0.381, r=0.867""
n:p=2, d=Gpart
c:0, 1, -3.062
",0.00987170008868675,"//0
p:-0.544, -0.537, 0.451, fr=0.899
p:1.043, 0.042, -0.076, fr=0.739
p:1.11, -0.201, -0.275, fr=1.044
p:-1.172, -0.761, 0.611, fr=0.683
j:0, 1
j:2, 1, stif=0.837
j:3, 0, stif=0.927
n:j=0, d=""|:p=0.173, r=0.867""
n:p=2, d=Gpart
c:0, 1, -3.062
",8.048203075667444e-05,feasible,20
40,0,35,"//0
p:-0.544, -0.537, 0.451, fr=0.899
p:1.043, 0.042, -0.076, fr=0.739
p:1.11, -0.201, -0.275, fr=1.044
p:-1.172, -0.761, 0.611, fr=0.683
j:0, 1
j:2, 1, stif=0.837
j:3, 0, stif=0.927
n:j=0, d=""|:p=0.381, r=0.867""
n:p=2, d=Gpart
c:0, 1, -3.062
",0.00987170008868675,"//0
p:-0.544, -0.537, 0.451, fr=1.062
p:1.043, 0.042, -0.076, fr=0.739
p:1.11, -0.201, -0.275, fr=1.044
p:-1.172, -0.761, 0.611, fr=0.683
j:0, 1
j:2, 1, stif=0.837
j:3, 0, stif=0.927
n:j=0, d=""|:p=0.381, r=0.867""
n:p=2, d=Gpart
c:0, 1, -3.062
",0.008082953575032928,feasible,20
40,0,35,"//0
p:-0.544, -0.537, 0.451, fr=0.899
p:1.043, 0.042, -0.076, fr=0.739
p:1.11, -0.201, -0.275, fr=1.044
p:-1.172, -0.761, 0.611, fr=0.683
j:0, 1
j:2, 1, stif=0.837
j:3, 0, stif=0.927
n:j=0, d=""|:p=0.381, r=0.867""
n:p=2, d=Gpart
c:0, 1, -3.062
",0.00987170008868675,"//0
p:-0.544, -0.537, 0.451, fr=0.899
p:1.043, 0.042, -0.076, fr=0.739
p:1.11, -0.201, -0.275, fr=1.044
p:-1.172, -0.761, 0.611, fr=0.683
j:0, 1
j:2, 1, stif=0.837
j:3, 0, stif=0.927, rotstif=0.913
n:j=0, d=""|:p=0.381, r=0.867""
n:p=2, d=Gpart
c:0, 1, -3.062
",0.00987170008868675,feasible,20
40,0,35,"//0
p:-0.544, -0.537, 0.451, fr=0.899
p:1.043, 0.042, -0.076, fr=0.739
p:1.11, -0.201, -0.275, fr=1.044
p:-1.172, -0.761, 0.611, fr=0.683
j:0, 1
j:2, 1, stif=0.837
j:3, 0, stif=0.927
n:j=0, d=""|:p=0.381, r=0.867""
n:p=2, d=Gpart
c:0, 1, -3.062
",0.00987170008868675,"//0
p:-0.544, -0.537, 0.451, fr=0.899
p:1.043, 0.042, -0.076, fr=0.739
p:1.11, -0.201, -0.275, fr=1.044
p:-1.172, -0.761, 0.611, fr=0.683
j:0, 1
j:2, 1, stif=0.837, rotstif=0.874
j:3, 0, stif=0.927
n:j=0, d=""|:p=0.381, r=0.867""
n:p=2, d=Gpart
c:0, 1, -3.062
",0.00987170008868675,feasible,20
40,0,35,"//0
p:-0.544, -0.537, 0.451, fr=0.899
p:1.043, 0.042, -0.076, fr=0.739
p:1.11, -0.201, -0.275, fr=1.044
p:-1.172, -0.761, 0.611, fr=0.683
j:0, 1
j:2, 1, stif=0.837
j:3, 0, stif=0.927
n:j=0, d=""|:p=0.381, r=0.867""
n:p=2, d=Gpart
c:0, 1, -3.062
",0.00987170008868675,"//0
p:-0.544, -0.537, 0.451, fr=0.899
p:1.043, 0.042, -0.076, fr=0.739
p:1.11, -0.201, -0.275, fr=1.044
p:-0.7619025347899642, -0.6123280972624565, 0.48380498483101814, fr=0.683
j:0, 1
j:3, 1, stif=0.837
j:2, 0, stif=0.927
n:j=0, d=""|:p=0.381, r=0.867""
n:p=2, d=Gpart
c:0, 1, -3.062
",0.00010387051213946484,feasible,20
40,0,35,"//0
p:-0.544, -0.537, 0.451, fr=0.899
p:1.043, 0.042, -0.076, fr=0.739
p:1.11, -0.201, -0.275, fr=1.044
p:-1.172, -0.761, 0.611, fr=0.683
j:0, 1
j:2, 1, stif=0.837
j:3, 0, stif=0.927
n:j=0, d=""|:p=0.381, r=0.867""
n:p=2, d=Gpart
c:0, 1, -3.062
",0.00987170008868675,"//0
p:-0.544, -0.537, 0.451, fr=0.541
p:1.043, 0.042, -0.076, fr=0.739
p:1.11, -0.201, -0.275, fr=1.044
p:-1.172, -0.761, 0.611, fr=0.683
j:0, 1
j:2, 1, stif=0.837
j:3, 0, stif=0.927
n:j=0, d=""|:p=0.381, r=0.867""
n:p=2, d=Gpart
c:0, 1, -3.062
",0.0067172548548489275,feasible,20
40,0,35,"//0
p:-0.544, -0.537, 0.451, fr=0.899
p:1.043, 0.042, -0.076, fr=0.739
p:1.11, -0.201, -0.275, fr=1.044
p:-1.172, -0.761, 0.611, fr=0.683
j:0, 1
j:2, 1, stif=0.837
j:3, 0, stif=0.927
n:j=0, d=""|:p=0.381, r=0.867""
n:p=2, d=Gpart
c:0, 1, -3.062
",0.00987170008868675,"//0
p:-0.544, -0.537, 0.451, fr=0.899
p:1.043, 0.042, -0.076, fr=0.739
p:1.11, -0.201, -0.275, fr=1.044
p:-1.172, -0.761, 0.611, fr=0.683
j:0, 1
j:2, 1, stif=0.837
j:3, 0, stif=0.927
n:j=0, d=""|:p=0.381, r=0.867""
n:p=2, d=Gpart
c:0, 1, -4.931
",2.212939291900337e-05,feasible,20
40,0,35,"//0
p:-0.544, -0.537, 0.451, fr=0.899
p:1.043, 0.042, -0.076, fr=0.739
p:1.11, -0.201, -0.275, fr=1.044
p:-1.172, -0.761, 0.611, fr=0.683
j:0, 1
j:2, 1, stif=0.837
j:3, 0, stif=0.927
n:j=0, d=""|:p=0.381, r=0.867""
n:p=2, d=Gpart
c:0, 1, -3.062
",0.00987170008868675,"//0
p:-0.544, -0.537, 0.451, fr=0.899
p:1.043, 0.042, -0.076, fr=0.739
p:1.11, -0.201, -0.275, fr=1.044
p:-1.172, -0.761, 0.611, fr=0.683
j:0, 1
j:2, 1, stif=0.837
j:3, 0, stif=0.927
n:j=0, d=""|:p=0.285, r=0.867""
n:p=2, d=Gpart
c:0, 1, -3.062
",0.008483932952468227,feasible,20
40,0,35,"//0
p:-0.544, -0.537, 0.451, fr=0.899
p:1.043, 0.042, -0.076, fr=0.739
p:1.11, -0.201, -0.275, fr=1.044
p:-1.172, -0.761, 0.611, fr=0.683
j:0, 1
j:2, 1, stif=0.837
j:3, 0, stif=0.927
n:j=0, d=""|:p=0.381, r=0.867""
n:p=2, d=Gpart
c:0, 1, -3.062
",0.00987170008868675,"//0
p:-0.544, -0.537, 0.451, fr=0.899
p:1.043, 0.042, -0.076, fr=0.739
p:1.11, -0.201, -0.275, fr=1.044
p:-1.172, -0.761, 0.611, fr=0.683
j:0, 1
j:2, 1, stif=0.837
j:3, 0, stif=0.927
n:j=0, d=""|:p=0.381, r=0.775""
n:p=2, d=Gpart
c:0, 1, -3.062
",0.00011851574311278032,feasible,20
40,0,35,"//0
p:-0.544, -0.537, 0.451, fr=0.899
p:1.043, 0.042, -0.076, fr=0.739
p:1.11, -0.201, -0.275, fr=1.044
p:-1.172, -0.761, 0.611, fr=0.683
j:0, 1
j:2, 1, stif=0.837
j:3, 0, stif=0.927
n:j=0, d=""|:p=0.381, r=0.867""
n:p=2, d=Gpart
c:0, 1, -3.062
",0.00987170008868675,"//0
p:-0.544, -0.537, 0.451, fr=0.899
p:1.043, 0.042, -0.076, fr=0.739
p:1.11, -0.201, -0.275, fr=1.044
p:-1.502, -0.367, 1.141, fr=0.683
j:0, 1
j:2, 1, stif=0.837
j:3, 0, stif=0.927
n:j=0, d=""|:p=0.381, r=0.867""
n:p=2, d=Gpart
c:0, 1, -3.062
",0.00013947211990942397,feasible,20
40,0,35,"//0
p:-0.544, -0.537, 0.451, fr=0.899
p:1.043, 0.042, -0.076, fr=0.739
p:1.11, -0.201, -0.275, fr=1.044
p:-1.172, -0.761, 0.611, fr=0.683
j:0, 1
j:2, 1, stif=0.837
j:3, 0, stif=0.927
n:j=0, d=""|:p=0.381, r=0.867""
n:p=2, d=Gpart
c:0, 1, -3.062
",0.00987170008868675,"//0
p:-0.544, -0.537, 0.451, fr=0.899
p:1.043, 0.042, -0.076, fr=0.739
p:1.11, -0.201, -0.275, fr=1.044
p:-1.172, -0.761, 0.611, fr=0.683
j:0, 1
j:2, 1, stif=0.837
j:3, 0, stif=0.927
n:j=0, d=""|:p=0.381, r=0.867""
n:p=2, d=Gpart:rz=0.478
c:0, 1, -3.062
",0.00036631766316510834,feasible,20
40,0,35,"//0
p:-0.544, -0.537, 0.451, fr=0.899
p:1.043, 0.042, -0.076, fr=0.739
p:1.11, -0.201, -0.275, fr=1.044
p:-1.172, -0.761, 0.611, fr=0.683
j:0, 1
j:2, 1, stif=0.837
j:3, 0, stif=0.927
n:j=0, d=""|:p=0.381, r=0.867""
n:p=2, d=Gpart
c:0, 1, -3.062
",0.00987170008868675,"//0
p:-0.603, -0.527, 0.073, fr=0.899
p:1.043, 0.042, -0.076, fr=0.739
p:1.11, -0.201, -0.275, fr=1.044
p:-1.172, -0.761, 0.611, fr=0.683
j:0, 1
j:2, 1, stif=0.837
j:3, 0, stif=0.927
n:j=0, d=""|:p=0.381, r=0.867""
n:p=2, d=Gpart
c:0, 1, -3.062
",0.00048390155539893004,feasible,20
40,0,35,"//0
p:-0.544, -0.537, 0.451, fr=0.899
p:1.043, 0.042, -0.076, fr=0.739
p:1.11, -0.201, -0.275, fr=1.044
p:-1.172, -0.761, 0.611, fr=0.683
j:0, 1
j:2, 1, stif=0.837
j:3, 0, stif=0.927
n:j=0, d=""|:p=0.381, r=0.867""
n:p=2, d=Gpart
c:0, 1, -3.062
",0.00987170008868675,"//0
p:-0.544, -0.537, 0.451, fr=0.899
p:1.043, 0.042, -0.076, fr=0.739
p:0.857, 0.254, -0.79, fr=1.044
p:-1.172, -0.761, 0.611, fr=0.683
j:0, 1
j:2, 1, stif=0.837
j:3, 0, stif=0.927
n:j=0, d=""|:p=0.381, r=0.867""
n:p=2, d=Gpart
c:0, 1, -3.062
",1.1379264411697546e-05,feasible,20
40,0,36,"//0
p:-0.544, -0.537, 0.451, fr=0.899
p:1.043, 0.042, -0.076, fr=0.739
p:1.11, -0.201, -0.275, fr=1.044
p:-1.172, -0.761, 0.611, fr=0.683
j:0, 1
j:2, 1, stif=0.832
j:3, 0, stif=0.927
n:j=0, d=""|:p=0.381, r=0.867""
n:p=2, d=Gpart
c:0, 1, -3.062
",0.009929696566890243,"//0
p:-0.544, -0.537, 0.451, fr=0.899
p:1.043, 0.042, -0.076, fr=0.739
p:1.11, -0.201, -0.275, fr=1.044
p:-1.172, -0.761, 0.611, fr=0.683
j:0, 1
j:2, 1, stif=0.832
j:3, 0, stif=0.927
n:j=0, d=""|:p=0.381, r=0.867""
n:p=2, d=Gpart
c:0, 1, -4.271
",0.000445929599975774,feasible,20
40,0,36,"//0
p:-0.544, -0.537, 0.451, fr=0.899
p:1.043, 0.042, -0.076, fr=0.739
p:1.11, -0.201, -0.275, fr=1.044
p:-1.172, -0.761, 0.611, fr=0.683
j:0, 1
j:2, 1, stif=0.832
j:3, 0, stif=0.927
n:j=0, d=""|:p=0.381, r=0.867""
n:p=2, d=Gpart
c:0, 1, -3.062
",0.009929696566890243,"//0
p:-0.544, -0.537, 0.451, fr=0.899
p:1.043, 0.042, -0.076, fr=0.739
p:1.11, -0.201, -0.275, fr=1.044
p:-1.172, -0.761, 0.611, fr=0.683
j:0, 1
j:2, 1, stif=0.832
j:3, 0, stif=0.927
n:j=0, d=""|:p=0.381, r=0.838""
n:p=2, d=Gpart
c:0, 1, -3.062
",0.0028191696511791838,feasible,20
40,0,36,"//0
p:-0.544, -0.537, 0.451, fr=0.899
p:1.043, 0.042, -0.076, fr=0.739
p:1.11, -0.201, -0.275, fr=1.044
p:-1.172, -0.761, 0.611, fr=0.683
j:0, 1
j:2, 1, stif=0.832
j:3, 0, stif=0.927
n:j=0, d=""|:p=0.381, r=0.867""
n:p=2, d=Gpart
c:0, 1, -3.062
",0.009929696566890243,"//0
p:-0.544, -0.537, 0.451, fr=0.899
p:1.043, 0.042, -0.076, fr=0.739
p:1.11, -0.201, -0.275, fr=1.044
p:-1.172, -0.761, 0.611, fr=0.683
j:0, 1
j:2, 1, stif=0.832
j:3, 0, stif=0.927
n:j=0, d=""|:p=0.381, r=0.89""
n:p=2, d=Gpart
c:0, 1, -3.062
",0.005077398397723462,feasible,20
40,0,36,"//0
p:-0.544, -0.537, 0.451, fr=0.899
p:1.043, 0.042, -0.076, fr=0.739
p:1.11, -0.201, -0.275, fr=1.044
p:-1.172, -0.761, 0.611, fr=0.683
j:0, 1
j:2, 1, stif=0.832
j:3, 0, stif=0.927
n:j=0, d=""|:p=0.381, r=0.867""
n:p=2, d=Gpart
c:0, 1, -3.062
",0.009929696566890243,"//0
p:-0.544, -0.537, 0.451, fr=0.899
p:1.043, 0.042, -0.076, fr=0.739
p:1.11, -0.201, -0.275, fr=1.044
p:-1.172, -0.761, 0.611, fr=0.683
j:0, 1
j:2, 1, stif=0.832
j:3, 0, stif=0.927
n:j=0, d=""|:p=0.381, r=0.867""
n:p=2, d=Gpart
c:0, 1, -1.13
",0.0003133874309880126,feasible,20
40,0,36,"//0
p:-0.544, -0.537, 0.451, fr=0.899
p:1.043, 0.042, -0.076, fr=0.739
p:1.11, -0.201, -0.275, fr=1.044
p:-1.172, -0.761, 0.611, fr=0.683
j:0, 1
j:2, 1, stif=0.832
j:3, 0, stif=0.927
n:j=0, d=""|:p=0.381, r=0.867""
n:p=2, d=Gpart
c:0, 1, -3.062
",0.009929696566890243,"//0
p:-0.544, -0.537, 0.451, fr=0.899
p:1.043, 0.042, -0.076, fr=0.739
p:1.11, -0.201, -0.275, fr=1.044
p:-1.172, -0.761, 0.611, fr=0.683
j:0, 1
j:2, 1, stif=0.832
j:3, 0, stif=0.927
n:j=0, d=""|:p=0.381, r=0.867""
n:p=2, d=Gpart
c:0, 1, -1.087
",0.00038089894009465497,feasible,20
40,0,36,"//0
p:-0.544, -0.537, 0.451, fr=0.899
p:1.043, 0.042, -0.076, fr=0.739
p:1.11, -0.201, -0.275, fr=1.044
p:-1.172, -0.761, 0.611, fr=0.683
j:0, 1
j:2, 1, stif=0.832
j:3, 0, stif=0.927
n:j=0, d=""|:p=0.381, r=0.867""
n:p=2, d=Gpart
c:0, 1, -3.062
",0.009929696566890243,"//0
p:-0.544, -0.537, 0.451, fr=0.899
p:1.043, 0.042, -0.076, fr=0.739
p:1.11, -0.201, -0.275, fr=1.044
p:-1.172, -0.761, 0.611, fr=0.683
j:0, 1
j:2, 1, stif=0.832
j:3, 0, stif=0.927
n:j=0, d=""|:p=0.381, r=0.867""
n:p=2, d=Gpart
c:0, 1, -1.203
",0.00047181028831055156,feasible,20
40,0,36,"//0
p:-0.544, -0.537, 0.451, fr=0.899
p:1.043, 0.042, -0.076, fr=0.739
p:1.11, -0.201, -0.275, fr=1.044
p:-1.172, -0.761, 0.611, fr=0.683
j:0, 1
j:2, 1, stif=0.832
j:3, 0, stif=0.927
n:j=0, d=""|:p=0.381, r=0.867""
n:p=2, d=Gpart
c:0, 1, -3.062
",0.009929696566890243,"//0
p:-0.544, -0.537, 0.451, fr=0.899
p:1.043, 0.042, -0.076, fr=0.739
p:1.11, -0.201, -0.275, fr=1.044
p:-1.172, -0.761, 0.611, fr=0.683
j:0, 1
j:2, 1, stif=0.832
j:3, 0, stif=0.927
n:j=0, d=""|:p=0.381, r=0.867""
n:p=2, d=Gpart
c:0, 1, -2.87
",0.00013105094285368224,feasible,20
40,0,36,"//0
p:-0.544, -0.537, 0.451, fr=0.899
p:1.043, 0.042, -0.076, fr=0.739
p:1.11, -0.201, -0.275, fr=1.044
p:-1.172, -0.761, 0.611, fr=0.683
j:0, 1
j:2, 1, stif=0.832
j:3, 0, stif=0.927
n:j=0, d=""|:p=0.381, r=0.867""
n:p=2, d=Gpart
c:0, 1, -3.062
",0.009929696566890243,"//0
p:-0.544, -0.537, 0.451, fr=0.899
p:1.043, 0.042, -0.076, fr=0.739
p:1.11, -0.201, -0.275, fr=1.044
p:-1.172, -0.761, 0.611, fr=0.683
j:0, 1
j:2, 1, stif=0.832
j:3, 0, stif=0.927
n:j=0, d=""|:p=0.381, r=0.867""
n:p=2, d=Gpart
n:p=0, d=T
c:0, 1, -3.062
",0.009929696566890243,feasible,20
40,0,36,"//0
p:-0.544, -0.537, 0.451, fr=0.899
p:1.043, 0.042, -0.076, fr=0.739
p:1.11, -0.201, -0.275, fr=1.044
p:-1.172, -0.761, 0.611, fr=0.683
j:0, 1
j:2, 1, stif=0.832
j:3, 0, stif=0.927
n:j=0, d=""|:p=0.381, r=0.867""
n:p=2, d=Gpart
c:0, 1, -3.062
",0.009929696566890243,"//0
p:-0.544, -0.537, 0.451, fr=0.899
p:1.043, 0.042, -0.076, fr=0.739
p:1.11, -0.201, -0.275, fr=1.044
p:-1.172, -0.761, 0.611, fr=0.683
j:0, 1
j:2, 1, stif=0.832
j:3, 0, stif=0.927
n:j=0, d=""|:p=0.381, r=0.867""
n:p=2, d=Gpart
c:0, 1, -6.357
",2.1480486231549996e-05,feasible,20
40,0,36,"//0
p:-0.544, -0.537, 0.451, fr=0.899
p:1.043, 0.042, -0.076, fr=0.739
p:1.11, -0.201, -0.275, fr=1.044
p:-1.172, -0.761, 0.611, fr=0.683
j:0, 1
j:2, 1, stif=0.832
j:3, 0, stif=0.927
n:j=0, d=""|:p=0.381, r=0.867""
n:p=2, d=Gpart
c:0, 1, -3.062
",0.009929696566890243,"//0
p:-0.544, -0.537, 0.451, fr=0.899
p:1.043, 0.042, -0.076, fr=0.739
p:1.11, -0.201, -0.275, fr=1.044
p:-1.172, -0.761, 0.611, fr=0.683
j:0, 1
j:2, 1, stif=0.832
j:3, 0, stif=0.927
n:j=0, d=""|:p=0.348, r=0.867""
n:p=2, d=Gpart
c:0, 1, -3.062
",0.009634754419745371,feasible,20
40,0,36,"//0
p:-0.544, -0.537, 0.451, fr=0.899
p:1.043, 0.042, -0.076, fr=0.739
p:1.11, -0.201, -0.275, fr=1.044
p:-1.172, -0.761, 0.611, fr=0.683
j:0, 1
j:2, 1, stif=0.832
j:3, 0, stif=0.927
n:j=0, d=""|:p=0.381, r=0.867""
n:p=2, d=Gpart
c:0, 1, -3.062
",0.009929696566890243,"//0
p:-0.544, -0.537, 0.451, fr=0.899
p:1.043, 0.042, -0.076, fr=0.739
p:1.11, -0.201, -0.275, fr=1.044
p:-1.172, -0.761, 0.611, fr=0.683
p:0.79, -1.504, 0.623
j:0, 1
j:2, 1, stif=0.832
j:3, 0, stif=0.927
j:4, 2
n:j=0, d=""|:p=0.381, r=0.867""
n:p=2, d=Gpart
c:0, 1, -3.062
",6.311011224351267e-05,feasible,20
40,0,36,"//0
p:-0.544, -0.537, 0.451, fr=0.899
p:1.043, 0.042, -0.076, fr=0.739
p:1.11, -0.201, -0.275, fr=1.044
p:-1.172, -0.761, 0.611, fr=0.683
j:0, 1
j:2, 1, stif=0.832
j:3, 0, stif=0.927
n:j=0, d=""|:p=0.381, r=0.867""
n:p=2, d=Gpart
c:0, 1, -3.062
",0.009929696566890243,"//0
p:-0.544, -0.537, 0.451, fr=0.899
p:1.043, 0.042, -0.076, fr=0.739
p:1.11, -0.201, -0.275, fr=1.044
p:-1.51, -1.107, 0.817, fr=0.683
j:0, 1
j:2, 1, stif=0.832
j:3, 0, stif=0.927
n:j=0, d=""|:p=0.381, r=0.867""
n:p=2, d=Gpart
c:0, 1, -3.062
",0.0003019499134811118,feasible,20
40,0,36,"//0
p:-0.544, -0.537, 0.451, fr=0.899
p:1.043, 0.042, -0.076, fr=0.739
p:1.11, -0.201, -0.275, fr=1.044
p:-1.172, -0.761, 0.611, fr=0.683
j:0, 1
j:2, 1, stif=0.832
j:3, 0, stif=0.927
n:j=0, d=""|:p=0.381, r=0.867""
n:p=2, d=Gpart
c:0, 1, -3.062
",0.009929696566890243,"//0
p:-0.544, -0.537, 0.451, fr=0.899
p:1.043, 0.042, -0.076, fr=0.739
p:1.11, -0.201, -0.275, fr=1.044
p:-1.172, -0.761, 0.611, fr=0.683
j:0, 1
j:2, 1, stif=0.907
j:3, 0, stif=0.927
n:j=0, d=""|:p=0.381, r=0.867""
n:p=2, d=Gpart
c:0, 1, -3.062
",0.008044041603524928,feasible,20
40,0,36,"//0
p:-0.544, -0.537, 0.451, fr=0.899
p:1.043, 0.042, -0.076, fr=0.739
p:1.11, -0.201, -0.275, fr=1.044
p:-1.172, -0.761, 0.611, fr=0.683
j:0, 1
j:2, 1, stif=0.832
j:3, 0, stif=0.927
n:j=0, d=""|:p=0.381, r=0.867""
n:p=2, d=Gpart
c:0, 1, -3.062
",0.009929696566890243,"//0
p:-0.489, -0.711, 0.335, fr=0.899
p:1.043, 0.042, -0.076, fr=0.739
p:1.11, -0.201, -0.275, fr=1.044
p:-1.172, -0.761, 0.611, fr=0.683
j:0, 1
j:2, 1, stif=0.832
j:3, 0, stif=0.927
n:j=0, d=""|:p=0.381, r=0.867""
n:p=2, d=Gpart
c:0, 1, -3.062
",0.00015932069799825768,feasible,20
40,0,36,"//0
p:-0.544, -0.537, 0.451, fr=0.899
p:1.043, 0.042, -0.076, fr=0.739
p:1.11, -0.201, -0.275, fr=1.044
p:-1.172, -0.761, 0.611, fr=0.683
j:0, 1
j:2, 1, stif=0.832
j:3, 0, stif=0.927
n:j=0, d=""|:p=0.381, r=0.867""
n:p=2, d=Gpart
c:0, 1, -3.062
",0.009929696566890243,"//0
p:-0.544, -0.537, 0.451, fr=0.899, ing=0.246
p:1.043, 0.042, -0.076, fr=0.739
p:1.11, -0.201, -0.275, fr=1.044
p:-1.172, -0.761, 0.611, fr=0.683
j:0, 1
j:2, 1, stif=0.832
j:3, 0, stif=0.927
n:j=0, d=""|:p=0.381, r=0.867""
n:p=2, d=Gpart
c:0, 1, -3.062
",0.009929696566890243,feasible,20
40,0,36,"//0
p:-0.544, -0.537, 0.451, fr=0.899
p:1.043, 0.042, -0.076, fr=0.739
p:1.11, -0.201, -0.275, fr=1.044
p:-1.172, -0.761, 0.611, fr=0.683
j:0, 1
j:2, 1, stif=0.832
j:3, 0, stif=0.927
n:j=0, d=""|:p=0.381, r=0.867""
n:p=2, d=Gpart
c:0, 1, -3.062
",0.009929696566890243,"//0
p:-0.544, -0.537, 0.451, fr=0.899
p:1.043, 0.042, -0.076, fr=0.739
p:1.11, -0.201, -0.275, fr=1.044
p:-1.172, -0.761, 0.611, fr=0.683
j:0, 1, stif=0.96
j:2, 1, stif=0.832
j:3, 0, stif=0.927
n:j=0, d=""|:p=0.381, r=0.867""
n:p=2, d=Gpart
c:0, 1, -3.062
",0.006700124024870165,feasible,20
40,0,36,"//0
p:-0.544, -0.537, 0.451, fr=0.899
p:1.043, 0.042, -0.076, fr=0.739
p:1.11, -0.201, -0.275, fr=1.044
p:-1.172, -0.761, 0.611, fr=0.683
j:0, 1
j:2, 1, stif=0.832
j:3, 0, stif=0.927
n:j=0, d=""|:p=0.381, r=0.867""
n:p=2, d=Gpart
c:0, 1, -3.062
",0.009929696566890243,"//0
p:-0.544, -0.537, 0.451, fr=0.899
p:1.043, 0.042, -0.076, fr=0.739
p:1.11, -0.201, -0.275, fr=1.044
p:-1.172, -0.761, 0.611, fr=0.683
j:0, 1
j:2, 1, stif=0.832
j:3, 0, stif=0.927
n:j=0, d=""|:p=0.381, r=0.867""
n:p=2, d=Gpart
c:0, 1, -0.388
",0.0003243973409913505,feasible,20
40,0,36,"//0
p:-0.544, -0.537, 0.451, fr=0.899
p:1.043, 0.042, -0.076, fr=0.739
p:1.11, -0.201, -0.275, fr=1.044
p:-1.172, -0.761, 0.611, fr=0.683
j:0, 1
j:2, 1, stif=0.832
j:3, 0, stif=0.927
n:j=0, d=""|:p=0.381, r=0.867""
n:p=2, d=Gpart
c:0, 1, -3.062
",0.009929696566890243,"//0
p:-0.544, -0.537, 0.451, fr=0.737
p:1.043, 0.042, -0.076, fr=0.739
p:1.11, -0.201, -0.275, fr=1.044
p:-1.172, -0.761, 0.611, fr=0.683
j:0, 1
j:2, 1, stif=0.832
j:3, 0, stif=0.927
n:j=0, d=""|:p=0.381, r=0.867""
n:p=2, d=Gpart
c:0, 1, -3.062
",0.006651601515465014,feasible,20
40,0,36,"//0
p:-0.544, -0.537, 0.451, fr=0.899
p:1.043, 0.042, -0.076, fr=0.739
p:1.11, -0.201, -0.275, fr=1.044
p:-1.172, -0.761, 0.611, fr=0.683
j:0, 1
j:2, 1, stif=0.832
j:3, 0, stif=0.927
n:j=0, d=""|:p=0.381, r=0.867""
n:p=2, d=Gpart
c:0, 1, -3.062
",0.009929696566890243,"//0
p:-0.544, -0.537, 0.451, fr=0.899
p:0.515, -0.447, -0.349, fr=0.739
p:1.11, -0.201, -0.275, fr=1.044
p:-1.172, -0.761, 0.611, fr=0.683
j:0, 1
j:2, 1, stif=0.832
j:3, 0, stif=0.927
n:j=0, d=""|:p=0.381, r=0.867""
n:p=2, d=Gpart
c:0, 1, -3.062
",8.886195119394855e-05,feasible,20
40,0,36,"//0
p:-0.544, -0.537, 0.451, fr=0.899
p:1.043, 0.042, -0.076, fr=0.739
p:1.11, -0.201, -0.275, fr=1.044
p:-1.172, -0.761, 0.611, fr=0.683
j:0, 1
j:2, 1, stif=0.832
j:3, 0, stif=0.927
n:j=0, d=""|:p=0.381, r=0.867""
n:p=2, d=Gpart
c:0, 1, -3.062
",0.009929696566890243,"//0
p:-0.544, -0.537, 0.451, fr=0.899
p:1.043, 0.042, -0.076, fr=0.739
p:1.11, -0.201, -0.275, fr=1.044
p:-0.7619025347899642, -0.6123280972624565, 0.48380498483101814, fr=0.683
j:1, 0
j:2, 0, stif=0.832
j:3, 1, stif=0.927
n:j=0, d=""|:p=0.381, r=0.867""
n:p=2, d=Gpart
c:0, 1, -3.062
",0.00010791831864635468,feasible,20
