run,genetic_format,sample_index,parent_genotype,parent_fitness,genotype,fitness,status,mutation_attempts
20,0,0,"//0
p:
p:1
j:0,1",0.0,"//0
p:
p:1.0
j:0, 1, stif=0.843
",0.0,feasible,21
20,0,0,"//0
p:
p:1
j:0,1",0.0,"//0
p:
",0.0,feasible,21
20,0,0,"//0
p:
p:1
j:0,1",0.0,"//0
p:ing=0.291
p:1.0
j:0, 1
",0.0,feasible,21
20,0,0,"//0
p:
p:1
j:0,1",0.0,"//0
p:
p:1.0
j:0, 1
n:
c:0, 0, 2.347
",0.0,feasible,21
20,0,0,"//0
p:
p:1
j:0,1",0.0,"//0
p:
p:1.0, ing=0.414
j:0, 1
",0.0,feasible,21
20,0,0,"//0
p:
p:1
j:0,1",0.0,"//0
p:
p:1.0, fr=0.414
j:0, 1
",0.0,feasible,21
20,0,0,"//0
p:
p:1
j:0,1",0.0,"//0
p:
p:0.922, 0.016, -0.228
j:0, 1
",0.0,feasible,21
20,0,0,"//0
p:
p:1
j:0,1",0.0,"//0
p:fr=0.133
p:1.0
j:0, 1
",0.0,feasible,21
20,0,0,"//0
p:
p:1
j:0,1",0.0,"//0
p:
p:1.0
j:0, 1, rotstif=0.792
",0.0,feasible,21
20,0,0,"//0
p:
p:1
j:0,1",0.0,"//0
p:fr=1.013
p:1.0
j:0, 1
",0.0,feasible,21
20,0,0,"//0
p:
p:1
j:0,1",0.0,"//0
p:
p:1.0
j:0, 1, stif=0.999
",0.0,feasible,21
20,0,0,"//0
p:
p:1
j:0,1",0.0,"//0
p:
p:1.051, -0.041, 0.317
j:0, 1
",0.0,feasible,21
20,0,0,"//0
p:
p:1
j:0,1",0.0,"//0
p:
p:1.0
j:0, 1
n:
c:0, 0, 2.522
",0.0,feasible,21
20,0,0,"//0
p:
p:1
j:0,1",0.0,"//0
p:0.066, 0.564, 0.3
p:1.0
j:0, 1
",0.0,feasible,21
20,0,0,"//0
p:
p:1
j:0,1",0.0,"//0
p:ing=0.14
p:1.0
j:0, 1
",0.0,feasible,21
20,0,0,"//0
p:
p:1
j:0,1",0.0,"//0
p:
p:1.0
j:0, 1
n:d=*
",0.0,feasible,21
20,0,0,"//0
p:
p:1
j:0,1",0.0,"//0
p:fr=0.3
p:1.0
j:0, 1
",0.0,feasible,21
20,0,0,"//0
p:
p:1
j:0,1",0.0,"//0
p:
p:1.0, ing=0.233
j:0, 1
",0.0,feasible,21
20,0,0,"//0
p:
p:1
j:0,1",0.0,"//0
p:0.543, 0.278, 0.27
p:1.0
j:0, 1
",4.7531423241764516e-20,feasible,21
20,0,0,"//0
p:
p:1
j:0,1",0.0,"//0
p:
p:1.0, ing=0.19
j:0, 1
",0.0,feasible,21
20,0,1,"//0
p:
p:1.0
p:0.252, 0.389, -0.054
j:0, 1
j:2, 1
",1.7763576864329959e-19,"//0
p:
p:1.0, ing=0.376
p:0.252, 0.389, -0.054
j:0, 1
j:2, 1
",1.7763576864329959e-19,feasible,21
20,0,1,"//0
p:
p:1.0
p:0.252, 0.389, -0.054
j:0, 1
j:2, 1
",1.7763576864329959e-19,"//0
p:
p:1.152, 0.187, -0.521
p:0.252, 0.389, -0.054
j:0, 1
j:2, 1
",1.7347234759768072e-22,feasible,21
20,0,1,"//0
p:
p:1.0
p:0.252, 0.389, -0.054
j:0, 1
j:2, 1
",1.7763576864329959e-19,"//0
p:0.23, -0.881, -0.19
p:1.0
p:0.252, 0.389, -0.054
j:0, 1
j:2, 1
",2.51214793389404e-19,feasible,21
20,0,1,"//0
p:
p:1.0
p:0.252, 0.389, -0.054
j:0, 1
j:2, 1
",1.7763576864329959e-19,"//0
p:
p:1.0
p:0.252, 0.389, -0.054
j:0, 1
j:2, 1, stif=0.968
",1.7763576864329959e-19,feasible,21
20,0,1,"//0
p:
p:1.0
p:0.252, 0.389, -0.054
j:0, 1
j:2, 1
",1.7763576864329959e-19,"//0
p:
p:1.0, fr=0.392
p:0.252, 0.389, -0.054
j:0, 1
j:2, 1
",1.7763576864329959e-19,feasible,21
20,0,1,"//0
p:
p:1.0
p:0.252, 0.389, -0.054
j:0, 1
j:2, 1
",1.7763576864329959e-19,"//0
p:
p:1.0, fr=0.174
p:0.252, 0.389, -0.054
j:0, 1
j:2, 1
",1.7763576864329959e-19,feasible,21
20,0,1,"//0
p:
p:1.0
p:0.252, 0.389, -0.054
j:0, 1
j:2, 1
",1.7763576864329959e-19,"//0
p:
p:1.0
p:-0.069, 0.531, -0.632
j:0, 1
j:2, 1
",0.0,feasible,21
20,0,1,"//0
p:
p:1.0
p:0.252, 0.389, -0.054
j:0, 1
j:2, 1
",1.7763576864329959e-19,"//0
p:
p:1.0
p:0.252, 0.389, -0.054
p:1.512, -0.515, -0.128
j:0, 1
j:2, 1
j:3, 1
",0.0,feasible,21
20,0,1,"//0
p:
p:1.0
p:0.252, 0.389, -0.054
j:0, 1
j:2, 1
",1.7763576864329959e-19,"//0
p:-0.713, 0.04, -0.508
p:1.0
p:0.252, 0.389, -0.054
j:0, 1
j:2, 1
",1.4152693235267302e-16,feasible,21
20,0,1,"//0
p:
p:1.0
p:0.252, 0.389, -0.054
j:0, 1
j:2, 1
",1.7763576864329959e-19,"//0
p:
p:1.0
p:0.252, 0.389, -0.054
j:2, 1
j:0, 1
",1.7763576864329959e-19,feasible,21
20,0,1,"//0
p:
p:1.0
p:0.252, 0.389, -0.054
j:0, 1
j:2, 1
",1.7763576864329959e-19,"//0
p:
p:1.045, 0.027, -0.042
p:0.252, 0.389, -0.054
j:0, 1
j:2, 1
",1.7763568394002505e-19,feasible,21
20,0,1,"//0
p:
p:1.0
p:0.252, 0.389, -0.054
j:0, 1
j:2, 1
",1.7763576864329959e-19,"//0
p:
p:1.094, 0.357, -0.555
p:0.252, 0.389, -0.054
j:0, 1
j:2, 1
",7.632783294297952e-21,feasible,21
20,0,1,"//0
p:
p:1.0
p:0.252, 0.389, -0.054
j:0, 1
j:2, 1
",1.7763576864329959e-19,"//0
p:fr=1.203
p:1.0
p:0.252, 0.389, -0.054
j:0, 1
j:2, 1
",1.7763568394002505e-19,feasible,21
20,0,1,"//0
p:
p:1.0
p:0.252, 0.389, -0.054
j:0, 1
j:2, 1
",1.7763576864329959e-19,"//0
p:
p:1.0
p:0.252, 0.389, -0.054
j:0, 1, rotstif=0.945
j:2, 1
",1.7763576864329959e-19,feasible,21
20,0,1,"//0
p:
p:1.0
p:0.252, 0.389, -0.054
j:0, 1
j:2, 1
",1.7763576864329959e-19,"//0
p:
p:1.0
p:0.252, 0.389, -0.054, fr=0.406
j:0, 1
j:2, 1
",1.7763576864329959e-19,feasible,21
20,0,1,"//0
p:
p:1.0
p:0.252, 0.389, -0.054
j:0, 1
j:2, 1
",1.7763576864329959e-19,"//0
p:
p:1.0
p:0.252, 0.389, -0.054
j:0, 1, rotstif=0.955
j:2, 1
",1.7763576864329959e-19,feasible,21
20,0,1,"//0
p:
p:1.0
p:0.252, 0.389, -0.054
j:0, 1
j:2, 1
",1.7763576864329959e-19,"//0
p:
p:1.0
j:0, 1
",0.0,feasible,21
20,0,1,"//0
p:
p:1.0
p:0.252, 0.389, -0.054
j:0, 1
j:2, 1
",1.7763576864329959e-19,"//0
p:
p:1.0
p:0.252, 0.389, -0.054, fr=0.176
j:0, 1
j:2, 1
",1.7763576864329959e-19,feasible,21
20,0,1,"//0
p:
p:1.0
p:0.252, 0.389, -0.054
j:0, 1
j:2, 1
",1.7763576864329959e-19,"//0
p:1.0
p:0.252, 0.389, -0.054
j:1, 0
",0.0,feasible,21
20,0,1,"//0
p:
p:1.0
p:0.252, 0.389, -0.054
j:0, 1
j:2, 1
",1.7763576864329959e-19,"//0
p:
p:1.0
p:0.252, 0.389, -0.054
j:0, 1, stif=0.832
j:2, 1
",1.7763568394002505e-19,feasible,21
20,0,2,"//0
p:
p:1.0
p:0.252, 0.389, -0.054
j:0, 1
j:2, 1
n:j=1, d=|
",4.859217244355066e-08,"//0
p:0.078, -0.082, 0.004
p:1.0
p:0.252, 0.389, -0.054
j:0, 1
j:2, 1
n:j=1, d=|
",1.3733567266153296e-09,feasible,20
20,0,2,"//0
p:
p:1.0
p:0.252, 0.389, -0.054
j:0, 1
j:2, 1
n:j=1, d=|
",4.859217244355066e-08,"//0
p:
p:1.0
p:0.252, 0.389, -0.054
j:0, 1
j:2, 1
n:j=1, d=|:r=0.935
",4.859217244355066e-08,feasible,20
20,0,2,"//0
p:
p:1.0
p:0.252, 0.389, -0.054
j:0, 1
j:2, 1
n:j=1, d=|
",4.859217244355066e-08,"//0
p:
p:1.0
p:0.252, 0.389, -0.054
j:1, 0
j:2, 0
n:j=1, d=|
",0.0,feasible,20
20,0,2,"//0
p:
p:1.0
p:0.252, 0.389, -0.054
j:0, 1
j:2, 1
n:j=1, d=|
",4.859217244355066e-08,"//0
p:
p:1.0
p:0.252, 0.389, -0.054
j:0, 1
j:2, 1
",1.7763576864329959e-19,feasible,20
20,0,2,"//0
p:
p:1.0
p:0.252, 0.389, -0.054
j:0, 1
j:2, 1
n:j=1, d=|
",4.859217244355066e-08,"//0
p:
p:1.0
p:0.252, 0.389, -0.054
j:0, 2
j:1, 2
n:j=1, d=|
",1.7763576864329959e-19,feasible,20
20,0,2,"//0
p:
p:1.0
p:0.252, 0.389, -0.054
j:0, 1
j:2, 1
n:j=1, d=|
",4.859217244355066e-08,"//0
p:
p:1.0
p:0.252, 0.389, -0.054
j:0, 1
j:2, 1
n:j=1, d=|:p=0.197
",4.859217244355066e-08,feasible,20
20,0,2,"//0
p:
p:1.0
p:0.252, 0.389, -0.054
j:0, 1
j:2, 1
n:j=1, d=|
",4.859217244355066e-08,"//0
p:
p:1.0
p:0.252, 0.389, -0.054
j:0, 1
j:2, 1, stif=0.989
n:j=1, d=|
",1.7553149475674542e-08,feasible,20
20,0,2,"//0
p:
p:1.0
p:0.252, 0.389, -0.054
j:0, 1
j:2, 1
n:j=1, d=|
",4.859217244355066e-08,"//0
p:
p:1.0
p:0.252, 0.389, -0.054
j:0, 1
j:2, 1, stif=0.962
n:j=1, d=|
",0.0,feasible,20
20,0,2,"//0
p:
p:1.0
p:0.252, 0.389, -0.054
j:0, 1
j:2, 1
n:j=1, d=|
",4.859217244355066e-08,"//0
p:
p:1.0
p:0.252, 0.389, -0.054
j:0, 1, stif=0.824
j:2, 1
n:j=1, d=|
",9.737424174715576e-09,feasible,20
20,0,2,"//0
p:
p:1.0
p:0.252, 0.389, -0.054
j:0, 1
j:2, 1
n:j=1, d=|
",4.859217244355066e-08,"//0
p:
p:1.0
p:0.252, 0.389, -0.054
p:0.699, 0.094, -0.052
j:0, 1
j:2, 1
j:3, 1
n:j=1, d=|
",2.6621609435633263e-08,feasible,20
20,0,2,"//0
p:
p:1.0
p:0.252, 0.389, -0.054
j:0, 1
j:2, 1
n:j=1, d=|
",4.859217244355066e-08,"//0
p:1.0
p:0.252, 0.389, -0.054
j:1, 0
n:j=0, d=|
",4.130579212203997e-09,feasible,20
20,0,2,"//0
p:
p:1.0
p:0.252, 0.389, -0.054
j:0, 1
j:2, 1
n:j=1, d=|
",4.859217244355066e-08,"//0
p:
p:1.0
p:0.109, 0.583, -0.358
j:0, 1
j:2, 1
n:j=1, d=|
",7.444771350888347e-07,feasible,20
20,0,2,"//0
p:
p:1.0
p:0.252, 0.389, -0.054
j:0, 1
j:2, 1
n:j=1, d=|
",4.859217244355066e-08,"//0
p:
p:1.0
p:0.252, 0.389, -0.054
j:0, 1, rotstif=0.963
j:2, 1
n:j=1, d=|
",4.859217244355066e-08,feasible,20
20,0,2,"//0
p:
p:1.0
p:0.252, 0.389, -0.054
j:0, 1
j:2, 1
n:j=1, d=|
",4.859217244355066e-08,"//0
p:
p:1.0
p:0.252, 0.389, -0.054, fr=0.083
j:0, 1
j:2, 1
n:j=1, d=|
",1.2899759756930222e-07,feasible,20
20,0,2,"//0
p:
p:1.0
p:0.252, 0.389, -0.054
j:0, 1
j:2, 1
n:j=1, d=|
",4.859217244355066e-08,"//0
p:
p:1.0
p:0.252, 0.389, -0.054
j:0, 1
j:2, 1
n:j=1, d=|:r=0.941
",4.859217244355066e-08,feasible,20
20,0,2,"//0
p:
p:1.0
p:0.252, 0.389, -0.054
j:0, 1
j:2, 1
n:j=1, d=|
",4.859217244355066e-08,"//0
p:
p:1.0
p:0.252, 0.389, -0.054
j:0, 1
j:2, 1
n:j=1, d=|:r=0.968
",4.859217244355066e-08,feasible,20
20,0,2,"//0
p:
p:1.0
p:0.252, 0.389, -0.054
j:0, 1
j:2, 1
n:j=1, d=|
",4.859217244355066e-08,"//0
p:
p:1.0
p:0.252, 0.389, -0.054
j:0, 1
j:2, 1
n:j=1, d=|:p=0.189
",4.859217244355066e-08,feasible,20
20,0,2,"//0
p:
p:1.0
p:0.252, 0.389, -0.054
j:0, 1
j:2, 1
n:j=1, d=|
",4.859217244355066e-08,"//0
p:
p:1.0
p:0.252, 0.389, -0.054
j:0, 1, rotstif=0.842
j:2, 1
n:j=1, d=|
",4.859217244355066e-08,feasible,20
20,0,2,"//0
p:
p:1.0
p:0.252, 0.389, -0.054
j:0, 1
j:2, 1
n:j=1, d=|
",4.859217244355066e-08,"//0
p:
p:1.0
p:0.252, 0.389, -0.054
j:0, 1
j:2, 1, rotstif=0.899
n:j=1, d=|
",4.859217244355066e-08,feasible,20
20,0,2,"//0
p:
p:1.0
p:0.252, 0.389, -0.054
j:0, 1
j:2, 1
n:j=1, d=|
",4.859217244355066e-08,"//0
p:
p:1.0
p:0.252, 0.389, -0.054
j:0, 1
j:2, 1, rotstif=0.935
n:j=1, d=|
",4.859217244355066e-08,feasible,20
20,0,3,"//0
p:
p:0.491, -0.76, -0.191
p:0.252, 0.389, -0.054
j:0, 1
j:2, 1
n:j=1, d=|
",4.9049760426651976e-05,"//0
p:
p:0.491, -0.76, -0.191
p:0.252, 0.389, -0.054
j:0, 1
j:2, 1, stif=0.927
n:j=1, d=|
",2.4018857371753376e-05,feasible,21
20,0,3,"//0
p:
p:0.491, -0.76, -0.191
p:0.252, 0.389, -0.054
j:0, 1
j:2, 1
n:j=1, d=|
",4.9049760426651976e-05,"//0
p:
p:0.491, -0.76, -0.191
p:0.252, 0.389, -0.054, fr=0.448
j:0, 1
j:2, 1
n:j=1, d=|
",5.3364472088634385e-05,feasible,21
20,0,3,"//0
p:
p:0.491, -0.76, -0.191
p:0.252, 0.389, -0.054
j:0, 1
j:2, 1
n:j=1, d=|
",4.9049760426651976e-05,"//0
p:0.491, -0.76, -0.191
p:0.252, 0.389, -0.054
j:1, 0
n:j=0, d=|
",5.327605152738334e-07,feasible,21
20,0,3,"//0
p:
p:0.491, -0.76, -0.191
p:0.252, 0.389, -0.054
j:0, 1
j:2, 1
n:j=1, d=|
",4.9049760426651976e-05,"//0
p:
p:0.491, -0.76, -0.191
p:0.252, 0.389, -0.054
j:0, 1, stif=0.977
j:2, 1
n:j=1, d=|
",3.7441862300704395e-05,feasible,21
20,0,3,"//0
p:
p:0.491, -0.76, -0.191
p:0.252, 0.389, -0.054
j:0, 1
j:2, 1
n:j=1, d=|
",4.9049760426651976e-05,"//0
p:
p:0.491, -0.76, -0.191
p:0.252, 0.389, -0.054
p:0.803, -0.977, -0.235
j:0, 1
j:2, 1
j:3, 1
n:j=1, d=|
",6.098553062825311e-09,feasible,21
20,0,3,"//0
p:
p:0.491, -0.76, -0.191
p:0.252, 0.389, -0.054
j:0, 1
j:2, 1
n:j=1, d=|
",4.9049760426651976e-05,"//0
p:
p:0.491, -0.76, -0.191
p:0.252, 0.389, -0.054
j:0, 1, rotstif=0.874
j:2, 1
n:j=1, d=|
",4.9049760426651976e-05,feasible,21
20,0,3,"//0
p:
p:0.491, -0.76, -0.191
p:0.252, 0.389, -0.054
j:0, 1
j:2, 1
n:j=1, d=|
",4.9049760426651976e-05,"//0
p:
p:0.491, -0.76, -0.191
p:0.252, 0.389, -0.054, ing=0.114
j:0, 1
j:2, 1
n:j=1, d=|
",4.9049760426651976e-05,feasible,21
20,0,3,"//0
p:
p:0.491, -0.76, -0.191
p:0.252, 0.389, -0.054
j:0, 1
j:2, 1
n:j=1, d=|
",4.9049760426651976e-05,"//0
p:
p:0.491, -0.76, -0.191
p:0.252, 0.389, -0.054
j:0, 1
j:2, 1, stif=0.986
n:j=1, d=|
",4.537183937450829e-05,feasible,21
20,0,3,"//0
p:
p:0.491, -0.76, -0.191
p:0.252, 0.389, -0.054
j:0, 1
j:2, 1
n:j=1, d=|
",4.9049760426651976e-05,"//0
p:
p:0.491, -0.76, -0.191, fr=0.347
p:0.252, 0.389, -0.054
j:0, 1
j:2, 1
n:j=1, d=|
",2.2567952061977093e-05,feasible,21
20,0,3,"//0
p:
p:0.491, -0.76, -0.191
p:0.252, 0.389, -0.054
j:0, 1
j:2, 1
n:j=1, d=|
",4.9049760426651976e-05,"//0
p:
p:0.491, -0.76, -0.191
j:0, 1
",0.0,feasible,21
20,0,3,"//0
p:
p:0.491, -0.76, -0.191
p:0.252, 0.389, -0.054
j:0, 1
j:2, 1
n:j=1, d=|
",4.9049760426651976e-05,"//0
p:
p:0.491, -0.76, -0.191
p:0.252, 0.389, -0.054
j:0, 1
j:2, 1
n:j=1, d=|:r=0.934
",4.9049760426651976e-05,feasible,21
20,0,3,"//0
p:
p:0.491, -0.76, -0.191
p:0.252, 0.389, -0.054
j:0, 1
j:2, 1
n:j=1, d=|
",4.9049760426651976e-05,"//0
p:
p:0.491, -0.76, -0.191
p:0.252, 0.389, -0.054, ing=0.415
j:0, 1
j:2, 1
n:j=1, d=|
",4.9049760426651976e-05,feasible,21
20,0,3,"//0
p:
p:0.491, -0.76, -0.191
p:0.252, 0.389, -0.054
j:0, 1
j:2, 1
n:j=1, d=|
",4.9049760426651976e-05,"//0
p:
p:0.491, -0.76, -0.191
p:0.252, 0.389, -0.054
j:0, 1
j:2, 1, stif=0.971
n:j=1, d=|
",3.998037624198166e-05,feasible,21
20,0,3,"//0
p:
p:0.491, -0.76, -0.191
p:0.252, 0.389, -0.054
j:0, 1
j:2, 1
n:j=1, d=|
",4.9049760426651976e-05,"//0
p:
p:0.491, -0.76, -0.191
p:0.252, 0.389, -0.054
j:0, 1
j:2, 1, stif=0.925
n:j=1, d=|
",1.8004538694330668e-05,feasible,21
20,0,3,"//0
p:
p:0.491, -0.76, -0.191
p:0.252, 0.389, -0.054
j:0, 1
j:2, 1
n:j=1, d=|
",4.9049760426651976e-05,"//0
p:
p:0.491, -0.76, -0.191
p:0.252, 0.389, -0.054
j:0, 1
j:2, 1
j:0, 2
n:j=1, d=|
",4.3746543879513635e-18,feasible,21
20,0,3,"//0
p:
p:0.491, -0.76, -0.191
p:0.252, 0.389, -0.054
j:0, 1
j:2, 1
n:j=1, d=|
",4.9049760426651976e-05,"//0
p:
p:0.491, -0.76, -0.191
p:0.252, 0.389, -0.054
j:0, 1, stif=0.899
j:2, 1
n:j=1, d=|
",2.6958284551113793e-05,feasible,21
20,0,3,"//0
p:
p:0.491, -0.76, -0.191
p:0.252, 0.389, -0.054
j:0, 1
j:2, 1
n:j=1, d=|
",4.9049760426651976e-05,"//0
p:
p:0.307, -0.888, -0.248
p:0.252, 0.389, -0.054
j:0, 1
j:2, 1
n:j=1, d=|
",0.00016598039648988395,feasible,21
20,0,3,"//0
p:
p:0.491, -0.76, -0.191
p:0.252, 0.389, -0.054
j:0, 1
j:2, 1
n:j=1, d=|
",4.9049760426651976e-05,"//0
p:
p:0.491, -0.76, -0.191
p:0.252, 0.389, -0.054
j:0, 2
j:1, 2
n:j=1, d=|
",5.625857562763349e-07,feasible,21
20,0,3,"//0
p:
p:0.491, -0.76, -0.191
p:0.252, 0.389, -0.054
j:0, 1
j:2, 1
n:j=1, d=|
",4.9049760426651976e-05,"//0
p:
p:0.491, -0.76, -0.191
p:0.252, 0.389, -0.054, ing=0.144
j:0, 1
j:2, 1
n:j=1, d=|
",4.9049760426651976e-05,feasible,21
20,0,3,"//0
p:
p:0.491, -0.76, -0.191
p:0.252, 0.389, -0.054
j:0, 1
j:2, 1
n:j=1, d=|
",4.9049760426651976e-05,"//0
p:
p:0.491, -0.76, -0.191
p:0.252, 0.389, -0.054
j:0, 1
j:2, 1
n:j=1, d=|:p=0.343
",1.7347234759768072e-22,feasible,21
20,0,4,"//0
p:
p:0.373, -1.155, -0.734
p:0.252, 0.389, -0.054
j:0, 1
j:2, 1
n:j=1, d=|
",0.00019379839737925636,"//0
p:fr=0.107
p:0.373, -1.155, -0.734
p:0.252, 0.389, -0.054
j:0, 1
j:2, 1
n:j=1, d=|
",0.00011265799711846396,feasible,26
20,0,4,"//0
p:
p:0.373, -1.155, -0.734
p:0.252, 0.389, -0.054
j:0, 1
j:2, 1
n:j=1, d=|
",0.00019379839737925636,"//0
p:
p:0.373, -1.155, -0.734
p:0.252, 0.389, -0.054
j:0, 1
j:2, 1, stif=0.919
n:j=1, d=|
",0.000189025048885187,feasible,26
20,0,4,"//0
p:
p:0.373, -1.155, -0.734
p:0.252, 0.389, -0.054
j:0, 1
j:2, 1
n:j=1, d=|
",0.00019379839737925636,"//0
p:ing=0.166
p:0.373, -1.155, -0.734
p:0.252, 0.389, -0.054
j:0, 1
j:2, 1
n:j=1, d=|
",0.00019379839737925636,feasible,26
20,0,4,"//0
p:
p:0.373, -1.155, -0.734
p:0.252, 0.389, -0.054
j:0, 1
j:2, 1
n:j=1, d=|
",0.00019379839737925636,"//0
p:
p:0.373, -1.155, -0.734
p:0.252, 0.389, -0.054
p:1.811, -0.304, -0.359
j:0, 1
j:2, 1
j:3, 0
n:j=1, d=|
",4.3401011258454235e-07,feasible,26
20,0,4,"//0
p:
p:0.373, -1.155, -0.734
p:0.252, 0.389, -0.054
j:0, 1
j:2, 1
n:j=1, d=|
",0.00019379839737925636,"//0
p:
p:0.373, -1.155, -0.734
p:0.252, 0.389, -0.054
j:2, 1
j:0, 1
n:j=1, d=|
",0.00010674501728081611,feasible,26
20,0,4,"//0
p:
p:0.373, -1.155, -0.734
p:0.252, 0.389, -0.054
j:0, 1
j:2, 1
n:j=1, d=|
",0.00019379839737925636,"//0
p:
p:0.373, -1.155, -0.734, fr=0.454
p:0.252, 0.389, -0.054
j:0, 1
j:2, 1
n:j=1, d=|
",5.1052749797445484e-05,feasible,26
20,0,4,"//0
p:
p:0.373, -1.155, -0.734
p:0.252, 0.389, -0.054
j:0, 1
j:2, 1
n:j=1, d=|
",0.00019379839737925636,"//0
p:
p:0.373, -1.155, -0.734
p:0.252, 0.389, -0.054
p:0.027, -0.648, 1.195
j:0, 1
j:2, 1
j:3, 2
n:j=1, d=|
",1.9446924778833796e-05,feasible,26
20,0,4,"//0
p:
p:0.373, -1.155, -0.734
p:0.252, 0.389, -0.054
j:0, 1
j:2, 1
n:j=1, d=|
",0.00019379839737925636,"//0
p:
p:0.373, -1.155, -0.734
p:0.252, 0.389, -0.054
j:0, 2
j:1, 2
n:j=1, d=|
",0.00013884751208440656,feasible,26
20,0,4,"//0
p:
p:0.373, -1.155, -0.734
p:0.252, 0.389, -0.054
j:0, 1
j:2, 1
n:j=1, d=|
",0.00019379839737925636,"//0
p:
p:0.373, -1.155, -0.734, ing=0.209
p:0.252, 0.389, -0.054
j:0, 1
j:2, 1
n:j=1, d=|
",0.00019379839737925636,feasible,26
20,0,4,"//0
p:
p:0.373, -1.155, -0.734
p:0.252, 0.389, -0.054
j:0, 1
j:2, 1
n:j=1, d=|
",0.00019379839737925636,"//0
p:ing=0.206
p:0.373, -1.155, -0.734
p:0.252, 0.389, -0.054
j:0, 1
j:2, 1
n:j=1, d=|
",0.00019379839737925636,feasible,26
20,0,4,"//0
p:
p:0.373, -1.155, -0.734
p:0.252, 0.389, -0.054
j:0, 1
j:2, 1
n:j=1, d=|
",0.00019379839737925636,"//0
p:
p:0.373, -1.155, -0.734
p:0.252, 0.389, -0.054, ing=0.315
j:0, 1
j:2, 1
n:j=1, d=|
",0.00019379839737925636,feasible,26
20,0,4,"//0
p:
p:0.373, -1.155, -0.734
p:0.252, 0.389, -0.054
j:0, 1
j:2, 1
n:j=1, d=|
",0.00019379839737925636,"//0
p:0.373, -1.155, -0.734
p:0.252, 0.389, -0.054
j:1, 0
n:j=0, d=|
",4.641785044315656e-06,feasible,26
20,0,4,"//0
p:
p:0.373, -1.155, -0.734
p:0.252, 0.389, -0.054
j:0, 1
j:2, 1
n:j=1, d=|
",0.00019379839737925636,"//0
p:
p:0.373, -1.155, -0.734
j:0, 1
",0.0,feasible,26
20,0,4,"//0
p:
p:0.373, -1.155, -0.734
p:0.252, 0.389, -0.054
j:0, 1
j:2, 1
n:j=1, d=|
",0.00019379839737925636,"//0
p:
p:0.373, -1.155, -0.734, fr=0.122
p:0.252, 0.389, -0.054
j:0, 1
j:2, 1
n:j=1, d=|
",7.1474461131437735e-09,feasible,26
20,0,4,"//0
p:
p:0.373, -1.155, -0.734
p:0.252, 0.389, -0.054
j:0, 1
j:2, 1
n:j=1, d=|
",0.00019379839737925636,"//0
p:
p:0.373, -1.155, -0.734, fr=0.648
p:0.252, 0.389, -0.054
j:0, 1
j:2, 1
n:j=1, d=|
",0.00016835056147919444,feasible,26
20,0,4,"//0
p:
p:0.373, -1.155, -0.734
p:0.252, 0.389, -0.054
j:0, 1
j:2, 1
n:j=1, d=|
",0.00019379839737925636,"//0
p:-0.15, -0.82, -0.093
p:0.373, -1.155, -0.734
p:0.252, 0.389, -0.054
j:0, 1
j:2, 1
n:j=1, d=|
",8.595504940935569e-05,feasible,26
20,0,4,"//0
p:
p:0.373, -1.155, -0.734
p:0.252, 0.389, -0.054
j:0, 1
j:2, 1
n:j=1, d=|
",0.00019379839737925636,"//0
p:
p:0.373, -1.155, -0.734
p:0.252, 0.389, -0.054
p:0.042, -0.04, -0.049
j:0, 1
j:2, 1
j:3, 0
n:j=1, d=|
",2.7263562054364787e-06,feasible,26
20,0,4,"//0
p:
p:0.373, -1.155, -0.734
p:0.252, 0.389, -0.054
j:0, 1
j:2, 1
n:j=1, d=|
",0.00019379839737925636,"//0
p:ing=0.397
p:0.373, -1.155, -0.734
p:0.252, 0.389, -0.054
j:0, 1
j:2, 1
n:j=1, d=|
",0.00019379839737925636,feasible,26
20,0,4,"//0
p:
p:0.373, -1.155, -0.734
p:0.252, 0.389, -0.054
j:0, 1
j:2, 1
n:j=1, d=|
",0.00019379839737925636,"//0
p:
p:0.373, -1.155, -0.734, ing=0.278
p:0.252, 0.389, -0.054
j:0, 1
j:2, 1
n:j=1, d=|
",0.00019379839737925636,feasible,26
20,0,4,"//0
p:
p:0.373, -1.155, -0.734
p:0.252, 0.389, -0.054
j:0, 1
j:2, 1
n:j=1, d=|
",0.00019379839737925636,"//0
p:
p:0.373, -1.155, -0.734
p:0.252, 0.389, -0.054
j:0, 1, stif=0.959
j:2, 1
n:j=1, d=|
",0.00020453105951528895,feasible,26
20,0,5,"//0
p:0.259, -0.279, -0.397
p:0.373, -1.155, -0.734
p:0.252, 0.389, -0.054
j:0, 1
j:2, 1
n:j=1, d=|
",0.00031174209415175085,"//0
p:0.259, -0.279, -0.397, ing=0.129
p:0.373, -1.155, -0.734
p:0.252, 0.389, -0.054
j:0, 1
j:2, 1
n:j=1, d=|
",0.00031174209415175085,feasible,20
20,0,5,"//0
p:0.259, -0.279, -0.397
p:0.373, -1.155, -0.734
p:0.252, 0.389, -0.054
j:0, 1
j:2, 1
n:j=1, d=|
",0.00031174209415175085,"//0
p:0.098, -0.583, -0.138
p:0.373, -1.155, -0.734
p:0.252, 0.389, -0.054
j:0, 1
j:2, 1
n:j=1, d=|
",0.00020888008697224046,feasible,20
20,0,5,"//0
p:0.259, -0.279, -0.397
p:0.373, -1.155, -0.734
p:0.252, 0.389, -0.054
j:0, 1
j:2, 1
n:j=1, d=|
",0.00031174209415175085,"//0
p:0.259, -0.279, -0.397
p:0.373, -1.155, -0.734
p:0.252, 0.389, -0.054
j:0, 1, stif=0.941
j:2, 1
n:j=1, d=|
",0.00033031343846867456,feasible,20
20,0,5,"//0
p:0.259, -0.279, -0.397
p:0.373, -1.155, -0.734
p:0.252, 0.389, -0.054
j:0, 1
j:2, 1
n:j=1, d=|
",0.00031174209415175085,"//0
p:0.259, -0.279, -0.397
p:0.373, -1.155, -0.734
p:0.252, 0.389, -0.054
j:0, 1, rotstif=0.976
j:2, 1
n:j=1, d=|
",0.00031174209415175085,feasible,20
20,0,5,"//0
p:0.259, -0.279, -0.397
p:0.373, -1.155, -0.734
p:0.252, 0.389, -0.054
j:0, 1
j:2, 1
n:j=1, d=|
",0.00031174209415175085,"//0
p:0.476, -0.104, -0.002
p:0.373, -1.155, -0.734
p:0.252, 0.389, -0.054
j:0, 1
j:2, 1
n:j=1, d=|
",0.00030386156170291774,feasible,20
20,0,5,"//0
p:0.259, -0.279, -0.397
p:0.373, -1.155, -0.734
p:0.252, 0.389, -0.054
j:0, 1
j:2, 1
n:j=1, d=|
",0.00031174209415175085,"//0
p:0.259, -0.279, -0.397
p:0.373, -1.155, -0.734
p:0.252, 0.389, -0.054
j:0, 1
j:2, 1
n:j=1, d=|
n:j=1, d=G
c:0, 1, -1.169
",5.7720134985321955e-05,feasible,20
20,0,5,"//0
p:0.259, -0.279, -0.397
p:0.373, -1.155, -0.734
p:0.252, 0.389, -0.054
j:0, 1
j:2, 1
n:j=1, d=|
",0.00031174209415175085,"//0
p:0.259, -0.279, -0.397
p:0.373, -1.155, -0.734
p:0.252, 0.389, -0.054
p:0.595, -0.339, -0.345
j:0, 1
j:2, 1
j:3, 1
n:j=1, d=|
",4.143212781742804e-08,feasible,20
20,0,5,"//0
p:0.259, -0.279, -0.397
p:0.373, -1.155, -0.734
p:0.252, 0.389, -0.054
j:0, 1
j:2, 1
n:j=1, d=|
",0.00031174209415175085,"//0
p:0.259, -0.279, -0.397
p:0.373, -1.155, -0.734
p:0.252, 0.389, -0.054, ing=0.464
j:0, 1
j:2, 1
n:j=1, d=|
",0.00031174209415175085,feasible,20
20,0,5,"//0
p:0.259, -0.279, -0.397
p:0.373, -1.155, -0.734
p:0.252, 0.389, -0.054
j:0, 1
j:2, 1
n:j=1, d=|
",0.00031174209415175085,"//0
p:0.259, -0.279, -0.397, ing=0.303
p:0.373, -1.155, -0.734
p:0.252, 0.389, -0.054
j:0, 1
j:2, 1
n:j=1, d=|
",0.00031174209415175085,feasible,20
20,0,5,"//0
p:0.259, -0.279, -0.397
p:0.373, -1.155, -0.734
p:0.252, 0.389, -0.054
j:0, 1
j:2, 1
n:j=1, d=|
",0.00031174209415175085,"//0
p:0.259, -0.279, -0.397, ing=0.475
p:0.373, -1.155, -0.734
p:0.252, 0.389, -0.054
j:0, 1
j:2, 1
n:j=1, d=|
",0.00031174209415175085,feasible,20
20,0,5,"//0
p:0.259, -0.279, -0.397
p:0.373, -1.155, -0.734
p:0.252, 0.389, -0.054
j:0, 1
j:2, 1
n:j=1, d=|
",0.00031174209415175085,"//0
p:0.259, -0.279, -0.397, fr=0.427
p:0.373, -1.155, -0.734
p:0.252, 0.389, -0.054
j:0, 1
j:2, 1
n:j=1, d=|
",0.0003223398142026172,feasible,20
20,0,5,"//0
p:0.259, -0.279, -0.397
p:0.373, -1.155, -0.734
p:0.252, 0.389, -0.054
j:0, 1
j:2, 1
n:j=1, d=|
",0.00031174209415175085,"//0
p:0.259, -0.279, -0.397
p:0.373, -1.155, -0.734
p:0.252, 0.389, -0.054, ing=0.209
j:0, 1
j:2, 1
n:j=1, d=|
",0.00031174209415175085,feasible,20
20,0,5,"//0
p:0.259, -0.279, -0.397
p:0.373, -1.155, -0.734
p:0.252, 0.389, -0.054
j:0, 1
j:2, 1
n:j=1, d=|
",0.00031174209415175085,"//0
p:0.259, -0.279, -0.397
p:0.373, -1.155, -0.734
p:0.252, 0.389, -0.054
j:0, 1
j:2, 1
n:j=1, d=|:p=0.266
",0.0002474973928857815,feasible,20
20,0,5,"//0
p:0.259, -0.279, -0.397
p:0.373, -1.155, -0.734
p:0.252, 0.389, -0.054
j:0, 1
j:2, 1
n:j=1, d=|
",0.00031174209415175085,"//0
p:0.259, -0.279, -0.397
p:0.373, -1.155, -0.734
p:0.252, 0.389, -0.054
j:2, 1
j:0, 1
n:j=1, d=|
",9.978886391637711e-08,feasible,20
20,0,5,"//0
p:0.259, -0.279, -0.397
p:0.373, -1.155, -0.734
p:0.252, 0.389, -0.054
j:0, 1
j:2, 1
n:j=1, d=|
",0.00031174209415175085,"//0
p:0.259, -0.279, -0.397
p:0.373, -1.155, -0.734, ing=0.232
p:0.252, 0.389, -0.054
j:0, 1
j:2, 1
n:j=1, d=|
",0.00031174209415175085,feasible,20
20,0,5,"//0
p:0.259, -0.279, -0.397
p:0.373, -1.155, -0.734
p:0.252, 0.389, -0.054
j:0, 1
j:2, 1
n:j=1, d=|
",0.00031174209415175085,"//0
p:0.621, -0.66, -0.658
p:0.373, -1.155, -0.734
p:0.252, 0.389, -0.054
j:0, 1
j:2, 1
n:j=1, d=|
",0.00014500925140759267,feasible,20
20,0,5,"//0
p:0.259, -0.279, -0.397
p:0.373, -1.155, -0.734
p:0.252, 0.389, -0.054
j:0, 1
j:2, 1
n:j=1, d=|
",0.00031174209415175085,"//0
p:0.259, -0.279, -0.397
p:0.373, -1.155, -0.734
p:0.252, 0.389, -0.054
j:0, 1
j:2, 1
n:j=1, d=|:r=0.898
",0.00031174209415175085,feasible,20
20,0,5,"//0
p:0.259, -0.279, -0.397
p:0.373, -1.155, -0.734
p:0.252, 0.389, -0.054
j:0, 1
j:2, 1
n:j=1, d=|
",0.00031174209415175085,"//0
p:0.259, -0.279, -0.397
p:0.373, -1.155, -0.734
p:0.252, 0.389, -0.054
j:0, 1, rotstif=0.83
j:2, 1
n:j=1, d=|
",0.00031174209415175085,feasible,20
20,0,5,"//0
p:0.259, -0.279, -0.397
p:0.373, -1.155, -0.734
p:0.252, 0.389, -0.054
j:0, 1
j:2, 1
n:j=1, d=|
",0.00031174209415175085,"//0
p:0.259, -0.279, -0.397
p:0.373, -1.155, -0.734
p:0.252, 0.389, -0.054
j:0, 1
j:2, 1
n:j=1, d=|:r=0.95
",0.00031174209415175085,feasible,20
20,0,5,"//0
p:0.259, -0.279, -0.397
p:0.373, -1.155, -0.734
p:0.252, 0.389, -0.054
j:0, 1
j:2, 1
n:j=1, d=|
",0.00031174209415175085,"//0
p:0.259, -0.279, -0.397
p:0.373, -1.155, -0.734
p:0.252, 0.389, -0.054
j:0, 1
j:2, 1
n:j=1, d=|:p=0.313
",9.488810148033666e-05,feasible,20
20,0,6,"//0
p:0.259, -0.279, -0.397
p:0.767, -1.781, -0.725
p:0.32479942749161755, 0.08225289775376687, -0.1488512929065542
j:0, 1
j:2, 1
n:j=1, d=|
",0.00037678465564865165,"//0
p:0.259, -0.279, -0.397
p:0.767, -1.781, -0.725
p:0.32479942749161755, 0.08225289775376687, -0.1488512929065542
j:0, 1
j:2, 1
n:j=1, d=|:r=0.996
",0.00037678465564865165,feasible,25
20,0,6,"//0
p:0.259, -0.279, -0.397
p:0.767, -1.781, -0.725
p:0.32479942749161755, 0.08225289775376687, -0.1488512929065542
j:0, 1
j:2, 1
n:j=1, d=|
",0.00037678465564865165,"//0
p:0.259, -0.279, -0.397, fr=0.578
p:0.767, -1.781, -0.725
p:0.32479942749161755, 0.08225289775376687, -0.1488512929065542
j:0, 1
j:2, 1
n:j=1, d=|
",0.0003539324361313024,feasible,25
20,0,6,"//0
p:0.259, -0.279, -0.397
p:0.767, -1.781, -0.725
p:0.32479942749161755, 0.08225289775376687, -0.1488512929065542
j:0, 1
j:2, 1
n:j=1, d=|
",0.00037678465564865165,"//0
p:0.259, -0.279, -0.397
p:0.767, -1.781, -0.725
p:0.32479942749161755, 0.08225289775376687, -0.1488512929065542
j:0, 1
j:2, 1
",1.7347234759768072e-22,feasible,25
20,0,6,"//0
p:0.259, -0.279, -0.397
p:0.767, -1.781, -0.725
p:0.32479942749161755, 0.08225289775376687, -0.1488512929065542
j:0, 1
j:2, 1
n:j=1, d=|
",0.00037678465564865165,"//0
p:0.259, -0.279, -0.397
p:0.767, -1.781, -0.725
p:0.32479942749161755, 0.08225289775376687, -0.1488512929065542
j:2, 1
j:0, 1
n:j=1, d=|
",0.0002941072318702188,feasible,25
20,0,6,"//0
p:0.259, -0.279, -0.397
p:0.767, -1.781, -0.725
p:0.32479942749161755, 0.08225289775376687, -0.1488512929065542
j:0, 1
j:2, 1
n:j=1, d=|
",0.00037678465564865165,"//0
p:0.259, -0.279, -0.397
p:0.767, -1.781, -0.725
p:0.4654791257758414, 0.1306252592455155, -0.2210415983222278
j:0, 1
j:2, 1
n:j=1, d=|
",0.00011460963716501389,feasible,25
20,0,6,"//0
p:0.259, -0.279, -0.397
p:0.767, -1.781, -0.725
p:0.32479942749161755, 0.08225289775376687, -0.1488512929065542
j:0, 1
j:2, 1
n:j=1, d=|
",0.00037678465564865165,"//0
p:0.259, -0.279, -0.397
p:0.767, -1.781, -0.725
p:0.32479942749161755, 0.08225289775376687, -0.1488512929065542
j:1, 0
j:2, 0
n:j=1, d=|
",1.7763568394002505e-19,feasible,25
20,0,6,"//0
p:0.259, -0.279, -0.397
p:0.767, -1.781, -0.725
p:0.32479942749161755, 0.08225289775376687, -0.1488512929065542
j:0, 1
j:2, 1
n:j=1, d=|
",0.00037678465564865165,"//0
p:0.259, -0.279, -0.397
p:0.767, -1.781, -0.725
j:0, 1
",0.0,feasible,25
20,0,6,"//0
p:0.259, -0.279, -0.397
p:0.767, -1.781, -0.725
p:0.32479942749161755, 0.08225289775376687, -0.1488512929065542
j:0, 1
j:2, 1
n:j=1, d=|
",0.00037678465564865165,"//0
p:0.259, -0.279, -0.397
p:0.767, -1.781, -0.725
p:0.32479942749161755, 0.08225289775376687, -0.1488512929065542
j:0, 1
j:2, 1
j:2, 0
n:j=1, d=|
",8.910338347255668e-05,feasible,25
20,0,6,"//0
p:0.259, -0.279, -0.397
p:0.767, -1.781, -0.725
p:0.32479942749161755, 0.08225289775376687, -0.1488512929065542
j:0, 1
j:2, 1
n:j=1, d=|
",0.00037678465564865165,"//0
p:0.767, -1.781, -0.725
p:0.32479942749161755, 0.08225289775376687, -0.1488512929065542
j:1, 0
n:j=0, d=|
",1.952977832427438e-05,feasible,25
20,0,6,"//0
p:0.259, -0.279, -0.397
p:0.767, -1.781, -0.725
p:0.32479942749161755, 0.08225289775376687, -0.1488512929065542
j:0, 1
j:2, 1
n:j=1, d=|
",0.00037678465564865165,"//0
p:0.259, -0.279, -0.397
p:0.767, -1.781, -0.725
p:0.32479942749161755, 0.08225289775376687, -0.1488512929065542
j:0, 2
j:1, 2
n:j=1, d=|
",0.00011346237454272885,feasible,25
20,0,6,"//0
p:0.259, -0.279, -0.397
p:0.767, -1.781, -0.725
p:0.32479942749161755, 0.08225289775376687, -0.1488512929065542
j:0, 1
j:2, 1
n:j=1, d=|
",0.00037678465564865165,"//0
p:0.259, -0.279, -0.397
p:0.767, -1.781, -0.725, ing=0.252
p:0.32479942749161755, 0.08225289775376687, -0.1488512929065542
j:0, 1
j:2, 1
n:j=1, d=|
",0.00037678465564865165,feasible,25
20,0,6,"//0
p:0.259, -0.279, -0.397
p:0.767, -1.781, -0.725
p:0.32479942749161755, 0.08225289775376687, -0.1488512929065542
j:0, 1
j:2, 1
n:j=1, d=|
",0.00037678465564865165,"//0
p:0.259, -0.279, -0.397
p:0.767, -1.781, -0.725
p:0.32479942749161755, 0.08225289775376687, -0.1488512929065542
j:0, 1
j:2, 1
n:j=1, d=|:r=0.84
",0.00037678465564865165,feasible,25
20,0,6,"//0
p:0.259, -0.279, -0.397
p:0.767, -1.781, -0.725
p:0.32479942749161755, 0.08225289775376687, -0.1488512929065542
j:0, 1
j:2, 1
n:j=1, d=|
",0.00037678465564865165,"//0
p:0.259, -0.279, -0.397
p:0.767, -1.781, -0.725
p:0.32479942749161755, 0.08225289775376687, -0.1488512929065542
j:0, 1
j:2, 1
n:j=1, d=|:p=0.173
",0.00036359179114762687,feasible,25
20,0,6,"//0
p:0.259, -0.279, -0.397
p:0.767, -1.781, -0.725
p:0.32479942749161755, 0.08225289775376687, -0.1488512929065542
j:0, 1
j:2, 1
n:j=1, d=|
",0.00037678465564865165,"//0
p:0.259, -0.279, -0.397
p:0.767, -1.781, -0.725
p:0.32479942749161755, 0.08225289775376687, -0.1488512929065542, fr=0.307
j:0, 1
j:2, 1
n:j=1, d=|
",0.0003017214374480894,feasible,25
20,0,6,"//0
p:0.259, -0.279, -0.397
p:0.767, -1.781, -0.725
p:0.32479942749161755, 0.08225289775376687, -0.1488512929065542
j:0, 1
j:2, 1
n:j=1, d=|
",0.00037678465564865165,"//0
p:0.259, -0.279, -0.397
p:0.767, -1.781, -0.725
p:0.32479942749161755, 0.08225289775376687, -0.1488512929065542
j:0, 1
j:2, 1
n:j=1, d=|:r=0.962
",0.00037678465564865165,feasible,25
20,0,6,"//0
p:0.259, -0.279, -0.397
p:0.767, -1.781, -0.725
p:0.32479942749161755, 0.08225289775376687, -0.1488512929065542
j:0, 1
j:2, 1
n:j=1, d=|
",0.00037678465564865165,"//0
p:0.259, -0.279, -0.397
p:0.767, -1.781, -0.725
p:0.32479942749161755, 0.08225289775376687, -0.1488512929065542, ing=0.125
j:0, 1
j:2, 1
n:j=1, d=|
",0.00037678465564865165,feasible,25
20,0,6,"//0
p:0.259, -0.279, -0.397
p:0.767, -1.781, -0.725
p:0.32479942749161755, 0.08225289775376687, -0.1488512929065542
j:0, 1
j:2, 1
n:j=1, d=|
",0.00037678465564865165,"//0
p:0.259, -0.279, -0.397, fr=0.644
p:0.767, -1.781, -0.725
p:0.32479942749161755, 0.08225289775376687, -0.1488512929065542
j:0, 1
j:2, 1
n:j=1, d=|
",0.00031668549643617183,feasible,25
20,0,6,"//0
p:0.259, -0.279, -0.397
p:0.767, -1.781, -0.725
p:0.32479942749161755, 0.08225289775376687, -0.1488512929065542
j:0, 1
j:2, 1
n:j=1, d=|
",0.00037678465564865165,"//0
p:0.259, -0.279, -0.397
p:0.767, -1.781, -0.725
p:0.32479942749161755, 0.08225289775376687, -0.1488512929065542
j:0, 1
j:2, 1, rotstif=0.781
n:j=1, d=|
",0.00037678465564865165,feasible,25
20,0,6,"//0
p:0.259, -0.279, -0.397
p:0.767, -1.781, -0.725
p:0.32479942749161755, 0.08225289775376687, -0.1488512929065542
j:0, 1
j:2, 1
n:j=1, d=|
",0.00037678465564865165,"//0
p:0.253, -0.262, -0.292
p:0.767, -1.781, -0.725
p:0.32479942749161755, 0.08225289775376687, -0.1488512929065542
j:0, 1
j:2, 1
n:j=1, d=|
",9.853822389122954e-05,feasible,25
20,0,6,"//0
p:0.259, -0.279, -0.397
p:0.767, -1.781, -0.725
p:0.32479942749161755, 0.08225289775376687, -0.1488512929065542
j:0, 1
j:2, 1
n:j=1, d=|
",0.00037678465564865165,"//0
p:0.259, -0.279, -0.397
p:0.767, -1.781, -0.725
p:0.1140514878905643, -0.022608182964882984, -0.03151856670995601
j:0, 1
j:2, 1
n:j=1, d=|
",0.0001691211298843632,feasible,25
20,0,7,"//0
p:0.259, -0.279, -0.397
p:0.767, -1.781, -0.725
p:0.32479942749161755, 0.08225289775376687, -0.1488512929065542
j:0, 1
j:2, 1, stif=0.925
n:j=1, d=|
",0.00038885924450985385,"//0
p:0.259, -0.279, -0.397, ing=0.322
p:0.767, -1.781, -0.725
p:0.32479942749161755, 0.08225289775376687, -0.1488512929065542
j:0, 1
j:2, 1, stif=0.925
n:j=1, d=|
",0.00038885924450985385,feasible,21
20,0,7,"//0
p:0.259, -0.279, -0.397
p:0.767, -1.781, -0.725
p:0.32479942749161755, 0.08225289775376687, -0.1488512929065542
j:0, 1
j:2, 1, stif=0.925
n:j=1, d=|
",0.00038885924450985385,"//0
p:0.259, -0.279, -0.397
p:0.767, -1.781, -0.725
j:0, 1
",0.0,feasible,21
20,0,7,"//0
p:0.259, -0.279, -0.397
p:0.767, -1.781, -0.725
p:0.32479942749161755, 0.08225289775376687, -0.1488512929065542
j:0, 1
j:2, 1, stif=0.925
n:j=1, d=|
",0.00038885924450985385,"//0
p:0.259, -0.279, -0.397
p:0.767, -1.781, -0.725
p:0.32479942749161755, 0.08225289775376687, -0.1488512929065542
j:0, 1
j:2, 1, stif=0.925
",0.0,feasible,21
20,0,7,"//0
p:0.259, -0.279, -0.397
p:0.767, -1.781, -0.725
p:0.32479942749161755, 0.08225289775376687, -0.1488512929065542
j:0, 1
j:2, 1, stif=0.925
n:j=1, d=|
",0.00038885924450985385,"//0
p:0.259, -0.279, -0.397
p:0.767, -1.781, -0.725
p:0.32479942749161755, 0.08225289775376687, -0.1488512929065542
j:0, 1
j:2, 1, stif=0.925
n:j=1, d=|:r=0.725
",0.00038885924450985385,feasible,21
20,0,7,"//0
p:0.259, -0.279, -0.397
p:0.767, -1.781, -0.725
p:0.32479942749161755, 0.08225289775376687, -0.1488512929065542
j:0, 1
j:2, 1, stif=0.925
n:j=1, d=|
",0.00038885924450985385,"//0
p:0.259, -0.279, -0.397
p:0.767, -1.781, -0.725
p:0.32479942749161755, 0.08225289775376687, -0.1488512929065542
j:0, 1
j:2, 1, stif=0.925
n:j=1, d=|:p=0.308
",0.00021131157267639073,feasible,21
20,0,7,"//0
p:0.259, -0.279, -0.397
p:0.767, -1.781, -0.725
p:0.32479942749161755, 0.08225289775376687, -0.1488512929065542
j:0, 1
j:2, 1, stif=0.925
n:j=1, d=|
",0.00038885924450985385,"//0
p:0.259, -0.279, -0.397
p:0.767, -1.781, -0.725
p:0.32479942749161755, 0.08225289775376687, -0.1488512929065542
j:0, 1
j:2, 1, stif=0.925
j:2, 0
n:j=1, d=|
",1.405068179622487e-05,feasible,21
20,0,7,"//0
p:0.259, -0.279, -0.397
p:0.767, -1.781, -0.725
p:0.32479942749161755, 0.08225289775376687, -0.1488512929065542
j:0, 1
j:2, 1, stif=0.925
n:j=1, d=|
",0.00038885924450985385,"//0
p:0.259, -0.279, -0.397
p:0.767, -1.781, -0.725, fr=0.41
p:0.32479942749161755, 0.08225289775376687, -0.1488512929065542
j:0, 1
j:2, 1, stif=0.925
n:j=1, d=|
",0.0003773634151119701,feasible,21
20,0,7,"//0
p:0.259, -0.279, -0.397
p:0.767, -1.781, -0.725
p:0.32479942749161755, 0.08225289775376687, -0.1488512929065542
j:0, 1
j:2, 1, stif=0.925
n:j=1, d=|
",0.00038885924450985385,"//0
p:0.259, -0.279, -0.397, ing=0.076
p:0.767, -1.781, -0.725
p:0.32479942749161755, 0.08225289775376687, -0.1488512929065542
j:0, 1
j:2, 1, stif=0.925
n:j=1, d=|
",0.00038885924450985385,feasible,21
20,0,7,"//0
p:0.259, -0.279, -0.397
p:0.767, -1.781, -0.725
p:0.32479942749161755, 0.08225289775376687, -0.1488512929065542
j:0, 1
j:2, 1, stif=0.925
n:j=1, d=|
",0.00038885924450985385,"//0
p:0.259, -0.279, -0.397
p:0.767, -1.781, -0.725
p:0.32479942749161755, 0.08225289775376687, -0.1488512929065542
p:0.622, 0.217, -0.196
j:0, 1
j:2, 1, stif=0.925
j:3, 0
n:j=1, d=|
",2.984205911762479e-07,feasible,21
20,0,7,"//0
p:0.259, -0.279, -0.397
p:0.767, -1.781, -0.725
p:0.32479942749161755, 0.08225289775376687, -0.1488512929065542
j:0, 1
j:2, 1, stif=0.925
n:j=1, d=|
",0.00038885924450985385,"//0
p:0.259, -0.279, -0.397
p:0.767, -1.781, -0.725
p:0.32479942749161755, 0.08225289775376687, -0.1488512929065542
j:0, 1
j:2, 1, stif=0.925
n:j=1, d=|
n:j=1, d=|
",-999999.0,infeasible,21
20,0,7,"//0
p:0.259, -0.279, -0.397
p:0.767, -1.781, -0.725
p:0.32479942749161755, 0.08225289775376687, -0.1488512929065542
j:0, 1
j:2, 1, stif=0.925
n:j=1, d=|
",0.00038885924450985385,"//0
p:0.259, -0.279, -0.397
p:0.767, -1.781, -0.725
p:0.32479942749161755, 0.08225289775376687, -0.1488512929065542
j:0, 1, stif=0.892
j:2, 1, stif=0.925
n:j=1, d=|
",0.0003982750658780087,feasible,21
20,0,7,"//0
p:0.259, -0.279, -0.397
p:0.767, -1.781, -0.725
p:0.32479942749161755, 0.08225289775376687, -0.1488512929065542
j:0, 1
j:2, 1, stif=0.925
n:j=1, d=|
",0.00038885924450985385,"//0
p:0.259, -0.279, -0.397, ing=0.374
p:0.767, -1.781, -0.725
p:0.32479942749161755, 0.08225289775376687, -0.1488512929065542
j:0, 1
j:2, 1, stif=0.925
n:j=1, d=|
",0.00038885924450985385,feasible,21
20,0,7,"//0
p:0.259, -0.279, -0.397
p:0.767, -1.781, -0.725
p:0.32479942749161755, 0.08225289775376687, -0.1488512929065542
j:0, 1
j:2, 1, stif=0.925
n:j=1, d=|
",0.00038885924450985385,"//0
p:0.259, -0.279, -0.397
p:0.767, -1.781, -0.725
p:0.32479942749161755, 0.08225289775376687, -0.1488512929065542
j:0, 1, rotstif=0.917
j:2, 1, stif=0.925
n:j=1, d=|
",0.00038885924450985385,feasible,21
20,0,7,"//0
p:0.259, -0.279, -0.397
p:0.767, -1.781, -0.725
p:0.32479942749161755, 0.08225289775376687, -0.1488512929065542
j:0, 1
j:2, 1, stif=0.925
n:j=1, d=|
",0.00038885924450985385,"//0
p:0.259, -0.279, -0.397
p:0.767, -1.781, -0.725
p:0.32479942749161755, 0.08225289775376687, -0.1488512929065542
j:0, 1, stif=0.991
j:2, 1, stif=0.925
n:j=1, d=|
",0.0003932343606677823,feasible,21
20,0,7,"//0
p:0.259, -0.279, -0.397
p:0.767, -1.781, -0.725
p:0.32479942749161755, 0.08225289775376687, -0.1488512929065542
j:0, 1
j:2, 1, stif=0.925
n:j=1, d=|
",0.00038885924450985385,"//0
p:0.23, -0.17, -0.352
p:0.767, -1.781, -0.725
p:0.32479942749161755, 0.08225289775376687, -0.1488512929065542
j:0, 1
j:2, 1, stif=0.925
n:j=1, d=|
",0.0002785666711092294,feasible,21
20,0,7,"//0
p:0.259, -0.279, -0.397
p:0.767, -1.781, -0.725
p:0.32479942749161755, 0.08225289775376687, -0.1488512929065542
j:0, 1
j:2, 1, stif=0.925
n:j=1, d=|
",0.00038885924450985385,"//0
p:0.259, -0.279, -0.397
p:0.767, -1.781, -0.725, fr=0.498
p:0.32479942749161755, 0.08225289775376687, -0.1488512929065542
j:0, 1
j:2, 1, stif=0.925
n:j=1, d=|
",0.00032426648692304873,feasible,21
20,0,7,"//0
p:0.259, -0.279, -0.397
p:0.767, -1.781, -0.725
p:0.32479942749161755, 0.08225289775376687, -0.1488512929065542
j:0, 1
j:2, 1, stif=0.925
n:j=1, d=|
",0.00038885924450985385,"//0
p:0.259, -0.279, -0.397
p:0.767, -1.781, -0.725
p:0.32479942749161755, 0.08225289775376687, -0.1488512929065542
j:0, 1
j:2, 1, stif=0.925
n:j=1, d=|:r=0.885
",0.00038885924450985385,feasible,21
20,0,7,"//0
p:0.259, -0.279, -0.397
p:0.767, -1.781, -0.725
p:0.32479942749161755, 0.08225289775376687, -0.1488512929065542
j:0, 1
j:2, 1, stif=0.925
n:j=1, d=|
",0.00038885924450985385,"//0
p:0.259, -0.279, -0.397
p:0.767, -1.781, -0.725
p:0.32479942749161755, 0.08225289775376687, -0.1488512929065542
j:0, 1
j:2, 1, stif=0.925
n:j=1, d=|:p=0.219
",0.00038885924450985385,feasible,21
20,0,7,"//0
p:0.259, -0.279, -0.397
p:0.767, -1.781, -0.725
p:0.32479942749161755, 0.08225289775376687, -0.1488512929065542
j:0, 1
j:2, 1, stif=0.925
n:j=1, d=|
",0.00038885924450985385,"//0
p:0.259, -0.279, -0.397
p:0.767, -1.781, -0.725
p:0.32479942749161755, 0.08225289775376687, -0.1488512929065542
j:0, 1
j:2, 1, stif=0.925
n:j=1, d=|
n:p=2, d=S
c:0, 1, 0.837
",0.00038885924450985385,feasible,21
20,0,7,"//0
p:0.259, -0.279, -0.397
p:0.767, -1.781, -0.725
p:0.32479942749161755, 0.08225289775376687, -0.1488512929065542
j:0, 1
j:2, 1, stif=0.925
n:j=1, d=|
",0.00038885924450985385,"//0
p:0.259, -0.279, -0.397
p:0.767, -1.781, -0.725
p:0.32479942749161755, 0.08225289775376687, -0.1488512929065542
j:0, 2
j:1, 2, stif=0.925
n:j=1, d=|
",4.838733557737373e-05,feasible,21
20,0,8,"//0
p:0.259, -0.279, -0.397, fr=0.249
p:0.767, -1.781, -0.725
p:0.32479942749161755, 0.08225289775376687, -0.1488512929065542
j:0, 1
j:2, 1, stif=0.925
n:j=1, d=|
",0.0003933278917837329,"//0
p:0.259, -0.279, -0.397, fr=0.249
p:0.767, -1.781, -0.725
p:0.32479942749161755, 0.08225289775376687, -0.1488512929065542
j:0, 1
j:2, 1, stif=0.925
n:j=1, d=|:p=0.342
",0.00015768079362306778,feasible,21
20,0,8,"//0
p:0.259, -0.279, -0.397, fr=0.249
p:0.767, -1.781, -0.725
p:0.32479942749161755, 0.08225289775376687, -0.1488512929065542
j:0, 1
j:2, 1, stif=0.925
n:j=1, d=|
",0.0003933278917837329,"//0
p:0.259, -0.279, -0.397, fr=0.249
p:0.767, -1.781, -0.725
p:0.32479942749161755, 0.08225289775376687, -0.1488512929065542
j:0, 1
j:2, 1, stif=0.925, rotstif=0.949
n:j=1, d=|
",0.0003933278917837329,feasible,21
20,0,8,"//0
p:0.259, -0.279, -0.397, fr=0.249
p:0.767, -1.781, -0.725
p:0.32479942749161755, 0.08225289775376687, -0.1488512929065542
j:0, 1
j:2, 1, stif=0.925
n:j=1, d=|
",0.0003933278917837329,"//0
p:0.259, -0.279, -0.397, fr=0.249
p:0.767, -1.781, -0.725
p:0.32479942749161755, 0.08225289775376687, -0.1488512929065542
j:0, 1, stif=0.778
j:2, 1, stif=0.925
n:j=1, d=|
",0.00040807760155954866,feasible,21
20,0,8,"//0
p:0.259, -0.279, -0.397, fr=0.249
p:0.767, -1.781, -0.725
p:0.32479942749161755, 0.08225289775376687, -0.1488512929065542
j:0, 1
j:2, 1, stif=0.925
n:j=1, d=|
",0.0003933278917837329,"//0
p:0.259, -0.279, -0.397, fr=0.249
p:0.767, -1.781, -0.725
p:0.32479942749161755, 0.08225289775376687, -0.1488512929065542
j:0, 1, rotstif=0.807
j:2, 1, stif=0.925
n:j=1, d=|
",0.0003933278917837329,feasible,21
20,0,8,"//0
p:0.259, -0.279, -0.397, fr=0.249
p:0.767, -1.781, -0.725
p:0.32479942749161755, 0.08225289775376687, -0.1488512929065542
j:0, 1
j:2, 1, stif=0.925
n:j=1, d=|
",0.0003933278917837329,"//0
p:0.349, -0.144, -0.306, fr=0.249
p:0.767, -1.781, -0.725
p:0.32479942749161755, 0.08225289775376687, -0.1488512929065542
j:0, 1
j:2, 1, stif=0.925
n:j=1, d=|
",0.00019514252358535602,feasible,21
20,0,8,"//0
p:0.259, -0.279, -0.397, fr=0.249
p:0.767, -1.781, -0.725
p:0.32479942749161755, 0.08225289775376687, -0.1488512929065542
j:0, 1
j:2, 1, stif=0.925
n:j=1, d=|
",0.0003933278917837329,"//0
p:0.259, -0.279, -0.397, fr=0.249
p:0.767, -1.781, -0.725
p:0.32479942749161755, 0.08225289775376687, -0.1488512929065542
j:0, 1
j:2, 1, stif=0.865
n:j=1, d=|
",0.000379232220957631,feasible,21
20,0,8,"//0
p:0.259, -0.279, -0.397, fr=0.249
p:0.767, -1.781, -0.725
p:0.32479942749161755, 0.08225289775376687, -0.1488512929065542
j:0, 1
j:2, 1, stif=0.925
n:j=1, d=|
",0.0003933278917837329,"//0
p:0.259, -0.279, -0.397, fr=0.249
p:0.767, -1.781, -0.725
p:0.32479942749161755, 0.08225289775376687, -0.1488512929065542
j:0, 1
j:2, 1, stif=0.925
",5.665164634863159e-10,feasible,21
20,0,8,"//0
p:0.259, -0.279, -0.397, fr=0.249
p:0.767, -1.781, -0.725
p:0.32479942749161755, 0.08225289775376687, -0.1488512929065542
j:0, 1
j:2, 1, stif=0.925
n:j=1, d=|
",0.0003933278917837329,"//0
p:0.259, -0.279, -0.397, fr=0.249
p:0.767, -1.781, -0.725
p:0.32479942749161755, 0.08225289775376687, -0.1488512929065542
j:0, 1
j:2, 1, stif=0.966
n:j=1, d=|
",0.00039037602532077765,feasible,21
20,0,8,"//0
p:0.259, -0.279, -0.397, fr=0.249
p:0.767, -1.781, -0.725
p:0.32479942749161755, 0.08225289775376687, -0.1488512929065542
j:0, 1
j:2, 1, stif=0.925
n:j=1, d=|
",0.0003933278917837329,"//0
p:0.259, -0.279, -0.397, fr=0.249
p:0.767, -1.781, -0.725
p:0.32479942749161755, 0.08225289775376687, -0.1488512929065542, ing=0.298
j:0, 1
j:2, 1, stif=0.925
n:j=1, d=|
",0.0003933278917837329,feasible,21
20,0,8,"//0
p:0.259, -0.279, -0.397, fr=0.249
p:0.767, -1.781, -0.725
p:0.32479942749161755, 0.08225289775376687, -0.1488512929065542
j:0, 1
j:2, 1, stif=0.925
n:j=1, d=|
",0.0003933278917837329,"//0
p:0.259, -0.279, -0.397, fr=0.249
p:0.767, -1.781, -0.725
p:0.32479942749161755, 0.08225289775376687, -0.1488512929065542
j:0, 1
j:2, 1, stif=0.897
n:j=1, d=|
",0.00038198381138161084,feasible,21
20,0,8,"//0
p:0.259, -0.279, -0.397, fr=0.249
p:0.767, -1.781, -0.725
p:0.32479942749161755, 0.08225289775376687, -0.1488512929065542
j:0, 1
j:2, 1, stif=0.925
n:j=1, d=|
",0.0003933278917837329,"//0
p:0.259, -0.279, -0.397, fr=0.249
p:0.767, -1.781, -0.725
p:0.32479942749161755, 0.08225289775376687, -0.1488512929065542
p:2.25, -2.989, -0.617
j:0, 1
j:2, 1, stif=0.925
j:3, 1
n:j=1, d=|
",1.0156135131425118e-07,feasible,21
20,0,8,"//0
p:0.259, -0.279, -0.397, fr=0.249
p:0.767, -1.781, -0.725
p:0.32479942749161755, 0.08225289775376687, -0.1488512929065542
j:0, 1
j:2, 1, stif=0.925
n:j=1, d=|
",0.0003933278917837329,"//0
p:0.259, -0.279, -0.397, fr=0.249
p:0.767, -1.781, -0.725
p:0.32479942749161755, 0.08225289775376687, -0.1488512929065542, ing=0.288
j:0, 1
j:2, 1, stif=0.925
n:j=1, d=|
",0.0003933278917837329,feasible,21
20,0,8,"//0
p:0.259, -0.279, -0.397, fr=0.249
p:0.767, -1.781, -0.725
p:0.32479942749161755, 0.08225289775376687, -0.1488512929065542
j:0, 1
j:2, 1, stif=0.925
n:j=1, d=|
",0.0003933278917837329,"//0
p:0.767, -1.781, -0.725
p:0.32479942749161755, 0.08225289775376687, -0.1488512929065542
j:1, 0, stif=0.925
n:j=0, d=|
",1.1789928923804627e-05,feasible,21
20,0,8,"//0
p:0.259, -0.279, -0.397, fr=0.249
p:0.767, -1.781, -0.725
p:0.32479942749161755, 0.08225289775376687, -0.1488512929065542
j:0, 1
j:2, 1, stif=0.925
n:j=1, d=|
",0.0003933278917837329,"//0
p:0.259, -0.279, -0.397, fr=0.68
p:0.767, -1.781, -0.725
p:0.32479942749161755, 0.08225289775376687, -0.1488512929065542
j:0, 1
j:2, 1, stif=0.925
n:j=1, d=|
",1.7763568394002505e-19,feasible,21
20,0,8,"//0
p:0.259, -0.279, -0.397, fr=0.249
p:0.767, -1.781, -0.725
p:0.32479942749161755, 0.08225289775376687, -0.1488512929065542
j:0, 1
j:2, 1, stif=0.925
n:j=1, d=|
",0.0003933278917837329,"//0
p:0.259, -0.279, -0.397, fr=0.249
p:0.767, -1.781, -0.725
p:0.32479942749161755, 0.08225289775376687, -0.1488512929065542
j:0, 1
j:2, 1, stif=0.728
n:j=1, d=|
",0.0003583674573803912,feasible,21
20,0,8,"//0
p:0.259, -0.279, -0.397, fr=0.249
p:0.767, -1.781, -0.725
p:0.32479942749161755, 0.08225289775376687, -0.1488512929065542
j:0, 1
j:2, 1, stif=0.925
n:j=1, d=|
",0.0003933278917837329,"//0
p:0.259, -0.279, -0.397, fr=0.249
p:0.767, -1.781, -0.725
p:0.32479942749161755, 0.08225289775376687, -0.1488512929065542
j:0, 1
j:2, 1, stif=0.925, rotstif=0.961
n:j=1, d=|
",0.0003933278917837329,feasible,21
20,0,8,"//0
p:0.259, -0.279, -0.397, fr=0.249
p:0.767, -1.781, -0.725
p:0.32479942749161755, 0.08225289775376687, -0.1488512929065542
j:0, 1
j:2, 1, stif=0.925
n:j=1, d=|
",0.0003933278917837329,"//0
p:0.259, -0.279, -0.397, fr=0.249
p:0.767, -1.781, -0.725
p:0.32479942749161755, 0.08225289775376687, -0.1488512929065542
j:0, 1, stif=0.877
j:2, 1, stif=0.925
n:j=1, d=|
",0.0004134851944190517,feasible,21
20,0,8,"//0
p:0.259, -0.279, -0.397, fr=0.249
p:0.767, -1.781, -0.725
p:0.32479942749161755, 0.08225289775376687, -0.1488512929065542
j:0, 1
j:2, 1, stif=0.925
n:j=1, d=|
",0.0003933278917837329,"//0
p:-0.3690115840282774, -0.13695233418740305, -0.6489408553182785, fr=0.249
p:0.767, -1.781, -0.725
p:0.32479942749161755, 0.08225289775376687, -0.1488512929065542
j:0, 1
j:2, 1, stif=0.925
n:j=1, d=|
",0.0001474325257910599,feasible,21
20,0,8,"//0
p:0.259, -0.279, -0.397, fr=0.249
p:0.767, -1.781, -0.725
p:0.32479942749161755, 0.08225289775376687, -0.1488512929065542
j:0, 1
j:2, 1, stif=0.925
n:j=1, d=|
",0.0003933278917837329,"//0
p:0.259, -0.279, -0.397, fr=0.249
p:0.767, -1.781, -0.725
p:0.32479942749161755, 0.08225289775376687, -0.1488512929065542
j:0, 1, rotstif=0.768
j:2, 1, stif=0.925
n:j=1, d=|
",0.0003933278917837329,feasible,21
20,0,8,"//0
p:0.259, -0.279, -0.397, fr=0.249
p:0.767, -1.781, -0.725
p:0.32479942749161755, 0.08225289775376687, -0.1488512929065542
j:0, 1
j:2, 1, stif=0.925
n:j=1, d=|
",0.0003933278917837329,"//0
p:0.259, -0.279, -0.397, fr=0.249
p:0.767, -1.781, -0.725
p:0.32479942749161755, 0.08225289775376687, -0.1488512929065542
j:0, 1, rotstif=0.894
j:2, 1, stif=0.925
n:j=1, d=|
",0.0003933278917837329,feasible,21
20,0,9,"//0
p:0.259, -0.279, -0.397, fr=0.249
p:0.767, -1.781, -0.725
p:0.32479942749161755, 0.08225289775376687, -0.1488512929065542
j:0, 1
j:2, 1, stif=0.925
n:j=1, d=|
n:j=1, d=@
",0.0004683636095715108,"//0
p:0.767, -1.781, -0.725
p:0.32479942749161755, 0.08225289775376687, -0.1488512929065542
j:1, 0, stif=0.925
n:j=0, d=|
n:j=0, d=@
",5.544800309596341e-05,feasible,21
20,0,9,"//0
p:0.259, -0.279, -0.397, fr=0.249
p:0.767, -1.781, -0.725
p:0.32479942749161755, 0.08225289775376687, -0.1488512929065542
j:0, 1
j:2, 1, stif=0.925
n:j=1, d=|
n:j=1, d=@
",0.0004683636095715108,"//0
p:0.259, -0.279, -0.397, fr=0.249
p:0.767, -1.781, -0.725
p:0.32479942749161755, 0.08225289775376687, -0.1488512929065542
j:0, 1, stif=0.957
j:2, 1, stif=0.925
n:j=1, d=|
n:j=1, d=@
",0.0004788001103019098,feasible,21
20,0,9,"//0
p:0.259, -0.279, -0.397, fr=0.249
p:0.767, -1.781, -0.725
p:0.32479942749161755, 0.08225289775376687, -0.1488512929065542
j:0, 1
j:2, 1, stif=0.925
n:j=1, d=|
n:j=1, d=@
",0.0004683636095715108,"//0
p:0.259, -0.279, -0.397, fr=0.249
p:0.767, -1.781, -0.725
p:0.32479942749161755, 0.08225289775376687, -0.1488512929065542, fr=0.345
j:0, 1
j:2, 1, stif=0.925
n:j=1, d=|
n:j=1, d=@
",0.00039305708065032137,feasible,21
20,0,9,"//0
p:0.259, -0.279, -0.397, fr=0.249
p:0.767, -1.781, -0.725
p:0.32479942749161755, 0.08225289775376687, -0.1488512929065542
j:0, 1
j:2, 1, stif=0.925
n:j=1, d=|
n:j=1, d=@
",0.0004683636095715108,"//0
p:0.259, -0.279, -0.397, fr=0.249
p:0.767, -1.781, -0.725
p:0.32479942749161755, 0.08225289775376687, -0.1488512929065542
p:-0.088, -0.504, -0.532
j:0, 1
j:2, 1, stif=0.925
j:3, 0
n:j=1, d=|
n:j=1, d=@
",3.336304354600709e-08,feasible,21
20,0,9,"//0
p:0.259, -0.279, -0.397, fr=0.249
p:0.767, -1.781, -0.725
p:0.32479942749161755, 0.08225289775376687, -0.1488512929065542
j:0, 1
j:2, 1, stif=0.925
n:j=1, d=|
n:j=1, d=@
",0.0004683636095715108,"//0
p:0.259, -0.279, -0.397, fr=0.249
p:0.767, -1.781, -0.725
p:0.32479942749161755, 0.08225289775376687, -0.1488512929065542
p:-1.617, -0.447, -0.671
j:0, 1
j:2, 1, stif=0.925
j:3, 0
n:j=1, d=|
n:j=1, d=@
",5.317440354981574e-07,feasible,21
20,0,9,"//0
p:0.259, -0.279, -0.397, fr=0.249
p:0.767, -1.781, -0.725
p:0.32479942749161755, 0.08225289775376687, -0.1488512929065542
j:0, 1
j:2, 1, stif=0.925
n:j=1, d=|
n:j=1, d=@
",0.0004683636095715108,"//0
p:0.259, -0.279, -0.397, fr=0.249
p:0.767, -1.781, -0.725
p:0.06339011805192174, 0.02999588933226982, -0.251262664711095
j:0, 1
j:2, 1, stif=0.925
n:j=1, d=|
n:j=1, d=@
",7.97502170823771e-07,feasible,21
20,0,9,"//0
p:0.259, -0.279, -0.397, fr=0.249
p:0.767, -1.781, -0.725
p:0.32479942749161755, 0.08225289775376687, -0.1488512929065542
j:0, 1
j:2, 1, stif=0.925
n:j=1, d=|
n:j=1, d=@
",0.0004683636095715108,"//0
p:0.259, -0.279, -0.397, fr=0.249
p:0.767, -1.781, -0.725
p:0.32479942749161755, 0.08225289775376687, -0.1488512929065542
j:0, 1, stif=0.878
j:2, 1, stif=0.925
n:j=1, d=|
n:j=1, d=@
",0.0004782871398387565,feasible,21
20,0,9,"//0
p:0.259, -0.279, -0.397, fr=0.249
p:0.767, -1.781, -0.725
p:0.32479942749161755, 0.08225289775376687, -0.1488512929065542
j:0, 1
j:2, 1, stif=0.925
n:j=1, d=|
n:j=1, d=@
",0.0004683636095715108,"//0
p:0.259, -0.279, -0.397, fr=0.249
p:0.767, -1.781, -0.725
p:0.32479942749161755, 0.08225289775376687, -0.1488512929065542
j:0, 1, stif=0.985
j:2, 1, stif=0.925
n:j=1, d=|
n:j=1, d=@
",0.0004640543298434571,feasible,21
20,0,9,"//0
p:0.259, -0.279, -0.397, fr=0.249
p:0.767, -1.781, -0.725
p:0.32479942749161755, 0.08225289775376687, -0.1488512929065542
j:0, 1
j:2, 1, stif=0.925
n:j=1, d=|
n:j=1, d=@
",0.0004683636095715108,"//0
p:0.259, -0.279, -0.397, fr=0.249
p:0.767, -1.781, -0.725
p:0.32479942749161755, 0.08225289775376687, -0.1488512929065542
j:0, 1
j:2, 1, stif=0.925
n:j=1, d=|
n:j=1, d=@:p=0.892
",0.000475464856599142,feasible,21
20,0,9,"//0
p:0.259, -0.279, -0.397, fr=0.249
p:0.767, -1.781, -0.725
p:0.32479942749161755, 0.08225289775376687, -0.1488512929065542
j:0, 1
j:2, 1, stif=0.925
n:j=1, d=|
n:j=1, d=@
",0.0004683636095715108,"//0
p:0.259, -0.279, -0.397, fr=0.249
p:0.767, -1.781, -0.725
p:0.32479942749161755, 0.08225289775376687, -0.1488512929065542
j:2, 1
j:0, 1, stif=0.925
n:j=1, d=|
n:j=1, d=@
",0.00021152519109999616,feasible,21
20,0,9,"//0
p:0.259, -0.279, -0.397, fr=0.249
p:0.767, -1.781, -0.725
p:0.32479942749161755, 0.08225289775376687, -0.1488512929065542
j:0, 1
j:2, 1, stif=0.925
n:j=1, d=|
n:j=1, d=@
",0.0004683636095715108,"//0
p:0.259, -0.279, -0.397, fr=0.249
p:0.767, -1.781, -0.725
p:0.32479942749161755, 0.08225289775376687, -0.1488512929065542
j:0, 1, stif=0.871
j:2, 1, stif=0.925
n:j=1, d=|
n:j=1, d=@
",0.00048063948759991313,feasible,21
20,0,9,"//0
p:0.259, -0.279, -0.397, fr=0.249
p:0.767, -1.781, -0.725
p:0.32479942749161755, 0.08225289775376687, -0.1488512929065542
j:0, 1
j:2, 1, stif=0.925
n:j=1, d=|
n:j=1, d=@
",0.0004683636095715108,"//0
p:0.259, -0.279, -0.397, fr=0.249
p:0.767, -1.781, -0.725
p:0.32479942749161755, 0.08225289775376687, -0.1488512929065542
j:0, 1
j:2, 1, stif=0.925
n:j=1, d=|
n:j=1, d=@
n:d=*
c:0, 2, -1.477
",4.427319377035283e-06,feasible,21
20,0,9,"//0
p:0.259, -0.279, -0.397, fr=0.249
p:0.767, -1.781, -0.725
p:0.32479942749161755, 0.08225289775376687, -0.1488512929065542
j:0, 1
j:2, 1, stif=0.925
n:j=1, d=|
n:j=1, d=@
",0.0004683636095715108,"//0
p:0.259, -0.279, -0.397, fr=0.249
p:0.767, -1.781, -0.725
p:0.32479942749161755, 0.08225289775376687, -0.1488512929065542
j:0, 1
j:2, 1, stif=0.925
n:j=1, d=|
n:j=1, d=@
n:p=0, d=T
c:0, 2, -2.654
",0.0008531223476260223,feasible,21
20,0,9,"//0
p:0.259, -0.279, -0.397, fr=0.249
p:0.767, -1.781, -0.725
p:0.32479942749161755, 0.08225289775376687, -0.1488512929065542
j:0, 1
j:2, 1, stif=0.925
n:j=1, d=|
n:j=1, d=@
",0.0004683636095715108,"//0
p:0.259, -0.279, -0.397, fr=0.249
p:0.767, -1.781, -0.725
p:0.32479942749161755, 0.08225289775376687, -0.1488512929065542
j:0, 1, stif=0.902
j:2, 1, stif=0.925
n:j=1, d=|
n:j=1, d=@
",0.00047371143472304953,feasible,21
20,0,9,"//0
p:0.259, -0.279, -0.397, fr=0.249
p:0.767, -1.781, -0.725
p:0.32479942749161755, 0.08225289775376687, -0.1488512929065542
j:0, 1
j:2, 1, stif=0.925
n:j=1, d=|
n:j=1, d=@
",0.0004683636095715108,"//0
p:0.259, -0.279, -0.397, fr=0.249
p:0.767, -1.781, -0.725, fr=0.092
p:0.32479942749161755, 0.08225289775376687, -0.1488512929065542
j:0, 1
j:2, 1, stif=0.925
n:j=1, d=|
n:j=1, d=@
",0.00021851683143375768,feasible,21
20,0,9,"//0
p:0.259, -0.279, -0.397, fr=0.249
p:0.767, -1.781, -0.725
p:0.32479942749161755, 0.08225289775376687, -0.1488512929065542
j:0, 1
j:2, 1, stif=0.925
n:j=1, d=|
n:j=1, d=@
",0.0004683636095715108,"//0
p:0.259, -0.279, -0.397, fr=0.249
p:0.767, -1.781, -0.725
p:0.32479942749161755, 0.08225289775376687, -0.1488512929065542
j:0, 1
j:2, 1, stif=0.925
n:j=1, d=@
",8.684953673115526e-09,feasible,21
20,0,9,"//0
p:0.259, -0.279, -0.397, fr=0.249
p:0.767, -1.781, -0.725
p:0.32479942749161755, 0.08225289775376687, -0.1488512929065542
j:0, 1
j:2, 1, stif=0.925
n:j=1, d=|
n:j=1, d=@
",0.0004683636095715108,"//0
p:0.259, -0.279, -0.397, fr=0.249
p:0.767, -1.781, -0.725
p:0.32479942749161755, 0.08225289775376687, -0.1488512929065542
j:0, 1, stif=0.859
j:2, 1, stif=0.925
n:j=1, d=|
n:j=1, d=@
",0.0004712608602107564,feasible,21
20,0,9,"//0
p:0.259, -0.279, -0.397, fr=0.249
p:0.767, -1.781, -0.725
p:0.32479942749161755, 0.08225289775376687, -0.1488512929065542
j:0, 1
j:2, 1, stif=0.925
n:j=1, d=|
n:j=1, d=@
",0.0004683636095715108,"//0
p:0.259, -0.279, -0.397, fr=0.249
p:0.767, -1.781, -0.725
p:0.32479942749161755, 0.08225289775376687, -0.1488512929065542
j:0, 1
j:2, 1, stif=0.925
n:j=1, d=|
",0.0003933278917837329,feasible,21
20,0,9,"//0
p:0.259, -0.279, -0.397, fr=0.249
p:0.767, -1.781, -0.725
p:0.32479942749161755, 0.08225289775376687, -0.1488512929065542
j:0, 1
j:2, 1, stif=0.925
n:j=1, d=|
n:j=1, d=@
",0.0004683636095715108,"//0
p:0.259, -0.279, -0.397, fr=0.249
p:0.767, -1.781, -0.725
p:0.32479942749161755, 0.08225289775376687, -0.1488512929065542
j:0, 1, stif=0.905
j:2, 1, stif=0.925
n:j=1, d=|
n:j=1, d=@
",0.0004751003508163567,feasible,21
20,0,9,"//0
p:0.259, -0.279, -0.397, fr=0.249
p:0.767, -1.781, -0.725
p:0.32479942749161755, 0.08225289775376687, -0.1488512929065542
j:0, 1
j:2, 1, stif=0.925
n:j=1, d=|
n:j=1, d=@
",0.0004683636095715108,"//0
p:0.259, -0.279, -0.397, fr=0.249
p:0.767, -1.781, -0.725
p:0.32479942749161755, 0.08225289775376687, -0.1488512929065542
j:1, 0
j:2, 0, stif=0.925
n:j=1, d=|
n:j=1, d=@
",1.7763568394002505e-19,feasible,21
20,0,10,"//0
p:0.259, -0.279, -0.397, fr=0.249
p:0.767, -1.781, -0.725
p:0.32479942749161755, 0.08225289775376687, -0.1488512929065542
j:0, 1, stif=0.842
j:2, 1, stif=0.925
n:j=1, d=|
n:j=1, d=@
",0.00047423813677015215,"//0
p:0.259, -0.279, -0.397, fr=0.249
p:0.767, -1.781, -0.725
p:0.32479942749161755, 0.08225289775376687, -0.1488512929065542
j:0, 1, stif=0.842
j:2, 1, stif=0.925
n:j=1, d=|
n:j=1, d=@:p=0.909
",0.0004947005375566172,feasible,23
20,0,10,"//0
p:0.259, -0.279, -0.397, fr=0.249
p:0.767, -1.781, -0.725
p:0.32479942749161755, 0.08225289775376687, -0.1488512929065542
j:0, 1, stif=0.842
j:2, 1, stif=0.925
n:j=1, d=|
n:j=1, d=@
",0.00047423813677015215,"//0
p:0.257, -0.248, -0.332, fr=0.249
p:0.767, -1.781, -0.725
p:0.32479942749161755, 0.08225289775376687, -0.1488512929065542
j:0, 1, stif=0.842
j:2, 1, stif=0.925
n:j=1, d=|
n:j=1, d=@
",0.0003296321364009391,feasible,23
20,0,10,"//0
p:0.259, -0.279, -0.397, fr=0.249
p:0.767, -1.781, -0.725
p:0.32479942749161755, 0.08225289775376687, -0.1488512929065542
j:0, 1, stif=0.842
j:2, 1, stif=0.925
n:j=1, d=|
n:j=1, d=@
",0.00047423813677015215,"//0
p:0.259, -0.279, -0.397, fr=0.249, ing=0.329
p:0.767, -1.781, -0.725
p:0.32479942749161755, 0.08225289775376687, -0.1488512929065542
j:0, 1, stif=0.842
j:2, 1, stif=0.925
n:j=1, d=|
n:j=1, d=@
",0.00047423813677015215,feasible,23
20,0,10,"//0
p:0.259, -0.279, -0.397, fr=0.249
p:0.767, -1.781, -0.725
p:0.32479942749161755, 0.08225289775376687, -0.1488512929065542
j:0, 1, stif=0.842
j:2, 1, stif=0.925
n:j=1, d=|
n:j=1, d=@
",0.00047423813677015215,"//0
p:0.259, -0.279, -0.397, fr=0.249
p:0.767, -1.781, -0.725
p:0.32479942749161755, 0.08225289775376687, -0.1488512929065542
j:1, 0, stif=0.842
j:2, 0, stif=0.925
n:j=1, d=|
n:j=1, d=@
",1.7763568394002505e-19,feasible,23
20,0,10,"//0
p:0.259, -0.279, -0.397, fr=0.249
p:0.767, -1.781, -0.725
p:0.32479942749161755, 0.08225289775376687, -0.1488512929065542
j:0, 1, stif=0.842
j:2, 1, stif=0.925
n:j=1, d=|
n:j=1, d=@
",0.00047423813677015215,"//0
p:0.259, -0.279, -0.397, fr=0.249
p:0.767, -1.781, -0.725
p:0.32479942749161755, 0.08225289775376687, -0.1488512929065542
j:2, 1, stif=0.842
j:0, 1, stif=0.925
n:j=1, d=|
n:j=1, d=@
",0.0002234900850983777,feasible,23
20,0,10,"//0
p:0.259, -0.279, -0.397, fr=0.249
p:0.767, -1.781, -0.725
p:0.32479942749161755, 0.08225289775376687, -0.1488512929065542
j:0, 1, stif=0.842
j:2, 1, stif=0.925
n:j=1, d=|
n:j=1, d=@
",0.00047423813677015215,"//0
p:0.259, -0.279, -0.397, fr=0.249
p:0.767, -1.781, -0.725
p:0.32479942749161755, 0.08225289775376687, -0.1488512929065542, fr=0.177
j:0, 1, stif=0.842
j:2, 1, stif=0.925
n:j=1, d=|
n:j=1, d=@
",0.0003384364175933623,feasible,23
20,0,10,"//0
p:0.259, -0.279, -0.397, fr=0.249
p:0.767, -1.781, -0.725
p:0.32479942749161755, 0.08225289775376687, -0.1488512929065542
j:0, 1, stif=0.842
j:2, 1, stif=0.925
n:j=1, d=|
n:j=1, d=@
",0.00047423813677015215,"//0
p:0.259, -0.279, -0.397, fr=0.249
p:0.767, -1.781, -0.725
p:0.32479942749161755, 0.08225289775376687, -0.1488512929065542
p:0.467, -1.068, 1.244
j:0, 1, stif=0.842
j:2, 1, stif=0.925
j:3, 2
n:j=1, d=|
n:j=1, d=@
",2.9772183708163996e-06,feasible,23
20,0,10,"//0
p:0.259, -0.279, -0.397, fr=0.249
p:0.767, -1.781, -0.725
p:0.32479942749161755, 0.08225289775376687, -0.1488512929065542
j:0, 1, stif=0.842
j:2, 1, stif=0.925
n:j=1, d=|
n:j=1, d=@
",0.00047423813677015215,"//0
p:0.259, -0.279, -0.397, fr=0.249, ing=0.347
p:0.767, -1.781, -0.725
p:0.32479942749161755, 0.08225289775376687, -0.1488512929065542
j:0, 1, stif=0.842
j:2, 1, stif=0.925
n:j=1, d=|
n:j=1, d=@
",0.00047423813677015215,feasible,23
20,0,10,"//0
p:0.259, -0.279, -0.397, fr=0.249
p:0.767, -1.781, -0.725
p:0.32479942749161755, 0.08225289775376687, -0.1488512929065542
j:0, 1, stif=0.842
j:2, 1, stif=0.925
n:j=1, d=|
n:j=1, d=@
",0.00047423813677015215,"//0
p:0.767, -1.781, -0.725
p:0.32479942749161755, 0.08225289775376687, -0.1488512929065542
j:1, 0, stif=0.925
n:j=0, d=|
n:j=0, d=@
",5.544800309596341e-05,feasible,23
20,0,10,"//0
p:0.259, -0.279, -0.397, fr=0.249
p:0.767, -1.781, -0.725
p:0.32479942749161755, 0.08225289775376687, -0.1488512929065542
j:0, 1, stif=0.842
j:2, 1, stif=0.925
n:j=1, d=|
n:j=1, d=@
",0.00047423813677015215,"//0
p:0.141, -0.243, -0.263, fr=0.249
p:0.767, -1.781, -0.725
p:0.32479942749161755, 0.08225289775376687, -0.1488512929065542
j:0, 1, stif=0.842
j:2, 1, stif=0.925
n:j=1, d=|
n:j=1, d=@
",0.00013193778557856064,feasible,23
20,0,10,"//0
p:0.259, -0.279, -0.397, fr=0.249
p:0.767, -1.781, -0.725
p:0.32479942749161755, 0.08225289775376687, -0.1488512929065542
j:0, 1, stif=0.842
j:2, 1, stif=0.925
n:j=1, d=|
n:j=1, d=@
",0.00047423813677015215,"//0
p:0.259, -0.279, -0.397, fr=0.249
p:0.767, -1.781, -0.725
p:0.32479942749161755, 0.08225289775376687, -0.1488512929065542
j:0, 1, stif=0.842
j:2, 1, stif=0.925
n:j=1, d=|:p=0.239
n:j=1, d=@
",0.00047423813677015215,feasible,23
20,0,10,"//0
p:0.259, -0.279, -0.397, fr=0.249
p:0.767, -1.781, -0.725
p:0.32479942749161755, 0.08225289775376687, -0.1488512929065542
j:0, 1, stif=0.842
j:2, 1, stif=0.925
n:j=1, d=|
n:j=1, d=@
",0.00047423813677015215,"//0
p:0.259, -0.279, -0.397, fr=0.249
p:0.767, -1.781, -0.725
p:0.32479942749161755, 0.08225289775376687, -0.1488512929065542
j:0, 1, stif=0.842, rotstif=0.873
j:2, 1, stif=0.925
n:j=1, d=|
n:j=1, d=@
",0.00047423813677015215,feasible,23
20,0,10,"//0
p:0.259, -0.279, -0.397, fr=0.249
p:0.767, -1.781, -0.725
p:0.32479942749161755, 0.08225289775376687, -0.1488512929065542
j:0, 1, stif=0.842
j:2, 1, stif=0.925
n:j=1, d=|
n:j=1, d=@
",0.00047423813677015215,"//0
p:0.19, -0.92, -0.199, fr=0.249
p:0.767, -1.781, -0.725
p:0.32479942749161755, 0.08225289775376687, -0.1488512929065542
j:0, 1, stif=0.842
j:2, 1, stif=0.925
n:j=1, d=|
n:j=1, d=@
",0.000370116728492723,feasible,23
20,0,10,"//0
p:0.259, -0.279, -0.397, fr=0.249
p:0.767, -1.781, -0.725
p:0.32479942749161755, 0.08225289775376687, -0.1488512929065542
j:0, 1, stif=0.842
j:2, 1, stif=0.925
n:j=1, d=|
n:j=1, d=@
",0.00047423813677015215,"//0
p:0.259, -0.279, -0.397, fr=0.249
p:0.767, -1.781, -0.725
p:0.32479942749161755, 0.08225289775376687, -0.1488512929065542
j:0, 1, stif=0.842
j:2, 1, stif=0.925
n:j=1, d=@
",7.816666385755845e-09,feasible,23
20,0,10,"//0
p:0.259, -0.279, -0.397, fr=0.249
p:0.767, -1.781, -0.725
p:0.32479942749161755, 0.08225289775376687, -0.1488512929065542
j:0, 1, stif=0.842
j:2, 1, stif=0.925
n:j=1, d=|
n:j=1, d=@
",0.00047423813677015215,"//0
p:0.0800881252164054, 0.037353862820001416, -0.25495601711236876, fr=0.249
p:0.767, -1.781, -0.725
p:0.32479942749161755, 0.08225289775376687, -0.1488512929065542
j:0, 1, stif=0.842
j:2, 1, stif=0.925
n:j=1, d=|
n:j=1, d=@
",0.0001507225108638484,feasible,23
20,0,10,"//0
p:0.259, -0.279, -0.397, fr=0.249
p:0.767, -1.781, -0.725
p:0.32479942749161755, 0.08225289775376687, -0.1488512929065542
j:0, 1, stif=0.842
j:2, 1, stif=0.925
n:j=1, d=|
n:j=1, d=@
",0.00047423813677015215,"//0
p:0.259, -0.279, -0.397, fr=0.032
p:0.767, -1.781, -0.725
p:0.32479942749161755, 0.08225289775376687, -0.1488512929065542
j:0, 1, stif=0.842
j:2, 1, stif=0.925
n:j=1, d=|
n:j=1, d=@
",0.0003884144861952554,feasible,23
20,0,10,"//0
p:0.259, -0.279, -0.397, fr=0.249
p:0.767, -1.781, -0.725
p:0.32479942749161755, 0.08225289775376687, -0.1488512929065542
j:0, 1, stif=0.842
j:2, 1, stif=0.925
n:j=1, d=|
n:j=1, d=@
",0.00047423813677015215,"//0
p:0.259, -0.279, -0.397, fr=0.249
p:0.767, -1.781, -0.725
p:0.32479942749161755, 0.08225289775376687, -0.1488512929065542
j:0, 1, stif=0.842
j:2, 1, stif=0.925
n:j=1, d=|
",0.0004237699506257742,feasible,23
20,0,10,"//0
p:0.259, -0.279, -0.397, fr=0.249
p:0.767, -1.781, -0.725
p:0.32479942749161755, 0.08225289775376687, -0.1488512929065542
j:0, 1, stif=0.842
j:2, 1, stif=0.925
n:j=1, d=|
n:j=1, d=@
",0.00047423813677015215,"//0
p:0.259, -0.279, -0.397, fr=0.249
p:0.767, -1.781, -0.725
p:0.32479942749161755, 0.08225289775376687, -0.1488512929065542
j:0, 1, stif=0.842
j:2, 1, stif=0.925
n:j=1, d=|
n:j=1, d=@
n:j=0, d=|
",0.0007208311346248665,feasible,23
20,0,10,"//0
p:0.259, -0.279, -0.397, fr=0.249
p:0.767, -1.781, -0.725
p:0.32479942749161755, 0.08225289775376687, -0.1488512929065542
j:0, 1, stif=0.842
j:2, 1, stif=0.925
n:j=1, d=|
n:j=1, d=@
",0.00047423813677015215,"//0
p:0.259, -0.279, -0.397, fr=0.249
p:0.767, -1.781, -0.725
p:0.32479942749161755, 0.08225289775376687, -0.1488512929065542
j:0, 1, stif=0.833
j:2, 1, stif=0.925
n:j=1, d=|
n:j=1, d=@
",0.00048139949338854587,feasible,23
20,0,10,"//0
p:0.259, -0.279, -0.397, fr=0.249
p:0.767, -1.781, -0.725
p:0.32479942749161755, 0.08225289775376687, -0.1488512929065542
j:0, 1, stif=0.842
j:2, 1, stif=0.925
n:j=1, d=|
n:j=1, d=@
",0.00047423813677015215,"//0
p:0.259, -0.279, -0.397, fr=0.249
p:0.767, -1.781, -0.725
p:0.027350384933408134, 0.03132554935470888, -0.3156168175315506
j:0, 1, stif=0.842
j:2, 1, stif=0.925
n:j=1, d=|
n:j=1, d=@
",1.073755553676222e-05,feasible,23
20,0,11,"//0
p:0.259, -0.279, -0.397, fr=0.249
p:0.767, -1.781, -0.725
p:0.32479942749161755, 0.08225289775376687, -0.1488512929065542
j:0, 1, stif=0.775
j:2, 1, stif=0.925
n:j=1, d=|
n:j=1, d=@
",0.0005078499960431945,"//0
p:0.259, -0.279, -0.397, fr=0.249
p:0.767, -1.781, -0.725, fr=0.632
p:0.32479942749161755, 0.08225289775376687, -0.1488512929065542
j:0, 1, stif=0.775
j:2, 1, stif=0.925
n:j=1, d=|
n:j=1, d=@
",0.0003453779885586173,feasible,22
20,0,11,"//0
p:0.259, -0.279, -0.397, fr=0.249
p:0.767, -1.781, -0.725
p:0.32479942749161755, 0.08225289775376687, -0.1488512929065542
j:0, 1, stif=0.775
j:2, 1, stif=0.925
n:j=1, d=|
n:j=1, d=@
",0.0005078499960431945,"//0
p:0.259, -0.279, -0.397, fr=0.249
p:0.767, -1.781, -0.725
p:0.32479942749161755, 0.08225289775376687, -0.1488512929065542
j:0, 1, stif=0.775
j:2, 1, stif=0.925
n:j=1, d=|
n:j=1, d=@:p=0.919
",0.00048354490002494187,feasible,22
20,0,11,"//0
p:0.259, -0.279, -0.397, fr=0.249
p:0.767, -1.781, -0.725
p:0.32479942749161755, 0.08225289775376687, -0.1488512929065542
j:0, 1, stif=0.775
j:2, 1, stif=0.925
n:j=1, d=|
n:j=1, d=@
",0.0005078499960431945,"//0
p:0.259, -0.279, -0.397, fr=0.249
p:0.767, -1.781, -0.725
p:-0.18054287076283582, -0.1828166799309019, 0.01471117574323444
j:0, 1, stif=0.775
j:2, 1, stif=0.925
n:j=1, d=|
n:j=1, d=@
",0.00032625142927907274,feasible,22
20,0,11,"//0
p:0.259, -0.279, -0.397, fr=0.249
p:0.767, -1.781, -0.725
p:0.32479942749161755, 0.08225289775376687, -0.1488512929065542
j:0, 1, stif=0.775
j:2, 1, stif=0.925
n:j=1, d=|
n:j=1, d=@
",0.0005078499960431945,"//0
p:0.259, -0.279, -0.397, fr=0.249
p:0.767, -1.781, -0.725
p:0.32479942749161755, 0.08225289775376687, -0.1488512929065542
p:-0.974, -0.236, -0.056
j:0, 1, stif=0.775
j:2, 1, stif=0.925
j:3, 2
n:j=1, d=|
n:j=1, d=@
",3.573891494466161e-05,feasible,22
20,0,11,"//0
p:0.259, -0.279, -0.397, fr=0.249
p:0.767, -1.781, -0.725
p:0.32479942749161755, 0.08225289775376687, -0.1488512929065542
j:0, 1, stif=0.775
j:2, 1, stif=0.925
n:j=1, d=|
n:j=1, d=@
",0.0005078499960431945,"//0
p:0.259, -0.279, -0.397, fr=0.249
p:0.767, -1.781, -0.725
p:0.32479942749161755, 0.08225289775376687, -0.1488512929065542
j:1, 0, stif=0.775
j:2, 0, stif=0.925
n:j=1, d=|
n:j=1, d=@
",1.7763568394002505e-19,feasible,22
20,0,11,"//0
p:0.259, -0.279, -0.397, fr=0.249
p:0.767, -1.781, -0.725
p:0.32479942749161755, 0.08225289775376687, -0.1488512929065542
j:0, 1, stif=0.775
j:2, 1, stif=0.925
n:j=1, d=|
n:j=1, d=@
",0.0005078499960431945,"//0
p:0.259, -0.279, -0.397, fr=0.249
p:0.767, -1.781, -0.725
p:0.32479942749161755, 0.08225289775376687, -0.1488512929065542
j:0, 1, stif=0.775
j:2, 1, stif=0.925
j:0, 2
n:j=1, d=|
n:j=1, d=@
",3.120133476528214e-05,feasible,22
20,0,11,"//0
p:0.259, -0.279, -0.397, fr=0.249
p:0.767, -1.781, -0.725
p:0.32479942749161755, 0.08225289775376687, -0.1488512929065542
j:0, 1, stif=0.775
j:2, 1, stif=0.925
n:j=1, d=|
n:j=1, d=@
",0.0005078499960431945,"//0
p:0.259, -0.279, -0.397, fr=0.249
p:0.767, -1.781, -0.725
p:0.32479942749161755, 0.08225289775376687, -0.1488512929065542
j:0, 1, stif=0.894
j:2, 1, stif=0.925
n:j=1, d=|
n:j=1, d=@
",0.00046191377814214246,feasible,22
20,0,11,"//0
p:0.259, -0.279, -0.397, fr=0.249
p:0.767, -1.781, -0.725
p:0.32479942749161755, 0.08225289775376687, -0.1488512929065542
j:0, 1, stif=0.775
j:2, 1, stif=0.925
n:j=1, d=|
n:j=1, d=@
",0.0005078499960431945,"//0
p:0.259, -0.279, -0.397, fr=0.249
p:0.767, -1.781, -0.725
j:0, 1, stif=0.775
",0.0,feasible,22
20,0,11,"//0
p:0.259, -0.279, -0.397, fr=0.249
p:0.767, -1.781, -0.725
p:0.32479942749161755, 0.08225289775376687, -0.1488512929065542
j:0, 1, stif=0.775
j:2, 1, stif=0.925
n:j=1, d=|
n:j=1, d=@
",0.0005078499960431945,"//0
p:0.259, -0.279, -0.397, fr=0.249
p:0.767, -1.781, -0.725, fr=0.267
p:0.32479942749161755, 0.08225289775376687, -0.1488512929065542
j:0, 1, stif=0.775
j:2, 1, stif=0.925
n:j=1, d=|
n:j=1, d=@
",0.0005734850274809236,feasible,22
20,0,11,"//0
p:0.259, -0.279, -0.397, fr=0.249
p:0.767, -1.781, -0.725
p:0.32479942749161755, 0.08225289775376687, -0.1488512929065542
j:0, 1, stif=0.775
j:2, 1, stif=0.925
n:j=1, d=|
n:j=1, d=@
",0.0005078499960431945,"//0
p:0.259, -0.279, -0.397, fr=0.249
p:0.767, -1.781, -0.725, fr=0.665
p:0.32479942749161755, 0.08225289775376687, -0.1488512929065542
j:0, 1, stif=0.775
j:2, 1, stif=0.925
n:j=1, d=|
n:j=1, d=@
",0.00031090773475582625,feasible,22
20,0,11,"//0
p:0.259, -0.279, -0.397, fr=0.249
p:0.767, -1.781, -0.725
p:0.32479942749161755, 0.08225289775376687, -0.1488512929065542
j:0, 1, stif=0.775
j:2, 1, stif=0.925
n:j=1, d=|
n:j=1, d=@
",0.0005078499960431945,"//0
p:0.259, -0.279, -0.397, fr=0.249
p:0.767, -1.781, -0.725
p:0.32479942749161755, 0.08225289775376687, -0.1488512929065542
j:0, 1, stif=0.775
j:2, 1, stif=0.925
n:j=1, d=|
",0.0004092447690537621,feasible,22
20,0,11,"//0
p:0.259, -0.279, -0.397, fr=0.249
p:0.767, -1.781, -0.725
p:0.32479942749161755, 0.08225289775376687, -0.1488512929065542
j:0, 1, stif=0.775
j:2, 1, stif=0.925
n:j=1, d=|
n:j=1, d=@
",0.0005078499960431945,"//0
p:0.259, -0.279, -0.397, fr=0.249
p:0.767, -1.781, -0.725, ing=0.362
p:0.32479942749161755, 0.08225289775376687, -0.1488512929065542
j:0, 1, stif=0.775
j:2, 1, stif=0.925
n:j=1, d=|
n:j=1, d=@
",0.0005078499960431945,feasible,22
20,0,11,"//0
p:0.259, -0.279, -0.397, fr=0.249
p:0.767, -1.781, -0.725
p:0.32479942749161755, 0.08225289775376687, -0.1488512929065542
j:0, 1, stif=0.775
j:2, 1, stif=0.925
n:j=1, d=|
n:j=1, d=@
",0.0005078499960431945,"//0
p:0.259, -0.279, -0.397, fr=0.249
p:0.767, -1.781, -0.725, ing=0.175
p:0.32479942749161755, 0.08225289775376687, -0.1488512929065542
j:0, 1, stif=0.775
j:2, 1, stif=0.925
n:j=1, d=|
n:j=1, d=@
",0.0005078499960431945,feasible,22
20,0,11,"//0
p:0.259, -0.279, -0.397, fr=0.249
p:0.767, -1.781, -0.725
p:0.32479942749161755, 0.08225289775376687, -0.1488512929065542
j:0, 1, stif=0.775
j:2, 1, stif=0.925
n:j=1, d=|
n:j=1, d=@
",0.0005078499960431945,"//0
p:0.259, -0.279, -0.397, fr=0.249
p:0.767, -1.781, -0.725, ing=0.375
p:0.32479942749161755, 0.08225289775376687, -0.1488512929065542
j:0, 1, stif=0.775
j:2, 1, stif=0.925
n:j=1, d=|
n:j=1, d=@
",0.0005078499960431945,feasible,22
20,0,11,"//0
p:0.259, -0.279, -0.397, fr=0.249
p:0.767, -1.781, -0.725
p:0.32479942749161755, 0.08225289775376687, -0.1488512929065542
j:0, 1, stif=0.775
j:2, 1, stif=0.925
n:j=1, d=|
n:j=1, d=@
",0.0005078499960431945,"//0
p:0.767, -1.781, -0.725
p:0.32479942749161755, 0.08225289775376687, -0.1488512929065542
j:1, 0, stif=0.925
n:j=0, d=|
n:j=0, d=@
",5.544800309596341e-05,feasible,22
20,0,11,"//0
p:0.259, -0.279, -0.397, fr=0.249
p:0.767, -1.781, -0.725
p:0.32479942749161755, 0.08225289775376687, -0.1488512929065542
j:0, 1, stif=0.775
j:2, 1, stif=0.925
n:j=1, d=|
n:j=1, d=@
",0.0005078499960431945,"//0
p:0.259, -0.279, -0.397, fr=0.249
p:0.767, -1.781, -0.725, fr=0.44
p:0.32479942749161755, 0.08225289775376687, -0.1488512929065542
j:0, 1, stif=0.775
j:2, 1, stif=0.925
n:j=1, d=|
n:j=1, d=@
",0.0004495382772202591,feasible,22
20,0,11,"//0
p:0.259, -0.279, -0.397, fr=0.249
p:0.767, -1.781, -0.725
p:0.32479942749161755, 0.08225289775376687, -0.1488512929065542
j:0, 1, stif=0.775
j:2, 1, stif=0.925
n:j=1, d=|
n:j=1, d=@
",0.0005078499960431945,"//0
p:0.259, -0.279, -0.397, fr=0.249
p:0.767, -1.781, -0.725
p:0.32479942749161755, 0.08225289775376687, -0.1488512929065542
j:0, 1, stif=0.775
j:2, 1, stif=0.925
n:j=1, d=@
",1.964009281808895e-09,feasible,22
20,0,11,"//0
p:0.259, -0.279, -0.397, fr=0.249
p:0.767, -1.781, -0.725
p:0.32479942749161755, 0.08225289775376687, -0.1488512929065542
j:0, 1, stif=0.775
j:2, 1, stif=0.925
n:j=1, d=|
n:j=1, d=@
",0.0005078499960431945,"//0
p:0.259, -0.279, -0.397, fr=0.249
p:0.767, -1.781, -0.725
p:0.32479942749161755, 0.08225289775376687, -0.1488512929065542
j:0, 2, stif=0.775
j:1, 2, stif=0.925
n:j=1, d=|
n:j=1, d=@
",5.8663968736561215e-05,feasible,22
20,0,11,"//0
p:0.259, -0.279, -0.397, fr=0.249
p:0.767, -1.781, -0.725
p:0.32479942749161755, 0.08225289775376687, -0.1488512929065542
j:0, 1, stif=0.775
j:2, 1, stif=0.925
n:j=1, d=|
n:j=1, d=@
",0.0005078499960431945,"//0
p:0.259, -0.279, -0.397, fr=0.249
p:0.767, -1.781, -0.725, ing=0.278
p:0.32479942749161755, 0.08225289775376687, -0.1488512929065542
j:0, 1, stif=0.775
j:2, 1, stif=0.925
n:j=1, d=|
n:j=1, d=@
",0.0005078499960431945,feasible,22
20,0,11,"//0
p:0.259, -0.279, -0.397, fr=0.249
p:0.767, -1.781, -0.725
p:0.32479942749161755, 0.08225289775376687, -0.1488512929065542
j:0, 1, stif=0.775
j:2, 1, stif=0.925
n:j=1, d=|
n:j=1, d=@
",0.0005078499960431945,"//0
p:0.259, -0.279, -0.397, fr=0.249
p:0.767, -1.781, -0.725
p:0.32479942749161755, 0.08225289775376687, -0.1488512929065542
j:0, 1, stif=0.775
j:2, 1, stif=0.925
n:j=1, d=|:r=0.93
n:j=1, d=@
",0.0005078499960431945,feasible,22
20,0,12,"//0
p:0.259, -0.279, -0.397, fr=0.249
p:0.767, -1.781, -0.725
p:0.32479942749161755, 0.08225289775376687, -0.1488512929065542, fr=0.637
j:0, 1, stif=0.775
j:2, 1, stif=0.925
n:j=1, d=|
n:j=1, d=@
",0.0005155350023212055,"//0
p:0.259, -0.279, -0.397, fr=0.249
p:0.767, -1.781, -0.725
p:0.32479942749161755, 0.08225289775376687, -0.1488512929065542, fr=0.637
j:0, 1, stif=0.775
j:2, 1, stif=0.925, rotstif=0.803
n:j=1, d=|
n:j=1, d=@
",0.0005155350023212055,feasible,20
20,0,12,"//0
p:0.259, -0.279, -0.397, fr=0.249
p:0.767, -1.781, -0.725
p:0.32479942749161755, 0.08225289775376687, -0.1488512929065542, fr=0.637
j:0, 1, stif=0.775
j:2, 1, stif=0.925
n:j=1, d=|
n:j=1, d=@
",0.0005155350023212055,"//0
p:0.259, -0.279, -0.397, fr=0.249
p:0.767, -1.781, -0.725
p:0.32479942749161755, 0.08225289775376687, -0.1488512929065542, fr=0.637, ing=0.302
j:0, 1, stif=0.775
j:2, 1, stif=0.925
n:j=1, d=|
n:j=1, d=@
",0.0005155350023212055,feasible,20
20,0,12,"//0
p:0.259, -0.279, -0.397, fr=0.249
p:0.767, -1.781, -0.725
p:0.32479942749161755, 0.08225289775376687, -0.1488512929065542, fr=0.637
j:0, 1, stif=0.775
j:2, 1, stif=0.925
n:j=1, d=|
n:j=1, d=@
",0.0005155350023212055,"//0
p:0.259, -0.279, -0.397, fr=0.249
p:0.767, -1.781, -0.725, ing=0.308
p:0.32479942749161755, 0.08225289775376687, -0.1488512929065542, fr=0.637
j:0, 1, stif=0.775
j:2, 1, stif=0.925
n:j=1, d=|
n:j=1, d=@
",0.0005155350023212055,feasible,20
20,0,12,"//0
p:0.259, -0.279, -0.397, fr=0.249
p:0.767, -1.781, -0.725
p:0.32479942749161755, 0.08225289775376687, -0.1488512929065542, fr=0.637
j:0, 1, stif=0.775
j:2, 1, stif=0.925
n:j=1, d=|
n:j=1, d=@
",0.0005155350023212055,"//0
p:0.259, -0.279, -0.397, fr=0.249
p:0.767, -1.781, -0.725
p:0.32479942749161755, 0.08225289775376687, -0.1488512929065542, fr=0.637
j:0, 1, stif=0.775
j:2, 1, stif=0.992
n:j=1, d=|
n:j=1, d=@
",0.0005463499101960943,feasible,20
20,0,12,"//0
p:0.259, -0.279, -0.397, fr=0.249
p:0.767, -1.781, -0.725
p:0.32479942749161755, 0.08225289775376687, -0.1488512929065542, fr=0.637
j:0, 1, stif=0.775
j:2, 1, stif=0.925
n:j=1, d=|
n:j=1, d=@
",0.0005155350023212055,"//0
p:0.259, -0.279, -0.397, fr=0.249
p:0.767, -1.781, -0.725
p:0.32479942749161755, 0.08225289775376687, -0.1488512929065542, fr=0.637
j:0, 1, stif=0.775
j:2, 1, stif=0.925
n:j=1, d=|
n:j=1, d=@
n:j=0, d=@
",0.0005777250675186462,feasible,20
20,0,12,"//0
p:0.259, -0.279, -0.397, fr=0.249
p:0.767, -1.781, -0.725
p:0.32479942749161755, 0.08225289775376687, -0.1488512929065542, fr=0.637
j:0, 1, stif=0.775
j:2, 1, stif=0.925
n:j=1, d=|
n:j=1, d=@
",0.0005155350023212055,"//0
p:0.767, -1.781, -0.725
p:0.32479942749161755, 0.08225289775376687, -0.1488512929065542, fr=0.637
j:1, 0, stif=0.925
n:j=0, d=|
n:j=0, d=@
",4.5163483057310224e-05,feasible,20
20,0,12,"//0
p:0.259, -0.279, -0.397, fr=0.249
p:0.767, -1.781, -0.725
p:0.32479942749161755, 0.08225289775376687, -0.1488512929065542, fr=0.637
j:0, 1, stif=0.775
j:2, 1, stif=0.925
n:j=1, d=|
n:j=1, d=@
",0.0005155350023212055,"//0
p:0.259, -0.279, -0.397, fr=0.249
p:0.767, -1.781, -0.725
p:0.32479942749161755, 0.08225289775376687, -0.1488512929065542, fr=0.637
j:0, 1, stif=0.775
j:2, 1, stif=0.925
n:j=1, d=|
n:j=1, d=@
n:
c:1, 2, -2.103
",0.0005155350023212055,feasible,20
20,0,12,"//0
p:0.259, -0.279, -0.397, fr=0.249
p:0.767, -1.781, -0.725
p:0.32479942749161755, 0.08225289775376687, -0.1488512929065542, fr=0.637
j:0, 1, stif=0.775
j:2, 1, stif=0.925
n:j=1, d=|
n:j=1, d=@
",0.0005155350023212055,"//0
p:0.259, -0.279, -0.397, fr=0.249
p:0.767, -1.781, -0.725
p:0.32479942749161755, 0.08225289775376687, -0.1488512929065542, fr=0.637
j:0, 2, stif=0.775
j:1, 2, stif=0.925
n:j=1, d=|
n:j=1, d=@
",5.274314309386592e-05,feasible,20
20,0,12,"//0
p:0.259, -0.279, -0.397, fr=0.249
p:0.767, -1.781, -0.725
p:0.32479942749161755, 0.08225289775376687, -0.1488512929065542, fr=0.637
j:0, 1, stif=0.775
j:2, 1, stif=0.925
n:j=1, d=|
n:j=1, d=@
",0.0005155350023212055,"//0
p:0.259, -0.279, -0.397, fr=0.249, ing=0.114
p:0.767, -1.781, -0.725
p:0.32479942749161755, 0.08225289775376687, -0.1488512929065542, fr=0.637
j:0, 1, stif=0.775
j:2, 1, stif=0.925
n:j=1, d=|
n:j=1, d=@
",0.0005155350023212055,feasible,20
20,0,12,"//0
p:0.259, -0.279, -0.397, fr=0.249
p:0.767, -1.781, -0.725
p:0.32479942749161755, 0.08225289775376687, -0.1488512929065542, fr=0.637
j:0, 1, stif=0.775
j:2, 1, stif=0.925
n:j=1, d=|
n:j=1, d=@
",0.0005155350023212055,"//0
p:0.259, -0.279, -0.397, fr=0.249
p:0.767, -1.781, -0.725
p:0.32479942749161755, 0.08225289775376687, -0.1488512929065542, fr=0.637
j:0, 1, stif=0.775
j:2, 1, stif=0.925
n:j=1, d=|
",0.00041847853434341767,feasible,20
20,0,12,"//0
p:0.259, -0.279, -0.397, fr=0.249
p:0.767, -1.781, -0.725
p:0.32479942749161755, 0.08225289775376687, -0.1488512929065542, fr=0.637
j:0, 1, stif=0.775
j:2, 1, stif=0.925
n:j=1, d=|
n:j=1, d=@
",0.0005155350023212055,"//0
p:0.259, -0.279, -0.397, fr=0.249
p:0.767, -1.781, -0.725
p:0.32479942749161755, 0.08225289775376687, -0.1488512929065542, fr=1.299
j:0, 1, stif=0.775
j:2, 1, stif=0.925
n:j=1, d=|
n:j=1, d=@
",0.00047897694945082383,feasible,20
20,0,12,"//0
p:0.259, -0.279, -0.397, fr=0.249
p:0.767, -1.781, -0.725
p:0.32479942749161755, 0.08225289775376687, -0.1488512929065542, fr=0.637
j:0, 1, stif=0.775
j:2, 1, stif=0.925
n:j=1, d=|
n:j=1, d=@
",0.0005155350023212055,"//0
p:0.259, -0.279, -0.397, fr=0.249
p:0.767, -1.781, -0.725
p:0.32479942749161755, 0.08225289775376687, -0.1488512929065542, fr=0.637
j:0, 1, stif=0.669
j:2, 1, stif=0.925
n:j=1, d=|
n:j=1, d=@
",0.0005129213091455027,feasible,20
20,0,12,"//0
p:0.259, -0.279, -0.397, fr=0.249
p:0.767, -1.781, -0.725
p:0.32479942749161755, 0.08225289775376687, -0.1488512929065542, fr=0.637
j:0, 1, stif=0.775
j:2, 1, stif=0.925
n:j=1, d=|
n:j=1, d=@
",0.0005155350023212055,"//0
p:0.259, -0.279, -0.397, fr=0.249
p:0.767, -1.781, -0.725
p:0.32479942749161755, 0.08225289775376687, -0.1488512929065542, fr=0.637
j:0, 1, stif=0.775
j:2, 1, stif=0.925
n:j=1, d=|
n:j=1, d=@:p=0.913
",0.000524092273643224,feasible,20
20,0,12,"//0
p:0.259, -0.279, -0.397, fr=0.249
p:0.767, -1.781, -0.725
p:0.32479942749161755, 0.08225289775376687, -0.1488512929065542, fr=0.637
j:0, 1, stif=0.775
j:2, 1, stif=0.925
n:j=1, d=|
n:j=1, d=@
",0.0005155350023212055,"//0
p:0.259, -0.279, -0.397, fr=0.249
p:0.767, -1.781, -0.725
p:0.32479942749161755, 0.08225289775376687, -0.1488512929065542, fr=0.637
j:0, 1, stif=0.775
j:2, 1, stif=0.925, rotstif=0.894
n:j=1, d=|
n:j=1, d=@
",0.0005155350023212055,feasible,20
20,0,12,"//0
p:0.259, -0.279, -0.397, fr=0.249
p:0.767, -1.781, -0.725
p:0.32479942749161755, 0.08225289775376687, -0.1488512929065542, fr=0.637
j:0, 1, stif=0.775
j:2, 1, stif=0.925
n:j=1, d=|
n:j=1, d=@
",0.0005155350023212055,"//0
p:0.259, -0.279, -0.397, fr=0.249
p:0.767, -1.781, -0.725
p:0.32479942749161755, 0.08225289775376687, -0.1488512929065542, fr=0.637
j:0, 1, stif=0.775
j:2, 1, stif=0.973
n:j=1, d=|
n:j=1, d=@
",0.0005302044083638476,feasible,20
20,0,12,"//0
p:0.259, -0.279, -0.397, fr=0.249
p:0.767, -1.781, -0.725
p:0.32479942749161755, 0.08225289775376687, -0.1488512929065542, fr=0.637
j:0, 1, stif=0.775
j:2, 1, stif=0.925
n:j=1, d=|
n:j=1, d=@
",0.0005155350023212055,"//0
p:0.259, -0.279, -0.397, fr=0.249
p:0.767, -1.781, -0.725
p:0.32479942749161755, 0.08225289775376687, -0.1488512929065542, fr=0.637
j:0, 1, stif=0.775
j:2, 1, stif=0.925, rotstif=0.916
n:j=1, d=|
n:j=1, d=@
",0.0005155350023212055,feasible,20
20,0,12,"//0
p:0.259, -0.279, -0.397, fr=0.249
p:0.767, -1.781, -0.725
p:0.32479942749161755, 0.08225289775376687, -0.1488512929065542, fr=0.637
j:0, 1, stif=0.775
j:2, 1, stif=0.925
n:j=1, d=|
n:j=1, d=@
",0.0005155350023212055,"//0
p:0.259, -0.279, -0.397, fr=0.249
p:0.767, -1.781, -0.725, fr=0.264
p:0.32479942749161755, 0.08225289775376687, -0.1488512929065542, fr=0.637
j:0, 1, stif=0.775
j:2, 1, stif=0.925
n:j=1, d=|
n:j=1, d=@
",0.0005470934075350025,feasible,20
20,0,12,"//0
p:0.259, -0.279, -0.397, fr=0.249
p:0.767, -1.781, -0.725
p:0.32479942749161755, 0.08225289775376687, -0.1488512929065542, fr=0.637
j:0, 1, stif=0.775
j:2, 1, stif=0.925
n:j=1, d=|
n:j=1, d=@
",0.0005155350023212055,"//0
p:0.259, -0.279, -0.397, fr=0.249
p:0.767, -1.781, -0.725
p:0.32479942749161755, 0.08225289775376687, -0.1488512929065542, fr=0.637
j:0, 1, stif=0.775
j:2, 1, stif=0.925, rotstif=0.94
n:j=1, d=|
n:j=1, d=@
",0.0005155350023212055,feasible,20
20,0,12,"//0
p:0.259, -0.279, -0.397, fr=0.249
p:0.767, -1.781, -0.725
p:0.32479942749161755, 0.08225289775376687, -0.1488512929065542, fr=0.637
j:0, 1, stif=0.775
j:2, 1, stif=0.925
n:j=1, d=|
n:j=1, d=@
",0.0005155350023212055,"//0
p:0.259, -0.279, -0.397, fr=0.249
p:0.767, -1.781, -0.725
p:0.32479942749161755, 0.08225289775376687, -0.1488512929065542, fr=1.003
j:0, 1, stif=0.775
j:2, 1, stif=0.925
n:j=1, d=|
n:j=1, d=@
",0.0004931360850697491,feasible,20
20,0,12,"//0
p:0.259, -0.279, -0.397, fr=0.249
p:0.767, -1.781, -0.725
p:0.32479942749161755, 0.08225289775376687, -0.1488512929065542, fr=0.637
j:0, 1, stif=0.775
j:2, 1, stif=0.925
n:j=1, d=|
n:j=1, d=@
",0.0005155350023212055,"//0
p:0.259, -0.279, -0.397, fr=0.249
p:0.767, -1.781, -0.725
p:0.32479942749161755, 0.08225289775376687, -0.1488512929065542, fr=0.637
p:0.75, 1.303, -0.638
j:0, 1, stif=0.775
j:2, 1, stif=0.925
j:3, 0
n:j=1, d=|
n:j=1, d=@
",1.330257151645913e-07,feasible,20
20,0,13,"//0
p:0.259, -0.279, -0.397, fr=0.249
p:0.767, -1.781, -0.725
p:0.32479942749161755, 0.08225289775376687, -0.1488512929065542, fr=0.637
j:0, 1, stif=0.775
j:2, 1, stif=0.925
n:j=1, d=|
n:j=1, d=@:p=0.864
",0.0005401971604664285,"//0
p:0.376, 0.004, 0.014, fr=0.249
p:0.767, -1.781, -0.725
p:0.32479942749161755, 0.08225289775376687, -0.1488512929065542, fr=0.637
j:0, 1, stif=0.775
j:2, 1, stif=0.925
n:j=1, d=|
n:j=1, d=@:p=0.864
",0.00011330942839967397,feasible,22
20,0,13,"//0
p:0.259, -0.279, -0.397, fr=0.249
p:0.767, -1.781, -0.725
p:0.32479942749161755, 0.08225289775376687, -0.1488512929065542, fr=0.637
j:0, 1, stif=0.775
j:2, 1, stif=0.925
n:j=1, d=|
n:j=1, d=@:p=0.864
",0.0005401971604664285,"//0
p:0.259, -0.279, -0.397, fr=0.249
p:0.767, -1.781, -0.725
p:0.32479942749161755, 0.08225289775376687, -0.1488512929065542, fr=0.637
j:0, 1, stif=0.775
j:2, 1, stif=0.973
n:j=1, d=|
n:j=1, d=@:p=0.864
",0.0005761188943448752,feasible,22
20,0,13,"//0
p:0.259, -0.279, -0.397, fr=0.249
p:0.767, -1.781, -0.725
p:0.32479942749161755, 0.08225289775376687, -0.1488512929065542, fr=0.637
j:0, 1, stif=0.775
j:2, 1, stif=0.925
n:j=1, d=|
n:j=1, d=@:p=0.864
",0.0005401971604664285,"//0
p:0.259, -0.279, -0.397, fr=0.564
p:0.767, -1.781, -0.725
p:0.32479942749161755, 0.08225289775376687, -0.1488512929065542, fr=0.637
j:0, 1, stif=0.775
j:2, 1, stif=0.925
n:j=1, d=|
n:j=1, d=@:p=0.864
",0.0005004465308422953,feasible,22
20,0,13,"//0
p:0.259, -0.279, -0.397, fr=0.249
p:0.767, -1.781, -0.725
p:0.32479942749161755, 0.08225289775376687, -0.1488512929065542, fr=0.637
j:0, 1, stif=0.775
j:2, 1, stif=0.925
n:j=1, d=|
n:j=1, d=@:p=0.864
",0.0005401971604664285,"//0
p:0.259, -0.279, -0.397, fr=0.249
p:0.767, -1.781, -0.725
p:0.32479942749161755, 0.08225289775376687, -0.1488512929065542, fr=0.963
j:0, 1, stif=0.775
j:2, 1, stif=0.925
n:j=1, d=|
n:j=1, d=@:p=0.864
",0.0005150000676013934,feasible,22
20,0,13,"//0
p:0.259, -0.279, -0.397, fr=0.249
p:0.767, -1.781, -0.725
p:0.32479942749161755, 0.08225289775376687, -0.1488512929065542, fr=0.637
j:0, 1, stif=0.775
j:2, 1, stif=0.925
n:j=1, d=|
n:j=1, d=@:p=0.864
",0.0005401971604664285,"//0
p:0.259, -0.279, -0.397, fr=0.249
p:0.767, -1.781, -0.725
p:0.32479942749161755, 0.08225289775376687, -0.1488512929065542, fr=0.637
j:2, 1, stif=0.775
j:0, 1, stif=0.925
n:j=1, d=|
n:j=1, d=@:p=0.864
",0.0001618584045133168,feasible,22
20,0,13,"//0
p:0.259, -0.279, -0.397, fr=0.249
p:0.767, -1.781, -0.725
p:0.32479942749161755, 0.08225289775376687, -0.1488512929065542, fr=0.637
j:0, 1, stif=0.775
j:2, 1, stif=0.925
n:j=1, d=|
n:j=1, d=@:p=0.864
",0.0005401971604664285,"//0
p:0.259, -0.279, -0.397, fr=0.249
p:0.767, -1.781, -0.725
p:0.32479942749161755, 0.08225289775376687, -0.1488512929065542, fr=0.637
j:0, 1, stif=0.775
j:2, 1, stif=0.925
n:j=1, d=|
n:j=1, d=@:p=0.864
n:
c:2, 2, 2.89
",0.0005401971604664285,feasible,22
20,0,13,"//0
p:0.259, -0.279, -0.397, fr=0.249
p:0.767, -1.781, -0.725
p:0.32479942749161755, 0.08225289775376687, -0.1488512929065542, fr=0.637
j:0, 1, stif=0.775
j:2, 1, stif=0.925
n:j=1, d=|
n:j=1, d=@:p=0.864
",0.0005401971604664285,"//0
p:0.259, -0.279, -0.397, fr=0.249
p:0.767, -1.781, -0.725
j:0, 1, stif=0.775
",0.0,feasible,22
20,0,13,"//0
p:0.259, -0.279, -0.397, fr=0.249
p:0.767, -1.781, -0.725
p:0.32479942749161755, 0.08225289775376687, -0.1488512929065542, fr=0.637
j:0, 1, stif=0.775
j:2, 1, stif=0.925
n:j=1, d=|
n:j=1, d=@:p=0.864
",0.0005401971604664285,"//0
p:0.259, -0.279, -0.397, fr=0.249
p:0.767, -1.781, -0.725
p:0.32479942749161755, 0.08225289775376687, -0.1488512929065542, fr=0.637
j:0, 1, stif=0.775, rotstif=0.983
j:2, 1, stif=0.925
n:j=1, d=|
n:j=1, d=@:p=0.864
",0.0005401971604664285,feasible,22
20,0,13,"//0
p:0.259, -0.279, -0.397, fr=0.249
p:0.767, -1.781, -0.725
p:0.32479942749161755, 0.08225289775376687, -0.1488512929065542, fr=0.637
j:0, 1, stif=0.775
j:2, 1, stif=0.925
n:j=1, d=|
n:j=1, d=@:p=0.864
",0.0005401971604664285,"//0
p:0.259, -0.279, -0.397, fr=0.249
p:0.767, -1.781, -0.725
p:0.32479942749161755, 0.08225289775376687, -0.1488512929065542, fr=0.637
j:0, 1, stif=0.775
j:2, 1, stif=0.925
n:j=1, d=@:p=0.864
",5.930339359077972e-10,feasible,22
20,0,13,"//0
p:0.259, -0.279, -0.397, fr=0.249
p:0.767, -1.781, -0.725
p:0.32479942749161755, 0.08225289775376687, -0.1488512929065542, fr=0.637
j:0, 1, stif=0.775
j:2, 1, stif=0.925
n:j=1, d=|
n:j=1, d=@:p=0.864
",0.0005401971604664285,"//0
p:0.259, -0.279, -0.397, fr=0.249
p:0.767, -1.781, -0.725
p:0.32479942749161755, 0.08225289775376687, -0.1488512929065542, fr=0.637, ing=0.232
j:0, 1, stif=0.775
j:2, 1, stif=0.925
n:j=1, d=|
n:j=1, d=@:p=0.864
",0.0005401971604664285,feasible,22
20,0,13,"//0
p:0.259, -0.279, -0.397, fr=0.249
p:0.767, -1.781, -0.725
p:0.32479942749161755, 0.08225289775376687, -0.1488512929065542, fr=0.637
j:0, 1, stif=0.775
j:2, 1, stif=0.925
n:j=1, d=|
n:j=1, d=@:p=0.864
",0.0005401971604664285,"//0
p:0.259, -0.279, -0.397, fr=0.249
p:0.767, -1.781, -0.725
p:0.32479942749161755, 0.08225289775376687, -0.1488512929065542, fr=0.637, ing=0.279
j:0, 1, stif=0.775
j:2, 1, stif=0.925
n:j=1, d=|
n:j=1, d=@:p=0.864
",0.0005401971604664285,feasible,22
20,0,13,"//0
p:0.259, -0.279, -0.397, fr=0.249
p:0.767, -1.781, -0.725
p:0.32479942749161755, 0.08225289775376687, -0.1488512929065542, fr=0.637
j:0, 1, stif=0.775
j:2, 1, stif=0.925
n:j=1, d=|
n:j=1, d=@:p=0.864
",0.0005401971604664285,"//0
p:0.259, -0.279, -0.397, fr=0.249
p:0.767, -1.781, -0.725
p:0.32479942749161755, 0.08225289775376687, -0.1488512929065542, fr=0.637
j:0, 1, stif=0.775
j:2, 1, stif=0.925, rotstif=0.875
n:j=1, d=|
n:j=1, d=@:p=0.864
",0.0005401971604664285,feasible,22
20,0,13,"//0
p:0.259, -0.279, -0.397, fr=0.249
p:0.767, -1.781, -0.725
p:0.32479942749161755, 0.08225289775376687, -0.1488512929065542, fr=0.637
j:0, 1, stif=0.775
j:2, 1, stif=0.925
n:j=1, d=|
n:j=1, d=@:p=0.864
",0.0005401971604664285,"//0
p:0.259, -0.279, -0.397, fr=0.249
p:0.767, -1.781, -0.725
p:0.32479942749161755, 0.08225289775376687, -0.1488512929065542, fr=0.637
j:0, 1, stif=0.775, rotstif=0.804
j:2, 1, stif=0.925
n:j=1, d=|
n:j=1, d=@:p=0.864
",0.0005401971604664285,feasible,22
20,0,13,"//0
p:0.259, -0.279, -0.397, fr=0.249
p:0.767, -1.781, -0.725
p:0.32479942749161755, 0.08225289775376687, -0.1488512929065542, fr=0.637
j:0, 1, stif=0.775
j:2, 1, stif=0.925
n:j=1, d=|
n:j=1, d=@:p=0.864
",0.0005401971604664285,"//0
p:0.259, -0.279, -0.397, fr=0.249
p:0.767, -1.781, -0.725
p:0.338, 0.058, -0.282, fr=0.637
j:0, 1, stif=0.775
j:2, 1, stif=0.925
n:j=1, d=|
n:j=1, d=@:p=0.864
",0.00038819999219876465,feasible,22
20,0,13,"//0
p:0.259, -0.279, -0.397, fr=0.249
p:0.767, -1.781, -0.725
p:0.32479942749161755, 0.08225289775376687, -0.1488512929065542, fr=0.637
j:0, 1, stif=0.775
j:2, 1, stif=0.925
n:j=1, d=|
n:j=1, d=@:p=0.864
",0.0005401971604664285,"//0
p:0.259, -0.279, -0.397, fr=0.249
p:0.767, -1.781, -0.725
p:0.32479942749161755, 0.08225289775376687, -0.1488512929065542, fr=0.637
p:-0.436, 0.35, 0.488
j:0, 1, stif=0.775
j:2, 1, stif=0.925
j:3, 0
n:j=1, d=|
n:j=1, d=@:p=0.864
",1.782835043330748e-07,feasible,22
20,0,13,"//0
p:0.259, -0.279, -0.397, fr=0.249
p:0.767, -1.781, -0.725
p:0.32479942749161755, 0.08225289775376687, -0.1488512929065542, fr=0.637
j:0, 1, stif=0.775
j:2, 1, stif=0.925
n:j=1, d=|
n:j=1, d=@:p=0.864
",0.0005401971604664285,"//0
p:0.259, -0.279, -0.397, fr=0.249
p:0.767, -1.781, -0.725, fr=0.315
p:0.32479942749161755, 0.08225289775376687, -0.1488512929065542, fr=0.637
j:0, 1, stif=0.775
j:2, 1, stif=0.925
n:j=1, d=|
n:j=1, d=@:p=0.864
",0.0005666249396445417,feasible,22
20,0,13,"//0
p:0.259, -0.279, -0.397, fr=0.249
p:0.767, -1.781, -0.725
p:0.32479942749161755, 0.08225289775376687, -0.1488512929065542, fr=0.637
j:0, 1, stif=0.775
j:2, 1, stif=0.925
n:j=1, d=|
n:j=1, d=@:p=0.864
",0.0005401971604664285,"//0
p:0.259, -0.279, -0.397, fr=0.249
p:0.767, -1.781, -0.725
p:0.32479942749161755, 0.08225289775376687, -0.1488512929065542, fr=0.601
j:0, 1, stif=0.775
j:2, 1, stif=0.925
n:j=1, d=|
n:j=1, d=@:p=0.864
",0.0005175539656903042,feasible,22
20,0,13,"//0
p:0.259, -0.279, -0.397, fr=0.249
p:0.767, -1.781, -0.725
p:0.32479942749161755, 0.08225289775376687, -0.1488512929065542, fr=0.637
j:0, 1, stif=0.775
j:2, 1, stif=0.925
n:j=1, d=|
n:j=1, d=@:p=0.864
",0.0005401971604664285,"//0
p:0.767, -1.781, -0.725
p:0.32479942749161755, 0.08225289775376687, -0.1488512929065542, fr=0.637
j:1, 0, stif=0.925
n:j=0, d=|
n:j=0, d=@:p=0.864
",5.8760283893841805e-05,feasible,22
20,0,13,"//0
p:0.259, -0.279, -0.397, fr=0.249
p:0.767, -1.781, -0.725
p:0.32479942749161755, 0.08225289775376687, -0.1488512929065542, fr=0.637
j:0, 1, stif=0.775
j:2, 1, stif=0.925
n:j=1, d=|
n:j=1, d=@:p=0.864
",0.0005401971604664285,"//0
p:0.259, -0.279, -0.397, fr=0.249
p:0.767, -1.781, -0.725
p:0.32479942749161755, 0.08225289775376687, -0.1488512929065542, fr=0.637
j:0, 1, stif=0.775
j:2, 1, stif=0.925
n:j=1, d=|:p=0.174
n:j=1, d=@:p=0.864
",0.0005267301967412065,feasible,22
20,0,13,"//0
p:0.259, -0.279, -0.397, fr=0.249
p:0.767, -1.781, -0.725
p:0.32479942749161755, 0.08225289775376687, -0.1488512929065542, fr=0.637
j:0, 1, stif=0.775
j:2, 1, stif=0.925
n:j=1, d=|
n:j=1, d=@:p=0.864
",0.0005401971604664285,"//0
p:0.259, -0.279, -0.397, fr=0.249
p:0.767, -1.781, -0.725
p:0.32479942749161755, 0.08225289775376687, -0.1488512929065542, fr=0.637
j:0, 1, stif=0.775
j:2, 1, stif=0.925
n:j=1, d=|
",0.00041847853434341767,feasible,22
20,0,14,"//0
p:0.259, -0.279, -0.397, fr=0.249
p:0.767, -1.781, -0.725
p:0.32479942749161755, 0.08225289775376687, -0.1488512929065542, fr=0.637
j:0, 1, stif=0.775
j:2, 1, stif=0.925
n:j=1, d=|
n:j=1, d=@:p=0.864
n:j=1, d=G
c:1, 2, 0.854
",0.0006462064876408803,"//0
p:0.259, -0.279, -0.397, fr=0.249
p:0.767, -1.781, -0.725
p:0.32479942749161755, 0.08225289775376687, -0.1488512929065542, fr=0.637
j:0, 1, stif=0.775
j:2, 1, stif=0.925
n:j=1, d=|
n:j=1, d=@:p=0.864
n:j=1, d=G
",0.0005401971604664285,feasible,26
20,0,14,"//0
p:0.259, -0.279, -0.397, fr=0.249
p:0.767, -1.781, -0.725
p:0.32479942749161755, 0.08225289775376687, -0.1488512929065542, fr=0.637
j:0, 1, stif=0.775
j:2, 1, stif=0.925
n:j=1, d=|
n:j=1, d=@:p=0.864
n:j=1, d=G
c:1, 2, 0.854
",0.0006462064876408803,"//0
p:0.259, -0.279, -0.397, fr=0.249
p:0.767, -1.781, -0.725
j:0, 1, stif=0.775
",0.0,feasible,26
20,0,14,"//0
p:0.259, -0.279, -0.397, fr=0.249
p:0.767, -1.781, -0.725
p:0.32479942749161755, 0.08225289775376687, -0.1488512929065542, fr=0.637
j:0, 1, stif=0.775
j:2, 1, stif=0.925
n:j=1, d=|
n:j=1, d=@:p=0.864
n:j=1, d=G
c:1, 2, 0.854
",0.0006462064876408803,"//0
p:0.259, -0.279, -0.397, fr=0.249
p:0.767, -1.781, -0.725
p:0.32479942749161755, 0.08225289775376687, -0.1488512929065542, fr=0.637
j:0, 1, stif=0.775
j:2, 1, stif=0.925
n:j=1, d=@:p=0.864
n:j=1, d=G
c:0, 1, 0.854
",8.23038614376947e-10,feasible,26
20,0,14,"//0
p:0.259, -0.279, -0.397, fr=0.249
p:0.767, -1.781, -0.725
p:0.32479942749161755, 0.08225289775376687, -0.1488512929065542, fr=0.637
j:0, 1, stif=0.775
j:2, 1, stif=0.925
n:j=1, d=|
n:j=1, d=@:p=0.864
n:j=1, d=G
c:1, 2, 0.854
",0.0006462064876408803,"//0
p:0.767, -1.781, -0.725
p:0.32479942749161755, 0.08225289775376687, -0.1488512929065542, fr=0.637
j:1, 0, stif=0.925
n:j=0, d=|
n:j=0, d=@:p=0.864
n:j=0, d=G
c:1, 2, 0.854
",0.00015474158725392465,feasible,26
20,0,14,"//0
p:0.259, -0.279, -0.397, fr=0.249
p:0.767, -1.781, -0.725
p:0.32479942749161755, 0.08225289775376687, -0.1488512929065542, fr=0.637
j:0, 1, stif=0.775
j:2, 1, stif=0.925
n:j=1, d=|
n:j=1, d=@:p=0.864
n:j=1, d=G
c:1, 2, 0.854
",0.0006462064876408803,"//0
p:0.259, -0.279, -0.397, fr=0.249
p:0.767, -1.781, -0.725
p:0.32479942749161755, 0.08225289775376687, -0.1488512929065542, fr=0.637
j:0, 1, stif=0.775
j:2, 1, stif=0.925
n:j=1, d=|
n:j=1, d=@:p=0.864
n:j=1, d=G
c:0, 2, -1.235
c:1, 2, 0.854
",1.6658950174256084e-05,feasible,26
20,0,14,"//0
p:0.259, -0.279, -0.397, fr=0.249
p:0.767, -1.781, -0.725
p:0.32479942749161755, 0.08225289775376687, -0.1488512929065542, fr=0.637
j:0, 1, stif=0.775
j:2, 1, stif=0.925
n:j=1, d=|
n:j=1, d=@:p=0.864
n:j=1, d=G
c:1, 2, 0.854
",0.0006462064876408803,"//0
p:0.259, -0.279, -0.397, fr=0.249
p:0.767, -1.781, -0.725
p:0.32479942749161755, 0.08225289775376687, -0.1488512929065542, fr=0.637
j:0, 1, stif=0.775
j:2, 1, stif=0.925
n:j=1, d=|
n:j=1, d=@:p=0.864
n:j=1, d=G
n:p=2, d=Gpart
c:0, 3, 1.765
c:1, 2, 0.854
",1.4289787495893583e-05,feasible,26
20,0,14,"//0
p:0.259, -0.279, -0.397, fr=0.249
p:0.767, -1.781, -0.725
p:0.32479942749161755, 0.08225289775376687, -0.1488512929065542, fr=0.637
j:0, 1, stif=0.775
j:2, 1, stif=0.925
n:j=1, d=|
n:j=1, d=@:p=0.864
n:j=1, d=G
c:1, 2, 0.854
",0.0006462064876408803,"//0
p:0.259, -0.279, -0.397, fr=0.135
p:0.767, -1.781, -0.725
p:0.32479942749161755, 0.08225289775376687, -0.1488512929065542, fr=0.637
j:0, 1, stif=0.775
j:2, 1, stif=0.925
n:j=1, d=|
n:j=1, d=@:p=0.864
n:j=1, d=G
c:1, 2, 0.854
",0.0006151550940831367,feasible,26
20,0,14,"//0
p:0.259, -0.279, -0.397, fr=0.249
p:0.767, -1.781, -0.725
p:0.32479942749161755, 0.08225289775376687, -0.1488512929065542, fr=0.637
j:0, 1, stif=0.775
j:2, 1, stif=0.925
n:j=1, d=|
n:j=1, d=@:p=0.864
n:j=1, d=G
c:1, 2, 0.854
",0.0006462064876408803,"//0
p:0.259, -0.279, -0.397, fr=0.249
p:0.767, -1.781, -0.725
p:0.32479942749161755, 0.08225289775376687, -0.1488512929065542, fr=0.637
j:0, 1, stif=0.775
j:2, 1, stif=0.925
n:j=1, d=|
n:j=1, d=@:p=0.864
n:j=1, d=G
c:0, 2, 0.055
c:1, 2, 0.854
",0.0006968740197944036,feasible,26
20,0,14,"//0
p:0.259, -0.279, -0.397, fr=0.249
p:0.767, -1.781, -0.725
p:0.32479942749161755, 0.08225289775376687, -0.1488512929065542, fr=0.637
j:0, 1, stif=0.775
j:2, 1, stif=0.925
n:j=1, d=|
n:j=1, d=@:p=0.864
n:j=1, d=G
c:1, 2, 0.854
",0.0006462064876408803,"//0
p:0.259, -0.279, -0.397, fr=0.249
p:0.767, -1.781, -0.725
p:0.32479942749161755, 0.08225289775376687, -0.1488512929065542, fr=0.637
j:0, 1, stif=0.775
j:2, 1, stif=0.925
n:j=1, d=|
n:j=1, d=@:p=0.864
n:j=1, d=G
c:1, 2, -2.017
",2.1710768085972402e-05,feasible,26
20,0,14,"//0
p:0.259, -0.279, -0.397, fr=0.249
p:0.767, -1.781, -0.725
p:0.32479942749161755, 0.08225289775376687, -0.1488512929065542, fr=0.637
j:0, 1, stif=0.775
j:2, 1, stif=0.925
n:j=1, d=|
n:j=1, d=@:p=0.864
n:j=1, d=G
c:1, 2, 0.854
",0.0006462064876408803,"//0
p:0.259, -0.279, -0.397, fr=0.249
p:0.767, -1.781, -0.725
p:0.32479942749161755, 0.08225289775376687, -0.1488512929065542, fr=0.637
j:0, 1, stif=0.775
j:2, 1, stif=0.925
n:j=1, d=|
n:j=1, d=@:p=0.864
n:j=1, d=G
c:1, 2, 3.123
",0.0005222191526213724,feasible,26
20,0,14,"//0
p:0.259, -0.279, -0.397, fr=0.249
p:0.767, -1.781, -0.725
p:0.32479942749161755, 0.08225289775376687, -0.1488512929065542, fr=0.637
j:0, 1, stif=0.775
j:2, 1, stif=0.925
n:j=1, d=|
n:j=1, d=@:p=0.864
n:j=1, d=G
c:1, 2, 0.854
",0.0006462064876408803,"//0
p:0.259, -0.279, -0.397, fr=0.249
p:0.767, -1.781, -0.725
p:0.32479942749161755, 0.08225289775376687, -0.1488512929065542, fr=0.637
j:0, 1, stif=0.775
j:2, 1, stif=0.925
n:j=1, d=|
n:j=1, d=@:p=0.864
n:j=1, d=G
n:
c:1, 2, 0.854
c:3, 2, -1.582
",0.0006462064876408803,feasible,26
20,0,14,"//0
p:0.259, -0.279, -0.397, fr=0.249
p:0.767, -1.781, -0.725
p:0.32479942749161755, 0.08225289775376687, -0.1488512929065542, fr=0.637
j:0, 1, stif=0.775
j:2, 1, stif=0.925
n:j=1, d=|
n:j=1, d=@:p=0.864
n:j=1, d=G
c:1, 2, 0.854
",0.0006462064876408803,"//0
p:0.259, -0.279, -0.397, fr=0.249
p:0.767, -1.781, -0.725
p:0.32479942749161755, 0.08225289775376687, -0.1488512929065542, fr=0.637
j:0, 1, stif=0.775
j:2, 1, stif=0.925
n:j=1, d=|
n:j=1, d=@:p=0.864
",0.0005401971604664285,feasible,26
20,0,14,"//0
p:0.259, -0.279, -0.397, fr=0.249
p:0.767, -1.781, -0.725
p:0.32479942749161755, 0.08225289775376687, -0.1488512929065542, fr=0.637
j:0, 1, stif=0.775
j:2, 1, stif=0.925
n:j=1, d=|
n:j=1, d=@:p=0.864
n:j=1, d=G
c:1, 2, 0.854
",0.0006462064876408803,"//0
p:0.259, -0.279, -0.397, fr=0.249
p:0.767, -1.781, -0.725
p:0.32479942749161755, 0.08225289775376687, -0.1488512929065542, fr=0.637
j:0, 1, stif=0.775, rotstif=0.944
j:2, 1, stif=0.925
n:j=1, d=|
n:j=1, d=@:p=0.864
n:j=1, d=G
c:1, 2, 0.854
",0.0006462064876408803,feasible,26
20,0,14,"//0
p:0.259, -0.279, -0.397, fr=0.249
p:0.767, -1.781, -0.725
p:0.32479942749161755, 0.08225289775376687, -0.1488512929065542, fr=0.637
j:0, 1, stif=0.775
j:2, 1, stif=0.925
n:j=1, d=|
n:j=1, d=@:p=0.864
n:j=1, d=G
c:1, 2, 0.854
",0.0006462064876408803,"//0
p:0.259, -0.279, -0.397, fr=0.249
p:0.767, -1.781, -0.725
p:0.32479942749161755, 0.08225289775376687, -0.1488512929065542, fr=0.637
j:0, 1, stif=0.775
j:2, 1, stif=0.925
n:j=1, d=|
n:j=1, d=@:p=0.864
n:j=1, d=G
c:1, 2, -2.641
",1.6893596073891021e-06,feasible,26
20,0,14,"//0
p:0.259, -0.279, -0.397, fr=0.249
p:0.767, -1.781, -0.725
p:0.32479942749161755, 0.08225289775376687, -0.1488512929065542, fr=0.637
j:0, 1, stif=0.775
j:2, 1, stif=0.925
n:j=1, d=|
n:j=1, d=@:p=0.864
n:j=1, d=G
c:1, 2, 0.854
",0.0006462064876408803,"//0
p:0.259, -0.279, -0.397, fr=0.139
p:0.767, -1.781, -0.725
p:0.32479942749161755, 0.08225289775376687, -0.1488512929065542, fr=0.637
j:0, 1, stif=0.775
j:2, 1, stif=0.925
n:j=1, d=|
n:j=1, d=@:p=0.864
n:j=1, d=G
c:1, 2, 0.854
",0.0005948799431323889,feasible,26
20,0,14,"//0
p:0.259, -0.279, -0.397, fr=0.249
p:0.767, -1.781, -0.725
p:0.32479942749161755, 0.08225289775376687, -0.1488512929065542, fr=0.637
j:0, 1, stif=0.775
j:2, 1, stif=0.925
n:j=1, d=|
n:j=1, d=@:p=0.864
n:j=1, d=G
c:1, 2, 0.854
",0.0006462064876408803,"//0
p:0.259, -0.279, -0.397, fr=0.249
p:0.767, -1.781, -0.725
p:0.32479942749161755, 0.08225289775376687, -0.1488512929065542, fr=0.637
j:0, 1, stif=0.782
j:2, 1, stif=0.925
n:j=1, d=|
n:j=1, d=@:p=0.864
n:j=1, d=G
c:1, 2, 0.854
",0.0006535578764051604,feasible,26
20,0,14,"//0
p:0.259, -0.279, -0.397, fr=0.249
p:0.767, -1.781, -0.725
p:0.32479942749161755, 0.08225289775376687, -0.1488512929065542, fr=0.637
j:0, 1, stif=0.775
j:2, 1, stif=0.925
n:j=1, d=|
n:j=1, d=@:p=0.864
n:j=1, d=G
c:1, 2, 0.854
",0.0006462064876408803,"//0
p:0.259, -0.279, -0.397, fr=0.249
p:0.767, -1.781, -0.725
p:0.32479942749161755, 0.08225289775376687, -0.1488512929065542, fr=0.637
j:0, 1, stif=0.775
j:2, 1, stif=0.925
n:j=1, d=|
n:j=1, d=@:p=0.864
n:j=1, d=G
c:1, 2, -0.308
",0.00039642461769357737,feasible,26
20,0,14,"//0
p:0.259, -0.279, -0.397, fr=0.249
p:0.767, -1.781, -0.725
p:0.32479942749161755, 0.08225289775376687, -0.1488512929065542, fr=0.637
j:0, 1, stif=0.775
j:2, 1, stif=0.925
n:j=1, d=|
n:j=1, d=@:p=0.864
n:j=1, d=G
c:1, 2, 0.854
",0.0006462064876408803,"//0
p:0.259, -0.279, -0.397, fr=0.249, ing=0.338
p:0.767, -1.781, -0.725
p:0.32479942749161755, 0.08225289775376687, -0.1488512929065542, fr=0.637
j:0, 1, stif=0.775
j:2, 1, stif=0.925
n:j=1, d=|
n:j=1, d=@:p=0.864
n:j=1, d=G
c:1, 2, 0.854
",0.0006462064876408803,feasible,26
20,0,14,"//0
p:0.259, -0.279, -0.397, fr=0.249
p:0.767, -1.781, -0.725
p:0.32479942749161755, 0.08225289775376687, -0.1488512929065542, fr=0.637
j:0, 1, stif=0.775
j:2, 1, stif=0.925
n:j=1, d=|
n:j=1, d=@:p=0.864
n:j=1, d=G
c:1, 2, 0.854
",0.0006462064876408803,"//0
p:0.259, -0.279, -0.397, fr=0.249, ing=0.223
p:0.767, -1.781, -0.725
p:0.32479942749161755, 0.08225289775376687, -0.1488512929065542, fr=0.637
j:0, 1, stif=0.775
j:2, 1, stif=0.925
n:j=1, d=|
n:j=1, d=@:p=0.864
n:j=1, d=G
c:1, 2, 0.854
",0.0006462064876408803,feasible,26
20,0,14,"//0
p:0.259, -0.279, -0.397, fr=0.249
p:0.767, -1.781, -0.725
p:0.32479942749161755, 0.08225289775376687, -0.1488512929065542, fr=0.637
j:0, 1, stif=0.775
j:2, 1, stif=0.925
n:j=1, d=|
n:j=1, d=@:p=0.864
n:j=1, d=G
c:1, 2, 0.854
",0.0006462064876408803,"//0
p:0.259, -0.279, -0.397, fr=0.249
p:0.767, -1.781, -0.725
p:0.32479942749161755, 0.08225289775376687, -0.1488512929065542, fr=0.637
j:0, 1, stif=0.775
j:2, 1, stif=0.925
n:j=1, d=|
n:j=1, d=@:p=0.864
n:j=1, d=G
n:d=*
c:0, 3, 0.738
c:1, 2, 0.854
",0.0006669008038406822,feasible,26
20,0,15,"//0
p:0.259, -0.279, -0.397, fr=0.249
p:0.767, -1.781, -0.725
p:0.32479942749161755, 0.08225289775376687, -0.1488512929065542, fr=0.887
j:0, 1, stif=0.775
j:2, 1, stif=0.925
n:j=1, d=|
n:j=1, d=@:p=0.864
n:j=1, d=G
c:1, 2, 0.854
",0.0006983626571863225,"//0
p:0.259, -0.279, -0.397, fr=0.249
p:0.767, -1.781, -0.725
p:0.32479942749161755, 0.08225289775376687, -0.1488512929065542, fr=0.887
p:-0.545, -0.127, 0.228
j:0, 1, stif=0.775
j:2, 1, stif=0.925
j:3, 0
n:j=1, d=|
n:j=1, d=@:p=0.864
n:j=1, d=G
c:1, 2, 0.854
",3.603550668625384e-07,feasible,22
20,0,15,"//0
p:0.259, -0.279, -0.397, fr=0.249
p:0.767, -1.781, -0.725
p:0.32479942749161755, 0.08225289775376687, -0.1488512929065542, fr=0.887
j:0, 1, stif=0.775
j:2, 1, stif=0.925
n:j=1, d=|
n:j=1, d=@:p=0.864
n:j=1, d=G
c:1, 2, 0.854
",0.0006983626571863225,"//0
p:0.259, -0.279, -0.397, fr=0.249
p:0.767, -1.781, -0.725, fr=0.13
p:0.32479942749161755, 0.08225289775376687, -0.1488512929065542, fr=0.887
j:0, 1, stif=0.775
j:2, 1, stif=0.925
n:j=1, d=|
n:j=1, d=@:p=0.864
n:j=1, d=G
c:1, 2, 0.854
",0.0003374640001560807,feasible,22
20,0,15,"//0
p:0.259, -0.279, -0.397, fr=0.249
p:0.767, -1.781, -0.725
p:0.32479942749161755, 0.08225289775376687, -0.1488512929065542, fr=0.887
j:0, 1, stif=0.775
j:2, 1, stif=0.925
n:j=1, d=|
n:j=1, d=@:p=0.864
n:j=1, d=G
c:1, 2, 0.854
",0.0006983626571863225,"//0
p:0.259, -0.279, -0.397, fr=0.249
p:0.567, -1.756, -0.743
p:0.32479942749161755, 0.08225289775376687, -0.1488512929065542, fr=0.887
j:0, 1, stif=0.775
j:2, 1, stif=0.925
n:j=1, d=|
n:j=1, d=@:p=0.864
n:j=1, d=G
c:1, 2, 0.854
",0.0008800951885273633,feasible,22
20,0,15,"//0
p:0.259, -0.279, -0.397, fr=0.249
p:0.767, -1.781, -0.725
p:0.32479942749161755, 0.08225289775376687, -0.1488512929065542, fr=0.887
j:0, 1, stif=0.775
j:2, 1, stif=0.925
n:j=1, d=|
n:j=1, d=@:p=0.864
n:j=1, d=G
c:1, 2, 0.854
",0.0006983626571863225,"//0
p:0.259, -0.279, -0.397, fr=0.249
p:0.767, -1.781, -0.725
p:0.7305946661732127, -0.2002420838368657, 0.49936885870090053, fr=0.887
j:0, 1, stif=0.775
j:2, 1, stif=0.925
n:j=1, d=|
n:j=1, d=@:p=0.864
n:j=1, d=G
c:1, 2, 0.854
",0.0006224846893838381,feasible,22
20,0,15,"//0
p:0.259, -0.279, -0.397, fr=0.249
p:0.767, -1.781, -0.725
p:0.32479942749161755, 0.08225289775376687, -0.1488512929065542, fr=0.887
j:0, 1, stif=0.775
j:2, 1, stif=0.925
n:j=1, d=|
n:j=1, d=@:p=0.864
n:j=1, d=G
c:1, 2, 0.854
",0.0006983626571863225,"//0
p:0.259, -0.279, -0.397, fr=0.249
p:0.767, -1.781, -0.725
p:0.32479942749161755, 0.08225289775376687, -0.1488512929065542, fr=0.887
j:0, 1, stif=0.775
j:2, 1, stif=0.925
n:j=1, d=|
n:j=1, d=@:p=0.864
",0.0005343855146087924,feasible,22
20,0,15,"//0
p:0.259, -0.279, -0.397, fr=0.249
p:0.767, -1.781, -0.725
p:0.32479942749161755, 0.08225289775376687, -0.1488512929065542, fr=0.887
j:0, 1, stif=0.775
j:2, 1, stif=0.925
n:j=1, d=|
n:j=1, d=@:p=0.864
n:j=1, d=G
c:1, 2, 0.854
",0.0006983626571863225,"//0
p:0.259, -0.279, -0.397, fr=0.249
p:0.767, -1.781, -0.725
p:0.32479942749161755, 0.08225289775376687, -0.1488512929065542, fr=0.887
j:0, 1, stif=0.775
j:2, 1, stif=0.925
n:j=1, d=|
n:j=1, d=@:p=0.864
n:j=1, d=G
",0.0005343855146087924,feasible,22
20,0,15,"//0
p:0.259, -0.279, -0.397, fr=0.249
p:0.767, -1.781, -0.725
p:0.32479942749161755, 0.08225289775376687, -0.1488512929065542, fr=0.887
j:0, 1, stif=0.775
j:2, 1, stif=0.925
n:j=1, d=|
n:j=1, d=@:p=0.864
n:j=1, d=G
c:1, 2, 0.854
",0.0006983626571863225,"//0
p:0.259, -0.279, -0.397, fr=0.249
p:0.767, -1.781, -0.725
p:0.32479942749161755, 0.08225289775376687, -0.1488512929065542, fr=0.887
j:1, 0, stif=0.775
j:2, 0, stif=0.925
n:j=1, d=|
n:j=1, d=@:p=0.864
n:j=1, d=G
c:1, 2, 0.854
",0.0,feasible,22
20,0,15,"//0
p:0.259, -0.279, -0.397, fr=0.249
p:0.767, -1.781, -0.725
p:0.32479942749161755, 0.08225289775376687, -0.1488512929065542, fr=0.887
j:0, 1, stif=0.775
j:2, 1, stif=0.925
n:j=1, d=|
n:j=1, d=@:p=0.864
n:j=1, d=G
c:1, 2, 0.854
",0.0006983626571863225,"//0
p:0.259, -0.279, -0.397, fr=0.249, ing=0.45
p:0.767, -1.781, -0.725
p:0.32479942749161755, 0.08225289775376687, -0.1488512929065542, fr=0.887
j:0, 1, stif=0.775
j:2, 1, stif=0.925
n:j=1, d=|
n:j=1, d=@:p=0.864
n:j=1, d=G
c:1, 2, 0.854
",0.0006983626571863225,feasible,22
20,0,15,"//0
p:0.259, -0.279, -0.397, fr=0.249
p:0.767, -1.781, -0.725
p:0.32479942749161755, 0.08225289775376687, -0.1488512929065542, fr=0.887
j:0, 1, stif=0.775
j:2, 1, stif=0.925
n:j=1, d=|
n:j=1, d=@:p=0.864
n:j=1, d=G
c:1, 2, 0.854
",0.0006983626571863225,"//0
p:0.259, -0.279, -0.397, fr=0.249
p:0.767, -1.781, -0.725
p:0.32479942749161755, 0.08225289775376687, -0.1488512929065542, fr=0.887
j:0, 1, stif=0.775, rotstif=0.895
j:2, 1, stif=0.925
n:j=1, d=|
n:j=1, d=@:p=0.864
n:j=1, d=G
c:1, 2, 0.854
",0.0006983626571863225,feasible,22
20,0,15,"//0
p:0.259, -0.279, -0.397, fr=0.249
p:0.767, -1.781, -0.725
p:0.32479942749161755, 0.08225289775376687, -0.1488512929065542, fr=0.887
j:0, 1, stif=0.775
j:2, 1, stif=0.925
n:j=1, d=|
n:j=1, d=@:p=0.864
n:j=1, d=G
c:1, 2, 0.854
",0.0006983626571863225,"//0
p:0.259, -0.279, -0.397, fr=0.249
p:0.767, -1.781, -0.725
p:0.32479942749161755, 0.08225289775376687, -0.1488512929065542, fr=0.887
j:0, 1, stif=0.704
j:2, 1, stif=0.925
n:j=1, d=|
n:j=1, d=@:p=0.864
n:j=1, d=G
c:1, 2, 0.854
",0.0006799702599817769,feasible,22
20,0,15,"//0
p:0.259, -0.279, -0.397, fr=0.249
p:0.767, -1.781, -0.725
p:0.32479942749161755, 0.08225289775376687, -0.1488512929065542, fr=0.887
j:0, 1, stif=0.775
j:2, 1, stif=0.925
n:j=1, d=|
n:j=1, d=@:p=0.864
n:j=1, d=G
c:1, 2, 0.854
",0.0006983626571863225,"//0
p:0.259, -0.279, -0.397, fr=0.249
p:0.767, -1.781, -0.725, ing=0.314
p:0.32479942749161755, 0.08225289775376687, -0.1488512929065542, fr=0.887
j:0, 1, stif=0.775
j:2, 1, stif=0.925
n:j=1, d=|
n:j=1, d=@:p=0.864
n:j=1, d=G
c:1, 2, 0.854
",0.0006983626571863225,feasible,22
20,0,15,"//0
p:0.259, -0.279, -0.397, fr=0.249
p:0.767, -1.781, -0.725
p:0.32479942749161755, 0.08225289775376687, -0.1488512929065542, fr=0.887
j:0, 1, stif=0.775
j:2, 1, stif=0.925
n:j=1, d=|
n:j=1, d=@:p=0.864
n:j=1, d=G
c:1, 2, 0.854
",0.0006983626571863225,"//0
p:0.259, -0.279, -0.397, fr=0.249
p:0.767, -1.781, -0.725
p:0.32479942749161755, 0.08225289775376687, -0.1488512929065542, fr=0.887
j:0, 2, stif=0.775
j:1, 2, stif=0.925
n:j=1, d=|
n:j=1, d=@:p=0.864
n:j=1, d=G
c:1, 2, 0.854
",0.00012757420237992628,feasible,22
20,0,15,"//0
p:0.259, -0.279, -0.397, fr=0.249
p:0.767, -1.781, -0.725
p:0.32479942749161755, 0.08225289775376687, -0.1488512929065542, fr=0.887
j:0, 1, stif=0.775
j:2, 1, stif=0.925
n:j=1, d=|
n:j=1, d=@:p=0.864
n:j=1, d=G
c:1, 2, 0.854
",0.0006983626571863225,"//0
p:0.259, -0.279, -0.397, fr=0.249
p:1.426, -1.2, -0.931
p:0.32479942749161755, 0.08225289775376687, -0.1488512929065542, fr=0.887
j:0, 1, stif=0.775
j:2, 1, stif=0.925
n:j=1, d=|
n:j=1, d=@:p=0.864
n:j=1, d=G
c:1, 2, 0.854
",0.0003121669987103278,feasible,22
20,0,15,"//0
p:0.259, -0.279, -0.397, fr=0.249
p:0.767, -1.781, -0.725
p:0.32479942749161755, 0.08225289775376687, -0.1488512929065542, fr=0.887
j:0, 1, stif=0.775
j:2, 1, stif=0.925
n:j=1, d=|
n:j=1, d=@:p=0.864
n:j=1, d=G
c:1, 2, 0.854
",0.0006983626571863225,"//0
p:0.259, -0.279, -0.397, fr=0.249, ing=0.212
p:0.767, -1.781, -0.725
p:0.32479942749161755, 0.08225289775376687, -0.1488512929065542, fr=0.887
j:0, 1, stif=0.775
j:2, 1, stif=0.925
n:j=1, d=|
n:j=1, d=@:p=0.864
n:j=1, d=G
c:1, 2, 0.854
",0.0006983626571863225,feasible,22
20,0,15,"//0
p:0.259, -0.279, -0.397, fr=0.249
p:0.767, -1.781, -0.725
p:0.32479942749161755, 0.08225289775376687, -0.1488512929065542, fr=0.887
j:0, 1, stif=0.775
j:2, 1, stif=0.925
n:j=1, d=|
n:j=1, d=@:p=0.864
n:j=1, d=G
c:1, 2, 0.854
",0.0006983626571863225,"//0
p:0.259, -0.279, -0.397, fr=0.249
p:0.767, -1.781, -0.725
p:0.32479942749161755, 0.08225289775376687, -0.1488512929065542, fr=0.887
p:0.211, -0.006, -0.536
j:0, 1, stif=0.775
j:2, 1, stif=0.925
j:3, 0
n:j=1, d=|
n:j=1, d=@:p=0.864
n:j=1, d=G
c:1, 2, 0.854
",3.48176274693488e-06,feasible,22
20,0,15,"//0
p:0.259, -0.279, -0.397, fr=0.249
p:0.767, -1.781, -0.725
p:0.32479942749161755, 0.08225289775376687, -0.1488512929065542, fr=0.887
j:0, 1, stif=0.775
j:2, 1, stif=0.925
n:j=1, d=|
n:j=1, d=@:p=0.864
n:j=1, d=G
c:1, 2, 0.854
",0.0006983626571863225,"//0
p:0.259, -0.279, -0.397, fr=0.249
p:0.767, -1.781, -0.725
p:0.32479942749161755, 0.08225289775376687, -0.1488512929065542, fr=0.887
j:0, 1, stif=0.775
j:2, 1, stif=0.925
n:j=1, d=|
n:j=1, d=@:p=0.864
n:j=1, d=G
n:j=0, d=@
c:1, 2, 0.854
c:3, 2, 2.559
",0.0017393350813383012,feasible,22
20,0,15,"//0
p:0.259, -0.279, -0.397, fr=0.249
p:0.767, -1.781, -0.725
p:0.32479942749161755, 0.08225289775376687, -0.1488512929065542, fr=0.887
j:0, 1, stif=0.775
j:2, 1, stif=0.925
n:j=1, d=|
n:j=1, d=@:p=0.864
n:j=1, d=G
c:1, 2, 0.854
",0.0006983626571863225,"//0
p:0.259, -0.279, -0.397, fr=0.249
p:0.767, -1.781, -0.725
p:0.32479942749161755, 0.08225289775376687, -0.1488512929065542, fr=0.887
j:0, 1, stif=0.881
j:2, 1, stif=0.925
n:j=1, d=|
n:j=1, d=@:p=0.864
n:j=1, d=G
c:1, 2, 0.854
",0.0007035694261307065,feasible,22
20,0,15,"//0
p:0.259, -0.279, -0.397, fr=0.249
p:0.767, -1.781, -0.725
p:0.32479942749161755, 0.08225289775376687, -0.1488512929065542, fr=0.887
j:0, 1, stif=0.775
j:2, 1, stif=0.925
n:j=1, d=|
n:j=1, d=@:p=0.864
n:j=1, d=G
c:1, 2, 0.854
",0.0006983626571863225,"//0
p:0.259, -0.279, -0.397, fr=0.249
p:0.767, -1.781, -0.725
p:0.32479942749161755, 0.08225289775376687, -0.1488512929065542, fr=0.887, ing=0.419
j:0, 1, stif=0.775
j:2, 1, stif=0.925
n:j=1, d=|
n:j=1, d=@:p=0.864
n:j=1, d=G
c:1, 2, 0.854
",0.0006983626571863225,feasible,22
20,0,15,"//0
p:0.259, -0.279, -0.397, fr=0.249
p:0.767, -1.781, -0.725
p:0.32479942749161755, 0.08225289775376687, -0.1488512929065542, fr=0.887
j:0, 1, stif=0.775
j:2, 1, stif=0.925
n:j=1, d=|
n:j=1, d=@:p=0.864
n:j=1, d=G
c:1, 2, 0.854
",0.0006983626571863225,"//0
p:0.259, -0.279, -0.397, fr=0.249
p:0.767, -1.781, -0.725
p:0.32479942749161755, 0.08225289775376687, -0.1488512929065542, fr=0.887
j:0, 1, stif=0.775
j:2, 1, stif=0.925
n:j=1, d=|
n:j=1, d=@:p=0.864
n:j=1, d=G
c:1, 2, -3.193
",5.419983492349837e-05,feasible,22
20,0,15,"//0
p:0.259, -0.279, -0.397, fr=0.249
p:0.767, -1.781, -0.725
p:0.32479942749161755, 0.08225289775376687, -0.1488512929065542, fr=0.887
j:0, 1, stif=0.775
j:2, 1, stif=0.925
n:j=1, d=|
n:j=1, d=@:p=0.864
n:j=1, d=G
c:1, 2, 0.854
",0.0006983626571863225,"//0
p:0.767, -1.781, -0.725
p:0.32479942749161755, 0.08225289775376687, -0.1488512929065542, fr=0.887
j:1, 0, stif=0.925
n:j=0, d=|
n:j=0, d=@:p=0.864
n:j=0, d=G
c:1, 2, 0.854
",0.00013133274505120948,feasible,22
20,0,16,"//0
p:0.259, -0.279, -0.397, fr=0.249
p:0.712, -1.906, -0.399
p:0.3326140376044115, 0.04212531968505906, -0.15389987690913196, fr=0.887
j:0, 1, stif=0.775
j:2, 1, stif=0.925
n:j=1, d=|
n:j=1, d=@:p=0.864
n:j=1, d=G
c:1, 2, 0.854
",0.0010255129364400244,"//0
p:0.259, -0.279, -0.397, fr=0.249
p:0.712, -1.906, -0.399
p:0.3326140376044115, 0.04212531968505906, -0.15389987690913196, fr=0.887
j:0, 1, stif=0.775
j:2, 1, stif=0.925
n:j=1, d=|
n:j=1, d=@:p=0.864
n:j=1, d=G
c:0, 2, -4.381
c:1, 2, 0.854
",1.5601553362904515e-05,feasible,20
20,0,16,"//0
p:0.259, -0.279, -0.397, fr=0.249
p:0.712, -1.906, -0.399
p:0.3326140376044115, 0.04212531968505906, -0.15389987690913196, fr=0.887
j:0, 1, stif=0.775
j:2, 1, stif=0.925
n:j=1, d=|
n:j=1, d=@:p=0.864
n:j=1, d=G
c:1, 2, 0.854
",0.0010255129364400244,"//0
p:0.259, -0.279, -0.397, fr=0.249
p:0.712, -1.906, -0.399
p:0.3326140376044115, 0.04212531968505906, -0.15389987690913196, fr=0.887
j:0, 1, stif=0.775
j:2, 1, stif=0.925
n:j=1, d=|
n:j=1, d=@:p=0.963
n:j=1, d=G
c:1, 2, 0.854
",0.0010050350345582966,feasible,20
20,0,16,"//0
p:0.259, -0.279, -0.397, fr=0.249
p:0.712, -1.906, -0.399
p:0.3326140376044115, 0.04212531968505906, -0.15389987690913196, fr=0.887
j:0, 1, stif=0.775
j:2, 1, stif=0.925
n:j=1, d=|
n:j=1, d=@:p=0.864
n:j=1, d=G
c:1, 2, 0.854
",0.0010255129364400244,"//0
p:0.259, -0.279, -0.397, fr=0.249
p:0.712, -1.906, -0.399
p:0.3326140376044115, 0.04212531968505906, -0.15389987690913196, fr=0.887, ing=0.33
j:0, 1, stif=0.775
j:2, 1, stif=0.925
n:j=1, d=|
n:j=1, d=@:p=0.864
n:j=1, d=G
c:1, 2, 0.854
",0.0010255129364400244,feasible,20
20,0,16,"//0
p:0.259, -0.279, -0.397, fr=0.249
p:0.712, -1.906, -0.399
p:0.3326140376044115, 0.04212531968505906, -0.15389987690913196, fr=0.887
j:0, 1, stif=0.775
j:2, 1, stif=0.925
n:j=1, d=|
n:j=1, d=@:p=0.864
n:j=1, d=G
c:1, 2, 0.854
",0.0010255129364400244,"//0
p:0.259, -0.279, -0.397, fr=0.249
p:0.712, -1.906, -0.399
p:0.8561636741983835, 0.07210035384933389, -0.14300026339317362, fr=0.887
j:0, 1, stif=0.775
j:2, 1, stif=0.925
n:j=1, d=|
n:j=1, d=@:p=0.864
n:j=1, d=G
c:1, 2, 0.854
",0.0004176397843199574,feasible,20
20,0,16,"//0
p:0.259, -0.279, -0.397, fr=0.249
p:0.712, -1.906, -0.399
p:0.3326140376044115, 0.04212531968505906, -0.15389987690913196, fr=0.887
j:0, 1, stif=0.775
j:2, 1, stif=0.925
n:j=1, d=|
n:j=1, d=@:p=0.864
n:j=1, d=G
c:1, 2, 0.854
",0.0010255129364400244,"//0
p:0.259, -0.279, -0.397, fr=0.249
p:0.712, -1.906, -0.399
p:0.3326140376044115, 0.04212531968505906, -0.15389987690913196, fr=0.887
j:0, 1, stif=0.775
j:2, 1, stif=0.925
n:j=1, d=|
n:j=1, d=@:p=0.949
n:j=1, d=G
c:1, 2, 0.854
",0.0009877091238282751,feasible,20
20,0,16,"//0
p:0.259, -0.279, -0.397, fr=0.249
p:0.712, -1.906, -0.399
p:0.3326140376044115, 0.04212531968505906, -0.15389987690913196, fr=0.887
j:0, 1, stif=0.775
j:2, 1, stif=0.925
n:j=1, d=|
n:j=1, d=@:p=0.864
n:j=1, d=G
c:1, 2, 0.854
",0.0010255129364400244,"//0
p:0.259, -0.279, -0.397, fr=0.249
p:0.712, -1.906, -0.399
p:0.3326140376044115, 0.04212531968505906, -0.15389987690913196, fr=0.887
j:1, 0, stif=0.775
j:2, 0, stif=0.925
n:j=1, d=|
n:j=1, d=@:p=0.864
n:j=1, d=G
c:1, 2, 0.854
",1.666960114169572e-06,feasible,20
20,0,16,"//0
p:0.259, -0.279, -0.397, fr=0.249
p:0.712, -1.906, -0.399
p:0.3326140376044115, 0.04212531968505906, -0.15389987690913196, fr=0.887
j:0, 1, stif=0.775
j:2, 1, stif=0.925
n:j=1, d=|
n:j=1, d=@:p=0.864
n:j=1, d=G
c:1, 2, 0.854
",0.0010255129364400244,"//0
p:0.259, -0.279, -0.397, fr=0.249
p:0.712, -1.906, -0.399
p:0.3326140376044115, 0.04212531968505906, -0.15389987690913196, fr=0.887
j:0, 1, stif=0.775
j:2, 1, stif=0.925, rotstif=0.953
n:j=1, d=|
n:j=1, d=@:p=0.864
n:j=1, d=G
c:1, 2, 0.854
",0.0010255129364400244,feasible,20
20,0,16,"//0
p:0.259, -0.279, -0.397, fr=0.249
p:0.712, -1.906, -0.399
p:0.3326140376044115, 0.04212531968505906, -0.15389987690913196, fr=0.887
j:0, 1, stif=0.775
j:2, 1, stif=0.925
n:j=1, d=|
n:j=1, d=@:p=0.864
n:j=1, d=G
c:1, 2, 0.854
",0.0010255129364400244,"//0
p:0.259, -0.279, -0.397, fr=0.249
p:0.712, -1.906, -0.399
p:0.3326140376044115, 0.04212531968505906, -0.15389987690913196, fr=0.887
p:0.782, -1.899, -0.3
j:0, 1, stif=0.775
j:2, 1, stif=0.925
j:3, 1
n:j=1, d=|
n:j=1, d=@:p=0.864
n:j=1, d=G
c:1, 2, 0.854
",1.1157118138129848e-05,feasible,20
20,0,16,"//0
p:0.259, -0.279, -0.397, fr=0.249
p:0.712, -1.906, -0.399
p:0.3326140376044115, 0.04212531968505906, -0.15389987690913196, fr=0.887
j:0, 1, stif=0.775
j:2, 1, stif=0.925
n:j=1, d=|
n:j=1, d=@:p=0.864
n:j=1, d=G
c:1, 2, 0.854
",0.0010255129364400244,"//0
p:0.259, -0.279, -0.397, fr=0.249
p:0.712, -1.906, -0.399
p:0.3326140376044115, 0.04212531968505906, -0.15389987690913196, fr=1.192
j:0, 1, stif=0.775
j:2, 1, stif=0.925
n:j=1, d=|
n:j=1, d=@:p=0.864
n:j=1, d=G
c:1, 2, 0.854
",0.0009915813911100775,feasible,20
20,0,16,"//0
p:0.259, -0.279, -0.397, fr=0.249
p:0.712, -1.906, -0.399
p:0.3326140376044115, 0.04212531968505906, -0.15389987690913196, fr=0.887
j:0, 1, stif=0.775
j:2, 1, stif=0.925
n:j=1, d=|
n:j=1, d=@:p=0.864
n:j=1, d=G
c:1, 2, 0.854
",0.0010255129364400244,"//0
p:0.259, -0.279, -0.397, fr=0.249
p:0.712, -1.906, -0.399
p:0.3326140376044115, 0.04212531968505906, -0.15389987690913196, fr=0.887
j:0, 1, stif=0.775
j:2, 1, stif=0.925
n:j=1, d=|
n:j=1, d=@:p=0.864
n:j=1, d=G
c:1, 2, -2.476
",3.709194108709357e-05,feasible,20
20,0,16,"//0
p:0.259, -0.279, -0.397, fr=0.249
p:0.712, -1.906, -0.399
p:0.3326140376044115, 0.04212531968505906, -0.15389987690913196, fr=0.887
j:0, 1, stif=0.775
j:2, 1, stif=0.925
n:j=1, d=|
n:j=1, d=@:p=0.864
n:j=1, d=G
c:1, 2, 0.854
",0.0010255129364400244,"//0
p:0.259, -0.279, -0.397, fr=0.249
p:0.712, -1.906, -0.399
p:0.3326140376044115, 0.04212531968505906, -0.15389987690913196, fr=0.887
p:2.013, -1.67, -1.755
j:0, 1, stif=0.775
j:2, 1, stif=0.925
j:3, 1
n:j=1, d=|
n:j=1, d=@:p=0.864
n:j=1, d=G
c:1, 2, 0.854
",1.479803306500832e-07,feasible,20
20,0,16,"//0
p:0.259, -0.279, -0.397, fr=0.249
p:0.712, -1.906, -0.399
p:0.3326140376044115, 0.04212531968505906, -0.15389987690913196, fr=0.887
j:0, 1, stif=0.775
j:2, 1, stif=0.925
n:j=1, d=|
n:j=1, d=@:p=0.864
n:j=1, d=G
c:1, 2, 0.854
",0.0010255129364400244,"//0
p:0.259, -0.279, -0.397, fr=0.249
p:0.537, -1.757, -0.485
p:0.3326140376044115, 0.04212531968505906, -0.15389987690913196, fr=0.887
j:0, 1, stif=0.775
j:2, 1, stif=0.925
n:j=1, d=|
n:j=1, d=@:p=0.864
n:j=1, d=G
c:1, 2, 0.854
",0.001095311294028187,feasible,20
20,0,16,"//0
p:0.259, -0.279, -0.397, fr=0.249
p:0.712, -1.906, -0.399
p:0.3326140376044115, 0.04212531968505906, -0.15389987690913196, fr=0.887
j:0, 1, stif=0.775
j:2, 1, stif=0.925
n:j=1, d=|
n:j=1, d=@:p=0.864
n:j=1, d=G
c:1, 2, 0.854
",0.0010255129364400244,"//0
p:0.259, -0.279, -0.397, fr=0.249, ing=0.212
p:0.712, -1.906, -0.399
p:0.3326140376044115, 0.04212531968505906, -0.15389987690913196, fr=0.887
j:0, 1, stif=0.775
j:2, 1, stif=0.925
n:j=1, d=|
n:j=1, d=@:p=0.864
n:j=1, d=G
c:1, 2, 0.854
",0.0010255129364400244,feasible,20
20,0,16,"//0
p:0.259, -0.279, -0.397, fr=0.249
p:0.712, -1.906, -0.399
p:0.3326140376044115, 0.04212531968505906, -0.15389987690913196, fr=0.887
j:0, 1, stif=0.775
j:2, 1, stif=0.925
n:j=1, d=|
n:j=1, d=@:p=0.864
n:j=1, d=G
c:1, 2, 0.854
",0.0010255129364400244,"//0
p:0.163, -0.852, -0.759, fr=0.249
p:0.712, -1.906, -0.399
p:0.3326140376044115, 0.04212531968505906, -0.15389987690913196, fr=0.887
j:0, 1, stif=0.775
j:2, 1, stif=0.925
n:j=1, d=|
n:j=1, d=@:p=0.864
n:j=1, d=G
c:1, 2, 0.854
",0.0009170607000320026,feasible,20
20,0,16,"//0
p:0.259, -0.279, -0.397, fr=0.249
p:0.712, -1.906, -0.399
p:0.3326140376044115, 0.04212531968505906, -0.15389987690913196, fr=0.887
j:0, 1, stif=0.775
j:2, 1, stif=0.925
n:j=1, d=|
n:j=1, d=@:p=0.864
n:j=1, d=G
c:1, 2, 0.854
",0.0010255129364400244,"//0
p:0.242, -0.783, -0.628, fr=0.249
p:0.712, -1.906, -0.399
p:0.3326140376044115, 0.04212531968505906, -0.15389987690913196, fr=0.887
j:0, 1, stif=0.775
j:2, 1, stif=0.925
n:j=1, d=|
n:j=1, d=@:p=0.864
n:j=1, d=G
c:1, 2, 0.854
",0.0010000710021766167,feasible,20
20,0,16,"//0
p:0.259, -0.279, -0.397, fr=0.249
p:0.712, -1.906, -0.399
p:0.3326140376044115, 0.04212531968505906, -0.15389987690913196, fr=0.887
j:0, 1, stif=0.775
j:2, 1, stif=0.925
n:j=1, d=|
n:j=1, d=@:p=0.864
n:j=1, d=G
c:1, 2, 0.854
",0.0010255129364400244,"//0
p:0.259, -0.279, -0.397, fr=0.249
p:0.221, -1.201, -0.195
p:0.3326140376044115, 0.04212531968505906, -0.15389987690913196, fr=0.887
j:0, 1, stif=0.775
j:2, 1, stif=0.925
n:j=1, d=|
n:j=1, d=@:p=0.864
n:j=1, d=G
c:1, 2, 0.854
",4.7450678394963134e-08,feasible,20
20,0,16,"//0
p:0.259, -0.279, -0.397, fr=0.249
p:0.712, -1.906, -0.399
p:0.3326140376044115, 0.04212531968505906, -0.15389987690913196, fr=0.887
j:0, 1, stif=0.775
j:2, 1, stif=0.925
n:j=1, d=|
n:j=1, d=@:p=0.864
n:j=1, d=G
c:1, 2, 0.854
",0.0010255129364400244,"//0
p:0.259, -0.279, -0.397, fr=0.249
p:0.712, -1.906, -0.399
p:0.3326140376044115, 0.04212531968505906, -0.15389987690913196, fr=0.887
j:0, 1, stif=0.775
j:2, 1, stif=0.925
n:j=1, d=|
n:j=1, d=@:p=0.864
n:j=1, d=G
c:1, 2, 0.592
",0.0009277085319654638,feasible,20
20,0,16,"//0
p:0.259, -0.279, -0.397, fr=0.249
p:0.712, -1.906, -0.399
p:0.3326140376044115, 0.04212531968505906, -0.15389987690913196, fr=0.887
j:0, 1, stif=0.775
j:2, 1, stif=0.925
n:j=1, d=|
n:j=1, d=@:p=0.864
n:j=1, d=G
c:1, 2, 0.854
",0.0010255129364400244,"//0
p:0.259, -0.279, -0.397, fr=0.249
p:0.712, -1.906, -0.399
p:0.3326140376044115, 0.04212531968505906, -0.15389987690913196, fr=0.887
j:0, 1, stif=0.775
j:2, 1, stif=0.925
n:j=1, d=|
n:j=1, d=@:p=0.864
n:j=1, d=G
c:0, 2, -0.64
c:1, 2, 0.854
",0.00026283920750006933,feasible,20
20,0,16,"//0
p:0.259, -0.279, -0.397, fr=0.249
p:0.712, -1.906, -0.399
p:0.3326140376044115, 0.04212531968505906, -0.15389987690913196, fr=0.887
j:0, 1, stif=0.775
j:2, 1, stif=0.925
n:j=1, d=|
n:j=1, d=@:p=0.864
n:j=1, d=G
c:1, 2, 0.854
",0.0010255129364400244,"//0
p:0.259, -0.279, -0.397, fr=0.249
p:0.712, -1.906, -0.399
p:0.3326140376044115, 0.04212531968505906, -0.15389987690913196, fr=0.887
j:0, 1, stif=0.775, rotstif=0.977
j:2, 1, stif=0.925
n:j=1, d=|
n:j=1, d=@:p=0.864
n:j=1, d=G
c:1, 2, 0.854
",0.0010255129364400244,feasible,20
20,0,16,"//0
p:0.259, -0.279, -0.397, fr=0.249
p:0.712, -1.906, -0.399
p:0.3326140376044115, 0.04212531968505906, -0.15389987690913196, fr=0.887
j:0, 1, stif=0.775
j:2, 1, stif=0.925
n:j=1, d=|
n:j=1, d=@:p=0.864
n:j=1, d=G
c:1, 2, 0.854
",0.0010255129364400244,"//0
p:0.259, -0.279, -0.397, fr=0.249
p:0.712, -1.906, -0.399
p:0.3326140376044115, 0.04212531968505906, -0.15389987690913196, fr=0.887
j:0, 1, stif=0.775
j:2, 1, stif=0.925
n:j=1, d=|
n:j=1, d=@:p=0.864
n:j=1, d=G
c:1, 2, 2.098
",0.000468302434325913,feasible,20
20,0,17,"//0
p:0.259, -0.279, -0.397, fr=0.249
p:0.712, -1.906, -0.399
p:0.3326140376044115, 0.04212531968505906, -0.15389987690913196, fr=0.887
j:0, 1, stif=0.775
j:2, 1, stif=0.925
n:j=1, d=|
n:j=1, d=@:p=0.864
n:j=1, d=G
c:0, 2, 0.27
c:1, 2, 0.854
",0.0011882537968517595,"//0
p:0.259, -0.279, -0.397, fr=0.249
p:0.712, -1.906, -0.399
p:0.3326140376044115, 0.04212531968505906, -0.15389987690913196, fr=0.887
j:0, 2, stif=0.775
j:1, 2, stif=0.925
n:j=1, d=|
n:j=1, d=@:p=0.864
n:j=1, d=G
c:0, 2, 0.27
c:1, 2, 0.854
",0.00012771804728204585,feasible,20
20,0,17,"//0
p:0.259, -0.279, -0.397, fr=0.249
p:0.712, -1.906, -0.399
p:0.3326140376044115, 0.04212531968505906, -0.15389987690913196, fr=0.887
j:0, 1, stif=0.775
j:2, 1, stif=0.925
n:j=1, d=|
n:j=1, d=@:p=0.864
n:j=1, d=G
c:0, 2, 0.27
c:1, 2, 0.854
",0.0011882537968517595,"//0
p:0.259, -0.279, -0.397, fr=0.249
p:0.712, -1.906, -0.399
p:0.3326140376044115, 0.04212531968505906, -0.15389987690913196, fr=0.887
j:0, 1, stif=0.775
j:2, 1, stif=0.925
n:j=1, d=|
n:j=1, d=@:p=0.864
n:j=1, d=G
c:0, 2, 0.27
",0.0008718821043943427,feasible,20
20,0,17,"//0
p:0.259, -0.279, -0.397, fr=0.249
p:0.712, -1.906, -0.399
p:0.3326140376044115, 0.04212531968505906, -0.15389987690913196, fr=0.887
j:0, 1, stif=0.775
j:2, 1, stif=0.925
n:j=1, d=|
n:j=1, d=@:p=0.864
n:j=1, d=G
c:0, 2, 0.27
c:1, 2, 0.854
",0.0011882537968517595,"//0
p:0.259, -0.279, -0.397, fr=0.249
p:0.712, -1.906, -0.399
p:0.3326140376044115, 0.04212531968505906, -0.15389987690913196, fr=0.563
j:0, 1, stif=0.775
j:2, 1, stif=0.925
n:j=1, d=|
n:j=1, d=@:p=0.864
n:j=1, d=G
c:0, 2, 0.27
c:1, 2, 0.854
",0.0011026568750307384,feasible,20
20,0,17,"//0
p:0.259, -0.279, -0.397, fr=0.249
p:0.712, -1.906, -0.399
p:0.3326140376044115, 0.04212531968505906, -0.15389987690913196, fr=0.887
j:0, 1, stif=0.775
j:2, 1, stif=0.925
n:j=1, d=|
n:j=1, d=@:p=0.864
n:j=1, d=G
c:0, 2, 0.27
c:1, 2, 0.854
",0.0011882537968517595,"//0
p:0.259, -0.279, -0.397, fr=0.249
p:0.712, -1.906, -0.399
p:0.3326140376044115, 0.04212531968505906, -0.15389987690913196, fr=0.887
j:0, 1, stif=0.775
j:2, 1, stif=0.925
n:j=1, d=|
n:j=1, d=@:p=0.864
",0.0006767053743532224,feasible,20
20,0,17,"//0
p:0.259, -0.279, -0.397, fr=0.249
p:0.712, -1.906, -0.399
p:0.3326140376044115, 0.04212531968505906, -0.15389987690913196, fr=0.887
j:0, 1, stif=0.775
j:2, 1, stif=0.925
n:j=1, d=|
n:j=1, d=@:p=0.864
n:j=1, d=G
c:0, 2, 0.27
c:1, 2, 0.854
",0.0011882537968517595,"//0
p:0.259, -0.279, -0.397, fr=0.249
p:0.712, -1.906, -0.399
p:0.3326140376044115, 0.04212531968505906, -0.15389987690913196, fr=0.887
j:0, 1, stif=0.775
j:2, 1, stif=0.925, rotstif=0.986
n:j=1, d=|
n:j=1, d=@:p=0.864
n:j=1, d=G
c:0, 2, 0.27
c:1, 2, 0.854
",0.0011882537968517595,feasible,20
20,0,17,"//0
p:0.259, -0.279, -0.397, fr=0.249
p:0.712, -1.906, -0.399
p:0.3326140376044115, 0.04212531968505906, -0.15389987690913196, fr=0.887
j:0, 1, stif=0.775
j:2, 1, stif=0.925
n:j=1, d=|
n:j=1, d=@:p=0.864
n:j=1, d=G
c:0, 2, 0.27
c:1, 2, 0.854
",0.0011882537968517595,"//0
p:0.259, -0.279, -0.397, fr=0.249
p:0.712, -1.906, -0.399
p:0.3326140376044115, 0.04212531968505906, -0.15389987690913196, fr=0.887
j:0, 1, stif=0.775
j:2, 1, stif=0.925
n:j=1, d=|:p=0.255
n:j=1, d=@:p=0.864
n:j=1, d=G
c:0, 2, 0.27
c:1, 2, 0.854
",0.001175403300834905,feasible,20
20,0,17,"//0
p:0.259, -0.279, -0.397, fr=0.249
p:0.712, -1.906, -0.399
p:0.3326140376044115, 0.04212531968505906, -0.15389987690913196, fr=0.887
j:0, 1, stif=0.775
j:2, 1, stif=0.925
n:j=1, d=|
n:j=1, d=@:p=0.864
n:j=1, d=G
c:0, 2, 0.27
c:1, 2, 0.854
",0.0011882537968517595,"//0
p:0.259, -0.279, -0.397, fr=0.249
p:0.712, -1.906, -0.399
p:0.3326140376044115, 0.04212531968505906, -0.15389987690913196, fr=0.887
j:0, 1, stif=0.775
j:2, 1, stif=0.925
n:j=1, d=|:r=0.936
n:j=1, d=@:p=0.864
n:j=1, d=G
c:0, 2, 0.27
c:1, 2, 0.854
",0.0011523870317864092,feasible,20
20,0,17,"//0
p:0.259, -0.279, -0.397, fr=0.249
p:0.712, -1.906, -0.399
p:0.3326140376044115, 0.04212531968505906, -0.15389987690913196, fr=0.887
j:0, 1, stif=0.775
j:2, 1, stif=0.925
n:j=1, d=|
n:j=1, d=@:p=0.864
n:j=1, d=G
c:0, 2, 0.27
c:1, 2, 0.854
",0.0011882537968517595,"//0
p:0.259, -0.279, -0.397, fr=0.249
p:0.712, -1.906, -0.399
p:0.3326140376044115, 0.04212531968505906, -0.15389987690913196, fr=0.887
j:0, 1, stif=0.742
j:2, 1, stif=0.925
n:j=1, d=|
n:j=1, d=@:p=0.864
n:j=1, d=G
c:0, 2, 0.27
c:1, 2, 0.854
",0.0011555433843958446,feasible,20
20,0,17,"//0
p:0.259, -0.279, -0.397, fr=0.249
p:0.712, -1.906, -0.399
p:0.3326140376044115, 0.04212531968505906, -0.15389987690913196, fr=0.887
j:0, 1, stif=0.775
j:2, 1, stif=0.925
n:j=1, d=|
n:j=1, d=@:p=0.864
n:j=1, d=G
c:0, 2, 0.27
c:1, 2, 0.854
",0.0011882537968517595,"//0
p:0.259, -0.279, -0.397, fr=0.249
p:0.712, -1.906, -0.399
p:0.3326140376044115, 0.04212531968505906, -0.15389987690913196, fr=0.887
j:0, 1, stif=0.775
j:2, 1, stif=0.925, rotstif=0.96
n:j=1, d=|
n:j=1, d=@:p=0.864
n:j=1, d=G
c:0, 2, 0.27
c:1, 2, 0.854
",0.0011882537968517595,feasible,20
20,0,17,"//0
p:0.259, -0.279, -0.397, fr=0.249
p:0.712, -1.906, -0.399
p:0.3326140376044115, 0.04212531968505906, -0.15389987690913196, fr=0.887
j:0, 1, stif=0.775
j:2, 1, stif=0.925
n:j=1, d=|
n:j=1, d=@:p=0.864
n:j=1, d=G
c:0, 2, 0.27
c:1, 2, 0.854
",0.0011882537968517595,"//0
p:0.259, -0.279, -0.397, fr=0.249
p:0.712, -1.906, -0.399, fr=0.795
p:0.3326140376044115, 0.04212531968505906, -0.15389987690913196, fr=0.887
j:0, 1, stif=0.775
j:2, 1, stif=0.925
n:j=1, d=|
n:j=1, d=@:p=0.864
n:j=1, d=G
c:0, 2, 0.27
c:1, 2, 0.854
",0.0006294904656246143,feasible,20
20,0,17,"//0
p:0.259, -0.279, -0.397, fr=0.249
p:0.712, -1.906, -0.399
p:0.3326140376044115, 0.04212531968505906, -0.15389987690913196, fr=0.887
j:0, 1, stif=0.775
j:2, 1, stif=0.925
n:j=1, d=|
n:j=1, d=@:p=0.864
n:j=1, d=G
c:0, 2, 0.27
c:1, 2, 0.854
",0.0011882537968517595,"//0
p:0.259, -0.279, -0.397, fr=0.249
p:0.712, -1.906, -0.399
p:0.3326140376044115, 0.04212531968505906, -0.15389987690913196, fr=0.887
j:0, 1, stif=0.775, rotstif=0.856
j:2, 1, stif=0.925
n:j=1, d=|
n:j=1, d=@:p=0.864
n:j=1, d=G
c:0, 2, 0.27
c:1, 2, 0.854
",0.0011882537968517595,feasible,20
20,0,17,"//0
p:0.259, -0.279, -0.397, fr=0.249
p:0.712, -1.906, -0.399
p:0.3326140376044115, 0.04212531968505906, -0.15389987690913196, fr=0.887
j:0, 1, stif=0.775
j:2, 1, stif=0.925
n:j=1, d=|
n:j=1, d=@:p=0.864
n:j=1, d=G
c:0, 2, 0.27
c:1, 2, 0.854
",0.0011882537968517595,"//0
p:0.259, -0.279, -0.397, fr=0.249
p:0.712, -1.906, -0.399
p:0.3326140376044115, 0.04212531968505906, -0.15389987690913196, fr=0.887
j:0, 1, stif=0.775
j:2, 1, stif=0.925, rotstif=0.972
n:j=1, d=|
n:j=1, d=@:p=0.864
n:j=1, d=G
c:0, 2, 0.27
c:1, 2, 0.854
",0.0011882537968517595,feasible,20
20,0,17,"//0
p:0.259, -0.279, -0.397, fr=0.249
p:0.712, -1.906, -0.399
p:0.3326140376044115, 0.04212531968505906, -0.15389987690913196, fr=0.887
j:0, 1, stif=0.775
j:2, 1, stif=0.925
n:j=1, d=|
n:j=1, d=@:p=0.864
n:j=1, d=G
c:0, 2, 0.27
c:1, 2, 0.854
",0.0011882537968517595,"//0
p:0.26657979529204934, -0.4062060806673762, -0.42371266566633514, fr=0.249
p:0.383, -2.36, -0.834
p:0.3426477172485623, -0.4362252918125087, -0.28933257356908015, fr=0.887
j:0, 1, stif=0.775
j:2, 1, stif=0.925
n:j=1, d=|
n:j=1, d=@:p=0.864
n:j=1, d=G
c:0, 2, 0.27
c:1, 2, 0.854
",9.71846077564211e-07,feasible,20
20,0,17,"//0
p:0.259, -0.279, -0.397, fr=0.249
p:0.712, -1.906, -0.399
p:0.3326140376044115, 0.04212531968505906, -0.15389987690913196, fr=0.887
j:0, 1, stif=0.775
j:2, 1, stif=0.925
n:j=1, d=|
n:j=1, d=@:p=0.864
n:j=1, d=G
c:0, 2, 0.27
c:1, 2, 0.854
",0.0011882537968517595,"//0
p:0.259, -0.279, -0.397, fr=0.249
p:0.712, -1.906, -0.399, fr=0.261
p:0.3326140376044115, 0.04212531968505906, -0.15389987690913196, fr=0.887
j:0, 1, stif=0.775
j:2, 1, stif=0.925
n:j=1, d=|
n:j=1, d=@:p=0.864
n:j=1, d=G
c:0, 2, 0.27
c:1, 2, 0.854
",0.0011776695889732882,feasible,20
20,0,17,"//0
p:0.259, -0.279, -0.397, fr=0.249
p:0.712, -1.906, -0.399
p:0.3326140376044115, 0.04212531968505906, -0.15389987690913196, fr=0.887
j:0, 1, stif=0.775
j:2, 1, stif=0.925
n:j=1, d=|
n:j=1, d=@:p=0.864
n:j=1, d=G
c:0, 2, 0.27
c:1, 2, 0.854
",0.0011882537968517595,"//0
p:0.259, -0.279, -0.397, fr=0.249
p:0.712, -1.906, -0.399
p:0.3326140376044115, 0.04212531968505906, -0.15389987690913196, fr=0.887
j:0, 1, stif=0.775
j:2, 1, stif=0.925, rotstif=0.999
n:j=1, d=|
n:j=1, d=@:p=0.864
n:j=1, d=G
c:0, 2, 0.27
c:1, 2, 0.854
",0.0011882537968517595,feasible,20
20,0,17,"//0
p:0.259, -0.279, -0.397, fr=0.249
p:0.712, -1.906, -0.399
p:0.3326140376044115, 0.04212531968505906, -0.15389987690913196, fr=0.887
j:0, 1, stif=0.775
j:2, 1, stif=0.925
n:j=1, d=|
n:j=1, d=@:p=0.864
n:j=1, d=G
c:0, 2, 0.27
c:1, 2, 0.854
",0.0011882537968517595,"//0
p:0.259, -0.279, -0.397, fr=0.249
p:0.712, -1.906, -0.399
p:0.3326140376044115, 0.04212531968505906, -0.15389987690913196, fr=0.887
j:1, 0, stif=0.775
j:2, 0, stif=0.925
n:j=1, d=|
n:j=1, d=@:p=0.864
n:j=1, d=G
c:0, 2, 0.27
c:1, 2, 0.854
",1.9170616615442513e-06,feasible,20
20,0,17,"//0
p:0.259, -0.279, -0.397, fr=0.249
p:0.712, -1.906, -0.399
p:0.3326140376044115, 0.04212531968505906, -0.15389987690913196, fr=0.887
j:0, 1, stif=0.775
j:2, 1, stif=0.925
n:j=1, d=|
n:j=1, d=@:p=0.864
n:j=1, d=G
c:0, 2, 0.27
c:1, 2, 0.854
",0.0011882537968517595,"//0
p:0.259, -0.279, -0.397, fr=0.249
p:0.712, -1.906, -0.399
p:0.3326140376044115, 0.04212531968505906, -0.15389987690913196, fr=0.887
j:0, 1, stif=0.775
j:2, 1, stif=0.925
n:j=1, d=|:r=0.975
n:j=1, d=@:p=0.864
n:j=1, d=G
c:0, 2, 0.27
c:1, 2, 0.854
",0.0011614967879717813,feasible,20
20,0,17,"//0
p:0.259, -0.279, -0.397, fr=0.249
p:0.712, -1.906, -0.399
p:0.3326140376044115, 0.04212531968505906, -0.15389987690913196, fr=0.887
j:0, 1, stif=0.775
j:2, 1, stif=0.925
n:j=1, d=|
n:j=1, d=@:p=0.864
n:j=1, d=G
c:0, 2, 0.27
c:1, 2, 0.854
",0.0011882537968517595,"//0
p:0.259, -0.279, -0.397, fr=0.249
p:0.712, -1.906, -0.399
p:0.3326140376044115, 0.04212531968505906, -0.15389987690913196, fr=0.887
j:0, 1, stif=0.775
j:2, 1, stif=0.925
n:j=1, d=|
n:j=1, d=@:p=0.864
n:j=1, d=G
c:0, 2, 0.27
c:1, 2, -2.595
",0.00033999355961061747,feasible,20
20,0,17,"//0
p:0.259, -0.279, -0.397, fr=0.249
p:0.712, -1.906, -0.399
p:0.3326140376044115, 0.04212531968505906, -0.15389987690913196, fr=0.887
j:0, 1, stif=0.775
j:2, 1, stif=0.925
n:j=1, d=|
n:j=1, d=@:p=0.864
n:j=1, d=G
c:0, 2, 0.27
c:1, 2, 0.854
",0.0011882537968517595,"//0
p:0.259, -0.279, -0.397, fr=0.249
p:0.712, -1.906, -0.399
p:0.3326140376044115, 0.04212531968505906, -0.15389987690913196, fr=0.887
j:0, 1, stif=0.775
j:2, 1, stif=0.925
n:j=1, d=|
n:j=1, d=@:p=0.864
n:j=1, d=G
c:0, 2, 1.042
c:1, 2, 0.854
",0.00040027060478435843,feasible,20
20,0,17,"//0
p:0.259, -0.279, -0.397, fr=0.249
p:0.712, -1.906, -0.399
p:0.3326140376044115, 0.04212531968505906, -0.15389987690913196, fr=0.887
j:0, 1, stif=0.775
j:2, 1, stif=0.925
n:j=1, d=|
n:j=1, d=@:p=0.864
n:j=1, d=G
c:0, 2, 0.27
c:1, 2, 0.854
",0.0011882537968517595,"//0
p:0.259, -0.279, -0.397, fr=0.249
p:0.712, -1.906, -0.399
p:0.3326140376044115, 0.04212531968505906, -0.15389987690913196, fr=0.887
j:0, 1, stif=0.775
j:2, 1, stif=0.914
n:j=1, d=|
n:j=1, d=@:p=0.864
n:j=1, d=G
c:0, 2, 0.27
c:1, 2, 0.854
",0.0011597135308724941,feasible,20
20,0,18,"//0
p:0.259, -0.279, -0.397, fr=0.249
p:0.712, -1.906, -0.399
p:0.3326140376044115, 0.04212531968505906, -0.15389987690913196, fr=0.887
j:0, 1, stif=0.866
j:2, 1, stif=0.925
n:j=1, d=|
n:j=1, d=@:p=0.864
n:j=1, d=G
c:0, 2, 0.27
c:1, 2, 0.854
",0.0011931885367403284,"//0
p:0.259, -0.279, -0.397, fr=0.249
p:0.712, -1.906, -0.399, ing=0.043
p:0.3326140376044115, 0.04212531968505906, -0.15389987690913196, fr=0.887
j:0, 1, stif=0.866
j:2, 1, stif=0.925
n:j=1, d=|
n:j=1, d=@:p=0.864
n:j=1, d=G
c:0, 2, 0.27
c:1, 2, 0.854
",0.0011931885367403284,feasible,21
20,0,18,"//0
p:0.259, -0.279, -0.397, fr=0.249
p:0.712, -1.906, -0.399
p:0.3326140376044115, 0.04212531968505906, -0.15389987690913196, fr=0.887
j:0, 1, stif=0.866
j:2, 1, stif=0.925
n:j=1, d=|
n:j=1, d=@:p=0.864
n:j=1, d=G
c:0, 2, 0.27
c:1, 2, 0.854
",0.0011931885367403284,"//0
p:0.259, -0.279, -0.397, fr=0.249
p:0.712, -1.906, -0.399
p:0.3326140376044115, 0.04212531968505906, -0.15389987690913196, fr=0.887
j:0, 1, stif=0.866
j:2, 1, stif=0.925
n:j=1, d=|
n:j=1, d=@:p=0.864
n:j=1, d=G
c:0, 2, 0.27
c:1, 2, 2.549
",0.00013314859223875511,feasible,21
20,0,18,"//0
p:0.259, -0.279, -0.397, fr=0.249
p:0.712, -1.906, -0.399
p:0.3326140376044115, 0.04212531968505906, -0.15389987690913196, fr=0.887
j:0, 1, stif=0.866
j:2, 1, stif=0.925
n:j=1, d=|
n:j=1, d=@:p=0.864
n:j=1, d=G
c:0, 2, 0.27
c:1, 2, 0.854
",0.0011931885367403284,"//0
p:0.259, -0.279, -0.397, fr=0.249
p:0.712, -1.906, -0.399
p:0.3326140376044115, 0.04212531968505906, -0.15389987690913196, fr=0.887
j:0, 1, stif=0.866
j:2, 1, stif=0.925
n:j=1, d=|
n:j=1, d=G
c:0, 1, 0.27
",0.0007897993737764784,feasible,21
20,0,18,"//0
p:0.259, -0.279, -0.397, fr=0.249
p:0.712, -1.906, -0.399
p:0.3326140376044115, 0.04212531968505906, -0.15389987690913196, fr=0.887
j:0, 1, stif=0.866
j:2, 1, stif=0.925
n:j=1, d=|
n:j=1, d=@:p=0.864
n:j=1, d=G
c:0, 2, 0.27
c:1, 2, 0.854
",0.0011931885367403284,"//0
p:0.259, -0.279, -0.397, fr=0.249
p:0.712, -1.906, -0.399
p:1.031, -0.16, -0.659, fr=0.887
j:0, 1, stif=0.866
j:2, 1, stif=0.925
n:j=1, d=|
n:j=1, d=@:p=0.864
n:j=1, d=G
c:0, 2, 0.27
c:1, 2, 0.854
",0.00029936690564608256,feasible,21
20,0,18,"//0
p:0.259, -0.279, -0.397, fr=0.249
p:0.712, -1.906, -0.399
p:0.3326140376044115, 0.04212531968505906, -0.15389987690913196, fr=0.887
j:0, 1, stif=0.866
j:2, 1, stif=0.925
n:j=1, d=|
n:j=1, d=@:p=0.864
n:j=1, d=G
c:0, 2, 0.27
c:1, 2, 0.854
",0.0011931885367403284,"//0
p:0.129, -0.655, -0.652, fr=0.249
p:0.712, -1.906, -0.399
p:0.3326140376044115, 0.04212531968505906, -0.15389987690913196, fr=0.887
j:0, 1, stif=0.866
j:2, 1, stif=0.925
n:j=1, d=|
n:j=1, d=@:p=0.864
n:j=1, d=G
c:0, 2, 0.27
c:1, 2, 0.854
",0.0010397468506009697,feasible,21
20,0,18,"//0
p:0.259, -0.279, -0.397, fr=0.249
p:0.712, -1.906, -0.399
p:0.3326140376044115, 0.04212531968505906, -0.15389987690913196, fr=0.887
j:0, 1, stif=0.866
j:2, 1, stif=0.925
n:j=1, d=|
n:j=1, d=@:p=0.864
n:j=1, d=G
c:0, 2, 0.27
c:1, 2, 0.854
",0.0011931885367403284,"//0
p:0.712, -1.906, -0.399
p:0.3326140376044115, 0.04212531968505906, -0.15389987690913196, fr=0.887
j:1, 0, stif=0.925
n:j=0, d=|
n:j=0, d=@:p=0.864
n:j=0, d=G
c:0, 2, 0.27
c:1, 2, 0.854
",0.0005530790156466235,feasible,21
20,0,18,"//0
p:0.259, -0.279, -0.397, fr=0.249
p:0.712, -1.906, -0.399
p:0.3326140376044115, 0.04212531968505906, -0.15389987690913196, fr=0.887
j:0, 1, stif=0.866
j:2, 1, stif=0.925
n:j=1, d=|
n:j=1, d=@:p=0.864
n:j=1, d=G
c:0, 2, 0.27
c:1, 2, 0.854
",0.0011931885367403284,"//0
p:0.259, -0.279, -0.397, fr=0.249
p:0.712, -1.906, -0.399
p:0.3326140376044115, 0.04212531968505906, -0.15389987690913196, fr=1.185
j:0, 1, stif=0.866
j:2, 1, stif=0.925
n:j=1, d=|
n:j=1, d=@:p=0.864
n:j=1, d=G
c:0, 2, 0.27
c:1, 2, 0.854
",0.001253890586512622,feasible,21
20,0,18,"//0
p:0.259, -0.279, -0.397, fr=0.249
p:0.712, -1.906, -0.399
p:0.3326140376044115, 0.04212531968505906, -0.15389987690913196, fr=0.887
j:0, 1, stif=0.866
j:2, 1, stif=0.925
n:j=1, d=|
n:j=1, d=@:p=0.864
n:j=1, d=G
c:0, 2, 0.27
c:1, 2, 0.854
",0.0011931885367403284,"//0
p:0.259, -0.279, -0.397, fr=0.249
p:0.712, -1.906, -0.399
p:0.3326140376044115, 0.04212531968505906, -0.15389987690913196, fr=0.887
j:0, 1, stif=0.866
j:2, 1, stif=0.925
n:j=1, d=|
n:j=1, d=@:p=0.705
n:j=1, d=G
c:0, 2, 0.27
c:1, 2, 0.854
",0.0012194917228790438,feasible,21
20,0,18,"//0
p:0.259, -0.279, -0.397, fr=0.249
p:0.712, -1.906, -0.399
p:0.3326140376044115, 0.04212531968505906, -0.15389987690913196, fr=0.887
j:0, 1, stif=0.866
j:2, 1, stif=0.925
n:j=1, d=|
n:j=1, d=@:p=0.864
n:j=1, d=G
c:0, 2, 0.27
c:1, 2, 0.854
",0.0011931885367403284,"//0
p:0.259, -0.279, -0.397, fr=0.249
p:0.712, -1.906, -0.399
j:0, 1, stif=0.866
",0.0,feasible,21
20,0,18,"//0
p:0.259, -0.279, -0.397, fr=0.249
p:0.712, -1.906, -0.399
p:0.3326140376044115, 0.04212531968505906, -0.15389987690913196, fr=0.887
j:0, 1, stif=0.866
j:2, 1, stif=0.925
n:j=1, d=|
n:j=1, d=@:p=0.864
n:j=1, d=G
c:0, 2, 0.27
c:1, 2, 0.854
",0.0011931885367403284,"//0
p:0.259, -0.279, -0.397, fr=0.249
p:0.712, -1.906, -0.399
p:0.3326140376044115, 0.04212531968505906, -0.15389987690913196, fr=0.887
j:0, 1, stif=0.866
j:2, 1, stif=0.925
n:j=1, d=|:r=0.966
n:j=1, d=@:p=0.864
n:j=1, d=G
c:0, 2, 0.27
c:1, 2, 0.854
",0.0012106108141310252,feasible,21
20,0,18,"//0
p:0.259, -0.279, -0.397, fr=0.249
p:0.712, -1.906, -0.399
p:0.3326140376044115, 0.04212531968505906, -0.15389987690913196, fr=0.887
j:0, 1, stif=0.866
j:2, 1, stif=0.925
n:j=1, d=|
n:j=1, d=@:p=0.864
n:j=1, d=G
c:0, 2, 0.27
c:1, 2, 0.854
",0.0011931885367403284,"//0
p:0.259, -0.279, -0.397, fr=0.249
p:0.712, -1.906, -0.399
p:0.3326140376044115, 0.04212531968505906, -0.15389987690913196, fr=0.887
j:0, 1, stif=0.866
j:2, 1, stif=0.925
n:j=1, d=|
n:j=1, d=@:p=0.864
n:j=1, d=G
c:0, 2, 0.27
c:1, 2, 1.283
",0.00045307900546383945,feasible,21
20,0,18,"//0
p:0.259, -0.279, -0.397, fr=0.249
p:0.712, -1.906, -0.399
p:0.3326140376044115, 0.04212531968505906, -0.15389987690913196, fr=0.887
j:0, 1, stif=0.866
j:2, 1, stif=0.925
n:j=1, d=|
n:j=1, d=@:p=0.864
n:j=1, d=G
c:0, 2, 0.27
c:1, 2, 0.854
",0.0011931885367403284,"//0
p:0.259, -0.279, -0.397, fr=0.249
p:0.712, -1.906, -0.399
p:0.3326140376044115, 0.04212531968505906, -0.15389987690913196, fr=0.77
j:0, 1, stif=0.866
j:2, 1, stif=0.925
n:j=1, d=|
n:j=1, d=@:p=0.864
n:j=1, d=G
c:0, 2, 0.27
c:1, 2, 0.854
",0.0011896775013274998,feasible,21
20,0,18,"//0
p:0.259, -0.279, -0.397, fr=0.249
p:0.712, -1.906, -0.399
p:0.3326140376044115, 0.04212531968505906, -0.15389987690913196, fr=0.887
j:0, 1, stif=0.866
j:2, 1, stif=0.925
n:j=1, d=|
n:j=1, d=@:p=0.864
n:j=1, d=G
c:0, 2, 0.27
c:1, 2, 0.854
",0.0011931885367403284,"//0
p:0.259, -0.279, -0.397, fr=0.249
p:0.712, -1.906, -0.399
p:0.3326140376044115, 0.04212531968505906, -0.15389987690913196, fr=0.887
p:0.348, -0.139, -0.198
j:0, 1, stif=0.866
j:2, 1, stif=0.925
j:3, 2
n:j=1, d=|
n:j=1, d=@:p=0.864
n:j=1, d=G
c:0, 2, 0.27
c:1, 2, 0.854
",0.000693483522104284,feasible,21
20,0,18,"//0
p:0.259, -0.279, -0.397, fr=0.249
p:0.712, -1.906, -0.399
p:0.3326140376044115, 0.04212531968505906, -0.15389987690913196, fr=0.887
j:0, 1, stif=0.866
j:2, 1, stif=0.925
n:j=1, d=|
n:j=1, d=@:p=0.864
n:j=1, d=G
c:0, 2, 0.27
c:1, 2, 0.854
",0.0011931885367403284,"//0
p:0.259, -0.279, -0.397, fr=0.249
p:0.712, -1.906, -0.399
p:0.3326140376044115, 0.04212531968505906, -0.15389987690913196, fr=0.887, ing=0.267
j:0, 1, stif=0.866
j:2, 1, stif=0.925
n:j=1, d=|
n:j=1, d=@:p=0.864
n:j=1, d=G
c:0, 2, 0.27
c:1, 2, 0.854
",0.0011931885367403284,feasible,21
20,0,18,"//0
p:0.259, -0.279, -0.397, fr=0.249
p:0.712, -1.906, -0.399
p:0.3326140376044115, 0.04212531968505906, -0.15389987690913196, fr=0.887
j:0, 1, stif=0.866
j:2, 1, stif=0.925
n:j=1, d=|
n:j=1, d=@:p=0.864
n:j=1, d=G
c:0, 2, 0.27
c:1, 2, 0.854
",0.0011931885367403284,"//0
p:0.259, -0.279, -0.397, fr=0.249
p:0.712, -1.906, -0.399
p:0.3326140376044115, 0.04212531968505906, -0.15389987690913196, fr=0.887
j:0, 1, stif=0.866, rotstif=0.89
j:2, 1, stif=0.925
n:j=1, d=|
n:j=1, d=@:p=0.864
n:j=1, d=G
c:0, 2, 0.27
c:1, 2, 0.854
",0.0011931885367403284,feasible,21
20,0,18,"//0
p:0.259, -0.279, -0.397, fr=0.249
p:0.712, -1.906, -0.399
p:0.3326140376044115, 0.04212531968505906, -0.15389987690913196, fr=0.887
j:0, 1, stif=0.866
j:2, 1, stif=0.925
n:j=1, d=|
n:j=1, d=@:p=0.864
n:j=1, d=G
c:0, 2, 0.27
c:1, 2, 0.854
",0.0011931885367403284,"//0
p:0.259, -0.279, -0.397, fr=0.249
p:0.712, -1.906, -0.399
p:0.3326140376044115, 0.04212531968505906, -0.15389987690913196, fr=0.887
j:0, 1, stif=0.866
j:2, 1, stif=0.925, rotstif=0.896
n:j=1, d=|
n:j=1, d=@:p=0.864
n:j=1, d=G
c:0, 2, 0.27
c:1, 2, 0.854
",0.0011931885367403284,feasible,21
20,0,18,"//0
p:0.259, -0.279, -0.397, fr=0.249
p:0.712, -1.906, -0.399
p:0.3326140376044115, 0.04212531968505906, -0.15389987690913196, fr=0.887
j:0, 1, stif=0.866
j:2, 1, stif=0.925
n:j=1, d=|
n:j=1, d=@:p=0.864
n:j=1, d=G
c:0, 2, 0.27
c:1, 2, 0.854
",0.0011931885367403284,"//0
p:0.259, -0.279, -0.397, fr=0.249
p:0.712, -1.906, -0.399
p:0.3326140376044115, 0.04212531968505906, -0.15389987690913196, fr=0.887
j:1, 0, stif=0.866
j:2, 0, stif=0.925
n:j=1, d=|
n:j=1, d=@:p=0.864
n:j=1, d=G
c:0, 2, 0.27
c:1, 2, 0.854
",1.868668697330526e-06,feasible,21
20,0,18,"//0
p:0.259, -0.279, -0.397, fr=0.249
p:0.712, -1.906, -0.399
p:0.3326140376044115, 0.04212531968505906, -0.15389987690913196, fr=0.887
j:0, 1, stif=0.866
j:2, 1, stif=0.925
n:j=1, d=|
n:j=1, d=@:p=0.864
n:j=1, d=G
c:0, 2, 0.27
c:1, 2, 0.854
",0.0011931885367403284,"//0
p:0.259, -0.279, -0.397, fr=0.249
p:0.712, -1.906, -0.399
p:0.3326140376044115, 0.04212531968505906, -0.15389987690913196, fr=0.887
p:1.772, -1.182, -1.656
j:0, 1, stif=0.866
j:2, 1, stif=0.925
j:3, 1
n:j=1, d=|
n:j=1, d=@:p=0.864
n:j=1, d=G
c:0, 2, 0.27
c:1, 2, 0.854
",5.721680204116682e-07,feasible,21
20,0,18,"//0
p:0.259, -0.279, -0.397, fr=0.249
p:0.712, -1.906, -0.399
p:0.3326140376044115, 0.04212531968505906, -0.15389987690913196, fr=0.887
j:0, 1, stif=0.866
j:2, 1, stif=0.925
n:j=1, d=|
n:j=1, d=@:p=0.864
n:j=1, d=G
c:0, 2, 0.27
c:1, 2, 0.854
",0.0011931885367403284,"//0
p:0.259, -0.279, -0.397, fr=0.249
p:0.712, -1.906, -0.399
p:0.3326140376044115, 0.04212531968505906, -0.15389987690913196, fr=0.887
j:0, 1, stif=0.866
j:2, 1, stif=0.925
n:j=1, d=|:r=0.886
n:j=1, d=@:p=0.864
n:j=1, d=G
c:0, 2, 0.27
c:1, 2, 0.854
",0.0012027664284954944,feasible,21
20,0,18,"//0
p:0.259, -0.279, -0.397, fr=0.249
p:0.712, -1.906, -0.399
p:0.3326140376044115, 0.04212531968505906, -0.15389987690913196, fr=0.887
j:0, 1, stif=0.866
j:2, 1, stif=0.925
n:j=1, d=|
n:j=1, d=@:p=0.864
n:j=1, d=G
c:0, 2, 0.27
c:1, 2, 0.854
",0.0011931885367403284,"//0
p:0.259, -0.279, -0.397, fr=0.249
p:0.712, -1.906, -0.399
p:0.3326140376044115, 0.04212531968505906, -0.15389987690913196, fr=0.887
j:0, 1, stif=0.866
j:2, 1, stif=0.925, rotstif=0.969
n:j=1, d=|
n:j=1, d=@:p=0.864
n:j=1, d=G
c:0, 2, 0.27
c:1, 2, 0.854
",0.0011931885367403284,feasible,21
20,0,19,"//0
p:0.259, -0.279, -0.397, fr=0.249
p:0.712, -1.906, -0.399
p:0.3326140376044115, 0.04212531968505906, -0.15389987690913196, fr=0.887
j:0, 1, stif=0.866
j:2, 1, stif=0.827
n:j=1, d=|
n:j=1, d=@:p=0.864
n:j=1, d=G
c:0, 2, 0.27
c:1, 2, 0.854
",0.0012427527787620203,"//0
p:0.259, -0.279, -0.397, fr=0.249
p:0.712, -1.906, -0.399
p:0.3326140376044115, 0.04212531968505906, -0.15389987690913196, fr=0.887
j:0, 1, stif=0.866
j:2, 1, stif=0.827
n:j=1, d=|
n:j=1, d=@:p=0.864
n:j=1, d=G
c:0, 2, 0.27
c:1, 2, 1.527
",0.00040255453006839115,feasible,23
20,0,19,"//0
p:0.259, -0.279, -0.397, fr=0.249
p:0.712, -1.906, -0.399
p:0.3326140376044115, 0.04212531968505906, -0.15389987690913196, fr=0.887
j:0, 1, stif=0.866
j:2, 1, stif=0.827
n:j=1, d=|
n:j=1, d=@:p=0.864
n:j=1, d=G
c:0, 2, 0.27
c:1, 2, 0.854
",0.0012427527787620203,"//0
p:0.953, -0.5, -1.064, fr=0.249
p:0.712, -1.906, -0.399
p:0.3326140376044115, 0.04212531968505906, -0.15389987690913196, fr=0.887
j:0, 1, stif=0.866
j:2, 1, stif=0.827
n:j=1, d=|
n:j=1, d=@:p=0.864
n:j=1, d=G
c:0, 2, 0.27
c:1, 2, 0.854
",0.0008825498822306283,feasible,23
20,0,19,"//0
p:0.259, -0.279, -0.397, fr=0.249
p:0.712, -1.906, -0.399
p:0.3326140376044115, 0.04212531968505906, -0.15389987690913196, fr=0.887
j:0, 1, stif=0.866
j:2, 1, stif=0.827
n:j=1, d=|
n:j=1, d=@:p=0.864
n:j=1, d=G
c:0, 2, 0.27
c:1, 2, 0.854
",0.0012427527787620203,"//0
p:0.259, -0.279, -0.397, fr=0.258
p:0.712, -1.906, -0.399
p:0.3326140376044115, 0.04212531968505906, -0.15389987690913196, fr=0.887
j:0, 1, stif=0.866
j:2, 1, stif=0.827
n:j=1, d=|
n:j=1, d=@:p=0.864
n:j=1, d=G
c:0, 2, 0.27
c:1, 2, 0.854
",0.0012428869941343659,feasible,23
20,0,19,"//0
p:0.259, -0.279, -0.397, fr=0.249
p:0.712, -1.906, -0.399
p:0.3326140376044115, 0.04212531968505906, -0.15389987690913196, fr=0.887
j:0, 1, stif=0.866
j:2, 1, stif=0.827
n:j=1, d=|
n:j=1, d=@:p=0.864
n:j=1, d=G
c:0, 2, 0.27
c:1, 2, 0.854
",0.0012427527787620203,"//0
p:0.259, -0.279, -0.397, fr=0.249
p:0.712, -1.906, -0.399
p:0.3326140376044115, 0.04212531968505906, -0.15389987690913196, fr=0.887
j:0, 2, stif=0.866
j:1, 2, stif=0.827
n:j=1, d=|
n:j=1, d=@:p=0.864
n:j=1, d=G
c:0, 2, 0.27
c:1, 2, 0.854
",0.00014753075496079206,feasible,23
20,0,19,"//0
p:0.259, -0.279, -0.397, fr=0.249
p:0.712, -1.906, -0.399
p:0.3326140376044115, 0.04212531968505906, -0.15389987690913196, fr=0.887
j:0, 1, stif=0.866
j:2, 1, stif=0.827
n:j=1, d=|
n:j=1, d=@:p=0.864
n:j=1, d=G
c:0, 2, 0.27
c:1, 2, 0.854
",0.0012427527787620203,"//0
p:0.259, -0.279, -0.397, fr=0.249
p:0.712, -1.906, -0.399
p:0.3326140376044115, 0.04212531968505906, -0.15389987690913196, fr=0.887
j:0, 1, stif=0.866, rotstif=0.947
j:2, 1, stif=0.827
n:j=1, d=|
n:j=1, d=@:p=0.864
n:j=1, d=G
c:0, 2, 0.27
c:1, 2, 0.854
",0.0012427527787620203,feasible,23
20,0,19,"//0
p:0.259, -0.279, -0.397, fr=0.249
p:0.712, -1.906, -0.399
p:0.3326140376044115, 0.04212531968505906, -0.15389987690913196, fr=0.887
j:0, 1, stif=0.866
j:2, 1, stif=0.827
n:j=1, d=|
n:j=1, d=@:p=0.864
n:j=1, d=G
c:0, 2, 0.27
c:1, 2, 0.854
",0.0012427527787620203,"//0
p:0.259, -0.279, -0.397, fr=0.249
p:0.712, -1.906, -0.399
p:0.3326140376044115, 0.04212531968505906, -0.15389987690913196, fr=0.887
j:0, 1, stif=0.866
j:2, 1, stif=0.827
n:j=1, d=|
n:j=1, d=@:p=0.864
n:j=1, d=G
c:0, 2, 0.27
",0.000762470887469852,feasible,23
20,0,19,"//0
p:0.259, -0.279, -0.397, fr=0.249
p:0.712, -1.906, -0.399
p:0.3326140376044115, 0.04212531968505906, -0.15389987690913196, fr=0.887
j:0, 1, stif=0.866
j:2, 1, stif=0.827
n:j=1, d=|
n:j=1, d=@:p=0.864
n:j=1, d=G
c:0, 2, 0.27
c:1, 2, 0.854
",0.0012427527787620203,"//0
p:-0.126, -1.18, -0.506, fr=0.249
p:0.712, -1.906, -0.399
p:0.3326140376044115, 0.04212531968505906, -0.15389987690913196, fr=0.887
j:0, 1, stif=0.866
j:2, 1, stif=0.827
n:j=1, d=|
n:j=1, d=@:p=0.864
n:j=1, d=G
c:0, 2, 0.27
c:1, 2, 0.854
",0.0004133253892973318,feasible,23
20,0,19,"//0
p:0.259, -0.279, -0.397, fr=0.249
p:0.712, -1.906, -0.399
p:0.3326140376044115, 0.04212531968505906, -0.15389987690913196, fr=0.887
j:0, 1, stif=0.866
j:2, 1, stif=0.827
n:j=1, d=|
n:j=1, d=@:p=0.864
n:j=1, d=G
c:0, 2, 0.27
c:1, 2, 0.854
",0.0012427527787620203,"//0
p:0.259, -0.279, -0.397, fr=0.249
p:0.712, -1.906, -0.399
p:0.3326140376044115, 0.04212531968505906, -0.15389987690913196, fr=0.887
p:0.63, 0.02, -0.483
j:0, 1, stif=0.866
j:2, 1, stif=0.827
j:3, 0
n:j=1, d=|
n:j=1, d=@:p=0.864
n:j=1, d=G
c:0, 2, 0.27
c:1, 2, 0.854
",2.1046995043390955e-07,feasible,23
20,0,19,"//0
p:0.259, -0.279, -0.397, fr=0.249
p:0.712, -1.906, -0.399
p:0.3326140376044115, 0.04212531968505906, -0.15389987690913196, fr=0.887
j:0, 1, stif=0.866
j:2, 1, stif=0.827
n:j=1, d=|
n:j=1, d=@:p=0.864
n:j=1, d=G
c:0, 2, 0.27
c:1, 2, 0.854
",0.0012427527787620203,"//0
p:0.259, -0.279, -0.397, fr=0.249
p:0.712, -1.906, -0.399
p:0.3326140376044115, 0.04212531968505906, -0.15389987690913196, fr=0.887
j:0, 1, stif=0.866
j:2, 1, stif=0.827
n:j=1, d=|
n:j=1, d=@:p=0.864
",0.0006236399313413282,feasible,23
20,0,19,"//0
p:0.259, -0.279, -0.397, fr=0.249
p:0.712, -1.906, -0.399
p:0.3326140376044115, 0.04212531968505906, -0.15389987690913196, fr=0.887
j:0, 1, stif=0.866
j:2, 1, stif=0.827
n:j=1, d=|
n:j=1, d=@:p=0.864
n:j=1, d=G
c:0, 2, 0.27
c:1, 2, 0.854
",0.0012427527787620203,"//0
p:0.259, -0.279, -0.397, fr=0.249
p:0.712, -1.906, -0.399
p:0.3326140376044115, 0.04212531968505906, -0.15389987690913196, fr=0.887
j:0, 1, stif=0.866
j:2, 1, stif=0.788
n:j=1, d=|
n:j=1, d=@:p=0.864
n:j=1, d=G
c:0, 2, 0.27
c:1, 2, 0.854
",0.001233705656208138,feasible,23
20,0,19,"//0
p:0.259, -0.279, -0.397, fr=0.249
p:0.712, -1.906, -0.399
p:0.3326140376044115, 0.04212531968505906, -0.15389987690913196, fr=0.887
j:0, 1, stif=0.866
j:2, 1, stif=0.827
n:j=1, d=|
n:j=1, d=@:p=0.864
n:j=1, d=G
c:0, 2, 0.27
c:1, 2, 0.854
",0.0012427527787620203,"//0
p:0.259, -0.279, -0.397, fr=0.249
p:0.712, -1.906, -0.399
p:0.3326140376044115, 0.04212531968505906, -0.15389987690913196, fr=0.887
j:0, 1, stif=0.866
j:2, 1, stif=0.795
n:j=1, d=|
n:j=1, d=@:p=0.864
n:j=1, d=G
c:0, 2, 0.27
c:1, 2, 0.854
",0.0012350676981840738,feasible,23
20,0,19,"//0
p:0.259, -0.279, -0.397, fr=0.249
p:0.712, -1.906, -0.399
p:0.3326140376044115, 0.04212531968505906, -0.15389987690913196, fr=0.887
j:0, 1, stif=0.866
j:2, 1, stif=0.827
n:j=1, d=|
n:j=1, d=@:p=0.864
n:j=1, d=G
c:0, 2, 0.27
c:1, 2, 0.854
",0.0012427527787620203,"//0
p:0.259, -0.279, -0.397, fr=0.249
p:0.712, -1.906, -0.399
p:0.3326140376044115, 0.04212531968505906, -0.15389987690913196, fr=0.887, ing=0.072
j:0, 1, stif=0.866
j:2, 1, stif=0.827
n:j=1, d=|
n:j=1, d=@:p=0.864
n:j=1, d=G
c:0, 2, 0.27
c:1, 2, 0.854
",0.0012427527787620203,feasible,23
20,0,19,"//0
p:0.259, -0.279, -0.397, fr=0.249
p:0.712, -1.906, -0.399
p:0.3326140376044115, 0.04212531968505906, -0.15389987690913196, fr=0.887
j:0, 1, stif=0.866
j:2, 1, stif=0.827
n:j=1, d=|
n:j=1, d=@:p=0.864
n:j=1, d=G
c:0, 2, 0.27
c:1, 2, 0.854
",0.0012427527787620203,"//0
p:0.259, -0.279, -0.397, fr=0.249
p:0.712, -1.906, -0.399
p:0.3326140376044115, 0.04212531968505906, -0.15389987690913196, fr=0.887
j:0, 1, stif=0.866
j:2, 1, stif=0.827
n:j=1, d=|
n:j=1, d=@:p=0.763
n:j=1, d=G
c:0, 2, 0.27
c:1, 2, 0.854
",0.0012733729235377823,feasible,23
20,0,19,"//0
p:0.259, -0.279, -0.397, fr=0.249
p:0.712, -1.906, -0.399
p:0.3326140376044115, 0.04212531968505906, -0.15389987690913196, fr=0.887
j:0, 1, stif=0.866
j:2, 1, stif=0.827
n:j=1, d=|
n:j=1, d=@:p=0.864
n:j=1, d=G
c:0, 2, 0.27
c:1, 2, 0.854
",0.0012427527787620203,"//0
p:0.259, -0.279, -0.397, fr=0.249
p:0.712, -1.906, -0.399
p:0.3326140376044115, 0.04212531968505906, -0.15389987690913196, fr=0.887
j:1, 0, stif=0.866
j:2, 0, stif=0.827
n:j=1, d=|
n:j=1, d=@:p=0.864
n:j=1, d=G
c:0, 2, 0.27
c:1, 2, 0.854
",6.55547919460161e-07,feasible,23
20,0,19,"//0
p:0.259, -0.279, -0.397, fr=0.249
p:0.712, -1.906, -0.399
p:0.3326140376044115, 0.04212531968505906, -0.15389987690913196, fr=0.887
j:0, 1, stif=0.866
j:2, 1, stif=0.827
n:j=1, d=|
n:j=1, d=@:p=0.864
n:j=1, d=G
c:0, 2, 0.27
c:1, 2, 0.854
",0.0012427527787620203,"//0
p:0.259, -0.279, -0.397, fr=0.249
p:0.712, -1.906, -0.399
p:0.3326140376044115, 0.04212531968505906, -0.15389987690913196, fr=0.887
j:0, 1, stif=0.866
j:2, 1, stif=0.827
n:j=1, d=|
n:j=1, d=@:p=0.864
n:j=1, d=G
c:0, 2, 0.27
c:1, 2, -3.01
",0.00027975403285210223,feasible,23
20,0,19,"//0
p:0.259, -0.279, -0.397, fr=0.249
p:0.712, -1.906, -0.399
p:0.3326140376044115, 0.04212531968505906, -0.15389987690913196, fr=0.887
j:0, 1, stif=0.866
j:2, 1, stif=0.827
n:j=1, d=|
n:j=1, d=@:p=0.864
n:j=1, d=G
c:0, 2, 0.27
c:1, 2, 0.854
",0.0012427527787620203,"//0
p:0.259, -0.279, -0.397, fr=0.249
p:0.712, -1.906, -0.399
p:0.3326140376044115, 0.04212531968505906, -0.15389987690913196, fr=0.887
j:0, 1, stif=0.866
j:2, 1, stif=0.827
n:j=1, d=|
n:j=1, d=G
c:0, 1, 0.27
",0.0007565055853983757,feasible,23
20,0,19,"//0
p:0.259, -0.279, -0.397, fr=0.249
p:0.712, -1.906, -0.399
p:0.3326140376044115, 0.04212531968505906, -0.15389987690913196, fr=0.887
j:0, 1, stif=0.866
j:2, 1, stif=0.827
n:j=1, d=|
n:j=1, d=@:p=0.864
n:j=1, d=G
c:0, 2, 0.27
c:1, 2, 0.854
",0.0012427527787620203,"//0
p:0.259, -0.279, -0.397, fr=0.249
p:0.712, -1.906, -0.399, fr=0.059
p:0.3326140376044115, 0.04212531968505906, -0.15389987690913196, fr=0.887
j:0, 1, stif=0.866
j:2, 1, stif=0.827
n:j=1, d=|
n:j=1, d=@:p=0.864
n:j=1, d=G
c:0, 2, 0.27
c:1, 2, 0.854
",0.0007995407808983838,feasible,23
20,0,19,"//0
p:0.259, -0.279, -0.397, fr=0.249
p:0.712, -1.906, -0.399
p:0.3326140376044115, 0.04212531968505906, -0.15389987690913196, fr=0.887
j:0, 1, stif=0.866
j:2, 1, stif=0.827
n:j=1, d=|
n:j=1, d=@:p=0.864
n:j=1, d=G
c:0, 2, 0.27
c:1, 2, 0.854
",0.0012427527787620203,"//0
p:0.259, -0.279, -0.397, fr=0.249
p:0.712, -1.906, -0.399, fr=0.461
p:0.3326140376044115, 0.04212531968505906, -0.15389987690913196, fr=0.887
j:0, 1, stif=0.866
j:2, 1, stif=0.827
n:j=1, d=|
n:j=1, d=@:p=0.864
n:j=1, d=G
c:0, 2, 0.27
c:1, 2, 0.854
",0.0012303182624541237,feasible,23
20,0,19,"//0
p:0.259, -0.279, -0.397, fr=0.249
p:0.712, -1.906, -0.399
p:0.3326140376044115, 0.04212531968505906, -0.15389987690913196, fr=0.887
j:0, 1, stif=0.866
j:2, 1, stif=0.827
n:j=1, d=|
n:j=1, d=@:p=0.864
n:j=1, d=G
c:0, 2, 0.27
c:1, 2, 0.854
",0.0012427527787620203,"//0
p:0.259, -0.279, -0.397, fr=0.249
p:0.712, -1.906, -0.399
p:0.3326140376044115, 0.04212531968505906, -0.15389987690913196, fr=0.887
j:0, 1, stif=0.866
j:2, 1, stif=0.827
n:j=1, d=|
n:j=1, d=@:p=0.864
n:j=1, d=G
c:0, 2, 1.035
c:1, 2, 0.854
",0.0003237343784861561,feasible,23
20,0,19,"//0
p:0.259, -0.279, -0.397, fr=0.249
p:0.712, -1.906, -0.399
p:0.3326140376044115, 0.04212531968505906, -0.15389987690913196, fr=0.887
j:0, 1, stif=0.866
j:2, 1, stif=0.827
n:j=1, d=|
n:j=1, d=@:p=0.864
n:j=1, d=G
c:0, 2, 0.27
c:1, 2, 0.854
",0.0012427527787620203,"//0
p:0.259, -0.279, -0.397, fr=0.249
p:0.712, -1.906, -0.399
p:0.3326140376044115, 0.04212531968505906, -0.15389987690913196, fr=0.887
j:0, 1, stif=0.866
j:2, 1, stif=0.891
n:j=1, d=|
n:j=1, d=@:p=0.864
n:j=1, d=G
c:0, 2, 0.27
c:1, 2, 0.854
",0.0012189373000074662,feasible,23
20,0,20,"//0
p:0.259, -0.279, -0.397, fr=0.249
p:0.712, -1.906, -0.399
p:0.3326140376044115, 0.04212531968505906, -0.15389987690913196, fr=0.887
j:0, 1, stif=0.91
j:2, 1, stif=0.827
n:j=1, d=|
n:j=1, d=@:p=0.864
n:j=1, d=G
c:0, 2, 0.27
c:1, 2, 0.854
",0.0012516838850752888,"//0
p:0.4844797096627503, -0.013525026884736668, -1.003957051051757, fr=0.249
p:0.712, -1.906, -0.399
p:0.3326140376044115, 0.04212531968505906, -0.15389987690913196, fr=0.887
j:0, 1, stif=0.91
j:2, 1, stif=0.827
n:j=1, d=|
n:j=1, d=@:p=0.864
n:j=1, d=G
c:0, 2, 0.27
c:1, 2, 0.854
",0.0004278601447293994,feasible,21
20,0,20,"//0
p:0.259, -0.279, -0.397, fr=0.249
p:0.712, -1.906, -0.399
p:0.3326140376044115, 0.04212531968505906, -0.15389987690913196, fr=0.887
j:0, 1, stif=0.91
j:2, 1, stif=0.827
n:j=1, d=|
n:j=1, d=@:p=0.864
n:j=1, d=G
c:0, 2, 0.27
c:1, 2, 0.854
",0.0012516838850752888,"//0
p:0.259, -0.279, -0.397, fr=0.249
p:0.712, -1.906, -0.399
p:0.3326140376044115, 0.04212531968505906, -0.15389987690913196, fr=0.887
j:0, 1, stif=0.91
j:2, 1, stif=0.866
n:j=1, d=|
n:j=1, d=@:p=0.864
n:j=1, d=G
c:0, 2, 0.27
c:1, 2, 0.854
",0.001232146251070705,feasible,21
20,0,20,"//0
p:0.259, -0.279, -0.397, fr=0.249
p:0.712, -1.906, -0.399
p:0.3326140376044115, 0.04212531968505906, -0.15389987690913196, fr=0.887
j:0, 1, stif=0.91
j:2, 1, stif=0.827
n:j=1, d=|
n:j=1, d=@:p=0.864
n:j=1, d=G
c:0, 2, 0.27
c:1, 2, 0.854
",0.0012516838850752888,"//0
p:0.259, -0.279, -0.397, fr=0.249
p:0.712, -1.906, -0.399
p:0.3326140376044115, 0.04212531968505906, -0.15389987690913196, fr=1.157
j:0, 1, stif=0.91
j:2, 1, stif=0.827
n:j=1, d=|
n:j=1, d=@:p=0.864
n:j=1, d=G
c:0, 2, 0.27
c:1, 2, 0.854
",0.001223602910677806,feasible,21
20,0,20,"//0
p:0.259, -0.279, -0.397, fr=0.249
p:0.712, -1.906, -0.399
p:0.3326140376044115, 0.04212531968505906, -0.15389987690913196, fr=0.887
j:0, 1, stif=0.91
j:2, 1, stif=0.827
n:j=1, d=|
n:j=1, d=@:p=0.864
n:j=1, d=G
c:0, 2, 0.27
c:1, 2, 0.854
",0.0012516838850752888,"//0
p:0.7025128365097358, 0.03412493375900416, 0.08579405435249443, fr=0.249
p:0.712, -1.906, -0.399
p:0.3326140376044115, 0.04212531968505906, -0.15389987690913196, fr=0.887
j:0, 1, stif=0.91
j:2, 1, stif=0.827
n:j=1, d=|
n:j=1, d=@:p=0.864
n:j=1, d=G
c:0, 2, 0.27
c:1, 2, 0.854
",0.000563577285627344,feasible,21
20,0,20,"//0
p:0.259, -0.279, -0.397, fr=0.249
p:0.712, -1.906, -0.399
p:0.3326140376044115, 0.04212531968505906, -0.15389987690913196, fr=0.887
j:0, 1, stif=0.91
j:2, 1, stif=0.827
n:j=1, d=|
n:j=1, d=@:p=0.864
n:j=1, d=G
c:0, 2, 0.27
c:1, 2, 0.854
",0.0012516838850752888,"//0
p:0.259, -0.279, -0.397, fr=0.249
p:0.712, -1.906, -0.399
p:0.3326140376044115, 0.04212531968505906, -0.15389987690913196, fr=0.887
j:0, 1, stif=0.91
j:2, 1, stif=0.827
n:j=1, d=|
n:j=1, d=@:p=0.864
",0.0006372929200151752,feasible,21
20,0,20,"//0
p:0.259, -0.279, -0.397, fr=0.249
p:0.712, -1.906, -0.399
p:0.3326140376044115, 0.04212531968505906, -0.15389987690913196, fr=0.887
j:0, 1, stif=0.91
j:2, 1, stif=0.827
n:j=1, d=|
n:j=1, d=@:p=0.864
n:j=1, d=G
c:0, 2, 0.27
c:1, 2, 0.854
",0.0012516838850752888,"//0
p:0.712, -1.906, -0.399
p:0.3326140376044115, 0.04212531968505906, -0.15389987690913196, fr=0.887
j:1, 0, stif=0.827
n:j=0, d=|
n:j=0, d=@:p=0.864
n:j=0, d=G
c:0, 2, 0.27
c:1, 2, 0.854
",0.0007466776465889369,feasible,21
20,0,20,"//0
p:0.259, -0.279, -0.397, fr=0.249
p:0.712, -1.906, -0.399
p:0.3326140376044115, 0.04212531968505906, -0.15389987690913196, fr=0.887
j:0, 1, stif=0.91
j:2, 1, stif=0.827
n:j=1, d=|
n:j=1, d=@:p=0.864
n:j=1, d=G
c:0, 2, 0.27
c:1, 2, 0.854
",0.0012516838850752888,"//0
p:0.259, -0.279, -0.397, fr=0.249
p:0.712, -1.906, -0.399
p:0.3326140376044115, 0.04212531968505906, -0.15389987690913196, fr=0.887
j:0, 1, stif=0.91
j:2, 1, stif=0.783
n:j=1, d=|
n:j=1, d=@:p=0.864
n:j=1, d=G
c:0, 2, 0.27
c:1, 2, 0.854
",0.0012413026037321267,feasible,21
20,0,20,"//0
p:0.259, -0.279, -0.397, fr=0.249
p:0.712, -1.906, -0.399
p:0.3326140376044115, 0.04212531968505906, -0.15389987690913196, fr=0.887
j:0, 1, stif=0.91
j:2, 1, stif=0.827
n:j=1, d=|
n:j=1, d=@:p=0.864
n:j=1, d=G
c:0, 2, 0.27
c:1, 2, 0.854
",0.0012516838850752888,"//0
p:0.259, -0.279, -0.397, fr=0.249
p:0.712, -1.906, -0.399
p:0.3326140376044115, 0.04212531968505906, -0.15389987690913196, fr=0.887
j:0, 1, stif=0.91
j:2, 1, stif=0.827
n:j=1, d=|
n:j=1, d=@:p=0.864
n:j=1, d=G
c:0, 2, 0.27
c:1, 2, 0.101
",0.0008904675700214772,feasible,21
20,0,20,"//0
p:0.259, -0.279, -0.397, fr=0.249
p:0.712, -1.906, -0.399
p:0.3326140376044115, 0.04212531968505906, -0.15389987690913196, fr=0.887
j:0, 1, stif=0.91
j:2, 1, stif=0.827
n:j=1, d=|
n:j=1, d=@:p=0.864
n:j=1, d=G
c:0, 2, 0.27
c:1, 2, 0.854
",0.0012516838850752888,"//0
p:0.259, -0.279, -0.397, fr=0.249
p:0.712, -1.906, -0.399
p:0.3326140376044115, 0.04212531968505906, -0.15389987690913196, fr=0.887
j:0, 1, stif=0.91
j:2, 1, stif=0.827
n:j=1, d=|:r=0.908
n:j=1, d=@:p=0.864
n:j=1, d=G
c:0, 2, 0.27
c:1, 2, 0.854
",0.0012262048532227176,feasible,21
20,0,20,"//0
p:0.259, -0.279, -0.397, fr=0.249
p:0.712, -1.906, -0.399
p:0.3326140376044115, 0.04212531968505906, -0.15389987690913196, fr=0.887
j:0, 1, stif=0.91
j:2, 1, stif=0.827
n:j=1, d=|
n:j=1, d=@:p=0.864
n:j=1, d=G
c:0, 2, 0.27
c:1, 2, 0.854
",0.0012516838850752888,"//0
p:0.259, -0.279, -0.397, fr=0.207
p:0.712, -1.906, -0.399
p:0.3326140376044115, 0.04212531968505906, -0.15389987690913196, fr=0.887
j:0, 1, stif=0.91
j:2, 1, stif=0.827
n:j=1, d=|
n:j=1, d=@:p=0.864
n:j=1, d=G
c:0, 2, 0.27
c:1, 2, 0.854
",0.0012422763832437907,feasible,21
20,0,20,"//0
p:0.259, -0.279, -0.397, fr=0.249
p:0.712, -1.906, -0.399
p:0.3326140376044115, 0.04212531968505906, -0.15389987690913196, fr=0.887
j:0, 1, stif=0.91
j:2, 1, stif=0.827
n:j=1, d=|
n:j=1, d=@:p=0.864
n:j=1, d=G
c:0, 2, 0.27
c:1, 2, 0.854
",0.0012516838850752888,"//0
p:0.259, -0.279, -0.397, fr=0.249, ing=0.396
p:0.712, -1.906, -0.399
p:0.3326140376044115, 0.04212531968505906, -0.15389987690913196, fr=0.887
j:0, 1, stif=0.91
j:2, 1, stif=0.827
n:j=1, d=|
n:j=1, d=@:p=0.864
n:j=1, d=G
c:0, 2, 0.27
c:1, 2, 0.854
",0.0012516838850752888,feasible,21
20,0,20,"//0
p:0.259, -0.279, -0.397, fr=0.249
p:0.712, -1.906, -0.399
p:0.3326140376044115, 0.04212531968505906, -0.15389987690913196, fr=0.887
j:0, 1, stif=0.91
j:2, 1, stif=0.827
n:j=1, d=|
n:j=1, d=@:p=0.864
n:j=1, d=G
c:0, 2, 0.27
c:1, 2, 0.854
",0.0012516838850752888,"//0
p:0.259, -0.279, -0.397, fr=0.249
p:0.712, -1.906, -0.399
p:0.3326140376044115, 0.04212531968505906, -0.15389987690913196, fr=0.887
j:0, 1, stif=0.91, rotstif=0.976
j:2, 1, stif=0.827
n:j=1, d=|
n:j=1, d=@:p=0.864
n:j=1, d=G
c:0, 2, 0.27
c:1, 2, 0.854
",0.0012516838850752888,feasible,21
20,0,20,"//0
p:0.259, -0.279, -0.397, fr=0.249
p:0.712, -1.906, -0.399
p:0.3326140376044115, 0.04212531968505906, -0.15389987690913196, fr=0.887
j:0, 1, stif=0.91
j:2, 1, stif=0.827
n:j=1, d=|
n:j=1, d=@:p=0.864
n:j=1, d=G
c:0, 2, 0.27
c:1, 2, 0.854
",0.0012516838850752888,"//0
p:0.259, -0.279, -0.397, fr=0.249
p:0.712, -1.906, -0.399
p:0.3326140376044115, 0.04212531968505906, -0.15389987690913196, fr=0.887
j:0, 1, stif=0.91
j:2, 1, stif=0.827
j:2, 0
n:j=1, d=|
n:j=1, d=@:p=0.864
n:j=1, d=G
c:0, 2, 0.27
c:1, 2, 0.854
",8.708880986381973e-05,feasible,21
20,0,20,"//0
p:0.259, -0.279, -0.397, fr=0.249
p:0.712, -1.906, -0.399
p:0.3326140376044115, 0.04212531968505906, -0.15389987690913196, fr=0.887
j:0, 1, stif=0.91
j:2, 1, stif=0.827
n:j=1, d=|
n:j=1, d=@:p=0.864
n:j=1, d=G
c:0, 2, 0.27
c:1, 2, 0.854
",0.0012516838850752888,"//0
p:0.259, -0.279, -0.397, fr=0.249
p:0.712, -1.906, -0.399
p:0.3326140376044115, 0.04212531968505906, -0.15389987690913196, fr=0.913
j:0, 1, stif=0.91
j:2, 1, stif=0.827
n:j=1, d=|
n:j=1, d=@:p=0.864
n:j=1, d=G
c:0, 2, 0.27
c:1, 2, 0.854
",0.0012461745085336558,feasible,21
20,0,20,"//0
p:0.259, -0.279, -0.397, fr=0.249
p:0.712, -1.906, -0.399
p:0.3326140376044115, 0.04212531968505906, -0.15389987690913196, fr=0.887
j:0, 1, stif=0.91
j:2, 1, stif=0.827
n:j=1, d=|
n:j=1, d=@:p=0.864
n:j=1, d=G
c:0, 2, 0.27
c:1, 2, 0.854
",0.0012516838850752888,"//0
p:0.259, -0.279, -0.397, fr=0.249
p:0.712, -1.906, -0.399
p:0.3326140376044115, 0.04212531968505906, -0.15389987690913196, fr=0.887
j:0, 1, stif=0.91
j:2, 1, stif=0.827
n:j=1, d=|
n:j=1, d=@:p=0.864
n:j=1, d=G
c:0, 2, 2.135
c:1, 2, 0.854
",0.0003010086306906861,feasible,21
20,0,20,"//0
p:0.259, -0.279, -0.397, fr=0.249
p:0.712, -1.906, -0.399
p:0.3326140376044115, 0.04212531968505906, -0.15389987690913196, fr=0.887
j:0, 1, stif=0.91
j:2, 1, stif=0.827
n:j=1, d=|
n:j=1, d=@:p=0.864
n:j=1, d=G
c:0, 2, 0.27
c:1, 2, 0.854
",0.0012516838850752888,"//0
p:0.259, -0.279, -0.397, fr=0.249
p:0.712, -1.906, -0.399
p:0.473, 0.037, -0.138, fr=0.887
j:0, 1, stif=0.91
j:2, 1, stif=0.827
n:j=1, d=|
n:j=1, d=@:p=0.864
n:j=1, d=G
c:0, 2, 0.27
c:1, 2, 0.854
",0.0008538962244648668,feasible,21
20,0,20,"//0
p:0.259, -0.279, -0.397, fr=0.249
p:0.712, -1.906, -0.399
p:0.3326140376044115, 0.04212531968505906, -0.15389987690913196, fr=0.887
j:0, 1, stif=0.91
j:2, 1, stif=0.827
n:j=1, d=|
n:j=1, d=@:p=0.864
n:j=1, d=G
c:0, 2, 0.27
c:1, 2, 0.854
",0.0012516838850752888,"//0
p:0.259, -0.279, -0.397, fr=0.249
p:0.712, -1.906, -0.399
p:0.3326140376044115, 0.04212531968505906, -0.15389987690913196, fr=0.887
j:0, 1, stif=0.91
j:2, 1, stif=0.827
n:j=1, d=|
n:j=1, d=@:p=0.864
n:j=1, d=G
c:0, 2, 0.27
c:1, 2, 2.882
",3.843869099775407e-05,feasible,21
20,0,20,"//0
p:0.259, -0.279, -0.397, fr=0.249
p:0.712, -1.906, -0.399
p:0.3326140376044115, 0.04212531968505906, -0.15389987690913196, fr=0.887
j:0, 1, stif=0.91
j:2, 1, stif=0.827
n:j=1, d=|
n:j=1, d=@:p=0.864
n:j=1, d=G
c:0, 2, 0.27
c:1, 2, 0.854
",0.0012516838850752888,"//0
p:0.259, -0.279, -0.397, fr=0.249
p:0.712, -1.906, -0.399
p:0.3326140376044115, 0.04212531968505906, -0.15389987690913196, fr=0.887
j:0, 1, stif=0.91
j:2, 1, stif=0.827
n:j=1, d=|
n:j=1, d=@:p=0.864
n:j=1, d=G
c:0, 2, 0.27
c:1, 2, 1.366
",0.00041304659430568895,feasible,21
20,0,20,"//0
p:0.259, -0.279, -0.397, fr=0.249
p:0.712, -1.906, -0.399
p:0.3326140376044115, 0.04212531968505906, -0.15389987690913196, fr=0.887
j:0, 1, stif=0.91
j:2, 1, stif=0.827
n:j=1, d=|
n:j=1, d=@:p=0.864
n:j=1, d=G
c:0, 2, 0.27
c:1, 2, 0.854
",0.0012516838850752888,"//0
p:0.259, -0.279, -0.397, fr=0.249
p:0.712, -1.906, -0.399
p:0.3326140376044115, 0.04212531968505906, -0.15389987690913196, fr=0.887
j:1, 0, stif=0.91
j:2, 0, stif=0.827
n:j=1, d=|
n:j=1, d=@:p=0.864
n:j=1, d=G
c:0, 2, 0.27
c:1, 2, 0.854
",5.582259722636811e-07,feasible,21
20,0,20,"//0
p:0.259, -0.279, -0.397, fr=0.249
p:0.712, -1.906, -0.399
p:0.3326140376044115, 0.04212531968505906, -0.15389987690913196, fr=0.887
j:0, 1, stif=0.91
j:2, 1, stif=0.827
n:j=1, d=|
n:j=1, d=@:p=0.864
n:j=1, d=G
c:0, 2, 0.27
c:1, 2, 0.854
",0.0012516838850752888,"//0
p:0.259, -0.279, -0.397, fr=0.249
p:0.712, -1.906, -0.399
p:0.3326140376044115, 0.04212531968505906, -0.15389987690913196, fr=1.131
j:0, 1, stif=0.91
j:2, 1, stif=0.827
n:j=1, d=|
n:j=1, d=@:p=0.864
n:j=1, d=G
c:0, 2, 0.27
c:1, 2, 0.854
",0.0012310355228992303,feasible,21
20,0,21,"//0
p:0.259, -0.279, -0.397, fr=0.249
p:0.712, -1.906, -0.399
p:0.3326140376044115, 0.04212531968505906, -0.15389987690913196, fr=0.887
j:0, 1, stif=0.91
j:2, 1, stif=0.827
n:j=1, d=|:p=0.226
n:j=1, d=@:p=0.864
n:j=1, d=G
c:0, 2, 0.27
c:1, 2, 0.854
",0.0012578565374538038,"//0
p:0.259, -0.279, -0.397, fr=1.134
p:0.712, -1.906, -0.399
p:0.3326140376044115, 0.04212531968505906, -0.15389987690913196, fr=0.887
j:0, 1, stif=0.91
j:2, 1, stif=0.827
n:j=1, d=|:p=0.226
n:j=1, d=@:p=0.864
n:j=1, d=G
c:0, 2, 0.27
c:1, 2, 0.854
",0.0011345951674069927,feasible,21
20,0,21,"//0
p:0.259, -0.279, -0.397, fr=0.249
p:0.712, -1.906, -0.399
p:0.3326140376044115, 0.04212531968505906, -0.15389987690913196, fr=0.887
j:0, 1, stif=0.91
j:2, 1, stif=0.827
n:j=1, d=|:p=0.226
n:j=1, d=@:p=0.864
n:j=1, d=G
c:0, 2, 0.27
c:1, 2, 0.854
",0.0012578565374538038,"//0
p:0.712, -1.906, -0.399
p:0.3326140376044115, 0.04212531968505906, -0.15389987690913196, fr=0.887
j:1, 0, stif=0.827
n:j=0, d=|:p=0.226
n:j=0, d=@:p=0.864
n:j=0, d=G
c:0, 2, 0.27
c:1, 2, 0.854
",8.75142915693543e-05,feasible,21
20,0,21,"//0
p:0.259, -0.279, -0.397, fr=0.249
p:0.712, -1.906, -0.399
p:0.3326140376044115, 0.04212531968505906, -0.15389987690913196, fr=0.887
j:0, 1, stif=0.91
j:2, 1, stif=0.827
n:j=1, d=|:p=0.226
n:j=1, d=@:p=0.864
n:j=1, d=G
c:0, 2, 0.27
c:1, 2, 0.854
",0.0012578565374538038,"//0
p:0.259, -0.279, -0.397, fr=0.249
p:0.712, -1.906, -0.399
p:0.3326140376044115, 0.04212531968505906, -0.15389987690913196, fr=0.887
j:0, 1, stif=0.91
j:2, 1, stif=0.827
n:j=1, d=|:p=0.226
n:j=1, d=@:p=0.864
n:j=1, d=G
c:0, 2, 0.27
",0.0008291901731839374,feasible,21
20,0,21,"//0
p:0.259, -0.279, -0.397, fr=0.249
p:0.712, -1.906, -0.399
p:0.3326140376044115, 0.04212531968505906, -0.15389987690913196, fr=0.887
j:0, 1, stif=0.91
j:2, 1, stif=0.827
n:j=1, d=|:p=0.226
n:j=1, d=@:p=0.864
n:j=1, d=G
c:0, 2, 0.27
c:1, 2, 0.854
",0.0012578565374538038,"//0
p:0.259, -0.279, -0.397, fr=0.249
p:0.712, -1.906, -0.399
p:0.3326140376044115, 0.04212531968505906, -0.15389987690913196, fr=0.887
j:0, 1, stif=0.91
j:2, 1, stif=0.827
n:j=1, d=|:p=0.226
n:j=1, d=@:p=0.864
n:j=1, d=G
n:d=*
c:0, 2, 0.27
c:1, 2, 0.854
",0.0012578565374538038,feasible,21
20,0,21,"//0
p:0.259, -0.279, -0.397, fr=0.249
p:0.712, -1.906, -0.399
p:0.3326140376044115, 0.04212531968505906, -0.15389987690913196, fr=0.887
j:0, 1, stif=0.91
j:2, 1, stif=0.827
n:j=1, d=|:p=0.226
n:j=1, d=@:p=0.864
n:j=1, d=G
c:0, 2, 0.27
c:1, 2, 0.854
",0.0012578565374538038,"//0
p:0.259, -0.279, -0.397, fr=0.249
p:0.712, -1.906, -0.399
p:0.3326140376044115, 0.04212531968505906, -0.15389987690913196, fr=0.887
j:0, 2, stif=0.91
j:1, 2, stif=0.827
n:j=1, d=|:p=0.226
n:j=1, d=@:p=0.864
n:j=1, d=G
c:0, 2, 0.27
c:1, 2, 0.854
",6.599504756264255e-05,feasible,21
20,0,21,"//0
p:0.259, -0.279, -0.397, fr=0.249
p:0.712, -1.906, -0.399
p:0.3326140376044115, 0.04212531968505906, -0.15389987690913196, fr=0.887
j:0, 1, stif=0.91
j:2, 1, stif=0.827
n:j=1, d=|:p=0.226
n:j=1, d=@:p=0.864
n:j=1, d=G
c:0, 2, 0.27
c:1, 2, 0.854
",0.0012578565374538038,"//0
p:0.259, -0.279, -0.397, fr=0.249
p:0.712, -1.906, -0.399
p:0.3326140376044115, 0.04212531968505906, -0.15389987690913196, fr=0.887
p:-0.05, 0.335, -0.445
j:0, 1, stif=0.91
j:2, 1, stif=0.827
j:3, 0
n:j=1, d=|:p=0.226
n:j=1, d=@:p=0.864
n:j=1, d=G
c:0, 2, 0.27
c:1, 2, 0.854
",8.109051370185788e-05,feasible,21
20,0,21,"//0
p:0.259, -0.279, -0.397, fr=0.249
p:0.712, -1.906, -0.399
p:0.3326140376044115, 0.04212531968505906, -0.15389987690913196, fr=0.887
j:0, 1, stif=0.91
j:2, 1, stif=0.827
n:j=1, d=|:p=0.226
n:j=1, d=@:p=0.864
n:j=1, d=G
c:0, 2, 0.27
c:1, 2, 0.854
",0.0012578565374538038,"//0
p:0.259, -0.279, -0.397, fr=0.249
p:0.712, -1.906, -0.399
p:0.3326140376044115, 0.04212531968505906, -0.15389987690913196, fr=0.887
j:0, 1, stif=0.91
j:2, 1, stif=0.827
n:j=1, d=|:p=0.023
n:j=1, d=@:p=0.864
n:j=1, d=G
c:0, 2, 0.27
c:1, 2, 0.854
",4.935470618317202e-08,feasible,21
20,0,21,"//0
p:0.259, -0.279, -0.397, fr=0.249
p:0.712, -1.906, -0.399
p:0.3326140376044115, 0.04212531968505906, -0.15389987690913196, fr=0.887
j:0, 1, stif=0.91
j:2, 1, stif=0.827
n:j=1, d=|:p=0.226
n:j=1, d=@:p=0.864
n:j=1, d=G
c:0, 2, 0.27
c:1, 2, 0.854
",0.0012578565374538038,"//0
p:0.259, -0.279, -0.397, fr=0.249
p:0.712, -1.906, -0.399
p:0.3326140376044115, 0.04212531968505906, -0.15389987690913196, fr=0.887
j:0, 1, stif=0.91
j:2, 1, stif=0.827, rotstif=0.932
n:j=1, d=|:p=0.226
n:j=1, d=@:p=0.864
n:j=1, d=G
c:0, 2, 0.27
c:1, 2, 0.854
",0.0012578565374538038,feasible,21
20,0,21,"//0
p:0.259, -0.279, -0.397, fr=0.249
p:0.712, -1.906, -0.399
p:0.3326140376044115, 0.04212531968505906, -0.15389987690913196, fr=0.887
j:0, 1, stif=0.91
j:2, 1, stif=0.827
n:j=1, d=|:p=0.226
n:j=1, d=@:p=0.864
n:j=1, d=G
c:0, 2, 0.27
c:1, 2, 0.854
",0.0012578565374538038,"//0
p:0.259, -0.279, -0.397, fr=0.249
p:0.712, -1.906, -0.399
p:0.3326140376044115, 0.04212531968505906, -0.15389987690913196, fr=0.887
j:0, 1, stif=0.91, rotstif=0.968
j:2, 1, stif=0.827
n:j=1, d=|:p=0.226
n:j=1, d=@:p=0.864
n:j=1, d=G
c:0, 2, 0.27
c:1, 2, 0.854
",0.0012578565374538038,feasible,21
20,0,21,"//0
p:0.259, -0.279, -0.397, fr=0.249
p:0.712, -1.906, -0.399
p:0.3326140376044115, 0.04212531968505906, -0.15389987690913196, fr=0.887
j:0, 1, stif=0.91
j:2, 1, stif=0.827
n:j=1, d=|:p=0.226
n:j=1, d=@:p=0.864
n:j=1, d=G
c:0, 2, 0.27
c:1, 2, 0.854
",0.0012578565374538038,"//0
p:0.259, -0.279, -0.397, fr=0.249
p:0.712, -1.906, -0.399, fr=0.336
p:0.3326140376044115, 0.04212531968505906, -0.15389987690913196, fr=0.887
j:0, 1, stif=0.91
j:2, 1, stif=0.827
n:j=1, d=|:p=0.226
n:j=1, d=@:p=0.864
n:j=1, d=G
c:0, 2, 0.27
c:1, 2, 0.854
",0.0012352041075413555,feasible,21
20,0,21,"//0
p:0.259, -0.279, -0.397, fr=0.249
p:0.712, -1.906, -0.399
p:0.3326140376044115, 0.04212531968505906, -0.15389987690913196, fr=0.887
j:0, 1, stif=0.91
j:2, 1, stif=0.827
n:j=1, d=|:p=0.226
n:j=1, d=@:p=0.864
n:j=1, d=G
c:0, 2, 0.27
c:1, 2, 0.854
",0.0012578565374538038,"//0
p:0.259, -0.279, -0.397, fr=0.249
p:0.712, -1.906, -0.399
p:0.3326140376044115, 0.04212531968505906, -0.15389987690913196, fr=0.887
j:0, 1, stif=0.91
j:2, 1, stif=0.827
j:2, 0
n:j=1, d=|:p=0.226
n:j=1, d=@:p=0.864
n:j=1, d=G
c:0, 2, 0.27
c:1, 2, 0.854
",8.708880986381973e-05,feasible,21
20,0,21,"//0
p:0.259, -0.279, -0.397, fr=0.249
p:0.712, -1.906, -0.399
p:0.3326140376044115, 0.04212531968505906, -0.15389987690913196, fr=0.887
j:0, 1, stif=0.91
j:2, 1, stif=0.827
n:j=1, d=|:p=0.226
n:j=1, d=@:p=0.864
n:j=1, d=G
c:0, 2, 0.27
c:1, 2, 0.854
",0.0012578565374538038,"//0
p:0.259, -0.279, -0.397, fr=0.249
p:0.712, -1.906, -0.399
p:0.3326140376044115, 0.04212531968505906, -0.15389987690913196, fr=0.887
j:0, 1, stif=0.91
j:2, 1, stif=0.827
n:j=1, d=|:p=0.226
n:j=1, d=@:p=0.864
n:j=1, d=G
c:0, 2, -0.021
c:1, 2, 0.854
",0.0010366945015763322,feasible,21
20,0,21,"//0
p:0.259, -0.279, -0.397, fr=0.249
p:0.712, -1.906, -0.399
p:0.3326140376044115, 0.04212531968505906, -0.15389987690913196, fr=0.887
j:0, 1, stif=0.91
j:2, 1, stif=0.827
n:j=1, d=|:p=0.226
n:j=1, d=@:p=0.864
n:j=1, d=G
c:0, 2, 0.27
c:1, 2, 0.854
",0.0012578565374538038,"//0
p:0.259, -0.279, -0.397, fr=0.249
p:0.712, -1.906, -0.399
p:0.3326140376044115, 0.04212531968505906, -0.15389987690913196, fr=0.887
j:0, 1, stif=0.91
j:2, 1, stif=0.827, rotstif=0.942
n:j=1, d=|:p=0.226
n:j=1, d=@:p=0.864
n:j=1, d=G
c:0, 2, 0.27
c:1, 2, 0.854
",0.0012578565374538038,feasible,21
20,0,21,"//0
p:0.259, -0.279, -0.397, fr=0.249
p:0.712, -1.906, -0.399
p:0.3326140376044115, 0.04212531968505906, -0.15389987690913196, fr=0.887
j:0, 1, stif=0.91
j:2, 1, stif=0.827
n:j=1, d=|:p=0.226
n:j=1, d=@:p=0.864
n:j=1, d=G
c:0, 2, 0.27
c:1, 2, 0.854
",0.0012578565374538038,"//0
p:0.259, -0.279, -0.397, fr=0.249
p:0.712, -1.906, -0.399
p:0.3326140376044115, 0.04212531968505906, -0.15389987690913196, fr=0.887
j:2, 1, stif=0.91
j:0, 1, stif=0.827
n:j=1, d=|:p=0.226
n:j=1, d=@:p=0.864
n:j=1, d=G
c:0, 2, 0.27
c:1, 2, 0.854
",0.00011447592021678468,feasible,21
20,0,21,"//0
p:0.259, -0.279, -0.397, fr=0.249
p:0.712, -1.906, -0.399
p:0.3326140376044115, 0.04212531968505906, -0.15389987690913196, fr=0.887
j:0, 1, stif=0.91
j:2, 1, stif=0.827
n:j=1, d=|:p=0.226
n:j=1, d=@:p=0.864
n:j=1, d=G
c:0, 2, 0.27
c:1, 2, 0.854
",0.0012578565374538038,"//0
p:0.259, -0.279, -0.397, fr=0.249
p:0.712, -1.906, -0.399
p:0.3326140376044115, 0.04212531968505906, -0.15389987690913196, fr=0.887
j:0, 1, stif=0.966
j:2, 1, stif=0.827
n:j=1, d=|:p=0.226
n:j=1, d=@:p=0.864
n:j=1, d=G
c:0, 2, 0.27
c:1, 2, 0.854
",0.0012688253511715347,feasible,21
20,0,21,"//0
p:0.259, -0.279, -0.397, fr=0.249
p:0.712, -1.906, -0.399
p:0.3326140376044115, 0.04212531968505906, -0.15389987690913196, fr=0.887
j:0, 1, stif=0.91
j:2, 1, stif=0.827
n:j=1, d=|:p=0.226
n:j=1, d=@:p=0.864
n:j=1, d=G
c:0, 2, 0.27
c:1, 2, 0.854
",0.0012578565374538038,"//0
p:0.259, -0.279, -0.397, fr=0.249
p:0.712, -1.906, -0.399
p:0.3326140376044115, 0.04212531968505906, -0.15389987690913196, fr=0.887
j:0, 1, stif=0.91
j:2, 1, stif=0.827
n:j=1, d=|:p=0.226
n:j=1, d=@:p=0.864
n:j=1, d=G
c:1, 2, 0.854
",0.001037044719377745,feasible,21
20,0,21,"//0
p:0.259, -0.279, -0.397, fr=0.249
p:0.712, -1.906, -0.399
p:0.3326140376044115, 0.04212531968505906, -0.15389987690913196, fr=0.887
j:0, 1, stif=0.91
j:2, 1, stif=0.827
n:j=1, d=|:p=0.226
n:j=1, d=@:p=0.864
n:j=1, d=G
c:0, 2, 0.27
c:1, 2, 0.854
",0.0012578565374538038,"//0
p:0.259, -0.279, -0.397, fr=0.249
p:0.712, -1.906, -0.399
p:0.3326140376044115, 0.04212531968505906, -0.15389987690913196, fr=0.887
j:0, 1, stif=0.91
j:2, 1, stif=0.827
n:j=1, d=|:p=0.226
n:j=1, d=@:p=0.864
n:j=1, d=G
n:p=0, d=T
c:0, 2, 0.27
c:1, 2, 0.854
",0.0012578565374538038,feasible,21
20,0,21,"//0
p:0.259, -0.279, -0.397, fr=0.249
p:0.712, -1.906, -0.399
p:0.3326140376044115, 0.04212531968505906, -0.15389987690913196, fr=0.887
j:0, 1, stif=0.91
j:2, 1, stif=0.827
n:j=1, d=|:p=0.226
n:j=1, d=@:p=0.864
n:j=1, d=G
c:0, 2, 0.27
c:1, 2, 0.854
",0.0012578565374538038,"//0
p:0.259, -0.279, -0.397, fr=0.249
p:0.712, -1.906, -0.399
p:0.3326140376044115, 0.04212531968505906, -0.15389987690913196, fr=0.887
j:0, 1, stif=0.91
j:2, 1, stif=0.827
n:j=1, d=""|:p=0.226, r=0.953""
n:j=1, d=@:p=0.864
n:j=1, d=G
c:0, 2, 0.27
c:1, 2, 0.854
",0.001239739854236201,feasible,21
20,0,21,"//0
p:0.259, -0.279, -0.397, fr=0.249
p:0.712, -1.906, -0.399
p:0.3326140376044115, 0.04212531968505906, -0.15389987690913196, fr=0.887
j:0, 1, stif=0.91
j:2, 1, stif=0.827
n:j=1, d=|:p=0.226
n:j=1, d=@:p=0.864
n:j=1, d=G
c:0, 2, 0.27
c:1, 2, 0.854
",0.0012578565374538038,"//0
p:0.259, -0.279, -0.397, fr=0.249
p:0.712, -1.906, -0.399
p:0.3326140376044115, 0.04212531968505906, -0.15389987690913196, fr=0.978
j:0, 1, stif=0.91
j:2, 1, stif=0.827
n:j=1, d=|:p=0.226
n:j=1, d=@:p=0.864
n:j=1, d=G
c:0, 2, 0.27
c:1, 2, 0.854
",0.0012421337536166095,feasible,21
20,0,21,"//0
p:0.259, -0.279, -0.397, fr=0.249
p:0.712, -1.906, -0.399
p:0.3326140376044115, 0.04212531968505906, -0.15389987690913196, fr=0.887
j:0, 1, stif=0.91
j:2, 1, stif=0.827
n:j=1, d=|:p=0.226
n:j=1, d=@:p=0.864
n:j=1, d=G
c:0, 2, 0.27
c:1, 2, 0.854
",0.0012578565374538038,"//0
p:-0.074, -0.915, -1.033, fr=0.249
p:0.712, -1.906, -0.399
p:0.3326140376044115, 0.04212531968505906, -0.15389987690913196, fr=0.887
j:0, 1, stif=0.91
j:2, 1, stif=0.827
n:j=1, d=|:p=0.226
n:j=1, d=@:p=0.864
n:j=1, d=G
c:0, 2, 0.27
c:1, 2, 0.854
",0.0007510936055025205,feasible,21
20,0,22,"//0
p:0.259, -0.279, -0.397, fr=0.249
p:0.712, -1.906, -0.399
p:0.3326140376044115, 0.04212531968505906, -0.15389987690913196, fr=0.887
j:0, 1, stif=0.978
j:2, 1, stif=0.827
n:j=1, d=|:p=0.226
n:j=1, d=@:p=0.864
n:j=1, d=G
c:0, 2, 0.27
c:1, 2, 0.854
",0.0012594978509891147,"//0
p:0.259, -0.279, -0.397, fr=0.249
p:0.712, -1.906, -0.399
p:0.3326140376044115, 0.04212531968505906, -0.15389987690913196, fr=0.887
j:0, 1, stif=0.978
j:2, 1, stif=0.827
n:j=1, d=|:p=0.226
n:j=1, d=G
c:0, 1, 0.27
",0.0007521594880070296,feasible,21
20,0,22,"//0
p:0.259, -0.279, -0.397, fr=0.249
p:0.712, -1.906, -0.399
p:0.3326140376044115, 0.04212531968505906, -0.15389987690913196, fr=0.887
j:0, 1, stif=0.978
j:2, 1, stif=0.827
n:j=1, d=|:p=0.226
n:j=1, d=@:p=0.864
n:j=1, d=G
c:0, 2, 0.27
c:1, 2, 0.854
",0.0012594978509891147,"//0
p:0.259, -0.279, -0.397, fr=0.249
p:0.712, -1.906, -0.399
p:0.3326140376044115, 0.04212531968505906, -0.15389987690913196, fr=0.887
j:0, 2, stif=0.978
j:1, 2, stif=0.827
n:j=1, d=|:p=0.226
n:j=1, d=@:p=0.864
n:j=1, d=G
c:0, 2, 0.27
c:1, 2, 0.854
",7.310204293523453e-05,feasible,21
20,0,22,"//0
p:0.259, -0.279, -0.397, fr=0.249
p:0.712, -1.906, -0.399
p:0.3326140376044115, 0.04212531968505906, -0.15389987690913196, fr=0.887
j:0, 1, stif=0.978
j:2, 1, stif=0.827
n:j=1, d=|:p=0.226
n:j=1, d=@:p=0.864
n:j=1, d=G
c:0, 2, 0.27
c:1, 2, 0.854
",0.0012594978509891147,"//0
p:0.259, -0.279, -0.397, fr=0.249
p:0.712, -1.906, -0.399
p:0.3326140376044115, 0.04212531968505906, -0.15389987690913196, fr=0.887
j:0, 1, stif=0.978
j:2, 1, stif=0.827
n:j=1, d=|:p=0.226
n:j=1, d=@:p=0.864
n:j=1, d=G
c:1, 2, 0.854
",0.0010493056631162353,feasible,21
20,0,22,"//0
p:0.259, -0.279, -0.397, fr=0.249
p:0.712, -1.906, -0.399
p:0.3326140376044115, 0.04212531968505906, -0.15389987690913196, fr=0.887
j:0, 1, stif=0.978
j:2, 1, stif=0.827
n:j=1, d=|:p=0.226
n:j=1, d=@:p=0.864
n:j=1, d=G
c:0, 2, 0.27
c:1, 2, 0.854
",0.0012594978509891147,"//0
p:0.259, -0.279, -0.397, fr=0.249, ing=0.164
p:0.712, -1.906, -0.399
p:0.3326140376044115, 0.04212531968505906, -0.15389987690913196, fr=0.887
j:0, 1, stif=0.978
j:2, 1, stif=0.827
n:j=1, d=|:p=0.226
n:j=1, d=@:p=0.864
n:j=1, d=G
c:0, 2, 0.27
c:1, 2, 0.854
",0.0012594978509891147,feasible,21
20,0,22,"//0
p:0.259, -0.279, -0.397, fr=0.249
p:0.712, -1.906, -0.399
p:0.3326140376044115, 0.04212531968505906, -0.15389987690913196, fr=0.887
j:0, 1, stif=0.978
j:2, 1, stif=0.827
n:j=1, d=|:p=0.226
n:j=1, d=@:p=0.864
n:j=1, d=G
c:0, 2, 0.27
c:1, 2, 0.854
",0.0012594978509891147,"//0
p:0.259, -0.279, -0.397, fr=0.249
p:0.712, -1.906, -0.399
p:0.3326140376044115, 0.04212531968505906, -0.15389987690913196, fr=0.887, ing=0.315
j:0, 1, stif=0.978
j:2, 1, stif=0.827
n:j=1, d=|:p=0.226
n:j=1, d=@:p=0.864
n:j=1, d=G
c:0, 2, 0.27
c:1, 2, 0.854
",0.0012594978509891147,feasible,21
20,0,22,"//0
p:0.259, -0.279, -0.397, fr=0.249
p:0.712, -1.906, -0.399
p:0.3326140376044115, 0.04212531968505906, -0.15389987690913196, fr=0.887
j:0, 1, stif=0.978
j:2, 1, stif=0.827
n:j=1, d=|:p=0.226
n:j=1, d=@:p=0.864
n:j=1, d=G
c:0, 2, 0.27
c:1, 2, 0.854
",0.0012594978509891147,"//0
p:0.259, -0.279, -0.397, fr=0.249
p:0.712, -1.906, -0.399
p:0.3326140376044115, 0.04212531968505906, -0.15389987690913196, fr=0.887
j:2, 1, stif=0.978
j:0, 1, stif=0.827
n:j=1, d=|:p=0.226
n:j=1, d=@:p=0.864
n:j=1, d=G
c:0, 2, 0.27
c:1, 2, 0.854
",0.00016732671509951072,feasible,21
20,0,22,"//0
p:0.259, -0.279, -0.397, fr=0.249
p:0.712, -1.906, -0.399
p:0.3326140376044115, 0.04212531968505906, -0.15389987690913196, fr=0.887
j:0, 1, stif=0.978
j:2, 1, stif=0.827
n:j=1, d=|:p=0.226
n:j=1, d=@:p=0.864
n:j=1, d=G
c:0, 2, 0.27
c:1, 2, 0.854
",0.0012594978509891147,"//0
p:0.259, -0.279, -0.397, fr=0.249
p:0.712, -1.906, -0.399
p:0.3326140376044115, 0.04212531968505906, -0.15389987690913196, fr=0.887
j:0, 1, stif=0.978, rotstif=0.902
j:2, 1, stif=0.827
n:j=1, d=|:p=0.226
n:j=1, d=@:p=0.864
n:j=1, d=G
c:0, 2, 0.27
c:1, 2, 0.854
",0.0012594978509891147,feasible,21
20,0,22,"//0
p:0.259, -0.279, -0.397, fr=0.249
p:0.712, -1.906, -0.399
p:0.3326140376044115, 0.04212531968505906, -0.15389987690913196, fr=0.887
j:0, 1, stif=0.978
j:2, 1, stif=0.827
n:j=1, d=|:p=0.226
n:j=1, d=@:p=0.864
n:j=1, d=G
c:0, 2, 0.27
c:1, 2, 0.854
",0.0012594978509891147,"//0
p:0.259, -0.279, -0.397, fr=0.249
p:0.712, -1.906, -0.399
p:0.3326140376044115, 0.04212531968505906, -0.15389987690913196, fr=0.887
j:0, 1, stif=0.968
j:2, 1, stif=0.827
n:j=1, d=|:p=0.226
n:j=1, d=@:p=0.864
n:j=1, d=G
c:0, 2, 0.27
c:1, 2, 0.854
",0.0012595049770981759,feasible,21
20,0,22,"//0
p:0.259, -0.279, -0.397, fr=0.249
p:0.712, -1.906, -0.399
p:0.3326140376044115, 0.04212531968505906, -0.15389987690913196, fr=0.887
j:0, 1, stif=0.978
j:2, 1, stif=0.827
n:j=1, d=|:p=0.226
n:j=1, d=@:p=0.864
n:j=1, d=G
c:0, 2, 0.27
c:1, 2, 0.854
",0.0012594978509891147,"//0
p:0.259, -0.279, -0.397, fr=0.249
p:0.712, -1.906, -0.399
p:0.3326140376044115, 0.04212531968505906, -0.15389987690913196, fr=0.887
p:-0.06, 0.177, 0.31
j:0, 1, stif=0.978
j:2, 1, stif=0.827
j:3, 2
n:j=1, d=|:p=0.226
n:j=1, d=@:p=0.864
n:j=1, d=G
c:0, 2, 0.27
c:1, 2, 0.854
",0.00022966277352779135,feasible,21
20,0,22,"//0
p:0.259, -0.279, -0.397, fr=0.249
p:0.712, -1.906, -0.399
p:0.3326140376044115, 0.04212531968505906, -0.15389987690913196, fr=0.887
j:0, 1, stif=0.978
j:2, 1, stif=0.827
n:j=1, d=|:p=0.226
n:j=1, d=@:p=0.864
n:j=1, d=G
c:0, 2, 0.27
c:1, 2, 0.854
",0.0012594978509891147,"//0
p:0.259, -0.279, -0.397, fr=0.249
p:0.712, -1.906, -0.399
p:0.3326140376044115, 0.04212531968505906, -0.15389987690913196, fr=0.887
j:1, 0, stif=0.978
j:2, 0, stif=0.827
n:j=1, d=|:p=0.226
n:j=1, d=@:p=0.864
n:j=1, d=G
c:0, 2, 0.27
c:1, 2, 0.854
",9.291175611443726e-07,feasible,21
20,0,22,"//0
p:0.259, -0.279, -0.397, fr=0.249
p:0.712, -1.906, -0.399
p:0.3326140376044115, 0.04212531968505906, -0.15389987690913196, fr=0.887
j:0, 1, stif=0.978
j:2, 1, stif=0.827
n:j=1, d=|:p=0.226
n:j=1, d=@:p=0.864
n:j=1, d=G
c:0, 2, 0.27
c:1, 2, 0.854
",0.0012594978509891147,"//0
p:0.259, -0.279, -0.397, fr=0.249
p:0.712, -1.906, -0.399
p:0.3326140376044115, 0.04212531968505906, -0.15389987690913196, fr=0.887
p:-0.559, -0.29, 1.557
j:0, 1, stif=0.978
j:2, 1, stif=0.827
j:3, 2
n:j=1, d=|:p=0.226
n:j=1, d=@:p=0.864
n:j=1, d=G
c:0, 2, 0.27
c:1, 2, 0.854
",5.838485938602899e-06,feasible,21
20,0,22,"//0
p:0.259, -0.279, -0.397, fr=0.249
p:0.712, -1.906, -0.399
p:0.3326140376044115, 0.04212531968505906, -0.15389987690913196, fr=0.887
j:0, 1, stif=0.978
j:2, 1, stif=0.827
n:j=1, d=|:p=0.226
n:j=1, d=@:p=0.864
n:j=1, d=G
c:0, 2, 0.27
c:1, 2, 0.854
",0.0012594978509891147,"//0
p:0.259, -0.279, -0.397, fr=0.249
p:0.712, -1.906, -0.399
p:0.3326140376044115, 0.04212531968505906, -0.15389987690913196, fr=0.503
j:0, 1, stif=0.978
j:2, 1, stif=0.827
n:j=1, d=|:p=0.226
n:j=1, d=@:p=0.864
n:j=1, d=G
c:0, 2, 0.27
c:1, 2, 0.854
",0.0011817898272211307,feasible,21
20,0,22,"//0
p:0.259, -0.279, -0.397, fr=0.249
p:0.712, -1.906, -0.399
p:0.3326140376044115, 0.04212531968505906, -0.15389987690913196, fr=0.887
j:0, 1, stif=0.978
j:2, 1, stif=0.827
n:j=1, d=|:p=0.226
n:j=1, d=@:p=0.864
n:j=1, d=G
c:0, 2, 0.27
c:1, 2, 0.854
",0.0012594978509891147,"//0
p:0.259, -0.279, -0.397, fr=0.249
p:0.712, -1.906, -0.399
p:0.3326140376044115, 0.04212531968505906, -0.15389987690913196, fr=0.887
j:0, 1, stif=0.978
j:2, 1, stif=0.827, rotstif=0.893
n:j=1, d=|:p=0.226
n:j=1, d=@:p=0.864
n:j=1, d=G
c:0, 2, 0.27
c:1, 2, 0.854
",0.0012594978509891147,feasible,21
20,0,22,"//0
p:0.259, -0.279, -0.397, fr=0.249
p:0.712, -1.906, -0.399
p:0.3326140376044115, 0.04212531968505906, -0.15389987690913196, fr=0.887
j:0, 1, stif=0.978
j:2, 1, stif=0.827
n:j=1, d=|:p=0.226
n:j=1, d=@:p=0.864
n:j=1, d=G
c:0, 2, 0.27
c:1, 2, 0.854
",0.0012594978509891147,"//0
p:0.259, -0.279, -0.397, fr=0.249
p:0.712, -1.906, -0.399
p:0.3326140376044115, 0.04212531968505906, -0.15389987690913196, fr=0.887
p:-0.774, -0.439, -0.518
j:0, 1, stif=0.978
j:2, 1, stif=0.827
j:3, 0
n:j=1, d=|:p=0.226
n:j=1, d=@:p=0.864
n:j=1, d=G
c:0, 2, 0.27
c:1, 2, 0.854
",1.137722342876744e-07,feasible,21
20,0,22,"//0
p:0.259, -0.279, -0.397, fr=0.249
p:0.712, -1.906, -0.399
p:0.3326140376044115, 0.04212531968505906, -0.15389987690913196, fr=0.887
j:0, 1, stif=0.978
j:2, 1, stif=0.827
n:j=1, d=|:p=0.226
n:j=1, d=@:p=0.864
n:j=1, d=G
c:0, 2, 0.27
c:1, 2, 0.854
",0.0012594978509891147,"//0
p:0.259, -0.279, -0.397, fr=0.249
p:0.712, -1.906, -0.399
p:0.3326140376044115, 0.04212531968505906, -0.15389987690913196, fr=0.887
j:0, 1, stif=0.978
j:2, 1, stif=0.827
n:j=1, d=|:p=0.226
n:j=1, d=@:p=0.864
n:j=1, d=G
n:j=0, d=|
c:0, 2, 0.27
c:1, 2, 0.854
c:3, 2, -0.047
",0.0007145721851431055,feasible,21
20,0,22,"//0
p:0.259, -0.279, -0.397, fr=0.249
p:0.712, -1.906, -0.399
p:0.3326140376044115, 0.04212531968505906, -0.15389987690913196, fr=0.887
j:0, 1, stif=0.978
j:2, 1, stif=0.827
n:j=1, d=|:p=0.226
n:j=1, d=@:p=0.864
n:j=1, d=G
c:0, 2, 0.27
c:1, 2, 0.854
",0.0012594978509891147,"//0
p:0.259, -0.279, -0.397, fr=0.249
p:0.712, -1.906, -0.399
p:0.3326140376044115, 0.04212531968505906, -0.15389987690913196, fr=0.887, ing=0.215
j:0, 1, stif=0.978
j:2, 1, stif=0.827
n:j=1, d=|:p=0.226
n:j=1, d=@:p=0.864
n:j=1, d=G
c:0, 2, 0.27
c:1, 2, 0.854
",0.0012594978509891147,feasible,21
20,0,22,"//0
p:0.259, -0.279, -0.397, fr=0.249
p:0.712, -1.906, -0.399
p:0.3326140376044115, 0.04212531968505906, -0.15389987690913196, fr=0.887
j:0, 1, stif=0.978
j:2, 1, stif=0.827
n:j=1, d=|:p=0.226
n:j=1, d=@:p=0.864
n:j=1, d=G
c:0, 2, 0.27
c:1, 2, 0.854
",0.0012594978509891147,"//0
p:0.259, -0.279, -0.397, fr=0.249
p:0.712, -1.906, -0.399, ing=0.181
p:0.3326140376044115, 0.04212531968505906, -0.15389987690913196, fr=0.887
j:0, 1, stif=0.978
j:2, 1, stif=0.827
n:j=1, d=|:p=0.226
n:j=1, d=@:p=0.864
n:j=1, d=G
c:0, 2, 0.27
c:1, 2, 0.854
",0.0012594978509891147,feasible,21
20,0,22,"//0
p:0.259, -0.279, -0.397, fr=0.249
p:0.712, -1.906, -0.399
p:0.3326140376044115, 0.04212531968505906, -0.15389987690913196, fr=0.887
j:0, 1, stif=0.978
j:2, 1, stif=0.827
n:j=1, d=|:p=0.226
n:j=1, d=@:p=0.864
n:j=1, d=G
c:0, 2, 0.27
c:1, 2, 0.854
",0.0012594978509891147,"//0
p:0.259, -0.279, -0.397, fr=0.249
p:0.712, -1.906, -0.399
p:0.3326140376044115, 0.04212531968505906, -0.15389987690913196, fr=0.887
j:0, 1, stif=0.978
j:2, 1, stif=0.827
n:j=1, d=|:p=0.226
n:j=1, d=@:p=0.864
n:j=1, d=G
c:0, 2, 3.571
c:1, 2, 0.854
",0.00031334356299997346,feasible,21
20,0,22,"//0
p:0.259, -0.279, -0.397, fr=0.249
p:0.712, -1.906, -0.399
p:0.3326140376044115, 0.04212531968505906, -0.15389987690913196, fr=0.887
j:0, 1, stif=0.978
j:2, 1, stif=0.827
n:j=1, d=|:p=0.226
n:j=1, d=@:p=0.864
n:j=1, d=G
c:0, 2, 0.27
c:1, 2, 0.854
",0.0012594978509891147,"//0
p:0.259, -0.279, -0.397, fr=0.249
p:0.712, -1.906, -0.399
p:0.3326140376044115, 0.04212531968505906, -0.15389987690913196, fr=0.887
j:0, 1, stif=0.978
j:2, 1, stif=0.827
n:j=1, d=|:p=0.226
n:j=1, d=@:p=0.864
n:j=1, d=G
c:0, 2, 0.27
",0.0008438097831125516,feasible,21
20,0,22,"//0
p:0.259, -0.279, -0.397, fr=0.249
p:0.712, -1.906, -0.399
p:0.3326140376044115, 0.04212531968505906, -0.15389987690913196, fr=0.887
j:0, 1, stif=0.978
j:2, 1, stif=0.827
n:j=1, d=|:p=0.226
n:j=1, d=@:p=0.864
n:j=1, d=G
c:0, 2, 0.27
c:1, 2, 0.854
",0.0012594978509891147,"//0
p:0.259, -0.279, -0.397, fr=0.249
p:0.712, -1.906, -0.399
p:0.3326140376044115, 0.04212531968505906, -0.15389987690913196, fr=0.887
j:0, 1, stif=0.978
j:2, 1, stif=0.827
n:j=1, d=|:p=0.226
n:j=1, d=@:p=0.82
n:j=1, d=G
c:0, 2, 0.27
c:1, 2, 0.854
",0.0012642551666727248,feasible,21
20,0,23,"//0
p:0.259, -0.279, -0.397, fr=0.249
p:0.712, -1.906, -0.399
p:0.3326140376044115, 0.04212531968505906, -0.15389987690913196, fr=0.887
j:0, 1, stif=0.978
j:2, 1, stif=0.827
n:j=1, d=|:p=0.226
n:j=1, d=@:p=0.751
n:j=1, d=G
c:0, 2, 0.27
c:1, 2, 0.854
",0.0012602754218488971,"//0
p:0.259, -0.279, -0.397, fr=0.249
p:0.712, -1.906, -0.399
p:0.3326140376044115, 0.04212531968505906, -0.15389987690913196, fr=1.819
j:0, 1, stif=0.978
j:2, 1, stif=0.827
n:j=1, d=|:p=0.226
n:j=1, d=@:p=0.751
n:j=1, d=G
c:0, 2, 0.27
c:1, 2, 0.854
",0.0009469962923404539,feasible,20
20,0,23,"//0
p:0.259, -0.279, -0.397, fr=0.249
p:0.712, -1.906, -0.399
p:0.3326140376044115, 0.04212531968505906, -0.15389987690913196, fr=0.887
j:0, 1, stif=0.978
j:2, 1, stif=0.827
n:j=1, d=|:p=0.226
n:j=1, d=@:p=0.751
n:j=1, d=G
c:0, 2, 0.27
c:1, 2, 0.854
",0.0012602754218488971,"//0
p:0.259, -0.279, -0.397, fr=0.249, ing=0.239
p:0.712, -1.906, -0.399
p:0.3326140376044115, 0.04212531968505906, -0.15389987690913196, fr=0.887
j:0, 1, stif=0.978
j:2, 1, stif=0.827
n:j=1, d=|:p=0.226
n:j=1, d=@:p=0.751
n:j=1, d=G
c:0, 2, 0.27
c:1, 2, 0.854
",0.0012602754218488971,feasible,20
20,0,23,"//0
p:0.259, -0.279, -0.397, fr=0.249
p:0.712, -1.906, -0.399
p:0.3326140376044115, 0.04212531968505906, -0.15389987690913196, fr=0.887
j:0, 1, stif=0.978
j:2, 1, stif=0.827
n:j=1, d=|:p=0.226
n:j=1, d=@:p=0.751
n:j=1, d=G
c:0, 2, 0.27
c:1, 2, 0.854
",0.0012602754218488971,"//0
p:0.259, -0.279, -0.397, fr=0.249
p:0.712, -1.906, -0.399
p:0.3326140376044115, 0.04212531968505906, -0.15389987690913196, fr=0.887
j:0, 1, stif=0.978
j:2, 1, stif=0.827
n:j=1, d=""|:p=0.226, r=0.935""
n:j=1, d=@:p=0.751
n:j=1, d=G
c:0, 2, 0.27
c:1, 2, 0.854
",0.0012543562917080554,feasible,20
20,0,23,"//0
p:0.259, -0.279, -0.397, fr=0.249
p:0.712, -1.906, -0.399
p:0.3326140376044115, 0.04212531968505906, -0.15389987690913196, fr=0.887
j:0, 1, stif=0.978
j:2, 1, stif=0.827
n:j=1, d=|:p=0.226
n:j=1, d=@:p=0.751
n:j=1, d=G
c:0, 2, 0.27
c:1, 2, 0.854
",0.0012602754218488971,"//0
p:0.259, -0.279, -0.397, fr=0.249, ing=0.314
p:0.712, -1.906, -0.399
p:0.3326140376044115, 0.04212531968505906, -0.15389987690913196, fr=0.887
j:0, 1, stif=0.978
j:2, 1, stif=0.827
n:j=1, d=|:p=0.226
n:j=1, d=@:p=0.751
n:j=1, d=G
c:0, 2, 0.27
c:1, 2, 0.854
",0.0012602754218488971,feasible,20
20,0,23,"//0
p:0.259, -0.279, -0.397, fr=0.249
p:0.712, -1.906, -0.399
p:0.3326140376044115, 0.04212531968505906, -0.15389987690913196, fr=0.887
j:0, 1, stif=0.978
j:2, 1, stif=0.827
n:j=1, d=|:p=0.226
n:j=1, d=@:p=0.751
n:j=1, d=G
c:0, 2, 0.27
c:1, 2, 0.854
",0.0012602754218488971,"//0
p:0.259, -0.279, -0.397, fr=0.249
p:0.799, -2.105, -0.614
p:0.38352532953977253, -0.19225764375321952, -0.20412499853555488, fr=0.887
j:0, 1, stif=0.978
j:2, 1, stif=0.827
n:j=1, d=|:p=0.226
n:j=1, d=@:p=0.751
n:j=1, d=G
c:0, 2, 0.27
c:1, 2, 0.854
",0.000951024415399841,feasible,20
20,0,23,"//0
p:0.259, -0.279, -0.397, fr=0.249
p:0.712, -1.906, -0.399
p:0.3326140376044115, 0.04212531968505906, -0.15389987690913196, fr=0.887
j:0, 1, stif=0.978
j:2, 1, stif=0.827
n:j=1, d=|:p=0.226
n:j=1, d=@:p=0.751
n:j=1, d=G
c:0, 2, 0.27
c:1, 2, 0.854
",0.0012602754218488971,"//0
p:0.259, -0.279, -0.397, fr=0.249
p:0.712, -1.906, -0.399
p:-0.383, -0.592, -0.016, fr=0.887
j:0, 1, stif=0.978
j:2, 1, stif=0.827
n:j=1, d=|:p=0.226
n:j=1, d=@:p=0.751
n:j=1, d=G
c:0, 2, 0.27
c:1, 2, 0.854
",0.00025189836577884457,feasible,20
20,0,23,"//0
p:0.259, -0.279, -0.397, fr=0.249
p:0.712, -1.906, -0.399
p:0.3326140376044115, 0.04212531968505906, -0.15389987690913196, fr=0.887
j:0, 1, stif=0.978
j:2, 1, stif=0.827
n:j=1, d=|:p=0.226
n:j=1, d=@:p=0.751
n:j=1, d=G
c:0, 2, 0.27
c:1, 2, 0.854
",0.0012602754218488971,"//0
p:0.712, -1.906, -0.399
p:0.3326140376044115, 0.04212531968505906, -0.15389987690913196, fr=0.887
j:1, 0, stif=0.827
n:j=0, d=|:p=0.226
n:j=0, d=@:p=0.751
n:j=0, d=G
c:0, 2, 0.27
c:1, 2, 0.854
",0.0014024358604828129,feasible,20
20,0,23,"//0
p:0.259, -0.279, -0.397, fr=0.249
p:0.712, -1.906, -0.399
p:0.3326140376044115, 0.04212531968505906, -0.15389987690913196, fr=0.887
j:0, 1, stif=0.978
j:2, 1, stif=0.827
n:j=1, d=|:p=0.226
n:j=1, d=@:p=0.751
n:j=1, d=G
c:0, 2, 0.27
c:1, 2, 0.854
",0.0012602754218488971,"//0
p:0.259, -0.279, -0.397, fr=0.249
p:0.712, -1.906, -0.399
p:0.3326140376044115, 0.04212531968505906, -0.15389987690913196, fr=0.887
j:0, 1, stif=0.978
j:2, 1, stif=0.827, rotstif=0.978
n:j=1, d=|:p=0.226
n:j=1, d=@:p=0.751
n:j=1, d=G
c:0, 2, 0.27
c:1, 2, 0.854
",0.0012602754218488971,feasible,20
20,0,23,"//0
p:0.259, -0.279, -0.397, fr=0.249
p:0.712, -1.906, -0.399
p:0.3326140376044115, 0.04212531968505906, -0.15389987690913196, fr=0.887
j:0, 1, stif=0.978
j:2, 1, stif=0.827
n:j=1, d=|:p=0.226
n:j=1, d=@:p=0.751
n:j=1, d=G
c:0, 2, 0.27
c:1, 2, 0.854
",0.0012602754218488971,"//0
p:0.259, -0.279, -0.397, fr=0.249
p:0.712, -1.906, -0.399, fr=0.501
p:0.3326140376044115, 0.04212531968505906, -0.15389987690913196, fr=0.887
j:0, 1, stif=0.978
j:2, 1, stif=0.827
n:j=1, d=|:p=0.226
n:j=1, d=@:p=0.751
n:j=1, d=G
c:0, 2, 0.27
c:1, 2, 0.854
",0.0012503157219271243,feasible,20
20,0,23,"//0
p:0.259, -0.279, -0.397, fr=0.249
p:0.712, -1.906, -0.399
p:0.3326140376044115, 0.04212531968505906, -0.15389987690913196, fr=0.887
j:0, 1, stif=0.978
j:2, 1, stif=0.827
n:j=1, d=|:p=0.226
n:j=1, d=@:p=0.751
n:j=1, d=G
c:0, 2, 0.27
c:1, 2, 0.854
",0.0012602754218488971,"//0
p:0.259, -0.279, -0.397, fr=0.249
p:0.712, -1.906, -0.399
p:0.3326140376044115, 0.04212531968505906, -0.15389987690913196, fr=0.887
j:0, 1, stif=0.978, rotstif=0.962
j:2, 1, stif=0.827
n:j=1, d=|:p=0.226
n:j=1, d=@:p=0.751
n:j=1, d=G
c:0, 2, 0.27
c:1, 2, 0.854
",0.0012602754218488971,feasible,20
20,0,23,"//0
p:0.259, -0.279, -0.397, fr=0.249
p:0.712, -1.906, -0.399
p:0.3326140376044115, 0.04212531968505906, -0.15389987690913196, fr=0.887
j:0, 1, stif=0.978
j:2, 1, stif=0.827
n:j=1, d=|:p=0.226
n:j=1, d=@:p=0.751
n:j=1, d=G
c:0, 2, 0.27
c:1, 2, 0.854
",0.0012602754218488971,"//0
p:0.259, -0.279, -0.397, fr=0.249
p:0.712, -1.906, -0.399
p:0.3326140376044115, 0.04212531968505906, -0.15389987690913196, fr=0.887
j:0, 1, stif=0.978
j:2, 1, stif=0.827
n:j=1, d=|:p=0.226
n:j=1, d=@:p=0.751
n:j=1, d=G
n:p=2, d=T
c:0, 2, 0.27
c:1, 2, 0.854
",0.0012602754218488971,feasible,20
20,0,23,"//0
p:0.259, -0.279, -0.397, fr=0.249
p:0.712, -1.906, -0.399
p:0.3326140376044115, 0.04212531968505906, -0.15389987690913196, fr=0.887
j:0, 1, stif=0.978
j:2, 1, stif=0.827
n:j=1, d=|:p=0.226
n:j=1, d=@:p=0.751
n:j=1, d=G
c:0, 2, 0.27
c:1, 2, 0.854
",0.0012602754218488971,"//0
p:0.259, -0.279, -0.397, fr=0.249
p:0.712, -1.906, -0.399
p:0.3326140376044115, 0.04212531968505906, -0.15389987690913196, fr=0.887
j:0, 1, stif=0.982
j:2, 1, stif=0.827
n:j=1, d=|:p=0.226
n:j=1, d=@:p=0.751
n:j=1, d=G
c:0, 2, 0.27
c:1, 2, 0.854
",0.0012712790760859322,feasible,20
20,0,23,"//0
p:0.259, -0.279, -0.397, fr=0.249
p:0.712, -1.906, -0.399
p:0.3326140376044115, 0.04212531968505906, -0.15389987690913196, fr=0.887
j:0, 1, stif=0.978
j:2, 1, stif=0.827
n:j=1, d=|:p=0.226
n:j=1, d=@:p=0.751
n:j=1, d=G
c:0, 2, 0.27
c:1, 2, 0.854
",0.0012602754218488971,"//0
p:0.07928076979077292, -0.018307131246008357, -0.5873667937264111, fr=0.249
p:0.712, -1.906, -0.399
p:0.3326140376044115, 0.04212531968505906, -0.15389987690913196, fr=0.887
j:0, 1, stif=0.978
j:2, 1, stif=0.827
n:j=1, d=|:p=0.226
n:j=1, d=@:p=0.751
n:j=1, d=G
c:0, 2, 0.27
c:1, 2, 0.854
",0.0011328850263979987,feasible,20
20,0,23,"//0
p:0.259, -0.279, -0.397, fr=0.249
p:0.712, -1.906, -0.399
p:0.3326140376044115, 0.04212531968505906, -0.15389987690913196, fr=0.887
j:0, 1, stif=0.978
j:2, 1, stif=0.827
n:j=1, d=|:p=0.226
n:j=1, d=@:p=0.751
n:j=1, d=G
c:0, 2, 0.27
c:1, 2, 0.854
",0.0012602754218488971,"//0
p:0.28010196914894386, -0.372683467430476, -0.412397480785603, fr=0.249
p:0.714, -2.299, -0.729
p:0.4015106897385233, -0.38079453751042047, -0.2577906254673561, fr=0.887
j:0, 1, stif=0.978
j:2, 1, stif=0.827
n:j=1, d=|:p=0.226
n:j=1, d=@:p=0.751
n:j=1, d=G
c:0, 2, 0.27
c:1, 2, 0.854
",0.0009039820265657372,feasible,20
20,0,23,"//0
p:0.259, -0.279, -0.397, fr=0.249
p:0.712, -1.906, -0.399
p:0.3326140376044115, 0.04212531968505906, -0.15389987690913196, fr=0.887
j:0, 1, stif=0.978
j:2, 1, stif=0.827
n:j=1, d=|:p=0.226
n:j=1, d=@:p=0.751
n:j=1, d=G
c:0, 2, 0.27
c:1, 2, 0.854
",0.0012602754218488971,"//0
p:0.259, -0.279, -0.397, fr=0.249
p:0.712, -1.906, -0.399
p:0.3326140376044115, 0.04212531968505906, -0.15389987690913196, fr=0.887
j:0, 1, stif=0.978
j:2, 1, stif=0.827
n:j=1, d=""|:p=0.226, r=0.978""
n:j=1, d=@:p=0.751
n:j=1, d=G
c:0, 2, 0.27
c:1, 2, 0.854
",0.001266595250152708,feasible,20
20,0,23,"//0
p:0.259, -0.279, -0.397, fr=0.249
p:0.712, -1.906, -0.399
p:0.3326140376044115, 0.04212531968505906, -0.15389987690913196, fr=0.887
j:0, 1, stif=0.978
j:2, 1, stif=0.827
n:j=1, d=|:p=0.226
n:j=1, d=@:p=0.751
n:j=1, d=G
c:0, 2, 0.27
c:1, 2, 0.854
",0.0012602754218488971,"//0
p:0.259, -0.279, -0.397, fr=0.249
p:0.712, -1.906, -0.399
p:0.3326140376044115, 0.04212531968505906, -0.15389987690913196, fr=0.887
j:0, 1, stif=0.978
j:2, 1, stif=0.827
n:j=1, d=|:p=0.226
n:j=1, d=@:p=0.712
n:j=1, d=G
c:0, 2, 0.27
c:1, 2, 0.854
",0.0012420849738470213,feasible,20
20,0,23,"//0
p:0.259, -0.279, -0.397, fr=0.249
p:0.712, -1.906, -0.399
p:0.3326140376044115, 0.04212531968505906, -0.15389987690913196, fr=0.887
j:0, 1, stif=0.978
j:2, 1, stif=0.827
n:j=1, d=|:p=0.226
n:j=1, d=@:p=0.751
n:j=1, d=G
c:0, 2, 0.27
c:1, 2, 0.854
",0.0012602754218488971,"//0
p:0.259, -0.279, -0.397, fr=0.249
p:0.712, -1.906, -0.399, ing=0.319
p:0.3326140376044115, 0.04212531968505906, -0.15389987690913196, fr=0.887
j:0, 1, stif=0.978
j:2, 1, stif=0.827
n:j=1, d=|:p=0.226
n:j=1, d=@:p=0.751
n:j=1, d=G
c:0, 2, 0.27
c:1, 2, 0.854
",0.0012602754218488971,feasible,20
20,0,23,"//0
p:0.259, -0.279, -0.397, fr=0.249
p:0.712, -1.906, -0.399
p:0.3326140376044115, 0.04212531968505906, -0.15389987690913196, fr=0.887
j:0, 1, stif=0.978
j:2, 1, stif=0.827
n:j=1, d=|:p=0.226
n:j=1, d=@:p=0.751
n:j=1, d=G
c:0, 2, 0.27
c:1, 2, 0.854
",0.0012602754218488971,"//0
p:0.259, -0.279, -0.397, fr=0.249
p:0.712, -1.906, -0.399
p:0.3326140376044115, 0.04212531968505906, -0.15389987690913196, fr=0.887
j:0, 1, stif=0.978
j:2, 1, stif=0.827
n:j=1, d=|:p=0.226
n:j=1, d=@:p=0.751
n:j=1, d=G
n:p=1, d=Gpart
c:0, 2, 0.27
c:1, 2, 0.854
",0.0012602754218488971,feasible,20
20,0,23,"//0
p:0.259, -0.279, -0.397, fr=0.249
p:0.712, -1.906, -0.399
p:0.3326140376044115, 0.04212531968505906, -0.15389987690913196, fr=0.887
j:0, 1, stif=0.978
j:2, 1, stif=0.827
n:j=1, d=|:p=0.226
n:j=1, d=@:p=0.751
n:j=1, d=G
c:0, 2, 0.27
c:1, 2, 0.854
",0.0012602754218488971,"//0
p:0.259, -0.279, -0.397, fr=0.249
p:0.712, -1.906, -0.399
p:0.3326140376044115, 0.04212531968505906, -0.15389987690913196, fr=0.887
j:0, 1, stif=0.978
j:2, 1, stif=0.827, rotstif=0.948
n:j=1, d=|:p=0.226
n:j=1, d=@:p=0.751
n:j=1, d=G
c:0, 2, 0.27
c:1, 2, 0.854
",0.0012602754218488971,feasible,20
20,0,23,"//0
p:0.259, -0.279, -0.397, fr=0.249
p:0.712, -1.906, -0.399
p:0.3326140376044115, 0.04212531968505906, -0.15389987690913196, fr=0.887
j:0, 1, stif=0.978
j:2, 1, stif=0.827
n:j=1, d=|:p=0.226
n:j=1, d=@:p=0.751
n:j=1, d=G
c:0, 2, 0.27
c:1, 2, 0.854
",0.0012602754218488971,"//0
p:0.259, -0.279, -0.397, fr=0.249
p:0.712, -1.906, -0.399
p:0.3326140376044115, 0.04212531968505906, -0.15389987690913196, fr=0.887
j:0, 1, stif=0.978
j:2, 1, stif=0.623
n:j=1, d=|:p=0.226
n:j=1, d=@:p=0.751
n:j=1, d=G
c:0, 2, 0.27
c:1, 2, 0.854
",0.0011072114995046988,feasible,20
20,0,24,"//0
p:0.712, -1.906, -0.399
p:0.3326140376044115, 0.04212531968505906, -0.15389987690913196, fr=0.887
j:1, 0, stif=0.827
n:j=0, d=|:p=0.226
n:j=0, d=@:p=0.751
n:j=0, d=G
c:0, 2, 0.27
c:1, 2, 0.854
",0.0014024358604828129,"//0
p:0.712, -1.906, -0.399
p:0.3326140376044115, 0.04212531968505906, -0.15389987690913196, fr=0.887
j:1, 0, stif=0.827
n:j=0, d=|:p=0.226
n:j=0, d=@:p=0.751
n:j=0, d=G
c:0, 2, 0.27
c:1, 2, 0.26
",0.0018134030313133361,feasible,20
20,0,24,"//0
p:0.712, -1.906, -0.399
p:0.3326140376044115, 0.04212531968505906, -0.15389987690913196, fr=0.887
j:1, 0, stif=0.827
n:j=0, d=|:p=0.226
n:j=0, d=@:p=0.751
n:j=0, d=G
c:0, 2, 0.27
c:1, 2, 0.854
",0.0014024358604828129,"//0
p:0.712, -1.906, -0.399
p:0.3326140376044115, 0.04212531968505906, -0.15389987690913196, fr=0.887
j:1, 0, stif=0.827, rotstif=0.994
n:j=0, d=|:p=0.226
n:j=0, d=@:p=0.751
n:j=0, d=G
c:0, 2, 0.27
c:1, 2, 0.854
",0.0014024358604828129,feasible,20
20,0,24,"//0
p:0.712, -1.906, -0.399
p:0.3326140376044115, 0.04212531968505906, -0.15389987690913196, fr=0.887
j:1, 0, stif=0.827
n:j=0, d=|:p=0.226
n:j=0, d=@:p=0.751
n:j=0, d=G
c:0, 2, 0.27
c:1, 2, 0.854
",0.0014024358604828129,"//0
p:0.712, -1.906, -0.399, fr=0.311
p:0.3326140376044115, 0.04212531968505906, -0.15389987690913196, fr=0.887
j:1, 0, stif=0.827
n:j=0, d=|:p=0.226
n:j=0, d=@:p=0.751
n:j=0, d=G
c:0, 2, 0.27
c:1, 2, 0.854
",0.0011857473335024178,feasible,20
20,0,24,"//0
p:0.712, -1.906, -0.399
p:0.3326140376044115, 0.04212531968505906, -0.15389987690913196, fr=0.887
j:1, 0, stif=0.827
n:j=0, d=|:p=0.226
n:j=0, d=@:p=0.751
n:j=0, d=G
c:0, 2, 0.27
c:1, 2, 0.854
",0.0014024358604828129,"//0
p:0.712, -1.906, -0.399
p:0.3326140376044115, 0.04212531968505906, -0.15389987690913196, fr=0.887
j:1, 0, stif=0.827
n:j=0, d=|:p=0.226
n:j=0, d=@:p=0.751
n:j=0, d=G
c:0, 2, 3.219
c:1, 2, 0.854
",0.0027556967720001532,feasible,20
20,0,24,"//0
p:0.712, -1.906, -0.399
p:0.3326140376044115, 0.04212531968505906, -0.15389987690913196, fr=0.887
j:1, 0, stif=0.827
n:j=0, d=|:p=0.226
n:j=0, d=@:p=0.751
n:j=0, d=G
c:0, 2, 0.27
c:1, 2, 0.854
",0.0014024358604828129,"//0
p:0.712, -1.906, -0.399
p:0.3326140376044115, 0.04212531968505906, -0.15389987690913196, fr=0.887
j:1, 0, stif=0.827
n:j=0, d=|:p=0.226
n:j=0, d=@:p=0.72
n:j=0, d=G
c:0, 2, 0.27
c:1, 2, 0.854
",0.0006738333815550846,feasible,20
20,0,24,"//0
p:0.712, -1.906, -0.399
p:0.3326140376044115, 0.04212531968505906, -0.15389987690913196, fr=0.887
j:1, 0, stif=0.827
n:j=0, d=|:p=0.226
n:j=0, d=@:p=0.751
n:j=0, d=G
c:0, 2, 0.27
c:1, 2, 0.854
",0.0014024358604828129,"//0
p:0.712, -1.906, -0.399
p:0.3326140376044115, 0.04212531968505906, -0.15389987690913196, fr=0.887
j:1, 0, stif=0.827
n:j=0, d=""|:p=0.226, r=0.915""
n:j=0, d=@:p=0.751
n:j=0, d=G
c:0, 2, 0.27
c:1, 2, 0.854
",0.004330145344031058,feasible,20
20,0,24,"//0
p:0.712, -1.906, -0.399
p:0.3326140376044115, 0.04212531968505906, -0.15389987690913196, fr=0.887
j:1, 0, stif=0.827
n:j=0, d=|:p=0.226
n:j=0, d=@:p=0.751
n:j=0, d=G
c:0, 2, 0.27
c:1, 2, 0.854
",0.0014024358604828129,"//0
p:0.3326140376044115, 0.04212531968505906, -0.15389987690913196, fr=0.887
",0.0,feasible,20
20,0,24,"//0
p:0.712, -1.906, -0.399
p:0.3326140376044115, 0.04212531968505906, -0.15389987690913196, fr=0.887
j:1, 0, stif=0.827
n:j=0, d=|:p=0.226
n:j=0, d=@:p=0.751
n:j=0, d=G
c:0, 2, 0.27
c:1, 2, 0.854
",0.0014024358604828129,"//0
p:0.712, -1.906, -0.399
p:0.48, -0.046, -0.049, fr=0.887
j:1, 0, stif=0.827
n:j=0, d=|:p=0.226
n:j=0, d=@:p=0.751
n:j=0, d=G
c:0, 2, 0.27
c:1, 2, 0.854
",0.00013194372052142126,feasible,20
20,0,24,"//0
p:0.712, -1.906, -0.399
p:0.3326140376044115, 0.04212531968505906, -0.15389987690913196, fr=0.887
j:1, 0, stif=0.827
n:j=0, d=|:p=0.226
n:j=0, d=@:p=0.751
n:j=0, d=G
c:0, 2, 0.27
c:1, 2, 0.854
",0.0014024358604828129,"//0
p:0.712, -1.906, -0.399
p:0.3326140376044115, 0.04212531968505906, -0.15389987690913196, fr=0.887
j:1, 0, stif=0.827
n:j=0, d=|:p=0.226
n:j=0, d=@:p=0.751
n:j=0, d=G
c:0, 2, -3.662
c:1, 2, 0.854
",0.0028116639345691,feasible,20
20,0,24,"//0
p:0.712, -1.906, -0.399
p:0.3326140376044115, 0.04212531968505906, -0.15389987690913196, fr=0.887
j:1, 0, stif=0.827
n:j=0, d=|:p=0.226
n:j=0, d=@:p=0.751
n:j=0, d=G
c:0, 2, 0.27
c:1, 2, 0.854
",0.0014024358604828129,"//0
p:0.712, -1.906, -0.399
p:0.3326140376044115, 0.04212531968505906, -0.15389987690913196, fr=0.887, ing=0.362
j:1, 0, stif=0.827
n:j=0, d=|:p=0.226
n:j=0, d=@:p=0.751
n:j=0, d=G
c:0, 2, 0.27
c:1, 2, 0.854
",0.0014024358604828129,feasible,20
20,0,24,"//0
p:0.712, -1.906, -0.399
p:0.3326140376044115, 0.04212531968505906, -0.15389987690913196, fr=0.887
j:1, 0, stif=0.827
n:j=0, d=|:p=0.226
n:j=0, d=@:p=0.751
n:j=0, d=G
c:0, 2, 0.27
c:1, 2, 0.854
",0.0014024358604828129,"//0
p:0.309, -1.647, 0.364
p:0.3326140376044115, 0.04212531968505906, -0.15389987690913196, fr=0.887
j:1, 0, stif=0.827
n:j=0, d=|:p=0.226
n:j=0, d=@:p=0.751
n:j=0, d=G
c:0, 2, 0.27
c:1, 2, 0.854
",0.00018668123527131462,feasible,20
20,0,24,"//0
p:0.712, -1.906, -0.399
p:0.3326140376044115, 0.04212531968505906, -0.15389987690913196, fr=0.887
j:1, 0, stif=0.827
n:j=0, d=|:p=0.226
n:j=0, d=@:p=0.751
n:j=0, d=G
c:0, 2, 0.27
c:1, 2, 0.854
",0.0014024358604828129,"//0
p:0.712, -1.906, -0.399
p:0.3326140376044115, 0.04212531968505906, -0.15389987690913196, fr=0.887
j:1, 0, stif=0.827
n:j=0, d=|:p=0.226
n:j=0, d=@:p=0.751
n:j=0, d=G
n:p=1, d=T
c:0, 2, 0.27
c:1, 2, 0.854
",0.0014024358604828129,feasible,20
20,0,24,"//0
p:0.712, -1.906, -0.399
p:0.3326140376044115, 0.04212531968505906, -0.15389987690913196, fr=0.887
j:1, 0, stif=0.827
n:j=0, d=|:p=0.226
n:j=0, d=@:p=0.751
n:j=0, d=G
c:0, 2, 0.27
c:1, 2, 0.854
",0.0014024358604828129,"//0
p:0.712, -1.906, -0.399
p:0.3326140376044115, 0.04212531968505906, -0.15389987690913196, fr=0.887
j:1, 0, stif=0.827, rotstif=0.979
n:j=0, d=|:p=0.226
n:j=0, d=@:p=0.751
n:j=0, d=G
c:0, 2, 0.27
c:1, 2, 0.854
",0.0014024358604828129,feasible,20
20,0,24,"//0
p:0.712, -1.906, -0.399
p:0.3326140376044115, 0.04212531968505906, -0.15389987690913196, fr=0.887
j:1, 0, stif=0.827
n:j=0, d=|:p=0.226
n:j=0, d=@:p=0.751
n:j=0, d=G
c:0, 2, 0.27
c:1, 2, 0.854
",0.0014024358604828129,"//0
p:0.712, -1.906, -0.399
p:0.3326140376044115, 0.04212531968505906, -0.15389987690913196, fr=0.887
j:1, 0, stif=0.827, rotstif=0.951
n:j=0, d=|:p=0.226
n:j=0, d=@:p=0.751
n:j=0, d=G
c:0, 2, 0.27
c:1, 2, 0.854
",0.0014024358604828129,feasible,20
20,0,24,"//0
p:0.712, -1.906, -0.399
p:0.3326140376044115, 0.04212531968505906, -0.15389987690913196, fr=0.887
j:1, 0, stif=0.827
n:j=0, d=|:p=0.226
n:j=0, d=@:p=0.751
n:j=0, d=G
c:0, 2, 0.27
c:1, 2, 0.854
",0.0014024358604828129,"//0
p:0.712, -1.906, -0.399
p:0.3326140376044115, 0.04212531968505906, -0.15389987690913196, fr=0.887
j:1, 0, stif=0.827
n:j=0, d=|:p=0.226
n:j=0, d=@:p=0.751
n:j=0, d=G
c:0, 2, -1.097
c:1, 2, 0.854
",0.0003543706875814632,feasible,20
20,0,24,"//0
p:0.712, -1.906, -0.399
p:0.3326140376044115, 0.04212531968505906, -0.15389987690913196, fr=0.887
j:1, 0, stif=0.827
n:j=0, d=|:p=0.226
n:j=0, d=@:p=0.751
n:j=0, d=G
c:0, 2, 0.27
c:1, 2, 0.854
",0.0014024358604828129,"//0
p:0.712, -1.906, -0.399
p:0.3326140376044115, 0.04212531968505906, -0.15389987690913196, fr=0.887
j:1, 0, stif=0.827
n:j=0, d=|:p=0.226
n:j=0, d=@:p=0.751
n:j=0, d=G
c:0, 2, 0.27
c:1, 2, -0.257
",0.0019477674881535777,feasible,20
20,0,24,"//0
p:0.712, -1.906, -0.399
p:0.3326140376044115, 0.04212531968505906, -0.15389987690913196, fr=0.887
j:1, 0, stif=0.827
n:j=0, d=|:p=0.226
n:j=0, d=@:p=0.751
n:j=0, d=G
c:0, 2, 0.27
c:1, 2, 0.854
",0.0014024358604828129,"//0
p:0.712, -1.906, -0.399
p:0.3326140376044115, 0.04212531968505906, -0.15389987690913196, fr=0.887, ing=0.424
j:1, 0, stif=0.827
n:j=0, d=|:p=0.226
n:j=0, d=@:p=0.751
n:j=0, d=G
c:0, 2, 0.27
c:1, 2, 0.854
",0.0014024358604828129,feasible,20
20,0,24,"//0
p:0.712, -1.906, -0.399
p:0.3326140376044115, 0.04212531968505906, -0.15389987690913196, fr=0.887
j:1, 0, stif=0.827
n:j=0, d=|:p=0.226
n:j=0, d=@:p=0.751
n:j=0, d=G
c:0, 2, 0.27
c:1, 2, 0.854
",0.0014024358604828129,"//0
p:0.712, -1.906, -0.399
p:0.3326140376044115, 0.04212531968505906, -0.15389987690913196, fr=0.887
p:0.138, 1.217, -0.547
j:1, 0, stif=0.827
j:2, 1
n:j=0, d=|:p=0.226
n:j=0, d=@:p=0.751
n:j=0, d=G
c:0, 2, 0.27
c:1, 2, 0.854
",0.0002532253792487762,feasible,20
20,0,24,"//0
p:0.712, -1.906, -0.399
p:0.3326140376044115, 0.04212531968505906, -0.15389987690913196, fr=0.887
j:1, 0, stif=0.827
n:j=0, d=|:p=0.226
n:j=0, d=@:p=0.751
n:j=0, d=G
c:0, 2, 0.27
c:1, 2, 0.854
",0.0014024358604828129,"//0
p:0.712, -1.906, -0.399
p:0.3326140376044115, 0.04212531968505906, -0.15389987690913196, fr=0.887
j:1, 0, stif=0.827, rotstif=0.913
n:j=0, d=|:p=0.226
n:j=0, d=@:p=0.751
n:j=0, d=G
c:0, 2, 0.27
c:1, 2, 0.854
",0.0014024358604828129,feasible,20
20,0,24,"//0
p:0.712, -1.906, -0.399
p:0.3326140376044115, 0.04212531968505906, -0.15389987690913196, fr=0.887
j:1, 0, stif=0.827
n:j=0, d=|:p=0.226
n:j=0, d=@:p=0.751
n:j=0, d=G
c:0, 2, 0.27
c:1, 2, 0.854
",0.0014024358604828129,"//0
p:0.712, -1.906, -0.399
p:0.3326140376044115, 0.04212531968505906, -0.15389987690913196, fr=0.887
j:1, 0, stif=0.827
n:j=0, d=|:p=0.226
n:j=0, d=@:p=0.749
n:j=0, d=G
c:0, 2, 0.27
c:1, 2, 0.854
",0.003458947672831213,feasible,20
20,0,25,"//0
p:0.712, -1.906, -0.399
p:0.3326140376044115, 0.04212531968505906, -0.15389987690913196, fr=0.887
j:1, 0, stif=0.827
n:j=0, d=|:p=0.226
n:j=0, d=@:p=0.783
n:j=0, d=G
c:0, 2, 0.27
c:1, 2, 0.854
",0.003354503567806888,"//0
p:0.712, -1.906, -0.399
p:0.3326140376044115, 0.04212531968505906, -0.15389987690913196, fr=0.887
j:1, 0, stif=0.785
n:j=0, d=|:p=0.226
n:j=0, d=@:p=0.783
n:j=0, d=G
c:0, 2, 0.27
c:1, 2, 0.854
",0.0013760269055450643,feasible,21
20,0,25,"//0
p:0.712, -1.906, -0.399
p:0.3326140376044115, 0.04212531968505906, -0.15389987690913196, fr=0.887
j:1, 0, stif=0.827
n:j=0, d=|:p=0.226
n:j=0, d=@:p=0.783
n:j=0, d=G
c:0, 2, 0.27
c:1, 2, 0.854
",0.003354503567806888,"//0
p:0.6734192930263192, -1.7719576499303797, -0.3540005559368926
p:0.147, 0.057, 0.26, fr=0.887
j:1, 0, stif=0.827
n:j=0, d=|:p=0.226
n:j=0, d=@:p=0.783
n:j=0, d=G
c:0, 2, 0.27
c:1, 2, 0.854
",0.0005244199506166974,feasible,21
20,0,25,"//0
p:0.712, -1.906, -0.399
p:0.3326140376044115, 0.04212531968505906, -0.15389987690913196, fr=0.887
j:1, 0, stif=0.827
n:j=0, d=|:p=0.226
n:j=0, d=@:p=0.783
n:j=0, d=G
c:0, 2, 0.27
c:1, 2, 0.854
",0.003354503567806888,"//0
p:0.712, -1.906, -0.399
p:0.3326140376044115, 0.04212531968505906, -0.15389987690913196, fr=0.887
j:1, 0, stif=0.827
n:j=0, d=|:p=0.444
n:j=0, d=@:p=0.783
n:j=0, d=G
c:0, 2, 0.27
c:1, 2, 0.854
",0.00038108021716723206,feasible,21
20,0,25,"//0
p:0.712, -1.906, -0.399
p:0.3326140376044115, 0.04212531968505906, -0.15389987690913196, fr=0.887
j:1, 0, stif=0.827
n:j=0, d=|:p=0.226
n:j=0, d=@:p=0.783
n:j=0, d=G
c:0, 2, 0.27
c:1, 2, 0.854
",0.003354503567806888,"//0
p:0.6711321089431277, -1.6453221586214646, -0.26492237634338445
p:0.395, 0.116, 0.641, fr=0.887
j:1, 0, stif=0.827
n:j=0, d=|:p=0.226
n:j=0, d=@:p=0.783
n:j=0, d=G
c:0, 2, 0.27
c:1, 2, 0.854
",0.00019458389068336118,feasible,21
20,0,25,"//0
p:0.712, -1.906, -0.399
p:0.3326140376044115, 0.04212531968505906, -0.15389987690913196, fr=0.887
j:1, 0, stif=0.827
n:j=0, d=|:p=0.226
n:j=0, d=@:p=0.783
n:j=0, d=G
c:0, 2, 0.27
c:1, 2, 0.854
",0.003354503567806888,"//0
p:0.712, -1.906, -0.399
p:0.3326140376044115, 0.04212531968505906, -0.15389987690913196, fr=0.887
j:1, 0, stif=0.731
n:j=0, d=|:p=0.226
n:j=0, d=@:p=0.783
n:j=0, d=G
c:0, 2, 0.27
c:1, 2, 0.854
",0.0007631811057835306,feasible,21
20,0,25,"//0
p:0.712, -1.906, -0.399
p:0.3326140376044115, 0.04212531968505906, -0.15389987690913196, fr=0.887
j:1, 0, stif=0.827
n:j=0, d=|:p=0.226
n:j=0, d=@:p=0.783
n:j=0, d=G
c:0, 2, 0.27
c:1, 2, 0.854
",0.003354503567806888,"//0
p:0.712, -1.906, -0.399
p:0.3326140376044115, 0.04212531968505906, -0.15389987690913196, fr=0.887
j:1, 0, stif=0.827
n:j=0, d=|:p=0.226
n:j=0, d=@:p=0.918
n:j=0, d=G
c:0, 2, 0.27
c:1, 2, 0.854
",0.00029002232253658085,feasible,21
20,0,25,"//0
p:0.712, -1.906, -0.399
p:0.3326140376044115, 0.04212531968505906, -0.15389987690913196, fr=0.887
j:1, 0, stif=0.827
n:j=0, d=|:p=0.226
n:j=0, d=@:p=0.783
n:j=0, d=G
c:0, 2, 0.27
c:1, 2, 0.854
",0.003354503567806888,"//0
p:0.712, -1.906, -0.399
p:0.3326140376044115, 0.04212531968505906, -0.15389987690913196, fr=0.887
j:1, 0, stif=0.827
n:j=0, d=|:p=0.226
n:j=0, d=@:p=0.783
n:j=0, d=G
c:1, 2, 0.854
",4.333169230574252e-05,feasible,21
20,0,25,"//0
p:0.712, -1.906, -0.399
p:0.3326140376044115, 0.04212531968505906, -0.15389987690913196, fr=0.887
j:1, 0, stif=0.827
n:j=0, d=|:p=0.226
n:j=0, d=@:p=0.783
n:j=0, d=G
c:0, 2, 0.27
c:1, 2, 0.854
",0.003354503567806888,"//0
p:0.712, -1.906, -0.399
p:0.3326140376044115, 0.04212531968505906, -0.15389987690913196, fr=0.887
j:1, 0, stif=0.827
n:j=0, d=|:p=0.226
n:j=0, d=@:p=0.783
",8.856332736165067e-05,feasible,21
20,0,25,"//0
p:0.712, -1.906, -0.399
p:0.3326140376044115, 0.04212531968505906, -0.15389987690913196, fr=0.887
j:1, 0, stif=0.827
n:j=0, d=|:p=0.226
n:j=0, d=@:p=0.783
n:j=0, d=G
c:0, 2, 0.27
c:1, 2, 0.854
",0.003354503567806888,"//0
p:0.712, -1.906, -0.399
p:0.3326140376044115, 0.04212531968505906, -0.15389987690913196, fr=0.887
j:1, 0, stif=0.827
n:j=0, d=|:p=0.384
n:j=0, d=@:p=0.783
n:j=0, d=G
c:0, 2, 0.27
c:1, 2, 0.854
",0.0003981532346647865,feasible,21
20,0,25,"//0
p:0.712, -1.906, -0.399
p:0.3326140376044115, 0.04212531968505906, -0.15389987690913196, fr=0.887
j:1, 0, stif=0.827
n:j=0, d=|:p=0.226
n:j=0, d=@:p=0.783
n:j=0, d=G
c:0, 2, 0.27
c:1, 2, 0.854
",0.003354503567806888,"//0
p:0.712, -1.906, -0.399
p:0.3326140376044115, 0.04212531968505906, -0.15389987690913196, fr=0.887
j:1, 0, stif=0.827
n:j=0, d=|:p=0.226
n:j=0, d=@:p=0.927
n:j=0, d=G
c:0, 2, 0.27
c:1, 2, 0.854
",0.0005220929561832892,feasible,21
20,0,25,"//0
p:0.712, -1.906, -0.399
p:0.3326140376044115, 0.04212531968505906, -0.15389987690913196, fr=0.887
j:1, 0, stif=0.827
n:j=0, d=|:p=0.226
n:j=0, d=@:p=0.783
n:j=0, d=G
c:0, 2, 0.27
c:1, 2, 0.854
",0.003354503567806888,"//0
p:0.712, -1.906, -0.399
p:0.3326140376044115, 0.04212531968505906, -0.15389987690913196, fr=0.887
j:1, 0, stif=0.827
n:j=0, d=|:p=0.226
n:j=0, d=@:p=0.783
n:j=0, d=G
n:j=0, d=G
c:0, 2, 0.27
c:1, 2, 0.854
",0.003354503567806888,feasible,21
20,0,25,"//0
p:0.712, -1.906, -0.399
p:0.3326140376044115, 0.04212531968505906, -0.15389987690913196, fr=0.887
j:1, 0, stif=0.827
n:j=0, d=|:p=0.226
n:j=0, d=@:p=0.783
n:j=0, d=G
c:0, 2, 0.27
c:1, 2, 0.854
",0.003354503567806888,"//0
p:0.712, -1.906, -0.399
p:0.3326140376044115, 0.04212531968505906, -0.15389987690913196, fr=1.145
j:1, 0, stif=0.827
n:j=0, d=|:p=0.226
n:j=0, d=@:p=0.783
n:j=0, d=G
c:0, 2, 0.27
c:1, 2, 0.854
",0.0014118319900202861,feasible,21
20,0,25,"//0
p:0.712, -1.906, -0.399
p:0.3326140376044115, 0.04212531968505906, -0.15389987690913196, fr=0.887
j:1, 0, stif=0.827
n:j=0, d=|:p=0.226
n:j=0, d=@:p=0.783
n:j=0, d=G
c:0, 2, 0.27
c:1, 2, 0.854
",0.003354503567806888,"//0
p:0.712, -1.906, -0.399
p:0.3326140376044115, 0.04212531968505906, -0.15389987690913196, fr=0.887
j:1, 0, stif=0.827
n:j=0, d=|:p=0.226
n:j=0, d=@:p=0.996
n:j=0, d=G
c:0, 2, 0.27
c:1, 2, 0.854
",0.0004268531707927185,feasible,21
20,0,25,"//0
p:0.712, -1.906, -0.399
p:0.3326140376044115, 0.04212531968505906, -0.15389987690913196, fr=0.887
j:1, 0, stif=0.827
n:j=0, d=|:p=0.226
n:j=0, d=@:p=0.783
n:j=0, d=G
c:0, 2, 0.27
c:1, 2, 0.854
",0.003354503567806888,"//0
p:0.712, -1.906, -0.399
p:0.3326140376044115, 0.04212531968505906, -0.15389987690913196, fr=0.631
j:1, 0, stif=0.827
n:j=0, d=|:p=0.226
n:j=0, d=@:p=0.783
n:j=0, d=G
c:0, 2, 0.27
c:1, 2, 0.854
",0.0007143762513612962,feasible,21
20,0,25,"//0
p:0.712, -1.906, -0.399
p:0.3326140376044115, 0.04212531968505906, -0.15389987690913196, fr=0.887
j:1, 0, stif=0.827
n:j=0, d=|:p=0.226
n:j=0, d=@:p=0.783
n:j=0, d=G
c:0, 2, 0.27
c:1, 2, 0.854
",0.003354503567806888,"//0
p:0.3326140376044115, 0.04212531968505906, -0.15389987690913196, fr=0.887
",0.0,feasible,21
20,0,25,"//0
p:0.712, -1.906, -0.399
p:0.3326140376044115, 0.04212531968505906, -0.15389987690913196, fr=0.887
j:1, 0, stif=0.827
n:j=0, d=|:p=0.226
n:j=0, d=@:p=0.783
n:j=0, d=G
c:0, 2, 0.27
c:1, 2, 0.854
",0.003354503567806888,"//0
p:0.712, -1.906, -0.399
p:0.3326140376044115, 0.04212531968505906, -0.15389987690913196, fr=0.887
j:1, 0, stif=0.827
n:j=0, d=|:p=0.226
n:j=0, d=@:p=0.783
n:j=0, d=G
n:d=*
c:0, 2, 0.27
c:1, 2, 0.854
",0.003354503567806888,feasible,21
20,0,25,"//0
p:0.712, -1.906, -0.399
p:0.3326140376044115, 0.04212531968505906, -0.15389987690913196, fr=0.887
j:1, 0, stif=0.827
n:j=0, d=|:p=0.226
n:j=0, d=@:p=0.783
n:j=0, d=G
c:0, 2, 0.27
c:1, 2, 0.854
",0.003354503567806888,"//0
p:0.712, -1.906, -0.399, ing=0.329
p:0.3326140376044115, 0.04212531968505906, -0.15389987690913196, fr=0.887
j:1, 0, stif=0.827
n:j=0, d=|:p=0.226
n:j=0, d=@:p=0.783
n:j=0, d=G
c:0, 2, 0.27
c:1, 2, 0.854
",0.003354503567806888,feasible,21
20,0,25,"//0
p:0.712, -1.906, -0.399
p:0.3326140376044115, 0.04212531968505906, -0.15389987690913196, fr=0.887
j:1, 0, stif=0.827
n:j=0, d=|:p=0.226
n:j=0, d=@:p=0.783
n:j=0, d=G
c:0, 2, 0.27
c:1, 2, 0.854
",0.003354503567806888,"//0
p:0.854309633855457, -1.885357941091592, -0.2627209423242177
p:0.3326140376044115, 0.04212531968505906, -0.15389987690913196, fr=0.887
j:1, 0, stif=0.827
n:j=0, d=|:p=0.226
n:j=0, d=@:p=0.783
n:j=0, d=G
c:0, 2, 0.27
c:1, 2, 0.854
",0.0016148603526022125,feasible,21
20,0,25,"//0
p:0.712, -1.906, -0.399
p:0.3326140376044115, 0.04212531968505906, -0.15389987690913196, fr=0.887
j:1, 0, stif=0.827
n:j=0, d=|:p=0.226
n:j=0, d=@:p=0.783
n:j=0, d=G
c:0, 2, 0.27
c:1, 2, 0.854
",0.003354503567806888,"//0
p:0.712, -1.906, -0.399
p:0.3326140376044115, 0.04212531968505906, -0.15389987690913196, fr=0.804
j:1, 0, stif=0.827
n:j=0, d=|:p=0.226
n:j=0, d=@:p=0.783
n:j=0, d=G
c:0, 2, 0.27
c:1, 2, 0.854
",0.0032606404995504557,feasible,21
20,0,25,"//0
p:0.712, -1.906, -0.399
p:0.3326140376044115, 0.04212531968505906, -0.15389987690913196, fr=0.887
j:1, 0, stif=0.827
n:j=0, d=|:p=0.226
n:j=0, d=@:p=0.783
n:j=0, d=G
c:0, 2, 0.27
c:1, 2, 0.854
",0.003354503567806888,"//0
p:0.712, -1.906, -0.399, ing=0.27
p:0.3326140376044115, 0.04212531968505906, -0.15389987690913196, fr=0.887
j:1, 0, stif=0.827
n:j=0, d=|:p=0.226
n:j=0, d=@:p=0.783
n:j=0, d=G
c:0, 2, 0.27
c:1, 2, 0.854
",0.003354503567806888,feasible,21
20,0,26,"//0
p:0.712, -1.906, -0.399
p:0.3326140376044115, 0.04212531968505906, -0.15389987690913196, fr=0.887
j:1, 0, stif=0.827
n:j=0, d=|:p=0.226
n:j=0, d=@:p=0.783
n:j=0, d=G
c:0, 2, 2.014
c:1, 2, 0.854
",0.004022523008983678,"//0
p:0.712, -1.906, -0.399, ing=0.223
p:0.3326140376044115, 0.04212531968505906, -0.15389987690913196, fr=0.887
j:1, 0, stif=0.827
n:j=0, d=|:p=0.226
n:j=0, d=@:p=0.783
n:j=0, d=G
c:0, 2, 2.014
c:1, 2, 0.854
",0.004022523008983678,feasible,21
20,0,26,"//0
p:0.712, -1.906, -0.399
p:0.3326140376044115, 0.04212531968505906, -0.15389987690913196, fr=0.887
j:1, 0, stif=0.827
n:j=0, d=|:p=0.226
n:j=0, d=@:p=0.783
n:j=0, d=G
c:0, 2, 2.014
c:1, 2, 0.854
",0.004022523008983678,"//0
p:0.712, -1.906, -0.399
p:0.3326140376044115, 0.04212531968505906, -0.15389987690913196, fr=0.887
j:1, 0, stif=0.827
n:j=0, d=|:p=0.226
n:j=0, d=@:p=0.783
n:j=0, d=G
c:0, 2, 0.469
c:1, 2, 0.854
",0.0005723689210447991,feasible,21
20,0,26,"//0
p:0.712, -1.906, -0.399
p:0.3326140376044115, 0.04212531968505906, -0.15389987690913196, fr=0.887
j:1, 0, stif=0.827
n:j=0, d=|:p=0.226
n:j=0, d=@:p=0.783
n:j=0, d=G
c:0, 2, 2.014
c:1, 2, 0.854
",0.004022523008983678,"//0
p:0.712, -1.906, -0.399
p:0.3326140376044115, 0.04212531968505906, -0.15389987690913196, fr=0.887
j:1, 0, stif=0.827
n:j=0, d=|:p=0.181
n:j=0, d=@:p=0.783
n:j=0, d=G
c:0, 2, 2.014
c:1, 2, 0.854
",0.0002127664803703452,feasible,21
20,0,26,"//0
p:0.712, -1.906, -0.399
p:0.3326140376044115, 0.04212531968505906, -0.15389987690913196, fr=0.887
j:1, 0, stif=0.827
n:j=0, d=|:p=0.226
n:j=0, d=@:p=0.783
n:j=0, d=G
c:0, 2, 2.014
c:1, 2, 0.854
",0.004022523008983678,"//0
p:0.712, -1.906, -0.399
p:0.3326140376044115, 0.04212531968505906, -0.15389987690913196, fr=0.887
j:1, 0, stif=0.793
n:j=0, d=|:p=0.226
n:j=0, d=@:p=0.783
n:j=0, d=G
c:0, 2, 2.014
c:1, 2, 0.854
",0.0038094892804583272,feasible,21
20,0,26,"//0
p:0.712, -1.906, -0.399
p:0.3326140376044115, 0.04212531968505906, -0.15389987690913196, fr=0.887
j:1, 0, stif=0.827
n:j=0, d=|:p=0.226
n:j=0, d=@:p=0.783
n:j=0, d=G
c:0, 2, 2.014
c:1, 2, 0.854
",0.004022523008983678,"//0
p:0.3326140376044115, 0.04212531968505906, -0.15389987690913196, fr=0.887
",0.0,feasible,21
20,0,26,"//0
p:0.712, -1.906, -0.399
p:0.3326140376044115, 0.04212531968505906, -0.15389987690913196, fr=0.887
j:1, 0, stif=0.827
n:j=0, d=|:p=0.226
n:j=0, d=@:p=0.783
n:j=0, d=G
c:0, 2, 2.014
c:1, 2, 0.854
",0.004022523008983678,"//0
p:0.712, -1.906, -0.399
p:0.3326140376044115, 0.04212531968505906, -0.15389987690913196, fr=0.887
j:1, 0, stif=0.827
n:j=0, d=|:p=0.226
n:j=0, d=@:p=0.783
n:j=0, d=G
c:0, 2, 0.409
c:1, 2, 0.854
",0.0002597019701544096,feasible,21
20,0,26,"//0
p:0.712, -1.906, -0.399
p:0.3326140376044115, 0.04212531968505906, -0.15389987690913196, fr=0.887
j:1, 0, stif=0.827
n:j=0, d=|:p=0.226
n:j=0, d=@:p=0.783
n:j=0, d=G
c:0, 2, 2.014
c:1, 2, 0.854
",0.004022523008983678,"//0
p:0.712, -1.906, -0.399
p:0.3326140376044115, 0.04212531968505906, -0.15389987690913196, fr=0.887
j:1, 0, stif=0.827
n:j=0, d=|:p=0.226
n:j=0, d=@:p=0.783
n:j=0, d=G
c:0, 2, 2.014
",0.00010661351325010099,feasible,21
20,0,26,"//0
p:0.712, -1.906, -0.399
p:0.3326140376044115, 0.04212531968505906, -0.15389987690913196, fr=0.887
j:1, 0, stif=0.827
n:j=0, d=|:p=0.226
n:j=0, d=@:p=0.783
n:j=0, d=G
c:0, 2, 2.014
c:1, 2, 0.854
",0.004022523008983678,"//0
p:0.712, -1.906, -0.399
p:0.3326140376044115, 0.04212531968505906, -0.15389987690913196, fr=0.887
j:1, 0, stif=0.827
n:j=0, d=""|:p=0.226, r=0.899""
n:j=0, d=@:p=0.783
n:j=0, d=G
c:0, 2, 2.014
c:1, 2, 0.854
",0.00015178470921564614,feasible,21
20,0,26,"//0
p:0.712, -1.906, -0.399
p:0.3326140376044115, 0.04212531968505906, -0.15389987690913196, fr=0.887
j:1, 0, stif=0.827
n:j=0, d=|:p=0.226
n:j=0, d=@:p=0.783
n:j=0, d=G
c:0, 2, 2.014
c:1, 2, 0.854
",0.004022523008983678,"//0
p:0.712, -1.906, -0.399
p:0.3326140376044115, 0.04212531968505906, -0.15389987690913196, fr=0.887
j:1, 0, stif=0.913
n:j=0, d=|:p=0.226
n:j=0, d=@:p=0.783
n:j=0, d=G
c:0, 2, 2.014
c:1, 2, 0.854
",0.004014653012386505,feasible,21
20,0,26,"//0
p:0.712, -1.906, -0.399
p:0.3326140376044115, 0.04212531968505906, -0.15389987690913196, fr=0.887
j:1, 0, stif=0.827
n:j=0, d=|:p=0.226
n:j=0, d=@:p=0.783
n:j=0, d=G
c:0, 2, 2.014
c:1, 2, 0.854
",0.004022523008983678,"//0
p:0.712, -1.906, -0.399
p:0.3326140376044115, 0.04212531968505906, -0.15389987690913196, fr=0.887
j:1, 0, stif=0.827
n:j=0, d=|:p=0.226
n:j=0, d=@:p=0.783
n:j=0, d=G
c:0, 2, 1.794
c:1, 2, 0.854
",0.001814964397716259,feasible,21
20,0,26,"//0
p:0.712, -1.906, -0.399
p:0.3326140376044115, 0.04212531968505906, -0.15389987690913196, fr=0.887
j:1, 0, stif=0.827
n:j=0, d=|:p=0.226
n:j=0, d=@:p=0.783
n:j=0, d=G
c:0, 2, 2.014
c:1, 2, 0.854
",0.004022523008983678,"//0
p:0.712, -1.906, -0.399
p:0.3326140376044115, 0.04212531968505906, -0.15389987690913196, fr=0.887
j:1, 0, stif=0.827, rotstif=0.888
n:j=0, d=|:p=0.226
n:j=0, d=@:p=0.783
n:j=0, d=G
c:0, 2, 2.014
c:1, 2, 0.854
",0.004022523008983678,feasible,21
20,0,26,"//0
p:0.712, -1.906, -0.399
p:0.3326140376044115, 0.04212531968505906, -0.15389987690913196, fr=0.887
j:1, 0, stif=0.827
n:j=0, d=|:p=0.226
n:j=0, d=@:p=0.783
n:j=0, d=G
c:0, 2, 2.014
c:1, 2, 0.854
",0.004022523008983678,"//0
p:0.712, -1.906, -0.399
p:0.3326140376044115, 0.04212531968505906, -0.15389987690913196, fr=0.887
j:1, 0, stif=0.827, rotstif=0.956
n:j=0, d=|:p=0.226
n:j=0, d=@:p=0.783
n:j=0, d=G
c:0, 2, 2.014
c:1, 2, 0.854
",0.004022523008983678,feasible,21
20,0,26,"//0
p:0.712, -1.906, -0.399
p:0.3326140376044115, 0.04212531968505906, -0.15389987690913196, fr=0.887
j:1, 0, stif=0.827
n:j=0, d=|:p=0.226
n:j=0, d=@:p=0.783
n:j=0, d=G
c:0, 2, 2.014
c:1, 2, 0.854
",0.004022523008983678,"//0
p:0.49964283282570465, -1.9396126983810258, -0.3636994224721035
p:0.3326140376044115, 0.04212531968505906, -0.15389987690913196, fr=0.887
j:1, 0, stif=0.827
n:j=0, d=|:p=0.226
n:j=0, d=@:p=0.783
n:j=0, d=G
c:0, 2, 2.014
c:1, 2, 0.854
",0.00028602605038111165,feasible,21
20,0,26,"//0
p:0.712, -1.906, -0.399
p:0.3326140376044115, 0.04212531968505906, -0.15389987690913196, fr=0.887
j:1, 0, stif=0.827
n:j=0, d=|:p=0.226
n:j=0, d=@:p=0.783
n:j=0, d=G
c:0, 2, 2.014
c:1, 2, 0.854
",0.004022523008983678,"//0
p:0.712, -1.906, -0.399
p:0.3326140376044115, 0.04212531968505906, -0.15389987690913196, fr=0.887
j:1, 0, stif=0.827, rotstif=0.871
n:j=0, d=|:p=0.226
n:j=0, d=@:p=0.783
n:j=0, d=G
c:0, 2, 2.014
c:1, 2, 0.854
",0.004022523008983678,feasible,21
20,0,26,"//0
p:0.712, -1.906, -0.399
p:0.3326140376044115, 0.04212531968505906, -0.15389987690913196, fr=0.887
j:1, 0, stif=0.827
n:j=0, d=|:p=0.226
n:j=0, d=@:p=0.783
n:j=0, d=G
c:0, 2, 2.014
c:1, 2, 0.854
",0.004022523008983678,"//0
p:0.8602643145351174, -1.865497005779901, -0.4398409348959287
p:0.3326140376044115, 0.04212531968505906, -0.15389987690913196, fr=0.887
j:1, 0, stif=0.827
n:j=0, d=|:p=0.226
n:j=0, d=@:p=0.783
n:j=0, d=G
c:0, 2, 2.014
c:1, 2, 0.854
",0.00023206636022258528,feasible,21
20,0,26,"//0
p:0.712, -1.906, -0.399
p:0.3326140376044115, 0.04212531968505906, -0.15389987690913196, fr=0.887
j:1, 0, stif=0.827
n:j=0, d=|:p=0.226
n:j=0, d=@:p=0.783
n:j=0, d=G
c:0, 2, 2.014
c:1, 2, 0.854
",0.004022523008983678,"//0
p:0.712, -1.906, -0.399
p:0.3326140376044115, 0.04212531968505906, -0.15389987690913196, fr=0.887
j:1, 0, stif=0.827, rotstif=0.96
n:j=0, d=|:p=0.226
n:j=0, d=@:p=0.783
n:j=0, d=G
c:0, 2, 2.014
c:1, 2, 0.854
",0.004022523008983678,feasible,21
20,0,26,"//0
p:0.712, -1.906, -0.399
p:0.3326140376044115, 0.04212531968505906, -0.15389987690913196, fr=0.887
j:1, 0, stif=0.827
n:j=0, d=|:p=0.226
n:j=0, d=@:p=0.783
n:j=0, d=G
c:0, 2, 2.014
c:1, 2, 0.854
",0.004022523008983678,"//0
p:0.712, -1.906, -0.399
p:0.3326140376044115, 0.04212531968505906, -0.15389987690913196, fr=0.887
j:1, 0, stif=0.752
n:j=0, d=|:p=0.226
n:j=0, d=@:p=0.783
n:j=0, d=G
c:0, 2, 2.014
c:1, 2, 0.854
",0.00022506361075364182,feasible,21
20,0,26,"//0
p:0.712, -1.906, -0.399
p:0.3326140376044115, 0.04212531968505906, -0.15389987690913196, fr=0.887
j:1, 0, stif=0.827
n:j=0, d=|:p=0.226
n:j=0, d=@:p=0.783
n:j=0, d=G
c:0, 2, 2.014
c:1, 2, 0.854
",0.004022523008983678,"//0
p:0.712, -1.906, -0.399
p:0.3326140376044115, 0.04212531968505906, -0.15389987690913196, fr=0.887
j:1, 0, stif=0.794
n:j=0, d=|:p=0.226
n:j=0, d=@:p=0.783
n:j=0, d=G
c:0, 2, 2.014
c:1, 2, 0.854
",0.003987742108863218,feasible,21
20,0,26,"//0
p:0.712, -1.906, -0.399
p:0.3326140376044115, 0.04212531968505906, -0.15389987690913196, fr=0.887
j:1, 0, stif=0.827
n:j=0, d=|:p=0.226
n:j=0, d=@:p=0.783
n:j=0, d=G
c:0, 2, 2.014
c:1, 2, 0.854
",0.004022523008983678,"//0
p:0.712, -1.906, -0.399
p:0.3326140376044115, 0.04212531968505906, -0.15389987690913196, fr=0.887
j:1, 0, stif=0.888
n:j=0, d=|:p=0.226
n:j=0, d=@:p=0.783
n:j=0, d=G
c:0, 2, 2.014
c:1, 2, 0.854
",0.004026457185263982,feasible,21
20,0,26,"//0
p:0.712, -1.906, -0.399
p:0.3326140376044115, 0.04212531968505906, -0.15389987690913196, fr=0.887
j:1, 0, stif=0.827
n:j=0, d=|:p=0.226
n:j=0, d=@:p=0.783
n:j=0, d=G
c:0, 2, 2.014
c:1, 2, 0.854
",0.004022523008983678,"//0
p:0.712, -1.906, -0.399
p:0.3326140376044115, 0.04212531968505906, -0.15389987690913196, fr=0.887
j:1, 0, stif=0.827
n:j=0, d=|:p=0.226
n:j=0, d=@:p=0.783
n:j=0, d=G
c:0, 2, 3.091
c:1, 2, 0.854
",0.0028199593209730085,feasible,21
20,0,27,"//0
p:0.712, -1.906, -0.399
p:0.3326140376044115, 0.04212531968505906, -0.15389987690913196, fr=0.887
j:1, 0, stif=0.827
n:j=0, d=|:p=0.282
n:j=0, d=@:p=0.783
n:j=0, d=G
c:0, 2, 2.014
c:1, 2, 0.854
",0.005467664554993507,"//0
p:0.7045409650341359, -1.8664112716383954, -0.3932362002536505
p:0.338, 0.079, -0.11, fr=0.887
j:1, 0, stif=0.827
n:j=0, d=|:p=0.282
n:j=0, d=@:p=0.783
n:j=0, d=G
c:0, 2, 2.014
c:1, 2, 0.854
",0.00435957421057865,feasible,22
20,0,27,"//0
p:0.712, -1.906, -0.399
p:0.3326140376044115, 0.04212531968505906, -0.15389987690913196, fr=0.887
j:1, 0, stif=0.827
n:j=0, d=|:p=0.282
n:j=0, d=@:p=0.783
n:j=0, d=G
c:0, 2, 2.014
c:1, 2, 0.854
",0.005467664554993507,"//0
p:0.712, -1.906, -0.399, ing=0.319
p:0.3326140376044115, 0.04212531968505906, -0.15389987690913196, fr=0.887
j:1, 0, stif=0.827
n:j=0, d=|:p=0.282
n:j=0, d=@:p=0.783
n:j=0, d=G
c:0, 2, 2.014
c:1, 2, 0.854
",0.005467664554993507,feasible,22
20,0,27,"//0
p:0.712, -1.906, -0.399
p:0.3326140376044115, 0.04212531968505906, -0.15389987690913196, fr=0.887
j:1, 0, stif=0.827
n:j=0, d=|:p=0.282
n:j=0, d=@:p=0.783
n:j=0, d=G
c:0, 2, 2.014
c:1, 2, 0.854
",0.005467664554993507,"//0
p:0.712, -1.906, -0.399
p:0.3326140376044115, 0.04212531968505906, -0.15389987690913196, fr=0.887
j:1, 0, stif=0.827
n:j=0, d=|:p=0.282
n:j=0, d=@:p=0.783
n:j=0, d=G
n:
c:0, 2, 2.014
c:1, 2, 0.854
c:3, 3, -2.368
",0.005467664554993507,feasible,22
20,0,27,"//0
p:0.712, -1.906, -0.399
p:0.3326140376044115, 0.04212531968505906, -0.15389987690913196, fr=0.887
j:1, 0, stif=0.827
n:j=0, d=|:p=0.282
n:j=0, d=@:p=0.783
n:j=0, d=G
c:0, 2, 2.014
c:1, 2, 0.854
",0.005467664554993507,"//0
p:0.712, -1.906, -0.399
p:0.3326140376044115, 0.04212531968505906, -0.15389987690913196, fr=0.887
p:0.319, -0.78, -1.163
j:1, 0, stif=0.827
j:2, 1
n:j=0, d=|:p=0.282
n:j=0, d=@:p=0.783
n:j=0, d=G
c:0, 2, 2.014
c:1, 2, 0.854
",0.00013301082064405009,feasible,22
20,0,27,"//0
p:0.712, -1.906, -0.399
p:0.3326140376044115, 0.04212531968505906, -0.15389987690913196, fr=0.887
j:1, 0, stif=0.827
n:j=0, d=|:p=0.282
n:j=0, d=@:p=0.783
n:j=0, d=G
c:0, 2, 2.014
c:1, 2, 0.854
",0.005467664554993507,"//0
p:0.712, -1.906, -0.399
p:0.3326140376044115, 0.04212531968505906, -0.15389987690913196, fr=0.887, ing=0.037
j:1, 0, stif=0.827
n:j=0, d=|:p=0.282
n:j=0, d=@:p=0.783
n:j=0, d=G
c:0, 2, 2.014
c:1, 2, 0.854
",0.005467664554993507,feasible,22
20,0,27,"//0
p:0.712, -1.906, -0.399
p:0.3326140376044115, 0.04212531968505906, -0.15389987690913196, fr=0.887
j:1, 0, stif=0.827
n:j=0, d=|:p=0.282
n:j=0, d=@:p=0.783
n:j=0, d=G
c:0, 2, 2.014
c:1, 2, 0.854
",0.005467664554993507,"//0
p:0.712, -1.906, -0.399
p:0.3326140376044115, 0.04212531968505906, -0.15389987690913196, fr=0.887
j:1, 0, stif=0.827, rotstif=0.886
n:j=0, d=|:p=0.282
n:j=0, d=@:p=0.783
n:j=0, d=G
c:0, 2, 2.014
c:1, 2, 0.854
",0.005467664554993507,feasible,22
20,0,27,"//0
p:0.712, -1.906, -0.399
p:0.3326140376044115, 0.04212531968505906, -0.15389987690913196, fr=0.887
j:1, 0, stif=0.827
n:j=0, d=|:p=0.282
n:j=0, d=@:p=0.783
n:j=0, d=G
c:0, 2, 2.014
c:1, 2, 0.854
",0.005467664554993507,"//0
p:0.712, -1.906, -0.399
p:0.3326140376044115, 0.04212531968505906, -0.15389987690913196, fr=0.887
j:1, 0, stif=0.827
n:j=0, d=@:p=0.783
n:j=0, d=G
c:0, 1, 0.854
",3.0400403147121796e-05,feasible,22
20,0,27,"//0
p:0.712, -1.906, -0.399
p:0.3326140376044115, 0.04212531968505906, -0.15389987690913196, fr=0.887
j:1, 0, stif=0.827
n:j=0, d=|:p=0.282
n:j=0, d=@:p=0.783
n:j=0, d=G
c:0, 2, 2.014
c:1, 2, 0.854
",0.005467664554993507,"//0
p:0.712, -1.906, -0.399
p:0.3326140376044115, 0.04212531968505906, -0.15389987690913196, fr=0.887
p:1.544, -2.637, 0.134
j:1, 0, stif=0.827
j:2, 0
n:j=0, d=|:p=0.282
n:j=0, d=@:p=0.783
n:j=0, d=G
c:0, 2, 2.014
c:1, 2, 0.854
",0.000207412674568512,feasible,22
20,0,27,"//0
p:0.712, -1.906, -0.399
p:0.3326140376044115, 0.04212531968505906, -0.15389987690913196, fr=0.887
j:1, 0, stif=0.827
n:j=0, d=|:p=0.282
n:j=0, d=@:p=0.783
n:j=0, d=G
c:0, 2, 2.014
c:1, 2, 0.854
",0.005467664554993507,"//0
p:0.712, -1.906, -0.399
p:0.3326140376044115, 0.04212531968505906, -0.15389987690913196, fr=0.887
j:1, 0, stif=0.611
n:j=0, d=|:p=0.282
n:j=0, d=@:p=0.783
n:j=0, d=G
c:0, 2, 2.014
c:1, 2, 0.854
",0.00018688816704591266,feasible,22
20,0,27,"//0
p:0.712, -1.906, -0.399
p:0.3326140376044115, 0.04212531968505906, -0.15389987690913196, fr=0.887
j:1, 0, stif=0.827
n:j=0, d=|:p=0.282
n:j=0, d=@:p=0.783
n:j=0, d=G
c:0, 2, 2.014
c:1, 2, 0.854
",0.005467664554993507,"//0
p:0.712, -1.906, -0.399
p:0.3326140376044115, 0.04212531968505906, -0.15389987690913196, fr=0.887
j:1, 0, stif=0.68
n:j=0, d=|:p=0.282
n:j=0, d=@:p=0.783
n:j=0, d=G
c:0, 2, 2.014
c:1, 2, 0.854
",0.004129090881339007,feasible,22
20,0,27,"//0
p:0.712, -1.906, -0.399
p:0.3326140376044115, 0.04212531968505906, -0.15389987690913196, fr=0.887
j:1, 0, stif=0.827
n:j=0, d=|:p=0.282
n:j=0, d=@:p=0.783
n:j=0, d=G
c:0, 2, 2.014
c:1, 2, 0.854
",0.005467664554993507,"//0
p:0.712, -1.906, -0.399
p:0.3326140376044115, 0.04212531968505906, -0.15389987690913196, fr=0.832
j:1, 0, stif=0.827
n:j=0, d=|:p=0.282
n:j=0, d=@:p=0.783
n:j=0, d=G
c:0, 2, 2.014
c:1, 2, 0.854
",0.003222935970579554,feasible,22
20,0,27,"//0
p:0.712, -1.906, -0.399
p:0.3326140376044115, 0.04212531968505906, -0.15389987690913196, fr=0.887
j:1, 0, stif=0.827
n:j=0, d=|:p=0.282
n:j=0, d=@:p=0.783
n:j=0, d=G
c:0, 2, 2.014
c:1, 2, 0.854
",0.005467664554993507,"//0
p:0.712, -1.906, -0.399
p:0.3326140376044115, 0.04212531968505906, -0.15389987690913196, fr=0.887
j:1, 0, stif=0.827
n:j=0, d=|:p=0.282
n:j=0, d=@:p=0.783
n:j=0, d=G
c:0, 2, 3.733
c:1, 2, 0.854
",0.001628276470132214,feasible,22
20,0,27,"//0
p:0.712, -1.906, -0.399
p:0.3326140376044115, 0.04212531968505906, -0.15389987690913196, fr=0.887
j:1, 0, stif=0.827
n:j=0, d=|:p=0.282
n:j=0, d=@:p=0.783
n:j=0, d=G
c:0, 2, 2.014
c:1, 2, 0.854
",0.005467664554993507,"//0
p:0.712, -1.906, -0.399
p:0.3326140376044115, 0.04212531968505906, -0.15389987690913196, fr=0.887
j:1, 0, stif=0.835
n:j=0, d=|:p=0.282
n:j=0, d=@:p=0.783
n:j=0, d=G
c:0, 2, 2.014
c:1, 2, 0.854
",0.005311674872116588,feasible,22
20,0,27,"//0
p:0.712, -1.906, -0.399
p:0.3326140376044115, 0.04212531968505906, -0.15389987690913196, fr=0.887
j:1, 0, stif=0.827
n:j=0, d=|:p=0.282
n:j=0, d=@:p=0.783
n:j=0, d=G
c:0, 2, 2.014
c:1, 2, 0.854
",0.005467664554993507,"//0
p:0.712, -1.906, -0.399
",0.0,feasible,22
20,0,27,"//0
p:0.712, -1.906, -0.399
p:0.3326140376044115, 0.04212531968505906, -0.15389987690913196, fr=0.887
j:1, 0, stif=0.827
n:j=0, d=|:p=0.282
n:j=0, d=@:p=0.783
n:j=0, d=G
c:0, 2, 2.014
c:1, 2, 0.854
",0.005467664554993507,"//0
p:0.712, -1.906, -0.399
p:0.3326140376044115, 0.04212531968505906, -0.15389987690913196, fr=0.887
j:1, 0, stif=0.827
n:j=0, d=|:p=0.282
n:j=0, d=@:p=0.783
n:j=0, d=G
c:0, 2, 2.014
c:1, 2, -0.115
",0.0005804338139496035,feasible,22
20,0,27,"//0
p:0.712, -1.906, -0.399
p:0.3326140376044115, 0.04212531968505906, -0.15389987690913196, fr=0.887
j:1, 0, stif=0.827
n:j=0, d=|:p=0.282
n:j=0, d=@:p=0.783
n:j=0, d=G
c:0, 2, 2.014
c:1, 2, 0.854
",0.005467664554993507,"//0
p:0.712, -1.906, -0.399
p:0.3326140376044115, 0.04212531968505906, -0.15389987690913196, fr=0.887
j:1, 0, stif=0.827
n:j=0, d=|:p=0.282
n:j=0, d=@:p=0.644
n:j=0, d=G
c:0, 2, 2.014
c:1, 2, 0.854
",0.0001044151739564254,feasible,22
20,0,27,"//0
p:0.712, -1.906, -0.399
p:0.3326140376044115, 0.04212531968505906, -0.15389987690913196, fr=0.887
j:1, 0, stif=0.827
n:j=0, d=|:p=0.282
n:j=0, d=@:p=0.783
n:j=0, d=G
c:0, 2, 2.014
c:1, 2, 0.854
",0.005467664554993507,"//0
p:0.712, -1.906, -0.399
p:0.3326140376044115, 0.04212531968505906, -0.15389987690913196, fr=0.887
j:1, 0, stif=0.827
n:j=0, d=|:p=0.282
n:j=0, d=@:p=0.783
n:j=0, d=G
c:0, 2, 5.995
c:1, 2, 0.854
",0.0005905679044213249,feasible,22
20,0,27,"//0
p:0.712, -1.906, -0.399
p:0.3326140376044115, 0.04212531968505906, -0.15389987690913196, fr=0.887
j:1, 0, stif=0.827
n:j=0, d=|:p=0.282
n:j=0, d=@:p=0.783
n:j=0, d=G
c:0, 2, 2.014
c:1, 2, 0.854
",0.005467664554993507,"//0
p:0.712, -1.906, -0.399, fr=0.243
p:0.3326140376044115, 0.04212531968505906, -0.15389987690913196, fr=0.887
j:1, 0, stif=0.827
n:j=0, d=|:p=0.282
n:j=0, d=@:p=0.783
n:j=0, d=G
c:0, 2, 2.014
c:1, 2, 0.854
",0.00388462567329389,feasible,22
20,0,27,"//0
p:0.712, -1.906, -0.399
p:0.3326140376044115, 0.04212531968505906, -0.15389987690913196, fr=0.887
j:1, 0, stif=0.827
n:j=0, d=|:p=0.282
n:j=0, d=@:p=0.783
n:j=0, d=G
c:0, 2, 2.014
c:1, 2, 0.854
",0.005467664554993507,"//0
p:0.712, -1.906, -0.399
p:0.3326140376044115, 0.04212531968505906, -0.15389987690913196, fr=0.887
j:1, 0, stif=0.908
n:j=0, d=|:p=0.282
n:j=0, d=@:p=0.783
n:j=0, d=G
c:0, 2, 2.014
c:1, 2, 0.854
",0.0009818567381297773,feasible,22
20,0,27,"//0
p:0.712, -1.906, -0.399
p:0.3326140376044115, 0.04212531968505906, -0.15389987690913196, fr=0.887
j:1, 0, stif=0.827
n:j=0, d=|:p=0.282
n:j=0, d=@:p=0.783
n:j=0, d=G
c:0, 2, 2.014
c:1, 2, 0.854
",0.005467664554993507,"//0
p:0.712, -1.906, -0.399
p:0.3326140376044115, 0.04212531968505906, -0.15389987690913196, fr=1.041
j:1, 0, stif=0.827
n:j=0, d=|:p=0.282
n:j=0, d=@:p=0.783
n:j=0, d=G
c:0, 2, 2.014
c:1, 2, 0.854
",0.0015713703957991323,feasible,22
20,0,28,"//0
p:0.712, -1.906, -0.399
p:0.3326140376044115, 0.04212531968505906, -0.15389987690913196, fr=0.822
j:1, 0, stif=0.827
n:j=0, d=|:p=0.282
n:j=0, d=@:p=0.783
n:j=0, d=G
c:0, 2, 2.014
c:1, 2, 0.854
",0.005502321439623611,"//0
p:0.712, -1.906, -0.399
p:0.3326140376044115, 0.04212531968505906, -0.15389987690913196, fr=0.788
j:1, 0, stif=0.827
n:j=0, d=|:p=0.282
n:j=0, d=@:p=0.783
n:j=0, d=G
c:0, 2, 2.014
c:1, 2, 0.854
",0.0002952530062591985,feasible,22
20,0,28,"//0
p:0.712, -1.906, -0.399
p:0.3326140376044115, 0.04212531968505906, -0.15389987690913196, fr=0.822
j:1, 0, stif=0.827
n:j=0, d=|:p=0.282
n:j=0, d=@:p=0.783
n:j=0, d=G
c:0, 2, 2.014
c:1, 2, 0.854
",0.005502321439623611,"//0
p:0.712, -1.906, -0.399
p:0.3326140376044115, 0.04212531968505906, -0.15389987690913196, fr=0.822
p:1.267, -0.221, -0.521
j:1, 0, stif=0.827
j:2, 1
n:j=0, d=|:p=0.282
n:j=0, d=@:p=0.783
n:j=0, d=G
c:0, 2, 2.014
c:1, 2, 0.854
",0.00037312992471293685,feasible,22
20,0,28,"//0
p:0.712, -1.906, -0.399
p:0.3326140376044115, 0.04212531968505906, -0.15389987690913196, fr=0.822
j:1, 0, stif=0.827
n:j=0, d=|:p=0.282
n:j=0, d=@:p=0.783
n:j=0, d=G
c:0, 2, 2.014
c:1, 2, 0.854
",0.005502321439623611,"//0
p:0.712, -1.906, -0.399
p:0.3326140376044115, 0.04212531968505906, -0.15389987690913196, fr=0.822
j:1, 0, stif=0.827, rotstif=0.815
n:j=0, d=|:p=0.282
n:j=0, d=@:p=0.783
n:j=0, d=G
c:0, 2, 2.014
c:1, 2, 0.854
",0.005502321439623611,feasible,22
20,0,28,"//0
p:0.712, -1.906, -0.399
p:0.3326140376044115, 0.04212531968505906, -0.15389987690913196, fr=0.822
j:1, 0, stif=0.827
n:j=0, d=|:p=0.282
n:j=0, d=@:p=0.783
n:j=0, d=G
c:0, 2, 2.014
c:1, 2, 0.854
",0.005502321439623611,"//0
p:0.712, -1.906, -0.399
p:0.3326140376044115, 0.04212531968505906, -0.15389987690913196, fr=0.822
j:1, 0, stif=0.794
n:j=0, d=|:p=0.282
n:j=0, d=@:p=0.783
n:j=0, d=G
c:0, 2, 2.014
c:1, 2, 0.854
",0.00023536479205536737,feasible,22
20,0,28,"//0
p:0.712, -1.906, -0.399
p:0.3326140376044115, 0.04212531968505906, -0.15389987690913196, fr=0.822
j:1, 0, stif=0.827
n:j=0, d=|:p=0.282
n:j=0, d=@:p=0.783
n:j=0, d=G
c:0, 2, 2.014
c:1, 2, 0.854
",0.005502321439623611,"//0
p:0.712, -1.906, -0.399
p:0.3326140376044115, 0.04212531968505906, -0.15389987690913196, fr=0.822
j:1, 0, stif=0.819
n:j=0, d=|:p=0.282
n:j=0, d=@:p=0.783
n:j=0, d=G
c:0, 2, 2.014
c:1, 2, 0.854
",0.00034197510388858567,feasible,22
20,0,28,"//0
p:0.712, -1.906, -0.399
p:0.3326140376044115, 0.04212531968505906, -0.15389987690913196, fr=0.822
j:1, 0, stif=0.827
n:j=0, d=|:p=0.282
n:j=0, d=@:p=0.783
n:j=0, d=G
c:0, 2, 2.014
c:1, 2, 0.854
",0.005502321439623611,"//0
p:0.3326140376044115, 0.04212531968505906, -0.15389987690913196, fr=0.822
",0.0,feasible,22
20,0,28,"//0
p:0.712, -1.906, -0.399
p:0.3326140376044115, 0.04212531968505906, -0.15389987690913196, fr=0.822
j:1, 0, stif=0.827
n:j=0, d=|:p=0.282
n:j=0, d=@:p=0.783
n:j=0, d=G
c:0, 2, 2.014
c:1, 2, 0.854
",0.005502321439623611,"//0
p:0.712, -1.906, -0.399
p:0.3326140376044115, 0.04212531968505906, -0.15389987690913196, fr=0.822
j:1, 0, stif=0.827
n:j=0, d=|:p=0.282
n:j=0, d=G
c:0, 1, 2.014
",0.00018259378631337492,feasible,22
20,0,28,"//0
p:0.712, -1.906, -0.399
p:0.3326140376044115, 0.04212531968505906, -0.15389987690913196, fr=0.822
j:1, 0, stif=0.827
n:j=0, d=|:p=0.282
n:j=0, d=@:p=0.783
n:j=0, d=G
c:0, 2, 2.014
c:1, 2, 0.854
",0.005502321439623611,"//0
p:0.712, -1.906, -0.399
p:0.3326140376044115, 0.04212531968505906, -0.15389987690913196, fr=0.822
j:1, 0, stif=0.897
n:j=0, d=|:p=0.282
n:j=0, d=@:p=0.783
n:j=0, d=G
c:0, 2, 2.014
c:1, 2, 0.854
",0.0036405620554790124,feasible,22
20,0,28,"//0
p:0.712, -1.906, -0.399
p:0.3326140376044115, 0.04212531968505906, -0.15389987690913196, fr=0.822
j:1, 0, stif=0.827
n:j=0, d=|:p=0.282
n:j=0, d=@:p=0.783
n:j=0, d=G
c:0, 2, 2.014
c:1, 2, 0.854
",0.005502321439623611,"//0
p:0.712, -1.906, -0.399
p:0.3326140376044115, 0.04212531968505906, -0.15389987690913196, fr=0.722
j:1, 0, stif=0.827
n:j=0, d=|:p=0.282
n:j=0, d=@:p=0.783
n:j=0, d=G
c:0, 2, 2.014
c:1, 2, 0.854
",0.0019497850232029737,feasible,22
20,0,28,"//0
p:0.712, -1.906, -0.399
p:0.3326140376044115, 0.04212531968505906, -0.15389987690913196, fr=0.822
j:1, 0, stif=0.827
n:j=0, d=|:p=0.282
n:j=0, d=@:p=0.783
n:j=0, d=G
c:0, 2, 2.014
c:1, 2, 0.854
",0.005502321439623611,"//0
p:0.712, -1.906, -0.399
p:0.3326140376044115, 0.04212531968505906, -0.15389987690913196, fr=0.68
j:1, 0, stif=0.827
n:j=0, d=|:p=0.282
n:j=0, d=@:p=0.783
n:j=0, d=G
c:0, 2, 2.014
c:1, 2, 0.854
",0.005103074036715436,feasible,22
20,0,28,"//0
p:0.712, -1.906, -0.399
p:0.3326140376044115, 0.04212531968505906, -0.15389987690913196, fr=0.822
j:1, 0, stif=0.827
n:j=0, d=|:p=0.282
n:j=0, d=@:p=0.783
n:j=0, d=G
c:0, 2, 2.014
c:1, 2, 0.854
",0.005502321439623611,"//0
p:0.6972767593868101, -1.8255976132551943, -0.3868166176057971
p:0.341, 0.12, -0.092, fr=0.822
j:1, 0, stif=0.827
n:j=0, d=|:p=0.282
n:j=0, d=@:p=0.783
n:j=0, d=G
c:0, 2, 2.014
c:1, 2, 0.854
",0.004725532910436699,feasible,22
20,0,28,"//0
p:0.712, -1.906, -0.399
p:0.3326140376044115, 0.04212531968505906, -0.15389987690913196, fr=0.822
j:1, 0, stif=0.827
n:j=0, d=|:p=0.282
n:j=0, d=@:p=0.783
n:j=0, d=G
c:0, 2, 2.014
c:1, 2, 0.854
",0.005502321439623611,"//0
p:0.712, -1.906, -0.399
p:0.3326140376044115, 0.04212531968505906, -0.15389987690913196, fr=0.822
j:1, 0, stif=0.827
n:j=0, d=@:p=0.783
n:j=0, d=G
c:0, 1, 0.854
",2.896502637273624e-05,feasible,22
20,0,28,"//0
p:0.712, -1.906, -0.399
p:0.3326140376044115, 0.04212531968505906, -0.15389987690913196, fr=0.822
j:1, 0, stif=0.827
n:j=0, d=|:p=0.282
n:j=0, d=@:p=0.783
n:j=0, d=G
c:0, 2, 2.014
c:1, 2, 0.854
",0.005502321439623611,"//0
p:0.7097870848470571, -1.8960775739916431, -0.397699784875575
p:0.278, 0.04, -0.144, fr=0.822
j:1, 0, stif=0.827
n:j=0, d=|:p=0.282
n:j=0, d=@:p=0.783
n:j=0, d=G
c:0, 2, 2.014
c:1, 2, 0.854
",0.004708442854247116,feasible,22
20,0,28,"//0
p:0.712, -1.906, -0.399
p:0.3326140376044115, 0.04212531968505906, -0.15389987690913196, fr=0.822
j:1, 0, stif=0.827
n:j=0, d=|:p=0.282
n:j=0, d=@:p=0.783
n:j=0, d=G
c:0, 2, 2.014
c:1, 2, 0.854
",0.005502321439623611,"//0
p:0.712, -1.906, -0.399
p:0.3326140376044115, 0.04212531968505906, -0.15389987690913196, fr=0.822
j:1, 0, stif=0.827
n:j=0, d=|:p=0.282
n:j=0, d=@:p=0.783
",0.00014443537516198798,feasible,22
20,0,28,"//0
p:0.712, -1.906, -0.399
p:0.3326140376044115, 0.04212531968505906, -0.15389987690913196, fr=0.822
j:1, 0, stif=0.827
n:j=0, d=|:p=0.282
n:j=0, d=@:p=0.783
n:j=0, d=G
c:0, 2, 2.014
c:1, 2, 0.854
",0.005502321439623611,"//0
p:0.712, -1.906, -0.399
p:0.3326140376044115, 0.04212531968505906, -0.15389987690913196, fr=0.822
j:1, 0, stif=0.827, rotstif=0.992
n:j=0, d=|:p=0.282
n:j=0, d=@:p=0.783
n:j=0, d=G
c:0, 2, 2.014
c:1, 2, 0.854
",0.005502321439623611,feasible,22
20,0,28,"//0
p:0.712, -1.906, -0.399
p:0.3326140376044115, 0.04212531968505906, -0.15389987690913196, fr=0.822
j:1, 0, stif=0.827
n:j=0, d=|:p=0.282
n:j=0, d=@:p=0.783
n:j=0, d=G
c:0, 2, 2.014
c:1, 2, 0.854
",0.005502321439623611,"//0
p:0.712, -1.906, -0.399
p:0.3326140376044115, 0.04212531968505906, -0.15389987690913196, fr=0.822
j:1, 0, stif=0.827
n:j=0, d=|:p=0.282
n:j=0, d=@:p=0.785
n:j=0, d=G
c:0, 2, 2.014
c:1, 2, 0.854
",0.00020381062392186032,feasible,22
20,0,28,"//0
p:0.712, -1.906, -0.399
p:0.3326140376044115, 0.04212531968505906, -0.15389987690913196, fr=0.822
j:1, 0, stif=0.827
n:j=0, d=|:p=0.282
n:j=0, d=@:p=0.783
n:j=0, d=G
c:0, 2, 2.014
c:1, 2, 0.854
",0.005502321439623611,"//0
p:0.712, -1.906, -0.399
p:0.3326140376044115, 0.04212531968505906, -0.15389987690913196, fr=0.822
p:0.248, -1.097, -1.404
j:1, 0, stif=0.827
j:2, 1
n:j=0, d=|:p=0.282
n:j=0, d=@:p=0.783
n:j=0, d=G
c:0, 2, 2.014
c:1, 2, 0.854
",0.0001711147773822201,feasible,22
20,0,28,"//0
p:0.712, -1.906, -0.399
p:0.3326140376044115, 0.04212531968505906, -0.15389987690913196, fr=0.822
j:1, 0, stif=0.827
n:j=0, d=|:p=0.282
n:j=0, d=@:p=0.783
n:j=0, d=G
c:0, 2, 2.014
c:1, 2, 0.854
",0.005502321439623611,"//0
p:0.712, -1.906, -0.399
p:0.3326140376044115, 0.04212531968505906, -0.15389987690913196, fr=0.822
p:0.688, 0.559, 0.158
j:1, 0, stif=0.827
j:2, 1
n:j=0, d=|:p=0.282
n:j=0, d=@:p=0.783
n:j=0, d=G
c:0, 2, 2.014
c:1, 2, 0.854
",9.937122237968972e-05,feasible,22
20,0,28,"//0
p:0.712, -1.906, -0.399
p:0.3326140376044115, 0.04212531968505906, -0.15389987690913196, fr=0.822
j:1, 0, stif=0.827
n:j=0, d=|:p=0.282
n:j=0, d=@:p=0.783
n:j=0, d=G
c:0, 2, 2.014
c:1, 2, 0.854
",0.005502321439623611,"//0
p:0.712, -1.906, -0.399
p:0.3326140376044115, 0.04212531968505906, -0.15389987690913196, fr=0.822
j:1, 0, stif=0.827
n:j=0, d=|:p=0.282
n:j=0, d=@:p=0.783
n:j=0, d=G
c:1, 2, 0.854
",4.2285656274341416e-05,feasible,22
20,0,28,"//0
p:0.712, -1.906, -0.399
p:0.3326140376044115, 0.04212531968505906, -0.15389987690913196, fr=0.822
j:1, 0, stif=0.827
n:j=0, d=|:p=0.282
n:j=0, d=@:p=0.783
n:j=0, d=G
c:0, 2, 2.014
c:1, 2, 0.854
",0.005502321439623611,"//0
p:0.712, -1.906, -0.399
p:0.3326140376044115, 0.04212531968505906, -0.15389987690913196, fr=0.822
j:1, 0, stif=0.884
n:j=0, d=|:p=0.282
n:j=0, d=@:p=0.783
n:j=0, d=G
c:0, 2, 2.014
c:1, 2, 0.854
",0.004032340324263875,feasible,22
