run,genetic_format,sample_index,parent_genotype,parent_fitness,genotype,fitness,status,mutation_attempts
36,0,0,"//0
p:
p:1
j:0,1",0.0,"//0
p:
p:1.0
j:0, 1
n:
c:0, 0, -0.225
",0.0,feasible,21
36,0,0,"//0
p:
p:1
j:0,1",0.0,"//0
p:
",0.0,feasible,21
36,0,0,"//0
p:
p:1
j:0,1",0.0,"//0
p:
p:1.0
j:0, 1, rotstif=0.947
",0.0,feasible,21
36,0,0,"//0
p:
p:1
j:0,1",0.0,"//0
p:1.0
",0.0,feasible,21
36,0,0,"//0
p:
p:1
j:0,1",0.0,"//0
p:fr=0.15
p:1.0
j:0, 1
",0.0,feasible,21
36,0,0,"//0
p:
p:1
j:0,1",0.0,"//0
p:
p:1.204, -0.029, 0.322
j:0, 1
",0.0,feasible,21
36,0,0,"//0
p:
p:1
j:0,1",0.0,"//0
p:
p:1.0
j:0, 1, stif=0.988
",0.0,feasible,21
36,0,0,"//0
p:
p:1
j:0,1",0.0,"//0
p:
p:1.0
j:0, 1, stif=0.97
",0.0,feasible,21
36,0,0,"//0
p:
p:1
j:0,1",0.0,"//0
p:
p:1.0
j:0, 1, rotstif=0.979
",0.0,feasible,21
36,0,0,"//0
p:
p:1
j:0,1",0.0,"//0
p:
p:1.0
j:0, 1, rotstif=0.697
",0.0,feasible,21
36,0,0,"//0
p:
p:1
j:0,1",0.0,"//0
p:
p:1.0
j:0, 1, stif=0.937
",0.0,feasible,21
36,0,0,"//0
p:
p:1
j:0,1",0.0,"//0
p:
p:1.0
j:0, 1
n:
c:0, 0, -0.364
",0.0,feasible,21
36,0,0,"//0
p:
p:1
j:0,1",0.0,"//0
p:
p:0.98, 0.258, 0.368
j:0, 1
",0.0,feasible,21
36,0,0,"//0
p:
p:1
j:0,1",0.0,"//0
p:
p:1.0
p:1.166, 0.08, 0.323
j:0, 1
j:2, 1
",1.2400316888359219e-11,feasible,21
36,0,0,"//0
p:
p:1
j:0,1",0.0,"//0
p:
p:1.0
j:0, 1, stif=0.755
",0.0,feasible,21
36,0,0,"//0
p:
p:1
j:0,1",0.0,"//0
p:0.069, -0.373, -0.386
p:1.0
j:0, 1
",0.0,feasible,21
36,0,0,"//0
p:
p:1
j:0,1",0.0,"//0
p:-0.047, 0.109, 0.758
p:1.0
j:0, 1
",0.0,feasible,21
36,0,0,"//0
p:
p:1
j:0,1",0.0,"//0
p:
p:1.0, ing=0.359
j:0, 1
",0.0,feasible,21
36,0,0,"//0
p:
p:1
j:0,1",0.0,"//0
p:
p:1.0
p:0.913, -0.385, 1.332
j:0, 1
j:2, 1
",1.7763568394002505e-19,feasible,21
36,0,0,"//0
p:
p:1
j:0,1",0.0,"//0
p:ing=0.277
p:1.0
j:0, 1
",0.0,feasible,21
36,0,1,"//0
p:
p:1.0
p:1.302, -0.734, 0.168
j:0, 1
j:2, 1
",1.7763568394002505e-19,"//0
p:ing=0.323
p:1.0
p:1.302, -0.734, 0.168
j:0, 1
j:2, 1
",1.7763568394002505e-19,feasible,20
36,0,1,"//0
p:
p:1.0
p:1.302, -0.734, 0.168
j:0, 1
j:2, 1
",1.7763568394002505e-19,"//0
p:fr=0.705
p:1.0
p:1.302, -0.734, 0.168
j:0, 1
j:2, 1
",1.7763568394002505e-19,feasible,20
36,0,1,"//0
p:
p:1.0
p:1.302, -0.734, 0.168
j:0, 1
j:2, 1
",1.7763568394002505e-19,"//0
p:
p:1.0
p:1.302, -0.734, 0.168, fr=1.216
j:0, 1
j:2, 1
",0.0,feasible,20
36,0,1,"//0
p:
p:1.0
p:1.302, -0.734, 0.168
j:0, 1
j:2, 1
",1.7763568394002505e-19,"//0
p:
p:1.0
p:0.855, -0.513, 0.392
j:0, 1
j:2, 1
",0.0,feasible,20
36,0,1,"//0
p:
p:1.0
p:1.302, -0.734, 0.168
j:0, 1
j:2, 1
",1.7763568394002505e-19,"//0
p:
p:1.17, 0.457, 0.109
p:1.302, -0.734, 0.168
j:0, 1
j:2, 1
",0.0,feasible,20
36,0,1,"//0
p:
p:1.0
p:1.302, -0.734, 0.168
j:0, 1
j:2, 1
",1.7763568394002505e-19,"//0
p:
p:1.0
p:1.302, -0.734, 0.168, ing=0.124
j:0, 1
j:2, 1
",1.7763568394002505e-19,feasible,20
36,0,1,"//0
p:
p:1.0
p:1.302, -0.734, 0.168
j:0, 1
j:2, 1
",1.7763568394002505e-19,"//0
p:
p:0.377, -0.622, -0.238
p:1.302, -0.734, 0.168
j:0, 1
j:2, 1
",5.718260671689062e-10,feasible,20
36,0,1,"//0
p:
p:1.0
p:1.302, -0.734, 0.168
j:0, 1
j:2, 1
",1.7763568394002505e-19,"//0
p:
p:0.425, -0.052, 0.179
p:1.302, -0.734, 0.168
j:0, 1
j:2, 1
",0.0,feasible,20
36,0,1,"//0
p:
p:1.0
p:1.302, -0.734, 0.168
j:0, 1
j:2, 1
",1.7763568394002505e-19,"//0
p:
p:1.0
p:1.302, -0.734, 0.168
p:0.412, 1.387, -0.451
j:0, 1
j:2, 1
j:3, 0
",7.340825560665303e-15,feasible,20
36,0,1,"//0
p:
p:1.0
p:1.302, -0.734, 0.168
j:0, 1
j:2, 1
",1.7763568394002505e-19,"//0
p:
p:1.0
p:1.302, -0.734, 0.168, ing=0.303
j:0, 1
j:2, 1
",1.7763568394002505e-19,feasible,20
36,0,1,"//0
p:
p:1.0
p:1.302, -0.734, 0.168
j:0, 1
j:2, 1
",1.7763568394002505e-19,"//0
p:
p:1.0
p:1.517, -0.7, 0.441
j:0, 1
j:2, 1
",7.307319835203397e-17,feasible,20
36,0,1,"//0
p:
p:1.0
p:1.302, -0.734, 0.168
j:0, 1
j:2, 1
",1.7763568394002505e-19,"//0
p:
p:1.0
p:1.302, -0.734, 0.168
j:0, 2
j:1, 2
",1.7763568394002505e-19,feasible,20
36,0,1,"//0
p:
p:1.0
p:1.302, -0.734, 0.168
j:0, 1
j:2, 1
",1.7763568394002505e-19,"//0
p:1.0
p:1.302, -0.734, 0.168
j:1, 0
",0.0,feasible,20
36,0,1,"//0
p:
p:1.0
p:1.302, -0.734, 0.168
j:0, 1
j:2, 1
",1.7763568394002505e-19,"//0
p:fr=0.352
p:1.0
p:1.302, -0.734, 0.168
j:0, 1
j:2, 1
",1.7763568394002505e-19,feasible,20
36,0,1,"//0
p:
p:1.0
p:1.302, -0.734, 0.168
j:0, 1
j:2, 1
",1.7763568394002505e-19,"//0
p:
p:1.024, 0.04, -0.023
p:1.302, -0.734, 0.168
j:0, 1
j:2, 1
",1.7763568394002505e-19,feasible,20
36,0,1,"//0
p:
p:1.0
p:1.302, -0.734, 0.168
j:0, 1
j:2, 1
",1.7763568394002505e-19,"//0
p:-0.116, -0.083, -0.161
p:1.0
p:1.302, -0.734, 0.168
j:0, 1
j:2, 1
",1.7347234759768072e-22,feasible,20
36,0,1,"//0
p:
p:1.0
p:1.302, -0.734, 0.168
j:0, 1
j:2, 1
",1.7763568394002505e-19,"//0
p:
p:1.0, ing=0.28
p:1.302, -0.734, 0.168
j:0, 1
j:2, 1
",1.7763568394002505e-19,feasible,20
36,0,1,"//0
p:
p:1.0
p:1.302, -0.734, 0.168
j:0, 1
j:2, 1
",1.7763568394002505e-19,"//0
p:
p:1.0
p:1.302, -0.734, 0.168
j:0, 1
j:2, 1, rotstif=0.869
",1.7763568394002505e-19,feasible,20
36,0,1,"//0
p:
p:1.0
p:1.302, -0.734, 0.168
j:0, 1
j:2, 1
",1.7763568394002505e-19,"//0
p:
p:1.0
p:1.302, -0.734, 0.168
j:0, 1, stif=0.96
j:2, 1
",1.7347234759768072e-22,feasible,20
36,0,1,"//0
p:
p:1.0
p:1.302, -0.734, 0.168
j:0, 1
j:2, 1
",1.7763568394002505e-19,"//0
p:
p:1.0
j:0, 1
",0.0,feasible,20
36,0,2,"//0
p:
p:1.0
p:1.302, -0.734, 0.168
p:1.382, 0.583, 0.25
j:0, 1
j:2, 1
j:3, 1
",3.14541555949995e-07,"//0
p:
p:1.0
p:1.302, -0.734, 0.168
p:1.382, 0.583, 0.25
j:0, 1
j:2, 1, rotstif=0.86
j:3, 1
",3.14541555949995e-07,feasible,20
36,0,2,"//0
p:
p:1.0
p:1.302, -0.734, 0.168
p:1.382, 0.583, 0.25
j:0, 1
j:2, 1
j:3, 1
",3.14541555949995e-07,"//0
p:
p:1.0
p:1.302, -0.734, 0.168
p:1.382, 0.583, 0.25
j:0, 1
j:2, 1, stif=0.8
j:3, 1
",3.614917216334197e-07,feasible,20
36,0,2,"//0
p:
p:1.0
p:1.302, -0.734, 0.168
p:1.382, 0.583, 0.25
j:0, 1
j:2, 1
j:3, 1
",3.14541555949995e-07,"//0
p:fr=0.47
p:1.0
p:1.302, -0.734, 0.168
p:1.382, 0.583, 0.25
j:0, 1
j:2, 1
j:3, 1
",3.14551465273644e-07,feasible,20
36,0,2,"//0
p:
p:1.0
p:1.302, -0.734, 0.168
p:1.382, 0.583, 0.25
j:0, 1
j:2, 1
j:3, 1
",3.14541555949995e-07,"//0
p:
p:1.0
p:1.302, -0.734, 0.168
p:1.382, 0.583, 0.25
j:0, 1
j:2, 1
j:3, 1
j:0, 2
",6.915801851345383e-08,feasible,20
36,0,2,"//0
p:
p:1.0
p:1.302, -0.734, 0.168
p:1.382, 0.583, 0.25
j:0, 1
j:2, 1
j:3, 1
",3.14541555949995e-07,"//0
p:
p:1.0
p:1.302, -0.734, 0.168
p:1.382, 0.583, 0.25
j:0, 3
j:2, 3
j:1, 3
",1.1002939232047202e-16,feasible,20
36,0,2,"//0
p:
p:1.0
p:1.302, -0.734, 0.168
p:1.382, 0.583, 0.25
j:0, 1
j:2, 1
j:3, 1
",3.14541555949995e-07,"//0
p:
p:1.0
p:1.302, -0.734, 0.168
p:1.382, 0.583, 0.25
p:-0.44, -0.066, -0.703
j:0, 1
j:2, 1
j:3, 1
j:4, 0
",2.794071637068208e-08,feasible,20
36,0,2,"//0
p:
p:1.0
p:1.302, -0.734, 0.168
p:1.382, 0.583, 0.25
j:0, 1
j:2, 1
j:3, 1
",3.14541555949995e-07,"//0
p:
p:1.0
p:1.302, -0.734, 0.168, fr=0.366
p:1.382, 0.583, 0.25
j:0, 1
j:2, 1
j:3, 1
",3.148108337783851e-07,feasible,20
36,0,2,"//0
p:
p:1.0
p:1.302, -0.734, 0.168
p:1.382, 0.583, 0.25
j:0, 1
j:2, 1
j:3, 1
",3.14541555949995e-07,"//0
p:
p:1.0
p:1.302, -0.734, 0.168
p:1.382, 0.583, 0.25
j:0, 1
j:3, 1
j:2, 1
",3.145415559500356e-07,feasible,20
36,0,2,"//0
p:
p:1.0
p:1.302, -0.734, 0.168
p:1.382, 0.583, 0.25
j:0, 1
j:2, 1
j:3, 1
",3.14541555949995e-07,"//0
p:
p:1.0
p:1.302, -0.734, 0.168
p:1.382, 0.583, 0.25
j:0, 1
j:2, 1, stif=0.989
j:3, 1
",3.169603350177875e-07,feasible,20
36,0,2,"//0
p:
p:1.0
p:1.302, -0.734, 0.168
p:1.382, 0.583, 0.25
j:0, 1
j:2, 1
j:3, 1
",3.14541555949995e-07,"//0
p:
p:1.0
p:1.302, -0.734, 0.168
p:1.382, 0.583, 0.25
j:0, 1
j:2, 1
j:3, 1
n:j=2, d=G
",3.14541555949995e-07,feasible,20
36,0,2,"//0
p:
p:1.0
p:1.302, -0.734, 0.168
p:1.382, 0.583, 0.25
j:0, 1
j:2, 1
j:3, 1
",3.14541555949995e-07,"//0
p:
p:1.0
p:1.302, -0.734, 0.168
p:1.382, 0.583, 0.25
j:0, 1, rotstif=0.948
j:2, 1
j:3, 1
",3.14541555949995e-07,feasible,20
36,0,2,"//0
p:
p:1.0
p:1.302, -0.734, 0.168
p:1.382, 0.583, 0.25
j:0, 1
j:2, 1
j:3, 1
",3.14541555949995e-07,"//0
p:
p:1.0
p:1.302, -0.734, 0.168, ing=0.081
p:1.382, 0.583, 0.25
j:0, 1
j:2, 1
j:3, 1
",3.14541555949995e-07,feasible,20
36,0,2,"//0
p:
p:1.0
p:1.302, -0.734, 0.168
p:1.382, 0.583, 0.25
j:0, 1
j:2, 1
j:3, 1
",3.14541555949995e-07,"//0
p:
p:1.0
p:1.226, -1.037, 0.927
p:1.382, 0.583, 0.25
j:0, 1
j:2, 1
j:3, 1
",2.0826164361197963e-07,feasible,20
36,0,2,"//0
p:
p:1.0
p:1.302, -0.734, 0.168
p:1.382, 0.583, 0.25
j:0, 1
j:2, 1
j:3, 1
",3.14541555949995e-07,"//0
p:
p:1.0
p:1.6, -0.755, 0.495
p:1.382, 0.583, 0.25
j:0, 1
j:2, 1
j:3, 1
",2.0802097815200115e-07,feasible,20
36,0,2,"//0
p:
p:1.0
p:1.302, -0.734, 0.168
p:1.382, 0.583, 0.25
j:0, 1
j:2, 1
j:3, 1
",3.14541555949995e-07,"//0
p:
p:1.0
p:1.302, -0.734, 0.168, ing=0.251
p:1.382, 0.583, 0.25
j:0, 1
j:2, 1
j:3, 1
",3.14541555949995e-07,feasible,20
36,0,2,"//0
p:
p:1.0
p:1.302, -0.734, 0.168
p:1.382, 0.583, 0.25
j:0, 1
j:2, 1
j:3, 1
",3.14541555949995e-07,"//0
p:
p:1.0
p:1.302, -0.734, 0.168
p:1.382, 0.583, 0.25
j:0, 1
j:2, 1
j:3, 1
n:p=1, d=S
",3.14541555949995e-07,feasible,20
36,0,2,"//0
p:
p:1.0
p:1.302, -0.734, 0.168
p:1.382, 0.583, 0.25
j:0, 1
j:2, 1
j:3, 1
",3.14541555949995e-07,"//0
p:
p:1.0
p:1.302, -0.734, 0.168
p:1.382, 0.583, 0.25
j:0, 1
j:2, 1
j:3, 1, rotstif=0.869
",3.14541555949995e-07,feasible,20
36,0,2,"//0
p:
p:1.0
p:1.302, -0.734, 0.168
p:1.382, 0.583, 0.25
j:0, 1
j:2, 1
j:3, 1
",3.14541555949995e-07,"//0
p:
p:1.0
p:1.302, -0.734, 0.168
p:1.382, 0.583, 0.25
j:3, 1
j:2, 1
j:0, 1
",3.1454155595001875e-07,feasible,20
36,0,2,"//0
p:
p:1.0
p:1.302, -0.734, 0.168
p:1.382, 0.583, 0.25
j:0, 1
j:2, 1
j:3, 1
",3.14541555949995e-07,"//0
p:
p:1.0
p:1.302, -0.734, 0.168
p:1.635, 0.257, -0.082
j:0, 1
j:2, 1
j:3, 1
",1.7763568394002505e-19,feasible,20
36,0,2,"//0
p:
p:1.0
p:1.302, -0.734, 0.168
p:1.382, 0.583, 0.25
j:0, 1
j:2, 1
j:3, 1
",3.14541555949995e-07,"//0
p:
p:1.0
p:1.302, -0.734, 0.168
p:1.382, 0.583, 0.25
j:0, 1, stif=0.944
j:2, 1
j:3, 1
",3.1168956359076134e-07,feasible,20
36,0,3,"//0
p:
p:1.0
p:1.493, -0.721, 0.349
p:1.382, 0.583, 0.25
j:0, 1
j:2, 1
j:3, 1
",4.391812709924366e-07,"//0
p:
p:1.0
p:1.493, -0.721, 0.349
p:1.382, 0.583, 0.25
j:0, 1
j:2, 1
j:3, 1, rotstif=0.998
",4.391812709924366e-07,feasible,23
36,0,3,"//0
p:
p:1.0
p:1.493, -0.721, 0.349
p:1.382, 0.583, 0.25
j:0, 1
j:2, 1
j:3, 1
",4.391812709924366e-07,"//0
p:
p:1.0
p:1.493, -0.721, 0.349
p:1.382, 0.583, 0.25
j:2, 1
j:0, 1
j:3, 1
",4.391812709924366e-07,feasible,23
36,0,3,"//0
p:
p:1.0
p:1.493, -0.721, 0.349
p:1.382, 0.583, 0.25
j:0, 1
j:2, 1
j:3, 1
",4.391812709924366e-07,"//0
p:
p:1.0
p:1.493, -0.721, 0.349
p:1.382, 0.583, 0.25, ing=0.217
j:0, 1
j:2, 1
j:3, 1
",4.391812709924366e-07,feasible,23
36,0,3,"//0
p:
p:1.0
p:1.493, -0.721, 0.349
p:1.382, 0.583, 0.25
j:0, 1
j:2, 1
j:3, 1
",4.391812709924366e-07,"//0
p:fr=1.013
p:1.0
p:1.493, -0.721, 0.349
p:1.382, 0.583, 0.25
j:0, 1
j:2, 1
j:3, 1
",4.392153647964717e-07,feasible,23
36,0,3,"//0
p:
p:1.0
p:1.493, -0.721, 0.349
p:1.382, 0.583, 0.25
j:0, 1
j:2, 1
j:3, 1
",4.391812709924366e-07,"//0
p:
p:1.0
p:1.493, -0.721, 0.349
p:1.382, 0.583, 0.25
j:0, 1
j:2, 1
j:3, 1, stif=0.976
",4.3885336400713034e-07,feasible,23
36,0,3,"//0
p:
p:1.0
p:1.493, -0.721, 0.349
p:1.382, 0.583, 0.25
j:0, 1
j:2, 1
j:3, 1
",4.391812709924366e-07,"//0
p:
p:1.0
p:1.493, -0.721, 0.349
p:1.382, 0.583, 0.25
j:0, 1
j:2, 1
j:3, 1
n:d=*
",4.391812709924366e-07,feasible,23
36,0,3,"//0
p:
p:1.0
p:1.493, -0.721, 0.349
p:1.382, 0.583, 0.25
j:0, 1
j:2, 1
j:3, 1
",4.391812709924366e-07,"//0
p:
p:1.0
p:1.493, -0.721, 0.349
p:1.382, 0.583, 0.25, ing=0.287
j:0, 1
j:2, 1
j:3, 1
",4.391812709924366e-07,feasible,23
36,0,3,"//0
p:
p:1.0
p:1.493, -0.721, 0.349
p:1.382, 0.583, 0.25
j:0, 1
j:2, 1
j:3, 1
",4.391812709924366e-07,"//0
p:
p:1.0
p:1.493, -0.721, 0.349
p:1.382, 0.583, 0.25
j:0, 2
j:1, 2
j:3, 2
",2.0003632232959098e-07,feasible,23
36,0,3,"//0
p:
p:1.0
p:1.493, -0.721, 0.349
p:1.382, 0.583, 0.25
j:0, 1
j:2, 1
j:3, 1
",4.391812709924366e-07,"//0
p:
p:1.0
p:1.382, 0.583, 0.25
j:0, 1
j:2, 1
",1.836626550087651e-19,feasible,23
36,0,3,"//0
p:
p:1.0
p:1.493, -0.721, 0.349
p:1.382, 0.583, 0.25
j:0, 1
j:2, 1
j:3, 1
",4.391812709924366e-07,"//0
p:
p:1.0
p:1.493, -0.721, 0.349
p:1.382, 0.583, 0.25
j:0, 1
j:2, 1
j:3, 1
j:2, 0
",2.2960556143161855e-07,feasible,23
36,0,3,"//0
p:
p:1.0
p:1.493, -0.721, 0.349
p:1.382, 0.583, 0.25
j:0, 1
j:2, 1
j:3, 1
",4.391812709924366e-07,"//0
p:
p:1.0
p:1.493, -0.721, 0.349
p:1.382, 0.583, 0.25, ing=0.047
j:0, 1
j:2, 1
j:3, 1
",4.391812709924366e-07,feasible,23
36,0,3,"//0
p:
p:1.0
p:1.493, -0.721, 0.349
p:1.382, 0.583, 0.25
j:0, 1
j:2, 1
j:3, 1
",4.391812709924366e-07,"//0
p:1.0
p:1.493, -0.721, 0.349
p:1.382, 0.583, 0.25
j:1, 0
j:2, 0
",2.51214853283671e-19,feasible,23
36,0,3,"//0
p:
p:1.0
p:1.493, -0.721, 0.349
p:1.382, 0.583, 0.25
j:0, 1
j:2, 1
j:3, 1
",4.391812709924366e-07,"//0
p:
p:1.027, -0.032, 0.345
p:1.493, -0.721, 0.349
p:1.382, 0.583, 0.25
j:0, 1
j:2, 1
j:3, 1
",8.704560086501125e-08,feasible,23
36,0,3,"//0
p:
p:1.0
p:1.493, -0.721, 0.349
p:1.382, 0.583, 0.25
j:0, 1
j:2, 1
j:3, 1
",4.391812709924366e-07,"//0
p:
p:1.0
p:1.493, -0.721, 0.349
j:0, 1
j:2, 1
",0.0,feasible,23
36,0,3,"//0
p:
p:1.0
p:1.493, -0.721, 0.349
p:1.382, 0.583, 0.25
j:0, 1
j:2, 1
j:3, 1
",4.391812709924366e-07,"//0
p:
p:1.0
p:1.493, -0.721, 0.349
p:1.382, 0.583, 0.25
j:0, 1
j:2, 1
j:3, 1, stif=0.908
",4.13290239485865e-07,feasible,23
36,0,3,"//0
p:
p:1.0
p:1.493, -0.721, 0.349
p:1.382, 0.583, 0.25
j:0, 1
j:2, 1
j:3, 1
",4.391812709924366e-07,"//0
p:
p:1.0
p:1.493, -0.721, 0.349
p:1.382, 0.583, 0.25
j:0, 1, stif=0.982
j:2, 1
j:3, 1
",4.3866919126296035e-07,feasible,23
36,0,3,"//0
p:
p:1.0
p:1.493, -0.721, 0.349
p:1.382, 0.583, 0.25
j:0, 1
j:2, 1
j:3, 1
",4.391812709924366e-07,"//0
p:
p:1.0
p:1.493, -0.721, 0.349, ing=0.366
p:1.382, 0.583, 0.25
j:0, 1
j:2, 1
j:3, 1
",4.391812709924366e-07,feasible,23
36,0,3,"//0
p:
p:1.0
p:1.493, -0.721, 0.349
p:1.382, 0.583, 0.25
j:0, 1
j:2, 1
j:3, 1
",4.391812709924366e-07,"//0
p:ing=0.269
p:1.0
p:1.493, -0.721, 0.349
p:1.382, 0.583, 0.25
j:0, 1
j:2, 1
j:3, 1
",4.391812709924366e-07,feasible,23
36,0,3,"//0
p:
p:1.0
p:1.493, -0.721, 0.349
p:1.382, 0.583, 0.25
j:0, 1
j:2, 1
j:3, 1
",4.391812709924366e-07,"//0
p:
p:1.0
p:1.493, -0.721, 0.349, ing=0.005
p:1.382, 0.583, 0.25
j:0, 1
j:2, 1
j:3, 1
",4.391812709924366e-07,feasible,23
36,0,3,"//0
p:
p:1.0
p:1.493, -0.721, 0.349
p:1.382, 0.583, 0.25
j:0, 1
j:2, 1
j:3, 1
",4.391812709924366e-07,"//0
p:
p:1.0
p:1.493, -0.721, 0.349
p:1.382, 0.583, 0.25
j:0, 1, stif=0.951
j:2, 1
j:3, 1
",4.225525074141656e-07,feasible,23
36,0,4,"//0
p:
p:1.0
p:1.493, -0.721, 0.349
p:1.382, 0.583, 0.25
j:0, 3
j:2, 3
j:1, 3
",5.939421096636733e-07,"//0
p:
p:1.0
p:1.493, -0.721, 0.349, fr=0.974
p:1.382, 0.583, 0.25
j:0, 3
j:2, 3
j:1, 3
",4.5681999553190315e-07,feasible,23
36,0,4,"//0
p:
p:1.0
p:1.493, -0.721, 0.349
p:1.382, 0.583, 0.25
j:0, 3
j:2, 3
j:1, 3
",5.939421096636733e-07,"//0
p:
p:1.0
p:1.493, -0.721, 0.349
p:1.382, 0.583, 0.25
j:0, 3
j:2, 3
j:1, 3
j:2, 1
",1.0301208889028275e-07,feasible,23
36,0,4,"//0
p:
p:1.0
p:1.493, -0.721, 0.349
p:1.382, 0.583, 0.25
j:0, 3
j:2, 3
j:1, 3
",5.939421096636733e-07,"//0
p:
p:1.0
p:1.382, 0.583, 0.25
j:0, 2
j:1, 2
",3.4694469519536144e-22,feasible,23
36,0,4,"//0
p:
p:1.0
p:1.493, -0.721, 0.349
p:1.382, 0.583, 0.25
j:0, 3
j:2, 3
j:1, 3
",5.939421096636733e-07,"//0
p:
p:1.493, -0.721, 0.349
p:1.382, 0.583, 0.25
j:0, 2
j:1, 2
",1.7347234759768072e-22,feasible,23
36,0,4,"//0
p:
p:1.0
p:1.493, -0.721, 0.349
p:1.382, 0.583, 0.25
j:0, 3
j:2, 3
j:1, 3
",5.939421096636733e-07,"//0
p:1.0
p:1.493, -0.721, 0.349
p:1.382, 0.583, 0.25
j:1, 2
j:0, 2
",1.8117257485433313e-10,feasible,23
36,0,4,"//0
p:
p:1.0
p:1.493, -0.721, 0.349
p:1.382, 0.583, 0.25
j:0, 3
j:2, 3
j:1, 3
",5.939421096636733e-07,"//0
p:
p:1.0
p:1.493, -0.721, 0.349
p:1.382, 0.583, 0.25
j:0, 1
j:2, 1
j:3, 1
",4.391812709924366e-07,feasible,23
36,0,4,"//0
p:
p:1.0
p:1.493, -0.721, 0.349
p:1.382, 0.583, 0.25
j:0, 3
j:2, 3
j:1, 3
",5.939421096636733e-07,"//0
p:
p:1.0, fr=0.204
p:1.493, -0.721, 0.349
p:1.382, 0.583, 0.25
j:0, 3
j:2, 3
j:1, 3
",5.638390182841417e-07,feasible,23
36,0,4,"//0
p:
p:1.0
p:1.493, -0.721, 0.349
p:1.382, 0.583, 0.25
j:0, 3
j:2, 3
j:1, 3
",5.939421096636733e-07,"//0
p:
p:1.0
p:1.493, -0.721, 0.349
p:1.382, 0.583, 0.25
j:0, 3
j:2, 3
j:1, 3
j:1, 2
",1.2259566979459672e-07,feasible,23
36,0,4,"//0
p:
p:1.0
p:1.493, -0.721, 0.349
p:1.382, 0.583, 0.25
j:0, 3
j:2, 3
j:1, 3
",5.939421096636733e-07,"//0
p:
p:1.0, ing=0.334
p:1.493, -0.721, 0.349
p:1.382, 0.583, 0.25
j:0, 3
j:2, 3
j:1, 3
",5.939421096636733e-07,feasible,23
36,0,4,"//0
p:
p:1.0
p:1.493, -0.721, 0.349
p:1.382, 0.583, 0.25
j:0, 3
j:2, 3
j:1, 3
",5.939421096636733e-07,"//0
p:
p:1.0
p:1.493, -0.721, 0.349
p:1.382, 0.583, 0.25
j:0, 3, stif=0.947
j:2, 3
j:1, 3
",5.237369405349596e-07,feasible,23
36,0,4,"//0
p:
p:1.0
p:1.493, -0.721, 0.349
p:1.382, 0.583, 0.25
j:0, 3
j:2, 3
j:1, 3
",5.939421096636733e-07,"//0
p:
p:1.0
p:1.493, -0.721, 0.349
p:1.382, 0.583, 0.25
j:0, 3
j:2, 3
j:1, 3
n:d=*
",5.939421096636733e-07,feasible,23
36,0,4,"//0
p:
p:1.0
p:1.493, -0.721, 0.349
p:1.382, 0.583, 0.25
j:0, 3
j:2, 3
j:1, 3
",5.939421096636733e-07,"//0
p:
p:1.0
p:1.493, -0.721, 0.349
p:1.382, 0.583, 0.25
j:0, 3
j:2, 3
j:1, 3
n:j=0, d=@
",5.973051952462302e-07,feasible,23
36,0,4,"//0
p:
p:1.0
p:1.493, -0.721, 0.349
p:1.382, 0.583, 0.25
j:0, 3
j:2, 3
j:1, 3
",5.939421096636733e-07,"//0
p:
p:1.025, -0.08, -0.102
p:1.493, -0.721, 0.349
p:1.382, 0.583, 0.25
j:0, 3
j:2, 3
j:1, 3
",6.715185166564339e-07,feasible,23
36,0,4,"//0
p:
p:1.0
p:1.493, -0.721, 0.349
p:1.382, 0.583, 0.25
j:0, 3
j:2, 3
j:1, 3
",5.939421096636733e-07,"//0
p:
p:1.0
p:1.493, -0.721, 0.349
p:1.382, 0.583, 0.25
j:0, 3
j:2, 3, rotstif=0.966
j:1, 3
",5.939421096636733e-07,feasible,23
36,0,4,"//0
p:
p:1.0
p:1.493, -0.721, 0.349
p:1.382, 0.583, 0.25
j:0, 3
j:2, 3
j:1, 3
",5.939421096636733e-07,"//0
p:
p:0.872, -0.111, -0.259
p:1.493, -0.721, 0.349
p:1.382, 0.583, 0.25
j:0, 3
j:2, 3
j:1, 3
",1.4223595799571638e-07,feasible,23
36,0,4,"//0
p:
p:1.0
p:1.493, -0.721, 0.349
p:1.382, 0.583, 0.25
j:0, 3
j:2, 3
j:1, 3
",5.939421096636733e-07,"//0
p:ing=0.209
p:1.0
p:1.493, -0.721, 0.349
p:1.382, 0.583, 0.25
j:0, 3
j:2, 3
j:1, 3
",5.939421096636733e-07,feasible,23
36,0,4,"//0
p:
p:1.0
p:1.493, -0.721, 0.349
p:1.382, 0.583, 0.25
j:0, 3
j:2, 3
j:1, 3
",5.939421096636733e-07,"//0
p:
p:1.0
p:1.493, -0.721, 0.349
p:1.382, 0.583, 0.25
j:0, 3
j:2, 3
j:1, 3
j:0, 2
",1.7764999822009532e-19,feasible,23
36,0,4,"//0
p:
p:1.0
p:1.493, -0.721, 0.349
p:1.382, 0.583, 0.25
j:0, 3
j:2, 3
j:1, 3
",5.939421096636733e-07,"//0
p:
p:1.0
p:1.493, -0.721, 0.349
p:1.382, 0.583, 0.25, fr=0.404
j:0, 3
j:2, 3
j:1, 3
",5.943772544455783e-07,feasible,23
36,0,4,"//0
p:
p:1.0
p:1.493, -0.721, 0.349
p:1.382, 0.583, 0.25
j:0, 3
j:2, 3
j:1, 3
",5.939421096636733e-07,"//0
p:
p:1.0
p:1.493, -0.721, 0.349
p:1.382, 0.583, 0.25
j:0, 3
j:2, 3
j:1, 3
n:p=1, d=T
",5.939421096636733e-07,feasible,23
36,0,4,"//0
p:
p:1.0
p:1.493, -0.721, 0.349
p:1.382, 0.583, 0.25
j:0, 3
j:2, 3
j:1, 3
",5.939421096636733e-07,"//0
p:
p:1.0
p:1.493, -0.721, 0.349
p:1.382, 0.583, 0.25
j:0, 3, rotstif=0.959
j:2, 3
j:1, 3
",5.939421096636733e-07,feasible,23
36,0,5,"//0
p:
p:0.923, 0.183, -0.26
p:1.493, -0.721, 0.349
p:1.382, 0.583, 0.25
j:0, 3
j:2, 3
j:1, 3
",1.6797722507471423e-06,"//0
p:
p:0.923, 0.183, -0.26
p:1.493, -0.721, 0.349
p:1.382, 0.583, 0.25
j:3, 0
j:2, 0
j:1, 0
",9.38942793296562e-08,feasible,24
36,0,5,"//0
p:
p:0.923, 0.183, -0.26
p:1.493, -0.721, 0.349
p:1.382, 0.583, 0.25
j:0, 3
j:2, 3
j:1, 3
",1.6797722507471423e-06,"//0
p:
p:0.923, 0.183, -0.26
p:1.382, 0.583, 0.25
j:0, 2
j:1, 2
",1.7763568394002505e-19,feasible,24
36,0,5,"//0
p:
p:0.923, 0.183, -0.26
p:1.493, -0.721, 0.349
p:1.382, 0.583, 0.25
j:0, 3
j:2, 3
j:1, 3
",1.6797722507471423e-06,"//0
p:
p:0.923, 0.183, -0.26
p:1.493, -0.721, 0.349
p:1.382, 0.583, 0.25
p:1.359, 0.095, 1.101
j:0, 3
j:2, 3
j:1, 3
j:4, 1
",3.5965913783147044e-07,feasible,24
36,0,5,"//0
p:
p:0.923, 0.183, -0.26
p:1.493, -0.721, 0.349
p:1.382, 0.583, 0.25
j:0, 3
j:2, 3
j:1, 3
",1.6797722507471423e-06,"//0
p:
p:0.923, 0.183, -0.26
p:1.493, -0.721, 0.349
p:1.382, 0.583, 0.25
p:0.009, -0.236, 0.477
j:0, 3
j:2, 3
j:1, 3
j:4, 0
",2.3817658406443562e-07,feasible,24
36,0,5,"//0
p:
p:0.923, 0.183, -0.26
p:1.493, -0.721, 0.349
p:1.382, 0.583, 0.25
j:0, 3
j:2, 3
j:1, 3
",1.6797722507471423e-06,"//0
p:fr=0.263
p:0.923, 0.183, -0.26
p:1.493, -0.721, 0.349
p:1.382, 0.583, 0.25
j:0, 3
j:2, 3
j:1, 3
",1.6817093361852738e-06,feasible,24
36,0,5,"//0
p:
p:0.923, 0.183, -0.26
p:1.493, -0.721, 0.349
p:1.382, 0.583, 0.25
j:0, 3
j:2, 3
j:1, 3
",1.6797722507471423e-06,"//0
p:
p:0.923, 0.183, -0.26
p:1.493, -0.721, 0.349
p:1.382, 0.583, 0.25
j:2, 3
j:0, 3
j:1, 3
",1.6797722507471423e-06,feasible,24
36,0,5,"//0
p:
p:0.923, 0.183, -0.26
p:1.493, -0.721, 0.349
p:1.382, 0.583, 0.25
j:0, 3
j:2, 3
j:1, 3
",1.6797722507471423e-06,"//0
p:
p:0.923, 0.183, -0.26, fr=0.95
p:1.493, -0.721, 0.349
p:1.382, 0.583, 0.25
j:0, 3
j:2, 3
j:1, 3
",1.6742354436671773e-06,feasible,24
36,0,5,"//0
p:
p:0.923, 0.183, -0.26
p:1.493, -0.721, 0.349
p:1.382, 0.583, 0.25
j:0, 3
j:2, 3
j:1, 3
",1.6797722507471423e-06,"//0
p:
p:0.923, 0.183, -0.26
p:1.3781796050596968, -1.391189085401616, -0.06900297751530704
p:1.382, 0.583, 0.25
j:0, 3
j:2, 3
j:1, 3
",4.5749394758343876e-07,feasible,24
36,0,5,"//0
p:
p:0.923, 0.183, -0.26
p:1.493, -0.721, 0.349
p:1.382, 0.583, 0.25
j:0, 3
j:2, 3
j:1, 3
",1.6797722507471423e-06,"//0
p:
p:0.923, 0.183, -0.26
p:1.009, -0.497, 0.26
p:1.382, 0.583, 0.25
j:0, 3
j:2, 3
j:1, 3
",3.0594865537998555e-07,feasible,24
36,0,5,"//0
p:
p:0.923, 0.183, -0.26
p:1.493, -0.721, 0.349
p:1.382, 0.583, 0.25
j:0, 3
j:2, 3
j:1, 3
",1.6797722507471423e-06,"//0
p:
p:0.923, 0.183, -0.26
p:1.194, -0.499, 0.769
p:1.382, 0.583, 0.25
j:0, 3
j:2, 3
j:1, 3
",1.2446450004714957e-07,feasible,24
36,0,5,"//0
p:
p:0.923, 0.183, -0.26
p:1.493, -0.721, 0.349
p:1.382, 0.583, 0.25
j:0, 3
j:2, 3
j:1, 3
",1.6797722507471423e-06,"//0
p:
p:0.923, 0.183, -0.26
p:1.493, -0.721, 0.349
p:1.382, 0.583, 0.25
j:0, 3
j:2, 3
j:1, 3
j:0, 2
",1.6713735291095692e-06,feasible,24
36,0,5,"//0
p:
p:0.923, 0.183, -0.26
p:1.493, -0.721, 0.349
p:1.382, 0.583, 0.25
j:0, 3
j:2, 3
j:1, 3
",1.6797722507471423e-06,"//0
p:
p:0.923, 0.183, -0.26
p:1.493, -0.721, 0.349
p:1.382, 0.583, 0.25
p:-0.015, -1.511, -0.785
j:0, 3
j:2, 3
j:1, 3
j:4, 0
",8.927497224752561e-08,feasible,24
36,0,5,"//0
p:
p:0.923, 0.183, -0.26
p:1.493, -0.721, 0.349
p:1.382, 0.583, 0.25
j:0, 3
j:2, 3
j:1, 3
",1.6797722507471423e-06,"//0
p:
p:0.923, 0.183, -0.26
p:1.493, -0.721, 0.349, fr=0.182
p:1.382, 0.583, 0.25
j:0, 3
j:2, 3
j:1, 3
",1.6731269872202934e-06,feasible,24
36,0,5,"//0
p:
p:0.923, 0.183, -0.26
p:1.493, -0.721, 0.349
p:1.382, 0.583, 0.25
j:0, 3
j:2, 3
j:1, 3
",1.6797722507471423e-06,"//0
p:
p:0.923, 0.183, -0.26
p:1.493, -0.721, 0.349
p:1.382, 0.583, 0.25
j:1, 3
j:2, 3
j:0, 3
",1.6797722507472477e-06,feasible,24
36,0,5,"//0
p:
p:0.923, 0.183, -0.26
p:1.493, -0.721, 0.349
p:1.382, 0.583, 0.25
j:0, 3
j:2, 3
j:1, 3
",1.6797722507471423e-06,"//0
p:
p:0.923, 0.183, -0.26, fr=0.688
p:1.493, -0.721, 0.349
p:1.382, 0.583, 0.25
j:0, 3
j:2, 3
j:1, 3
",1.6898139847773512e-06,feasible,24
36,0,5,"//0
p:
p:0.923, 0.183, -0.26
p:1.493, -0.721, 0.349
p:1.382, 0.583, 0.25
j:0, 3
j:2, 3
j:1, 3
",1.6797722507471423e-06,"//0
p:0.696, -0.452, -0.346
p:0.923, 0.183, -0.26
p:1.493, -0.721, 0.349
p:1.382, 0.583, 0.25
j:0, 3
j:2, 3
j:1, 3
",1.4019953697482297e-13,feasible,24
36,0,5,"//0
p:
p:0.923, 0.183, -0.26
p:1.493, -0.721, 0.349
p:1.382, 0.583, 0.25
j:0, 3
j:2, 3
j:1, 3
",1.6797722507471423e-06,"//0
p:
p:0.923, 0.183, -0.26
p:1.493, -0.721, 0.349
p:1.382, 0.583, 0.25
j:0, 3
j:2, 3
j:1, 3
j:0, 1
",1.3146843644394766e-06,feasible,24
36,0,5,"//0
p:
p:0.923, 0.183, -0.26
p:1.493, -0.721, 0.349
p:1.382, 0.583, 0.25
j:0, 3
j:2, 3
j:1, 3
",1.6797722507471423e-06,"//0
p:ing=0.142
p:0.923, 0.183, -0.26
p:1.493, -0.721, 0.349
p:1.382, 0.583, 0.25
j:0, 3
j:2, 3
j:1, 3
",1.6797722507471423e-06,feasible,24
36,0,5,"//0
p:
p:0.923, 0.183, -0.26
p:1.493, -0.721, 0.349
p:1.382, 0.583, 0.25
j:0, 3
j:2, 3
j:1, 3
",1.6797722507471423e-06,"//0
p:
p:0.923, 0.183, -0.26
p:1.493, -0.721, 0.349
p:1.382, 0.583, 0.25
p:0.928, 0.083, -0.227
j:0, 3
j:2, 3
j:1, 3
j:4, 1
",1.0051363278557246e-06,feasible,24
36,0,5,"//0
p:
p:0.923, 0.183, -0.26
p:1.493, -0.721, 0.349
p:1.382, 0.583, 0.25
j:0, 3
j:2, 3
j:1, 3
",1.6797722507471423e-06,"//0
p:
p:0.923, 0.183, -0.26
p:1.493, -0.721, 0.349
p:1.382, 0.583, 0.25, ing=0.387
j:0, 3
j:2, 3
j:1, 3
",1.6797722507471423e-06,feasible,24
36,0,6,"//0
p:
p:0.923, 0.183, -0.26
p:1.493, -0.721, 0.349
p:1.382, 0.583, 0.25
j:0, 3
j:2, 3, stif=0.869
j:1, 3
",1.7030801565190049e-06,"//0
p:
p:0.923, 0.183, -0.26
p:1.493, -0.721, 0.349
p:1.382, 0.583, 0.25
j:0, 3
j:2, 3, stif=0.679
j:1, 3
",1.6508437825859712e-06,feasible,21
36,0,6,"//0
p:
p:0.923, 0.183, -0.26
p:1.493, -0.721, 0.349
p:1.382, 0.583, 0.25
j:0, 3
j:2, 3, stif=0.869
j:1, 3
",1.7030801565190049e-06,"//0
p:0.923, 0.183, -0.26
p:1.493, -0.721, 0.349
p:1.382, 0.583, 0.25
j:1, 2, stif=0.869
j:0, 2
",1.7347234759768072e-22,feasible,21
36,0,6,"//0
p:
p:0.923, 0.183, -0.26
p:1.493, -0.721, 0.349
p:1.382, 0.583, 0.25
j:0, 3
j:2, 3, stif=0.869
j:1, 3
",1.7030801565190049e-06,"//0
p:
p:0.923, 0.183, -0.26
p:1.493, -0.721, 0.349
p:1.382, 0.583, 0.25
j:0, 3
j:2, 3, stif=0.869
j:1, 3
j:2, 0
",1.7838218361674696e-06,feasible,21
36,0,6,"//0
p:
p:0.923, 0.183, -0.26
p:1.493, -0.721, 0.349
p:1.382, 0.583, 0.25
j:0, 3
j:2, 3, stif=0.869
j:1, 3
",1.7030801565190049e-06,"//0
p:
p:0.923, 0.183, -0.26
p:1.493, -0.721, 0.349
p:1.382, 0.583, 0.25
j:0, 3
j:2, 3, stif=0.869, rotstif=0.931
j:1, 3
",1.7030801565190049e-06,feasible,21
36,0,6,"//0
p:
p:0.923, 0.183, -0.26
p:1.493, -0.721, 0.349
p:1.382, 0.583, 0.25
j:0, 3
j:2, 3, stif=0.869
j:1, 3
",1.7030801565190049e-06,"//0
p:
p:0.923, 0.183, -0.26
p:1.493, -0.721, 0.349, fr=0.152
p:1.382, 0.583, 0.25
j:0, 3
j:2, 3, stif=0.869
j:1, 3
",1.6836512432552433e-06,feasible,21
36,0,6,"//0
p:
p:0.923, 0.183, -0.26
p:1.493, -0.721, 0.349
p:1.382, 0.583, 0.25
j:0, 3
j:2, 3, stif=0.869
j:1, 3
",1.7030801565190049e-06,"//0
p:
p:0.923, 0.183, -0.26
p:1.493, -0.721, 0.349
p:1.382, 0.583, 0.25
j:0, 3
j:2, 3, stif=0.869
j:1, 3
n:p=2, d=Gpart
",1.7030801565190049e-06,feasible,21
36,0,6,"//0
p:
p:0.923, 0.183, -0.26
p:1.493, -0.721, 0.349
p:1.382, 0.583, 0.25
j:0, 3
j:2, 3, stif=0.869
j:1, 3
",1.7030801565190049e-06,"//0
p:
p:0.965, -0.535, -0.42
p:1.493, -0.721, 0.349
p:1.382, 0.583, 0.25
j:0, 3
j:2, 3, stif=0.869
j:1, 3
",1.2052380859685956e-07,feasible,21
36,0,6,"//0
p:
p:0.923, 0.183, -0.26
p:1.493, -0.721, 0.349
p:1.382, 0.583, 0.25
j:0, 3
j:2, 3, stif=0.869
j:1, 3
",1.7030801565190049e-06,"//0
p:
p:0.923, 0.183, -0.26
p:1.493, -0.721, 0.349
p:1.066, 0.509, -0.33
j:0, 3
j:2, 3, stif=0.869
j:1, 3
",5.869350265883305e-11,feasible,21
36,0,6,"//0
p:
p:0.923, 0.183, -0.26
p:1.493, -0.721, 0.349
p:1.382, 0.583, 0.25
j:0, 3
j:2, 3, stif=0.869
j:1, 3
",1.7030801565190049e-06,"//0
p:
p:0.923, 0.183, -0.26
p:1.493, -0.721, 0.349
p:1.382, 0.583, 0.25
p:1.596, -0.109, 0.139
j:0, 3
j:2, 3, stif=0.869
j:1, 3
j:4, 1
",3.9713982741753407e-07,feasible,21
36,0,6,"//0
p:
p:0.923, 0.183, -0.26
p:1.493, -0.721, 0.349
p:1.382, 0.583, 0.25
j:0, 3
j:2, 3, stif=0.869
j:1, 3
",1.7030801565190049e-06,"//0
p:
p:0.923, 0.183, -0.26
p:1.493, -0.721, 0.349
p:1.382, 0.583, 0.25
j:0, 1
j:2, 1, stif=0.869
j:3, 1
",7.870416303379677e-07,feasible,21
36,0,6,"//0
p:
p:0.923, 0.183, -0.26
p:1.493, -0.721, 0.349
p:1.382, 0.583, 0.25
j:0, 3
j:2, 3, stif=0.869
j:1, 3
",1.7030801565190049e-06,"//0
p:ing=0.234
p:0.923, 0.183, -0.26
p:1.493, -0.721, 0.349
p:1.382, 0.583, 0.25
j:0, 3
j:2, 3, stif=0.869
j:1, 3
",1.7030801565190049e-06,feasible,21
36,0,6,"//0
p:
p:0.923, 0.183, -0.26
p:1.493, -0.721, 0.349
p:1.382, 0.583, 0.25
j:0, 3
j:2, 3, stif=0.869
j:1, 3
",1.7030801565190049e-06,"//0
p:
p:0.923, 0.183, -0.26
p:1.493, -0.721, 0.349
p:1.382, 0.583, 0.25
j:0, 3, stif=0.981
j:2, 3, stif=0.869
j:1, 3
",1.704633021127549e-06,feasible,21
36,0,6,"//0
p:
p:0.923, 0.183, -0.26
p:1.493, -0.721, 0.349
p:1.382, 0.583, 0.25
j:0, 3
j:2, 3, stif=0.869
j:1, 3
",1.7030801565190049e-06,"//0
p:
p:0.923, 0.183, -0.26, ing=0.249
p:1.493, -0.721, 0.349
p:1.382, 0.583, 0.25
j:0, 3
j:2, 3, stif=0.869
j:1, 3
",1.7030801565190049e-06,feasible,21
36,0,6,"//0
p:
p:0.923, 0.183, -0.26
p:1.493, -0.721, 0.349
p:1.382, 0.583, 0.25
j:0, 3
j:2, 3, stif=0.869
j:1, 3
",1.7030801565190049e-06,"//0
p:
p:0.923, 0.183, -0.26
p:1.493, -0.721, 0.349
p:1.382, 0.583, 0.25, ing=0.087
j:0, 3
j:2, 3, stif=0.869
j:1, 3
",1.7030801565190049e-06,feasible,21
36,0,6,"//0
p:
p:0.923, 0.183, -0.26
p:1.493, -0.721, 0.349
p:1.382, 0.583, 0.25
j:0, 3
j:2, 3, stif=0.869
j:1, 3
",1.7030801565190049e-06,"//0
p:
p:0.923, 0.183, -0.26
p:1.493, -0.721, 0.349
p:1.382, 0.583, 0.25
j:2, 3
j:0, 3, stif=0.869
j:1, 3
",1.6908222151055731e-06,feasible,21
36,0,6,"//0
p:
p:0.923, 0.183, -0.26
p:1.493, -0.721, 0.349
p:1.382, 0.583, 0.25
j:0, 3
j:2, 3, stif=0.869
j:1, 3
",1.7030801565190049e-06,"//0
p:
p:0.923, 0.183, -0.26
p:1.493, -0.721, 0.349
p:1.382, 0.583, 0.25
j:0, 3
j:2, 3, stif=0.898
j:1, 3
",1.6950898587776916e-06,feasible,21
36,0,6,"//0
p:
p:0.923, 0.183, -0.26
p:1.493, -0.721, 0.349
p:1.382, 0.583, 0.25
j:0, 3
j:2, 3, stif=0.869
j:1, 3
",1.7030801565190049e-06,"//0
p:
p:0.923, 0.183, -0.26
p:1.493, -0.721, 0.349
p:1.382, 0.583, 0.25
j:0, 3
j:2, 3, stif=0.869
j:1, 3, stif=0.97
",1.678031178096183e-06,feasible,21
36,0,6,"//0
p:
p:0.923, 0.183, -0.26
p:1.493, -0.721, 0.349
p:1.382, 0.583, 0.25
j:0, 3
j:2, 3, stif=0.869
j:1, 3
",1.7030801565190049e-06,"//0
p:
p:0.923, 0.183, -0.26
p:1.493, -0.721, 0.349
p:1.382, 0.583, 0.25
j:1, 3
j:2, 3, stif=0.869
j:0, 3
",1.7030801565189873e-06,feasible,21
36,0,6,"//0
p:
p:0.923, 0.183, -0.26
p:1.493, -0.721, 0.349
p:1.382, 0.583, 0.25
j:0, 3
j:2, 3, stif=0.869
j:1, 3
",1.7030801565190049e-06,"//0
p:
p:0.923, 0.183, -0.26
p:1.594, -0.538, 0.304
p:1.382, 0.583, 0.25
j:0, 3
j:2, 3, stif=0.869
j:1, 3
",2.3789214491630888e-07,feasible,21
36,0,6,"//0
p:
p:0.923, 0.183, -0.26
p:1.493, -0.721, 0.349
p:1.382, 0.583, 0.25
j:0, 3
j:2, 3, stif=0.869
j:1, 3
",1.7030801565190049e-06,"//0
p:
p:0.923, 0.183, -0.26
p:1.493, -0.721, 0.349
p:1.382, 0.583, 0.25
j:0, 3, stif=0.891
j:2, 3, stif=0.869
j:1, 3
",1.6971597443150434e-06,feasible,21
36,0,7,"//0
p:
p:0.919, 0.241, -0.291
p:1.493, -0.721, 0.349
p:1.382, 0.583, 0.25
j:0, 3
j:2, 3, stif=0.869
j:1, 3
",2.0001393689942733e-06,"//0
p:
p:0.919, 0.241, -0.291
p:1.493, -0.721, 0.349
p:1.382, 0.583, 0.25
j:0, 3, stif=0.893
j:2, 3, stif=0.869
j:1, 3
",1.995742731172967e-06,feasible,21
36,0,7,"//0
p:
p:0.919, 0.241, -0.291
p:1.493, -0.721, 0.349
p:1.382, 0.583, 0.25
j:0, 3
j:2, 3, stif=0.869
j:1, 3
",2.0001393689942733e-06,"//0
p:
p:0.919, 0.241, -0.291
p:1.493, -0.721, 0.349
p:1.382, 0.583, 0.25
p:0.441, 1.339, 0.718
j:0, 3
j:2, 3, stif=0.869
j:1, 3
j:4, 3
",9.148059765064491e-07,feasible,21
36,0,7,"//0
p:
p:0.919, 0.241, -0.291
p:1.493, -0.721, 0.349
p:1.382, 0.583, 0.25
j:0, 3
j:2, 3, stif=0.869
j:1, 3
",2.0001393689942733e-06,"//0
p:
p:0.919, 0.241, -0.291
p:1.493, -0.721, 0.349
p:1.382, 0.583, 0.25
p:0.474, 1.437, -0.931
j:0, 3
j:2, 3, stif=0.869
j:1, 3
j:4, 1
",2.5886221635359186e-07,feasible,21
36,0,7,"//0
p:
p:0.919, 0.241, -0.291
p:1.493, -0.721, 0.349
p:1.382, 0.583, 0.25
j:0, 3
j:2, 3, stif=0.869
j:1, 3
",2.0001393689942733e-06,"//0
p:
p:0.919, 0.241, -0.291
p:1.493, -0.721, 0.349, fr=0.513
p:1.382, 0.583, 0.25
j:0, 3
j:2, 3, stif=0.869
j:1, 3
",2.000225813610599e-06,feasible,21
36,0,7,"//0
p:
p:0.919, 0.241, -0.291
p:1.493, -0.721, 0.349
p:1.382, 0.583, 0.25
j:0, 3
j:2, 3, stif=0.869
j:1, 3
",2.0001393689942733e-06,"//0
p:
p:0.919, 0.241, -0.291
p:1.4376011276659402, -1.4158134199908334, 0.27921415182447706
p:1.382, 0.583, 0.25
j:0, 3
j:2, 3, stif=0.869
j:1, 3
",1.9284742603196034e-07,feasible,21
36,0,7,"//0
p:
p:0.919, 0.241, -0.291
p:1.493, -0.721, 0.349
p:1.382, 0.583, 0.25
j:0, 3
j:2, 3, stif=0.869
j:1, 3
",2.0001393689942733e-06,"//0
p:
p:0.919, 0.241, -0.291, fr=0.7
p:1.493, -0.721, 0.349
p:1.382, 0.583, 0.25
j:0, 3
j:2, 3, stif=0.869
j:1, 3
",1.9980154123287934e-06,feasible,21
36,0,7,"//0
p:
p:0.919, 0.241, -0.291
p:1.493, -0.721, 0.349
p:1.382, 0.583, 0.25
j:0, 3
j:2, 3, stif=0.869
j:1, 3
",2.0001393689942733e-06,"//0
p:
p:0.919, 0.241, -0.291
p:1.493, -0.721, 0.349, ing=0.165
p:1.382, 0.583, 0.25
j:0, 3
j:2, 3, stif=0.869
j:1, 3
",2.0001393689942733e-06,feasible,21
36,0,7,"//0
p:
p:0.919, 0.241, -0.291
p:1.493, -0.721, 0.349
p:1.382, 0.583, 0.25
j:0, 3
j:2, 3, stif=0.869
j:1, 3
",2.0001393689942733e-06,"//0
p:
p:0.919, 0.241, -0.291
p:1.493, -0.721, 0.349
p:1.382, 0.583, 0.25
j:2, 3
j:0, 3, stif=0.869
j:1, 3
",2.015386935931264e-06,feasible,21
36,0,7,"//0
p:
p:0.919, 0.241, -0.291
p:1.493, -0.721, 0.349
p:1.382, 0.583, 0.25
j:0, 3
j:2, 3, stif=0.869
j:1, 3
",2.0001393689942733e-06,"//0
p:
p:0.919, 0.241, -0.291, fr=0.154
p:1.493, -0.721, 0.349
p:1.382, 0.583, 0.25
j:0, 3
j:2, 3, stif=0.869
j:1, 3
",1.9810240868293436e-06,feasible,21
36,0,7,"//0
p:
p:0.919, 0.241, -0.291
p:1.493, -0.721, 0.349
p:1.382, 0.583, 0.25
j:0, 3
j:2, 3, stif=0.869
j:1, 3
",2.0001393689942733e-06,"//0
p:
p:0.919, 0.241, -0.291
p:1.493, -0.721, 0.349
p:1.382, 0.583, 0.25, ing=0.304
j:0, 3
j:2, 3, stif=0.869
j:1, 3
",2.0001393689942733e-06,feasible,21
36,0,7,"//0
p:
p:0.919, 0.241, -0.291
p:1.493, -0.721, 0.349
p:1.382, 0.583, 0.25
j:0, 3
j:2, 3, stif=0.869
j:1, 3
",2.0001393689942733e-06,"//0
p:
p:0.919, 0.241, -0.291
p:1.493, -0.721, 0.349
p:1.382, 0.583, 0.25
j:0, 1
j:2, 1, stif=0.869
j:3, 1
",1.6496948171468452e-07,feasible,21
36,0,7,"//0
p:
p:0.919, 0.241, -0.291
p:1.493, -0.721, 0.349
p:1.382, 0.583, 0.25
j:0, 3
j:2, 3, stif=0.869
j:1, 3
",2.0001393689942733e-06,"//0
p:0.919, 0.241, -0.291
p:1.493, -0.721, 0.349
p:1.382, 0.583, 0.25
j:1, 2, stif=0.869
j:0, 2
",1.0415082888143852e-13,feasible,21
36,0,7,"//0
p:
p:0.919, 0.241, -0.291
p:1.493, -0.721, 0.349
p:1.382, 0.583, 0.25
j:0, 3
j:2, 3, stif=0.869
j:1, 3
",2.0001393689942733e-06,"//0
p:
p:0.919, 0.241, -0.291
p:1.382, 0.583, 0.25
j:0, 2
j:1, 2
",1.7763576864329959e-19,feasible,21
36,0,7,"//0
p:
p:0.919, 0.241, -0.291
p:1.493, -0.721, 0.349
p:1.382, 0.583, 0.25
j:0, 3
j:2, 3, stif=0.869
j:1, 3
",2.0001393689942733e-06,"//0
p:
p:0.919, 0.241, -0.291
p:1.493, -0.721, 0.349
p:1.382, 0.583, 0.25
j:0, 3
j:2, 3, stif=0.869
j:1, 3, rotstif=0.929
",2.0001393689942733e-06,feasible,21
36,0,7,"//0
p:
p:0.919, 0.241, -0.291
p:1.493, -0.721, 0.349
p:1.382, 0.583, 0.25
j:0, 3
j:2, 3, stif=0.869
j:1, 3
",2.0001393689942733e-06,"//0
p:
p:0.919, 0.241, -0.291
p:1.493, -0.721, 0.349
p:1.382, 0.583, 0.25
j:0, 3, stif=0.969
j:2, 3, stif=0.869
j:1, 3
",2.002252812158854e-06,feasible,21
36,0,7,"//0
p:
p:0.919, 0.241, -0.291
p:1.493, -0.721, 0.349
p:1.382, 0.583, 0.25
j:0, 3
j:2, 3, stif=0.869
j:1, 3
",2.0001393689942733e-06,"//0
p:
p:1.493, -0.721, 0.349
p:1.382, 0.583, 0.25
j:0, 2
j:1, 2, stif=0.869
",1.7763568394002505e-19,feasible,21
36,0,7,"//0
p:
p:0.919, 0.241, -0.291
p:1.493, -0.721, 0.349
p:1.382, 0.583, 0.25
j:0, 3
j:2, 3, stif=0.869
j:1, 3
",2.0001393689942733e-06,"//0
p:ing=0.333
p:0.919, 0.241, -0.291
p:1.493, -0.721, 0.349
p:1.382, 0.583, 0.25
j:0, 3
j:2, 3, stif=0.869
j:1, 3
",2.0001393689942733e-06,feasible,21
36,0,7,"//0
p:
p:0.919, 0.241, -0.291
p:1.493, -0.721, 0.349
p:1.382, 0.583, 0.25
j:0, 3
j:2, 3, stif=0.869
j:1, 3
",2.0001393689942733e-06,"//0
p:
p:0.919, 0.241, -0.291
p:1.493, -0.721, 0.349
p:1.382, 0.583, 0.25
j:0, 3
j:2, 3, stif=0.875
j:1, 3
",2.0023529040947143e-06,feasible,21
36,0,7,"//0
p:
p:0.919, 0.241, -0.291
p:1.493, -0.721, 0.349
p:1.382, 0.583, 0.25
j:0, 3
j:2, 3, stif=0.869
j:1, 3
",2.0001393689942733e-06,"//0
p:
p:1.294, 0.027, 0.37
p:1.493, -0.721, 0.349
p:1.382, 0.583, 0.25
j:0, 3
j:2, 3, stif=0.869
j:1, 3
",7.808466511579683e-08,feasible,21
36,0,7,"//0
p:
p:0.919, 0.241, -0.291
p:1.493, -0.721, 0.349
p:1.382, 0.583, 0.25
j:0, 3
j:2, 3, stif=0.869
j:1, 3
",2.0001393689942733e-06,"//0
p:
p:0.919, 0.241, -0.291
p:1.551, -0.772, 0.1
p:1.382, 0.583, 0.25
j:0, 3
j:2, 3, stif=0.869
j:1, 3
",1.6648254718886414e-06,feasible,21
36,0,8,"//0
p:fr=0.472
p:0.919, 0.241, -0.291
p:1.493, -0.721, 0.349
p:1.382, 0.583, 0.25
j:0, 3
j:2, 3, stif=0.869
j:1, 3
",2.000156724800947e-06,"//0
p:fr=0.472
p:0.919, 0.241, -0.291
p:1.493, -0.721, 0.349
p:1.382, 0.583, 0.25
j:0, 3
j:2, 3, stif=0.869
j:1, 3
j:1, 0
",3.981649893653891e-08,feasible,21
36,0,8,"//0
p:fr=0.472
p:0.919, 0.241, -0.291
p:1.493, -0.721, 0.349
p:1.382, 0.583, 0.25
j:0, 3
j:2, 3, stif=0.869
j:1, 3
",2.000156724800947e-06,"//0
p:0.2, -0.087, -0.306, fr=0.472
p:0.919, 0.241, -0.291
p:1.493, -0.721, 0.349
p:1.382, 0.583, 0.25
j:0, 3
j:2, 3, stif=0.869
j:1, 3
",6.058927406714221e-07,feasible,21
36,0,8,"//0
p:fr=0.472
p:0.919, 0.241, -0.291
p:1.493, -0.721, 0.349
p:1.382, 0.583, 0.25
j:0, 3
j:2, 3, stif=0.869
j:1, 3
",2.000156724800947e-06,"//0
p:fr=0.472
p:0.919, 0.241, -0.291
p:1.493, -0.721, 0.349
p:1.382, 0.583, 0.25
j:0, 3
j:2, 3, stif=0.869
j:1, 3
n:
c:0, 0, -2.042
",2.000156724800947e-06,feasible,21
36,0,8,"//0
p:fr=0.472
p:0.919, 0.241, -0.291
p:1.493, -0.721, 0.349
p:1.382, 0.583, 0.25
j:0, 3
j:2, 3, stif=0.869
j:1, 3
",2.000156724800947e-06,"//0
p:fr=0.472
p:0.919, 0.241, -0.291
p:1.493, -0.721, 0.349
p:1.382, 0.583, 0.25
j:0, 3
j:2, 3, stif=0.869
j:1, 3, stif=0.901
",1.7941481879326677e-06,feasible,21
36,0,8,"//0
p:fr=0.472
p:0.919, 0.241, -0.291
p:1.493, -0.721, 0.349
p:1.382, 0.583, 0.25
j:0, 3
j:2, 3, stif=0.869
j:1, 3
",2.000156724800947e-06,"//0
p:fr=0.472
p:0.919, 0.241, -0.291
p:1.493, -0.721, 0.349, ing=0.33
p:1.382, 0.583, 0.25
j:0, 3
j:2, 3, stif=0.869
j:1, 3
",2.000156724800947e-06,feasible,21
36,0,8,"//0
p:fr=0.472
p:0.919, 0.241, -0.291
p:1.493, -0.721, 0.349
p:1.382, 0.583, 0.25
j:0, 3
j:2, 3, stif=0.869
j:1, 3
",2.000156724800947e-06,"//0
p:fr=0.472
p:0.919, 0.241, -0.291
p:1.493, -0.721, 0.349
p:1.382, 0.583, 0.25
j:0, 2
j:3, 2, stif=0.869
j:1, 2
",1.598059603323096e-07,feasible,21
36,0,8,"//0
p:fr=0.472
p:0.919, 0.241, -0.291
p:1.493, -0.721, 0.349
p:1.382, 0.583, 0.25
j:0, 3
j:2, 3, stif=0.869
j:1, 3
",2.000156724800947e-06,"//0
p:fr=0.472
p:0.919, 0.241, -0.291
p:1.493, -0.721, 0.349
p:1.382, 0.583, 0.25, ing=0.359
j:0, 3
j:2, 3, stif=0.869
j:1, 3
",2.000156724800947e-06,feasible,21
36,0,8,"//0
p:fr=0.472
p:0.919, 0.241, -0.291
p:1.493, -0.721, 0.349
p:1.382, 0.583, 0.25
j:0, 3
j:2, 3, stif=0.869
j:1, 3
",2.000156724800947e-06,"//0
p:fr=0.073
p:0.919, 0.241, -0.291
p:1.493, -0.721, 0.349
p:1.382, 0.583, 0.25
j:0, 3
j:2, 3, stif=0.869
j:1, 3
",2.009387283261712e-06,feasible,21
36,0,8,"//0
p:fr=0.472
p:0.919, 0.241, -0.291
p:1.493, -0.721, 0.349
p:1.382, 0.583, 0.25
j:0, 3
j:2, 3, stif=0.869
j:1, 3
",2.000156724800947e-06,"//0
p:fr=0.472
p:0.919, 0.241, -0.291
p:1.493, -0.721, 0.349
p:1.382, 0.583, 0.25, ing=0.183
j:0, 3
j:2, 3, stif=0.869
j:1, 3
",2.000156724800947e-06,feasible,21
36,0,8,"//0
p:fr=0.472
p:0.919, 0.241, -0.291
p:1.493, -0.721, 0.349
p:1.382, 0.583, 0.25
j:0, 3
j:2, 3, stif=0.869
j:1, 3
",2.000156724800947e-06,"//0
p:fr=0.472
p:0.919, 0.241, -0.291
p:1.493, -0.721, 0.349
p:1.382, 0.583, 0.25, fr=0.611
j:0, 3
j:2, 3, stif=0.869
j:1, 3
",2.006814642329939e-06,feasible,21
36,0,8,"//0
p:fr=0.472
p:0.919, 0.241, -0.291
p:1.493, -0.721, 0.349
p:1.382, 0.583, 0.25
j:0, 3
j:2, 3, stif=0.869
j:1, 3
",2.000156724800947e-06,"//0
p:fr=0.472
p:0.919, 0.241, -0.291
p:1.493, -0.721, 0.349
p:1.382, 0.583, 0.25
j:0, 3
j:2, 3, stif=0.869
j:1, 3
n:d=*
",2.000156724800947e-06,feasible,21
36,0,8,"//0
p:fr=0.472
p:0.919, 0.241, -0.291
p:1.493, -0.721, 0.349
p:1.382, 0.583, 0.25
j:0, 3
j:2, 3, stif=0.869
j:1, 3
",2.000156724800947e-06,"//0
p:fr=0.472
p:0.919, 0.241, -0.291, fr=0.488
p:1.493, -0.721, 0.349
p:1.382, 0.583, 0.25
j:0, 3
j:2, 3, stif=0.869
j:1, 3
",2.0005053015730405e-06,feasible,21
36,0,8,"//0
p:fr=0.472
p:0.919, 0.241, -0.291
p:1.493, -0.721, 0.349
p:1.382, 0.583, 0.25
j:0, 3
j:2, 3, stif=0.869
j:1, 3
",2.000156724800947e-06,"//0
p:fr=0.472
p:0.919, 0.241, -0.291
p:1.529, -0.22, 0.175
p:1.382, 0.583, 0.25
j:0, 3
j:2, 3, stif=0.869
j:1, 3
",2.1145266188619871e-07,feasible,21
36,0,8,"//0
p:fr=0.472
p:0.919, 0.241, -0.291
p:1.493, -0.721, 0.349
p:1.382, 0.583, 0.25
j:0, 3
j:2, 3, stif=0.869
j:1, 3
",2.000156724800947e-06,"//0
p:fr=0.472
p:0.919, 0.241, -0.291
p:1.493, -0.721, 0.349
p:1.382, 0.583, 0.25
j:1, 3
j:2, 3, stif=0.869
j:0, 3
",2.0001567248010883e-06,feasible,21
36,0,8,"//0
p:fr=0.472
p:0.919, 0.241, -0.291
p:1.493, -0.721, 0.349
p:1.382, 0.583, 0.25
j:0, 3
j:2, 3, stif=0.869
j:1, 3
",2.000156724800947e-06,"//0
p:fr=0.472
p:0.919, 0.241, -0.291
p:1.493, -0.721, 0.349
p:1.382, 0.583, 0.25
j:0, 1
j:2, 1, stif=0.869
j:3, 1
",1.6496532303360283e-07,feasible,21
36,0,8,"//0
p:fr=0.472
p:0.919, 0.241, -0.291
p:1.493, -0.721, 0.349
p:1.382, 0.583, 0.25
j:0, 3
j:2, 3, stif=0.869
j:1, 3
",2.000156724800947e-06,"//0
p:fr=0.472
p:0.919, 0.241, -0.291
p:1.493, -0.721, 0.349
p:1.382, 0.583, 0.25
j:0, 3
j:2, 3, stif=0.869
j:1, 3
n:p=2, d=T
",2.000156724800947e-06,feasible,21
36,0,8,"//0
p:fr=0.472
p:0.919, 0.241, -0.291
p:1.493, -0.721, 0.349
p:1.382, 0.583, 0.25
j:0, 3
j:2, 3, stif=0.869
j:1, 3
",2.000156724800947e-06,"//0
p:fr=0.472
p:0.919, 0.241, -0.291
p:1.493, -0.721, 0.349
p:1.382, 0.583, 0.25
j:0, 3, stif=0.975
j:2, 3, stif=0.869
j:1, 3
",2.0018649392796317e-06,feasible,21
36,0,8,"//0
p:fr=0.472
p:0.919, 0.241, -0.291
p:1.493, -0.721, 0.349
p:1.382, 0.583, 0.25
j:0, 3
j:2, 3, stif=0.869
j:1, 3
",2.000156724800947e-06,"//0
p:fr=0.472
p:0.919, 0.241, -0.291, fr=0.617
p:1.493, -0.721, 0.349
p:1.382, 0.583, 0.25
j:0, 3
j:2, 3, stif=0.869
j:1, 3
",1.999404772081049e-06,feasible,21
36,0,8,"//0
p:fr=0.472
p:0.919, 0.241, -0.291
p:1.493, -0.721, 0.349
p:1.382, 0.583, 0.25
j:0, 3
j:2, 3, stif=0.869
j:1, 3
",2.000156724800947e-06,"//0
p:fr=0.472
p:0.919, 0.241, -0.291, ing=0.42
p:1.493, -0.721, 0.349
p:1.382, 0.583, 0.25
j:0, 3
j:2, 3, stif=0.869
j:1, 3
",2.000156724800947e-06,feasible,21
36,0,8,"//0
p:fr=0.472
p:0.919, 0.241, -0.291
p:1.493, -0.721, 0.349
p:1.382, 0.583, 0.25
j:0, 3
j:2, 3, stif=0.869
j:1, 3
",2.000156724800947e-06,"//0
p:fr=0.472
p:0.919, 0.241, -0.291
p:1.493, -0.721, 0.349
p:1.382, 0.583, 0.25, ing=0.105
j:0, 3
j:2, 3, stif=0.869
j:1, 3
",2.000156724800947e-06,feasible,21
36,0,9,"//0
p:fr=0.472
p:0.919, 0.241, -0.291
p:1.493, -0.721, 0.349
p:1.382, 0.583, 0.25, fr=0.87
j:0, 3
j:2, 3, stif=0.869
j:1, 3
",2.0207435096710938e-06,"//0
p:fr=0.472
p:0.919, 0.241, -0.291
p:1.382, 0.583, 0.25, fr=0.87
j:0, 2
j:1, 2
",1.7347234759768072e-22,feasible,23
36,0,9,"//0
p:fr=0.472
p:0.919, 0.241, -0.291
p:1.493, -0.721, 0.349
p:1.382, 0.583, 0.25, fr=0.87
j:0, 3
j:2, 3, stif=0.869
j:1, 3
",2.0207435096710938e-06,"//0
p:0.919, 0.241, -0.291
p:1.493, -0.721, 0.349
p:1.382, 0.583, 0.25, fr=0.87
j:1, 2, stif=0.869
j:0, 2
",1.0415082888143852e-13,feasible,23
36,0,9,"//0
p:fr=0.472
p:0.919, 0.241, -0.291
p:1.493, -0.721, 0.349
p:1.382, 0.583, 0.25, fr=0.87
j:0, 3
j:2, 3, stif=0.869
j:1, 3
",2.0207435096710938e-06,"//0
p:fr=0.472
p:0.919, 0.241, -0.291
p:1.493, -0.721, 0.349
p:1.382, 0.583, 0.25, fr=0.87
j:0, 3
j:2, 3, stif=0.869
j:1, 3
j:2, 0
",1.3786397920809757e-06,feasible,23
36,0,9,"//0
p:fr=0.472
p:0.919, 0.241, -0.291
p:1.493, -0.721, 0.349
p:1.382, 0.583, 0.25, fr=0.87
j:0, 3
j:2, 3, stif=0.869
j:1, 3
",2.0207435096710938e-06,"//0
p:fr=0.472
p:0.919, 0.241, -0.291
p:1.493, -0.721, 0.349
p:1.382, 0.583, 0.25, fr=0.87
j:0, 3
j:2, 3, stif=0.852
j:1, 3
",2.014274609358785e-06,feasible,23
36,0,9,"//0
p:fr=0.472
p:0.919, 0.241, -0.291
p:1.493, -0.721, 0.349
p:1.382, 0.583, 0.25, fr=0.87
j:0, 3
j:2, 3, stif=0.869
j:1, 3
",2.0207435096710938e-06,"//0
p:fr=0.472
p:0.919, 0.241, -0.291
p:1.493, -0.721, 0.349
p:1.382, 0.583, 0.25, fr=0.87
j:0, 3, stif=0.872
j:2, 3, stif=0.869
j:1, 3
",2.017997500337651e-06,feasible,23
36,0,9,"//0
p:fr=0.472
p:0.919, 0.241, -0.291
p:1.493, -0.721, 0.349
p:1.382, 0.583, 0.25, fr=0.87
j:0, 3
j:2, 3, stif=0.869
j:1, 3
",2.0207435096710938e-06,"//0
p:fr=0.472
p:0.919, 0.241, -0.291, fr=0.251
p:1.493, -0.721, 0.349
p:1.382, 0.583, 0.25, fr=0.87
j:0, 3
j:2, 3, stif=0.869
j:1, 3
",2.0103419926716763e-06,feasible,23
36,0,9,"//0
p:fr=0.472
p:0.919, 0.241, -0.291
p:1.493, -0.721, 0.349
p:1.382, 0.583, 0.25, fr=0.87
j:0, 3
j:2, 3, stif=0.869
j:1, 3
",2.0207435096710938e-06,"//0
p:fr=0.472
p:0.919, 0.241, -0.291
p:1.493, -0.721, 0.349
p:1.382, 0.583, 0.25, fr=0.87
j:0, 3
j:2, 3, stif=0.869
j:1, 3, rotstif=0.817
",2.0207435096710938e-06,feasible,23
36,0,9,"//0
p:fr=0.472
p:0.919, 0.241, -0.291
p:1.493, -0.721, 0.349
p:1.382, 0.583, 0.25, fr=0.87
j:0, 3
j:2, 3, stif=0.869
j:1, 3
",2.0207435096710938e-06,"//0
p:fr=0.472
p:0.919, 0.241, -0.291
p:1.493, -0.721, 0.349
p:1.382, 0.583, 0.25, fr=0.87
j:3, 0
j:2, 0, stif=0.869
j:1, 0
",9.7573937064219e-07,feasible,23
36,0,9,"//0
p:fr=0.472
p:0.919, 0.241, -0.291
p:1.493, -0.721, 0.349
p:1.382, 0.583, 0.25, fr=0.87
j:0, 3
j:2, 3, stif=0.869
j:1, 3
",2.0207435096710938e-06,"//0
p:fr=0.472
p:0.919, 0.241, -0.291
p:1.493, -0.721, 0.349
p:1.382, 0.583, 0.25, fr=0.87
j:1, 3
j:2, 3, stif=0.869
j:0, 3
",2.020743509670867e-06,feasible,23
36,0,9,"//0
p:fr=0.472
p:0.919, 0.241, -0.291
p:1.493, -0.721, 0.349
p:1.382, 0.583, 0.25, fr=0.87
j:0, 3
j:2, 3, stif=0.869
j:1, 3
",2.0207435096710938e-06,"//0
p:fr=0.472
p:0.919, 0.241, -0.291
p:1.958, -0.06, -0.144
p:1.382, 0.583, 0.25, fr=0.87
j:0, 3
j:2, 3, stif=0.869
j:1, 3
",8.649396194321373e-08,feasible,23
36,0,9,"//0
p:fr=0.472
p:0.919, 0.241, -0.291
p:1.493, -0.721, 0.349
p:1.382, 0.583, 0.25, fr=0.87
j:0, 3
j:2, 3, stif=0.869
j:1, 3
",2.0207435096710938e-06,"//0
p:fr=0.472
p:0.919, 0.241, -0.291
p:1.493, -0.721, 0.349
p:1.382, 0.583, 0.25, fr=0.87
j:0, 3
j:2, 3, stif=0.869
j:1, 3, stif=0.944
",1.9450430609816328e-06,feasible,23
36,0,9,"//0
p:fr=0.472
p:0.919, 0.241, -0.291
p:1.493, -0.721, 0.349
p:1.382, 0.583, 0.25, fr=0.87
j:0, 3
j:2, 3, stif=0.869
j:1, 3
",2.0207435096710938e-06,"//0
p:fr=0.472
p:0.919, 0.241, -0.291
p:1.493, -0.721, 0.349
p:1.382, 0.583, 0.25, fr=0.87
j:0, 3
j:2, 3, stif=0.869
j:1, 3, rotstif=0.923
",2.0207435096710938e-06,feasible,23
36,0,9,"//0
p:fr=0.472
p:0.919, 0.241, -0.291
p:1.493, -0.721, 0.349
p:1.382, 0.583, 0.25, fr=0.87
j:0, 3
j:2, 3, stif=0.869
j:1, 3
",2.0207435096710938e-06,"//0
p:fr=0.472
p:0.919, 0.241, -0.291, ing=0.154
p:1.493, -0.721, 0.349
p:1.382, 0.583, 0.25, fr=0.87
j:0, 3
j:2, 3, stif=0.869
j:1, 3
",2.0207435096710938e-06,feasible,23
36,0,9,"//0
p:fr=0.472
p:0.919, 0.241, -0.291
p:1.493, -0.721, 0.349
p:1.382, 0.583, 0.25, fr=0.87
j:0, 3
j:2, 3, stif=0.869
j:1, 3
",2.0207435096710938e-06,"//0
p:fr=0.472
p:0.919, 0.241, -0.291
p:1.493, -0.721, 0.349
p:1.382, 0.583, 0.25, fr=0.87
j:0, 3
j:2, 3, stif=0.869
j:1, 3
n:j=0, d=|
",2.0194048184508816e-06,feasible,23
36,0,9,"//0
p:fr=0.472
p:0.919, 0.241, -0.291
p:1.493, -0.721, 0.349
p:1.382, 0.583, 0.25, fr=0.87
j:0, 3
j:2, 3, stif=0.869
j:1, 3
",2.0207435096710938e-06,"//0
p:fr=0.472
p:0.919, 0.241, -0.291
p:1.493, -0.721, 0.349
p:1.382, 0.583, 0.25, fr=0.87
j:0, 3, rotstif=0.828
j:2, 3, stif=0.869
j:1, 3
",2.0207435096710938e-06,feasible,23
36,0,9,"//0
p:fr=0.472
p:0.919, 0.241, -0.291
p:1.493, -0.721, 0.349
p:1.382, 0.583, 0.25, fr=0.87
j:0, 3
j:2, 3, stif=0.869
j:1, 3
",2.0207435096710938e-06,"//0
p:fr=0.472
p:0.919, 0.241, -0.291
p:1.383, -0.575, 0.401
p:1.382, 0.583, 0.25, fr=0.87
j:0, 3
j:2, 3, stif=0.869
j:1, 3
",1.6849814729310985e-06,feasible,23
36,0,9,"//0
p:fr=0.472
p:0.919, 0.241, -0.291
p:1.493, -0.721, 0.349
p:1.382, 0.583, 0.25, fr=0.87
j:0, 3
j:2, 3, stif=0.869
j:1, 3
",2.0207435096710938e-06,"//0
p:fr=0.472
p:0.919, 0.241, -0.291, ing=0.449
p:1.493, -0.721, 0.349
p:1.382, 0.583, 0.25, fr=0.87
j:0, 3
j:2, 3, stif=0.869
j:1, 3
",2.0207435096710938e-06,feasible,23
36,0,9,"//0
p:fr=0.472
p:0.919, 0.241, -0.291
p:1.493, -0.721, 0.349
p:1.382, 0.583, 0.25, fr=0.87
j:0, 3
j:2, 3, stif=0.869
j:1, 3
",2.0207435096710938e-06,"//0
p:fr=0.472
p:0.919, 0.241, -0.291
p:1.82, -0.83, 0.607
p:1.382, 0.583, 0.25, fr=0.87
j:0, 3
j:2, 3, stif=0.869
j:1, 3
",1.543914343951517e-07,feasible,23
36,0,9,"//0
p:fr=0.472
p:0.919, 0.241, -0.291
p:1.493, -0.721, 0.349
p:1.382, 0.583, 0.25, fr=0.87
j:0, 3
j:2, 3, stif=0.869
j:1, 3
",2.0207435096710938e-06,"//0
p:fr=0.472
p:0.919, 0.241, -0.291
p:1.493, -0.721, 0.349, ing=0.353
p:1.382, 0.583, 0.25, fr=0.87
j:0, 3
j:2, 3, stif=0.869
j:1, 3
",2.0207435096710938e-06,feasible,23
36,0,9,"//0
p:fr=0.472
p:0.919, 0.241, -0.291
p:1.493, -0.721, 0.349
p:1.382, 0.583, 0.25, fr=0.87
j:0, 3
j:2, 3, stif=0.869
j:1, 3
",2.0207435096710938e-06,"//0
p:fr=0.472
p:0.919, 0.241, -0.291
p:1.493, -0.721, 0.349
p:1.382, 0.583, 0.25, fr=0.87
j:0, 3
j:2, 3, stif=0.752
j:1, 3
",1.933161542769805e-06,feasible,23
36,0,10,"//0
p:fr=0.472
p:0.919, 0.241, -0.291
p:1.493, -0.721, 0.349
p:1.382, 0.583, 0.25, fr=0.87
j:2, 3
j:0, 3, stif=0.869
j:1, 3
",2.0467817533404224e-06,"//0
p:fr=0.472
p:0.919, 0.241, -0.291
p:1.493, -0.721, 0.349
p:1.382, 0.583, 0.25, fr=0.87
j:2, 3
j:0, 3, stif=0.869
j:1, 3, rotstif=0.949
",2.0467817533404224e-06,feasible,21
36,0,10,"//0
p:fr=0.472
p:0.919, 0.241, -0.291
p:1.493, -0.721, 0.349
p:1.382, 0.583, 0.25, fr=0.87
j:2, 3
j:0, 3, stif=0.869
j:1, 3
",2.0467817533404224e-06,"//0
p:fr=0.472
p:0.919, 0.241, -0.291
p:1.493, -0.721, 0.349, ing=0.149
p:1.382, 0.583, 0.25, fr=0.87
j:2, 3
j:0, 3, stif=0.869
j:1, 3
",2.0467817533404224e-06,feasible,21
36,0,10,"//0
p:fr=0.472
p:0.919, 0.241, -0.291
p:1.493, -0.721, 0.349
p:1.382, 0.583, 0.25, fr=0.87
j:2, 3
j:0, 3, stif=0.869
j:1, 3
",2.0467817533404224e-06,"//0
p:fr=0.703
p:0.919, 0.241, -0.291
p:1.493, -0.721, 0.349
p:1.382, 0.583, 0.25, fr=0.87
j:2, 3
j:0, 3, stif=0.869
j:1, 3
",2.0448469858812196e-06,feasible,21
36,0,10,"//0
p:fr=0.472
p:0.919, 0.241, -0.291
p:1.493, -0.721, 0.349
p:1.382, 0.583, 0.25, fr=0.87
j:2, 3
j:0, 3, stif=0.869
j:1, 3
",2.0467817533404224e-06,"//0
p:fr=0.472
p:0.919, 0.241, -0.291, fr=0.623
p:1.493, -0.721, 0.349
p:1.382, 0.583, 0.25, fr=0.87
j:2, 3
j:0, 3, stif=0.869
j:1, 3
",2.0500417190826083e-06,feasible,21
36,0,10,"//0
p:fr=0.472
p:0.919, 0.241, -0.291
p:1.493, -0.721, 0.349
p:1.382, 0.583, 0.25, fr=0.87
j:2, 3
j:0, 3, stif=0.869
j:1, 3
",2.0467817533404224e-06,"//0
p:fr=0.476
p:0.919, 0.241, -0.291
p:1.493, -0.721, 0.349
p:1.382, 0.583, 0.25, fr=0.87
j:2, 3
j:0, 3, stif=0.869
j:1, 3
",2.046748251642416e-06,feasible,21
36,0,10,"//0
p:fr=0.472
p:0.919, 0.241, -0.291
p:1.493, -0.721, 0.349
p:1.382, 0.583, 0.25, fr=0.87
j:2, 3
j:0, 3, stif=0.869
j:1, 3
",2.0467817533404224e-06,"//0
p:fr=0.472
p:0.919, 0.241, -0.291, fr=0.342
p:1.493, -0.721, 0.349
p:1.382, 0.583, 0.25, fr=0.87
j:2, 3
j:0, 3, stif=0.869
j:1, 3
",2.045223499585852e-06,feasible,21
36,0,10,"//0
p:fr=0.472
p:0.919, 0.241, -0.291
p:1.493, -0.721, 0.349
p:1.382, 0.583, 0.25, fr=0.87
j:2, 3
j:0, 3, stif=0.869
j:1, 3
",2.0467817533404224e-06,"//0
p:fr=0.472
p:1.493, -0.721, 0.349
p:1.382, 0.583, 0.25, fr=0.87
j:1, 2
j:0, 2, stif=0.869
",1.7347234759768072e-22,feasible,21
36,0,10,"//0
p:fr=0.472
p:0.919, 0.241, -0.291
p:1.493, -0.721, 0.349
p:1.382, 0.583, 0.25, fr=0.87
j:2, 3
j:0, 3, stif=0.869
j:1, 3
",2.0467817533404224e-06,"//0
p:fr=0.472
p:0.597, 0.085, 0.324
p:1.493, -0.721, 0.349
p:1.382, 0.583, 0.25, fr=0.87
j:2, 3
j:0, 3, stif=0.869
j:1, 3
",3.1574544068721452e-09,feasible,21
36,0,10,"//0
p:fr=0.472
p:0.919, 0.241, -0.291
p:1.493, -0.721, 0.349
p:1.382, 0.583, 0.25, fr=0.87
j:2, 3
j:0, 3, stif=0.869
j:1, 3
",2.0467817533404224e-06,"//0
p:fr=0.472
p:0.919, 0.241, -0.291
p:1.493, -0.721, 0.349
p:1.382, 0.583, 0.25, fr=0.87
j:2, 3, rotstif=0.783
j:0, 3, stif=0.869
j:1, 3
",2.0467817533404224e-06,feasible,21
36,0,10,"//0
p:fr=0.472
p:0.919, 0.241, -0.291
p:1.493, -0.721, 0.349
p:1.382, 0.583, 0.25, fr=0.87
j:2, 3
j:0, 3, stif=0.869
j:1, 3
",2.0467817533404224e-06,"//0
p:fr=0.472
p:1.071, 0.204, -0.343
p:1.493, -0.721, 0.349
p:1.382, 0.583, 0.25, fr=0.87
j:2, 3
j:0, 3, stif=0.869
j:1, 3
",2.4514277868648617e-07,feasible,21
36,0,10,"//0
p:fr=0.472
p:0.919, 0.241, -0.291
p:1.493, -0.721, 0.349
p:1.382, 0.583, 0.25, fr=0.87
j:2, 3
j:0, 3, stif=0.869
j:1, 3
",2.0467817533404224e-06,"//0
p:fr=0.472
p:0.919, 0.241, -0.291
p:1.493, -0.721, 0.349
p:1.382, 0.583, 0.25, fr=0.87
j:2, 3, stif=0.993
j:0, 3, stif=0.869
j:1, 3
",2.042585697812453e-06,feasible,21
36,0,10,"//0
p:fr=0.472
p:0.919, 0.241, -0.291
p:1.493, -0.721, 0.349
p:1.382, 0.583, 0.25, fr=0.87
j:2, 3
j:0, 3, stif=0.869
j:1, 3
",2.0467817533404224e-06,"//0
p:fr=0.472, ing=0.262
p:0.919, 0.241, -0.291
p:1.493, -0.721, 0.349
p:1.382, 0.583, 0.25, fr=0.87
j:2, 3
j:0, 3, stif=0.869
j:1, 3
",2.0467817533404224e-06,feasible,21
36,0,10,"//0
p:fr=0.472
p:0.919, 0.241, -0.291
p:1.493, -0.721, 0.349
p:1.382, 0.583, 0.25, fr=0.87
j:2, 3
j:0, 3, stif=0.869
j:1, 3
",2.0467817533404224e-06,"//0
p:fr=0.472
p:0.919, 0.241, -0.291, fr=1.09
p:1.493, -0.721, 0.349
p:1.382, 0.583, 0.25, fr=0.87
j:2, 3
j:0, 3, stif=0.869
j:1, 3
",2.0539748703855112e-06,feasible,21
36,0,10,"//0
p:fr=0.472
p:0.919, 0.241, -0.291
p:1.493, -0.721, 0.349
p:1.382, 0.583, 0.25, fr=0.87
j:2, 3
j:0, 3, stif=0.869
j:1, 3
",2.0467817533404224e-06,"//0
p:-0.011, -0.126, 0.319, fr=0.472
p:0.919, 0.241, -0.291
p:1.493, -0.721, 0.349
p:1.382, 0.583, 0.25, fr=0.87
j:2, 3
j:0, 3, stif=0.869
j:1, 3
",1.502103899823196e-06,feasible,21
36,0,10,"//0
p:fr=0.472
p:0.919, 0.241, -0.291
p:1.493, -0.721, 0.349
p:1.382, 0.583, 0.25, fr=0.87
j:2, 3
j:0, 3, stif=0.869
j:1, 3
",2.0467817533404224e-06,"//0
p:fr=0.472
p:0.919, 0.241, -0.291
p:1.493, -0.721, 0.349
p:1.382, 0.583, 0.25, fr=0.87
j:1, 3
j:0, 3, stif=0.869
j:2, 3
",2.0467817533404037e-06,feasible,21
36,0,10,"//0
p:fr=0.472
p:0.919, 0.241, -0.291
p:1.493, -0.721, 0.349
p:1.382, 0.583, 0.25, fr=0.87
j:2, 3
j:0, 3, stif=0.869
j:1, 3
",2.0467817533404224e-06,"//0
p:fr=0.472
p:0.919, 0.241, -0.291
p:1.493, -0.721, 0.349
p:1.382, 0.583, 0.25, fr=0.87
j:2, 3
j:1, 3, stif=0.869
j:0, 3
",1.7999860862320263e-06,feasible,21
36,0,10,"//0
p:fr=0.472
p:0.919, 0.241, -0.291
p:1.493, -0.721, 0.349
p:1.382, 0.583, 0.25, fr=0.87
j:2, 3
j:0, 3, stif=0.869
j:1, 3
",2.0467817533404224e-06,"//0
p:fr=0.472
p:0.919, 0.241, -0.291
p:1.493, -0.721, 0.349
p:1.382, 0.583, 0.25, fr=0.87
j:2, 3
j:0, 3, stif=0.869
j:1, 3
n:p=2, d=T
",2.0467817533404224e-06,feasible,21
36,0,10,"//0
p:fr=0.472
p:0.919, 0.241, -0.291
p:1.493, -0.721, 0.349
p:1.382, 0.583, 0.25, fr=0.87
j:2, 3
j:0, 3, stif=0.869
j:1, 3
",2.0467817533404224e-06,"//0
p:fr=0.472
p:0.919, 0.241, -0.291
p:1.382, 0.583, 0.25, fr=0.87
j:0, 2, stif=0.869
j:1, 2
",1.8219974221305917e-14,feasible,21
36,0,10,"//0
p:fr=0.472
p:0.919, 0.241, -0.291
p:1.493, -0.721, 0.349
p:1.382, 0.583, 0.25, fr=0.87
j:2, 3
j:0, 3, stif=0.869
j:1, 3
",2.0467817533404224e-06,"//0
p:fr=0.472
p:0.919, 0.241, -0.291
p:1.493, -0.721, 0.349
p:1.382, 0.583, 0.25, fr=0.87
j:2, 3
j:0, 3, stif=0.869
j:1, 3, rotstif=0.946
",2.0467817533404224e-06,feasible,21
36,0,10,"//0
p:fr=0.472
p:0.919, 0.241, -0.291
p:1.493, -0.721, 0.349
p:1.382, 0.583, 0.25, fr=0.87
j:2, 3
j:0, 3, stif=0.869
j:1, 3
",2.0467817533404224e-06,"//0
p:fr=0.472
p:0.919, 0.241, -0.291
p:1.493, -0.721, 0.349
p:0.915, 0.687, 0.242, fr=0.87
j:2, 3
j:0, 3, stif=0.869
j:1, 3
",1.518693886573855e-07,feasible,21
36,0,11,"//0
p:fr=0.472
p:0.919, 0.241, -0.291
p:1.493, -0.721, 0.349
p:1.382, 0.583, 0.25, fr=0.87
j:2, 3
j:0, 3, stif=0.994
j:1, 3
",2.056549484068118e-06,"//0
p:fr=0.472
p:0.919, 0.241, -0.291
p:1.493, -0.721, 0.349
p:1.382, 0.583, 0.25, fr=0.87
j:2, 3
j:0, 3, stif=0.994
j:1, 3
j:2, 1
",2.4347475070049076e-07,feasible,21
36,0,11,"//0
p:fr=0.472
p:0.919, 0.241, -0.291
p:1.493, -0.721, 0.349
p:1.382, 0.583, 0.25, fr=0.87
j:2, 3
j:0, 3, stif=0.994
j:1, 3
",2.056549484068118e-06,"//0
p:fr=0.472
p:0.919, 0.241, -0.291
p:1.493, -0.721, 0.349
p:1.382, 0.583, 0.25, fr=0.87
j:2, 1
j:0, 1, stif=0.994
j:3, 1
",1.1173257608728208e-07,feasible,21
36,0,11,"//0
p:fr=0.472
p:0.919, 0.241, -0.291
p:1.493, -0.721, 0.349
p:1.382, 0.583, 0.25, fr=0.87
j:2, 3
j:0, 3, stif=0.994
j:1, 3
",2.056549484068118e-06,"//0
p:fr=0.472
p:0.919, 0.241, -0.291
p:1.493, -0.721, 0.349
p:1.382, 0.583, 0.25, fr=0.87, ing=0.227
j:2, 3
j:0, 3, stif=0.994
j:1, 3
",2.056549484068118e-06,feasible,21
36,0,11,"//0
p:fr=0.472
p:0.919, 0.241, -0.291
p:1.493, -0.721, 0.349
p:1.382, 0.583, 0.25, fr=0.87
j:2, 3
j:0, 3, stif=0.994
j:1, 3
",2.056549484068118e-06,"//0
p:fr=0.472
p:0.919, 0.241, -0.291
p:1.493, -0.721, 0.349
p:1.382, 0.583, 0.25, fr=0.87
j:3, 2
j:0, 2, stif=0.994
j:1, 2
",5.462924274180907e-07,feasible,21
36,0,11,"//0
p:fr=0.472
p:0.919, 0.241, -0.291
p:1.493, -0.721, 0.349
p:1.382, 0.583, 0.25, fr=0.87
j:2, 3
j:0, 3, stif=0.994
j:1, 3
",2.056549484068118e-06,"//0
p:fr=0.472
p:0.919, 0.241, -0.291
p:1.493, -0.721, 0.349
p:1.382, 0.583, 0.25, fr=0.87
j:2, 3
j:0, 3, stif=0.974
j:1, 3
",2.0587818985973444e-06,feasible,21
36,0,11,"//0
p:fr=0.472
p:0.919, 0.241, -0.291
p:1.493, -0.721, 0.349
p:1.382, 0.583, 0.25, fr=0.87
j:2, 3
j:0, 3, stif=0.994
j:1, 3
",2.056549484068118e-06,"//0
p:fr=0.472
p:0.919, 0.241, -0.291
p:1.493, -0.721, 0.349
p:1.382, 0.583, 0.25, fr=0.87
j:2, 0
j:3, 0, stif=0.994
j:1, 0
",9.699794945755265e-07,feasible,21
36,0,11,"//0
p:fr=0.472
p:0.919, 0.241, -0.291
p:1.493, -0.721, 0.349
p:1.382, 0.583, 0.25, fr=0.87
j:2, 3
j:0, 3, stif=0.994
j:1, 3
",2.056549484068118e-06,"//0
p:fr=0.472
p:0.919, 0.241, -0.291
p:1.493, -0.721, 0.349
p:1.382, 0.583, 0.25, fr=0.87
j:2, 3, rotstif=0.84
j:0, 3, stif=0.994
j:1, 3
",2.056549484068118e-06,feasible,21
36,0,11,"//0
p:fr=0.472
p:0.919, 0.241, -0.291
p:1.493, -0.721, 0.349
p:1.382, 0.583, 0.25, fr=0.87
j:2, 3
j:0, 3, stif=0.994
j:1, 3
",2.056549484068118e-06,"//0
p:fr=0.472
p:0.919, 0.241, -0.291
p:1.493, -0.721, 0.349
p:1.382, 0.583, 0.25, fr=0.87
p:-0.473, -0.133, 0.17
j:2, 3
j:0, 3, stif=0.994
j:1, 3
j:4, 0
",1.3882776569338204e-07,feasible,21
36,0,11,"//0
p:fr=0.472
p:0.919, 0.241, -0.291
p:1.493, -0.721, 0.349
p:1.382, 0.583, 0.25, fr=0.87
j:2, 3
j:0, 3, stif=0.994
j:1, 3
",2.056549484068118e-06,"//0
p:fr=0.472
p:0.919, 0.241, -0.291
p:1.493, -0.721, 0.349
p:1.382, 0.583, 0.25, fr=0.87
p:0.329, -0.366, -0.247
j:2, 3
j:0, 3, stif=0.994
j:1, 3
j:4, 0
",8.07900359177872e-08,feasible,21
36,0,11,"//0
p:fr=0.472
p:0.919, 0.241, -0.291
p:1.493, -0.721, 0.349
p:1.382, 0.583, 0.25, fr=0.87
j:2, 3
j:0, 3, stif=0.994
j:1, 3
",2.056549484068118e-06,"//0
p:fr=0.472
p:0.919, 0.241, -0.291
p:1.493, -0.721, 0.349
p:1.382, 0.583, 0.25, fr=0.87
j:2, 3
j:0, 3, stif=0.994
j:1, 3, stif=0.921
",2.0151955573057273e-06,feasible,21
36,0,11,"//0
p:fr=0.472
p:0.919, 0.241, -0.291
p:1.493, -0.721, 0.349
p:1.382, 0.583, 0.25, fr=0.87
j:2, 3
j:0, 3, stif=0.994
j:1, 3
",2.056549484068118e-06,"//0
p:fr=0.472
p:0.919, 0.241, -0.291, ing=0.338
p:1.493, -0.721, 0.349
p:1.382, 0.583, 0.25, fr=0.87
j:2, 3
j:0, 3, stif=0.994
j:1, 3
",2.056549484068118e-06,feasible,21
36,0,11,"//0
p:fr=0.472
p:0.919, 0.241, -0.291
p:1.493, -0.721, 0.349
p:1.382, 0.583, 0.25, fr=0.87
j:2, 3
j:0, 3, stif=0.994
j:1, 3
",2.056549484068118e-06,"//0
p:fr=0.472
p:0.919, 0.241, -0.291
p:1.493, -0.721, 0.349
p:1.382, 0.583, 0.25, fr=0.87
p:2.268, 0.601, -1.716
j:2, 3
j:0, 3, stif=0.994
j:1, 3
j:4, 1
",2.075807477798331e-07,feasible,21
36,0,11,"//0
p:fr=0.472
p:0.919, 0.241, -0.291
p:1.493, -0.721, 0.349
p:1.382, 0.583, 0.25, fr=0.87
j:2, 3
j:0, 3, stif=0.994
j:1, 3
",2.056549484068118e-06,"//0
p:fr=0.472
p:0.919, 0.241, -0.291
p:1.493, -0.721, 0.349
p:1.382, 0.583, 0.25, fr=0.87
j:2, 3
j:0, 3, stif=0.923
j:1, 3
",2.0353473846801414e-06,feasible,21
36,0,11,"//0
p:fr=0.472
p:0.919, 0.241, -0.291
p:1.493, -0.721, 0.349
p:1.382, 0.583, 0.25, fr=0.87
j:2, 3
j:0, 3, stif=0.994
j:1, 3
",2.056549484068118e-06,"//0
p:fr=0.472
p:0.919, 0.241, -0.291, fr=0.719
p:1.493, -0.721, 0.349
p:1.382, 0.583, 0.25, fr=0.87
j:2, 3
j:0, 3, stif=0.994
j:1, 3
",2.0603733992985515e-06,feasible,21
36,0,11,"//0
p:fr=0.472
p:0.919, 0.241, -0.291
p:1.493, -0.721, 0.349
p:1.382, 0.583, 0.25, fr=0.87
j:2, 3
j:0, 3, stif=0.994
j:1, 3
",2.056549484068118e-06,"//0
p:fr=0.472
p:0.919, 0.241, -0.291
p:1.493, -0.721, 0.349
p:1.382, 0.583, 0.25, fr=0.87
j:2, 3
j:0, 3, stif=0.994
j:1, 3
j:0, 2
",1.1992386171007583e-06,feasible,21
36,0,11,"//0
p:fr=0.472
p:0.919, 0.241, -0.291
p:1.493, -0.721, 0.349
p:1.382, 0.583, 0.25, fr=0.87
j:2, 3
j:0, 3, stif=0.994
j:1, 3
",2.056549484068118e-06,"//0
p:fr=0.472
p:0.919, 0.241, -0.291
p:1.493, -0.721, 0.349
p:1.382, 0.583, 0.25, fr=0.87
j:2, 3
j:0, 3, stif=0.994
j:1, 3, rotstif=0.858
",2.056549484068118e-06,feasible,21
36,0,11,"//0
p:fr=0.472
p:0.919, 0.241, -0.291
p:1.493, -0.721, 0.349
p:1.382, 0.583, 0.25, fr=0.87
j:2, 3
j:0, 3, stif=0.994
j:1, 3
",2.056549484068118e-06,"//0
p:fr=0.472, ing=0.053
p:0.919, 0.241, -0.291
p:1.493, -0.721, 0.349
p:1.382, 0.583, 0.25, fr=0.87
j:2, 3
j:0, 3, stif=0.994
j:1, 3
",2.056549484068118e-06,feasible,21
36,0,11,"//0
p:fr=0.472
p:0.919, 0.241, -0.291
p:1.493, -0.721, 0.349
p:1.382, 0.583, 0.25, fr=0.87
j:2, 3
j:0, 3, stif=0.994
j:1, 3
",2.056549484068118e-06,"//0
p:fr=0.472
p:0.919, 0.241, -0.291
p:1.493, -0.721, 0.349
p:1.382, 0.583, 0.25, fr=0.534
j:2, 3
j:0, 3, stif=0.994
j:1, 3
",2.040804327375542e-06,feasible,21
36,0,11,"//0
p:fr=0.472
p:0.919, 0.241, -0.291
p:1.493, -0.721, 0.349
p:1.382, 0.583, 0.25, fr=0.87
j:2, 3
j:0, 3, stif=0.994
j:1, 3
",2.056549484068118e-06,"//0
p:fr=0.472
p:0.919, 0.241, -0.291
p:1.493, -0.721, 0.349
p:1.382, 0.583, 0.25, fr=0.87
j:2, 3
j:1, 3, stif=0.994
j:0, 3
",2.03646981048898e-06,feasible,21
36,0,11,"//0
p:fr=0.472
p:0.919, 0.241, -0.291
p:1.493, -0.721, 0.349
p:1.382, 0.583, 0.25, fr=0.87
j:2, 3
j:0, 3, stif=0.994
j:1, 3
",2.056549484068118e-06,"//0
p:fr=0.472
p:0.919, 0.241, -0.291
p:1.243, -0.593, 0.366
p:1.382, 0.583, 0.25, fr=0.87
j:2, 3
j:0, 3, stif=0.994
j:1, 3
",1.4796577897349367e-06,feasible,21
36,0,12,"//0
p:fr=0.472
p:0.919, 0.241, -0.291
p:1.493, -0.721, 0.349
p:1.382, 0.583, 0.25, fr=0.87
j:2, 3
j:0, 3, stif=0.994
j:1, 3
n:j=2, d=|
",2.057870751545542e-06,"//0
p:fr=0.472
p:0.919, 0.241, -0.291
p:1.493, -0.721, 0.349, fr=0.7
p:1.382, 0.583, 0.25, fr=0.87
j:2, 3
j:0, 3, stif=0.994
j:1, 3
n:j=2, d=|
",2.0310658177946134e-06,feasible,20
36,0,12,"//0
p:fr=0.472
p:0.919, 0.241, -0.291
p:1.493, -0.721, 0.349
p:1.382, 0.583, 0.25, fr=0.87
j:2, 3
j:0, 3, stif=0.994
j:1, 3
n:j=2, d=|
",2.057870751545542e-06,"//0
p:fr=0.472
p:0.919, 0.241, -0.291
p:1.493, -0.721, 0.349
p:1.382, 0.583, 0.25, fr=0.87, ing=0.086
j:2, 3
j:0, 3, stif=0.994
j:1, 3
n:j=2, d=|
",2.057870751545542e-06,feasible,20
36,0,12,"//0
p:fr=0.472
p:0.919, 0.241, -0.291
p:1.493, -0.721, 0.349
p:1.382, 0.583, 0.25, fr=0.87
j:2, 3
j:0, 3, stif=0.994
j:1, 3
n:j=2, d=|
",2.057870751545542e-06,"//0
p:fr=0.472
p:0.919, 0.241, -0.291
p:1.493, -0.721, 0.349
p:1.382, 0.583, 0.25, fr=0.87
j:2, 3
j:0, 3, stif=0.994
j:1, 3, stif=0.978
n:j=2, d=|
",2.059378972174262e-06,feasible,20
36,0,12,"//0
p:fr=0.472
p:0.919, 0.241, -0.291
p:1.493, -0.721, 0.349
p:1.382, 0.583, 0.25, fr=0.87
j:2, 3
j:0, 3, stif=0.994
j:1, 3
n:j=2, d=|
",2.057870751545542e-06,"//0
p:fr=0.472
p:0.919, 0.241, -0.291
p:1.493, -0.721, 0.349
p:1.382, 0.583, 0.25, fr=1.296
j:2, 3
j:0, 3, stif=0.994
j:1, 3
n:j=2, d=|
",2.06392942313544e-06,feasible,20
36,0,12,"//0
p:fr=0.472
p:0.919, 0.241, -0.291
p:1.493, -0.721, 0.349
p:1.382, 0.583, 0.25, fr=0.87
j:2, 3
j:0, 3, stif=0.994
j:1, 3
n:j=2, d=|
",2.057870751545542e-06,"//0
p:fr=0.472
p:0.933, -0.385, -0.685
p:1.493, -0.721, 0.349
p:1.382, 0.583, 0.25, fr=0.87
j:2, 3
j:0, 3, stif=0.994
j:1, 3
n:j=2, d=|
",3.4673776488692125e-07,feasible,20
36,0,12,"//0
p:fr=0.472
p:0.919, 0.241, -0.291
p:1.493, -0.721, 0.349
p:1.382, 0.583, 0.25, fr=0.87
j:2, 3
j:0, 3, stif=0.994
j:1, 3
n:j=2, d=|
",2.057870751545542e-06,"//0
p:fr=0.472
p:0.919, 0.241, -0.291
p:1.493, -0.721, 0.349
p:1.382, 0.583, 0.25, fr=0.87
p:1.118, 0.566, -0.917
j:2, 3
j:0, 3, stif=0.994
j:1, 3
j:4, 3
n:j=2, d=|
",1.3203270259998555e-07,feasible,20
36,0,12,"//0
p:fr=0.472
p:0.919, 0.241, -0.291
p:1.493, -0.721, 0.349
p:1.382, 0.583, 0.25, fr=0.87
j:2, 3
j:0, 3, stif=0.994
j:1, 3
n:j=2, d=|
",2.057870751545542e-06,"//0
p:fr=0.472
p:0.919, 0.241, -0.291
p:1.493, -0.721, 0.349
p:1.382, 0.583, 0.25, fr=0.87, ing=0.215
j:2, 3
j:0, 3, stif=0.994
j:1, 3
n:j=2, d=|
",2.057870751545542e-06,feasible,20
36,0,12,"//0
p:fr=0.472
p:0.919, 0.241, -0.291
p:1.493, -0.721, 0.349
p:1.382, 0.583, 0.25, fr=0.87
j:2, 3
j:0, 3, stif=0.994
j:1, 3
n:j=2, d=|
",2.057870751545542e-06,"//0
p:fr=0.472
p:0.919, 0.241, -0.291
p:1.493, -0.721, 0.349
p:1.382, 0.583, 0.25, fr=0.87
j:2, 3
j:0, 3, stif=0.994
j:1, 3, rotstif=0.949
n:j=2, d=|
",2.057870751545542e-06,feasible,20
36,0,12,"//0
p:fr=0.472
p:0.919, 0.241, -0.291
p:1.493, -0.721, 0.349
p:1.382, 0.583, 0.25, fr=0.87
j:2, 3
j:0, 3, stif=0.994
j:1, 3
n:j=2, d=|
",2.057870751545542e-06,"//0
p:fr=0.472
p:1.344, 0.112, -0.311
p:1.493, -0.721, 0.349
p:1.382, 0.583, 0.25, fr=0.87
j:2, 3
j:0, 3, stif=0.994
j:1, 3
n:j=2, d=|
",5.67507216584412e-07,feasible,20
36,0,12,"//0
p:fr=0.472
p:0.919, 0.241, -0.291
p:1.493, -0.721, 0.349
p:1.382, 0.583, 0.25, fr=0.87
j:2, 3
j:0, 3, stif=0.994
j:1, 3
n:j=2, d=|
",2.057870751545542e-06,"//0
p:fr=0.036
p:0.919, 0.241, -0.291
p:1.493, -0.721, 0.349
p:1.382, 0.583, 0.25, fr=0.87
j:2, 3
j:0, 3, stif=0.994
j:1, 3
n:j=2, d=|
",2.0289382167537097e-06,feasible,20
36,0,12,"//0
p:fr=0.472
p:0.919, 0.241, -0.291
p:1.493, -0.721, 0.349
p:1.382, 0.583, 0.25, fr=0.87
j:2, 3
j:0, 3, stif=0.994
j:1, 3
n:j=2, d=|
",2.057870751545542e-06,"//0
p:fr=0.472
p:0.919, 0.241, -0.291
p:1.493, -0.721, 0.349
p:1.382, 0.583, 0.25, fr=0.87
j:2, 1
j:0, 1, stif=0.994
j:3, 1
n:j=2, d=|
",1.3715364793138555e-07,feasible,20
36,0,12,"//0
p:fr=0.472
p:0.919, 0.241, -0.291
p:1.493, -0.721, 0.349
p:1.382, 0.583, 0.25, fr=0.87
j:2, 3
j:0, 3, stif=0.994
j:1, 3
n:j=2, d=|
",2.057870751545542e-06,"//0
p:fr=0.393
p:0.919, 0.241, -0.291
p:1.493, -0.721, 0.349
p:1.382, 0.583, 0.25, fr=0.87
j:2, 3
j:0, 3, stif=0.994
j:1, 3
n:j=2, d=|
",2.056884760322432e-06,feasible,20
36,0,12,"//0
p:fr=0.472
p:0.919, 0.241, -0.291
p:1.493, -0.721, 0.349
p:1.382, 0.583, 0.25, fr=0.87
j:2, 3
j:0, 3, stif=0.994
j:1, 3
n:j=2, d=|
",2.057870751545542e-06,"//0
p:fr=0.472
p:0.919, 0.241, -0.291, ing=0.318
p:1.493, -0.721, 0.349
p:1.382, 0.583, 0.25, fr=0.87
j:2, 3
j:0, 3, stif=0.994
j:1, 3
n:j=2, d=|
",2.057870751545542e-06,feasible,20
36,0,12,"//0
p:fr=0.472
p:0.919, 0.241, -0.291
p:1.493, -0.721, 0.349
p:1.382, 0.583, 0.25, fr=0.87
j:2, 3
j:0, 3, stif=0.994
j:1, 3
n:j=2, d=|
",2.057870751545542e-06,"//0
p:fr=0.472
p:0.919, 0.241, -0.291
p:1.493, -0.721, 0.349
p:1.382, 0.583, 0.25, fr=0.87
j:2, 3, stif=0.959
j:0, 3, stif=0.994
j:1, 3
n:j=2, d=|
",2.049287781357282e-06,feasible,20
36,0,12,"//0
p:fr=0.472
p:0.919, 0.241, -0.291
p:1.493, -0.721, 0.349
p:1.382, 0.583, 0.25, fr=0.87
j:2, 3
j:0, 3, stif=0.994
j:1, 3
n:j=2, d=|
",2.057870751545542e-06,"//0
p:fr=0.472
p:0.919, 0.241, -0.291
p:1.884, -0.461, -0.021
p:1.382, 0.583, 0.25, fr=0.87
j:2, 3
j:0, 3, stif=0.994
j:1, 3
n:j=2, d=|
",2.4845021621194016e-07,feasible,20
36,0,12,"//0
p:fr=0.472
p:0.919, 0.241, -0.291
p:1.493, -0.721, 0.349
p:1.382, 0.583, 0.25, fr=0.87
j:2, 3
j:0, 3, stif=0.994
j:1, 3
n:j=2, d=|
",2.057870751545542e-06,"//0
p:fr=0.472
p:0.919, 0.241, -0.291
p:1.493, -0.721, 0.349, fr=0.958
p:1.382, 0.583, 0.25, fr=0.87
j:2, 3
j:0, 3, stif=0.994
j:1, 3
n:j=2, d=|
",2.0267111285023423e-06,feasible,20
36,0,12,"//0
p:fr=0.472
p:0.919, 0.241, -0.291
p:1.493, -0.721, 0.349
p:1.382, 0.583, 0.25, fr=0.87
j:2, 3
j:0, 3, stif=0.994
j:1, 3
n:j=2, d=|
",2.057870751545542e-06,"//0
p:fr=0.472
p:0.919, 0.241, -0.291
p:1.493, -0.721, 0.349
p:1.382, 0.583, 0.25, fr=0.87
j:2, 3
j:0, 3, stif=0.994
j:1, 3
j:1, 0
n:j=2, d=|
",2.4779964042142393e-07,feasible,20
36,0,12,"//0
p:fr=0.472
p:0.919, 0.241, -0.291
p:1.493, -0.721, 0.349
p:1.382, 0.583, 0.25, fr=0.87
j:2, 3
j:0, 3, stif=0.994
j:1, 3
n:j=2, d=|
",2.057870751545542e-06,"//0
p:fr=0.472
p:0.919, 0.241, -0.291
p:1.493, -0.721, 0.349
p:1.382, 0.583, 0.25, fr=0.87
j:2, 3
j:0, 3, stif=0.994
j:1, 3
n:j=2, d=|
n:j=1, d=|
",2.0554472423546534e-06,feasible,20
36,0,12,"//0
p:fr=0.472
p:0.919, 0.241, -0.291
p:1.493, -0.721, 0.349
p:1.382, 0.583, 0.25, fr=0.87
j:2, 3
j:0, 3, stif=0.994
j:1, 3
n:j=2, d=|
",2.057870751545542e-06,"//0
p:fr=0.472
p:0.919, 0.241, -0.291
p:1.493, -0.721, 0.349
p:1.382, 0.583, 0.25, fr=0.87
j:2, 3
j:0, 3, stif=0.994
j:1, 3
n:j=2, d=|:r=0.956
",2.057870751545542e-06,feasible,20
36,0,12,"//0
p:fr=0.472
p:0.919, 0.241, -0.291
p:1.493, -0.721, 0.349
p:1.382, 0.583, 0.25, fr=0.87
j:2, 3
j:0, 3, stif=0.994
j:1, 3
n:j=2, d=|
",2.057870751545542e-06,"//0
p:fr=0.472
p:0.919, 0.241, -0.291
p:1.493, -0.721, 0.349
p:1.382, 0.583, 0.25, fr=0.87
p:-0.111, 0.032, 0.589
j:2, 3
j:0, 3, stif=0.994
j:1, 3
j:4, 0
n:j=2, d=|
",7.979721729383527e-08,feasible,20
36,0,13,"//0
p:fr=0.472
p:0.919, 0.241, -0.291
p:1.493, -0.721, 0.349
p:1.382, 0.583, 0.25, fr=1.112
j:2, 3
j:0, 3, stif=0.994
j:1, 3
n:j=2, d=|
",2.0627655423380328e-06,"//0
p:fr=0.472
p:0.919, 0.241, -0.291
p:1.493, -0.721, 0.349
p:1.382, 0.583, 0.25, fr=1.112
j:2, 3
j:0, 3, stif=0.994, rotstif=0.985
j:1, 3
n:j=2, d=|
",2.0627655423380328e-06,feasible,23
36,0,13,"//0
p:fr=0.472
p:0.919, 0.241, -0.291
p:1.493, -0.721, 0.349
p:1.382, 0.583, 0.25, fr=1.112
j:2, 3
j:0, 3, stif=0.994
j:1, 3
n:j=2, d=|
",2.0627655423380328e-06,"//0
p:fr=0.472
p:0.919, 0.241, -0.291
p:1.493, -0.721, 0.349
p:1.382, 0.583, 0.25, fr=1.112
j:2, 3
j:0, 3, stif=0.994
j:1, 3
n:j=2, d=|:p=0.215
",2.0627655423380328e-06,feasible,23
36,0,13,"//0
p:fr=0.472
p:0.919, 0.241, -0.291
p:1.493, -0.721, 0.349
p:1.382, 0.583, 0.25, fr=1.112
j:2, 3
j:0, 3, stif=0.994
j:1, 3
n:j=2, d=|
",2.0627655423380328e-06,"//0
p:fr=0.472
p:0.919, 0.241, -0.291
p:1.493, -0.721, 0.349
p:1.382, 0.583, 0.25, fr=1.112
j:2, 3
j:0, 3, stif=0.994
j:1, 3
",2.0614362045993884e-06,feasible,23
36,0,13,"//0
p:fr=0.472
p:0.919, 0.241, -0.291
p:1.493, -0.721, 0.349
p:1.382, 0.583, 0.25, fr=1.112
j:2, 3
j:0, 3, stif=0.994
j:1, 3
n:j=2, d=|
",2.0627655423380328e-06,"//0
p:0.919, 0.241, -0.291
p:1.493, -0.721, 0.349
p:1.382, 0.583, 0.25, fr=1.112
j:1, 2
j:0, 2
n:j=1, d=|
",1.1908731024206324e-13,feasible,23
36,0,13,"//0
p:fr=0.472
p:0.919, 0.241, -0.291
p:1.493, -0.721, 0.349
p:1.382, 0.583, 0.25, fr=1.112
j:2, 3
j:0, 3, stif=0.994
j:1, 3
n:j=2, d=|
",2.0627655423380328e-06,"//0
p:fr=0.472
p:1.493, -0.721, 0.349
p:1.382, 0.583, 0.25, fr=1.112
j:1, 2
j:0, 2, stif=0.994
",1.7763576864329959e-19,feasible,23
36,0,13,"//0
p:fr=0.472
p:0.919, 0.241, -0.291
p:1.493, -0.721, 0.349
p:1.382, 0.583, 0.25, fr=1.112
j:2, 3
j:0, 3, stif=0.994
j:1, 3
n:j=2, d=|
",2.0627655423380328e-06,"//0
p:fr=0.472
p:0.919, 0.241, -0.291
p:1.493, -0.721, 0.349
p:1.382, 0.583, 0.25, fr=1.112
j:2, 3
j:0, 3, stif=0.994
j:1, 3
n:j=2, d=|:r=0.907
",2.0627655423380328e-06,feasible,23
36,0,13,"//0
p:fr=0.472
p:0.919, 0.241, -0.291
p:1.493, -0.721, 0.349
p:1.382, 0.583, 0.25, fr=1.112
j:2, 3
j:0, 3, stif=0.994
j:1, 3
n:j=2, d=|
",2.0627655423380328e-06,"//0
p:fr=0.472
p:0.919, 0.241, -0.291
p:1.493, -0.721, 0.349
p:1.382, 0.583, 0.25, fr=1.112, ing=0.291
j:2, 3
j:0, 3, stif=0.994
j:1, 3
n:j=2, d=|
",2.0627655423380328e-06,feasible,23
36,0,13,"//0
p:fr=0.472
p:0.919, 0.241, -0.291
p:1.493, -0.721, 0.349
p:1.382, 0.583, 0.25, fr=1.112
j:2, 3
j:0, 3, stif=0.994
j:1, 3
n:j=2, d=|
",2.0627655423380328e-06,"//0
p:fr=0.472
p:0.919, 0.241, -0.291
p:1.493, -0.721, 0.349
p:1.382, 0.583, 0.25, fr=1.112
j:2, 3
j:0, 3, stif=0.994
j:1, 3, stif=0.858
n:j=2, d=|
",1.7712137034133111e-06,feasible,23
36,0,13,"//0
p:fr=0.472
p:0.919, 0.241, -0.291
p:1.493, -0.721, 0.349
p:1.382, 0.583, 0.25, fr=1.112
j:2, 3
j:0, 3, stif=0.994
j:1, 3
n:j=2, d=|
",2.0627655423380328e-06,"//0
p:fr=0.94
p:0.919, 0.241, -0.291
p:1.493, -0.721, 0.349
p:1.382, 0.583, 0.25, fr=1.112
j:2, 3
j:0, 3, stif=0.994
j:1, 3
n:j=2, d=|
",2.0414897569949367e-06,feasible,23
36,0,13,"//0
p:fr=0.472
p:0.919, 0.241, -0.291
p:1.493, -0.721, 0.349
p:1.382, 0.583, 0.25, fr=1.112
j:2, 3
j:0, 3, stif=0.994
j:1, 3
n:j=2, d=|
",2.0627655423380328e-06,"//0
p:fr=0.472
p:0.919, 0.241, -0.291
p:1.493, -0.721, 0.349
p:1.382, 0.583, 0.25, fr=1.112
p:0.896, 0.934, 0.416
j:2, 3
j:0, 3, stif=0.994
j:1, 3
j:4, 1
n:j=2, d=|
",2.513622447124574e-07,feasible,23
36,0,13,"//0
p:fr=0.472
p:0.919, 0.241, -0.291
p:1.493, -0.721, 0.349
p:1.382, 0.583, 0.25, fr=1.112
j:2, 3
j:0, 3, stif=0.994
j:1, 3
n:j=2, d=|
",2.0627655423380328e-06,"//0
p:fr=0.472
p:0.919, 0.241, -0.291
p:1.493, -0.721, 0.349
p:1.382, 0.583, 0.25, fr=1.112
j:2, 3
j:0, 3, stif=0.994
j:1, 3
n:j=2, d=|
n:p=0, d=S
c:0, 1, 2.224
",2.0627655423380328e-06,feasible,23
36,0,13,"//0
p:fr=0.472
p:0.919, 0.241, -0.291
p:1.493, -0.721, 0.349
p:1.382, 0.583, 0.25, fr=1.112
j:2, 3
j:0, 3, stif=0.994
j:1, 3
n:j=2, d=|
",2.0627655423380328e-06,"//0
p:fr=0.472
p:0.919, 0.241, -0.291
p:1.493, -0.721, 0.349
p:1.382, 0.583, 0.25, fr=1.112
j:2, 3
j:0, 3, stif=0.994
j:1, 3
n:j=2, d=|:r=0.934
",2.0627655423380328e-06,feasible,23
36,0,13,"//0
p:fr=0.472
p:0.919, 0.241, -0.291
p:1.493, -0.721, 0.349
p:1.382, 0.583, 0.25, fr=1.112
j:2, 3
j:0, 3, stif=0.994
j:1, 3
n:j=2, d=|
",2.0627655423380328e-06,"//0
p:fr=0.472
p:0.919, 0.241, -0.291
p:1.493, -0.721, 0.349
p:1.382, 0.583, 0.25, fr=1.112
j:2, 3
j:0, 3, stif=0.935
j:1, 3
n:j=2, d=|
",2.0396068868264146e-06,feasible,23
36,0,13,"//0
p:fr=0.472
p:0.919, 0.241, -0.291
p:1.493, -0.721, 0.349
p:1.382, 0.583, 0.25, fr=1.112
j:2, 3
j:0, 3, stif=0.994
j:1, 3
n:j=2, d=|
",2.0627655423380328e-06,"//0
p:fr=0.472
p:0.919, 0.241, -0.291
p:1.493, -0.721, 0.349
p:1.382, 0.583, 0.25, fr=1.112
j:2, 3
j:0, 3, stif=0.994
j:1, 3
n:j=2, d=|:p=0.175
",2.0627655423380328e-06,feasible,23
36,0,13,"//0
p:fr=0.472
p:0.919, 0.241, -0.291
p:1.493, -0.721, 0.349
p:1.382, 0.583, 0.25, fr=1.112
j:2, 3
j:0, 3, stif=0.994
j:1, 3
n:j=2, d=|
",2.0627655423380328e-06,"//0
p:fr=0.472
p:0.919, 0.241, -0.291
p:1.493, -0.721, 0.349
p:1.382, 0.583, 0.25, fr=1.112
p:2.219, 0.977, 0.777
j:2, 3
j:0, 3, stif=0.994
j:1, 3
j:4, 2
n:j=2, d=|
",6.854230993543736e-07,feasible,23
36,0,13,"//0
p:fr=0.472
p:0.919, 0.241, -0.291
p:1.493, -0.721, 0.349
p:1.382, 0.583, 0.25, fr=1.112
j:2, 3
j:0, 3, stif=0.994
j:1, 3
n:j=2, d=|
",2.0627655423380328e-06,"//0
p:0.194, -0.151, -0.019, fr=0.472
p:0.919, 0.241, -0.291
p:1.493, -0.721, 0.349
p:1.382, 0.583, 0.25, fr=1.112
j:2, 3
j:0, 3, stif=0.994
j:1, 3
n:j=2, d=|
",1.6350358902672499e-06,feasible,23
36,0,13,"//0
p:fr=0.472
p:0.919, 0.241, -0.291
p:1.493, -0.721, 0.349
p:1.382, 0.583, 0.25, fr=1.112
j:2, 3
j:0, 3, stif=0.994
j:1, 3
n:j=2, d=|
",2.0627655423380328e-06,"//0
p:fr=0.472
p:0.919, 0.241, -0.291
p:1.524, -0.671, 0.472
p:1.382, 0.583, 0.25, fr=1.112
j:2, 3
j:0, 3, stif=0.994
j:1, 3
n:j=2, d=|
",4.2416127880528813e-07,feasible,23
36,0,13,"//0
p:fr=0.472
p:0.919, 0.241, -0.291
p:1.493, -0.721, 0.349
p:1.382, 0.583, 0.25, fr=1.112
j:2, 3
j:0, 3, stif=0.994
j:1, 3
n:j=2, d=|
",2.0627655423380328e-06,"//0
p:fr=0.472
p:0.919, 0.241, -0.291
p:1.493, -0.721, 0.349
p:1.382, 0.583, 0.25, fr=1.112
j:2, 3
j:0, 3, stif=0.887
j:1, 3
n:j=2, d=|
",2.0479186731192895e-06,feasible,23
36,0,13,"//0
p:fr=0.472
p:0.919, 0.241, -0.291
p:1.493, -0.721, 0.349
p:1.382, 0.583, 0.25, fr=1.112
j:2, 3
j:0, 3, stif=0.994
j:1, 3
n:j=2, d=|
",2.0627655423380328e-06,"//0
p:fr=0.472
p:0.919, 0.241, -0.291
p:1.493, -0.721, 0.349
p:1.382, 0.583, 0.25, fr=1.112
j:2, 3
j:0, 3, stif=0.945
j:1, 3
n:j=2, d=|
",2.0370000373124283e-06,feasible,23
36,0,13,"//0
p:fr=0.472
p:0.919, 0.241, -0.291
p:1.493, -0.721, 0.349
p:1.382, 0.583, 0.25, fr=1.112
j:2, 3
j:0, 3, stif=0.994
j:1, 3
n:j=2, d=|
",2.0627655423380328e-06,"//0
p:fr=0.472
p:0.919, 0.241, -0.291
p:1.493, -0.721, 0.349
p:1.382, 0.583, 0.25, fr=1.112
j:2, 3, stif=0.826
j:0, 3, stif=0.994
j:1, 3
n:j=2, d=|
",2.0112676333571827e-06,feasible,23
36,0,14,"//0
p:fr=0.472
p:0.919, 0.241, -0.291
p:1.493, -0.721, 0.349, fr=0.258
p:1.382, 0.583, 0.25, fr=1.112
j:2, 3
j:0, 3, stif=0.994
j:1, 3
n:j=2, d=|
",2.075757341961652e-06,"//0
p:fr=0.472
p:0.919, 0.241, -0.291
p:1.493, -0.721, 0.349, fr=0.258
p:1.382, 0.583, 0.25, fr=1.112
j:2, 3
j:0, 3, stif=0.994
j:1, 3
n:j=2, d=|
n:d=*
c:0, 1, 1.567
",1.8999335407025665e-06,feasible,21
36,0,14,"//0
p:fr=0.472
p:0.919, 0.241, -0.291
p:1.493, -0.721, 0.349, fr=0.258
p:1.382, 0.583, 0.25, fr=1.112
j:2, 3
j:0, 3, stif=0.994
j:1, 3
n:j=2, d=|
",2.075757341961652e-06,"//0
p:fr=0.472
p:0.919, 0.241, -0.291
p:1.493, -0.721, 0.349, fr=0.258
p:1.382, 0.583, 0.25, fr=1.112
p:1.799, -2.352, 0.647
j:2, 3
j:0, 3, stif=0.994
j:1, 3
j:4, 2
n:j=2, d=|
",9.298826413592212e-07,feasible,21
36,0,14,"//0
p:fr=0.472
p:0.919, 0.241, -0.291
p:1.493, -0.721, 0.349, fr=0.258
p:1.382, 0.583, 0.25, fr=1.112
j:2, 3
j:0, 3, stif=0.994
j:1, 3
n:j=2, d=|
",2.075757341961652e-06,"//0
p:fr=0.472
p:0.919, 0.241, -0.291
p:1.493, -0.721, 0.349, fr=0.258
p:1.382, 0.583, 0.25, fr=1.112
j:2, 3
j:0, 3, stif=0.994
j:1, 3
n:j=2, d=|
n:j=2, d=G
c:0, 1, -1.378
",2.1036836848760717e-06,feasible,21
36,0,14,"//0
p:fr=0.472
p:0.919, 0.241, -0.291
p:1.493, -0.721, 0.349, fr=0.258
p:1.382, 0.583, 0.25, fr=1.112
j:2, 3
j:0, 3, stif=0.994
j:1, 3
n:j=2, d=|
",2.075757341961652e-06,"//0
p:fr=0.472
p:0.919, 0.241, -0.291
p:1.493, -0.721, 0.349, fr=0.258
p:1.382, 0.583, 0.25, fr=1.112
j:1, 3
j:0, 3, stif=0.994
j:2, 3
n:j=2, d=|
",2.082365156180717e-06,feasible,21
36,0,14,"//0
p:fr=0.472
p:0.919, 0.241, -0.291
p:1.493, -0.721, 0.349, fr=0.258
p:1.382, 0.583, 0.25, fr=1.112
j:2, 3
j:0, 3, stif=0.994
j:1, 3
n:j=2, d=|
",2.075757341961652e-06,"//0
p:fr=0.472
p:0.919, 0.241, -0.291
p:1.493, -0.721, 0.349, fr=0.258
p:1.382, 0.583, 0.25, fr=1.112
j:2, 3, stif=0.9
j:0, 3, stif=0.994
j:1, 3
n:j=2, d=|
",2.0313971548372753e-06,feasible,21
36,0,14,"//0
p:fr=0.472
p:0.919, 0.241, -0.291
p:1.493, -0.721, 0.349, fr=0.258
p:1.382, 0.583, 0.25, fr=1.112
j:2, 3
j:0, 3, stif=0.994
j:1, 3
n:j=2, d=|
",2.075757341961652e-06,"//0
p:fr=0.472
p:0.919, 0.241, -0.291
p:1.493, -0.721, 0.349, fr=0.258
p:1.382, 0.583, 0.25, fr=1.112
j:2, 3
j:0, 3, stif=0.994
j:1, 3
n:j=2, d=|:p=0.478
",2.075758455412802e-06,feasible,21
36,0,14,"//0
p:fr=0.472
p:0.919, 0.241, -0.291
p:1.493, -0.721, 0.349, fr=0.258
p:1.382, 0.583, 0.25, fr=1.112
j:2, 3
j:0, 3, stif=0.994
j:1, 3
n:j=2, d=|
",2.075757341961652e-06,"//0
p:fr=0.472
p:0.919, 0.241, -0.291
p:1.493, -0.721, 0.349, fr=0.258
p:1.382, 0.583, 0.25, fr=1.112
j:2, 3
j:0, 3, stif=0.994
j:1, 3
n:j=2, d=|:p=0.321
",2.0766476680769337e-06,feasible,21
36,0,14,"//0
p:fr=0.472
p:0.919, 0.241, -0.291
p:1.493, -0.721, 0.349, fr=0.258
p:1.382, 0.583, 0.25, fr=1.112
j:2, 3
j:0, 3, stif=0.994
j:1, 3
n:j=2, d=|
",2.075757341961652e-06,"//0
p:fr=0.472
p:0.919, 0.241, -0.291
p:1.493, -0.721, 0.349, fr=0.258
p:1.382, 0.583, 0.25, fr=1.137
j:2, 3
j:0, 3, stif=0.994
j:1, 3
n:j=2, d=|
",2.0759706351232242e-06,feasible,21
36,0,14,"//0
p:fr=0.472
p:0.919, 0.241, -0.291
p:1.493, -0.721, 0.349, fr=0.258
p:1.382, 0.583, 0.25, fr=1.112
j:2, 3
j:0, 3, stif=0.994
j:1, 3
n:j=2, d=|
",2.075757341961652e-06,"//0
p:fr=0.472
p:0.919, 0.241, -0.291
p:1.493, -0.721, 0.349, fr=0.258
p:1.382, 0.583, 0.25, fr=1.112
j:2, 3
j:0, 3, stif=0.994
j:1, 3
n:j=2, d=|:p=0.391
",2.0761228007224874e-06,feasible,21
36,0,14,"//0
p:fr=0.472
p:0.919, 0.241, -0.291
p:1.493, -0.721, 0.349, fr=0.258
p:1.382, 0.583, 0.25, fr=1.112
j:2, 3
j:0, 3, stif=0.994
j:1, 3
n:j=2, d=|
",2.075757341961652e-06,"//0
p:fr=0.472
p:0.919, 0.241, -0.291
p:1.493, -0.721, 0.349, fr=0.258
p:1.382, 0.583, 0.25, fr=1.112
j:2, 3, rotstif=0.944
j:0, 3, stif=0.994
j:1, 3
n:j=2, d=|
",2.075757341961652e-06,feasible,21
36,0,14,"//0
p:fr=0.472
p:0.919, 0.241, -0.291
p:1.493, -0.721, 0.349, fr=0.258
p:1.382, 0.583, 0.25, fr=1.112
j:2, 3
j:0, 3, stif=0.994
j:1, 3
n:j=2, d=|
",2.075757341961652e-06,"//0
p:fr=0.472
p:0.919, 0.241, -0.291
p:1.493, -0.721, 0.349, fr=0.258
p:1.382, 0.583, 0.25, fr=1.112
j:0, 3
j:2, 3, stif=0.994
j:1, 3
n:j=2, d=|
",2.0827996490534555e-06,feasible,21
36,0,14,"//0
p:fr=0.472
p:0.919, 0.241, -0.291
p:1.493, -0.721, 0.349, fr=0.258
p:1.382, 0.583, 0.25, fr=1.112
j:2, 3
j:0, 3, stif=0.994
j:1, 3
n:j=2, d=|
",2.075757341961652e-06,"//0
p:fr=0.472
p:0.919, 0.241, -0.291
p:1.493, -0.721, 0.349, fr=0.258
p:1.382, 0.583, 0.25, fr=1.442
j:2, 3
j:0, 3, stif=0.994
j:1, 3
n:j=2, d=|
",2.0808498491474535e-06,feasible,21
36,0,14,"//0
p:fr=0.472
p:0.919, 0.241, -0.291
p:1.493, -0.721, 0.349, fr=0.258
p:1.382, 0.583, 0.25, fr=1.112
j:2, 3
j:0, 3, stif=0.994
j:1, 3
n:j=2, d=|
",2.075757341961652e-06,"//0
p:fr=0.472
p:0.919, 0.241, -0.291
p:1.493, -0.721, 0.349, fr=0.258
p:1.382, 0.583, 0.25, fr=1.112
j:2, 3
j:0, 3, stif=0.948
j:1, 3
n:j=2, d=|
",2.050355509999408e-06,feasible,21
36,0,14,"//0
p:fr=0.472
p:0.919, 0.241, -0.291
p:1.493, -0.721, 0.349, fr=0.258
p:1.382, 0.583, 0.25, fr=1.112
j:2, 3
j:0, 3, stif=0.994
j:1, 3
n:j=2, d=|
",2.075757341961652e-06,"//0
p:fr=0.472
p:0.919, 0.241, -0.291
p:1.493, -0.721, 0.349, fr=0.258
p:1.382, 0.583, 0.25, fr=1.112
j:2, 3
j:0, 3, stif=0.994
j:1, 3
n:j=2, d=|:r=0.951
",2.075757341961652e-06,feasible,21
36,0,14,"//0
p:fr=0.472
p:0.919, 0.241, -0.291
p:1.493, -0.721, 0.349, fr=0.258
p:1.382, 0.583, 0.25, fr=1.112
j:2, 3
j:0, 3, stif=0.994
j:1, 3
n:j=2, d=|
",2.075757341961652e-06,"//0
p:fr=0.472
p:0.919, 0.241, -0.291
p:1.493, -0.721, 0.349, fr=0.258
p:1.382, 0.583, 0.25, fr=1.112
j:2, 3
j:0, 3, stif=0.994, rotstif=0.801
j:1, 3
n:j=2, d=|
",2.075757341961652e-06,feasible,21
36,0,14,"//0
p:fr=0.472
p:0.919, 0.241, -0.291
p:1.493, -0.721, 0.349, fr=0.258
p:1.382, 0.583, 0.25, fr=1.112
j:2, 3
j:0, 3, stif=0.994
j:1, 3
n:j=2, d=|
",2.075757341961652e-06,"//0
p:fr=0.472
p:0.919, 0.241, -0.291
p:1.493, -0.721, 0.349, fr=0.258
p:1.67, 0.685, 0.416, fr=1.112
j:2, 3
j:0, 3, stif=0.994
j:1, 3
n:j=2, d=|
",3.0148024238007226e-07,feasible,21
36,0,14,"//0
p:fr=0.472
p:0.919, 0.241, -0.291
p:1.493, -0.721, 0.349, fr=0.258
p:1.382, 0.583, 0.25, fr=1.112
j:2, 3
j:0, 3, stif=0.994
j:1, 3
n:j=2, d=|
",2.075757341961652e-06,"//0
p:0.0639937862016624, -0.6340778100390054, -0.6336182799714081, fr=0.472
p:0.919, 0.241, -0.291
p:1.493, -0.721, 0.349, fr=0.258
p:1.382, 0.583, 0.25, fr=1.112
j:2, 3
j:0, 3, stif=0.994
j:1, 3
n:j=2, d=|
",5.534806390762426e-07,feasible,21
36,0,14,"//0
p:fr=0.472
p:0.919, 0.241, -0.291
p:1.493, -0.721, 0.349, fr=0.258
p:1.382, 0.583, 0.25, fr=1.112
j:2, 3
j:0, 3, stif=0.994
j:1, 3
n:j=2, d=|
",2.075757341961652e-06,"//0
p:fr=0.472
p:0.919, 0.241, -0.291
p:1.493, -0.721, 0.349, fr=0.258
p:1.382, 0.583, 0.25, fr=1.112
j:2, 3
j:0, 3, stif=0.994, rotstif=0.941
j:1, 3
n:j=2, d=|
",2.075757341961652e-06,feasible,21
36,0,14,"//0
p:fr=0.472
p:0.919, 0.241, -0.291
p:1.493, -0.721, 0.349, fr=0.258
p:1.382, 0.583, 0.25, fr=1.112
j:2, 3
j:0, 3, stif=0.994
j:1, 3
n:j=2, d=|
",2.075757341961652e-06,"//0
p:fr=0.472
p:0.919, 0.241, -0.291
p:1.493, -0.721, 0.349, fr=0.258
p:1.382, 0.583, 0.25, fr=1.112
j:2, 3
j:0, 3, stif=0.994
j:1, 3
",2.0760171418638994e-06,feasible,21
36,0,14,"//0
p:fr=0.472
p:0.919, 0.241, -0.291
p:1.493, -0.721, 0.349, fr=0.258
p:1.382, 0.583, 0.25, fr=1.112
j:2, 3
j:0, 3, stif=0.994
j:1, 3
n:j=2, d=|
",2.075757341961652e-06,"//0
p:fr=0.472
p:0.919, 0.241, -0.291
p:1.493, -0.721, 0.349, fr=0.258
p:1.382, 0.583, 0.25, fr=1.112
j:2, 0
j:3, 0, stif=0.994
j:1, 0
n:j=2, d=|
",9.692244239343978e-07,feasible,21
36,0,15,"//0
p:fr=0.472
p:0.919, 0.241, -0.291
p:1.493, -0.721, 0.349, fr=0.258
p:1.382, 0.583, 0.25, fr=1.112
j:2, 3
j:0, 3, stif=0.994
j:1, 3
n:j=2, d=|
n:p=2, d=Gpart
c:0, 1, -1.177
",2.1449880947101067e-06,"//0
p:fr=0.472
p:0.919, 0.241, -0.291
p:1.493, -0.721, 0.349, fr=0.258
p:1.382, 0.583, 0.25, fr=1.112
j:2, 3
j:0, 3, stif=0.994
j:1, 3, rotstif=0.895
n:j=2, d=|
n:p=2, d=Gpart
c:0, 1, -1.177
",2.1449880947101067e-06,feasible,22
36,0,15,"//0
p:fr=0.472
p:0.919, 0.241, -0.291
p:1.493, -0.721, 0.349, fr=0.258
p:1.382, 0.583, 0.25, fr=1.112
j:2, 3
j:0, 3, stif=0.994
j:1, 3
n:j=2, d=|
n:p=2, d=Gpart
c:0, 1, -1.177
",2.1449880947101067e-06,"//0
p:fr=0.472
p:1.493, -0.721, 0.349, fr=0.258
p:1.382, 0.583, 0.25, fr=1.112
j:1, 2
j:0, 2, stif=0.994
n:p=1, d=Gpart
",1.7763576864329959e-19,feasible,22
36,0,15,"//0
p:fr=0.472
p:0.919, 0.241, -0.291
p:1.493, -0.721, 0.349, fr=0.258
p:1.382, 0.583, 0.25, fr=1.112
j:2, 3
j:0, 3, stif=0.994
j:1, 3
n:j=2, d=|
n:p=2, d=Gpart
c:0, 1, -1.177
",2.1449880947101067e-06,"//0
p:fr=0.472
p:0.919, 0.241, -0.291, ing=0.43
p:1.493, -0.721, 0.349, fr=0.258
p:1.382, 0.583, 0.25, fr=1.112
j:2, 3
j:0, 3, stif=0.994
j:1, 3
n:j=2, d=|
n:p=2, d=Gpart
c:0, 1, -1.177
",2.1449880947101067e-06,feasible,22
36,0,15,"//0
p:fr=0.472
p:0.919, 0.241, -0.291
p:1.493, -0.721, 0.349, fr=0.258
p:1.382, 0.583, 0.25, fr=1.112
j:2, 3
j:0, 3, stif=0.994
j:1, 3
n:j=2, d=|
n:p=2, d=Gpart
c:0, 1, -1.177
",2.1449880947101067e-06,"//0
p:fr=0.472
p:0.919, 0.241, -0.291
p:1.493, -0.721, 0.349, fr=0.258
p:1.382, 0.583, 0.25, fr=1.112
j:2, 3
j:0, 3, stif=0.994
j:1, 3
n:j=2, d=|
n:p=2, d=Gpart
n:j=0, d=@
c:0, 1, -1.177
c:2, 1, 3.488
",1.8441013366320543e-06,feasible,22
36,0,15,"//0
p:fr=0.472
p:0.919, 0.241, -0.291
p:1.493, -0.721, 0.349, fr=0.258
p:1.382, 0.583, 0.25, fr=1.112
j:2, 3
j:0, 3, stif=0.994
j:1, 3
n:j=2, d=|
n:p=2, d=Gpart
c:0, 1, -1.177
",2.1449880947101067e-06,"//0
p:fr=0.472
p:0.919, 0.241, -0.291
p:1.493, -0.721, 0.349, fr=0.258
p:1.382, 0.583, 0.25, fr=1.112
j:2, 3
j:0, 3, stif=0.946
j:1, 3
n:j=2, d=|
n:p=2, d=Gpart
c:0, 1, -1.177
",1.910136729985858e-06,feasible,22
36,0,15,"//0
p:fr=0.472
p:0.919, 0.241, -0.291
p:1.493, -0.721, 0.349, fr=0.258
p:1.382, 0.583, 0.25, fr=1.112
j:2, 3
j:0, 3, stif=0.994
j:1, 3
n:j=2, d=|
n:p=2, d=Gpart
c:0, 1, -1.177
",2.1449880947101067e-06,"//0
p:0.919, 0.241, -0.291
p:1.493, -0.721, 0.349, fr=0.258
p:1.382, 0.583, 0.25, fr=1.112
j:1, 2
j:0, 2
n:j=1, d=|
n:p=1, d=Gpart
c:0, 1, -1.177
",1.9578471509981693e-06,feasible,22
36,0,15,"//0
p:fr=0.472
p:0.919, 0.241, -0.291
p:1.493, -0.721, 0.349, fr=0.258
p:1.382, 0.583, 0.25, fr=1.112
j:2, 3
j:0, 3, stif=0.994
j:1, 3
n:j=2, d=|
n:p=2, d=Gpart
c:0, 1, -1.177
",2.1449880947101067e-06,"//0
p:fr=0.472
p:0.919, 0.241, -0.291
p:1.493, -0.721, 0.349, fr=0.258
p:1.382, 0.583, 0.25, fr=1.112
j:2, 3
j:0, 3, stif=0.994
j:1, 3
n:j=2, d=|
n:p=2, d=Gpart
",2.075757341961652e-06,feasible,22
36,0,15,"//0
p:fr=0.472
p:0.919, 0.241, -0.291
p:1.493, -0.721, 0.349, fr=0.258
p:1.382, 0.583, 0.25, fr=1.112
j:2, 3
j:0, 3, stif=0.994
j:1, 3
n:j=2, d=|
n:p=2, d=Gpart
c:0, 1, -1.177
",2.1449880947101067e-06,"//0
p:fr=0.472
p:0.919, 0.241, -0.291
p:1.493, -0.721, 0.349, fr=0.258
p:1.382, 0.583, 0.25, fr=1.112
j:2, 3
j:0, 3, stif=0.994
j:1, 3
j:1, 0
n:j=2, d=|
n:p=2, d=Gpart
c:0, 1, -1.177
",7.29325554487038e-07,feasible,22
36,0,15,"//0
p:fr=0.472
p:0.919, 0.241, -0.291
p:1.493, -0.721, 0.349, fr=0.258
p:1.382, 0.583, 0.25, fr=1.112
j:2, 3
j:0, 3, stif=0.994
j:1, 3
n:j=2, d=|
n:p=2, d=Gpart
c:0, 1, -1.177
",2.1449880947101067e-06,"//0
p:fr=0.472
p:0.919, 0.241, -0.291
p:1.503, -0.676, 0.462, fr=0.258
p:1.382, 0.583, 0.25, fr=1.112
j:2, 3
j:0, 3, stif=0.994
j:1, 3
n:j=2, d=|
n:p=2, d=Gpart
c:0, 1, -1.177
",1.4544571662943012e-06,feasible,22
36,0,15,"//0
p:fr=0.472
p:0.919, 0.241, -0.291
p:1.493, -0.721, 0.349, fr=0.258
p:1.382, 0.583, 0.25, fr=1.112
j:2, 3
j:0, 3, stif=0.994
j:1, 3
n:j=2, d=|
n:p=2, d=Gpart
c:0, 1, -1.177
",2.1449880947101067e-06,"//0
p:fr=0.472
p:0.919, 0.241, -0.291
p:1.493, -0.721, 0.349, fr=0.258, ing=0.145
p:1.382, 0.583, 0.25, fr=1.112
j:2, 3
j:0, 3, stif=0.994
j:1, 3
n:j=2, d=|
n:p=2, d=Gpart
c:0, 1, -1.177
",2.1449880947101067e-06,feasible,22
36,0,15,"//0
p:fr=0.472
p:0.919, 0.241, -0.291
p:1.493, -0.721, 0.349, fr=0.258
p:1.382, 0.583, 0.25, fr=1.112
j:2, 3
j:0, 3, stif=0.994
j:1, 3
n:j=2, d=|
n:p=2, d=Gpart
c:0, 1, -1.177
",2.1449880947101067e-06,"//0
p:fr=0.472
p:0.919, 0.241, -0.291
p:1.493, -0.721, 0.349, fr=0.258
p:1.382, 0.583, 0.25, fr=1.112
j:2, 3, stif=0.897
j:0, 3, stif=0.994
j:1, 3
n:j=2, d=|
n:p=2, d=Gpart
c:0, 1, -1.177
",1.808357354206162e-06,feasible,22
36,0,15,"//0
p:fr=0.472
p:0.919, 0.241, -0.291
p:1.493, -0.721, 0.349, fr=0.258
p:1.382, 0.583, 0.25, fr=1.112
j:2, 3
j:0, 3, stif=0.994
j:1, 3
n:j=2, d=|
n:p=2, d=Gpart
c:0, 1, -1.177
",2.1449880947101067e-06,"//0
p:fr=0.472
p:0.919, 0.241, -0.291
p:1.493, -0.721, 0.349, fr=0.258
p:1.382, 0.583, 0.25, fr=1.112
j:2, 3, rotstif=0.943
j:0, 3, stif=0.994
j:1, 3
n:j=2, d=|
n:p=2, d=Gpart
c:0, 1, -1.177
",2.1449880947101067e-06,feasible,22
36,0,15,"//0
p:fr=0.472
p:0.919, 0.241, -0.291
p:1.493, -0.721, 0.349, fr=0.258
p:1.382, 0.583, 0.25, fr=1.112
j:2, 3
j:0, 3, stif=0.994
j:1, 3
n:j=2, d=|
n:p=2, d=Gpart
c:0, 1, -1.177
",2.1449880947101067e-06,"//0
p:fr=0.472
p:0.919, 0.241, -0.291
p:1.493, -0.721, 0.349, fr=0.258
p:1.382, 0.583, 0.25, fr=1.112
j:1, 3
j:0, 3, stif=0.994
j:2, 3
n:j=2, d=|
n:p=2, d=Gpart
c:0, 1, -1.177
",1.980503284312027e-06,feasible,22
36,0,15,"//0
p:fr=0.472
p:0.919, 0.241, -0.291
p:1.493, -0.721, 0.349, fr=0.258
p:1.382, 0.583, 0.25, fr=1.112
j:2, 3
j:0, 3, stif=0.994
j:1, 3
n:j=2, d=|
n:p=2, d=Gpart
c:0, 1, -1.177
",2.1449880947101067e-06,"//0
p:fr=0.472
p:0.919, 0.241, -0.291
p:1.493, -0.721, 0.349, fr=0.258
p:1.382, 0.583, 0.25, fr=1.112
j:2, 0
j:3, 0, stif=0.994
j:1, 0
n:j=2, d=|
n:p=2, d=Gpart
c:0, 1, -1.177
",9.854282532029044e-07,feasible,22
36,0,15,"//0
p:fr=0.472
p:0.919, 0.241, -0.291
p:1.493, -0.721, 0.349, fr=0.258
p:1.382, 0.583, 0.25, fr=1.112
j:2, 3
j:0, 3, stif=0.994
j:1, 3
n:j=2, d=|
n:p=2, d=Gpart
c:0, 1, -1.177
",2.1449880947101067e-06,"//0
p:fr=0.472
p:0.919, 0.241, -0.291
p:1.493, -0.721, 0.349, fr=0.258
p:1.382, 0.583, 0.25, fr=1.112
p:1.389, -1.709, -0.753
j:2, 3
j:0, 3, stif=0.994
j:1, 3
j:4, 2
n:j=2, d=|
n:p=2, d=Gpart
c:0, 1, -1.177
",6.820018463551503e-07,feasible,22
36,0,15,"//0
p:fr=0.472
p:0.919, 0.241, -0.291
p:1.493, -0.721, 0.349, fr=0.258
p:1.382, 0.583, 0.25, fr=1.112
j:2, 3
j:0, 3, stif=0.994
j:1, 3
n:j=2, d=|
n:p=2, d=Gpart
c:0, 1, -1.177
",2.1449880947101067e-06,"//0
p:fr=0.472
p:0.919, 0.241, -0.291
p:1.493, -0.721, 0.349, fr=0.258
p:1.382, 0.583, 0.25, fr=1.112
j:2, 3
j:0, 3, stif=0.994
j:1, 3
n:j=2, d=|
n:p=2, d=Gpart
c:0, 1, 0.22
",2.075197675182832e-06,feasible,22
36,0,15,"//0
p:fr=0.472
p:0.919, 0.241, -0.291
p:1.493, -0.721, 0.349, fr=0.258
p:1.382, 0.583, 0.25, fr=1.112
j:2, 3
j:0, 3, stif=0.994
j:1, 3
n:j=2, d=|
n:p=2, d=Gpart
c:0, 1, -1.177
",2.1449880947101067e-06,"//0
p:fr=0.472
p:0.919, 0.241, -0.291, fr=0.251
p:1.493, -0.721, 0.349, fr=0.258
p:1.382, 0.583, 0.25, fr=1.112
j:2, 3
j:0, 3, stif=0.994
j:1, 3
n:j=2, d=|
n:p=2, d=Gpart
c:0, 1, -1.177
",2.6579878956471506e-06,feasible,22
36,0,15,"//0
p:fr=0.472
p:0.919, 0.241, -0.291
p:1.493, -0.721, 0.349, fr=0.258
p:1.382, 0.583, 0.25, fr=1.112
j:2, 3
j:0, 3, stif=0.994
j:1, 3
n:j=2, d=|
n:p=2, d=Gpart
c:0, 1, -1.177
",2.1449880947101067e-06,"//0
p:fr=0.472
p:0.919, 0.241, -0.291
p:1.493, -0.721, 0.349, fr=0.258
p:1.382, 0.583, 0.25, fr=1.112
j:2, 3
j:0, 3, stif=0.994
j:1, 3
n:j=2, d=|
n:p=2, d=Gpart
c:0, 1, -5.23
",1.8999335407025665e-06,feasible,22
36,0,15,"//0
p:fr=0.472
p:0.919, 0.241, -0.291
p:1.493, -0.721, 0.349, fr=0.258
p:1.382, 0.583, 0.25, fr=1.112
j:2, 3
j:0, 3, stif=0.994
j:1, 3
n:j=2, d=|
n:p=2, d=Gpart
c:0, 1, -1.177
",2.1449880947101067e-06,"//0
p:fr=0.472
p:0.919, 0.241, -0.291
p:1.382, 0.583, 0.25, fr=1.112
j:0, 2, stif=0.994
j:1, 2
n:j=1, d=|
",1.7763568394002505e-19,feasible,22
36,0,15,"//0
p:fr=0.472
p:0.919, 0.241, -0.291
p:1.493, -0.721, 0.349, fr=0.258
p:1.382, 0.583, 0.25, fr=1.112
j:2, 3
j:0, 3, stif=0.994
j:1, 3
n:j=2, d=|
n:p=2, d=Gpart
c:0, 1, -1.177
",2.1449880947101067e-06,"//0
p:fr=0.472
p:0.919, 0.241, -0.291, fr=0.188
p:1.493, -0.721, 0.349, fr=0.258
p:1.382, 0.583, 0.25, fr=1.112
j:2, 3
j:0, 3, stif=0.994
j:1, 3
n:j=2, d=|
n:p=2, d=Gpart
c:0, 1, -1.177
",4.021259372434279e-06,feasible,22
36,0,16,"//0
p:fr=0.472
p:0.919, 0.241, -0.291
p:1.493, -0.721, 0.349, fr=0.258
p:1.382, 0.583, 0.25, fr=1.112
j:2, 3
j:0, 3, stif=0.996
j:1, 3
n:j=2, d=|
n:p=2, d=Gpart
c:0, 1, -1.177
",2.19964441654695e-06,"//0
p:fr=0.472
p:0.919, 0.241, -0.291
p:1.493, -0.721, 0.349, fr=0.258
p:1.382, 0.583, 0.25, fr=1.112
j:2, 3, stif=0.906
j:0, 3, stif=0.996
j:1, 3
n:j=2, d=|
n:p=2, d=Gpart
c:0, 1, -1.177
",1.785780253811732e-06,feasible,20
36,0,16,"//0
p:fr=0.472
p:0.919, 0.241, -0.291
p:1.493, -0.721, 0.349, fr=0.258
p:1.382, 0.583, 0.25, fr=1.112
j:2, 3
j:0, 3, stif=0.996
j:1, 3
n:j=2, d=|
n:p=2, d=Gpart
c:0, 1, -1.177
",2.19964441654695e-06,"//0
p:0.15, -0.046, -0.262, fr=0.472
p:0.919, 0.241, -0.291
p:1.493, -0.721, 0.349, fr=0.258
p:1.382, 0.583, 0.25, fr=1.112
j:2, 3
j:0, 3, stif=0.996
j:1, 3
n:j=2, d=|
n:p=2, d=Gpart
c:0, 1, -1.177
",1.3894665203203554e-06,feasible,20
36,0,16,"//0
p:fr=0.472
p:0.919, 0.241, -0.291
p:1.493, -0.721, 0.349, fr=0.258
p:1.382, 0.583, 0.25, fr=1.112
j:2, 3
j:0, 3, stif=0.996
j:1, 3
n:j=2, d=|
n:p=2, d=Gpart
c:0, 1, -1.177
",2.19964441654695e-06,"//0
p:fr=0.472
p:0.919, 0.241, -0.291
p:1.724, -0.078, 0.764, fr=0.258
p:1.382, 0.583, 0.25, fr=1.112
j:2, 3
j:0, 3, stif=0.996
j:1, 3
n:j=2, d=|
n:p=2, d=Gpart
c:0, 1, -1.177
",3.3313474890339514e-07,feasible,20
36,0,16,"//0
p:fr=0.472
p:0.919, 0.241, -0.291
p:1.493, -0.721, 0.349, fr=0.258
p:1.382, 0.583, 0.25, fr=1.112
j:2, 3
j:0, 3, stif=0.996
j:1, 3
n:j=2, d=|
n:p=2, d=Gpart
c:0, 1, -1.177
",2.19964441654695e-06,"//0
p:fr=0.472
p:0.919, 0.241, -0.291, ing=0.278
p:1.493, -0.721, 0.349, fr=0.258
p:1.382, 0.583, 0.25, fr=1.112
j:2, 3
j:0, 3, stif=0.996
j:1, 3
n:j=2, d=|
n:p=2, d=Gpart
c:0, 1, -1.177
",2.19964441654695e-06,feasible,20
36,0,16,"//0
p:fr=0.472
p:0.919, 0.241, -0.291
p:1.493, -0.721, 0.349, fr=0.258
p:1.382, 0.583, 0.25, fr=1.112
j:2, 3
j:0, 3, stif=0.996
j:1, 3
n:j=2, d=|
n:p=2, d=Gpart
c:0, 1, -1.177
",2.19964441654695e-06,"//0
p:fr=0.472
p:0.919, 0.241, -0.291
p:1.493, -0.721, 0.349, fr=0.258
p:1.382, 0.583, 0.25, fr=1.112
j:2, 3
j:0, 3, stif=0.996
j:1, 3
n:j=2, d=|
n:p=2, d=Gpart
",2.075518991965341e-06,feasible,20
36,0,16,"//0
p:fr=0.472
p:0.919, 0.241, -0.291
p:1.493, -0.721, 0.349, fr=0.258
p:1.382, 0.583, 0.25, fr=1.112
j:2, 3
j:0, 3, stif=0.996
j:1, 3
n:j=2, d=|
n:p=2, d=Gpart
c:0, 1, -1.177
",2.19964441654695e-06,"//0
p:fr=0.472
p:0.919, 0.241, -0.291
p:1.493, -0.721, 0.349, fr=0.258
p:1.382, 0.583, 0.25, fr=1.112
j:1, 3
j:0, 3, stif=0.996
j:2, 3
n:j=2, d=|
n:p=2, d=Gpart
c:0, 1, -1.177
",2.107195671330252e-06,feasible,20
36,0,16,"//0
p:fr=0.472
p:0.919, 0.241, -0.291
p:1.493, -0.721, 0.349, fr=0.258
p:1.382, 0.583, 0.25, fr=1.112
j:2, 3
j:0, 3, stif=0.996
j:1, 3
n:j=2, d=|
n:p=2, d=Gpart
c:0, 1, -1.177
",2.19964441654695e-06,"//0
p:fr=0.472
p:0.919, 0.241, -0.291
p:1.493, -0.721, 0.349, fr=0.258
p:1.382, 0.583, 0.25, fr=1.112
j:2, 3
j:0, 3, stif=0.996
j:1, 3
n:j=2, d=|
n:p=2, d=Gpart:ry=-0.393
c:0, 1, -1.177
",1.8724592385601264e-06,feasible,20
36,0,16,"//0
p:fr=0.472
p:0.919, 0.241, -0.291
p:1.493, -0.721, 0.349, fr=0.258
p:1.382, 0.583, 0.25, fr=1.112
j:2, 3
j:0, 3, stif=0.996
j:1, 3
n:j=2, d=|
n:p=2, d=Gpart
c:0, 1, -1.177
",2.19964441654695e-06,"//0
p:fr=0.472
p:0.919, 0.241, -0.291
p:1.493, -0.721, 0.349, fr=0.258
p:1.382, 0.583, 0.25, fr=1.112
j:2, 3, stif=0.955
j:0, 3, stif=0.996
j:1, 3
n:j=2, d=|
n:p=2, d=Gpart
c:0, 1, -1.177
",1.9388314825503068e-06,feasible,20
36,0,16,"//0
p:fr=0.472
p:0.919, 0.241, -0.291
p:1.493, -0.721, 0.349, fr=0.258
p:1.382, 0.583, 0.25, fr=1.112
j:2, 3
j:0, 3, stif=0.996
j:1, 3
n:j=2, d=|
n:p=2, d=Gpart
c:0, 1, -1.177
",2.19964441654695e-06,"//0
p:fr=0.889
p:0.919, 0.241, -0.291
p:1.493, -0.721, 0.349, fr=0.258
p:1.382, 0.583, 0.25, fr=1.112
j:2, 3
j:0, 3, stif=0.996
j:1, 3
n:j=2, d=|
n:p=2, d=Gpart
c:0, 1, -1.177
",1.8705076656687874e-06,feasible,20
36,0,16,"//0
p:fr=0.472
p:0.919, 0.241, -0.291
p:1.493, -0.721, 0.349, fr=0.258
p:1.382, 0.583, 0.25, fr=1.112
j:2, 3
j:0, 3, stif=0.996
j:1, 3
n:j=2, d=|
n:p=2, d=Gpart
c:0, 1, -1.177
",2.19964441654695e-06,"//0
p:fr=0.472
p:0.919, 0.241, -0.291, ing=0.2
p:1.493, -0.721, 0.349, fr=0.258
p:1.382, 0.583, 0.25, fr=1.112
j:2, 3
j:0, 3, stif=0.996
j:1, 3
n:j=2, d=|
n:p=2, d=Gpart
c:0, 1, -1.177
",2.19964441654695e-06,feasible,20
36,0,16,"//0
p:fr=0.472
p:0.919, 0.241, -0.291
p:1.493, -0.721, 0.349, fr=0.258
p:1.382, 0.583, 0.25, fr=1.112
j:2, 3
j:0, 3, stif=0.996
j:1, 3
n:j=2, d=|
n:p=2, d=Gpart
c:0, 1, -1.177
",2.19964441654695e-06,"//0
p:fr=0.472
p:0.919, 0.241, -0.291
p:1.493, -0.721, 0.349, fr=0.258
p:1.382, 0.583, 0.25, fr=1.112
j:2, 3
j:0, 3, stif=0.996, rotstif=0.96
j:1, 3
n:j=2, d=|
n:p=2, d=Gpart
c:0, 1, -1.177
",2.19964441654695e-06,feasible,20
36,0,16,"//0
p:fr=0.472
p:0.919, 0.241, -0.291
p:1.493, -0.721, 0.349, fr=0.258
p:1.382, 0.583, 0.25, fr=1.112
j:2, 3
j:0, 3, stif=0.996
j:1, 3
n:j=2, d=|
n:p=2, d=Gpart
c:0, 1, -1.177
",2.19964441654695e-06,"//0
p:fr=0.472
p:0.919, 0.241, -0.291
p:1.493, -0.721, 0.349, fr=0.258, ing=0.239
p:1.382, 0.583, 0.25, fr=1.112
j:2, 3
j:0, 3, stif=0.996
j:1, 3
n:j=2, d=|
n:p=2, d=Gpart
c:0, 1, -1.177
",2.19964441654695e-06,feasible,20
36,0,16,"//0
p:fr=0.472
p:0.919, 0.241, -0.291
p:1.493, -0.721, 0.349, fr=0.258
p:1.382, 0.583, 0.25, fr=1.112
j:2, 3
j:0, 3, stif=0.996
j:1, 3
n:j=2, d=|
n:p=2, d=Gpart
c:0, 1, -1.177
",2.19964441654695e-06,"//0
p:fr=0.472
p:0.919, 0.241, -0.291
p:1.493, -0.721, 0.349, fr=0.258, ing=0.323
p:1.382, 0.583, 0.25, fr=1.112
j:2, 3
j:0, 3, stif=0.996
j:1, 3
n:j=2, d=|
n:p=2, d=Gpart
c:0, 1, -1.177
",2.19964441654695e-06,feasible,20
36,0,16,"//0
p:fr=0.472
p:0.919, 0.241, -0.291
p:1.493, -0.721, 0.349, fr=0.258
p:1.382, 0.583, 0.25, fr=1.112
j:2, 3
j:0, 3, stif=0.996
j:1, 3
n:j=2, d=|
n:p=2, d=Gpart
c:0, 1, -1.177
",2.19964441654695e-06,"//0
p:fr=0.472
p:0.919, 0.241, -0.291
p:1.493, -0.721, 0.349, fr=0.258
p:1.382, 0.583, 0.25, fr=1.112
j:2, 3
j:0, 3, stif=0.996
j:1, 3
n:j=2, d=|
n:p=2, d=Gpart
c:0, 1, 2.013
",1.8863349886515506e-06,feasible,20
36,0,16,"//0
p:fr=0.472
p:0.919, 0.241, -0.291
p:1.493, -0.721, 0.349, fr=0.258
p:1.382, 0.583, 0.25, fr=1.112
j:2, 3
j:0, 3, stif=0.996
j:1, 3
n:j=2, d=|
n:p=2, d=Gpart
c:0, 1, -1.177
",2.19964441654695e-06,"//0
p:fr=0.472
p:0.919, 0.241, -0.291
p:1.493, -0.721, 0.349, fr=0.258
p:1.382, 0.583, 0.25, fr=1.112
j:2, 3, stif=0.991
j:0, 3, stif=0.996
j:1, 3
n:j=2, d=|
n:p=2, d=Gpart
c:0, 1, -1.177
",1.832447674855495e-06,feasible,20
36,0,16,"//0
p:fr=0.472
p:0.919, 0.241, -0.291
p:1.493, -0.721, 0.349, fr=0.258
p:1.382, 0.583, 0.25, fr=1.112
j:2, 3
j:0, 3, stif=0.996
j:1, 3
n:j=2, d=|
n:p=2, d=Gpart
c:0, 1, -1.177
",2.19964441654695e-06,"//0
p:fr=0.472
p:1.493, -0.721, 0.349, fr=0.258
p:1.382, 0.583, 0.25, fr=1.112
j:1, 2
j:0, 2, stif=0.996
n:p=1, d=Gpart
",1.7763568394002505e-19,feasible,20
36,0,16,"//0
p:fr=0.472
p:0.919, 0.241, -0.291
p:1.493, -0.721, 0.349, fr=0.258
p:1.382, 0.583, 0.25, fr=1.112
j:2, 3
j:0, 3, stif=0.996
j:1, 3
n:j=2, d=|
n:p=2, d=Gpart
c:0, 1, -1.177
",2.19964441654695e-06,"//0
p:fr=0.472
p:0.919, 0.241, -0.291, ing=0.282
p:1.493, -0.721, 0.349, fr=0.258
p:1.382, 0.583, 0.25, fr=1.112
j:2, 3
j:0, 3, stif=0.996
j:1, 3
n:j=2, d=|
n:p=2, d=Gpart
c:0, 1, -1.177
",2.19964441654695e-06,feasible,20
36,0,16,"//0
p:fr=0.472
p:0.919, 0.241, -0.291
p:1.493, -0.721, 0.349, fr=0.258
p:1.382, 0.583, 0.25, fr=1.112
j:2, 3
j:0, 3, stif=0.996
j:1, 3
n:j=2, d=|
n:p=2, d=Gpart
c:0, 1, -1.177
",2.19964441654695e-06,"//0
p:fr=0.472
p:0.919, 0.241, -0.291, ing=0.206
p:1.493, -0.721, 0.349, fr=0.258
p:1.382, 0.583, 0.25, fr=1.112
j:2, 3
j:0, 3, stif=0.996
j:1, 3
n:j=2, d=|
n:p=2, d=Gpart
c:0, 1, -1.177
",2.19964441654695e-06,feasible,20
36,0,16,"//0
p:fr=0.472
p:0.919, 0.241, -0.291
p:1.493, -0.721, 0.349, fr=0.258
p:1.382, 0.583, 0.25, fr=1.112
j:2, 3
j:0, 3, stif=0.996
j:1, 3
n:j=2, d=|
n:p=2, d=Gpart
c:0, 1, -1.177
",2.19964441654695e-06,"//0
p:fr=0.472
p:0.919, 0.241, -0.291
p:1.493, -0.721, 0.349, fr=0.258
p:1.382, 0.583, 0.25, fr=1.112
j:2, 3
j:0, 3, stif=0.996
j:1, 3, rotstif=0.918
n:j=2, d=|
n:p=2, d=Gpart
c:0, 1, -1.177
",2.19964441654695e-06,feasible,20
36,0,16,"//0
p:fr=0.472
p:0.919, 0.241, -0.291
p:1.493, -0.721, 0.349, fr=0.258
p:1.382, 0.583, 0.25, fr=1.112
j:2, 3
j:0, 3, stif=0.996
j:1, 3
n:j=2, d=|
n:p=2, d=Gpart
c:0, 1, -1.177
",2.19964441654695e-06,"//0
p:fr=0.472
p:0.919, 0.241, -0.291
p:1.493, -0.721, 0.349, fr=0.258
p:1.382, 0.583, 0.25, fr=1.112
j:2, 3
j:1, 3, stif=0.996
j:0, 3
n:j=2, d=|
n:p=2, d=Gpart
c:0, 1, -1.177
",1.9921434030038662e-06,feasible,20
36,0,17,"//0
p:fr=0.472
p:0.919, 0.241, -0.291
p:1.493, -0.721, 0.349, fr=0.258
p:1.382, 0.583, 0.25, fr=1.112
j:2, 3
j:0, 3, stif=0.996
j:1, 3
j:0, 2
n:j=2, d=|
n:p=2, d=Gpart
c:0, 1, -1.177
",3.788389437368686e-06,"//0
p:fr=0.472
p:0.919, 0.241, -0.291
p:1.493, -0.721, 0.349, fr=0.258
p:1.382, 0.583, 0.25, fr=1.112, ing=0.348
j:2, 3
j:0, 3, stif=0.996
j:1, 3
j:0, 2
n:j=2, d=|
n:p=2, d=Gpart
c:0, 1, -1.177
",3.788389437368686e-06,feasible,20
36,0,17,"//0
p:fr=0.472
p:0.919, 0.241, -0.291
p:1.493, -0.721, 0.349, fr=0.258
p:1.382, 0.583, 0.25, fr=1.112
j:2, 3
j:0, 3, stif=0.996
j:1, 3
j:0, 2
n:j=2, d=|
n:p=2, d=Gpart
c:0, 1, -1.177
",3.788389437368686e-06,"//0
p:fr=0.472
p:0.919, 0.241, -0.291
p:1.493, -0.721, 0.349, fr=0.258
p:1.382, 0.583, 0.25, fr=1.112
j:2, 3
j:0, 3, stif=0.996
j:1, 3
j:0, 2
n:j=2, d=|:p=0.053
n:p=2, d=Gpart
c:0, 1, -1.177
",1.195726301273003e-06,feasible,20
36,0,17,"//0
p:fr=0.472
p:0.919, 0.241, -0.291
p:1.493, -0.721, 0.349, fr=0.258
p:1.382, 0.583, 0.25, fr=1.112
j:2, 3
j:0, 3, stif=0.996
j:1, 3
j:0, 2
n:j=2, d=|
n:p=2, d=Gpart
c:0, 1, -1.177
",3.788389437368686e-06,"//0
p:fr=0.472
p:0.919, 0.241, -0.291
p:1.493, -0.721, 0.349, fr=0.258
p:1.382, 0.583, 0.25, fr=1.112
j:2, 3
j:0, 3, stif=0.996, rotstif=0.971
j:1, 3
j:0, 2
n:j=2, d=|
n:p=2, d=Gpart
c:0, 1, -1.177
",3.788389437368686e-06,feasible,20
36,0,17,"//0
p:fr=0.472
p:0.919, 0.241, -0.291
p:1.493, -0.721, 0.349, fr=0.258
p:1.382, 0.583, 0.25, fr=1.112
j:2, 3
j:0, 3, stif=0.996
j:1, 3
j:0, 2
n:j=2, d=|
n:p=2, d=Gpart
c:0, 1, -1.177
",3.788389437368686e-06,"//0
p:fr=0.472
p:0.919, 0.241, -0.291
p:1.493, -0.721, 0.349, fr=0.258
p:1.382, 0.583, 0.25, fr=1.112
j:2, 3
j:0, 3, stif=0.891
j:1, 3
j:0, 2
n:j=2, d=|
n:p=2, d=Gpart
c:0, 1, -1.177
",3.7276160148882872e-06,feasible,20
36,0,17,"//0
p:fr=0.472
p:0.919, 0.241, -0.291
p:1.493, -0.721, 0.349, fr=0.258
p:1.382, 0.583, 0.25, fr=1.112
j:2, 3
j:0, 3, stif=0.996
j:1, 3
j:0, 2
n:j=2, d=|
n:p=2, d=Gpart
c:0, 1, -1.177
",3.788389437368686e-06,"//0
p:fr=0.472
p:0.919, 0.241, -0.291
p:1.493, -0.721, 0.349, fr=0.258
p:1.382, 0.583, 0.25, fr=1.112
j:2, 3
j:0, 3, stif=0.996
j:1, 3
j:0, 2
n:j=2, d=|
n:p=2, d=Gpart
c:0, 1, -3.402
",1.6003336360829307e-06,feasible,20
36,0,17,"//0
p:fr=0.472
p:0.919, 0.241, -0.291
p:1.493, -0.721, 0.349, fr=0.258
p:1.382, 0.583, 0.25, fr=1.112
j:2, 3
j:0, 3, stif=0.996
j:1, 3
j:0, 2
n:j=2, d=|
n:p=2, d=Gpart
c:0, 1, -1.177
",3.788389437368686e-06,"//0
p:fr=0.472
p:0.919, 0.241, -0.291, fr=0.168
p:1.493, -0.721, 0.349, fr=0.258
p:1.382, 0.583, 0.25, fr=1.112
j:2, 3
j:0, 3, stif=0.996
j:1, 3
j:0, 2
n:j=2, d=|
n:p=2, d=Gpart
c:0, 1, -1.177
",3.3533058532369097e-06,feasible,20
36,0,17,"//0
p:fr=0.472
p:0.919, 0.241, -0.291
p:1.493, -0.721, 0.349, fr=0.258
p:1.382, 0.583, 0.25, fr=1.112
j:2, 3
j:0, 3, stif=0.996
j:1, 3
j:0, 2
n:j=2, d=|
n:p=2, d=Gpart
c:0, 1, -1.177
",3.788389437368686e-06,"//0
p:fr=0.472
p:0.919, 0.241, -0.291
p:1.493, -0.721, 0.349, fr=0.258
p:1.382, 0.583, 0.25, fr=1.112
j:2, 3
j:0, 3, stif=0.996
j:1, 3, rotstif=0.902
j:0, 2
n:j=2, d=|
n:p=2, d=Gpart
c:0, 1, -1.177
",3.788389437368686e-06,feasible,20
36,0,17,"//0
p:fr=0.472
p:0.919, 0.241, -0.291
p:1.493, -0.721, 0.349, fr=0.258
p:1.382, 0.583, 0.25, fr=1.112
j:2, 3
j:0, 3, stif=0.996
j:1, 3
j:0, 2
n:j=2, d=|
n:p=2, d=Gpart
c:0, 1, -1.177
",3.788389437368686e-06,"//0
p:fr=0.472
p:0.919, 0.241, -0.291
p:1.493, -0.721, 0.349, fr=0.258
p:1.095, 1.079, -0.191, fr=1.112
j:2, 3
j:0, 3, stif=0.996
j:1, 3
j:0, 2
n:j=2, d=|
n:p=2, d=Gpart
c:0, 1, -1.177
",1.665245734009984e-07,feasible,20
36,0,17,"//0
p:fr=0.472
p:0.919, 0.241, -0.291
p:1.493, -0.721, 0.349, fr=0.258
p:1.382, 0.583, 0.25, fr=1.112
j:2, 3
j:0, 3, stif=0.996
j:1, 3
j:0, 2
n:j=2, d=|
n:p=2, d=Gpart
c:0, 1, -1.177
",3.788389437368686e-06,"//0
p:fr=0.472
p:0.919, 0.241, -0.291
p:1.493, -0.721, 0.349, fr=0.258
p:1.382, 0.583, 0.25, fr=1.112
j:2, 1
j:0, 1, stif=0.996
j:3, 1
j:0, 2
n:j=2, d=|
n:p=2, d=Gpart
c:0, 1, -1.177
",2.581368586199697e-07,feasible,20
36,0,17,"//0
p:fr=0.472
p:0.919, 0.241, -0.291
p:1.493, -0.721, 0.349, fr=0.258
p:1.382, 0.583, 0.25, fr=1.112
j:2, 3
j:0, 3, stif=0.996
j:1, 3
j:0, 2
n:j=2, d=|
n:p=2, d=Gpart
c:0, 1, -1.177
",3.788389437368686e-06,"//0
p:fr=0.472
p:0.919, 0.241, -0.291
p:1.493, -0.721, 0.349, fr=0.258
p:1.382, 0.583, 0.25, fr=1.112
j:2, 3
j:0, 3, stif=0.996
j:1, 3
j:0, 2
n:j=2, d=|
n:p=2, d=Gpart
c:0, 1, -1.584
",4.27135461220933e-06,feasible,20
36,0,17,"//0
p:fr=0.472
p:0.919, 0.241, -0.291
p:1.493, -0.721, 0.349, fr=0.258
p:1.382, 0.583, 0.25, fr=1.112
j:2, 3
j:0, 3, stif=0.996
j:1, 3
j:0, 2
n:j=2, d=|
n:p=2, d=Gpart
c:0, 1, -1.177
",3.788389437368686e-06,"//0
p:fr=0.472
p:0.919, 0.241, -0.291
p:1.493, -0.721, 0.349, fr=0.258
p:1.382, 0.583, 0.25, fr=1.112
j:2, 3
j:0, 3, stif=0.996
j:1, 3
j:0, 2
n:j=2, d=|
n:p=2, d=Gpart
n:j=3, d=@
c:0, 1, -1.177
c:2, 1, -0.16
",2.038004553347874e-06,feasible,20
36,0,17,"//0
p:fr=0.472
p:0.919, 0.241, -0.291
p:1.493, -0.721, 0.349, fr=0.258
p:1.382, 0.583, 0.25, fr=1.112
j:2, 3
j:0, 3, stif=0.996
j:1, 3
j:0, 2
n:j=2, d=|
n:p=2, d=Gpart
c:0, 1, -1.177
",3.788389437368686e-06,"//0
p:fr=0.472
p:0.919, 0.241, -0.291
p:1.493, -0.721, 0.349, fr=0.258
p:1.382, 0.583, 0.25, fr=1.112
j:2, 3
j:0, 3, stif=0.996
j:1, 3
j:0, 2
n:j=2, d=|
n:p=2, d=Gpart
c:0, 1, -1.105
",3.695708946116825e-06,feasible,20
36,0,17,"//0
p:fr=0.472
p:0.919, 0.241, -0.291
p:1.493, -0.721, 0.349, fr=0.258
p:1.382, 0.583, 0.25, fr=1.112
j:2, 3
j:0, 3, stif=0.996
j:1, 3
j:0, 2
n:j=2, d=|
n:p=2, d=Gpart
c:0, 1, -1.177
",3.788389437368686e-06,"//0
p:fr=0.472
p:0.919, 0.241, -0.291
p:1.493, -0.721, 0.349, fr=0.258
p:1.382, 0.583, 0.25, fr=1.112
j:2, 3
j:0, 3, stif=0.996
j:1, 3
j:0, 2
n:j=2, d=|
n:p=2, d=Gpart
n:j=1, d=@
c:0, 1, -1.177
c:2, 1, 3.059
",5.3398949616957725e-06,feasible,20
36,0,17,"//0
p:fr=0.472
p:0.919, 0.241, -0.291
p:1.493, -0.721, 0.349, fr=0.258
p:1.382, 0.583, 0.25, fr=1.112
j:2, 3
j:0, 3, stif=0.996
j:1, 3
j:0, 2
n:j=2, d=|
n:p=2, d=Gpart
c:0, 1, -1.177
",3.788389437368686e-06,"//0
p:fr=0.472
p:0.919, 0.241, -0.291
p:1.493, -0.721, 0.349, fr=0.258
p:1.382, 0.583, 0.25, fr=1.112
j:2, 3
j:0, 3, stif=0.996
j:1, 3
j:0, 2
n:p=2, d=Gpart
",1.1957263012733566e-06,feasible,20
36,0,17,"//0
p:fr=0.472
p:0.919, 0.241, -0.291
p:1.493, -0.721, 0.349, fr=0.258
p:1.382, 0.583, 0.25, fr=1.112
j:2, 3
j:0, 3, stif=0.996
j:1, 3
j:0, 2
n:j=2, d=|
n:p=2, d=Gpart
c:0, 1, -1.177
",3.788389437368686e-06,"//0
p:fr=0.472
p:0.919, 0.241, -0.291
p:1.493, -0.721, 0.349, fr=0.258
p:1.382, 0.583, 0.25, fr=1.112
j:2, 3
j:0, 3, stif=0.996
j:1, 3
j:0, 2, stif=0.986
n:j=2, d=|
n:p=2, d=Gpart
c:0, 1, -1.177
",3.857367176375384e-06,feasible,20
36,0,17,"//0
p:fr=0.472
p:0.919, 0.241, -0.291
p:1.493, -0.721, 0.349, fr=0.258
p:1.382, 0.583, 0.25, fr=1.112
j:2, 3
j:0, 3, stif=0.996
j:1, 3
j:0, 2
n:j=2, d=|
n:p=2, d=Gpart
c:0, 1, -1.177
",3.788389437368686e-06,"//0
p:fr=0.472
p:0.919, 0.241, -0.291
p:1.493, -0.721, 0.349, fr=0.258
p:1.382, 0.583, 0.25, fr=1.112
j:2, 3
j:0, 3, stif=0.996, rotstif=0.918
j:1, 3
j:0, 2
n:j=2, d=|
n:p=2, d=Gpart
c:0, 1, -1.177
",3.788389437368686e-06,feasible,20
36,0,17,"//0
p:fr=0.472
p:0.919, 0.241, -0.291
p:1.493, -0.721, 0.349, fr=0.258
p:1.382, 0.583, 0.25, fr=1.112
j:2, 3
j:0, 3, stif=0.996
j:1, 3
j:0, 2
n:j=2, d=|
n:p=2, d=Gpart
c:0, 1, -1.177
",3.788389437368686e-06,"//0
p:fr=0.472, ing=0.295
p:0.919, 0.241, -0.291
p:1.493, -0.721, 0.349, fr=0.258
p:1.382, 0.583, 0.25, fr=1.112
j:2, 3
j:0, 3, stif=0.996
j:1, 3
j:0, 2
n:j=2, d=|
n:p=2, d=Gpart
c:0, 1, -1.177
",3.788389437368686e-06,feasible,20
36,0,17,"//0
p:fr=0.472
p:0.919, 0.241, -0.291
p:1.493, -0.721, 0.349, fr=0.258
p:1.382, 0.583, 0.25, fr=1.112
j:2, 3
j:0, 3, stif=0.996
j:1, 3
j:0, 2
n:j=2, d=|
n:p=2, d=Gpart
c:0, 1, -1.177
",3.788389437368686e-06,"//0
p:fr=0.472
p:0.919, 0.241, -0.291
p:1.493, -0.721, 0.349, fr=0.258
p:1.382, 0.583, 0.25, fr=1.112
j:2, 3
j:0, 3, stif=0.996
j:1, 3
j:0, 2
n:j=2, d=|
n:p=2, d=Gpart
",1.1950660030091647e-06,feasible,20
36,0,17,"//0
p:fr=0.472
p:0.919, 0.241, -0.291
p:1.493, -0.721, 0.349, fr=0.258
p:1.382, 0.583, 0.25, fr=1.112
j:2, 3
j:0, 3, stif=0.996
j:1, 3
j:0, 2
n:j=2, d=|
n:p=2, d=Gpart
c:0, 1, -1.177
",3.788389437368686e-06,"//0
p:fr=0.472
p:0.919, 0.241, -0.291
p:1.493, -0.721, 0.349, fr=0.258
p:1.382, 0.583, 0.25, fr=1.112
j:2, 3
j:0, 3, stif=0.996
j:1, 3
j:0, 2
n:j=2, d=|
n:p=2, d=Gpart
c:0, 1, -2.51
",1.8079220277286798e-06,feasible,20
36,0,17,"//0
p:fr=0.472
p:0.919, 0.241, -0.291
p:1.493, -0.721, 0.349, fr=0.258
p:1.382, 0.583, 0.25, fr=1.112
j:2, 3
j:0, 3, stif=0.996
j:1, 3
j:0, 2
n:j=2, d=|
n:p=2, d=Gpart
c:0, 1, -1.177
",3.788389437368686e-06,"//0
p:fr=0.472
p:0.919, 0.241, -0.291
p:1.493, -0.721, 0.349, fr=0.258
p:1.382, 0.583, 0.25, fr=1.112
j:2, 3
j:0, 3, stif=0.996, rotstif=0.989
j:1, 3
j:0, 2
n:j=2, d=|
n:p=2, d=Gpart
c:0, 1, -1.177
",3.788389437368686e-06,feasible,20
36,0,18,"//0
p:fr=0.472
p:0.919, 0.241, -0.291
p:1.493, -0.721, 0.349, fr=0.258
p:1.382, 0.583, 0.25, fr=1.112
j:2, 3
j:0, 3, stif=0.924
j:1, 3
j:0, 2
n:j=2, d=|
n:p=2, d=Gpart
c:0, 1, -1.177
",3.915454334471134e-06,"//0
p:fr=0.472
p:0.919, 0.241, -0.291
p:1.493, -0.721, 0.349, fr=0.258
p:1.382, 0.583, 0.25, fr=1.112
p:-1.054, -0.256, -0.59
j:2, 3
j:0, 3, stif=0.924
j:1, 3
j:0, 2
j:4, 0
n:j=2, d=|
n:p=2, d=Gpart
c:0, 1, -1.177
",6.813743833523007e-07,feasible,20
36,0,18,"//0
p:fr=0.472
p:0.919, 0.241, -0.291
p:1.493, -0.721, 0.349, fr=0.258
p:1.382, 0.583, 0.25, fr=1.112
j:2, 3
j:0, 3, stif=0.924
j:1, 3
j:0, 2
n:j=2, d=|
n:p=2, d=Gpart
c:0, 1, -1.177
",3.915454334471134e-06,"//0
p:fr=0.472
p:0.919, 0.241, -0.291
p:1.493, -0.721, 0.349, fr=0.258
p:1.382, 0.583, 0.25, fr=1.112
j:2, 3
j:0, 3, stif=0.924
j:1, 3
j:0, 2
n:j=2, d=|
n:p=2, d=Gpart
n:
c:0, 1, -1.177
c:2, 1, -0.19
",3.915454334471134e-06,feasible,20
36,0,18,"//0
p:fr=0.472
p:0.919, 0.241, -0.291
p:1.493, -0.721, 0.349, fr=0.258
p:1.382, 0.583, 0.25, fr=1.112
j:2, 3
j:0, 3, stif=0.924
j:1, 3
j:0, 2
n:j=2, d=|
n:p=2, d=Gpart
c:0, 1, -1.177
",3.915454334471134e-06,"//0
p:fr=0.472
p:0.919, 0.241, -0.291
p:1.493, -0.721, 0.349, fr=0.258
p:1.382, 0.583, 0.25, fr=1.112
j:2, 3
j:0, 3, stif=0.924
j:1, 3
j:0, 2
n:j=2, d=|
n:p=2, d=Gpart
",1.2172962150546416e-06,feasible,20
36,0,18,"//0
p:fr=0.472
p:0.919, 0.241, -0.291
p:1.493, -0.721, 0.349, fr=0.258
p:1.382, 0.583, 0.25, fr=1.112
j:2, 3
j:0, 3, stif=0.924
j:1, 3
j:0, 2
n:j=2, d=|
n:p=2, d=Gpart
c:0, 1, -1.177
",3.915454334471134e-06,"//0
p:0.919, 0.241, -0.291
p:1.493, -0.721, 0.349, fr=0.258
p:1.382, 0.583, 0.25, fr=1.112
j:1, 2
j:0, 2
n:j=1, d=|
n:p=1, d=Gpart
c:0, 1, -1.177
",1.9578471509981693e-06,feasible,20
36,0,18,"//0
p:fr=0.472
p:0.919, 0.241, -0.291
p:1.493, -0.721, 0.349, fr=0.258
p:1.382, 0.583, 0.25, fr=1.112
j:2, 3
j:0, 3, stif=0.924
j:1, 3
j:0, 2
n:j=2, d=|
n:p=2, d=Gpart
c:0, 1, -1.177
",3.915454334471134e-06,"//0
p:fr=0.472
p:0.919, 0.241, -0.291, ing=0.177
p:1.493, -0.721, 0.349, fr=0.258
p:1.382, 0.583, 0.25, fr=1.112
j:2, 3
j:0, 3, stif=0.924
j:1, 3
j:0, 2
n:j=2, d=|
n:p=2, d=Gpart
c:0, 1, -1.177
",3.915454334471134e-06,feasible,20
36,0,18,"//0
p:fr=0.472
p:0.919, 0.241, -0.291
p:1.493, -0.721, 0.349, fr=0.258
p:1.382, 0.583, 0.25, fr=1.112
j:2, 3
j:0, 3, stif=0.924
j:1, 3
j:0, 2
n:j=2, d=|
n:p=2, d=Gpart
c:0, 1, -1.177
",3.915454334471134e-06,"//0
p:fr=0.472
p:0.919, 0.241, -0.291
p:1.493, -0.721, 0.349, fr=0.258
p:1.382, 0.583, 0.25, fr=1.112
j:2, 3
j:0, 3, stif=0.924
j:1, 3
j:0, 2
n:j=2, d=|
n:p=2, d=Gpart
c:0, 1, -0.02
",1.2173147748156519e-06,feasible,20
36,0,18,"//0
p:fr=0.472
p:0.919, 0.241, -0.291
p:1.493, -0.721, 0.349, fr=0.258
p:1.382, 0.583, 0.25, fr=1.112
j:2, 3
j:0, 3, stif=0.924
j:1, 3
j:0, 2
n:j=2, d=|
n:p=2, d=Gpart
c:0, 1, -1.177
",3.915454334471134e-06,"//0
p:fr=0.472
p:0.919, 0.241, -0.291
p:1.493, -0.721, 0.349, fr=0.258
p:1.382, 0.583, 0.25, fr=1.112
j:2, 3
j:0, 3, stif=0.886
j:1, 3
j:0, 2
n:j=2, d=|
n:p=2, d=Gpart
c:0, 1, -1.177
",3.2582066461956106e-06,feasible,20
36,0,18,"//0
p:fr=0.472
p:0.919, 0.241, -0.291
p:1.493, -0.721, 0.349, fr=0.258
p:1.382, 0.583, 0.25, fr=1.112
j:2, 3
j:0, 3, stif=0.924
j:1, 3
j:0, 2
n:j=2, d=|
n:p=2, d=Gpart
c:0, 1, -1.177
",3.915454334471134e-06,"//0
p:fr=0.472
p:0.919, 0.241, -0.291
p:1.493, -0.721, 0.349, fr=0.258
p:1.382, 0.583, 0.25, fr=1.112
j:2, 3
j:0, 3, stif=0.924
j:1, 3
j:0, 2
n:p=2, d=Gpart
",1.2179949052273774e-06,feasible,20
36,0,18,"//0
p:fr=0.472
p:0.919, 0.241, -0.291
p:1.493, -0.721, 0.349, fr=0.258
p:1.382, 0.583, 0.25, fr=1.112
j:2, 3
j:0, 3, stif=0.924
j:1, 3
j:0, 2
n:j=2, d=|
n:p=2, d=Gpart
c:0, 1, -1.177
",3.915454334471134e-06,"//0
p:fr=0.472
p:1.493, -0.721, 0.349, fr=0.258
p:1.382, 0.583, 0.25, fr=1.112
j:1, 2
j:0, 2, stif=0.924
j:0, 1
n:p=1, d=Gpart
",0.0,feasible,20
36,0,18,"//0
p:fr=0.472
p:0.919, 0.241, -0.291
p:1.493, -0.721, 0.349, fr=0.258
p:1.382, 0.583, 0.25, fr=1.112
j:2, 3
j:0, 3, stif=0.924
j:1, 3
j:0, 2
n:j=2, d=|
n:p=2, d=Gpart
c:0, 1, -1.177
",3.915454334471134e-06,"//0
p:fr=0.472
p:0.919, 0.241, -0.291
p:1.493, -0.721, 0.349, fr=0.258
p:1.382, 0.583, 0.25, fr=1.112, ing=0.056
j:2, 3
j:0, 3, stif=0.924
j:1, 3
j:0, 2
n:j=2, d=|
n:p=2, d=Gpart
c:0, 1, -1.177
",3.915454334471134e-06,feasible,20
36,0,18,"//0
p:fr=0.472
p:0.919, 0.241, -0.291
p:1.493, -0.721, 0.349, fr=0.258
p:1.382, 0.583, 0.25, fr=1.112
j:2, 3
j:0, 3, stif=0.924
j:1, 3
j:0, 2
n:j=2, d=|
n:p=2, d=Gpart
c:0, 1, -1.177
",3.915454334471134e-06,"//0
p:fr=0.472
p:0.919, 0.241, -0.291
p:1.493, -0.721, 0.349, fr=0.258
p:1.382, 0.583, 0.25, fr=1.112
j:2, 3
j:0, 3, stif=0.924
j:1, 3
j:0, 2
n:j=2, d=|
n:p=2, d=Gpart
c:0, 1, 0.498
",1.227232425541554e-06,feasible,20
36,0,18,"//0
p:fr=0.472
p:0.919, 0.241, -0.291
p:1.493, -0.721, 0.349, fr=0.258
p:1.382, 0.583, 0.25, fr=1.112
j:2, 3
j:0, 3, stif=0.924
j:1, 3
j:0, 2
n:j=2, d=|
n:p=2, d=Gpart
c:0, 1, -1.177
",3.915454334471134e-06,"//0
p:fr=0.472
p:0.919, 0.241, -0.291
p:1.493, -0.721, 0.349, fr=0.258
p:1.382, 0.583, 0.25, fr=1.112
j:3, 2
j:0, 2, stif=0.924
j:1, 2
j:0, 3
n:j=2, d=|
n:p=2, d=Gpart
c:0, 1, -1.177
",1.0706661757615523e-06,feasible,20
36,0,18,"//0
p:fr=0.472
p:0.919, 0.241, -0.291
p:1.493, -0.721, 0.349, fr=0.258
p:1.382, 0.583, 0.25, fr=1.112
j:2, 3
j:0, 3, stif=0.924
j:1, 3
j:0, 2
n:j=2, d=|
n:p=2, d=Gpart
c:0, 1, -1.177
",3.915454334471134e-06,"//0
p:fr=0.472
p:0.919, 0.241, -0.291
p:1.493, -0.721, 0.349, fr=0.258
p:1.382, 0.583, 0.25, fr=1.112
j:0, 3, stif=0.924
j:1, 3
j:0, 2
n:j=1, d=|
n:p=2, d=Gpart
c:0, 1, -1.177
",7.211358851190457e-07,feasible,20
36,0,18,"//0
p:fr=0.472
p:0.919, 0.241, -0.291
p:1.493, -0.721, 0.349, fr=0.258
p:1.382, 0.583, 0.25, fr=1.112
j:2, 3
j:0, 3, stif=0.924
j:1, 3
j:0, 2
n:j=2, d=|
n:p=2, d=Gpart
c:0, 1, -1.177
",3.915454334471134e-06,"//0
p:fr=0.472
p:0.919, 0.241, -0.291
p:1.493, -0.721, 0.349, fr=0.258, ing=0.216
p:1.382, 0.583, 0.25, fr=1.112
j:2, 3
j:0, 3, stif=0.924
j:1, 3
j:0, 2
n:j=2, d=|
n:p=2, d=Gpart
c:0, 1, -1.177
",3.915454334471134e-06,feasible,20
36,0,18,"//0
p:fr=0.472
p:0.919, 0.241, -0.291
p:1.493, -0.721, 0.349, fr=0.258
p:1.382, 0.583, 0.25, fr=1.112
j:2, 3
j:0, 3, stif=0.924
j:1, 3
j:0, 2
n:j=2, d=|
n:p=2, d=Gpart
c:0, 1, -1.177
",3.915454334471134e-06,"//0
p:0.842, -0.174, -0.166, fr=0.472
p:0.919, 0.241, -0.291
p:1.493, -0.721, 0.349, fr=0.258
p:1.382, 0.583, 0.25, fr=1.112
j:2, 3
j:0, 3, stif=0.924
j:1, 3
j:0, 2
n:j=2, d=|
n:p=2, d=Gpart
c:0, 1, -1.177
",3.855385183913784e-08,feasible,20
36,0,18,"//0
p:fr=0.472
p:0.919, 0.241, -0.291
p:1.493, -0.721, 0.349, fr=0.258
p:1.382, 0.583, 0.25, fr=1.112
j:2, 3
j:0, 3, stif=0.924
j:1, 3
j:0, 2
n:j=2, d=|
n:p=2, d=Gpart
c:0, 1, -1.177
",3.915454334471134e-06,"//0
p:fr=0.472
p:0.919, 0.241, -0.291
p:1.493, -0.721, 0.349, fr=0.258
p:1.382, 0.583, 0.25, fr=1.112
j:2, 3
j:0, 3, stif=0.924
j:1, 3
j:0, 2
n:j=2, d=|
n:p=2, d=Gpart:rz=1.797
c:0, 1, -1.177
",1.2179574356546285e-06,feasible,20
36,0,18,"//0
p:fr=0.472
p:0.919, 0.241, -0.291
p:1.493, -0.721, 0.349, fr=0.258
p:1.382, 0.583, 0.25, fr=1.112
j:2, 3
j:0, 3, stif=0.924
j:1, 3
j:0, 2
n:j=2, d=|
n:p=2, d=Gpart
c:0, 1, -1.177
",3.915454334471134e-06,"//0
p:fr=0.472
p:0.919, 0.241, -0.291
p:1.493, -0.721, 0.349, fr=0.258
p:1.382, 0.583, 0.25, fr=0.865
j:2, 3
j:0, 3, stif=0.924
j:1, 3
j:0, 2
n:j=2, d=|
n:p=2, d=Gpart
c:0, 1, -1.177
",3.5800520249192106e-06,feasible,20
36,0,18,"//0
p:fr=0.472
p:0.919, 0.241, -0.291
p:1.493, -0.721, 0.349, fr=0.258
p:1.382, 0.583, 0.25, fr=1.112
j:2, 3
j:0, 3, stif=0.924
j:1, 3
j:0, 2
n:j=2, d=|
n:p=2, d=Gpart
c:0, 1, -1.177
",3.915454334471134e-06,"//0
p:fr=0.472
p:0.919, 0.241, -0.291
p:1.493, -0.721, 0.349, fr=0.258
p:1.382, 0.583, 0.25, fr=1.112
j:2, 3
j:0, 3, stif=0.924
j:1, 3
j:0, 2
n:j=2, d=|
n:p=2, d=Gpart
c:0, 1, -2.227
",2.5649464847902193e-06,feasible,20
36,0,18,"//0
p:fr=0.472
p:0.919, 0.241, -0.291
p:1.493, -0.721, 0.349, fr=0.258
p:1.382, 0.583, 0.25, fr=1.112
j:2, 3
j:0, 3, stif=0.924
j:1, 3
j:0, 2
n:j=2, d=|
n:p=2, d=Gpart
c:0, 1, -1.177
",3.915454334471134e-06,"//0
p:fr=0.472
p:0.919, 0.241, -0.291
p:1.493, -0.721, 0.349, fr=0.258
p:1.382, 0.583, 0.25, fr=1.112
j:2, 3
j:0, 3, stif=0.924
j:1, 3
j:0, 2
n:j=2, d=|
n:p=2, d=Gpart
c:0, 1, -5.441
",1.608715310010369e-06,feasible,20
36,0,18,"//0
p:fr=0.472
p:0.919, 0.241, -0.291
p:1.493, -0.721, 0.349, fr=0.258
p:1.382, 0.583, 0.25, fr=1.112
j:2, 3
j:0, 3, stif=0.924
j:1, 3
j:0, 2
n:j=2, d=|
n:p=2, d=Gpart
c:0, 1, -1.177
",3.915454334471134e-06,"//0
p:fr=0.472
p:0.919, 0.241, -0.291
p:1.493, -0.721, 0.349, fr=0.258
p:1.382, 0.583, 0.25, fr=1.112
j:2, 3
j:0, 3, stif=0.924
j:1, 3
j:0, 2
n:j=2, d=|
n:p=2, d=Gpart
n:p=2, d=Gpart
c:0, 1, -1.177
",3.915454334471134e-06,feasible,20
36,0,19,"//0
p:fr=0.472
p:0.919, 0.241, -0.291
p:1.493, -0.721, 0.349, fr=0.258
p:1.382, 0.583, 0.25, fr=1.112
p:0.243, 0.286, -0.93
j:2, 3
j:0, 3, stif=0.924
j:1, 3
j:0, 2
j:4, 1
n:j=2, d=|
n:p=2, d=Gpart
c:0, 1, -1.177
",3.835035824833786e-05,"//0
p:fr=0.472
p:0.919, 0.241, -0.291
p:1.382, 0.583, 0.25, fr=1.112
p:0.243, 0.286, -0.93
j:0, 2, stif=0.924
j:1, 2
j:3, 1
n:j=1, d=|
",3.4181572300295416e-07,feasible,21
36,0,19,"//0
p:fr=0.472
p:0.919, 0.241, -0.291
p:1.493, -0.721, 0.349, fr=0.258
p:1.382, 0.583, 0.25, fr=1.112
p:0.243, 0.286, -0.93
j:2, 3
j:0, 3, stif=0.924
j:1, 3
j:0, 2
j:4, 1
n:j=2, d=|
n:p=2, d=Gpart
c:0, 1, -1.177
",3.835035824833786e-05,"//0
p:fr=0.472, ing=0.087
p:0.919, 0.241, -0.291
p:1.493, -0.721, 0.349, fr=0.258
p:1.382, 0.583, 0.25, fr=1.112
p:0.243, 0.286, -0.93
j:2, 3
j:0, 3, stif=0.924
j:1, 3
j:0, 2
j:4, 1
n:j=2, d=|
n:p=2, d=Gpart
c:0, 1, -1.177
",3.835035824833786e-05,feasible,21
36,0,19,"//0
p:fr=0.472
p:0.919, 0.241, -0.291
p:1.493, -0.721, 0.349, fr=0.258
p:1.382, 0.583, 0.25, fr=1.112
p:0.243, 0.286, -0.93
j:2, 3
j:0, 3, stif=0.924
j:1, 3
j:0, 2
j:4, 1
n:j=2, d=|
n:p=2, d=Gpart
c:0, 1, -1.177
",3.835035824833786e-05,"//0
p:fr=0.472
p:0.919, 0.241, -0.291, fr=0.309
p:1.493, -0.721, 0.349, fr=0.258
p:1.382, 0.583, 0.25, fr=1.112
p:0.243, 0.286, -0.93
j:2, 3
j:0, 3, stif=0.924
j:1, 3
j:0, 2
j:4, 1
n:j=2, d=|
n:p=2, d=Gpart
c:0, 1, -1.177
",3.83202683635802e-05,feasible,21
36,0,19,"//0
p:fr=0.472
p:0.919, 0.241, -0.291
p:1.493, -0.721, 0.349, fr=0.258
p:1.382, 0.583, 0.25, fr=1.112
p:0.243, 0.286, -0.93
j:2, 3
j:0, 3, stif=0.924
j:1, 3
j:0, 2
j:4, 1
n:j=2, d=|
n:p=2, d=Gpart
c:0, 1, -1.177
",3.835035824833786e-05,"//0
p:fr=0.472
p:0.919, 0.241, -0.291
p:1.493, -0.721, 0.349, fr=0.258
p:1.382, 0.583, 0.25, fr=1.112
p:0.243, 0.286, -0.93
j:2, 3
j:0, 3, stif=0.924
j:1, 3
j:0, 2
j:4, 1
n:p=2, d=Gpart
",4.274035144694988e-08,feasible,21
36,0,19,"//0
p:fr=0.472
p:0.919, 0.241, -0.291
p:1.493, -0.721, 0.349, fr=0.258
p:1.382, 0.583, 0.25, fr=1.112
p:0.243, 0.286, -0.93
j:2, 3
j:0, 3, stif=0.924
j:1, 3
j:0, 2
j:4, 1
n:j=2, d=|
n:p=2, d=Gpart
c:0, 1, -1.177
",3.835035824833786e-05,"//0
p:fr=0.472
p:0.919, 0.241, -0.291
p:1.493, -0.721, 0.349, fr=0.258
p:1.382, 0.583, 0.25, fr=1.112
p:0.243, 0.286, -0.93
j:2, 3
j:0, 3, stif=0.924
j:1, 3
j:0, 2
j:4, 1
j:1, 2
n:j=2, d=|
n:p=2, d=Gpart
c:0, 1, -1.177
",2.444731083572139e-07,feasible,21
36,0,19,"//0
p:fr=0.472
p:0.919, 0.241, -0.291
p:1.493, -0.721, 0.349, fr=0.258
p:1.382, 0.583, 0.25, fr=1.112
p:0.243, 0.286, -0.93
j:2, 3
j:0, 3, stif=0.924
j:1, 3
j:0, 2
j:4, 1
n:j=2, d=|
n:p=2, d=Gpart
c:0, 1, -1.177
",3.835035824833786e-05,"//0
p:fr=0.472
p:0.919, 0.241, -0.291
p:1.493, -0.721, 0.349, fr=0.258
p:1.382, 0.583, 0.25, fr=1.106
p:0.243, 0.286, -0.93
j:2, 3
j:0, 3, stif=0.924
j:1, 3
j:0, 2
j:4, 1
n:j=2, d=|
n:p=2, d=Gpart
c:0, 1, -1.177
",3.798666254889145e-05,feasible,21
36,0,19,"//0
p:fr=0.472
p:0.919, 0.241, -0.291
p:1.493, -0.721, 0.349, fr=0.258
p:1.382, 0.583, 0.25, fr=1.112
p:0.243, 0.286, -0.93
j:2, 3
j:0, 3, stif=0.924
j:1, 3
j:0, 2
j:4, 1
n:j=2, d=|
n:p=2, d=Gpart
c:0, 1, -1.177
",3.835035824833786e-05,"//0
p:fr=0.472
p:0.919, 0.241, -0.291
p:1.493, -0.721, 0.349, fr=0.258
p:1.382, 0.583, 0.25, fr=1.112
p:0.243, 0.286, -0.93
j:2, 3
j:0, 3, stif=0.936
j:1, 3
j:0, 2
j:4, 1
n:j=2, d=|
n:p=2, d=Gpart
c:0, 1, -1.177
",3.795659887656664e-05,feasible,21
36,0,19,"//0
p:fr=0.472
p:0.919, 0.241, -0.291
p:1.493, -0.721, 0.349, fr=0.258
p:1.382, 0.583, 0.25, fr=1.112
p:0.243, 0.286, -0.93
j:2, 3
j:0, 3, stif=0.924
j:1, 3
j:0, 2
j:4, 1
n:j=2, d=|
n:p=2, d=Gpart
c:0, 1, -1.177
",3.835035824833786e-05,"//0
p:fr=0.472
p:0.919, 0.241, -0.291
p:1.493, -0.721, 0.349, fr=0.258
p:1.382, 0.583, 0.25, fr=1.112
p:0.243, 0.286, -0.93
j:2, 3
j:0, 3, stif=0.924
j:1, 3
j:0, 2
j:4, 1
n:j=2, d=|
n:p=2, d=Gpart:rz=-0.839
c:0, 1, -1.177
",1.0541417693510916e-05,feasible,21
36,0,19,"//0
p:fr=0.472
p:0.919, 0.241, -0.291
p:1.493, -0.721, 0.349, fr=0.258
p:1.382, 0.583, 0.25, fr=1.112
p:0.243, 0.286, -0.93
j:2, 3
j:0, 3, stif=0.924
j:1, 3
j:0, 2
j:4, 1
n:j=2, d=|
n:p=2, d=Gpart
c:0, 1, -1.177
",3.835035824833786e-05,"//0
p:fr=0.472
p:0.919, 0.241, -0.291, ing=0.091
p:1.493, -0.721, 0.349, fr=0.258
p:1.382, 0.583, 0.25, fr=1.112
p:0.243, 0.286, -0.93
j:2, 3
j:0, 3, stif=0.924
j:1, 3
j:0, 2
j:4, 1
n:j=2, d=|
n:p=2, d=Gpart
c:0, 1, -1.177
",3.835035824833786e-05,feasible,21
36,0,19,"//0
p:fr=0.472
p:0.919, 0.241, -0.291
p:1.493, -0.721, 0.349, fr=0.258
p:1.382, 0.583, 0.25, fr=1.112
p:0.243, 0.286, -0.93
j:2, 3
j:0, 3, stif=0.924
j:1, 3
j:0, 2
j:4, 1
n:j=2, d=|
n:p=2, d=Gpart
c:0, 1, -1.177
",3.835035824833786e-05,"//0
p:fr=0.472
p:0.919, 0.241, -0.291
p:1.493, -0.721, 0.349, fr=0.258
p:1.382, 0.583, 0.25, fr=1.112
p:0.243, 0.286, -0.93
j:2, 3
j:0, 3, stif=0.924
j:1, 3, rotstif=0.95
j:0, 2
j:4, 1
n:j=2, d=|
n:p=2, d=Gpart
c:0, 1, -1.177
",3.835035824833786e-05,feasible,21
36,0,19,"//0
p:fr=0.472
p:0.919, 0.241, -0.291
p:1.493, -0.721, 0.349, fr=0.258
p:1.382, 0.583, 0.25, fr=1.112
p:0.243, 0.286, -0.93
j:2, 3
j:0, 3, stif=0.924
j:1, 3
j:0, 2
j:4, 1
n:j=2, d=|
n:p=2, d=Gpart
c:0, 1, -1.177
",3.835035824833786e-05,"//0
p:fr=0.472
p:0.919, 0.241, -0.291
p:1.493, -0.721, 0.349, fr=0.258
p:1.382, 0.583, 0.25, fr=1.112
p:-0.327, 0.454, -0.377
j:2, 3
j:0, 3, stif=0.924
j:1, 3
j:0, 2
j:4, 1
n:j=2, d=|
n:p=2, d=Gpart
c:0, 1, -1.177
",1.1067715522379545e-06,feasible,21
36,0,19,"//0
p:fr=0.472
p:0.919, 0.241, -0.291
p:1.493, -0.721, 0.349, fr=0.258
p:1.382, 0.583, 0.25, fr=1.112
p:0.243, 0.286, -0.93
j:2, 3
j:0, 3, stif=0.924
j:1, 3
j:0, 2
j:4, 1
n:j=2, d=|
n:p=2, d=Gpart
c:0, 1, -1.177
",3.835035824833786e-05,"//0
p:fr=0.472
p:0.919, 0.241, -0.291
p:1.493, -0.721, 0.349, fr=0.258
p:1.382, 0.583, 0.25, fr=1.112
p:0.243, 0.286, -0.93
j:2, 3
j:0, 3, stif=0.924
j:1, 3
j:0, 2
j:4, 1
n:j=2, d=|:p=0.201
n:p=2, d=Gpart
c:0, 1, -1.177
",7.4466596018115606e-06,feasible,21
36,0,19,"//0
p:fr=0.472
p:0.919, 0.241, -0.291
p:1.493, -0.721, 0.349, fr=0.258
p:1.382, 0.583, 0.25, fr=1.112
p:0.243, 0.286, -0.93
j:2, 3
j:0, 3, stif=0.924
j:1, 3
j:0, 2
j:4, 1
n:j=2, d=|
n:p=2, d=Gpart
c:0, 1, -1.177
",3.835035824833786e-05,"//0
p:fr=0.472
p:0.919, 0.241, -0.291
p:1.493, -0.721, 0.349, fr=0.258
p:1.382, 0.583, 0.25, fr=1.112
p:0.243, 0.286, -0.93
j:2, 3
j:0, 3, stif=0.924
j:1, 3
j:0, 2
j:4, 1
n:j=2, d=|
",7.347298241240967e-08,feasible,21
36,0,19,"//0
p:fr=0.472
p:0.919, 0.241, -0.291
p:1.493, -0.721, 0.349, fr=0.258
p:1.382, 0.583, 0.25, fr=1.112
p:0.243, 0.286, -0.93
j:2, 3
j:0, 3, stif=0.924
j:1, 3
j:0, 2
j:4, 1
n:j=2, d=|
n:p=2, d=Gpart
c:0, 1, -1.177
",3.835035824833786e-05,"//0
p:fr=0.472
p:0.919, 0.241, -0.291
p:1.493, -0.721, 0.349, fr=0.258
p:1.382, 0.583, 0.25, fr=1.112
p:0.243, 0.286, -0.93
j:2, 3
j:0, 3, stif=0.924, rotstif=0.926
j:1, 3
j:0, 2
j:4, 1
n:j=2, d=|
n:p=2, d=Gpart
c:0, 1, -1.177
",3.835035824833786e-05,feasible,21
36,0,19,"//0
p:fr=0.472
p:0.919, 0.241, -0.291
p:1.493, -0.721, 0.349, fr=0.258
p:1.382, 0.583, 0.25, fr=1.112
p:0.243, 0.286, -0.93
j:2, 3
j:0, 3, stif=0.924
j:1, 3
j:0, 2
j:4, 1
n:j=2, d=|
n:p=2, d=Gpart
c:0, 1, -1.177
",3.835035824833786e-05,"//0
p:fr=0.472
p:0.919, 0.241, -0.291
p:1.493, -0.721, 0.349, fr=0.258
p:1.382, 0.583, 0.25, fr=1.112, ing=0.433
p:0.243, 0.286, -0.93
j:2, 3
j:0, 3, stif=0.924
j:1, 3
j:0, 2
j:4, 1
n:j=2, d=|
n:p=2, d=Gpart
c:0, 1, -1.177
",3.835035824833786e-05,feasible,21
36,0,19,"//0
p:fr=0.472
p:0.919, 0.241, -0.291
p:1.493, -0.721, 0.349, fr=0.258
p:1.382, 0.583, 0.25, fr=1.112
p:0.243, 0.286, -0.93
j:2, 3
j:0, 3, stif=0.924
j:1, 3
j:0, 2
j:4, 1
n:j=2, d=|
n:p=2, d=Gpart
c:0, 1, -1.177
",3.835035824833786e-05,"//0
p:fr=0.472
p:0.919, 0.241, -0.291
p:1.493, -0.721, 0.349, fr=0.258
p:1.382, 0.583, 0.25, fr=1.112
p:0.243, 0.286, -0.93
j:2, 3
j:1, 3
j:0, 2
j:4, 1
n:j=1, d=|
n:p=2, d=Gpart
c:0, 1, -1.177
",2.7732811721554547e-05,feasible,21
36,0,19,"//0
p:fr=0.472
p:0.919, 0.241, -0.291
p:1.493, -0.721, 0.349, fr=0.258
p:1.382, 0.583, 0.25, fr=1.112
p:0.243, 0.286, -0.93
j:2, 3
j:0, 3, stif=0.924
j:1, 3
j:0, 2
j:4, 1
n:j=2, d=|
n:p=2, d=Gpart
c:0, 1, -1.177
",3.835035824833786e-05,"//0
p:fr=0.472
p:0.919, 0.241, -0.291
p:1.493, -0.721, 0.349, fr=0.258
p:1.382, 0.583, 0.25, fr=1.112
p:0.243, 0.286, -0.93, ing=0.394
j:2, 3
j:0, 3, stif=0.924
j:1, 3
j:0, 2
j:4, 1
n:j=2, d=|
n:p=2, d=Gpart
c:0, 1, -1.177
",3.835035824833786e-05,feasible,21
36,0,19,"//0
p:fr=0.472
p:0.919, 0.241, -0.291
p:1.493, -0.721, 0.349, fr=0.258
p:1.382, 0.583, 0.25, fr=1.112
p:0.243, 0.286, -0.93
j:2, 3
j:0, 3, stif=0.924
j:1, 3
j:0, 2
j:4, 1
n:j=2, d=|
n:p=2, d=Gpart
c:0, 1, -1.177
",3.835035824833786e-05,"//0
p:fr=0.472
p:0.919, 0.241, -0.291
p:1.493, -0.721, 0.349, fr=0.258
p:1.382, 0.583, 0.25, fr=1.112
p:0.243, 0.286, -0.93
j:2, 3
j:0, 3, stif=0.924
j:1, 3, rotstif=0.924
j:0, 2
j:4, 1
n:j=2, d=|
n:p=2, d=Gpart
c:0, 1, -1.177
",3.835035824833786e-05,feasible,21
36,0,19,"//0
p:fr=0.472
p:0.919, 0.241, -0.291
p:1.493, -0.721, 0.349, fr=0.258
p:1.382, 0.583, 0.25, fr=1.112
p:0.243, 0.286, -0.93
j:2, 3
j:0, 3, stif=0.924
j:1, 3
j:0, 2
j:4, 1
n:j=2, d=|
n:p=2, d=Gpart
c:0, 1, -1.177
",3.835035824833786e-05,"//0
p:fr=0.472
p:0.919, 0.241, -0.291, fr=0.77
p:1.493, -0.721, 0.349, fr=0.258
p:1.382, 0.583, 0.25, fr=1.112
p:0.243, 0.286, -0.93
j:2, 3
j:0, 3, stif=0.924
j:1, 3
j:0, 2
j:4, 1
n:j=2, d=|
n:p=2, d=Gpart
c:0, 1, -1.177
",3.746911987110538e-05,feasible,21
36,0,19,"//0
p:fr=0.472
p:0.919, 0.241, -0.291
p:1.493, -0.721, 0.349, fr=0.258
p:1.382, 0.583, 0.25, fr=1.112
p:0.243, 0.286, -0.93
j:2, 3
j:0, 3, stif=0.924
j:1, 3
j:0, 2
j:4, 1
n:j=2, d=|
n:p=2, d=Gpart
c:0, 1, -1.177
",3.835035824833786e-05,"//0
p:fr=0.472
p:0.919, 0.241, -0.291
p:1.493, -0.721, 0.349, fr=0.258
p:1.382, 0.583, 0.25, fr=1.112
p:0.243, 0.286, -0.93
j:2, 3
j:0, 3, stif=0.924
j:1, 3
j:0, 2
j:4, 1
n:j=2, d=|
n:p=2, d=Gpart:rz=0.384
c:0, 1, -1.177
",3.9844706808798576e-05,feasible,21
36,0,20,"//0
p:fr=0.472
p:0.919, 0.241, -0.291
p:1.493, -0.721, 0.349, fr=0.258
p:1.382, 0.583, 0.25, fr=1.112
p:0.243, 0.286, -0.93
j:2, 3
j:0, 3, stif=0.924
j:1, 3
j:0, 2
j:4, 1
n:j=2, d=|
n:p=2, d=Gpart
n:j=0, d=@
c:0, 1, -1.177
c:2, 1, -3.143
",4.014419481859701e-05,"//0
p:fr=0.472
p:0.919, 0.241, -0.291
p:1.493, -0.721, 0.349, fr=0.258
p:1.382, 0.583, 0.25, fr=1.112
p:0.243, 0.286, -0.93
j:2, 3
j:0, 3, stif=0.924
j:1, 3
j:0, 2
j:4, 1
n:j=2, d=|
n:p=2, d=Gpart
n:j=0, d=@
c:2, 1, -3.143
",2.6664778432766906e-07,feasible,20
36,0,20,"//0
p:fr=0.472
p:0.919, 0.241, -0.291
p:1.493, -0.721, 0.349, fr=0.258
p:1.382, 0.583, 0.25, fr=1.112
p:0.243, 0.286, -0.93
j:2, 3
j:0, 3, stif=0.924
j:1, 3
j:0, 2
j:4, 1
n:j=2, d=|
n:p=2, d=Gpart
n:j=0, d=@
c:0, 1, -1.177
c:2, 1, -3.143
",4.014419481859701e-05,"//0
p:fr=0.472
p:0.919, 0.241, -0.291
p:1.493, -0.721, 0.349, fr=0.258
p:1.382, 0.583, 0.25, fr=1.112
p:0.243, 0.286, -0.93
j:2, 3
j:0, 3, stif=0.924
j:1, 3
j:0, 2
j:4, 1, stif=0.858
n:j=2, d=|
n:p=2, d=Gpart
n:j=0, d=@
c:0, 1, -1.177
c:2, 1, -3.143
",4.040824274631281e-05,feasible,20
36,0,20,"//0
p:fr=0.472
p:0.919, 0.241, -0.291
p:1.493, -0.721, 0.349, fr=0.258
p:1.382, 0.583, 0.25, fr=1.112
p:0.243, 0.286, -0.93
j:2, 3
j:0, 3, stif=0.924
j:1, 3
j:0, 2
j:4, 1
n:j=2, d=|
n:p=2, d=Gpart
n:j=0, d=@
c:0, 1, -1.177
c:2, 1, -3.143
",4.014419481859701e-05,"//0
p:fr=0.472
p:0.919, 0.241, -0.291
p:1.493, -0.721, 0.349, fr=0.258
p:1.382, 0.583, 0.25, fr=1.112
p:0.243, 0.286, -0.93
j:2, 3
j:0, 3, stif=0.924, rotstif=0.989
j:1, 3
j:0, 2
j:4, 1
n:j=2, d=|
n:p=2, d=Gpart
n:j=0, d=@
c:0, 1, -1.177
c:2, 1, -3.143
",4.014419481859701e-05,feasible,20
36,0,20,"//0
p:fr=0.472
p:0.919, 0.241, -0.291
p:1.493, -0.721, 0.349, fr=0.258
p:1.382, 0.583, 0.25, fr=1.112
p:0.243, 0.286, -0.93
j:2, 3
j:0, 3, stif=0.924
j:1, 3
j:0, 2
j:4, 1
n:j=2, d=|
n:p=2, d=Gpart
n:j=0, d=@
c:0, 1, -1.177
c:2, 1, -3.143
",4.014419481859701e-05,"//0
p:fr=0.472
p:0.919, 0.241, -0.291
p:1.493, -0.721, 0.349, fr=0.258
p:1.382, 0.583, 0.25, fr=1.112
p:0.243, 0.286, -0.93
j:2, 3
j:0, 3, stif=0.924
j:1, 3
j:0, 2, stif=0.927
j:4, 1
n:j=2, d=|
n:p=2, d=Gpart
n:j=0, d=@
c:0, 1, -1.177
c:2, 1, -3.143
",4.094649996407502e-05,feasible,20
36,0,20,"//0
p:fr=0.472
p:0.919, 0.241, -0.291
p:1.493, -0.721, 0.349, fr=0.258
p:1.382, 0.583, 0.25, fr=1.112
p:0.243, 0.286, -0.93
j:2, 3
j:0, 3, stif=0.924
j:1, 3
j:0, 2
j:4, 1
n:j=2, d=|
n:p=2, d=Gpart
n:j=0, d=@
c:0, 1, -1.177
c:2, 1, -3.143
",4.014419481859701e-05,"//0
p:fr=0.472
p:0.919, 0.241, -0.291
p:1.493, -0.721, 0.349, fr=0.258
p:1.382, 0.583, 0.25, fr=1.112
p:0.243, 0.286, -0.93
j:2, 3
j:0, 3, stif=0.924
j:1, 3
j:0, 2
j:4, 1
n:j=2, d=|
n:p=2, d=Gpart
n:j=0, d=@
c:0, 1, -0.774
c:2, 1, -3.143
",3.707536078454278e-05,feasible,20
36,0,20,"//0
p:fr=0.472
p:0.919, 0.241, -0.291
p:1.493, -0.721, 0.349, fr=0.258
p:1.382, 0.583, 0.25, fr=1.112
p:0.243, 0.286, -0.93
j:2, 3
j:0, 3, stif=0.924
j:1, 3
j:0, 2
j:4, 1
n:j=2, d=|
n:p=2, d=Gpart
n:j=0, d=@
c:0, 1, -1.177
c:2, 1, -3.143
",4.014419481859701e-05,"//0
p:fr=0.472
p:0.919, 0.241, -0.291
p:1.493, -0.721, 0.349, fr=0.258
p:1.382, 0.583, 0.25, fr=1.112
p:0.243, 0.286, -0.93
j:2, 3, stif=0.986
j:0, 3, stif=0.924
j:1, 3
j:0, 2
j:4, 1
n:j=2, d=|
n:p=2, d=Gpart
n:j=0, d=@
c:0, 1, -1.177
c:2, 1, -3.143
",4.0810816619878615e-05,feasible,20
36,0,20,"//0
p:fr=0.472
p:0.919, 0.241, -0.291
p:1.493, -0.721, 0.349, fr=0.258
p:1.382, 0.583, 0.25, fr=1.112
p:0.243, 0.286, -0.93
j:2, 3
j:0, 3, stif=0.924
j:1, 3
j:0, 2
j:4, 1
n:j=2, d=|
n:p=2, d=Gpart
n:j=0, d=@
c:0, 1, -1.177
c:2, 1, -3.143
",4.014419481859701e-05,"//0
p:fr=0.472
p:0.919, 0.241, -0.291
p:1.493, -0.721, 0.349, fr=0.258
p:1.382, 0.583, 0.25, fr=1.112
p:0.28, -0.128, -1.261
j:2, 3
j:0, 3, stif=0.924
j:1, 3
j:0, 2
j:4, 1
n:j=2, d=|
n:p=2, d=Gpart
n:j=0, d=@
c:0, 1, -1.177
c:2, 1, -3.143
",4.8517023715100796e-05,feasible,20
36,0,20,"//0
p:fr=0.472
p:0.919, 0.241, -0.291
p:1.493, -0.721, 0.349, fr=0.258
p:1.382, 0.583, 0.25, fr=1.112
p:0.243, 0.286, -0.93
j:2, 3
j:0, 3, stif=0.924
j:1, 3
j:0, 2
j:4, 1
n:j=2, d=|
n:p=2, d=Gpart
n:j=0, d=@
c:0, 1, -1.177
c:2, 1, -3.143
",4.014419481859701e-05,"//0
p:fr=0.472
p:0.919, 0.241, -0.291
p:1.493, -0.721, 0.349, fr=0.258
p:1.382, 0.583, 0.25, fr=1.112
p:0.243, 0.286, -0.93
j:2, 3
j:0, 3, stif=0.924
j:1, 3
j:0, 2
j:4, 1
n:j=2, d=|
n:p=2, d=Gpart
n:j=0, d=@:p=0.956
c:0, 1, -1.177
c:2, 1, -3.143
",4.101912909810801e-05,feasible,20
36,0,20,"//0
p:fr=0.472
p:0.919, 0.241, -0.291
p:1.493, -0.721, 0.349, fr=0.258
p:1.382, 0.583, 0.25, fr=1.112
p:0.243, 0.286, -0.93
j:2, 3
j:0, 3, stif=0.924
j:1, 3
j:0, 2
j:4, 1
n:j=2, d=|
n:p=2, d=Gpart
n:j=0, d=@
c:0, 1, -1.177
c:2, 1, -3.143
",4.014419481859701e-05,"//0
p:fr=0.472
p:0.919, 0.241, -0.291
p:1.493, -0.721, 0.349, fr=0.258
p:1.382, 0.583, 0.25, fr=1.112
p:0.243, 0.286, -0.93
p:2.61, 0.197, -0.064
j:2, 3
j:0, 3, stif=0.924
j:1, 3
j:0, 2
j:4, 1
j:5, 3
n:j=2, d=|
n:p=2, d=Gpart
n:j=0, d=@
c:0, 1, -1.177
c:2, 1, -3.143
",1.016753027707635e-05,feasible,20
36,0,20,"//0
p:fr=0.472
p:0.919, 0.241, -0.291
p:1.493, -0.721, 0.349, fr=0.258
p:1.382, 0.583, 0.25, fr=1.112
p:0.243, 0.286, -0.93
j:2, 3
j:0, 3, stif=0.924
j:1, 3
j:0, 2
j:4, 1
n:j=2, d=|
n:p=2, d=Gpart
n:j=0, d=@
c:0, 1, -1.177
c:2, 1, -3.143
",4.014419481859701e-05,"//0
p:fr=0.472
p:0.919, 0.241, -0.291
p:1.493, -0.721, 0.349, fr=0.258
p:1.382, 0.583, 0.25, fr=1.112
p:0.243, 0.286, -0.93, ing=0.265
j:2, 3
j:0, 3, stif=0.924
j:1, 3
j:0, 2
j:4, 1
n:j=2, d=|
n:p=2, d=Gpart
n:j=0, d=@
c:0, 1, -1.177
c:2, 1, -3.143
",4.014419481859701e-05,feasible,20
36,0,20,"//0
p:fr=0.472
p:0.919, 0.241, -0.291
p:1.493, -0.721, 0.349, fr=0.258
p:1.382, 0.583, 0.25, fr=1.112
p:0.243, 0.286, -0.93
j:2, 3
j:0, 3, stif=0.924
j:1, 3
j:0, 2
j:4, 1
n:j=2, d=|
n:p=2, d=Gpart
n:j=0, d=@
c:0, 1, -1.177
c:2, 1, -3.143
",4.014419481859701e-05,"//0
p:fr=0.472
p:0.919, 0.241, -0.291
p:1.493, -0.721, 0.349, fr=0.258
p:1.382, 0.583, 0.25, fr=1.112
p:0.243, 0.286, -0.93, fr=0.766
j:2, 3
j:0, 3, stif=0.924
j:1, 3
j:0, 2
j:4, 1
n:j=2, d=|
n:p=2, d=Gpart
n:j=0, d=@
c:0, 1, -1.177
c:2, 1, -3.143
",3.241508377549833e-05,feasible,20
36,0,20,"//0
p:fr=0.472
p:0.919, 0.241, -0.291
p:1.493, -0.721, 0.349, fr=0.258
p:1.382, 0.583, 0.25, fr=1.112
p:0.243, 0.286, -0.93
j:2, 3
j:0, 3, stif=0.924
j:1, 3
j:0, 2
j:4, 1
n:j=2, d=|
n:p=2, d=Gpart
n:j=0, d=@
c:0, 1, -1.177
c:2, 1, -3.143
",4.014419481859701e-05,"//0
p:fr=0.472
p:0.919, 0.241, -0.291
p:1.493, -0.721, 0.349, fr=0.258
p:1.382, 0.583, 0.25, fr=1.112
p:0.243, 0.286, -0.93
j:2, 3
j:0, 3, stif=0.924
j:1, 3
j:0, 2
j:4, 1, stif=0.903
n:j=2, d=|
n:p=2, d=Gpart
n:j=0, d=@
c:0, 1, -1.177
c:2, 1, -3.143
",3.991742031809023e-05,feasible,20
36,0,20,"//0
p:fr=0.472
p:0.919, 0.241, -0.291
p:1.493, -0.721, 0.349, fr=0.258
p:1.382, 0.583, 0.25, fr=1.112
p:0.243, 0.286, -0.93
j:2, 3
j:0, 3, stif=0.924
j:1, 3
j:0, 2
j:4, 1
n:j=2, d=|
n:p=2, d=Gpart
n:j=0, d=@
c:0, 1, -1.177
c:2, 1, -3.143
",4.014419481859701e-05,"//0
p:fr=0.472
p:1.082, 0.075, -0.489
p:1.493, -0.721, 0.349, fr=0.258
p:1.382, 0.583, 0.25, fr=1.112
p:0.243, 0.286, -0.93
j:2, 3
j:0, 3, stif=0.924
j:1, 3
j:0, 2
j:4, 1
n:j=2, d=|
n:p=2, d=Gpart
n:j=0, d=@
c:0, 1, -1.177
c:2, 1, -3.143
",2.774839620502556e-05,feasible,20
36,0,20,"//0
p:fr=0.472
p:0.919, 0.241, -0.291
p:1.493, -0.721, 0.349, fr=0.258
p:1.382, 0.583, 0.25, fr=1.112
p:0.243, 0.286, -0.93
j:2, 3
j:0, 3, stif=0.924
j:1, 3
j:0, 2
j:4, 1
n:j=2, d=|
n:p=2, d=Gpart
n:j=0, d=@
c:0, 1, -1.177
c:2, 1, -3.143
",4.014419481859701e-05,"//0
p:fr=0.472
p:0.919, 0.241, -0.291
p:1.493, -0.721, 0.349, fr=0.258
p:1.382, 0.583, 0.25, fr=1.112
p:0.243, 0.286, -0.93
j:2, 3
j:0, 3, stif=0.924
j:1, 3
j:0, 2, stif=0.937
j:4, 1
n:j=2, d=|
n:p=2, d=Gpart
n:j=0, d=@
c:0, 1, -1.177
c:2, 1, -3.143
",4.0380621436695766e-05,feasible,20
36,0,20,"//0
p:fr=0.472
p:0.919, 0.241, -0.291
p:1.493, -0.721, 0.349, fr=0.258
p:1.382, 0.583, 0.25, fr=1.112
p:0.243, 0.286, -0.93
j:2, 3
j:0, 3, stif=0.924
j:1, 3
j:0, 2
j:4, 1
n:j=2, d=|
n:p=2, d=Gpart
n:j=0, d=@
c:0, 1, -1.177
c:2, 1, -3.143
",4.014419481859701e-05,"//0
p:fr=0.472
p:0.919, 0.241, -0.291
p:1.493, -0.721, 0.349, fr=0.258
p:1.382, 0.583, 0.25, fr=1.112
p:0.243, 0.286, -0.93
j:2, 3
j:0, 3, stif=0.924
j:1, 3
j:0, 2, rotstif=0.916
j:4, 1
n:j=2, d=|
n:p=2, d=Gpart
n:j=0, d=@
c:0, 1, -1.177
c:2, 1, -3.143
",4.014419481859701e-05,feasible,20
36,0,20,"//0
p:fr=0.472
p:0.919, 0.241, -0.291
p:1.493, -0.721, 0.349, fr=0.258
p:1.382, 0.583, 0.25, fr=1.112
p:0.243, 0.286, -0.93
j:2, 3
j:0, 3, stif=0.924
j:1, 3
j:0, 2
j:4, 1
n:j=2, d=|
n:p=2, d=Gpart
n:j=0, d=@
c:0, 1, -1.177
c:2, 1, -3.143
",4.014419481859701e-05,"//0
p:fr=0.472
p:0.919, 0.241, -0.291
p:1.493, -0.721, 0.349, fr=0.258
p:1.382, 0.583, 0.25, fr=1.112
p:0.243, 0.286, -0.93
j:2, 3
j:0, 3, stif=0.924
j:1, 3
j:0, 2
j:4, 1
n:j=2, d=|
n:p=2, d=Gpart
n:j=0, d=@
c:0, 1, 0.896
c:2, 1, -3.143
",1.4338409493579223e-05,feasible,20
36,0,20,"//0
p:fr=0.472
p:0.919, 0.241, -0.291
p:1.493, -0.721, 0.349, fr=0.258
p:1.382, 0.583, 0.25, fr=1.112
p:0.243, 0.286, -0.93
j:2, 3
j:0, 3, stif=0.924
j:1, 3
j:0, 2
j:4, 1
n:j=2, d=|
n:p=2, d=Gpart
n:j=0, d=@
c:0, 1, -1.177
c:2, 1, -3.143
",4.014419481859701e-05,"//0
p:fr=0.472
p:0.919, 0.241, -0.291
p:1.493, -0.721, 0.349, fr=0.258
p:1.382, 0.583, 0.25, fr=1.112
p:0.243, 0.286, -0.93
j:2, 3
j:0, 3, stif=0.924
j:1, 3
j:0, 2, rotstif=0.798
j:4, 1
n:j=2, d=|
n:p=2, d=Gpart
n:j=0, d=@
c:0, 1, -1.177
c:2, 1, -3.143
",4.014419481859701e-05,feasible,20
36,0,20,"//0
p:fr=0.472
p:0.919, 0.241, -0.291
p:1.493, -0.721, 0.349, fr=0.258
p:1.382, 0.583, 0.25, fr=1.112
p:0.243, 0.286, -0.93
j:2, 3
j:0, 3, stif=0.924
j:1, 3
j:0, 2
j:4, 1
n:j=2, d=|
n:p=2, d=Gpart
n:j=0, d=@
c:0, 1, -1.177
c:2, 1, -3.143
",4.014419481859701e-05,"//0
p:fr=0.472
p:0.919, 0.241, -0.291
p:1.493, -0.721, 0.349, fr=0.258
p:1.382, 0.583, 0.25, fr=1.112
p:0.243, 0.286, -0.93
j:2, 3
j:1, 3, stif=0.924
j:0, 3
j:1, 2
j:4, 0
n:j=2, d=|
n:p=2, d=Gpart
n:j=0, d=@
c:0, 1, -1.177
c:2, 1, -3.143
",2.738064061429052e-06,feasible,20
36,0,20,"//0
p:fr=0.472
p:0.919, 0.241, -0.291
p:1.493, -0.721, 0.349, fr=0.258
p:1.382, 0.583, 0.25, fr=1.112
p:0.243, 0.286, -0.93
j:2, 3
j:0, 3, stif=0.924
j:1, 3
j:0, 2
j:4, 1
n:j=2, d=|
n:p=2, d=Gpart
n:j=0, d=@
c:0, 1, -1.177
c:2, 1, -3.143
",4.014419481859701e-05,"//0
p:fr=0.472
p:0.919, 0.241, -0.291
p:1.493, -0.721, 0.349, fr=0.258
p:1.382, 0.583, 0.25, fr=1.112
p:0.304, 0.803, -0.495
j:2, 3
j:0, 3, stif=0.924
j:1, 3
j:0, 2
j:4, 1
n:j=2, d=|
n:p=2, d=Gpart
n:j=0, d=@
c:0, 1, -1.177
c:2, 1, -3.143
",2.6713159970668853e-05,feasible,20
36,0,20,"//0
p:fr=0.472
p:0.919, 0.241, -0.291
p:1.493, -0.721, 0.349, fr=0.258
p:1.382, 0.583, 0.25, fr=1.112
p:0.243, 0.286, -0.93
j:2, 3
j:0, 3, stif=0.924
j:1, 3
j:0, 2
j:4, 1
n:j=2, d=|
n:p=2, d=Gpart
n:j=0, d=@
c:0, 1, -1.177
c:2, 1, -3.143
",4.014419481859701e-05,"//0
p:fr=0.472
p:0.919, 0.241, -0.291
p:1.493, -0.721, 0.349, fr=0.258
p:1.382, 0.583, 0.25, fr=1.112
p:0.243, 0.286, -0.93
j:2, 3, stif=0.874
j:0, 3, stif=0.924
j:1, 3
j:0, 2
j:4, 1
n:j=2, d=|
n:p=2, d=Gpart
n:j=0, d=@
c:0, 1, -1.177
c:2, 1, -3.143
",1.00814656262654e-05,feasible,20
36,0,21,"//0
p:fr=0.472
p:0.919, 0.241, -0.291
p:1.493, -0.721, 0.349, fr=0.258
p:1.382, 0.583, 0.25, fr=1.112
p:0.243, 0.286, -0.93
j:2, 3
j:0, 3, stif=0.967
j:1, 3
j:0, 2
j:4, 1
n:j=2, d=|
n:p=2, d=Gpart
n:j=0, d=@
c:0, 1, -1.177
c:2, 1, -3.143
",4.1636694768413705e-05,"//0
p:fr=0.472
p:0.919, 0.241, -0.291
p:1.493, -0.721, 0.349, fr=0.258
p:1.382, 0.583, 0.25, fr=1.112
p:0.243, 0.286, -0.93
j:2, 1
j:0, 1, stif=0.967
j:3, 1
j:0, 2
j:4, 3
n:j=2, d=|
n:p=2, d=Gpart
n:j=0, d=@
c:0, 1, -1.177
c:2, 1, -3.143
",3.165973992689029e-05,feasible,20
36,0,21,"//0
p:fr=0.472
p:0.919, 0.241, -0.291
p:1.493, -0.721, 0.349, fr=0.258
p:1.382, 0.583, 0.25, fr=1.112
p:0.243, 0.286, -0.93
j:2, 3
j:0, 3, stif=0.967
j:1, 3
j:0, 2
j:4, 1
n:j=2, d=|
n:p=2, d=Gpart
n:j=0, d=@
c:0, 1, -1.177
c:2, 1, -3.143
",4.1636694768413705e-05,"//0
p:fr=0.472
p:0.919, 0.241, -0.291
p:1.493, -0.721, 0.349, fr=0.258
p:1.382, 0.583, 0.25, fr=1.112
p:0.243, 0.286, -0.93, fr=0.042
j:2, 3
j:0, 3, stif=0.967
j:1, 3
j:0, 2
j:4, 1
n:j=2, d=|
n:p=2, d=Gpart
n:j=0, d=@
c:0, 1, -1.177
c:2, 1, -3.143
",4.2419634202425874e-05,feasible,20
36,0,21,"//0
p:fr=0.472
p:0.919, 0.241, -0.291
p:1.493, -0.721, 0.349, fr=0.258
p:1.382, 0.583, 0.25, fr=1.112
p:0.243, 0.286, -0.93
j:2, 3
j:0, 3, stif=0.967
j:1, 3
j:0, 2
j:4, 1
n:j=2, d=|
n:p=2, d=Gpart
n:j=0, d=@
c:0, 1, -1.177
c:2, 1, -3.143
",4.1636694768413705e-05,"//0
p:fr=0.472
p:0.919, 0.241, -0.291
p:1.493, -0.721, 0.349, fr=0.258
p:1.382, 0.583, 0.25, fr=1.112
p:0.243, 0.286, -0.93
j:2, 3
j:0, 3, stif=0.967
j:1, 3
j:0, 2
j:4, 1
n:j=2, d=|
n:p=2, d=Gpart
n:j=0, d=@
c:0, 1, -0.37
c:2, 1, -3.143
",4.073732338823645e-06,feasible,20
36,0,21,"//0
p:fr=0.472
p:0.919, 0.241, -0.291
p:1.493, -0.721, 0.349, fr=0.258
p:1.382, 0.583, 0.25, fr=1.112
p:0.243, 0.286, -0.93
j:2, 3
j:0, 3, stif=0.967
j:1, 3
j:0, 2
j:4, 1
n:j=2, d=|
n:p=2, d=Gpart
n:j=0, d=@
c:0, 1, -1.177
c:2, 1, -3.143
",4.1636694768413705e-05,"//0
p:0.2841238758549003, 0.05739601513200954, 0.12281659162133796, fr=0.472
p:0.919, 0.241, -0.291
p:1.493, -0.721, 0.349, fr=0.258
p:2.089, 0.422, 0.903, fr=1.112
p:0.243, 0.286, -0.93
j:2, 3
j:0, 3, stif=0.967
j:1, 3
j:0, 2
j:4, 1
n:j=2, d=|
n:p=2, d=Gpart
n:j=0, d=@
c:0, 1, -1.177
c:2, 1, -3.143
",3.0543782782114175e-05,feasible,20
36,0,21,"//0
p:fr=0.472
p:0.919, 0.241, -0.291
p:1.493, -0.721, 0.349, fr=0.258
p:1.382, 0.583, 0.25, fr=1.112
p:0.243, 0.286, -0.93
j:2, 3
j:0, 3, stif=0.967
j:1, 3
j:0, 2
j:4, 1
n:j=2, d=|
n:p=2, d=Gpart
n:j=0, d=@
c:0, 1, -1.177
c:2, 1, -3.143
",4.1636694768413705e-05,"//0
p:fr=0.472
p:0.919, 0.241, -0.291
p:1.493, -0.721, 0.349, fr=0.258
p:1.382, 0.583, 0.25, fr=1.112
p:0.243, 0.286, -0.93
p:1.359, 0.795, 0.353
j:2, 3
j:0, 3, stif=0.967
j:1, 3
j:0, 2
j:4, 1
j:5, 3
n:j=2, d=|
n:p=2, d=Gpart
n:j=0, d=@
c:0, 1, -1.177
c:2, 1, -3.143
",3.290807115428574e-05,feasible,20
36,0,21,"//0
p:fr=0.472
p:0.919, 0.241, -0.291
p:1.493, -0.721, 0.349, fr=0.258
p:1.382, 0.583, 0.25, fr=1.112
p:0.243, 0.286, -0.93
j:2, 3
j:0, 3, stif=0.967
j:1, 3
j:0, 2
j:4, 1
n:j=2, d=|
n:p=2, d=Gpart
n:j=0, d=@
c:0, 1, -1.177
c:2, 1, -3.143
",4.1636694768413705e-05,"//0
p:fr=0.472
p:0.919, 0.241, -0.291
p:1.493, -0.721, 0.349, fr=0.258
p:1.382, 0.583, 0.25, fr=1.112
p:0.243, 0.286, -0.93
j:2, 3
j:0, 3, stif=0.967
j:4, 3
j:0, 2
j:1, 4
n:j=2, d=|
n:p=2, d=Gpart
n:j=0, d=@
c:0, 1, -1.177
c:2, 1, -3.143
",5.0730793018412524e-05,feasible,20
36,0,21,"//0
p:fr=0.472
p:0.919, 0.241, -0.291
p:1.493, -0.721, 0.349, fr=0.258
p:1.382, 0.583, 0.25, fr=1.112
p:0.243, 0.286, -0.93
j:2, 3
j:0, 3, stif=0.967
j:1, 3
j:0, 2
j:4, 1
n:j=2, d=|
n:p=2, d=Gpart
n:j=0, d=@
c:0, 1, -1.177
c:2, 1, -3.143
",4.1636694768413705e-05,"//0
p:fr=0.865
p:0.919, 0.241, -0.291
p:1.493, -0.721, 0.349, fr=0.258
p:1.382, 0.583, 0.25, fr=1.112
p:0.243, 0.286, -0.93
j:2, 3
j:0, 3, stif=0.967
j:1, 3
j:0, 2
j:4, 1
n:j=2, d=|
n:p=2, d=Gpart
n:j=0, d=@
c:0, 1, -1.177
c:2, 1, -3.143
",4.0606207018178076e-05,feasible,20
36,0,21,"//0
p:fr=0.472
p:0.919, 0.241, -0.291
p:1.493, -0.721, 0.349, fr=0.258
p:1.382, 0.583, 0.25, fr=1.112
p:0.243, 0.286, -0.93
j:2, 3
j:0, 3, stif=0.967
j:1, 3
j:0, 2
j:4, 1
n:j=2, d=|
n:p=2, d=Gpart
n:j=0, d=@
c:0, 1, -1.177
c:2, 1, -3.143
",4.1636694768413705e-05,"//0
p:fr=0.472
p:0.919, 0.241, -0.291
p:1.493, -0.721, 0.349, fr=0.258
p:1.382, 0.583, 0.25, fr=1.112
p:0.243, 0.286, -0.93
p:1.705, 0.139, -2.055
j:2, 3
j:0, 3, stif=0.967
j:1, 3
j:0, 2
j:4, 1
j:5, 1
n:j=2, d=|
n:p=2, d=Gpart
n:j=0, d=@
c:0, 1, -1.177
c:2, 1, -3.143
",6.481429141561841e-06,feasible,20
36,0,21,"//0
p:fr=0.472
p:0.919, 0.241, -0.291
p:1.493, -0.721, 0.349, fr=0.258
p:1.382, 0.583, 0.25, fr=1.112
p:0.243, 0.286, -0.93
j:2, 3
j:0, 3, stif=0.967
j:1, 3
j:0, 2
j:4, 1
n:j=2, d=|
n:p=2, d=Gpart
n:j=0, d=@
c:0, 1, -1.177
c:2, 1, -3.143
",4.1636694768413705e-05,"//0
p:fr=0.472
p:0.919, 0.241, -0.291, fr=0.688
p:1.493, -0.721, 0.349, fr=0.258
p:1.382, 0.583, 0.25, fr=1.112
p:0.243, 0.286, -0.93
j:2, 3
j:0, 3, stif=0.967
j:1, 3
j:0, 2
j:4, 1
n:j=2, d=|
n:p=2, d=Gpart
n:j=0, d=@
c:0, 1, -1.177
c:2, 1, -3.143
",4.008073494939655e-05,feasible,20
36,0,21,"//0
p:fr=0.472
p:0.919, 0.241, -0.291
p:1.493, -0.721, 0.349, fr=0.258
p:1.382, 0.583, 0.25, fr=1.112
p:0.243, 0.286, -0.93
j:2, 3
j:0, 3, stif=0.967
j:1, 3
j:0, 2
j:4, 1
n:j=2, d=|
n:p=2, d=Gpart
n:j=0, d=@
c:0, 1, -1.177
c:2, 1, -3.143
",4.1636694768413705e-05,"//0
p:fr=0.472
p:0.919, 0.241, -0.291
p:1.493, -0.721, 0.349, fr=0.258
p:1.382, 0.583, 0.25, fr=1.65
p:0.243, 0.286, -0.93
j:2, 3
j:0, 3, stif=0.967
j:1, 3
j:0, 2
j:4, 1
n:j=2, d=|
n:p=2, d=Gpart
n:j=0, d=@
c:0, 1, -1.177
c:2, 1, -3.143
",1.4184748197674586e-05,feasible,20
36,0,21,"//0
p:fr=0.472
p:0.919, 0.241, -0.291
p:1.493, -0.721, 0.349, fr=0.258
p:1.382, 0.583, 0.25, fr=1.112
p:0.243, 0.286, -0.93
j:2, 3
j:0, 3, stif=0.967
j:1, 3
j:0, 2
j:4, 1
n:j=2, d=|
n:p=2, d=Gpart
n:j=0, d=@
c:0, 1, -1.177
c:2, 1, -3.143
",4.1636694768413705e-05,"//0
p:fr=0.472
p:0.919, 0.241, -0.291
p:1.493, -0.721, 0.349, fr=0.258
p:1.382, 0.583, 0.25, fr=1.112
p:0.243, 0.286, -0.93
j:0, 3
j:2, 3, stif=0.967
j:1, 3
j:2, 0
j:4, 1
n:j=2, d=|
n:p=2, d=Gpart
n:j=0, d=@
c:0, 1, -1.177
c:2, 1, -3.143
",3.7435272531712316e-05,feasible,20
36,0,21,"//0
p:fr=0.472
p:0.919, 0.241, -0.291
p:1.493, -0.721, 0.349, fr=0.258
p:1.382, 0.583, 0.25, fr=1.112
p:0.243, 0.286, -0.93
j:2, 3
j:0, 3, stif=0.967
j:1, 3
j:0, 2
j:4, 1
n:j=2, d=|
n:p=2, d=Gpart
n:j=0, d=@
c:0, 1, -1.177
c:2, 1, -3.143
",4.1636694768413705e-05,"//0
p:fr=0.472
p:0.919, 0.241, -0.291
p:1.493, -0.721, 0.349, fr=0.258
p:1.382, 0.583, 0.25, fr=1.112
p:0.243, 0.286, -0.93
j:2, 3
j:0, 3, stif=0.967
j:1, 3
j:0, 2, stif=0.794
j:4, 1
n:j=2, d=|
n:p=2, d=Gpart
n:j=0, d=@
c:0, 1, -1.177
c:2, 1, -3.143
",4.032793832666301e-05,feasible,20
36,0,21,"//0
p:fr=0.472
p:0.919, 0.241, -0.291
p:1.493, -0.721, 0.349, fr=0.258
p:1.382, 0.583, 0.25, fr=1.112
p:0.243, 0.286, -0.93
j:2, 3
j:0, 3, stif=0.967
j:1, 3
j:0, 2
j:4, 1
n:j=2, d=|
n:p=2, d=Gpart
n:j=0, d=@
c:0, 1, -1.177
c:2, 1, -3.143
",4.1636694768413705e-05,"//0
p:fr=0.472
p:0.919, 0.241, -0.291
p:1.493, -0.721, 0.349, fr=0.258
p:1.382, 0.583, 0.25, fr=1.112
p:0.243, 0.286, -0.93
j:2, 3
j:0, 3, stif=0.967
j:1, 3
j:0, 2
j:4, 1
n:j=2, d=|
n:p=2, d=Gpart
n:j=0, d=@
n:j=4, d=G
c:0, 1, -1.177
c:2, 1, -3.143
",4.1636694768413705e-05,feasible,20
36,0,21,"//0
p:fr=0.472
p:0.919, 0.241, -0.291
p:1.493, -0.721, 0.349, fr=0.258
p:1.382, 0.583, 0.25, fr=1.112
p:0.243, 0.286, -0.93
j:2, 3
j:0, 3, stif=0.967
j:1, 3
j:0, 2
j:4, 1
n:j=2, d=|
n:p=2, d=Gpart
n:j=0, d=@
c:0, 1, -1.177
c:2, 1, -3.143
",4.1636694768413705e-05,"//0
p:fr=0.472
p:0.919, 0.241, -0.291
p:1.493, -0.721, 0.349, fr=0.258
p:1.382, 0.583, 0.25, fr=1.112
p:0.243, 0.286, -0.93
j:2, 3
j:0, 3, stif=0.967
j:1, 3
j:0, 2
j:4, 1
n:j=2, d=|
n:p=2, d=Gpart
n:j=0, d=@
c:0, 1, -1.177
c:2, 1, -6.667
",4.1636694768413705e-05,feasible,20
36,0,21,"//0
p:fr=0.472
p:0.919, 0.241, -0.291
p:1.493, -0.721, 0.349, fr=0.258
p:1.382, 0.583, 0.25, fr=1.112
p:0.243, 0.286, -0.93
j:2, 3
j:0, 3, stif=0.967
j:1, 3
j:0, 2
j:4, 1
n:j=2, d=|
n:p=2, d=Gpart
n:j=0, d=@
c:0, 1, -1.177
c:2, 1, -3.143
",4.1636694768413705e-05,"//0
p:fr=0.472
p:0.919, 0.241, -0.291
p:1.128, -0.521, -0.108, fr=0.258
p:1.382, 0.583, 0.25, fr=1.112
p:0.243, 0.286, -0.93
j:2, 3
j:0, 3, stif=0.967
j:1, 3
j:0, 2
j:4, 1
n:j=2, d=|
n:p=2, d=Gpart
n:j=0, d=@
c:0, 1, -1.177
c:2, 1, -3.143
",0.00010373861274997233,feasible,20
36,0,21,"//0
p:fr=0.472
p:0.919, 0.241, -0.291
p:1.493, -0.721, 0.349, fr=0.258
p:1.382, 0.583, 0.25, fr=1.112
p:0.243, 0.286, -0.93
j:2, 3
j:0, 3, stif=0.967
j:1, 3
j:0, 2
j:4, 1
n:j=2, d=|
n:p=2, d=Gpart
n:j=0, d=@
c:0, 1, -1.177
c:2, 1, -3.143
",4.1636694768413705e-05,"//0
p:fr=0.472
p:0.919, 0.241, -0.291
p:1.493, -0.721, 0.349, fr=0.258
p:1.382, 0.583, 0.25, fr=1.112
p:0.243, 0.286, -0.93
j:2, 3
j:1, 3, stif=0.967
j:0, 3
j:1, 2
j:4, 0
n:j=2, d=|
n:p=2, d=Gpart
n:j=0, d=@
c:0, 1, -1.177
c:2, 1, -3.143
",1.4474957052778873e-06,feasible,20
36,0,21,"//0
p:fr=0.472
p:0.919, 0.241, -0.291
p:1.493, -0.721, 0.349, fr=0.258
p:1.382, 0.583, 0.25, fr=1.112
p:0.243, 0.286, -0.93
j:2, 3
j:0, 3, stif=0.967
j:1, 3
j:0, 2
j:4, 1
n:j=2, d=|
n:p=2, d=Gpart
n:j=0, d=@
c:0, 1, -1.177
c:2, 1, -3.143
",4.1636694768413705e-05,"//0
p:fr=0.472
p:0.919, 0.241, -0.291
p:1.493, -0.721, 0.349, fr=0.258
p:1.382, 0.583, 0.25, fr=1.112
p:0.243, 0.286, -0.93
j:4, 3
j:0, 3, stif=0.967
j:1, 3
j:0, 4
j:2, 1
n:j=2, d=|
n:p=2, d=Gpart
n:j=0, d=@
c:0, 1, -1.177
c:2, 1, -3.143
",2.393672354905436e-05,feasible,20
36,0,21,"//0
p:fr=0.472
p:0.919, 0.241, -0.291
p:1.493, -0.721, 0.349, fr=0.258
p:1.382, 0.583, 0.25, fr=1.112
p:0.243, 0.286, -0.93
j:2, 3
j:0, 3, stif=0.967
j:1, 3
j:0, 2
j:4, 1
n:j=2, d=|
n:p=2, d=Gpart
n:j=0, d=@
c:0, 1, -1.177
c:2, 1, -3.143
",4.1636694768413705e-05,"//0
p:fr=0.472
p:0.919, 0.241, -0.291
p:1.493, -0.721, 0.349, fr=0.258
p:1.382, 0.583, 0.25, fr=1.112
p:0.243, 0.286, -0.93
j:2, 3
j:0, 3, stif=0.967
j:1, 3
j:0, 2
j:4, 1
n:j=2, d=|
n:p=2, d=Gpart
n:j=0, d=@
c:0, 1, -1.177
c:2, 1, -5.501
",4.1636694768413705e-05,feasible,20
36,0,21,"//0
p:fr=0.472
p:0.919, 0.241, -0.291
p:1.493, -0.721, 0.349, fr=0.258
p:1.382, 0.583, 0.25, fr=1.112
p:0.243, 0.286, -0.93
j:2, 3
j:0, 3, stif=0.967
j:1, 3
j:0, 2
j:4, 1
n:j=2, d=|
n:p=2, d=Gpart
n:j=0, d=@
c:0, 1, -1.177
c:2, 1, -3.143
",4.1636694768413705e-05,"//0
p:fr=0.472
p:0.919, 0.241, -0.291
p:1.493, -0.721, 0.349, fr=0.258
p:1.418, 0.321, -0.011, fr=1.112
p:0.243, 0.286, -0.93
j:2, 3
j:0, 3, stif=0.967
j:1, 3
j:0, 2
j:4, 1
n:j=2, d=|
n:p=2, d=Gpart
n:j=0, d=@
c:0, 1, -1.177
c:2, 1, -3.143
",1.767039975525044e-05,feasible,20
36,0,21,"//0
p:fr=0.472
p:0.919, 0.241, -0.291
p:1.493, -0.721, 0.349, fr=0.258
p:1.382, 0.583, 0.25, fr=1.112
p:0.243, 0.286, -0.93
j:2, 3
j:0, 3, stif=0.967
j:1, 3
j:0, 2
j:4, 1
n:j=2, d=|
n:p=2, d=Gpart
n:j=0, d=@
c:0, 1, -1.177
c:2, 1, -3.143
",4.1636694768413705e-05,"//0
p:fr=0.472
p:0.919, 0.241, -0.291
p:1.493, -0.721, 0.349, fr=0.258
p:1.382, 0.583, 0.25, fr=1.112
p:0.243, 0.286, -0.93
j:2, 3, stif=0.893
j:0, 3, stif=0.967
j:1, 3
j:0, 2
j:4, 1
n:j=2, d=|
n:p=2, d=Gpart
n:j=0, d=@
c:0, 1, -1.177
c:2, 1, -3.143
",4.0528554506436016e-05,feasible,20
36,0,22,"//0
p:fr=0.472
p:0.919, 0.241, -0.291
p:1.493, -0.721, 0.349, fr=0.258
p:1.382, 0.583, 0.25, fr=1.112
p:0.243, 0.286, -0.93
j:2, 3
j:0, 3, stif=0.967
j:1, 3
j:0, 2
j:4, 1
n:j=2, d=|
n:p=2, d=Gpart:ry=-1.322
n:j=0, d=@
c:0, 1, -1.177
c:2, 1, -3.143
",0.000314670602410165,"//0
p:fr=0.472
p:0.919, 0.241, -0.291
p:1.493, -0.721, 0.349, fr=0.258
p:1.382, 0.583, 0.25, fr=1.112
p:0.243, 0.286, -0.93
j:2, 3
j:0, 3, stif=0.967
j:1, 3
j:0, 2
j:4, 1
n:j=2, d=|
n:p=2, d=Gpart:ry=-1.322
n:j=0, d=@
c:0, 1, -1.177
c:2, 1, -2.594
",0.000314670602410165,feasible,20
36,0,22,"//0
p:fr=0.472
p:0.919, 0.241, -0.291
p:1.493, -0.721, 0.349, fr=0.258
p:1.382, 0.583, 0.25, fr=1.112
p:0.243, 0.286, -0.93
j:2, 3
j:0, 3, stif=0.967
j:1, 3
j:0, 2
j:4, 1
n:j=2, d=|
n:p=2, d=Gpart:ry=-1.322
n:j=0, d=@
c:0, 1, -1.177
c:2, 1, -3.143
",0.000314670602410165,"//0
p:fr=0.472
p:0.919, 0.241, -0.291
p:1.493, -0.721, 0.349, fr=0.258
p:1.382, 0.583, 0.25, fr=1.112
p:0.243, 0.286, -0.93
j:2, 3
j:0, 3, stif=0.967
j:1, 3
j:0, 2
j:4, 1
n:j=2, d=|
n:p=2, d=Gpart:ry=-1.322
n:j=0, d=@
n:j=2, d=@
c:0, 1, -1.177
c:2, 1, -3.143
c:3, 1, 1.879
",1.950524270687059e-05,feasible,20
36,0,22,"//0
p:fr=0.472
p:0.919, 0.241, -0.291
p:1.493, -0.721, 0.349, fr=0.258
p:1.382, 0.583, 0.25, fr=1.112
p:0.243, 0.286, -0.93
j:2, 3
j:0, 3, stif=0.967
j:1, 3
j:0, 2
j:4, 1
n:j=2, d=|
n:p=2, d=Gpart:ry=-1.322
n:j=0, d=@
c:0, 1, -1.177
c:2, 1, -3.143
",0.000314670602410165,"//0
p:fr=0.472
p:0.919, 0.241, -0.291
p:1.493, -0.721, 0.349, fr=0.258
p:1.382, 0.583, 0.25, fr=0.862
p:0.243, 0.286, -0.93
j:2, 3
j:0, 3, stif=0.967
j:1, 3
j:0, 2
j:4, 1
n:j=2, d=|
n:p=2, d=Gpart:ry=-1.322
n:j=0, d=@
c:0, 1, -1.177
c:2, 1, -3.143
",0.00030387604792218934,feasible,20
36,0,22,"//0
p:fr=0.472
p:0.919, 0.241, -0.291
p:1.493, -0.721, 0.349, fr=0.258
p:1.382, 0.583, 0.25, fr=1.112
p:0.243, 0.286, -0.93
j:2, 3
j:0, 3, stif=0.967
j:1, 3
j:0, 2
j:4, 1
n:j=2, d=|
n:p=2, d=Gpart:ry=-1.322
n:j=0, d=@
c:0, 1, -1.177
c:2, 1, -3.143
",0.000314670602410165,"//0
p:fr=0.472
p:0.919, 0.241, -0.291
p:1.493, -0.721, 0.349, fr=0.258
p:1.382, 0.583, 0.25, fr=1.112
p:0.243, 0.286, -0.93
j:2, 3
j:0, 3, stif=0.967
j:1, 3
j:0, 2
j:4, 1
n:j=2, d=|:p=0.245
n:p=2, d=Gpart:ry=-1.322
n:j=0, d=@
c:0, 1, -1.177
c:2, 1, -3.143
",1.7419725092994e-05,feasible,20
36,0,22,"//0
p:fr=0.472
p:0.919, 0.241, -0.291
p:1.493, -0.721, 0.349, fr=0.258
p:1.382, 0.583, 0.25, fr=1.112
p:0.243, 0.286, -0.93
j:2, 3
j:0, 3, stif=0.967
j:1, 3
j:0, 2
j:4, 1
n:j=2, d=|
n:p=2, d=Gpart:ry=-1.322
n:j=0, d=@
c:0, 1, -1.177
c:2, 1, -3.143
",0.000314670602410165,"//0
p:fr=0.472
p:0.919, 0.241, -0.291
p:1.493, -0.721, 0.349, fr=0.258
p:1.382, 0.583, 0.25, fr=1.112
p:0.413, 0.578, -0.461
j:2, 3
j:0, 3, stif=0.967
j:1, 3
j:0, 2
j:4, 1
n:j=2, d=|
n:p=2, d=Gpart:ry=-1.322
n:j=0, d=@
c:0, 1, -1.177
c:2, 1, -3.143
",5.951117419636434e-05,feasible,20
36,0,22,"//0
p:fr=0.472
p:0.919, 0.241, -0.291
p:1.493, -0.721, 0.349, fr=0.258
p:1.382, 0.583, 0.25, fr=1.112
p:0.243, 0.286, -0.93
j:2, 3
j:0, 3, stif=0.967
j:1, 3
j:0, 2
j:4, 1
n:j=2, d=|
n:p=2, d=Gpart:ry=-1.322
n:j=0, d=@
c:0, 1, -1.177
c:2, 1, -3.143
",0.000314670602410165,"//0
p:fr=0.472
p:0.919, 0.241, -0.291
p:1.493, -0.721, 0.349, fr=0.258, ing=0.372
p:1.382, 0.583, 0.25, fr=1.112
p:0.243, 0.286, -0.93
j:2, 3
j:0, 3, stif=0.967
j:1, 3
j:0, 2
j:4, 1
n:j=2, d=|
n:p=2, d=Gpart:ry=-1.322
n:j=0, d=@
c:0, 1, -1.177
c:2, 1, -3.143
",0.000314670602410165,feasible,20
36,0,22,"//0
p:fr=0.472
p:0.919, 0.241, -0.291
p:1.493, -0.721, 0.349, fr=0.258
p:1.382, 0.583, 0.25, fr=1.112
p:0.243, 0.286, -0.93
j:2, 3
j:0, 3, stif=0.967
j:1, 3
j:0, 2
j:4, 1
n:j=2, d=|
n:p=2, d=Gpart:ry=-1.322
n:j=0, d=@
c:0, 1, -1.177
c:2, 1, -3.143
",0.000314670602410165,"//0
p:fr=0.472
p:0.919, 0.241, -0.291
p:1.493, -0.721, 0.349, fr=0.258
p:1.382, 0.583, 0.25, fr=1.112
p:0.243, 0.286, -0.93
j:2, 3
j:0, 3, stif=0.967
j:1, 3
j:0, 2
j:4, 1
n:j=2, d=|
n:p=2, d=Gpart:ry=-1.322
n:j=0, d=@
c:0, 1, -0.144
c:2, 1, -3.143
",1.695033809326688e-06,feasible,20
36,0,22,"//0
p:fr=0.472
p:0.919, 0.241, -0.291
p:1.493, -0.721, 0.349, fr=0.258
p:1.382, 0.583, 0.25, fr=1.112
p:0.243, 0.286, -0.93
j:2, 3
j:0, 3, stif=0.967
j:1, 3
j:0, 2
j:4, 1
n:j=2, d=|
n:p=2, d=Gpart:ry=-1.322
n:j=0, d=@
c:0, 1, -1.177
c:2, 1, -3.143
",0.000314670602410165,"//0
p:fr=0.472
p:0.919, 0.241, -0.291
p:1.493, -0.721, 0.349, fr=0.258
p:1.382, 0.583, 0.25, fr=1.112
p:0.243, 0.286, -0.93
j:2, 3
j:0, 3, stif=0.967
j:1, 3
j:0, 2
j:4, 1
n:j=2, d=|
n:p=2, d=Gpart:ry=-1.322
n:j=0, d=@
n:
c:0, 1, -1.177
c:2, 1, -3.143
c:3, 3, -0.294
",0.000314670602410165,feasible,20
36,0,22,"//0
p:fr=0.472
p:0.919, 0.241, -0.291
p:1.493, -0.721, 0.349, fr=0.258
p:1.382, 0.583, 0.25, fr=1.112
p:0.243, 0.286, -0.93
j:2, 3
j:0, 3, stif=0.967
j:1, 3
j:0, 2
j:4, 1
n:j=2, d=|
n:p=2, d=Gpart:ry=-1.322
n:j=0, d=@
c:0, 1, -1.177
c:2, 1, -3.143
",0.000314670602410165,"//0
p:fr=0.472
p:0.919, 0.241, -0.291
p:1.493, -0.721, 0.349, fr=0.258
p:1.382, 0.583, 0.25, fr=1.112
p:0.243, 0.286, -0.93
j:2, 3
j:0, 3, stif=0.967
j:1, 3
j:0, 2
j:4, 1
n:j=2, d=|
n:p=2, d=Gpart:ry=-1.322
n:j=0, d=@
n:p=3, d=T
c:0, 1, -1.177
c:2, 1, -3.143
",0.000314670602410165,feasible,20
36,0,22,"//0
p:fr=0.472
p:0.919, 0.241, -0.291
p:1.493, -0.721, 0.349, fr=0.258
p:1.382, 0.583, 0.25, fr=1.112
p:0.243, 0.286, -0.93
j:2, 3
j:0, 3, stif=0.967
j:1, 3
j:0, 2
j:4, 1
n:j=2, d=|
n:p=2, d=Gpart:ry=-1.322
n:j=0, d=@
c:0, 1, -1.177
c:2, 1, -3.143
",0.000314670602410165,"//0
p:fr=0.472
p:0.919, 0.241, -0.291
p:1.493, -0.721, 0.349, fr=0.258
p:1.382, 0.583, 0.25, fr=1.112
p:0.243, 0.286, -0.93
j:2, 3
j:0, 3, stif=0.967
j:1, 3
j:0, 2
j:4, 1, stif=0.962
n:j=2, d=|
n:p=2, d=Gpart:ry=-1.322
n:j=0, d=@
c:0, 1, -1.177
c:2, 1, -3.143
",1.2785826633811637e-05,feasible,20
36,0,22,"//0
p:fr=0.472
p:0.919, 0.241, -0.291
p:1.493, -0.721, 0.349, fr=0.258
p:1.382, 0.583, 0.25, fr=1.112
p:0.243, 0.286, -0.93
j:2, 3
j:0, 3, stif=0.967
j:1, 3
j:0, 2
j:4, 1
n:j=2, d=|
n:p=2, d=Gpart:ry=-1.322
n:j=0, d=@
c:0, 1, -1.177
c:2, 1, -3.143
",0.000314670602410165,"//0
p:fr=0.472
p:0.919, 0.241, -0.291
p:1.184, -0.855, 0.191, fr=0.258
p:1.382, 0.583, 0.25, fr=1.112
p:0.243, 0.286, -0.93
j:2, 3
j:0, 3, stif=0.967
j:1, 3
j:0, 2
j:4, 1
n:j=2, d=|
n:p=2, d=Gpart:ry=-1.322
n:j=0, d=@
c:0, 1, -1.177
c:2, 1, -3.143
",0.0002697705431951498,feasible,20
36,0,22,"//0
p:fr=0.472
p:0.919, 0.241, -0.291
p:1.493, -0.721, 0.349, fr=0.258
p:1.382, 0.583, 0.25, fr=1.112
p:0.243, 0.286, -0.93
j:2, 3
j:0, 3, stif=0.967
j:1, 3
j:0, 2
j:4, 1
n:j=2, d=|
n:p=2, d=Gpart:ry=-1.322
n:j=0, d=@
c:0, 1, -1.177
c:2, 1, -3.143
",0.000314670602410165,"//0
p:fr=0.472
p:0.919, 0.241, -0.291
p:1.493, -0.721, 0.349, fr=0.258
p:1.382, 0.583, 0.25, fr=1.112
p:0.243, 0.286, -0.93
j:2, 3
j:0, 3, stif=0.967
j:1, 3
j:0, 2
j:4, 1
n:j=2, d=|
n:p=2, d=Gpart:ry=-1.322
n:j=0, d=@:p=0.888
c:0, 1, -1.177
c:2, 1, -3.143
",0.0001212316836265945,feasible,20
36,0,22,"//0
p:fr=0.472
p:0.919, 0.241, -0.291
p:1.493, -0.721, 0.349, fr=0.258
p:1.382, 0.583, 0.25, fr=1.112
p:0.243, 0.286, -0.93
j:2, 3
j:0, 3, stif=0.967
j:1, 3
j:0, 2
j:4, 1
n:j=2, d=|
n:p=2, d=Gpart:ry=-1.322
n:j=0, d=@
c:0, 1, -1.177
c:2, 1, -3.143
",0.000314670602410165,"//0
p:fr=0.472
p:0.919, 0.241, -0.291
p:1.493, -0.721, 0.349, fr=0.258
p:1.382, 0.583, 0.25, fr=1.112
p:0.243, 0.286, -0.93
p:1.375, 0.622, 0.328
j:2, 3
j:0, 3, stif=0.967
j:1, 3
j:0, 2
j:4, 1
j:5, 3
n:j=2, d=|
n:p=2, d=Gpart:ry=-1.322
n:j=0, d=@
c:0, 1, -1.177
c:2, 1, -3.143
",7.708595719876055e-06,feasible,20
36,0,22,"//0
p:fr=0.472
p:0.919, 0.241, -0.291
p:1.493, -0.721, 0.349, fr=0.258
p:1.382, 0.583, 0.25, fr=1.112
p:0.243, 0.286, -0.93
j:2, 3
j:0, 3, stif=0.967
j:1, 3
j:0, 2
j:4, 1
n:j=2, d=|
n:p=2, d=Gpart:ry=-1.322
n:j=0, d=@
c:0, 1, -1.177
c:2, 1, -3.143
",0.000314670602410165,"//0
p:fr=0.472
p:0.919, 0.241, -0.291
p:1.493, -0.721, 0.349, fr=0.258
p:1.382, 0.583, 0.25, fr=1.112
p:0.243, 0.286, -0.93
j:2, 3
j:0, 3, stif=0.967
j:1, 3
j:0, 2
j:4, 1
n:j=2, d=|
n:p=2, d=Gpart:ry=-1.322
n:j=0, d=@
c:0, 1, -1.177
c:2, 1, -7.803
",0.000314670602410165,feasible,20
36,0,22,"//0
p:fr=0.472
p:0.919, 0.241, -0.291
p:1.493, -0.721, 0.349, fr=0.258
p:1.382, 0.583, 0.25, fr=1.112
p:0.243, 0.286, -0.93
j:2, 3
j:0, 3, stif=0.967
j:1, 3
j:0, 2
j:4, 1
n:j=2, d=|
n:p=2, d=Gpart:ry=-1.322
n:j=0, d=@
c:0, 1, -1.177
c:2, 1, -3.143
",0.000314670602410165,"//0
p:fr=0.472
p:0.919, 0.241, -0.291
p:1.493, -0.721, 0.349, fr=0.258
p:1.382, 0.583, 0.25, fr=1.112
p:0.243, 0.286, -0.93
j:2, 3
j:0, 3, stif=0.967
j:1, 3
j:0, 2
j:4, 1
n:j=2, d=|
n:p=2, d=Gpart:ry=-1.322
n:j=0, d=@:p=0.9
c:0, 1, -1.177
c:2, 1, -3.143
",6.151095571078997e-05,feasible,20
36,0,22,"//0
p:fr=0.472
p:0.919, 0.241, -0.291
p:1.493, -0.721, 0.349, fr=0.258
p:1.382, 0.583, 0.25, fr=1.112
p:0.243, 0.286, -0.93
j:2, 3
j:0, 3, stif=0.967
j:1, 3
j:0, 2
j:4, 1
n:j=2, d=|
n:p=2, d=Gpart:ry=-1.322
n:j=0, d=@
c:0, 1, -1.177
c:2, 1, -3.143
",0.000314670602410165,"//0
p:fr=0.472
p:0.919, 0.241, -0.291
p:1.493, -0.721, 0.349, fr=0.258, ing=0.352
p:1.382, 0.583, 0.25, fr=1.112
p:0.243, 0.286, -0.93
j:2, 3
j:0, 3, stif=0.967
j:1, 3
j:0, 2
j:4, 1
n:j=2, d=|
n:p=2, d=Gpart:ry=-1.322
n:j=0, d=@
c:0, 1, -1.177
c:2, 1, -3.143
",0.000314670602410165,feasible,20
36,0,22,"//0
p:fr=0.472
p:0.919, 0.241, -0.291
p:1.493, -0.721, 0.349, fr=0.258
p:1.382, 0.583, 0.25, fr=1.112
p:0.243, 0.286, -0.93
j:2, 3
j:0, 3, stif=0.967
j:1, 3
j:0, 2
j:4, 1
n:j=2, d=|
n:p=2, d=Gpart:ry=-1.322
n:j=0, d=@
c:0, 1, -1.177
c:2, 1, -3.143
",0.000314670602410165,"//0
p:fr=0.472
p:0.919, 0.241, -0.291
p:1.493, -0.721, 0.349, fr=0.258
p:1.382, 0.583, 0.25, fr=1.112
p:0.243, 0.286, -0.93
j:2, 3
j:0, 3, stif=0.967
j:1, 3, stif=0.914
j:0, 2
j:4, 1
n:j=2, d=|
n:p=2, d=Gpart:ry=-1.322
n:j=0, d=@
c:0, 1, -1.177
c:2, 1, -3.143
",0.0002930920741471674,feasible,20
36,0,22,"//0
p:fr=0.472
p:0.919, 0.241, -0.291
p:1.493, -0.721, 0.349, fr=0.258
p:1.382, 0.583, 0.25, fr=1.112
p:0.243, 0.286, -0.93
j:2, 3
j:0, 3, stif=0.967
j:1, 3
j:0, 2
j:4, 1
n:j=2, d=|
n:p=2, d=Gpart:ry=-1.322
n:j=0, d=@
c:0, 1, -1.177
c:2, 1, -3.143
",0.000314670602410165,"//0
p:fr=0.472
p:0.919, 0.241, -0.291
p:1.493, -0.721, 0.349, fr=0.258
p:1.382, 0.583, 0.25, fr=1.112
p:0.243, 0.286, -0.93
j:2, 3, stif=0.921
j:0, 3, stif=0.967
j:1, 3
j:0, 2
j:4, 1
n:j=2, d=|
n:p=2, d=Gpart:ry=-1.322
n:j=0, d=@
c:0, 1, -1.177
c:2, 1, -3.143
",0.000337941231094755,feasible,20
36,0,22,"//0
p:fr=0.472
p:0.919, 0.241, -0.291
p:1.493, -0.721, 0.349, fr=0.258
p:1.382, 0.583, 0.25, fr=1.112
p:0.243, 0.286, -0.93
j:2, 3
j:0, 3, stif=0.967
j:1, 3
j:0, 2
j:4, 1
n:j=2, d=|
n:p=2, d=Gpart:ry=-1.322
n:j=0, d=@
c:0, 1, -1.177
c:2, 1, -3.143
",0.000314670602410165,"//0
p:fr=0.472
p:0.919, 0.241, -0.291
p:1.493, -0.721, 0.349, fr=0.258
p:1.382, 0.583, 0.25, fr=1.112
p:0.243, 0.286, -0.93
j:2, 3
j:1, 3
j:0, 2
j:4, 1
n:j=1, d=|
n:p=2, d=Gpart:ry=-1.322
n:j=0, d=@
c:0, 1, -1.177
c:2, 1, -3.143
",0.0006485201163850238,feasible,20
36,0,22,"//0
p:fr=0.472
p:0.919, 0.241, -0.291
p:1.493, -0.721, 0.349, fr=0.258
p:1.382, 0.583, 0.25, fr=1.112
p:0.243, 0.286, -0.93
j:2, 3
j:0, 3, stif=0.967
j:1, 3
j:0, 2
j:4, 1
n:j=2, d=|
n:p=2, d=Gpart:ry=-1.322
n:j=0, d=@
c:0, 1, -1.177
c:2, 1, -3.143
",0.000314670602410165,"//0
p:fr=0.472
p:0.919, 0.241, -0.291
p:1.493, -0.721, 0.349, fr=0.258
p:1.382, 0.583, 0.25, fr=1.112
p:0.243, 0.286, -0.93
j:2, 0
j:3, 0, stif=0.967
j:1, 0
j:3, 2
j:4, 1
n:j=2, d=|
n:p=2, d=Gpart:ry=-1.322
n:j=0, d=@
c:0, 1, -1.177
c:2, 1, -3.143
",5.114490012851347e-05,feasible,20
36,0,23,"//0
p:fr=0.472
p:0.919, 0.241, -0.291
p:1.493, -0.721, 0.349, fr=0.258
p:1.382, 0.583, 0.25, fr=1.112
p:0.243, 0.286, -0.93
j:2, 3
j:0, 3, stif=0.967
j:1, 3
j:0, 2, stif=0.884
j:4, 1
n:j=2, d=|
n:p=2, d=Gpart:ry=-1.322
n:j=0, d=@
c:0, 1, -1.177
c:2, 1, -3.143
",0.0003266018212067758,"//0
p:fr=0.472
p:0.919, 0.241, -0.291
p:1.493, -0.721, 0.349, fr=0.258
p:1.382, 0.583, 0.25, fr=1.112
p:0.243, 0.286, -0.93
j:2, 3
j:0, 3, stif=0.967
j:1, 3
j:4, 1
n:j=2, d=|
n:p=2, d=Gpart:ry=-1.322
n:j=0, d=@
c:0, 1, -1.177
c:2, 1, -3.143
",3.9635770054680534e-06,feasible,20
36,0,23,"//0
p:fr=0.472
p:0.919, 0.241, -0.291
p:1.493, -0.721, 0.349, fr=0.258
p:1.382, 0.583, 0.25, fr=1.112
p:0.243, 0.286, -0.93
j:2, 3
j:0, 3, stif=0.967
j:1, 3
j:0, 2, stif=0.884
j:4, 1
n:j=2, d=|
n:p=2, d=Gpart:ry=-1.322
n:j=0, d=@
c:0, 1, -1.177
c:2, 1, -3.143
",0.0003266018212067758,"//0
p:fr=0.472
p:0.919, 0.241, -0.291
p:1.493, -0.721, 0.349, fr=0.258
p:1.382, 0.583, 0.25, fr=1.112
p:0.243, 0.286, -0.93
j:2, 3
j:0, 3, stif=0.967, rotstif=0.908
j:1, 3
j:0, 2, stif=0.884
j:4, 1
n:j=2, d=|
n:p=2, d=Gpart:ry=-1.322
n:j=0, d=@
c:0, 1, -1.177
c:2, 1, -3.143
",0.0003266018212067758,feasible,20
36,0,23,"//0
p:fr=0.472
p:0.919, 0.241, -0.291
p:1.493, -0.721, 0.349, fr=0.258
p:1.382, 0.583, 0.25, fr=1.112
p:0.243, 0.286, -0.93
j:2, 3
j:0, 3, stif=0.967
j:1, 3
j:0, 2, stif=0.884
j:4, 1
n:j=2, d=|
n:p=2, d=Gpart:ry=-1.322
n:j=0, d=@
c:0, 1, -1.177
c:2, 1, -3.143
",0.0003266018212067758,"//0
p:fr=0.472
p:0.919, 0.241, -0.291
p:0.851, -0.391, 0.589, fr=0.258
p:1.382, 0.583, 0.25, fr=1.112
p:0.243, 0.286, -0.93
j:2, 3
j:0, 3, stif=0.967
j:1, 3
j:0, 2, stif=0.884
j:4, 1
n:j=2, d=|
n:p=2, d=Gpart:ry=-1.322
n:j=0, d=@
c:0, 1, -1.177
c:2, 1, -3.143
",8.063744270819251e-05,feasible,20
36,0,23,"//0
p:fr=0.472
p:0.919, 0.241, -0.291
p:1.493, -0.721, 0.349, fr=0.258
p:1.382, 0.583, 0.25, fr=1.112
p:0.243, 0.286, -0.93
j:2, 3
j:0, 3, stif=0.967
j:1, 3
j:0, 2, stif=0.884
j:4, 1
n:j=2, d=|
n:p=2, d=Gpart:ry=-1.322
n:j=0, d=@
c:0, 1, -1.177
c:2, 1, -3.143
",0.0003266018212067758,"//0
p:fr=0.472
p:0.919, 0.241, -0.291
p:1.493, -0.721, 0.349, fr=0.258
p:1.382, 0.583, 0.25, fr=1.112
p:0.243, 0.286, -0.93
j:2, 3
j:0, 3, stif=0.967
j:1, 3
j:0, 2, stif=0.884
j:4, 1
n:j=2, d=|
n:p=2, d=Gpart:ry=-1.322
n:j=0, d=@
c:0, 1, -1.751
c:2, 1, -3.143
",0.00019618524285013812,feasible,20
36,0,23,"//0
p:fr=0.472
p:0.919, 0.241, -0.291
p:1.493, -0.721, 0.349, fr=0.258
p:1.382, 0.583, 0.25, fr=1.112
p:0.243, 0.286, -0.93
j:2, 3
j:0, 3, stif=0.967
j:1, 3
j:0, 2, stif=0.884
j:4, 1
n:j=2, d=|
n:p=2, d=Gpart:ry=-1.322
n:j=0, d=@
c:0, 1, -1.177
c:2, 1, -3.143
",0.0003266018212067758,"//0
p:fr=0.472
p:0.919, 0.241, -0.291
p:1.493, -0.721, 0.349, fr=0.258
p:1.382, 0.583, 0.25, fr=1.112
p:0.243, 0.286, -0.93
j:2, 3
j:0, 3, stif=0.967
j:1, 3
j:0, 2, stif=0.884
j:4, 1
n:j=2, d=|
n:p=2, d=Gpart:ry=-1.322
n:j=0, d=@
c:0, 1, 0.531
c:2, 1, -3.143
",6.948391146457034e-06,feasible,20
36,0,23,"//0
p:fr=0.472
p:0.919, 0.241, -0.291
p:1.493, -0.721, 0.349, fr=0.258
p:1.382, 0.583, 0.25, fr=1.112
p:0.243, 0.286, -0.93
j:2, 3
j:0, 3, stif=0.967
j:1, 3
j:0, 2, stif=0.884
j:4, 1
n:j=2, d=|
n:p=2, d=Gpart:ry=-1.322
n:j=0, d=@
c:0, 1, -1.177
c:2, 1, -3.143
",0.0003266018212067758,"//0
p:fr=0.472
p:0.919, 0.241, -0.291
p:1.493, -0.721, 0.349, fr=0.258
p:1.382, 0.583, 0.25, fr=1.112
p:0.243, 0.286, -0.93
j:2, 3
j:0, 3, stif=0.967
j:1, 3
j:0, 2, stif=0.68
j:4, 1
n:j=2, d=|
n:p=2, d=Gpart:ry=-1.322
n:j=0, d=@
c:0, 1, -1.177
c:2, 1, -3.143
",1.5609566700570797e-05,feasible,20
36,0,23,"//0
p:fr=0.472
p:0.919, 0.241, -0.291
p:1.493, -0.721, 0.349, fr=0.258
p:1.382, 0.583, 0.25, fr=1.112
p:0.243, 0.286, -0.93
j:2, 3
j:0, 3, stif=0.967
j:1, 3
j:0, 2, stif=0.884
j:4, 1
n:j=2, d=|
n:p=2, d=Gpart:ry=-1.322
n:j=0, d=@
c:0, 1, -1.177
c:2, 1, -3.143
",0.0003266018212067758,"//0
p:fr=0.472
p:0.919, 0.241, -0.291
p:1.493, -0.721, 0.349, fr=0.258
p:1.382, 0.583, 0.25, fr=1.112
p:0.243, 0.286, -0.93, ing=0.124
j:2, 3
j:0, 3, stif=0.967
j:1, 3
j:0, 2, stif=0.884
j:4, 1
n:j=2, d=|
n:p=2, d=Gpart:ry=-1.322
n:j=0, d=@
c:0, 1, -1.177
c:2, 1, -3.143
",0.0003266018212067758,feasible,20
36,0,23,"//0
p:fr=0.472
p:0.919, 0.241, -0.291
p:1.493, -0.721, 0.349, fr=0.258
p:1.382, 0.583, 0.25, fr=1.112
p:0.243, 0.286, -0.93
j:2, 3
j:0, 3, stif=0.967
j:1, 3
j:0, 2, stif=0.884
j:4, 1
n:j=2, d=|
n:p=2, d=Gpart:ry=-1.322
n:j=0, d=@
c:0, 1, -1.177
c:2, 1, -3.143
",0.0003266018212067758,"//0
p:fr=0.472
p:0.919, 0.241, -0.291
p:1.493, -0.721, 0.349, fr=0.258
p:1.382, 0.583, 0.25, fr=1.112
p:0.243, 0.286, -0.93
j:2, 3
j:0, 3, stif=0.967
j:1, 3
j:0, 2, stif=0.884
j:4, 1
n:j=2, d=|
n:p=2, d=Gpart:ry=-1.322
n:j=0, d=@
n:p=1, d=Gpart
c:0, 1, -1.177
c:2, 1, -3.143
",0.0003266018212067758,feasible,20
36,0,23,"//0
p:fr=0.472
p:0.919, 0.241, -0.291
p:1.493, -0.721, 0.349, fr=0.258
p:1.382, 0.583, 0.25, fr=1.112
p:0.243, 0.286, -0.93
j:2, 3
j:0, 3, stif=0.967
j:1, 3
j:0, 2, stif=0.884
j:4, 1
n:j=2, d=|
n:p=2, d=Gpart:ry=-1.322
n:j=0, d=@
c:0, 1, -1.177
c:2, 1, -3.143
",0.0003266018212067758,"//0
p:fr=0.472
p:0.919, 0.241, -0.291
p:1.493, -0.721, 0.349, fr=0.258
p:1.382, 0.583, 0.25, fr=1.112
p:0.243, 0.286, -0.93
j:2, 3
j:0, 3, stif=0.967
j:1, 3
j:0, 2, stif=0.884
j:4, 1, stif=0.943
n:j=2, d=|
n:p=2, d=Gpart:ry=-1.322
n:j=0, d=@
c:0, 1, -1.177
c:2, 1, -3.143
",0.00017593232878068227,feasible,20
36,0,23,"//0
p:fr=0.472
p:0.919, 0.241, -0.291
p:1.493, -0.721, 0.349, fr=0.258
p:1.382, 0.583, 0.25, fr=1.112
p:0.243, 0.286, -0.93
j:2, 3
j:0, 3, stif=0.967
j:1, 3
j:0, 2, stif=0.884
j:4, 1
n:j=2, d=|
n:p=2, d=Gpart:ry=-1.322
n:j=0, d=@
c:0, 1, -1.177
c:2, 1, -3.143
",0.0003266018212067758,"//0
p:fr=0.472
p:0.919, 0.241, -0.291
p:1.493, -0.721, 0.349, fr=0.258
p:1.382, 0.583, 0.25, fr=1.112
p:0.243, 0.286, -0.93
j:2, 3, rotstif=0.912
j:0, 3, stif=0.967
j:1, 3
j:0, 2, stif=0.884
j:4, 1
n:j=2, d=|
n:p=2, d=Gpart:ry=-1.322
n:j=0, d=@
c:0, 1, -1.177
c:2, 1, -3.143
",0.0003266018212067758,feasible,20
36,0,23,"//0
p:fr=0.472
p:0.919, 0.241, -0.291
p:1.493, -0.721, 0.349, fr=0.258
p:1.382, 0.583, 0.25, fr=1.112
p:0.243, 0.286, -0.93
j:2, 3
j:0, 3, stif=0.967
j:1, 3
j:0, 2, stif=0.884
j:4, 1
n:j=2, d=|
n:p=2, d=Gpart:ry=-1.322
n:j=0, d=@
c:0, 1, -1.177
c:2, 1, -3.143
",0.0003266018212067758,"//0
p:fr=0.472
p:0.919, 0.241, -0.291
p:1.493, -0.721, 0.349, fr=0.258
p:1.382, 0.583, 0.25, fr=1.112
p:0.243, 0.286, -0.93
j:2, 3
j:0, 3, stif=0.967
j:1, 3
j:0, 2, stif=0.884
j:4, 1
n:j=2, d=|
n:p=2, d=Gpart:ry=-1.322
n:j=0, d=@
c:0, 1, -1.177
c:2, 1, -3.687
",0.0003266018212067758,feasible,20
36,0,23,"//0
p:fr=0.472
p:0.919, 0.241, -0.291
p:1.493, -0.721, 0.349, fr=0.258
p:1.382, 0.583, 0.25, fr=1.112
p:0.243, 0.286, -0.93
j:2, 3
j:0, 3, stif=0.967
j:1, 3
j:0, 2, stif=0.884
j:4, 1
n:j=2, d=|
n:p=2, d=Gpart:ry=-1.322
n:j=0, d=@
c:0, 1, -1.177
c:2, 1, -3.143
",0.0003266018212067758,"//0
p:fr=0.472
p:0.919, 0.241, -0.291
p:1.493, -0.721, 0.349, fr=0.258, ing=0.186
p:1.382, 0.583, 0.25, fr=1.112
p:0.243, 0.286, -0.93
j:2, 3
j:0, 3, stif=0.967
j:1, 3
j:0, 2, stif=0.884
j:4, 1
n:j=2, d=|
n:p=2, d=Gpart:ry=-1.322
n:j=0, d=@
c:0, 1, -1.177
c:2, 1, -3.143
",0.0003266018212067758,feasible,20
36,0,23,"//0
p:fr=0.472
p:0.919, 0.241, -0.291
p:1.493, -0.721, 0.349, fr=0.258
p:1.382, 0.583, 0.25, fr=1.112
p:0.243, 0.286, -0.93
j:2, 3
j:0, 3, stif=0.967
j:1, 3
j:0, 2, stif=0.884
j:4, 1
n:j=2, d=|
n:p=2, d=Gpart:ry=-1.322
n:j=0, d=@
c:0, 1, -1.177
c:2, 1, -3.143
",0.0003266018212067758,"//0
p:fr=0.472
p:0.919, 0.241, -0.291
p:1.493, -0.721, 0.349, fr=0.258
p:1.337, 0.645, 0.19, fr=1.112
p:0.243, 0.286, -0.93
j:2, 3
j:0, 3, stif=0.967
j:1, 3
j:0, 2, stif=0.884
j:4, 1
n:j=2, d=|
n:p=2, d=Gpart:ry=-1.322
n:j=0, d=@
c:0, 1, -1.177
c:2, 1, -3.143
",0.000260091635861996,feasible,20
36,0,23,"//0
p:fr=0.472
p:0.919, 0.241, -0.291
p:1.493, -0.721, 0.349, fr=0.258
p:1.382, 0.583, 0.25, fr=1.112
p:0.243, 0.286, -0.93
j:2, 3
j:0, 3, stif=0.967
j:1, 3
j:0, 2, stif=0.884
j:4, 1
n:j=2, d=|
n:p=2, d=Gpart:ry=-1.322
n:j=0, d=@
c:0, 1, -1.177
c:2, 1, -3.143
",0.0003266018212067758,"//0
p:fr=0.472
p:0.919, 0.241, -0.291
p:1.493, -0.721, 0.349, fr=0.258
p:1.382, 0.583, 0.25, fr=1.112
p:0.243, 0.286, -0.93
j:2, 3
j:1, 3, stif=0.967
j:0, 3
j:1, 2, stif=0.884
j:4, 0
n:j=2, d=|
n:p=2, d=Gpart:ry=-1.322
n:j=0, d=@
c:0, 1, -1.177
c:2, 1, -3.143
",2.244617253984409e-06,feasible,20
36,0,23,"//0
p:fr=0.472
p:0.919, 0.241, -0.291
p:1.493, -0.721, 0.349, fr=0.258
p:1.382, 0.583, 0.25, fr=1.112
p:0.243, 0.286, -0.93
j:2, 3
j:0, 3, stif=0.967
j:1, 3
j:0, 2, stif=0.884
j:4, 1
n:j=2, d=|
n:p=2, d=Gpart:ry=-1.322
n:j=0, d=@
c:0, 1, -1.177
c:2, 1, -3.143
",0.0003266018212067758,"//0
p:fr=0.472
p:0.919, 0.241, -0.291
p:1.493, -0.721, 0.349, fr=0.258
p:1.382, 0.583, 0.25, fr=1.112
j:2, 3
j:0, 3, stif=0.967
j:1, 3
j:0, 2, stif=0.884
n:j=2, d=|
n:p=2, d=Gpart:ry=-1.322
n:j=0, d=@
c:0, 1, -1.177
c:2, 1, -3.143
",2.29675418142395e-06,feasible,20
36,0,23,"//0
p:fr=0.472
p:0.919, 0.241, -0.291
p:1.493, -0.721, 0.349, fr=0.258
p:1.382, 0.583, 0.25, fr=1.112
p:0.243, 0.286, -0.93
j:2, 3
j:0, 3, stif=0.967
j:1, 3
j:0, 2, stif=0.884
j:4, 1
n:j=2, d=|
n:p=2, d=Gpart:ry=-1.322
n:j=0, d=@
c:0, 1, -1.177
c:2, 1, -3.143
",0.0003266018212067758,"//0
p:fr=0.472
p:0.919, 0.241, -0.291
p:1.493, -0.721, 0.349, fr=0.258
p:1.382, 0.583, 0.25, fr=1.112
p:0.243, 0.286, -0.93
j:2, 3
j:0, 3, stif=0.967
j:1, 3
j:0, 2, stif=0.884
j:4, 1
n:j=2, d=|:p=0.434
n:p=2, d=Gpart:ry=-1.322
n:j=0, d=@
c:0, 1, -1.177
c:2, 1, -3.143
",7.071818357823671e-05,feasible,20
36,0,23,"//0
p:fr=0.472
p:0.919, 0.241, -0.291
p:1.493, -0.721, 0.349, fr=0.258
p:1.382, 0.583, 0.25, fr=1.112
p:0.243, 0.286, -0.93
j:2, 3
j:0, 3, stif=0.967
j:1, 3
j:0, 2, stif=0.884
j:4, 1
n:j=2, d=|
n:p=2, d=Gpart:ry=-1.322
n:j=0, d=@
c:0, 1, -1.177
c:2, 1, -3.143
",0.0003266018212067758,"//0
p:fr=0.472
p:0.919, 0.241, -0.291
p:1.493, -0.721, 0.349, fr=0.258
p:1.382, 0.583, 0.25, fr=1.112
p:0.243, 0.286, -0.93
p:0.214, -0.267, -0.167
j:2, 3
j:0, 3, stif=0.967
j:1, 3
j:0, 2, stif=0.884
j:4, 1
j:5, 2
n:j=2, d=|
n:p=2, d=Gpart:ry=-1.322
n:j=0, d=@
c:0, 1, -1.177
c:2, 1, -3.143
",0.00012215090940928433,feasible,20
36,0,23,"//0
p:fr=0.472
p:0.919, 0.241, -0.291
p:1.493, -0.721, 0.349, fr=0.258
p:1.382, 0.583, 0.25, fr=1.112
p:0.243, 0.286, -0.93
j:2, 3
j:0, 3, stif=0.967
j:1, 3
j:0, 2, stif=0.884
j:4, 1
n:j=2, d=|
n:p=2, d=Gpart:ry=-1.322
n:j=0, d=@
c:0, 1, -1.177
c:2, 1, -3.143
",0.0003266018212067758,"//0
p:fr=0.472
p:0.919, 0.241, -0.291
p:1.493, -0.721, 0.349, fr=0.258
p:1.382, 0.583, 0.25, fr=1.112
p:0.243, 0.286, -0.93
j:2, 3
j:0, 3, stif=0.967
j:1, 3, rotstif=0.853
j:0, 2, stif=0.884
j:4, 1
n:j=2, d=|
n:p=2, d=Gpart:ry=-1.322
n:j=0, d=@
c:0, 1, -1.177
c:2, 1, -3.143
",0.0003266018212067758,feasible,20
36,0,23,"//0
p:fr=0.472
p:0.919, 0.241, -0.291
p:1.493, -0.721, 0.349, fr=0.258
p:1.382, 0.583, 0.25, fr=1.112
p:0.243, 0.286, -0.93
j:2, 3
j:0, 3, stif=0.967
j:1, 3
j:0, 2, stif=0.884
j:4, 1
n:j=2, d=|
n:p=2, d=Gpart:ry=-1.322
n:j=0, d=@
c:0, 1, -1.177
c:2, 1, -3.143
",0.0003266018212067758,"//0
p:fr=0.472
p:0.919, 0.241, -0.291
p:1.493, -0.721, 0.349, fr=0.258
p:1.382, 0.583, 0.25, fr=1.112, ing=0.099
p:0.243, 0.286, -0.93
j:2, 3
j:0, 3, stif=0.967
j:1, 3
j:0, 2, stif=0.884
j:4, 1
n:j=2, d=|
n:p=2, d=Gpart:ry=-1.322
n:j=0, d=@
c:0, 1, -1.177
c:2, 1, -3.143
",0.0003266018212067758,feasible,20
36,0,23,"//0
p:fr=0.472
p:0.919, 0.241, -0.291
p:1.493, -0.721, 0.349, fr=0.258
p:1.382, 0.583, 0.25, fr=1.112
p:0.243, 0.286, -0.93
j:2, 3
j:0, 3, stif=0.967
j:1, 3
j:0, 2, stif=0.884
j:4, 1
n:j=2, d=|
n:p=2, d=Gpart:ry=-1.322
n:j=0, d=@
c:0, 1, -1.177
c:2, 1, -3.143
",0.0003266018212067758,"//0
p:fr=0.472
p:0.919, 0.241, -0.291
p:1.493, -0.721, 0.349, fr=0.258
p:1.382, 0.583, 0.25, fr=1.112
p:0.243, 0.286, -0.93
j:2, 3, stif=0.917
j:0, 3, stif=0.967
j:1, 3
j:0, 2, stif=0.884
j:4, 1
n:j=2, d=|
n:p=2, d=Gpart:ry=-1.322
n:j=0, d=@
c:0, 1, -1.177
c:2, 1, -3.143
",0.00019461182692400775,feasible,20
36,0,24,"//0
p:fr=0.472
p:0.919, 0.241, -0.291
p:1.493, -0.721, 0.349, fr=0.258
p:1.382, 0.583, 0.25, fr=1.112
p:0.243, 0.286, -0.93
j:2, 3
j:1, 3
j:0, 2, stif=0.884
j:4, 1
n:j=1, d=|
n:p=2, d=Gpart:ry=-1.322
n:j=0, d=@
c:0, 1, -1.177
c:2, 1, -3.143
",0.0006811141415514953,"//0
p:fr=0.472
p:0.919, 0.241, -0.291
p:1.493, -0.721, 0.349, fr=0.258
p:1.382, 0.583, 0.25, fr=1.112
p:0.243, 0.286, -0.93
j:2, 3
j:1, 3
j:0, 2, stif=0.884
j:4, 1
n:j=1, d=|
n:p=2, d=Gpart:ry=-1.322
n:j=0, d=@
c:0, 1, -1.177
c:2, 1, -4.618
",0.0006139308734918989,feasible,20
36,0,24,"//0
p:fr=0.472
p:0.919, 0.241, -0.291
p:1.493, -0.721, 0.349, fr=0.258
p:1.382, 0.583, 0.25, fr=1.112
p:0.243, 0.286, -0.93
j:2, 3
j:1, 3
j:0, 2, stif=0.884
j:4, 1
n:j=1, d=|
n:p=2, d=Gpart:ry=-1.322
n:j=0, d=@
c:0, 1, -1.177
c:2, 1, -3.143
",0.0006811141415514953,"//0
p:fr=0.472
p:0.919, 0.241, -0.291
p:1.493, -0.721, 0.349, fr=0.258
p:1.382, 0.583, 0.25, fr=1.112
p:0.243, 0.286, -0.93
j:2, 3, stif=0.941
j:1, 3
j:0, 2, stif=0.884
j:4, 1
n:j=1, d=|
n:p=2, d=Gpart:ry=-1.322
n:j=0, d=@
c:0, 1, -1.177
c:2, 1, -3.143
",0.0007112898623047976,feasible,20
36,0,24,"//0
p:fr=0.472
p:0.919, 0.241, -0.291
p:1.493, -0.721, 0.349, fr=0.258
p:1.382, 0.583, 0.25, fr=1.112
p:0.243, 0.286, -0.93
j:2, 3
j:1, 3
j:0, 2, stif=0.884
j:4, 1
n:j=1, d=|
n:p=2, d=Gpart:ry=-1.322
n:j=0, d=@
c:0, 1, -1.177
c:2, 1, -3.143
",0.0006811141415514953,"//0
p:fr=0.472
p:0.919, 0.241, -0.291
p:1.493, -0.721, 0.349, fr=0.258
p:1.382, 0.583, 0.25, fr=1.112
p:0.243, 0.286, -0.93
j:2, 3
j:1, 3
j:0, 2, stif=0.884
j:4, 1
n:j=1, d=|
n:p=2, d=Gpart:ry=-1.322
n:j=0, d=@:p=0.851
c:0, 1, -1.177
c:2, 1, -3.143
",0.0004924587660581826,feasible,20
36,0,24,"//0
p:fr=0.472
p:0.919, 0.241, -0.291
p:1.493, -0.721, 0.349, fr=0.258
p:1.382, 0.583, 0.25, fr=1.112
p:0.243, 0.286, -0.93
j:2, 3
j:1, 3
j:0, 2, stif=0.884
j:4, 1
n:j=1, d=|
n:p=2, d=Gpart:ry=-1.322
n:j=0, d=@
c:0, 1, -1.177
c:2, 1, -3.143
",0.0006811141415514953,"//0
p:fr=0.472
p:0.919, 0.241, -0.291
p:1.493, -0.721, 0.349, fr=0.258
p:1.382, 0.583, 0.25, fr=1.112
p:0.243, 0.286, -0.93
j:2, 3
j:1, 3
j:0, 2, stif=0.884
j:4, 1
n:j=1, d=|
n:p=2, d=Gpart:ry=-1.277
n:j=0, d=@
c:0, 1, -1.177
c:2, 1, -3.143
",0.0007365877969955425,feasible,20
36,0,24,"//0
p:fr=0.472
p:0.919, 0.241, -0.291
p:1.493, -0.721, 0.349, fr=0.258
p:1.382, 0.583, 0.25, fr=1.112
p:0.243, 0.286, -0.93
j:2, 3
j:1, 3
j:0, 2, stif=0.884
j:4, 1
n:j=1, d=|
n:p=2, d=Gpart:ry=-1.322
n:j=0, d=@
c:0, 1, -1.177
c:2, 1, -3.143
",0.0006811141415514953,"//0
p:fr=0.472
p:0.919, 0.241, -0.291
p:1.493, -0.721, 0.349, fr=0.258
p:1.382, 0.583, 0.25, fr=1.112
p:0.243, 0.286, -0.93
j:2, 3
j:1, 3
j:0, 2, stif=0.884
j:4, 1
n:j=1, d=|
n:p=2, d=Gpart:ry=-1.322
n:j=0, d=@
n:
c:0, 1, -1.177
c:2, 1, -3.143
c:3, 3, -4.565
",0.0006811141415514953,feasible,20
36,0,24,"//0
p:fr=0.472
p:0.919, 0.241, -0.291
p:1.493, -0.721, 0.349, fr=0.258
p:1.382, 0.583, 0.25, fr=1.112
p:0.243, 0.286, -0.93
j:2, 3
j:1, 3
j:0, 2, stif=0.884
j:4, 1
n:j=1, d=|
n:p=2, d=Gpart:ry=-1.322
n:j=0, d=@
c:0, 1, -1.177
c:2, 1, -3.143
",0.0006811141415514953,"//0
p:fr=0.472
p:0.919, 0.241, -0.291
p:1.493, -0.721, 0.349, fr=0.258
p:1.382, 0.583, 0.25, fr=1.112
p:0.243, 0.286, -0.93
j:2, 3
j:1, 3
j:0, 2, stif=0.884, rotstif=0.986
j:4, 1
n:j=1, d=|
n:p=2, d=Gpart:ry=-1.322
n:j=0, d=@
c:0, 1, -1.177
c:2, 1, -3.143
",0.0006811141415514953,feasible,20
36,0,24,"//0
p:fr=0.472
p:0.919, 0.241, -0.291
p:1.493, -0.721, 0.349, fr=0.258
p:1.382, 0.583, 0.25, fr=1.112
p:0.243, 0.286, -0.93
j:2, 3
j:1, 3
j:0, 2, stif=0.884
j:4, 1
n:j=1, d=|
n:p=2, d=Gpart:ry=-1.322
n:j=0, d=@
c:0, 1, -1.177
c:2, 1, -3.143
",0.0006811141415514953,"//0
p:fr=0.472
p:0.919, 0.241, -0.291
p:1.493, -0.721, 0.349, fr=0.258
p:1.382, 0.583, 0.25, fr=1.112, ing=0.229
p:0.243, 0.286, -0.93
j:2, 3
j:1, 3
j:0, 2, stif=0.884
j:4, 1
n:j=1, d=|
n:p=2, d=Gpart:ry=-1.322
n:j=0, d=@
c:0, 1, -1.177
c:2, 1, -3.143
",0.0006811141415514953,feasible,20
36,0,24,"//0
p:fr=0.472
p:0.919, 0.241, -0.291
p:1.493, -0.721, 0.349, fr=0.258
p:1.382, 0.583, 0.25, fr=1.112
p:0.243, 0.286, -0.93
j:2, 3
j:1, 3
j:0, 2, stif=0.884
j:4, 1
n:j=1, d=|
n:p=2, d=Gpart:ry=-1.322
n:j=0, d=@
c:0, 1, -1.177
c:2, 1, -3.143
",0.0006811141415514953,"//0
p:fr=0.472
p:1.309, 0.11, -0.415
p:1.493, -0.721, 0.349, fr=0.258
p:1.382, 0.583, 0.25, fr=1.112
p:0.243, 0.286, -0.93
j:2, 3
j:1, 3
j:0, 2, stif=0.884
j:4, 1
n:j=1, d=|
n:p=2, d=Gpart:ry=-1.322
n:j=0, d=@
c:0, 1, -1.177
c:2, 1, -3.143
",0.0005247314417862893,feasible,20
36,0,24,"//0
p:fr=0.472
p:0.919, 0.241, -0.291
p:1.493, -0.721, 0.349, fr=0.258
p:1.382, 0.583, 0.25, fr=1.112
p:0.243, 0.286, -0.93
j:2, 3
j:1, 3
j:0, 2, stif=0.884
j:4, 1
n:j=1, d=|
n:p=2, d=Gpart:ry=-1.322
n:j=0, d=@
c:0, 1, -1.177
c:2, 1, -3.143
",0.0006811141415514953,"//0
p:fr=0.483
p:0.919, 0.241, -0.291
p:1.493, -0.721, 0.349, fr=0.258
p:1.382, 0.583, 0.25, fr=1.112
p:0.243, 0.286, -0.93
j:2, 3
j:1, 3
j:0, 2, stif=0.884
j:4, 1
n:j=1, d=|
n:p=2, d=Gpart:ry=-1.322
n:j=0, d=@
c:0, 1, -1.177
c:2, 1, -3.143
",0.000688098113907969,feasible,20
36,0,24,"//0
p:fr=0.472
p:0.919, 0.241, -0.291
p:1.493, -0.721, 0.349, fr=0.258
p:1.382, 0.583, 0.25, fr=1.112
p:0.243, 0.286, -0.93
j:2, 3
j:1, 3
j:0, 2, stif=0.884
j:4, 1
n:j=1, d=|
n:p=2, d=Gpart:ry=-1.322
n:j=0, d=@
c:0, 1, -1.177
c:2, 1, -3.143
",0.0006811141415514953,"//0
p:fr=0.472
p:0.919, 0.241, -0.291
p:1.493, -0.721, 0.349, fr=0.258
p:1.382, 0.583, 0.25, fr=1.112
p:0.243, 0.286, -0.93, ing=0.152
j:2, 3
j:1, 3
j:0, 2, stif=0.884
j:4, 1
n:j=1, d=|
n:p=2, d=Gpart:ry=-1.322
n:j=0, d=@
c:0, 1, -1.177
c:2, 1, -3.143
",0.0006811141415514953,feasible,20
36,0,24,"//0
p:fr=0.472
p:0.919, 0.241, -0.291
p:1.493, -0.721, 0.349, fr=0.258
p:1.382, 0.583, 0.25, fr=1.112
p:0.243, 0.286, -0.93
j:2, 3
j:1, 3
j:0, 2, stif=0.884
j:4, 1
n:j=1, d=|
n:p=2, d=Gpart:ry=-1.322
n:j=0, d=@
c:0, 1, -1.177
c:2, 1, -3.143
",0.0006811141415514953,"//0
p:fr=0.472
p:0.919, 0.241, -0.291
p:1.493, -0.721, 0.349, fr=0.258, ing=0.184
p:1.382, 0.583, 0.25, fr=1.112
p:0.243, 0.286, -0.93
j:2, 3
j:1, 3
j:0, 2, stif=0.884
j:4, 1
n:j=1, d=|
n:p=2, d=Gpart:ry=-1.322
n:j=0, d=@
c:0, 1, -1.177
c:2, 1, -3.143
",0.0006811141415514953,feasible,20
36,0,24,"//0
p:fr=0.472
p:0.919, 0.241, -0.291
p:1.493, -0.721, 0.349, fr=0.258
p:1.382, 0.583, 0.25, fr=1.112
p:0.243, 0.286, -0.93
j:2, 3
j:1, 3
j:0, 2, stif=0.884
j:4, 1
n:j=1, d=|
n:p=2, d=Gpart:ry=-1.322
n:j=0, d=@
c:0, 1, -1.177
c:2, 1, -3.143
",0.0006811141415514953,"//0
p:fr=0.472
p:0.919, 0.241, -0.291
p:1.493, -0.721, 0.349, fr=0.258
p:1.382, 0.583, 0.25, fr=1.112
p:0.243, 0.286, -0.93
j:2, 3
j:1, 3
j:0, 2, stif=0.884
j:4, 1
n:j=1, d=|
n:p=2, d=Gpart:ry=-1.322
n:j=0, d=@
c:0, 1, -1.177
c:2, 1, -2.299
",0.0007427104068721894,feasible,20
36,0,24,"//0
p:fr=0.472
p:0.919, 0.241, -0.291
p:1.493, -0.721, 0.349, fr=0.258
p:1.382, 0.583, 0.25, fr=1.112
p:0.243, 0.286, -0.93
j:2, 3
j:1, 3
j:0, 2, stif=0.884
j:4, 1
n:j=1, d=|
n:p=2, d=Gpart:ry=-1.322
n:j=0, d=@
c:0, 1, -1.177
c:2, 1, -3.143
",0.0006811141415514953,"//0
p:fr=0.472
p:0.919, 0.241, -0.291
p:1.493, -0.721, 0.349, fr=0.258
p:1.382, 0.583, 0.25, fr=1.112
p:0.243, 0.286, -0.93
j:2, 3
j:1, 3
j:0, 2, stif=0.884
j:4, 1
n:j=1, d=|
n:p=2, d=Gpart:ry=-1.322
n:j=0, d=@
n:
c:0, 1, -1.177
c:2, 1, -3.143
c:3, 3, 0.263
",0.0006811141415514953,feasible,20
36,0,24,"//0
p:fr=0.472
p:0.919, 0.241, -0.291
p:1.493, -0.721, 0.349, fr=0.258
p:1.382, 0.583, 0.25, fr=1.112
p:0.243, 0.286, -0.93
j:2, 3
j:1, 3
j:0, 2, stif=0.884
j:4, 1
n:j=1, d=|
n:p=2, d=Gpart:ry=-1.322
n:j=0, d=@
c:0, 1, -1.177
c:2, 1, -3.143
",0.0006811141415514953,"//0
p:fr=0.472
p:0.919, 0.241, -0.291, fr=0.28
p:1.493, -0.721, 0.349, fr=0.258
p:1.382, 0.583, 0.25, fr=1.112
p:0.243, 0.286, -0.93
j:2, 3
j:1, 3
j:0, 2, stif=0.884
j:4, 1
n:j=1, d=|
n:p=2, d=Gpart:ry=-1.322
n:j=0, d=@
c:0, 1, -1.177
c:2, 1, -3.143
",0.0007366307805764046,feasible,20
36,0,24,"//0
p:fr=0.472
p:0.919, 0.241, -0.291
p:1.493, -0.721, 0.349, fr=0.258
p:1.382, 0.583, 0.25, fr=1.112
p:0.243, 0.286, -0.93
j:2, 3
j:1, 3
j:0, 2, stif=0.884
j:4, 1
n:j=1, d=|
n:p=2, d=Gpart:ry=-1.322
n:j=0, d=@
c:0, 1, -1.177
c:2, 1, -3.143
",0.0006811141415514953,"//0
p:fr=0.472
p:0.919, 0.241, -0.291
p:1.493, -0.721, 0.349, fr=0.258
p:1.382, 0.583, 0.25, fr=1.112
p:0.243, 0.286, -0.93
j:2, 3
j:1, 3, rotstif=0.899
j:0, 2, stif=0.884
j:4, 1
n:j=1, d=|
n:p=2, d=Gpart:ry=-1.322
n:j=0, d=@
c:0, 1, -1.177
c:2, 1, -3.143
",0.0006811141415514953,feasible,20
36,0,24,"//0
p:fr=0.472
p:0.919, 0.241, -0.291
p:1.493, -0.721, 0.349, fr=0.258
p:1.382, 0.583, 0.25, fr=1.112
p:0.243, 0.286, -0.93
j:2, 3
j:1, 3
j:0, 2, stif=0.884
j:4, 1
n:j=1, d=|
n:p=2, d=Gpart:ry=-1.322
n:j=0, d=@
c:0, 1, -1.177
c:2, 1, -3.143
",0.0006811141415514953,"//0
p:fr=0.472
p:0.919, 0.241, -0.291
p:1.493, -0.721, 0.349, fr=0.258
p:1.382, 0.583, 0.25, fr=1.112
p:0.243, 0.286, -0.93
j:2, 3
j:1, 3
j:0, 2, stif=0.884
j:4, 1
n:j=1, d=|
n:p=2, d=Gpart:ry=-1.322
n:j=0, d=@
c:0, 1, -1.249
c:2, 1, -3.143
",0.0007314310685123032,feasible,20
36,0,24,"//0
p:fr=0.472
p:0.919, 0.241, -0.291
p:1.493, -0.721, 0.349, fr=0.258
p:1.382, 0.583, 0.25, fr=1.112
p:0.243, 0.286, -0.93
j:2, 3
j:1, 3
j:0, 2, stif=0.884
j:4, 1
n:j=1, d=|
n:p=2, d=Gpart:ry=-1.322
n:j=0, d=@
c:0, 1, -1.177
c:2, 1, -3.143
",0.0006811141415514953,"//0
p:fr=0.472
p:0.919, 0.241, -0.291
p:1.493, -0.721, 0.349, fr=0.258
p:1.382, 0.583, 0.25, fr=1.112
p:0.243, 0.286, -0.93
j:3, 2
j:1, 2
j:0, 3, stif=0.884
j:4, 1
n:j=1, d=|
n:p=2, d=Gpart:ry=-1.322
n:j=0, d=@
c:0, 1, -1.177
c:2, 1, -3.143
",1.739253712985286e-05,feasible,20
36,0,24,"//0
p:fr=0.472
p:0.919, 0.241, -0.291
p:1.493, -0.721, 0.349, fr=0.258
p:1.382, 0.583, 0.25, fr=1.112
p:0.243, 0.286, -0.93
j:2, 3
j:1, 3
j:0, 2, stif=0.884
j:4, 1
n:j=1, d=|
n:p=2, d=Gpart:ry=-1.322
n:j=0, d=@
c:0, 1, -1.177
c:2, 1, -3.143
",0.0006811141415514953,"//0
p:fr=0.472
p:0.919, 0.241, -0.291
p:1.493, -0.721, 0.349, fr=0.258
p:1.45, 0.876, -0.011, fr=1.112
p:0.243, 0.286, -0.93
j:2, 3
j:1, 3
j:0, 2, stif=0.884
j:4, 1
n:j=1, d=|
n:p=2, d=Gpart:ry=-1.322
n:j=0, d=@
c:0, 1, -1.177
c:2, 1, -3.143
",0.00037569665749106947,feasible,20
36,0,24,"//0
p:fr=0.472
p:0.919, 0.241, -0.291
p:1.493, -0.721, 0.349, fr=0.258
p:1.382, 0.583, 0.25, fr=1.112
p:0.243, 0.286, -0.93
j:2, 3
j:1, 3
j:0, 2, stif=0.884
j:4, 1
n:j=1, d=|
n:p=2, d=Gpart:ry=-1.322
n:j=0, d=@
c:0, 1, -1.177
c:2, 1, -3.143
",0.0006811141415514953,"//0
p:fr=0.472
p:0.919, 0.241, -0.291
p:1.493, -0.721, 0.349, fr=0.258
p:1.425, 0.523, 0.177, fr=1.112
p:0.243, 0.286, -0.93
j:2, 3
j:1, 3
j:0, 2, stif=0.884
j:4, 1
n:j=1, d=|
n:p=2, d=Gpart:ry=-1.322
n:j=0, d=@
c:0, 1, -1.177
c:2, 1, -3.143
",0.0007316072403407209,feasible,20
36,0,24,"//0
p:fr=0.472
p:0.919, 0.241, -0.291
p:1.493, -0.721, 0.349, fr=0.258
p:1.382, 0.583, 0.25, fr=1.112
p:0.243, 0.286, -0.93
j:2, 3
j:1, 3
j:0, 2, stif=0.884
j:4, 1
n:j=1, d=|
n:p=2, d=Gpart:ry=-1.322
n:j=0, d=@
c:0, 1, -1.177
c:2, 1, -3.143
",0.0006811141415514953,"//0
p:fr=0.472
p:0.919, 0.241, -0.291
p:1.493, -0.721, 0.349, fr=0.258
p:1.382, 0.583, 0.25, fr=0.966
p:0.243, 0.286, -0.93
j:2, 3
j:1, 3
j:0, 2, stif=0.884
j:4, 1
n:j=1, d=|
n:p=2, d=Gpart:ry=-1.322
n:j=0, d=@
c:0, 1, -1.177
c:2, 1, -3.143
",0.0006919405600818385,feasible,20
36,0,25,"//0
p:fr=0.472
p:0.919, 0.241, -0.291
p:1.493, -0.721, 0.349, fr=0.258
p:1.382, 0.583, 0.25, fr=1.112
p:0.243, 0.286, -0.93
p:1.885, 0.429, -1.511
j:2, 3
j:1, 3
j:0, 2, stif=0.884
j:4, 1
j:5, 4
n:j=1, d=|
n:p=2, d=Gpart:ry=-1.322
n:j=0, d=@
c:0, 1, -1.177
c:2, 1, -3.143
",0.000695538803778658,"//0
p:fr=0.472
p:0.919, 0.241, -0.291
p:1.493, -0.721, 0.349, fr=0.258
p:1.382, 0.583, 0.25, fr=1.112
p:0.243, 0.286, -0.93
p:1.885, 0.429, -1.511
j:2, 3
j:1, 3
j:0, 2, stif=0.884
j:4, 1
j:5, 4
n:j=1, d=|
n:p=2, d=Gpart:ry=-1.322
n:j=0, d=@
n:p=4, d=T
c:0, 1, -1.177
c:2, 1, -3.143
",0.000695538803778658,feasible,20
36,0,25,"//0
p:fr=0.472
p:0.919, 0.241, -0.291
p:1.493, -0.721, 0.349, fr=0.258
p:1.382, 0.583, 0.25, fr=1.112
p:0.243, 0.286, -0.93
p:1.885, 0.429, -1.511
j:2, 3
j:1, 3
j:0, 2, stif=0.884
j:4, 1
j:5, 4
n:j=1, d=|
n:p=2, d=Gpart:ry=-1.322
n:j=0, d=@
c:0, 1, -1.177
c:2, 1, -3.143
",0.000695538803778658,"//0
p:fr=0.472
p:0.919, 0.241, -0.291
p:1.493, -0.721, 0.349, fr=0.258
p:1.382, 0.583, 0.25, fr=1.112
p:0.243, 0.286, -0.93
p:1.845854319323259, 0.31415935515752, -1.3252577396460758
j:2, 3
j:1, 3
j:5, 2, stif=0.884
j:4, 1
j:0, 4
n:j=1, d=|
n:p=2, d=Gpart:ry=-1.322
n:j=0, d=@
c:0, 1, -1.177
c:2, 1, -3.143
",2.9673839361426767e-05,feasible,20
36,0,25,"//0
p:fr=0.472
p:0.919, 0.241, -0.291
p:1.493, -0.721, 0.349, fr=0.258
p:1.382, 0.583, 0.25, fr=1.112
p:0.243, 0.286, -0.93
p:1.885, 0.429, -1.511
j:2, 3
j:1, 3
j:0, 2, stif=0.884
j:4, 1
j:5, 4
n:j=1, d=|
n:p=2, d=Gpart:ry=-1.322
n:j=0, d=@
c:0, 1, -1.177
c:2, 1, -3.143
",0.000695538803778658,"//0
p:fr=0.472
p:0.919, 0.241, -0.291
p:1.493, -0.721, 0.349, fr=0.258
p:1.382, 0.583, 0.25, fr=1.112
p:0.243, 0.286, -0.93, ing=0.223
p:1.885, 0.429, -1.511
j:2, 3
j:1, 3
j:0, 2, stif=0.884
j:4, 1
j:5, 4
n:j=1, d=|
n:p=2, d=Gpart:ry=-1.322
n:j=0, d=@
c:0, 1, -1.177
c:2, 1, -3.143
",0.000695538803778658,feasible,20
36,0,25,"//0
p:fr=0.472
p:0.919, 0.241, -0.291
p:1.493, -0.721, 0.349, fr=0.258
p:1.382, 0.583, 0.25, fr=1.112
p:0.243, 0.286, -0.93
p:1.885, 0.429, -1.511
j:2, 3
j:1, 3
j:0, 2, stif=0.884
j:4, 1
j:5, 4
n:j=1, d=|
n:p=2, d=Gpart:ry=-1.322
n:j=0, d=@
c:0, 1, -1.177
c:2, 1, -3.143
",0.000695538803778658,"//0
p:fr=0.472
p:0.919, 0.241, -0.291
p:1.493, -0.721, 0.349, fr=0.258
p:1.382, 0.583, 0.25, fr=1.112
p:0.243, 0.286, -0.93
p:1.885, 0.429, -1.511
j:2, 3
j:1, 3
j:0, 2, stif=0.884
j:4, 1
j:5, 4
n:j=1, d=|
n:p=2, d=Gpart:ry=-1.322
n:j=0, d=@
c:0, 1, -0.714
c:2, 1, -3.143
",0.000695538803778658,feasible,20
36,0,25,"//0
p:fr=0.472
p:0.919, 0.241, -0.291
p:1.493, -0.721, 0.349, fr=0.258
p:1.382, 0.583, 0.25, fr=1.112
p:0.243, 0.286, -0.93
p:1.885, 0.429, -1.511
j:2, 3
j:1, 3
j:0, 2, stif=0.884
j:4, 1
j:5, 4
n:j=1, d=|
n:p=2, d=Gpart:ry=-1.322
n:j=0, d=@
c:0, 1, -1.177
c:2, 1, -3.143
",0.000695538803778658,"//0
p:fr=0.472
p:0.919, 0.241, -0.291
p:1.493, -0.721, 0.349, fr=0.258
p:1.382, 0.583, 0.25, fr=1.112
p:0.243, 0.286, -0.93
p:1.885, 0.429, -1.511
j:2, 3
j:1, 3
j:0, 2, stif=0.884
j:4, 1
j:5, 4
n:j=1, d=|
n:p=2, d=Gpart:ry=-0.668
n:j=0, d=@
c:0, 1, -1.177
c:2, 1, -3.143
",0.0003258366840944447,feasible,20
36,0,25,"//0
p:fr=0.472
p:0.919, 0.241, -0.291
p:1.493, -0.721, 0.349, fr=0.258
p:1.382, 0.583, 0.25, fr=1.112
p:0.243, 0.286, -0.93
p:1.885, 0.429, -1.511
j:2, 3
j:1, 3
j:0, 2, stif=0.884
j:4, 1
j:5, 4
n:j=1, d=|
n:p=2, d=Gpart:ry=-1.322
n:j=0, d=@
c:0, 1, -1.177
c:2, 1, -3.143
",0.000695538803778658,"//0
p:fr=0.472
p:0.955, -0.1, -0.262
p:1.493, -0.721, 0.349, fr=0.258
p:1.382, 0.583, 0.25, fr=1.112
p:0.243, 0.286, -0.93
p:1.885, 0.429, -1.511
j:2, 3
j:1, 3
j:0, 2, stif=0.884
j:4, 1
j:5, 4
n:j=1, d=|
n:p=2, d=Gpart:ry=-1.322
n:j=0, d=@
c:0, 1, -1.177
c:2, 1, -3.143
",0.0008545159137906376,feasible,20
36,0,25,"//0
p:fr=0.472
p:0.919, 0.241, -0.291
p:1.493, -0.721, 0.349, fr=0.258
p:1.382, 0.583, 0.25, fr=1.112
p:0.243, 0.286, -0.93
p:1.885, 0.429, -1.511
j:2, 3
j:1, 3
j:0, 2, stif=0.884
j:4, 1
j:5, 4
n:j=1, d=|
n:p=2, d=Gpart:ry=-1.322
n:j=0, d=@
c:0, 1, -1.177
c:2, 1, -3.143
",0.000695538803778658,"//0
p:fr=0.472
p:0.919, 0.241, -0.291
p:1.493, -0.721, 0.349, fr=0.258
p:1.382, 0.583, 0.25, fr=1.112, ing=0.342
p:0.243, 0.286, -0.93
p:1.885, 0.429, -1.511
j:2, 3
j:1, 3
j:0, 2, stif=0.884
j:4, 1
j:5, 4
n:j=1, d=|
n:p=2, d=Gpart:ry=-1.322
n:j=0, d=@
c:0, 1, -1.177
c:2, 1, -3.143
",0.000695538803778658,feasible,20
36,0,25,"//0
p:fr=0.472
p:0.919, 0.241, -0.291
p:1.493, -0.721, 0.349, fr=0.258
p:1.382, 0.583, 0.25, fr=1.112
p:0.243, 0.286, -0.93
p:1.885, 0.429, -1.511
j:2, 3
j:1, 3
j:0, 2, stif=0.884
j:4, 1
j:5, 4
n:j=1, d=|
n:p=2, d=Gpart:ry=-1.322
n:j=0, d=@
c:0, 1, -1.177
c:2, 1, -3.143
",0.000695538803778658,"//0
p:fr=0.472
p:0.919, 0.241, -0.291
p:1.493, -0.721, 0.349, fr=0.258
p:1.382, 0.583, 0.25, fr=1.112
p:0.243, 0.286, -0.93
p:1.885, 0.429, -1.511
j:2, 3
j:1, 3
j:0, 2, stif=0.884
j:4, 1
j:5, 4
n:j=1, d=|
n:p=2, d=Gpart:ry=-1.322
n:j=0, d=@:p=0.924
c:0, 1, -1.177
c:2, 1, -3.143
",0.0006463305771913127,feasible,20
36,0,25,"//0
p:fr=0.472
p:0.919, 0.241, -0.291
p:1.493, -0.721, 0.349, fr=0.258
p:1.382, 0.583, 0.25, fr=1.112
p:0.243, 0.286, -0.93
p:1.885, 0.429, -1.511
j:2, 3
j:1, 3
j:0, 2, stif=0.884
j:4, 1
j:5, 4
n:j=1, d=|
n:p=2, d=Gpart:ry=-1.322
n:j=0, d=@
c:0, 1, -1.177
c:2, 1, -3.143
",0.000695538803778658,"//0
p:fr=0.472
p:0.919, 0.241, -0.291
p:1.493, -0.721, 0.349, fr=0.258
p:1.382, 0.583, 0.25, fr=1.112
p:0.243, 0.286, -0.93
p:1.885, 0.429, -1.511, ing=0.129
j:2, 3
j:1, 3
j:0, 2, stif=0.884
j:4, 1
j:5, 4
n:j=1, d=|
n:p=2, d=Gpart:ry=-1.322
n:j=0, d=@
c:0, 1, -1.177
c:2, 1, -3.143
",0.000695538803778658,feasible,20
36,0,25,"//0
p:fr=0.472
p:0.919, 0.241, -0.291
p:1.493, -0.721, 0.349, fr=0.258
p:1.382, 0.583, 0.25, fr=1.112
p:0.243, 0.286, -0.93
p:1.885, 0.429, -1.511
j:2, 3
j:1, 3
j:0, 2, stif=0.884
j:4, 1
j:5, 4
n:j=1, d=|
n:p=2, d=Gpart:ry=-1.322
n:j=0, d=@
c:0, 1, -1.177
c:2, 1, -3.143
",0.000695538803778658,"//0
p:fr=0.472
p:0.919, 0.241, -0.291
p:1.493, -0.721, 0.349, fr=0.258
p:1.382, 0.583, 0.25, fr=1.112
p:0.243, 0.286, -0.93
p:1.885, 0.429, -1.511
j:2, 3
j:1, 3
j:0, 2, stif=0.884
j:4, 1
j:5, 4
n:j=1, d=|
n:p=2, d=Gpart:ry=-1.322
n:j=0, d=@
c:0, 1, -1.177
c:2, 1, -3.505
",0.0006482068899920717,feasible,20
36,0,25,"//0
p:fr=0.472
p:0.919, 0.241, -0.291
p:1.493, -0.721, 0.349, fr=0.258
p:1.382, 0.583, 0.25, fr=1.112
p:0.243, 0.286, -0.93
p:1.885, 0.429, -1.511
j:2, 3
j:1, 3
j:0, 2, stif=0.884
j:4, 1
j:5, 4
n:j=1, d=|
n:p=2, d=Gpart:ry=-1.322
n:j=0, d=@
c:0, 1, -1.177
c:2, 1, -3.143
",0.000695538803778658,"//0
p:fr=0.472
p:0.919, 0.241, -0.291
p:1.493, -0.721, 0.349, fr=0.258
p:1.382, 0.583, 0.25, fr=1.112
p:0.243, 0.286, -0.93
p:1.885, 0.429, -1.511
j:2, 3
j:1, 3
j:0, 2, stif=0.884
j:4, 1
j:5, 4
n:p=2, d=Gpart:ry=-1.322
n:j=0, d=@
c:1, 0, -3.143
",3.114002520845112e-05,feasible,20
36,0,25,"//0
p:fr=0.472
p:0.919, 0.241, -0.291
p:1.493, -0.721, 0.349, fr=0.258
p:1.382, 0.583, 0.25, fr=1.112
p:0.243, 0.286, -0.93
p:1.885, 0.429, -1.511
j:2, 3
j:1, 3
j:0, 2, stif=0.884
j:4, 1
j:5, 4
n:j=1, d=|
n:p=2, d=Gpart:ry=-1.322
n:j=0, d=@
c:0, 1, -1.177
c:2, 1, -3.143
",0.000695538803778658,"//0
p:fr=0.472
p:0.919, 0.241, -0.291
p:1.493, -0.721, 0.349, fr=0.258
p:1.382, 0.583, 0.25, fr=1.112
p:0.243, 0.286, -0.93
p:1.885, 0.429, -1.511, ing=0.086
j:2, 3
j:1, 3
j:0, 2, stif=0.884
j:4, 1
j:5, 4
n:j=1, d=|
n:p=2, d=Gpart:ry=-1.322
n:j=0, d=@
c:0, 1, -1.177
c:2, 1, -3.143
",0.000695538803778658,feasible,20
36,0,25,"//0
p:fr=0.472
p:0.919, 0.241, -0.291
p:1.493, -0.721, 0.349, fr=0.258
p:1.382, 0.583, 0.25, fr=1.112
p:0.243, 0.286, -0.93
p:1.885, 0.429, -1.511
j:2, 3
j:1, 3
j:0, 2, stif=0.884
j:4, 1
j:5, 4
n:j=1, d=|
n:p=2, d=Gpart:ry=-1.322
n:j=0, d=@
c:0, 1, -1.177
c:2, 1, -3.143
",0.000695538803778658,"//0
p:fr=0.472
p:1.094, 0.292, 0.043
p:1.493, -0.721, 0.349, fr=0.258
p:1.382, 0.583, 0.25, fr=1.112
p:0.243, 0.286, -0.93
p:1.885, 0.429, -1.511
j:2, 3
j:1, 3
j:0, 2, stif=0.884
j:4, 1
j:5, 4
n:j=1, d=|
n:p=2, d=Gpart:ry=-1.322
n:j=0, d=@
c:0, 1, -1.177
c:2, 1, -3.143
",0.0005602504910252965,feasible,20
36,0,25,"//0
p:fr=0.472
p:0.919, 0.241, -0.291
p:1.493, -0.721, 0.349, fr=0.258
p:1.382, 0.583, 0.25, fr=1.112
p:0.243, 0.286, -0.93
p:1.885, 0.429, -1.511
j:2, 3
j:1, 3
j:0, 2, stif=0.884
j:4, 1
j:5, 4
n:j=1, d=|
n:p=2, d=Gpart:ry=-1.322
n:j=0, d=@
c:0, 1, -1.177
c:2, 1, -3.143
",0.000695538803778658,"//0
p:fr=0.472
p:0.919, 0.241, -0.291
p:1.493, -0.721, 0.349, fr=0.258
p:1.382, 0.583, 0.25, fr=1.112
p:0.243, 0.286, -0.93
p:1.885, 0.429, -1.511
j:2, 3
j:1, 3
j:0, 2, stif=0.884
j:4, 1
j:5, 4
n:j=1, d=|
n:p=2, d=Gpart:ry=-1.322
n:j=0, d=@
n:j=2, d=@
c:0, 1, -1.177
c:2, 1, -3.143
c:3, 1, -0.378
",0.0005857486098144888,feasible,20
36,0,25,"//0
p:fr=0.472
p:0.919, 0.241, -0.291
p:1.493, -0.721, 0.349, fr=0.258
p:1.382, 0.583, 0.25, fr=1.112
p:0.243, 0.286, -0.93
p:1.885, 0.429, -1.511
j:2, 3
j:1, 3
j:0, 2, stif=0.884
j:4, 1
j:5, 4
n:j=1, d=|
n:p=2, d=Gpart:ry=-1.322
n:j=0, d=@
c:0, 1, -1.177
c:2, 1, -3.143
",0.000695538803778658,"//0
p:fr=0.472
p:0.919, 0.241, -0.291
p:1.493, -0.721, 0.349, fr=0.258
p:1.382, 0.583, 0.25, fr=1.112
p:0.243, 0.286, -0.93
j:2, 3
j:1, 3
j:0, 2, stif=0.884
j:4, 1
n:j=1, d=|
n:p=2, d=Gpart:ry=-1.322
n:j=0, d=@
c:0, 1, -1.177
c:2, 1, -3.143
",0.0006811141415514953,feasible,20
36,0,25,"//0
p:fr=0.472
p:0.919, 0.241, -0.291
p:1.493, -0.721, 0.349, fr=0.258
p:1.382, 0.583, 0.25, fr=1.112
p:0.243, 0.286, -0.93
p:1.885, 0.429, -1.511
j:2, 3
j:1, 3
j:0, 2, stif=0.884
j:4, 1
j:5, 4
n:j=1, d=|
n:p=2, d=Gpart:ry=-1.322
n:j=0, d=@
c:0, 1, -1.177
c:2, 1, -3.143
",0.000695538803778658,"//0
p:fr=0.472
p:0.919, 0.241, -0.291
p:1.493, -0.721, 0.349, fr=0.258
p:1.382, 0.583, 0.25, fr=1.112
p:0.243, 0.286, -0.93
p:1.885, 0.429, -1.511
j:2, 3
j:1, 3
j:0, 2, stif=0.884
j:4, 1
j:5, 4
n:j=1, d=|
n:p=2, d=Gpart:ry=-1.322
n:j=0, d=@
n:j=2, d=@
c:0, 1, -1.177
c:2, 1, -3.143
c:3, 1, -0.268
",6.04627091509407e-05,feasible,20
36,0,25,"//0
p:fr=0.472
p:0.919, 0.241, -0.291
p:1.493, -0.721, 0.349, fr=0.258
p:1.382, 0.583, 0.25, fr=1.112
p:0.243, 0.286, -0.93
p:1.885, 0.429, -1.511
j:2, 3
j:1, 3
j:0, 2, stif=0.884
j:4, 1
j:5, 4
n:j=1, d=|
n:p=2, d=Gpart:ry=-1.322
n:j=0, d=@
c:0, 1, -1.177
c:2, 1, -3.143
",0.000695538803778658,"//0
p:-0.39484974185637167, -0.44622109656732695, -0.2507665765955688, fr=0.472
p:0.919, 0.241, -0.291
p:1.493, -0.721, 0.349, fr=0.258
p:1.382, 0.583, 0.25, fr=1.112
p:0.243, 0.286, -0.93
p:1.885, 0.429, -1.511
j:2, 3
j:1, 3
j:0, 2, stif=0.884
j:4, 1
j:5, 4
n:j=1, d=|
n:p=2, d=Gpart:ry=-1.322
n:j=0, d=@
c:0, 1, -1.177
c:2, 1, -3.143
",0.0004441850479149716,feasible,20
36,0,25,"//0
p:fr=0.472
p:0.919, 0.241, -0.291
p:1.493, -0.721, 0.349, fr=0.258
p:1.382, 0.583, 0.25, fr=1.112
p:0.243, 0.286, -0.93
p:1.885, 0.429, -1.511
j:2, 3
j:1, 3
j:0, 2, stif=0.884
j:4, 1
j:5, 4
n:j=1, d=|
n:p=2, d=Gpart:ry=-1.322
n:j=0, d=@
c:0, 1, -1.177
c:2, 1, -3.143
",0.000695538803778658,"//0
p:fr=0.472
p:0.919, 0.241, -0.291
p:1.493, -0.721, 0.349, fr=0.258
p:1.382, 0.583, 0.25, fr=1.112
p:0.243, 0.286, -0.93
p:1.885, 0.429, -1.511
j:2, 3
j:1, 3
j:0, 2, stif=0.884
j:4, 1
j:5, 4
n:j=1, d=|
n:p=2, d=Gpart:ry=-0.999
n:j=0, d=@
c:0, 1, -1.177
c:2, 1, -3.143
",0.0004312613749318312,feasible,20
36,0,25,"//0
p:fr=0.472
p:0.919, 0.241, -0.291
p:1.493, -0.721, 0.349, fr=0.258
p:1.382, 0.583, 0.25, fr=1.112
p:0.243, 0.286, -0.93
p:1.885, 0.429, -1.511
j:2, 3
j:1, 3
j:0, 2, stif=0.884
j:4, 1
j:5, 4
n:j=1, d=|
n:p=2, d=Gpart:ry=-1.322
n:j=0, d=@
c:0, 1, -1.177
c:2, 1, -3.143
",0.000695538803778658,"//0
p:fr=0.472
p:0.919, 0.241, -0.291
p:1.493, -0.721, 0.349, fr=0.258
p:1.382, 0.583, 0.25, fr=1.112
p:0.243, 0.286, -0.93, fr=0.086
p:1.885, 0.429, -1.511
j:2, 3
j:1, 3
j:0, 2, stif=0.884
j:4, 1
j:5, 4
n:j=1, d=|
n:p=2, d=Gpart:ry=-1.322
n:j=0, d=@
c:0, 1, -1.177
c:2, 1, -3.143
",0.0005498571654191375,feasible,20
36,0,25,"//0
p:fr=0.472
p:0.919, 0.241, -0.291
p:1.493, -0.721, 0.349, fr=0.258
p:1.382, 0.583, 0.25, fr=1.112
p:0.243, 0.286, -0.93
p:1.885, 0.429, -1.511
j:2, 3
j:1, 3
j:0, 2, stif=0.884
j:4, 1
j:5, 4
n:j=1, d=|
n:p=2, d=Gpart:ry=-1.322
n:j=0, d=@
c:0, 1, -1.177
c:2, 1, -3.143
",0.000695538803778658,"//0
p:fr=0.472
p:0.919, 0.241, -0.291
p:1.493, -0.721, 0.349, fr=0.258
p:1.382, 0.583, 0.25, fr=1.112
p:0.243, 0.286, -0.93
p:1.899368667066867, 1.3065337897601081, -1.3927673959096527
j:2, 3
j:1, 3
j:0, 2, stif=0.884
j:4, 1
j:5, 4
n:j=1, d=|
n:p=2, d=Gpart:ry=-1.322
n:j=0, d=@
c:0, 1, -1.177
c:2, 1, -3.143
",0.0005949051668913113,feasible,20
36,0,26,"//0
p:fr=0.472
p:0.919, 0.241, -0.291
p:1.493, -0.721, 0.349, fr=0.258
p:1.382, 0.583, 0.25, fr=1.112
p:0.243, 0.286, -0.93
p:1.885, 0.429, -1.511
j:2, 3
j:1, 3
j:0, 2, stif=0.838
j:4, 1
j:5, 4
n:j=1, d=|
n:p=2, d=Gpart:ry=-1.322
n:j=0, d=@
c:0, 1, -1.177
c:2, 1, -3.143
",0.0007740660158110159,"//0
p:fr=0.472
p:0.919, 0.241, -0.291
p:1.493, -0.721, 0.349, fr=0.258
p:1.666, 0.391, 0.437, fr=1.112
p:0.243, 0.286, -0.93
p:1.885, 0.429, -1.511
j:2, 3
j:1, 3
j:0, 2, stif=0.838
j:4, 1
j:5, 4
n:j=1, d=|
n:p=2, d=Gpart:ry=-1.322
n:j=0, d=@
c:0, 1, -1.177
c:2, 1, -3.143
",0.0002924670096109318,feasible,20
36,0,26,"//0
p:fr=0.472
p:0.919, 0.241, -0.291
p:1.493, -0.721, 0.349, fr=0.258
p:1.382, 0.583, 0.25, fr=1.112
p:0.243, 0.286, -0.93
p:1.885, 0.429, -1.511
j:2, 3
j:1, 3
j:0, 2, stif=0.838
j:4, 1
j:5, 4
n:j=1, d=|
n:p=2, d=Gpart:ry=-1.322
n:j=0, d=@
c:0, 1, -1.177
c:2, 1, -3.143
",0.0007740660158110159,"//0
p:fr=0.472
p:0.919, 0.241, -0.291
p:1.493, -0.721, 0.349, fr=0.258
p:1.382, 0.583, 0.25, fr=1.112
p:0.243, 0.286, -0.93
p:1.885, 0.429, -1.511
j:2, 3
j:1, 3
j:0, 2, stif=0.838
j:4, 1
j:5, 4
n:j=1, d=|
n:p=2, d=Gpart:ry=-1.322
n:j=0, d=@
c:0, 1, -1.177
c:2, 1, -5.976
",0.00035515366217880114,feasible,20
36,0,26,"//0
p:fr=0.472
p:0.919, 0.241, -0.291
p:1.493, -0.721, 0.349, fr=0.258
p:1.382, 0.583, 0.25, fr=1.112
p:0.243, 0.286, -0.93
p:1.885, 0.429, -1.511
j:2, 3
j:1, 3
j:0, 2, stif=0.838
j:4, 1
j:5, 4
n:j=1, d=|
n:p=2, d=Gpart:ry=-1.322
n:j=0, d=@
c:0, 1, -1.177
c:2, 1, -3.143
",0.0007740660158110159,"//0
p:0.919, 0.241, -0.291
p:1.493, -0.721, 0.349, fr=0.258
p:1.382, 0.583, 0.25, fr=1.112
p:0.243, 0.286, -0.93
p:1.885, 0.429, -1.511
j:1, 2
j:0, 2
j:3, 0
j:4, 3
n:j=1, d=|
n:p=1, d=Gpart:ry=-1.322
n:j=0, d=@
c:0, 1, -1.177
c:2, 1, -3.143
",9.25408334931877e-05,feasible,20
36,0,26,"//0
p:fr=0.472
p:0.919, 0.241, -0.291
p:1.493, -0.721, 0.349, fr=0.258
p:1.382, 0.583, 0.25, fr=1.112
p:0.243, 0.286, -0.93
p:1.885, 0.429, -1.511
j:2, 3
j:1, 3
j:0, 2, stif=0.838
j:4, 1
j:5, 4
n:j=1, d=|
n:p=2, d=Gpart:ry=-1.322
n:j=0, d=@
c:0, 1, -1.177
c:2, 1, -3.143
",0.0007740660158110159,"//0
p:fr=0.472
p:0.919, 0.241, -0.291
p:1.493, -0.721, 0.349, fr=0.258
p:1.382, 0.583, 0.25, fr=1.112
p:0.243, 0.286, -0.93
p:1.885, 0.429, -1.511
j:2, 3
j:1, 3
j:0, 2, stif=0.838
j:4, 1
j:5, 4, stif=0.963
n:j=1, d=|
n:p=2, d=Gpart:ry=-1.322
n:j=0, d=@
c:0, 1, -1.177
c:2, 1, -3.143
",0.0007227185946449934,feasible,20
36,0,26,"//0
p:fr=0.472
p:0.919, 0.241, -0.291
p:1.493, -0.721, 0.349, fr=0.258
p:1.382, 0.583, 0.25, fr=1.112
p:0.243, 0.286, -0.93
p:1.885, 0.429, -1.511
j:2, 3
j:1, 3
j:0, 2, stif=0.838
j:4, 1
j:5, 4
n:j=1, d=|
n:p=2, d=Gpart:ry=-1.322
n:j=0, d=@
c:0, 1, -1.177
c:2, 1, -3.143
",0.0007740660158110159,"//0
p:fr=0.472
p:0.919, 0.241, -0.291
p:1.493, -0.721, 0.349, fr=0.258
p:1.382, 0.583, 0.25, fr=1.112
p:0.243, 0.286, -0.93
p:1.885, 0.429, -1.511
j:2, 3
j:1, 3
j:0, 2, stif=0.838
j:4, 1, stif=0.91
j:5, 4
n:j=1, d=|
n:p=2, d=Gpart:ry=-1.322
n:j=0, d=@
c:0, 1, -1.177
c:2, 1, -3.143
",0.0007611657930536135,feasible,20
36,0,26,"//0
p:fr=0.472
p:0.919, 0.241, -0.291
p:1.493, -0.721, 0.349, fr=0.258
p:1.382, 0.583, 0.25, fr=1.112
p:0.243, 0.286, -0.93
p:1.885, 0.429, -1.511
j:2, 3
j:1, 3
j:0, 2, stif=0.838
j:4, 1
j:5, 4
n:j=1, d=|
n:p=2, d=Gpart:ry=-1.322
n:j=0, d=@
c:0, 1, -1.177
c:2, 1, -3.143
",0.0007740660158110159,"//0
p:fr=0.472
p:0.919, 0.241, -0.291
p:1.493, -0.721, 0.349, fr=0.258
p:1.382, 0.583, 0.25, fr=1.112
p:0.243, 0.286, -0.93
p:1.885, 0.429, -1.511
j:2, 3
j:1, 3
j:0, 2, stif=0.838
j:4, 1
j:5, 4
n:j=1, d=|:r=0.867
n:p=2, d=Gpart:ry=-1.322
n:j=0, d=@
c:0, 1, -1.177
c:2, 1, -3.143
",0.0007740660158110159,feasible,20
36,0,26,"//0
p:fr=0.472
p:0.919, 0.241, -0.291
p:1.493, -0.721, 0.349, fr=0.258
p:1.382, 0.583, 0.25, fr=1.112
p:0.243, 0.286, -0.93
p:1.885, 0.429, -1.511
j:2, 3
j:1, 3
j:0, 2, stif=0.838
j:4, 1
j:5, 4
n:j=1, d=|
n:p=2, d=Gpart:ry=-1.322
n:j=0, d=@
c:0, 1, -1.177
c:2, 1, -3.143
",0.0007740660158110159,"//0
p:fr=0.472
p:0.919, 0.241, -0.291
p:1.493, -0.721, 0.349, fr=0.258
p:1.382, 0.583, 0.25, fr=1.112
p:0.243, 0.286, -0.93
p:1.885, 0.429, -1.511
j:2, 3, stif=0.958
j:1, 3
j:0, 2, stif=0.838
j:4, 1
j:5, 4
n:j=1, d=|
n:p=2, d=Gpart:ry=-1.322
n:j=0, d=@
c:0, 1, -1.177
c:2, 1, -3.143
",0.0006977230519548317,feasible,20
36,0,26,"//0
p:fr=0.472
p:0.919, 0.241, -0.291
p:1.493, -0.721, 0.349, fr=0.258
p:1.382, 0.583, 0.25, fr=1.112
p:0.243, 0.286, -0.93
p:1.885, 0.429, -1.511
j:2, 3
j:1, 3
j:0, 2, stif=0.838
j:4, 1
j:5, 4
n:j=1, d=|
n:p=2, d=Gpart:ry=-1.322
n:j=0, d=@
c:0, 1, -1.177
c:2, 1, -3.143
",0.0007740660158110159,"//0
p:fr=0.472, ing=0.12
p:0.919, 0.241, -0.291
p:1.493, -0.721, 0.349, fr=0.258
p:1.382, 0.583, 0.25, fr=1.112
p:0.243, 0.286, -0.93
p:1.885, 0.429, -1.511
j:2, 3
j:1, 3
j:0, 2, stif=0.838
j:4, 1
j:5, 4
n:j=1, d=|
n:p=2, d=Gpart:ry=-1.322
n:j=0, d=@
c:0, 1, -1.177
c:2, 1, -3.143
",0.0007740660158110159,feasible,20
36,0,26,"//0
p:fr=0.472
p:0.919, 0.241, -0.291
p:1.493, -0.721, 0.349, fr=0.258
p:1.382, 0.583, 0.25, fr=1.112
p:0.243, 0.286, -0.93
p:1.885, 0.429, -1.511
j:2, 3
j:1, 3
j:0, 2, stif=0.838
j:4, 1
j:5, 4
n:j=1, d=|
n:p=2, d=Gpart:ry=-1.322
n:j=0, d=@
c:0, 1, -1.177
c:2, 1, -3.143
",0.0007740660158110159,"//0
p:fr=0.472
p:0.919, 0.241, -0.291
p:1.493, -0.721, 0.349, fr=0.258
p:1.382, 0.583, 0.25, fr=1.112
p:0.243, 0.286, -0.93
p:1.885, 0.429, -1.511
j:2, 3, stif=0.918
j:1, 3
j:0, 2, stif=0.838
j:4, 1
j:5, 4
n:j=1, d=|
n:p=2, d=Gpart:ry=-1.322
n:j=0, d=@
c:0, 1, -1.177
c:2, 1, -3.143
",0.000738842978834353,feasible,20
36,0,26,"//0
p:fr=0.472
p:0.919, 0.241, -0.291
p:1.493, -0.721, 0.349, fr=0.258
p:1.382, 0.583, 0.25, fr=1.112
p:0.243, 0.286, -0.93
p:1.885, 0.429, -1.511
j:2, 3
j:1, 3
j:0, 2, stif=0.838
j:4, 1
j:5, 4
n:j=1, d=|
n:p=2, d=Gpart:ry=-1.322
n:j=0, d=@
c:0, 1, -1.177
c:2, 1, -3.143
",0.0007740660158110159,"//0
p:fr=0.472
p:0.919, 0.241, -0.291
p:1.493, -0.721, 0.349, fr=0.258
p:1.382, 0.583, 0.25, fr=1.112
p:0.243, 0.286, -0.93
p:1.885, 0.429, -1.511
j:2, 3
j:1, 3
j:0, 2, stif=0.838
j:4, 1
j:5, 4
n:j=1, d=|
n:p=2, d=Gpart:ry=-1.322
n:j=0, d=@
c:0, 1, -1.177
c:2, 1, -5.308
",0.0005195612696102331,feasible,20
36,0,26,"//0
p:fr=0.472
p:0.919, 0.241, -0.291
p:1.493, -0.721, 0.349, fr=0.258
p:1.382, 0.583, 0.25, fr=1.112
p:0.243, 0.286, -0.93
p:1.885, 0.429, -1.511
j:2, 3
j:1, 3
j:0, 2, stif=0.838
j:4, 1
j:5, 4
n:j=1, d=|
n:p=2, d=Gpart:ry=-1.322
n:j=0, d=@
c:0, 1, -1.177
c:2, 1, -3.143
",0.0007740660158110159,"//0
p:fr=0.472
p:0.919, 0.241, -0.291
p:1.493, -0.721, 0.349, fr=0.258
p:1.382, 0.583, 0.25, fr=0.762
p:0.243, 0.286, -0.93
p:1.885, 0.429, -1.511
j:2, 3
j:1, 3
j:0, 2, stif=0.838
j:4, 1
j:5, 4
n:j=1, d=|
n:p=2, d=Gpart:ry=-1.322
n:j=0, d=@
c:0, 1, -1.177
c:2, 1, -3.143
",0.0007740660158110159,feasible,20
36,0,26,"//0
p:fr=0.472
p:0.919, 0.241, -0.291
p:1.493, -0.721, 0.349, fr=0.258
p:1.382, 0.583, 0.25, fr=1.112
p:0.243, 0.286, -0.93
p:1.885, 0.429, -1.511
j:2, 3
j:1, 3
j:0, 2, stif=0.838
j:4, 1
j:5, 4
n:j=1, d=|
n:p=2, d=Gpart:ry=-1.322
n:j=0, d=@
c:0, 1, -1.177
c:2, 1, -3.143
",0.0007740660158110159,"//0
p:fr=0.472
p:0.919, 0.241, -0.291
p:1.493, -0.721, 0.349, fr=0.258
p:1.219, 0.372, 0.278, fr=1.112
p:0.243, 0.286, -0.93
p:1.885, 0.429, -1.511
j:2, 3
j:1, 3
j:0, 2, stif=0.838
j:4, 1
j:5, 4
n:j=1, d=|
n:p=2, d=Gpart:ry=-1.322
n:j=0, d=@
c:0, 1, -1.177
c:2, 1, -3.143
",0.0009814014904695866,feasible,20
36,0,26,"//0
p:fr=0.472
p:0.919, 0.241, -0.291
p:1.493, -0.721, 0.349, fr=0.258
p:1.382, 0.583, 0.25, fr=1.112
p:0.243, 0.286, -0.93
p:1.885, 0.429, -1.511
j:2, 3
j:1, 3
j:0, 2, stif=0.838
j:4, 1
j:5, 4
n:j=1, d=|
n:p=2, d=Gpart:ry=-1.322
n:j=0, d=@
c:0, 1, -1.177
c:2, 1, -3.143
",0.0007740660158110159,"//0
p:fr=0.472
p:0.919, 0.241, -0.291
p:1.493, -0.721, 0.349, fr=0.258
p:1.382, 0.583, 0.25, fr=1.112
p:0.243, 0.286, -0.93
p:1.885, 0.429, -1.511, ing=0.08
j:2, 3
j:1, 3
j:0, 2, stif=0.838
j:4, 1
j:5, 4
n:j=1, d=|
n:p=2, d=Gpart:ry=-1.322
n:j=0, d=@
c:0, 1, -1.177
c:2, 1, -3.143
",0.0007740660158110159,feasible,20
36,0,26,"//0
p:fr=0.472
p:0.919, 0.241, -0.291
p:1.493, -0.721, 0.349, fr=0.258
p:1.382, 0.583, 0.25, fr=1.112
p:0.243, 0.286, -0.93
p:1.885, 0.429, -1.511
j:2, 3
j:1, 3
j:0, 2, stif=0.838
j:4, 1
j:5, 4
n:j=1, d=|
n:p=2, d=Gpart:ry=-1.322
n:j=0, d=@
c:0, 1, -1.177
c:2, 1, -3.143
",0.0007740660158110159,"//0
p:fr=0.472
p:0.919, 0.241, -0.291
p:1.493, -0.721, 0.349, fr=0.258
p:1.382, 0.583, 0.25, fr=1.112
p:0.243, 0.286, -0.93
p:1.885, 0.429, -1.511
j:2, 3
j:1, 3
j:0, 2, stif=0.838
j:4, 1, stif=0.883
j:5, 4
n:j=1, d=|
n:p=2, d=Gpart:ry=-1.322
n:j=0, d=@
c:0, 1, -1.177
c:2, 1, -3.143
",0.0003392133559864115,feasible,20
36,0,26,"//0
p:fr=0.472
p:0.919, 0.241, -0.291
p:1.493, -0.721, 0.349, fr=0.258
p:1.382, 0.583, 0.25, fr=1.112
p:0.243, 0.286, -0.93
p:1.885, 0.429, -1.511
j:2, 3
j:1, 3
j:0, 2, stif=0.838
j:4, 1
j:5, 4
n:j=1, d=|
n:p=2, d=Gpart:ry=-1.322
n:j=0, d=@
c:0, 1, -1.177
c:2, 1, -3.143
",0.0007740660158110159,"//0
p:fr=0.472
p:0.919, 0.241, -0.291
p:1.493, -0.721, 0.349, fr=0.258
p:1.382, 0.583, 0.25, fr=1.112
p:0.243, 0.286, -0.93
p:1.885, 0.429, -1.511
j:2, 3
j:0, 3
j:1, 2, stif=0.838
j:4, 0
j:5, 4
n:j=1, d=|
n:p=2, d=Gpart:ry=-1.322
n:j=0, d=@
c:0, 1, -1.177
c:2, 1, -3.143
",0.0001223939298202392,feasible,20
36,0,26,"//0
p:fr=0.472
p:0.919, 0.241, -0.291
p:1.493, -0.721, 0.349, fr=0.258
p:1.382, 0.583, 0.25, fr=1.112
p:0.243, 0.286, -0.93
p:1.885, 0.429, -1.511
j:2, 3
j:1, 3
j:0, 2, stif=0.838
j:4, 1
j:5, 4
n:j=1, d=|
n:p=2, d=Gpart:ry=-1.322
n:j=0, d=@
c:0, 1, -1.177
c:2, 1, -3.143
",0.0007740660158110159,"//0
p:fr=0.472
p:0.919, 0.241, -0.291
p:1.493, -0.721, 0.349, fr=0.258
p:1.382, 0.583, 0.25, fr=1.112
p:0.243, 0.286, -0.93
j:2, 3
j:1, 3
j:0, 2, stif=0.838
j:4, 1
n:j=1, d=|
n:p=2, d=Gpart:ry=-1.322
n:j=0, d=@
c:0, 1, -1.177
c:2, 1, -3.143
",0.0006690903997281894,feasible,20
36,0,26,"//0
p:fr=0.472
p:0.919, 0.241, -0.291
p:1.493, -0.721, 0.349, fr=0.258
p:1.382, 0.583, 0.25, fr=1.112
p:0.243, 0.286, -0.93
p:1.885, 0.429, -1.511
j:2, 3
j:1, 3
j:0, 2, stif=0.838
j:4, 1
j:5, 4
n:j=1, d=|
n:p=2, d=Gpart:ry=-1.322
n:j=0, d=@
c:0, 1, -1.177
c:2, 1, -3.143
",0.0007740660158110159,"//0
p:fr=0.472
p:0.919, 0.241, -0.291
p:1.493, -0.721, 0.349, fr=0.258
p:1.382, 0.583, 0.25, fr=2.283
p:0.243, 0.286, -0.93
p:1.885, 0.429, -1.511
j:2, 3
j:1, 3
j:0, 2, stif=0.838
j:4, 1
j:5, 4
n:j=1, d=|
n:p=2, d=Gpart:ry=-1.322
n:j=0, d=@
c:0, 1, -1.177
c:2, 1, -3.143
",0.0007740660158110159,feasible,20
36,0,26,"//0
p:fr=0.472
p:0.919, 0.241, -0.291
p:1.493, -0.721, 0.349, fr=0.258
p:1.382, 0.583, 0.25, fr=1.112
p:0.243, 0.286, -0.93
p:1.885, 0.429, -1.511
j:2, 3
j:1, 3
j:0, 2, stif=0.838
j:4, 1
j:5, 4
n:j=1, d=|
n:p=2, d=Gpart:ry=-1.322
n:j=0, d=@
c:0, 1, -1.177
c:2, 1, -3.143
",0.0007740660158110159,"//0
p:fr=0.472
p:0.919, 0.241, -0.291
p:1.493, -0.721, 0.349, fr=0.258
p:1.382, 0.583, 0.25, fr=1.112
p:0.243, 0.286, -0.93
p:1.885, 0.429, -1.511
j:2, 3
j:1, 3
j:0, 2, stif=0.838
j:4, 1
j:5, 4
n:j=1, d=|
n:p=2, d=""Gpart:ry=-1.322, rz=-1.558""
n:j=0, d=@
c:0, 1, -1.177
c:2, 1, -3.143
",0.0010998321052950162,feasible,20
36,0,26,"//0
p:fr=0.472
p:0.919, 0.241, -0.291
p:1.493, -0.721, 0.349, fr=0.258
p:1.382, 0.583, 0.25, fr=1.112
p:0.243, 0.286, -0.93
p:1.885, 0.429, -1.511
j:2, 3
j:1, 3
j:0, 2, stif=0.838
j:4, 1
j:5, 4
n:j=1, d=|
n:p=2, d=Gpart:ry=-1.322
n:j=0, d=@
c:0, 1, -1.177
c:2, 1, -3.143
",0.0007740660158110159,"//0
p:fr=0.472
p:0.919, 0.241, -0.291
p:1.493, -0.721, 0.349, fr=0.258
p:1.382, 0.583, 0.25, fr=1.112
p:0.243, 0.286, -0.93
p:1.885, 0.429, -1.511
j:2, 3
j:1, 3
j:0, 2, stif=0.838
j:4, 1
j:5, 4
n:j=1, d=|:p=0.271
n:p=2, d=Gpart:ry=-1.322
n:j=0, d=@
c:0, 1, -1.177
c:2, 1, -3.143
",0.0007658436187485903,feasible,20
36,0,26,"//0
p:fr=0.472
p:0.919, 0.241, -0.291
p:1.493, -0.721, 0.349, fr=0.258
p:1.382, 0.583, 0.25, fr=1.112
p:0.243, 0.286, -0.93
p:1.885, 0.429, -1.511
j:2, 3
j:1, 3
j:0, 2, stif=0.838
j:4, 1
j:5, 4
n:j=1, d=|
n:p=2, d=Gpart:ry=-1.322
n:j=0, d=@
c:0, 1, -1.177
c:2, 1, -3.143
",0.0007740660158110159,"//0
p:fr=0.472
p:0.919, 0.241, -0.291
p:1.493, -0.721, 0.349, fr=0.258
p:1.382, 0.583, 0.25, fr=1.112
p:0.243, 0.286, -0.93
p:1.885, 0.429, -1.511
j:2, 3
j:1, 3
j:0, 2, stif=0.838
j:4, 1
j:5, 4
n:j=1, d=|
n:p=2, d=Gpart:ry=-0.247
n:j=0, d=@
c:0, 1, -1.177
c:2, 1, -3.143
",0.00037613329260518445,feasible,20
36,0,27,"//0
p:fr=0.472
p:0.919, 0.241, -0.291
p:1.493, -0.721, 0.349, fr=0.258
p:1.382, 0.583, 0.25, fr=1.112
p:0.243, 0.286, -0.93
p:1.885, 0.429, -1.511
p:1.511, -0.975, 0.532
j:2, 3
j:1, 3
j:0, 2, stif=0.838
j:4, 1
j:5, 4
j:6, 2
n:j=1, d=|
n:p=2, d=Gpart:ry=-1.322
n:j=0, d=@
c:0, 1, -1.177
c:2, 1, -3.143
",0.0011981434822440089,"//0
p:fr=0.472
p:0.919, 0.241, -0.291
p:1.493, -0.721, 0.349, fr=0.258
p:1.382, 0.583, 0.25, fr=1.112
p:0.243, 0.286, -0.93
p:1.885, 0.429, -1.511
p:1.511, -0.975, 0.532
j:2, 3
j:1, 3
j:0, 2, stif=0.838
j:4, 1
j:5, 4
j:6, 2
n:j=1, d=|
n:p=2, d=Gpart:ry=-1.322
n:j=0, d=@:p=0.985
c:0, 1, -1.177
c:2, 1, -3.143
",0.0011028398219924153,feasible,20
36,0,27,"//0
p:fr=0.472
p:0.919, 0.241, -0.291
p:1.493, -0.721, 0.349, fr=0.258
p:1.382, 0.583, 0.25, fr=1.112
p:0.243, 0.286, -0.93
p:1.885, 0.429, -1.511
p:1.511, -0.975, 0.532
j:2, 3
j:1, 3
j:0, 2, stif=0.838
j:4, 1
j:5, 4
j:6, 2
n:j=1, d=|
n:p=2, d=Gpart:ry=-1.322
n:j=0, d=@
c:0, 1, -1.177
c:2, 1, -3.143
",0.0011981434822440089,"//0
p:fr=0.472
p:0.919, 0.241, -0.291
p:1.493, -0.721, 0.349, fr=0.258
p:1.382, 0.583, 0.25, fr=1.112
p:0.243, 0.286, -0.93
p:1.885, 0.429, -1.511
p:1.511, -0.975, 0.532
j:2, 3
j:1, 3
j:0, 2, stif=0.838
j:4, 1
j:5, 4
j:6, 2
n:j=1, d=|
n:p=2, d=Gpart:ry=-1.322
n:j=0, d=@
c:0, 1, -1.831
c:2, 1, -3.143
",0.0011981434822440089,feasible,20
36,0,27,"//0
p:fr=0.472
p:0.919, 0.241, -0.291
p:1.493, -0.721, 0.349, fr=0.258
p:1.382, 0.583, 0.25, fr=1.112
p:0.243, 0.286, -0.93
p:1.885, 0.429, -1.511
p:1.511, -0.975, 0.532
j:2, 3
j:1, 3
j:0, 2, stif=0.838
j:4, 1
j:5, 4
j:6, 2
n:j=1, d=|
n:p=2, d=Gpart:ry=-1.322
n:j=0, d=@
c:0, 1, -1.177
c:2, 1, -3.143
",0.0011981434822440089,"//0
p:fr=0.472
p:0.919, 0.241, -0.291
p:1.493, -0.721, 0.349, fr=0.258
p:1.382, 0.583, 0.25, fr=1.112
p:0.243, 0.286, -0.93
p:1.511, -0.975, 0.532
j:2, 3
j:1, 3
j:0, 2, stif=0.838
j:4, 1
j:5, 2
n:j=1, d=|
n:p=2, d=Gpart:ry=-1.322
n:j=0, d=@
c:0, 1, -1.177
c:2, 1, -3.143
",0.00012526817775794407,feasible,20
36,0,27,"//0
p:fr=0.472
p:0.919, 0.241, -0.291
p:1.493, -0.721, 0.349, fr=0.258
p:1.382, 0.583, 0.25, fr=1.112
p:0.243, 0.286, -0.93
p:1.885, 0.429, -1.511
p:1.511, -0.975, 0.532
j:2, 3
j:1, 3
j:0, 2, stif=0.838
j:4, 1
j:5, 4
j:6, 2
n:j=1, d=|
n:p=2, d=Gpart:ry=-1.322
n:j=0, d=@
c:0, 1, -1.177
c:2, 1, -3.143
",0.0011981434822440089,"//0
p:fr=0.472
p:0.919, 0.241, -0.291
p:1.493, -0.721, 0.349, fr=0.258
p:1.382, 0.583, 0.25, fr=1.112
p:0.243, 0.286, -0.93
p:1.885, 0.429, -1.511
p:1.511, -0.975, 0.532
j:2, 3
j:1, 3
j:0, 2, stif=0.838
j:4, 1
j:5, 4
j:6, 2
n:j=1, d=|
n:p=2, d=Gpart:ry=-1.322
n:j=0, d=@
n:p=2, d=Gpart
c:0, 1, -1.177
c:2, 1, -3.143
",0.0011981434822440089,feasible,20
36,0,27,"//0
p:fr=0.472
p:0.919, 0.241, -0.291
p:1.493, -0.721, 0.349, fr=0.258
p:1.382, 0.583, 0.25, fr=1.112
p:0.243, 0.286, -0.93
p:1.885, 0.429, -1.511
p:1.511, -0.975, 0.532
j:2, 3
j:1, 3
j:0, 2, stif=0.838
j:4, 1
j:5, 4
j:6, 2
n:j=1, d=|
n:p=2, d=Gpart:ry=-1.322
n:j=0, d=@
c:0, 1, -1.177
c:2, 1, -3.143
",0.0011981434822440089,"//0
p:fr=0.472
p:0.919, 0.241, -0.291
p:1.493, -0.721, 0.349, fr=0.258
p:1.382, 0.583, 0.25, fr=1.112
p:0.243, 0.286, -0.93
p:1.885, 0.429, -1.511
p:1.511, -0.975, 0.532
j:2, 3
j:1, 3
j:0, 2, stif=0.838
j:4, 1
j:5, 4
j:6, 2
n:j=1, d=|:p=0.425
n:p=2, d=Gpart:ry=-1.322
n:j=0, d=@
c:0, 1, -1.177
c:2, 1, -3.143
",0.0002428593849720354,feasible,20
36,0,27,"//0
p:fr=0.472
p:0.919, 0.241, -0.291
p:1.493, -0.721, 0.349, fr=0.258
p:1.382, 0.583, 0.25, fr=1.112
p:0.243, 0.286, -0.93
p:1.885, 0.429, -1.511
p:1.511, -0.975, 0.532
j:2, 3
j:1, 3
j:0, 2, stif=0.838
j:4, 1
j:5, 4
j:6, 2
n:j=1, d=|
n:p=2, d=Gpart:ry=-1.322
n:j=0, d=@
c:0, 1, -1.177
c:2, 1, -3.143
",0.0011981434822440089,"//0
p:fr=0.472
p:0.919, 0.241, -0.291
p:1.493, -0.721, 0.349, fr=0.258
p:1.382, 0.583, 0.25, fr=1.112
p:0.243, 0.286, -0.93
p:1.845854319323259, 0.31415935515752, -1.3252577396460758
p:1.511, -0.975, 0.532
j:2, 3
j:1, 3
j:5, 2, stif=0.838
j:4, 1
j:0, 4
j:6, 2
n:j=1, d=|
n:p=2, d=Gpart:ry=-1.322
n:j=0, d=@
c:0, 1, -1.177
c:2, 1, -3.143
",0.0001537371194953567,feasible,20
36,0,27,"//0
p:fr=0.472
p:0.919, 0.241, -0.291
p:1.493, -0.721, 0.349, fr=0.258
p:1.382, 0.583, 0.25, fr=1.112
p:0.243, 0.286, -0.93
p:1.885, 0.429, -1.511
p:1.511, -0.975, 0.532
j:2, 3
j:1, 3
j:0, 2, stif=0.838
j:4, 1
j:5, 4
j:6, 2
n:j=1, d=|
n:p=2, d=Gpart:ry=-1.322
n:j=0, d=@
c:0, 1, -1.177
c:2, 1, -3.143
",0.0011981434822440089,"//0
p:fr=0.472
p:0.919, 0.241, -0.291
p:1.493, -0.721, 0.349, fr=0.258
p:1.382, 0.583, 0.25, fr=1.112
p:0.243, 0.286, -0.93
p:1.885, 0.429, -1.511
p:1.511, -0.975, 0.532
j:2, 3
j:1, 3
j:0, 2, stif=0.838
j:4, 1
j:5, 4
j:6, 2
n:j=1, d=|
n:p=2, d=Gpart:ry=-1.322
n:j=0, d=@
n:
c:0, 1, -1.177
c:2, 1, -3.143
c:3, 1, 2.751
",0.0011981434822440089,feasible,20
36,0,27,"//0
p:fr=0.472
p:0.919, 0.241, -0.291
p:1.493, -0.721, 0.349, fr=0.258
p:1.382, 0.583, 0.25, fr=1.112
p:0.243, 0.286, -0.93
p:1.885, 0.429, -1.511
p:1.511, -0.975, 0.532
j:2, 3
j:1, 3
j:0, 2, stif=0.838
j:4, 1
j:5, 4
j:6, 2
n:j=1, d=|
n:p=2, d=Gpart:ry=-1.322
n:j=0, d=@
c:0, 1, -1.177
c:2, 1, -3.143
",0.0011981434822440089,"//0
p:fr=0.472
p:0.919, 0.241, -0.291
p:1.493, -0.721, 0.349, fr=0.091
p:1.382, 0.583, 0.25, fr=1.112
p:0.243, 0.286, -0.93
p:1.885, 0.429, -1.511
p:1.511, -0.975, 0.532
j:2, 3
j:1, 3
j:0, 2, stif=0.838
j:4, 1
j:5, 4
j:6, 2
n:j=1, d=|
n:p=2, d=Gpart:ry=-1.322
n:j=0, d=@
c:0, 1, -1.177
c:2, 1, -3.143
",0.0014053784611305035,feasible,20
36,0,27,"//0
p:fr=0.472
p:0.919, 0.241, -0.291
p:1.493, -0.721, 0.349, fr=0.258
p:1.382, 0.583, 0.25, fr=1.112
p:0.243, 0.286, -0.93
p:1.885, 0.429, -1.511
p:1.511, -0.975, 0.532
j:2, 3
j:1, 3
j:0, 2, stif=0.838
j:4, 1
j:5, 4
j:6, 2
n:j=1, d=|
n:p=2, d=Gpart:ry=-1.322
n:j=0, d=@
c:0, 1, -1.177
c:2, 1, -3.143
",0.0011981434822440089,"//0
p:fr=0.472
p:0.919, 0.241, -0.291
p:1.493, -0.721, 0.349, fr=0.258
p:1.382, 0.583, 0.25, fr=1.112
p:0.243, 0.286, -0.93
p:1.885, 0.429, -1.511, fr=0.031
p:1.511, -0.975, 0.532
j:2, 3
j:1, 3
j:0, 2, stif=0.838
j:4, 1
j:5, 4
j:6, 2
n:j=1, d=|
n:p=2, d=Gpart:ry=-1.322
n:j=0, d=@
c:0, 1, -1.177
c:2, 1, -3.143
",0.0003504943394289577,feasible,20
36,0,27,"//0
p:fr=0.472
p:0.919, 0.241, -0.291
p:1.493, -0.721, 0.349, fr=0.258
p:1.382, 0.583, 0.25, fr=1.112
p:0.243, 0.286, -0.93
p:1.885, 0.429, -1.511
p:1.511, -0.975, 0.532
j:2, 3
j:1, 3
j:0, 2, stif=0.838
j:4, 1
j:5, 4
j:6, 2
n:j=1, d=|
n:p=2, d=Gpart:ry=-1.322
n:j=0, d=@
c:0, 1, -1.177
c:2, 1, -3.143
",0.0011981434822440089,"//0
p:fr=0.472
p:0.919, 0.241, -0.291
p:1.493, -0.721, 0.349, fr=0.258
p:1.382, 0.583, 0.25, fr=1.112
p:0.243, 0.286, -0.93
p:1.885, 0.429, -1.511
p:1.511, -0.975, 0.532
p:3.121, 0.469, -0.623
j:2, 3
j:1, 3
j:0, 2, stif=0.838
j:4, 1
j:5, 4
j:6, 2
j:7, 5
n:j=1, d=|
n:p=2, d=Gpart:ry=-1.322
n:j=0, d=@
c:0, 1, -1.177
c:2, 1, -3.143
",3.8323180974929594e-05,feasible,20
36,0,27,"//0
p:fr=0.472
p:0.919, 0.241, -0.291
p:1.493, -0.721, 0.349, fr=0.258
p:1.382, 0.583, 0.25, fr=1.112
p:0.243, 0.286, -0.93
p:1.885, 0.429, -1.511
p:1.511, -0.975, 0.532
j:2, 3
j:1, 3
j:0, 2, stif=0.838
j:4, 1
j:5, 4
j:6, 2
n:j=1, d=|
n:p=2, d=Gpart:ry=-1.322
n:j=0, d=@
c:0, 1, -1.177
c:2, 1, -3.143
",0.0011981434822440089,"//0
p:fr=0.472
p:0.919, 0.241, -0.291
p:1.493, -0.721, 0.349, fr=0.258
p:1.382, 0.583, 0.25, fr=1.112
p:0.243, 0.286, -0.93
p:1.885, 0.429, -1.511
j:2, 3
j:1, 3
j:0, 2, stif=0.838
j:4, 1
j:5, 4
n:j=1, d=|
n:p=2, d=Gpart:ry=-1.322
n:j=0, d=@
c:0, 1, -1.177
c:2, 1, -3.143
",0.0007740660158110159,feasible,20
36,0,27,"//0
p:fr=0.472
p:0.919, 0.241, -0.291
p:1.493, -0.721, 0.349, fr=0.258
p:1.382, 0.583, 0.25, fr=1.112
p:0.243, 0.286, -0.93
p:1.885, 0.429, -1.511
p:1.511, -0.975, 0.532
j:2, 3
j:1, 3
j:0, 2, stif=0.838
j:4, 1
j:5, 4
j:6, 2
n:j=1, d=|
n:p=2, d=Gpart:ry=-1.322
n:j=0, d=@
c:0, 1, -1.177
c:2, 1, -3.143
",0.0011981434822440089,"//0
p:fr=0.472
p:0.919, 0.241, -0.291
p:1.493, -0.721, 0.349, fr=0.258
p:1.382, 0.583, 0.25, fr=1.112
p:0.243, 0.286, -0.93
p:1.885, 0.429, -1.511
p:1.511, -0.975, 0.532
j:2, 3
j:1, 3, stif=0.891
j:0, 2, stif=0.838
j:4, 1
j:5, 4
j:6, 2
n:j=1, d=|
n:p=2, d=Gpart:ry=-1.322
n:j=0, d=@
c:0, 1, -1.177
c:2, 1, -3.143
",0.0011812789539875964,feasible,20
36,0,27,"//0
p:fr=0.472
p:0.919, 0.241, -0.291
p:1.493, -0.721, 0.349, fr=0.258
p:1.382, 0.583, 0.25, fr=1.112
p:0.243, 0.286, -0.93
p:1.885, 0.429, -1.511
p:1.511, -0.975, 0.532
j:2, 3
j:1, 3
j:0, 2, stif=0.838
j:4, 1
j:5, 4
j:6, 2
n:j=1, d=|
n:p=2, d=Gpart:ry=-1.322
n:j=0, d=@
c:0, 1, -1.177
c:2, 1, -3.143
",0.0011981434822440089,"//0
p:fr=0.472
p:0.919, 0.241, -0.291
p:1.493, -0.721, 0.349, fr=0.258
p:1.382, 0.583, 0.25, fr=1.112
p:0.243, 0.286, -0.93
p:1.885, 0.429, -1.511
p:1.511, -0.975, 0.532
j:2, 6
j:1, 6
j:0, 2, stif=0.838
j:4, 1
j:5, 4
j:3, 2
n:j=1, d=|
n:p=2, d=Gpart:ry=-1.322
n:j=0, d=@
c:0, 1, -1.177
c:2, 1, -3.143
",1.4649961429582483e-05,feasible,20
36,0,27,"//0
p:fr=0.472
p:0.919, 0.241, -0.291
p:1.493, -0.721, 0.349, fr=0.258
p:1.382, 0.583, 0.25, fr=1.112
p:0.243, 0.286, -0.93
p:1.885, 0.429, -1.511
p:1.511, -0.975, 0.532
j:2, 3
j:1, 3
j:0, 2, stif=0.838
j:4, 1
j:5, 4
j:6, 2
n:j=1, d=|
n:p=2, d=Gpart:ry=-1.322
n:j=0, d=@
c:0, 1, -1.177
c:2, 1, -3.143
",0.0011981434822440089,"//0
p:fr=0.472
p:0.919, 0.241, -0.291
p:1.493, -0.721, 0.349, fr=0.258
p:1.382, 0.583, 0.25, fr=1.112
p:0.243, 0.286, -0.93
p:1.885, 0.429, -1.511
p:1.511, -0.975, 0.532
j:2, 3
j:1, 3
j:0, 2, stif=0.838
j:4, 1
j:5, 4
j:6, 2
n:j=1, d=|
n:p=2, d=Gpart:ry=-1.322
c:0, 1, -1.177
",1.1360178521618044e-05,feasible,20
36,0,27,"//0
p:fr=0.472
p:0.919, 0.241, -0.291
p:1.493, -0.721, 0.349, fr=0.258
p:1.382, 0.583, 0.25, fr=1.112
p:0.243, 0.286, -0.93
p:1.885, 0.429, -1.511
p:1.511, -0.975, 0.532
j:2, 3
j:1, 3
j:0, 2, stif=0.838
j:4, 1
j:5, 4
j:6, 2
n:j=1, d=|
n:p=2, d=Gpart:ry=-1.322
n:j=0, d=@
c:0, 1, -1.177
c:2, 1, -3.143
",0.0011981434822440089,"//0
p:fr=0.472
p:0.919, 0.241, -0.291
p:1.493, -0.721, 0.349, fr=0.258
p:1.382, 0.583, 0.25, fr=1.112
p:0.243, 0.286, -0.93
p:1.885, 0.429, -1.511
p:1.511, -0.975, 0.532
j:2, 3
j:1, 3
j:0, 2, stif=0.838
j:4, 1
j:5, 4
j:6, 2, rotstif=0.949
n:j=1, d=|
n:p=2, d=Gpart:ry=-1.322
n:j=0, d=@
c:0, 1, -1.177
c:2, 1, -3.143
",0.0011981434822440089,feasible,20
36,0,27,"//0
p:fr=0.472
p:0.919, 0.241, -0.291
p:1.493, -0.721, 0.349, fr=0.258
p:1.382, 0.583, 0.25, fr=1.112
p:0.243, 0.286, -0.93
p:1.885, 0.429, -1.511
p:1.511, -0.975, 0.532
j:2, 3
j:1, 3
j:0, 2, stif=0.838
j:4, 1
j:5, 4
j:6, 2
n:j=1, d=|
n:p=2, d=Gpart:ry=-1.322
n:j=0, d=@
c:0, 1, -1.177
c:2, 1, -3.143
",0.0011981434822440089,"//0
p:fr=0.472
p:0.919, 0.241, -0.291
p:1.493, -0.721, 0.349, fr=0.258
p:1.382, 0.583, 0.25, fr=1.112
p:0.243, 0.286, -0.93
p:1.885, 0.429, -1.511
p:1.511, -0.975, 0.532
j:2, 3
j:1, 3
j:0, 2, stif=0.838
j:4, 1
j:5, 4
j:6, 2
n:j=1, d=|
n:p=2, d=Gpart:ry=-1.322
n:j=0, d=@
c:0, 1, -1.177
c:2, 1, -3.856
",0.00133351825896051,feasible,20
36,0,27,"//0
p:fr=0.472
p:0.919, 0.241, -0.291
p:1.493, -0.721, 0.349, fr=0.258
p:1.382, 0.583, 0.25, fr=1.112
p:0.243, 0.286, -0.93
p:1.885, 0.429, -1.511
p:1.511, -0.975, 0.532
j:2, 3
j:1, 3
j:0, 2, stif=0.838
j:4, 1
j:5, 4
j:6, 2
n:j=1, d=|
n:p=2, d=Gpart:ry=-1.322
n:j=0, d=@
c:0, 1, -1.177
c:2, 1, -3.143
",0.0011981434822440089,"//0
p:fr=0.472
p:0.919, 0.241, -0.291
p:1.493, -0.721, 0.349, fr=0.258
p:1.382, 0.583, 0.25, fr=1.112
p:0.243, 0.286, -0.93
p:1.885, 0.429, -1.511
p:1.511, -0.975, 0.532
j:2, 3
j:1, 3
j:0, 2, stif=0.838
j:4, 1
j:5, 4
j:6, 2
n:j=1, d=|
n:p=2, d=Gpart:ry=-2.83
n:j=0, d=@
c:0, 1, -1.177
c:2, 1, -3.143
",7.289965794531338e-05,feasible,20
36,0,27,"//0
p:fr=0.472
p:0.919, 0.241, -0.291
p:1.493, -0.721, 0.349, fr=0.258
p:1.382, 0.583, 0.25, fr=1.112
p:0.243, 0.286, -0.93
p:1.885, 0.429, -1.511
p:1.511, -0.975, 0.532
j:2, 3
j:1, 3
j:0, 2, stif=0.838
j:4, 1
j:5, 4
j:6, 2
n:j=1, d=|
n:p=2, d=Gpart:ry=-1.322
n:j=0, d=@
c:0, 1, -1.177
c:2, 1, -3.143
",0.0011981434822440089,"//0
p:fr=0.472
p:0.919, 0.241, -0.291
p:1.493, -0.721, 0.349, fr=0.258
p:1.382, 0.583, 0.25, fr=1.112
p:0.243, 0.286, -0.93
p:1.885, 0.429, -1.511
p:1.511, -0.975, 0.532
p:1.822, -0.049, 0.574
j:2, 3
j:1, 3
j:0, 2, stif=0.838
j:4, 1
j:5, 4
j:6, 2
j:7, 3
n:j=1, d=|
n:p=2, d=Gpart:ry=-1.322
n:j=0, d=@
c:0, 1, -1.177
c:2, 1, -3.143
",7.021524688924515e-05,feasible,20
36,0,27,"//0
p:fr=0.472
p:0.919, 0.241, -0.291
p:1.493, -0.721, 0.349, fr=0.258
p:1.382, 0.583, 0.25, fr=1.112
p:0.243, 0.286, -0.93
p:1.885, 0.429, -1.511
p:1.511, -0.975, 0.532
j:2, 3
j:1, 3
j:0, 2, stif=0.838
j:4, 1
j:5, 4
j:6, 2
n:j=1, d=|
n:p=2, d=Gpart:ry=-1.322
n:j=0, d=@
c:0, 1, -1.177
c:2, 1, -3.143
",0.0011981434822440089,"//0
p:fr=0.472
p:0.919, 0.241, -0.291
p:1.493, -0.721, 0.349, fr=0.258
p:1.382, 0.583, 0.25, fr=1.112
p:0.243, 0.286, -0.93
p:1.885, 0.429, -1.511
p:1.511, -0.975, 0.532
j:2, 3
j:1, 3
j:0, 2, stif=0.838
j:4, 1, stif=0.93
j:5, 4
j:6, 2
n:j=1, d=|
n:p=2, d=Gpart:ry=-1.322
n:j=0, d=@
c:0, 1, -1.177
c:2, 1, -3.143
",0.001266879693490845,feasible,20
36,0,27,"//0
p:fr=0.472
p:0.919, 0.241, -0.291
p:1.493, -0.721, 0.349, fr=0.258
p:1.382, 0.583, 0.25, fr=1.112
p:0.243, 0.286, -0.93
p:1.885, 0.429, -1.511
p:1.511, -0.975, 0.532
j:2, 3
j:1, 3
j:0, 2, stif=0.838
j:4, 1
j:5, 4
j:6, 2
n:j=1, d=|
n:p=2, d=Gpart:ry=-1.322
n:j=0, d=@
c:0, 1, -1.177
c:2, 1, -3.143
",0.0011981434822440089,"//0
p:fr=0.472
p:0.919, 0.241, -0.291
p:1.493, -0.721, 0.349, fr=0.258
p:1.382, 0.583, 0.25, fr=1.112, ing=0.215
p:0.243, 0.286, -0.93
p:1.885, 0.429, -1.511
p:1.511, -0.975, 0.532
j:2, 3
j:1, 3
j:0, 2, stif=0.838
j:4, 1
j:5, 4
j:6, 2
n:j=1, d=|
n:p=2, d=Gpart:ry=-1.322
n:j=0, d=@
c:0, 1, -1.177
c:2, 1, -3.143
",0.0011981434822440089,feasible,20
36,0,28,"//0
p:fr=0.472
p:0.919, 0.241, -0.291
p:1.493, -0.721, 0.349, fr=0.047
p:1.382, 0.583, 0.25, fr=1.112
p:0.243, 0.286, -0.93
p:1.885, 0.429, -1.511
p:1.511, -0.975, 0.532
j:2, 3
j:1, 3
j:0, 2, stif=0.838
j:4, 1
j:5, 4
j:6, 2
n:j=1, d=|
n:p=2, d=Gpart:ry=-1.322
n:j=0, d=@
c:0, 1, -1.177
c:2, 1, -3.143
",0.0017184036259860764,"//0
p:fr=0.472
p:0.919, 0.241, -0.291
p:1.493, -0.721, 0.349, fr=0.047
p:1.382, 0.583, 0.25, fr=1.112
p:0.243, 0.286, -0.93
p:1.885, 0.429, -1.511, ing=0.403
p:1.511, -0.975, 0.532
j:2, 3
j:1, 3
j:0, 2, stif=0.838
j:4, 1
j:5, 4
j:6, 2
n:j=1, d=|
n:p=2, d=Gpart:ry=-1.322
n:j=0, d=@
c:0, 1, -1.177
c:2, 1, -3.143
",0.0017184036259860764,feasible,22
36,0,28,"//0
p:fr=0.472
p:0.919, 0.241, -0.291
p:1.493, -0.721, 0.349, fr=0.047
p:1.382, 0.583, 0.25, fr=1.112
p:0.243, 0.286, -0.93
p:1.885, 0.429, -1.511
p:1.511, -0.975, 0.532
j:2, 3
j:1, 3
j:0, 2, stif=0.838
j:4, 1
j:5, 4
j:6, 2
n:j=1, d=|
n:p=2, d=Gpart:ry=-1.322
n:j=0, d=@
c:0, 1, -1.177
c:2, 1, -3.143
",0.0017184036259860764,"//0
p:fr=0.472
p:0.919, 0.241, -0.291
p:1.493, -0.721, 0.349, fr=0.047
p:1.382, 0.583, 0.25, fr=1.112
p:0.243, 0.286, -0.93
p:1.885, 0.429, -1.511
p:1.511, -0.975, 0.532
j:2, 3
j:1, 3
j:6, 2, stif=0.838
j:4, 1
j:5, 4
j:0, 2
n:j=1, d=|
n:p=2, d=Gpart:ry=-1.322
n:j=0, d=@
c:0, 1, -1.177
c:2, 1, -3.143
",0.0010882456689311913,feasible,22
36,0,28,"//0
p:fr=0.472
p:0.919, 0.241, -0.291
p:1.493, -0.721, 0.349, fr=0.047
p:1.382, 0.583, 0.25, fr=1.112
p:0.243, 0.286, -0.93
p:1.885, 0.429, -1.511
p:1.511, -0.975, 0.532
j:2, 3
j:1, 3
j:0, 2, stif=0.838
j:4, 1
j:5, 4
j:6, 2
n:j=1, d=|
n:p=2, d=Gpart:ry=-1.322
n:j=0, d=@
c:0, 1, -1.177
c:2, 1, -3.143
",0.0017184036259860764,"//0
p:fr=0.472
p:0.919, 0.241, -0.291
p:1.493, -0.721, 0.349, fr=0.047
p:1.382, 0.583, 0.25, fr=1.112
p:0.243, 0.286, -0.93
p:1.885, 0.429, -1.511
p:1.511, -0.975, 0.532
j:2, 3
j:1, 3
j:0, 2, stif=0.838
j:4, 1, stif=0.991
j:5, 4
j:6, 2
n:j=1, d=|
n:p=2, d=Gpart:ry=-1.322
n:j=0, d=@
c:0, 1, -1.177
c:2, 1, -3.143
",0.001506021682472527,feasible,22
36,0,28,"//0
p:fr=0.472
p:0.919, 0.241, -0.291
p:1.493, -0.721, 0.349, fr=0.047
p:1.382, 0.583, 0.25, fr=1.112
p:0.243, 0.286, -0.93
p:1.885, 0.429, -1.511
p:1.511, -0.975, 0.532
j:2, 3
j:1, 3
j:0, 2, stif=0.838
j:4, 1
j:5, 4
j:6, 2
n:j=1, d=|
n:p=2, d=Gpart:ry=-1.322
n:j=0, d=@
c:0, 1, -1.177
c:2, 1, -3.143
",0.0017184036259860764,"//0
p:fr=0.472
p:0.919, 0.241, -0.291
p:1.493, -0.721, 0.349, fr=0.047
p:1.382, 0.583, 0.25, fr=1.112
p:0.243, 0.286, -0.93
p:1.885, 0.429, -1.511
p:1.511, -0.975, 0.532
j:2, 3
j:1, 3
j:0, 2, stif=0.838
j:4, 1
j:5, 4
j:6, 2
n:j=1, d=|
n:p=2, d=Gpart:ry=-1.322
n:j=0, d=@
n:j=5, d=G
c:0, 1, -1.177
c:2, 1, -3.143
",0.0017184036259860764,feasible,22
36,0,28,"//0
p:fr=0.472
p:0.919, 0.241, -0.291
p:1.493, -0.721, 0.349, fr=0.047
p:1.382, 0.583, 0.25, fr=1.112
p:0.243, 0.286, -0.93
p:1.885, 0.429, -1.511
p:1.511, -0.975, 0.532
j:2, 3
j:1, 3
j:0, 2, stif=0.838
j:4, 1
j:5, 4
j:6, 2
n:j=1, d=|
n:p=2, d=Gpart:ry=-1.322
n:j=0, d=@
c:0, 1, -1.177
c:2, 1, -3.143
",0.0017184036259860764,"//0
p:fr=0.472
p:0.919, 0.241, -0.291
p:1.493, -0.721, 0.349, fr=0.047
p:1.382, 0.583, 0.25, fr=1.112
p:0.243, 0.286, -0.93
p:1.885, 0.429, -1.511
p:1.511, -0.975, 0.532
j:2, 3
j:4, 3
j:0, 2, stif=0.838
j:1, 4
j:5, 1
j:6, 2
n:j=1, d=|
n:p=2, d=Gpart:ry=-1.322
n:j=0, d=@
c:0, 1, -1.177
c:2, 1, -3.143
",6.810549722676969e-05,feasible,22
36,0,28,"//0
p:fr=0.472
p:0.919, 0.241, -0.291
p:1.493, -0.721, 0.349, fr=0.047
p:1.382, 0.583, 0.25, fr=1.112
p:0.243, 0.286, -0.93
p:1.885, 0.429, -1.511
p:1.511, -0.975, 0.532
j:2, 3
j:1, 3
j:0, 2, stif=0.838
j:4, 1
j:5, 4
j:6, 2
n:j=1, d=|
n:p=2, d=Gpart:ry=-1.322
n:j=0, d=@
c:0, 1, -1.177
c:2, 1, -3.143
",0.0017184036259860764,"//0
p:fr=0.472
p:0.919, 0.241, -0.291
p:1.493, -0.721, 0.349, fr=0.047
p:1.382, 0.583, 0.25, fr=1.112
p:0.243, 0.286, -0.93
p:1.885, 0.429, -1.511
p:1.511, -0.975, 0.532
j:2, 3
j:1, 3
j:0, 2, stif=0.838
j:4, 1
j:5, 4
j:6, 2
n:j=1, d=|
n:p=2, d=Gpart:ry=-1.322
n:j=0, d=@:p=0.942
c:0, 1, -1.177
c:2, 1, -3.143
",0.0013122448642847167,feasible,22
36,0,28,"//0
p:fr=0.472
p:0.919, 0.241, -0.291
p:1.493, -0.721, 0.349, fr=0.047
p:1.382, 0.583, 0.25, fr=1.112
p:0.243, 0.286, -0.93
p:1.885, 0.429, -1.511
p:1.511, -0.975, 0.532
j:2, 3
j:1, 3
j:0, 2, stif=0.838
j:4, 1
j:5, 4
j:6, 2
n:j=1, d=|
n:p=2, d=Gpart:ry=-1.322
n:j=0, d=@
c:0, 1, -1.177
c:2, 1, -3.143
",0.0017184036259860764,"//0
p:fr=0.472
p:0.919, 0.241, -0.291
p:1.493, -0.721, 0.349, fr=0.047
p:1.382, 0.583, 0.25, fr=1.112
p:0.243, 0.286, -0.93
p:1.885, 0.429, -1.511
p:1.511, -0.975, 0.532
j:2, 3
j:1, 3
j:0, 2, stif=0.838
j:4, 1
j:5, 4
j:6, 2
n:j=1, d=|
n:p=2, d=Gpart:ry=-1.322
n:j=0, d=@:p=0.884
c:0, 1, -1.177
c:2, 1, -3.143
",0.0014435226077800976,feasible,22
36,0,28,"//0
p:fr=0.472
p:0.919, 0.241, -0.291
p:1.493, -0.721, 0.349, fr=0.047
p:1.382, 0.583, 0.25, fr=1.112
p:0.243, 0.286, -0.93
p:1.885, 0.429, -1.511
p:1.511, -0.975, 0.532
j:2, 3
j:1, 3
j:0, 2, stif=0.838
j:4, 1
j:5, 4
j:6, 2
n:j=1, d=|
n:p=2, d=Gpart:ry=-1.322
n:j=0, d=@
c:0, 1, -1.177
c:2, 1, -3.143
",0.0017184036259860764,"//0
p:fr=0.472
p:0.919, 0.241, -0.291
p:1.493, -0.721, 0.349, fr=0.047
p:1.382, 0.583, 0.25, fr=1.112
p:0.243, 0.286, -0.93
p:1.885, 0.429, -1.511
j:2, 3
j:1, 3
j:0, 2, stif=0.838
j:4, 1
j:5, 4
n:j=1, d=|
n:p=2, d=Gpart:ry=-1.322
n:j=0, d=@
c:0, 1, -1.177
c:2, 1, -3.143
",0.00047936148832956383,feasible,22
36,0,28,"//0
p:fr=0.472
p:0.919, 0.241, -0.291
p:1.493, -0.721, 0.349, fr=0.047
p:1.382, 0.583, 0.25, fr=1.112
p:0.243, 0.286, -0.93
p:1.885, 0.429, -1.511
p:1.511, -0.975, 0.532
j:2, 3
j:1, 3
j:0, 2, stif=0.838
j:4, 1
j:5, 4
j:6, 2
n:j=1, d=|
n:p=2, d=Gpart:ry=-1.322
n:j=0, d=@
c:0, 1, -1.177
c:2, 1, -3.143
",0.0017184036259860764,"//0
p:fr=0.472
p:0.919, 0.241, -0.291
p:1.493, -0.721, 0.349, fr=0.047
p:1.382, 0.583, 0.25, fr=1.112
p:0.243, 0.286, -0.93
p:1.885, 0.429, -1.511
p:1.511, -0.975, 0.532
j:2, 3
j:1, 3
j:0, 2, stif=0.838
j:4, 1
j:5, 4
j:6, 2
n:j=1, d=|
n:p=2, d=Gpart:ry=-1.322
n:j=0, d=@
c:0, 1, -0.026
c:2, 1, -3.143
",0.0015781005305679188,feasible,22
36,0,28,"//0
p:fr=0.472
p:0.919, 0.241, -0.291
p:1.493, -0.721, 0.349, fr=0.047
p:1.382, 0.583, 0.25, fr=1.112
p:0.243, 0.286, -0.93
p:1.885, 0.429, -1.511
p:1.511, -0.975, 0.532
j:2, 3
j:1, 3
j:0, 2, stif=0.838
j:4, 1
j:5, 4
j:6, 2
n:j=1, d=|
n:p=2, d=Gpart:ry=-1.322
n:j=0, d=@
c:0, 1, -1.177
c:2, 1, -3.143
",0.0017184036259860764,"//0
p:fr=0.472
p:0.919, 0.241, -0.291
p:1.493, -0.721, 0.349, fr=0.047
p:1.382, 0.583, 0.25, fr=1.112
p:0.243, 0.286, -0.93
p:1.885, 0.429, -1.511
p:1.511, -0.975, 0.532
j:2, 3
j:1, 3
j:0, 2, stif=0.838
j:4, 1
j:5, 4, stif=0.997
j:6, 2
n:j=1, d=|
n:p=2, d=Gpart:ry=-1.322
n:j=0, d=@
c:0, 1, -1.177
c:2, 1, -3.143
",0.0012947093991428026,feasible,22
36,0,28,"//0
p:fr=0.472
p:0.919, 0.241, -0.291
p:1.493, -0.721, 0.349, fr=0.047
p:1.382, 0.583, 0.25, fr=1.112
p:0.243, 0.286, -0.93
p:1.885, 0.429, -1.511
p:1.511, -0.975, 0.532
j:2, 3
j:1, 3
j:0, 2, stif=0.838
j:4, 1
j:5, 4
j:6, 2
n:j=1, d=|
n:p=2, d=Gpart:ry=-1.322
n:j=0, d=@
c:0, 1, -1.177
c:2, 1, -3.143
",0.0017184036259860764,"//0
p:fr=0.472
p:0.919, 0.241, -0.291
p:1.493, -0.721, 0.349, fr=0.047
p:1.382, 0.583, 0.25, fr=1.112
p:0.243, 0.286, -0.93
p:1.845854319323259, 0.31415935515752, -1.3252577396460758
p:1.511, -0.975, 0.532
j:2, 5
j:1, 5
j:0, 2, stif=0.838
j:4, 1
j:3, 4
j:6, 2
n:j=1, d=|
n:p=2, d=Gpart:ry=-1.322
n:j=0, d=@
c:0, 1, -1.177
c:2, 1, -3.143
",0.00030510157390301653,feasible,22
36,0,28,"//0
p:fr=0.472
p:0.919, 0.241, -0.291
p:1.493, -0.721, 0.349, fr=0.047
p:1.382, 0.583, 0.25, fr=1.112
p:0.243, 0.286, -0.93
p:1.885, 0.429, -1.511
p:1.511, -0.975, 0.532
j:2, 3
j:1, 3
j:0, 2, stif=0.838
j:4, 1
j:5, 4
j:6, 2
n:j=1, d=|
n:p=2, d=Gpart:ry=-1.322
n:j=0, d=@
c:0, 1, -1.177
c:2, 1, -3.143
",0.0017184036259860764,"//0
p:fr=0.472
p:0.919, 0.241, -0.291
p:1.493, -0.721, 0.349, fr=0.047
p:1.382, 0.583, 0.25, fr=1.112
p:0.243, 0.286, -0.93
p:1.885, 0.429, -1.511
p:1.511, -0.975, 0.532
p:0.47, 0.636, -0.186
j:2, 3
j:1, 3
j:0, 2, stif=0.838
j:4, 1
j:5, 4
j:6, 2
j:7, 0
n:j=1, d=|
n:p=2, d=Gpart:ry=-1.322
n:j=0, d=@
c:0, 1, -1.177
c:2, 1, -3.143
",0.00011679126649912842,feasible,22
36,0,28,"//0
p:fr=0.472
p:0.919, 0.241, -0.291
p:1.493, -0.721, 0.349, fr=0.047
p:1.382, 0.583, 0.25, fr=1.112
p:0.243, 0.286, -0.93
p:1.885, 0.429, -1.511
p:1.511, -0.975, 0.532
j:2, 3
j:1, 3
j:0, 2, stif=0.838
j:4, 1
j:5, 4
j:6, 2
n:j=1, d=|
n:p=2, d=Gpart:ry=-1.322
n:j=0, d=@
c:0, 1, -1.177
c:2, 1, -3.143
",0.0017184036259860764,"//0
p:fr=0.472
p:0.919, 0.241, -0.291
p:1.493, -0.721, 0.349, fr=0.34
p:1.382, 0.583, 0.25, fr=1.112
p:0.243, 0.286, -0.93
p:1.885, 0.429, -1.511
p:1.511, -0.975, 0.532
j:2, 3
j:1, 3
j:0, 2, stif=0.838
j:4, 1
j:5, 4
j:6, 2
n:j=1, d=|
n:p=2, d=Gpart:ry=-1.322
n:j=0, d=@
c:0, 1, -1.177
c:2, 1, -3.143
",0.0009436388997460148,feasible,22
36,0,28,"//0
p:fr=0.472
p:0.919, 0.241, -0.291
p:1.493, -0.721, 0.349, fr=0.047
p:1.382, 0.583, 0.25, fr=1.112
p:0.243, 0.286, -0.93
p:1.885, 0.429, -1.511
p:1.511, -0.975, 0.532
j:2, 3
j:1, 3
j:0, 2, stif=0.838
j:4, 1
j:5, 4
j:6, 2
n:j=1, d=|
n:p=2, d=Gpart:ry=-1.322
n:j=0, d=@
c:0, 1, -1.177
c:2, 1, -3.143
",0.0017184036259860764,"//0
p:fr=0.472
p:0.919, 0.241, -0.291
p:1.493, -0.721, 0.349, fr=0.047
p:1.382, 0.583, 0.25, fr=1.112
p:0.243, 0.286, -0.93, ing=0.488
p:1.885, 0.429, -1.511
p:1.511, -0.975, 0.532
j:2, 3
j:1, 3
j:0, 2, stif=0.838
j:4, 1
j:5, 4
j:6, 2
n:j=1, d=|
n:p=2, d=Gpart:ry=-1.322
n:j=0, d=@
c:0, 1, -1.177
c:2, 1, -3.143
",0.0017184036259860764,feasible,22
36,0,28,"//0
p:fr=0.472
p:0.919, 0.241, -0.291
p:1.493, -0.721, 0.349, fr=0.047
p:1.382, 0.583, 0.25, fr=1.112
p:0.243, 0.286, -0.93
p:1.885, 0.429, -1.511
p:1.511, -0.975, 0.532
j:2, 3
j:1, 3
j:0, 2, stif=0.838
j:4, 1
j:5, 4
j:6, 2
n:j=1, d=|
n:p=2, d=Gpart:ry=-1.322
n:j=0, d=@
c:0, 1, -1.177
c:2, 1, -3.143
",0.0017184036259860764,"//0
p:fr=0.472
p:0.919, 0.241, -0.291
p:1.493, -0.721, 0.349, fr=0.047
p:1.382, 0.583, 0.25, fr=1.112
p:0.243, 0.286, -0.93
p:1.885, 0.429, -1.511
p:1.511, -0.975, 0.532
p:1.515, 0.677, 1.095
j:2, 3
j:1, 3
j:0, 2, stif=0.838
j:4, 1
j:5, 4
j:6, 2
j:7, 3
n:j=1, d=|
n:p=2, d=Gpart:ry=-1.322
n:j=0, d=@
c:0, 1, -1.177
c:2, 1, -3.143
",0.00032370618711900285,feasible,22
36,0,28,"//0
p:fr=0.472
p:0.919, 0.241, -0.291
p:1.493, -0.721, 0.349, fr=0.047
p:1.382, 0.583, 0.25, fr=1.112
p:0.243, 0.286, -0.93
p:1.885, 0.429, -1.511
p:1.511, -0.975, 0.532
j:2, 3
j:1, 3
j:0, 2, stif=0.838
j:4, 1
j:5, 4
j:6, 2
n:j=1, d=|
n:p=2, d=Gpart:ry=-1.322
n:j=0, d=@
c:0, 1, -1.177
c:2, 1, -3.143
",0.0017184036259860764,"//0
p:0.919, 0.241, -0.291
p:1.493, -0.721, 0.349, fr=0.047
p:1.382, 0.583, 0.25, fr=1.112
p:0.243, 0.286, -0.93
p:1.885, 0.429, -1.511
p:1.511, -0.975, 0.532
j:1, 2
j:0, 2
j:3, 0
j:4, 3
j:5, 1
n:j=1, d=|
n:p=1, d=Gpart:ry=-1.322
n:j=0, d=@
c:0, 1, -1.177
c:2, 1, -3.143
",5.0843436113271846e-05,feasible,22
36,0,28,"//0
p:fr=0.472
p:0.919, 0.241, -0.291
p:1.493, -0.721, 0.349, fr=0.047
p:1.382, 0.583, 0.25, fr=1.112
p:0.243, 0.286, -0.93
p:1.885, 0.429, -1.511
p:1.511, -0.975, 0.532
j:2, 3
j:1, 3
j:0, 2, stif=0.838
j:4, 1
j:5, 4
j:6, 2
n:j=1, d=|
n:p=2, d=Gpart:ry=-1.322
n:j=0, d=@
c:0, 1, -1.177
c:2, 1, -3.143
",0.0017184036259860764,"//0
p:fr=0.472
p:0.919, 0.241, -0.291
p:1.493, -0.721, 0.349, fr=0.047
p:1.382, 0.583, 0.25, fr=1.112
p:0.243, 0.286, -0.93
p:1.885, 0.429, -1.511
p:1.511, -0.975, 0.532
j:2, 3
j:1, 3
j:0, 2, stif=0.838, rotstif=0.965
j:4, 1
j:5, 4
j:6, 2
n:j=1, d=|
n:p=2, d=Gpart:ry=-1.322
n:j=0, d=@
c:0, 1, -1.177
c:2, 1, -3.143
",0.0017184036259860764,feasible,22
36,0,28,"//0
p:fr=0.472
p:0.919, 0.241, -0.291
p:1.493, -0.721, 0.349, fr=0.047
p:1.382, 0.583, 0.25, fr=1.112
p:0.243, 0.286, -0.93
p:1.885, 0.429, -1.511
p:1.511, -0.975, 0.532
j:2, 3
j:1, 3
j:0, 2, stif=0.838
j:4, 1
j:5, 4
j:6, 2
n:j=1, d=|
n:p=2, d=Gpart:ry=-1.322
n:j=0, d=@
c:0, 1, -1.177
c:2, 1, -3.143
",0.0017184036259860764,"//0
p:fr=0.472
p:0.919, 0.241, -0.291
p:1.493, -0.721, 0.349, fr=0.047
p:1.382, 0.583, 0.25, fr=1.112
p:0.243, 0.286, -0.93
p:1.885, 0.429, -1.511
p:1.511, -0.975, 0.532
j:2, 3
j:1, 3
j:0, 2, stif=0.838
j:4, 1
j:5, 4
j:6, 2
n:j=1, d=|:r=0.936
n:p=2, d=Gpart:ry=-1.322
n:j=0, d=@
c:0, 1, -1.177
c:2, 1, -3.143
",0.0017184036259860764,feasible,22
36,0,28,"//0
p:fr=0.472
p:0.919, 0.241, -0.291
p:1.493, -0.721, 0.349, fr=0.047
p:1.382, 0.583, 0.25, fr=1.112
p:0.243, 0.286, -0.93
p:1.885, 0.429, -1.511
p:1.511, -0.975, 0.532
j:2, 3
j:1, 3
j:0, 2, stif=0.838
j:4, 1
j:5, 4
j:6, 2
n:j=1, d=|
n:p=2, d=Gpart:ry=-1.322
n:j=0, d=@
c:0, 1, -1.177
c:2, 1, -3.143
",0.0017184036259860764,"//0
p:fr=0.472
p:0.919, 0.241, -0.291
p:1.493, -0.721, 0.349, fr=0.047
p:1.382, 0.583, 0.25, fr=1.112
p:0.243, 0.286, -0.93
p:1.885, 0.429, -1.511
p:1.511, -0.975, 0.532
j:2, 3
j:1, 3
j:0, 2, stif=0.838
j:4, 1
j:5, 4
j:6, 2
n:j=1, d=|:r=0.913
n:p=2, d=Gpart:ry=-1.322
n:j=0, d=@
c:0, 1, -1.177
c:2, 1, -3.143
",0.0017184036259860764,feasible,22
36,0,28,"//0
p:fr=0.472
p:0.919, 0.241, -0.291
p:1.493, -0.721, 0.349, fr=0.047
p:1.382, 0.583, 0.25, fr=1.112
p:0.243, 0.286, -0.93
p:1.885, 0.429, -1.511
p:1.511, -0.975, 0.532
j:2, 3
j:1, 3
j:0, 2, stif=0.838
j:4, 1
j:5, 4
j:6, 2
n:j=1, d=|
n:p=2, d=Gpart:ry=-1.322
n:j=0, d=@
c:0, 1, -1.177
c:2, 1, -3.143
",0.0017184036259860764,"//0
p:fr=0.472
p:0.919, 0.241, -0.291
p:1.493, -0.721, 0.349, fr=0.047
p:1.382, 0.583, 0.25, fr=1.112
p:0.243, 0.286, -0.93
p:1.885, 0.429, -1.511
p:1.511, -0.975, 0.532
j:2, 3
j:1, 3
j:0, 2, stif=0.838
j:4, 1
j:5, 4, stif=0.828
j:6, 2
n:j=1, d=|
n:p=2, d=Gpart:ry=-1.322
n:j=0, d=@
c:0, 1, -1.177
c:2, 1, -3.143
",0.0016629655894724437,feasible,22
36,0,29,"//0
p:fr=0.472
p:0.919, 0.241, -0.291
p:1.493, -0.721, 0.349, fr=0.047
p:1.382, 0.583, 0.25, fr=1.112
p:0.243, 0.286, -0.93
p:1.885, 0.429, -1.511
p:1.511, -0.975, 0.532
j:2, 3
j:1, 3
j:0, 2, stif=0.838
j:4, 1
j:5, 4
j:6, 2
n:j=1, d=|
n:p=2, d=Gpart:ry=-1.322
n:j=0, d=@
c:0, 1, -1.177
c:2, 1, -8.603
",0.0017608228617757966,"//0
p:-0.29002337466191985, 0.16263547974410664, 0.15096963781626135, fr=0.472
p:0.919, 0.241, -0.291
p:1.493, -0.721, 0.349, fr=0.047
p:1.382, 0.583, 0.25, fr=1.112
p:0.243, 0.286, -0.93
p:1.885, 0.429, -1.511
p:1.511, -0.975, 0.532
j:2, 3
j:1, 3
j:0, 2, stif=0.838
j:4, 1
j:5, 4
j:6, 2
n:j=1, d=|
n:p=2, d=Gpart:ry=-1.322
n:j=0, d=@
c:0, 1, -1.177
c:2, 1, -8.603
",0.0018095752421810566,feasible,20
36,0,29,"//0
p:fr=0.472
p:0.919, 0.241, -0.291
p:1.493, -0.721, 0.349, fr=0.047
p:1.382, 0.583, 0.25, fr=1.112
p:0.243, 0.286, -0.93
p:1.885, 0.429, -1.511
p:1.511, -0.975, 0.532
j:2, 3
j:1, 3
j:0, 2, stif=0.838
j:4, 1
j:5, 4
j:6, 2
n:j=1, d=|
n:p=2, d=Gpart:ry=-1.322
n:j=0, d=@
c:0, 1, -1.177
c:2, 1, -8.603
",0.0017608228617757966,"//0
p:fr=0.472
p:0.919, 0.241, -0.291
p:1.493, -0.721, 0.349, fr=0.047
p:1.382, 0.583, 0.25, fr=1.112
p:0.243, 0.286, -0.93
p:1.885, 0.429, -1.511
p:1.511, -0.975, 0.532
j:2, 3
j:1, 3
j:0, 2, stif=0.838
j:4, 1
j:5, 4
j:6, 2
n:j=1, d=|
n:p=2, d=Gpart:ry=-1.322
n:j=0, d=@
c:0, 1, -4.811
c:2, 1, -8.603
",0.0017716147494278556,feasible,20
36,0,29,"//0
p:fr=0.472
p:0.919, 0.241, -0.291
p:1.493, -0.721, 0.349, fr=0.047
p:1.382, 0.583, 0.25, fr=1.112
p:0.243, 0.286, -0.93
p:1.885, 0.429, -1.511
p:1.511, -0.975, 0.532
j:2, 3
j:1, 3
j:0, 2, stif=0.838
j:4, 1
j:5, 4
j:6, 2
n:j=1, d=|
n:p=2, d=Gpart:ry=-1.322
n:j=0, d=@
c:0, 1, -1.177
c:2, 1, -8.603
",0.0017608228617757966,"//0
p:fr=0.472
p:0.919, 0.241, -0.291
p:1.493, -0.721, 0.349, fr=0.047
p:1.382, 0.583, 0.25, fr=1.112
p:0.243, 0.286, -0.93
p:1.885, 0.429, -1.511
p:1.511, -0.975, 0.532
j:2, 3
j:1, 3
j:0, 2, stif=0.838
j:4, 1
j:5, 4
j:6, 2
n:j=1, d=|
n:p=2, d=Gpart:ry=-1.322
n:j=0, d=@
n:j=5, d=G
c:0, 1, -1.177
c:2, 1, -8.603
",0.0017608228617757966,feasible,20
36,0,29,"//0
p:fr=0.472
p:0.919, 0.241, -0.291
p:1.493, -0.721, 0.349, fr=0.047
p:1.382, 0.583, 0.25, fr=1.112
p:0.243, 0.286, -0.93
p:1.885, 0.429, -1.511
p:1.511, -0.975, 0.532
j:2, 3
j:1, 3
j:0, 2, stif=0.838
j:4, 1
j:5, 4
j:6, 2
n:j=1, d=|
n:p=2, d=Gpart:ry=-1.322
n:j=0, d=@
c:0, 1, -1.177
c:2, 1, -8.603
",0.0017608228617757966,"//0
p:fr=0.472
p:0.919, 0.241, -0.291
p:1.493, -0.721, 0.349, fr=0.047
p:1.382, 0.583, 0.25, fr=1.112
p:0.27504206132377584, 0.2601869153975662, -0.8972145628535126
p:1.885, 0.429, -1.511
p:1.511, -0.975, 0.532
j:2, 3
j:1, 3
j:0, 2, stif=0.838
j:4, 1
j:5, 4
j:6, 2
j:4, 2
n:j=1, d=|
n:p=2, d=Gpart:ry=-1.322
n:j=0, d=@
c:0, 1, -1.177
c:2, 1, -8.603
",3.8495780625215375e-06,feasible,20
36,0,29,"//0
p:fr=0.472
p:0.919, 0.241, -0.291
p:1.493, -0.721, 0.349, fr=0.047
p:1.382, 0.583, 0.25, fr=1.112
p:0.243, 0.286, -0.93
p:1.885, 0.429, -1.511
p:1.511, -0.975, 0.532
j:2, 3
j:1, 3
j:0, 2, stif=0.838
j:4, 1
j:5, 4
j:6, 2
n:j=1, d=|
n:p=2, d=Gpart:ry=-1.322
n:j=0, d=@
c:0, 1, -1.177
c:2, 1, -8.603
",0.0017608228617757966,"//0
p:fr=0.472
p:0.919, 0.241, -0.291
p:1.493, -0.721, 0.349, fr=0.047
p:1.382, 0.583, 0.25, fr=1.112
p:0.243, 0.286, -0.93
p:1.885, 0.429, -1.511
p:1.511, -0.975, 0.532
j:2, 3
j:1, 3
j:0, 2, stif=0.838
j:4, 1
j:5, 4, stif=0.986
j:6, 2
n:j=1, d=|
n:p=2, d=Gpart:ry=-1.322
n:j=0, d=@
c:0, 1, -1.177
c:2, 1, -8.603
",0.0016745097732432904,feasible,20
36,0,29,"//0
p:fr=0.472
p:0.919, 0.241, -0.291
p:1.493, -0.721, 0.349, fr=0.047
p:1.382, 0.583, 0.25, fr=1.112
p:0.243, 0.286, -0.93
p:1.885, 0.429, -1.511
p:1.511, -0.975, 0.532
j:2, 3
j:1, 3
j:0, 2, stif=0.838
j:4, 1
j:5, 4
j:6, 2
n:j=1, d=|
n:p=2, d=Gpart:ry=-1.322
n:j=0, d=@
c:0, 1, -1.177
c:2, 1, -8.603
",0.0017608228617757966,"//0
p:fr=0.472
p:0.919, 0.241, -0.291
p:1.493, -0.721, 0.349, fr=0.047
p:1.382, 0.583, 0.25, fr=1.112
p:0.243, 0.286, -0.93, ing=0.07
p:1.885, 0.429, -1.511
p:1.511, -0.975, 0.532
j:2, 3
j:1, 3
j:0, 2, stif=0.838
j:4, 1
j:5, 4
j:6, 2
n:j=1, d=|
n:p=2, d=Gpart:ry=-1.322
n:j=0, d=@
c:0, 1, -1.177
c:2, 1, -8.603
",0.0017608228617757966,feasible,20
36,0,29,"//0
p:fr=0.472
p:0.919, 0.241, -0.291
p:1.493, -0.721, 0.349, fr=0.047
p:1.382, 0.583, 0.25, fr=1.112
p:0.243, 0.286, -0.93
p:1.885, 0.429, -1.511
p:1.511, -0.975, 0.532
j:2, 3
j:1, 3
j:0, 2, stif=0.838
j:4, 1
j:5, 4
j:6, 2
n:j=1, d=|
n:p=2, d=Gpart:ry=-1.322
n:j=0, d=@
c:0, 1, -1.177
c:2, 1, -8.603
",0.0017608228617757966,"//0
p:fr=0.472
p:0.919, 0.241, -0.291
p:1.493, -0.721, 0.349, fr=0.047
p:1.382, 0.583, 0.25, fr=1.112
p:0.243, 0.286, -0.93
p:1.885, 0.429, -1.511
p:1.511, -0.975, 0.532
j:2, 3
j:1, 3
j:0, 2, stif=0.838
j:4, 1
j:5, 4, stif=0.76
j:6, 2
n:j=1, d=|
n:p=2, d=Gpart:ry=-1.322
n:j=0, d=@
c:0, 1, -1.177
c:2, 1, -8.603
",0.0017780849368626158,feasible,20
36,0,29,"//0
p:fr=0.472
p:0.919, 0.241, -0.291
p:1.493, -0.721, 0.349, fr=0.047
p:1.382, 0.583, 0.25, fr=1.112
p:0.243, 0.286, -0.93
p:1.885, 0.429, -1.511
p:1.511, -0.975, 0.532
j:2, 3
j:1, 3
j:0, 2, stif=0.838
j:4, 1
j:5, 4
j:6, 2
n:j=1, d=|
n:p=2, d=Gpart:ry=-1.322
n:j=0, d=@
c:0, 1, -1.177
c:2, 1, -8.603
",0.0017608228617757966,"//0
p:0.486, -0.739, -0.309, fr=0.472
p:0.919, 0.241, -0.291
p:1.493, -0.721, 0.349, fr=0.047
p:1.382, 0.583, 0.25, fr=1.112
p:0.243, 0.286, -0.93
p:1.885, 0.429, -1.511
p:1.511, -0.975, 0.532
j:2, 3
j:1, 3
j:0, 2, stif=0.838
j:4, 1
j:5, 4
j:6, 2
n:j=1, d=|
n:p=2, d=Gpart:ry=-1.322
n:j=0, d=@
c:0, 1, -1.177
c:2, 1, -8.603
",0.0002652876720048343,feasible,20
36,0,29,"//0
p:fr=0.472
p:0.919, 0.241, -0.291
p:1.493, -0.721, 0.349, fr=0.047
p:1.382, 0.583, 0.25, fr=1.112
p:0.243, 0.286, -0.93
p:1.885, 0.429, -1.511
p:1.511, -0.975, 0.532
j:2, 3
j:1, 3
j:0, 2, stif=0.838
j:4, 1
j:5, 4
j:6, 2
n:j=1, d=|
n:p=2, d=Gpart:ry=-1.322
n:j=0, d=@
c:0, 1, -1.177
c:2, 1, -8.603
",0.0017608228617757966,"//0
p:fr=0.472
p:0.919, 0.241, -0.291
p:1.493, -0.721, 0.349, fr=0.047
p:1.382, 0.583, 0.25, fr=1.112
p:0.243, 0.286, -0.93
p:1.885, 0.429, -1.511
p:1.511, -0.975, 0.532
p:1.69, -0.014, -1.515
j:2, 3
j:1, 3
j:0, 2, stif=0.838
j:4, 1
j:5, 4
j:6, 2
j:7, 5
n:j=1, d=|
n:p=2, d=Gpart:ry=-1.322
n:j=0, d=@
c:0, 1, -1.177
c:2, 1, -8.603
",0.00014849946496898393,feasible,20
36,0,29,"//0
p:fr=0.472
p:0.919, 0.241, -0.291
p:1.493, -0.721, 0.349, fr=0.047
p:1.382, 0.583, 0.25, fr=1.112
p:0.243, 0.286, -0.93
p:1.885, 0.429, -1.511
p:1.511, -0.975, 0.532
j:2, 3
j:1, 3
j:0, 2, stif=0.838
j:4, 1
j:5, 4
j:6, 2
n:j=1, d=|
n:p=2, d=Gpart:ry=-1.322
n:j=0, d=@
c:0, 1, -1.177
c:2, 1, -8.603
",0.0017608228617757966,"//0
p:fr=0.472
p:0.919, 0.241, -0.291
p:1.493, -0.721, 0.349, fr=0.047
p:1.382, 0.583, 0.25, fr=1.112
p:0.243, 0.286, -0.93
p:1.885, 0.429, -1.511
p:1.511, -0.975, 0.532
j:2, 3
j:1, 3
j:0, 2, stif=0.838
j:4, 1
j:5, 4
j:6, 2
n:j=1, d=|
n:p=2, d=Gpart:ry=-1.322
n:j=0, d=@
c:0, 1, -1.177
",1.1422590421460136e-05,feasible,20
36,0,29,"//0
p:fr=0.472
p:0.919, 0.241, -0.291
p:1.493, -0.721, 0.349, fr=0.047
p:1.382, 0.583, 0.25, fr=1.112
p:0.243, 0.286, -0.93
p:1.885, 0.429, -1.511
p:1.511, -0.975, 0.532
j:2, 3
j:1, 3
j:0, 2, stif=0.838
j:4, 1
j:5, 4
j:6, 2
n:j=1, d=|
n:p=2, d=Gpart:ry=-1.322
n:j=0, d=@
c:0, 1, -1.177
c:2, 1, -8.603
",0.0017608228617757966,"//0
p:fr=0.472
p:0.919, 0.241, -0.291
p:1.493, -0.721, 0.349, fr=0.047
p:1.382, 0.583, 0.25, fr=1.112
p:0.243, 0.286, -0.93
p:1.885, 0.429, -1.511
p:1.511, -0.975, 0.532
j:2, 3
j:1, 3
j:0, 2, stif=0.838
j:4, 1
j:5, 4
j:6, 2, rotstif=0.941
n:j=1, d=|
n:p=2, d=Gpart:ry=-1.322
n:j=0, d=@
c:0, 1, -1.177
c:2, 1, -8.603
",0.0017608228617757966,feasible,20
36,0,29,"//0
p:fr=0.472
p:0.919, 0.241, -0.291
p:1.493, -0.721, 0.349, fr=0.047
p:1.382, 0.583, 0.25, fr=1.112
p:0.243, 0.286, -0.93
p:1.885, 0.429, -1.511
p:1.511, -0.975, 0.532
j:2, 3
j:1, 3
j:0, 2, stif=0.838
j:4, 1
j:5, 4
j:6, 2
n:j=1, d=|
n:p=2, d=Gpart:ry=-1.322
n:j=0, d=@
c:0, 1, -1.177
c:2, 1, -8.603
",0.0017608228617757966,"//0
p:fr=0.472
p:0.919, 0.241, -0.291
p:1.878, 0.019, 0.343, fr=0.047
p:1.382, 0.583, 0.25, fr=1.112
p:0.243, 0.286, -0.93
p:1.885, 0.429, -1.511
p:1.511, -0.975, 0.532
j:2, 3
j:1, 3
j:0, 2, stif=0.838
j:4, 1
j:5, 4
j:6, 2
n:j=1, d=|
n:p=2, d=Gpart:ry=-1.322
n:j=0, d=@
c:0, 1, -1.177
c:2, 1, -8.603
",0.0002951088943480573,feasible,20
36,0,29,"//0
p:fr=0.472
p:0.919, 0.241, -0.291
p:1.493, -0.721, 0.349, fr=0.047
p:1.382, 0.583, 0.25, fr=1.112
p:0.243, 0.286, -0.93
p:1.885, 0.429, -1.511
p:1.511, -0.975, 0.532
j:2, 3
j:1, 3
j:0, 2, stif=0.838
j:4, 1
j:5, 4
j:6, 2
n:j=1, d=|
n:p=2, d=Gpart:ry=-1.322
n:j=0, d=@
c:0, 1, -1.177
c:2, 1, -8.603
",0.0017608228617757966,"//0
p:fr=0.472
p:0.919, 0.241, -0.291
p:1.493, -0.721, 0.349, fr=0.047
p:1.382, 0.583, 0.25, fr=1.112
p:0.243, 0.286, -0.93
p:1.885, 0.429, -1.511
p:1.511, -0.975, 0.532
j:2, 3
j:1, 3
j:0, 2, stif=0.838
j:4, 1
j:5, 4
j:6, 2
n:j=1, d=|
n:p=2, d=Gpart:ry=2.908
n:j=0, d=@
c:0, 1, -1.177
c:2, 1, -8.603
",0.00013300374174150643,feasible,20
36,0,29,"//0
p:fr=0.472
p:0.919, 0.241, -0.291
p:1.493, -0.721, 0.349, fr=0.047
p:1.382, 0.583, 0.25, fr=1.112
p:0.243, 0.286, -0.93
p:1.885, 0.429, -1.511
p:1.511, -0.975, 0.532
j:2, 3
j:1, 3
j:0, 2, stif=0.838
j:4, 1
j:5, 4
j:6, 2
n:j=1, d=|
n:p=2, d=Gpart:ry=-1.322
n:j=0, d=@
c:0, 1, -1.177
c:2, 1, -8.603
",0.0017608228617757966,"//0
p:fr=0.472
p:0.919, 0.241, -0.291
p:1.493, -0.721, 0.349, fr=0.047
p:1.382, 0.583, 0.25, fr=1.112
p:0.243, 0.286, -0.93
p:1.885, 0.429, -1.511
p:1.511, -0.975, 0.532
j:2, 1
j:3, 1
j:0, 2, stif=0.838
j:4, 3
j:5, 4
j:6, 2
n:j=1, d=|
n:p=2, d=Gpart:ry=-1.322
n:j=0, d=@
c:0, 1, -1.177
c:2, 1, -8.603
",0.00025967882929663977,feasible,20
36,0,29,"//0
p:fr=0.472
p:0.919, 0.241, -0.291
p:1.493, -0.721, 0.349, fr=0.047
p:1.382, 0.583, 0.25, fr=1.112
p:0.243, 0.286, -0.93
p:1.885, 0.429, -1.511
p:1.511, -0.975, 0.532
j:2, 3
j:1, 3
j:0, 2, stif=0.838
j:4, 1
j:5, 4
j:6, 2
n:j=1, d=|
n:p=2, d=Gpart:ry=-1.322
n:j=0, d=@
c:0, 1, -1.177
c:2, 1, -8.603
",0.0017608228617757966,"//0
p:fr=0.472
p:0.919, 0.241, -0.291
p:1.493, -0.721, 0.349, fr=0.284
p:1.382, 0.583, 0.25, fr=1.112
p:0.243, 0.286, -0.93
p:1.885, 0.429, -1.511
p:1.511, -0.975, 0.532
j:2, 3
j:1, 3
j:0, 2, stif=0.838
j:4, 1
j:5, 4
j:6, 2
n:j=1, d=|
n:p=2, d=Gpart:ry=-1.322
n:j=0, d=@
c:0, 1, -1.177
c:2, 1, -8.603
",0.0015386617440088326,feasible,20
36,0,29,"//0
p:fr=0.472
p:0.919, 0.241, -0.291
p:1.493, -0.721, 0.349, fr=0.047
p:1.382, 0.583, 0.25, fr=1.112
p:0.243, 0.286, -0.93
p:1.885, 0.429, -1.511
p:1.511, -0.975, 0.532
j:2, 3
j:1, 3
j:0, 2, stif=0.838
j:4, 1
j:5, 4
j:6, 2
n:j=1, d=|
n:p=2, d=Gpart:ry=-1.322
n:j=0, d=@
c:0, 1, -1.177
c:2, 1, -8.603
",0.0017608228617757966,"//0
p:fr=0.472
p:0.919, 0.241, -0.291
p:1.493, -0.721, 0.349, fr=0.047
p:1.382, 0.583, 0.25, fr=1.112
p:0.243, 0.286, -0.93, fr=0.642
p:1.885, 0.429, -1.511
p:1.511, -0.975, 0.532
j:2, 3
j:1, 3
j:0, 2, stif=0.838
j:4, 1
j:5, 4
j:6, 2
n:j=1, d=|
n:p=2, d=Gpart:ry=-1.322
n:j=0, d=@
c:0, 1, -1.177
c:2, 1, -8.603
",0.0015475897842409385,feasible,20
36,0,29,"//0
p:fr=0.472
p:0.919, 0.241, -0.291
p:1.493, -0.721, 0.349, fr=0.047
p:1.382, 0.583, 0.25, fr=1.112
p:0.243, 0.286, -0.93
p:1.885, 0.429, -1.511
p:1.511, -0.975, 0.532
j:2, 3
j:1, 3
j:0, 2, stif=0.838
j:4, 1
j:5, 4
j:6, 2
n:j=1, d=|
n:p=2, d=Gpart:ry=-1.322
n:j=0, d=@
c:0, 1, -1.177
c:2, 1, -8.603
",0.0017608228617757966,"//0
p:fr=0.472
p:0.919, 0.241, -0.291
p:1.493, -0.721, 0.349, fr=0.047
p:1.382, 0.583, 0.25, fr=1.112
p:0.243, 0.286, -0.93
p:1.885, 0.429, -1.511
p:1.511, -0.975, 0.532
j:2, 3
j:1, 3
j:0, 2, stif=0.747
j:4, 1
j:5, 4
j:6, 2
n:j=1, d=|
n:p=2, d=Gpart:ry=-1.322
n:j=0, d=@
c:0, 1, -1.177
c:2, 1, -8.603
",0.001955503644830257,feasible,20
36,0,29,"//0
p:fr=0.472
p:0.919, 0.241, -0.291
p:1.493, -0.721, 0.349, fr=0.047
p:1.382, 0.583, 0.25, fr=1.112
p:0.243, 0.286, -0.93
p:1.885, 0.429, -1.511
p:1.511, -0.975, 0.532
j:2, 3
j:1, 3
j:0, 2, stif=0.838
j:4, 1
j:5, 4
j:6, 2
n:j=1, d=|
n:p=2, d=Gpart:ry=-1.322
n:j=0, d=@
c:0, 1, -1.177
c:2, 1, -8.603
",0.0017608228617757966,"//0
p:fr=0.472
p:0.919, 0.241, -0.291
p:1.493, -0.721, 0.349, fr=0.047
p:1.382, 0.583, 0.25, fr=1.112
p:0.243, 0.286, -0.93
p:1.885, 0.429, -1.511
p:1.511, -0.975, 0.532
j:2, 6
j:1, 6
j:0, 2, stif=0.838
j:4, 1
j:5, 4
j:3, 2
n:j=1, d=|
n:p=2, d=Gpart:ry=-1.322
n:j=0, d=@
c:0, 1, -1.177
c:2, 1, -8.603
",1.632352027112225e-05,feasible,20
36,0,29,"//0
p:fr=0.472
p:0.919, 0.241, -0.291
p:1.493, -0.721, 0.349, fr=0.047
p:1.382, 0.583, 0.25, fr=1.112
p:0.243, 0.286, -0.93
p:1.885, 0.429, -1.511
p:1.511, -0.975, 0.532
j:2, 3
j:1, 3
j:0, 2, stif=0.838
j:4, 1
j:5, 4
j:6, 2
n:j=1, d=|
n:p=2, d=Gpart:ry=-1.322
n:j=0, d=@
c:0, 1, -1.177
c:2, 1, -8.603
",0.0017608228617757966,"//0
p:fr=0.472
p:0.919, 0.241, -0.291
p:1.493, -0.721, 0.349, fr=0.047
p:1.382, 0.583, 0.25, fr=1.112
p:0.243, 0.286, -0.93
p:1.885, 0.429, -1.511
p:1.511, -0.975, 0.532
j:2, 3
j:1, 3
j:0, 2, stif=0.838
j:4, 1
j:5, 4
j:6, 2
n:j=1, d=|:r=0.921
n:p=2, d=Gpart:ry=-1.322
n:j=0, d=@
c:0, 1, -1.177
c:2, 1, -8.603
",0.0017608228617757966,feasible,20
36,0,29,"//0
p:fr=0.472
p:0.919, 0.241, -0.291
p:1.493, -0.721, 0.349, fr=0.047
p:1.382, 0.583, 0.25, fr=1.112
p:0.243, 0.286, -0.93
p:1.885, 0.429, -1.511
p:1.511, -0.975, 0.532
j:2, 3
j:1, 3
j:0, 2, stif=0.838
j:4, 1
j:5, 4
j:6, 2
n:j=1, d=|
n:p=2, d=Gpart:ry=-1.322
n:j=0, d=@
c:0, 1, -1.177
c:2, 1, -8.603
",0.0017608228617757966,"//0
p:fr=0.472
p:0.919, 0.241, -0.291
p:1.493, -0.721, 0.349, fr=0.047
p:1.382, 0.583, 0.25, fr=1.112
p:0.243, 0.286, -0.93
p:1.885, 0.429, -1.511
p:1.511, -0.975, 0.532
p:-0.946, -0.911, -0.078
j:2, 3
j:1, 3
j:0, 2, stif=0.838
j:4, 1
j:5, 4
j:6, 2
j:7, 0
n:j=1, d=|
n:p=2, d=Gpart:ry=-1.322
n:j=0, d=@
c:0, 1, -1.177
c:2, 1, -8.603
",0.00010145412127399925,feasible,20
36,0,30,"//0
p:fr=0.472
p:0.919, 0.241, -0.291
p:1.493, -0.721, 0.349, fr=0.047
p:1.382, 0.583, 0.25, fr=1.112
p:0.243, 0.286, -0.93
p:1.885, 0.429, -1.511
p:1.511, -0.975, 0.532
j:2, 3
j:1, 3
j:0, 2, stif=0.838
j:4, 1
j:5, 4
j:6, 2
n:j=1, d=|
n:p=2, d=Gpart:ry=-1.322
n:j=0, d=@
c:0, 1, 0.244
c:2, 1, -8.603
",0.001969527564992319,"//0
p:fr=0.472
p:0.919, 0.241, -0.291
p:1.493, -0.721, 0.349, fr=0.047
p:1.382, 0.583, 0.25, fr=1.112
p:0.243, 0.286, -0.93
p:1.885, 0.429, -1.511
p:1.511, -0.975, 0.532
j:2, 3
j:1, 3
j:0, 2, stif=0.838
j:4, 1
j:5, 4
j:6, 2
n:j=1, d=|
n:j=0, d=@
",9.55957000587047e-07,feasible,22
36,0,30,"//0
p:fr=0.472
p:0.919, 0.241, -0.291
p:1.493, -0.721, 0.349, fr=0.047
p:1.382, 0.583, 0.25, fr=1.112
p:0.243, 0.286, -0.93
p:1.885, 0.429, -1.511
p:1.511, -0.975, 0.532
j:2, 3
j:1, 3
j:0, 2, stif=0.838
j:4, 1
j:5, 4
j:6, 2
n:j=1, d=|
n:p=2, d=Gpart:ry=-1.322
n:j=0, d=@
c:0, 1, 0.244
c:2, 1, -8.603
",0.001969527564992319,"//0
p:0.919, 0.241, -0.291
p:1.493, -0.721, 0.349, fr=0.047
p:1.382, 0.583, 0.25, fr=1.112
p:0.243, 0.286, -0.93
p:1.885, 0.429, -1.511
p:1.511, -0.975, 0.532
j:1, 2
j:0, 2
j:3, 0
j:4, 3
j:5, 1
n:j=1, d=|
n:p=1, d=Gpart:ry=-1.322
n:j=0, d=@
c:0, 1, 0.244
c:2, 1, -8.603
",0.00022087632621010312,feasible,22
36,0,30,"//0
p:fr=0.472
p:0.919, 0.241, -0.291
p:1.493, -0.721, 0.349, fr=0.047
p:1.382, 0.583, 0.25, fr=1.112
p:0.243, 0.286, -0.93
p:1.885, 0.429, -1.511
p:1.511, -0.975, 0.532
j:2, 3
j:1, 3
j:0, 2, stif=0.838
j:4, 1
j:5, 4
j:6, 2
n:j=1, d=|
n:p=2, d=Gpart:ry=-1.322
n:j=0, d=@
c:0, 1, 0.244
c:2, 1, -8.603
",0.001969527564992319,"//0
p:fr=0.472
p:0.919, 0.241, -0.291
p:1.972, -0.186, -0.146, fr=0.047
p:1.382, 0.583, 0.25, fr=1.112
p:0.243, 0.286, -0.93
p:1.885, 0.429, -1.511
p:1.511, -0.975, 0.532
j:2, 3
j:1, 3
j:0, 2, stif=0.838
j:4, 1
j:5, 4
j:6, 2
n:j=1, d=|
n:p=2, d=Gpart:ry=-1.322
n:j=0, d=@
c:0, 1, 0.244
c:2, 1, -8.603
",2.1791153943312737e-05,feasible,22
36,0,30,"//0
p:fr=0.472
p:0.919, 0.241, -0.291
p:1.493, -0.721, 0.349, fr=0.047
p:1.382, 0.583, 0.25, fr=1.112
p:0.243, 0.286, -0.93
p:1.885, 0.429, -1.511
p:1.511, -0.975, 0.532
j:2, 3
j:1, 3
j:0, 2, stif=0.838
j:4, 1
j:5, 4
j:6, 2
n:j=1, d=|
n:p=2, d=Gpart:ry=-1.322
n:j=0, d=@
c:0, 1, 0.244
c:2, 1, -8.603
",0.001969527564992319,"//0
p:fr=0.472
p:0.919, 0.241, -0.291
p:1.493, -0.721, 0.349, fr=0.047
p:1.382, 0.583, 0.25, fr=1.112
p:0.243, 0.286, -0.93
p:1.885, 0.429, -1.511
p:1.511, -0.975, 0.532
j:2, 3
j:1, 3
j:0, 2, stif=0.838
j:4, 1
j:5, 4
j:6, 2
n:j=1, d=|
n:p=2, d=Gpart:ry=-1.322
c:0, 1, 0.244
",8.266946821959604e-06,feasible,22
36,0,30,"//0
p:fr=0.472
p:0.919, 0.241, -0.291
p:1.493, -0.721, 0.349, fr=0.047
p:1.382, 0.583, 0.25, fr=1.112
p:0.243, 0.286, -0.93
p:1.885, 0.429, -1.511
p:1.511, -0.975, 0.532
j:2, 3
j:1, 3
j:0, 2, stif=0.838
j:4, 1
j:5, 4
j:6, 2
n:j=1, d=|
n:p=2, d=Gpart:ry=-1.322
n:j=0, d=@
c:0, 1, 0.244
c:2, 1, -8.603
",0.001969527564992319,"//0
p:fr=0.472
p:0.919, 0.241, -0.291
p:1.493, -0.721, 0.349, fr=0.047
p:1.382, 0.583, 0.25, fr=1.112
p:0.243, 0.286, -0.93
p:1.885, 0.429, -1.511
p:1.511, -0.975, 0.532
j:2, 3
j:1, 3
j:0, 2, stif=0.838
j:4, 1
j:5, 4
j:6, 2
n:j=1, d=|:p=0.451
n:p=2, d=Gpart:ry=-1.322
n:j=0, d=@
c:0, 1, 0.244
c:2, 1, -8.603
",0.0003146095379507256,feasible,22
36,0,30,"//0
p:fr=0.472
p:0.919, 0.241, -0.291
p:1.493, -0.721, 0.349, fr=0.047
p:1.382, 0.583, 0.25, fr=1.112
p:0.243, 0.286, -0.93
p:1.885, 0.429, -1.511
p:1.511, -0.975, 0.532
j:2, 3
j:1, 3
j:0, 2, stif=0.838
j:4, 1
j:5, 4
j:6, 2
n:j=1, d=|
n:p=2, d=Gpart:ry=-1.322
n:j=0, d=@
c:0, 1, 0.244
c:2, 1, -8.603
",0.001969527564992319,"//0
p:fr=0.472
p:0.919, 0.241, -0.291
p:1.493, -0.721, 0.349, fr=0.047
p:1.382, 0.583, 0.25, fr=1.112
p:0.243, 0.286, -0.93
p:1.885, 0.429, -1.511
p:1.511, -0.975, 0.532
p:2.04, 1.312, -0.277
j:2, 3
j:1, 3
j:0, 2, stif=0.838
j:4, 1
j:5, 4
j:6, 2
j:7, 3
n:j=1, d=|
n:p=2, d=Gpart:ry=-1.322
n:j=0, d=@
c:0, 1, 0.244
c:2, 1, -8.603
",0.0003396520158368932,feasible,22
36,0,30,"//0
p:fr=0.472
p:0.919, 0.241, -0.291
p:1.493, -0.721, 0.349, fr=0.047
p:1.382, 0.583, 0.25, fr=1.112
p:0.243, 0.286, -0.93
p:1.885, 0.429, -1.511
p:1.511, -0.975, 0.532
j:2, 3
j:1, 3
j:0, 2, stif=0.838
j:4, 1
j:5, 4
j:6, 2
n:j=1, d=|
n:p=2, d=Gpart:ry=-1.322
n:j=0, d=@
c:0, 1, 0.244
c:2, 1, -8.603
",0.001969527564992319,"//0
p:fr=0.472
p:0.919, 0.241, -0.291
p:1.493, -0.721, 0.349, fr=0.047
p:1.382, 0.583, 0.25, fr=1.112
p:0.243, 0.286, -0.93
p:1.885, 0.429, -1.511
p:1.511, -0.975, 0.532
j:2, 3
j:1, 3
j:0, 2, stif=0.838
j:4, 1
j:5, 4
j:6, 2
n:j=1, d=|
n:p=2, d=Gpart:ry=-1.322
n:j=0, d=@
c:0, 1, 2.873
c:2, 1, -8.603
",9.136985429458454e-05,feasible,22
36,0,30,"//0
p:fr=0.472
p:0.919, 0.241, -0.291
p:1.493, -0.721, 0.349, fr=0.047
p:1.382, 0.583, 0.25, fr=1.112
p:0.243, 0.286, -0.93
p:1.885, 0.429, -1.511
p:1.511, -0.975, 0.532
j:2, 3
j:1, 3
j:0, 2, stif=0.838
j:4, 1
j:5, 4
j:6, 2
n:j=1, d=|
n:p=2, d=Gpart:ry=-1.322
n:j=0, d=@
c:0, 1, 0.244
c:2, 1, -8.603
",0.001969527564992319,"//0
p:fr=0.472
p:0.919, 0.241, -0.291
p:1.493, -0.721, 0.349, fr=0.047
p:1.382, 0.583, 0.25, fr=1.112
p:0.243, 0.286, -0.93
p:2.0938270039675553, 0.5708007267329667, -1.6318033823207587
p:1.511, -0.975, 0.532
j:2, 3
j:1, 3
j:0, 2, stif=0.838
j:4, 1
j:5, 4
j:6, 2
n:j=1, d=|
n:p=2, d=Gpart:ry=-1.322
n:j=0, d=@
c:0, 1, 0.244
c:2, 1, -8.603
",0.0014537688594437525,feasible,22
36,0,30,"//0
p:fr=0.472
p:0.919, 0.241, -0.291
p:1.493, -0.721, 0.349, fr=0.047
p:1.382, 0.583, 0.25, fr=1.112
p:0.243, 0.286, -0.93
p:1.885, 0.429, -1.511
p:1.511, -0.975, 0.532
j:2, 3
j:1, 3
j:0, 2, stif=0.838
j:4, 1
j:5, 4
j:6, 2
n:j=1, d=|
n:p=2, d=Gpart:ry=-1.322
n:j=0, d=@
c:0, 1, 0.244
c:2, 1, -8.603
",0.001969527564992319,"//0
p:fr=0.472
p:0.919, 0.241, -0.291, ing=0.141
p:1.493, -0.721, 0.349, fr=0.047
p:1.382, 0.583, 0.25, fr=1.112
p:0.243, 0.286, -0.93
p:1.885, 0.429, -1.511
p:1.511, -0.975, 0.532
j:2, 3
j:1, 3
j:0, 2, stif=0.838
j:4, 1
j:5, 4
j:6, 2
n:j=1, d=|
n:p=2, d=Gpart:ry=-1.322
n:j=0, d=@
c:0, 1, 0.244
c:2, 1, -8.603
",0.001969527564992319,feasible,22
36,0,30,"//0
p:fr=0.472
p:0.919, 0.241, -0.291
p:1.493, -0.721, 0.349, fr=0.047
p:1.382, 0.583, 0.25, fr=1.112
p:0.243, 0.286, -0.93
p:1.885, 0.429, -1.511
p:1.511, -0.975, 0.532
j:2, 3
j:1, 3
j:0, 2, stif=0.838
j:4, 1
j:5, 4
j:6, 2
n:j=1, d=|
n:p=2, d=Gpart:ry=-1.322
n:j=0, d=@
c:0, 1, 0.244
c:2, 1, -8.603
",0.001969527564992319,"//0
p:fr=0.472
p:0.919, 0.241, -0.291
p:1.493, -0.721, 0.349, fr=0.047
p:1.657, 0.641, 0.409, fr=1.112
p:0.243, 0.286, -0.93
p:1.885, 0.429, -1.511
p:1.511, -0.975, 0.532
j:2, 3
j:1, 3
j:0, 2, stif=0.838
j:4, 1
j:5, 4
j:6, 2
n:j=1, d=|
n:p=2, d=Gpart:ry=-1.322
n:j=0, d=@
c:0, 1, 0.244
c:2, 1, -8.603
",0.00017507627640155039,feasible,22
36,0,30,"//0
p:fr=0.472
p:0.919, 0.241, -0.291
p:1.493, -0.721, 0.349, fr=0.047
p:1.382, 0.583, 0.25, fr=1.112
p:0.243, 0.286, -0.93
p:1.885, 0.429, -1.511
p:1.511, -0.975, 0.532
j:2, 3
j:1, 3
j:0, 2, stif=0.838
j:4, 1
j:5, 4
j:6, 2
n:j=1, d=|
n:p=2, d=Gpart:ry=-1.322
n:j=0, d=@
c:0, 1, 0.244
c:2, 1, -8.603
",0.001969527564992319,"//0
p:fr=0.472
p:0.919, 0.241, -0.291
p:1.493, -0.721, 0.349, fr=0.047
p:1.382, 0.583, 0.25, fr=1.112
p:0.243, 0.286, -0.93
p:1.885, 0.429, -1.511
p:1.511, -0.975, 0.532
j:2, 3
j:1, 3
j:0, 2, stif=0.838
j:4, 1
j:5, 4
j:6, 2
n:j=1, d=|
n:p=2, d=Gpart:ry=-1.322
n:j=0, d=@
n:p=6, d=S
c:0, 1, 0.244
c:2, 1, -8.603
",0.001969527564992319,feasible,22
36,0,30,"//0
p:fr=0.472
p:0.919, 0.241, -0.291
p:1.493, -0.721, 0.349, fr=0.047
p:1.382, 0.583, 0.25, fr=1.112
p:0.243, 0.286, -0.93
p:1.885, 0.429, -1.511
p:1.511, -0.975, 0.532
j:2, 3
j:1, 3
j:0, 2, stif=0.838
j:4, 1
j:5, 4
j:6, 2
n:j=1, d=|
n:p=2, d=Gpart:ry=-1.322
n:j=0, d=@
c:0, 1, 0.244
c:2, 1, -8.603
",0.001969527564992319,"//0
p:fr=0.472
p:0.919, 0.241, -0.291
p:1.493, -0.721, 0.349, fr=0.047
p:1.382, 0.583, 0.25, fr=1.112
p:0.243, 0.286, -0.93
p:1.885, 0.429, -1.511
p:1.511, -0.975, 0.532, fr=0.713
j:2, 3
j:1, 3
j:0, 2, stif=0.838
j:4, 1
j:5, 4
j:6, 2
n:j=1, d=|
n:p=2, d=Gpart:ry=-1.322
n:j=0, d=@
c:0, 1, 0.244
c:2, 1, -8.603
",0.0018086695839660744,feasible,22
36,0,30,"//0
p:fr=0.472
p:0.919, 0.241, -0.291
p:1.493, -0.721, 0.349, fr=0.047
p:1.382, 0.583, 0.25, fr=1.112
p:0.243, 0.286, -0.93
p:1.885, 0.429, -1.511
p:1.511, -0.975, 0.532
j:2, 3
j:1, 3
j:0, 2, stif=0.838
j:4, 1
j:5, 4
j:6, 2
n:j=1, d=|
n:p=2, d=Gpart:ry=-1.322
n:j=0, d=@
c:0, 1, 0.244
c:2, 1, -8.603
",0.001969527564992319,"//0
p:fr=0.472
p:0.919, 0.241, -0.291
p:1.493, -0.721, 0.349, fr=0.047
p:1.382, 0.583, 0.25, fr=1.112
p:0.243, 0.286, -0.93
p:1.885, 0.429, -1.511
p:1.511, -0.975, 0.532
j:2, 3
j:1, 3
j:0, 2, stif=0.838
j:4, 1
j:5, 4
j:6, 2
n:j=1, d=|
n:p=2, d=Gpart:ry=-1.322
n:j=0, d=@:p=0.876
c:0, 1, 0.244
c:2, 1, -8.603
",0.0016616079095821475,feasible,22
36,0,30,"//0
p:fr=0.472
p:0.919, 0.241, -0.291
p:1.493, -0.721, 0.349, fr=0.047
p:1.382, 0.583, 0.25, fr=1.112
p:0.243, 0.286, -0.93
p:1.885, 0.429, -1.511
p:1.511, -0.975, 0.532
j:2, 3
j:1, 3
j:0, 2, stif=0.838
j:4, 1
j:5, 4
j:6, 2
n:j=1, d=|
n:p=2, d=Gpart:ry=-1.322
n:j=0, d=@
c:0, 1, 0.244
c:2, 1, -8.603
",0.001969527564992319,"//0
p:fr=0.472
p:0.919, 0.241, -0.291
p:1.493, -0.721, 0.349, fr=0.047
p:1.382, 0.583, 0.25, fr=1.112
p:-0.431, 0.064, -0.957
p:1.4914786676820215, 0.3669813098894378, -1.41686752240753
p:1.511, -0.975, 0.532
j:2, 3
j:1, 3
j:0, 2, stif=0.838
j:4, 1
j:5, 4
j:6, 2
n:j=1, d=|
n:p=2, d=Gpart:ry=-1.322
n:j=0, d=@
c:0, 1, 0.244
c:2, 1, -8.603
",0.0011332700479716451,feasible,22
36,0,30,"//0
p:fr=0.472
p:0.919, 0.241, -0.291
p:1.493, -0.721, 0.349, fr=0.047
p:1.382, 0.583, 0.25, fr=1.112
p:0.243, 0.286, -0.93
p:1.885, 0.429, -1.511
p:1.511, -0.975, 0.532
j:2, 3
j:1, 3
j:0, 2, stif=0.838
j:4, 1
j:5, 4
j:6, 2
n:j=1, d=|
n:p=2, d=Gpart:ry=-1.322
n:j=0, d=@
c:0, 1, 0.244
c:2, 1, -8.603
",0.001969527564992319,"//0
p:fr=0.472
p:0.919, 0.241, -0.291
p:1.493, -0.721, 0.349, fr=0.047
p:1.382, 0.583, 0.25, fr=1.112
p:0.243, 0.286, -0.93
p:1.885, 0.429, -1.511
p:1.511, -0.975, 0.532
j:2, 3
j:1, 3
j:0, 2, stif=0.838
j:4, 1
j:5, 4, rotstif=0.985
j:6, 2
n:j=1, d=|
n:p=2, d=Gpart:ry=-1.322
n:j=0, d=@
c:0, 1, 0.244
c:2, 1, -8.603
",0.001969527564992319,feasible,22
36,0,30,"//0
p:fr=0.472
p:0.919, 0.241, -0.291
p:1.493, -0.721, 0.349, fr=0.047
p:1.382, 0.583, 0.25, fr=1.112
p:0.243, 0.286, -0.93
p:1.885, 0.429, -1.511
p:1.511, -0.975, 0.532
j:2, 3
j:1, 3
j:0, 2, stif=0.838
j:4, 1
j:5, 4
j:6, 2
n:j=1, d=|
n:p=2, d=Gpart:ry=-1.322
n:j=0, d=@
c:0, 1, 0.244
c:2, 1, -8.603
",0.001969527564992319,"//0
p:fr=0.472
p:0.919, 0.241, -0.291
p:1.493, -0.721, 0.349, fr=0.047
p:1.382, 0.583, 0.25, fr=1.112
p:0.243, 0.286, -0.93
p:1.885, 0.429, -1.511
p:1.511, -0.975, 0.532
j:2, 3, stif=0.859
j:1, 3
j:0, 2, stif=0.838
j:4, 1
j:5, 4
j:6, 2
n:j=1, d=|
n:p=2, d=Gpart:ry=-1.322
n:j=0, d=@
c:0, 1, 0.244
c:2, 1, -8.603
",0.001583063150395787,feasible,22
36,0,30,"//0
p:fr=0.472
p:0.919, 0.241, -0.291
p:1.493, -0.721, 0.349, fr=0.047
p:1.382, 0.583, 0.25, fr=1.112
p:0.243, 0.286, -0.93
p:1.885, 0.429, -1.511
p:1.511, -0.975, 0.532
j:2, 3
j:1, 3
j:0, 2, stif=0.838
j:4, 1
j:5, 4
j:6, 2
n:j=1, d=|
n:p=2, d=Gpart:ry=-1.322
n:j=0, d=@
c:0, 1, 0.244
c:2, 1, -8.603
",0.001969527564992319,"//0
p:fr=0.472
p:0.919, 0.241, -0.291
p:1.493, -0.721, 0.349, fr=0.047
p:1.382, 0.583, 0.25, fr=1.112
p:0.243, 0.286, -0.93
p:1.8093373059913667, 0.14496143746491608, -1.097687476311128
p:1.511, -0.975, 0.532
j:2, 3
j:1, 3
j:0, 2, stif=0.838
j:4, 1
j:5, 4
j:6, 2
j:6, 5
n:j=1, d=|
n:p=2, d=Gpart:ry=-1.322
n:j=0, d=@
c:0, 1, 0.244
c:2, 1, -8.603
",8.153122557267249e-06,feasible,22
36,0,30,"//0
p:fr=0.472
p:0.919, 0.241, -0.291
p:1.493, -0.721, 0.349, fr=0.047
p:1.382, 0.583, 0.25, fr=1.112
p:0.243, 0.286, -0.93
p:1.885, 0.429, -1.511
p:1.511, -0.975, 0.532
j:2, 3
j:1, 3
j:0, 2, stif=0.838
j:4, 1
j:5, 4
j:6, 2
n:j=1, d=|
n:p=2, d=Gpart:ry=-1.322
n:j=0, d=@
c:0, 1, 0.244
c:2, 1, -8.603
",0.001969527564992319,"//0
p:fr=0.472
p:0.919, 0.241, -0.291
p:1.493, -0.721, 0.349, fr=0.047
p:1.382, 0.583, 0.25, fr=1.112
p:0.243, 0.286, -0.93
p:1.885, 0.429, -1.511
p:1.511, -0.975, 0.532
j:2, 3
j:1, 3
j:0, 2, stif=0.737
j:4, 1
j:5, 4
j:6, 2
n:j=1, d=|
n:p=2, d=Gpart:ry=-1.322
n:j=0, d=@
c:0, 1, 0.244
c:2, 1, -8.603
",0.0019378026385554396,feasible,22
36,0,30,"//0
p:fr=0.472
p:0.919, 0.241, -0.291
p:1.493, -0.721, 0.349, fr=0.047
p:1.382, 0.583, 0.25, fr=1.112
p:0.243, 0.286, -0.93
p:1.885, 0.429, -1.511
p:1.511, -0.975, 0.532
j:2, 3
j:1, 3
j:0, 2, stif=0.838
j:4, 1
j:5, 4
j:6, 2
n:j=1, d=|
n:p=2, d=Gpart:ry=-1.322
n:j=0, d=@
c:0, 1, 0.244
c:2, 1, -8.603
",0.001969527564992319,"//0
p:fr=0.472
p:0.919, 0.241, -0.291
p:1.493, -0.721, 0.349, fr=0.047
p:1.382, 0.583, 0.25, fr=1.112
p:0.243, 0.286, -0.93
p:1.885, 0.429, -1.511
p:1.511, -0.975, 0.532
j:3, 2
j:1, 2
j:0, 3, stif=0.838
j:4, 1
j:5, 4
j:6, 3
n:j=1, d=|
n:p=2, d=Gpart:ry=-1.322
n:j=0, d=@
c:0, 1, 0.244
c:2, 1, -8.603
",0.00048388492131279,feasible,22
36,0,30,"//0
p:fr=0.472
p:0.919, 0.241, -0.291
p:1.493, -0.721, 0.349, fr=0.047
p:1.382, 0.583, 0.25, fr=1.112
p:0.243, 0.286, -0.93
p:1.885, 0.429, -1.511
p:1.511, -0.975, 0.532
j:2, 3
j:1, 3
j:0, 2, stif=0.838
j:4, 1
j:5, 4
j:6, 2
n:j=1, d=|
n:p=2, d=Gpart:ry=-1.322
n:j=0, d=@
c:0, 1, 0.244
c:2, 1, -8.603
",0.001969527564992319,"//0
p:fr=0.472
p:0.919, 0.241, -0.291
p:1.493, -0.721, 0.349, fr=0.047
p:1.382, 0.583, 0.25, fr=1.112
p:0.243, 0.286, -0.93
p:1.885, 0.429, -1.511
p:1.511, -0.975, 0.532
j:2, 3
j:1, 3
j:0, 2, stif=0.838
j:4, 1
j:5, 4, rotstif=0.86
j:6, 2
n:j=1, d=|
n:p=2, d=Gpart:ry=-1.322
n:j=0, d=@
c:0, 1, 0.244
c:2, 1, -8.603
",0.001969527564992319,feasible,22
36,0,31,"//0
p:fr=0.472
p:0.919, 0.241, -0.291
p:1.493, -0.721, 0.349, fr=0.047
p:1.382, 0.583, 0.25, fr=1.112
p:0.243, 0.286, -0.93
p:1.885, 0.429, -1.511
p:1.511, -0.975, 0.532
j:2, 3
j:1, 3
j:0, 2, stif=0.838
j:4, 1
j:5, 4
j:6, 2
n:j=1, d=|
n:p=2, d=Gpart:ry=-1.322
n:j=0, d=@
c:0, 1, 0.678
c:2, 1, -8.603
",0.0019715391398448926,"//0
p:0.919, 0.241, -0.291
p:1.493, -0.721, 0.349, fr=0.047
p:1.382, 0.583, 0.25, fr=1.112
p:0.243, 0.286, -0.93
p:1.885, 0.429, -1.511
p:1.511, -0.975, 0.532
j:1, 2
j:0, 2
j:3, 0
j:4, 3
j:5, 1
n:j=1, d=|
n:p=1, d=Gpart:ry=-1.322
n:j=0, d=@
c:0, 1, 0.678
c:2, 1, -8.603
",0.00020336293305242984,feasible,21
36,0,31,"//0
p:fr=0.472
p:0.919, 0.241, -0.291
p:1.493, -0.721, 0.349, fr=0.047
p:1.382, 0.583, 0.25, fr=1.112
p:0.243, 0.286, -0.93
p:1.885, 0.429, -1.511
p:1.511, -0.975, 0.532
j:2, 3
j:1, 3
j:0, 2, stif=0.838
j:4, 1
j:5, 4
j:6, 2
n:j=1, d=|
n:p=2, d=Gpart:ry=-1.322
n:j=0, d=@
c:0, 1, 0.678
c:2, 1, -8.603
",0.0019715391398448926,"//0
p:fr=0.472
p:0.919, 0.241, -0.291
p:1.493, -0.721, 0.349, fr=0.047
p:1.553, 0.774, 0.14, fr=1.112
p:0.243, 0.286, -0.93
p:1.885, 0.429, -1.511
p:1.511, -0.975, 0.532
j:2, 3
j:1, 3
j:0, 2, stif=0.838
j:4, 1
j:5, 4
j:6, 2
n:j=1, d=|
n:p=2, d=Gpart:ry=-1.322
n:j=0, d=@
c:0, 1, 0.678
c:2, 1, -8.603
",0.00019066646581811182,feasible,21
36,0,31,"//0
p:fr=0.472
p:0.919, 0.241, -0.291
p:1.493, -0.721, 0.349, fr=0.047
p:1.382, 0.583, 0.25, fr=1.112
p:0.243, 0.286, -0.93
p:1.885, 0.429, -1.511
p:1.511, -0.975, 0.532
j:2, 3
j:1, 3
j:0, 2, stif=0.838
j:4, 1
j:5, 4
j:6, 2
n:j=1, d=|
n:p=2, d=Gpart:ry=-1.322
n:j=0, d=@
c:0, 1, 0.678
c:2, 1, -8.603
",0.0019715391398448926,"//0
p:fr=0.472
p:0.919, 0.241, -0.291
p:1.493, -0.721, 0.349, fr=0.047
p:1.382, 0.583, 0.25, fr=1.112
p:0.243, 0.286, -0.93
p:1.885, 0.429, -1.511
p:1.511, -0.975, 0.532
j:2, 3
j:1, 3
j:0, 2, stif=0.838
j:4, 1
j:5, 4
j:6, 2, rotstif=0.942
n:j=1, d=|
n:p=2, d=Gpart:ry=-1.322
n:j=0, d=@
c:0, 1, 0.678
c:2, 1, -8.603
",0.0019715391398448926,feasible,21
36,0,31,"//0
p:fr=0.472
p:0.919, 0.241, -0.291
p:1.493, -0.721, 0.349, fr=0.047
p:1.382, 0.583, 0.25, fr=1.112
p:0.243, 0.286, -0.93
p:1.885, 0.429, -1.511
p:1.511, -0.975, 0.532
j:2, 3
j:1, 3
j:0, 2, stif=0.838
j:4, 1
j:5, 4
j:6, 2
n:j=1, d=|
n:p=2, d=Gpart:ry=-1.322
n:j=0, d=@
c:0, 1, 0.678
c:2, 1, -8.603
",0.0019715391398448926,"//0
p:fr=0.472
p:0.919, 0.241, -0.291
p:1.493, -0.721, 0.349, fr=0.047
p:1.382, 0.583, 0.25, fr=1.112
p:0.243, 0.286, -0.93
p:1.885, 0.429, -1.511
p:1.511, -0.975, 0.532
j:2, 3
j:1, 3
j:0, 2, stif=0.838
j:4, 1
j:5, 4
j:6, 2
j:6, 0
n:j=1, d=|
n:p=2, d=Gpart:ry=-1.322
n:j=0, d=@
c:0, 1, 0.678
c:2, 1, -8.603
",0.00045949148610278733,feasible,21
36,0,31,"//0
p:fr=0.472
p:0.919, 0.241, -0.291
p:1.493, -0.721, 0.349, fr=0.047
p:1.382, 0.583, 0.25, fr=1.112
p:0.243, 0.286, -0.93
p:1.885, 0.429, -1.511
p:1.511, -0.975, 0.532
j:2, 3
j:1, 3
j:0, 2, stif=0.838
j:4, 1
j:5, 4
j:6, 2
n:j=1, d=|
n:p=2, d=Gpart:ry=-1.322
n:j=0, d=@
c:0, 1, 0.678
c:2, 1, -8.603
",0.0019715391398448926,"//0
p:fr=0.472
p:0.919, 0.241, -0.291
p:1.493, -0.721, 0.349, fr=0.047
p:1.382, 0.583, 0.25, fr=1.112
p:0.243, 0.286, -0.93
p:1.885, 0.429, -1.511
p:1.511, -0.975, 0.532
p:2.352, 0.372, 0.766
j:2, 3
j:1, 3
j:0, 2, stif=0.838
j:4, 1
j:5, 4
j:6, 2
j:7, 3
n:j=1, d=|
n:p=2, d=Gpart:ry=-1.322
n:j=0, d=@
c:0, 1, 0.678
c:2, 1, -8.603
",0.0003655630332351474,feasible,21
36,0,31,"//0
p:fr=0.472
p:0.919, 0.241, -0.291
p:1.493, -0.721, 0.349, fr=0.047
p:1.382, 0.583, 0.25, fr=1.112
p:0.243, 0.286, -0.93
p:1.885, 0.429, -1.511
p:1.511, -0.975, 0.532
j:2, 3
j:1, 3
j:0, 2, stif=0.838
j:4, 1
j:5, 4
j:6, 2
n:j=1, d=|
n:p=2, d=Gpart:ry=-1.322
n:j=0, d=@
c:0, 1, 0.678
c:2, 1, -8.603
",0.0019715391398448926,"//0
p:fr=0.472, ing=0.338
p:0.919, 0.241, -0.291
p:1.493, -0.721, 0.349, fr=0.047
p:1.382, 0.583, 0.25, fr=1.112
p:0.243, 0.286, -0.93
p:1.885, 0.429, -1.511
p:1.511, -0.975, 0.532
j:2, 3
j:1, 3
j:0, 2, stif=0.838
j:4, 1
j:5, 4
j:6, 2
n:j=1, d=|
n:p=2, d=Gpart:ry=-1.322
n:j=0, d=@
c:0, 1, 0.678
c:2, 1, -8.603
",0.0019715391398448926,feasible,21
36,0,31,"//0
p:fr=0.472
p:0.919, 0.241, -0.291
p:1.493, -0.721, 0.349, fr=0.047
p:1.382, 0.583, 0.25, fr=1.112
p:0.243, 0.286, -0.93
p:1.885, 0.429, -1.511
p:1.511, -0.975, 0.532
j:2, 3
j:1, 3
j:0, 2, stif=0.838
j:4, 1
j:5, 4
j:6, 2
n:j=1, d=|
n:p=2, d=Gpart:ry=-1.322
n:j=0, d=@
c:0, 1, 0.678
c:2, 1, -8.603
",0.0019715391398448926,"//0
p:fr=0.472
p:0.919, 0.241, -0.291
p:1.493, -0.721, 0.349, fr=0.047
p:1.382, 0.583, 0.25, fr=1.112
p:0.243, 0.286, -0.93
p:1.492, 0.051, -1.827
p:1.511, -0.975, 0.532
j:2, 3
j:1, 3
j:0, 2, stif=0.838
j:4, 1
j:5, 4
j:6, 2
n:j=1, d=|
n:p=2, d=Gpart:ry=-1.322
n:j=0, d=@
c:0, 1, 0.678
c:2, 1, -8.603
",9.060086090794895e-05,feasible,21
36,0,31,"//0
p:fr=0.472
p:0.919, 0.241, -0.291
p:1.493, -0.721, 0.349, fr=0.047
p:1.382, 0.583, 0.25, fr=1.112
p:0.243, 0.286, -0.93
p:1.885, 0.429, -1.511
p:1.511, -0.975, 0.532
j:2, 3
j:1, 3
j:0, 2, stif=0.838
j:4, 1
j:5, 4
j:6, 2
n:j=1, d=|
n:p=2, d=Gpart:ry=-1.322
n:j=0, d=@
c:0, 1, 0.678
c:2, 1, -8.603
",0.0019715391398448926,"//0
p:fr=0.472
p:0.919, 0.241, -0.291
p:1.493, -0.721, 0.349, fr=0.047
p:1.382, 0.583, 0.25, fr=1.112
p:0.243, 0.286, -0.93
p:1.885, 0.429, -1.511
p:1.511, -0.975, 0.532
j:2, 3
j:1, 3
j:0, 2, stif=0.838
j:4, 1, rotstif=0.891
j:5, 4
j:6, 2
n:j=1, d=|
n:p=2, d=Gpart:ry=-1.322
n:j=0, d=@
c:0, 1, 0.678
c:2, 1, -8.603
",0.0019715391398448926,feasible,21
36,0,31,"//0
p:fr=0.472
p:0.919, 0.241, -0.291
p:1.493, -0.721, 0.349, fr=0.047
p:1.382, 0.583, 0.25, fr=1.112
p:0.243, 0.286, -0.93
p:1.885, 0.429, -1.511
p:1.511, -0.975, 0.532
j:2, 3
j:1, 3
j:0, 2, stif=0.838
j:4, 1
j:5, 4
j:6, 2
n:j=1, d=|
n:p=2, d=Gpart:ry=-1.322
n:j=0, d=@
c:0, 1, 0.678
c:2, 1, -8.603
",0.0019715391398448926,"//0
p:fr=0.472
p:0.919, 0.241, -0.291, fr=0.201
p:1.493, -0.721, 0.349, fr=0.047
p:1.382, 0.583, 0.25, fr=1.112
p:0.243, 0.286, -0.93
p:1.885, 0.429, -1.511
p:1.511, -0.975, 0.532
j:2, 3
j:1, 3
j:0, 2, stif=0.838
j:4, 1
j:5, 4
j:6, 2
n:j=1, d=|
n:p=2, d=Gpart:ry=-1.322
n:j=0, d=@
c:0, 1, 0.678
c:2, 1, -8.603
",0.0019715391398448926,feasible,21
36,0,31,"//0
p:fr=0.472
p:0.919, 0.241, -0.291
p:1.493, -0.721, 0.349, fr=0.047
p:1.382, 0.583, 0.25, fr=1.112
p:0.243, 0.286, -0.93
p:1.885, 0.429, -1.511
p:1.511, -0.975, 0.532
j:2, 3
j:1, 3
j:0, 2, stif=0.838
j:4, 1
j:5, 4
j:6, 2
n:j=1, d=|
n:p=2, d=Gpart:ry=-1.322
n:j=0, d=@
c:0, 1, 0.678
c:2, 1, -8.603
",0.0019715391398448926,"//0
p:fr=0.472
p:0.919, 0.241, -0.291
p:1.493, -0.721, 0.349, fr=0.047
p:1.382, 0.583, 0.25, fr=1.112
p:0.243, 0.286, -0.93
p:1.885, 0.429, -1.511
p:1.511, -0.975, 0.532
j:2, 3
j:1, 3
j:0, 2, stif=0.838
j:4, 1, rotstif=0.897
j:5, 4
j:6, 2
n:j=1, d=|
n:p=2, d=Gpart:ry=-1.322
n:j=0, d=@
c:0, 1, 0.678
c:2, 1, -8.603
",0.0019715391398448926,feasible,21
36,0,31,"//0
p:fr=0.472
p:0.919, 0.241, -0.291
p:1.493, -0.721, 0.349, fr=0.047
p:1.382, 0.583, 0.25, fr=1.112
p:0.243, 0.286, -0.93
p:1.885, 0.429, -1.511
p:1.511, -0.975, 0.532
j:2, 3
j:1, 3
j:0, 2, stif=0.838
j:4, 1
j:5, 4
j:6, 2
n:j=1, d=|
n:p=2, d=Gpart:ry=-1.322
n:j=0, d=@
c:0, 1, 0.678
c:2, 1, -8.603
",0.0019715391398448926,"//0
p:fr=0.472, ing=0.339
p:0.919, 0.241, -0.291
p:1.493, -0.721, 0.349, fr=0.047
p:1.382, 0.583, 0.25, fr=1.112
p:0.243, 0.286, -0.93
p:1.885, 0.429, -1.511
p:1.511, -0.975, 0.532
j:2, 3
j:1, 3
j:0, 2, stif=0.838
j:4, 1
j:5, 4
j:6, 2
n:j=1, d=|
n:p=2, d=Gpart:ry=-1.322
n:j=0, d=@
c:0, 1, 0.678
c:2, 1, -8.603
",0.0019715391398448926,feasible,21
36,0,31,"//0
p:fr=0.472
p:0.919, 0.241, -0.291
p:1.493, -0.721, 0.349, fr=0.047
p:1.382, 0.583, 0.25, fr=1.112
p:0.243, 0.286, -0.93
p:1.885, 0.429, -1.511
p:1.511, -0.975, 0.532
j:2, 3
j:1, 3
j:0, 2, stif=0.838
j:4, 1
j:5, 4
j:6, 2
n:j=1, d=|
n:p=2, d=Gpart:ry=-1.322
n:j=0, d=@
c:0, 1, 0.678
c:2, 1, -8.603
",0.0019715391398448926,"//0
p:fr=0.472
p:0.919, 0.241, -0.291
p:1.493, -0.721, 0.349, fr=0.047
p:1.382, 0.583, 0.25, fr=1.112
p:0.243, 0.286, -0.93
p:1.5363342549875596, 0.3496484856178584, -1.2315124982950676
p:1.511, -0.975, 0.532
j:2, 3
j:1, 3
j:0, 2, stif=0.838
j:4, 1
j:5, 4
j:6, 2
j:0, 5
n:j=1, d=|
n:p=2, d=Gpart:ry=-1.322
n:j=0, d=@
c:0, 1, 0.678
c:2, 1, -8.603
",5.367850979867637e-06,feasible,21
36,0,31,"//0
p:fr=0.472
p:0.919, 0.241, -0.291
p:1.493, -0.721, 0.349, fr=0.047
p:1.382, 0.583, 0.25, fr=1.112
p:0.243, 0.286, -0.93
p:1.885, 0.429, -1.511
p:1.511, -0.975, 0.532
j:2, 3
j:1, 3
j:0, 2, stif=0.838
j:4, 1
j:5, 4
j:6, 2
n:j=1, d=|
n:p=2, d=Gpart:ry=-1.322
n:j=0, d=@
c:0, 1, 0.678
c:2, 1, -8.603
",0.0019715391398448926,"//0
p:fr=0.472
p:0.919, 0.241, -0.291
p:1.493, -0.721, 0.349, fr=0.047
p:1.382, 0.583, 0.25, fr=1.112
p:0.243, 0.286, -0.93
p:1.885, 0.429, -1.511
p:1.511, -0.975, 0.532, ing=0.133
j:2, 3
j:1, 3
j:0, 2, stif=0.838
j:4, 1
j:5, 4
j:6, 2
n:j=1, d=|
n:p=2, d=Gpart:ry=-1.322
n:j=0, d=@
c:0, 1, 0.678
c:2, 1, -8.603
",0.0019715391398448926,feasible,21
36,0,31,"//0
p:fr=0.472
p:0.919, 0.241, -0.291
p:1.493, -0.721, 0.349, fr=0.047
p:1.382, 0.583, 0.25, fr=1.112
p:0.243, 0.286, -0.93
p:1.885, 0.429, -1.511
p:1.511, -0.975, 0.532
j:2, 3
j:1, 3
j:0, 2, stif=0.838
j:4, 1
j:5, 4
j:6, 2
n:j=1, d=|
n:p=2, d=Gpart:ry=-1.322
n:j=0, d=@
c:0, 1, 0.678
c:2, 1, -8.603
",0.0019715391398448926,"//0
p:fr=0.472
p:0.919, 0.241, -0.291
p:1.493, -0.721, 0.349, fr=0.047
p:1.382, 0.583, 0.25, fr=1.112
p:0.243, 0.286, -0.93
p:1.845854319323259, 0.31415935515752, -1.3252577396460758
p:1.511, -0.975, 0.532
j:2, 5
j:1, 5
j:0, 2, stif=0.838
j:4, 1
j:3, 4
j:6, 2
n:j=1, d=|
n:p=2, d=Gpart:ry=-1.322
n:j=0, d=@
c:0, 1, 0.678
c:2, 1, -8.603
",0.0004990033756329658,feasible,21
36,0,31,"//0
p:fr=0.472
p:0.919, 0.241, -0.291
p:1.493, -0.721, 0.349, fr=0.047
p:1.382, 0.583, 0.25, fr=1.112
p:0.243, 0.286, -0.93
p:1.885, 0.429, -1.511
p:1.511, -0.975, 0.532
j:2, 3
j:1, 3
j:0, 2, stif=0.838
j:4, 1
j:5, 4
j:6, 2
n:j=1, d=|
n:p=2, d=Gpart:ry=-1.322
n:j=0, d=@
c:0, 1, 0.678
c:2, 1, -8.603
",0.0019715391398448926,"//0
p:fr=0.472
p:0.919, 0.241, -0.291
p:1.493, -0.721, 0.349, fr=0.047
p:1.382, 0.583, 0.25, fr=1.112, ing=0.226
p:0.243, 0.286, -0.93
p:1.885, 0.429, -1.511
p:1.511, -0.975, 0.532
j:2, 3
j:1, 3
j:0, 2, stif=0.838
j:4, 1
j:5, 4
j:6, 2
n:j=1, d=|
n:p=2, d=Gpart:ry=-1.322
n:j=0, d=@
c:0, 1, 0.678
c:2, 1, -8.603
",0.0019715391398448926,feasible,21
36,0,31,"//0
p:fr=0.472
p:0.919, 0.241, -0.291
p:1.493, -0.721, 0.349, fr=0.047
p:1.382, 0.583, 0.25, fr=1.112
p:0.243, 0.286, -0.93
p:1.885, 0.429, -1.511
p:1.511, -0.975, 0.532
j:2, 3
j:1, 3
j:0, 2, stif=0.838
j:4, 1
j:5, 4
j:6, 2
n:j=1, d=|
n:p=2, d=Gpart:ry=-1.322
n:j=0, d=@
c:0, 1, 0.678
c:2, 1, -8.603
",0.0019715391398448926,"//0
p:fr=0.472
p:0.919, 0.241, -0.291
p:1.493, -0.721, 0.349, fr=0.047
p:1.382, 0.583, 0.25, fr=1.112
p:0.243, 0.286, -0.93
p:1.885, 0.429, -1.511
p:1.991, -0.898, 0.67
j:2, 3
j:1, 3
j:0, 2, stif=0.838
j:4, 1
j:5, 4
j:6, 2
n:j=1, d=|
n:p=2, d=Gpart:ry=-1.322
n:j=0, d=@
c:0, 1, 0.678
c:2, 1, -8.603
",0.002045840469975778,feasible,21
36,0,31,"//0
p:fr=0.472
p:0.919, 0.241, -0.291
p:1.493, -0.721, 0.349, fr=0.047
p:1.382, 0.583, 0.25, fr=1.112
p:0.243, 0.286, -0.93
p:1.885, 0.429, -1.511
p:1.511, -0.975, 0.532
j:2, 3
j:1, 3
j:0, 2, stif=0.838
j:4, 1
j:5, 4
j:6, 2
n:j=1, d=|
n:p=2, d=Gpart:ry=-1.322
n:j=0, d=@
c:0, 1, 0.678
c:2, 1, -8.603
",0.0019715391398448926,"//0
p:fr=0.472
p:0.919, 0.241, -0.291
p:1.493, -0.721, 0.349, fr=0.047
p:1.382, 0.583, 0.25, fr=1.112
p:0.243, 0.286, -0.93
p:1.885, 0.429, -1.511
p:1.511, -0.975, 0.532
j:2, 3
j:1, 3
j:0, 2, stif=0.838
j:4, 1
j:5, 4, rotstif=0.989
j:6, 2
n:j=1, d=|
n:p=2, d=Gpart:ry=-1.322
n:j=0, d=@
c:0, 1, 0.678
c:2, 1, -8.603
",0.0019715391398448926,feasible,21
36,0,31,"//0
p:fr=0.472
p:0.919, 0.241, -0.291
p:1.493, -0.721, 0.349, fr=0.047
p:1.382, 0.583, 0.25, fr=1.112
p:0.243, 0.286, -0.93
p:1.885, 0.429, -1.511
p:1.511, -0.975, 0.532
j:2, 3
j:1, 3
j:0, 2, stif=0.838
j:4, 1
j:5, 4
j:6, 2
n:j=1, d=|
n:p=2, d=Gpart:ry=-1.322
n:j=0, d=@
c:0, 1, 0.678
c:2, 1, -8.603
",0.0019715391398448926,"//0
p:fr=0.472
p:0.919, 0.241, -0.291
p:1.493, -0.721, 0.349, fr=0.047
p:1.382, 0.583, 0.25, fr=1.112
p:0.243, 0.286, -0.93
p:1.885, 0.429, -1.511
p:1.511, -0.975, 0.532
j:2, 3
j:1, 3
j:0, 2, stif=0.838
j:4, 1
j:5, 4
j:6, 2, rotstif=0.967
n:j=1, d=|
n:p=2, d=Gpart:ry=-1.322
n:j=0, d=@
c:0, 1, 0.678
c:2, 1, -8.603
",0.0019715391398448926,feasible,21
36,0,31,"//0
p:fr=0.472
p:0.919, 0.241, -0.291
p:1.493, -0.721, 0.349, fr=0.047
p:1.382, 0.583, 0.25, fr=1.112
p:0.243, 0.286, -0.93
p:1.885, 0.429, -1.511
p:1.511, -0.975, 0.532
j:2, 3
j:1, 3
j:0, 2, stif=0.838
j:4, 1
j:5, 4
j:6, 2
n:j=1, d=|
n:p=2, d=Gpart:ry=-1.322
n:j=0, d=@
c:0, 1, 0.678
c:2, 1, -8.603
",0.0019715391398448926,"//0
p:fr=0.472
p:0.919, 0.241, -0.291
p:1.493, -0.721, 0.349, fr=0.047
p:1.382, 0.583, 0.25, fr=1.112
p:0.243, 0.286, -0.93
p:1.885, 0.429, -1.511
p:1.511, -0.975, 0.532
j:2, 3
j:1, 3
j:0, 2, stif=0.838
j:4, 1
j:5, 4
j:6, 2
n:j=1, d=|
n:p=2, d=Gpart:ry=0.041
n:j=0, d=@
c:0, 1, 0.678
c:2, 1, -8.603
",7.57771911913159e-05,feasible,21
36,0,31,"//0
p:fr=0.472
p:0.919, 0.241, -0.291
p:1.493, -0.721, 0.349, fr=0.047
p:1.382, 0.583, 0.25, fr=1.112
p:0.243, 0.286, -0.93
p:1.885, 0.429, -1.511
p:1.511, -0.975, 0.532
j:2, 3
j:1, 3
j:0, 2, stif=0.838
j:4, 1
j:5, 4
j:6, 2
n:j=1, d=|
n:p=2, d=Gpart:ry=-1.322
n:j=0, d=@
c:0, 1, 0.678
c:2, 1, -8.603
",0.0019715391398448926,"//0
p:fr=0.472
p:0.919, 0.241, -0.291
p:1.493, -0.721, 0.349, fr=0.047
p:1.382, 0.583, 0.25, fr=1.112
p:0.243, 0.286, -0.93
p:1.885, 0.429, -1.511
p:1.511, -0.975, 0.532
j:2, 3
j:1, 3
j:0, 2, stif=0.838
j:4, 1
j:5, 4
j:6, 2
n:j=1, d=|
n:p=2, d=Gpart:ry=-1.322
c:0, 1, 0.678
",3.36544748128161e-05,feasible,21
36,0,32,"//0
p:fr=0.472
p:0.919, 0.241, -0.291
p:1.493, -0.721, 0.349, fr=0.047
p:1.382, 0.583, 0.25, fr=1.112
p:0.243, 0.286, -0.93
p:1.885, 0.429, -1.511
p:1.511, -0.975, 0.532
j:2, 3
j:1, 3
j:0, 2, stif=0.838
j:4, 1
j:5, 4
j:6, 2
j:1, 5
n:j=1, d=|
n:p=2, d=Gpart:ry=-1.322
n:j=0, d=@
c:0, 1, 0.678
c:2, 1, -8.603
",0.002500765575258423,"//0
p:fr=0.472
p:0.919, 0.241, -0.291
p:1.493, -0.721, 0.349, fr=0.047
p:1.382, 0.583, 0.25, fr=1.112
p:0.243, 0.286, -0.93
p:1.885, 0.429, -1.511
p:1.511, -0.975, 0.532
j:2, 3
j:5, 3
j:0, 2, stif=0.838
j:4, 5
j:1, 4
j:6, 2
j:5, 1
n:j=1, d=|
n:p=2, d=Gpart:ry=-1.322
n:j=0, d=@
c:0, 1, 0.678
c:2, 1, -8.603
",0.0003936288065985569,feasible,22
36,0,32,"//0
p:fr=0.472
p:0.919, 0.241, -0.291
p:1.493, -0.721, 0.349, fr=0.047
p:1.382, 0.583, 0.25, fr=1.112
p:0.243, 0.286, -0.93
p:1.885, 0.429, -1.511
p:1.511, -0.975, 0.532
j:2, 3
j:1, 3
j:0, 2, stif=0.838
j:4, 1
j:5, 4
j:6, 2
j:1, 5
n:j=1, d=|
n:p=2, d=Gpart:ry=-1.322
n:j=0, d=@
c:0, 1, 0.678
c:2, 1, -8.603
",0.002500765575258423,"//0
p:fr=0.472
p:0.919, 0.241, -0.291
p:1.493, -0.721, 0.349, fr=0.047
p:1.382, 0.583, 0.25, fr=1.112
p:0.243, 0.286, -0.93
p:1.885, 0.429, -1.511
p:1.511, -0.975, 0.532
j:2, 3
j:1, 3
j:0, 2, stif=0.838
j:4, 1
j:5, 4
j:6, 2
j:1, 5
n:j=1, d=|
n:p=2, d=Gpart:ry=-1.322
n:j=0, d=@
c:0, 1, 1.288
c:2, 1, -8.603
",0.002515021043645085,feasible,22
36,0,32,"//0
p:fr=0.472
p:0.919, 0.241, -0.291
p:1.493, -0.721, 0.349, fr=0.047
p:1.382, 0.583, 0.25, fr=1.112
p:0.243, 0.286, -0.93
p:1.885, 0.429, -1.511
p:1.511, -0.975, 0.532
j:2, 3
j:1, 3
j:0, 2, stif=0.838
j:4, 1
j:5, 4
j:6, 2
j:1, 5
n:j=1, d=|
n:p=2, d=Gpart:ry=-1.322
n:j=0, d=@
c:0, 1, 0.678
c:2, 1, -8.603
",0.002500765575258423,"//0
p:fr=0.472
p:0.919, 0.241, -0.291
p:1.493, -0.721, 0.349, fr=0.047
p:1.382, 0.583, 0.25, fr=1.112
p:0.243, 0.286, -0.93
p:1.885, 0.429, -1.511
p:1.511, -0.975, 0.532
j:2, 3
j:1, 3
j:0, 2, stif=0.838
j:4, 1
j:5, 4
j:6, 2
j:1, 5
j:4, 3
n:j=1, d=|
n:p=2, d=Gpart:ry=-1.322
n:j=0, d=@
c:0, 1, 0.678
c:2, 1, -8.603
",1.916118780480014e-05,feasible,22
36,0,32,"//0
p:fr=0.472
p:0.919, 0.241, -0.291
p:1.493, -0.721, 0.349, fr=0.047
p:1.382, 0.583, 0.25, fr=1.112
p:0.243, 0.286, -0.93
p:1.885, 0.429, -1.511
p:1.511, -0.975, 0.532
j:2, 3
j:1, 3
j:0, 2, stif=0.838
j:4, 1
j:5, 4
j:6, 2
j:1, 5
n:j=1, d=|
n:p=2, d=Gpart:ry=-1.322
n:j=0, d=@
c:0, 1, 0.678
c:2, 1, -8.603
",0.002500765575258423,"//0
p:fr=0.472
p:0.919, 0.241, -0.291
p:1.493, -0.721, 0.349, fr=0.047
p:1.382, 0.583, 0.25, fr=1.112
p:0.243, 0.286, -0.93
p:1.885, 0.429, -1.511
p:1.511, -0.975, 0.532
j:2, 3
j:1, 3
j:0, 2, stif=0.838
j:4, 1
j:5, 4
j:6, 2
j:1, 5
n:j=1, d=|
n:p=2, d=Gpart:ry=-1.322
n:j=0, d=@
c:2, 1, -8.603
",0.0026326337705397302,feasible,22
36,0,32,"//0
p:fr=0.472
p:0.919, 0.241, -0.291
p:1.493, -0.721, 0.349, fr=0.047
p:1.382, 0.583, 0.25, fr=1.112
p:0.243, 0.286, -0.93
p:1.885, 0.429, -1.511
p:1.511, -0.975, 0.532
j:2, 3
j:1, 3
j:0, 2, stif=0.838
j:4, 1
j:5, 4
j:6, 2
j:1, 5
n:j=1, d=|
n:p=2, d=Gpart:ry=-1.322
n:j=0, d=@
c:0, 1, 0.678
c:2, 1, -8.603
",0.002500765575258423,"//0
p:fr=0.472
p:0.919, 0.241, -0.291
p:1.493, -0.721, 0.349, fr=0.047
p:1.382, 0.583, 0.25, fr=1.112
p:0.243, 0.286, -0.93
p:1.885, 0.429, -1.511
p:1.511, -0.975, 0.532
p:0.717, 0.443, -0.894
j:2, 3
j:1, 3
j:0, 2, stif=0.838
j:4, 1
j:5, 4
j:6, 2
j:1, 5
j:7, 1
n:j=1, d=|
n:p=2, d=Gpart:ry=-1.322
n:j=0, d=@
c:0, 1, 0.678
c:2, 1, -8.603
",0.0007866788975927993,feasible,22
36,0,32,"//0
p:fr=0.472
p:0.919, 0.241, -0.291
p:1.493, -0.721, 0.349, fr=0.047
p:1.382, 0.583, 0.25, fr=1.112
p:0.243, 0.286, -0.93
p:1.885, 0.429, -1.511
p:1.511, -0.975, 0.532
j:2, 3
j:1, 3
j:0, 2, stif=0.838
j:4, 1
j:5, 4
j:6, 2
j:1, 5
n:j=1, d=|
n:p=2, d=Gpart:ry=-1.322
n:j=0, d=@
c:0, 1, 0.678
c:2, 1, -8.603
",0.002500765575258423,"//0
p:fr=0.472
p:0.919, 0.241, -0.291
p:1.493, -0.721, 0.349, fr=0.047
p:1.382, 0.583, 0.25, fr=1.112
p:0.243, 0.286, -0.93
p:1.885, 0.429, -1.511
p:1.511, -0.975, 0.532
j:2, 3
j:1, 3
j:0, 2, stif=0.838
j:4, 1
j:5, 4
j:6, 2
j:1, 5
n:j=1, d=|
n:p=2, d=Gpart:ry=-1.322
n:j=0, d=@
n:p=4, d=S
c:0, 1, 0.678
c:2, 1, -8.603
",0.002500765575258423,feasible,22
36,0,32,"//0
p:fr=0.472
p:0.919, 0.241, -0.291
p:1.493, -0.721, 0.349, fr=0.047
p:1.382, 0.583, 0.25, fr=1.112
p:0.243, 0.286, -0.93
p:1.885, 0.429, -1.511
p:1.511, -0.975, 0.532
j:2, 3
j:1, 3
j:0, 2, stif=0.838
j:4, 1
j:5, 4
j:6, 2
j:1, 5
n:j=1, d=|
n:p=2, d=Gpart:ry=-1.322
n:j=0, d=@
c:0, 1, 0.678
c:2, 1, -8.603
",0.002500765575258423,"//0
p:fr=0.002
p:0.919, 0.241, -0.291
p:1.493, -0.721, 0.349, fr=0.047
p:1.382, 0.583, 0.25, fr=1.112
p:0.243, 0.286, -0.93
p:1.885, 0.429, -1.511
p:1.511, -0.975, 0.532
j:2, 3
j:1, 3
j:0, 2, stif=0.838
j:4, 1
j:5, 4
j:6, 2
j:1, 5
n:j=1, d=|
n:p=2, d=Gpart:ry=-1.322
n:j=0, d=@
c:0, 1, 0.678
c:2, 1, -8.603
",0.002182271669480956,feasible,22
36,0,32,"//0
p:fr=0.472
p:0.919, 0.241, -0.291
p:1.493, -0.721, 0.349, fr=0.047
p:1.382, 0.583, 0.25, fr=1.112
p:0.243, 0.286, -0.93
p:1.885, 0.429, -1.511
p:1.511, -0.975, 0.532
j:2, 3
j:1, 3
j:0, 2, stif=0.838
j:4, 1
j:5, 4
j:6, 2
j:1, 5
n:j=1, d=|
n:p=2, d=Gpart:ry=-1.322
n:j=0, d=@
c:0, 1, 0.678
c:2, 1, -8.603
",0.002500765575258423,"//0
p:fr=0.472
p:0.919, 0.241, -0.291
p:1.493, -0.721, 0.349, fr=0.047
p:1.382, 0.583, 0.25, fr=1.112
p:0.243, 0.286, -0.93
p:1.885, 0.429, -1.511
p:1.511, -0.975, 0.532
p:-0.721, -1.384, -0.968
j:2, 3
j:1, 3
j:0, 2, stif=0.838
j:4, 1
j:5, 4
j:6, 2
j:1, 5
j:7, 4
n:j=1, d=|
n:p=2, d=Gpart:ry=-1.322
n:j=0, d=@
c:0, 1, 0.678
c:2, 1, -8.603
",4.194139602947092e-05,feasible,22
36,0,32,"//0
p:fr=0.472
p:0.919, 0.241, -0.291
p:1.493, -0.721, 0.349, fr=0.047
p:1.382, 0.583, 0.25, fr=1.112
p:0.243, 0.286, -0.93
p:1.885, 0.429, -1.511
p:1.511, -0.975, 0.532
j:2, 3
j:1, 3
j:0, 2, stif=0.838
j:4, 1
j:5, 4
j:6, 2
j:1, 5
n:j=1, d=|
n:p=2, d=Gpart:ry=-1.322
n:j=0, d=@
c:0, 1, 0.678
c:2, 1, -8.603
",0.002500765575258423,"//0
p:fr=0.472
p:0.919, 0.241, -0.291
p:1.493, -0.721, 0.349, fr=0.047
p:1.382, 0.583, 0.25, fr=1.112
p:0.243, 0.286, -0.93
p:1.885, 0.429, -1.511
p:1.511, -0.975, 0.532
j:2, 3
j:1, 3
j:0, 2, stif=0.838
j:4, 1
j:5, 4
j:6, 2
j:1, 5
n:j=1, d=|
n:p=2, d=Gpart:ry=-1.322
n:j=0, d=@
c:0, 1, 0.678
c:2, 1, -5.963
",0.002614621648743039,feasible,22
36,0,32,"//0
p:fr=0.472
p:0.919, 0.241, -0.291
p:1.493, -0.721, 0.349, fr=0.047
p:1.382, 0.583, 0.25, fr=1.112
p:0.243, 0.286, -0.93
p:1.885, 0.429, -1.511
p:1.511, -0.975, 0.532
j:2, 3
j:1, 3
j:0, 2, stif=0.838
j:4, 1
j:5, 4
j:6, 2
j:1, 5
n:j=1, d=|
n:p=2, d=Gpart:ry=-1.322
n:j=0, d=@
c:0, 1, 0.678
c:2, 1, -8.603
",0.002500765575258423,"//0
p:fr=0.472
p:0.919, 0.241, -0.291
p:1.493, -0.721, 0.349, fr=0.047
p:1.382, 0.583, 0.25, fr=1.112
p:0.243, 0.286, -0.93
p:1.885, 0.429, -1.511
p:1.511, -0.975, 0.532
j:2, 3
j:1, 3
j:0, 2, stif=0.838
j:4, 1
j:5, 4
j:6, 2
j:1, 5
n:j=1, d=|
n:p=2, d=Gpart:ry=-1.322
n:j=0, d=@
n:j=0, d=|
c:0, 1, 0.678
c:2, 1, -8.603
c:3, 1, -0.984
",0.0003444066531440793,feasible,22
36,0,32,"//0
p:fr=0.472
p:0.919, 0.241, -0.291
p:1.493, -0.721, 0.349, fr=0.047
p:1.382, 0.583, 0.25, fr=1.112
p:0.243, 0.286, -0.93
p:1.885, 0.429, -1.511
p:1.511, -0.975, 0.532
j:2, 3
j:1, 3
j:0, 2, stif=0.838
j:4, 1
j:5, 4
j:6, 2
j:1, 5
n:j=1, d=|
n:p=2, d=Gpart:ry=-1.322
n:j=0, d=@
c:0, 1, 0.678
c:2, 1, -8.603
",0.002500765575258423,"//0
p:fr=0.472
p:0.919, 0.241, -0.291
p:1.493, -0.721, 0.349, fr=0.047
p:1.382, 0.583, 0.25, fr=1.112
p:0.243, 0.286, -0.93
p:1.845854319323259, 0.31415935515752, -1.3252577396460758
p:1.511, -0.975, 0.532
j:2, 5
j:1, 5
j:0, 2, stif=0.838
j:4, 1
j:3, 4
j:6, 2
j:1, 3
n:j=1, d=|
n:p=2, d=Gpart:ry=-1.322
n:j=0, d=@
c:0, 1, 0.678
c:2, 1, -8.603
",0.00028579241243619966,feasible,22
36,0,32,"//0
p:fr=0.472
p:0.919, 0.241, -0.291
p:1.493, -0.721, 0.349, fr=0.047
p:1.382, 0.583, 0.25, fr=1.112
p:0.243, 0.286, -0.93
p:1.885, 0.429, -1.511
p:1.511, -0.975, 0.532
j:2, 3
j:1, 3
j:0, 2, stif=0.838
j:4, 1
j:5, 4
j:6, 2
j:1, 5
n:j=1, d=|
n:p=2, d=Gpart:ry=-1.322
n:j=0, d=@
c:0, 1, 0.678
c:2, 1, -8.603
",0.002500765575258423,"//0
p:fr=0.472
p:0.919, 0.241, -0.291
p:1.493, -0.721, 0.349, fr=0.047
p:1.382, 0.583, 0.25, fr=1.112
p:0.243, 0.286, -0.93
p:1.885, 0.429, -1.511
p:1.572, -0.973, 0.481
j:2, 3
j:1, 3
j:0, 2, stif=0.838
j:4, 1
j:5, 4
j:6, 2
j:1, 5
n:j=1, d=|
n:p=2, d=Gpart:ry=-1.322
n:j=0, d=@
c:0, 1, 0.678
c:2, 1, -8.603
",0.0022454803385001366,feasible,22
36,0,32,"//0
p:fr=0.472
p:0.919, 0.241, -0.291
p:1.493, -0.721, 0.349, fr=0.047
p:1.382, 0.583, 0.25, fr=1.112
p:0.243, 0.286, -0.93
p:1.885, 0.429, -1.511
p:1.511, -0.975, 0.532
j:2, 3
j:1, 3
j:0, 2, stif=0.838
j:4, 1
j:5, 4
j:6, 2
j:1, 5
n:j=1, d=|
n:p=2, d=Gpart:ry=-1.322
n:j=0, d=@
c:0, 1, 0.678
c:2, 1, -8.603
",0.002500765575258423,"//0
p:fr=0.472, ing=0.429
p:0.919, 0.241, -0.291
p:1.493, -0.721, 0.349, fr=0.047
p:1.382, 0.583, 0.25, fr=1.112
p:0.243, 0.286, -0.93
p:1.885, 0.429, -1.511
p:1.511, -0.975, 0.532
j:2, 3
j:1, 3
j:0, 2, stif=0.838
j:4, 1
j:5, 4
j:6, 2
j:1, 5
n:j=1, d=|
n:p=2, d=Gpart:ry=-1.322
n:j=0, d=@
c:0, 1, 0.678
c:2, 1, -8.603
",0.002500765575258423,feasible,22
36,0,32,"//0
p:fr=0.472
p:0.919, 0.241, -0.291
p:1.493, -0.721, 0.349, fr=0.047
p:1.382, 0.583, 0.25, fr=1.112
p:0.243, 0.286, -0.93
p:1.885, 0.429, -1.511
p:1.511, -0.975, 0.532
j:2, 3
j:1, 3
j:0, 2, stif=0.838
j:4, 1
j:5, 4
j:6, 2
j:1, 5
n:j=1, d=|
n:p=2, d=Gpart:ry=-1.322
n:j=0, d=@
c:0, 1, 0.678
c:2, 1, -8.603
",0.002500765575258423,"//0
p:0.0015507734583894983, -0.0005075722339137334, 0.0004829162962528555, fr=0.472
p:0.919, 0.241, -0.291
p:1.824, -0.597, 0.568, fr=0.047
p:1.382, 0.583, 0.25, fr=1.112
p:0.243, 0.286, -0.93
p:1.885, 0.429, -1.511
p:1.511, -0.975, 0.532
j:2, 3
j:1, 3
j:0, 2, stif=0.838
j:4, 1
j:5, 4
j:6, 2
j:1, 5
n:j=1, d=|
n:p=2, d=Gpart:ry=-1.322
n:j=0, d=@
c:0, 1, 0.678
c:2, 1, -8.603
",0.0007737093960159058,feasible,22
36,0,32,"//0
p:fr=0.472
p:0.919, 0.241, -0.291
p:1.493, -0.721, 0.349, fr=0.047
p:1.382, 0.583, 0.25, fr=1.112
p:0.243, 0.286, -0.93
p:1.885, 0.429, -1.511
p:1.511, -0.975, 0.532
j:2, 3
j:1, 3
j:0, 2, stif=0.838
j:4, 1
j:5, 4
j:6, 2
j:1, 5
n:j=1, d=|
n:p=2, d=Gpart:ry=-1.322
n:j=0, d=@
c:0, 1, 0.678
c:2, 1, -8.603
",0.002500765575258423,"//0
p:fr=0.472
p:0.919, 0.241, -0.291
p:1.493, -0.721, 0.349, fr=0.047
p:1.382, 0.583, 0.25, fr=1.112
p:0.243, 0.286, -0.93
p:1.885, 0.429, -1.511
p:1.511, -0.975, 0.532
j:2, 3
j:1, 3, rotstif=0.934
j:0, 2, stif=0.838
j:4, 1
j:5, 4
j:6, 2
j:1, 5
n:j=1, d=|
n:p=2, d=Gpart:ry=-1.322
n:j=0, d=@
c:0, 1, 0.678
c:2, 1, -8.603
",0.002500765575258423,feasible,22
36,0,32,"//0
p:fr=0.472
p:0.919, 0.241, -0.291
p:1.493, -0.721, 0.349, fr=0.047
p:1.382, 0.583, 0.25, fr=1.112
p:0.243, 0.286, -0.93
p:1.885, 0.429, -1.511
p:1.511, -0.975, 0.532
j:2, 3
j:1, 3
j:0, 2, stif=0.838
j:4, 1
j:5, 4
j:6, 2
j:1, 5
n:j=1, d=|
n:p=2, d=Gpart:ry=-1.322
n:j=0, d=@
c:0, 1, 0.678
c:2, 1, -8.603
",0.002500765575258423,"//0
p:fr=0.472
p:0.919, 0.241, -0.291
p:1.493, -0.721, 0.349, fr=0.047
p:1.382, 0.583, 0.25, fr=1.112
p:0.243, 0.286, -0.93
p:1.885, 0.429, -1.511
p:1.511, -0.975, 0.532
j:2, 3
j:1, 3
j:0, 2, stif=0.838
j:4, 1
j:5, 4
j:6, 2
j:1, 5
n:j=1, d=|:r=0.993
n:p=2, d=Gpart:ry=-1.322
n:j=0, d=@
c:0, 1, 0.678
c:2, 1, -8.603
",0.002543258495449118,feasible,22
36,0,32,"//0
p:fr=0.472
p:0.919, 0.241, -0.291
p:1.493, -0.721, 0.349, fr=0.047
p:1.382, 0.583, 0.25, fr=1.112
p:0.243, 0.286, -0.93
p:1.885, 0.429, -1.511
p:1.511, -0.975, 0.532
j:2, 3
j:1, 3
j:0, 2, stif=0.838
j:4, 1
j:5, 4
j:6, 2
j:1, 5
n:j=1, d=|
n:p=2, d=Gpart:ry=-1.322
n:j=0, d=@
c:0, 1, 0.678
c:2, 1, -8.603
",0.002500765575258423,"//0
p:fr=0.472
p:0.919, 0.241, -0.291
p:1.493, -0.721, 0.349, fr=0.136
p:1.382, 0.583, 0.25, fr=1.112
p:0.243, 0.286, -0.93
p:1.885, 0.429, -1.511
p:1.511, -0.975, 0.532
j:2, 3
j:1, 3
j:0, 2, stif=0.838
j:4, 1
j:5, 4
j:6, 2
j:1, 5
n:j=1, d=|
n:p=2, d=Gpart:ry=-1.322
n:j=0, d=@
c:0, 1, 0.678
c:2, 1, -8.603
",0.002506727342000758,feasible,22
36,0,32,"//0
p:fr=0.472
p:0.919, 0.241, -0.291
p:1.493, -0.721, 0.349, fr=0.047
p:1.382, 0.583, 0.25, fr=1.112
p:0.243, 0.286, -0.93
p:1.885, 0.429, -1.511
p:1.511, -0.975, 0.532
j:2, 3
j:1, 3
j:0, 2, stif=0.838
j:4, 1
j:5, 4
j:6, 2
j:1, 5
n:j=1, d=|
n:p=2, d=Gpart:ry=-1.322
n:j=0, d=@
c:0, 1, 0.678
c:2, 1, -8.603
",0.002500765575258423,"//0
p:fr=0.472
p:0.919, 0.241, -0.291
p:1.493, -0.721, 0.349, fr=0.047
p:1.382, 0.583, 0.25, fr=1.112
p:0.292, 0.41, -1.092
p:1.885, 0.429, -1.511
p:1.511, -0.975, 0.532
j:2, 3
j:1, 3
j:0, 2, stif=0.838
j:4, 1
j:5, 4
j:6, 2
j:1, 5
n:j=1, d=|
n:p=2, d=Gpart:ry=-1.322
n:j=0, d=@
c:0, 1, 0.678
c:2, 1, -8.603
",0.0018630692840803057,feasible,22
36,0,32,"//0
p:fr=0.472
p:0.919, 0.241, -0.291
p:1.493, -0.721, 0.349, fr=0.047
p:1.382, 0.583, 0.25, fr=1.112
p:0.243, 0.286, -0.93
p:1.885, 0.429, -1.511
p:1.511, -0.975, 0.532
j:2, 3
j:1, 3
j:0, 2, stif=0.838
j:4, 1
j:5, 4
j:6, 2
j:1, 5
n:j=1, d=|
n:p=2, d=Gpart:ry=-1.322
n:j=0, d=@
c:0, 1, 0.678
c:2, 1, -8.603
",0.002500765575258423,"//0
p:fr=0.472
p:0.919, 0.241, -0.291
p:1.493, -0.721, 0.349, fr=0.047
p:1.382, 0.583, 0.25, fr=1.112
p:0.243, 0.286, -0.93
p:1.885, 0.429, -1.511
p:1.511, -0.975, 0.532
j:2, 3
j:1, 3
j:0, 2, stif=0.838
j:4, 1
j:5, 4
j:6, 2
j:1, 5
n:j=1, d=|
n:p=2, d=Gpart:ry=-1.322
n:j=0, d=@
c:0, 1, 0.678
c:2, 1, -13.402
",0.002261668711860209,feasible,22
36,0,32,"//0
p:fr=0.472
p:0.919, 0.241, -0.291
p:1.493, -0.721, 0.349, fr=0.047
p:1.382, 0.583, 0.25, fr=1.112
p:0.243, 0.286, -0.93
p:1.885, 0.429, -1.511
p:1.511, -0.975, 0.532
j:2, 3
j:1, 3
j:0, 2, stif=0.838
j:4, 1
j:5, 4
j:6, 2
j:1, 5
n:j=1, d=|
n:p=2, d=Gpart:ry=-1.322
n:j=0, d=@
c:0, 1, 0.678
c:2, 1, -8.603
",0.002500765575258423,"//0
p:fr=0.472
p:0.919, 0.241, -0.291
p:1.493, -0.721, 0.349, fr=0.047
p:1.382, 0.583, 0.25, fr=1.112
p:0.243, 0.286, -0.93
p:1.885, 0.429, -1.511
p:1.511, -0.975, 0.532
j:3, 2
j:1, 2
j:0, 3, stif=0.838
j:4, 1
j:5, 4
j:6, 3
j:1, 5
n:j=1, d=|
n:p=2, d=Gpart:ry=-1.322
n:j=0, d=@
c:0, 1, 0.678
c:2, 1, -8.603
",0.0004383712785753761,feasible,22
36,0,33,"//0
p:fr=0.472
p:0.919, 0.241, -0.291
p:1.493, -0.721, 0.349, fr=0.047
p:1.382, 0.583, 0.25, fr=1.112
p:0.243, 0.286, -0.93
p:1.885, 0.429, -1.511
p:1.511, -0.975, 0.532
j:2, 3
j:1, 3
j:0, 2, stif=0.838
j:4, 1, stif=0.81
j:5, 4
j:6, 2
j:1, 5
n:j=1, d=|
n:p=2, d=Gpart:ry=-1.322
n:j=0, d=@
c:0, 1, 0.678
c:2, 1, -8.603
",0.0026741942567214652,"//0
p:0.037, 0.133, 0.167, fr=0.472
p:0.919, 0.241, -0.291
p:1.493, -0.721, 0.349, fr=0.047
p:1.382, 0.583, 0.25, fr=1.112
p:0.243, 0.286, -0.93
p:1.885, 0.429, -1.511
p:1.511, -0.975, 0.532
j:2, 3
j:1, 3
j:0, 2, stif=0.838
j:4, 1, stif=0.81
j:5, 4
j:6, 2
j:1, 5
n:j=1, d=|
n:p=2, d=Gpart:ry=-1.322
n:j=0, d=@
c:0, 1, 0.678
c:2, 1, -8.603
",0.001345380015360485,feasible,20
36,0,33,"//0
p:fr=0.472
p:0.919, 0.241, -0.291
p:1.493, -0.721, 0.349, fr=0.047
p:1.382, 0.583, 0.25, fr=1.112
p:0.243, 0.286, -0.93
p:1.885, 0.429, -1.511
p:1.511, -0.975, 0.532
j:2, 3
j:1, 3
j:0, 2, stif=0.838
j:4, 1, stif=0.81
j:5, 4
j:6, 2
j:1, 5
n:j=1, d=|
n:p=2, d=Gpart:ry=-1.322
n:j=0, d=@
c:0, 1, 0.678
c:2, 1, -8.603
",0.0026741942567214652,"//0
p:fr=0.472
p:0.919, 0.241, -0.291
p:1.493, -0.721, 0.349, fr=0.047
p:1.382, 0.583, 0.25, fr=1.112
p:0.243, 0.286, -0.93
p:1.885, 0.429, -1.511, fr=0.252
p:1.511, -0.975, 0.532
j:2, 3
j:1, 3
j:0, 2, stif=0.838
j:4, 1, stif=0.81
j:5, 4
j:6, 2
j:1, 5
n:j=1, d=|
n:p=2, d=Gpart:ry=-1.322
n:j=0, d=@
c:0, 1, 0.678
c:2, 1, -8.603
",0.0024852696580132095,feasible,20
36,0,33,"//0
p:fr=0.472
p:0.919, 0.241, -0.291
p:1.493, -0.721, 0.349, fr=0.047
p:1.382, 0.583, 0.25, fr=1.112
p:0.243, 0.286, -0.93
p:1.885, 0.429, -1.511
p:1.511, -0.975, 0.532
j:2, 3
j:1, 3
j:0, 2, stif=0.838
j:4, 1, stif=0.81
j:5, 4
j:6, 2
j:1, 5
n:j=1, d=|
n:p=2, d=Gpart:ry=-1.322
n:j=0, d=@
c:0, 1, 0.678
c:2, 1, -8.603
",0.0026741942567214652,"//0
p:fr=0.472
p:0.919, 0.241, -0.291
p:1.493, -0.721, 0.349, fr=0.047
p:1.382, 0.583, 0.25, fr=1.112
p:0.243, 0.286, -0.93
p:1.885, 0.429, -1.511
p:1.511, -0.975, 0.532
j:2, 3
j:1, 3
j:0, 2, stif=0.838
j:4, 1, stif=0.81
j:5, 4
j:6, 2
j:1, 5
n:j=1, d=|
n:p=2, d=""Gpart:ry=-1.322, rz=1.227""
n:j=0, d=@
c:0, 1, 0.678
c:2, 1, -8.603
",0.002677507866739766,feasible,20
36,0,33,"//0
p:fr=0.472
p:0.919, 0.241, -0.291
p:1.493, -0.721, 0.349, fr=0.047
p:1.382, 0.583, 0.25, fr=1.112
p:0.243, 0.286, -0.93
p:1.885, 0.429, -1.511
p:1.511, -0.975, 0.532
j:2, 3
j:1, 3
j:0, 2, stif=0.838
j:4, 1, stif=0.81
j:5, 4
j:6, 2
j:1, 5
n:j=1, d=|
n:p=2, d=Gpart:ry=-1.322
n:j=0, d=@
c:0, 1, 0.678
c:2, 1, -8.603
",0.0026741942567214652,"//0
p:fr=0.472
p:0.919, 0.241, -0.291, ing=0.227
p:1.493, -0.721, 0.349, fr=0.047
p:1.382, 0.583, 0.25, fr=1.112
p:0.243, 0.286, -0.93
p:1.885, 0.429, -1.511
p:1.511, -0.975, 0.532
j:2, 3
j:1, 3
j:0, 2, stif=0.838
j:4, 1, stif=0.81
j:5, 4
j:6, 2
j:1, 5
n:j=1, d=|
n:p=2, d=Gpart:ry=-1.322
n:j=0, d=@
c:0, 1, 0.678
c:2, 1, -8.603
",0.0026741942567214652,feasible,20
36,0,33,"//0
p:fr=0.472
p:0.919, 0.241, -0.291
p:1.493, -0.721, 0.349, fr=0.047
p:1.382, 0.583, 0.25, fr=1.112
p:0.243, 0.286, -0.93
p:1.885, 0.429, -1.511
p:1.511, -0.975, 0.532
j:2, 3
j:1, 3
j:0, 2, stif=0.838
j:4, 1, stif=0.81
j:5, 4
j:6, 2
j:1, 5
n:j=1, d=|
n:p=2, d=Gpart:ry=-1.322
n:j=0, d=@
c:0, 1, 0.678
c:2, 1, -8.603
",0.0026741942567214652,"//0
p:fr=0.472
p:0.919, 0.241, -0.291
p:1.493, -0.721, 0.349, fr=0.047
p:1.382, 0.583, 0.25, fr=1.112
p:0.243, 0.286, -0.93
p:1.885, 0.429, -1.511
p:1.511, -0.975, 0.532
j:2, 3
j:1, 3
j:0, 2, stif=0.838
j:4, 1, stif=0.81
j:5, 4
j:6, 2
j:1, 5
n:j=1, d=|
n:p=2, d=Gpart:ry=-1.322
n:j=0, d=@
c:0, 1, 0.678
c:2, 1, -3.838
",0.002658201422329265,feasible,20
36,0,33,"//0
p:fr=0.472
p:0.919, 0.241, -0.291
p:1.493, -0.721, 0.349, fr=0.047
p:1.382, 0.583, 0.25, fr=1.112
p:0.243, 0.286, -0.93
p:1.885, 0.429, -1.511
p:1.511, -0.975, 0.532
j:2, 3
j:1, 3
j:0, 2, stif=0.838
j:4, 1, stif=0.81
j:5, 4
j:6, 2
j:1, 5
n:j=1, d=|
n:p=2, d=Gpart:ry=-1.322
n:j=0, d=@
c:0, 1, 0.678
c:2, 1, -8.603
",0.0026741942567214652,"//0
p:fr=0.472
p:0.919, 0.241, -0.291
p:1.493, -0.721, 0.349, fr=0.047
p:1.382, 0.583, 0.25, fr=1.112
p:0.243, 0.286, -0.93
p:1.885, 0.429, -1.511
p:1.511, -0.975, 0.532
j:2, 3
j:1, 3
j:0, 2, stif=0.838
j:4, 1, stif=0.81
j:5, 4
j:6, 2
j:1, 5
n:j=1, d=|
n:p=2, d=Gpart:ry=-1.322
n:j=0, d=@
c:0, 1, 0.678
c:2, 1, -8.839
",0.0026351483154151535,feasible,20
36,0,33,"//0
p:fr=0.472
p:0.919, 0.241, -0.291
p:1.493, -0.721, 0.349, fr=0.047
p:1.382, 0.583, 0.25, fr=1.112
p:0.243, 0.286, -0.93
p:1.885, 0.429, -1.511
p:1.511, -0.975, 0.532
j:2, 3
j:1, 3
j:0, 2, stif=0.838
j:4, 1, stif=0.81
j:5, 4
j:6, 2
j:1, 5
n:j=1, d=|
n:p=2, d=Gpart:ry=-1.322
n:j=0, d=@
c:0, 1, 0.678
c:2, 1, -8.603
",0.0026741942567214652,"//0
p:fr=0.472
p:0.919, 0.241, -0.291
p:1.493, -0.721, 0.349, fr=0.047
p:1.382, 0.583, 0.25, fr=1.112
p:0.243, 0.286, -0.93
p:1.885, 0.429, -1.511
p:1.511, -0.975, 0.532
j:2, 3
j:1, 3
j:0, 2, stif=0.838
j:4, 1, stif=0.938
j:5, 4
j:6, 2
j:1, 5
n:j=1, d=|
n:p=2, d=Gpart:ry=-1.322
n:j=0, d=@
c:0, 1, 0.678
c:2, 1, -8.603
",0.0026234245341951335,feasible,20
36,0,33,"//0
p:fr=0.472
p:0.919, 0.241, -0.291
p:1.493, -0.721, 0.349, fr=0.047
p:1.382, 0.583, 0.25, fr=1.112
p:0.243, 0.286, -0.93
p:1.885, 0.429, -1.511
p:1.511, -0.975, 0.532
j:2, 3
j:1, 3
j:0, 2, stif=0.838
j:4, 1, stif=0.81
j:5, 4
j:6, 2
j:1, 5
n:j=1, d=|
n:p=2, d=Gpart:ry=-1.322
n:j=0, d=@
c:0, 1, 0.678
c:2, 1, -8.603
",0.0026741942567214652,"//0
p:fr=0.472
p:0.919, 0.241, -0.291
p:1.493, -0.721, 0.349, fr=0.047
p:1.382, 0.583, 0.25, fr=1.112
p:0.243, 0.286, -0.93
p:1.885, 0.429, -1.511
j:2, 3
j:1, 3
j:0, 2, stif=0.838
j:4, 1, stif=0.81
j:5, 4
j:1, 5
n:j=1, d=|
n:p=2, d=Gpart:ry=-1.322
n:j=0, d=@
c:0, 1, 0.678
c:2, 1, -8.603
",0.00044148752252196326,feasible,20
36,0,33,"//0
p:fr=0.472
p:0.919, 0.241, -0.291
p:1.493, -0.721, 0.349, fr=0.047
p:1.382, 0.583, 0.25, fr=1.112
p:0.243, 0.286, -0.93
p:1.885, 0.429, -1.511
p:1.511, -0.975, 0.532
j:2, 3
j:1, 3
j:0, 2, stif=0.838
j:4, 1, stif=0.81
j:5, 4
j:6, 2
j:1, 5
n:j=1, d=|
n:p=2, d=Gpart:ry=-1.322
n:j=0, d=@
c:0, 1, 0.678
c:2, 1, -8.603
",0.0026741942567214652,"//0
p:fr=0.472
p:0.919, 0.241, -0.291
p:1.493, -0.721, 0.349, fr=0.047
p:1.382, 0.583, 0.25, fr=1.112
p:0.243, 0.286, -0.93
p:1.885, 0.429, -1.511
p:1.511, -0.975, 0.532
j:2, 3
j:5, 3
j:0, 2, stif=0.838
j:4, 5, stif=0.81
j:1, 4
j:6, 2
j:5, 1
n:j=1, d=|
n:p=2, d=Gpart:ry=-1.322
n:j=0, d=@
c:0, 1, 0.678
c:2, 1, -8.603
",0.0002758068552331693,feasible,20
36,0,33,"//0
p:fr=0.472
p:0.919, 0.241, -0.291
p:1.493, -0.721, 0.349, fr=0.047
p:1.382, 0.583, 0.25, fr=1.112
p:0.243, 0.286, -0.93
p:1.885, 0.429, -1.511
p:1.511, -0.975, 0.532
j:2, 3
j:1, 3
j:0, 2, stif=0.838
j:4, 1, stif=0.81
j:5, 4
j:6, 2
j:1, 5
n:j=1, d=|
n:p=2, d=Gpart:ry=-1.322
n:j=0, d=@
c:0, 1, 0.678
c:2, 1, -8.603
",0.0026741942567214652,"//0
p:fr=0.472
p:0.919, 0.241, -0.291
p:1.493, -0.721, 0.349, fr=0.047, ing=0.008
p:1.382, 0.583, 0.25, fr=1.112
p:0.243, 0.286, -0.93
p:1.885, 0.429, -1.511
p:1.511, -0.975, 0.532
j:2, 3
j:1, 3
j:0, 2, stif=0.838
j:4, 1, stif=0.81
j:5, 4
j:6, 2
j:1, 5
n:j=1, d=|
n:p=2, d=Gpart:ry=-1.322
n:j=0, d=@
c:0, 1, 0.678
c:2, 1, -8.603
",0.0026741942567214652,feasible,20
36,0,33,"//0
p:fr=0.472
p:0.919, 0.241, -0.291
p:1.493, -0.721, 0.349, fr=0.047
p:1.382, 0.583, 0.25, fr=1.112
p:0.243, 0.286, -0.93
p:1.885, 0.429, -1.511
p:1.511, -0.975, 0.532
j:2, 3
j:1, 3
j:0, 2, stif=0.838
j:4, 1, stif=0.81
j:5, 4
j:6, 2
j:1, 5
n:j=1, d=|
n:p=2, d=Gpart:ry=-1.322
n:j=0, d=@
c:0, 1, 0.678
c:2, 1, -8.603
",0.0026741942567214652,"//0
p:fr=0.472
p:0.919, 0.241, -0.291
p:1.493, -0.721, 0.349, fr=0.047
p:1.382, 0.583, 0.25, fr=1.112
p:0.243, 0.286, -0.93
p:1.885, 0.429, -1.511, fr=0.465
p:1.511, -0.975, 0.532
j:2, 3
j:1, 3
j:0, 2, stif=0.838
j:4, 1, stif=0.81
j:5, 4
j:6, 2
j:1, 5
n:j=1, d=|
n:p=2, d=Gpart:ry=-1.322
n:j=0, d=@
c:0, 1, 0.678
c:2, 1, -8.603
",0.002794030687109828,feasible,20
36,0,33,"//0
p:fr=0.472
p:0.919, 0.241, -0.291
p:1.493, -0.721, 0.349, fr=0.047
p:1.382, 0.583, 0.25, fr=1.112
p:0.243, 0.286, -0.93
p:1.885, 0.429, -1.511
p:1.511, -0.975, 0.532
j:2, 3
j:1, 3
j:0, 2, stif=0.838
j:4, 1, stif=0.81
j:5, 4
j:6, 2
j:1, 5
n:j=1, d=|
n:p=2, d=Gpart:ry=-1.322
n:j=0, d=@
c:0, 1, 0.678
c:2, 1, -8.603
",0.0026741942567214652,"//0
p:fr=0.472
p:0.919, 0.241, -0.291
p:1.493, -0.721, 0.349, fr=0.047
p:1.382, 0.583, 0.25, fr=1.112
p:0.243, 0.286, -0.93
p:1.885, 0.429, -1.511
p:1.511, -0.975, 0.532
j:2, 3
j:1, 3
j:0, 2, stif=0.838
j:4, 1, stif=0.81
j:5, 4
j:6, 2
j:1, 5
n:j=1, d=|
n:j=0, d=@
",1.0326510328928834e-07,feasible,20
36,0,33,"//0
p:fr=0.472
p:0.919, 0.241, -0.291
p:1.493, -0.721, 0.349, fr=0.047
p:1.382, 0.583, 0.25, fr=1.112
p:0.243, 0.286, -0.93
p:1.885, 0.429, -1.511
p:1.511, -0.975, 0.532
j:2, 3
j:1, 3
j:0, 2, stif=0.838
j:4, 1, stif=0.81
j:5, 4
j:6, 2
j:1, 5
n:j=1, d=|
n:p=2, d=Gpart:ry=-1.322
n:j=0, d=@
c:0, 1, 0.678
c:2, 1, -8.603
",0.0026741942567214652,"//0
p:fr=0.472
p:0.919, 0.241, -0.291
p:1.493, -0.721, 0.349, fr=0.047
p:1.382, 0.583, 0.25, fr=1.112
p:0.243, 0.286, -0.93
p:1.885, 0.429, -1.511
p:1.511, -0.975, 0.532
j:2, 3
j:1, 3
j:0, 2, stif=0.838
j:4, 1, stif=0.81
j:5, 4
j:6, 2
j:1, 5
n:j=1, d=|
n:p=2, d=Gpart:ry=-1.322
n:j=0, d=@:p=0.845
c:0, 1, 0.678
c:2, 1, -8.603
",0.0025013614124567633,feasible,20
36,0,33,"//0
p:fr=0.472
p:0.919, 0.241, -0.291
p:1.493, -0.721, 0.349, fr=0.047
p:1.382, 0.583, 0.25, fr=1.112
p:0.243, 0.286, -0.93
p:1.885, 0.429, -1.511
p:1.511, -0.975, 0.532
j:2, 3
j:1, 3
j:0, 2, stif=0.838
j:4, 1, stif=0.81
j:5, 4
j:6, 2
j:1, 5
n:j=1, d=|
n:p=2, d=Gpart:ry=-1.322
n:j=0, d=@
c:0, 1, 0.678
c:2, 1, -8.603
",0.0026741942567214652,"//0
p:fr=0.472
p:0.919, 0.241, -0.291
p:1.493, -0.721, 0.349, fr=0.047
p:1.382, 0.583, 0.25, fr=1.112
p:0.243, 0.286, -0.93
p:1.885, 0.429, -1.511
p:1.511, -0.975, 0.532
j:2, 3
j:4, 3
j:0, 2, stif=0.838
j:1, 4, stif=0.81
j:5, 1
j:6, 2
j:4, 5
n:j=1, d=|
n:p=2, d=Gpart:ry=-1.322
n:j=0, d=@
c:0, 1, 0.678
c:2, 1, -8.603
",0.000632227903483553,feasible,20
36,0,33,"//0
p:fr=0.472
p:0.919, 0.241, -0.291
p:1.493, -0.721, 0.349, fr=0.047
p:1.382, 0.583, 0.25, fr=1.112
p:0.243, 0.286, -0.93
p:1.885, 0.429, -1.511
p:1.511, -0.975, 0.532
j:2, 3
j:1, 3
j:0, 2, stif=0.838
j:4, 1, stif=0.81
j:5, 4
j:6, 2
j:1, 5
n:j=1, d=|
n:p=2, d=Gpart:ry=-1.322
n:j=0, d=@
c:0, 1, 0.678
c:2, 1, -8.603
",0.0026741942567214652,"//0
p:fr=0.472
p:0.919, 0.241, -0.291
p:1.493, -0.721, 0.349, fr=0.047
p:1.382, 0.583, 0.25, fr=1.112
p:0.243, 0.286, -0.93
p:1.885, 0.429, -1.511
p:1.511, -0.975, 0.532
j:2, 3
j:1, 3
j:0, 2, stif=0.838
j:4, 1, stif=0.81
j:5, 4
j:6, 2
j:1, 5
n:j=1, d=|
n:p=2, d=Gpart:ry=-1.322
n:j=0, d=@
n:j=5, d=|
c:0, 1, 0.678
c:2, 1, -8.603
c:3, 1, -0.626
",0.0011684353357676463,feasible,20
36,0,33,"//0
p:fr=0.472
p:0.919, 0.241, -0.291
p:1.493, -0.721, 0.349, fr=0.047
p:1.382, 0.583, 0.25, fr=1.112
p:0.243, 0.286, -0.93
p:1.885, 0.429, -1.511
p:1.511, -0.975, 0.532
j:2, 3
j:1, 3
j:0, 2, stif=0.838
j:4, 1, stif=0.81
j:5, 4
j:6, 2
j:1, 5
n:j=1, d=|
n:p=2, d=Gpart:ry=-1.322
n:j=0, d=@
c:0, 1, 0.678
c:2, 1, -8.603
",0.0026741942567214652,"//0
p:fr=0.472
p:0.919, 0.241, -0.291
p:1.493, -0.721, 0.349, fr=0.047
p:1.382, 0.583, 0.25, fr=1.112
p:0.243, 0.286, -0.93
p:1.885, 0.429, -1.511
p:1.673, -0.144, 0.531
j:2, 3
j:1, 3
j:0, 2, stif=0.838
j:4, 1, stif=0.81
j:5, 4
j:6, 2
j:1, 5
n:j=1, d=|
n:p=2, d=Gpart:ry=-1.322
n:j=0, d=@
c:0, 1, 0.678
c:2, 1, -8.603
",0.00011763155571553033,feasible,20
36,0,33,"//0
p:fr=0.472
p:0.919, 0.241, -0.291
p:1.493, -0.721, 0.349, fr=0.047
p:1.382, 0.583, 0.25, fr=1.112
p:0.243, 0.286, -0.93
p:1.885, 0.429, -1.511
p:1.511, -0.975, 0.532
j:2, 3
j:1, 3
j:0, 2, stif=0.838
j:4, 1, stif=0.81
j:5, 4
j:6, 2
j:1, 5
n:j=1, d=|
n:p=2, d=Gpart:ry=-1.322
n:j=0, d=@
c:0, 1, 0.678
c:2, 1, -8.603
",0.0026741942567214652,"//0
p:fr=0.472
p:0.919, 0.241, -0.291
p:1.493, -0.721, 0.349, fr=0.047
p:1.382, 0.583, 0.25, fr=1.112
p:0.243, 0.286, -0.93
p:1.885, 0.429, -1.511
p:1.511, -0.975, 0.532
p:0.949, -0.291, -2.134
j:2, 3
j:1, 3
j:0, 2, stif=0.838
j:4, 1, stif=0.81
j:5, 4
j:6, 2
j:1, 5
j:7, 1
n:j=1, d=|
n:p=2, d=Gpart:ry=-1.322
n:j=0, d=@
c:0, 1, 0.678
c:2, 1, -8.603
",0.0001335001928149923,feasible,20
36,0,33,"//0
p:fr=0.472
p:0.919, 0.241, -0.291
p:1.493, -0.721, 0.349, fr=0.047
p:1.382, 0.583, 0.25, fr=1.112
p:0.243, 0.286, -0.93
p:1.885, 0.429, -1.511
p:1.511, -0.975, 0.532
j:2, 3
j:1, 3
j:0, 2, stif=0.838
j:4, 1, stif=0.81
j:5, 4
j:6, 2
j:1, 5
n:j=1, d=|
n:p=2, d=Gpart:ry=-1.322
n:j=0, d=@
c:0, 1, 0.678
c:2, 1, -8.603
",0.0026741942567214652,"//0
p:fr=0.472
p:0.919, 0.241, -0.291
p:1.416, -0.067, 0.115, fr=0.047
p:1.382, 0.583, 0.25, fr=1.112
p:0.243, 0.286, -0.93
p:1.885, 0.429, -1.511
p:1.511, -0.975, 0.532
j:2, 3
j:1, 3
j:0, 2, stif=0.838
j:4, 1, stif=0.81
j:5, 4
j:6, 2
j:1, 5
n:j=1, d=|
n:p=2, d=Gpart:ry=-1.322
n:j=0, d=@
c:0, 1, 0.678
c:2, 1, -8.603
",6.806596978933582e-05,feasible,20
36,0,33,"//0
p:fr=0.472
p:0.919, 0.241, -0.291
p:1.493, -0.721, 0.349, fr=0.047
p:1.382, 0.583, 0.25, fr=1.112
p:0.243, 0.286, -0.93
p:1.885, 0.429, -1.511
p:1.511, -0.975, 0.532
j:2, 3
j:1, 3
j:0, 2, stif=0.838
j:4, 1, stif=0.81
j:5, 4
j:6, 2
j:1, 5
n:j=1, d=|
n:p=2, d=Gpart:ry=-1.322
n:j=0, d=@
c:0, 1, 0.678
c:2, 1, -8.603
",0.0026741942567214652,"//0
p:fr=0.472
p:0.919, 0.241, -0.291
p:1.493, -0.721, 0.349, fr=0.047
p:1.382, 0.583, 0.25, fr=1.112
p:0.243, 0.286, -0.93
p:1.885, 0.429, -1.511
p:1.511, -0.975, 0.532
j:2, 3
j:1, 3
j:0, 2, stif=0.838
j:4, 1, stif=0.81
j:5, 4
j:6, 2
j:1, 5
n:j=1, d=|
n:p=2, d=Gpart:ry=-1.322
n:j=0, d=@
c:0, 1, 0.678
",3.62933169582569e-05,feasible,20
36,0,33,"//0
p:fr=0.472
p:0.919, 0.241, -0.291
p:1.493, -0.721, 0.349, fr=0.047
p:1.382, 0.583, 0.25, fr=1.112
p:0.243, 0.286, -0.93
p:1.885, 0.429, -1.511
p:1.511, -0.975, 0.532
j:2, 3
j:1, 3
j:0, 2, stif=0.838
j:4, 1, stif=0.81
j:5, 4
j:6, 2
j:1, 5
n:j=1, d=|
n:p=2, d=Gpart:ry=-1.322
n:j=0, d=@
c:0, 1, 0.678
c:2, 1, -8.603
",0.0026741942567214652,"//0
p:fr=0.472
p:0.919, 0.241, -0.291
p:1.493, -0.721, 0.349, fr=0.047
p:1.382, 0.583, 0.25, fr=1.112
p:0.243, 0.286, -0.93
p:1.885, 0.429, -1.511
p:1.511, -0.975, 0.532
j:2, 3
j:1, 3
j:0, 2, stif=0.838
j:4, 1, stif=0.81
j:5, 4
j:6, 2
j:1, 5
n:j=1, d=|
n:p=2, d=Gpart:ry=-1.322
n:j=0, d=@
c:0, 1, 1.135
c:2, 1, -8.603
",0.0026419360711358373,feasible,20
36,0,34,"//0
p:fr=0.472
p:0.919, 0.241, -0.291
p:1.493, -0.721, 0.349, fr=0.047
p:1.382, 0.583, 0.25, fr=1.112
p:0.243, 0.286, -0.93
p:1.885, 0.429, -1.511
p:1.511, -0.975, 0.532
j:2, 3, stif=0.941
j:1, 3
j:0, 2, stif=0.838
j:4, 1, stif=0.81
j:5, 4
j:6, 2
j:1, 5
n:j=1, d=|
n:p=2, d=Gpart:ry=-1.322
n:j=0, d=@
c:0, 1, 0.678
c:2, 1, -8.603
",0.002798298029030594,"//0
p:fr=0.472
p:0.919, 0.241, -0.291
p:1.493, -0.721, 0.349, fr=0.366
p:1.382, 0.583, 0.25, fr=1.112
p:0.243, 0.286, -0.93
p:1.885, 0.429, -1.511
p:1.511, -0.975, 0.532
j:2, 3, stif=0.941
j:1, 3
j:0, 2, stif=0.838
j:4, 1, stif=0.81
j:5, 4
j:6, 2
j:1, 5
n:j=1, d=|
n:p=2, d=Gpart:ry=-1.322
n:j=0, d=@
c:0, 1, 0.678
c:2, 1, -8.603
",0.0008140853253827763,feasible,20
36,0,34,"//0
p:fr=0.472
p:0.919, 0.241, -0.291
p:1.493, -0.721, 0.349, fr=0.047
p:1.382, 0.583, 0.25, fr=1.112
p:0.243, 0.286, -0.93
p:1.885, 0.429, -1.511
p:1.511, -0.975, 0.532
j:2, 3, stif=0.941
j:1, 3
j:0, 2, stif=0.838
j:4, 1, stif=0.81
j:5, 4
j:6, 2
j:1, 5
n:j=1, d=|
n:p=2, d=Gpart:ry=-1.322
n:j=0, d=@
c:0, 1, 0.678
c:2, 1, -8.603
",0.002798298029030594,"//0
p:fr=0.472
p:0.919, 0.241, -0.291
p:1.493, -0.721, 0.349, fr=0.047
p:1.382, 0.583, 0.25, fr=1.112
p:0.243, 0.286, -0.93
p:1.885, 0.429, -1.511
p:1.511, -0.975, 0.532
j:2, 0, stif=0.941
j:1, 0
j:3, 2, stif=0.838
j:4, 1, stif=0.81
j:5, 4
j:6, 2
j:1, 5
n:j=1, d=|
n:p=2, d=Gpart:ry=-1.322
n:j=0, d=@
c:0, 1, 0.678
c:2, 1, -8.603
",0.00012332816426457104,feasible,20
36,0,34,"//0
p:fr=0.472
p:0.919, 0.241, -0.291
p:1.493, -0.721, 0.349, fr=0.047
p:1.382, 0.583, 0.25, fr=1.112
p:0.243, 0.286, -0.93
p:1.885, 0.429, -1.511
p:1.511, -0.975, 0.532
j:2, 3, stif=0.941
j:1, 3
j:0, 2, stif=0.838
j:4, 1, stif=0.81
j:5, 4
j:6, 2
j:1, 5
n:j=1, d=|
n:p=2, d=Gpart:ry=-1.322
n:j=0, d=@
c:0, 1, 0.678
c:2, 1, -8.603
",0.002798298029030594,"//0
p:0.413, 0.763, -0.194, fr=0.472
p:0.919, 0.241, -0.291
p:1.493, -0.721, 0.349, fr=0.047
p:1.382, 0.583, 0.25, fr=1.112
p:0.243, 0.286, -0.93
p:1.885, 0.429, -1.511
p:1.511, -0.975, 0.532
j:2, 3, stif=0.941
j:1, 3
j:0, 2, stif=0.838
j:4, 1, stif=0.81
j:5, 4
j:6, 2
j:1, 5
n:j=1, d=|
n:p=2, d=Gpart:ry=-1.322
n:j=0, d=@
c:0, 1, 0.678
c:2, 1, -8.603
",0.0002452878903088037,feasible,20
36,0,34,"//0
p:fr=0.472
p:0.919, 0.241, -0.291
p:1.493, -0.721, 0.349, fr=0.047
p:1.382, 0.583, 0.25, fr=1.112
p:0.243, 0.286, -0.93
p:1.885, 0.429, -1.511
p:1.511, -0.975, 0.532
j:2, 3, stif=0.941
j:1, 3
j:0, 2, stif=0.838
j:4, 1, stif=0.81
j:5, 4
j:6, 2
j:1, 5
n:j=1, d=|
n:p=2, d=Gpart:ry=-1.322
n:j=0, d=@
c:0, 1, 0.678
c:2, 1, -8.603
",0.002798298029030594,"//0
p:fr=0.472
p:0.919, 0.241, -0.291
p:1.493, -0.721, 0.349, fr=0.047
p:1.382, 0.583, 0.25, fr=0.873
p:0.243, 0.286, -0.93
p:1.885, 0.429, -1.511
p:1.511, -0.975, 0.532
j:2, 3, stif=0.941
j:1, 3
j:0, 2, stif=0.838
j:4, 1, stif=0.81
j:5, 4
j:6, 2
j:1, 5
n:j=1, d=|
n:p=2, d=Gpart:ry=-1.322
n:j=0, d=@
c:0, 1, 0.678
c:2, 1, -8.603
",0.002798298029030594,feasible,20
36,0,34,"//0
p:fr=0.472
p:0.919, 0.241, -0.291
p:1.493, -0.721, 0.349, fr=0.047
p:1.382, 0.583, 0.25, fr=1.112
p:0.243, 0.286, -0.93
p:1.885, 0.429, -1.511
p:1.511, -0.975, 0.532
j:2, 3, stif=0.941
j:1, 3
j:0, 2, stif=0.838
j:4, 1, stif=0.81
j:5, 4
j:6, 2
j:1, 5
n:j=1, d=|
n:p=2, d=Gpart:ry=-1.322
n:j=0, d=@
c:0, 1, 0.678
c:2, 1, -8.603
",0.002798298029030594,"//0
p:fr=0.472
p:0.919, 0.241, -0.291
p:1.493, -0.721, 0.349, fr=0.047
p:1.382, 0.583, 0.25, fr=1.112
p:0.243, 0.286, -0.93
p:1.885, 0.429, -1.511
p:1.511, -0.975, 0.532
j:2, 3, stif=0.941
j:1, 3
j:0, 2, stif=0.838
j:4, 1, stif=0.81
j:5, 4
j:6, 2
j:1, 5
n:j=1, d=|
n:p=2, d=Gpart:ry=-1.322
n:j=0, d=@
n:j=3, d=|
c:0, 1, 0.678
c:2, 1, -8.603
c:3, 1, -0.531
",0.001518606359672997,feasible,20
36,0,34,"//0
p:fr=0.472
p:0.919, 0.241, -0.291
p:1.493, -0.721, 0.349, fr=0.047
p:1.382, 0.583, 0.25, fr=1.112
p:0.243, 0.286, -0.93
p:1.885, 0.429, -1.511
p:1.511, -0.975, 0.532
j:2, 3, stif=0.941
j:1, 3
j:0, 2, stif=0.838
j:4, 1, stif=0.81
j:5, 4
j:6, 2
j:1, 5
n:j=1, d=|
n:p=2, d=Gpart:ry=-1.322
n:j=0, d=@
c:0, 1, 0.678
c:2, 1, -8.603
",0.002798298029030594,"//0
p:fr=0.472
p:0.919, 0.241, -0.291
p:1.493, -0.721, 0.349, fr=0.047
p:1.382, 0.583, 0.25, fr=1.112, ing=0.277
p:0.243, 0.286, -0.93
p:1.885, 0.429, -1.511
p:1.511, -0.975, 0.532
j:2, 3, stif=0.941
j:1, 3
j:0, 2, stif=0.838
j:4, 1, stif=0.81
j:5, 4
j:6, 2
j:1, 5
n:j=1, d=|
n:p=2, d=Gpart:ry=-1.322
n:j=0, d=@
c:0, 1, 0.678
c:2, 1, -8.603
",0.002798298029030594,feasible,20
36,0,34,"//0
p:fr=0.472
p:0.919, 0.241, -0.291
p:1.493, -0.721, 0.349, fr=0.047
p:1.382, 0.583, 0.25, fr=1.112
p:0.243, 0.286, -0.93
p:1.885, 0.429, -1.511
p:1.511, -0.975, 0.532
j:2, 3, stif=0.941
j:1, 3
j:0, 2, stif=0.838
j:4, 1, stif=0.81
j:5, 4
j:6, 2
j:1, 5
n:j=1, d=|
n:p=2, d=Gpart:ry=-1.322
n:j=0, d=@
c:0, 1, 0.678
c:2, 1, -8.603
",0.002798298029030594,"//0
p:fr=0.472
p:0.919, 0.241, -0.291
p:1.493, -0.721, 0.349, fr=0.047
p:1.382, 0.583, 0.25, fr=1.112
p:0.243, 0.286, -0.93
p:1.5363342549875596, 0.3496484856178584, -1.2315124982950676
p:1.511, -0.975, 0.532
j:2, 3, stif=0.941
j:0, 3
j:1, 2, stif=0.838
j:4, 0, stif=0.81
j:5, 4
j:6, 2
j:0, 5
n:j=1, d=|
n:p=2, d=Gpart:ry=-1.322
n:j=0, d=@
c:0, 1, 0.678
c:2, 1, -8.603
",0.0008801761954005233,feasible,20
36,0,34,"//0
p:fr=0.472
p:0.919, 0.241, -0.291
p:1.493, -0.721, 0.349, fr=0.047
p:1.382, 0.583, 0.25, fr=1.112
p:0.243, 0.286, -0.93
p:1.885, 0.429, -1.511
p:1.511, -0.975, 0.532
j:2, 3, stif=0.941
j:1, 3
j:0, 2, stif=0.838
j:4, 1, stif=0.81
j:5, 4
j:6, 2
j:1, 5
n:j=1, d=|
n:p=2, d=Gpart:ry=-1.322
n:j=0, d=@
c:0, 1, 0.678
c:2, 1, -8.603
",0.002798298029030594,"//0
p:fr=0.472
p:0.919, 0.241, -0.291
p:1.493, -0.721, 0.349, fr=0.047
p:1.382, 0.583, 0.25, fr=1.112
p:0.267964736164104, 0.28136348486795515, -0.9448223593127558
p:1.966, -0.034, -1.953
p:1.511, -0.975, 0.532
j:2, 3, stif=0.941
j:1, 3
j:0, 2, stif=0.838
j:4, 1, stif=0.81
j:5, 4
j:6, 2
j:1, 5
n:j=1, d=|
n:p=2, d=Gpart:ry=-1.322
n:j=0, d=@
c:0, 1, 0.678
c:2, 1, -8.603
",0.0009413309354694967,feasible,20
36,0,34,"//0
p:fr=0.472
p:0.919, 0.241, -0.291
p:1.493, -0.721, 0.349, fr=0.047
p:1.382, 0.583, 0.25, fr=1.112
p:0.243, 0.286, -0.93
p:1.885, 0.429, -1.511
p:1.511, -0.975, 0.532
j:2, 3, stif=0.941
j:1, 3
j:0, 2, stif=0.838
j:4, 1, stif=0.81
j:5, 4
j:6, 2
j:1, 5
n:j=1, d=|
n:p=2, d=Gpart:ry=-1.322
n:j=0, d=@
c:0, 1, 0.678
c:2, 1, -8.603
",0.002798298029030594,"//0
p:fr=0.472
p:0.919, 0.241, -0.291
p:1.493, -0.721, 0.349, fr=0.047
p:1.382, 0.583, 0.25, fr=1.112
p:0.243, 0.286, -0.93
p:1.885, 0.429, -1.511
p:1.511, -0.975, 0.532
j:2, 3, stif=0.941
j:1, 3
j:0, 2, stif=0.838
j:4, 1, stif=0.81
j:5, 4
j:6, 2
j:1, 5
n:j=1, d=|
n:p=2, d=Gpart:ry=-1.322
n:j=0, d=@
n:d=*
c:0, 1, 0.678
c:2, 1, -8.603
",0.002798298029030594,feasible,20
36,0,34,"//0
p:fr=0.472
p:0.919, 0.241, -0.291
p:1.493, -0.721, 0.349, fr=0.047
p:1.382, 0.583, 0.25, fr=1.112
p:0.243, 0.286, -0.93
p:1.885, 0.429, -1.511
p:1.511, -0.975, 0.532
j:2, 3, stif=0.941
j:1, 3
j:0, 2, stif=0.838
j:4, 1, stif=0.81
j:5, 4
j:6, 2
j:1, 5
n:j=1, d=|
n:p=2, d=Gpart:ry=-1.322
n:j=0, d=@
c:0, 1, 0.678
c:2, 1, -8.603
",0.002798298029030594,"//0
p:fr=0.111
p:0.919, 0.241, -0.291
p:1.493, -0.721, 0.349, fr=0.047
p:1.382, 0.583, 0.25, fr=1.112
p:0.243, 0.286, -0.93
p:1.885, 0.429, -1.511
p:1.511, -0.975, 0.532
j:2, 3, stif=0.941
j:1, 3
j:0, 2, stif=0.838
j:4, 1, stif=0.81
j:5, 4
j:6, 2
j:1, 5
n:j=1, d=|
n:p=2, d=Gpart:ry=-1.322
n:j=0, d=@
c:0, 1, 0.678
c:2, 1, -8.603
",0.0023174813276831087,feasible,20
36,0,34,"//0
p:fr=0.472
p:0.919, 0.241, -0.291
p:1.493, -0.721, 0.349, fr=0.047
p:1.382, 0.583, 0.25, fr=1.112
p:0.243, 0.286, -0.93
p:1.885, 0.429, -1.511
p:1.511, -0.975, 0.532
j:2, 3, stif=0.941
j:1, 3
j:0, 2, stif=0.838
j:4, 1, stif=0.81
j:5, 4
j:6, 2
j:1, 5
n:j=1, d=|
n:p=2, d=Gpart:ry=-1.322
n:j=0, d=@
c:0, 1, 0.678
c:2, 1, -8.603
",0.002798298029030594,"//0
p:fr=0.472
p:0.919, 0.241, -0.291
p:1.493, -0.721, 0.349, fr=0.047
p:1.382, 0.583, 0.25, fr=1.112
p:0.243, 0.286, -0.93
p:1.885, 0.429, -1.511
p:1.511, -0.975, 0.532
j:2, 3, stif=0.941
j:1, 3
j:0, 2, stif=0.838
j:4, 1, stif=0.81
j:5, 4
j:6, 2
j:1, 5
n:p=2, d=Gpart:ry=-1.322
n:j=0, d=@
c:1, 0, -8.603
",0.00022153698630544114,feasible,20
36,0,34,"//0
p:fr=0.472
p:0.919, 0.241, -0.291
p:1.493, -0.721, 0.349, fr=0.047
p:1.382, 0.583, 0.25, fr=1.112
p:0.243, 0.286, -0.93
p:1.885, 0.429, -1.511
p:1.511, -0.975, 0.532
j:2, 3, stif=0.941
j:1, 3
j:0, 2, stif=0.838
j:4, 1, stif=0.81
j:5, 4
j:6, 2
j:1, 5
n:j=1, d=|
n:p=2, d=Gpart:ry=-1.322
n:j=0, d=@
c:0, 1, 0.678
c:2, 1, -8.603
",0.002798298029030594,"//0
p:fr=0.472
p:0.919, 0.241, -0.291
p:1.493, -0.721, 0.349, fr=0.047
p:1.382, 0.583, 0.25, fr=1.112
p:0.766, 0.342, -1.064
p:1.885, 0.429, -1.511
p:1.511, -0.975, 0.532
j:2, 3, stif=0.941
j:1, 3
j:0, 2, stif=0.838
j:4, 1, stif=0.81
j:5, 4
j:6, 2
j:1, 5
n:j=1, d=|
n:p=2, d=Gpart:ry=-1.322
n:j=0, d=@
c:0, 1, 0.678
c:2, 1, -8.603
",0.001352956230853513,feasible,20
36,0,34,"//0
p:fr=0.472
p:0.919, 0.241, -0.291
p:1.493, -0.721, 0.349, fr=0.047
p:1.382, 0.583, 0.25, fr=1.112
p:0.243, 0.286, -0.93
p:1.885, 0.429, -1.511
p:1.511, -0.975, 0.532
j:2, 3, stif=0.941
j:1, 3
j:0, 2, stif=0.838
j:4, 1, stif=0.81
j:5, 4
j:6, 2
j:1, 5
n:j=1, d=|
n:p=2, d=Gpart:ry=-1.322
n:j=0, d=@
c:0, 1, 0.678
c:2, 1, -8.603
",0.002798298029030594,"//0
p:fr=0.472
p:0.919, 0.241, -0.291
p:1.493, -0.721, 0.349, fr=0.047
p:1.382, 0.583, 0.25, fr=1.112
p:0.243, 0.286, -0.93
p:1.885, 0.429, -1.511
p:1.511, -0.975, 0.532
j:2, 3, stif=0.941
j:1, 3
j:0, 2, stif=0.838
j:4, 1, stif=0.81
j:5, 4
j:6, 2
j:1, 5
n:j=1, d=|
n:p=2, d=Gpart:ry=-1.322
n:j=0, d=@:p=0.939
c:0, 1, 0.678
c:2, 1, -8.603
",0.0025776060007676625,feasible,20
36,0,34,"//0
p:fr=0.472
p:0.919, 0.241, -0.291
p:1.493, -0.721, 0.349, fr=0.047
p:1.382, 0.583, 0.25, fr=1.112
p:0.243, 0.286, -0.93
p:1.885, 0.429, -1.511
p:1.511, -0.975, 0.532
j:2, 3, stif=0.941
j:1, 3
j:0, 2, stif=0.838
j:4, 1, stif=0.81
j:5, 4
j:6, 2
j:1, 5
n:j=1, d=|
n:p=2, d=Gpart:ry=-1.322
n:j=0, d=@
c:0, 1, 0.678
c:2, 1, -8.603
",0.002798298029030594,"//0
p:fr=0.472
p:0.919, 0.241, -0.291
p:1.493, -0.721, 0.349, fr=0.047
p:1.382, 0.583, 0.25, fr=1.112
p:0.243, 0.286, -0.93
p:1.885, 0.429, -1.511
p:1.511, -0.975, 0.532
p:1.432, 0.583, 0.223
j:2, 3, stif=0.941
j:1, 3
j:0, 2, stif=0.838
j:4, 1, stif=0.81
j:5, 4
j:6, 2
j:1, 5
j:7, 0
n:j=1, d=|
n:p=2, d=Gpart:ry=-1.322
n:j=0, d=@
c:0, 1, 0.678
c:2, 1, -8.603
",0.00036250026551967035,feasible,20
36,0,34,"//0
p:fr=0.472
p:0.919, 0.241, -0.291
p:1.493, -0.721, 0.349, fr=0.047
p:1.382, 0.583, 0.25, fr=1.112
p:0.243, 0.286, -0.93
p:1.885, 0.429, -1.511
p:1.511, -0.975, 0.532
j:2, 3, stif=0.941
j:1, 3
j:0, 2, stif=0.838
j:4, 1, stif=0.81
j:5, 4
j:6, 2
j:1, 5
n:j=1, d=|
n:p=2, d=Gpart:ry=-1.322
n:j=0, d=@
c:0, 1, 0.678
c:2, 1, -8.603
",0.002798298029030594,"//0
p:fr=0.472
p:0.919, 0.241, -0.291
p:1.493, -0.721, 0.349, fr=0.047
p:1.382, 0.583, 0.25, fr=1.112
p:0.243, 0.286, -0.93
p:1.885, 0.429, -1.511
p:1.511, -0.975, 0.532
j:2, 3, stif=0.941
j:1, 3
j:0, 2, stif=0.838
j:4, 1, stif=0.81, rotstif=0.979
j:5, 4
j:6, 2
j:1, 5
n:j=1, d=|
n:p=2, d=Gpart:ry=-1.322
n:j=0, d=@
c:0, 1, 0.678
c:2, 1, -8.603
",0.002798298029030594,feasible,20
36,0,34,"//0
p:fr=0.472
p:0.919, 0.241, -0.291
p:1.493, -0.721, 0.349, fr=0.047
p:1.382, 0.583, 0.25, fr=1.112
p:0.243, 0.286, -0.93
p:1.885, 0.429, -1.511
p:1.511, -0.975, 0.532
j:2, 3, stif=0.941
j:1, 3
j:0, 2, stif=0.838
j:4, 1, stif=0.81
j:5, 4
j:6, 2
j:1, 5
n:j=1, d=|
n:p=2, d=Gpart:ry=-1.322
n:j=0, d=@
c:0, 1, 0.678
c:2, 1, -8.603
",0.002798298029030594,"//0
p:fr=0.472
p:0.919, 0.241, -0.291
p:1.493, -0.721, 0.349, fr=0.047
p:1.382, 0.583, 0.25, fr=1.112
p:0.243, 0.286, -0.93
p:1.885, 0.429, -1.511
p:1.511, -0.975, 0.532
j:2, 3, stif=0.941
j:1, 3
j:0, 2, stif=0.838
j:4, 1, stif=0.81
j:5, 4
j:6, 2
j:1, 5
n:j=1, d=|
n:p=2, d=Gpart:ry=-1.322
n:j=0, d=@
c:0, 1, 2.038
c:2, 1, -8.603
",0.0022828768702766898,feasible,20
36,0,34,"//0
p:fr=0.472
p:0.919, 0.241, -0.291
p:1.493, -0.721, 0.349, fr=0.047
p:1.382, 0.583, 0.25, fr=1.112
p:0.243, 0.286, -0.93
p:1.885, 0.429, -1.511
p:1.511, -0.975, 0.532
j:2, 3, stif=0.941
j:1, 3
j:0, 2, stif=0.838
j:4, 1, stif=0.81
j:5, 4
j:6, 2
j:1, 5
n:j=1, d=|
n:p=2, d=Gpart:ry=-1.322
n:j=0, d=@
c:0, 1, 0.678
c:2, 1, -8.603
",0.002798298029030594,"//0
p:fr=0.472
p:0.919, 0.241, -0.291
p:1.493, -0.721, 0.349, fr=0.047
p:1.382, 0.583, 0.25, fr=1.112
p:0.243, 0.286, -0.93
p:1.885, 0.429, -1.511
p:1.511, -0.975, 0.532
j:2, 3, stif=0.941
j:1, 3
j:0, 2, stif=0.838
j:4, 1, stif=0.81
j:5, 4
j:6, 2
j:1, 5
n:j=1, d=|
n:p=2, d=Gpart:ry=-1.619
n:j=0, d=@
c:0, 1, 0.678
c:2, 1, -8.603
",0.0026854939523327675,feasible,20
36,0,34,"//0
p:fr=0.472
p:0.919, 0.241, -0.291
p:1.493, -0.721, 0.349, fr=0.047
p:1.382, 0.583, 0.25, fr=1.112
p:0.243, 0.286, -0.93
p:1.885, 0.429, -1.511
p:1.511, -0.975, 0.532
j:2, 3, stif=0.941
j:1, 3
j:0, 2, stif=0.838
j:4, 1, stif=0.81
j:5, 4
j:6, 2
j:1, 5
n:j=1, d=|
n:p=2, d=Gpart:ry=-1.322
n:j=0, d=@
c:0, 1, 0.678
c:2, 1, -8.603
",0.002798298029030594,"//0
p:fr=0.472
p:0.919, 0.241, -0.291
p:1.493, -0.721, 0.349, fr=0.047
p:1.382, 0.583, 0.25, fr=1.112
p:0.243, 0.286, -0.93
p:1.885, 0.429, -1.511
p:1.511, -0.975, 0.532
j:2, 3, stif=0.941
j:1, 3
j:0, 2, stif=0.838
j:4, 1, stif=0.81
j:5, 4
j:6, 2
j:1, 5
n:j=1, d=|
n:p=2, d=Gpart:ry=-1.322
n:j=0, d=@
n:j=1, d=|
c:0, 1, 0.678
c:2, 1, -8.603
c:3, 1, 0.969
",-999999.0,infeasible,20
36,0,34,"//0
p:fr=0.472
p:0.919, 0.241, -0.291
p:1.493, -0.721, 0.349, fr=0.047
p:1.382, 0.583, 0.25, fr=1.112
p:0.243, 0.286, -0.93
p:1.885, 0.429, -1.511
p:1.511, -0.975, 0.532
j:2, 3, stif=0.941
j:1, 3
j:0, 2, stif=0.838
j:4, 1, stif=0.81
j:5, 4
j:6, 2
j:1, 5
n:j=1, d=|
n:p=2, d=Gpart:ry=-1.322
n:j=0, d=@
c:0, 1, 0.678
c:2, 1, -8.603
",0.002798298029030594,"//0
p:fr=0.472
p:0.919, 0.241, -0.291
p:1.493, -0.721, 0.349, fr=0.047
p:1.382, 0.583, 0.25, fr=1.112
p:0.243, 0.286, -0.93
p:1.885, 0.429, -1.511
p:1.511, -0.975, 0.532
j:2, 3, stif=0.941
j:1, 3, stif=0.815
j:0, 2, stif=0.838
j:4, 1, stif=0.81
j:5, 4
j:6, 2
j:1, 5
n:j=1, d=|
n:p=2, d=Gpart:ry=-1.322
n:j=0, d=@
c:0, 1, 0.678
c:2, 1, -8.603
",0.0025816012960131643,feasible,20
36,0,34,"//0
p:fr=0.472
p:0.919, 0.241, -0.291
p:1.493, -0.721, 0.349, fr=0.047
p:1.382, 0.583, 0.25, fr=1.112
p:0.243, 0.286, -0.93
p:1.885, 0.429, -1.511
p:1.511, -0.975, 0.532
j:2, 3, stif=0.941
j:1, 3
j:0, 2, stif=0.838
j:4, 1, stif=0.81
j:5, 4
j:6, 2
j:1, 5
n:j=1, d=|
n:p=2, d=Gpart:ry=-1.322
n:j=0, d=@
c:0, 1, 0.678
c:2, 1, -8.603
",0.002798298029030594,"//0
p:fr=0.472
p:0.919, 0.241, -0.291
p:1.493, -0.721, 0.349, fr=0.047
p:1.382, 0.583, 0.25, fr=1.112
p:0.243, 0.286, -0.93
p:1.885, 0.429, -1.511
p:1.511, -0.975, 0.532
j:2, 3, stif=0.941
j:1, 3
j:0, 2, stif=0.838
j:4, 1, stif=0.81
j:5, 4
j:6, 2
j:1, 5
n:j=1, d=|
n:p=2, d=Gpart:ry=-1.322
n:j=0, d=@
c:0, 1, 0.678
c:2, 1, -8.721
",0.0028200833349260423,feasible,20
36,0,35,"//0
p:fr=0.472
p:0.919, 0.241, -0.291
p:1.493, -0.721, 0.349, fr=0.047
p:1.382, 0.583, 0.25, fr=1.112
p:0.243, 0.286, -0.93
p:1.885, 0.429, -1.511
p:1.511, -0.975, 0.532
j:2, 3, stif=0.941
j:1, 3
j:6, 2, stif=0.838
j:4, 1, stif=0.81
j:5, 4
j:0, 2
j:1, 5
n:j=1, d=|
n:p=2, d=Gpart:ry=-1.322
n:j=0, d=@
c:0, 1, 0.678
c:2, 1, -8.603
",0.002871283367503535,"//0
p:0.919, 0.241, -0.291
p:1.493, -0.721, 0.349, fr=0.047
p:1.382, 0.583, 0.25, fr=1.112
p:0.243, 0.286, -0.93
p:1.885, 0.429, -1.511
p:1.511, -0.975, 0.532
j:1, 2, stif=0.941
j:0, 2
j:5, 1, stif=0.838
j:3, 0, stif=0.81
j:4, 3
j:0, 4
n:j=1, d=|
n:p=1, d=Gpart:ry=-1.322
n:j=0, d=@
c:0, 1, 0.678
c:2, 1, -8.603
",0.00028009508134409396,feasible,20
36,0,35,"//0
p:fr=0.472
p:0.919, 0.241, -0.291
p:1.493, -0.721, 0.349, fr=0.047
p:1.382, 0.583, 0.25, fr=1.112
p:0.243, 0.286, -0.93
p:1.885, 0.429, -1.511
p:1.511, -0.975, 0.532
j:2, 3, stif=0.941
j:1, 3
j:6, 2, stif=0.838
j:4, 1, stif=0.81
j:5, 4
j:0, 2
j:1, 5
n:j=1, d=|
n:p=2, d=Gpart:ry=-1.322
n:j=0, d=@
c:0, 1, 0.678
c:2, 1, -8.603
",0.002871283367503535,"//0
p:fr=0.472
p:0.919, 0.241, -0.291
p:1.493, -0.721, 0.349, fr=0.047
p:1.382, 0.583, 0.25, fr=1.112
p:0.243, 0.286, -0.93
p:1.885, 0.429, -1.511
p:1.511, -0.975, 0.532
j:2, 3, stif=0.941
j:1, 3
j:6, 2, stif=0.838
j:4, 1, stif=0.81
j:5, 4
j:0, 2, stif=0.919
j:1, 5
n:j=1, d=|
n:p=2, d=Gpart:ry=-1.322
n:j=0, d=@
c:0, 1, 0.678
c:2, 1, -8.603
",0.0028964012815174568,feasible,20
36,0,35,"//0
p:fr=0.472
p:0.919, 0.241, -0.291
p:1.493, -0.721, 0.349, fr=0.047
p:1.382, 0.583, 0.25, fr=1.112
p:0.243, 0.286, -0.93
p:1.885, 0.429, -1.511
p:1.511, -0.975, 0.532
j:2, 3, stif=0.941
j:1, 3
j:6, 2, stif=0.838
j:4, 1, stif=0.81
j:5, 4
j:0, 2
j:1, 5
n:j=1, d=|
n:p=2, d=Gpart:ry=-1.322
n:j=0, d=@
c:0, 1, 0.678
c:2, 1, -8.603
",0.002871283367503535,"//0
p:fr=0.472
p:0.919, 0.241, -0.291
p:1.493, -0.721, 0.349, fr=0.047
p:1.382, 0.583, 0.25, fr=1.112
p:0.243, 0.286, -0.93
p:1.885, 0.429, -1.511
p:1.511, -0.975, 0.532
j:2, 3, stif=0.941
j:1, 3
j:6, 2, stif=0.838
j:4, 1, stif=0.81
j:5, 4
j:0, 2
j:1, 5
n:j=1, d=|
n:p=2, d=Gpart:ry=-1.322
n:j=0, d=@
c:0, 1, 0.678
",3.518358331449695e-05,feasible,20
36,0,35,"//0
p:fr=0.472
p:0.919, 0.241, -0.291
p:1.493, -0.721, 0.349, fr=0.047
p:1.382, 0.583, 0.25, fr=1.112
p:0.243, 0.286, -0.93
p:1.885, 0.429, -1.511
p:1.511, -0.975, 0.532
j:2, 3, stif=0.941
j:1, 3
j:6, 2, stif=0.838
j:4, 1, stif=0.81
j:5, 4
j:0, 2
j:1, 5
n:j=1, d=|
n:p=2, d=Gpart:ry=-1.322
n:j=0, d=@
c:0, 1, 0.678
c:2, 1, -8.603
",0.002871283367503535,"//0
p:fr=0.472
p:0.919, 0.241, -0.291
p:1.493, -0.721, 0.349, fr=0.047
p:1.382, 0.583, 0.25, fr=1.112
p:0.243, 0.286, -0.93
p:1.885, 0.429, -1.511
p:1.511, -0.975, 0.532
j:2, 3, stif=0.941
j:1, 3
j:6, 2, stif=0.838
j:4, 1, stif=0.81
j:5, 4
j:0, 2, stif=0.963
j:1, 5
n:j=1, d=|
n:p=2, d=Gpart:ry=-1.322
n:j=0, d=@
c:0, 1, 0.678
c:2, 1, -8.603
",0.002833455439695416,feasible,20
36,0,35,"//0
p:fr=0.472
p:0.919, 0.241, -0.291
p:1.493, -0.721, 0.349, fr=0.047
p:1.382, 0.583, 0.25, fr=1.112
p:0.243, 0.286, -0.93
p:1.885, 0.429, -1.511
p:1.511, -0.975, 0.532
j:2, 3, stif=0.941
j:1, 3
j:6, 2, stif=0.838
j:4, 1, stif=0.81
j:5, 4
j:0, 2
j:1, 5
n:j=1, d=|
n:p=2, d=Gpart:ry=-1.322
n:j=0, d=@
c:0, 1, 0.678
c:2, 1, -8.603
",0.002871283367503535,"//0
p:fr=0.472
p:0.919, 0.241, -0.291
p:1.493, -0.721, 0.349, fr=0.047
p:1.382, 0.583, 0.25, fr=1.112
p:0.243, 0.286, -0.93
p:1.885, 0.429, -1.511
p:1.511, -0.975, 0.532
j:2, 3, stif=0.941
j:1, 3
j:6, 2, stif=0.838
j:4, 1, stif=0.81
j:5, 4
j:0, 2
j:1, 5
n:j=1, d=|
n:p=2, d=Gpart:ry=-1.322
n:j=0, d=@:p=0.895
c:0, 1, 0.678
c:2, 1, -8.603
",0.00268583747086546,feasible,20
36,0,35,"//0
p:fr=0.472
p:0.919, 0.241, -0.291
p:1.493, -0.721, 0.349, fr=0.047
p:1.382, 0.583, 0.25, fr=1.112
p:0.243, 0.286, -0.93
p:1.885, 0.429, -1.511
p:1.511, -0.975, 0.532
j:2, 3, stif=0.941
j:1, 3
j:6, 2, stif=0.838
j:4, 1, stif=0.81
j:5, 4
j:0, 2
j:1, 5
n:j=1, d=|
n:p=2, d=Gpart:ry=-1.322
n:j=0, d=@
c:0, 1, 0.678
c:2, 1, -8.603
",0.002871283367503535,"//0
p:fr=0.472
p:0.919, 0.241, -0.291
p:1.493, -0.721, 0.349, fr=0.047
p:1.382, 0.583, 0.25, fr=1.112
p:0.243, 0.286, -0.93
p:1.885, 0.429, -1.511
p:1.511, -0.975, 0.532
j:2, 3, stif=0.941
j:1, 3
j:6, 2, stif=0.838
j:4, 1, stif=0.81
j:5, 4
j:0, 2
j:1, 5, rotstif=0.983
n:j=1, d=|
n:p=2, d=Gpart:ry=-1.322
n:j=0, d=@
c:0, 1, 0.678
c:2, 1, -8.603
",0.002871283367503535,feasible,20
36,0,35,"//0
p:fr=0.472
p:0.919, 0.241, -0.291
p:1.493, -0.721, 0.349, fr=0.047
p:1.382, 0.583, 0.25, fr=1.112
p:0.243, 0.286, -0.93
p:1.885, 0.429, -1.511
p:1.511, -0.975, 0.532
j:2, 3, stif=0.941
j:1, 3
j:6, 2, stif=0.838
j:4, 1, stif=0.81
j:5, 4
j:0, 2
j:1, 5
n:j=1, d=|
n:p=2, d=Gpart:ry=-1.322
n:j=0, d=@
c:0, 1, 0.678
c:2, 1, -8.603
",0.002871283367503535,"//0
p:fr=0.472
p:0.919, 0.241, -0.291
p:1.493, -0.721, 0.349, fr=0.047
p:1.382, 0.583, 0.25, fr=1.112
p:0.243, 0.286, -0.93
p:1.885, 0.429, -1.511
p:1.511, -0.975, 0.532
j:2, 3, stif=0.941
j:1, 3, stif=0.911
j:6, 2, stif=0.838
j:4, 1, stif=0.81
j:5, 4
j:0, 2
j:1, 5
n:j=1, d=|
n:p=2, d=Gpart:ry=-1.322
n:j=0, d=@
c:0, 1, 0.678
c:2, 1, -8.603
",0.0028527162515336723,feasible,20
36,0,35,"//0
p:fr=0.472
p:0.919, 0.241, -0.291
p:1.493, -0.721, 0.349, fr=0.047
p:1.382, 0.583, 0.25, fr=1.112
p:0.243, 0.286, -0.93
p:1.885, 0.429, -1.511
p:1.511, -0.975, 0.532
j:2, 3, stif=0.941
j:1, 3
j:6, 2, stif=0.838
j:4, 1, stif=0.81
j:5, 4
j:0, 2
j:1, 5
n:j=1, d=|
n:p=2, d=Gpart:ry=-1.322
n:j=0, d=@
c:0, 1, 0.678
c:2, 1, -8.603
",0.002871283367503535,"//0
p:fr=0.472
p:0.919, 0.241, -0.291
p:1.493, -0.721, 0.349, fr=0.047
p:1.382, 0.583, 0.25, fr=1.112
p:0.243, 0.286, -0.93
p:1.885, 0.429, -1.511
p:1.511, -0.975, 0.532
j:2, 3, stif=0.941
j:1, 3, rotstif=0.794
j:6, 2, stif=0.838
j:4, 1, stif=0.81
j:5, 4
j:0, 2
j:1, 5
n:j=1, d=|
n:p=2, d=Gpart:ry=-1.322
n:j=0, d=@
c:0, 1, 0.678
c:2, 1, -8.603
",0.002871283367503535,feasible,20
36,0,35,"//0
p:fr=0.472
p:0.919, 0.241, -0.291
p:1.493, -0.721, 0.349, fr=0.047
p:1.382, 0.583, 0.25, fr=1.112
p:0.243, 0.286, -0.93
p:1.885, 0.429, -1.511
p:1.511, -0.975, 0.532
j:2, 3, stif=0.941
j:1, 3
j:6, 2, stif=0.838
j:4, 1, stif=0.81
j:5, 4
j:0, 2
j:1, 5
n:j=1, d=|
n:p=2, d=Gpart:ry=-1.322
n:j=0, d=@
c:0, 1, 0.678
c:2, 1, -8.603
",0.002871283367503535,"//0
p:fr=0.472
p:0.919, 0.241, -0.291
p:1.493, -0.721, 0.349, fr=0.047
p:1.382, 0.583, 0.25, fr=1.112
p:0.243, 0.286, -0.93
p:1.885, 0.429, -1.511
p:1.511, -0.975, 0.532
j:2, 3, stif=0.941
j:1, 3
j:6, 2, stif=0.838
j:4, 1, stif=0.81
j:5, 4
j:0, 2
j:1, 5
n:j=1, d=|
n:p=2, d=Gpart:ry=-1.322
n:j=0, d=@
c:0, 1, -0.906
c:2, 1, -8.603
",0.002872196520788278,feasible,20
36,0,35,"//0
p:fr=0.472
p:0.919, 0.241, -0.291
p:1.493, -0.721, 0.349, fr=0.047
p:1.382, 0.583, 0.25, fr=1.112
p:0.243, 0.286, -0.93
p:1.885, 0.429, -1.511
p:1.511, -0.975, 0.532
j:2, 3, stif=0.941
j:1, 3
j:6, 2, stif=0.838
j:4, 1, stif=0.81
j:5, 4
j:0, 2
j:1, 5
n:j=1, d=|
n:p=2, d=Gpart:ry=-1.322
n:j=0, d=@
c:0, 1, 0.678
c:2, 1, -8.603
",0.002871283367503535,"//0
p:fr=0.472
p:0.919, 0.241, -0.291
p:1.493, -0.721, 0.349, fr=0.047
p:1.382, 0.583, 0.25, fr=1.112
p:0.243, 0.286, -0.93
p:1.885, 0.429, -1.511
p:1.511, -0.975, 0.532
j:2, 3, stif=0.941
j:1, 3
j:6, 2, stif=0.838
j:4, 1, stif=0.81
j:5, 4
j:0, 2
j:1, 5
n:j=1, d=|:r=0.999
n:p=2, d=Gpart:ry=-1.322
n:j=0, d=@
c:0, 1, 0.678
c:2, 1, -8.603
",0.0028748565405300377,feasible,20
36,0,35,"//0
p:fr=0.472
p:0.919, 0.241, -0.291
p:1.493, -0.721, 0.349, fr=0.047
p:1.382, 0.583, 0.25, fr=1.112
p:0.243, 0.286, -0.93
p:1.885, 0.429, -1.511
p:1.511, -0.975, 0.532
j:2, 3, stif=0.941
j:1, 3
j:6, 2, stif=0.838
j:4, 1, stif=0.81
j:5, 4
j:0, 2
j:1, 5
n:j=1, d=|
n:p=2, d=Gpart:ry=-1.322
n:j=0, d=@
c:0, 1, 0.678
c:2, 1, -8.603
",0.002871283367503535,"//0
p:fr=0.472
p:0.919, 0.241, -0.291
p:1.493, -0.721, 0.349, fr=0.047
p:1.382, 0.583, 0.25, fr=1.112
p:0.27504206132377584, 0.2601869153975662, -0.8972145628535126
p:1.885, 0.429, -1.511
p:1.5866626940086332, -0.690961437464916, 0.11868747631112808
j:2, 3, stif=0.941
j:1, 3
j:4, 2, stif=0.838
j:6, 1, stif=0.81
j:5, 6
j:0, 2
j:1, 5
n:j=1, d=|
n:p=2, d=Gpart:ry=-1.322
n:j=0, d=@
c:0, 1, 0.678
c:2, 1, -8.603
",0.0005191881868155881,feasible,20
36,0,35,"//0
p:fr=0.472
p:0.919, 0.241, -0.291
p:1.493, -0.721, 0.349, fr=0.047
p:1.382, 0.583, 0.25, fr=1.112
p:0.243, 0.286, -0.93
p:1.885, 0.429, -1.511
p:1.511, -0.975, 0.532
j:2, 3, stif=0.941
j:1, 3
j:6, 2, stif=0.838
j:4, 1, stif=0.81
j:5, 4
j:0, 2
j:1, 5
n:j=1, d=|
n:p=2, d=Gpart:ry=-1.322
n:j=0, d=@
c:0, 1, 0.678
c:2, 1, -8.603
",0.002871283367503535,"//0
p:fr=0.472
p:0.919, 0.241, -0.291
p:1.493, -0.721, 0.349, fr=0.047
p:1.382, 0.583, 0.25, fr=1.112
p:0.243, 0.286, -0.93
p:1.885, 0.429, -1.511
p:1.511, -0.975, 0.532
j:2, 3, stif=0.941
j:1, 3
j:6, 2, stif=0.838
j:4, 1, stif=0.81
j:5, 4
j:0, 2
j:1, 5
n:j=1, d=|
n:p=2, d=Gpart:ry=-1.322
n:j=0, d=@
c:0, 1, 1.259
c:2, 1, -8.603
",0.002914921121933259,feasible,20
36,0,35,"//0
p:fr=0.472
p:0.919, 0.241, -0.291
p:1.493, -0.721, 0.349, fr=0.047
p:1.382, 0.583, 0.25, fr=1.112
p:0.243, 0.286, -0.93
p:1.885, 0.429, -1.511
p:1.511, -0.975, 0.532
j:2, 3, stif=0.941
j:1, 3
j:6, 2, stif=0.838
j:4, 1, stif=0.81
j:5, 4
j:0, 2
j:1, 5
n:j=1, d=|
n:p=2, d=Gpart:ry=-1.322
n:j=0, d=@
c:0, 1, 0.678
c:2, 1, -8.603
",0.002871283367503535,"//0
p:fr=0.472
p:0.919, 0.241, -0.291
p:1.493, -0.721, 0.349, fr=0.047
p:1.382, 0.583, 0.25, fr=1.112
p:0.243, 0.286, -0.93, ing=0.256
p:1.885, 0.429, -1.511
p:1.511, -0.975, 0.532
j:2, 3, stif=0.941
j:1, 3
j:6, 2, stif=0.838
j:4, 1, stif=0.81
j:5, 4
j:0, 2
j:1, 5
n:j=1, d=|
n:p=2, d=Gpart:ry=-1.322
n:j=0, d=@
c:0, 1, 0.678
c:2, 1, -8.603
",0.002871283367503535,feasible,20
36,0,35,"//0
p:fr=0.472
p:0.919, 0.241, -0.291
p:1.493, -0.721, 0.349, fr=0.047
p:1.382, 0.583, 0.25, fr=1.112
p:0.243, 0.286, -0.93
p:1.885, 0.429, -1.511
p:1.511, -0.975, 0.532
j:2, 3, stif=0.941
j:1, 3
j:6, 2, stif=0.838
j:4, 1, stif=0.81
j:5, 4
j:0, 2
j:1, 5
n:j=1, d=|
n:p=2, d=Gpart:ry=-1.322
n:j=0, d=@
c:0, 1, 0.678
c:2, 1, -8.603
",0.002871283367503535,"//0
p:fr=0.472
p:0.919, 0.241, -0.291
p:1.493, -0.721, 0.349, fr=0.047
p:1.382, 0.583, 0.25, fr=1.112
p:0.243, 0.286, -0.93
p:1.885, 0.429, -1.511
p:1.511, -0.975, 0.532
j:2, 3, stif=0.941
j:1, 3
j:6, 2, stif=0.838
j:4, 1, stif=0.81, rotstif=0.907
j:5, 4
j:0, 2
j:1, 5
n:j=1, d=|
n:p=2, d=Gpart:ry=-1.322
n:j=0, d=@
c:0, 1, 0.678
c:2, 1, -8.603
",0.002871283367503535,feasible,20
36,0,35,"//0
p:fr=0.472
p:0.919, 0.241, -0.291
p:1.493, -0.721, 0.349, fr=0.047
p:1.382, 0.583, 0.25, fr=1.112
p:0.243, 0.286, -0.93
p:1.885, 0.429, -1.511
p:1.511, -0.975, 0.532
j:2, 3, stif=0.941
j:1, 3
j:6, 2, stif=0.838
j:4, 1, stif=0.81
j:5, 4
j:0, 2
j:1, 5
n:j=1, d=|
n:p=2, d=Gpart:ry=-1.322
n:j=0, d=@
c:0, 1, 0.678
c:2, 1, -8.603
",0.002871283367503535,"//0
p:fr=0.472
p:1.037, -0.298, -0.149
p:1.493, -0.721, 0.349, fr=0.047
p:1.382, 0.583, 0.25, fr=1.112
p:0.243, 0.286, -0.93
p:1.885, 0.429, -1.511
p:1.511, -0.975, 0.532
j:2, 3, stif=0.941
j:1, 3
j:6, 2, stif=0.838
j:4, 1, stif=0.81
j:5, 4
j:0, 2
j:1, 5
n:j=1, d=|
n:p=2, d=Gpart:ry=-1.322
n:j=0, d=@
c:0, 1, 0.678
c:2, 1, -8.603
",0.0008413413103063194,feasible,20
36,0,35,"//0
p:fr=0.472
p:0.919, 0.241, -0.291
p:1.493, -0.721, 0.349, fr=0.047
p:1.382, 0.583, 0.25, fr=1.112
p:0.243, 0.286, -0.93
p:1.885, 0.429, -1.511
p:1.511, -0.975, 0.532
j:2, 3, stif=0.941
j:1, 3
j:6, 2, stif=0.838
j:4, 1, stif=0.81
j:5, 4
j:0, 2
j:1, 5
n:j=1, d=|
n:p=2, d=Gpart:ry=-1.322
n:j=0, d=@
c:0, 1, 0.678
c:2, 1, -8.603
",0.002871283367503535,"//0
p:fr=0.472
p:0.919, 0.241, -0.291
p:1.493, -0.721, 0.349, fr=0.047
p:1.382, 0.583, 0.25, fr=1.112
p:0.243, 0.286, -0.93
p:1.885, 0.429, -1.511
p:1.511, -0.975, 0.532
j:2, 3, stif=0.941
j:1, 3
j:6, 2, stif=0.838
j:4, 1, stif=0.81
j:5, 4
j:0, 2
j:1, 5
n:p=2, d=Gpart:ry=-1.322
n:j=0, d=@
c:1, 0, -8.603
",0.00028283371823851946,feasible,20
36,0,35,"//0
p:fr=0.472
p:0.919, 0.241, -0.291
p:1.493, -0.721, 0.349, fr=0.047
p:1.382, 0.583, 0.25, fr=1.112
p:0.243, 0.286, -0.93
p:1.885, 0.429, -1.511
p:1.511, -0.975, 0.532
j:2, 3, stif=0.941
j:1, 3
j:6, 2, stif=0.838
j:4, 1, stif=0.81
j:5, 4
j:0, 2
j:1, 5
n:j=1, d=|
n:p=2, d=Gpart:ry=-1.322
n:j=0, d=@
c:0, 1, 0.678
c:2, 1, -8.603
",0.002871283367503535,"//0
p:fr=0.472
p:0.919, 0.241, -0.291
p:1.493, -0.721, 0.349, fr=0.047
p:1.382, 0.583, 0.25, fr=1.112
p:0.243, 0.286, -0.93
p:1.885, 0.429, -1.511
p:1.511, -0.975, 0.532
j:6, 3, stif=0.941
j:1, 3
j:2, 6, stif=0.838
j:4, 1, stif=0.81
j:5, 4
j:0, 6
j:1, 5
n:j=1, d=|
n:p=2, d=Gpart:ry=-1.322
n:j=0, d=@
c:0, 1, 0.678
c:2, 1, -8.603
",0.00026007306624852483,feasible,20
36,0,35,"//0
p:fr=0.472
p:0.919, 0.241, -0.291
p:1.493, -0.721, 0.349, fr=0.047
p:1.382, 0.583, 0.25, fr=1.112
p:0.243, 0.286, -0.93
p:1.885, 0.429, -1.511
p:1.511, -0.975, 0.532
j:2, 3, stif=0.941
j:1, 3
j:6, 2, stif=0.838
j:4, 1, stif=0.81
j:5, 4
j:0, 2
j:1, 5
n:j=1, d=|
n:p=2, d=Gpart:ry=-1.322
n:j=0, d=@
c:0, 1, 0.678
c:2, 1, -8.603
",0.002871283367503535,"//0
p:fr=0.472
p:0.919, 0.241, -0.291
p:1.493, -0.721, 0.349, fr=0.047
p:1.382, 0.583, 0.25, fr=1.112
p:0.243, 0.286, -0.93
p:1.885, 0.429, -1.511
p:1.511, -0.975, 0.532
j:2, 3, stif=0.941
j:1, 3
j:6, 2, stif=0.838
j:4, 1, stif=0.81
j:5, 4
j:0, 2
j:1, 5
n:j=1, d=|
n:p=2, d=Gpart:ry=-1.322
n:j=0, d=@
c:0, 1, 0.678
c:2, 1, -9.499
",0.002788452484327544,feasible,20
36,0,35,"//0
p:fr=0.472
p:0.919, 0.241, -0.291
p:1.493, -0.721, 0.349, fr=0.047
p:1.382, 0.583, 0.25, fr=1.112
p:0.243, 0.286, -0.93
p:1.885, 0.429, -1.511
p:1.511, -0.975, 0.532
j:2, 3, stif=0.941
j:1, 3
j:6, 2, stif=0.838
j:4, 1, stif=0.81
j:5, 4
j:0, 2
j:1, 5
n:j=1, d=|
n:p=2, d=Gpart:ry=-1.322
n:j=0, d=@
c:0, 1, 0.678
c:2, 1, -8.603
",0.002871283367503535,"//0
p:fr=0.472
p:0.919, 0.241, -0.291
p:1.493, -0.721, 0.349, fr=0.047
p:1.382, 0.583, 0.25, fr=1.112
p:0.243, 0.286, -0.93
p:1.885, 0.429, -1.511
p:1.511, -0.975, 0.532
j:2, 3, stif=0.941
j:1, 3
j:6, 2, stif=0.838
j:4, 1, stif=0.81
j:5, 4
j:0, 2, stif=0.872
j:1, 5
n:j=1, d=|
n:p=2, d=Gpart:ry=-1.322
n:j=0, d=@
c:0, 1, 0.678
c:2, 1, -8.603
",0.0029799076461351406,feasible,20
36,0,35,"//0
p:fr=0.472
p:0.919, 0.241, -0.291
p:1.493, -0.721, 0.349, fr=0.047
p:1.382, 0.583, 0.25, fr=1.112
p:0.243, 0.286, -0.93
p:1.885, 0.429, -1.511
p:1.511, -0.975, 0.532
j:2, 3, stif=0.941
j:1, 3
j:6, 2, stif=0.838
j:4, 1, stif=0.81
j:5, 4
j:0, 2
j:1, 5
n:j=1, d=|
n:p=2, d=Gpart:ry=-1.322
n:j=0, d=@
c:0, 1, 0.678
c:2, 1, -8.603
",0.002871283367503535,"//0
p:fr=0.472
p:0.919, 0.241, -0.291
p:1.493, -0.721, 0.349, fr=0.047
p:1.382, 0.583, 0.25, fr=1.112
p:0.243, 0.286, -0.93
p:2.01, 0.494, -1.824
p:1.511, -0.975, 0.532
j:2, 3, stif=0.941
j:1, 3
j:6, 2, stif=0.838
j:4, 1, stif=0.81
j:5, 4
j:0, 2
j:1, 5
n:j=1, d=|
n:p=2, d=Gpart:ry=-1.322
n:j=0, d=@
c:0, 1, 0.678
c:2, 1, -8.603
",0.0013220829358849715,feasible,20
36,0,36,"//0
p:fr=0.472
p:0.919, 0.241, -0.291
p:1.493, -0.721, 0.349, fr=0.047
p:1.382, 0.583, 0.25, fr=1.112
p:0.243, 0.286, -0.93
p:1.885, 0.429, -1.511
p:1.511, -0.975, 0.532
j:2, 3, stif=0.941
j:1, 3
j:6, 2, stif=0.838
j:4, 1, stif=0.81
j:5, 4
j:0, 2
j:1, 5
n:j=1, d=|
n:p=2, d=Gpart:ry=-1.322
n:j=0, d=@
c:0, 1, 0.678
c:2, 1, -7.266
",0.002925731600641064,"//0
p:fr=0.472
p:0.919, 0.241, -0.291
p:1.493, -0.721, 0.349, fr=0.047
p:1.382, 0.583, 0.25, fr=1.112
p:0.243, 0.286, -0.93
p:1.885, 0.429, -1.511
p:1.511, -0.975, 0.532
j:2, 3, stif=0.941
j:1, 3
j:6, 2, stif=0.838
j:4, 1, stif=0.81
j:5, 4
j:0, 2
j:1, 5
n:j=1, d=|
n:p=2, d=Gpart:ry=-1.322
n:j=0, d=@
c:2, 1, -7.266
",0.0029168479524382417,feasible,22
36,0,36,"//0
p:fr=0.472
p:0.919, 0.241, -0.291
p:1.493, -0.721, 0.349, fr=0.047
p:1.382, 0.583, 0.25, fr=1.112
p:0.243, 0.286, -0.93
p:1.885, 0.429, -1.511
p:1.511, -0.975, 0.532
j:2, 3, stif=0.941
j:1, 3
j:6, 2, stif=0.838
j:4, 1, stif=0.81
j:5, 4
j:0, 2
j:1, 5
n:j=1, d=|
n:p=2, d=Gpart:ry=-1.322
n:j=0, d=@
c:0, 1, 0.678
c:2, 1, -7.266
",0.002925731600641064,"//0
p:fr=0.472
p:0.919, 0.241, -0.291
p:1.493, -0.721, 0.349, fr=0.047
p:1.382, 0.583, 0.25, fr=1.112
p:0.243, 0.286, -0.93
p:1.885, 0.429, -1.511
p:1.511, -0.975, 0.532
j:2, 3, stif=0.941
j:1, 3
j:6, 2, stif=0.838
j:4, 1, stif=0.81
j:5, 4
j:0, 2
j:1, 5
n:j=1, d=|
n:p=2, d=""Gpart:ry=-1.322, rz=1.088""
n:j=0, d=@
c:0, 1, 0.678
c:2, 1, -7.266
",0.0016366436226628739,feasible,22
36,0,36,"//0
p:fr=0.472
p:0.919, 0.241, -0.291
p:1.493, -0.721, 0.349, fr=0.047
p:1.382, 0.583, 0.25, fr=1.112
p:0.243, 0.286, -0.93
p:1.885, 0.429, -1.511
p:1.511, -0.975, 0.532
j:2, 3, stif=0.941
j:1, 3
j:6, 2, stif=0.838
j:4, 1, stif=0.81
j:5, 4
j:0, 2
j:1, 5
n:j=1, d=|
n:p=2, d=Gpart:ry=-1.322
n:j=0, d=@
c:0, 1, 0.678
c:2, 1, -7.266
",0.002925731600641064,"//0
p:fr=0.472
p:0.919, 0.241, -0.291
p:1.493, -0.721, 0.349, fr=0.047
p:1.382, 0.583, 0.25, fr=1.112
p:0.243, 0.286, -0.93
p:1.885, 0.429, -1.511
p:1.511, -0.975, 0.532
j:2, 3, stif=0.941
j:1, 3
j:6, 2, stif=0.838
j:4, 1, stif=0.81
j:5, 4
j:0, 2
j:1, 5
n:j=1, d=|
n:p=2, d=Gpart:ry=-1.322
n:j=0, d=@
c:0, 1, 2.05
c:2, 1, -7.266
",4.197658281813838e-05,feasible,22
36,0,36,"//0
p:fr=0.472
p:0.919, 0.241, -0.291
p:1.493, -0.721, 0.349, fr=0.047
p:1.382, 0.583, 0.25, fr=1.112
p:0.243, 0.286, -0.93
p:1.885, 0.429, -1.511
p:1.511, -0.975, 0.532
j:2, 3, stif=0.941
j:1, 3
j:6, 2, stif=0.838
j:4, 1, stif=0.81
j:5, 4
j:0, 2
j:1, 5
n:j=1, d=|
n:p=2, d=Gpart:ry=-1.322
n:j=0, d=@
c:0, 1, 0.678
c:2, 1, -7.266
",0.002925731600641064,"//0
p:fr=0.472
p:0.919, 0.241, -0.291
p:1.493, -0.721, 0.349, fr=0.047
p:1.382, 0.583, 0.25, fr=1.112
p:0.243, 0.286, -0.93
p:1.885, 0.429, -1.511
p:1.511, -0.975, 0.532
j:2, 3, stif=0.941
j:1, 3
j:6, 2, stif=0.838
j:4, 1, stif=0.81
j:5, 4
j:0, 2
j:1, 5
n:j=1, d=|
n:p=2, d=Gpart:ry=-1.322
n:j=0, d=@
n:j=0, d=|
c:0, 1, 0.678
c:2, 1, -7.266
c:3, 1, 0.131
",0.00019422315144289727,feasible,22
36,0,36,"//0
p:fr=0.472
p:0.919, 0.241, -0.291
p:1.493, -0.721, 0.349, fr=0.047
p:1.382, 0.583, 0.25, fr=1.112
p:0.243, 0.286, -0.93
p:1.885, 0.429, -1.511
p:1.511, -0.975, 0.532
j:2, 3, stif=0.941
j:1, 3
j:6, 2, stif=0.838
j:4, 1, stif=0.81
j:5, 4
j:0, 2
j:1, 5
n:j=1, d=|
n:p=2, d=Gpart:ry=-1.322
n:j=0, d=@
c:0, 1, 0.678
c:2, 1, -7.266
",0.002925731600641064,"//0
p:fr=0.472
p:0.919, 0.241, -0.291
p:1.493, -0.721, 0.349, fr=0.047
p:1.382, 0.583, 0.25, fr=1.112
p:0.243, 0.286, -0.93
p:1.885, 0.429, -1.511
p:1.511, -0.975, 0.532
j:2, 3, stif=0.9
j:1, 3
j:6, 2, stif=0.838
j:4, 1, stif=0.81
j:5, 4
j:0, 2
j:1, 5
n:j=1, d=|
n:p=2, d=Gpart:ry=-1.322
n:j=0, d=@
c:0, 1, 0.678
c:2, 1, -7.266
",0.002938940747103356,feasible,22
36,0,36,"//0
p:fr=0.472
p:0.919, 0.241, -0.291
p:1.493, -0.721, 0.349, fr=0.047
p:1.382, 0.583, 0.25, fr=1.112
p:0.243, 0.286, -0.93
p:1.885, 0.429, -1.511
p:1.511, -0.975, 0.532
j:2, 3, stif=0.941
j:1, 3
j:6, 2, stif=0.838
j:4, 1, stif=0.81
j:5, 4
j:0, 2
j:1, 5
n:j=1, d=|
n:p=2, d=Gpart:ry=-1.322
n:j=0, d=@
c:0, 1, 0.678
c:2, 1, -7.266
",0.002925731600641064,"//0
p:fr=0.472
p:0.919, 0.241, -0.291
p:1.493, -0.721, 0.349, fr=0.047
p:1.382, 0.583, 0.25, fr=1.112
p:0.243, 0.286, -0.93
p:1.885, 0.429, -1.511
p:1.511, -0.975, 0.532
j:2, 3, stif=0.941
j:1, 3
j:6, 2, stif=0.838
j:4, 1, stif=0.81
j:5, 4
j:0, 2
j:1, 5
n:j=1, d=|
n:p=2, d=Gpart:ry=-1.322
n:j=0, d=@
c:0, 1, 0.678
",3.518358331449695e-05,feasible,22
36,0,36,"//0
p:fr=0.472
p:0.919, 0.241, -0.291
p:1.493, -0.721, 0.349, fr=0.047
p:1.382, 0.583, 0.25, fr=1.112
p:0.243, 0.286, -0.93
p:1.885, 0.429, -1.511
p:1.511, -0.975, 0.532
j:2, 3, stif=0.941
j:1, 3
j:6, 2, stif=0.838
j:4, 1, stif=0.81
j:5, 4
j:0, 2
j:1, 5
n:j=1, d=|
n:p=2, d=Gpart:ry=-1.322
n:j=0, d=@
c:0, 1, 0.678
c:2, 1, -7.266
",0.002925731600641064,"//0
p:fr=0.472
p:0.919, 0.241, -0.291
p:1.493, -0.721, 0.349, fr=0.047
p:1.382, 0.583, 0.25, fr=1.112
p:0.243, 0.286, -0.93, ing=0.161
p:1.885, 0.429, -1.511
p:1.511, -0.975, 0.532
j:2, 3, stif=0.941
j:1, 3
j:6, 2, stif=0.838
j:4, 1, stif=0.81
j:5, 4
j:0, 2
j:1, 5
n:j=1, d=|
n:p=2, d=Gpart:ry=-1.322
n:j=0, d=@
c:0, 1, 0.678
c:2, 1, -7.266
",0.002925731600641064,feasible,22
36,0,36,"//0
p:fr=0.472
p:0.919, 0.241, -0.291
p:1.493, -0.721, 0.349, fr=0.047
p:1.382, 0.583, 0.25, fr=1.112
p:0.243, 0.286, -0.93
p:1.885, 0.429, -1.511
p:1.511, -0.975, 0.532
j:2, 3, stif=0.941
j:1, 3
j:6, 2, stif=0.838
j:4, 1, stif=0.81
j:5, 4
j:0, 2
j:1, 5
n:j=1, d=|
n:p=2, d=Gpart:ry=-1.322
n:j=0, d=@
c:0, 1, 0.678
c:2, 1, -7.266
",0.002925731600641064,"//0
p:fr=0.472
p:0.919, 0.241, -0.291
p:1.493, -0.721, 0.349, fr=0.047
p:1.382, 0.583, 0.25, fr=1.112
p:0.243, 0.286, -0.93
p:1.5363342549875596, 0.3496484856178584, -1.2315124982950676
p:1.511, -0.975, 0.532
j:2, 3, stif=0.941
j:0, 3
j:6, 2, stif=0.838
j:4, 0, stif=0.81
j:5, 4
j:1, 2
j:0, 5
n:j=1, d=|
n:p=2, d=Gpart:ry=-1.322
n:j=0, d=@
c:0, 1, 0.678
c:2, 1, -7.266
",0.00014148156133596675,feasible,22
36,0,36,"//0
p:fr=0.472
p:0.919, 0.241, -0.291
p:1.493, -0.721, 0.349, fr=0.047
p:1.382, 0.583, 0.25, fr=1.112
p:0.243, 0.286, -0.93
p:1.885, 0.429, -1.511
p:1.511, -0.975, 0.532
j:2, 3, stif=0.941
j:1, 3
j:6, 2, stif=0.838
j:4, 1, stif=0.81
j:5, 4
j:0, 2
j:1, 5
n:j=1, d=|
n:p=2, d=Gpart:ry=-1.322
n:j=0, d=@
c:0, 1, 0.678
c:2, 1, -7.266
",0.002925731600641064,"//0
p:fr=0.472
p:0.919, 0.241, -0.291
p:1.493, -0.721, 0.349, fr=0.047
p:1.382, 0.583, 0.25, fr=1.112
p:0.243, 0.286, -0.93
p:1.885, 0.429, -1.511
p:1.511, -0.975, 0.532
j:2, 6, stif=0.941
j:1, 6
j:3, 2, stif=0.838
j:4, 1, stif=0.81
j:5, 4
j:0, 2
j:1, 5
n:j=1, d=|
n:p=2, d=Gpart:ry=-1.322
n:j=0, d=@
c:0, 1, 0.678
c:2, 1, -7.266
",0.00016405217843040617,feasible,22
36,0,36,"//0
p:fr=0.472
p:0.919, 0.241, -0.291
p:1.493, -0.721, 0.349, fr=0.047
p:1.382, 0.583, 0.25, fr=1.112
p:0.243, 0.286, -0.93
p:1.885, 0.429, -1.511
p:1.511, -0.975, 0.532
j:2, 3, stif=0.941
j:1, 3
j:6, 2, stif=0.838
j:4, 1, stif=0.81
j:5, 4
j:0, 2
j:1, 5
n:j=1, d=|
n:p=2, d=Gpart:ry=-1.322
n:j=0, d=@
c:0, 1, 0.678
c:2, 1, -7.266
",0.002925731600641064,"//0
p:fr=0.472
p:0.919, 0.241, -0.291
p:1.493, -0.721, 0.349, fr=0.047
p:1.382, 0.583, 0.25, fr=1.112
p:0.243, 0.286, -0.93
p:1.885, 0.429, -1.511
p:1.511, -0.975, 0.532
j:2, 3, stif=0.941
j:1, 3
j:6, 2, stif=0.838
j:4, 1, stif=0.81, rotstif=0.815
j:5, 4
j:0, 2
j:1, 5
n:j=1, d=|
n:p=2, d=Gpart:ry=-1.322
n:j=0, d=@
c:0, 1, 0.678
c:2, 1, -7.266
",0.002925731600641064,feasible,22
36,0,36,"//0
p:fr=0.472
p:0.919, 0.241, -0.291
p:1.493, -0.721, 0.349, fr=0.047
p:1.382, 0.583, 0.25, fr=1.112
p:0.243, 0.286, -0.93
p:1.885, 0.429, -1.511
p:1.511, -0.975, 0.532
j:2, 3, stif=0.941
j:1, 3
j:6, 2, stif=0.838
j:4, 1, stif=0.81
j:5, 4
j:0, 2
j:1, 5
n:j=1, d=|
n:p=2, d=Gpart:ry=-1.322
n:j=0, d=@
c:0, 1, 0.678
c:2, 1, -7.266
",0.002925731600641064,"//0
p:fr=0.472
p:0.919, 0.241, -0.291
p:1.493, -0.721, 0.349, fr=0.047
p:1.382, 0.583, 0.25, fr=1.112
p:0.243, 0.286, -0.93
p:1.885, 0.429, -1.511
p:1.511, -0.975, 0.532
j:6, 3, stif=0.941
j:1, 3
j:2, 6, stif=0.838
j:4, 1, stif=0.81
j:5, 4
j:0, 6
j:1, 5
n:j=1, d=|
n:p=2, d=Gpart:ry=-1.322
n:j=0, d=@
c:0, 1, 0.678
c:2, 1, -7.266
",0.00025283960291636016,feasible,22
36,0,36,"//0
p:fr=0.472
p:0.919, 0.241, -0.291
p:1.493, -0.721, 0.349, fr=0.047
p:1.382, 0.583, 0.25, fr=1.112
p:0.243, 0.286, -0.93
p:1.885, 0.429, -1.511
p:1.511, -0.975, 0.532
j:2, 3, stif=0.941
j:1, 3
j:6, 2, stif=0.838
j:4, 1, stif=0.81
j:5, 4
j:0, 2
j:1, 5
n:j=1, d=|
n:p=2, d=Gpart:ry=-1.322
n:j=0, d=@
c:0, 1, 0.678
c:2, 1, -7.266
",0.002925731600641064,"//0
p:fr=0.472
p:0.919, 0.241, -0.291
p:1.493, -0.721, 0.349, fr=0.047, ing=0.472
p:1.382, 0.583, 0.25, fr=1.112
p:0.243, 0.286, -0.93
p:1.885, 0.429, -1.511
p:1.511, -0.975, 0.532
j:2, 3, stif=0.941
j:1, 3
j:6, 2, stif=0.838
j:4, 1, stif=0.81
j:5, 4
j:0, 2
j:1, 5
n:j=1, d=|
n:p=2, d=Gpart:ry=-1.322
n:j=0, d=@
c:0, 1, 0.678
c:2, 1, -7.266
",0.002925731600641064,feasible,22
36,0,36,"//0
p:fr=0.472
p:0.919, 0.241, -0.291
p:1.493, -0.721, 0.349, fr=0.047
p:1.382, 0.583, 0.25, fr=1.112
p:0.243, 0.286, -0.93
p:1.885, 0.429, -1.511
p:1.511, -0.975, 0.532
j:2, 3, stif=0.941
j:1, 3
j:6, 2, stif=0.838
j:4, 1, stif=0.81
j:5, 4
j:0, 2
j:1, 5
n:j=1, d=|
n:p=2, d=Gpart:ry=-1.322
n:j=0, d=@
c:0, 1, 0.678
c:2, 1, -7.266
",0.002925731600641064,"//0
p:fr=0.472
p:0.919, 0.241, -0.291
p:1.493, -0.721, 0.349, fr=0.047
p:1.382, 0.583, 0.25, fr=1.112
p:0.243, 0.286, -0.93
p:1.885, 0.429, -1.511
p:1.511, -0.975, 0.532
p:0.952, 0.681, -0.367
j:2, 3, stif=0.941
j:1, 3
j:6, 2, stif=0.838
j:4, 1, stif=0.81
j:5, 4
j:0, 2
j:1, 5
j:7, 4
n:j=1, d=|
n:p=2, d=Gpart:ry=-1.322
n:j=0, d=@
c:0, 1, 0.678
c:2, 1, -7.266
",0.0015809844502637038,feasible,22
36,0,36,"//0
p:fr=0.472
p:0.919, 0.241, -0.291
p:1.493, -0.721, 0.349, fr=0.047
p:1.382, 0.583, 0.25, fr=1.112
p:0.243, 0.286, -0.93
p:1.885, 0.429, -1.511
p:1.511, -0.975, 0.532
j:2, 3, stif=0.941
j:1, 3
j:6, 2, stif=0.838
j:4, 1, stif=0.81
j:5, 4
j:0, 2
j:1, 5
n:j=1, d=|
n:p=2, d=Gpart:ry=-1.322
n:j=0, d=@
c:0, 1, 0.678
c:2, 1, -7.266
",0.002925731600641064,"//0
p:fr=0.472
p:0.919, 0.241, -0.291
p:1.493, -0.721, 0.349, fr=0.047
p:1.382, 0.583, 0.25, fr=1.112
p:0.243, 0.286, -0.93
p:1.885, 0.429, -1.511
p:1.5866626940086332, -0.690961437464916, 0.11868747631112808
j:2, 3, stif=0.941
j:1, 3
j:6, 2, stif=0.838
j:4, 1, stif=0.81
j:5, 4
j:0, 2
j:1, 5
j:5, 6
n:j=1, d=|
n:p=2, d=Gpart:ry=-1.322
n:j=0, d=@
c:0, 1, 0.678
c:2, 1, -7.266
",2.9727124072522017e-06,feasible,22
36,0,36,"//0
p:fr=0.472
p:0.919, 0.241, -0.291
p:1.493, -0.721, 0.349, fr=0.047
p:1.382, 0.583, 0.25, fr=1.112
p:0.243, 0.286, -0.93
p:1.885, 0.429, -1.511
p:1.511, -0.975, 0.532
j:2, 3, stif=0.941
j:1, 3
j:6, 2, stif=0.838
j:4, 1, stif=0.81
j:5, 4
j:0, 2
j:1, 5
n:j=1, d=|
n:p=2, d=Gpart:ry=-1.322
n:j=0, d=@
c:0, 1, 0.678
c:2, 1, -7.266
",0.002925731600641064,"//0
p:fr=0.472
p:0.919, 0.241, -0.291
p:1.493, -0.721, 0.349, fr=0.047
p:1.382, 0.583, 0.25, fr=1.112
p:0.243, 0.286, -0.93
p:1.885, 0.429, -1.511
p:1.511, -0.975, 0.532
j:2, 3, stif=0.941
j:1, 3
j:6, 2, stif=0.838
j:4, 1, stif=0.81
j:5, 4
j:0, 2
j:1, 5
j:2, 1
n:j=1, d=|
n:p=2, d=Gpart:ry=-1.322
n:j=0, d=@
c:0, 1, 0.678
c:2, 1, -7.266
",1.6805396914248871e-06,feasible,22
36,0,36,"//0
p:fr=0.472
p:0.919, 0.241, -0.291
p:1.493, -0.721, 0.349, fr=0.047
p:1.382, 0.583, 0.25, fr=1.112
p:0.243, 0.286, -0.93
p:1.885, 0.429, -1.511
p:1.511, -0.975, 0.532
j:2, 3, stif=0.941
j:1, 3
j:6, 2, stif=0.838
j:4, 1, stif=0.81
j:5, 4
j:0, 2
j:1, 5
n:j=1, d=|
n:p=2, d=Gpart:ry=-1.322
n:j=0, d=@
c:0, 1, 0.678
c:2, 1, -7.266
",0.002925731600641064,"//0
p:fr=0.472
p:0.919, 0.241, -0.291
p:1.493, -0.721, 0.349, fr=0.047
p:1.382, 0.583, 0.25, fr=1.112
p:0.243, 0.286, -0.93
p:1.885, 0.429, -1.511
p:1.511, -0.975, 0.532
j:2, 3, stif=0.941
j:1, 3
j:6, 2, stif=0.838
j:4, 1, stif=0.81
j:5, 4
j:0, 2
j:1, 5
n:j=1, d=|
n:p=2, d=Gpart:ry=-1.322
n:j=0, d=@:p=0.996
c:0, 1, 0.678
c:2, 1, -7.266
",0.002918722428320792,feasible,22
36,0,36,"//0
p:fr=0.472
p:0.919, 0.241, -0.291
p:1.493, -0.721, 0.349, fr=0.047
p:1.382, 0.583, 0.25, fr=1.112
p:0.243, 0.286, -0.93
p:1.885, 0.429, -1.511
p:1.511, -0.975, 0.532
j:2, 3, stif=0.941
j:1, 3
j:6, 2, stif=0.838
j:4, 1, stif=0.81
j:5, 4
j:0, 2
j:1, 5
n:j=1, d=|
n:p=2, d=Gpart:ry=-1.322
n:j=0, d=@
c:0, 1, 0.678
c:2, 1, -7.266
",0.002925731600641064,"//0
p:fr=0.472
p:0.919, 0.241, -0.291
p:1.493, -0.721, 0.349, fr=0.047
p:1.382, 0.583, 0.25, fr=1.112
p:0.243, 0.286, -0.93
p:1.885, 0.429, -1.511
p:1.511, -0.975, 0.532
j:2, 3, stif=0.941
j:1, 3
j:6, 2, stif=0.838
j:4, 1, stif=0.81
j:5, 4
j:0, 2
j:1, 5
n:j=1, d=|
n:p=2, d=Gpart:ry=-1.322
n:j=0, d=@
c:0, 1, 0.678
c:2, 1, -9.351
",0.0028047177990066,feasible,22
36,0,36,"//0
p:fr=0.472
p:0.919, 0.241, -0.291
p:1.493, -0.721, 0.349, fr=0.047
p:1.382, 0.583, 0.25, fr=1.112
p:0.243, 0.286, -0.93
p:1.885, 0.429, -1.511
p:1.511, -0.975, 0.532
j:2, 3, stif=0.941
j:1, 3
j:6, 2, stif=0.838
j:4, 1, stif=0.81
j:5, 4
j:0, 2
j:1, 5
n:j=1, d=|
n:p=2, d=Gpart:ry=-1.322
n:j=0, d=@
c:0, 1, 0.678
c:2, 1, -7.266
",0.002925731600641064,"//0
p:fr=0.472
p:0.919, 0.241, -0.291, ing=0.099
p:1.493, -0.721, 0.349, fr=0.047
p:1.382, 0.583, 0.25, fr=1.112
p:0.243, 0.286, -0.93
p:1.885, 0.429, -1.511
p:1.511, -0.975, 0.532
j:2, 3, stif=0.941
j:1, 3
j:6, 2, stif=0.838
j:4, 1, stif=0.81
j:5, 4
j:0, 2
j:1, 5
n:j=1, d=|
n:p=2, d=Gpart:ry=-1.322
n:j=0, d=@
c:0, 1, 0.678
c:2, 1, -7.266
",0.002925731600641064,feasible,22
36,0,36,"//0
p:fr=0.472
p:0.919, 0.241, -0.291
p:1.493, -0.721, 0.349, fr=0.047
p:1.382, 0.583, 0.25, fr=1.112
p:0.243, 0.286, -0.93
p:1.885, 0.429, -1.511
p:1.511, -0.975, 0.532
j:2, 3, stif=0.941
j:1, 3
j:6, 2, stif=0.838
j:4, 1, stif=0.81
j:5, 4
j:0, 2
j:1, 5
n:j=1, d=|
n:p=2, d=Gpart:ry=-1.322
n:j=0, d=@
c:0, 1, 0.678
c:2, 1, -7.266
",0.002925731600641064,"//0
p:fr=0.472
p:0.919, 0.241, -0.291
p:1.493, -0.721, 0.349, fr=0.047
p:1.382, 0.583, 0.25, fr=1.112
p:0.243, 0.286, -0.93
p:1.885, 0.429, -1.511
p:1.511, -0.975, 0.532
j:2, 3, stif=0.941
j:1, 3
j:6, 2, stif=0.838
j:4, 1, stif=0.81
j:5, 4
j:0, 2
j:1, 5
n:j=1, d=|
n:p=2, d=Gpart:ry=-1.322
n:j=0, d=@
c:0, 1, 0.678
c:2, 1, -5.48
",0.002837270662501179,feasible,22
36,0,36,"//0
p:fr=0.472
p:0.919, 0.241, -0.291
p:1.493, -0.721, 0.349, fr=0.047
p:1.382, 0.583, 0.25, fr=1.112
p:0.243, 0.286, -0.93
p:1.885, 0.429, -1.511
p:1.511, -0.975, 0.532
j:2, 3, stif=0.941
j:1, 3
j:6, 2, stif=0.838
j:4, 1, stif=0.81
j:5, 4
j:0, 2
j:1, 5
n:j=1, d=|
n:p=2, d=Gpart:ry=-1.322
n:j=0, d=@
c:0, 1, 0.678
c:2, 1, -7.266
",0.002925731600641064,"//0
p:fr=0.472
p:0.919, 0.241, -0.291
p:1.493, -0.721, 0.349, fr=0.047
p:1.382, 0.583, 0.25, fr=1.112
p:0.243, 0.286, -0.93
p:1.885, 0.429, -1.511
p:1.511, -0.975, 0.532
p:1.313, 0.293, 0.327
j:2, 3, stif=0.941
j:1, 3
j:6, 2, stif=0.838
j:4, 1, stif=0.81
j:5, 4
j:0, 2
j:1, 5
j:7, 3
n:j=1, d=|
n:p=2, d=Gpart:ry=-1.322
n:j=0, d=@
c:0, 1, 0.678
c:2, 1, -7.266
",0.0031979300736326892,feasible,22
36,0,37,"//0
p:fr=0.472
p:0.919, 0.241, -0.291
p:1.493, -0.721, 0.349, fr=0.047
p:1.382, 0.583, 0.25, fr=1.112
p:0.243, 0.286, -0.93
p:1.885, 0.429, -1.511
p:1.511, -0.975, 0.532
j:2, 3, stif=0.941
j:1, 3
j:6, 2, stif=0.838
j:4, 1, stif=0.81
j:5, 4, stif=0.985
j:0, 2
j:1, 5
n:j=1, d=|
n:p=2, d=Gpart:ry=-1.322
n:j=0, d=@
c:0, 1, 0.678
c:2, 1, -7.266
",0.002943956572501294,"//0
p:fr=0.472
p:0.919, 0.241, -0.291
p:1.493, -0.721, 0.349, fr=0.047
p:1.382, 0.583, 0.25, fr=1.112
p:0.243, 0.286, -0.93
p:1.885, 0.429, -1.511
p:1.511, -0.975, 0.532
j:2, 3, stif=0.941
j:1, 3
j:6, 2, stif=0.838
j:4, 1, stif=0.81
j:5, 4, stif=0.985
j:0, 2
j:1, 5, stif=0.97
n:j=1, d=|
n:p=2, d=Gpart:ry=-1.322
n:j=0, d=@
c:0, 1, 0.678
c:2, 1, -7.266
",0.0028719794958991813,feasible,20
36,0,37,"//0
p:fr=0.472
p:0.919, 0.241, -0.291
p:1.493, -0.721, 0.349, fr=0.047
p:1.382, 0.583, 0.25, fr=1.112
p:0.243, 0.286, -0.93
p:1.885, 0.429, -1.511
p:1.511, -0.975, 0.532
j:2, 3, stif=0.941
j:1, 3
j:6, 2, stif=0.838
j:4, 1, stif=0.81
j:5, 4, stif=0.985
j:0, 2
j:1, 5
n:j=1, d=|
n:p=2, d=Gpart:ry=-1.322
n:j=0, d=@
c:0, 1, 0.678
c:2, 1, -7.266
",0.002943956572501294,"//0
p:fr=0.472, ing=0.154
p:0.919, 0.241, -0.291
p:1.493, -0.721, 0.349, fr=0.047
p:1.382, 0.583, 0.25, fr=1.112
p:0.243, 0.286, -0.93
p:1.885, 0.429, -1.511
p:1.511, -0.975, 0.532
j:2, 3, stif=0.941
j:1, 3
j:6, 2, stif=0.838
j:4, 1, stif=0.81
j:5, 4, stif=0.985
j:0, 2
j:1, 5
n:j=1, d=|
n:p=2, d=Gpart:ry=-1.322
n:j=0, d=@
c:0, 1, 0.678
c:2, 1, -7.266
",0.002943956572501294,feasible,20
36,0,37,"//0
p:fr=0.472
p:0.919, 0.241, -0.291
p:1.493, -0.721, 0.349, fr=0.047
p:1.382, 0.583, 0.25, fr=1.112
p:0.243, 0.286, -0.93
p:1.885, 0.429, -1.511
p:1.511, -0.975, 0.532
j:2, 3, stif=0.941
j:1, 3
j:6, 2, stif=0.838
j:4, 1, stif=0.81
j:5, 4, stif=0.985
j:0, 2
j:1, 5
n:j=1, d=|
n:p=2, d=Gpart:ry=-1.322
n:j=0, d=@
c:0, 1, 0.678
c:2, 1, -7.266
",0.002943956572501294,"//0
p:0.09332473037670375, -0.03107670950709296, -0.013528065325766447, fr=0.472
p:0.919, 0.241, -0.291
p:1.973, -0.657, -0.286, fr=0.047
p:1.382, 0.583, 0.25, fr=1.112
p:0.243, 0.286, -0.93
p:1.885, 0.429, -1.511
p:1.511, -0.975, 0.532
j:2, 3, stif=0.941
j:1, 3
j:6, 2, stif=0.838
j:4, 1, stif=0.81
j:5, 4, stif=0.985
j:0, 2
j:1, 5
n:j=1, d=|
n:p=2, d=Gpart:ry=-1.322
n:j=0, d=@
c:0, 1, 0.678
c:2, 1, -7.266
",0.00023741003481365577,feasible,20
36,0,37,"//0
p:fr=0.472
p:0.919, 0.241, -0.291
p:1.493, -0.721, 0.349, fr=0.047
p:1.382, 0.583, 0.25, fr=1.112
p:0.243, 0.286, -0.93
p:1.885, 0.429, -1.511
p:1.511, -0.975, 0.532
j:2, 3, stif=0.941
j:1, 3
j:6, 2, stif=0.838
j:4, 1, stif=0.81
j:5, 4, stif=0.985
j:0, 2
j:1, 5
n:j=1, d=|
n:p=2, d=Gpart:ry=-1.322
n:j=0, d=@
c:0, 1, 0.678
c:2, 1, -7.266
",0.002943956572501294,"//0
p:fr=0.472
p:0.919, 0.241, -0.291
p:1.493, -0.721, 0.349, fr=0.047
p:1.382, 0.583, 0.25, fr=1.112
p:0.243, 0.286, -0.93
p:1.885, 0.429, -1.511
p:1.511, -0.975, 0.532
j:2, 3, stif=0.941
j:1, 3, stif=0.928
j:6, 2, stif=0.838
j:4, 1, stif=0.81
j:5, 4, stif=0.985
j:0, 2
j:1, 5
n:j=1, d=|
n:p=2, d=Gpart:ry=-1.322
n:j=0, d=@
c:0, 1, 0.678
c:2, 1, -7.266
",0.0028707123581875283,feasible,20
36,0,37,"//0
p:fr=0.472
p:0.919, 0.241, -0.291
p:1.493, -0.721, 0.349, fr=0.047
p:1.382, 0.583, 0.25, fr=1.112
p:0.243, 0.286, -0.93
p:1.885, 0.429, -1.511
p:1.511, -0.975, 0.532
j:2, 3, stif=0.941
j:1, 3
j:6, 2, stif=0.838
j:4, 1, stif=0.81
j:5, 4, stif=0.985
j:0, 2
j:1, 5
n:j=1, d=|
n:p=2, d=Gpart:ry=-1.322
n:j=0, d=@
c:0, 1, 0.678
c:2, 1, -7.266
",0.002943956572501294,"//0
p:fr=0.472
p:0.919, 0.241, -0.291
p:1.493, -0.721, 0.349, fr=0.047
p:1.382, 0.583, 0.25, fr=1.112
p:0.243, 0.286, -0.93
p:1.885, 0.429, -1.511
p:1.511, -0.975, 0.532
j:2, 3, stif=0.941
j:1, 3, rotstif=0.917
j:6, 2, stif=0.838
j:4, 1, stif=0.81
j:5, 4, stif=0.985
j:0, 2
j:1, 5
n:j=1, d=|
n:p=2, d=Gpart:ry=-1.322
n:j=0, d=@
c:0, 1, 0.678
c:2, 1, -7.266
",0.002943956572501294,feasible,20
36,0,37,"//0
p:fr=0.472
p:0.919, 0.241, -0.291
p:1.493, -0.721, 0.349, fr=0.047
p:1.382, 0.583, 0.25, fr=1.112
p:0.243, 0.286, -0.93
p:1.885, 0.429, -1.511
p:1.511, -0.975, 0.532
j:2, 3, stif=0.941
j:1, 3
j:6, 2, stif=0.838
j:4, 1, stif=0.81
j:5, 4, stif=0.985
j:0, 2
j:1, 5
n:j=1, d=|
n:p=2, d=Gpart:ry=-1.322
n:j=0, d=@
c:0, 1, 0.678
c:2, 1, -7.266
",0.002943956572501294,"//0
p:fr=0.472
p:0.919, 0.241, -0.291
p:1.493, -0.721, 0.349, fr=0.047
p:1.382, 0.583, 0.25, fr=1.112
p:0.243, 0.286, -0.93
p:1.885, 0.429, -1.511
p:1.511, -0.975, 0.532
j:2, 3, stif=0.941
j:1, 3
j:6, 2, stif=0.838
j:5, 4, stif=0.985
j:0, 2
j:1, 5
n:j=1, d=|
n:p=2, d=Gpart:ry=-1.322
n:j=0, d=@
c:0, 1, 0.678
c:2, 1, -7.266
",0.000686405536091878,feasible,20
36,0,37,"//0
p:fr=0.472
p:0.919, 0.241, -0.291
p:1.493, -0.721, 0.349, fr=0.047
p:1.382, 0.583, 0.25, fr=1.112
p:0.243, 0.286, -0.93
p:1.885, 0.429, -1.511
p:1.511, -0.975, 0.532
j:2, 3, stif=0.941
j:1, 3
j:6, 2, stif=0.838
j:4, 1, stif=0.81
j:5, 4, stif=0.985
j:0, 2
j:1, 5
n:j=1, d=|
n:p=2, d=Gpart:ry=-1.322
n:j=0, d=@
c:0, 1, 0.678
c:2, 1, -7.266
",0.002943956572501294,"//0
p:fr=0.472
p:0.919, 0.241, -0.291
p:1.493, -0.721, 0.349, fr=0.047
p:1.382, 0.583, 0.25, fr=1.112
p:0.243, 0.286, -0.93
p:1.885, 0.429, -1.511
p:1.511, -0.975, 0.532
j:2, 3, stif=0.941
j:1, 3
j:6, 2, stif=0.838
j:4, 1, stif=0.81
j:5, 4, stif=0.985
j:0, 2
j:1, 5
n:j=1, d=|
n:p=2, d=Gpart:ry=-1.322
n:j=0, d=@
c:0, 1, 0.678
c:2, 1, -8.494
",0.0028943853136969276,feasible,20
36,0,37,"//0
p:fr=0.472
p:0.919, 0.241, -0.291
p:1.493, -0.721, 0.349, fr=0.047
p:1.382, 0.583, 0.25, fr=1.112
p:0.243, 0.286, -0.93
p:1.885, 0.429, -1.511
p:1.511, -0.975, 0.532
j:2, 3, stif=0.941
j:1, 3
j:6, 2, stif=0.838
j:4, 1, stif=0.81
j:5, 4, stif=0.985
j:0, 2
j:1, 5
n:j=1, d=|
n:p=2, d=Gpart:ry=-1.322
n:j=0, d=@
c:0, 1, 0.678
c:2, 1, -7.266
",0.002943956572501294,"//0
p:fr=0.472
p:0.919, 0.241, -0.291
p:1.493, -0.721, 0.349, fr=0.047
p:1.382, 0.583, 0.25, fr=1.112
p:0.243, 0.286, -0.93
p:1.885, 0.429, -1.511
p:1.511, -0.975, 0.532
j:2, 3, stif=0.941
j:1, 3
j:6, 2, stif=0.838
j:4, 1, stif=0.81
j:5, 4, stif=0.985
j:0, 2
j:1, 5
n:j=1, d=|
n:p=2, d=Gpart:ry=-1.322
n:j=0, d=@
c:0, 1, 0.678
c:2, 1, -6.261
",0.0028936208356824937,feasible,20
36,0,37,"//0
p:fr=0.472
p:0.919, 0.241, -0.291
p:1.493, -0.721, 0.349, fr=0.047
p:1.382, 0.583, 0.25, fr=1.112
p:0.243, 0.286, -0.93
p:1.885, 0.429, -1.511
p:1.511, -0.975, 0.532
j:2, 3, stif=0.941
j:1, 3
j:6, 2, stif=0.838
j:4, 1, stif=0.81
j:5, 4, stif=0.985
j:0, 2
j:1, 5
n:j=1, d=|
n:p=2, d=Gpart:ry=-1.322
n:j=0, d=@
c:0, 1, 0.678
c:2, 1, -7.266
",0.002943956572501294,"//0
p:fr=0.472
p:0.919, 0.241, -0.291
p:1.493, -0.721, 0.349, fr=0.047
p:1.382, 0.583, 0.25, fr=1.112
p:0.243, 0.286, -0.93
p:1.111, 0.25, -1.619
p:1.511, -0.975, 0.532
j:2, 3, stif=0.941
j:1, 3
j:6, 2, stif=0.838
j:4, 1, stif=0.81
j:5, 4, stif=0.985
j:0, 2
j:1, 5
n:j=1, d=|
n:p=2, d=Gpart:ry=-1.322
n:j=0, d=@
c:0, 1, 0.678
c:2, 1, -7.266
",0.0015636313980162855,feasible,20
36,0,37,"//0
p:fr=0.472
p:0.919, 0.241, -0.291
p:1.493, -0.721, 0.349, fr=0.047
p:1.382, 0.583, 0.25, fr=1.112
p:0.243, 0.286, -0.93
p:1.885, 0.429, -1.511
p:1.511, -0.975, 0.532
j:2, 3, stif=0.941
j:1, 3
j:6, 2, stif=0.838
j:4, 1, stif=0.81
j:5, 4, stif=0.985
j:0, 2
j:1, 5
n:j=1, d=|
n:p=2, d=Gpart:ry=-1.322
n:j=0, d=@
c:0, 1, 0.678
c:2, 1, -7.266
",0.002943956572501294,"//0
p:fr=0.472
p:0.919, 0.241, -0.291
p:1.493, -0.721, 0.349, fr=0.047
p:1.382, 0.583, 0.25, fr=1.112
p:0.243, 0.286, -0.93
p:1.885, 0.429, -1.511
p:1.511, -0.975, 0.532
j:2, 3, stif=0.941
j:1, 3
j:6, 2, stif=0.838
j:4, 1, stif=0.81
j:5, 4, stif=0.985
j:0, 2
j:1, 5
n:j=1, d=|
n:p=2, d=Gpart:ry=-1.322
n:j=0, d=@
n:
c:0, 1, 0.678
c:2, 1, -7.266
c:3, 3, 2.659
",0.002943956572501294,feasible,20
36,0,37,"//0
p:fr=0.472
p:0.919, 0.241, -0.291
p:1.493, -0.721, 0.349, fr=0.047
p:1.382, 0.583, 0.25, fr=1.112
p:0.243, 0.286, -0.93
p:1.885, 0.429, -1.511
p:1.511, -0.975, 0.532
j:2, 3, stif=0.941
j:1, 3
j:6, 2, stif=0.838
j:4, 1, stif=0.81
j:5, 4, stif=0.985
j:0, 2
j:1, 5
n:j=1, d=|
n:p=2, d=Gpart:ry=-1.322
n:j=0, d=@
c:0, 1, 0.678
c:2, 1, -7.266
",0.002943956572501294,"//0
p:fr=0.472
p:0.919, 0.241, -0.291
p:1.493, -0.721, 0.349, fr=0.047
p:1.382, 0.583, 0.25, fr=1.112
p:0.243, 0.286, -0.93
p:1.885, 0.429, -1.511
p:1.511, -0.975, 0.532
j:2, 3, stif=0.941
j:1, 3
j:6, 2, stif=0.838
j:4, 1, stif=0.81
j:5, 4, stif=0.985
j:0, 2
j:1, 5
n:j=1, d=|
n:p=2, d=Gpart:ry=-1.322
c:0, 1, 0.678
",3.6976945046800574e-05,feasible,20
36,0,37,"//0
p:fr=0.472
p:0.919, 0.241, -0.291
p:1.493, -0.721, 0.349, fr=0.047
p:1.382, 0.583, 0.25, fr=1.112
p:0.243, 0.286, -0.93
p:1.885, 0.429, -1.511
p:1.511, -0.975, 0.532
j:2, 3, stif=0.941
j:1, 3
j:6, 2, stif=0.838
j:4, 1, stif=0.81
j:5, 4, stif=0.985
j:0, 2
j:1, 5
n:j=1, d=|
n:p=2, d=Gpart:ry=-1.322
n:j=0, d=@
c:0, 1, 0.678
c:2, 1, -7.266
",0.002943956572501294,"//0
p:fr=0.472
p:0.919, 0.241, -0.291
p:1.493, -0.721, 0.349, fr=0.047
p:1.382, 0.583, 0.25, fr=1.112
p:0.243, 0.286, -0.93
p:1.885, 0.429, -1.511
p:1.511, -0.975, 0.532
j:2, 3, stif=0.941
j:1, 3
j:6, 2, stif=0.838
j:4, 1, stif=0.81
j:5, 4, stif=0.985
j:0, 2
j:1, 5
n:j=1, d=|
n:p=2, d=Gpart:ry=-1.322
n:j=0, d=@
n:j=2, d=|
c:0, 1, 0.678
c:2, 1, -7.266
c:3, 1, 1.529
",0.002415992971763006,feasible,20
36,0,37,"//0
p:fr=0.472
p:0.919, 0.241, -0.291
p:1.493, -0.721, 0.349, fr=0.047
p:1.382, 0.583, 0.25, fr=1.112
p:0.243, 0.286, -0.93
p:1.885, 0.429, -1.511
p:1.511, -0.975, 0.532
j:2, 3, stif=0.941
j:1, 3
j:6, 2, stif=0.838
j:4, 1, stif=0.81
j:5, 4, stif=0.985
j:0, 2
j:1, 5
n:j=1, d=|
n:p=2, d=Gpart:ry=-1.322
n:j=0, d=@
c:0, 1, 0.678
c:2, 1, -7.266
",0.002943956572501294,"//0
p:fr=0.472
p:0.919, 0.241, -0.291
p:1.493, -0.721, 0.349, fr=0.047
p:1.382, 0.583, 0.25, fr=1.112
p:0.27504206132377584, 0.2601869153975662, -0.8972145628535126
p:1.845854319323259, 0.31415935515752, -1.3252577396460758
p:1.511, -0.975, 0.532
j:1, 3, stif=0.941
j:2, 3
j:6, 1, stif=0.838
j:4, 2, stif=0.81
j:5, 4, stif=0.985
j:0, 1
j:2, 5
n:j=1, d=|
n:p=2, d=Gpart:ry=-1.322
n:j=0, d=@
c:0, 1, 0.678
c:2, 1, -7.266
",5.457019635814965e-05,feasible,20
36,0,37,"//0
p:fr=0.472
p:0.919, 0.241, -0.291
p:1.493, -0.721, 0.349, fr=0.047
p:1.382, 0.583, 0.25, fr=1.112
p:0.243, 0.286, -0.93
p:1.885, 0.429, -1.511
p:1.511, -0.975, 0.532
j:2, 3, stif=0.941
j:1, 3
j:6, 2, stif=0.838
j:4, 1, stif=0.81
j:5, 4, stif=0.985
j:0, 2
j:1, 5
n:j=1, d=|
n:p=2, d=Gpart:ry=-1.322
n:j=0, d=@
c:0, 1, 0.678
c:2, 1, -7.266
",0.002943956572501294,"//0
p:fr=0.472
p:0.919, 0.241, -0.291
p:1.493, -0.721, 0.349, fr=0.047
p:1.382, 0.583, 0.25, fr=1.112
p:0.243, 0.286, -0.93
p:1.885, 0.429, -1.511, ing=0.252
p:1.511, -0.975, 0.532
j:2, 3, stif=0.941
j:1, 3
j:6, 2, stif=0.838
j:4, 1, stif=0.81
j:5, 4, stif=0.985
j:0, 2
j:1, 5
n:j=1, d=|
n:p=2, d=Gpart:ry=-1.322
n:j=0, d=@
c:0, 1, 0.678
c:2, 1, -7.266
",0.002943956572501294,feasible,20
36,0,37,"//0
p:fr=0.472
p:0.919, 0.241, -0.291
p:1.493, -0.721, 0.349, fr=0.047
p:1.382, 0.583, 0.25, fr=1.112
p:0.243, 0.286, -0.93
p:1.885, 0.429, -1.511
p:1.511, -0.975, 0.532
j:2, 3, stif=0.941
j:1, 3
j:6, 2, stif=0.838
j:4, 1, stif=0.81
j:5, 4, stif=0.985
j:0, 2
j:1, 5
n:j=1, d=|
n:p=2, d=Gpart:ry=-1.322
n:j=0, d=@
c:0, 1, 0.678
c:2, 1, -7.266
",0.002943956572501294,"//0
p:fr=0.472
p:0.919, 0.241, -0.291
p:1.493, -0.721, 0.349, fr=0.047
p:1.382, 0.583, 0.25, fr=1.112
p:0.243, 0.286, -0.93
p:1.885, 0.429, -1.511
p:1.511, -0.975, 0.532
j:2, 3, stif=0.941
j:1, 3
j:6, 2, stif=0.838
j:4, 1, stif=0.81
j:5, 4, stif=0.985
j:0, 2
j:1, 5
n:j=1, d=|:p=0.171
n:p=2, d=Gpart:ry=-1.322
n:j=0, d=@
c:0, 1, 0.678
c:2, 1, -7.266
",0.0028706111991476714,feasible,20
36,0,37,"//0
p:fr=0.472
p:0.919, 0.241, -0.291
p:1.493, -0.721, 0.349, fr=0.047
p:1.382, 0.583, 0.25, fr=1.112
p:0.243, 0.286, -0.93
p:1.885, 0.429, -1.511
p:1.511, -0.975, 0.532
j:2, 3, stif=0.941
j:1, 3
j:6, 2, stif=0.838
j:4, 1, stif=0.81
j:5, 4, stif=0.985
j:0, 2
j:1, 5
n:j=1, d=|
n:p=2, d=Gpart:ry=-1.322
n:j=0, d=@
c:0, 1, 0.678
c:2, 1, -7.266
",0.002943956572501294,"//0
p:fr=0.472
p:0.919, 0.241, -0.291
p:1.493, -0.721, 0.349, fr=0.047
p:1.382, 0.583, 0.25, fr=1.112
p:0.243, 0.286, -0.93
p:1.885, 0.429, -1.511
p:1.511, -0.975, 0.532
j:2, 3, stif=0.941
j:1, 3
j:6, 2, stif=0.838
j:4, 1, stif=0.81
j:5, 4, stif=0.985
j:0, 2
j:1, 5
n:j=1, d=|
n:j=0, d=@
",1.6406055453035266e-07,feasible,20
36,0,37,"//0
p:fr=0.472
p:0.919, 0.241, -0.291
p:1.493, -0.721, 0.349, fr=0.047
p:1.382, 0.583, 0.25, fr=1.112
p:0.243, 0.286, -0.93
p:1.885, 0.429, -1.511
p:1.511, -0.975, 0.532
j:2, 3, stif=0.941
j:1, 3
j:6, 2, stif=0.838
j:4, 1, stif=0.81
j:5, 4, stif=0.985
j:0, 2
j:1, 5
n:j=1, d=|
n:p=2, d=Gpart:ry=-1.322
n:j=0, d=@
c:0, 1, 0.678
c:2, 1, -7.266
",0.002943956572501294,"//0
p:fr=0.472
p:0.919, 0.241, -0.291
p:1.493, -0.721, 0.349, fr=0.047
p:1.382, 0.583, 0.25, fr=1.112
p:0.243, 0.286, -0.93
p:1.885, 0.429, -1.511
p:1.511, -0.975, 0.532
j:2, 3, stif=0.941
j:1, 3
j:6, 2, stif=0.838
j:4, 1, stif=0.81
j:5, 4, stif=0.985
j:0, 2
j:1, 5
j:1, 6
n:j=1, d=|
n:p=2, d=Gpart:ry=-1.322
n:j=0, d=@
c:0, 1, 0.678
c:2, 1, -7.266
",2.785110799106108e-06,feasible,20
36,0,37,"//0
p:fr=0.472
p:0.919, 0.241, -0.291
p:1.493, -0.721, 0.349, fr=0.047
p:1.382, 0.583, 0.25, fr=1.112
p:0.243, 0.286, -0.93
p:1.885, 0.429, -1.511
p:1.511, -0.975, 0.532
j:2, 3, stif=0.941
j:1, 3
j:6, 2, stif=0.838
j:4, 1, stif=0.81
j:5, 4, stif=0.985
j:0, 2
j:1, 5
n:j=1, d=|
n:p=2, d=Gpart:ry=-1.322
n:j=0, d=@
c:0, 1, 0.678
c:2, 1, -7.266
",0.002943956572501294,"//0
p:fr=0.472
p:0.919, 0.241, -0.291
p:1.493, -0.721, 0.349, fr=0.047
p:1.382, 0.583, 0.25, fr=1.112
p:1.885, 0.429, -1.511
p:1.511, -0.975, 0.532
j:2, 3, stif=0.941
j:1, 3
j:5, 2, stif=0.838
j:0, 2
j:1, 4
n:j=1, d=|
n:p=2, d=Gpart:ry=-1.322
n:j=0, d=@
c:0, 1, 0.678
c:2, 1, -7.266
",0.00010459217820627626,feasible,20
36,0,37,"//0
p:fr=0.472
p:0.919, 0.241, -0.291
p:1.493, -0.721, 0.349, fr=0.047
p:1.382, 0.583, 0.25, fr=1.112
p:0.243, 0.286, -0.93
p:1.885, 0.429, -1.511
p:1.511, -0.975, 0.532
j:2, 3, stif=0.941
j:1, 3
j:6, 2, stif=0.838
j:4, 1, stif=0.81
j:5, 4, stif=0.985
j:0, 2
j:1, 5
n:j=1, d=|
n:p=2, d=Gpart:ry=-1.322
n:j=0, d=@
c:0, 1, 0.678
c:2, 1, -7.266
",0.002943956572501294,"//0
p:fr=0.472
p:0.919, 0.241, -0.291
p:1.493, -0.721, 0.349, fr=0.047
p:1.382, 0.583, 0.25, fr=1.112
p:0.243, 0.286, -0.93, fr=0.618
p:1.885, 0.429, -1.511
p:1.511, -0.975, 0.532
j:2, 3, stif=0.941
j:1, 3
j:6, 2, stif=0.838
j:4, 1, stif=0.81
j:5, 4, stif=0.985
j:0, 2
j:1, 5
n:j=1, d=|
n:p=2, d=Gpart:ry=-1.322
n:j=0, d=@
c:0, 1, 0.678
c:2, 1, -7.266
",0.0028714034327268112,feasible,20
36,0,37,"//0
p:fr=0.472
p:0.919, 0.241, -0.291
p:1.493, -0.721, 0.349, fr=0.047
p:1.382, 0.583, 0.25, fr=1.112
p:0.243, 0.286, -0.93
p:1.885, 0.429, -1.511
p:1.511, -0.975, 0.532
j:2, 3, stif=0.941
j:1, 3
j:6, 2, stif=0.838
j:4, 1, stif=0.81
j:5, 4, stif=0.985
j:0, 2
j:1, 5
n:j=1, d=|
n:p=2, d=Gpart:ry=-1.322
n:j=0, d=@
c:0, 1, 0.678
c:2, 1, -7.266
",0.002943956572501294,"//0
p:fr=0.472
p:0.919, 0.241, -0.291
p:1.493, -0.721, 0.349, fr=0.047
p:1.382, 0.583, 0.25, fr=1.112
p:0.243, 0.286, -0.93
p:1.885, 0.429, -1.511
p:1.511, -0.975, 0.532
j:2, 3, stif=0.941
j:1, 3
j:6, 2, stif=0.838
j:4, 1, stif=0.81
j:5, 4, stif=0.985
j:0, 2
j:1, 5
n:j=1, d=|
n:p=2, d=Gpart:ry=-1.322
n:j=0, d=@:p=0.872
c:0, 1, 0.678
c:2, 1, -7.266
",0.0026203581234618,feasible,20
36,0,38,"//0
p:fr=0.472
p:0.919, 0.241, -0.291
p:1.493, -0.721, 0.349, fr=0.047
p:1.382, 0.583, 0.25, fr=1.112
p:0.243, 0.286, -0.93
p:1.885, 0.429, -1.511
p:1.511, -0.975, 0.532
j:2, 3, stif=0.941
j:1, 3
j:6, 2, stif=0.838
j:4, 1, stif=0.81
j:5, 4, stif=0.985
j:0, 2
j:1, 5
n:j=1, d=|
n:p=2, d=Gpart:ry=-1.322
n:j=0, d=@
c:0, 1, -0.327
c:2, 1, -7.266
",0.0029468810171877397,"//0
p:fr=0.472
p:0.919, 0.241, -0.291
p:1.493, -0.721, 0.349, fr=0.047
p:1.382, 0.583, 0.25, fr=1.112
p:0.243, 0.286, -0.93
p:1.885, 0.429, -1.511
p:1.511, -0.975, 0.532
j:2, 3, stif=0.941
j:1, 3
j:6, 2, stif=0.838
j:4, 1, stif=0.81
j:5, 4, stif=0.985
j:0, 2
j:1, 5
n:j=1, d=|:r=0.968
n:p=2, d=Gpart:ry=-1.322
n:j=0, d=@
c:0, 1, -0.327
c:2, 1, -7.266
",0.0029468810171877397,feasible,21
36,0,38,"//0
p:fr=0.472
p:0.919, 0.241, -0.291
p:1.493, -0.721, 0.349, fr=0.047
p:1.382, 0.583, 0.25, fr=1.112
p:0.243, 0.286, -0.93
p:1.885, 0.429, -1.511
p:1.511, -0.975, 0.532
j:2, 3, stif=0.941
j:1, 3
j:6, 2, stif=0.838
j:4, 1, stif=0.81
j:5, 4, stif=0.985
j:0, 2
j:1, 5
n:j=1, d=|
n:p=2, d=Gpart:ry=-1.322
n:j=0, d=@
c:0, 1, -0.327
c:2, 1, -7.266
",0.0029468810171877397,"//0
p:fr=0.472
p:0.919, 0.241, -0.291
p:1.493, -0.721, 0.349, fr=0.047
p:1.382, 0.583, 0.25, fr=1.112
p:0.243, 0.286, -0.93
p:1.848, 0.36, -1.42
p:1.511, -0.975, 0.532
j:2, 3, stif=0.941
j:1, 3
j:6, 2, stif=0.838
j:4, 1, stif=0.81
j:5, 4, stif=0.985
j:0, 2
j:1, 5
n:j=1, d=|
n:p=2, d=Gpart:ry=-1.322
n:j=0, d=@
c:0, 1, -0.327
c:2, 1, -7.266
",0.002576092886714683,feasible,21
36,0,38,"//0
p:fr=0.472
p:0.919, 0.241, -0.291
p:1.493, -0.721, 0.349, fr=0.047
p:1.382, 0.583, 0.25, fr=1.112
p:0.243, 0.286, -0.93
p:1.885, 0.429, -1.511
p:1.511, -0.975, 0.532
j:2, 3, stif=0.941
j:1, 3
j:6, 2, stif=0.838
j:4, 1, stif=0.81
j:5, 4, stif=0.985
j:0, 2
j:1, 5
n:j=1, d=|
n:p=2, d=Gpart:ry=-1.322
n:j=0, d=@
c:0, 1, -0.327
c:2, 1, -7.266
",0.0029468810171877397,"//0
p:fr=0.472
p:0.919, 0.241, -0.291
p:1.493, -0.721, 0.349, fr=0.047
p:1.382, 0.583, 0.25, fr=1.112
p:0.243, 0.286, -0.93
p:1.885, 0.429, -1.511
p:1.511, -0.975, 0.532, fr=0.06
j:2, 3, stif=0.941
j:1, 3
j:6, 2, stif=0.838
j:4, 1, stif=0.81
j:5, 4, stif=0.985
j:0, 2
j:1, 5
n:j=1, d=|
n:p=2, d=Gpart:ry=-1.322
n:j=0, d=@
c:0, 1, -0.327
c:2, 1, -7.266
",0.002909433183428434,feasible,21
36,0,38,"//0
p:fr=0.472
p:0.919, 0.241, -0.291
p:1.493, -0.721, 0.349, fr=0.047
p:1.382, 0.583, 0.25, fr=1.112
p:0.243, 0.286, -0.93
p:1.885, 0.429, -1.511
p:1.511, -0.975, 0.532
j:2, 3, stif=0.941
j:1, 3
j:6, 2, stif=0.838
j:4, 1, stif=0.81
j:5, 4, stif=0.985
j:0, 2
j:1, 5
n:j=1, d=|
n:p=2, d=Gpart:ry=-1.322
n:j=0, d=@
c:0, 1, -0.327
c:2, 1, -7.266
",0.0029468810171877397,"//0
p:fr=0.472
p:0.919, 0.241, -0.291
p:1.493, -0.721, 0.349, fr=0.047
p:1.382, 0.583, 0.25, fr=1.112
p:0.243, 0.286, -0.93
p:1.885, 0.429, -1.511
p:1.511, -0.975, 0.532
j:2, 3, stif=0.941
j:1, 3
j:6, 2, stif=0.838
j:4, 1, stif=0.81
j:5, 4, stif=0.985
j:0, 2
j:1, 5
n:j=1, d=|
n:p=2, d=Gpart:ry=-1.322
c:0, 1, -0.327
",6.042283129840305e-06,feasible,21
36,0,38,"//0
p:fr=0.472
p:0.919, 0.241, -0.291
p:1.493, -0.721, 0.349, fr=0.047
p:1.382, 0.583, 0.25, fr=1.112
p:0.243, 0.286, -0.93
p:1.885, 0.429, -1.511
p:1.511, -0.975, 0.532
j:2, 3, stif=0.941
j:1, 3
j:6, 2, stif=0.838
j:4, 1, stif=0.81
j:5, 4, stif=0.985
j:0, 2
j:1, 5
n:j=1, d=|
n:p=2, d=Gpart:ry=-1.322
n:j=0, d=@
c:0, 1, -0.327
c:2, 1, -7.266
",0.0029468810171877397,"//0
p:fr=0.472
p:0.919, 0.241, -0.291
p:1.493, -0.721, 0.349, fr=0.047
p:1.382, 0.583, 0.25, fr=1.112
p:0.243, 0.286, -0.93
p:1.885, 0.429, -1.511
p:1.511, -0.975, 0.532
j:2, 3, stif=0.941
j:1, 3
j:6, 2, stif=0.838
j:4, 1, stif=0.81, rotstif=0.925
j:5, 4, stif=0.985
j:0, 2
j:1, 5
n:j=1, d=|
n:p=2, d=Gpart:ry=-1.322
n:j=0, d=@
c:0, 1, -0.327
c:2, 1, -7.266
",0.0029468810171877397,feasible,21
36,0,38,"//0
p:fr=0.472
p:0.919, 0.241, -0.291
p:1.493, -0.721, 0.349, fr=0.047
p:1.382, 0.583, 0.25, fr=1.112
p:0.243, 0.286, -0.93
p:1.885, 0.429, -1.511
p:1.511, -0.975, 0.532
j:2, 3, stif=0.941
j:1, 3
j:6, 2, stif=0.838
j:4, 1, stif=0.81
j:5, 4, stif=0.985
j:0, 2
j:1, 5
n:j=1, d=|
n:p=2, d=Gpart:ry=-1.322
n:j=0, d=@
c:0, 1, -0.327
c:2, 1, -7.266
",0.0029468810171877397,"//0
p:fr=0.472
p:0.919, 0.241, -0.291
p:1.493, -0.721, 0.349, fr=0.047
p:1.382, 0.583, 0.25, fr=1.112
p:0.243, 0.286, -0.93
p:1.885, 0.429, -1.511
p:1.511, -0.975, 0.532
j:2, 3, stif=0.941
j:1, 3, stif=0.611
j:6, 2, stif=0.838
j:4, 1, stif=0.81
j:5, 4, stif=0.985
j:0, 2
j:1, 5
n:j=1, d=|
n:p=2, d=Gpart:ry=-1.322
n:j=0, d=@
c:0, 1, -0.327
c:2, 1, -7.266
",0.0013555531106100055,feasible,21
36,0,38,"//0
p:fr=0.472
p:0.919, 0.241, -0.291
p:1.493, -0.721, 0.349, fr=0.047
p:1.382, 0.583, 0.25, fr=1.112
p:0.243, 0.286, -0.93
p:1.885, 0.429, -1.511
p:1.511, -0.975, 0.532
j:2, 3, stif=0.941
j:1, 3
j:6, 2, stif=0.838
j:4, 1, stif=0.81
j:5, 4, stif=0.985
j:0, 2
j:1, 5
n:j=1, d=|
n:p=2, d=Gpart:ry=-1.322
n:j=0, d=@
c:0, 1, -0.327
c:2, 1, -7.266
",0.0029468810171877397,"//0
p:fr=0.472
p:0.919, 0.241, -0.291
p:1.493, -0.721, 0.349, fr=0.111
p:1.382, 0.583, 0.25, fr=1.112
p:0.243, 0.286, -0.93
p:1.885, 0.429, -1.511
p:1.511, -0.975, 0.532
j:2, 3, stif=0.941
j:1, 3
j:6, 2, stif=0.838
j:4, 1, stif=0.81
j:5, 4, stif=0.985
j:0, 2
j:1, 5
n:j=1, d=|
n:p=2, d=Gpart:ry=-1.322
n:j=0, d=@
c:0, 1, -0.327
c:2, 1, -7.266
",0.002518788932602507,feasible,21
36,0,38,"//0
p:fr=0.472
p:0.919, 0.241, -0.291
p:1.493, -0.721, 0.349, fr=0.047
p:1.382, 0.583, 0.25, fr=1.112
p:0.243, 0.286, -0.93
p:1.885, 0.429, -1.511
p:1.511, -0.975, 0.532
j:2, 3, stif=0.941
j:1, 3
j:6, 2, stif=0.838
j:4, 1, stif=0.81
j:5, 4, stif=0.985
j:0, 2
j:1, 5
n:j=1, d=|
n:p=2, d=Gpart:ry=-1.322
n:j=0, d=@
c:0, 1, -0.327
c:2, 1, -7.266
",0.0029468810171877397,"//0
p:fr=0.472
p:0.919, 0.241, -0.291
p:1.493, -0.721, 0.349, fr=0.047
p:1.382, 0.583, 0.25, fr=1.112
p:0.243, 0.286, -0.93
p:1.885, 0.429, -1.511
p:1.511, -0.975, 0.532
j:2, 3, stif=0.941
j:1, 3
j:6, 2, stif=0.838
j:4, 1, stif=0.81
j:5, 4, stif=0.985
j:0, 2
j:1, 5
n:j=1, d=|
n:p=2, d=Gpart:ry=-1.322
n:j=0, d=@
c:0, 1, -0.327
",5.743434641682866e-06,feasible,21
36,0,38,"//0
p:fr=0.472
p:0.919, 0.241, -0.291
p:1.493, -0.721, 0.349, fr=0.047
p:1.382, 0.583, 0.25, fr=1.112
p:0.243, 0.286, -0.93
p:1.885, 0.429, -1.511
p:1.511, -0.975, 0.532
j:2, 3, stif=0.941
j:1, 3
j:6, 2, stif=0.838
j:4, 1, stif=0.81
j:5, 4, stif=0.985
j:0, 2
j:1, 5
n:j=1, d=|
n:p=2, d=Gpart:ry=-1.322
n:j=0, d=@
c:0, 1, -0.327
c:2, 1, -7.266
",0.0029468810171877397,"//0
p:fr=0.472
p:0.919, 0.241, -0.291
p:1.493, -0.721, 0.349, fr=0.047
p:1.382, 0.583, 0.25, fr=1.112
p:0.243, 0.286, -0.93
p:1.885, 0.429, -1.511
p:1.511, -0.975, 0.532
j:2, 3, stif=0.941
j:1, 3
j:6, 2, stif=0.905
j:4, 1, stif=0.81
j:5, 4, stif=0.985
j:0, 2
j:1, 5
n:j=1, d=|
n:p=2, d=Gpart:ry=-1.322
n:j=0, d=@
c:0, 1, -0.327
c:2, 1, -7.266
",0.0029215255455543963,feasible,21
36,0,38,"//0
p:fr=0.472
p:0.919, 0.241, -0.291
p:1.493, -0.721, 0.349, fr=0.047
p:1.382, 0.583, 0.25, fr=1.112
p:0.243, 0.286, -0.93
p:1.885, 0.429, -1.511
p:1.511, -0.975, 0.532
j:2, 3, stif=0.941
j:1, 3
j:6, 2, stif=0.838
j:4, 1, stif=0.81
j:5, 4, stif=0.985
j:0, 2
j:1, 5
n:j=1, d=|
n:p=2, d=Gpart:ry=-1.322
n:j=0, d=@
c:0, 1, -0.327
c:2, 1, -7.266
",0.0029468810171877397,"//0
p:fr=0.472
p:0.919, 0.241, -0.291
p:1.493, -0.721, 0.349, fr=0.047
p:1.382, 0.583, 0.25, fr=1.112
p:0.243, 0.286, -0.93, fr=0.257
p:1.885, 0.429, -1.511
p:1.511, -0.975, 0.532
j:2, 3, stif=0.941
j:1, 3
j:6, 2, stif=0.838
j:4, 1, stif=0.81
j:5, 4, stif=0.985
j:0, 2
j:1, 5
n:j=1, d=|
n:p=2, d=Gpart:ry=-1.322
n:j=0, d=@
c:0, 1, -0.327
c:2, 1, -7.266
",0.002563768633292102,feasible,21
36,0,38,"//0
p:fr=0.472
p:0.919, 0.241, -0.291
p:1.493, -0.721, 0.349, fr=0.047
p:1.382, 0.583, 0.25, fr=1.112
p:0.243, 0.286, -0.93
p:1.885, 0.429, -1.511
p:1.511, -0.975, 0.532
j:2, 3, stif=0.941
j:1, 3
j:6, 2, stif=0.838
j:4, 1, stif=0.81
j:5, 4, stif=0.985
j:0, 2
j:1, 5
n:j=1, d=|
n:p=2, d=Gpart:ry=-1.322
n:j=0, d=@
c:0, 1, -0.327
c:2, 1, -7.266
",0.0029468810171877397,"//0
p:fr=0.472
p:0.919, 0.241, -0.291
p:1.493, -0.721, 0.349, fr=0.047
p:1.382, 0.583, 0.25, fr=1.112
p:0.243, 0.286, -0.93
p:1.885, 0.429, -1.511
p:1.511, -0.975, 0.532
j:2, 3, stif=0.941
j:5, 3
j:6, 2, stif=0.838
j:4, 5, stif=0.81
j:1, 4, stif=0.985
j:0, 2
j:5, 1
n:j=1, d=|
n:p=2, d=Gpart:ry=-1.322
n:j=0, d=@
c:0, 1, -0.327
c:2, 1, -7.266
",0.00034707942938112487,feasible,21
36,0,38,"//0
p:fr=0.472
p:0.919, 0.241, -0.291
p:1.493, -0.721, 0.349, fr=0.047
p:1.382, 0.583, 0.25, fr=1.112
p:0.243, 0.286, -0.93
p:1.885, 0.429, -1.511
p:1.511, -0.975, 0.532
j:2, 3, stif=0.941
j:1, 3
j:6, 2, stif=0.838
j:4, 1, stif=0.81
j:5, 4, stif=0.985
j:0, 2
j:1, 5
n:j=1, d=|
n:p=2, d=Gpart:ry=-1.322
n:j=0, d=@
c:0, 1, -0.327
c:2, 1, -7.266
",0.0029468810171877397,"//0
p:fr=0.472
p:0.919, 0.241, -0.291
p:1.493, -0.721, 0.349, fr=0.047
p:1.382, 0.583, 0.25, fr=1.112
p:0.243, 0.286, -0.93
p:1.885, 0.429, -1.511
p:1.511, -0.975, 0.532
j:2, 3, stif=0.941
j:1, 3
j:6, 2, stif=0.838
j:4, 1, stif=0.81, rotstif=0.953
j:5, 4, stif=0.985
j:0, 2
j:1, 5
n:j=1, d=|
n:p=2, d=Gpart:ry=-1.322
n:j=0, d=@
c:0, 1, -0.327
c:2, 1, -7.266
",0.0029468810171877397,feasible,21
36,0,38,"//0
p:fr=0.472
p:0.919, 0.241, -0.291
p:1.493, -0.721, 0.349, fr=0.047
p:1.382, 0.583, 0.25, fr=1.112
p:0.243, 0.286, -0.93
p:1.885, 0.429, -1.511
p:1.511, -0.975, 0.532
j:2, 3, stif=0.941
j:1, 3
j:6, 2, stif=0.838
j:4, 1, stif=0.81
j:5, 4, stif=0.985
j:0, 2
j:1, 5
n:j=1, d=|
n:p=2, d=Gpart:ry=-1.322
n:j=0, d=@
c:0, 1, -0.327
c:2, 1, -7.266
",0.0029468810171877397,"//0
p:fr=0.472
p:0.919, 0.241, -0.291
p:1.493, -0.721, 0.349, fr=0.047
p:1.382, 0.583, 0.25, fr=1.112
p:0.243, 0.286, -0.93
p:1.885, 0.429, -1.511
p:1.511, -0.975, 0.532
j:2, 3, stif=0.941
j:1, 3
j:6, 2, stif=0.838
j:4, 1, stif=0.81
j:5, 4, stif=0.985
j:0, 2
j:1, 5
n:j=1, d=|
n:p=2, d=Gpart:ry=-1.322
n:j=0, d=@:p=0.928
c:0, 1, -0.327
c:2, 1, -7.266
",0.0027590994917459978,feasible,21
36,0,38,"//0
p:fr=0.472
p:0.919, 0.241, -0.291
p:1.493, -0.721, 0.349, fr=0.047
p:1.382, 0.583, 0.25, fr=1.112
p:0.243, 0.286, -0.93
p:1.885, 0.429, -1.511
p:1.511, -0.975, 0.532
j:2, 3, stif=0.941
j:1, 3
j:6, 2, stif=0.838
j:4, 1, stif=0.81
j:5, 4, stif=0.985
j:0, 2
j:1, 5
n:j=1, d=|
n:p=2, d=Gpart:ry=-1.322
n:j=0, d=@
c:0, 1, -0.327
c:2, 1, -7.266
",0.0029468810171877397,"//0
p:fr=0.472
p:0.919, 0.241, -0.291
p:1.493, -0.721, 0.349, fr=0.047
p:1.382, 0.583, 0.25, fr=1.112
p:0.243, 0.286, -0.93
p:1.885, 0.429, -1.511
p:1.511, -0.975, 0.532
j:2, 3, stif=0.941
j:1, 3
j:6, 2, stif=0.838
j:4, 1, stif=0.81, rotstif=0.795
j:5, 4, stif=0.985
j:0, 2
j:1, 5
n:j=1, d=|
n:p=2, d=Gpart:ry=-1.322
n:j=0, d=@
c:0, 1, -0.327
c:2, 1, -7.266
",0.0029468810171877397,feasible,21
36,0,38,"//0
p:fr=0.472
p:0.919, 0.241, -0.291
p:1.493, -0.721, 0.349, fr=0.047
p:1.382, 0.583, 0.25, fr=1.112
p:0.243, 0.286, -0.93
p:1.885, 0.429, -1.511
p:1.511, -0.975, 0.532
j:2, 3, stif=0.941
j:1, 3
j:6, 2, stif=0.838
j:4, 1, stif=0.81
j:5, 4, stif=0.985
j:0, 2
j:1, 5
n:j=1, d=|
n:p=2, d=Gpart:ry=-1.322
n:j=0, d=@
c:0, 1, -0.327
c:2, 1, -7.266
",0.0029468810171877397,"//0
p:fr=0.472
p:0.919, 0.241, -0.291
p:1.493, -0.721, 0.349, fr=0.047
p:1.382, 0.583, 0.25, fr=1.112
p:0.243, 0.286, -0.93
p:1.845854319323259, 0.31415935515752, -1.3252577396460758
p:1.511, -0.975, 0.532
j:2, 3, stif=0.941
j:1, 3
j:6, 2, stif=0.838
j:4, 1, stif=0.81
j:5, 4, stif=0.985
j:0, 2
j:1, 5
j:2, 5
n:j=1, d=|
n:p=2, d=Gpart:ry=-1.322
n:j=0, d=@
c:0, 1, -0.327
c:2, 1, -7.266
",2.95523259797633e-06,feasible,21
36,0,38,"//0
p:fr=0.472
p:0.919, 0.241, -0.291
p:1.493, -0.721, 0.349, fr=0.047
p:1.382, 0.583, 0.25, fr=1.112
p:0.243, 0.286, -0.93
p:1.885, 0.429, -1.511
p:1.511, -0.975, 0.532
j:2, 3, stif=0.941
j:1, 3
j:6, 2, stif=0.838
j:4, 1, stif=0.81
j:5, 4, stif=0.985
j:0, 2
j:1, 5
n:j=1, d=|
n:p=2, d=Gpart:ry=-1.322
n:j=0, d=@
c:0, 1, -0.327
c:2, 1, -7.266
",0.0029468810171877397,"//0
p:fr=0.472
p:0.919, 0.241, -0.291
p:1.493, -0.721, 0.349, fr=0.047
p:1.382, 0.583, 0.25, fr=1.112
p:0.243, 0.286, -0.93
p:1.885, 0.429, -1.511
p:1.511, -0.975, 0.532
j:2, 3, stif=0.941
j:1, 3
j:6, 2, stif=0.838
j:4, 1, stif=0.81
j:5, 4, stif=0.985
j:0, 2
j:1, 5
n:j=1, d=|
n:p=2, d=Gpart:ry=-1.322
n:j=0, d=@:p=0.97
c:0, 1, -0.327
c:2, 1, -7.266
",0.002868243609602288,feasible,21
36,0,38,"//0
p:fr=0.472
p:0.919, 0.241, -0.291
p:1.493, -0.721, 0.349, fr=0.047
p:1.382, 0.583, 0.25, fr=1.112
p:0.243, 0.286, -0.93
p:1.885, 0.429, -1.511
p:1.511, -0.975, 0.532
j:2, 3, stif=0.941
j:1, 3
j:6, 2, stif=0.838
j:4, 1, stif=0.81
j:5, 4, stif=0.985
j:0, 2
j:1, 5
n:j=1, d=|
n:p=2, d=Gpart:ry=-1.322
n:j=0, d=@
c:0, 1, -0.327
c:2, 1, -7.266
",0.0029468810171877397,"//0
p:fr=0.472
p:0.919, 0.241, -0.291
p:1.493, -0.721, 0.349, fr=0.047
p:1.382, 0.583, 0.25, fr=1.112
p:0.243, 0.286, -0.93
p:1.885, 0.429, -1.511
p:1.511, -0.975, 0.532
j:2, 3, stif=0.941
j:1, 3
j:6, 2, stif=0.838
j:4, 1, stif=0.81
j:5, 4, stif=0.985
j:0, 2
j:1, 5
n:j=1, d=|
n:p=2, d=Gpart:ry=-1.322
n:j=0, d=@
c:2, 1, -7.266
",0.002888428051996478,feasible,21
36,0,38,"//0
p:fr=0.472
p:0.919, 0.241, -0.291
p:1.493, -0.721, 0.349, fr=0.047
p:1.382, 0.583, 0.25, fr=1.112
p:0.243, 0.286, -0.93
p:1.885, 0.429, -1.511
p:1.511, -0.975, 0.532
j:2, 3, stif=0.941
j:1, 3
j:6, 2, stif=0.838
j:4, 1, stif=0.81
j:5, 4, stif=0.985
j:0, 2
j:1, 5
n:j=1, d=|
n:p=2, d=Gpart:ry=-1.322
n:j=0, d=@
c:0, 1, -0.327
c:2, 1, -7.266
",0.0029468810171877397,"//0
p:fr=0.472
p:0.919, 0.241, -0.291
p:1.493, -0.721, 0.349, fr=0.36
p:1.382, 0.583, 0.25, fr=1.112
p:0.243, 0.286, -0.93
p:1.885, 0.429, -1.511
p:1.511, -0.975, 0.532
j:2, 3, stif=0.941
j:1, 3
j:6, 2, stif=0.838
j:4, 1, stif=0.81
j:5, 4, stif=0.985
j:0, 2
j:1, 5
n:j=1, d=|
n:p=2, d=Gpart:ry=-1.322
n:j=0, d=@
c:0, 1, -0.327
c:2, 1, -7.266
",0.0006003342563092643,feasible,21
36,0,38,"//0
p:fr=0.472
p:0.919, 0.241, -0.291
p:1.493, -0.721, 0.349, fr=0.047
p:1.382, 0.583, 0.25, fr=1.112
p:0.243, 0.286, -0.93
p:1.885, 0.429, -1.511
p:1.511, -0.975, 0.532
j:2, 3, stif=0.941
j:1, 3
j:6, 2, stif=0.838
j:4, 1, stif=0.81
j:5, 4, stif=0.985
j:0, 2
j:1, 5
n:j=1, d=|
n:p=2, d=Gpart:ry=-1.322
n:j=0, d=@
c:0, 1, -0.327
c:2, 1, -7.266
",0.0029468810171877397,"//0
p:fr=0.472
p:0.919, 0.241, -0.291
p:1.493, -0.721, 0.349, fr=0.047
p:1.382, 0.583, 0.25, fr=1.112
p:0.243, 0.286, -0.93
p:1.885, 0.429, -1.511
p:1.5866626940086332, -0.690961437464916, 0.11868747631112808
j:2, 3, stif=0.941
j:1, 3
j:6, 2, stif=0.838
j:4, 1, stif=0.81
j:5, 4, stif=0.985
j:0, 2
j:1, 5
j:5, 6
n:j=1, d=|
n:p=2, d=Gpart:ry=-1.322
n:j=0, d=@
c:0, 1, -0.327
c:2, 1, -7.266
",3.2991858856876324e-06,feasible,21
36,0,38,"//0
p:fr=0.472
p:0.919, 0.241, -0.291
p:1.493, -0.721, 0.349, fr=0.047
p:1.382, 0.583, 0.25, fr=1.112
p:0.243, 0.286, -0.93
p:1.885, 0.429, -1.511
p:1.511, -0.975, 0.532
j:2, 3, stif=0.941
j:1, 3
j:6, 2, stif=0.838
j:4, 1, stif=0.81
j:5, 4, stif=0.985
j:0, 2
j:1, 5
n:j=1, d=|
n:p=2, d=Gpart:ry=-1.322
n:j=0, d=@
c:0, 1, -0.327
c:2, 1, -7.266
",0.0029468810171877397,"//0
p:fr=0.472
p:0.919, 0.241, -0.291
p:1.493, -0.721, 0.349, fr=0.047
p:1.382, 0.583, 0.25, fr=1.112
p:0.243, 0.286, -0.93
p:1.885, 0.429, -1.511
p:1.511, -0.975, 0.532
j:2, 3, stif=0.941
j:1, 3
j:6, 2, stif=0.838
j:4, 1, stif=0.81
j:5, 4, stif=0.985
j:0, 2
j:1, 5
n:j=1, d=|
n:p=2, d=Gpart:ry=-1.322
n:j=0, d=@
n:j=6, d=|
c:0, 1, -0.327
c:2, 1, -7.266
c:3, 1, 0.389
",0.0025891820343318783,feasible,21
36,0,39,"//0
p:fr=0.472
p:0.919, 0.241, -0.291
p:1.493, -0.721, 0.349, fr=0.047
p:1.382, 0.583, 0.25, fr=1.112
p:0.228, 0.237, -1.008
p:1.885, 0.429, -1.511
p:1.511, -0.975, 0.532
j:2, 3, stif=0.941
j:1, 3
j:6, 2, stif=0.838
j:4, 1, stif=0.81
j:5, 4, stif=0.985
j:0, 2
j:1, 5
n:j=1, d=|
n:p=2, d=Gpart:ry=-1.322
n:j=0, d=@
c:0, 1, -0.327
c:2, 1, -7.266
",0.002995639502297513,"//0
p:fr=0.472
p:0.919, 0.241, -0.291
p:1.493, -0.721, 0.349, fr=0.047
p:1.382, 0.583, 0.25, fr=1.112
p:0.228, 0.237, -1.008
p:1.885, 0.429, -1.511
p:1.511, -0.975, 0.532
j:2, 3, stif=0.941
j:1, 3
j:6, 2, stif=0.838
j:4, 1, stif=0.81
j:5, 4, stif=0.985
j:0, 2
j:1, 5
n:j=1, d=|
n:p=2, d=Gpart:ry=-1.322
n:j=0, d=@:p=0.992
c:0, 1, -0.327
c:2, 1, -7.266
",0.002983411363645608,feasible,20
36,0,39,"//0
p:fr=0.472
p:0.919, 0.241, -0.291
p:1.493, -0.721, 0.349, fr=0.047
p:1.382, 0.583, 0.25, fr=1.112
p:0.228, 0.237, -1.008
p:1.885, 0.429, -1.511
p:1.511, -0.975, 0.532
j:2, 3, stif=0.941
j:1, 3
j:6, 2, stif=0.838
j:4, 1, stif=0.81
j:5, 4, stif=0.985
j:0, 2
j:1, 5
n:j=1, d=|
n:p=2, d=Gpart:ry=-1.322
n:j=0, d=@
c:0, 1, -0.327
c:2, 1, -7.266
",0.002995639502297513,"//0
p:0.3486657450124404, 0.07935151438214161, -0.2794875017049323, fr=0.472
p:0.919, 0.241, -0.291
p:1.493, -0.721, 0.349, fr=0.047
p:1.382, 0.583, 0.25, fr=1.112
p:0.228, 0.237, -1.008
p:1.885, 0.429, -1.511
p:1.511, -0.975, 0.532
j:2, 3, stif=0.941
j:1, 3
j:6, 2, stif=0.838
j:4, 1, stif=0.81
j:5, 4, stif=0.985
j:0, 2
j:1, 5
j:0, 5
n:j=1, d=|
n:p=2, d=Gpart:ry=-1.322
n:j=0, d=@
c:0, 1, -0.327
c:2, 1, -7.266
",2.240057405348144e-06,feasible,20
36,0,39,"//0
p:fr=0.472
p:0.919, 0.241, -0.291
p:1.493, -0.721, 0.349, fr=0.047
p:1.382, 0.583, 0.25, fr=1.112
p:0.228, 0.237, -1.008
p:1.885, 0.429, -1.511
p:1.511, -0.975, 0.532
j:2, 3, stif=0.941
j:1, 3
j:6, 2, stif=0.838
j:4, 1, stif=0.81
j:5, 4, stif=0.985
j:0, 2
j:1, 5
n:j=1, d=|
n:p=2, d=Gpart:ry=-1.322
n:j=0, d=@
c:0, 1, -0.327
c:2, 1, -7.266
",0.002995639502297513,"//0
p:fr=0.472
p:0.919, 0.241, -0.291
p:1.493, -0.721, 0.349, fr=0.047
p:1.488, 0.507, 0.258, fr=1.112
p:0.228, 0.237, -1.008
p:1.885, 0.429, -1.511
p:1.511, -0.975, 0.532
j:2, 3, stif=0.941
j:1, 3
j:6, 2, stif=0.838
j:4, 1, stif=0.81
j:5, 4, stif=0.985
j:0, 2
j:1, 5
n:j=1, d=|
n:p=2, d=Gpart:ry=-1.322
n:j=0, d=@
c:0, 1, -0.327
c:2, 1, -7.266
",0.0031203559127658373,feasible,20
36,0,39,"//0
p:fr=0.472
p:0.919, 0.241, -0.291
p:1.493, -0.721, 0.349, fr=0.047
p:1.382, 0.583, 0.25, fr=1.112
p:0.228, 0.237, -1.008
p:1.885, 0.429, -1.511
p:1.511, -0.975, 0.532
j:2, 3, stif=0.941
j:1, 3
j:6, 2, stif=0.838
j:4, 1, stif=0.81
j:5, 4, stif=0.985
j:0, 2
j:1, 5
n:j=1, d=|
n:p=2, d=Gpart:ry=-1.322
n:j=0, d=@
c:0, 1, -0.327
c:2, 1, -7.266
",0.002995639502297513,"//0
p:fr=0.472
p:0.919, 0.241, -0.291
p:1.493, -0.721, 0.349, fr=0.047
p:1.382, 0.583, 0.25, fr=0.946
p:0.228, 0.237, -1.008
p:1.885, 0.429, -1.511
p:1.511, -0.975, 0.532
j:2, 3, stif=0.941
j:1, 3
j:6, 2, stif=0.838
j:4, 1, stif=0.81
j:5, 4, stif=0.985
j:0, 2
j:1, 5
n:j=1, d=|
n:p=2, d=Gpart:ry=-1.322
n:j=0, d=@
c:0, 1, -0.327
c:2, 1, -7.266
",0.002995639502297513,feasible,20
36,0,39,"//0
p:fr=0.472
p:0.919, 0.241, -0.291
p:1.493, -0.721, 0.349, fr=0.047
p:1.382, 0.583, 0.25, fr=1.112
p:0.228, 0.237, -1.008
p:1.885, 0.429, -1.511
p:1.511, -0.975, 0.532
j:2, 3, stif=0.941
j:1, 3
j:6, 2, stif=0.838
j:4, 1, stif=0.81
j:5, 4, stif=0.985
j:0, 2
j:1, 5
n:j=1, d=|
n:p=2, d=Gpart:ry=-1.322
n:j=0, d=@
c:0, 1, -0.327
c:2, 1, -7.266
",0.002995639502297513,"//0
p:fr=0.472
p:0.919, 0.241, -0.291
p:1.493, -0.721, 0.349, fr=0.047
p:1.382, 0.583, 0.25, fr=1.112
p:0.228, 0.237, -1.008
p:1.885, 0.429, -1.511
p:1.511, -0.975, 0.532
j:2, 3, stif=0.941
j:1, 3
j:6, 2, stif=0.838
j:4, 1, stif=0.807
j:5, 4, stif=0.985
j:0, 2
j:1, 5
n:j=1, d=|
n:p=2, d=Gpart:ry=-1.322
n:j=0, d=@
c:0, 1, -0.327
c:2, 1, -7.266
",0.002973435549924052,feasible,20
36,0,39,"//0
p:fr=0.472
p:0.919, 0.241, -0.291
p:1.493, -0.721, 0.349, fr=0.047
p:1.382, 0.583, 0.25, fr=1.112
p:0.228, 0.237, -1.008
p:1.885, 0.429, -1.511
p:1.511, -0.975, 0.532
j:2, 3, stif=0.941
j:1, 3
j:6, 2, stif=0.838
j:4, 1, stif=0.81
j:5, 4, stif=0.985
j:0, 2
j:1, 5
n:j=1, d=|
n:p=2, d=Gpart:ry=-1.322
n:j=0, d=@
c:0, 1, -0.327
c:2, 1, -7.266
",0.002995639502297513,"//0
p:fr=0.472
p:0.919, 0.241, -0.291
p:1.493, -0.721, 0.349, fr=0.047
p:1.382, 0.583, 0.25, fr=1.112
p:0.228, 0.237, -1.008
p:1.885, 0.429, -1.511
p:1.511, -0.975, 0.532
j:2, 3, stif=0.941
j:1, 3
j:6, 2, stif=0.838
j:4, 1, stif=0.81
j:5, 4, stif=0.985
j:0, 2
j:1, 5
n:j=1, d=|
n:p=2, d=Gpart:ry=0.933
n:j=0, d=@
c:0, 1, -0.327
c:2, 1, -7.266
",0.00027810840271273875,feasible,20
36,0,39,"//0
p:fr=0.472
p:0.919, 0.241, -0.291
p:1.493, -0.721, 0.349, fr=0.047
p:1.382, 0.583, 0.25, fr=1.112
p:0.228, 0.237, -1.008
p:1.885, 0.429, -1.511
p:1.511, -0.975, 0.532
j:2, 3, stif=0.941
j:1, 3
j:6, 2, stif=0.838
j:4, 1, stif=0.81
j:5, 4, stif=0.985
j:0, 2
j:1, 5
n:j=1, d=|
n:p=2, d=Gpart:ry=-1.322
n:j=0, d=@
c:0, 1, -0.327
c:2, 1, -7.266
",0.002995639502297513,"//0
p:fr=0.472
p:0.919, 0.241, -0.291
p:1.493, -0.721, 0.349, fr=0.188
p:1.382, 0.583, 0.25, fr=1.112
p:0.228, 0.237, -1.008
p:1.885, 0.429, -1.511
p:1.511, -0.975, 0.532
j:2, 3, stif=0.941
j:1, 3
j:6, 2, stif=0.838
j:4, 1, stif=0.81
j:5, 4, stif=0.985
j:0, 2
j:1, 5
n:j=1, d=|
n:p=2, d=Gpart:ry=-1.322
n:j=0, d=@
c:0, 1, -0.327
c:2, 1, -7.266
",0.0019119532407237396,feasible,20
36,0,39,"//0
p:fr=0.472
p:0.919, 0.241, -0.291
p:1.493, -0.721, 0.349, fr=0.047
p:1.382, 0.583, 0.25, fr=1.112
p:0.228, 0.237, -1.008
p:1.885, 0.429, -1.511
p:1.511, -0.975, 0.532
j:2, 3, stif=0.941
j:1, 3
j:6, 2, stif=0.838
j:4, 1, stif=0.81
j:5, 4, stif=0.985
j:0, 2
j:1, 5
n:j=1, d=|
n:p=2, d=Gpart:ry=-1.322
n:j=0, d=@
c:0, 1, -0.327
c:2, 1, -7.266
",0.002995639502297513,"//0
p:fr=0.472
p:0.919, 0.241, -0.291
p:1.493, -0.721, 0.349, fr=0.047
p:1.382, 0.583, 0.25, fr=1.112
p:0.228, 0.237, -1.008
p:1.885, 0.429, -1.511
p:1.511, -0.975, 0.532
j:2, 3, stif=0.941
j:1, 3
j:6, 2, stif=0.838
j:4, 1, stif=0.81
j:5, 4, stif=0.985
j:0, 2
j:1, 5
n:j=1, d=|
n:p=2, d=Gpart:ry=-1.322
n:j=0, d=@
n:j=2, d=|
c:0, 1, -0.327
c:2, 1, -7.266
c:3, 1, 2.085
",0.002427593192178913,feasible,20
36,0,39,"//0
p:fr=0.472
p:0.919, 0.241, -0.291
p:1.493, -0.721, 0.349, fr=0.047
p:1.382, 0.583, 0.25, fr=1.112
p:0.228, 0.237, -1.008
p:1.885, 0.429, -1.511
p:1.511, -0.975, 0.532
j:2, 3, stif=0.941
j:1, 3
j:6, 2, stif=0.838
j:4, 1, stif=0.81
j:5, 4, stif=0.985
j:0, 2
j:1, 5
n:j=1, d=|
n:p=2, d=Gpart:ry=-1.322
n:j=0, d=@
c:0, 1, -0.327
c:2, 1, -7.266
",0.002995639502297513,"//0
p:fr=0.472
p:0.919, 0.241, -0.291
p:1.493, -0.721, 0.349, fr=0.047
p:1.382, 0.583, 0.25, fr=1.112
p:0.2813928241771104, 0.19656496003029889, -0.9507240613372814
p:1.885, 0.429, -1.511
p:1.5866626940086332, -0.690961437464916, 0.11868747631112808
j:2, 3, stif=0.941
j:1, 3
j:4, 2, stif=0.838
j:6, 1, stif=0.81
j:5, 6, stif=0.985
j:0, 2
j:1, 5
n:j=1, d=|
n:p=2, d=Gpart:ry=-1.322
n:j=0, d=@
c:0, 1, -0.327
c:2, 1, -7.266
",8.509309509889904e-05,feasible,20
36,0,39,"//0
p:fr=0.472
p:0.919, 0.241, -0.291
p:1.493, -0.721, 0.349, fr=0.047
p:1.382, 0.583, 0.25, fr=1.112
p:0.228, 0.237, -1.008
p:1.885, 0.429, -1.511
p:1.511, -0.975, 0.532
j:2, 3, stif=0.941
j:1, 3
j:6, 2, stif=0.838
j:4, 1, stif=0.81
j:5, 4, stif=0.985
j:0, 2
j:1, 5
n:j=1, d=|
n:p=2, d=Gpart:ry=-1.322
n:j=0, d=@
c:0, 1, -0.327
c:2, 1, -7.266
",0.002995639502297513,"//0
p:fr=0.472
p:0.919, 0.241, -0.291
p:1.493, -0.721, 0.349, fr=0.047
p:1.382, 0.583, 0.25, fr=1.112
p:0.228, 0.237, -1.008
p:1.885, 0.429, -1.511
p:1.511, -0.975, 0.532
j:2, 3, stif=0.941
j:1, 3
j:6, 2, stif=0.838
j:4, 1, stif=0.81
j:5, 4, stif=0.985
j:0, 2
j:1, 5
n:j=1, d=|
n:p=2, d=Gpart:ry=-1.322
n:j=0, d=@
c:0, 1, -0.327
",7.6102030742854945e-06,feasible,20
36,0,39,"//0
p:fr=0.472
p:0.919, 0.241, -0.291
p:1.493, -0.721, 0.349, fr=0.047
p:1.382, 0.583, 0.25, fr=1.112
p:0.228, 0.237, -1.008
p:1.885, 0.429, -1.511
p:1.511, -0.975, 0.532
j:2, 3, stif=0.941
j:1, 3
j:6, 2, stif=0.838
j:4, 1, stif=0.81
j:5, 4, stif=0.985
j:0, 2
j:1, 5
n:j=1, d=|
n:p=2, d=Gpart:ry=-1.322
n:j=0, d=@
c:0, 1, -0.327
c:2, 1, -7.266
",0.002995639502297513,"//0
p:0.919, 0.241, -0.291
p:1.493, -0.721, 0.349, fr=0.047
p:1.382, 0.583, 0.25, fr=1.112
p:0.228, 0.237, -1.008
p:1.885, 0.429, -1.511
p:1.511, -0.975, 0.532
j:1, 2, stif=0.941
j:0, 2
j:5, 1, stif=0.838
j:3, 0, stif=0.81
j:4, 3, stif=0.985
j:0, 4
n:j=1, d=|
n:p=1, d=Gpart:ry=-1.322
n:j=0, d=@
c:0, 1, -0.327
c:2, 1, -7.266
",0.00021381561517432078,feasible,20
36,0,39,"//0
p:fr=0.472
p:0.919, 0.241, -0.291
p:1.493, -0.721, 0.349, fr=0.047
p:1.382, 0.583, 0.25, fr=1.112
p:0.228, 0.237, -1.008
p:1.885, 0.429, -1.511
p:1.511, -0.975, 0.532
j:2, 3, stif=0.941
j:1, 3
j:6, 2, stif=0.838
j:4, 1, stif=0.81
j:5, 4, stif=0.985
j:0, 2
j:1, 5
n:j=1, d=|
n:p=2, d=Gpart:ry=-1.322
n:j=0, d=@
c:0, 1, -0.327
c:2, 1, -7.266
",0.002995639502297513,"//0
p:fr=0.472
p:0.919, 0.241, -0.291
p:1.493, -0.721, 0.349, fr=0.047
p:1.382, 0.583, 0.25, fr=1.112
p:0.228, 0.237, -1.008
p:1.845854319323259, 0.31415935515752, -1.3252577396460758
p:1.511, -0.975, 0.532
j:2, 3, stif=0.941
j:1, 3
j:6, 2, stif=0.838
j:4, 1, stif=0.81
j:0, 4, stif=0.985
j:5, 2
j:1, 0
n:j=1, d=|
n:p=2, d=Gpart:ry=-1.322
n:j=0, d=@
c:0, 1, -0.327
c:2, 1, -7.266
",0.00013951336151392556,feasible,20
36,0,39,"//0
p:fr=0.472
p:0.919, 0.241, -0.291
p:1.493, -0.721, 0.349, fr=0.047
p:1.382, 0.583, 0.25, fr=1.112
p:0.228, 0.237, -1.008
p:1.885, 0.429, -1.511
p:1.511, -0.975, 0.532
j:2, 3, stif=0.941
j:1, 3
j:6, 2, stif=0.838
j:4, 1, stif=0.81
j:5, 4, stif=0.985
j:0, 2
j:1, 5
n:j=1, d=|
n:p=2, d=Gpart:ry=-1.322
n:j=0, d=@
c:0, 1, -0.327
c:2, 1, -7.266
",0.002995639502297513,"//0
p:fr=0.472
p:0.919, 0.241, -0.291
p:1.493, -0.721, 0.349, fr=0.047
p:1.382, 0.583, 0.25, fr=1.112
p:0.228, 0.237, -1.008
p:1.885, 0.429, -1.511
p:1.511, -0.975, 0.532
j:2, 3, stif=0.941
j:1, 3
j:6, 2, stif=0.838
j:4, 1, stif=0.81
j:5, 4, stif=0.985
j:0, 2
n:j=1, d=|
n:p=2, d=Gpart:ry=-1.322
n:j=0, d=@
c:0, 1, -0.327
c:2, 1, -7.266
",0.0005890366728955535,feasible,20
36,0,39,"//0
p:fr=0.472
p:0.919, 0.241, -0.291
p:1.493, -0.721, 0.349, fr=0.047
p:1.382, 0.583, 0.25, fr=1.112
p:0.228, 0.237, -1.008
p:1.885, 0.429, -1.511
p:1.511, -0.975, 0.532
j:2, 3, stif=0.941
j:1, 3
j:6, 2, stif=0.838
j:4, 1, stif=0.81
j:5, 4, stif=0.985
j:0, 2
j:1, 5
n:j=1, d=|
n:p=2, d=Gpart:ry=-1.322
n:j=0, d=@
c:0, 1, -0.327
c:2, 1, -7.266
",0.002995639502297513,"//0
p:fr=0.472, ing=0.142
p:0.919, 0.241, -0.291
p:1.493, -0.721, 0.349, fr=0.047
p:1.382, 0.583, 0.25, fr=1.112
p:0.228, 0.237, -1.008
p:1.885, 0.429, -1.511
p:1.511, -0.975, 0.532
j:2, 3, stif=0.941
j:1, 3
j:6, 2, stif=0.838
j:4, 1, stif=0.81
j:5, 4, stif=0.985
j:0, 2
j:1, 5
n:j=1, d=|
n:p=2, d=Gpart:ry=-1.322
n:j=0, d=@
c:0, 1, -0.327
c:2, 1, -7.266
",0.002995639502297513,feasible,20
36,0,39,"//0
p:fr=0.472
p:0.919, 0.241, -0.291
p:1.493, -0.721, 0.349, fr=0.047
p:1.382, 0.583, 0.25, fr=1.112
p:0.228, 0.237, -1.008
p:1.885, 0.429, -1.511
p:1.511, -0.975, 0.532
j:2, 3, stif=0.941
j:1, 3
j:6, 2, stif=0.838
j:4, 1, stif=0.81
j:5, 4, stif=0.985
j:0, 2
j:1, 5
n:j=1, d=|
n:p=2, d=Gpart:ry=-1.322
n:j=0, d=@
c:0, 1, -0.327
c:2, 1, -7.266
",0.002995639502297513,"//0
p:fr=0.472
p:0.919, 0.241, -0.291
p:1.493, -0.721, 0.349, fr=0.047
p:1.382, 0.583, 0.25, fr=1.112
p:0.228, 0.237, -1.008
p:1.885, 0.429, -1.511
p:1.511, -0.975, 0.532
j:2, 3, stif=0.941
j:1, 3
j:6, 2, stif=0.838, rotstif=0.963
j:4, 1, stif=0.81
j:5, 4, stif=0.985
j:0, 2
j:1, 5
n:j=1, d=|
n:p=2, d=Gpart:ry=-1.322
n:j=0, d=@
c:0, 1, -0.327
c:2, 1, -7.266
",0.002995639502297513,feasible,20
36,0,39,"//0
p:fr=0.472
p:0.919, 0.241, -0.291
p:1.493, -0.721, 0.349, fr=0.047
p:1.382, 0.583, 0.25, fr=1.112
p:0.228, 0.237, -1.008
p:1.885, 0.429, -1.511
p:1.511, -0.975, 0.532
j:2, 3, stif=0.941
j:1, 3
j:6, 2, stif=0.838
j:4, 1, stif=0.81
j:5, 4, stif=0.985
j:0, 2
j:1, 5
n:j=1, d=|
n:p=2, d=Gpart:ry=-1.322
n:j=0, d=@
c:0, 1, -0.327
c:2, 1, -7.266
",0.002995639502297513,"//0
p:fr=0.472
p:0.919, 0.241, -0.291
p:1.493, -0.721, 0.349, fr=0.047
p:1.382, 0.583, 0.25, fr=1.112
p:0.228, 0.237, -1.008
p:1.885, 0.429, -1.511
p:1.511, -0.975, 0.532
j:2, 3, stif=0.941
j:1, 3
j:6, 2, stif=0.838
j:4, 1, stif=0.81
j:5, 4, stif=0.985
j:0, 2
j:1, 5
n:j=1, d=|
n:p=2, d=Gpart:ry=-1.322
n:j=0, d=@
c:2, 1, -7.266
",0.003046736187846677,feasible,20
36,0,39,"//0
p:fr=0.472
p:0.919, 0.241, -0.291
p:1.493, -0.721, 0.349, fr=0.047
p:1.382, 0.583, 0.25, fr=1.112
p:0.228, 0.237, -1.008
p:1.885, 0.429, -1.511
p:1.511, -0.975, 0.532
j:2, 3, stif=0.941
j:1, 3
j:6, 2, stif=0.838
j:4, 1, stif=0.81
j:5, 4, stif=0.985
j:0, 2
j:1, 5
n:j=1, d=|
n:p=2, d=Gpart:ry=-1.322
n:j=0, d=@
c:0, 1, -0.327
c:2, 1, -7.266
",0.002995639502297513,"//0
p:fr=0.472
p:0.919, 0.241, -0.291
p:1.493, -0.721, 0.349, fr=0.047
p:1.382, 0.583, 0.25, fr=1.112
p:0.228, 0.237, -1.008
p:1.885, 0.429, -1.511, ing=0.235
p:1.511, -0.975, 0.532
j:2, 3, stif=0.941
j:1, 3
j:6, 2, stif=0.838
j:4, 1, stif=0.81
j:5, 4, stif=0.985
j:0, 2
j:1, 5
n:j=1, d=|
n:p=2, d=Gpart:ry=-1.322
n:j=0, d=@
c:0, 1, -0.327
c:2, 1, -7.266
",0.002995639502297513,feasible,20
36,0,39,"//0
p:fr=0.472
p:0.919, 0.241, -0.291
p:1.493, -0.721, 0.349, fr=0.047
p:1.382, 0.583, 0.25, fr=1.112
p:0.228, 0.237, -1.008
p:1.885, 0.429, -1.511
p:1.511, -0.975, 0.532
j:2, 3, stif=0.941
j:1, 3
j:6, 2, stif=0.838
j:4, 1, stif=0.81
j:5, 4, stif=0.985
j:0, 2
j:1, 5
n:j=1, d=|
n:p=2, d=Gpart:ry=-1.322
n:j=0, d=@
c:0, 1, -0.327
c:2, 1, -7.266
",0.002995639502297513,"//0
p:fr=0.472
p:0.919, 0.241, -0.291
p:1.493, -0.721, 0.349, fr=0.247
p:1.382, 0.583, 0.25, fr=1.112
p:0.228, 0.237, -1.008
p:1.885, 0.429, -1.511
p:1.511, -0.975, 0.532
j:2, 3, stif=0.941
j:1, 3
j:6, 2, stif=0.838
j:4, 1, stif=0.81
j:5, 4, stif=0.985
j:0, 2
j:1, 5
n:j=1, d=|
n:p=2, d=Gpart:ry=-1.322
n:j=0, d=@
c:0, 1, -0.327
c:2, 1, -7.266
",0.00138390738746182,feasible,20
36,0,39,"//0
p:fr=0.472
p:0.919, 0.241, -0.291
p:1.493, -0.721, 0.349, fr=0.047
p:1.382, 0.583, 0.25, fr=1.112
p:0.228, 0.237, -1.008
p:1.885, 0.429, -1.511
p:1.511, -0.975, 0.532
j:2, 3, stif=0.941
j:1, 3
j:6, 2, stif=0.838
j:4, 1, stif=0.81
j:5, 4, stif=0.985
j:0, 2
j:1, 5
n:j=1, d=|
n:p=2, d=Gpart:ry=-1.322
n:j=0, d=@
c:0, 1, -0.327
c:2, 1, -7.266
",0.002995639502297513,"//0
p:fr=0.472
p:0.919, 0.241, -0.291
p:1.493, -0.721, 0.349, fr=0.047
p:1.382, 0.583, 0.25, fr=1.112
p:0.228, 0.237, -1.008
p:1.885, 0.429, -1.511
p:1.511, -0.975, 0.532
j:2, 3, stif=0.941
j:1, 3, stif=0.96
j:6, 2, stif=0.838
j:4, 1, stif=0.81
j:5, 4, stif=0.985
j:0, 2
j:1, 5
n:j=1, d=|
n:p=2, d=Gpart:ry=-1.322
n:j=0, d=@
c:0, 1, -0.327
c:2, 1, -7.266
",0.002971562098322344,feasible,20
36,0,39,"//0
p:fr=0.472
p:0.919, 0.241, -0.291
p:1.493, -0.721, 0.349, fr=0.047
p:1.382, 0.583, 0.25, fr=1.112
p:0.228, 0.237, -1.008
p:1.885, 0.429, -1.511
p:1.511, -0.975, 0.532
j:2, 3, stif=0.941
j:1, 3
j:6, 2, stif=0.838
j:4, 1, stif=0.81
j:5, 4, stif=0.985
j:0, 2
j:1, 5
n:j=1, d=|
n:p=2, d=Gpart:ry=-1.322
n:j=0, d=@
c:0, 1, -0.327
c:2, 1, -7.266
",0.002995639502297513,"//0
p:fr=0.472
p:0.919, 0.241, -0.291
p:1.493, -0.721, 0.349, fr=0.047
p:1.382, 0.583, 0.25, fr=1.112
p:0.228, 0.237, -1.008
p:1.885, 0.429, -1.511
p:1.511, -0.975, 0.532
j:2, 3, stif=0.941
j:1, 3
j:6, 2, stif=0.838
j:4, 1, stif=0.81
j:5, 4, stif=0.985, rotstif=0.927
j:0, 2
j:1, 5
n:j=1, d=|
n:p=2, d=Gpart:ry=-1.322
n:j=0, d=@
c:0, 1, -0.327
c:2, 1, -7.266
",0.002995639502297513,feasible,20
36,0,40,"//0
p:fr=0.472
p:0.919, 0.241, -0.291
p:1.493, -0.721, 0.349, fr=0.047
p:1.382, 0.583, 0.25, fr=1.112
p:0.228, 0.237, -1.008
p:1.885, 0.429, -1.511
p:1.511, -0.975, 0.532, fr=0.096
j:2, 3, stif=0.941
j:1, 3
j:6, 2, stif=0.838
j:4, 1, stif=0.81
j:5, 4, stif=0.985
j:0, 2
j:1, 5
n:j=1, d=|
n:p=2, d=Gpart:ry=-1.322
n:j=0, d=@
c:0, 1, -0.327
c:2, 1, -7.266
",0.0030481443417088895,"//0
p:fr=0.472
p:0.919, 0.241, -0.291
p:1.493, -0.721, 0.349, fr=0.047
p:1.382, 0.583, 0.25, fr=1.183
p:0.228, 0.237, -1.008
p:1.885, 0.429, -1.511
p:1.511, -0.975, 0.532, fr=0.096
j:2, 3, stif=0.941
j:1, 3
j:6, 2, stif=0.838
j:4, 1, stif=0.81
j:5, 4, stif=0.985
j:0, 2
j:1, 5
n:j=1, d=|
n:p=2, d=Gpart:ry=-1.322
n:j=0, d=@
c:0, 1, -0.327
c:2, 1, -7.266
",0.0030481443417088895,feasible,20
36,0,40,"//0
p:fr=0.472
p:0.919, 0.241, -0.291
p:1.493, -0.721, 0.349, fr=0.047
p:1.382, 0.583, 0.25, fr=1.112
p:0.228, 0.237, -1.008
p:1.885, 0.429, -1.511
p:1.511, -0.975, 0.532, fr=0.096
j:2, 3, stif=0.941
j:1, 3
j:6, 2, stif=0.838
j:4, 1, stif=0.81
j:5, 4, stif=0.985
j:0, 2
j:1, 5
n:j=1, d=|
n:p=2, d=Gpart:ry=-1.322
n:j=0, d=@
c:0, 1, -0.327
c:2, 1, -7.266
",0.0030481443417088895,"//0
p:fr=0.472
p:0.919, 0.241, -0.291
p:1.493, -0.721, 0.349, fr=0.047
p:1.382, 0.583, 0.25, fr=1.112
p:0.228, 0.237, -1.008
p:1.885, 0.429, -1.511
p:1.511, -0.975, 0.532, fr=0.096
j:2, 3, stif=0.941
j:1, 3
j:6, 2, stif=0.838
j:4, 1, stif=0.81
j:5, 4, stif=0.985
j:0, 2
j:1, 5
j:3, 0
n:j=1, d=|
n:p=2, d=Gpart:ry=-1.322
n:j=0, d=@
c:0, 1, -0.327
c:2, 1, -7.266
",3.607765505398258e-06,feasible,20
36,0,40,"//0
p:fr=0.472
p:0.919, 0.241, -0.291
p:1.493, -0.721, 0.349, fr=0.047
p:1.382, 0.583, 0.25, fr=1.112
p:0.228, 0.237, -1.008
p:1.885, 0.429, -1.511
p:1.511, -0.975, 0.532, fr=0.096
j:2, 3, stif=0.941
j:1, 3
j:6, 2, stif=0.838
j:4, 1, stif=0.81
j:5, 4, stif=0.985
j:0, 2
j:1, 5
n:j=1, d=|
n:p=2, d=Gpart:ry=-1.322
n:j=0, d=@
c:0, 1, -0.327
c:2, 1, -7.266
",0.0030481443417088895,"//0
p:fr=0.472
p:0.919, 0.241, -0.291
p:1.493, -0.721, 0.349, fr=0.047
p:1.382, 0.583, 0.25, fr=1.112
p:0.228, 0.237, -1.008
p:1.885, 0.429, -1.511
p:1.511, -0.975, 0.532, fr=0.096
j:2, 3, stif=0.941
j:1, 3
j:6, 2, stif=0.838
j:4, 1, stif=0.81
j:5, 4, stif=0.985
j:0, 2
j:1, 5
j:6, 3
n:j=1, d=|
n:p=2, d=Gpart:ry=-1.322
n:j=0, d=@
c:0, 1, -0.327
c:2, 1, -7.266
",4.371595827626401e-06,feasible,20
36,0,40,"//0
p:fr=0.472
p:0.919, 0.241, -0.291
p:1.493, -0.721, 0.349, fr=0.047
p:1.382, 0.583, 0.25, fr=1.112
p:0.228, 0.237, -1.008
p:1.885, 0.429, -1.511
p:1.511, -0.975, 0.532, fr=0.096
j:2, 3, stif=0.941
j:1, 3
j:6, 2, stif=0.838
j:4, 1, stif=0.81
j:5, 4, stif=0.985
j:0, 2
j:1, 5
n:j=1, d=|
n:p=2, d=Gpart:ry=-1.322
n:j=0, d=@
c:0, 1, -0.327
c:2, 1, -7.266
",0.0030481443417088895,"//0
p:fr=0.472
p:0.489, 0.797, -0.533
p:1.493, -0.721, 0.349, fr=0.047
p:1.382, 0.583, 0.25, fr=1.112
p:0.228, 0.237, -1.008
p:1.885, 0.429, -1.511
p:1.511, -0.975, 0.532, fr=0.096
j:2, 3, stif=0.941
j:1, 3
j:6, 2, stif=0.838
j:4, 1, stif=0.81
j:5, 4, stif=0.985
j:0, 2
j:1, 5
n:j=1, d=|
n:p=2, d=Gpart:ry=-1.322
n:j=0, d=@
c:0, 1, -0.327
c:2, 1, -7.266
",0.0012846312383183749,feasible,20
36,0,40,"//0
p:fr=0.472
p:0.919, 0.241, -0.291
p:1.493, -0.721, 0.349, fr=0.047
p:1.382, 0.583, 0.25, fr=1.112
p:0.228, 0.237, -1.008
p:1.885, 0.429, -1.511
p:1.511, -0.975, 0.532, fr=0.096
j:2, 3, stif=0.941
j:1, 3
j:6, 2, stif=0.838
j:4, 1, stif=0.81
j:5, 4, stif=0.985
j:0, 2
j:1, 5
n:j=1, d=|
n:p=2, d=Gpart:ry=-1.322
n:j=0, d=@
c:0, 1, -0.327
c:2, 1, -7.266
",0.0030481443417088895,"//0
p:fr=0.472
p:0.919, 0.241, -0.291
p:1.493, -0.721, 0.349, fr=0.047
p:1.382, 0.583, 0.25, fr=1.112
p:0.228, 0.237, -1.008
p:1.885, 0.429, -1.511
p:1.511, -0.975, 0.532, fr=0.096
j:2, 3, stif=0.941
j:1, 3
j:6, 2, stif=0.838
j:4, 1, stif=0.81
j:5, 4, stif=0.985
j:0, 2
j:1, 5
n:j=1, d=|:p=0.157
n:p=2, d=Gpart:ry=-1.322
n:j=0, d=@
c:0, 1, -0.327
c:2, 1, -7.266
",0.0030050075597916957,feasible,20
36,0,40,"//0
p:fr=0.472
p:0.919, 0.241, -0.291
p:1.493, -0.721, 0.349, fr=0.047
p:1.382, 0.583, 0.25, fr=1.112
p:0.228, 0.237, -1.008
p:1.885, 0.429, -1.511
p:1.511, -0.975, 0.532, fr=0.096
j:2, 3, stif=0.941
j:1, 3
j:6, 2, stif=0.838
j:4, 1, stif=0.81
j:5, 4, stif=0.985
j:0, 2
j:1, 5
n:j=1, d=|
n:p=2, d=Gpart:ry=-1.322
n:j=0, d=@
c:0, 1, -0.327
c:2, 1, -7.266
",0.0030481443417088895,"//0
p:fr=0.472
p:0.919, 0.241, -0.291
p:1.493, -0.721, 0.349, fr=0.047
p:1.382, 0.583, 0.25, fr=1.112
p:0.228, 0.237, -1.008
p:1.885, 0.429, -1.511
p:1.511, -0.975, 0.532, fr=0.096
p:0.824, z=-0.282
j:2, 3, stif=0.941
j:1, 3
j:6, 2, stif=0.838
j:4, 1, stif=0.81
j:5, 4, stif=0.985
j:0, 2
j:1, 5
j:7, 1
n:j=1, d=|
n:p=2, d=Gpart:ry=-1.322
n:j=0, d=@
c:0, 1, -0.327
c:2, 1, -7.266
",0.00041555043416893316,feasible,20
36,0,40,"//0
p:fr=0.472
p:0.919, 0.241, -0.291
p:1.493, -0.721, 0.349, fr=0.047
p:1.382, 0.583, 0.25, fr=1.112
p:0.228, 0.237, -1.008
p:1.885, 0.429, -1.511
p:1.511, -0.975, 0.532, fr=0.096
j:2, 3, stif=0.941
j:1, 3
j:6, 2, stif=0.838
j:4, 1, stif=0.81
j:5, 4, stif=0.985
j:0, 2
j:1, 5
n:j=1, d=|
n:p=2, d=Gpart:ry=-1.322
n:j=0, d=@
c:0, 1, -0.327
c:2, 1, -7.266
",0.0030481443417088895,"//0
p:fr=0.472
p:0.919, 0.241, -0.291
p:1.493, -0.721, 0.349, fr=0.047
p:1.382, 0.583, 0.25, fr=1.112
p:0.228, 0.237, -1.008
p:1.885, 0.429, -1.511
p:1.511, -0.975, 0.532, fr=0.096
j:2, 3, stif=0.941
j:1, 3
j:6, 2, stif=0.682
j:4, 1, stif=0.81
j:5, 4, stif=0.985
j:0, 2
j:1, 5
n:j=1, d=|
n:p=2, d=Gpart:ry=-1.322
n:j=0, d=@
c:0, 1, -0.327
c:2, 1, -7.266
",0.0027867054489170437,feasible,20
36,0,40,"//0
p:fr=0.472
p:0.919, 0.241, -0.291
p:1.493, -0.721, 0.349, fr=0.047
p:1.382, 0.583, 0.25, fr=1.112
p:0.228, 0.237, -1.008
p:1.885, 0.429, -1.511
p:1.511, -0.975, 0.532, fr=0.096
j:2, 3, stif=0.941
j:1, 3
j:6, 2, stif=0.838
j:4, 1, stif=0.81
j:5, 4, stif=0.985
j:0, 2
j:1, 5
n:j=1, d=|
n:p=2, d=Gpart:ry=-1.322
n:j=0, d=@
c:0, 1, -0.327
c:2, 1, -7.266
",0.0030481443417088895,"//0
p:fr=0.472
p:0.919, 0.241, -0.291
p:1.493, -0.721, 0.349, fr=0.047
p:1.382, 0.583, 0.25, fr=1.112
p:0.228, 0.237, -1.008
p:1.885, 0.429, -1.511
p:1.5866626940086332, -0.690961437464916, 0.11868747631112808, fr=0.096
j:2, 3, stif=0.941
j:1, 3
j:6, 2, stif=0.838
j:4, 1, stif=0.81
j:5, 4, stif=0.985
j:0, 2
j:1, 5
j:5, 6
n:j=1, d=|
n:p=2, d=Gpart:ry=-1.322
n:j=0, d=@
c:0, 1, -0.327
c:2, 1, -7.266
",1.1057794038906365e-06,feasible,20
36,0,40,"//0
p:fr=0.472
p:0.919, 0.241, -0.291
p:1.493, -0.721, 0.349, fr=0.047
p:1.382, 0.583, 0.25, fr=1.112
p:0.228, 0.237, -1.008
p:1.885, 0.429, -1.511
p:1.511, -0.975, 0.532, fr=0.096
j:2, 3, stif=0.941
j:1, 3
j:6, 2, stif=0.838
j:4, 1, stif=0.81
j:5, 4, stif=0.985
j:0, 2
j:1, 5
n:j=1, d=|
n:p=2, d=Gpart:ry=-1.322
n:j=0, d=@
c:0, 1, -0.327
c:2, 1, -7.266
",0.0030481443417088895,"//0
p:fr=0.472
p:0.919, 0.241, -0.291
p:1.493, -0.721, 0.349, fr=0.047
p:1.382, 0.583, 0.25, fr=1.112
p:0.228, 0.237, -1.008
p:1.885, 0.429, -1.511
p:1.511, -0.975, 0.532, fr=0.096
j:2, 3, stif=0.941
j:1, 3
j:6, 2, stif=0.838
j:4, 1, stif=0.81
j:5, 4, stif=0.985
j:0, 2, rotstif=0.953
j:1, 5
n:j=1, d=|
n:p=2, d=Gpart:ry=-1.322
n:j=0, d=@
c:0, 1, -0.327
c:2, 1, -7.266
",0.0030481443417088895,feasible,20
36,0,40,"//0
p:fr=0.472
p:0.919, 0.241, -0.291
p:1.493, -0.721, 0.349, fr=0.047
p:1.382, 0.583, 0.25, fr=1.112
p:0.228, 0.237, -1.008
p:1.885, 0.429, -1.511
p:1.511, -0.975, 0.532, fr=0.096
j:2, 3, stif=0.941
j:1, 3
j:6, 2, stif=0.838
j:4, 1, stif=0.81
j:5, 4, stif=0.985
j:0, 2
j:1, 5
n:j=1, d=|
n:p=2, d=Gpart:ry=-1.322
n:j=0, d=@
c:0, 1, -0.327
c:2, 1, -7.266
",0.0030481443417088895,"//0
p:fr=0.472
p:0.919, 0.241, -0.291
p:1.493, -0.721, 0.349, fr=0.047
p:1.382, 0.583, 0.25, fr=1.112
p:0.228, 0.237, -1.008
p:1.885, 0.429, -1.511
p:1.511, -0.975, 0.532, fr=0.096
j:2, 3, stif=0.941
j:1, 3
j:6, 2, stif=0.838
j:4, 1, stif=0.81
j:5, 4, stif=0.985
j:0, 2
j:1, 5
n:j=1, d=|
n:p=2, d=Gpart:ry=-1.322
n:j=0, d=@:p=0.963
c:0, 1, -0.327
c:2, 1, -7.266
",0.002963359039022056,feasible,20
36,0,40,"//0
p:fr=0.472
p:0.919, 0.241, -0.291
p:1.493, -0.721, 0.349, fr=0.047
p:1.382, 0.583, 0.25, fr=1.112
p:0.228, 0.237, -1.008
p:1.885, 0.429, -1.511
p:1.511, -0.975, 0.532, fr=0.096
j:2, 3, stif=0.941
j:1, 3
j:6, 2, stif=0.838
j:4, 1, stif=0.81
j:5, 4, stif=0.985
j:0, 2
j:1, 5
n:j=1, d=|
n:p=2, d=Gpart:ry=-1.322
n:j=0, d=@
c:0, 1, -0.327
c:2, 1, -7.266
",0.0030481443417088895,"//0
p:fr=0.472
p:0.919, 0.241, -0.291
p:1.493, -0.721, 0.349, fr=0.047
p:1.382, 0.583, 0.25, fr=1.112
p:0.228, 0.237, -1.008
p:1.885, 0.429, -1.511
p:1.511, -0.975, 0.532, fr=0.096
j:2, 3, stif=0.941
j:1, 3
j:6, 2, stif=0.838
j:4, 1, stif=0.81
j:5, 4, stif=0.985
j:0, 2
j:1, 5, stif=0.994
n:j=1, d=|
n:p=2, d=Gpart:ry=-1.322
n:j=0, d=@
c:0, 1, -0.327
c:2, 1, -7.266
",0.0029715251325853668,feasible,20
36,0,40,"//0
p:fr=0.472
p:0.919, 0.241, -0.291
p:1.493, -0.721, 0.349, fr=0.047
p:1.382, 0.583, 0.25, fr=1.112
p:0.228, 0.237, -1.008
p:1.885, 0.429, -1.511
p:1.511, -0.975, 0.532, fr=0.096
j:2, 3, stif=0.941
j:1, 3
j:6, 2, stif=0.838
j:4, 1, stif=0.81
j:5, 4, stif=0.985
j:0, 2
j:1, 5
n:j=1, d=|
n:p=2, d=Gpart:ry=-1.322
n:j=0, d=@
c:0, 1, -0.327
c:2, 1, -7.266
",0.0030481443417088895,"//0
p:fr=0.472
p:0.919, 0.241, -0.291
p:1.493, -0.721, 0.349, fr=0.047
p:1.382, 0.583, 0.25, fr=1.112
p:0.228, 0.237, -1.008
p:1.885, 0.429, -1.511
p:1.511, -0.975, 0.532, fr=0.096
j:2, 3, stif=0.941
j:1, 3
j:6, 2, stif=0.838
j:4, 1, stif=0.81
j:5, 4, stif=0.985
j:0, 2
j:1, 5
n:j=1, d=|
n:p=2, d=Gpart:ry=-1.322
n:j=0, d=@
c:0, 1, 1.881
c:2, 1, -7.266
",0.00033865118531168563,feasible,20
36,0,40,"//0
p:fr=0.472
p:0.919, 0.241, -0.291
p:1.493, -0.721, 0.349, fr=0.047
p:1.382, 0.583, 0.25, fr=1.112
p:0.228, 0.237, -1.008
p:1.885, 0.429, -1.511
p:1.511, -0.975, 0.532, fr=0.096
j:2, 3, stif=0.941
j:1, 3
j:6, 2, stif=0.838
j:4, 1, stif=0.81
j:5, 4, stif=0.985
j:0, 2
j:1, 5
n:j=1, d=|
n:p=2, d=Gpart:ry=-1.322
n:j=0, d=@
c:0, 1, -0.327
c:2, 1, -7.266
",0.0030481443417088895,"//0
p:fr=0.472
p:0.919, 0.241, -0.291
p:1.493, -0.721, 0.349, fr=0.047
p:1.382, 0.583, 0.25, fr=1.112
p:0.228, 0.237, -1.008
p:1.885, 0.429, -1.511
p:1.511, -0.975, 0.532, fr=0.096
j:2, 3, stif=0.941
j:1, 3
j:6, 2, stif=0.838
j:4, 1, stif=0.81
j:5, 4, stif=0.985
j:0, 2
j:1, 5
n:j=1, d=|
n:p=2, d=Gpart:ry=-1.322
n:j=0, d=@
n:
c:0, 1, -0.327
c:2, 1, -7.266
c:3, 3, -0.274
",0.0030481443417088895,feasible,20
36,0,40,"//0
p:fr=0.472
p:0.919, 0.241, -0.291
p:1.493, -0.721, 0.349, fr=0.047
p:1.382, 0.583, 0.25, fr=1.112
p:0.228, 0.237, -1.008
p:1.885, 0.429, -1.511
p:1.511, -0.975, 0.532, fr=0.096
j:2, 3, stif=0.941
j:1, 3
j:6, 2, stif=0.838
j:4, 1, stif=0.81
j:5, 4, stif=0.985
j:0, 2
j:1, 5
n:j=1, d=|
n:p=2, d=Gpart:ry=-1.322
n:j=0, d=@
c:0, 1, -0.327
c:2, 1, -7.266
",0.0030481443417088895,"//0
p:fr=0.472
p:0.919, 0.241, -0.291
p:1.493, -0.721, 0.349, fr=0.047
p:1.382, 0.583, 0.25, fr=1.112
p:0.228, 0.237, -1.008
p:1.885, 0.429, -1.511, ing=0.183
p:1.511, -0.975, 0.532, fr=0.096
j:2, 3, stif=0.941
j:1, 3
j:6, 2, stif=0.838
j:4, 1, stif=0.81
j:5, 4, stif=0.985
j:0, 2
j:1, 5
n:j=1, d=|
n:p=2, d=Gpart:ry=-1.322
n:j=0, d=@
c:0, 1, -0.327
c:2, 1, -7.266
",0.0030481443417088895,feasible,20
36,0,40,"//0
p:fr=0.472
p:0.919, 0.241, -0.291
p:1.493, -0.721, 0.349, fr=0.047
p:1.382, 0.583, 0.25, fr=1.112
p:0.228, 0.237, -1.008
p:1.885, 0.429, -1.511
p:1.511, -0.975, 0.532, fr=0.096
j:2, 3, stif=0.941
j:1, 3
j:6, 2, stif=0.838
j:4, 1, stif=0.81
j:5, 4, stif=0.985
j:0, 2
j:1, 5
n:j=1, d=|
n:p=2, d=Gpart:ry=-1.322
n:j=0, d=@
c:0, 1, -0.327
c:2, 1, -7.266
",0.0030481443417088895,"//0
p:fr=0.472
p:0.919, 0.241, -0.291
p:1.493, -0.721, 0.349, fr=0.047
p:1.382, 0.583, 0.25, fr=1.112
p:0.228, 0.237, -1.008
p:1.885, 0.429, -1.511
p:1.511, -0.975, 0.532, fr=0.096
j:2, 3, stif=0.928
j:1, 3
j:6, 2, stif=0.838
j:4, 1, stif=0.81
j:5, 4, stif=0.985
j:0, 2
j:1, 5
n:j=1, d=|
n:p=2, d=Gpart:ry=-1.322
n:j=0, d=@
c:0, 1, -0.327
c:2, 1, -7.266
",0.0030359662619018294,feasible,20
36,0,40,"//0
p:fr=0.472
p:0.919, 0.241, -0.291
p:1.493, -0.721, 0.349, fr=0.047
p:1.382, 0.583, 0.25, fr=1.112
p:0.228, 0.237, -1.008
p:1.885, 0.429, -1.511
p:1.511, -0.975, 0.532, fr=0.096
j:2, 3, stif=0.941
j:1, 3
j:6, 2, stif=0.838
j:4, 1, stif=0.81
j:5, 4, stif=0.985
j:0, 2
j:1, 5
n:j=1, d=|
n:p=2, d=Gpart:ry=-1.322
n:j=0, d=@
c:0, 1, -0.327
c:2, 1, -7.266
",0.0030481443417088895,"//0
p:fr=0.472
p:0.919, 0.241, -0.291
p:1.493, -0.721, 0.349, fr=0.047
p:1.382, 0.583, 0.25, fr=1.112
p:0.228, 0.237, -1.008
p:1.885, 0.429, -1.511
p:1.511, -0.975, 0.532, fr=0.096
j:2, 3, stif=0.941
j:1, 3
j:6, 2, stif=0.838
j:4, 1, stif=0.81
j:5, 4, stif=0.985
j:0, 2
j:1, 5
n:j=1, d=|
n:p=2, d=Gpart:ry=-1.322
n:j=0, d=@
c:0, 1, -0.327
",4.391675195517961e-06,feasible,20
36,0,40,"//0
p:fr=0.472
p:0.919, 0.241, -0.291
p:1.493, -0.721, 0.349, fr=0.047
p:1.382, 0.583, 0.25, fr=1.112
p:0.228, 0.237, -1.008
p:1.885, 0.429, -1.511
p:1.511, -0.975, 0.532, fr=0.096
j:2, 3, stif=0.941
j:1, 3
j:6, 2, stif=0.838
j:4, 1, stif=0.81
j:5, 4, stif=0.985
j:0, 2
j:1, 5
n:j=1, d=|
n:p=2, d=Gpart:ry=-1.322
n:j=0, d=@
c:0, 1, -0.327
c:2, 1, -7.266
",0.0030481443417088895,"//0
p:fr=0.472
p:0.919, 0.241, -0.291
p:1.493, -0.721, 0.349, fr=0.047
p:1.382, 0.583, 0.25, fr=1.112
p:0.4156314566010151, 0.0597518897892203, -0.7827837543526397
p:1.845854319323259, 0.31415935515752, -1.3252577396460758
p:1.511, -0.975, 0.532, fr=0.096
j:2, 3, stif=0.941
j:1, 3
j:5, 2, stif=0.838
j:4, 1, stif=0.81
j:6, 4, stif=0.985
j:0, 2
j:1, 6
n:j=1, d=|
n:p=2, d=Gpart:ry=-1.322
n:j=0, d=@
c:0, 1, -0.327
c:2, 1, -7.266
",0.0001498600648584423,feasible,20
36,0,40,"//0
p:fr=0.472
p:0.919, 0.241, -0.291
p:1.493, -0.721, 0.349, fr=0.047
p:1.382, 0.583, 0.25, fr=1.112
p:0.228, 0.237, -1.008
p:1.885, 0.429, -1.511
p:1.511, -0.975, 0.532, fr=0.096
j:2, 3, stif=0.941
j:1, 3
j:6, 2, stif=0.838
j:4, 1, stif=0.81
j:5, 4, stif=0.985
j:0, 2
j:1, 5
n:j=1, d=|
n:p=2, d=Gpart:ry=-1.322
n:j=0, d=@
c:0, 1, -0.327
c:2, 1, -7.266
",0.0030481443417088895,"//0
p:fr=0.472
p:0.919, 0.241, -0.291
p:1.493, -0.721, 0.349, fr=0.047
p:1.382, 0.583, 0.25, fr=1.112
p:0.228, 0.237, -1.008
p:1.885, 0.429, -1.511
p:1.511, -0.975, 0.532, fr=0.096
j:2, 3, stif=0.941
j:1, 3
j:6, 2, stif=0.838
j:4, 1, stif=0.81
j:5, 4, stif=0.985
j:0, 2
j:1, 5, rotstif=0.857
n:j=1, d=|
n:p=2, d=Gpart:ry=-1.322
n:j=0, d=@
c:0, 1, -0.327
c:2, 1, -7.266
",0.0030481443417088895,feasible,20
36,0,40,"//0
p:fr=0.472
p:0.919, 0.241, -0.291
p:1.493, -0.721, 0.349, fr=0.047
p:1.382, 0.583, 0.25, fr=1.112
p:0.228, 0.237, -1.008
p:1.885, 0.429, -1.511
p:1.511, -0.975, 0.532, fr=0.096
j:2, 3, stif=0.941
j:1, 3
j:6, 2, stif=0.838
j:4, 1, stif=0.81
j:5, 4, stif=0.985
j:0, 2
j:1, 5
n:j=1, d=|
n:p=2, d=Gpart:ry=-1.322
n:j=0, d=@
c:0, 1, -0.327
c:2, 1, -7.266
",0.0030481443417088895,"//0
p:fr=0.472
p:0.919, 0.241, -0.291
p:1.493, -0.721, 0.349, fr=0.047
p:1.382, 0.583, 0.25, fr=1.112
p:0.228, 0.237, -1.008
p:1.885, 0.429, -1.511
p:1.511, -0.975, 0.532, fr=0.096
j:2, 3, stif=0.941
j:1, 3
j:6, 2, stif=0.838
j:4, 1, stif=0.81, rotstif=0.827
j:5, 4, stif=0.985
j:0, 2
j:1, 5
n:j=1, d=|
n:p=2, d=Gpart:ry=-1.322
n:j=0, d=@
c:0, 1, -0.327
c:2, 1, -7.266
",0.0030481443417088895,feasible,20
36,0,40,"//0
p:fr=0.472
p:0.919, 0.241, -0.291
p:1.493, -0.721, 0.349, fr=0.047
p:1.382, 0.583, 0.25, fr=1.112
p:0.228, 0.237, -1.008
p:1.885, 0.429, -1.511
p:1.511, -0.975, 0.532, fr=0.096
j:2, 3, stif=0.941
j:1, 3
j:6, 2, stif=0.838
j:4, 1, stif=0.81
j:5, 4, stif=0.985
j:0, 2
j:1, 5
n:j=1, d=|
n:p=2, d=Gpart:ry=-1.322
n:j=0, d=@
c:0, 1, -0.327
c:2, 1, -7.266
",0.0030481443417088895,"//0
p:fr=0.472
p:0.919, 0.241, -0.291
p:1.493, -0.721, 0.349, fr=0.047
p:1.382, 0.583, 0.25, fr=1.112
p:0.228, 0.237, -1.008
p:1.885, 0.429, -1.511
p:1.511, -0.975, 0.532, fr=0.096
j:2, 3, stif=0.941
j:1, 3
j:6, 2, stif=0.838
j:4, 1, stif=0.81
j:5, 4, stif=0.985
j:0, 2
j:1, 5
n:j=1, d=|
n:p=2, d=Gpart:ry=-1.322
n:j=0, d=@
c:0, 1, -2.428
c:2, 1, -7.266
",0.0029850876084997684,feasible,20
36,0,41,"//0
p:fr=0.472
p:0.919, 0.241, -0.291
p:1.493, -0.721, 0.349, fr=0.047
p:1.382, 0.583, 0.25, fr=1.112
p:0.228, 0.237, -1.008
p:1.885, 0.429, -1.511
p:1.511, -0.975, 0.532, fr=0.096
j:2, 3, stif=0.941
j:1, 3
j:6, 2, stif=0.838
j:4, 1, stif=0.81
j:5, 4, stif=0.985
j:0, 2
j:1, 5
n:j=1, d=|
n:p=2, d=Gpart:ry=-1.322
n:j=0, d=@
c:2, 1, -7.266
",0.0030570492442698097,"//0
p:fr=0.472
p:0.919, 0.241, -0.291
p:1.493, -0.721, 0.349, fr=0.047
p:1.382, 0.583, 0.25, fr=1.112
p:0.228, 0.237, -1.008
p:1.885, 0.429, -1.511
p:1.511, -0.975, 0.532, fr=0.096
j:2, 3, stif=0.941
j:1, 3
j:6, 2, stif=0.838
j:4, 1, stif=0.81
j:5, 4, stif=0.985
j:0, 2
j:1, 5
n:p=2, d=Gpart:ry=-1.322
n:j=0, d=@
c:1, 0, -7.266
",0.0002294570037372665,feasible,20
36,0,41,"//0
p:fr=0.472
p:0.919, 0.241, -0.291
p:1.493, -0.721, 0.349, fr=0.047
p:1.382, 0.583, 0.25, fr=1.112
p:0.228, 0.237, -1.008
p:1.885, 0.429, -1.511
p:1.511, -0.975, 0.532, fr=0.096
j:2, 3, stif=0.941
j:1, 3
j:6, 2, stif=0.838
j:4, 1, stif=0.81
j:5, 4, stif=0.985
j:0, 2
j:1, 5
n:j=1, d=|
n:p=2, d=Gpart:ry=-1.322
n:j=0, d=@
c:2, 1, -7.266
",0.0030570492442698097,"//0
p:fr=0.472
p:0.919, 0.241, -0.291
p:1.493, -0.721, 0.349, fr=0.047
p:1.382, 0.583, 0.25, fr=1.112
p:0.228, 0.237, -1.008
p:1.885, 0.429, -1.511
p:1.511, -0.975, 0.532, fr=0.096
j:2, 3, stif=0.941
j:1, 3
j:6, 2, stif=0.838
j:4, 1, stif=0.81
j:5, 4, stif=0.985
j:0, 2
j:1, 5
n:j=1, d=|
n:p=2, d=Gpart:ry=-1.322
n:j=0, d=@
c:0, 1, 0.814
c:2, 1, -7.266
",0.0029997165168403096,feasible,20
36,0,41,"//0
p:fr=0.472
p:0.919, 0.241, -0.291
p:1.493, -0.721, 0.349, fr=0.047
p:1.382, 0.583, 0.25, fr=1.112
p:0.228, 0.237, -1.008
p:1.885, 0.429, -1.511
p:1.511, -0.975, 0.532, fr=0.096
j:2, 3, stif=0.941
j:1, 3
j:6, 2, stif=0.838
j:4, 1, stif=0.81
j:5, 4, stif=0.985
j:0, 2
j:1, 5
n:j=1, d=|
n:p=2, d=Gpart:ry=-1.322
n:j=0, d=@
c:2, 1, -7.266
",0.0030570492442698097,"//0
p:fr=0.472
p:0.919, 0.241, -0.291
p:1.493, -0.721, 0.349, fr=0.047
p:1.382, 0.583, 0.25, fr=1.112
p:0.228, 0.237, -1.008
p:1.885, 0.429, -1.511
p:1.511, -0.975, 0.532, fr=0.096, ing=0.042
j:2, 3, stif=0.941
j:1, 3
j:6, 2, stif=0.838
j:4, 1, stif=0.81
j:5, 4, stif=0.985
j:0, 2
j:1, 5
n:j=1, d=|
n:p=2, d=Gpart:ry=-1.322
n:j=0, d=@
c:2, 1, -7.266
",0.0030570492442698097,feasible,20
36,0,41,"//0
p:fr=0.472
p:0.919, 0.241, -0.291
p:1.493, -0.721, 0.349, fr=0.047
p:1.382, 0.583, 0.25, fr=1.112
p:0.228, 0.237, -1.008
p:1.885, 0.429, -1.511
p:1.511, -0.975, 0.532, fr=0.096
j:2, 3, stif=0.941
j:1, 3
j:6, 2, stif=0.838
j:4, 1, stif=0.81
j:5, 4, stif=0.985
j:0, 2
j:1, 5
n:j=1, d=|
n:p=2, d=Gpart:ry=-1.322
n:j=0, d=@
c:2, 1, -7.266
",0.0030570492442698097,"//0
p:fr=0.472
p:0.919, 0.241, -0.291
p:1.493, -0.721, 0.349, fr=0.047
p:1.382, 0.583, 0.25, fr=1.112
p:0.228, 0.237, -1.008
p:1.885, 0.429, -1.511
p:1.511, -0.975, 0.532, fr=0.096
p:-0.476, 0.359, 0.205
j:2, 3, stif=0.941
j:1, 3
j:6, 2, stif=0.838
j:4, 1, stif=0.81
j:5, 4, stif=0.985
j:0, 2
j:1, 5
j:7, 0
n:j=1, d=|
n:p=2, d=Gpart:ry=-1.322
n:j=0, d=@
c:2, 1, -7.266
",0.0005502964961623232,feasible,20
36,0,41,"//0
p:fr=0.472
p:0.919, 0.241, -0.291
p:1.493, -0.721, 0.349, fr=0.047
p:1.382, 0.583, 0.25, fr=1.112
p:0.228, 0.237, -1.008
p:1.885, 0.429, -1.511
p:1.511, -0.975, 0.532, fr=0.096
j:2, 3, stif=0.941
j:1, 3
j:6, 2, stif=0.838
j:4, 1, stif=0.81
j:5, 4, stif=0.985
j:0, 2
j:1, 5
n:j=1, d=|
n:p=2, d=Gpart:ry=-1.322
n:j=0, d=@
c:2, 1, -7.266
",0.0030570492442698097,"//0
p:fr=0.472
p:0.919, 0.241, -0.291, ing=0.27
p:1.493, -0.721, 0.349, fr=0.047
p:1.382, 0.583, 0.25, fr=1.112
p:0.228, 0.237, -1.008
p:1.885, 0.429, -1.511
p:1.511, -0.975, 0.532, fr=0.096
j:2, 3, stif=0.941
j:1, 3
j:6, 2, stif=0.838
j:4, 1, stif=0.81
j:5, 4, stif=0.985
j:0, 2
j:1, 5
n:j=1, d=|
n:p=2, d=Gpart:ry=-1.322
n:j=0, d=@
c:2, 1, -7.266
",0.0030570492442698097,feasible,20
36,0,41,"//0
p:fr=0.472
p:0.919, 0.241, -0.291
p:1.493, -0.721, 0.349, fr=0.047
p:1.382, 0.583, 0.25, fr=1.112
p:0.228, 0.237, -1.008
p:1.885, 0.429, -1.511
p:1.511, -0.975, 0.532, fr=0.096
j:2, 3, stif=0.941
j:1, 3
j:6, 2, stif=0.838
j:4, 1, stif=0.81
j:5, 4, stif=0.985
j:0, 2
j:1, 5
n:j=1, d=|
n:p=2, d=Gpart:ry=-1.322
n:j=0, d=@
c:2, 1, -7.266
",0.0030570492442698097,"//0
p:fr=0.472
p:0.919, 0.241, -0.291
p:1.493, -0.721, 0.349, fr=0.047
p:1.382, 0.583, 0.25, fr=1.112
p:0.228, 0.237, -1.008
p:1.885, 0.429, -1.511
p:1.511, -0.975, 0.532, fr=0.096
j:2, 3, stif=0.941
j:1, 3
j:6, 2, stif=0.838
j:4, 1, stif=0.81
j:5, 4, stif=0.985
j:0, 2
j:1, 5
n:j=1, d=|
n:p=2, d=Gpart:ry=-1.322
n:j=0, d=@
",1.5861778342765292e-06,feasible,20
36,0,41,"//0
p:fr=0.472
p:0.919, 0.241, -0.291
p:1.493, -0.721, 0.349, fr=0.047
p:1.382, 0.583, 0.25, fr=1.112
p:0.228, 0.237, -1.008
p:1.885, 0.429, -1.511
p:1.511, -0.975, 0.532, fr=0.096
j:2, 3, stif=0.941
j:1, 3
j:6, 2, stif=0.838
j:4, 1, stif=0.81
j:5, 4, stif=0.985
j:0, 2
j:1, 5
n:j=1, d=|
n:p=2, d=Gpart:ry=-1.322
n:j=0, d=@
c:2, 1, -7.266
",0.0030570492442698097,"//0
p:fr=0.472
p:1.185, -0.167, -0.496
p:1.493, -0.721, 0.349, fr=0.047
p:1.382, 0.583, 0.25, fr=1.112
p:0.228, 0.237, -1.008
p:1.885, 0.429, -1.511
p:1.511, -0.975, 0.532, fr=0.096
j:2, 3, stif=0.941
j:1, 3
j:6, 2, stif=0.838
j:4, 1, stif=0.81
j:5, 4, stif=0.985
j:0, 2
j:1, 5
n:j=1, d=|
n:p=2, d=Gpart:ry=-1.322
n:j=0, d=@
c:2, 1, -7.266
",0.0004430464172700737,feasible,20
36,0,41,"//0
p:fr=0.472
p:0.919, 0.241, -0.291
p:1.493, -0.721, 0.349, fr=0.047
p:1.382, 0.583, 0.25, fr=1.112
p:0.228, 0.237, -1.008
p:1.885, 0.429, -1.511
p:1.511, -0.975, 0.532, fr=0.096
j:2, 3, stif=0.941
j:1, 3
j:6, 2, stif=0.838
j:4, 1, stif=0.81
j:5, 4, stif=0.985
j:0, 2
j:1, 5
n:j=1, d=|
n:p=2, d=Gpart:ry=-1.322
n:j=0, d=@
c:2, 1, -7.266
",0.0030570492442698097,"//0
p:fr=0.472
p:0.919, 0.241, -0.291
p:1.493, -0.721, 0.349, fr=0.047
p:1.382, 0.583, 0.25, fr=1.112
p:0.228, 0.237, -1.008
p:1.885, 0.429, -1.511
p:1.511, -0.975, 0.532, fr=0.096
j:2, 3, stif=0.941
j:1, 3
j:6, 2, stif=0.838
j:4, 1, stif=0.81
j:5, 4, stif=0.985
j:0, 2
j:1, 5
n:j=1, d=|
n:p=2, d=Gpart:ry=-1.322
n:j=0, d=@
n:d=*
c:0, 3, 2.405
c:2, 1, -7.266
",0.0030481443417088895,feasible,20
36,0,41,"//0
p:fr=0.472
p:0.919, 0.241, -0.291
p:1.493, -0.721, 0.349, fr=0.047
p:1.382, 0.583, 0.25, fr=1.112
p:0.228, 0.237, -1.008
p:1.885, 0.429, -1.511
p:1.511, -0.975, 0.532, fr=0.096
j:2, 3, stif=0.941
j:1, 3
j:6, 2, stif=0.838
j:4, 1, stif=0.81
j:5, 4, stif=0.985
j:0, 2
j:1, 5
n:j=1, d=|
n:p=2, d=Gpart:ry=-1.322
n:j=0, d=@
c:2, 1, -7.266
",0.0030570492442698097,"//0
p:fr=0.472
p:0.919, 0.241, -0.291
p:1.493, -0.721, 0.349, fr=0.047
p:1.382, 0.583, 0.25, fr=1.112
p:0.228, 0.237, -1.008
p:1.885, 0.429, -1.511
p:1.511, -0.975, 0.532, fr=0.21
j:2, 3, stif=0.941
j:1, 3
j:6, 2, stif=0.838
j:4, 1, stif=0.81
j:5, 4, stif=0.985
j:0, 2
j:1, 5
n:j=1, d=|
n:p=2, d=Gpart:ry=-1.322
n:j=0, d=@
c:2, 1, -7.266
",0.0030565582472198544,feasible,20
36,0,41,"//0
p:fr=0.472
p:0.919, 0.241, -0.291
p:1.493, -0.721, 0.349, fr=0.047
p:1.382, 0.583, 0.25, fr=1.112
p:0.228, 0.237, -1.008
p:1.885, 0.429, -1.511
p:1.511, -0.975, 0.532, fr=0.096
j:2, 3, stif=0.941
j:1, 3
j:6, 2, stif=0.838
j:4, 1, stif=0.81
j:5, 4, stif=0.985
j:0, 2
j:1, 5
n:j=1, d=|
n:p=2, d=Gpart:ry=-1.322
n:j=0, d=@
c:2, 1, -7.266
",0.0030570492442698097,"//0
p:fr=0.472
p:0.919, 0.241, -0.291
p:1.493, -0.721, 0.349, fr=0.047
p:1.382, 0.583, 0.25, fr=1.112
p:0.228, 0.237, -1.008
p:1.885, 0.429, -1.511
p:1.511, -0.975, 0.532, fr=0.096
j:2, 3, stif=0.941
j:1, 3
j:6, 2, stif=0.838
j:4, 1, stif=0.81
j:5, 4, stif=0.985
j:0, 2
j:1, 5
n:j=1, d=|
n:p=2, d=Gpart:ry=-1.322
n:j=0, d=@:p=0.94
c:2, 1, -7.266
",0.002915631733580417,feasible,20
36,0,41,"//0
p:fr=0.472
p:0.919, 0.241, -0.291
p:1.493, -0.721, 0.349, fr=0.047
p:1.382, 0.583, 0.25, fr=1.112
p:0.228, 0.237, -1.008
p:1.885, 0.429, -1.511
p:1.511, -0.975, 0.532, fr=0.096
j:2, 3, stif=0.941
j:1, 3
j:6, 2, stif=0.838
j:4, 1, stif=0.81
j:5, 4, stif=0.985
j:0, 2
j:1, 5
n:j=1, d=|
n:p=2, d=Gpart:ry=-1.322
n:j=0, d=@
c:2, 1, -7.266
",0.0030570492442698097,"//0
p:fr=0.472
p:0.919, 0.241, -0.291
p:1.493, -0.721, 0.349, fr=0.047
p:1.382, 0.583, 0.25, fr=1.112
p:0.228, 0.237, -1.008
p:1.885, 0.429, -1.511
p:1.511, -0.975, 0.532, fr=0.096
j:2, 3, stif=0.941
j:1, 3
j:6, 2, stif=0.838
j:4, 1, stif=0.81
j:5, 4, stif=0.985
j:0, 2
j:1, 5
n:j=1, d=|
n:p=2, d=Gpart:ry=-1.322
n:j=0, d=@
c:0, 1, 1.052
c:2, 1, -7.266
",0.0030886165212992657,feasible,20
36,0,41,"//0
p:fr=0.472
p:0.919, 0.241, -0.291
p:1.493, -0.721, 0.349, fr=0.047
p:1.382, 0.583, 0.25, fr=1.112
p:0.228, 0.237, -1.008
p:1.885, 0.429, -1.511
p:1.511, -0.975, 0.532, fr=0.096
j:2, 3, stif=0.941
j:1, 3
j:6, 2, stif=0.838
j:4, 1, stif=0.81
j:5, 4, stif=0.985
j:0, 2
j:1, 5
n:j=1, d=|
n:p=2, d=Gpart:ry=-1.322
n:j=0, d=@
c:2, 1, -7.266
",0.0030570492442698097,"//0
p:fr=0.472
p:0.919, 0.241, -0.291
p:1.493, -0.721, 0.349, fr=0.047
p:1.382, 0.583, 0.25, fr=1.112
p:0.228, 0.237, -1.008
p:1.885, 0.429, -1.511
p:1.511, -0.975, 0.532, fr=0.096
j:2, 3, stif=0.941
j:1, 3
j:6, 2, stif=0.838
j:4, 1, stif=0.81
j:5, 4, stif=0.985
j:0, 2
j:1, 5
n:j=1, d=|
n:p=2, d=Gpart:ry=-1.322
n:j=0, d=@
c:2, 1, -6.856
",0.0030327266333635013,feasible,20
36,0,41,"//0
p:fr=0.472
p:0.919, 0.241, -0.291
p:1.493, -0.721, 0.349, fr=0.047
p:1.382, 0.583, 0.25, fr=1.112
p:0.228, 0.237, -1.008
p:1.885, 0.429, -1.511
p:1.511, -0.975, 0.532, fr=0.096
j:2, 3, stif=0.941
j:1, 3
j:6, 2, stif=0.838
j:4, 1, stif=0.81
j:5, 4, stif=0.985
j:0, 2
j:1, 5
n:j=1, d=|
n:p=2, d=Gpart:ry=-1.322
n:j=0, d=@
c:2, 1, -7.266
",0.0030570492442698097,"//0
p:fr=0.472
p:0.919, 0.241, -0.291
p:1.493, -0.721, 0.349, fr=0.047
p:1.382, 0.583, 0.25, fr=1.112
p:0.228, 0.237, -1.008
p:1.885, 0.429, -1.511
p:1.511, -0.975, 0.532, fr=0.096
j:2, 3, stif=0.941
j:1, 3
j:6, 2, stif=0.838
j:4, 1, stif=0.81
j:5, 4, stif=0.909
j:0, 2
j:1, 5
n:j=1, d=|
n:p=2, d=Gpart:ry=-1.322
n:j=0, d=@
c:2, 1, -7.266
",0.002940777217925253,feasible,20
36,0,41,"//0
p:fr=0.472
p:0.919, 0.241, -0.291
p:1.493, -0.721, 0.349, fr=0.047
p:1.382, 0.583, 0.25, fr=1.112
p:0.228, 0.237, -1.008
p:1.885, 0.429, -1.511
p:1.511, -0.975, 0.532, fr=0.096
j:2, 3, stif=0.941
j:1, 3
j:6, 2, stif=0.838
j:4, 1, stif=0.81
j:5, 4, stif=0.985
j:0, 2
j:1, 5
n:j=1, d=|
n:p=2, d=Gpart:ry=-1.322
n:j=0, d=@
c:2, 1, -7.266
",0.0030570492442698097,"//0
p:fr=0.472
p:0.919, 0.241, -0.291
p:1.493, -0.721, 0.349, fr=0.047
p:1.382, 0.583, 0.25, fr=1.112
p:0.228, 0.237, -1.008
p:1.885, 0.429, -1.511
p:1.511, -0.975, 0.532, fr=0.096
j:2, 3, stif=0.941
j:1, 3
j:6, 2, stif=0.838
j:4, 1, stif=0.81
j:5, 4, stif=0.985
j:0, 2
j:1, 5
n:j=1, d=|
n:p=2, d=Gpart:ry=-1.322
",1.8094486673231662e-06,feasible,20
36,0,41,"//0
p:fr=0.472
p:0.919, 0.241, -0.291
p:1.493, -0.721, 0.349, fr=0.047
p:1.382, 0.583, 0.25, fr=1.112
p:0.228, 0.237, -1.008
p:1.885, 0.429, -1.511
p:1.511, -0.975, 0.532, fr=0.096
j:2, 3, stif=0.941
j:1, 3
j:6, 2, stif=0.838
j:4, 1, stif=0.81
j:5, 4, stif=0.985
j:0, 2
j:1, 5
n:j=1, d=|
n:p=2, d=Gpart:ry=-1.322
n:j=0, d=@
c:2, 1, -7.266
",0.0030570492442698097,"//0
p:fr=0.472
p:0.919, 0.241, -0.291
p:1.493, -0.721, 0.349, fr=0.047
p:1.382, 0.583, 0.25, fr=1.112, ing=0.162
p:0.228, 0.237, -1.008
p:1.885, 0.429, -1.511
p:1.511, -0.975, 0.532, fr=0.096
j:2, 3, stif=0.941
j:1, 3
j:6, 2, stif=0.838
j:4, 1, stif=0.81
j:5, 4, stif=0.985
j:0, 2
j:1, 5
n:j=1, d=|
n:p=2, d=Gpart:ry=-1.322
n:j=0, d=@
c:2, 1, -7.266
",0.0030570492442698097,feasible,20
36,0,41,"//0
p:fr=0.472
p:0.919, 0.241, -0.291
p:1.493, -0.721, 0.349, fr=0.047
p:1.382, 0.583, 0.25, fr=1.112
p:0.228, 0.237, -1.008
p:1.885, 0.429, -1.511
p:1.511, -0.975, 0.532, fr=0.096
j:2, 3, stif=0.941
j:1, 3
j:6, 2, stif=0.838
j:4, 1, stif=0.81
j:5, 4, stif=0.985
j:0, 2
j:1, 5
n:j=1, d=|
n:p=2, d=Gpart:ry=-1.322
n:j=0, d=@
c:2, 1, -7.266
",0.0030570492442698097,"//0
p:fr=0.472
p:0.919, 0.241, -0.291
p:1.493, -0.721, 0.349, fr=0.047
p:1.382, 0.583, 0.25, fr=1.112
p:0.228, 0.237, -1.008
p:1.885, 0.429, -1.511
p:1.511, -0.975, 0.532, fr=0.096
j:2, 3, stif=0.941
j:1, 3
j:6, 2, stif=0.838
j:4, 1, stif=0.81
j:5, 4, stif=0.985
j:0, 2
j:1, 5
n:j=1, d=|
n:j=0, d=@
",1.5861778342765292e-06,feasible,20
36,0,41,"//0
p:fr=0.472
p:0.919, 0.241, -0.291
p:1.493, -0.721, 0.349, fr=0.047
p:1.382, 0.583, 0.25, fr=1.112
p:0.228, 0.237, -1.008
p:1.885, 0.429, -1.511
p:1.511, -0.975, 0.532, fr=0.096
j:2, 3, stif=0.941
j:1, 3
j:6, 2, stif=0.838
j:4, 1, stif=0.81
j:5, 4, stif=0.985
j:0, 2
j:1, 5
n:j=1, d=|
n:p=2, d=Gpart:ry=-1.322
n:j=0, d=@
c:2, 1, -7.266
",0.0030570492442698097,"//0
p:fr=0.472
p:0.919, 0.241, -0.291
p:1.493, -0.721, 0.349, fr=0.047
p:1.382, 0.583, 0.25, fr=1.112
p:0.228, 0.237, -1.008
p:1.885, 0.429, -1.511
p:1.511, -0.975, 0.532, fr=0.096
p:0.206, -1.107, 1.871
j:2, 3, stif=0.941
j:1, 3
j:6, 2, stif=0.838
j:4, 1, stif=0.81
j:5, 4, stif=0.985
j:0, 2
j:1, 5
j:7, 6
n:j=1, d=|
n:p=2, d=Gpart:ry=-1.322
n:j=0, d=@
c:2, 1, -7.266
",0.0012701409110546782,feasible,20
36,0,41,"//0
p:fr=0.472
p:0.919, 0.241, -0.291
p:1.493, -0.721, 0.349, fr=0.047
p:1.382, 0.583, 0.25, fr=1.112
p:0.228, 0.237, -1.008
p:1.885, 0.429, -1.511
p:1.511, -0.975, 0.532, fr=0.096
j:2, 3, stif=0.941
j:1, 3
j:6, 2, stif=0.838
j:4, 1, stif=0.81
j:5, 4, stif=0.985
j:0, 2
j:1, 5
n:j=1, d=|
n:p=2, d=Gpart:ry=-1.322
n:j=0, d=@
c:2, 1, -7.266
",0.0030570492442698097,"//0
p:fr=0.472
p:0.919, 0.241, -0.291
p:1.493, -0.721, 0.349, fr=0.047
p:1.382, 0.583, 0.25, fr=1.112
p:0.228, 0.237, -1.008
p:1.885, 0.429, -1.511
p:1.511, -0.975, 0.532, fr=0.096
j:2, 3, stif=0.941
j:1, 3
j:6, 2, stif=0.838
j:4, 1, stif=0.81
j:5, 4, stif=0.985
j:0, 2
j:1, 5
n:j=1, d=|:r=0.847
n:p=2, d=Gpart:ry=-1.322
n:j=0, d=@
c:2, 1, -7.266
",0.0030570492442698097,feasible,20
36,0,41,"//0
p:fr=0.472
p:0.919, 0.241, -0.291
p:1.493, -0.721, 0.349, fr=0.047
p:1.382, 0.583, 0.25, fr=1.112
p:0.228, 0.237, -1.008
p:1.885, 0.429, -1.511
p:1.511, -0.975, 0.532, fr=0.096
j:2, 3, stif=0.941
j:1, 3
j:6, 2, stif=0.838
j:4, 1, stif=0.81
j:5, 4, stif=0.985
j:0, 2
j:1, 5
n:j=1, d=|
n:p=2, d=Gpart:ry=-1.322
n:j=0, d=@
c:2, 1, -7.266
",0.0030570492442698097,"//0
p:fr=0.472
p:0.919, 0.241, -0.291
p:1.493, -0.721, 0.349, fr=0.047
p:1.382, 0.583, 0.25, fr=1.112
p:0.228, 0.237, -1.008
p:1.885, 0.429, -1.511
p:1.511, -0.975, 0.532, fr=0.096
j:2, 3, stif=0.941
j:1, 3
j:6, 2, stif=0.838
j:4, 1, stif=0.81
j:5, 4, stif=0.985
j:0, 2
j:1, 5
n:j=1, d=|
n:p=2, d=Gpart:ry=-1.322
n:j=0, d=@
c:0, 1, -1.598
c:2, 1, -7.266
",0.0029942675084962595,feasible,20
36,0,41,"//0
p:fr=0.472
p:0.919, 0.241, -0.291
p:1.493, -0.721, 0.349, fr=0.047
p:1.382, 0.583, 0.25, fr=1.112
p:0.228, 0.237, -1.008
p:1.885, 0.429, -1.511
p:1.511, -0.975, 0.532, fr=0.096
j:2, 3, stif=0.941
j:1, 3
j:6, 2, stif=0.838
j:4, 1, stif=0.81
j:5, 4, stif=0.985
j:0, 2
j:1, 5
n:j=1, d=|
n:p=2, d=Gpart:ry=-1.322
n:j=0, d=@
c:2, 1, -7.266
",0.0030570492442698097,"//0
p:fr=0.472
p:0.919, 0.241, -0.291, ing=0.168
p:1.493, -0.721, 0.349, fr=0.047
p:1.382, 0.583, 0.25, fr=1.112
p:0.228, 0.237, -1.008
p:1.885, 0.429, -1.511
p:1.511, -0.975, 0.532, fr=0.096
j:2, 3, stif=0.941
j:1, 3
j:6, 2, stif=0.838
j:4, 1, stif=0.81
j:5, 4, stif=0.985
j:0, 2
j:1, 5
n:j=1, d=|
n:p=2, d=Gpart:ry=-1.322
n:j=0, d=@
c:2, 1, -7.266
",0.0030570492442698097,feasible,20
36,0,42,"//0
p:fr=0.472
p:0.919, 0.241, -0.291
p:1.493, -0.721, 0.349, fr=0.047
p:1.382, 0.583, 0.25, fr=1.112
p:0.228, 0.237, -1.008
p:1.885, 0.429, -1.511, fr=0.566
p:1.511, -0.975, 0.532, fr=0.096
j:2, 3, stif=0.941
j:1, 3
j:6, 2, stif=0.838
j:4, 1, stif=0.81
j:5, 4, stif=0.985
j:0, 2
j:1, 5
n:j=1, d=|
n:p=2, d=Gpart:ry=-1.322
n:j=0, d=@
c:2, 1, -7.266
",0.0030730554882246186,"//0
p:fr=0.472
p:0.919, 0.241, -0.291
p:1.493, -0.721, 0.349, fr=0.047
p:1.382, 0.583, 0.25, fr=1.112
p:0.228, 0.237, -1.008
p:1.885, 0.429, -1.511, fr=0.566
p:1.511, -0.975, 0.532, fr=0.096
j:2, 3, stif=0.941
j:1, 3
j:6, 2, stif=0.838, rotstif=0.987
j:4, 1, stif=0.81
j:5, 4, stif=0.985
j:0, 2
j:1, 5
n:j=1, d=|
n:p=2, d=Gpart:ry=-1.322
n:j=0, d=@
c:2, 1, -7.266
",0.0030730554882246186,feasible,20
36,0,42,"//0
p:fr=0.472
p:0.919, 0.241, -0.291
p:1.493, -0.721, 0.349, fr=0.047
p:1.382, 0.583, 0.25, fr=1.112
p:0.228, 0.237, -1.008
p:1.885, 0.429, -1.511, fr=0.566
p:1.511, -0.975, 0.532, fr=0.096
j:2, 3, stif=0.941
j:1, 3
j:6, 2, stif=0.838
j:4, 1, stif=0.81
j:5, 4, stif=0.985
j:0, 2
j:1, 5
n:j=1, d=|
n:p=2, d=Gpart:ry=-1.322
n:j=0, d=@
c:2, 1, -7.266
",0.0030730554882246186,"//0
p:fr=0.472
p:0.919, 0.241, -0.291
p:1.493, -0.721, 0.349, fr=0.047
p:1.382, 0.583, 0.25, fr=1.112
p:0.228, 0.237, -1.008
p:1.885, 0.429, -1.511, fr=0.566
p:1.511, -0.975, 0.532, fr=0.096
j:2, 3, stif=0.941
j:1, 3
j:6, 2, stif=0.838
j:4, 1, stif=0.81
j:5, 4, stif=0.985
j:0, 2
j:1, 5
n:j=1, d=|
n:p=2, d=Gpart:ry=-1.322
n:j=0, d=@:p=0.988
c:2, 1, -7.266
",0.003038707966428413,feasible,20
36,0,42,"//0
p:fr=0.472
p:0.919, 0.241, -0.291
p:1.493, -0.721, 0.349, fr=0.047
p:1.382, 0.583, 0.25, fr=1.112
p:0.228, 0.237, -1.008
p:1.885, 0.429, -1.511, fr=0.566
p:1.511, -0.975, 0.532, fr=0.096
j:2, 3, stif=0.941
j:1, 3
j:6, 2, stif=0.838
j:4, 1, stif=0.81
j:5, 4, stif=0.985
j:0, 2
j:1, 5
n:j=1, d=|
n:p=2, d=Gpart:ry=-1.322
n:j=0, d=@
c:2, 1, -7.266
",0.0030730554882246186,"//0
p:0.919, 0.241, -0.291
p:1.493, -0.721, 0.349, fr=0.047
p:1.382, 0.583, 0.25, fr=1.112
p:0.228, 0.237, -1.008
p:1.885, 0.429, -1.511, fr=0.566
p:1.511, -0.975, 0.532, fr=0.096
j:1, 2, stif=0.941
j:0, 2
j:5, 1, stif=0.838
j:3, 0, stif=0.81
j:4, 3, stif=0.985
j:0, 4
n:j=1, d=|
n:p=1, d=Gpart:ry=-1.322
n:j=0, d=@
c:2, 1, -7.266
",0.0002388427114587489,feasible,20
36,0,42,"//0
p:fr=0.472
p:0.919, 0.241, -0.291
p:1.493, -0.721, 0.349, fr=0.047
p:1.382, 0.583, 0.25, fr=1.112
p:0.228, 0.237, -1.008
p:1.885, 0.429, -1.511, fr=0.566
p:1.511, -0.975, 0.532, fr=0.096
j:2, 3, stif=0.941
j:1, 3
j:6, 2, stif=0.838
j:4, 1, stif=0.81
j:5, 4, stif=0.985
j:0, 2
j:1, 5
n:j=1, d=|
n:p=2, d=Gpart:ry=-1.322
n:j=0, d=@
c:2, 1, -7.266
",0.0030730554882246186,"//0
p:fr=0.472
p:0.919, 0.241, -0.291
p:1.493, -0.721, 0.349, fr=0.047
p:1.382, 0.583, 0.25, fr=1.112
p:0.228, 0.237, -1.008
p:1.885, 0.429, -1.511, fr=0.566
p:1.511, -0.975, 0.532, fr=0.096
j:2, 3, stif=0.941
j:1, 3, rotstif=0.859
j:6, 2, stif=0.838
j:4, 1, stif=0.81
j:5, 4, stif=0.985
j:0, 2
j:1, 5
n:j=1, d=|
n:p=2, d=Gpart:ry=-1.322
n:j=0, d=@
c:2, 1, -7.266
",0.0030730554882246186,feasible,20
36,0,42,"//0
p:fr=0.472
p:0.919, 0.241, -0.291
p:1.493, -0.721, 0.349, fr=0.047
p:1.382, 0.583, 0.25, fr=1.112
p:0.228, 0.237, -1.008
p:1.885, 0.429, -1.511, fr=0.566
p:1.511, -0.975, 0.532, fr=0.096
j:2, 3, stif=0.941
j:1, 3
j:6, 2, stif=0.838
j:4, 1, stif=0.81
j:5, 4, stif=0.985
j:0, 2
j:1, 5
n:j=1, d=|
n:p=2, d=Gpart:ry=-1.322
n:j=0, d=@
c:2, 1, -7.266
",0.0030730554882246186,"//0
p:fr=0.472
p:0.919, 0.241, -0.291
p:1.493, -0.721, 0.349, fr=0.047
p:1.382, 0.583, 0.25, fr=1.112
p:0.228, 0.237, -1.008
p:1.885, 0.429, -1.511, fr=0.566
p:1.511, -0.975, 0.532, fr=0.096
j:2, 3, stif=0.941
j:1, 3
j:6, 2, stif=0.838, rotstif=0.864
j:4, 1, stif=0.81
j:5, 4, stif=0.985
j:0, 2
j:1, 5
n:j=1, d=|
n:p=2, d=Gpart:ry=-1.322
n:j=0, d=@
c:2, 1, -7.266
",0.0030730554882246186,feasible,20
36,0,42,"//0
p:fr=0.472
p:0.919, 0.241, -0.291
p:1.493, -0.721, 0.349, fr=0.047
p:1.382, 0.583, 0.25, fr=1.112
p:0.228, 0.237, -1.008
p:1.885, 0.429, -1.511, fr=0.566
p:1.511, -0.975, 0.532, fr=0.096
j:2, 3, stif=0.941
j:1, 3
j:6, 2, stif=0.838
j:4, 1, stif=0.81
j:5, 4, stif=0.985
j:0, 2
j:1, 5
n:j=1, d=|
n:p=2, d=Gpart:ry=-1.322
n:j=0, d=@
c:2, 1, -7.266
",0.0030730554882246186,"//0
p:fr=0.472
p:0.919, 0.241, -0.291
p:1.493, -0.721, 0.349, fr=0.047
p:1.382, 0.583, 0.25, fr=1.112
p:0.228, 0.237, -1.008
p:1.885, 0.429, -1.511, fr=0.566
p:1.511, -0.975, 0.532, fr=0.096, ing=0.31
j:2, 3, stif=0.941
j:1, 3
j:6, 2, stif=0.838
j:4, 1, stif=0.81
j:5, 4, stif=0.985
j:0, 2
j:1, 5
n:j=1, d=|
n:p=2, d=Gpart:ry=-1.322
n:j=0, d=@
c:2, 1, -7.266
",0.0030730554882246186,feasible,20
36,0,42,"//0
p:fr=0.472
p:0.919, 0.241, -0.291
p:1.493, -0.721, 0.349, fr=0.047
p:1.382, 0.583, 0.25, fr=1.112
p:0.228, 0.237, -1.008
p:1.885, 0.429, -1.511, fr=0.566
p:1.511, -0.975, 0.532, fr=0.096
j:2, 3, stif=0.941
j:1, 3
j:6, 2, stif=0.838
j:4, 1, stif=0.81
j:5, 4, stif=0.985
j:0, 2
j:1, 5
n:j=1, d=|
n:p=2, d=Gpart:ry=-1.322
n:j=0, d=@
c:2, 1, -7.266
",0.0030730554882246186,"//0
p:fr=0.472
p:0.919, 0.241, -0.291
p:1.493, -0.721, 0.349, fr=0.047
p:1.382, 0.583, 0.25, fr=1.112
p:0.228, 0.237, -1.008
p:1.885, 0.429, -1.511, fr=0.566
p:1.511, -0.975, 0.532, fr=0.096
j:2, 3, stif=0.941
j:1, 3
j:6, 2, stif=0.838
j:4, 1, stif=0.81
j:5, 4, stif=0.985
j:0, 2
j:1, 5
n:j=1, d=|
n:p=2, d=Gpart:ry=-1.322
n:j=0, d=@
c:2, 1, -2.951
",0.0020573833698902763,feasible,20
36,0,42,"//0
p:fr=0.472
p:0.919, 0.241, -0.291
p:1.493, -0.721, 0.349, fr=0.047
p:1.382, 0.583, 0.25, fr=1.112
p:0.228, 0.237, -1.008
p:1.885, 0.429, -1.511, fr=0.566
p:1.511, -0.975, 0.532, fr=0.096
j:2, 3, stif=0.941
j:1, 3
j:6, 2, stif=0.838
j:4, 1, stif=0.81
j:5, 4, stif=0.985
j:0, 2
j:1, 5
n:j=1, d=|
n:p=2, d=Gpart:ry=-1.322
n:j=0, d=@
c:2, 1, -7.266
",0.0030730554882246186,"//0
p:fr=0.472
p:0.919, 0.241, -0.291
p:1.493, -0.721, 0.349, fr=0.047
p:1.382, 0.583, 0.25, fr=1.112
p:0.228, 0.237, -1.008
p:1.885, 0.429, -1.511, fr=0.566
p:1.511, -0.975, 0.532, fr=0.096
j:2, 3, stif=0.941
j:1, 3
j:6, 2, stif=0.838
j:4, 1, stif=0.81
j:5, 4, stif=0.985
j:0, 2
j:1, 5
n:j=1, d=|
n:p=2, d=Gpart:ry=-1.322
",1.6250289213695413e-06,feasible,20
36,0,42,"//0
p:fr=0.472
p:0.919, 0.241, -0.291
p:1.493, -0.721, 0.349, fr=0.047
p:1.382, 0.583, 0.25, fr=1.112
p:0.228, 0.237, -1.008
p:1.885, 0.429, -1.511, fr=0.566
p:1.511, -0.975, 0.532, fr=0.096
j:2, 3, stif=0.941
j:1, 3
j:6, 2, stif=0.838
j:4, 1, stif=0.81
j:5, 4, stif=0.985
j:0, 2
j:1, 5
n:j=1, d=|
n:p=2, d=Gpart:ry=-1.322
n:j=0, d=@
c:2, 1, -7.266
",0.0030730554882246186,"//0
p:fr=0.472
p:0.919, 0.241, -0.291
p:1.493, -0.721, 0.349, fr=0.047
p:1.382, 0.583, 0.25, fr=1.112
p:0.228, 0.237, -1.008
p:1.885, 0.429, -1.511, fr=0.566
p:1.511, -0.975, 0.532, fr=0.096
j:2, 3, stif=0.941
j:1, 3
j:6, 2, stif=0.838
j:4, 1, stif=0.81
j:5, 4, stif=0.985
j:0, 2
j:1, 5
n:j=1, d=|
n:p=2, d=Gpart:ry=-1.322
n:j=0, d=@
c:2, 1, -7.093
",0.0030938561449587038,feasible,20
36,0,42,"//0
p:fr=0.472
p:0.919, 0.241, -0.291
p:1.493, -0.721, 0.349, fr=0.047
p:1.382, 0.583, 0.25, fr=1.112
p:0.228, 0.237, -1.008
p:1.885, 0.429, -1.511, fr=0.566
p:1.511, -0.975, 0.532, fr=0.096
j:2, 3, stif=0.941
j:1, 3
j:6, 2, stif=0.838
j:4, 1, stif=0.81
j:5, 4, stif=0.985
j:0, 2
j:1, 5
n:j=1, d=|
n:p=2, d=Gpart:ry=-1.322
n:j=0, d=@
c:2, 1, -7.266
",0.0030730554882246186,"//0
p:fr=0.472
p:0.919, 0.241, -0.291
p:1.493, -0.721, 0.349, fr=0.047
p:1.382, 0.583, 0.25, fr=1.112
p:0.228, 0.237, -1.008
p:1.885, 0.429, -1.511, fr=0.566
p:1.511, -0.975, 0.532, fr=0.096
j:2, 3, stif=0.941
j:1, 3
j:6, 2, stif=0.838
j:4, 1, stif=0.81
j:5, 4, stif=0.985
j:0, 2
j:1, 5
n:j=1, d=|
n:p=2, d=Gpart:ry=-1.322
n:j=0, d=@
c:2, 1, -3.582
",0.0024957837070144627,feasible,20
36,0,42,"//0
p:fr=0.472
p:0.919, 0.241, -0.291
p:1.493, -0.721, 0.349, fr=0.047
p:1.382, 0.583, 0.25, fr=1.112
p:0.228, 0.237, -1.008
p:1.885, 0.429, -1.511, fr=0.566
p:1.511, -0.975, 0.532, fr=0.096
j:2, 3, stif=0.941
j:1, 3
j:6, 2, stif=0.838
j:4, 1, stif=0.81
j:5, 4, stif=0.985
j:0, 2
j:1, 5
n:j=1, d=|
n:p=2, d=Gpart:ry=-1.322
n:j=0, d=@
c:2, 1, -7.266
",0.0030730554882246186,"//0
p:fr=0.472
p:0.919, 0.241, -0.291, ing=0.206
p:1.493, -0.721, 0.349, fr=0.047
p:1.382, 0.583, 0.25, fr=1.112
p:0.228, 0.237, -1.008
p:1.885, 0.429, -1.511, fr=0.566
p:1.511, -0.975, 0.532, fr=0.096
j:2, 3, stif=0.941
j:1, 3
j:6, 2, stif=0.838
j:4, 1, stif=0.81
j:5, 4, stif=0.985
j:0, 2
j:1, 5
n:j=1, d=|
n:p=2, d=Gpart:ry=-1.322
n:j=0, d=@
c:2, 1, -7.266
",0.0030730554882246186,feasible,20
36,0,42,"//0
p:fr=0.472
p:0.919, 0.241, -0.291
p:1.493, -0.721, 0.349, fr=0.047
p:1.382, 0.583, 0.25, fr=1.112
p:0.228, 0.237, -1.008
p:1.885, 0.429, -1.511, fr=0.566
p:1.511, -0.975, 0.532, fr=0.096
j:2, 3, stif=0.941
j:1, 3
j:6, 2, stif=0.838
j:4, 1, stif=0.81
j:5, 4, stif=0.985
j:0, 2
j:1, 5
n:j=1, d=|
n:p=2, d=Gpart:ry=-1.322
n:j=0, d=@
c:2, 1, -7.266
",0.0030730554882246186,"//0
p:fr=0.472
p:0.919, 0.241, -0.291
p:1.493, -0.721, 0.349, fr=0.047
p:1.382, 0.583, 0.25, fr=1.112
p:0.228, 0.237, -1.008
p:1.885, 0.429, -1.511, fr=0.566
p:1.511, -0.975, 0.532, fr=0.096
j:2, 3, stif=0.941
j:1, 3
j:6, 2, stif=0.838
j:4, 1, stif=0.81
j:5, 4, stif=0.985
j:0, 2
j:1, 5
n:j=1, d=|
n:p=2, d=Gpart:ry=-1.322
n:j=0, d=@
n:d=*
c:0, 3, 0.254
c:2, 1, -7.266
",0.00020484557795724697,feasible,20
36,0,42,"//0
p:fr=0.472
p:0.919, 0.241, -0.291
p:1.493, -0.721, 0.349, fr=0.047
p:1.382, 0.583, 0.25, fr=1.112
p:0.228, 0.237, -1.008
p:1.885, 0.429, -1.511, fr=0.566
p:1.511, -0.975, 0.532, fr=0.096
j:2, 3, stif=0.941
j:1, 3
j:6, 2, stif=0.838
j:4, 1, stif=0.81
j:5, 4, stif=0.985
j:0, 2
j:1, 5
n:j=1, d=|
n:p=2, d=Gpart:ry=-1.322
n:j=0, d=@
c:2, 1, -7.266
",0.0030730554882246186,"//0
p:fr=0.243
p:0.919, 0.241, -0.291
p:1.493, -0.721, 0.349, fr=0.047
p:1.382, 0.583, 0.25, fr=1.112
p:0.228, 0.237, -1.008
p:1.885, 0.429, -1.511, fr=0.566
p:1.511, -0.975, 0.532, fr=0.096
j:2, 3, stif=0.941
j:1, 3
j:6, 2, stif=0.838
j:4, 1, stif=0.81
j:5, 4, stif=0.985
j:0, 2
j:1, 5
n:j=1, d=|
n:p=2, d=Gpart:ry=-1.322
n:j=0, d=@
c:2, 1, -7.266
",0.0030683456159709245,feasible,20
36,0,42,"//0
p:fr=0.472
p:0.919, 0.241, -0.291
p:1.493, -0.721, 0.349, fr=0.047
p:1.382, 0.583, 0.25, fr=1.112
p:0.228, 0.237, -1.008
p:1.885, 0.429, -1.511, fr=0.566
p:1.511, -0.975, 0.532, fr=0.096
j:2, 3, stif=0.941
j:1, 3
j:6, 2, stif=0.838
j:4, 1, stif=0.81
j:5, 4, stif=0.985
j:0, 2
j:1, 5
n:j=1, d=|
n:p=2, d=Gpart:ry=-1.322
n:j=0, d=@
c:2, 1, -7.266
",0.0030730554882246186,"//0
p:fr=0.472
p:0.919, 0.241, -0.291
p:1.493, -0.721, 0.349, fr=0.047
p:1.382, 0.583, 0.25, fr=1.112
p:0.228, 0.237, -1.008
p:1.885, 0.429, -1.511, fr=0.566
p:1.511, -0.975, 0.532, fr=0.096
j:2, 3, stif=0.941
j:1, 3
j:6, 2, stif=0.838
j:4, 1, stif=0.81
j:5, 4, stif=0.985
j:0, 2
j:1, 5
n:j=1, d=|
n:p=2, d=Gpart:ry=-1.322
n:j=0, d=@
c:2, 1, -8.938
",0.0030244044989372943,feasible,20
36,0,42,"//0
p:fr=0.472
p:0.919, 0.241, -0.291
p:1.493, -0.721, 0.349, fr=0.047
p:1.382, 0.583, 0.25, fr=1.112
p:0.228, 0.237, -1.008
p:1.885, 0.429, -1.511, fr=0.566
p:1.511, -0.975, 0.532, fr=0.096
j:2, 3, stif=0.941
j:1, 3
j:6, 2, stif=0.838
j:4, 1, stif=0.81
j:5, 4, stif=0.985
j:0, 2
j:1, 5
n:j=1, d=|
n:p=2, d=Gpart:ry=-1.322
n:j=0, d=@
c:2, 1, -7.266
",0.0030730554882246186,"//0
p:fr=0.472
p:0.919, 0.241, -0.291
p:1.493, -0.721, 0.349, fr=0.047
p:1.382, 0.583, 0.25, fr=1.112
p:0.228, 0.237, -1.008
p:1.885, 0.429, -1.511, fr=0.566
p:1.511, -0.975, 0.532, fr=0.096
j:2, 3, stif=0.941
j:1, 3
j:6, 2, stif=0.838
j:4, 1, stif=0.81
j:5, 4, stif=0.985
j:0, 2, rotstif=0.981
j:1, 5
n:j=1, d=|
n:p=2, d=Gpart:ry=-1.322
n:j=0, d=@
c:2, 1, -7.266
",0.0030730554882246186,feasible,20
36,0,42,"//0
p:fr=0.472
p:0.919, 0.241, -0.291
p:1.493, -0.721, 0.349, fr=0.047
p:1.382, 0.583, 0.25, fr=1.112
p:0.228, 0.237, -1.008
p:1.885, 0.429, -1.511, fr=0.566
p:1.511, -0.975, 0.532, fr=0.096
j:2, 3, stif=0.941
j:1, 3
j:6, 2, stif=0.838
j:4, 1, stif=0.81
j:5, 4, stif=0.985
j:0, 2
j:1, 5
n:j=1, d=|
n:p=2, d=Gpart:ry=-1.322
n:j=0, d=@
c:2, 1, -7.266
",0.0030730554882246186,"//0
p:fr=0.472
p:0.919, 0.241, -0.291
p:1.493, -0.721, 0.349, fr=0.047
p:1.382, 0.583, 0.25, fr=1.112
p:0.228, 0.237, -1.008
p:1.885, 0.429, -1.511, fr=0.566
p:1.511, -0.975, 0.532, fr=0.371
j:2, 3, stif=0.941
j:1, 3
j:6, 2, stif=0.838
j:4, 1, stif=0.81
j:5, 4, stif=0.985
j:0, 2
j:1, 5
n:j=1, d=|
n:p=2, d=Gpart:ry=-1.322
n:j=0, d=@
c:2, 1, -7.266
",0.003075278918446236,feasible,20
36,0,42,"//0
p:fr=0.472
p:0.919, 0.241, -0.291
p:1.493, -0.721, 0.349, fr=0.047
p:1.382, 0.583, 0.25, fr=1.112
p:0.228, 0.237, -1.008
p:1.885, 0.429, -1.511, fr=0.566
p:1.511, -0.975, 0.532, fr=0.096
j:2, 3, stif=0.941
j:1, 3
j:6, 2, stif=0.838
j:4, 1, stif=0.81
j:5, 4, stif=0.985
j:0, 2
j:1, 5
n:j=1, d=|
n:p=2, d=Gpart:ry=-1.322
n:j=0, d=@
c:2, 1, -7.266
",0.0030730554882246186,"//0
p:fr=0.472
p:0.919, 0.241, -0.291
p:1.493, -0.721, 0.349, fr=0.047
p:1.382, 0.583, 0.25, fr=1.112
p:0.228, 0.237, -1.008
p:1.885, 0.429, -1.511, fr=0.566
p:1.511, -0.975, 0.532, fr=0.096
j:2, 3, stif=0.941
j:1, 3
j:6, 2, stif=0.838
j:4, 1, stif=0.81
j:5, 4, stif=0.985
j:0, 2
j:1, 5
n:j=1, d=|
n:p=2, d=Gpart:ry=-1.322
n:j=0, d=@
",1.7797654085576261e-06,feasible,20
36,0,42,"//0
p:fr=0.472
p:0.919, 0.241, -0.291
p:1.493, -0.721, 0.349, fr=0.047
p:1.382, 0.583, 0.25, fr=1.112
p:0.228, 0.237, -1.008
p:1.885, 0.429, -1.511, fr=0.566
p:1.511, -0.975, 0.532, fr=0.096
j:2, 3, stif=0.941
j:1, 3
j:6, 2, stif=0.838
j:4, 1, stif=0.81
j:5, 4, stif=0.985
j:0, 2
j:1, 5
n:j=1, d=|
n:p=2, d=Gpart:ry=-1.322
n:j=0, d=@
c:2, 1, -7.266
",0.0030730554882246186,"//0
p:fr=0.472
p:0.919, 0.241, -0.291
p:1.493, -0.721, 0.349, fr=0.047
p:1.382, 0.583, 0.25, fr=1.112
p:0.228, 0.237, -1.008
p:1.885, 0.429, -1.511, fr=0.566
p:1.511, -0.975, 0.532, fr=0.096
j:2, 3, stif=0.941
j:1, 3
j:6, 2, stif=0.838
j:4, 1, stif=0.81
j:5, 4, stif=0.985
j:0, 2
j:1, 5
j:6, 0
n:j=1, d=|
n:p=2, d=Gpart:ry=-1.322
n:j=0, d=@
c:2, 1, -7.266
",0.00013458103612545182,feasible,20
36,0,42,"//0
p:fr=0.472
p:0.919, 0.241, -0.291
p:1.493, -0.721, 0.349, fr=0.047
p:1.382, 0.583, 0.25, fr=1.112
p:0.228, 0.237, -1.008
p:1.885, 0.429, -1.511, fr=0.566
p:1.511, -0.975, 0.532, fr=0.096
j:2, 3, stif=0.941
j:1, 3
j:6, 2, stif=0.838
j:4, 1, stif=0.81
j:5, 4, stif=0.985
j:0, 2
j:1, 5
n:j=1, d=|
n:p=2, d=Gpart:ry=-1.322
n:j=0, d=@
c:2, 1, -7.266
",0.0030730554882246186,"//0
p:fr=0.472, ing=0.212
p:0.919, 0.241, -0.291
p:1.493, -0.721, 0.349, fr=0.047
p:1.382, 0.583, 0.25, fr=1.112
p:0.228, 0.237, -1.008
p:1.885, 0.429, -1.511, fr=0.566
p:1.511, -0.975, 0.532, fr=0.096
j:2, 3, stif=0.941
j:1, 3
j:6, 2, stif=0.838
j:4, 1, stif=0.81
j:5, 4, stif=0.985
j:0, 2
j:1, 5
n:j=1, d=|
n:p=2, d=Gpart:ry=-1.322
n:j=0, d=@
c:2, 1, -7.266
",0.0030730554882246186,feasible,20
36,0,42,"//0
p:fr=0.472
p:0.919, 0.241, -0.291
p:1.493, -0.721, 0.349, fr=0.047
p:1.382, 0.583, 0.25, fr=1.112
p:0.228, 0.237, -1.008
p:1.885, 0.429, -1.511, fr=0.566
p:1.511, -0.975, 0.532, fr=0.096
j:2, 3, stif=0.941
j:1, 3
j:6, 2, stif=0.838
j:4, 1, stif=0.81
j:5, 4, stif=0.985
j:0, 2
j:1, 5
n:j=1, d=|
n:p=2, d=Gpart:ry=-1.322
n:j=0, d=@
c:2, 1, -7.266
",0.0030730554882246186,"//0
p:fr=0.472
p:0.919, 0.241, -0.291
p:1.493, -0.721, 0.349, fr=0.047
p:1.382, 0.583, 0.25, fr=1.112
p:0.228, 0.237, -1.008
p:1.885, 0.429, -1.511, fr=0.566
p:1.511, -0.975, 0.532, fr=0.096
j:2, 3, stif=0.941
j:1, 3
j:6, 2, stif=0.647
j:4, 1, stif=0.81
j:5, 4, stif=0.985
j:0, 2
j:1, 5
n:j=1, d=|
n:p=2, d=Gpart:ry=-1.322
n:j=0, d=@
c:2, 1, -7.266
",0.002577433656578575,feasible,20
36,0,43,"//0
p:fr=0.472
p:0.919, 0.241, -0.291
p:1.493, -0.721, 0.349, fr=0.047
p:1.382, 0.583, 0.25, fr=1.112
p:0.228, 0.237, -1.008
p:1.885, 0.429, -1.511, fr=0.566
p:1.511, -0.975, 0.532, fr=0.096
j:2, 3, stif=0.944
j:1, 3
j:6, 2, stif=0.838
j:4, 1, stif=0.81
j:5, 4, stif=0.985
j:0, 2
j:1, 5
n:j=1, d=|
n:p=2, d=Gpart:ry=-1.322
n:j=0, d=@
c:2, 1, -7.266
",0.003074565063415576,"//0
p:fr=0.472
p:0.919, 0.241, -0.291
p:1.493, -0.721, 0.349, fr=0.047
p:1.382, 0.583, 0.25, fr=1.112
p:0.228, 0.237, -1.008
p:1.885, 0.429, -1.511, fr=0.566
p:1.511, -0.975, 0.532, fr=0.096
j:2, 3, stif=0.944
j:1, 3
j:6, 2, stif=0.838
j:4, 1, stif=0.938
j:5, 4, stif=0.985
j:0, 2
j:1, 5
n:j=1, d=|
n:p=2, d=Gpart:ry=-1.322
n:j=0, d=@
c:2, 1, -7.266
",0.003014533196603985,feasible,20
36,0,43,"//0
p:fr=0.472
p:0.919, 0.241, -0.291
p:1.493, -0.721, 0.349, fr=0.047
p:1.382, 0.583, 0.25, fr=1.112
p:0.228, 0.237, -1.008
p:1.885, 0.429, -1.511, fr=0.566
p:1.511, -0.975, 0.532, fr=0.096
j:2, 3, stif=0.944
j:1, 3
j:6, 2, stif=0.838
j:4, 1, stif=0.81
j:5, 4, stif=0.985
j:0, 2
j:1, 5
n:j=1, d=|
n:p=2, d=Gpart:ry=-1.322
n:j=0, d=@
c:2, 1, -7.266
",0.003074565063415576,"//0
p:fr=0.472
p:0.919, 0.241, -0.291
p:1.493, -0.721, 0.349, fr=0.047
p:1.382, 0.583, 0.25, fr=1.112
p:0.228, 0.237, -1.008
p:1.885, 0.429, -1.511, fr=0.566
p:1.511, -0.975, 0.532, fr=0.096
j:2, 3, stif=0.944
j:1, 3
j:6, 2, stif=0.838
j:4, 1, stif=0.81
j:5, 4, stif=0.985
j:0, 2
j:1, 5
n:j=1, d=|
n:p=2, d=Gpart:ry=-1.322
n:j=0, d=@
c:2, 1, -6.911
",0.0030585564162491385,feasible,20
36,0,43,"//0
p:fr=0.472
p:0.919, 0.241, -0.291
p:1.493, -0.721, 0.349, fr=0.047
p:1.382, 0.583, 0.25, fr=1.112
p:0.228, 0.237, -1.008
p:1.885, 0.429, -1.511, fr=0.566
p:1.511, -0.975, 0.532, fr=0.096
j:2, 3, stif=0.944
j:1, 3
j:6, 2, stif=0.838
j:4, 1, stif=0.81
j:5, 4, stif=0.985
j:0, 2
j:1, 5
n:j=1, d=|
n:p=2, d=Gpart:ry=-1.322
n:j=0, d=@
c:2, 1, -7.266
",0.003074565063415576,"//0
p:fr=0.472
p:0.919, 0.241, -0.291
p:1.493, -0.721, 0.349, fr=0.145
p:1.382, 0.583, 0.25, fr=1.112
p:0.228, 0.237, -1.008
p:1.885, 0.429, -1.511, fr=0.566
p:1.511, -0.975, 0.532, fr=0.096
j:2, 3, stif=0.944
j:1, 3
j:6, 2, stif=0.838
j:4, 1, stif=0.81
j:5, 4, stif=0.985
j:0, 2
j:1, 5
n:j=1, d=|
n:p=2, d=Gpart:ry=-1.322
n:j=0, d=@
c:2, 1, -7.266
",0.0022050917260969666,feasible,20
36,0,43,"//0
p:fr=0.472
p:0.919, 0.241, -0.291
p:1.493, -0.721, 0.349, fr=0.047
p:1.382, 0.583, 0.25, fr=1.112
p:0.228, 0.237, -1.008
p:1.885, 0.429, -1.511, fr=0.566
p:1.511, -0.975, 0.532, fr=0.096
j:2, 3, stif=0.944
j:1, 3
j:6, 2, stif=0.838
j:4, 1, stif=0.81
j:5, 4, stif=0.985
j:0, 2
j:1, 5
n:j=1, d=|
n:p=2, d=Gpart:ry=-1.322
n:j=0, d=@
c:2, 1, -7.266
",0.003074565063415576,"//0
p:fr=0.472
p:0.919, 0.241, -0.291
p:1.493, -0.721, 0.349, fr=0.047
p:1.382, 0.583, 0.25, fr=1.112
p:0.4156314566010151, 0.0597518897892203, -0.7827837543526397
p:1.845854319323259, 0.31415935515752, -1.3252577396460758, fr=0.566
p:1.511, -0.975, 0.532, fr=0.096
j:2, 3, stif=0.944
j:1, 3
j:5, 2, stif=0.838
j:4, 1, stif=0.81
j:6, 4, stif=0.985
j:0, 2
j:1, 6
n:j=1, d=|
n:p=2, d=Gpart:ry=-1.322
n:j=0, d=@
c:2, 1, -7.266
",0.00010933676570768283,feasible,20
36,0,43,"//0
p:fr=0.472
p:0.919, 0.241, -0.291
p:1.493, -0.721, 0.349, fr=0.047
p:1.382, 0.583, 0.25, fr=1.112
p:0.228, 0.237, -1.008
p:1.885, 0.429, -1.511, fr=0.566
p:1.511, -0.975, 0.532, fr=0.096
j:2, 3, stif=0.944
j:1, 3
j:6, 2, stif=0.838
j:4, 1, stif=0.81
j:5, 4, stif=0.985
j:0, 2
j:1, 5
n:j=1, d=|
n:p=2, d=Gpart:ry=-1.322
n:j=0, d=@
c:2, 1, -7.266
",0.003074565063415576,"//0
p:fr=0.472, ing=0.233
p:0.919, 0.241, -0.291
p:1.493, -0.721, 0.349, fr=0.047
p:1.382, 0.583, 0.25, fr=1.112
p:0.228, 0.237, -1.008
p:1.885, 0.429, -1.511, fr=0.566
p:1.511, -0.975, 0.532, fr=0.096
j:2, 3, stif=0.944
j:1, 3
j:6, 2, stif=0.838
j:4, 1, stif=0.81
j:5, 4, stif=0.985
j:0, 2
j:1, 5
n:j=1, d=|
n:p=2, d=Gpart:ry=-1.322
n:j=0, d=@
c:2, 1, -7.266
",0.003074565063415576,feasible,20
36,0,43,"//0
p:fr=0.472
p:0.919, 0.241, -0.291
p:1.493, -0.721, 0.349, fr=0.047
p:1.382, 0.583, 0.25, fr=1.112
p:0.228, 0.237, -1.008
p:1.885, 0.429, -1.511, fr=0.566
p:1.511, -0.975, 0.532, fr=0.096
j:2, 3, stif=0.944
j:1, 3
j:6, 2, stif=0.838
j:4, 1, stif=0.81
j:5, 4, stif=0.985
j:0, 2
j:1, 5
n:j=1, d=|
n:p=2, d=Gpart:ry=-1.322
n:j=0, d=@
c:2, 1, -7.266
",0.003074565063415576,"//0
p:fr=0.472
p:0.919, 0.241, -0.291
p:1.493, -0.721, 0.349, fr=0.047
p:1.382, 0.583, 0.25, fr=1.08
p:0.228, 0.237, -1.008
p:1.885, 0.429, -1.511, fr=0.566
p:1.511, -0.975, 0.532, fr=0.096
j:2, 3, stif=0.944
j:1, 3
j:6, 2, stif=0.838
j:4, 1, stif=0.81
j:5, 4, stif=0.985
j:0, 2
j:1, 5
n:j=1, d=|
n:p=2, d=Gpart:ry=-1.322
n:j=0, d=@
c:2, 1, -7.266
",0.003074565063415576,feasible,20
36,0,43,"//0
p:fr=0.472
p:0.919, 0.241, -0.291
p:1.493, -0.721, 0.349, fr=0.047
p:1.382, 0.583, 0.25, fr=1.112
p:0.228, 0.237, -1.008
p:1.885, 0.429, -1.511, fr=0.566
p:1.511, -0.975, 0.532, fr=0.096
j:2, 3, stif=0.944
j:1, 3
j:6, 2, stif=0.838
j:4, 1, stif=0.81
j:5, 4, stif=0.985
j:0, 2
j:1, 5
n:j=1, d=|
n:p=2, d=Gpart:ry=-1.322
n:j=0, d=@
c:2, 1, -7.266
",0.003074565063415576,"//0
p:fr=0.472
p:0.919, 0.241, -0.291
p:1.493, -0.721, 0.349, fr=0.047
p:1.382, 0.583, 0.25, fr=1.112
p:0.228, 0.237, -1.008
p:1.885, 0.429, -1.511, fr=0.566
p:1.511, -0.975, 0.532, fr=0.096
j:2, 3, stif=0.944
j:1, 3
j:6, 2, stif=0.838
j:4, 1, stif=0.81
j:5, 4, stif=0.985
j:0, 2
j:1, 5
n:j=1, d=|
n:p=2, d=Gpart:ry=-1.322
n:j=0, d=@
c:0, 1, 0.355
c:2, 1, -7.266
",0.0030698188894873364,feasible,20
36,0,43,"//0
p:fr=0.472
p:0.919, 0.241, -0.291
p:1.493, -0.721, 0.349, fr=0.047
p:1.382, 0.583, 0.25, fr=1.112
p:0.228, 0.237, -1.008
p:1.885, 0.429, -1.511, fr=0.566
p:1.511, -0.975, 0.532, fr=0.096
j:2, 3, stif=0.944
j:1, 3
j:6, 2, stif=0.838
j:4, 1, stif=0.81
j:5, 4, stif=0.985
j:0, 2
j:1, 5
n:j=1, d=|
n:p=2, d=Gpart:ry=-1.322
n:j=0, d=@
c:2, 1, -7.266
",0.003074565063415576,"//0
p:0.919, 0.241, -0.291
p:1.493, -0.721, 0.349, fr=0.047
p:1.382, 0.583, 0.25, fr=1.112
p:0.228, 0.237, -1.008
p:1.885, 0.429, -1.511, fr=0.566
p:1.511, -0.975, 0.532, fr=0.096
j:1, 2, stif=0.944
j:0, 2
j:5, 1, stif=0.838
j:3, 0, stif=0.81
j:4, 3, stif=0.985
j:0, 4
n:j=1, d=|
n:p=1, d=Gpart:ry=-1.322
n:j=0, d=@
c:2, 1, -7.266
",0.0002479614971069999,feasible,20
36,0,43,"//0
p:fr=0.472
p:0.919, 0.241, -0.291
p:1.493, -0.721, 0.349, fr=0.047
p:1.382, 0.583, 0.25, fr=1.112
p:0.228, 0.237, -1.008
p:1.885, 0.429, -1.511, fr=0.566
p:1.511, -0.975, 0.532, fr=0.096
j:2, 3, stif=0.944
j:1, 3
j:6, 2, stif=0.838
j:4, 1, stif=0.81
j:5, 4, stif=0.985
j:0, 2
j:1, 5
n:j=1, d=|
n:p=2, d=Gpart:ry=-1.322
n:j=0, d=@
c:2, 1, -7.266
",0.003074565063415576,"//0
p:fr=0.472
p:0.919, 0.241, -0.291
p:1.493, -0.721, 0.349, fr=0.047
p:1.382, 0.583, 0.25, fr=1.112
p:0.228, 0.237, -1.008
p:1.885, 0.429, -1.511, fr=0.566
p:1.511, -0.975, 0.532, fr=0.096
j:2, 3, stif=0.944
j:1, 3
j:6, 2, stif=0.838
j:4, 1, stif=0.81
j:5, 4, stif=0.985
j:0, 2
j:1, 5
n:j=1, d=|
n:p=2, d=Gpart:ry=-1.322
n:j=0, d=@
c:0, 1, -1.361
c:2, 1, -7.266
",0.0029867949464335874,feasible,20
36,0,43,"//0
p:fr=0.472
p:0.919, 0.241, -0.291
p:1.493, -0.721, 0.349, fr=0.047
p:1.382, 0.583, 0.25, fr=1.112
p:0.228, 0.237, -1.008
p:1.885, 0.429, -1.511, fr=0.566
p:1.511, -0.975, 0.532, fr=0.096
j:2, 3, stif=0.944
j:1, 3
j:6, 2, stif=0.838
j:4, 1, stif=0.81
j:5, 4, stif=0.985
j:0, 2
j:1, 5
n:j=1, d=|
n:p=2, d=Gpart:ry=-1.322
n:j=0, d=@
c:2, 1, -7.266
",0.003074565063415576,"//0
p:fr=0.472
p:0.919, 0.241, -0.291
p:1.493, -0.721, 0.349, fr=0.047
p:1.382, 0.583, 0.25, fr=1.112
p:0.228, 0.237, -1.008
p:1.885, 0.429, -1.511, fr=0.566
p:1.511, -0.975, 0.532, fr=0.096
j:2, 3, stif=0.944
j:1, 3
j:6, 2, stif=0.838
j:5, 4, stif=0.985
j:0, 2
j:1, 5
n:j=1, d=|
n:p=2, d=Gpart:ry=-1.322
n:j=0, d=@
c:2, 1, -7.266
",0.0003616972037865629,feasible,20
36,0,43,"//0
p:fr=0.472
p:0.919, 0.241, -0.291
p:1.493, -0.721, 0.349, fr=0.047
p:1.382, 0.583, 0.25, fr=1.112
p:0.228, 0.237, -1.008
p:1.885, 0.429, -1.511, fr=0.566
p:1.511, -0.975, 0.532, fr=0.096
j:2, 3, stif=0.944
j:1, 3
j:6, 2, stif=0.838
j:4, 1, stif=0.81
j:5, 4, stif=0.985
j:0, 2
j:1, 5
n:j=1, d=|
n:p=2, d=Gpart:ry=-1.322
n:j=0, d=@
c:2, 1, -7.266
",0.003074565063415576,"//0
p:fr=0.472
p:0.919, 0.241, -0.291
p:1.493, -0.721, 0.349, fr=0.047
p:1.382, 0.583, 0.25, fr=1.112
p:0.228, 0.237, -1.008
p:1.885, 0.429, -1.511, fr=0.566
p:1.511, -0.975, 0.532, fr=0.096
j:2, 3, stif=0.944
j:1, 3, stif=0.835
j:6, 2, stif=0.838
j:4, 1, stif=0.81
j:5, 4, stif=0.985
j:0, 2
j:1, 5
n:j=1, d=|
n:p=2, d=Gpart:ry=-1.322
n:j=0, d=@
c:2, 1, -7.266
",0.002790458753795648,feasible,20
36,0,43,"//0
p:fr=0.472
p:0.919, 0.241, -0.291
p:1.493, -0.721, 0.349, fr=0.047
p:1.382, 0.583, 0.25, fr=1.112
p:0.228, 0.237, -1.008
p:1.885, 0.429, -1.511, fr=0.566
p:1.511, -0.975, 0.532, fr=0.096
j:2, 3, stif=0.944
j:1, 3
j:6, 2, stif=0.838
j:4, 1, stif=0.81
j:5, 4, stif=0.985
j:0, 2
j:1, 5
n:j=1, d=|
n:p=2, d=Gpart:ry=-1.322
n:j=0, d=@
c:2, 1, -7.266
",0.003074565063415576,"//0
p:fr=0.472
p:0.919, 0.241, -0.291
p:1.528, -0.142, 0.074, fr=0.047
p:1.382, 0.583, 0.25, fr=1.112
p:0.228, 0.237, -1.008
p:1.885, 0.429, -1.511, fr=0.566
p:1.511, -0.975, 0.532, fr=0.096
j:2, 3, stif=0.944
j:1, 3
j:6, 2, stif=0.838
j:4, 1, stif=0.81
j:5, 4, stif=0.985
j:0, 2
j:1, 5
n:j=1, d=|
n:p=2, d=Gpart:ry=-1.322
n:j=0, d=@
c:2, 1, -7.266
",3.569696947774045e-05,feasible,20
36,0,43,"//0
p:fr=0.472
p:0.919, 0.241, -0.291
p:1.493, -0.721, 0.349, fr=0.047
p:1.382, 0.583, 0.25, fr=1.112
p:0.228, 0.237, -1.008
p:1.885, 0.429, -1.511, fr=0.566
p:1.511, -0.975, 0.532, fr=0.096
j:2, 3, stif=0.944
j:1, 3
j:6, 2, stif=0.838
j:4, 1, stif=0.81
j:5, 4, stif=0.985
j:0, 2
j:1, 5
n:j=1, d=|
n:p=2, d=Gpart:ry=-1.322
n:j=0, d=@
c:2, 1, -7.266
",0.003074565063415576,"//0
p:fr=0.472
p:0.919, 0.241, -0.291
p:1.493, -0.721, 0.349, fr=0.047
p:1.382, 0.583, 0.25, fr=1.112
p:0.228, 0.237, -1.008
p:1.845854319323259, 0.31415935515752, -1.3252577396460758, fr=0.566
p:1.511, -0.975, 0.532, fr=0.096
j:2, 3, stif=0.944
j:1, 3
j:6, 2, stif=0.838
j:4, 1, stif=0.81
j:0, 4, stif=0.985
j:5, 2
j:1, 0
n:j=1, d=|
n:p=2, d=Gpart:ry=-1.322
n:j=0, d=@
c:2, 1, -7.266
",0.00015076308415989527,feasible,20
36,0,43,"//0
p:fr=0.472
p:0.919, 0.241, -0.291
p:1.493, -0.721, 0.349, fr=0.047
p:1.382, 0.583, 0.25, fr=1.112
p:0.228, 0.237, -1.008
p:1.885, 0.429, -1.511, fr=0.566
p:1.511, -0.975, 0.532, fr=0.096
j:2, 3, stif=0.944
j:1, 3
j:6, 2, stif=0.838
j:4, 1, stif=0.81
j:5, 4, stif=0.985
j:0, 2
j:1, 5
n:j=1, d=|
n:p=2, d=Gpart:ry=-1.322
n:j=0, d=@
c:2, 1, -7.266
",0.003074565063415576,"//0
p:0.07771006111769374, -0.041006326036116314, 0.02669362551387444, fr=0.472
p:0.919, 0.241, -0.291
p:1.77, -0.934, 0.608, fr=0.047
p:1.382, 0.583, 0.25, fr=1.112
p:0.228, 0.237, -1.008
p:1.885, 0.429, -1.511, fr=0.566
p:1.511, -0.975, 0.532, fr=0.096
j:2, 3, stif=0.944
j:1, 3
j:6, 2, stif=0.838
j:4, 1, stif=0.81
j:5, 4, stif=0.985
j:0, 2
j:1, 5
n:j=1, d=|
n:p=2, d=Gpart:ry=-1.322
n:j=0, d=@
c:2, 1, -7.266
",0.001294291066425681,feasible,20
36,0,43,"//0
p:fr=0.472
p:0.919, 0.241, -0.291
p:1.493, -0.721, 0.349, fr=0.047
p:1.382, 0.583, 0.25, fr=1.112
p:0.228, 0.237, -1.008
p:1.885, 0.429, -1.511, fr=0.566
p:1.511, -0.975, 0.532, fr=0.096
j:2, 3, stif=0.944
j:1, 3
j:6, 2, stif=0.838
j:4, 1, stif=0.81
j:5, 4, stif=0.985
j:0, 2
j:1, 5
n:j=1, d=|
n:p=2, d=Gpart:ry=-1.322
n:j=0, d=@
c:2, 1, -7.266
",0.003074565063415576,"//0
p:fr=0.472
p:0.919, 0.241, -0.291
p:1.493, -0.721, 0.349, fr=0.047
p:1.382, 0.583, 0.25, fr=1.112
p:0.228, 0.237, -1.008
p:1.885, 0.429, -1.511, fr=0.566
p:1.511, -0.975, 0.532, fr=0.096
j:2, 3, stif=0.944
j:1, 3
j:6, 2, stif=0.838
j:4, 1, stif=0.81
j:5, 4, stif=0.985
j:0, 2
j:1, 5
n:j=1, d=|
n:p=2, d=Gpart:ry=-1.322
n:j=0, d=@
",1.922461622522671e-06,feasible,20
36,0,43,"//0
p:fr=0.472
p:0.919, 0.241, -0.291
p:1.493, -0.721, 0.349, fr=0.047
p:1.382, 0.583, 0.25, fr=1.112
p:0.228, 0.237, -1.008
p:1.885, 0.429, -1.511, fr=0.566
p:1.511, -0.975, 0.532, fr=0.096
j:2, 3, stif=0.944
j:1, 3
j:6, 2, stif=0.838
j:4, 1, stif=0.81
j:5, 4, stif=0.985
j:0, 2
j:1, 5
n:j=1, d=|
n:p=2, d=Gpart:ry=-1.322
n:j=0, d=@
c:2, 1, -7.266
",0.003074565063415576,"//0
p:fr=0.472, ing=0.374
p:0.919, 0.241, -0.291
p:1.493, -0.721, 0.349, fr=0.047
p:1.382, 0.583, 0.25, fr=1.112
p:0.228, 0.237, -1.008
p:1.885, 0.429, -1.511, fr=0.566
p:1.511, -0.975, 0.532, fr=0.096
j:2, 3, stif=0.944
j:1, 3
j:6, 2, stif=0.838
j:4, 1, stif=0.81
j:5, 4, stif=0.985
j:0, 2
j:1, 5
n:j=1, d=|
n:p=2, d=Gpart:ry=-1.322
n:j=0, d=@
c:2, 1, -7.266
",0.003074565063415576,feasible,20
36,0,43,"//0
p:fr=0.472
p:0.919, 0.241, -0.291
p:1.493, -0.721, 0.349, fr=0.047
p:1.382, 0.583, 0.25, fr=1.112
p:0.228, 0.237, -1.008
p:1.885, 0.429, -1.511, fr=0.566
p:1.511, -0.975, 0.532, fr=0.096
j:2, 3, stif=0.944
j:1, 3
j:6, 2, stif=0.838
j:4, 1, stif=0.81
j:5, 4, stif=0.985
j:0, 2
j:1, 5
n:j=1, d=|
n:p=2, d=Gpart:ry=-1.322
n:j=0, d=@
c:2, 1, -7.266
",0.003074565063415576,"//0
p:fr=0.472
p:0.919, 0.241, -0.291
p:1.493, -0.721, 0.349, fr=0.047
p:1.382, 0.583, 0.25, fr=1.112, ing=0.355
p:0.228, 0.237, -1.008
p:1.885, 0.429, -1.511, fr=0.566
p:1.511, -0.975, 0.532, fr=0.096
j:2, 3, stif=0.944
j:1, 3
j:6, 2, stif=0.838
j:4, 1, stif=0.81
j:5, 4, stif=0.985
j:0, 2
j:1, 5
n:j=1, d=|
n:p=2, d=Gpart:ry=-1.322
n:j=0, d=@
c:2, 1, -7.266
",0.003074565063415576,feasible,20
36,0,43,"//0
p:fr=0.472
p:0.919, 0.241, -0.291
p:1.493, -0.721, 0.349, fr=0.047
p:1.382, 0.583, 0.25, fr=1.112
p:0.228, 0.237, -1.008
p:1.885, 0.429, -1.511, fr=0.566
p:1.511, -0.975, 0.532, fr=0.096
j:2, 3, stif=0.944
j:1, 3
j:6, 2, stif=0.838
j:4, 1, stif=0.81
j:5, 4, stif=0.985
j:0, 2
j:1, 5
n:j=1, d=|
n:p=2, d=Gpart:ry=-1.322
n:j=0, d=@
c:2, 1, -7.266
",0.003074565063415576,"//0
p:fr=0.472
p:0.919, 0.241, -0.291
p:1.493, -0.721, 0.349, fr=0.047
p:1.382, 0.583, 0.25, fr=1.112
p:0.228, 0.237, -1.008
p:1.885, 0.429, -1.511, fr=0.566
p:1.511, -0.975, 0.532, fr=0.096
j:2, 3, stif=0.759
j:1, 3
j:6, 2, stif=0.838
j:4, 1, stif=0.81
j:5, 4, stif=0.985
j:0, 2
j:1, 5
n:j=1, d=|
n:p=2, d=Gpart:ry=-1.322
n:j=0, d=@
c:2, 1, -7.266
",0.0028421510047260817,feasible,20
36,0,43,"//0
p:fr=0.472
p:0.919, 0.241, -0.291
p:1.493, -0.721, 0.349, fr=0.047
p:1.382, 0.583, 0.25, fr=1.112
p:0.228, 0.237, -1.008
p:1.885, 0.429, -1.511, fr=0.566
p:1.511, -0.975, 0.532, fr=0.096
j:2, 3, stif=0.944
j:1, 3
j:6, 2, stif=0.838
j:4, 1, stif=0.81
j:5, 4, stif=0.985
j:0, 2
j:1, 5
n:j=1, d=|
n:p=2, d=Gpart:ry=-1.322
n:j=0, d=@
c:2, 1, -7.266
",0.003074565063415576,"//0
p:fr=0.472
p:0.919, 0.241, -0.291
p:1.493, -0.721, 0.349, fr=0.047
p:1.382, 0.583, 0.25, fr=1.112
p:0.228, 0.237, -1.008
p:1.885, 0.429, -1.511, fr=0.566
p:1.511, -0.975, 0.532, fr=0.096
j:2, 3, stif=0.944
j:1, 3
j:6, 2, stif=0.838
j:4, 1, stif=0.81
j:5, 4, stif=0.985
j:0, 2
j:1, 5
n:j=1, d=|
n:p=2, d=Gpart:ry=-1.322
n:j=0, d=@
c:2, 1, -6.138
",0.0030307310175984935,feasible,20
36,0,43,"//0
p:fr=0.472
p:0.919, 0.241, -0.291
p:1.493, -0.721, 0.349, fr=0.047
p:1.382, 0.583, 0.25, fr=1.112
p:0.228, 0.237, -1.008
p:1.885, 0.429, -1.511, fr=0.566
p:1.511, -0.975, 0.532, fr=0.096
j:2, 3, stif=0.944
j:1, 3
j:6, 2, stif=0.838
j:4, 1, stif=0.81
j:5, 4, stif=0.985
j:0, 2
j:1, 5
n:j=1, d=|
n:p=2, d=Gpart:ry=-1.322
n:j=0, d=@
c:2, 1, -7.266
",0.003074565063415576,"//0
p:fr=0.472
p:0.919, 0.241, -0.291
p:1.493, -0.721, 0.349, fr=0.047
p:1.382, 0.583, 0.25, fr=1.112
p:0.228, 0.237, -1.008
p:1.885, 0.429, -1.511, fr=0.566
p:1.511, -0.975, 0.532, fr=0.096
j:2, 3, stif=0.944
j:1, 3
j:6, 2, stif=0.838
j:4, 1, stif=0.81
j:5, 4, stif=0.985
j:0, 2
j:1, 5
n:j=1, d=|
n:p=2, d=Gpart:ry=-1.322
",1.0198543366451068e-06,feasible,20
36,0,44,"//0
p:fr=0.472
p:1.008, 0.373, -0.184
p:1.493, -0.721, 0.349, fr=0.047
p:1.382, 0.583, 0.25, fr=1.112
p:0.228, 0.237, -1.008
p:1.885, 0.429, -1.511, fr=0.566
p:1.511, -0.975, 0.532, fr=0.096
j:2, 3, stif=0.944
j:1, 3
j:6, 2, stif=0.838
j:4, 1, stif=0.81
j:5, 4, stif=0.985
j:0, 2
j:1, 5
n:j=1, d=|
n:p=2, d=Gpart:ry=-1.322
n:j=0, d=@
c:2, 1, -7.266
",0.0032877648544005623,"//0
p:fr=0.472
p:1.008, 0.373, -0.184
p:1.493, -0.721, 0.349, fr=0.047
p:1.382, 0.583, 0.25, fr=1.112
p:0.2813928241771104, 0.19656496003029889, -0.9507240613372814
p:1.845854319323259, 0.31415935515752, -1.3252577396460758, fr=0.566
p:1.511, -0.975, 0.532, fr=0.096
j:1, 3, stif=0.944
j:2, 3
j:6, 1, stif=0.838
j:4, 2, stif=0.81
j:5, 4, stif=0.985
j:0, 1
j:2, 5
n:j=1, d=|
n:p=2, d=Gpart:ry=-1.322
n:j=0, d=@
c:2, 1, -7.266
",2.5951191862236435e-05,feasible,20
36,0,44,"//0
p:fr=0.472
p:1.008, 0.373, -0.184
p:1.493, -0.721, 0.349, fr=0.047
p:1.382, 0.583, 0.25, fr=1.112
p:0.228, 0.237, -1.008
p:1.885, 0.429, -1.511, fr=0.566
p:1.511, -0.975, 0.532, fr=0.096
j:2, 3, stif=0.944
j:1, 3
j:6, 2, stif=0.838
j:4, 1, stif=0.81
j:5, 4, stif=0.985
j:0, 2
j:1, 5
n:j=1, d=|
n:p=2, d=Gpart:ry=-1.322
n:j=0, d=@
c:2, 1, -7.266
",0.0032877648544005623,"//0
p:fr=0.472
p:1.008, 0.373, -0.184
p:1.493, -0.721, 0.349, fr=0.047
p:1.382, 0.583, 0.25, fr=1.112
p:0.228, 0.237, -1.008
p:1.885, 0.429, -1.511, fr=0.566
p:1.511, -0.975, 0.532, fr=0.096
j:2, 3, stif=0.944
j:1, 3
j:6, 2, stif=0.838
j:4, 1, stif=0.81, rotstif=0.953
j:5, 4, stif=0.985
j:0, 2
j:1, 5
n:j=1, d=|
n:p=2, d=Gpart:ry=-1.322
n:j=0, d=@
c:2, 1, -7.266
",0.0032877648544005623,feasible,20
36,0,44,"//0
p:fr=0.472
p:1.008, 0.373, -0.184
p:1.493, -0.721, 0.349, fr=0.047
p:1.382, 0.583, 0.25, fr=1.112
p:0.228, 0.237, -1.008
p:1.885, 0.429, -1.511, fr=0.566
p:1.511, -0.975, 0.532, fr=0.096
j:2, 3, stif=0.944
j:1, 3
j:6, 2, stif=0.838
j:4, 1, stif=0.81
j:5, 4, stif=0.985
j:0, 2
j:1, 5
n:j=1, d=|
n:p=2, d=Gpart:ry=-1.322
n:j=0, d=@
c:2, 1, -7.266
",0.0032877648544005623,"//0
p:fr=0.472
p:1.008, 0.373, -0.184
p:1.493, -0.721, 0.349, fr=0.047
p:1.382, 0.583, 0.25, fr=1.112
p:0.228, 0.237, -1.008
p:1.885, 0.429, -1.511, fr=0.566
p:1.511, -0.975, 0.532, fr=0.096
j:2, 3, stif=0.944
j:1, 3
j:6, 2, stif=0.838
j:4, 1, stif=0.81
j:5, 4, stif=0.985
j:0, 2
j:1, 5
n:j=1, d=|
n:p=2, d=Gpart:ry=-1.322
",2.376868068616697e-06,feasible,20
36,0,44,"//0
p:fr=0.472
p:1.008, 0.373, -0.184
p:1.493, -0.721, 0.349, fr=0.047
p:1.382, 0.583, 0.25, fr=1.112
p:0.228, 0.237, -1.008
p:1.885, 0.429, -1.511, fr=0.566
p:1.511, -0.975, 0.532, fr=0.096
j:2, 3, stif=0.944
j:1, 3
j:6, 2, stif=0.838
j:4, 1, stif=0.81
j:5, 4, stif=0.985
j:0, 2
j:1, 5
n:j=1, d=|
n:p=2, d=Gpart:ry=-1.322
n:j=0, d=@
c:2, 1, -7.266
",0.0032877648544005623,"//0
p:fr=0.472
p:1.008, 0.373, -0.184
p:1.493, -0.721, 0.349, fr=0.047
p:1.382, 0.583, 0.25, fr=1.112
p:0.228, 0.237, -1.008
p:1.885, 0.429, -1.511, fr=0.566
p:1.511, -0.975, 0.532, fr=0.096
j:2, 3, stif=0.944
j:1, 3
j:6, 2, stif=0.838
j:4, 1, stif=0.81
j:5, 4, stif=0.985
j:0, 2
j:1, 5
n:j=1, d=|
n:p=2, d=Gpart:ry=-1.322
n:j=0, d=@
c:2, 1, -7.514
",0.0032734116670632986,feasible,20
36,0,44,"//0
p:fr=0.472
p:1.008, 0.373, -0.184
p:1.493, -0.721, 0.349, fr=0.047
p:1.382, 0.583, 0.25, fr=1.112
p:0.228, 0.237, -1.008
p:1.885, 0.429, -1.511, fr=0.566
p:1.511, -0.975, 0.532, fr=0.096
j:2, 3, stif=0.944
j:1, 3
j:6, 2, stif=0.838
j:4, 1, stif=0.81
j:5, 4, stif=0.985
j:0, 2
j:1, 5
n:j=1, d=|
n:p=2, d=Gpart:ry=-1.322
n:j=0, d=@
c:2, 1, -7.266
",0.0032877648544005623,"//0
p:fr=0.472
p:0.711, 0.208, -0.108
p:1.493, -0.721, 0.349, fr=0.047
p:1.382, 0.583, 0.25, fr=1.112
p:0.228, 0.237, -1.008
p:1.885, 0.429, -1.511, fr=0.566
p:1.511, -0.975, 0.532, fr=0.096
j:2, 3, stif=0.944
j:1, 3
j:6, 2, stif=0.838
j:4, 1, stif=0.81
j:5, 4, stif=0.985
j:0, 2
j:1, 5
n:j=1, d=|
n:p=2, d=Gpart:ry=-1.322
n:j=0, d=@
c:2, 1, -7.266
",0.0015623730214806314,feasible,20
36,0,44,"//0
p:fr=0.472
p:1.008, 0.373, -0.184
p:1.493, -0.721, 0.349, fr=0.047
p:1.382, 0.583, 0.25, fr=1.112
p:0.228, 0.237, -1.008
p:1.885, 0.429, -1.511, fr=0.566
p:1.511, -0.975, 0.532, fr=0.096
j:2, 3, stif=0.944
j:1, 3
j:6, 2, stif=0.838
j:4, 1, stif=0.81
j:5, 4, stif=0.985
j:0, 2
j:1, 5
n:j=1, d=|
n:p=2, d=Gpart:ry=-1.322
n:j=0, d=@
c:2, 1, -7.266
",0.0032877648544005623,"//0
p:fr=0.472
p:1.008, 0.373, -0.184
p:1.493, -0.721, 0.349, fr=0.047
p:1.382, 0.583, 0.25, fr=1.112
p:0.228, 0.237, -1.008
p:1.885, 0.429, -1.511, fr=0.566, ing=0.455
p:1.511, -0.975, 0.532, fr=0.096
j:2, 3, stif=0.944
j:1, 3
j:6, 2, stif=0.838
j:4, 1, stif=0.81
j:5, 4, stif=0.985
j:0, 2
j:1, 5
n:j=1, d=|
n:p=2, d=Gpart:ry=-1.322
n:j=0, d=@
c:2, 1, -7.266
",0.0032877648544005623,feasible,20
36,0,44,"//0
p:fr=0.472
p:1.008, 0.373, -0.184
p:1.493, -0.721, 0.349, fr=0.047
p:1.382, 0.583, 0.25, fr=1.112
p:0.228, 0.237, -1.008
p:1.885, 0.429, -1.511, fr=0.566
p:1.511, -0.975, 0.532, fr=0.096
j:2, 3, stif=0.944
j:1, 3
j:6, 2, stif=0.838
j:4, 1, stif=0.81
j:5, 4, stif=0.985
j:0, 2
j:1, 5
n:j=1, d=|
n:p=2, d=Gpart:ry=-1.322
n:j=0, d=@
c:2, 1, -7.266
",0.0032877648544005623,"//0
p:fr=0.919
p:1.008, 0.373, -0.184
p:1.493, -0.721, 0.349, fr=0.047
p:1.382, 0.583, 0.25, fr=1.112
p:0.228, 0.237, -1.008
p:1.885, 0.429, -1.511, fr=0.566
p:1.511, -0.975, 0.532, fr=0.096
j:2, 3, stif=0.944
j:1, 3
j:6, 2, stif=0.838
j:4, 1, stif=0.81
j:5, 4, stif=0.985
j:0, 2
j:1, 5
n:j=1, d=|
n:p=2, d=Gpart:ry=-1.322
n:j=0, d=@
c:2, 1, -7.266
",0.0026496244121334274,feasible,20
36,0,44,"//0
p:fr=0.472
p:1.008, 0.373, -0.184
p:1.493, -0.721, 0.349, fr=0.047
p:1.382, 0.583, 0.25, fr=1.112
p:0.228, 0.237, -1.008
p:1.885, 0.429, -1.511, fr=0.566
p:1.511, -0.975, 0.532, fr=0.096
j:2, 3, stif=0.944
j:1, 3
j:6, 2, stif=0.838
j:4, 1, stif=0.81
j:5, 4, stif=0.985
j:0, 2
j:1, 5
n:j=1, d=|
n:p=2, d=Gpart:ry=-1.322
n:j=0, d=@
c:2, 1, -7.266
",0.0032877648544005623,"//0
p:fr=0.061
p:1.008, 0.373, -0.184
p:1.493, -0.721, 0.349, fr=0.047
p:1.382, 0.583, 0.25, fr=1.112
p:0.228, 0.237, -1.008
p:1.885, 0.429, -1.511, fr=0.566
p:1.511, -0.975, 0.532, fr=0.096
j:2, 3, stif=0.944
j:1, 3
j:6, 2, stif=0.838
j:4, 1, stif=0.81
j:5, 4, stif=0.985
j:0, 2
j:1, 5
n:j=1, d=|
n:p=2, d=Gpart:ry=-1.322
n:j=0, d=@
c:2, 1, -7.266
",0.0017086237722171908,feasible,20
36,0,44,"//0
p:fr=0.472
p:1.008, 0.373, -0.184
p:1.493, -0.721, 0.349, fr=0.047
p:1.382, 0.583, 0.25, fr=1.112
p:0.228, 0.237, -1.008
p:1.885, 0.429, -1.511, fr=0.566
p:1.511, -0.975, 0.532, fr=0.096
j:2, 3, stif=0.944
j:1, 3
j:6, 2, stif=0.838
j:4, 1, stif=0.81
j:5, 4, stif=0.985
j:0, 2
j:1, 5
n:j=1, d=|
n:p=2, d=Gpart:ry=-1.322
n:j=0, d=@
c:2, 1, -7.266
",0.0032877648544005623,"//0
p:fr=0.472
p:1.008, 0.373, -0.184
p:1.493, -0.721, 0.349, fr=0.047
p:1.382, 0.583, 0.25, fr=1.112
p:0.228, 0.237, -1.008
p:1.885, 0.429, -1.511, fr=0.566
p:1.511, -0.975, 0.532, fr=0.096
j:2, 3, stif=0.944
j:1, 3
j:6, 2, stif=0.838
j:4, 1, stif=0.81
j:5, 4, stif=0.985
j:0, 2
j:1, 5
n:j=1, d=|
n:j=0, d=@
",2.405614188341664e-06,feasible,20
36,0,44,"//0
p:fr=0.472
p:1.008, 0.373, -0.184
p:1.493, -0.721, 0.349, fr=0.047
p:1.382, 0.583, 0.25, fr=1.112
p:0.228, 0.237, -1.008
p:1.885, 0.429, -1.511, fr=0.566
p:1.511, -0.975, 0.532, fr=0.096
j:2, 3, stif=0.944
j:1, 3
j:6, 2, stif=0.838
j:4, 1, stif=0.81
j:5, 4, stif=0.985
j:0, 2
j:1, 5
n:j=1, d=|
n:p=2, d=Gpart:ry=-1.322
n:j=0, d=@
c:2, 1, -7.266
",0.0032877648544005623,"//0
p:fr=0.472
p:1.008, 0.373, -0.184
p:1.493, -0.721, 0.349, fr=0.047
p:1.382, 0.583, 0.25, fr=1.112
p:0.228, 0.237, -1.008
p:1.885, 0.429, -1.511, fr=0.566
p:1.511, -0.975, 0.532, fr=0.096
j:2, 3, stif=0.944
j:1, 3
j:6, 2, stif=0.838
j:4, 1, stif=0.81, rotstif=0.974
j:5, 4, stif=0.985
j:0, 2
j:1, 5
n:j=1, d=|
n:p=2, d=Gpart:ry=-1.322
n:j=0, d=@
c:2, 1, -7.266
",0.0032877648544005623,feasible,20
36,0,44,"//0
p:fr=0.472
p:1.008, 0.373, -0.184
p:1.493, -0.721, 0.349, fr=0.047
p:1.382, 0.583, 0.25, fr=1.112
p:0.228, 0.237, -1.008
p:1.885, 0.429, -1.511, fr=0.566
p:1.511, -0.975, 0.532, fr=0.096
j:2, 3, stif=0.944
j:1, 3
j:6, 2, stif=0.838
j:4, 1, stif=0.81
j:5, 4, stif=0.985
j:0, 2
j:1, 5
n:j=1, d=|
n:p=2, d=Gpart:ry=-1.322
n:j=0, d=@
c:2, 1, -7.266
",0.0032877648544005623,"//0
p:fr=0.472
p:1.008, 0.373, -0.184
p:1.493, -0.721, 0.349, fr=0.047
p:1.382, 0.583, 0.25, fr=1.112
p:0.228, 0.237, -1.008
p:1.885, 0.429, -1.511, fr=0.566
p:1.511, -0.975, 0.532, fr=0.096
j:2, 3, stif=0.944
j:1, 3
j:6, 2, stif=0.725
j:4, 1, stif=0.81
j:5, 4, stif=0.985
j:0, 2
j:1, 5
n:j=1, d=|
n:p=2, d=Gpart:ry=-1.322
n:j=0, d=@
c:2, 1, -7.266
",0.003285821680230277,feasible,20
36,0,44,"//0
p:fr=0.472
p:1.008, 0.373, -0.184
p:1.493, -0.721, 0.349, fr=0.047
p:1.382, 0.583, 0.25, fr=1.112
p:0.228, 0.237, -1.008
p:1.885, 0.429, -1.511, fr=0.566
p:1.511, -0.975, 0.532, fr=0.096
j:2, 3, stif=0.944
j:1, 3
j:6, 2, stif=0.838
j:4, 1, stif=0.81
j:5, 4, stif=0.985
j:0, 2
j:1, 5
n:j=1, d=|
n:p=2, d=Gpart:ry=-1.322
n:j=0, d=@
c:2, 1, -7.266
",0.0032877648544005623,"//0
p:fr=0.472
p:1.008, 0.373, -0.184
p:1.493, -0.721, 0.349, fr=0.047
p:1.382, 0.583, 0.25, fr=1.112
p:0.228, 0.237, -1.008
p:1.885, 0.429, -1.511, fr=0.566
p:1.511, -0.975, 0.532, fr=0.096
j:2, 3, stif=0.944
j:1, 3
j:6, 2, stif=0.838
j:4, 1, stif=0.81
j:5, 4, stif=0.985
j:0, 2
j:1, 5
n:j=1, d=|
n:p=2, d=Gpart:ry=-1.322
n:j=0, d=@
c:2, 1, -8.262
",0.0032706097828868585,feasible,20
36,0,44,"//0
p:fr=0.472
p:1.008, 0.373, -0.184
p:1.493, -0.721, 0.349, fr=0.047
p:1.382, 0.583, 0.25, fr=1.112
p:0.228, 0.237, -1.008
p:1.885, 0.429, -1.511, fr=0.566
p:1.511, -0.975, 0.532, fr=0.096
j:2, 3, stif=0.944
j:1, 3
j:6, 2, stif=0.838
j:4, 1, stif=0.81
j:5, 4, stif=0.985
j:0, 2
j:1, 5
n:j=1, d=|
n:p=2, d=Gpart:ry=-1.322
n:j=0, d=@
c:2, 1, -7.266
",0.0032877648544005623,"//0
p:fr=0.472
p:1.008, 0.373, -0.184
p:1.493, -0.721, 0.349, fr=0.047
p:1.488, 0.622, 0.198, fr=1.112
p:0.228, 0.237, -1.008
p:1.885, 0.429, -1.511, fr=0.566
p:1.511, -0.975, 0.532, fr=0.096
j:2, 3, stif=0.944
j:1, 3
j:6, 2, stif=0.838
j:4, 1, stif=0.81
j:5, 4, stif=0.985
j:0, 2
j:1, 5
n:j=1, d=|
n:p=2, d=Gpart:ry=-1.322
n:j=0, d=@
c:2, 1, -7.266
",0.0013704420568200807,feasible,20
36,0,44,"//0
p:fr=0.472
p:1.008, 0.373, -0.184
p:1.493, -0.721, 0.349, fr=0.047
p:1.382, 0.583, 0.25, fr=1.112
p:0.228, 0.237, -1.008
p:1.885, 0.429, -1.511, fr=0.566
p:1.511, -0.975, 0.532, fr=0.096
j:2, 3, stif=0.944
j:1, 3
j:6, 2, stif=0.838
j:4, 1, stif=0.81
j:5, 4, stif=0.985
j:0, 2
j:1, 5
n:j=1, d=|
n:p=2, d=Gpart:ry=-1.322
n:j=0, d=@
c:2, 1, -7.266
",0.0032877648544005623,"//0
p:fr=0.472
p:1.008, 0.373, -0.184
p:1.493, -0.721, 0.349, fr=0.047
p:1.382, 0.583, 0.25, fr=1.112
p:0.228, 0.237, -1.008
p:1.885, 0.429, -1.511, fr=0.566
p:1.511, -0.975, 0.532, fr=0.096
j:2, 6, stif=0.944
j:1, 6
j:3, 2, stif=0.838
j:4, 1, stif=0.81
j:5, 4, stif=0.985
j:0, 2
j:1, 5
n:j=1, d=|
n:p=2, d=Gpart:ry=-1.322
n:j=0, d=@
c:2, 1, -7.266
",1.4425029271763881e-05,feasible,20
36,0,44,"//0
p:fr=0.472
p:1.008, 0.373, -0.184
p:1.493, -0.721, 0.349, fr=0.047
p:1.382, 0.583, 0.25, fr=1.112
p:0.228, 0.237, -1.008
p:1.885, 0.429, -1.511, fr=0.566
p:1.511, -0.975, 0.532, fr=0.096
j:2, 3, stif=0.944
j:1, 3
j:6, 2, stif=0.838
j:4, 1, stif=0.81
j:5, 4, stif=0.985
j:0, 2
j:1, 5
n:j=1, d=|
n:p=2, d=Gpart:ry=-1.322
n:j=0, d=@
c:2, 1, -7.266
",0.0032877648544005623,"//0
p:fr=0.472
p:1.008, 0.373, -0.184
p:1.493, -0.721, 0.349, fr=0.047, ing=0.241
p:1.382, 0.583, 0.25, fr=1.112
p:0.228, 0.237, -1.008
p:1.885, 0.429, -1.511, fr=0.566
p:1.511, -0.975, 0.532, fr=0.096
j:2, 3, stif=0.944
j:1, 3
j:6, 2, stif=0.838
j:4, 1, stif=0.81
j:5, 4, stif=0.985
j:0, 2
j:1, 5
n:j=1, d=|
n:p=2, d=Gpart:ry=-1.322
n:j=0, d=@
c:2, 1, -7.266
",0.0032877648544005623,feasible,20
36,0,44,"//0
p:fr=0.472
p:1.008, 0.373, -0.184
p:1.493, -0.721, 0.349, fr=0.047
p:1.382, 0.583, 0.25, fr=1.112
p:0.228, 0.237, -1.008
p:1.885, 0.429, -1.511, fr=0.566
p:1.511, -0.975, 0.532, fr=0.096
j:2, 3, stif=0.944
j:1, 3
j:6, 2, stif=0.838
j:4, 1, stif=0.81
j:5, 4, stif=0.985
j:0, 2
j:1, 5
n:j=1, d=|
n:p=2, d=Gpart:ry=-1.322
n:j=0, d=@
c:2, 1, -7.266
",0.0032877648544005623,"//0
p:fr=0.472
p:1.008, 0.373, -0.184
p:1.493, -0.721, 0.349, fr=0.047
p:1.382, 0.583, 0.25, fr=1.112
p:0.228, 0.237, -1.008
p:1.885, 0.429, -1.511, fr=0.566
p:1.511, -0.975, 0.532, fr=0.096
j:2, 3, stif=0.944
j:1, 3
j:6, 2, stif=0.838
j:4, 1, stif=0.81
j:5, 4, stif=0.985
j:0, 2
j:1, 5
n:j=1, d=|
n:p=2, d=Gpart:ry=-1.322
n:j=0, d=@
n:
c:2, 1, -7.266
c:3, 3, 1.873
",0.0032877648544005623,feasible,20
36,0,44,"//0
p:fr=0.472
p:1.008, 0.373, -0.184
p:1.493, -0.721, 0.349, fr=0.047
p:1.382, 0.583, 0.25, fr=1.112
p:0.228, 0.237, -1.008
p:1.885, 0.429, -1.511, fr=0.566
p:1.511, -0.975, 0.532, fr=0.096
j:2, 3, stif=0.944
j:1, 3
j:6, 2, stif=0.838
j:4, 1, stif=0.81
j:5, 4, stif=0.985
j:0, 2
j:1, 5
n:j=1, d=|
n:p=2, d=Gpart:ry=-1.322
n:j=0, d=@
c:2, 1, -7.266
",0.0032877648544005623,"//0
p:fr=0.472
p:1.008, 0.373, -0.184
p:1.493, -0.721, 0.349, fr=0.047
p:1.382, 0.583, 0.25, fr=1.112
p:0.228, 0.237, -1.008
p:1.885, 0.429, -1.511, fr=0.566
p:1.511, -0.975, 0.532, fr=0.096, ing=0.37
j:2, 3, stif=0.944
j:1, 3
j:6, 2, stif=0.838
j:4, 1, stif=0.81
j:5, 4, stif=0.985
j:0, 2
j:1, 5
n:j=1, d=|
n:p=2, d=Gpart:ry=-1.322
n:j=0, d=@
c:2, 1, -7.266
",0.0032877648544005623,feasible,20
36,0,44,"//0
p:fr=0.472
p:1.008, 0.373, -0.184
p:1.493, -0.721, 0.349, fr=0.047
p:1.382, 0.583, 0.25, fr=1.112
p:0.228, 0.237, -1.008
p:1.885, 0.429, -1.511, fr=0.566
p:1.511, -0.975, 0.532, fr=0.096
j:2, 3, stif=0.944
j:1, 3
j:6, 2, stif=0.838
j:4, 1, stif=0.81
j:5, 4, stif=0.985
j:0, 2
j:1, 5
n:j=1, d=|
n:p=2, d=Gpart:ry=-1.322
n:j=0, d=@
c:2, 1, -7.266
",0.0032877648544005623,"//0
p:fr=0.472
p:1.008, 0.373, -0.184
p:1.493, -0.721, 0.349, fr=0.047
p:1.382, 0.583, 0.25, fr=1.112
p:0.139, 0.113, -0.825
p:1.885, 0.429, -1.511, fr=0.566
p:1.511, -0.975, 0.532, fr=0.096
j:2, 3, stif=0.944
j:1, 3
j:6, 2, stif=0.838
j:4, 1, stif=0.81
j:5, 4, stif=0.985
j:0, 2
j:1, 5
n:j=1, d=|
n:p=2, d=Gpart:ry=-1.322
n:j=0, d=@
c:2, 1, -7.266
",0.0032184614070710593,feasible,20
36,0,44,"//0
p:fr=0.472
p:1.008, 0.373, -0.184
p:1.493, -0.721, 0.349, fr=0.047
p:1.382, 0.583, 0.25, fr=1.112
p:0.228, 0.237, -1.008
p:1.885, 0.429, -1.511, fr=0.566
p:1.511, -0.975, 0.532, fr=0.096
j:2, 3, stif=0.944
j:1, 3
j:6, 2, stif=0.838
j:4, 1, stif=0.81
j:5, 4, stif=0.985
j:0, 2
j:1, 5
n:j=1, d=|
n:p=2, d=Gpart:ry=-1.322
n:j=0, d=@
c:2, 1, -7.266
",0.0032877648544005623,"//0
p:fr=0.472
p:1.008, 0.373, -0.184
p:1.493, -0.721, 0.349, fr=0.047
p:1.382, 0.583, 0.25, fr=1.112
p:0.228, 0.237, -1.008, fr=0.277
p:1.885, 0.429, -1.511, fr=0.566
p:1.511, -0.975, 0.532, fr=0.096
j:2, 3, stif=0.944
j:1, 3
j:6, 2, stif=0.838
j:4, 1, stif=0.81
j:5, 4, stif=0.985
j:0, 2
j:1, 5
n:j=1, d=|
n:p=2, d=Gpart:ry=-1.322
n:j=0, d=@
c:2, 1, -7.266
",0.00277339980417599,feasible,20
36,0,44,"//0
p:fr=0.472
p:1.008, 0.373, -0.184
p:1.493, -0.721, 0.349, fr=0.047
p:1.382, 0.583, 0.25, fr=1.112
p:0.228, 0.237, -1.008
p:1.885, 0.429, -1.511, fr=0.566
p:1.511, -0.975, 0.532, fr=0.096
j:2, 3, stif=0.944
j:1, 3
j:6, 2, stif=0.838
j:4, 1, stif=0.81
j:5, 4, stif=0.985
j:0, 2
j:1, 5
n:j=1, d=|
n:p=2, d=Gpart:ry=-1.322
n:j=0, d=@
c:2, 1, -7.266
",0.0032877648544005623,"//0
p:0.3486657450124404, 0.07935151438214161, -0.2794875017049323, fr=0.472
p:1.008, 0.373, -0.184
p:1.493, -0.721, 0.349, fr=0.047
p:1.382, 0.583, 0.25, fr=1.112
p:0.2813928241771104, 0.19656496003029889, -0.9507240613372814
p:1.885, 0.429, -1.511, fr=0.566
p:1.5866626940086332, -0.690961437464916, 0.11868747631112808, fr=0.096
j:5, 3, stif=0.944
j:1, 3
j:6, 5, stif=0.838
j:4, 1, stif=0.81
j:2, 4, stif=0.985
j:0, 5
j:1, 2
n:j=1, d=|
n:p=2, d=Gpart:ry=-1.322
n:j=0, d=@
c:2, 1, -7.266
",4.571827522407343e-05,feasible,20
36,0,45,"//0
p:fr=0.472
p:1.008, 0.373, -0.184
p:1.493, -0.721, 0.349, fr=0.047
p:1.382, 0.583, 0.25, fr=1.112
p:0.228, 0.237, -1.008
p:1.885, 0.429, -1.511, fr=0.566
p:1.511, -0.975, 0.532, fr=0.096
j:2, 3, stif=0.944
j:1, 3
j:6, 2, stif=0.838
j:4, 1, stif=0.81
j:5, 4, stif=0.985
j:0, 2
j:1, 5
n:j=1, d=|:p=0.232
n:p=2, d=Gpart:ry=-1.322
n:j=0, d=@
c:2, 1, -7.266
",0.003445169600854746,"//0
p:fr=0.472
p:1.008, 0.373, -0.184
p:1.493, -0.721, 0.349, fr=0.047
p:1.382, 0.583, 0.25, fr=1.112
p:0.228, 0.237, -1.008
p:1.885, 0.429, -1.511, fr=0.566, ing=0.117
p:1.511, -0.975, 0.532, fr=0.096
j:2, 3, stif=0.944
j:1, 3
j:6, 2, stif=0.838
j:4, 1, stif=0.81
j:5, 4, stif=0.985
j:0, 2
j:1, 5
n:j=1, d=|:p=0.232
n:p=2, d=Gpart:ry=-1.322
n:j=0, d=@
c:2, 1, -7.266
",0.003445169600854746,feasible,21
36,0,45,"//0
p:fr=0.472
p:1.008, 0.373, -0.184
p:1.493, -0.721, 0.349, fr=0.047
p:1.382, 0.583, 0.25, fr=1.112
p:0.228, 0.237, -1.008
p:1.885, 0.429, -1.511, fr=0.566
p:1.511, -0.975, 0.532, fr=0.096
j:2, 3, stif=0.944
j:1, 3
j:6, 2, stif=0.838
j:4, 1, stif=0.81
j:5, 4, stif=0.985
j:0, 2
j:1, 5
n:j=1, d=|:p=0.232
n:p=2, d=Gpart:ry=-1.322
n:j=0, d=@
c:2, 1, -7.266
",0.003445169600854746,"//0
p:fr=0.472
p:1.008, 0.373, -0.184
p:1.493, -0.721, 0.349, fr=0.047
p:1.382, 0.583, 0.25, fr=1.112
p:0.228, 0.237, -1.008
p:1.885, 0.429, -1.511, fr=0.566
p:1.511, -0.975, 0.532, fr=0.096
j:2, 3, stif=0.944
j:1, 3
j:6, 2, stif=0.838
j:4, 1, stif=0.81
j:5, 4, stif=0.985
j:0, 2
n:j=1, d=|:p=0.232
n:p=2, d=Gpart:ry=-1.322
n:j=0, d=@
c:2, 1, -7.266
",0.00010695734089002535,feasible,21
36,0,45,"//0
p:fr=0.472
p:1.008, 0.373, -0.184
p:1.493, -0.721, 0.349, fr=0.047
p:1.382, 0.583, 0.25, fr=1.112
p:0.228, 0.237, -1.008
p:1.885, 0.429, -1.511, fr=0.566
p:1.511, -0.975, 0.532, fr=0.096
j:2, 3, stif=0.944
j:1, 3
j:6, 2, stif=0.838
j:4, 1, stif=0.81
j:5, 4, stif=0.985
j:0, 2
j:1, 5
n:j=1, d=|:p=0.232
n:p=2, d=Gpart:ry=-1.322
n:j=0, d=@
c:2, 1, -7.266
",0.003445169600854746,"//0
p:fr=0.472
p:1.008, 0.373, -0.184
p:1.493, -0.721, 0.349, fr=0.047
p:1.382, 0.583, 0.25, fr=1.112
p:0.228, 0.237, -1.008
p:1.885, 0.429, -1.511, fr=0.566
p:1.511, -0.975, 0.532, fr=0.096
j:2, 3, stif=0.944, rotstif=0.944
j:1, 3
j:6, 2, stif=0.838
j:4, 1, stif=0.81
j:5, 4, stif=0.985
j:0, 2
j:1, 5
n:j=1, d=|:p=0.232
n:p=2, d=Gpart:ry=-1.322
n:j=0, d=@
c:2, 1, -7.266
",0.003445169600854746,feasible,21
36,0,45,"//0
p:fr=0.472
p:1.008, 0.373, -0.184
p:1.493, -0.721, 0.349, fr=0.047
p:1.382, 0.583, 0.25, fr=1.112
p:0.228, 0.237, -1.008
p:1.885, 0.429, -1.511, fr=0.566
p:1.511, -0.975, 0.532, fr=0.096
j:2, 3, stif=0.944
j:1, 3
j:6, 2, stif=0.838
j:4, 1, stif=0.81
j:5, 4, stif=0.985
j:0, 2
j:1, 5
n:j=1, d=|:p=0.232
n:p=2, d=Gpart:ry=-1.322
n:j=0, d=@
c:2, 1, -7.266
",0.003445169600854746,"//0
p:fr=0.472
p:1.008, 0.373, -0.184
p:1.493, -0.721, 0.349, fr=0.047
p:1.382, 0.583, 0.25, fr=1.112
p:0.228, 0.237, -1.008
p:1.885, 0.429, -1.511, fr=0.566
p:1.511, -0.975, 0.532, fr=0.096
j:2, 3, stif=0.944
j:1, 3
j:6, 2, stif=0.838
j:4, 1, stif=0.81
j:5, 4, stif=0.985
j:0, 2
j:1, 5
n:j=1, d=|:p=0.232
n:p=2, d=Gpart:ry=-1.322
n:j=0, d=@
n:
c:2, 1, -7.266
c:3, 3, 0.3
",0.003445169600854746,feasible,21
36,0,45,"//0
p:fr=0.472
p:1.008, 0.373, -0.184
p:1.493, -0.721, 0.349, fr=0.047
p:1.382, 0.583, 0.25, fr=1.112
p:0.228, 0.237, -1.008
p:1.885, 0.429, -1.511, fr=0.566
p:1.511, -0.975, 0.532, fr=0.096
j:2, 3, stif=0.944
j:1, 3
j:6, 2, stif=0.838
j:4, 1, stif=0.81
j:5, 4, stif=0.985
j:0, 2
j:1, 5
n:j=1, d=|:p=0.232
n:p=2, d=Gpart:ry=-1.322
n:j=0, d=@
c:2, 1, -7.266
",0.003445169600854746,"//0
p:fr=0.472
p:1.008, 0.373, -0.184
p:1.493, -0.721, 0.349, fr=0.047
p:1.382, 0.583, 0.25, fr=1.112
p:0.228, 0.237, -1.008
p:1.885, 0.429, -1.511, fr=0.566
p:1.511, -0.975, 0.532, fr=0.096, ing=0.227
j:2, 3, stif=0.944
j:1, 3
j:6, 2, stif=0.838
j:4, 1, stif=0.81
j:5, 4, stif=0.985
j:0, 2
j:1, 5
n:j=1, d=|:p=0.232
n:p=2, d=Gpart:ry=-1.322
n:j=0, d=@
c:2, 1, -7.266
",0.003445169600854746,feasible,21
36,0,45,"//0
p:fr=0.472
p:1.008, 0.373, -0.184
p:1.493, -0.721, 0.349, fr=0.047
p:1.382, 0.583, 0.25, fr=1.112
p:0.228, 0.237, -1.008
p:1.885, 0.429, -1.511, fr=0.566
p:1.511, -0.975, 0.532, fr=0.096
j:2, 3, stif=0.944
j:1, 3
j:6, 2, stif=0.838
j:4, 1, stif=0.81
j:5, 4, stif=0.985
j:0, 2
j:1, 5
n:j=1, d=|:p=0.232
n:p=2, d=Gpart:ry=-1.322
n:j=0, d=@
c:2, 1, -7.266
",0.003445169600854746,"//0
p:fr=0.472
p:1.008, 0.373, -0.184
p:1.493, -0.721, 0.349, fr=0.047, ing=0.317
p:1.382, 0.583, 0.25, fr=1.112
p:0.228, 0.237, -1.008
p:1.885, 0.429, -1.511, fr=0.566
p:1.511, -0.975, 0.532, fr=0.096
j:2, 3, stif=0.944
j:1, 3
j:6, 2, stif=0.838
j:4, 1, stif=0.81
j:5, 4, stif=0.985
j:0, 2
j:1, 5
n:j=1, d=|:p=0.232
n:p=2, d=Gpart:ry=-1.322
n:j=0, d=@
c:2, 1, -7.266
",0.003445169600854746,feasible,21
36,0,45,"//0
p:fr=0.472
p:1.008, 0.373, -0.184
p:1.493, -0.721, 0.349, fr=0.047
p:1.382, 0.583, 0.25, fr=1.112
p:0.228, 0.237, -1.008
p:1.885, 0.429, -1.511, fr=0.566
p:1.511, -0.975, 0.532, fr=0.096
j:2, 3, stif=0.944
j:1, 3
j:6, 2, stif=0.838
j:4, 1, stif=0.81
j:5, 4, stif=0.985
j:0, 2
j:1, 5
n:j=1, d=|:p=0.232
n:p=2, d=Gpart:ry=-1.322
n:j=0, d=@
c:2, 1, -7.266
",0.003445169600854746,"//0
p:fr=0.472
p:1.008, 0.373, -0.184
p:1.493, -0.721, 0.349, fr=0.047
p:1.382, 0.583, 0.25, fr=1.112, ing=0.18
p:0.228, 0.237, -1.008
p:1.885, 0.429, -1.511, fr=0.566
p:1.511, -0.975, 0.532, fr=0.096
j:2, 3, stif=0.944
j:1, 3
j:6, 2, stif=0.838
j:4, 1, stif=0.81
j:5, 4, stif=0.985
j:0, 2
j:1, 5
n:j=1, d=|:p=0.232
n:p=2, d=Gpart:ry=-1.322
n:j=0, d=@
c:2, 1, -7.266
",0.003445169600854746,feasible,21
36,0,45,"//0
p:fr=0.472
p:1.008, 0.373, -0.184
p:1.493, -0.721, 0.349, fr=0.047
p:1.382, 0.583, 0.25, fr=1.112
p:0.228, 0.237, -1.008
p:1.885, 0.429, -1.511, fr=0.566
p:1.511, -0.975, 0.532, fr=0.096
j:2, 3, stif=0.944
j:1, 3
j:6, 2, stif=0.838
j:4, 1, stif=0.81
j:5, 4, stif=0.985
j:0, 2
j:1, 5
n:j=1, d=|:p=0.232
n:p=2, d=Gpart:ry=-1.322
n:j=0, d=@
c:2, 1, -7.266
",0.003445169600854746,"//0
p:fr=0.472
p:1.008, 0.373, -0.184
p:1.493, -0.721, 0.349, fr=0.047
p:1.382, 0.583, 0.25, fr=1.112
p:0.228, 0.237, -1.008
p:1.885, 0.429, -1.511, fr=0.566
p:1.416, -1.013, 0.36, fr=0.096
j:2, 3, stif=0.944
j:1, 3
j:6, 2, stif=0.838
j:4, 1, stif=0.81
j:5, 4, stif=0.985
j:0, 2
j:1, 5
n:j=1, d=|:p=0.232
n:p=2, d=Gpart:ry=-1.322
n:j=0, d=@
c:2, 1, -7.266
",0.002587846983557419,feasible,21
36,0,45,"//0
p:fr=0.472
p:1.008, 0.373, -0.184
p:1.493, -0.721, 0.349, fr=0.047
p:1.382, 0.583, 0.25, fr=1.112
p:0.228, 0.237, -1.008
p:1.885, 0.429, -1.511, fr=0.566
p:1.511, -0.975, 0.532, fr=0.096
j:2, 3, stif=0.944
j:1, 3
j:6, 2, stif=0.838
j:4, 1, stif=0.81
j:5, 4, stif=0.985
j:0, 2
j:1, 5
n:j=1, d=|:p=0.232
n:p=2, d=Gpart:ry=-1.322
n:j=0, d=@
c:2, 1, -7.266
",0.003445169600854746,"//0
p:1.008, 0.373, -0.184
p:1.493, -0.721, 0.349, fr=0.047
p:1.382, 0.583, 0.25, fr=1.112
p:0.228, 0.237, -1.008
p:1.885, 0.429, -1.511, fr=0.566
p:1.511, -0.975, 0.532, fr=0.096
j:1, 2, stif=0.944
j:0, 2
j:5, 1, stif=0.838
j:3, 0, stif=0.81
j:4, 3, stif=0.985
j:0, 4
n:j=1, d=|:p=0.232
n:p=1, d=Gpart:ry=-1.322
n:j=0, d=@
c:2, 1, -7.266
",0.00029942153496976154,feasible,21
36,0,45,"//0
p:fr=0.472
p:1.008, 0.373, -0.184
p:1.493, -0.721, 0.349, fr=0.047
p:1.382, 0.583, 0.25, fr=1.112
p:0.228, 0.237, -1.008
p:1.885, 0.429, -1.511, fr=0.566
p:1.511, -0.975, 0.532, fr=0.096
j:2, 3, stif=0.944
j:1, 3
j:6, 2, stif=0.838
j:4, 1, stif=0.81
j:5, 4, stif=0.985
j:0, 2
j:1, 5
n:j=1, d=|:p=0.232
n:p=2, d=Gpart:ry=-1.322
n:j=0, d=@
c:2, 1, -7.266
",0.003445169600854746,"//0
p:fr=0.472
p:1.008, 0.373, -0.184
p:1.493, -0.721, 0.349, fr=0.047
p:1.382, 0.583, 0.25, fr=1.112
p:0.228, 0.237, -1.008
p:1.885, 0.429, -1.511, fr=0.566
p:1.511, -0.975, 0.532, fr=0.096
j:2, 3, stif=0.944
j:1, 3
j:6, 2, stif=0.838
j:4, 1, stif=0.81
j:5, 4, stif=0.985
j:0, 2
j:1, 5
n:j=1, d=|:p=0.232
n:p=2, d=Gpart:ry=-1.322
n:j=0, d=@
c:2, 1, -7.513
",0.0034617501689369265,feasible,21
36,0,45,"//0
p:fr=0.472
p:1.008, 0.373, -0.184
p:1.493, -0.721, 0.349, fr=0.047
p:1.382, 0.583, 0.25, fr=1.112
p:0.228, 0.237, -1.008
p:1.885, 0.429, -1.511, fr=0.566
p:1.511, -0.975, 0.532, fr=0.096
j:2, 3, stif=0.944
j:1, 3
j:6, 2, stif=0.838
j:4, 1, stif=0.81
j:5, 4, stif=0.985
j:0, 2
j:1, 5
n:j=1, d=|:p=0.232
n:p=2, d=Gpart:ry=-1.322
n:j=0, d=@
c:2, 1, -7.266
",0.003445169600854746,"//0
p:fr=0.472
p:1.008, 0.373, -0.184
p:1.493, -0.721, 0.349, fr=0.047
p:1.382, 0.583, 0.25, fr=1.112
p:0.228, 0.237, -1.008
p:1.885, 0.429, -1.511, fr=1.189
p:1.511, -0.975, 0.532, fr=0.096
j:2, 3, stif=0.944
j:1, 3
j:6, 2, stif=0.838
j:4, 1, stif=0.81
j:5, 4, stif=0.985
j:0, 2
j:1, 5
n:j=1, d=|:p=0.232
n:p=2, d=Gpart:ry=-1.322
n:j=0, d=@
c:2, 1, -7.266
",0.0034722702834727548,feasible,21
36,0,45,"//0
p:fr=0.472
p:1.008, 0.373, -0.184
p:1.493, -0.721, 0.349, fr=0.047
p:1.382, 0.583, 0.25, fr=1.112
p:0.228, 0.237, -1.008
p:1.885, 0.429, -1.511, fr=0.566
p:1.511, -0.975, 0.532, fr=0.096
j:2, 3, stif=0.944
j:1, 3
j:6, 2, stif=0.838
j:4, 1, stif=0.81
j:5, 4, stif=0.985
j:0, 2
j:1, 5
n:j=1, d=|:p=0.232
n:p=2, d=Gpart:ry=-1.322
n:j=0, d=@
c:2, 1, -7.266
",0.003445169600854746,"//0
p:fr=0.472
p:1.008, 0.373, -0.184
p:1.493, -0.721, 0.349, fr=0.047
p:1.382, 0.583, 0.25, fr=1.602
p:0.228, 0.237, -1.008
p:1.885, 0.429, -1.511, fr=0.566
p:1.511, -0.975, 0.532, fr=0.096
j:2, 3, stif=0.944
j:1, 3
j:6, 2, stif=0.838
j:4, 1, stif=0.81
j:5, 4, stif=0.985
j:0, 2
j:1, 5
n:j=1, d=|:p=0.232
n:p=2, d=Gpart:ry=-1.322
n:j=0, d=@
c:2, 1, -7.266
",0.003445169600854746,feasible,21
36,0,45,"//0
p:fr=0.472
p:1.008, 0.373, -0.184
p:1.493, -0.721, 0.349, fr=0.047
p:1.382, 0.583, 0.25, fr=1.112
p:0.228, 0.237, -1.008
p:1.885, 0.429, -1.511, fr=0.566
p:1.511, -0.975, 0.532, fr=0.096
j:2, 3, stif=0.944
j:1, 3
j:6, 2, stif=0.838
j:4, 1, stif=0.81
j:5, 4, stif=0.985
j:0, 2
j:1, 5
n:j=1, d=|:p=0.232
n:p=2, d=Gpart:ry=-1.322
n:j=0, d=@
c:2, 1, -7.266
",0.003445169600854746,"//0
p:fr=0.472
p:1.008, 0.373, -0.184
p:1.493, -0.721, 0.349, fr=0.047
p:1.382, 0.583, 0.25, fr=1.112
p:0.228, 0.237, -1.008, fr=0.473
p:1.885, 0.429, -1.511, fr=0.566
p:1.511, -0.975, 0.532, fr=0.096
j:2, 3, stif=0.944
j:1, 3
j:6, 2, stif=0.838
j:4, 1, stif=0.81
j:5, 4, stif=0.985
j:0, 2
j:1, 5
n:j=1, d=|:p=0.232
n:p=2, d=Gpart:ry=-1.322
n:j=0, d=@
c:2, 1, -7.266
",0.003483171093953202,feasible,21
36,0,45,"//0
p:fr=0.472
p:1.008, 0.373, -0.184
p:1.493, -0.721, 0.349, fr=0.047
p:1.382, 0.583, 0.25, fr=1.112
p:0.228, 0.237, -1.008
p:1.885, 0.429, -1.511, fr=0.566
p:1.511, -0.975, 0.532, fr=0.096
j:2, 3, stif=0.944
j:1, 3
j:6, 2, stif=0.838
j:4, 1, stif=0.81
j:5, 4, stif=0.985
j:0, 2
j:1, 5
n:j=1, d=|:p=0.232
n:p=2, d=Gpart:ry=-1.322
n:j=0, d=@
c:2, 1, -7.266
",0.003445169600854746,"//0
p:fr=0.472
p:1.008, 0.373, -0.184
p:1.493, -0.721, 0.349, fr=0.047
p:1.382, 0.583, 0.25, fr=1.112
p:0.228, 0.237, -1.008
p:1.885, 0.429, -1.511, fr=0.566
p:1.511, -0.975, 0.532, fr=0.096
j:2, 3, stif=0.944
j:1, 3
j:6, 2, stif=0.838
j:4, 1, stif=0.81
j:5, 4, stif=0.985
j:0, 2, rotstif=0.917
j:1, 5
n:j=1, d=|:p=0.232
n:p=2, d=Gpart:ry=-1.322
n:j=0, d=@
c:2, 1, -7.266
",0.003445169600854746,feasible,21
36,0,45,"//0
p:fr=0.472
p:1.008, 0.373, -0.184
p:1.493, -0.721, 0.349, fr=0.047
p:1.382, 0.583, 0.25, fr=1.112
p:0.228, 0.237, -1.008
p:1.885, 0.429, -1.511, fr=0.566
p:1.511, -0.975, 0.532, fr=0.096
j:2, 3, stif=0.944
j:1, 3
j:6, 2, stif=0.838
j:4, 1, stif=0.81
j:5, 4, stif=0.985
j:0, 2
j:1, 5
n:j=1, d=|:p=0.232
n:p=2, d=Gpart:ry=-1.322
n:j=0, d=@
c:2, 1, -7.266
",0.003445169600854746,"//0
p:fr=0.472
p:1.008, 0.373, -0.184
p:1.493, -0.721, 0.349, fr=0.047
p:1.734, 0.724, 0.068, fr=1.112
p:0.228, 0.237, -1.008
p:1.885, 0.429, -1.511, fr=0.566
p:1.511, -0.975, 0.532, fr=0.096
j:2, 3, stif=0.944
j:1, 3
j:6, 2, stif=0.838
j:4, 1, stif=0.81
j:5, 4, stif=0.985
j:0, 2
j:1, 5
n:j=1, d=|:p=0.232
n:p=2, d=Gpart:ry=-1.322
n:j=0, d=@
c:2, 1, -7.266
",0.00022952407147413948,feasible,21
36,0,45,"//0
p:fr=0.472
p:1.008, 0.373, -0.184
p:1.493, -0.721, 0.349, fr=0.047
p:1.382, 0.583, 0.25, fr=1.112
p:0.228, 0.237, -1.008
p:1.885, 0.429, -1.511, fr=0.566
p:1.511, -0.975, 0.532, fr=0.096
j:2, 3, stif=0.944
j:1, 3
j:6, 2, stif=0.838
j:4, 1, stif=0.81
j:5, 4, stif=0.985
j:0, 2
j:1, 5
n:j=1, d=|:p=0.232
n:p=2, d=Gpart:ry=-1.322
n:j=0, d=@
c:2, 1, -7.266
",0.003445169600854746,"//0
p:fr=0.472
p:1.008, 0.373, -0.184
p:1.493, -0.721, 0.349, fr=0.047
p:1.382, 0.583, 0.25, fr=1.112
p:0.228, 0.237, -1.008
p:1.885, 0.429, -1.511, fr=0.566
p:1.511, -0.975, 0.532, fr=0.096
j:2, 3, stif=0.944
j:1, 3
j:6, 2, stif=0.838
j:4, 1, stif=0.81
j:5, 4, stif=0.985
j:0, 2
j:1, 5
n:j=1, d=|:p=0.232
n:p=2, d=Gpart:ry=-1.322
n:j=0, d=@
n:p=2, d=Gpart
c:0, 3, -0.445
c:2, 1, -7.266
",0.0034795956209698795,feasible,21
36,0,45,"//0
p:fr=0.472
p:1.008, 0.373, -0.184
p:1.493, -0.721, 0.349, fr=0.047
p:1.382, 0.583, 0.25, fr=1.112
p:0.228, 0.237, -1.008
p:1.885, 0.429, -1.511, fr=0.566
p:1.511, -0.975, 0.532, fr=0.096
j:2, 3, stif=0.944
j:1, 3
j:6, 2, stif=0.838
j:4, 1, stif=0.81
j:5, 4, stif=0.985
j:0, 2
j:1, 5
n:j=1, d=|:p=0.232
n:p=2, d=Gpart:ry=-1.322
n:j=0, d=@
c:2, 1, -7.266
",0.003445169600854746,"//0
p:fr=0.472
p:1.008, 0.373, -0.184
p:1.493, -0.721, 0.349, fr=0.039
p:1.382, 0.583, 0.25, fr=1.112
p:0.228, 0.237, -1.008
p:1.885, 0.429, -1.511, fr=0.566
p:1.511, -0.975, 0.532, fr=0.096
j:2, 3, stif=0.944
j:1, 3
j:6, 2, stif=0.838
j:4, 1, stif=0.81
j:5, 4, stif=0.985
j:0, 2
j:1, 5
n:j=1, d=|:p=0.232
n:p=2, d=Gpart:ry=-1.322
n:j=0, d=@
c:2, 1, -7.266
",0.0034507213414308045,feasible,21
36,0,45,"//0
p:fr=0.472
p:1.008, 0.373, -0.184
p:1.493, -0.721, 0.349, fr=0.047
p:1.382, 0.583, 0.25, fr=1.112
p:0.228, 0.237, -1.008
p:1.885, 0.429, -1.511, fr=0.566
p:1.511, -0.975, 0.532, fr=0.096
j:2, 3, stif=0.944
j:1, 3
j:6, 2, stif=0.838
j:4, 1, stif=0.81
j:5, 4, stif=0.985
j:0, 2
j:1, 5
n:j=1, d=|:p=0.232
n:p=2, d=Gpart:ry=-1.322
n:j=0, d=@
c:2, 1, -7.266
",0.003445169600854746,"//0
p:fr=0.472
p:1.14, 1.14, -0.168
p:1.493, -0.721, 0.349, fr=0.047
p:1.382, 0.583, 0.25, fr=1.112
p:0.228, 0.237, -1.008
p:1.885, 0.429, -1.511, fr=0.566
p:1.511, -0.975, 0.532, fr=0.096
j:2, 3, stif=0.944
j:1, 3
j:6, 2, stif=0.838
j:4, 1, stif=0.81
j:5, 4, stif=0.985
j:0, 2
j:1, 5
n:j=1, d=|:p=0.232
n:p=2, d=Gpart:ry=-1.322
n:j=0, d=@
c:2, 1, -7.266
",0.00010573090305234631,feasible,21
36,0,45,"//0
p:fr=0.472
p:1.008, 0.373, -0.184
p:1.493, -0.721, 0.349, fr=0.047
p:1.382, 0.583, 0.25, fr=1.112
p:0.228, 0.237, -1.008
p:1.885, 0.429, -1.511, fr=0.566
p:1.511, -0.975, 0.532, fr=0.096
j:2, 3, stif=0.944
j:1, 3
j:6, 2, stif=0.838
j:4, 1, stif=0.81
j:5, 4, stif=0.985
j:0, 2
j:1, 5
n:j=1, d=|:p=0.232
n:p=2, d=Gpart:ry=-1.322
n:j=0, d=@
c:2, 1, -7.266
",0.003445169600854746,"//0
p:fr=0.472
p:1.008, 0.373, -0.184
p:1.493, -0.721, 0.349, fr=0.047
p:1.382, 0.583, 0.25, fr=1.112
p:0.228, 0.237, -1.008
p:1.885, 0.429, -1.511, fr=0.566
p:1.511, -0.975, 0.532, fr=0.096
j:2, 3, stif=0.944
j:1, 3
j:6, 2, stif=0.838
j:4, 1, stif=0.81
j:5, 4, stif=0.985
j:0, 2
j:1, 5
n:j=1, d=|:p=0.232
n:p=2, d=Gpart:ry=-1.322
n:j=0, d=@
n:j=4, d=G
c:0, 3, -1.645
c:2, 1, -7.266
",0.00013092830552799867,feasible,21
36,0,45,"//0
p:fr=0.472
p:1.008, 0.373, -0.184
p:1.493, -0.721, 0.349, fr=0.047
p:1.382, 0.583, 0.25, fr=1.112
p:0.228, 0.237, -1.008
p:1.885, 0.429, -1.511, fr=0.566
p:1.511, -0.975, 0.532, fr=0.096
j:2, 3, stif=0.944
j:1, 3
j:6, 2, stif=0.838
j:4, 1, stif=0.81
j:5, 4, stif=0.985
j:0, 2
j:1, 5
n:j=1, d=|:p=0.232
n:p=2, d=Gpart:ry=-1.322
n:j=0, d=@
c:2, 1, -7.266
",0.003445169600854746,"//0
p:fr=0.472
p:1.008, 0.373, -0.184
p:1.493, -0.721, 0.349, fr=0.047
p:1.382, 0.583, 0.25, fr=1.112
p:0.228, 0.237, -1.008
p:1.885, 0.429, -1.511, fr=0.566
p:1.589, -1.256, 0.515, fr=0.096
j:2, 3, stif=0.944
j:1, 3
j:6, 2, stif=0.838
j:4, 1, stif=0.81
j:5, 4, stif=0.985
j:0, 2
j:1, 5
n:j=1, d=|:p=0.232
n:p=2, d=Gpart:ry=-1.322
n:j=0, d=@
c:2, 1, -7.266
",0.0006589808965310481,feasible,21
36,0,46,"//0
p:fr=0.472
p:1.008, 0.373, -0.184
p:1.493, -0.721, 0.349, fr=0.047
p:1.382, 0.583, 0.25, fr=1.112
p:0.228, 0.237, -1.008
p:1.885, 0.429, -1.511, fr=0.566
p:1.511, -0.975, 0.532, fr=0.096
j:2, 3, stif=0.944
j:1, 3
j:6, 2, stif=0.838
j:4, 1, stif=0.81
j:5, 4, stif=0.985
j:0, 2
j:1, 5
n:j=1, d=|:p=0.232
n:p=2, d=Gpart:ry=-1.322
n:j=0, d=@
c:2, 1, -7.332
",0.003491775958667773,"//0
p:fr=0.472
p:1.008, 0.373, -0.184
p:1.493, -0.721, 0.349, fr=0.047
p:1.382, 0.583, 0.25, fr=1.112
p:0.228, 0.237, -1.008
p:1.885, 0.429, -1.511, fr=0.566
p:1.511, -0.975, 0.532, fr=0.096
j:2, 3, stif=0.883
j:1, 3
j:6, 2, stif=0.838
j:4, 1, stif=0.81
j:5, 4, stif=0.985
j:0, 2
j:1, 5
n:j=1, d=|:p=0.232
n:p=2, d=Gpart:ry=-1.322
n:j=0, d=@
c:2, 1, -7.332
",0.003442298526891306,feasible,20
36,0,46,"//0
p:fr=0.472
p:1.008, 0.373, -0.184
p:1.493, -0.721, 0.349, fr=0.047
p:1.382, 0.583, 0.25, fr=1.112
p:0.228, 0.237, -1.008
p:1.885, 0.429, -1.511, fr=0.566
p:1.511, -0.975, 0.532, fr=0.096
j:2, 3, stif=0.944
j:1, 3
j:6, 2, stif=0.838
j:4, 1, stif=0.81
j:5, 4, stif=0.985
j:0, 2
j:1, 5
n:j=1, d=|:p=0.232
n:p=2, d=Gpart:ry=-1.322
n:j=0, d=@
c:2, 1, -7.332
",0.003491775958667773,"//0
p:fr=0.472
p:1.008, 0.373, -0.184
p:1.493, -0.721, 0.349, fr=0.047
p:1.382, 0.583, 0.25, fr=1.112
p:0.228, 0.237, -1.008
p:1.885, 0.429, -1.511, fr=0.566
p:1.511, -0.975, 0.532, fr=0.096
j:2, 3, stif=0.944
j:1, 3
j:6, 2, stif=0.838
j:4, 1, stif=0.81
j:5, 4, stif=0.985
j:0, 2
j:1, 5
n:j=1, d=|:p=0.232
n:p=2, d=Gpart:ry=-1.322
n:j=0, d=@
n:p=0, d=Gpart
c:0, 3, 0.02
c:2, 1, -7.332
",0.0034409132538405734,feasible,20
36,0,46,"//0
p:fr=0.472
p:1.008, 0.373, -0.184
p:1.493, -0.721, 0.349, fr=0.047
p:1.382, 0.583, 0.25, fr=1.112
p:0.228, 0.237, -1.008
p:1.885, 0.429, -1.511, fr=0.566
p:1.511, -0.975, 0.532, fr=0.096
j:2, 3, stif=0.944
j:1, 3
j:6, 2, stif=0.838
j:4, 1, stif=0.81
j:5, 4, stif=0.985
j:0, 2
j:1, 5
n:j=1, d=|:p=0.232
n:p=2, d=Gpart:ry=-1.322
n:j=0, d=@
c:2, 1, -7.332
",0.003491775958667773,"//0
p:fr=0.472
p:1.008, 0.373, -0.184
p:1.493, -0.721, 0.349, fr=0.047
p:1.382, 0.583, 0.25, fr=1.112
p:0.228, 0.237, -1.008
p:1.885, 0.429, -1.511, fr=0.566
p:1.511, -0.975, 0.532, fr=0.096
j:2, 3, stif=0.944
j:1, 3, stif=0.987
j:6, 2, stif=0.838
j:4, 1, stif=0.81
j:5, 4, stif=0.985
j:0, 2
j:1, 5
n:j=1, d=|:p=0.232
n:p=2, d=Gpart:ry=-1.322
n:j=0, d=@
c:2, 1, -7.332
",0.003356872085096126,feasible,20
36,0,46,"//0
p:fr=0.472
p:1.008, 0.373, -0.184
p:1.493, -0.721, 0.349, fr=0.047
p:1.382, 0.583, 0.25, fr=1.112
p:0.228, 0.237, -1.008
p:1.885, 0.429, -1.511, fr=0.566
p:1.511, -0.975, 0.532, fr=0.096
j:2, 3, stif=0.944
j:1, 3
j:6, 2, stif=0.838
j:4, 1, stif=0.81
j:5, 4, stif=0.985
j:0, 2
j:1, 5
n:j=1, d=|:p=0.232
n:p=2, d=Gpart:ry=-1.322
n:j=0, d=@
c:2, 1, -7.332
",0.003491775958667773,"//0
p:fr=0.472
p:1.008, 0.373, -0.184
p:1.493, -0.721, 0.349, fr=0.047
p:1.382, 0.583, 0.25, fr=1.112
p:0.228, 0.237, -1.008, ing=0.325
p:1.885, 0.429, -1.511, fr=0.566
p:1.511, -0.975, 0.532, fr=0.096
j:2, 3, stif=0.944
j:1, 3
j:6, 2, stif=0.838
j:4, 1, stif=0.81
j:5, 4, stif=0.985
j:0, 2
j:1, 5
n:j=1, d=|:p=0.232
n:p=2, d=Gpart:ry=-1.322
n:j=0, d=@
c:2, 1, -7.332
",0.003491775958667773,feasible,20
36,0,46,"//0
p:fr=0.472
p:1.008, 0.373, -0.184
p:1.493, -0.721, 0.349, fr=0.047
p:1.382, 0.583, 0.25, fr=1.112
p:0.228, 0.237, -1.008
p:1.885, 0.429, -1.511, fr=0.566
p:1.511, -0.975, 0.532, fr=0.096
j:2, 3, stif=0.944
j:1, 3
j:6, 2, stif=0.838
j:4, 1, stif=0.81
j:5, 4, stif=0.985
j:0, 2
j:1, 5
n:j=1, d=|:p=0.232
n:p=2, d=Gpart:ry=-1.322
n:j=0, d=@
c:2, 1, -7.332
",0.003491775958667773,"//0
p:fr=0.472
p:1.008, 0.373, -0.184
p:1.493, -0.721, 0.349, fr=0.047
p:1.382, 0.583, 0.25, fr=1.112
p:0.228, 0.237, -1.008
p:1.885, 0.429, -1.511, fr=0.566
p:1.511, -0.975, 0.532, fr=0.096
j:2, 3, stif=0.944
j:1, 3
j:6, 2, stif=0.838
j:4, 1, stif=0.81
j:5, 4, stif=0.985
j:0, 2
j:1, 5
n:j=1, d=""|:p=0.232, r=0.865""
n:p=2, d=Gpart:ry=-1.322
n:j=0, d=@
c:2, 1, -7.332
",0.003491775958667773,feasible,20
36,0,46,"//0
p:fr=0.472
p:1.008, 0.373, -0.184
p:1.493, -0.721, 0.349, fr=0.047
p:1.382, 0.583, 0.25, fr=1.112
p:0.228, 0.237, -1.008
p:1.885, 0.429, -1.511, fr=0.566
p:1.511, -0.975, 0.532, fr=0.096
j:2, 3, stif=0.944
j:1, 3
j:6, 2, stif=0.838
j:4, 1, stif=0.81
j:5, 4, stif=0.985
j:0, 2
j:1, 5
n:j=1, d=|:p=0.232
n:p=2, d=Gpart:ry=-1.322
n:j=0, d=@
c:2, 1, -7.332
",0.003491775958667773,"//0
p:fr=0.472
p:1.008, 0.373, -0.184
p:1.493, -0.721, 0.349, fr=0.047
p:1.382, 0.583, 0.25, fr=1.112
p:0.228, 0.237, -1.008
p:1.885, 0.429, -1.511, fr=0.566
p:1.511, -0.975, 0.532, fr=0.096
j:2, 3, stif=0.944
j:1, 3
j:6, 2, stif=0.838
j:4, 1, stif=0.81
j:5, 4, stif=0.985
j:0, 2
j:1, 5
n:j=1, d=|:p=0.232
n:p=2, d=Gpart:ry=-1.322
n:j=0, d=@
c:0, 1, 3.765
c:2, 1, -7.332
",0.00022632771366301477,feasible,20
36,0,46,"//0
p:fr=0.472
p:1.008, 0.373, -0.184
p:1.493, -0.721, 0.349, fr=0.047
p:1.382, 0.583, 0.25, fr=1.112
p:0.228, 0.237, -1.008
p:1.885, 0.429, -1.511, fr=0.566
p:1.511, -0.975, 0.532, fr=0.096
j:2, 3, stif=0.944
j:1, 3
j:6, 2, stif=0.838
j:4, 1, stif=0.81
j:5, 4, stif=0.985
j:0, 2
j:1, 5
n:j=1, d=|:p=0.232
n:p=2, d=Gpart:ry=-1.322
n:j=0, d=@
c:2, 1, -7.332
",0.003491775958667773,"//0
p:fr=0.472
p:1.008, 0.373, -0.184
p:1.493, -0.721, 0.349, fr=0.047
p:1.382, 0.583, 0.25, fr=1.112
p:0.28519771697007634, 0.25821218189347395, -1.0370564402207987
p:1.9615425375732856, 0.8772962080155624, -1.8679364606835447, fr=0.566
p:1.511, -0.975, 0.532, fr=0.096
j:2, 3, stif=0.944
j:1, 3
j:6, 2, stif=0.838
j:4, 1, stif=0.81
j:5, 4, stif=0.985
j:0, 2
j:1, 5
n:j=1, d=|:p=0.232
n:p=2, d=Gpart:ry=-1.322
n:j=0, d=@
c:2, 1, -7.332
",0.0004643568918816549,feasible,20
36,0,46,"//0
p:fr=0.472
p:1.008, 0.373, -0.184
p:1.493, -0.721, 0.349, fr=0.047
p:1.382, 0.583, 0.25, fr=1.112
p:0.228, 0.237, -1.008
p:1.885, 0.429, -1.511, fr=0.566
p:1.511, -0.975, 0.532, fr=0.096
j:2, 3, stif=0.944
j:1, 3
j:6, 2, stif=0.838
j:4, 1, stif=0.81
j:5, 4, stif=0.985
j:0, 2
j:1, 5
n:j=1, d=|:p=0.232
n:p=2, d=Gpart:ry=-1.322
n:j=0, d=@
c:2, 1, -7.332
",0.003491775958667773,"//0
p:1.008, 0.373, -0.184
p:1.493, -0.721, 0.349, fr=0.047
p:1.382, 0.583, 0.25, fr=1.112
p:0.228, 0.237, -1.008
p:1.885, 0.429, -1.511, fr=0.566
p:1.511, -0.975, 0.532, fr=0.096
j:1, 2, stif=0.944
j:0, 2
j:5, 1, stif=0.838
j:3, 0, stif=0.81
j:4, 3, stif=0.985
j:0, 4
n:j=1, d=|:p=0.232
n:p=1, d=Gpart:ry=-1.322
n:j=0, d=@
c:2, 1, -7.332
",0.0002959678514587911,feasible,20
36,0,46,"//0
p:fr=0.472
p:1.008, 0.373, -0.184
p:1.493, -0.721, 0.349, fr=0.047
p:1.382, 0.583, 0.25, fr=1.112
p:0.228, 0.237, -1.008
p:1.885, 0.429, -1.511, fr=0.566
p:1.511, -0.975, 0.532, fr=0.096
j:2, 3, stif=0.944
j:1, 3
j:6, 2, stif=0.838
j:4, 1, stif=0.81
j:5, 4, stif=0.985
j:0, 2
j:1, 5
n:j=1, d=|:p=0.232
n:p=2, d=Gpart:ry=-1.322
n:j=0, d=@
c:2, 1, -7.332
",0.003491775958667773,"//0
p:fr=0.472
p:1.008, 0.373, -0.184
p:1.493, -0.721, 0.349, fr=0.047
p:1.382, 0.583, 0.25, fr=1.112
p:0.228, 0.237, -1.008
p:1.885, 0.429, -1.511, fr=0.566
p:1.511, -0.975, 0.532, fr=0.096
j:2, 3, stif=0.944
j:1, 3
j:6, 2, stif=0.838
j:4, 1, stif=0.81
j:5, 4, stif=0.996
j:0, 2
j:1, 5
n:j=1, d=|:p=0.232
n:p=2, d=Gpart:ry=-1.322
n:j=0, d=@
c:2, 1, -7.332
",0.0034380779137507963,feasible,20
36,0,46,"//0
p:fr=0.472
p:1.008, 0.373, -0.184
p:1.493, -0.721, 0.349, fr=0.047
p:1.382, 0.583, 0.25, fr=1.112
p:0.228, 0.237, -1.008
p:1.885, 0.429, -1.511, fr=0.566
p:1.511, -0.975, 0.532, fr=0.096
j:2, 3, stif=0.944
j:1, 3
j:6, 2, stif=0.838
j:4, 1, stif=0.81
j:5, 4, stif=0.985
j:0, 2
j:1, 5
n:j=1, d=|:p=0.232
n:p=2, d=Gpart:ry=-1.322
n:j=0, d=@
c:2, 1, -7.332
",0.003491775958667773,"//0
p:fr=0.472
p:1.008, 0.373, -0.184
p:1.493, -0.721, 0.349, fr=0.047
p:1.382, 0.583, 0.25, fr=1.112
p:0.228, 0.237, -1.008
p:1.885, 0.429, -1.511, fr=0.566
p:1.511, -0.975, 0.532, fr=0.096
j:2, 3, stif=0.944
j:1, 3
j:6, 2, stif=0.838
j:4, 1, stif=0.81
j:5, 4, stif=0.985
j:0, 2
j:1, 5
n:j=1, d=""|:p=0.232, r=0.941""
n:p=2, d=Gpart:ry=-1.322
n:j=0, d=@
c:2, 1, -7.332
",0.003491775958667773,feasible,20
36,0,46,"//0
p:fr=0.472
p:1.008, 0.373, -0.184
p:1.493, -0.721, 0.349, fr=0.047
p:1.382, 0.583, 0.25, fr=1.112
p:0.228, 0.237, -1.008
p:1.885, 0.429, -1.511, fr=0.566
p:1.511, -0.975, 0.532, fr=0.096
j:2, 3, stif=0.944
j:1, 3
j:6, 2, stif=0.838
j:4, 1, stif=0.81
j:5, 4, stif=0.985
j:0, 2
j:1, 5
n:j=1, d=|:p=0.232
n:p=2, d=Gpart:ry=-1.322
n:j=0, d=@
c:2, 1, -7.332
",0.003491775958667773,"//0
p:fr=0.472
p:1.008, 0.373, -0.184
p:1.493, -0.721, 0.349, fr=0.047
p:1.382, 0.583, 0.25, fr=1.112
p:0.228, 0.237, -1.008
p:1.885, 0.429, -1.511, fr=0.566
p:1.511, -0.975, 0.532, fr=0.716
j:2, 3, stif=0.944
j:1, 3
j:6, 2, stif=0.838
j:4, 1, stif=0.81
j:5, 4, stif=0.985
j:0, 2
j:1, 5
n:j=1, d=|:p=0.232
n:p=2, d=Gpart:ry=-1.322
n:j=0, d=@
c:2, 1, -7.332
",0.003421607487818423,feasible,20
36,0,46,"//0
p:fr=0.472
p:1.008, 0.373, -0.184
p:1.493, -0.721, 0.349, fr=0.047
p:1.382, 0.583, 0.25, fr=1.112
p:0.228, 0.237, -1.008
p:1.885, 0.429, -1.511, fr=0.566
p:1.511, -0.975, 0.532, fr=0.096
j:2, 3, stif=0.944
j:1, 3
j:6, 2, stif=0.838
j:4, 1, stif=0.81
j:5, 4, stif=0.985
j:0, 2
j:1, 5
n:j=1, d=|:p=0.232
n:p=2, d=Gpart:ry=-1.322
n:j=0, d=@
c:2, 1, -7.332
",0.003491775958667773,"//0
p:fr=0.472
p:1.008, 0.373, -0.184
p:1.493, -0.721, 0.349, fr=0.047
p:1.382, 0.583, 0.25, fr=1.112
p:0.228, 0.237, -1.008
p:1.885, 0.429, -1.511, fr=0.566
p:1.511, -0.975, 0.532, fr=0.096
j:2, 3, stif=0.944
j:1, 3
j:6, 2, stif=0.838
j:4, 1, stif=0.81
j:5, 4, stif=0.985
j:0, 2
j:1, 5
n:j=1, d=|:p=0.232
n:p=2, d=Gpart:ry=-1.322
n:j=0, d=@
c:2, 1, -11.547
",0.0031496521153062153,feasible,20
36,0,46,"//0
p:fr=0.472
p:1.008, 0.373, -0.184
p:1.493, -0.721, 0.349, fr=0.047
p:1.382, 0.583, 0.25, fr=1.112
p:0.228, 0.237, -1.008
p:1.885, 0.429, -1.511, fr=0.566
p:1.511, -0.975, 0.532, fr=0.096
j:2, 3, stif=0.944
j:1, 3
j:6, 2, stif=0.838
j:4, 1, stif=0.81
j:5, 4, stif=0.985
j:0, 2
j:1, 5
n:j=1, d=|:p=0.232
n:p=2, d=Gpart:ry=-1.322
n:j=0, d=@
c:2, 1, -7.332
",0.003491775958667773,"//0
p:fr=0.472
p:1.008, 0.373, -0.184
p:1.493, -0.721, 0.349, fr=0.047
p:1.382, 0.583, 0.25, fr=1.112
p:0.228, 0.237, -1.008
p:1.885, 0.429, -1.511, fr=0.566
p:1.439, -0.813, 0.784, fr=0.096
j:2, 3, stif=0.944
j:1, 3
j:6, 2, stif=0.838
j:4, 1, stif=0.81
j:5, 4, stif=0.985
j:0, 2
j:1, 5
n:j=1, d=|:p=0.232
n:p=2, d=Gpart:ry=-1.322
n:j=0, d=@
c:2, 1, -7.332
",0.002717166609236759,feasible,20
36,0,46,"//0
p:fr=0.472
p:1.008, 0.373, -0.184
p:1.493, -0.721, 0.349, fr=0.047
p:1.382, 0.583, 0.25, fr=1.112
p:0.228, 0.237, -1.008
p:1.885, 0.429, -1.511, fr=0.566
p:1.511, -0.975, 0.532, fr=0.096
j:2, 3, stif=0.944
j:1, 3
j:6, 2, stif=0.838
j:4, 1, stif=0.81
j:5, 4, stif=0.985
j:0, 2
j:1, 5
n:j=1, d=|:p=0.232
n:p=2, d=Gpart:ry=-1.322
n:j=0, d=@
c:2, 1, -7.332
",0.003491775958667773,"//0
p:fr=0.472
p:1.008, 0.373, -0.184
p:1.493, -0.721, 0.349, fr=0.047
p:1.382, 0.583, 0.25, fr=1.112
p:0.228, 0.237, -1.008
p:1.885, 0.429, -1.511, fr=0.566
p:1.511, -0.975, 0.532, fr=0.096
j:6, 3, stif=0.944
j:1, 3
j:2, 6, stif=0.838
j:4, 1, stif=0.81
j:5, 4, stif=0.985
j:0, 6
j:1, 5
n:j=1, d=|:p=0.232
n:p=2, d=Gpart:ry=-1.322
n:j=0, d=@
c:2, 1, -7.332
",3.210203729744703e-05,feasible,20
36,0,46,"//0
p:fr=0.472
p:1.008, 0.373, -0.184
p:1.493, -0.721, 0.349, fr=0.047
p:1.382, 0.583, 0.25, fr=1.112
p:0.228, 0.237, -1.008
p:1.885, 0.429, -1.511, fr=0.566
p:1.511, -0.975, 0.532, fr=0.096
j:2, 3, stif=0.944
j:1, 3
j:6, 2, stif=0.838
j:4, 1, stif=0.81
j:5, 4, stif=0.985
j:0, 2
j:1, 5
n:j=1, d=|:p=0.232
n:p=2, d=Gpart:ry=-1.322
n:j=0, d=@
c:2, 1, -7.332
",0.003491775958667773,"//0
p:fr=0.472
p:1.008, 0.373, -0.184
p:1.493, -0.721, 0.349, fr=0.047
p:1.382, 0.583, 0.25, fr=1.112
p:0.228, 0.237, -1.008
p:1.885, 0.429, -1.511, fr=0.566
p:1.511, -0.975, 0.532, fr=0.096
p:-1.326, -0.423, -0.587
j:2, 3, stif=0.944
j:1, 3
j:6, 2, stif=0.838
j:4, 1, stif=0.81
j:5, 4, stif=0.985
j:0, 2
j:1, 5
j:7, 0
n:j=1, d=|:p=0.232
n:p=2, d=Gpart:ry=-1.322
n:j=0, d=@
c:2, 1, -7.332
",0.00020247464032826943,feasible,20
36,0,46,"//0
p:fr=0.472
p:1.008, 0.373, -0.184
p:1.493, -0.721, 0.349, fr=0.047
p:1.382, 0.583, 0.25, fr=1.112
p:0.228, 0.237, -1.008
p:1.885, 0.429, -1.511, fr=0.566
p:1.511, -0.975, 0.532, fr=0.096
j:2, 3, stif=0.944
j:1, 3
j:6, 2, stif=0.838
j:4, 1, stif=0.81
j:5, 4, stif=0.985
j:0, 2
j:1, 5
n:j=1, d=|:p=0.232
n:p=2, d=Gpart:ry=-1.322
n:j=0, d=@
c:2, 1, -7.332
",0.003491775958667773,"//0
p:fr=0.472
p:1.008, 0.373, -0.184
p:1.493, -0.721, 0.349, fr=0.047
p:1.382, 0.583, 0.25, fr=1.112, ing=0.333
p:0.228, 0.237, -1.008
p:1.885, 0.429, -1.511, fr=0.566
p:1.511, -0.975, 0.532, fr=0.096
j:2, 3, stif=0.944
j:1, 3
j:6, 2, stif=0.838
j:4, 1, stif=0.81
j:5, 4, stif=0.985
j:0, 2
j:1, 5
n:j=1, d=|:p=0.232
n:p=2, d=Gpart:ry=-1.322
n:j=0, d=@
c:2, 1, -7.332
",0.003491775958667773,feasible,20
36,0,46,"//0
p:fr=0.472
p:1.008, 0.373, -0.184
p:1.493, -0.721, 0.349, fr=0.047
p:1.382, 0.583, 0.25, fr=1.112
p:0.228, 0.237, -1.008
p:1.885, 0.429, -1.511, fr=0.566
p:1.511, -0.975, 0.532, fr=0.096
j:2, 3, stif=0.944
j:1, 3
j:6, 2, stif=0.838
j:4, 1, stif=0.81
j:5, 4, stif=0.985
j:0, 2
j:1, 5
n:j=1, d=|:p=0.232
n:p=2, d=Gpart:ry=-1.322
n:j=0, d=@
c:2, 1, -7.332
",0.003491775958667773,"//0
p:fr=0.472
p:1.008, 0.373, -0.184
p:1.493, -0.721, 0.349, fr=0.047
p:1.382, 0.583, 0.25, fr=1.112
p:0.228, 0.237, -1.008
p:1.885, 0.429, -1.511, fr=0.566
p:1.511, -0.975, 0.532, fr=0.096
p:1.085, -1.012, -0.447
j:2, 3, stif=0.944
j:1, 3
j:6, 2, stif=0.838
j:4, 1, stif=0.81
j:5, 4, stif=0.985
j:0, 2
j:1, 5
j:7, 2
n:j=1, d=|:p=0.232
n:p=2, d=Gpart:ry=-1.322
n:j=0, d=@
c:2, 1, -7.332
",0.00026054386627494,feasible,20
36,0,46,"//0
p:fr=0.472
p:1.008, 0.373, -0.184
p:1.493, -0.721, 0.349, fr=0.047
p:1.382, 0.583, 0.25, fr=1.112
p:0.228, 0.237, -1.008
p:1.885, 0.429, -1.511, fr=0.566
p:1.511, -0.975, 0.532, fr=0.096
j:2, 3, stif=0.944
j:1, 3
j:6, 2, stif=0.838
j:4, 1, stif=0.81
j:5, 4, stif=0.985
j:0, 2
j:1, 5
n:j=1, d=|:p=0.232
n:p=2, d=Gpart:ry=-1.322
n:j=0, d=@
c:2, 1, -7.332
",0.003491775958667773,"//0
p:0.24885450111656793, -0.09487829121730218, 0.15759444981856974, fr=0.472
p:1.008, 0.373, -0.184
p:1.857, -0.708, 1.176, fr=0.047
p:1.382, 0.583, 0.25, fr=1.112
p:0.228, 0.237, -1.008
p:1.885, 0.429, -1.511, fr=0.566
p:1.511, -0.975, 0.532, fr=0.096
j:2, 3, stif=0.944
j:1, 3
j:6, 2, stif=0.838
j:4, 1, stif=0.81
j:5, 4, stif=0.985
j:0, 2
j:1, 5
n:j=1, d=|:p=0.232
n:p=2, d=Gpart:ry=-1.322
n:j=0, d=@
c:2, 1, -7.332
",8.526697463875937e-05,feasible,20
36,0,46,"//0
p:fr=0.472
p:1.008, 0.373, -0.184
p:1.493, -0.721, 0.349, fr=0.047
p:1.382, 0.583, 0.25, fr=1.112
p:0.228, 0.237, -1.008
p:1.885, 0.429, -1.511, fr=0.566
p:1.511, -0.975, 0.532, fr=0.096
j:2, 3, stif=0.944
j:1, 3
j:6, 2, stif=0.838
j:4, 1, stif=0.81
j:5, 4, stif=0.985
j:0, 2
j:1, 5
n:j=1, d=|:p=0.232
n:p=2, d=Gpart:ry=-1.322
n:j=0, d=@
c:2, 1, -7.332
",0.003491775958667773,"//0
p:fr=0.472
p:1.008, 0.373, -0.184
p:1.493, -0.721, 0.349, fr=0.047
p:1.382, 0.583, 0.25, fr=1.346
p:0.228, 0.237, -1.008
p:1.885, 0.429, -1.511, fr=0.566
p:1.511, -0.975, 0.532, fr=0.096
j:2, 3, stif=0.944
j:1, 3
j:6, 2, stif=0.838
j:4, 1, stif=0.81
j:5, 4, stif=0.985
j:0, 2
j:1, 5
n:j=1, d=|:p=0.232
n:p=2, d=Gpart:ry=-1.322
n:j=0, d=@
c:2, 1, -7.332
",0.003491775958667773,feasible,20
36,0,46,"//0
p:fr=0.472
p:1.008, 0.373, -0.184
p:1.493, -0.721, 0.349, fr=0.047
p:1.382, 0.583, 0.25, fr=1.112
p:0.228, 0.237, -1.008
p:1.885, 0.429, -1.511, fr=0.566
p:1.511, -0.975, 0.532, fr=0.096
j:2, 3, stif=0.944
j:1, 3
j:6, 2, stif=0.838
j:4, 1, stif=0.81
j:5, 4, stif=0.985
j:0, 2
j:1, 5
n:j=1, d=|:p=0.232
n:p=2, d=Gpart:ry=-1.322
n:j=0, d=@
c:2, 1, -7.332
",0.003491775958667773,"//0
p:fr=0.472
p:1.008, 0.373, -0.184
p:1.493, -0.721, 0.349, fr=0.047
p:1.382, 0.583, 0.25, fr=1.112
p:0.228, 0.237, -1.008
p:1.885, 0.429, -1.511, fr=0.566
p:1.511, -0.975, 0.532, fr=0.096
j:2, 3, stif=0.944
j:1, 3
j:6, 2, stif=0.838
j:4, 1, stif=0.81
j:5, 4, stif=0.985
j:0, 2
j:1, 5
n:j=1, d=|:p=0.243
n:p=2, d=Gpart:ry=-1.322
n:j=0, d=@
c:2, 1, -7.332
",0.0033392650643730023,feasible,20
36,0,47,"//0
p:fr=0.472
p:1.008, 0.373, -0.184
p:1.493, -0.721, 0.349, fr=0.047
p:1.382, 0.583, 0.25, fr=1.112
p:0.182, 0.203, -0.984
p:1.885, 0.429, -1.511, fr=0.566
p:1.511, -0.975, 0.532, fr=0.096
j:2, 3, stif=0.944
j:1, 3
j:6, 2, stif=0.838
j:4, 1, stif=0.81
j:5, 4, stif=0.985
j:0, 2
j:1, 5
n:j=1, d=|:p=0.232
n:p=2, d=Gpart:ry=-1.322
n:j=0, d=@
c:2, 1, -7.332
",0.003528965782788523,"//0
p:fr=0.472
p:1.008, 0.373, -0.184
p:1.493, -0.721, 0.349, fr=0.047
p:1.382, 0.583, 0.25, fr=1.112
p:0.182, 0.203, -0.984
p:1.885, 0.429, -1.511, fr=0.566
p:1.511, -0.975, 0.532, fr=0.096
j:2, 3, stif=0.944
j:1, 3, stif=0.955
j:6, 2, stif=0.838
j:4, 1, stif=0.81
j:5, 4, stif=0.985
j:0, 2
j:1, 5
n:j=1, d=|:p=0.232
n:p=2, d=Gpart:ry=-1.322
n:j=0, d=@
c:2, 1, -7.332
",0.00351803062068469,feasible,20
36,0,47,"//0
p:fr=0.472
p:1.008, 0.373, -0.184
p:1.493, -0.721, 0.349, fr=0.047
p:1.382, 0.583, 0.25, fr=1.112
p:0.182, 0.203, -0.984
p:1.885, 0.429, -1.511, fr=0.566
p:1.511, -0.975, 0.532, fr=0.096
j:2, 3, stif=0.944
j:1, 3
j:6, 2, stif=0.838
j:4, 1, stif=0.81
j:5, 4, stif=0.985
j:0, 2
j:1, 5
n:j=1, d=|:p=0.232
n:p=2, d=Gpart:ry=-1.322
n:j=0, d=@
c:2, 1, -7.332
",0.003528965782788523,"//0
p:fr=0.472
p:1.008, 0.373, -0.184
p:1.493, -0.721, 0.349, fr=0.047
p:1.382, 0.583, 0.25, fr=1.112
p:0.182, 0.203, -0.984
p:1.932, 0.159, -1.691, fr=0.566
p:1.511, -0.975, 0.532, fr=0.096
j:2, 3, stif=0.944
j:1, 3
j:6, 2, stif=0.838
j:4, 1, stif=0.81
j:5, 4, stif=0.985
j:0, 2
j:1, 5
n:j=1, d=|:p=0.232
n:p=2, d=Gpart:ry=-1.322
n:j=0, d=@
c:2, 1, -7.332
",0.003573331506440544,feasible,20
36,0,47,"//0
p:fr=0.472
p:1.008, 0.373, -0.184
p:1.493, -0.721, 0.349, fr=0.047
p:1.382, 0.583, 0.25, fr=1.112
p:0.182, 0.203, -0.984
p:1.885, 0.429, -1.511, fr=0.566
p:1.511, -0.975, 0.532, fr=0.096
j:2, 3, stif=0.944
j:1, 3
j:6, 2, stif=0.838
j:4, 1, stif=0.81
j:5, 4, stif=0.985
j:0, 2
j:1, 5
n:j=1, d=|:p=0.232
n:p=2, d=Gpart:ry=-1.322
n:j=0, d=@
c:2, 1, -7.332
",0.003528965782788523,"//0
p:fr=0.472
p:1.008, 0.373, -0.184
p:1.493, -0.721, 0.349, fr=0.047
p:1.382, 0.583, 0.25, fr=1.112
p:0.182, 0.203, -0.984
p:1.885, 0.429, -1.511, fr=0.566
p:1.511, -0.975, 0.532, fr=0.096
j:2, 1, stif=0.944
j:3, 1
j:6, 2, stif=0.838
j:4, 3, stif=0.81
j:5, 4, stif=0.985
j:0, 2
j:3, 5
n:j=1, d=|:p=0.232
n:p=2, d=Gpart:ry=-1.322
n:j=0, d=@
c:2, 1, -7.332
",0.0007903460100292501,feasible,20
36,0,47,"//0
p:fr=0.472
p:1.008, 0.373, -0.184
p:1.493, -0.721, 0.349, fr=0.047
p:1.382, 0.583, 0.25, fr=1.112
p:0.182, 0.203, -0.984
p:1.885, 0.429, -1.511, fr=0.566
p:1.511, -0.975, 0.532, fr=0.096
j:2, 3, stif=0.944
j:1, 3
j:6, 2, stif=0.838
j:4, 1, stif=0.81
j:5, 4, stif=0.985
j:0, 2
j:1, 5
n:j=1, d=|:p=0.232
n:p=2, d=Gpart:ry=-1.322
n:j=0, d=@
c:2, 1, -7.332
",0.003528965782788523,"//0
p:fr=0.472
p:1.008, 0.373, -0.184
p:1.493, -0.721, 0.349, fr=0.047
p:1.382, 0.583, 0.25, fr=1.112
p:0.182, 0.203, -0.984
p:1.885, 0.429, -1.511, fr=0.566
p:1.511, -0.975, 0.532, fr=0.096
p:1.476, 0.658, 0.385
j:2, 3, stif=0.944
j:1, 3
j:6, 2, stif=0.838
j:4, 1, stif=0.81
j:5, 4, stif=0.985
j:0, 2
j:1, 5
j:7, 3
n:j=1, d=|:p=0.232
n:p=2, d=Gpart:ry=-1.322
n:j=0, d=@
c:2, 1, -7.332
",0.0009212378424618832,feasible,20
36,0,47,"//0
p:fr=0.472
p:1.008, 0.373, -0.184
p:1.493, -0.721, 0.349, fr=0.047
p:1.382, 0.583, 0.25, fr=1.112
p:0.182, 0.203, -0.984
p:1.885, 0.429, -1.511, fr=0.566
p:1.511, -0.975, 0.532, fr=0.096
j:2, 3, stif=0.944
j:1, 3
j:6, 2, stif=0.838
j:4, 1, stif=0.81
j:5, 4, stif=0.985
j:0, 2
j:1, 5
n:j=1, d=|:p=0.232
n:p=2, d=Gpart:ry=-1.322
n:j=0, d=@
c:2, 1, -7.332
",0.003528965782788523,"//0
p:fr=0.472
p:1.008, 0.373, -0.184
p:1.493, -0.721, 0.349, fr=0.047
p:1.382, 0.583, 0.25, fr=1.112
p:0.182, 0.203, -0.984
p:1.885, 0.429, -1.511, fr=0.566
p:1.511, -0.975, 0.532, fr=0.096
j:2, 3, stif=0.944
j:1, 3
j:6, 2, stif=0.838
j:4, 1, stif=0.81
j:5, 4, stif=0.985
j:0, 2
j:1, 5
n:j=1, d=|:p=0.232
n:p=2, d=Gpart:ry=-1.322
n:j=0, d=@
n:
c:0, 3, -3.736
c:2, 1, -7.332
",0.003528965782788523,feasible,20
36,0,47,"//0
p:fr=0.472
p:1.008, 0.373, -0.184
p:1.493, -0.721, 0.349, fr=0.047
p:1.382, 0.583, 0.25, fr=1.112
p:0.182, 0.203, -0.984
p:1.885, 0.429, -1.511, fr=0.566
p:1.511, -0.975, 0.532, fr=0.096
j:2, 3, stif=0.944
j:1, 3
j:6, 2, stif=0.838
j:4, 1, stif=0.81
j:5, 4, stif=0.985
j:0, 2
j:1, 5
n:j=1, d=|:p=0.232
n:p=2, d=Gpart:ry=-1.322
n:j=0, d=@
c:2, 1, -7.332
",0.003528965782788523,"//0
p:fr=0.472
p:1.008, 0.373, -0.184
p:1.493, -0.721, 0.349, fr=0.047
p:1.382, 0.583, 0.25, fr=1.112
p:0.182, 0.203, -0.984
p:1.885, 0.429, -1.511, fr=0.566
p:1.511, -0.975, 0.532, fr=0.096
j:2, 3, stif=0.944
j:1, 3
j:6, 2, stif=0.748
j:4, 1, stif=0.81
j:5, 4, stif=0.985
j:0, 2
j:1, 5
n:j=1, d=|:p=0.232
n:p=2, d=Gpart:ry=-1.322
n:j=0, d=@
c:2, 1, -7.332
",0.003486283064310239,feasible,20
36,0,47,"//0
p:fr=0.472
p:1.008, 0.373, -0.184
p:1.493, -0.721, 0.349, fr=0.047
p:1.382, 0.583, 0.25, fr=1.112
p:0.182, 0.203, -0.984
p:1.885, 0.429, -1.511, fr=0.566
p:1.511, -0.975, 0.532, fr=0.096
j:2, 3, stif=0.944
j:1, 3
j:6, 2, stif=0.838
j:4, 1, stif=0.81
j:5, 4, stif=0.985
j:0, 2
j:1, 5
n:j=1, d=|:p=0.232
n:p=2, d=Gpart:ry=-1.322
n:j=0, d=@
c:2, 1, -7.332
",0.003528965782788523,"//0
p:fr=0.472
p:1.008, 0.373, -0.184
p:1.493, -0.721, 0.349, fr=0.047
p:1.382, 0.583, 0.25, fr=1.112
p:0.182, 0.203, -0.984
p:1.885, 0.429, -1.511, fr=0.566
p:1.439, -0.986, 0.719, fr=0.096
j:2, 3, stif=0.944
j:1, 3
j:6, 2, stif=0.838
j:4, 1, stif=0.81
j:5, 4, stif=0.985
j:0, 2
j:1, 5
n:j=1, d=|:p=0.232
n:p=2, d=Gpart:ry=-1.322
n:j=0, d=@
c:2, 1, -7.332
",0.0035323620200898363,feasible,20
36,0,47,"//0
p:fr=0.472
p:1.008, 0.373, -0.184
p:1.493, -0.721, 0.349, fr=0.047
p:1.382, 0.583, 0.25, fr=1.112
p:0.182, 0.203, -0.984
p:1.885, 0.429, -1.511, fr=0.566
p:1.511, -0.975, 0.532, fr=0.096
j:2, 3, stif=0.944
j:1, 3
j:6, 2, stif=0.838
j:4, 1, stif=0.81
j:5, 4, stif=0.985
j:0, 2
j:1, 5
n:j=1, d=|:p=0.232
n:p=2, d=Gpart:ry=-1.322
n:j=0, d=@
c:2, 1, -7.332
",0.003528965782788523,"//0
p:fr=0.472
p:1.008, 0.373, -0.184
p:1.493, -0.721, 0.349, fr=0.047
p:1.382, 0.583, 0.25, fr=1.112
p:0.182, 0.203, -0.984
p:1.885, 0.429, -1.511, fr=0.566
p:1.511, -0.975, 0.532, fr=0.096
j:2, 3, stif=0.944
j:1, 3
j:6, 2, stif=0.838
j:4, 1, stif=0.81
j:5, 4, stif=0.985
j:0, 2
j:1, 5
n:j=1, d=|:p=0.232
n:p=2, d=Gpart:ry=-1.322
n:j=0, d=@
c:2, 1, -10.177
",0.0035323420379546463,feasible,20
36,0,47,"//0
p:fr=0.472
p:1.008, 0.373, -0.184
p:1.493, -0.721, 0.349, fr=0.047
p:1.382, 0.583, 0.25, fr=1.112
p:0.182, 0.203, -0.984
p:1.885, 0.429, -1.511, fr=0.566
p:1.511, -0.975, 0.532, fr=0.096
j:2, 3, stif=0.944
j:1, 3
j:6, 2, stif=0.838
j:4, 1, stif=0.81
j:5, 4, stif=0.985
j:0, 2
j:1, 5
n:j=1, d=|:p=0.232
n:p=2, d=Gpart:ry=-1.322
n:j=0, d=@
c:2, 1, -7.332
",0.003528965782788523,"//0
p:fr=0.472
p:1.008, 0.373, -0.184
p:1.493, -0.721, 0.349, fr=0.047
p:1.382, 0.583, 0.25, fr=1.112
p:0.182, 0.203, -0.984
p:1.885, 0.429, -1.511, fr=0.566
p:1.5866626940086332, -0.690961437464916, 0.11868747631112808, fr=0.096
j:2, 3, stif=0.944
j:1, 3
j:6, 2, stif=0.838
j:4, 1, stif=0.81
j:5, 4, stif=0.985
j:0, 2
j:1, 5
j:6, 5
n:j=1, d=|:p=0.232
n:p=2, d=Gpart:ry=-1.322
n:j=0, d=@
c:2, 1, -7.332
",7.036208809192819e-07,feasible,20
36,0,47,"//0
p:fr=0.472
p:1.008, 0.373, -0.184
p:1.493, -0.721, 0.349, fr=0.047
p:1.382, 0.583, 0.25, fr=1.112
p:0.182, 0.203, -0.984
p:1.885, 0.429, -1.511, fr=0.566
p:1.511, -0.975, 0.532, fr=0.096
j:2, 3, stif=0.944
j:1, 3
j:6, 2, stif=0.838
j:4, 1, stif=0.81
j:5, 4, stif=0.985
j:0, 2
j:1, 5
n:j=1, d=|:p=0.232
n:p=2, d=Gpart:ry=-1.322
n:j=0, d=@
c:2, 1, -7.332
",0.003528965782788523,"//0
p:fr=0.472
p:1.008, 0.373, -0.184
p:1.493, -0.721, 0.349, fr=0.047
p:1.382, 0.583, 0.25, fr=1.112
p:0.182, 0.203, -0.984
p:1.885, 0.429, -1.511, fr=0.566
p:1.511, -0.975, 0.532, fr=0.096
j:2, 3, stif=0.944
j:1, 3
j:6, 2, stif=0.838
j:4, 1, stif=0.81
j:5, 4, stif=0.886
j:0, 2
j:1, 5
n:j=1, d=|:p=0.232
n:p=2, d=Gpart:ry=-1.322
n:j=0, d=@
c:2, 1, -7.332
",0.0034827379351755894,feasible,20
36,0,47,"//0
p:fr=0.472
p:1.008, 0.373, -0.184
p:1.493, -0.721, 0.349, fr=0.047
p:1.382, 0.583, 0.25, fr=1.112
p:0.182, 0.203, -0.984
p:1.885, 0.429, -1.511, fr=0.566
p:1.511, -0.975, 0.532, fr=0.096
j:2, 3, stif=0.944
j:1, 3
j:6, 2, stif=0.838
j:4, 1, stif=0.81
j:5, 4, stif=0.985
j:0, 2
j:1, 5
n:j=1, d=|:p=0.232
n:p=2, d=Gpart:ry=-1.322
n:j=0, d=@
c:2, 1, -7.332
",0.003528965782788523,"//0
p:fr=0.472
p:1.008, 0.373, -0.184
p:1.493, -0.721, 0.349, fr=0.047
p:1.382, 0.583, 0.25, fr=1.112
p:0.182, 0.203, -0.984
p:1.885, 0.429, -1.511, fr=0.566
p:1.511, -0.975, 0.532, fr=0.096
j:2, 3, stif=0.944
j:1, 3
j:6, 2, stif=0.838
j:4, 1, stif=0.81
j:5, 4, stif=0.985
j:0, 2
j:1, 5
n:j=1, d=|:p=0.232
n:p=2, d=Gpart:ry=-1.322
n:j=0, d=@:p=0.94
c:2, 1, -7.332
",0.0034038082996073107,feasible,20
36,0,47,"//0
p:fr=0.472
p:1.008, 0.373, -0.184
p:1.493, -0.721, 0.349, fr=0.047
p:1.382, 0.583, 0.25, fr=1.112
p:0.182, 0.203, -0.984
p:1.885, 0.429, -1.511, fr=0.566
p:1.511, -0.975, 0.532, fr=0.096
j:2, 3, stif=0.944
j:1, 3
j:6, 2, stif=0.838
j:4, 1, stif=0.81
j:5, 4, stif=0.985
j:0, 2
j:1, 5
n:j=1, d=|:p=0.232
n:p=2, d=Gpart:ry=-1.322
n:j=0, d=@
c:2, 1, -7.332
",0.003528965782788523,"//0
p:fr=0.472
p:1.008, 0.373, -0.184
p:1.493, -0.721, 0.349, fr=0.047
p:1.382, 0.583, 0.25, fr=1.112
p:0.182, 0.203, -0.984
p:1.885, 0.429, -1.511, fr=0.566
p:1.511, -0.975, 0.532, fr=0.096
j:2, 3, stif=0.944, rotstif=0.964
j:1, 3
j:6, 2, stif=0.838
j:4, 1, stif=0.81
j:5, 4, stif=0.985
j:0, 2
j:1, 5
n:j=1, d=|:p=0.232
n:p=2, d=Gpart:ry=-1.322
n:j=0, d=@
c:2, 1, -7.332
",0.003528965782788523,feasible,20
36,0,47,"//0
p:fr=0.472
p:1.008, 0.373, -0.184
p:1.493, -0.721, 0.349, fr=0.047
p:1.382, 0.583, 0.25, fr=1.112
p:0.182, 0.203, -0.984
p:1.885, 0.429, -1.511, fr=0.566
p:1.511, -0.975, 0.532, fr=0.096
j:2, 3, stif=0.944
j:1, 3
j:6, 2, stif=0.838
j:4, 1, stif=0.81
j:5, 4, stif=0.985
j:0, 2
j:1, 5
n:j=1, d=|:p=0.232
n:p=2, d=Gpart:ry=-1.322
n:j=0, d=@
c:2, 1, -7.332
",0.003528965782788523,"//0
p:fr=0.472
p:1.008, 0.373, -0.184
p:1.493, -0.721, 0.349, fr=0.047
p:1.382, 0.583, 0.25, fr=1.112
p:0.37277947573659276, 0.03389674761647388, -0.7663764595811327
p:1.8093373059913667, 0.14496143746491608, -1.097687476311128, fr=0.566
p:1.511, -0.975, 0.532, fr=0.096
j:2, 3, stif=0.944
j:6, 3
j:1, 2, stif=0.838
j:4, 6, stif=0.81
j:5, 4, stif=0.985
j:0, 2
j:6, 5
n:j=1, d=|:p=0.232
n:p=2, d=Gpart:ry=-1.322
n:j=0, d=@
c:2, 1, -7.332
",8.632069109982297e-05,feasible,20
36,0,47,"//0
p:fr=0.472
p:1.008, 0.373, -0.184
p:1.493, -0.721, 0.349, fr=0.047
p:1.382, 0.583, 0.25, fr=1.112
p:0.182, 0.203, -0.984
p:1.885, 0.429, -1.511, fr=0.566
p:1.511, -0.975, 0.532, fr=0.096
j:2, 3, stif=0.944
j:1, 3
j:6, 2, stif=0.838
j:4, 1, stif=0.81
j:5, 4, stif=0.985
j:0, 2
j:1, 5
n:j=1, d=|:p=0.232
n:p=2, d=Gpart:ry=-1.322
n:j=0, d=@
c:2, 1, -7.332
",0.003528965782788523,"//0
p:fr=0.472
p:1.008, 0.373, -0.184
p:1.493, -0.721, 0.349, fr=0.047
p:1.382, 0.583, 0.25, fr=1.112
p:0.182, 0.203, -0.984
p:1.885, 0.429, -1.511, fr=0.566
p:1.511, -0.975, 0.532, fr=0.096
p:-1.117, 0.599, -1.968
j:2, 3, stif=0.944
j:1, 3
j:6, 2, stif=0.838
j:4, 1, stif=0.81
j:5, 4, stif=0.985
j:0, 2
j:1, 5
j:7, 4
n:j=1, d=|:p=0.232
n:p=2, d=Gpart:ry=-1.322
n:j=0, d=@
c:2, 1, -7.332
",0.0018794409259136283,feasible,20
36,0,47,"//0
p:fr=0.472
p:1.008, 0.373, -0.184
p:1.493, -0.721, 0.349, fr=0.047
p:1.382, 0.583, 0.25, fr=1.112
p:0.182, 0.203, -0.984
p:1.885, 0.429, -1.511, fr=0.566
p:1.511, -0.975, 0.532, fr=0.096
j:2, 3, stif=0.944
j:1, 3
j:6, 2, stif=0.838
j:4, 1, stif=0.81
j:5, 4, stif=0.985
j:0, 2
j:1, 5
n:j=1, d=|:p=0.232
n:p=2, d=Gpart:ry=-1.322
n:j=0, d=@
c:2, 1, -7.332
",0.003528965782788523,"//0
p:fr=0.472
p:1.008, 0.373, -0.184
p:1.493, -0.721, 0.349, fr=0.047
p:1.382, 0.583, 0.25, fr=1.112
p:0.182, 0.203, -0.984
p:1.885, 0.429, -1.511, fr=0.566
p:1.511, -0.975, 0.532, fr=0.096
j:2, 3, stif=0.944
j:1, 3
j:6, 2, stif=0.838
j:4, 1, stif=0.81
j:5, 4, stif=0.985
j:0, 2
j:1, 5
n:j=1, d=|:p=0.232
n:p=2, d=Gpart:ry=-1.322
n:j=0, d=@:p=0.978
c:2, 1, -7.332
",0.0034843381575850466,feasible,20
36,0,47,"//0
p:fr=0.472
p:1.008, 0.373, -0.184
p:1.493, -0.721, 0.349, fr=0.047
p:1.382, 0.583, 0.25, fr=1.112
p:0.182, 0.203, -0.984
p:1.885, 0.429, -1.511, fr=0.566
p:1.511, -0.975, 0.532, fr=0.096
j:2, 3, stif=0.944
j:1, 3
j:6, 2, stif=0.838
j:4, 1, stif=0.81
j:5, 4, stif=0.985
j:0, 2
j:1, 5
n:j=1, d=|:p=0.232
n:p=2, d=Gpart:ry=-1.322
n:j=0, d=@
c:2, 1, -7.332
",0.003528965782788523,"//0
p:fr=0.472
p:1.008, 0.373, -0.184
p:1.493, -0.721, 0.349, fr=0.047
p:1.382, 0.583, 0.25, fr=1.112
p:0.182, 0.203, -0.984
p:1.885, 0.429, -1.511, fr=0.566
p:1.511, -0.975, 0.532, fr=0.096
j:2, 3, stif=0.944
j:1, 3
j:6, 2, stif=0.838
j:4, 1, stif=0.81
j:5, 4, stif=0.985
j:0, 2
j:1, 5
n:j=1, d=|:p=0.232
n:p=2, d=Gpart:ry=1.927
n:j=0, d=@
c:2, 1, -7.332
",0.0003506061732054181,feasible,20
36,0,47,"//0
p:fr=0.472
p:1.008, 0.373, -0.184
p:1.493, -0.721, 0.349, fr=0.047
p:1.382, 0.583, 0.25, fr=1.112
p:0.182, 0.203, -0.984
p:1.885, 0.429, -1.511, fr=0.566
p:1.511, -0.975, 0.532, fr=0.096
j:2, 3, stif=0.944
j:1, 3
j:6, 2, stif=0.838
j:4, 1, stif=0.81
j:5, 4, stif=0.985
j:0, 2
j:1, 5
n:j=1, d=|:p=0.232
n:p=2, d=Gpart:ry=-1.322
n:j=0, d=@
c:2, 1, -7.332
",0.003528965782788523,"//0
p:0.307, -0.049, 0.485, fr=0.472
p:1.008, 0.373, -0.184
p:1.493, -0.721, 0.349, fr=0.047
p:1.382, 0.583, 0.25, fr=1.112
p:0.182, 0.203, -0.984
p:1.885, 0.429, -1.511, fr=0.566
p:1.511, -0.975, 0.532, fr=0.096
j:2, 3, stif=0.944
j:1, 3
j:6, 2, stif=0.838
j:4, 1, stif=0.81
j:5, 4, stif=0.985
j:0, 2
j:1, 5
n:j=1, d=|:p=0.232
n:p=2, d=Gpart:ry=-1.322
n:j=0, d=@
c:2, 1, -7.332
",0.00016119605007495892,feasible,20
36,0,47,"//0
p:fr=0.472
p:1.008, 0.373, -0.184
p:1.493, -0.721, 0.349, fr=0.047
p:1.382, 0.583, 0.25, fr=1.112
p:0.182, 0.203, -0.984
p:1.885, 0.429, -1.511, fr=0.566
p:1.511, -0.975, 0.532, fr=0.096
j:2, 3, stif=0.944
j:1, 3
j:6, 2, stif=0.838
j:4, 1, stif=0.81
j:5, 4, stif=0.985
j:0, 2
j:1, 5
n:j=1, d=|:p=0.232
n:p=2, d=Gpart:ry=-1.322
n:j=0, d=@
c:2, 1, -7.332
",0.003528965782788523,"//0
p:fr=0.472
p:1.008, 0.373, -0.184
p:1.493, -0.721, 0.349, fr=0.047
p:1.382, 0.583, 0.25, fr=1.112
p:0.182, 0.203, -0.984
p:1.885, 0.429, -1.511, fr=0.566
p:1.511, -0.975, 0.532, fr=0.096
j:2, 3, stif=0.944
j:1, 3, rotstif=0.843
j:6, 2, stif=0.838
j:4, 1, stif=0.81
j:5, 4, stif=0.985
j:0, 2
j:1, 5
n:j=1, d=|:p=0.232
n:p=2, d=Gpart:ry=-1.322
n:j=0, d=@
c:2, 1, -7.332
",0.003528965782788523,feasible,20
36,0,47,"//0
p:fr=0.472
p:1.008, 0.373, -0.184
p:1.493, -0.721, 0.349, fr=0.047
p:1.382, 0.583, 0.25, fr=1.112
p:0.182, 0.203, -0.984
p:1.885, 0.429, -1.511, fr=0.566
p:1.511, -0.975, 0.532, fr=0.096
j:2, 3, stif=0.944
j:1, 3
j:6, 2, stif=0.838
j:4, 1, stif=0.81
j:5, 4, stif=0.985
j:0, 2
j:1, 5
n:j=1, d=|:p=0.232
n:p=2, d=Gpart:ry=-1.322
n:j=0, d=@
c:2, 1, -7.332
",0.003528965782788523,"//0
p:fr=0.472
p:1.008, 0.373, -0.184
p:1.493, -0.721, 0.349, fr=0.047
p:1.382, 0.583, 0.25, fr=1.112
p:0.182, 0.203, -0.984
p:1.885, 0.429, -1.511, fr=0.566
p:1.511, -0.975, 0.532, fr=0.096
j:2, 3, stif=0.944
j:1, 3
j:6, 2, stif=0.838
j:4, 1, stif=0.81
j:5, 4, stif=0.925
j:0, 2
j:1, 5
n:j=1, d=|:p=0.232
n:p=2, d=Gpart:ry=-1.322
n:j=0, d=@
c:2, 1, -7.332
",0.003509471963930387,feasible,20
36,0,47,"//0
p:fr=0.472
p:1.008, 0.373, -0.184
p:1.493, -0.721, 0.349, fr=0.047
p:1.382, 0.583, 0.25, fr=1.112
p:0.182, 0.203, -0.984
p:1.885, 0.429, -1.511, fr=0.566
p:1.511, -0.975, 0.532, fr=0.096
j:2, 3, stif=0.944
j:1, 3
j:6, 2, stif=0.838
j:4, 1, stif=0.81
j:5, 4, stif=0.985
j:0, 2
j:1, 5
n:j=1, d=|:p=0.232
n:p=2, d=Gpart:ry=-1.322
n:j=0, d=@
c:2, 1, -7.332
",0.003528965782788523,"//0
p:fr=0.472
p:1.008, 0.373, -0.184
p:1.493, -0.721, 0.349, fr=0.047
p:1.382, 0.583, 0.25, fr=1.112
p:0.182, 0.203, -0.984
p:1.885, 0.429, -1.511, fr=0.566
p:1.511, -0.975, 0.532, fr=0.096
j:2, 3, stif=0.944
j:1, 3
j:6, 2, stif=0.838
j:4, 1, stif=0.81
j:5, 4, stif=0.985
j:0, 2
j:1, 5
n:j=1, d=|:p=0.232
n:p=2, d=Gpart:ry=-1.322
n:j=0, d=@
c:2, 1, -12.286
",0.0034871752372529928,feasible,20
36,0,48,"//0
p:fr=0.472
p:1.008, 0.373, -0.184
p:1.493, -0.721, 0.349, fr=0.047
p:1.382, 0.583, 0.25, fr=1.112
p:0.182, 0.203, -0.984
p:1.885, 0.429, -1.511, fr=0.397
p:1.511, -0.975, 0.532, fr=0.096
j:2, 3, stif=0.944
j:1, 3
j:6, 2, stif=0.838
j:4, 1, stif=0.81
j:5, 4, stif=0.985
j:0, 2
j:1, 5
n:j=1, d=|:p=0.232
n:p=2, d=Gpart:ry=-1.322
n:j=0, d=@
c:2, 1, -7.332
",0.0035362036286274027,"//0
p:fr=0.472
p:1.008, 0.373, -0.184
p:1.493, -0.721, 0.349, fr=0.047
p:1.382, 0.583, 0.25, fr=1.112
p:0.182, 0.203, -0.984
p:1.885, 0.429, -1.511, fr=0.397
p:1.511, -0.975, 0.532, fr=0.096
p:1.977, 1.149, 0.505
j:2, 3, stif=0.944
j:1, 3
j:6, 2, stif=0.838
j:4, 1, stif=0.81
j:5, 4, stif=0.985
j:0, 2
j:1, 5
j:7, 3
n:j=1, d=|:p=0.232
n:p=2, d=Gpart:ry=-1.322
n:j=0, d=@
c:2, 1, -7.332
",0.0001590812619700839,feasible,20
36,0,48,"//0
p:fr=0.472
p:1.008, 0.373, -0.184
p:1.493, -0.721, 0.349, fr=0.047
p:1.382, 0.583, 0.25, fr=1.112
p:0.182, 0.203, -0.984
p:1.885, 0.429, -1.511, fr=0.397
p:1.511, -0.975, 0.532, fr=0.096
j:2, 3, stif=0.944
j:1, 3
j:6, 2, stif=0.838
j:4, 1, stif=0.81
j:5, 4, stif=0.985
j:0, 2
j:1, 5
n:j=1, d=|:p=0.232
n:p=2, d=Gpart:ry=-1.322
n:j=0, d=@
c:2, 1, -7.332
",0.0035362036286274027,"//0
p:fr=0.472
p:1.008, 0.373, -0.184
p:1.493, -0.721, 0.349, fr=0.047
p:1.382, 0.583, 0.25, fr=1.112
p:0.182, 0.203, -0.984
p:1.885, 0.429, -1.511, fr=0.397
p:1.511, -0.975, 0.532, fr=0.096
j:2, 3, stif=0.944
j:1, 3
j:6, 2, stif=0.838
j:4, 1, stif=0.81
j:5, 4, stif=0.985
j:0, 2
j:1, 5
n:j=1, d=""|:p=0.232, r=0.856""
n:p=2, d=Gpart:ry=-1.322
n:j=0, d=@
c:2, 1, -7.332
",0.0035362036286274027,feasible,20
36,0,48,"//0
p:fr=0.472
p:1.008, 0.373, -0.184
p:1.493, -0.721, 0.349, fr=0.047
p:1.382, 0.583, 0.25, fr=1.112
p:0.182, 0.203, -0.984
p:1.885, 0.429, -1.511, fr=0.397
p:1.511, -0.975, 0.532, fr=0.096
j:2, 3, stif=0.944
j:1, 3
j:6, 2, stif=0.838
j:4, 1, stif=0.81
j:5, 4, stif=0.985
j:0, 2
j:1, 5
n:j=1, d=|:p=0.232
n:p=2, d=Gpart:ry=-1.322
n:j=0, d=@
c:2, 1, -7.332
",0.0035362036286274027,"//0
p:fr=0.472
p:1.008, 0.373, -0.184
p:1.493, -0.721, 0.349, fr=0.047
p:1.382, 0.583, 0.25, fr=1.112
p:0.182, 0.203, -0.984
p:1.885, 0.429, -1.511, fr=0.397
p:1.511, -0.975, 0.532, fr=0.096
j:2, 3, stif=0.944
j:1, 3
j:6, 2, stif=0.987
j:4, 1, stif=0.81
j:5, 4, stif=0.985
j:0, 2
j:1, 5
n:j=1, d=|:p=0.232
n:p=2, d=Gpart:ry=-1.322
n:j=0, d=@
c:2, 1, -7.332
",0.0035225428263115327,feasible,20
36,0,48,"//0
p:fr=0.472
p:1.008, 0.373, -0.184
p:1.493, -0.721, 0.349, fr=0.047
p:1.382, 0.583, 0.25, fr=1.112
p:0.182, 0.203, -0.984
p:1.885, 0.429, -1.511, fr=0.397
p:1.511, -0.975, 0.532, fr=0.096
j:2, 3, stif=0.944
j:1, 3
j:6, 2, stif=0.838
j:4, 1, stif=0.81
j:5, 4, stif=0.985
j:0, 2
j:1, 5
n:j=1, d=|:p=0.232
n:p=2, d=Gpart:ry=-1.322
n:j=0, d=@
c:2, 1, -7.332
",0.0035362036286274027,"//0
p:fr=0.472
p:1.008, 0.373, -0.184
p:1.493, -0.721, 0.349, fr=0.047
p:1.382, 0.583, 0.25, fr=1.112
p:0.182, 0.203, -0.984
p:1.885, 0.429, -1.511, fr=0.397
p:1.511, -0.975, 0.532, fr=0.096
j:2, 3, stif=0.944
j:1, 3
j:6, 2, stif=0.838
j:4, 1, stif=0.81
j:5, 4, stif=0.985
j:0, 2
j:1, 5, rotstif=0.886
n:j=1, d=|:p=0.232
n:p=2, d=Gpart:ry=-1.322
n:j=0, d=@
c:2, 1, -7.332
",0.0035362036286274027,feasible,20
36,0,48,"//0
p:fr=0.472
p:1.008, 0.373, -0.184
p:1.493, -0.721, 0.349, fr=0.047
p:1.382, 0.583, 0.25, fr=1.112
p:0.182, 0.203, -0.984
p:1.885, 0.429, -1.511, fr=0.397
p:1.511, -0.975, 0.532, fr=0.096
j:2, 3, stif=0.944
j:1, 3
j:6, 2, stif=0.838
j:4, 1, stif=0.81
j:5, 4, stif=0.985
j:0, 2
j:1, 5
n:j=1, d=|:p=0.232
n:p=2, d=Gpart:ry=-1.322
n:j=0, d=@
c:2, 1, -7.332
",0.0035362036286274027,"//0
p:fr=0.472
p:1.008, 0.373, -0.184
p:1.493, -0.721, 0.349, fr=0.047
p:1.382, 0.583, 0.25, fr=1.112
p:0.182, 0.203, -0.984
p:1.885, 0.429, -1.511, fr=0.397
j:2, 3, stif=0.944
j:1, 3
j:4, 1, stif=0.81
j:5, 4, stif=0.985
j:0, 2
j:1, 5
n:j=1, d=|:p=0.232
n:p=2, d=Gpart:ry=-1.322
n:j=0, d=@
c:2, 1, -7.332
",0.0005409320985717777,feasible,20
36,0,48,"//0
p:fr=0.472
p:1.008, 0.373, -0.184
p:1.493, -0.721, 0.349, fr=0.047
p:1.382, 0.583, 0.25, fr=1.112
p:0.182, 0.203, -0.984
p:1.885, 0.429, -1.511, fr=0.397
p:1.511, -0.975, 0.532, fr=0.096
j:2, 3, stif=0.944
j:1, 3
j:6, 2, stif=0.838
j:4, 1, stif=0.81
j:5, 4, stif=0.985
j:0, 2
j:1, 5
n:j=1, d=|:p=0.232
n:p=2, d=Gpart:ry=-1.322
n:j=0, d=@
c:2, 1, -7.332
",0.0035362036286274027,"//0
p:fr=0.472
p:1.008, 0.373, -0.184
p:1.493, -0.721, 0.349, fr=0.047
p:1.382, 0.583, 0.25, fr=1.112
p:0.182, 0.203, -0.984
p:1.819, -0.021, -1.787, fr=0.397
p:1.511, -0.975, 0.532, fr=0.096
j:2, 3, stif=0.944
j:1, 3
j:6, 2, stif=0.838
j:4, 1, stif=0.81
j:5, 4, stif=0.985
j:0, 2
j:1, 5
n:j=1, d=|:p=0.232
n:p=2, d=Gpart:ry=-1.322
n:j=0, d=@
c:2, 1, -7.332
",0.0031791072901630746,feasible,20
36,0,48,"//0
p:fr=0.472
p:1.008, 0.373, -0.184
p:1.493, -0.721, 0.349, fr=0.047
p:1.382, 0.583, 0.25, fr=1.112
p:0.182, 0.203, -0.984
p:1.885, 0.429, -1.511, fr=0.397
p:1.511, -0.975, 0.532, fr=0.096
j:2, 3, stif=0.944
j:1, 3
j:6, 2, stif=0.838
j:4, 1, stif=0.81
j:5, 4, stif=0.985
j:0, 2
j:1, 5
n:j=1, d=|:p=0.232
n:p=2, d=Gpart:ry=-1.322
n:j=0, d=@
c:2, 1, -7.332
",0.0035362036286274027,"//0
p:fr=0.472
p:1.008, 0.373, -0.184
p:1.493, -0.721, 0.349, fr=0.047
p:1.382, 0.583, 0.25, fr=1.112
p:0.182, 0.203, -0.984
p:1.885, 0.429, -1.511, fr=0.397
p:1.511, -0.975, 0.532, fr=0.096
j:2, 3, stif=0.944
j:1, 3
j:6, 2, stif=0.838
j:4, 1, stif=0.81
j:5, 4, stif=0.985
j:0, 2
j:1, 5, stif=0.963
n:j=1, d=|:p=0.232
n:p=2, d=Gpart:ry=-1.322
n:j=0, d=@
c:2, 1, -7.332
",0.003476975415824422,feasible,20
36,0,48,"//0
p:fr=0.472
p:1.008, 0.373, -0.184
p:1.493, -0.721, 0.349, fr=0.047
p:1.382, 0.583, 0.25, fr=1.112
p:0.182, 0.203, -0.984
p:1.885, 0.429, -1.511, fr=0.397
p:1.511, -0.975, 0.532, fr=0.096
j:2, 3, stif=0.944
j:1, 3
j:6, 2, stif=0.838
j:4, 1, stif=0.81
j:5, 4, stif=0.985
j:0, 2
j:1, 5
n:j=1, d=|:p=0.232
n:p=2, d=Gpart:ry=-1.322
n:j=0, d=@
c:2, 1, -7.332
",0.0035362036286274027,"//0
p:fr=0.472
p:1.008, 0.373, -0.184
p:1.493, -0.721, 0.349, fr=0.047
p:1.382, 0.583, 0.25, fr=1.112
p:0.182, 0.203, -0.984
p:1.885, 0.429, -1.511, fr=1.391
p:1.511, -0.975, 0.532, fr=0.096
j:2, 3, stif=0.944
j:1, 3
j:6, 2, stif=0.838
j:4, 1, stif=0.81
j:5, 4, stif=0.985
j:0, 2
j:1, 5
n:j=1, d=|:p=0.232
n:p=2, d=Gpart:ry=-1.322
n:j=0, d=@
c:2, 1, -7.332
",0.0035473787601649734,feasible,20
36,0,48,"//0
p:fr=0.472
p:1.008, 0.373, -0.184
p:1.493, -0.721, 0.349, fr=0.047
p:1.382, 0.583, 0.25, fr=1.112
p:0.182, 0.203, -0.984
p:1.885, 0.429, -1.511, fr=0.397
p:1.511, -0.975, 0.532, fr=0.096
j:2, 3, stif=0.944
j:1, 3
j:6, 2, stif=0.838
j:4, 1, stif=0.81
j:5, 4, stif=0.985
j:0, 2
j:1, 5
n:j=1, d=|:p=0.232
n:p=2, d=Gpart:ry=-1.322
n:j=0, d=@
c:2, 1, -7.332
",0.0035362036286274027,"//0
p:fr=0.472
p:1.008, 0.373, -0.184
p:1.493, -0.721, 0.349, fr=0.047
p:1.382, 0.583, 0.25, fr=1.112
p:0.182, 0.203, -0.984
p:1.885, 0.429, -1.511, fr=0.397
p:1.511, -0.975, 0.532, fr=0.096
j:2, 3, stif=0.944
j:1, 3
j:6, 2, stif=0.838
j:4, 1, stif=0.81
j:5, 4, stif=0.985
j:0, 2
j:1, 5
n:j=1, d=|:p=0.232
n:p=2, d=Gpart:ry=-0.171
n:j=0, d=@
c:2, 1, -7.332
",0.0016378925064920026,feasible,20
36,0,48,"//0
p:fr=0.472
p:1.008, 0.373, -0.184
p:1.493, -0.721, 0.349, fr=0.047
p:1.382, 0.583, 0.25, fr=1.112
p:0.182, 0.203, -0.984
p:1.885, 0.429, -1.511, fr=0.397
p:1.511, -0.975, 0.532, fr=0.096
j:2, 3, stif=0.944
j:1, 3
j:6, 2, stif=0.838
j:4, 1, stif=0.81
j:5, 4, stif=0.985
j:0, 2
j:1, 5
n:j=1, d=|:p=0.232
n:p=2, d=Gpart:ry=-1.322
n:j=0, d=@
c:2, 1, -7.332
",0.0035362036286274027,"//0
p:fr=0.472
p:1.008, 0.373, -0.184
p:1.493, -0.721, 0.349, fr=0.047
p:1.382, 0.583, 0.25, fr=1.112
p:0.182, 0.203, -0.984
p:1.885, 0.429, -1.511, fr=0.397
p:1.511, -0.975, 0.532, fr=0.096
j:2, 3, stif=0.944
j:1, 3
j:6, 2, stif=0.838
j:4, 1, stif=0.81
j:5, 4, stif=0.985
j:0, 2
j:1, 5
n:j=1, d=|:p=0.232
n:p=2, d=Gpart:ry=-1.322
n:j=0, d=@
",2.0709972939483995e-06,feasible,20
36,0,48,"//0
p:fr=0.472
p:1.008, 0.373, -0.184
p:1.493, -0.721, 0.349, fr=0.047
p:1.382, 0.583, 0.25, fr=1.112
p:0.182, 0.203, -0.984
p:1.885, 0.429, -1.511, fr=0.397
p:1.511, -0.975, 0.532, fr=0.096
j:2, 3, stif=0.944
j:1, 3
j:6, 2, stif=0.838
j:4, 1, stif=0.81
j:5, 4, stif=0.985
j:0, 2
j:1, 5
n:j=1, d=|:p=0.232
n:p=2, d=Gpart:ry=-1.322
n:j=0, d=@
c:2, 1, -7.332
",0.0035362036286274027,"//0
p:fr=0.472
p:1.008, 0.373, -0.184
p:1.493, -0.721, 0.349, fr=0.047
p:1.382, 0.583, 0.25, fr=1.112
p:0.182, 0.203, -0.984
p:1.845854319323259, 0.31415935515752, -1.3252577396460758, fr=0.397
p:1.511, -0.975, 0.532, fr=0.096
j:2, 3, stif=0.944
j:1, 3
j:6, 2, stif=0.838
j:4, 1, stif=0.81
j:0, 4, stif=0.985
j:5, 2
j:1, 0
n:j=1, d=|:p=0.232
n:p=2, d=Gpart:ry=-1.322
n:j=0, d=@
c:2, 1, -7.332
",0.00013671481766076507,feasible,20
36,0,48,"//0
p:fr=0.472
p:1.008, 0.373, -0.184
p:1.493, -0.721, 0.349, fr=0.047
p:1.382, 0.583, 0.25, fr=1.112
p:0.182, 0.203, -0.984
p:1.885, 0.429, -1.511, fr=0.397
p:1.511, -0.975, 0.532, fr=0.096
j:2, 3, stif=0.944
j:1, 3
j:6, 2, stif=0.838
j:4, 1, stif=0.81
j:5, 4, stif=0.985
j:0, 2
j:1, 5
n:j=1, d=|:p=0.232
n:p=2, d=Gpart:ry=-1.322
n:j=0, d=@
c:2, 1, -7.332
",0.0035362036286274027,"//0
p:fr=0.472
p:1.008, 0.373, -0.184
p:1.493, -0.721, 0.349, fr=0.047
p:1.382, 0.583, 0.25, fr=1.112
p:0.182, 0.203, -0.984
p:1.885, 0.429, -1.511, fr=0.397
p:1.511, -0.975, 0.532, fr=0.096
j:2, 3, stif=0.944
j:1, 3
j:6, 2, stif=0.838
j:4, 1, stif=0.81
j:5, 4, stif=0.985
j:0, 2
j:1, 5
n:j=1, d=|:p=0.232
n:p=2, d=Gpart:ry=-1.322
n:j=0, d=@
c:2, 1, -10.163
",0.0034936788204094015,feasible,20
36,0,48,"//0
p:fr=0.472
p:1.008, 0.373, -0.184
p:1.493, -0.721, 0.349, fr=0.047
p:1.382, 0.583, 0.25, fr=1.112
p:0.182, 0.203, -0.984
p:1.885, 0.429, -1.511, fr=0.397
p:1.511, -0.975, 0.532, fr=0.096
j:2, 3, stif=0.944
j:1, 3
j:6, 2, stif=0.838
j:4, 1, stif=0.81
j:5, 4, stif=0.985
j:0, 2
j:1, 5
n:j=1, d=|:p=0.232
n:p=2, d=Gpart:ry=-1.322
n:j=0, d=@
c:2, 1, -7.332
",0.0035362036286274027,"//0
p:0.3486657450124404, 0.07935151438214161, -0.2794875017049323, fr=0.472
p:1.008, 0.373, -0.184
p:1.493, -0.721, 0.349, fr=0.047
p:1.382, 0.583, 0.25, fr=1.112
p:0.23588421506675505, 0.16502210928933514, -0.9292115494401338
p:1.885, 0.429, -1.511, fr=0.397
p:1.5866626940086332, -0.690961437464916, 0.11868747631112808, fr=0.096
j:5, 3, stif=0.944
j:1, 3
j:6, 5, stif=0.838
j:4, 1, stif=0.81
j:2, 4, stif=0.985
j:0, 5
j:1, 2
n:j=1, d=|:p=0.232
n:p=2, d=Gpart:ry=-1.322
n:j=0, d=@
c:2, 1, -7.332
",4.82682136302611e-05,feasible,20
36,0,48,"//0
p:fr=0.472
p:1.008, 0.373, -0.184
p:1.493, -0.721, 0.349, fr=0.047
p:1.382, 0.583, 0.25, fr=1.112
p:0.182, 0.203, -0.984
p:1.885, 0.429, -1.511, fr=0.397
p:1.511, -0.975, 0.532, fr=0.096
j:2, 3, stif=0.944
j:1, 3
j:6, 2, stif=0.838
j:4, 1, stif=0.81
j:5, 4, stif=0.985
j:0, 2
j:1, 5
n:j=1, d=|:p=0.232
n:p=2, d=Gpart:ry=-1.322
n:j=0, d=@
c:2, 1, -7.332
",0.0035362036286274027,"//0
p:fr=0.472
p:1.008, 0.373, -0.184
p:1.493, -0.721, 0.349, fr=0.291
p:1.382, 0.583, 0.25, fr=1.112
p:0.182, 0.203, -0.984
p:1.885, 0.429, -1.511, fr=0.397
p:1.511, -0.975, 0.532, fr=0.096
j:2, 3, stif=0.944
j:1, 3
j:6, 2, stif=0.838
j:4, 1, stif=0.81
j:5, 4, stif=0.985
j:0, 2
j:1, 5
n:j=1, d=|:p=0.232
n:p=2, d=Gpart:ry=-1.322
n:j=0, d=@
c:2, 1, -7.332
",0.0011138004861645727,feasible,20
36,0,48,"//0
p:fr=0.472
p:1.008, 0.373, -0.184
p:1.493, -0.721, 0.349, fr=0.047
p:1.382, 0.583, 0.25, fr=1.112
p:0.182, 0.203, -0.984
p:1.885, 0.429, -1.511, fr=0.397
p:1.511, -0.975, 0.532, fr=0.096
j:2, 3, stif=0.944
j:1, 3
j:6, 2, stif=0.838
j:4, 1, stif=0.81
j:5, 4, stif=0.985
j:0, 2
j:1, 5
n:j=1, d=|:p=0.232
n:p=2, d=Gpart:ry=-1.322
n:j=0, d=@
c:2, 1, -7.332
",0.0035362036286274027,"//0
p:fr=0.472
p:1.008, 0.373, -0.184
p:1.493, -0.721, 0.349, fr=0.047
p:1.382, 0.583, 0.25, fr=1.112
p:0.23588421506675505, 0.16502210928933514, -0.9292115494401338
p:1.885, 0.429, -1.511, fr=0.397
p:1.5866626940086332, -0.690961437464916, 0.11868747631112808, fr=0.096
j:2, 3, stif=0.944
j:1, 3
j:4, 2, stif=0.838
j:6, 1, stif=0.81
j:5, 6, stif=0.985
j:0, 2
j:1, 5
n:j=1, d=|:p=0.232
n:p=2, d=Gpart:ry=-1.322
n:j=0, d=@
c:2, 1, -7.332
",0.00010725952944554955,feasible,20
36,0,48,"//0
p:fr=0.472
p:1.008, 0.373, -0.184
p:1.493, -0.721, 0.349, fr=0.047
p:1.382, 0.583, 0.25, fr=1.112
p:0.182, 0.203, -0.984
p:1.885, 0.429, -1.511, fr=0.397
p:1.511, -0.975, 0.532, fr=0.096
j:2, 3, stif=0.944
j:1, 3
j:6, 2, stif=0.838
j:4, 1, stif=0.81
j:5, 4, stif=0.985
j:0, 2
j:1, 5
n:j=1, d=|:p=0.232
n:p=2, d=Gpart:ry=-1.322
n:j=0, d=@
c:2, 1, -7.332
",0.0035362036286274027,"//0
p:fr=0.472
p:1.008, 0.373, -0.184
p:1.493, -0.721, 0.349, fr=0.047
p:1.382, 0.583, 0.25, fr=1.112
p:0.182, 0.203, -0.984
p:1.511, -0.975, 0.532, fr=0.096
j:2, 3, stif=0.944
j:1, 3
j:5, 2, stif=0.838
j:4, 1, stif=0.81
j:0, 2
n:j=1, d=|:p=0.232
n:p=2, d=Gpart:ry=-1.322
n:j=0, d=@
c:2, 1, -7.332
",8.378564548283997e-05,feasible,20
36,0,48,"//0
p:fr=0.472
p:1.008, 0.373, -0.184
p:1.493, -0.721, 0.349, fr=0.047
p:1.382, 0.583, 0.25, fr=1.112
p:0.182, 0.203, -0.984
p:1.885, 0.429, -1.511, fr=0.397
p:1.511, -0.975, 0.532, fr=0.096
j:2, 3, stif=0.944
j:1, 3
j:6, 2, stif=0.838
j:4, 1, stif=0.81
j:5, 4, stif=0.985
j:0, 2
j:1, 5
n:j=1, d=|:p=0.232
n:p=2, d=Gpart:ry=-1.322
n:j=0, d=@
c:2, 1, -7.332
",0.0035362036286274027,"//0
p:fr=0.472
p:1.008, 0.373, -0.184
p:1.493, -0.721, 0.349, fr=0.047
p:1.382, 0.583, 0.25, fr=1.112
p:0.182, 0.203, -0.984
p:1.885, 0.429, -1.511, fr=0.397
p:1.511, -0.975, 0.532, fr=0.096
j:2, 3, stif=0.944
j:1, 3
j:6, 2, stif=0.838
j:4, 1, stif=0.81
j:5, 4, stif=0.985
j:0, 2
j:1, 5
n:j=1, d=|:p=0.232
n:p=2, d=Gpart:ry=-1.322
",2.062548475417455e-06,feasible,20
36,0,48,"//0
p:fr=0.472
p:1.008, 0.373, -0.184
p:1.493, -0.721, 0.349, fr=0.047
p:1.382, 0.583, 0.25, fr=1.112
p:0.182, 0.203, -0.984
p:1.885, 0.429, -1.511, fr=0.397
p:1.511, -0.975, 0.532, fr=0.096
j:2, 3, stif=0.944
j:1, 3
j:6, 2, stif=0.838
j:4, 1, stif=0.81
j:5, 4, stif=0.985
j:0, 2
j:1, 5
n:j=1, d=|:p=0.232
n:p=2, d=Gpart:ry=-1.322
n:j=0, d=@
c:2, 1, -7.332
",0.0035362036286274027,"//0
p:fr=0.472
p:1.008, 0.373, -0.184
p:1.493, -0.721, 0.349, fr=0.047
p:1.382, 0.583, 0.25, fr=1.112
p:0.883, 0.253, -1.129
p:1.885, 0.429, -1.511, fr=0.397
p:1.511, -0.975, 0.532, fr=0.096
j:2, 3, stif=0.944
j:1, 3
j:6, 2, stif=0.838
j:4, 1, stif=0.81
j:5, 4, stif=0.985
j:0, 2
j:1, 5
n:j=1, d=|:p=0.232
n:p=2, d=Gpart:ry=-1.322
n:j=0, d=@
c:2, 1, -7.332
",0.001533045808444769,feasible,20
36,0,48,"//0
p:fr=0.472
p:1.008, 0.373, -0.184
p:1.493, -0.721, 0.349, fr=0.047
p:1.382, 0.583, 0.25, fr=1.112
p:0.182, 0.203, -0.984
p:1.885, 0.429, -1.511, fr=0.397
p:1.511, -0.975, 0.532, fr=0.096
j:2, 3, stif=0.944
j:1, 3
j:6, 2, stif=0.838
j:4, 1, stif=0.81
j:5, 4, stif=0.985
j:0, 2
j:1, 5
n:j=1, d=|:p=0.232
n:p=2, d=Gpart:ry=-1.322
n:j=0, d=@
c:2, 1, -7.332
",0.0035362036286274027,"//0
p:fr=0.472
p:1.008, 0.373, -0.184
p:1.493, -0.721, 0.349, fr=0.047
p:1.382, 0.583, 0.25, fr=1.112
p:0.182, 0.203, -0.984
p:1.885, 0.429, -1.511, fr=0.397
p:1.511, -0.975, 0.532, fr=0.096
j:2, 3, stif=0.944
j:1, 3
j:6, 2, stif=0.838
j:4, 1, stif=0.81
j:5, 4, stif=0.891
j:0, 2
j:1, 5
n:j=1, d=|:p=0.232
n:p=2, d=Gpart:ry=-1.322
n:j=0, d=@
c:2, 1, -7.332
",0.0034369836605588943,feasible,20
36,0,48,"//0
p:fr=0.472
p:1.008, 0.373, -0.184
p:1.493, -0.721, 0.349, fr=0.047
p:1.382, 0.583, 0.25, fr=1.112
p:0.182, 0.203, -0.984
p:1.885, 0.429, -1.511, fr=0.397
p:1.511, -0.975, 0.532, fr=0.096
j:2, 3, stif=0.944
j:1, 3
j:6, 2, stif=0.838
j:4, 1, stif=0.81
j:5, 4, stif=0.985
j:0, 2
j:1, 5
n:j=1, d=|:p=0.232
n:p=2, d=Gpart:ry=-1.322
n:j=0, d=@
c:2, 1, -7.332
",0.0035362036286274027,"//0
p:fr=0.472
p:1.008, 0.373, -0.184
p:1.493, -0.721, 0.349, fr=0.047
p:1.382, 0.583, 0.25, fr=1.112
p:0.182, 0.203, -0.984, ing=0.346
p:1.885, 0.429, -1.511, fr=0.397
p:1.511, -0.975, 0.532, fr=0.096
j:2, 3, stif=0.944
j:1, 3
j:6, 2, stif=0.838
j:4, 1, stif=0.81
j:5, 4, stif=0.985
j:0, 2
j:1, 5
n:j=1, d=|:p=0.232
n:p=2, d=Gpart:ry=-1.322
n:j=0, d=@
c:2, 1, -7.332
",0.0035362036286274027,feasible,20
36,0,49,"//0
p:fr=0.472
p:1.008, 0.373, -0.184
p:1.493, -0.721, 0.349, fr=0.047
p:1.382, 0.583, 0.25, fr=1.112
p:0.182, 0.203, -0.984
p:1.885, 0.429, -1.511, fr=0.397
p:1.511, -0.975, 0.532, fr=0.096
j:2, 3, stif=0.944
j:1, 3
j:6, 2, stif=0.838
j:4, 1, stif=0.81
j:5, 4, stif=0.985
j:0, 2
j:1, 5
n:j=1, d=|:p=0.232
n:p=2, d=Gpart:ry=-1.322
n:j=0, d=@
c:2, 1, -8.691
",0.003552664911018727,"//0
p:fr=0.472
p:1.215, 0.651, -0.242
p:1.493, -0.721, 0.349, fr=0.047
p:1.382, 0.583, 0.25, fr=1.112
p:0.182, 0.203, -0.984
p:1.885, 0.429, -1.511, fr=0.397
p:1.511, -0.975, 0.532, fr=0.096
j:2, 3, stif=0.944
j:1, 3
j:6, 2, stif=0.838
j:4, 1, stif=0.81
j:5, 4, stif=0.985
j:0, 2
j:1, 5
n:j=1, d=|:p=0.232
n:p=2, d=Gpart:ry=-1.322
n:j=0, d=@
c:2, 1, -8.691
",0.0026550552842486883,feasible,22
36,0,49,"//0
p:fr=0.472
p:1.008, 0.373, -0.184
p:1.493, -0.721, 0.349, fr=0.047
p:1.382, 0.583, 0.25, fr=1.112
p:0.182, 0.203, -0.984
p:1.885, 0.429, -1.511, fr=0.397
p:1.511, -0.975, 0.532, fr=0.096
j:2, 3, stif=0.944
j:1, 3
j:6, 2, stif=0.838
j:4, 1, stif=0.81
j:5, 4, stif=0.985
j:0, 2
j:1, 5
n:j=1, d=|:p=0.232
n:p=2, d=Gpart:ry=-1.322
n:j=0, d=@
c:2, 1, -8.691
",0.003552664911018727,"//0
p:fr=0.472
p:1.008, 0.373, -0.184
p:1.493, -0.721, 0.349, fr=0.047
p:1.382, 0.583, 0.25, fr=1.112
p:0.182, 0.203, -0.984
p:1.885, 0.429, -1.511, fr=0.397
p:1.511, -0.975, 0.532, fr=0.096
j:2, 3, stif=0.944
j:1, 3
j:6, 2, stif=0.838
j:4, 1, stif=0.81
j:5, 4, stif=0.985
j:0, 2
j:1, 5
n:j=1, d=|:p=0.232
n:p=2, d=Gpart:ry=-1.322
n:j=0, d=@
c:2, 1, -10.613
",0.0033877639137043034,feasible,22
36,0,49,"//0
p:fr=0.472
p:1.008, 0.373, -0.184
p:1.493, -0.721, 0.349, fr=0.047
p:1.382, 0.583, 0.25, fr=1.112
p:0.182, 0.203, -0.984
p:1.885, 0.429, -1.511, fr=0.397
p:1.511, -0.975, 0.532, fr=0.096
j:2, 3, stif=0.944
j:1, 3
j:6, 2, stif=0.838
j:4, 1, stif=0.81
j:5, 4, stif=0.985
j:0, 2
j:1, 5
n:j=1, d=|:p=0.232
n:p=2, d=Gpart:ry=-1.322
n:j=0, d=@
c:2, 1, -8.691
",0.003552664911018727,"//0
p:fr=0.472
p:1.008, 0.373, -0.184
p:1.493, -0.721, 0.349, fr=0.047
p:1.382, 0.583, 0.25, fr=1.722
p:0.182, 0.203, -0.984
p:1.885, 0.429, -1.511, fr=0.397
p:1.511, -0.975, 0.532, fr=0.096
j:2, 3, stif=0.944
j:1, 3
j:6, 2, stif=0.838
j:4, 1, stif=0.81
j:5, 4, stif=0.985
j:0, 2
j:1, 5
n:j=1, d=|:p=0.232
n:p=2, d=Gpart:ry=-1.322
n:j=0, d=@
c:2, 1, -8.691
",0.003552664911018727,feasible,22
36,0,49,"//0
p:fr=0.472
p:1.008, 0.373, -0.184
p:1.493, -0.721, 0.349, fr=0.047
p:1.382, 0.583, 0.25, fr=1.112
p:0.182, 0.203, -0.984
p:1.885, 0.429, -1.511, fr=0.397
p:1.511, -0.975, 0.532, fr=0.096
j:2, 3, stif=0.944
j:1, 3
j:6, 2, stif=0.838
j:4, 1, stif=0.81
j:5, 4, stif=0.985
j:0, 2
j:1, 5
n:j=1, d=|:p=0.232
n:p=2, d=Gpart:ry=-1.322
n:j=0, d=@
c:2, 1, -8.691
",0.003552664911018727,"//0
p:fr=0.472
p:1.008, 0.373, -0.184
p:1.493, -0.721, 0.349, fr=0.047
p:1.382, 0.583, 0.25, fr=1.112
p:0.182, 0.203, -0.984
p:1.885, 0.429, -1.511, fr=0.397
p:1.729, -1.259, 0.382, fr=0.096
j:2, 3, stif=0.944
j:1, 3
j:6, 2, stif=0.838
j:4, 1, stif=0.81
j:5, 4, stif=0.985
j:0, 2
j:1, 5
n:j=1, d=|:p=0.232
n:p=2, d=Gpart:ry=-1.322
n:j=0, d=@
c:2, 1, -8.691
",0.000621803961733909,feasible,22
36,0,49,"//0
p:fr=0.472
p:1.008, 0.373, -0.184
p:1.493, -0.721, 0.349, fr=0.047
p:1.382, 0.583, 0.25, fr=1.112
p:0.182, 0.203, -0.984
p:1.885, 0.429, -1.511, fr=0.397
p:1.511, -0.975, 0.532, fr=0.096
j:2, 3, stif=0.944
j:1, 3
j:6, 2, stif=0.838
j:4, 1, stif=0.81
j:5, 4, stif=0.985
j:0, 2
j:1, 5
n:j=1, d=|:p=0.232
n:p=2, d=Gpart:ry=-1.322
n:j=0, d=@
c:2, 1, -8.691
",0.003552664911018727,"//0
p:fr=0.472
p:1.008, 0.373, -0.184
p:1.493, -0.721, 0.349, fr=0.047
p:1.382, 0.583, 0.25, fr=1.112
p:0.182, 0.203, -0.984
p:1.885, 0.429, -1.511, fr=0.397
j:2, 3, stif=0.944
j:1, 3
j:4, 1, stif=0.81
j:5, 4, stif=0.985
j:0, 2
j:1, 5
n:j=1, d=|:p=0.232
n:p=2, d=Gpart:ry=-1.322
n:j=0, d=@
c:2, 1, -8.691
",0.0005238834140364377,feasible,22
36,0,49,"//0
p:fr=0.472
p:1.008, 0.373, -0.184
p:1.493, -0.721, 0.349, fr=0.047
p:1.382, 0.583, 0.25, fr=1.112
p:0.182, 0.203, -0.984
p:1.885, 0.429, -1.511, fr=0.397
p:1.511, -0.975, 0.532, fr=0.096
j:2, 3, stif=0.944
j:1, 3
j:6, 2, stif=0.838
j:4, 1, stif=0.81
j:5, 4, stif=0.985
j:0, 2
j:1, 5
n:j=1, d=|:p=0.232
n:p=2, d=Gpart:ry=-1.322
n:j=0, d=@
c:2, 1, -8.691
",0.003552664911018727,"//0
p:fr=0.472
p:1.008, 0.373, -0.184
p:1.493, -0.721, 0.349, fr=0.047
p:1.382, 0.583, 0.25, fr=1.112
p:0.182, 0.203, -0.984
p:1.885, 0.429, -1.511, fr=0.397
p:1.511, -0.975, 0.532, fr=0.096
j:2, 3, stif=0.944
j:1, 3
j:6, 2, stif=0.838
j:4, 1, stif=0.81
j:5, 4, stif=0.985
j:0, 2
j:1, 5
n:j=1, d=|:p=0.232
n:p=2, d=Gpart:ry=-1.322
n:j=0, d=@
",2.0709972939483995e-06,feasible,22
36,0,49,"//0
p:fr=0.472
p:1.008, 0.373, -0.184
p:1.493, -0.721, 0.349, fr=0.047
p:1.382, 0.583, 0.25, fr=1.112
p:0.182, 0.203, -0.984
p:1.885, 0.429, -1.511, fr=0.397
p:1.511, -0.975, 0.532, fr=0.096
j:2, 3, stif=0.944
j:1, 3
j:6, 2, stif=0.838
j:4, 1, stif=0.81
j:5, 4, stif=0.985
j:0, 2
j:1, 5
n:j=1, d=|:p=0.232
n:p=2, d=Gpart:ry=-1.322
n:j=0, d=@
c:2, 1, -8.691
",0.003552664911018727,"//0
p:fr=0.472
p:1.008, 0.373, -0.184
p:1.493, -0.721, 0.349, fr=0.047
p:1.382, 0.583, 0.25, fr=1.112
p:0.182, 0.203, -0.984
p:1.885, 0.429, -1.511, fr=0.397
p:1.511, -0.975, 0.532, fr=0.096
j:2, 3, stif=0.944
j:1, 3
j:6, 2, stif=0.838
j:4, 1, stif=0.81
j:5, 4, stif=0.985
j:0, 2
j:1, 5
n:j=1, d=|:p=0.232
n:p=2, d=Gpart:ry=-1.322
n:j=0, d=@
n:p=5, d=Gpart
c:0, 3, -0.898
c:2, 1, -8.691
",0.0034355639443799505,feasible,22
36,0,49,"//0
p:fr=0.472
p:1.008, 0.373, -0.184
p:1.493, -0.721, 0.349, fr=0.047
p:1.382, 0.583, 0.25, fr=1.112
p:0.182, 0.203, -0.984
p:1.885, 0.429, -1.511, fr=0.397
p:1.511, -0.975, 0.532, fr=0.096
j:2, 3, stif=0.944
j:1, 3
j:6, 2, stif=0.838
j:4, 1, stif=0.81
j:5, 4, stif=0.985
j:0, 2
j:1, 5
n:j=1, d=|:p=0.232
n:p=2, d=Gpart:ry=-1.322
n:j=0, d=@
c:2, 1, -8.691
",0.003552664911018727,"//0
p:fr=0.472
p:1.008, 0.373, -0.184
p:1.493, -0.721, 0.349, fr=0.047
p:1.382, 0.583, 0.25, fr=1.112
p:0.182, 0.203, -0.984
p:1.885, 0.429, -1.511, fr=0.397
p:1.511, -0.975, 0.532, fr=0.096
j:2, 3, stif=0.944
j:1, 3
j:6, 2, stif=0.838
j:4, 1, stif=0.81
j:5, 4, stif=0.985
j:0, 2
j:1, 5
n:j=1, d=|:p=0.232
n:p=2, d=""Gpart:ry=-1.322, rz=0.339""
n:j=0, d=@
c:2, 1, -8.691
",0.003399363934825456,feasible,22
36,0,49,"//0
p:fr=0.472
p:1.008, 0.373, -0.184
p:1.493, -0.721, 0.349, fr=0.047
p:1.382, 0.583, 0.25, fr=1.112
p:0.182, 0.203, -0.984
p:1.885, 0.429, -1.511, fr=0.397
p:1.511, -0.975, 0.532, fr=0.096
j:2, 3, stif=0.944
j:1, 3
j:6, 2, stif=0.838
j:4, 1, stif=0.81
j:5, 4, stif=0.985
j:0, 2
j:1, 5
n:j=1, d=|:p=0.232
n:p=2, d=Gpart:ry=-1.322
n:j=0, d=@
c:2, 1, -8.691
",0.003552664911018727,"//0
p:0.3486657450124404, 0.07935151438214161, -0.2794875017049323, fr=0.472
p:1.008, 0.373, -0.184
p:1.493, -0.721, 0.349, fr=0.047
p:1.382, 0.583, 0.25, fr=1.112
p:0.23588421506675505, 0.16502210928933514, -0.9292115494401338
p:1.885, 0.429, -1.511, fr=0.397
p:1.5866626940086332, -0.690961437464916, 0.11868747631112808, fr=0.096
j:5, 3, stif=0.944
j:1, 3
j:6, 5, stif=0.838
j:4, 1, stif=0.81
j:2, 4, stif=0.985
j:0, 5
j:1, 2
n:j=1, d=|:p=0.232
n:p=2, d=Gpart:ry=-1.322
n:j=0, d=@
c:2, 1, -8.691
",5.494843222417847e-05,feasible,22
36,0,49,"//0
p:fr=0.472
p:1.008, 0.373, -0.184
p:1.493, -0.721, 0.349, fr=0.047
p:1.382, 0.583, 0.25, fr=1.112
p:0.182, 0.203, -0.984
p:1.885, 0.429, -1.511, fr=0.397
p:1.511, -0.975, 0.532, fr=0.096
j:2, 3, stif=0.944
j:1, 3
j:6, 2, stif=0.838
j:4, 1, stif=0.81
j:5, 4, stif=0.985
j:0, 2
j:1, 5
n:j=1, d=|:p=0.232
n:p=2, d=Gpart:ry=-1.322
n:j=0, d=@
c:2, 1, -8.691
",0.003552664911018727,"//0
p:fr=0.472
p:1.008, 0.373, -0.184
p:1.493, -0.721, 0.349, fr=0.047
p:1.382, 0.583, 0.25, fr=1.112
p:0.182, 0.203, -0.984
p:1.885, 0.429, -1.511, fr=0.397
p:1.511, -0.975, 0.532, fr=0.096, ing=0.204
j:2, 3, stif=0.944
j:1, 3
j:6, 2, stif=0.838
j:4, 1, stif=0.81
j:5, 4, stif=0.985
j:0, 2
j:1, 5
n:j=1, d=|:p=0.232
n:p=2, d=Gpart:ry=-1.322
n:j=0, d=@
c:2, 1, -8.691
",0.003552664911018727,feasible,22
36,0,49,"//0
p:fr=0.472
p:1.008, 0.373, -0.184
p:1.493, -0.721, 0.349, fr=0.047
p:1.382, 0.583, 0.25, fr=1.112
p:0.182, 0.203, -0.984
p:1.885, 0.429, -1.511, fr=0.397
p:1.511, -0.975, 0.532, fr=0.096
j:2, 3, stif=0.944
j:1, 3
j:6, 2, stif=0.838
j:4, 1, stif=0.81
j:5, 4, stif=0.985
j:0, 2
j:1, 5
n:j=1, d=|:p=0.232
n:p=2, d=Gpart:ry=-1.322
n:j=0, d=@
c:2, 1, -8.691
",0.003552664911018727,"//0
p:fr=0.472
p:1.008, 0.373, -0.184
p:1.493, -0.721, 0.349, fr=0.047
p:1.382, 0.583, 0.25, fr=1.112
p:0.182, 0.203, -0.984
p:1.885, 0.429, -1.511, fr=0.397
p:1.511, -0.975, 0.532, fr=0.096
j:6, 3, stif=0.944
j:1, 3
j:2, 6, stif=0.838
j:4, 1, stif=0.81
j:5, 4, stif=0.985
j:0, 6
j:1, 5
n:j=1, d=|:p=0.232
n:p=2, d=Gpart:ry=-1.322
n:j=0, d=@
c:2, 1, -8.691
",0.00027470050107196,feasible,22
36,0,49,"//0
p:fr=0.472
p:1.008, 0.373, -0.184
p:1.493, -0.721, 0.349, fr=0.047
p:1.382, 0.583, 0.25, fr=1.112
p:0.182, 0.203, -0.984
p:1.885, 0.429, -1.511, fr=0.397
p:1.511, -0.975, 0.532, fr=0.096
j:2, 3, stif=0.944
j:1, 3
j:6, 2, stif=0.838
j:4, 1, stif=0.81
j:5, 4, stif=0.985
j:0, 2
j:1, 5
n:j=1, d=|:p=0.232
n:p=2, d=Gpart:ry=-1.322
n:j=0, d=@
c:2, 1, -8.691
",0.003552664911018727,"//0
p:fr=0.472
p:1.008, 0.373, -0.184
p:1.493, -0.721, 0.349, fr=0.047
p:1.382, 0.583, 0.25, fr=1.112
p:0.182, 0.203, -0.984
p:1.885, 0.429, -1.511, fr=0.397
p:1.511, -0.975, 0.532, fr=0.096
j:2, 3, stif=0.944
j:1, 3
j:6, 2, stif=0.838
j:4, 1, stif=0.81
j:5, 4, stif=0.985
j:0, 2
j:1, 5
n:j=1, d=""|:p=0.232, r=0.978""
n:p=2, d=Gpart:ry=-1.322
n:j=0, d=@
c:2, 1, -8.691
",0.003552664911018727,feasible,22
36,0,49,"//0
p:fr=0.472
p:1.008, 0.373, -0.184
p:1.493, -0.721, 0.349, fr=0.047
p:1.382, 0.583, 0.25, fr=1.112
p:0.182, 0.203, -0.984
p:1.885, 0.429, -1.511, fr=0.397
p:1.511, -0.975, 0.532, fr=0.096
j:2, 3, stif=0.944
j:1, 3
j:6, 2, stif=0.838
j:4, 1, stif=0.81
j:5, 4, stif=0.985
j:0, 2
j:1, 5
n:j=1, d=|:p=0.232
n:p=2, d=Gpart:ry=-1.322
n:j=0, d=@
c:2, 1, -8.691
",0.003552664911018727,"//0
p:fr=0.472
p:1.008, 0.373, -0.184
p:1.493, -0.721, 0.349, fr=0.047
p:1.382, 0.583, 0.25, fr=1.112
p:0.182, 0.203, -0.984
p:1.885, 0.429, -1.511, fr=0.397
p:1.511, -0.975, 0.532, fr=0.096
j:2, 3, stif=0.944
j:1, 3, stif=0.87
j:6, 2, stif=0.838
j:4, 1, stif=0.81
j:5, 4, stif=0.985
j:0, 2
j:1, 5
n:j=1, d=|:p=0.232
n:p=2, d=Gpart:ry=-1.322
n:j=0, d=@
c:2, 1, -8.691
",0.0032810047729784613,feasible,22
36,0,49,"//0
p:fr=0.472
p:1.008, 0.373, -0.184
p:1.493, -0.721, 0.349, fr=0.047
p:1.382, 0.583, 0.25, fr=1.112
p:0.182, 0.203, -0.984
p:1.885, 0.429, -1.511, fr=0.397
p:1.511, -0.975, 0.532, fr=0.096
j:2, 3, stif=0.944
j:1, 3
j:6, 2, stif=0.838
j:4, 1, stif=0.81
j:5, 4, stif=0.985
j:0, 2
j:1, 5
n:j=1, d=|:p=0.232
n:p=2, d=Gpart:ry=-1.322
n:j=0, d=@
c:2, 1, -8.691
",0.003552664911018727,"//0
p:fr=0.472
p:1.008, 0.373, -0.184
p:1.493, -0.721, 0.349, fr=0.047
p:1.382, 0.583, 0.25, fr=1.112
p:0.182, 0.203, -0.984
p:1.885, 0.429, -1.511, fr=0.397
p:1.511, -0.975, 0.532, fr=0.096
j:2, 3, stif=0.944
j:1, 3
j:6, 2, stif=0.838
j:4, 1, stif=0.81
j:5, 4, stif=0.985, rotstif=0.936
j:0, 2
j:1, 5
n:j=1, d=|:p=0.232
n:p=2, d=Gpart:ry=-1.322
n:j=0, d=@
c:2, 1, -8.691
",0.003552664911018727,feasible,22
36,0,49,"//0
p:fr=0.472
p:1.008, 0.373, -0.184
p:1.493, -0.721, 0.349, fr=0.047
p:1.382, 0.583, 0.25, fr=1.112
p:0.182, 0.203, -0.984
p:1.885, 0.429, -1.511, fr=0.397
p:1.511, -0.975, 0.532, fr=0.096
j:2, 3, stif=0.944
j:1, 3
j:6, 2, stif=0.838
j:4, 1, stif=0.81
j:5, 4, stif=0.985
j:0, 2
j:1, 5
n:j=1, d=|:p=0.232
n:p=2, d=Gpart:ry=-1.322
n:j=0, d=@
c:2, 1, -8.691
",0.003552664911018727,"//0
p:fr=0.472
p:0.952, 0.27, -0.087
p:1.493, -0.721, 0.349, fr=0.047
p:1.382, 0.583, 0.25, fr=1.112
p:0.182, 0.203, -0.984
p:1.885, 0.429, -1.511, fr=0.397
p:1.511, -0.975, 0.532, fr=0.096
j:2, 3, stif=0.944
j:1, 3
j:6, 2, stif=0.838
j:4, 1, stif=0.81
j:5, 4, stif=0.985
j:0, 2
j:1, 5
n:j=1, d=|:p=0.232
n:p=2, d=Gpart:ry=-1.322
n:j=0, d=@
c:2, 1, -8.691
",0.0022377376749408615,feasible,22
36,0,49,"//0
p:fr=0.472
p:1.008, 0.373, -0.184
p:1.493, -0.721, 0.349, fr=0.047
p:1.382, 0.583, 0.25, fr=1.112
p:0.182, 0.203, -0.984
p:1.885, 0.429, -1.511, fr=0.397
p:1.511, -0.975, 0.532, fr=0.096
j:2, 3, stif=0.944
j:1, 3
j:6, 2, stif=0.838
j:4, 1, stif=0.81
j:5, 4, stif=0.985
j:0, 2
j:1, 5
n:j=1, d=|:p=0.232
n:p=2, d=Gpart:ry=-1.322
n:j=0, d=@
c:2, 1, -8.691
",0.003552664911018727,"//0
p:fr=0.472
p:1.008, 0.373, -0.184
p:1.493, -0.721, 0.349, fr=0.047
p:1.382, 0.583, 0.25, fr=1.112
p:0.182, 0.203, -0.984
p:1.845854319323259, 0.31415935515752, -1.3252577396460758, fr=0.397
p:1.511, -0.975, 0.532, fr=0.096
j:2, 3, stif=0.944
j:1, 3
j:6, 2, stif=0.838
j:4, 1, stif=0.81
j:0, 4, stif=0.985
j:5, 2
j:1, 0
n:j=1, d=|:p=0.232
n:p=2, d=Gpart:ry=-1.322
n:j=0, d=@
c:2, 1, -8.691
",0.00014237711646359849,feasible,22
36,0,49,"//0
p:fr=0.472
p:1.008, 0.373, -0.184
p:1.493, -0.721, 0.349, fr=0.047
p:1.382, 0.583, 0.25, fr=1.112
p:0.182, 0.203, -0.984
p:1.885, 0.429, -1.511, fr=0.397
p:1.511, -0.975, 0.532, fr=0.096
j:2, 3, stif=0.944
j:1, 3
j:6, 2, stif=0.838
j:4, 1, stif=0.81
j:5, 4, stif=0.985
j:0, 2
j:1, 5
n:j=1, d=|:p=0.232
n:p=2, d=Gpart:ry=-1.322
n:j=0, d=@
c:2, 1, -8.691
",0.003552664911018727,"//0
p:fr=0.472
p:1.008, 0.373, -0.184
p:1.493, -0.721, 0.349, fr=0.047
p:1.382, 0.583, 0.25, fr=1.112
p:0.182, 0.203, -0.984
p:1.885, 0.429, -1.511, fr=0.397
p:1.511, -0.975, 0.532, fr=0.096
j:2, 3, stif=0.944
j:1, 3
j:6, 2, stif=0.838
j:4, 1, stif=0.81
j:5, 4, stif=0.985
j:0, 2
j:1, 5
n:j=1, d=|:p=0.561
n:p=2, d=Gpart:ry=-1.322
n:j=0, d=@
c:2, 1, -8.691
",0.0003052937046674298,feasible,22
36,0,49,"//0
p:fr=0.472
p:1.008, 0.373, -0.184
p:1.493, -0.721, 0.349, fr=0.047
p:1.382, 0.583, 0.25, fr=1.112
p:0.182, 0.203, -0.984
p:1.885, 0.429, -1.511, fr=0.397
p:1.511, -0.975, 0.532, fr=0.096
j:2, 3, stif=0.944
j:1, 3
j:6, 2, stif=0.838
j:4, 1, stif=0.81
j:5, 4, stif=0.985
j:0, 2
j:1, 5
n:j=1, d=|:p=0.232
n:p=2, d=Gpart:ry=-1.322
n:j=0, d=@
c:2, 1, -8.691
",0.003552664911018727,"//0
p:fr=0.472
p:1.008, 0.373, -0.184
p:1.493, -0.721, 0.349, fr=0.047
p:1.382, 0.583, 0.25, fr=1.112
p:0.182, 0.203, -0.984
p:1.885, 0.429, -1.511, fr=0.397
p:1.511, -0.975, 0.532, fr=0.096
j:2, 3, stif=0.944
j:1, 3
j:6, 2, stif=0.838
j:4, 1, stif=0.81, rotstif=0.943
j:5, 4, stif=0.985
j:0, 2
j:1, 5
n:j=1, d=|:p=0.232
n:p=2, d=Gpart:ry=-1.322
n:j=0, d=@
c:2, 1, -8.691
",0.003552664911018727,feasible,22
36,0,49,"//0
p:fr=0.472
p:1.008, 0.373, -0.184
p:1.493, -0.721, 0.349, fr=0.047
p:1.382, 0.583, 0.25, fr=1.112
p:0.182, 0.203, -0.984
p:1.885, 0.429, -1.511, fr=0.397
p:1.511, -0.975, 0.532, fr=0.096
j:2, 3, stif=0.944
j:1, 3
j:6, 2, stif=0.838
j:4, 1, stif=0.81
j:5, 4, stif=0.985
j:0, 2
j:1, 5
n:j=1, d=|:p=0.232
n:p=2, d=Gpart:ry=-1.322
n:j=0, d=@
c:2, 1, -8.691
",0.003552664911018727,"//0
p:fr=0.472
p:1.008, 0.373, -0.184
p:1.493, -0.721, 0.349, fr=0.047
p:1.382, 0.583, 0.25, fr=1.112
p:0.182, 0.203, -0.984
p:1.885, 0.429, -1.511, fr=0.397
p:1.511, -0.975, 0.532, fr=0.096
j:2, 3, stif=0.944
j:1, 3
j:6, 2, stif=0.838
j:4, 1, stif=0.81
j:5, 4, stif=0.985
j:0, 2
j:1, 5
n:j=1, d=|:p=0.232
n:p=2, d=Gpart:ry=-1.322
n:j=0, d=@
c:2, 1, -8.071
",0.0035116083555072294,feasible,22
36,0,49,"//0
p:fr=0.472
p:1.008, 0.373, -0.184
p:1.493, -0.721, 0.349, fr=0.047
p:1.382, 0.583, 0.25, fr=1.112
p:0.182, 0.203, -0.984
p:1.885, 0.429, -1.511, fr=0.397
p:1.511, -0.975, 0.532, fr=0.096
j:2, 3, stif=0.944
j:1, 3
j:6, 2, stif=0.838
j:4, 1, stif=0.81
j:5, 4, stif=0.985
j:0, 2
j:1, 5
n:j=1, d=|:p=0.232
n:p=2, d=Gpart:ry=-1.322
n:j=0, d=@
c:2, 1, -8.691
",0.003552664911018727,"//0
p:fr=0.472
p:1.008, 0.373, -0.184
p:1.493, -0.721, 0.349, fr=0.047
p:1.382, 0.583, 0.25, fr=1.112
p:0.182, 0.203, -0.984
p:1.885, 0.429, -1.511, fr=0.397, ing=0.312
p:1.511, -0.975, 0.532, fr=0.096
j:2, 3, stif=0.944
j:1, 3
j:6, 2, stif=0.838
j:4, 1, stif=0.81
j:5, 4, stif=0.985
j:0, 2
j:1, 5
n:j=1, d=|:p=0.232
n:p=2, d=Gpart:ry=-1.322
n:j=0, d=@
c:2, 1, -8.691
",0.003552664911018727,feasible,22
36,0,50,"//0
p:fr=0.472
p:1.008, 0.373, -0.184
p:1.493, -0.721, 0.349, fr=0.047
p:1.382, 0.583, 0.25, fr=1.112
p:0.182, 0.203, -0.984
p:1.885, 0.429, -1.511, fr=0.566
p:1.511, -0.975, 0.532, fr=0.096
j:2, 3, stif=0.944
j:1, 3
j:6, 2, stif=0.838
j:4, 1, stif=0.81
j:5, 4, stif=0.985
j:0, 2
j:1, 5
n:j=1, d=|:p=0.232
n:p=2, d=Gpart:ry=-1.322
n:j=0, d=@
c:2, 1, -8.691
",0.0035617602770862773,"//0
p:fr=0.472
p:1.008, 0.373, -0.184
p:1.493, -0.721, 0.349, fr=0.047
p:1.382, 0.583, 0.25, fr=1.112
p:0.23588421506675505, 0.16502210928933514, -0.9292115494401338
p:1.845854319323259, 0.31415935515752, -1.3252577396460758, fr=0.566
p:1.511, -0.975, 0.532, fr=0.096
j:1, 3, stif=0.944
j:2, 3
j:6, 1, stif=0.838
j:4, 2, stif=0.81
j:5, 4, stif=0.985
j:0, 1
j:2, 5
n:j=1, d=|:p=0.232
n:p=2, d=Gpart:ry=-1.322
n:j=0, d=@
c:2, 1, -8.691
",2.6218457477593905e-05,feasible,21
36,0,50,"//0
p:fr=0.472
p:1.008, 0.373, -0.184
p:1.493, -0.721, 0.349, fr=0.047
p:1.382, 0.583, 0.25, fr=1.112
p:0.182, 0.203, -0.984
p:1.885, 0.429, -1.511, fr=0.566
p:1.511, -0.975, 0.532, fr=0.096
j:2, 3, stif=0.944
j:1, 3
j:6, 2, stif=0.838
j:4, 1, stif=0.81
j:5, 4, stif=0.985
j:0, 2
j:1, 5
n:j=1, d=|:p=0.232
n:p=2, d=Gpart:ry=-1.322
n:j=0, d=@
c:2, 1, -8.691
",0.0035617602770862773,"//0
p:fr=0.472
p:1.008, 0.373, -0.184
p:1.493, -0.721, 0.349, fr=0.047
p:1.382, 0.583, 0.25, fr=1.112, ing=0.254
p:0.182, 0.203, -0.984
p:1.885, 0.429, -1.511, fr=0.566
p:1.511, -0.975, 0.532, fr=0.096
j:2, 3, stif=0.944
j:1, 3
j:6, 2, stif=0.838
j:4, 1, stif=0.81
j:5, 4, stif=0.985
j:0, 2
j:1, 5
n:j=1, d=|:p=0.232
n:p=2, d=Gpart:ry=-1.322
n:j=0, d=@
c:2, 1, -8.691
",0.0035617602770862773,feasible,21
36,0,50,"//0
p:fr=0.472
p:1.008, 0.373, -0.184
p:1.493, -0.721, 0.349, fr=0.047
p:1.382, 0.583, 0.25, fr=1.112
p:0.182, 0.203, -0.984
p:1.885, 0.429, -1.511, fr=0.566
p:1.511, -0.975, 0.532, fr=0.096
j:2, 3, stif=0.944
j:1, 3
j:6, 2, stif=0.838
j:4, 1, stif=0.81
j:5, 4, stif=0.985
j:0, 2
j:1, 5
n:j=1, d=|:p=0.232
n:p=2, d=Gpart:ry=-1.322
n:j=0, d=@
c:2, 1, -8.691
",0.0035617602770862773,"//0
p:fr=0.472
p:1.008, 0.373, -0.184
p:1.493, -0.721, 0.349, fr=0.047
p:1.382, 0.583, 0.25, fr=1.112
p:0.182, 0.203, -0.984
p:1.885, 0.429, -1.511, fr=0.566
j:2, 3, stif=0.944
j:1, 3
j:4, 1, stif=0.81
j:5, 4, stif=0.985
j:0, 2
j:1, 5
n:j=1, d=|:p=0.232
n:p=2, d=Gpart:ry=-1.322
n:j=0, d=@
c:2, 1, -8.691
",0.0005057423035529869,feasible,21
36,0,50,"//0
p:fr=0.472
p:1.008, 0.373, -0.184
p:1.493, -0.721, 0.349, fr=0.047
p:1.382, 0.583, 0.25, fr=1.112
p:0.182, 0.203, -0.984
p:1.885, 0.429, -1.511, fr=0.566
p:1.511, -0.975, 0.532, fr=0.096
j:2, 3, stif=0.944
j:1, 3
j:6, 2, stif=0.838
j:4, 1, stif=0.81
j:5, 4, stif=0.985
j:0, 2
j:1, 5
n:j=1, d=|:p=0.232
n:p=2, d=Gpart:ry=-1.322
n:j=0, d=@
c:2, 1, -8.691
",0.0035617602770862773,"//0
p:fr=0.472
p:1.008, 0.373, -0.184
p:1.493, -0.721, 0.349, fr=0.047
p:1.382, 0.583, 0.25, fr=1.112
p:0.182, 0.203, -0.984
p:1.885, 0.429, -1.511, fr=0.566
p:1.511, -0.975, 0.532, fr=0.096
j:2, 3, stif=0.944
j:1, 3
j:6, 2, stif=0.838
j:4, 1, stif=0.81
j:5, 4, stif=0.985
j:0, 2
j:1, 5
n:j=1, d=|:p=0.232
n:p=2, d=Gpart:ry=-1.322
n:j=0, d=@
c:0, 1, 0.272
c:2, 1, -8.691
",0.0035241085299638274,feasible,21
36,0,50,"//0
p:fr=0.472
p:1.008, 0.373, -0.184
p:1.493, -0.721, 0.349, fr=0.047
p:1.382, 0.583, 0.25, fr=1.112
p:0.182, 0.203, -0.984
p:1.885, 0.429, -1.511, fr=0.566
p:1.511, -0.975, 0.532, fr=0.096
j:2, 3, stif=0.944
j:1, 3
j:6, 2, stif=0.838
j:4, 1, stif=0.81
j:5, 4, stif=0.985
j:0, 2
j:1, 5
n:j=1, d=|:p=0.232
n:p=2, d=Gpart:ry=-1.322
n:j=0, d=@
c:2, 1, -8.691
",0.0035617602770862773,"//0
p:fr=0.472
p:1.008, 0.373, -0.184
p:1.493, -0.721, 0.349, fr=0.047
p:1.382, 0.583, 0.25, fr=1.112
p:0.182, 0.203, -0.984
p:1.885, 0.429, -1.511, fr=0.566
p:1.511, -0.975, 0.532, fr=0.096
j:2, 3, stif=0.944
j:1, 3
j:6, 2, stif=0.838
j:4, 1, stif=0.81
j:5, 4, stif=0.985
j:0, 2
j:1, 5
n:j=1, d=|:p=0.232
n:p=2, d=Gpart:ry=-1.322
n:j=0, d=@:p=0.838
c:2, 1, -8.691
",0.003155274342451375,feasible,21
36,0,50,"//0
p:fr=0.472
p:1.008, 0.373, -0.184
p:1.493, -0.721, 0.349, fr=0.047
p:1.382, 0.583, 0.25, fr=1.112
p:0.182, 0.203, -0.984
p:1.885, 0.429, -1.511, fr=0.566
p:1.511, -0.975, 0.532, fr=0.096
j:2, 3, stif=0.944
j:1, 3
j:6, 2, stif=0.838
j:4, 1, stif=0.81
j:5, 4, stif=0.985
j:0, 2
j:1, 5
n:j=1, d=|:p=0.232
n:p=2, d=Gpart:ry=-1.322
n:j=0, d=@
c:2, 1, -8.691
",0.0035617602770862773,"//0
p:fr=0.472
p:1.008, 0.373, -0.184
p:1.493, -0.721, 0.349, fr=0.047
p:1.382, 0.583, 0.25, fr=1.112
p:0.182, 0.203, -0.984
p:1.885, 0.429, -1.511, fr=0.566
p:1.511, -0.975, 0.532, fr=0.096
j:2, 3, stif=0.944
j:1, 3
j:6, 2, stif=0.838
j:4, 1, stif=0.81
j:5, 4, stif=0.985
j:0, 2
j:1, 5
n:j=1, d=|:p=0.232
n:p=2, d=Gpart:ry=-1.322
n:j=0, d=@
n:j=2, d=G
c:0, 3, -0.311
c:2, 1, -8.691
",0.0007314337024105398,feasible,21
36,0,50,"//0
p:fr=0.472
p:1.008, 0.373, -0.184
p:1.493, -0.721, 0.349, fr=0.047
p:1.382, 0.583, 0.25, fr=1.112
p:0.182, 0.203, -0.984
p:1.885, 0.429, -1.511, fr=0.566
p:1.511, -0.975, 0.532, fr=0.096
j:2, 3, stif=0.944
j:1, 3
j:6, 2, stif=0.838
j:4, 1, stif=0.81
j:5, 4, stif=0.985
j:0, 2
j:1, 5
n:j=1, d=|:p=0.232
n:p=2, d=Gpart:ry=-1.322
n:j=0, d=@
c:2, 1, -8.691
",0.0035617602770862773,"//0
p:0.522, -0.45, -0.576, fr=0.472
p:1.008, 0.373, -0.184
p:1.493, -0.721, 0.349, fr=0.047
p:1.382, 0.583, 0.25, fr=1.112
p:0.182, 0.203, -0.984
p:1.885, 0.429, -1.511, fr=0.566
p:1.511, -0.975, 0.532, fr=0.096
j:2, 3, stif=0.944
j:1, 3
j:6, 2, stif=0.838
j:4, 1, stif=0.81
j:5, 4, stif=0.985
j:0, 2
j:1, 5
n:j=1, d=|:p=0.232
n:p=2, d=Gpart:ry=-1.322
n:j=0, d=@
c:2, 1, -8.691
",0.0006360548545614463,feasible,21
36,0,50,"//0
p:fr=0.472
p:1.008, 0.373, -0.184
p:1.493, -0.721, 0.349, fr=0.047
p:1.382, 0.583, 0.25, fr=1.112
p:0.182, 0.203, -0.984
p:1.885, 0.429, -1.511, fr=0.566
p:1.511, -0.975, 0.532, fr=0.096
j:2, 3, stif=0.944
j:1, 3
j:6, 2, stif=0.838
j:4, 1, stif=0.81
j:5, 4, stif=0.985
j:0, 2
j:1, 5
n:j=1, d=|:p=0.232
n:p=2, d=Gpart:ry=-1.322
n:j=0, d=@
c:2, 1, -8.691
",0.0035617602770862773,"//0
p:fr=0.472
p:1.008, 0.373, -0.184
p:1.493, -0.721, 0.349, fr=0.047
p:1.382, 0.583, 0.25, fr=1.112
p:0.182, 0.203, -0.984
p:1.885, 0.429, -1.511, fr=0.566
p:1.511, -0.975, 0.532, fr=0.096
j:2, 3, stif=0.944
j:1, 3
j:6, 2, stif=0.921
j:4, 1, stif=0.81
j:5, 4, stif=0.985
j:0, 2
j:1, 5
n:j=1, d=|:p=0.232
n:p=2, d=Gpart:ry=-1.322
n:j=0, d=@
c:2, 1, -8.691
",0.003582243848366148,feasible,21
36,0,50,"//0
p:fr=0.472
p:1.008, 0.373, -0.184
p:1.493, -0.721, 0.349, fr=0.047
p:1.382, 0.583, 0.25, fr=1.112
p:0.182, 0.203, -0.984
p:1.885, 0.429, -1.511, fr=0.566
p:1.511, -0.975, 0.532, fr=0.096
j:2, 3, stif=0.944
j:1, 3
j:6, 2, stif=0.838
j:4, 1, stif=0.81
j:5, 4, stif=0.985
j:0, 2
j:1, 5
n:j=1, d=|:p=0.232
n:p=2, d=Gpart:ry=-1.322
n:j=0, d=@
c:2, 1, -8.691
",0.0035617602770862773,"//0
p:fr=0.472
p:1.008, 0.373, -0.184
p:1.493, -0.721, 0.349, fr=0.047
p:1.382, 0.583, 0.25, fr=1.112
p:0.182, 0.203, -0.984, fr=0.119
p:1.885, 0.429, -1.511, fr=0.566
p:1.511, -0.975, 0.532, fr=0.096
j:2, 3, stif=0.944
j:1, 3
j:6, 2, stif=0.838
j:4, 1, stif=0.81
j:5, 4, stif=0.985
j:0, 2
j:1, 5
n:j=1, d=|:p=0.232
n:p=2, d=Gpart:ry=-1.322
n:j=0, d=@
c:2, 1, -8.691
",0.002727416701730384,feasible,21
36,0,50,"//0
p:fr=0.472
p:1.008, 0.373, -0.184
p:1.493, -0.721, 0.349, fr=0.047
p:1.382, 0.583, 0.25, fr=1.112
p:0.182, 0.203, -0.984
p:1.885, 0.429, -1.511, fr=0.566
p:1.511, -0.975, 0.532, fr=0.096
j:2, 3, stif=0.944
j:1, 3
j:6, 2, stif=0.838
j:4, 1, stif=0.81
j:5, 4, stif=0.985
j:0, 2
j:1, 5
n:j=1, d=|:p=0.232
n:p=2, d=Gpart:ry=-1.322
n:j=0, d=@
c:2, 1, -8.691
",0.0035617602770862773,"//0
p:fr=0.472
p:1.008, 0.373, -0.184
p:1.493, -0.721, 0.349, fr=0.047
p:1.382, 0.583, 0.25, fr=1.112
p:0.182, 0.203, -0.984
p:1.885, 0.429, -1.511, fr=0.566
p:1.511, -0.975, 0.532, fr=0.096
j:2, 3, stif=0.944
j:1, 3
j:6, 2, stif=0.838
j:4, 1, stif=0.81
j:5, 4, stif=0.985
j:0, 2
j:1, 5
n:j=1, d=|:p=0.232
n:p=2, d=Gpart:ry=-1.322
n:j=0, d=@
c:0, 1, -1.394
c:2, 1, -8.691
",0.0035193766786939967,feasible,21
36,0,50,"//0
p:fr=0.472
p:1.008, 0.373, -0.184
p:1.493, -0.721, 0.349, fr=0.047
p:1.382, 0.583, 0.25, fr=1.112
p:0.182, 0.203, -0.984
p:1.885, 0.429, -1.511, fr=0.566
p:1.511, -0.975, 0.532, fr=0.096
j:2, 3, stif=0.944
j:1, 3
j:6, 2, stif=0.838
j:4, 1, stif=0.81
j:5, 4, stif=0.985
j:0, 2
j:1, 5
n:j=1, d=|:p=0.232
n:p=2, d=Gpart:ry=-1.322
n:j=0, d=@
c:2, 1, -8.691
",0.0035617602770862773,"//0
p:0.111, -0.019, 0.221, fr=0.472
p:1.008, 0.373, -0.184
p:1.493, -0.721, 0.349, fr=0.047
p:1.382, 0.583, 0.25, fr=1.112
p:0.182, 0.203, -0.984
p:1.885, 0.429, -1.511, fr=0.566
p:1.511, -0.975, 0.532, fr=0.096
j:2, 3, stif=0.944
j:1, 3
j:6, 2, stif=0.838
j:4, 1, stif=0.81
j:5, 4, stif=0.985
j:0, 2
j:1, 5
n:j=1, d=|:p=0.232
n:p=2, d=Gpart:ry=-1.322
n:j=0, d=@
c:2, 1, -8.691
",0.0010591837119873532,feasible,21
36,0,50,"//0
p:fr=0.472
p:1.008, 0.373, -0.184
p:1.493, -0.721, 0.349, fr=0.047
p:1.382, 0.583, 0.25, fr=1.112
p:0.182, 0.203, -0.984
p:1.885, 0.429, -1.511, fr=0.566
p:1.511, -0.975, 0.532, fr=0.096
j:2, 3, stif=0.944
j:1, 3
j:6, 2, stif=0.838
j:4, 1, stif=0.81
j:5, 4, stif=0.985
j:0, 2
j:1, 5
n:j=1, d=|:p=0.232
n:p=2, d=Gpart:ry=-1.322
n:j=0, d=@
c:2, 1, -8.691
",0.0035617602770862773,"//0
p:fr=0.472
p:1.008, 0.373, -0.184
p:1.493, -0.721, 0.349, fr=0.047
p:1.382, 0.583, 0.25, fr=1.112
p:0.182, 0.203, -0.984
p:1.885, 0.429, -1.511, fr=0.566
p:1.511, -0.975, 0.532, fr=0.096
j:2, 3, stif=0.944
j:1, 3
j:6, 2, stif=0.838
j:4, 1, stif=0.81
j:5, 4, stif=0.985
j:0, 2
j:1, 5, rotstif=0.985
n:j=1, d=|:p=0.232
n:p=2, d=Gpart:ry=-1.322
n:j=0, d=@
c:2, 1, -8.691
",0.0035617602770862773,feasible,21
36,0,50,"//0
p:fr=0.472
p:1.008, 0.373, -0.184
p:1.493, -0.721, 0.349, fr=0.047
p:1.382, 0.583, 0.25, fr=1.112
p:0.182, 0.203, -0.984
p:1.885, 0.429, -1.511, fr=0.566
p:1.511, -0.975, 0.532, fr=0.096
j:2, 3, stif=0.944
j:1, 3
j:6, 2, stif=0.838
j:4, 1, stif=0.81
j:5, 4, stif=0.985
j:0, 2
j:1, 5
n:j=1, d=|:p=0.232
n:p=2, d=Gpart:ry=-1.322
n:j=0, d=@
c:2, 1, -8.691
",0.0035617602770862773,"//0
p:fr=0.472
p:1.008, 0.373, -0.184
p:1.493, -0.721, 0.349, fr=0.047
p:1.382, 0.583, 0.25, fr=1.112
p:0.182, 0.203, -0.984
p:1.885, 0.429, -1.511, fr=0.566
p:1.511, -0.975, 0.532, fr=0.096
j:2, 3, stif=0.944
j:1, 3
j:6, 2, stif=0.838
j:4, 1, stif=0.81
j:5, 4, stif=0.985
j:0, 2
j:1, 5, rotstif=0.956
n:j=1, d=|:p=0.232
n:p=2, d=Gpart:ry=-1.322
n:j=0, d=@
c:2, 1, -8.691
",0.0035617602770862773,feasible,21
36,0,50,"//0
p:fr=0.472
p:1.008, 0.373, -0.184
p:1.493, -0.721, 0.349, fr=0.047
p:1.382, 0.583, 0.25, fr=1.112
p:0.182, 0.203, -0.984
p:1.885, 0.429, -1.511, fr=0.566
p:1.511, -0.975, 0.532, fr=0.096
j:2, 3, stif=0.944
j:1, 3
j:6, 2, stif=0.838
j:4, 1, stif=0.81
j:5, 4, stif=0.985
j:0, 2
j:1, 5
n:j=1, d=|:p=0.232
n:p=2, d=Gpart:ry=-1.322
n:j=0, d=@
c:2, 1, -8.691
",0.0035617602770862773,"//0
p:fr=0.472
p:1.008, 0.373, -0.184
p:1.493, -0.721, 0.349, fr=0.047
p:1.382, 0.583, 0.25, fr=1.112
p:0.182, 0.203, -0.984
p:1.885, 0.429, -1.511, fr=0.566
p:1.511, -0.975, 0.532, fr=0.096
j:2, 3, stif=0.944
j:1, 3
j:6, 2, stif=0.838
j:4, 1, stif=0.81
j:5, 4, stif=0.985
j:0, 2
j:1, 5
n:j=1, d=|:p=0.232
n:j=0, d=@
",2.5590305343680714e-06,feasible,21
36,0,50,"//0
p:fr=0.472
p:1.008, 0.373, -0.184
p:1.493, -0.721, 0.349, fr=0.047
p:1.382, 0.583, 0.25, fr=1.112
p:0.182, 0.203, -0.984
p:1.885, 0.429, -1.511, fr=0.566
p:1.511, -0.975, 0.532, fr=0.096
j:2, 3, stif=0.944
j:1, 3
j:6, 2, stif=0.838
j:4, 1, stif=0.81
j:5, 4, stif=0.985
j:0, 2
j:1, 5
n:j=1, d=|:p=0.232
n:p=2, d=Gpart:ry=-1.322
n:j=0, d=@
c:2, 1, -8.691
",0.0035617602770862773,"//0
p:fr=0.472
p:1.008, 0.373, -0.184
p:1.493, -0.721, 0.349, fr=0.047
p:1.382, 0.583, 0.25, fr=1.112
p:0.318, 0.176, -0.972
p:1.885, 0.429, -1.511, fr=0.566
p:1.511, -0.975, 0.532, fr=0.096
j:2, 3, stif=0.944
j:1, 3
j:6, 2, stif=0.838
j:4, 1, stif=0.81
j:5, 4, stif=0.985
j:0, 2
j:1, 5
n:j=1, d=|:p=0.232
n:p=2, d=Gpart:ry=-1.322
n:j=0, d=@
c:2, 1, -8.691
",0.003453813105297013,feasible,21
36,0,50,"//0
p:fr=0.472
p:1.008, 0.373, -0.184
p:1.493, -0.721, 0.349, fr=0.047
p:1.382, 0.583, 0.25, fr=1.112
p:0.182, 0.203, -0.984
p:1.885, 0.429, -1.511, fr=0.566
p:1.511, -0.975, 0.532, fr=0.096
j:2, 3, stif=0.944
j:1, 3
j:6, 2, stif=0.838
j:4, 1, stif=0.81
j:5, 4, stif=0.985
j:0, 2
j:1, 5
n:j=1, d=|:p=0.232
n:p=2, d=Gpart:ry=-1.322
n:j=0, d=@
c:2, 1, -8.691
",0.0035617602770862773,"//0
p:fr=0.472
p:1.008, 0.373, -0.184
p:1.493, -0.721, 0.349, fr=0.047
p:1.382, 0.583, 0.25, fr=1.112
p:0.182, 0.203, -0.984
p:1.885, 0.429, -1.511, fr=0.566
p:1.511, -0.975, 0.532, fr=0.096
j:2, 3, stif=0.944
j:1, 3
j:6, 2, stif=0.838
j:4, 1, stif=0.81
j:5, 4, stif=0.985
j:0, 2
j:1, 5
j:3, 5
n:j=1, d=|:p=0.232
n:p=2, d=Gpart:ry=-1.322
n:j=0, d=@
c:2, 1, -8.691
",1.0476347222338158e-05,feasible,21
36,0,50,"//0
p:fr=0.472
p:1.008, 0.373, -0.184
p:1.493, -0.721, 0.349, fr=0.047
p:1.382, 0.583, 0.25, fr=1.112
p:0.182, 0.203, -0.984
p:1.885, 0.429, -1.511, fr=0.566
p:1.511, -0.975, 0.532, fr=0.096
j:2, 3, stif=0.944
j:1, 3
j:6, 2, stif=0.838
j:4, 1, stif=0.81
j:5, 4, stif=0.985
j:0, 2
j:1, 5
n:j=1, d=|:p=0.232
n:p=2, d=Gpart:ry=-1.322
n:j=0, d=@
c:2, 1, -8.691
",0.0035617602770862773,"//0
p:fr=0.472
p:1.008, 0.373, -0.184
p:1.493, -0.721, 0.349, fr=0.047
p:1.382, 0.583, 0.25, fr=1.112
p:0.182, 0.203, -0.984
p:1.885, 0.429, -1.511, fr=0.566
p:1.511, -0.975, 0.532, fr=0.096
j:2, 3, stif=0.944
j:1, 3
j:6, 2, stif=0.838
j:4, 1, stif=0.81
j:5, 4, stif=0.985
j:0, 2, rotstif=0.928
j:1, 5
n:j=1, d=|:p=0.232
n:p=2, d=Gpart:ry=-1.322
n:j=0, d=@
c:2, 1, -8.691
",0.0035617602770862773,feasible,21
36,0,50,"//0
p:fr=0.472
p:1.008, 0.373, -0.184
p:1.493, -0.721, 0.349, fr=0.047
p:1.382, 0.583, 0.25, fr=1.112
p:0.182, 0.203, -0.984
p:1.885, 0.429, -1.511, fr=0.566
p:1.511, -0.975, 0.532, fr=0.096
j:2, 3, stif=0.944
j:1, 3
j:6, 2, stif=0.838
j:4, 1, stif=0.81
j:5, 4, stif=0.985
j:0, 2
j:1, 5
n:j=1, d=|:p=0.232
n:p=2, d=Gpart:ry=-1.322
n:j=0, d=@
c:2, 1, -8.691
",0.0035617602770862773,"//0
p:fr=0.472
p:1.008, 0.373, -0.184
p:1.493, -0.721, 0.349, fr=0.047
p:1.382, 0.583, 0.25, fr=1.112
p:0.182, 0.203, -0.984
p:1.885, 0.429, -1.511, fr=0.566
p:1.511, -0.975, 0.532, fr=0.096
j:2, 3, stif=0.944
j:1, 3
j:6, 2, stif=0.838
j:4, 1, stif=0.81
j:5, 4, stif=0.985
j:0, 2
j:1, 5
n:j=1, d=|:p=0.232
n:p=2, d=Gpart:ry=-1.322
n:j=0, d=@
c:0, 1, -1.706
c:2, 1, -8.691
",0.0035186021352262174,feasible,21
36,0,50,"//0
p:fr=0.472
p:1.008, 0.373, -0.184
p:1.493, -0.721, 0.349, fr=0.047
p:1.382, 0.583, 0.25, fr=1.112
p:0.182, 0.203, -0.984
p:1.885, 0.429, -1.511, fr=0.566
p:1.511, -0.975, 0.532, fr=0.096
j:2, 3, stif=0.944
j:1, 3
j:6, 2, stif=0.838
j:4, 1, stif=0.81
j:5, 4, stif=0.985
j:0, 2
j:1, 5
n:j=1, d=|:p=0.232
n:p=2, d=Gpart:ry=-1.322
n:j=0, d=@
c:2, 1, -8.691
",0.0035617602770862773,"//0
p:fr=0.472
p:1.008, 0.373, -0.184
p:1.493, -0.721, 0.349, fr=0.295
p:1.382, 0.583, 0.25, fr=1.112
p:0.182, 0.203, -0.984
p:1.885, 0.429, -1.511, fr=0.566
p:1.511, -0.975, 0.532, fr=0.096
j:2, 3, stif=0.944
j:1, 3
j:6, 2, stif=0.838
j:4, 1, stif=0.81
j:5, 4, stif=0.985
j:0, 2
j:1, 5
n:j=1, d=|:p=0.232
n:p=2, d=Gpart:ry=-1.322
n:j=0, d=@
c:2, 1, -8.691
",0.0010376560578052411,feasible,21
36,0,50,"//0
p:fr=0.472
p:1.008, 0.373, -0.184
p:1.493, -0.721, 0.349, fr=0.047
p:1.382, 0.583, 0.25, fr=1.112
p:0.182, 0.203, -0.984
p:1.885, 0.429, -1.511, fr=0.566
p:1.511, -0.975, 0.532, fr=0.096
j:2, 3, stif=0.944
j:1, 3
j:6, 2, stif=0.838
j:4, 1, stif=0.81
j:5, 4, stif=0.985
j:0, 2
j:1, 5
n:j=1, d=|:p=0.232
n:p=2, d=Gpart:ry=-1.322
n:j=0, d=@
c:2, 1, -8.691
",0.0035617602770862773,"//0
p:fr=0.472
p:1.008, 0.373, -0.184
p:1.493, -0.721, 0.349, fr=0.047
p:1.382, 0.583, 0.25, fr=1.112
p:0.182, 0.203, -0.984
p:1.885, 0.429, -1.511, fr=0.566
p:1.511, -0.975, 0.532, fr=0.096
p:-1.782, -0.289, -0.23
j:2, 3, stif=0.944
j:1, 3
j:6, 2, stif=0.838
j:4, 1, stif=0.81
j:5, 4, stif=0.985
j:0, 2
j:1, 5
j:7, 0
n:j=1, d=|:p=0.232
n:p=2, d=Gpart:ry=-1.322
n:j=0, d=@
c:2, 1, -8.691
",0.0004552013383516229,feasible,21
36,0,51,"//0
p:fr=0.472
p:1.008, 0.373, -0.184
p:1.493, -0.721, 0.349, fr=0.047
p:1.382, 0.583, 0.25, fr=1.112
p:0.314, -0.36, -1.305
p:1.885, 0.429, -1.511, fr=0.566
p:1.511, -0.975, 0.532, fr=0.096
j:2, 3, stif=0.944
j:1, 3
j:6, 2, stif=0.838
j:4, 1, stif=0.81
j:5, 4, stif=0.985
j:0, 2
j:1, 5
n:j=1, d=|:p=0.232
n:p=2, d=Gpart:ry=-1.322
n:j=0, d=@
c:2, 1, -8.691
",0.004553422522756525,"//0
p:fr=0.472
p:1.008, 0.373, -0.184
p:1.493, -0.721, 0.349, fr=0.047
p:1.382, 0.583, 0.25, fr=1.112
p:0.314, -0.36, -1.305
p:1.885, 0.429, -1.511, fr=0.566
p:1.511, -0.975, 0.532, fr=0.096
j:2, 3, stif=0.944
j:1, 3
j:6, 2, stif=0.838
j:4, 1, stif=0.81
j:5, 4, stif=0.985
j:0, 2
j:1, 5
n:j=1, d=|:p=0.232
n:p=2, d=Gpart:ry=-1.322
n:j=0, d=@
c:2, 1, -8.734
",0.004496191306546909,feasible,20
36,0,51,"//0
p:fr=0.472
p:1.008, 0.373, -0.184
p:1.493, -0.721, 0.349, fr=0.047
p:1.382, 0.583, 0.25, fr=1.112
p:0.314, -0.36, -1.305
p:1.885, 0.429, -1.511, fr=0.566
p:1.511, -0.975, 0.532, fr=0.096
j:2, 3, stif=0.944
j:1, 3
j:6, 2, stif=0.838
j:4, 1, stif=0.81
j:5, 4, stif=0.985
j:0, 2
j:1, 5
n:j=1, d=|:p=0.232
n:p=2, d=Gpart:ry=-1.322
n:j=0, d=@
c:2, 1, -8.691
",0.004553422522756525,"//0
p:fr=0.472
p:1.008, 0.373, -0.184
p:1.493, -0.721, 0.349, fr=0.047
p:1.382, 0.583, 0.25, fr=1.289
p:0.314, -0.36, -1.305
p:1.885, 0.429, -1.511, fr=0.566
p:1.511, -0.975, 0.532, fr=0.096
j:2, 3, stif=0.944
j:1, 3
j:6, 2, stif=0.838
j:4, 1, stif=0.81
j:5, 4, stif=0.985
j:0, 2
j:1, 5
n:j=1, d=|:p=0.232
n:p=2, d=Gpart:ry=-1.322
n:j=0, d=@
c:2, 1, -8.691
",0.004553422522756525,feasible,20
36,0,51,"//0
p:fr=0.472
p:1.008, 0.373, -0.184
p:1.493, -0.721, 0.349, fr=0.047
p:1.382, 0.583, 0.25, fr=1.112
p:0.314, -0.36, -1.305
p:1.885, 0.429, -1.511, fr=0.566
p:1.511, -0.975, 0.532, fr=0.096
j:2, 3, stif=0.944
j:1, 3
j:6, 2, stif=0.838
j:4, 1, stif=0.81
j:5, 4, stif=0.985
j:0, 2
j:1, 5
n:j=1, d=|:p=0.232
n:p=2, d=Gpart:ry=-1.322
n:j=0, d=@
c:2, 1, -8.691
",0.004553422522756525,"//0
p:fr=0.472
p:1.008, 0.373, -0.184
p:1.493, -0.721, 0.349, fr=0.047
p:1.382, 0.583, 0.25, fr=1.112
p:0.314, -0.36, -1.305
p:1.885, 0.429, -1.511, fr=0.566
p:1.511, -0.975, 0.532, fr=0.096
j:2, 3, stif=0.944
j:1, 3
j:6, 2, stif=0.838
j:4, 1, stif=0.81
j:5, 4, stif=0.985
j:0, 2
j:1, 5
n:j=1, d=|:p=0.232
n:j=0, d=@
",1.0646616764108015e-06,feasible,20
36,0,51,"//0
p:fr=0.472
p:1.008, 0.373, -0.184
p:1.493, -0.721, 0.349, fr=0.047
p:1.382, 0.583, 0.25, fr=1.112
p:0.314, -0.36, -1.305
p:1.885, 0.429, -1.511, fr=0.566
p:1.511, -0.975, 0.532, fr=0.096
j:2, 3, stif=0.944
j:1, 3
j:6, 2, stif=0.838
j:4, 1, stif=0.81
j:5, 4, stif=0.985
j:0, 2
j:1, 5
n:j=1, d=|:p=0.232
n:p=2, d=Gpart:ry=-1.322
n:j=0, d=@
c:2, 1, -8.691
",0.004553422522756525,"//0
p:fr=0.472
p:1.008, 0.373, -0.184
p:1.493, -0.721, 0.349, fr=0.047
p:1.382, 0.583, 0.25, fr=1.112
p:0.314, -0.36, -1.305
p:1.885, 0.429, -1.511, fr=0.566
p:1.511, -0.975, 0.532, fr=0.096
j:2, 3, stif=0.944
j:1, 3
j:6, 2, stif=0.838
j:4, 1, stif=0.81
j:5, 4, stif=0.985
j:0, 2
j:1, 5
n:j=1, d=|:p=0.232
n:p=2, d=Gpart:ry=-1.322
n:j=0, d=@
c:2, 1, -5.772
",0.004626204093042636,feasible,20
36,0,51,"//0
p:fr=0.472
p:1.008, 0.373, -0.184
p:1.493, -0.721, 0.349, fr=0.047
p:1.382, 0.583, 0.25, fr=1.112
p:0.314, -0.36, -1.305
p:1.885, 0.429, -1.511, fr=0.566
p:1.511, -0.975, 0.532, fr=0.096
j:2, 3, stif=0.944
j:1, 3
j:6, 2, stif=0.838
j:4, 1, stif=0.81
j:5, 4, stif=0.985
j:0, 2
j:1, 5
n:j=1, d=|:p=0.232
n:p=2, d=Gpart:ry=-1.322
n:j=0, d=@
c:2, 1, -8.691
",0.004553422522756525,"//0
p:fr=0.472
p:1.008, 0.373, -0.184
p:1.493, -0.721, 0.349, fr=0.047
p:1.382, 0.583, 0.25, fr=1.112
p:0.314, -0.36, -1.305
p:1.885, 0.429, -1.511, fr=0.566
p:1.511, -0.975, 0.532, fr=0.096
j:2, 3, stif=0.944
j:1, 3
j:6, 2, stif=0.838
j:4, 1, stif=0.81
j:5, 4, stif=0.985, rotstif=0.968
j:0, 2
j:1, 5
n:j=1, d=|:p=0.232
n:p=2, d=Gpart:ry=-1.322
n:j=0, d=@
c:2, 1, -8.691
",0.004553422522756525,feasible,20
36,0,51,"//0
p:fr=0.472
p:1.008, 0.373, -0.184
p:1.493, -0.721, 0.349, fr=0.047
p:1.382, 0.583, 0.25, fr=1.112
p:0.314, -0.36, -1.305
p:1.885, 0.429, -1.511, fr=0.566
p:1.511, -0.975, 0.532, fr=0.096
j:2, 3, stif=0.944
j:1, 3
j:6, 2, stif=0.838
j:4, 1, stif=0.81
j:5, 4, stif=0.985
j:0, 2
j:1, 5
n:j=1, d=|:p=0.232
n:p=2, d=Gpart:ry=-1.322
n:j=0, d=@
c:2, 1, -8.691
",0.004553422522756525,"//0
p:fr=0.472
p:1.008, 0.373, -0.184
p:1.493, -0.721, 0.349, fr=0.047
p:1.382, 0.583, 0.25, fr=1.112
p:0.314, -0.36, -1.305
p:1.885, 0.429, -1.511, fr=0.566
p:1.511, -0.975, 0.532, fr=0.096
j:2, 3, stif=0.944
j:1, 3
j:6, 2, stif=0.838
j:4, 1, stif=0.81
j:5, 4, stif=0.985
j:0, 2
j:1, 5
n:j=1, d=|:p=0.232
n:p=2, d=Gpart:ry=-1.322
n:j=0, d=@
n:j=6, d=G
c:0, 3, 2.972
c:2, 1, -8.691
",0.0031212184821937878,feasible,20
36,0,51,"//0
p:fr=0.472
p:1.008, 0.373, -0.184
p:1.493, -0.721, 0.349, fr=0.047
p:1.382, 0.583, 0.25, fr=1.112
p:0.314, -0.36, -1.305
p:1.885, 0.429, -1.511, fr=0.566
p:1.511, -0.975, 0.532, fr=0.096
j:2, 3, stif=0.944
j:1, 3
j:6, 2, stif=0.838
j:4, 1, stif=0.81
j:5, 4, stif=0.985
j:0, 2
j:1, 5
n:j=1, d=|:p=0.232
n:p=2, d=Gpart:ry=-1.322
n:j=0, d=@
c:2, 1, -8.691
",0.004553422522756525,"//0
p:fr=0.472
p:1.008, 0.373, -0.184
p:1.493, -0.721, 0.349, fr=0.047
p:1.382, 0.583, 0.25, fr=1.112, ing=0.321
p:0.314, -0.36, -1.305
p:1.885, 0.429, -1.511, fr=0.566
p:1.511, -0.975, 0.532, fr=0.096
j:2, 3, stif=0.944
j:1, 3
j:6, 2, stif=0.838
j:4, 1, stif=0.81
j:5, 4, stif=0.985
j:0, 2
j:1, 5
n:j=1, d=|:p=0.232
n:p=2, d=Gpart:ry=-1.322
n:j=0, d=@
c:2, 1, -8.691
",0.004553422522756525,feasible,20
36,0,51,"//0
p:fr=0.472
p:1.008, 0.373, -0.184
p:1.493, -0.721, 0.349, fr=0.047
p:1.382, 0.583, 0.25, fr=1.112
p:0.314, -0.36, -1.305
p:1.885, 0.429, -1.511, fr=0.566
p:1.511, -0.975, 0.532, fr=0.096
j:2, 3, stif=0.944
j:1, 3
j:6, 2, stif=0.838
j:4, 1, stif=0.81
j:5, 4, stif=0.985
j:0, 2
j:1, 5
n:j=1, d=|:p=0.232
n:p=2, d=Gpart:ry=-1.322
n:j=0, d=@
c:2, 1, -8.691
",0.004553422522756525,"//0
p:fr=0.472
p:1.008, 0.373, -0.184
p:1.493, -0.721, 0.349, fr=0.047
p:1.382, 0.583, 0.25, fr=1.112
p:0.314, -0.36, -1.305
p:1.885, 0.429, -1.511, fr=0.566
p:1.511, -0.975, 0.532, fr=0.096
j:2, 3, stif=0.944
j:1, 3
j:6, 2, stif=0.838
j:4, 1, stif=0.81
j:5, 4, stif=0.985
j:0, 2
j:1, 5
n:p=2, d=Gpart:ry=-1.322
n:j=0, d=@
c:1, 0, -8.691
",0.0019286372035947944,feasible,20
36,0,51,"//0
p:fr=0.472
p:1.008, 0.373, -0.184
p:1.493, -0.721, 0.349, fr=0.047
p:1.382, 0.583, 0.25, fr=1.112
p:0.314, -0.36, -1.305
p:1.885, 0.429, -1.511, fr=0.566
p:1.511, -0.975, 0.532, fr=0.096
j:2, 3, stif=0.944
j:1, 3
j:6, 2, stif=0.838
j:4, 1, stif=0.81
j:5, 4, stif=0.985
j:0, 2
j:1, 5
n:j=1, d=|:p=0.232
n:p=2, d=Gpart:ry=-1.322
n:j=0, d=@
c:2, 1, -8.691
",0.004553422522756525,"//0
p:fr=0.472
p:1.008, 0.373, -0.184
p:1.493, -0.721, 0.349, fr=0.047
p:1.382, 0.583, 0.25, fr=1.112
p:0.314, -0.36, -1.305
p:1.885, 0.429, -1.511, fr=0.566
p:1.511, -0.975, 0.532, fr=0.096
j:2, 3, stif=0.944
j:1, 3
j:6, 2, stif=0.838
j:4, 1, stif=0.81
j:0, 2
j:1, 5
n:j=1, d=|:p=0.232
n:p=2, d=Gpart:ry=-1.322
n:j=0, d=@
c:2, 1, -8.691
",0.0018252914495142662,feasible,20
36,0,51,"//0
p:fr=0.472
p:1.008, 0.373, -0.184
p:1.493, -0.721, 0.349, fr=0.047
p:1.382, 0.583, 0.25, fr=1.112
p:0.314, -0.36, -1.305
p:1.885, 0.429, -1.511, fr=0.566
p:1.511, -0.975, 0.532, fr=0.096
j:2, 3, stif=0.944
j:1, 3
j:6, 2, stif=0.838
j:4, 1, stif=0.81
j:5, 4, stif=0.985
j:0, 2
j:1, 5
n:j=1, d=|:p=0.232
n:p=2, d=Gpart:ry=-1.322
n:j=0, d=@
c:2, 1, -8.691
",0.004553422522756525,"//0
p:fr=0.472
p:1.008, 0.373, -0.184
p:1.493, -0.721, 0.349, fr=0.047
p:1.382, 0.583, 0.25, fr=1.112
p:0.314, -0.36, -1.305
p:1.885, 0.429, -1.511, fr=0.566
p:1.511, -0.975, 0.532, fr=0.096
j:2, 3, stif=0.944
j:1, 3
j:6, 2, stif=0.838
j:4, 1, stif=0.81
j:5, 4, stif=0.985
j:0, 2
j:1, 5
n:j=1, d=|:p=0.232
n:p=2, d=""Gpart:ry=-1.322, rz=-0.08""
n:j=0, d=@
c:2, 1, -8.691
",0.0046898684730094465,feasible,20
36,0,51,"//0
p:fr=0.472
p:1.008, 0.373, -0.184
p:1.493, -0.721, 0.349, fr=0.047
p:1.382, 0.583, 0.25, fr=1.112
p:0.314, -0.36, -1.305
p:1.885, 0.429, -1.511, fr=0.566
p:1.511, -0.975, 0.532, fr=0.096
j:2, 3, stif=0.944
j:1, 3
j:6, 2, stif=0.838
j:4, 1, stif=0.81
j:5, 4, stif=0.985
j:0, 2
j:1, 5
n:j=1, d=|:p=0.232
n:p=2, d=Gpart:ry=-1.322
n:j=0, d=@
c:2, 1, -8.691
",0.004553422522756525,"//0
p:fr=0.472
p:1.008, 0.373, -0.184
p:1.493, -0.721, 0.349, fr=0.047
p:1.382, 0.583, 0.25, fr=1.112
p:0.314, -0.36, -1.305, fr=0.527
p:1.885, 0.429, -1.511, fr=0.566
p:1.511, -0.975, 0.532, fr=0.096
j:2, 3, stif=0.944
j:1, 3
j:6, 2, stif=0.838
j:4, 1, stif=0.81
j:5, 4, stif=0.985
j:0, 2
j:1, 5
n:j=1, d=|:p=0.232
n:p=2, d=Gpart:ry=-1.322
n:j=0, d=@
c:2, 1, -8.691
",0.004569690182453792,feasible,20
36,0,51,"//0
p:fr=0.472
p:1.008, 0.373, -0.184
p:1.493, -0.721, 0.349, fr=0.047
p:1.382, 0.583, 0.25, fr=1.112
p:0.314, -0.36, -1.305
p:1.885, 0.429, -1.511, fr=0.566
p:1.511, -0.975, 0.532, fr=0.096
j:2, 3, stif=0.944
j:1, 3
j:6, 2, stif=0.838
j:4, 1, stif=0.81
j:5, 4, stif=0.985
j:0, 2
j:1, 5
n:j=1, d=|:p=0.232
n:p=2, d=Gpart:ry=-1.322
n:j=0, d=@
c:2, 1, -8.691
",0.004553422522756525,"//0
p:fr=0.472
p:1.008, 0.373, -0.184
p:1.493, -0.721, 0.349, fr=0.047, ing=0.26
p:1.382, 0.583, 0.25, fr=1.112
p:0.314, -0.36, -1.305
p:1.885, 0.429, -1.511, fr=0.566
p:1.511, -0.975, 0.532, fr=0.096
j:2, 3, stif=0.944
j:1, 3
j:6, 2, stif=0.838
j:4, 1, stif=0.81
j:5, 4, stif=0.985
j:0, 2
j:1, 5
n:j=1, d=|:p=0.232
n:p=2, d=Gpart:ry=-1.322
n:j=0, d=@
c:2, 1, -8.691
",0.004553422522756525,feasible,20
36,0,51,"//0
p:fr=0.472
p:1.008, 0.373, -0.184
p:1.493, -0.721, 0.349, fr=0.047
p:1.382, 0.583, 0.25, fr=1.112
p:0.314, -0.36, -1.305
p:1.885, 0.429, -1.511, fr=0.566
p:1.511, -0.975, 0.532, fr=0.096
j:2, 3, stif=0.944
j:1, 3
j:6, 2, stif=0.838
j:4, 1, stif=0.81
j:5, 4, stif=0.985
j:0, 2
j:1, 5
n:j=1, d=|:p=0.232
n:p=2, d=Gpart:ry=-1.322
n:j=0, d=@
c:2, 1, -8.691
",0.004553422522756525,"//0
p:fr=0.472
p:1.008, 0.373, -0.184
p:1.493, -0.721, 0.349, fr=0.047, ing=0.135
p:1.382, 0.583, 0.25, fr=1.112
p:0.314, -0.36, -1.305
p:1.885, 0.429, -1.511, fr=0.566
p:1.511, -0.975, 0.532, fr=0.096
j:2, 3, stif=0.944
j:1, 3
j:6, 2, stif=0.838
j:4, 1, stif=0.81
j:5, 4, stif=0.985
j:0, 2
j:1, 5
n:j=1, d=|:p=0.232
n:p=2, d=Gpart:ry=-1.322
n:j=0, d=@
c:2, 1, -8.691
",0.004553422522756525,feasible,20
36,0,51,"//0
p:fr=0.472
p:1.008, 0.373, -0.184
p:1.493, -0.721, 0.349, fr=0.047
p:1.382, 0.583, 0.25, fr=1.112
p:0.314, -0.36, -1.305
p:1.885, 0.429, -1.511, fr=0.566
p:1.511, -0.975, 0.532, fr=0.096
j:2, 3, stif=0.944
j:1, 3
j:6, 2, stif=0.838
j:4, 1, stif=0.81
j:5, 4, stif=0.985
j:0, 2
j:1, 5
n:j=1, d=|:p=0.232
n:p=2, d=Gpart:ry=-1.322
n:j=0, d=@
c:2, 1, -8.691
",0.004553422522756525,"//0
p:fr=0.472
p:1.008, 0.373, -0.184
p:1.493, -0.721, 0.349, fr=0.047
p:1.382, 0.583, 0.25, fr=1.112
p:0.314, -0.36, -1.305
p:1.885, 0.429, -1.511, fr=0.566
p:1.511, -0.975, 0.532, fr=0.096
j:2, 3, stif=0.944
j:1, 3
j:6, 2, stif=0.838
j:4, 1, stif=0.81
j:5, 4, stif=0.985
j:0, 2
j:1, 5
n:j=1, d=|:p=0.232
n:p=2, d=Gpart:ry=-1.322
n:j=0, d=@
c:0, 1, -1.249
c:2, 1, -8.691
",0.0031639415239978754,feasible,20
36,0,51,"//0
p:fr=0.472
p:1.008, 0.373, -0.184
p:1.493, -0.721, 0.349, fr=0.047
p:1.382, 0.583, 0.25, fr=1.112
p:0.314, -0.36, -1.305
p:1.885, 0.429, -1.511, fr=0.566
p:1.511, -0.975, 0.532, fr=0.096
j:2, 3, stif=0.944
j:1, 3
j:6, 2, stif=0.838
j:4, 1, stif=0.81
j:5, 4, stif=0.985
j:0, 2
j:1, 5
n:j=1, d=|:p=0.232
n:p=2, d=Gpart:ry=-1.322
n:j=0, d=@
c:2, 1, -8.691
",0.004553422522756525,"//0
p:-0.082, 0.18, 0.069, fr=0.472
p:1.008, 0.373, -0.184
p:1.493, -0.721, 0.349, fr=0.047
p:1.382, 0.583, 0.25, fr=1.112
p:0.314, -0.36, -1.305
p:1.885, 0.429, -1.511, fr=0.566
p:1.511, -0.975, 0.532, fr=0.096
j:2, 3, stif=0.944
j:1, 3
j:6, 2, stif=0.838
j:4, 1, stif=0.81
j:5, 4, stif=0.985
j:0, 2
j:1, 5
n:j=1, d=|:p=0.232
n:p=2, d=Gpart:ry=-1.322
n:j=0, d=@
c:2, 1, -8.691
",0.0016462313556915823,feasible,20
36,0,51,"//0
p:fr=0.472
p:1.008, 0.373, -0.184
p:1.493, -0.721, 0.349, fr=0.047
p:1.382, 0.583, 0.25, fr=1.112
p:0.314, -0.36, -1.305
p:1.885, 0.429, -1.511, fr=0.566
p:1.511, -0.975, 0.532, fr=0.096
j:2, 3, stif=0.944
j:1, 3
j:6, 2, stif=0.838
j:4, 1, stif=0.81
j:5, 4, stif=0.985
j:0, 2
j:1, 5
n:j=1, d=|:p=0.232
n:p=2, d=Gpart:ry=-1.322
n:j=0, d=@
c:2, 1, -8.691
",0.004553422522756525,"//0
p:fr=0.472
p:1.008, 0.373, -0.184
p:1.493, -0.721, 0.349, fr=0.047
p:1.382, 0.583, 0.25, fr=1.112
p:0.314, -0.36, -1.305
p:1.885, 0.429, -1.511, fr=0.566
p:1.511, -0.975, 0.532, fr=0.096
j:2, 3, stif=0.944
j:1, 3
j:6, 2, stif=0.838
j:4, 1, stif=0.81
j:5, 4, stif=0.985
j:0, 2
j:1, 5
n:j=1, d=|:p=0.232
n:p=2, d=Gpart:ry=-1.322
n:j=0, d=@
n:p=1, d=Gpart
c:0, 3, -0.643
c:2, 1, -8.691
",0.0031212184821937878,feasible,20
36,0,51,"//0
p:fr=0.472
p:1.008, 0.373, -0.184
p:1.493, -0.721, 0.349, fr=0.047
p:1.382, 0.583, 0.25, fr=1.112
p:0.314, -0.36, -1.305
p:1.885, 0.429, -1.511, fr=0.566
p:1.511, -0.975, 0.532, fr=0.096
j:2, 3, stif=0.944
j:1, 3
j:6, 2, stif=0.838
j:4, 1, stif=0.81
j:5, 4, stif=0.985
j:0, 2
j:1, 5
n:j=1, d=|:p=0.232
n:p=2, d=Gpart:ry=-1.322
n:j=0, d=@
c:2, 1, -8.691
",0.004553422522756525,"//0
p:fr=0.472
p:1.008, 0.373, -0.184
p:1.493, -0.721, 0.349, fr=0.047
p:1.382, 0.583, 0.25, fr=1.112
p:0.314, -0.36, -1.305
p:1.885, 0.429, -1.511, fr=0.566
p:1.511, -0.975, 0.532, fr=0.096
j:2, 3, stif=0.944
j:1, 3
j:6, 2, stif=0.838
j:4, 1, stif=0.81
j:5, 4, stif=0.985
j:0, 2
j:1, 5
n:j=1, d=|:p=0.232
n:p=2, d=Gpart:ry=-1.322
n:j=0, d=@
",1.0646616764108015e-06,feasible,20
36,0,51,"//0
p:fr=0.472
p:1.008, 0.373, -0.184
p:1.493, -0.721, 0.349, fr=0.047
p:1.382, 0.583, 0.25, fr=1.112
p:0.314, -0.36, -1.305
p:1.885, 0.429, -1.511, fr=0.566
p:1.511, -0.975, 0.532, fr=0.096
j:2, 3, stif=0.944
j:1, 3
j:6, 2, stif=0.838
j:4, 1, stif=0.81
j:5, 4, stif=0.985
j:0, 2
j:1, 5
n:j=1, d=|:p=0.232
n:p=2, d=Gpart:ry=-1.322
n:j=0, d=@
c:2, 1, -8.691
",0.004553422522756525,"//0
p:fr=0.472
p:1.008, 0.373, -0.184
p:1.493, -0.721, 0.349, fr=0.047
p:1.382, 0.583, 0.25, fr=1.112
p:0.314, -0.36, -1.305
p:1.885, 0.429, -1.511, fr=0.566
p:1.511, -0.975, 0.532, fr=0.096
j:2, 3, stif=0.944
j:1, 3
j:6, 2, stif=0.838
j:4, 1, stif=0.81
j:5, 4, stif=0.985
j:0, 2
j:1, 5
n:j=1, d=|:p=0.014
n:p=2, d=Gpart:ry=-1.322
n:j=0, d=@
c:2, 1, -8.691
",0.00022652320403536517,feasible,20
36,0,51,"//0
p:fr=0.472
p:1.008, 0.373, -0.184
p:1.493, -0.721, 0.349, fr=0.047
p:1.382, 0.583, 0.25, fr=1.112
p:0.314, -0.36, -1.305
p:1.885, 0.429, -1.511, fr=0.566
p:1.511, -0.975, 0.532, fr=0.096
j:2, 3, stif=0.944
j:1, 3
j:6, 2, stif=0.838
j:4, 1, stif=0.81
j:5, 4, stif=0.985
j:0, 2
j:1, 5
n:j=1, d=|:p=0.232
n:p=2, d=Gpart:ry=-1.322
n:j=0, d=@
c:2, 1, -8.691
",0.004553422522756525,"//0
p:fr=0.472
p:1.008, 0.373, -0.184
p:1.493, -0.721, 0.349, fr=0.047
p:1.382, 0.583, 0.25, fr=1.112
p:0.314, -0.36, -1.305
p:1.19, 0.12, -1.625, fr=0.566
p:1.511, -0.975, 0.532, fr=0.096
j:2, 3, stif=0.944
j:1, 3
j:6, 2, stif=0.838
j:4, 1, stif=0.81
j:5, 4, stif=0.985
j:0, 2
j:1, 5
n:j=1, d=|:p=0.232
n:p=2, d=Gpart:ry=-1.322
n:j=0, d=@
c:2, 1, -8.691
",0.000857523087927982,feasible,20
36,0,51,"//0
p:fr=0.472
p:1.008, 0.373, -0.184
p:1.493, -0.721, 0.349, fr=0.047
p:1.382, 0.583, 0.25, fr=1.112
p:0.314, -0.36, -1.305
p:1.885, 0.429, -1.511, fr=0.566
p:1.511, -0.975, 0.532, fr=0.096
j:2, 3, stif=0.944
j:1, 3
j:6, 2, stif=0.838
j:4, 1, stif=0.81
j:5, 4, stif=0.985
j:0, 2
j:1, 5
n:j=1, d=|:p=0.232
n:p=2, d=Gpart:ry=-1.322
n:j=0, d=@
c:2, 1, -8.691
",0.004553422522756525,"//0
p:fr=0.472
p:1.008, 0.373, -0.184
p:1.493, -0.721, 0.349, fr=0.047
p:1.382, 0.583, 0.25, fr=1.112
p:0.314, -0.36, -1.305
p:1.885, 0.429, -1.511, fr=0.566
p:1.511, -0.975, 0.532, fr=0.096
j:2, 3, stif=0.944, rotstif=0.981
j:1, 3
j:6, 2, stif=0.838
j:4, 1, stif=0.81
j:5, 4, stif=0.985
j:0, 2
j:1, 5
n:j=1, d=|:p=0.232
n:p=2, d=Gpart:ry=-1.322
n:j=0, d=@
c:2, 1, -8.691
",0.004553422522756525,feasible,20
36,0,52,"//0
p:fr=0.472
p:1.008, 0.373, -0.184
p:1.493, -0.721, 0.349, fr=0.047
p:1.382, 0.583, 0.25, fr=1.112
p:0.314, -0.36, -1.305
p:1.885, 0.429, -1.511, fr=0.566
p:1.511, -0.975, 0.532, fr=0.096
j:2, 3, stif=0.944
j:1, 3
j:6, 2, stif=0.838
j:4, 1, stif=0.81
j:5, 4, stif=0.985
j:0, 2, stif=0.943
j:1, 5
n:j=1, d=|:p=0.232
n:p=2, d=Gpart:ry=-1.322
n:j=0, d=@
c:2, 1, -8.691
",0.004663421909729783,"//0
p:fr=0.472
p:1.008, 0.373, -0.184
p:1.493, -0.721, 0.349, fr=0.047
p:1.382, 0.583, 0.25, fr=1.112
p:0.314, -0.36, -1.305
p:1.885, 0.429, -1.511, fr=0.566
p:1.511, -0.975, 0.532, fr=0.096
j:2, 3, stif=0.944
j:1, 3
j:6, 2, stif=0.838
j:4, 1, stif=0.81
j:5, 4, stif=0.985
j:0, 2, stif=0.943
j:1, 5
n:j=1, d=|:p=0.232
n:p=2, d=Gpart:ry=-0.136
n:j=0, d=@
c:2, 1, -8.691
",1.729695584432619e-05,feasible,20
36,0,52,"//0
p:fr=0.472
p:1.008, 0.373, -0.184
p:1.493, -0.721, 0.349, fr=0.047
p:1.382, 0.583, 0.25, fr=1.112
p:0.314, -0.36, -1.305
p:1.885, 0.429, -1.511, fr=0.566
p:1.511, -0.975, 0.532, fr=0.096
j:2, 3, stif=0.944
j:1, 3
j:6, 2, stif=0.838
j:4, 1, stif=0.81
j:5, 4, stif=0.985
j:0, 2, stif=0.943
j:1, 5
n:j=1, d=|:p=0.232
n:p=2, d=Gpart:ry=-1.322
n:j=0, d=@
c:2, 1, -8.691
",0.004663421909729783,"//0
p:fr=0.472
p:1.008, 0.373, -0.184
p:1.493, -0.721, 0.349, fr=0.047
p:1.382, 0.583, 0.25, fr=1.112
p:0.314, -0.36, -1.305
p:1.885, 0.429, -1.511, fr=0.566
p:1.511, -0.975, 0.532, fr=0.096
j:2, 3, stif=0.944
j:1, 3
j:6, 2, stif=0.838
j:4, 1, stif=0.81
j:5, 4, stif=0.985
j:0, 2, stif=0.943
j:1, 5, stif=0.91
n:j=1, d=|:p=0.232
n:p=2, d=Gpart:ry=-1.322
n:j=0, d=@
c:2, 1, -8.691
",0.004007612929322383,feasible,20
36,0,52,"//0
p:fr=0.472
p:1.008, 0.373, -0.184
p:1.493, -0.721, 0.349, fr=0.047
p:1.382, 0.583, 0.25, fr=1.112
p:0.314, -0.36, -1.305
p:1.885, 0.429, -1.511, fr=0.566
p:1.511, -0.975, 0.532, fr=0.096
j:2, 3, stif=0.944
j:1, 3
j:6, 2, stif=0.838
j:4, 1, stif=0.81
j:5, 4, stif=0.985
j:0, 2, stif=0.943
j:1, 5
n:j=1, d=|:p=0.232
n:p=2, d=Gpart:ry=-1.322
n:j=0, d=@
c:2, 1, -8.691
",0.004663421909729783,"//0
p:fr=0.472
p:1.008, 0.373, -0.184
p:1.493, -0.721, 0.349, fr=0.047
p:1.382, 0.583, 0.25, fr=1.112
p:0.441, -0.261, -1.509
p:1.885, 0.429, -1.511, fr=0.566
p:1.511, -0.975, 0.532, fr=0.096
j:2, 3, stif=0.944
j:1, 3
j:6, 2, stif=0.838
j:4, 1, stif=0.81
j:5, 4, stif=0.985
j:0, 2, stif=0.943
j:1, 5
n:j=1, d=|:p=0.232
n:p=2, d=Gpart:ry=-1.322
n:j=0, d=@
c:2, 1, -8.691
",0.004419847198874845,feasible,20
36,0,52,"//0
p:fr=0.472
p:1.008, 0.373, -0.184
p:1.493, -0.721, 0.349, fr=0.047
p:1.382, 0.583, 0.25, fr=1.112
p:0.314, -0.36, -1.305
p:1.885, 0.429, -1.511, fr=0.566
p:1.511, -0.975, 0.532, fr=0.096
j:2, 3, stif=0.944
j:1, 3
j:6, 2, stif=0.838
j:4, 1, stif=0.81
j:5, 4, stif=0.985
j:0, 2, stif=0.943
j:1, 5
n:j=1, d=|:p=0.232
n:p=2, d=Gpart:ry=-1.322
n:j=0, d=@
c:2, 1, -8.691
",0.004663421909729783,"//0
p:fr=0.472, ing=0.287
p:1.008, 0.373, -0.184
p:1.493, -0.721, 0.349, fr=0.047
p:1.382, 0.583, 0.25, fr=1.112
p:0.314, -0.36, -1.305
p:1.885, 0.429, -1.511, fr=0.566
p:1.511, -0.975, 0.532, fr=0.096
j:2, 3, stif=0.944
j:1, 3
j:6, 2, stif=0.838
j:4, 1, stif=0.81
j:5, 4, stif=0.985
j:0, 2, stif=0.943
j:1, 5
n:j=1, d=|:p=0.232
n:p=2, d=Gpart:ry=-1.322
n:j=0, d=@
c:2, 1, -8.691
",0.004663421909729783,feasible,20
36,0,52,"//0
p:fr=0.472
p:1.008, 0.373, -0.184
p:1.493, -0.721, 0.349, fr=0.047
p:1.382, 0.583, 0.25, fr=1.112
p:0.314, -0.36, -1.305
p:1.885, 0.429, -1.511, fr=0.566
p:1.511, -0.975, 0.532, fr=0.096
j:2, 3, stif=0.944
j:1, 3
j:6, 2, stif=0.838
j:4, 1, stif=0.81
j:5, 4, stif=0.985
j:0, 2, stif=0.943
j:1, 5
n:j=1, d=|:p=0.232
n:p=2, d=Gpart:ry=-1.322
n:j=0, d=@
c:2, 1, -8.691
",0.004663421909729783,"//0
p:fr=0.472
p:1.008, 0.373, -0.184
p:1.493, -0.721, 0.349, fr=0.047
p:1.382, 0.583, 0.25, fr=1.112
p:0.314, -0.36, -1.305
p:1.885, 0.429, -1.511, fr=0.566
p:1.511, -0.975, 0.532, fr=0.096
j:2, 3, stif=0.944
j:1, 3
j:6, 2, stif=0.838
j:4, 1, stif=0.81
j:5, 4, stif=0.985, rotstif=0.946
j:0, 2, stif=0.943
j:1, 5
n:j=1, d=|:p=0.232
n:p=2, d=Gpart:ry=-1.322
n:j=0, d=@
c:2, 1, -8.691
",0.004663421909729783,feasible,20
36,0,52,"//0
p:fr=0.472
p:1.008, 0.373, -0.184
p:1.493, -0.721, 0.349, fr=0.047
p:1.382, 0.583, 0.25, fr=1.112
p:0.314, -0.36, -1.305
p:1.885, 0.429, -1.511, fr=0.566
p:1.511, -0.975, 0.532, fr=0.096
j:2, 3, stif=0.944
j:1, 3
j:6, 2, stif=0.838
j:4, 1, stif=0.81
j:5, 4, stif=0.985
j:0, 2, stif=0.943
j:1, 5
n:j=1, d=|:p=0.232
n:p=2, d=Gpart:ry=-1.322
n:j=0, d=@
c:2, 1, -8.691
",0.004663421909729783,"//0
p:fr=0.472
p:1.008, 0.373, -0.184
p:1.493, -0.721, 0.349, fr=0.047
p:1.382, 0.583, 0.25, fr=1.112
p:0.314, -0.36, -1.305
p:1.885, 0.429, -1.511, fr=0.566
p:1.511, -0.975, 0.532, fr=0.096
j:2, 3, stif=0.944
j:1, 3
j:6, 2, stif=0.838
j:4, 1, stif=0.81
j:5, 4, stif=0.985
j:0, 2, stif=0.943
j:1, 5
n:j=1, d=|:p=0.232
n:p=2, d=Gpart:ry=-1.322
",4.998602294207494e-07,feasible,20
36,0,52,"//0
p:fr=0.472
p:1.008, 0.373, -0.184
p:1.493, -0.721, 0.349, fr=0.047
p:1.382, 0.583, 0.25, fr=1.112
p:0.314, -0.36, -1.305
p:1.885, 0.429, -1.511, fr=0.566
p:1.511, -0.975, 0.532, fr=0.096
j:2, 3, stif=0.944
j:1, 3
j:6, 2, stif=0.838
j:4, 1, stif=0.81
j:5, 4, stif=0.985
j:0, 2, stif=0.943
j:1, 5
n:j=1, d=|:p=0.232
n:p=2, d=Gpart:ry=-1.322
n:j=0, d=@
c:2, 1, -8.691
",0.004663421909729783,"//0
p:fr=0.472
p:1.008, 0.373, -0.184
p:1.493, -0.721, 0.349, fr=0.047
p:1.382, 0.583, 0.25, fr=1.112
p:0.314, -0.36, -1.305
p:1.885, 0.429, -1.511, fr=0.566
p:1.511, -0.975, 0.532, fr=0.336
j:2, 3, stif=0.944
j:1, 3
j:6, 2, stif=0.838
j:4, 1, stif=0.81
j:5, 4, stif=0.985
j:0, 2, stif=0.943
j:1, 5
n:j=1, d=|:p=0.232
n:p=2, d=Gpart:ry=-1.322
n:j=0, d=@
c:2, 1, -8.691
",0.004683558096548475,feasible,20
36,0,52,"//0
p:fr=0.472
p:1.008, 0.373, -0.184
p:1.493, -0.721, 0.349, fr=0.047
p:1.382, 0.583, 0.25, fr=1.112
p:0.314, -0.36, -1.305
p:1.885, 0.429, -1.511, fr=0.566
p:1.511, -0.975, 0.532, fr=0.096
j:2, 3, stif=0.944
j:1, 3
j:6, 2, stif=0.838
j:4, 1, stif=0.81
j:5, 4, stif=0.985
j:0, 2, stif=0.943
j:1, 5
n:j=1, d=|:p=0.232
n:p=2, d=Gpart:ry=-1.322
n:j=0, d=@
c:2, 1, -8.691
",0.004663421909729783,"//0
p:fr=0.472
p:1.008, 0.373, -0.184
p:1.493, -0.721, 0.349, fr=0.047
p:1.382, 0.583, 0.25, fr=1.112
p:0.314, -0.36, -1.305
p:1.885, 0.429, -1.511, fr=0.566
p:1.511, -0.975, 0.532, fr=0.096
j:2, 3, stif=0.944
j:1, 3
j:6, 2, stif=0.838
j:4, 1, stif=0.81
j:5, 4, stif=0.985
j:0, 2, stif=0.943
j:1, 5
n:j=1, d=|:p=0.232
n:p=2, d=Gpart:ry=-2.174
n:j=0, d=@
c:2, 1, -8.691
",0.00036514254702490123,feasible,20
36,0,52,"//0
p:fr=0.472
p:1.008, 0.373, -0.184
p:1.493, -0.721, 0.349, fr=0.047
p:1.382, 0.583, 0.25, fr=1.112
p:0.314, -0.36, -1.305
p:1.885, 0.429, -1.511, fr=0.566
p:1.511, -0.975, 0.532, fr=0.096
j:2, 3, stif=0.944
j:1, 3
j:6, 2, stif=0.838
j:4, 1, stif=0.81
j:5, 4, stif=0.985
j:0, 2, stif=0.943
j:1, 5
n:j=1, d=|:p=0.232
n:p=2, d=Gpart:ry=-1.322
n:j=0, d=@
c:2, 1, -8.691
",0.004663421909729783,"//0
p:fr=0.472
p:1.008, 0.373, -0.184
p:1.493, -0.721, 0.349, fr=0.047
p:1.382, 0.583, 0.25, fr=1.112
p:0.314, -0.36, -1.305
p:1.885, 0.429, -1.511, fr=0.566
p:1.511, -0.975, 0.532, fr=0.096
p:1.479, -0.747, 0.372
j:2, 3, stif=0.944
j:1, 3
j:6, 2, stif=0.838
j:4, 1, stif=0.81
j:5, 4, stif=0.985
j:0, 2, stif=0.943
j:1, 5
j:7, 2
n:j=1, d=|:p=0.232
n:p=2, d=Gpart:ry=-1.322
n:j=0, d=@
c:2, 1, -8.691
",0.0003732748414689857,feasible,20
36,0,52,"//0
p:fr=0.472
p:1.008, 0.373, -0.184
p:1.493, -0.721, 0.349, fr=0.047
p:1.382, 0.583, 0.25, fr=1.112
p:0.314, -0.36, -1.305
p:1.885, 0.429, -1.511, fr=0.566
p:1.511, -0.975, 0.532, fr=0.096
j:2, 3, stif=0.944
j:1, 3
j:6, 2, stif=0.838
j:4, 1, stif=0.81
j:5, 4, stif=0.985
j:0, 2, stif=0.943
j:1, 5
n:j=1, d=|:p=0.232
n:p=2, d=Gpart:ry=-1.322
n:j=0, d=@
c:2, 1, -8.691
",0.004663421909729783,"//0
p:fr=0.472
p:1.008, 0.373, -0.184
p:1.493, -0.721, 0.349, fr=0.047
p:1.382, 0.583, 0.25, fr=1.112
p:0.314, -0.36, -1.305
p:1.885, 0.429, -1.511, fr=0.566
p:1.511, -0.975, 0.532, fr=0.096
j:2, 3, stif=0.944
j:1, 3
j:6, 2, stif=0.838
j:4, 1, stif=0.81
j:5, 4, stif=0.985
j:0, 2, stif=0.943
j:1, 5
n:j=1, d=|:p=0.232
n:p=2, d=""Gpart:ry=-1.322, rz=0.696""
n:j=0, d=@
c:2, 1, -8.691
",0.003413257374556119,feasible,20
36,0,52,"//0
p:fr=0.472
p:1.008, 0.373, -0.184
p:1.493, -0.721, 0.349, fr=0.047
p:1.382, 0.583, 0.25, fr=1.112
p:0.314, -0.36, -1.305
p:1.885, 0.429, -1.511, fr=0.566
p:1.511, -0.975, 0.532, fr=0.096
j:2, 3, stif=0.944
j:1, 3
j:6, 2, stif=0.838
j:4, 1, stif=0.81
j:5, 4, stif=0.985
j:0, 2, stif=0.943
j:1, 5
n:j=1, d=|:p=0.232
n:p=2, d=Gpart:ry=-1.322
n:j=0, d=@
c:2, 1, -8.691
",0.004663421909729783,"//0
p:fr=0.472
p:1.008, 0.373, -0.184
p:1.493, -0.721, 0.349, fr=0.047
p:1.382, 0.583, 0.25, fr=1.112
p:0.314, -0.36, -1.305
p:1.885, 0.429, -1.511, fr=0.566
p:1.511, -0.975, 0.532, fr=0.096
j:2, 3, stif=0.944
j:1, 3
j:6, 2, stif=0.838
j:4, 1, stif=0.81
j:5, 4, stif=0.985
j:0, 2, stif=0.943
j:1, 5
j:0, 1
n:j=1, d=|:p=0.232
n:p=2, d=Gpart:ry=-1.322
n:j=0, d=@
c:2, 1, -8.691
",1.4252965149265776e-06,feasible,20
36,0,52,"//0
p:fr=0.472
p:1.008, 0.373, -0.184
p:1.493, -0.721, 0.349, fr=0.047
p:1.382, 0.583, 0.25, fr=1.112
p:0.314, -0.36, -1.305
p:1.885, 0.429, -1.511, fr=0.566
p:1.511, -0.975, 0.532, fr=0.096
j:2, 3, stif=0.944
j:1, 3
j:6, 2, stif=0.838
j:4, 1, stif=0.81
j:5, 4, stif=0.985
j:0, 2, stif=0.943
j:1, 5
n:j=1, d=|:p=0.232
n:p=2, d=Gpart:ry=-1.322
n:j=0, d=@
c:2, 1, -8.691
",0.004663421909729783,"//0
p:fr=0.472
p:1.008, 0.373, -0.184
p:1.493, -0.721, 0.349, fr=0.047
p:1.382, 0.583, 0.25, fr=1.112
p:0.314, -0.36, -1.305
p:1.885, 0.429, -1.511, fr=0.566
p:1.511, -0.975, 0.532, fr=0.096
j:2, 3, stif=0.944
j:1, 3
j:6, 2, stif=0.838
j:4, 1, stif=0.81
j:5, 4, stif=0.985
j:0, 2, stif=0.943
j:1, 5, rotstif=0.9
n:j=1, d=|:p=0.232
n:p=2, d=Gpart:ry=-1.322
n:j=0, d=@
c:2, 1, -8.691
",0.004663421909729783,feasible,20
36,0,52,"//0
p:fr=0.472
p:1.008, 0.373, -0.184
p:1.493, -0.721, 0.349, fr=0.047
p:1.382, 0.583, 0.25, fr=1.112
p:0.314, -0.36, -1.305
p:1.885, 0.429, -1.511, fr=0.566
p:1.511, -0.975, 0.532, fr=0.096
j:2, 3, stif=0.944
j:1, 3
j:6, 2, stif=0.838
j:4, 1, stif=0.81
j:5, 4, stif=0.985
j:0, 2, stif=0.943
j:1, 5
n:j=1, d=|:p=0.232
n:p=2, d=Gpart:ry=-1.322
n:j=0, d=@
c:2, 1, -8.691
",0.004663421909729783,"//0
p:fr=0.472
p:1.008, 0.373, -0.184
p:1.493, -0.721, 0.349, fr=0.047
p:1.382, 0.583, 0.25, fr=1.112
p:0.314, -0.36, -1.305
p:1.885, 0.429, -1.511, fr=0.566
p:1.511, -0.975, 0.532, fr=0.096
j:2, 3, stif=0.944
j:1, 3, rotstif=0.955
j:6, 2, stif=0.838
j:4, 1, stif=0.81
j:5, 4, stif=0.985
j:0, 2, stif=0.943
j:1, 5
n:j=1, d=|:p=0.232
n:p=2, d=Gpart:ry=-1.322
n:j=0, d=@
c:2, 1, -8.691
",0.004663421909729783,feasible,20
36,0,52,"//0
p:fr=0.472
p:1.008, 0.373, -0.184
p:1.493, -0.721, 0.349, fr=0.047
p:1.382, 0.583, 0.25, fr=1.112
p:0.314, -0.36, -1.305
p:1.885, 0.429, -1.511, fr=0.566
p:1.511, -0.975, 0.532, fr=0.096
j:2, 3, stif=0.944
j:1, 3
j:6, 2, stif=0.838
j:4, 1, stif=0.81
j:5, 4, stif=0.985
j:0, 2, stif=0.943
j:1, 5
n:j=1, d=|:p=0.232
n:p=2, d=Gpart:ry=-1.322
n:j=0, d=@
c:2, 1, -8.691
",0.004663421909729783,"//0
p:fr=0.472
p:1.008, 0.373, -0.184
p:1.493, -0.721, 0.349, fr=0.047
p:1.382, 0.583, 0.25, fr=1.112
p:0.314, -0.36, -1.305
p:1.885, 0.429, -1.511, fr=0.566
p:1.511, -0.975, 0.532, fr=0.096
j:2, 3, stif=0.944
j:1, 3, stif=0.977
j:6, 2, stif=0.838
j:4, 1, stif=0.81
j:5, 4, stif=0.985
j:0, 2, stif=0.943
j:1, 5
n:j=1, d=|:p=0.232
n:p=2, d=Gpart:ry=-1.322
n:j=0, d=@
c:2, 1, -8.691
",0.004650044610789862,feasible,20
36,0,52,"//0
p:fr=0.472
p:1.008, 0.373, -0.184
p:1.493, -0.721, 0.349, fr=0.047
p:1.382, 0.583, 0.25, fr=1.112
p:0.314, -0.36, -1.305
p:1.885, 0.429, -1.511, fr=0.566
p:1.511, -0.975, 0.532, fr=0.096
j:2, 3, stif=0.944
j:1, 3
j:6, 2, stif=0.838
j:4, 1, stif=0.81
j:5, 4, stif=0.985
j:0, 2, stif=0.943
j:1, 5
n:j=1, d=|:p=0.232
n:p=2, d=Gpart:ry=-1.322
n:j=0, d=@
c:2, 1, -8.691
",0.004663421909729783,"//0
p:fr=0.472
p:1.008, 0.373, -0.184
p:1.493, -0.721, 0.349, fr=0.047
p:1.382, 0.583, 0.25, fr=1.112
p:0.314, -0.36, -1.305
p:1.885, 0.429, -1.511, fr=0.566
p:1.511, -0.975, 0.532, fr=0.096
j:2, 3, stif=0.944
j:1, 3
j:6, 2, stif=0.838
j:4, 1, stif=0.81
j:5, 4, stif=0.985
j:0, 2, stif=0.943
j:1, 5
n:j=1, d=|:p=0.232
n:p=2, d=Gpart:ry=-0.899
n:j=0, d=@
c:2, 1, -8.691
",0.0006667521775069863,feasible,20
36,0,52,"//0
p:fr=0.472
p:1.008, 0.373, -0.184
p:1.493, -0.721, 0.349, fr=0.047
p:1.382, 0.583, 0.25, fr=1.112
p:0.314, -0.36, -1.305
p:1.885, 0.429, -1.511, fr=0.566
p:1.511, -0.975, 0.532, fr=0.096
j:2, 3, stif=0.944
j:1, 3
j:6, 2, stif=0.838
j:4, 1, stif=0.81
j:5, 4, stif=0.985
j:0, 2, stif=0.943
j:1, 5
n:j=1, d=|:p=0.232
n:p=2, d=Gpart:ry=-1.322
n:j=0, d=@
c:2, 1, -8.691
",0.004663421909729783,"//0
p:fr=0.483
p:1.008, 0.373, -0.184
p:1.493, -0.721, 0.349, fr=0.047
p:1.382, 0.583, 0.25, fr=1.112
p:0.314, -0.36, -1.305
p:1.885, 0.429, -1.511, fr=0.566
p:1.511, -0.975, 0.532, fr=0.096
j:2, 3, stif=0.944
j:1, 3
j:6, 2, stif=0.838
j:4, 1, stif=0.81
j:5, 4, stif=0.985
j:0, 2, stif=0.943
j:1, 5
n:j=1, d=|:p=0.232
n:p=2, d=Gpart:ry=-1.322
n:j=0, d=@
c:2, 1, -8.691
",0.004477832899004893,feasible,20
36,0,52,"//0
p:fr=0.472
p:1.008, 0.373, -0.184
p:1.493, -0.721, 0.349, fr=0.047
p:1.382, 0.583, 0.25, fr=1.112
p:0.314, -0.36, -1.305
p:1.885, 0.429, -1.511, fr=0.566
p:1.511, -0.975, 0.532, fr=0.096
j:2, 3, stif=0.944
j:1, 3
j:6, 2, stif=0.838
j:4, 1, stif=0.81
j:5, 4, stif=0.985
j:0, 2, stif=0.943
j:1, 5
n:j=1, d=|:p=0.232
n:p=2, d=Gpart:ry=-1.322
n:j=0, d=@
c:2, 1, -8.691
",0.004663421909729783,"//0
p:fr=0.472
p:1.008, 0.373, -0.184
p:1.493, -0.721, 0.349, fr=0.047
p:1.382, 0.583, 0.25, fr=1.112
p:0.314, -0.36, -1.305, fr=0.168
p:1.885, 0.429, -1.511, fr=0.566
p:1.511, -0.975, 0.532, fr=0.096
j:2, 3, stif=0.944
j:1, 3
j:6, 2, stif=0.838
j:4, 1, stif=0.81
j:5, 4, stif=0.985
j:0, 2, stif=0.943
j:1, 5
n:j=1, d=|:p=0.232
n:p=2, d=Gpart:ry=-1.322
n:j=0, d=@
c:2, 1, -8.691
",0.004249238115504998,feasible,20
36,0,52,"//0
p:fr=0.472
p:1.008, 0.373, -0.184
p:1.493, -0.721, 0.349, fr=0.047
p:1.382, 0.583, 0.25, fr=1.112
p:0.314, -0.36, -1.305
p:1.885, 0.429, -1.511, fr=0.566
p:1.511, -0.975, 0.532, fr=0.096
j:2, 3, stif=0.944
j:1, 3
j:6, 2, stif=0.838
j:4, 1, stif=0.81
j:5, 4, stif=0.985
j:0, 2, stif=0.943
j:1, 5
n:j=1, d=|:p=0.232
n:p=2, d=Gpart:ry=-1.322
n:j=0, d=@
c:2, 1, -8.691
",0.004663421909729783,"//0
p:0.3486657450124404, 0.07935151438214161, -0.2794875017049323, fr=0.472
p:1.008, 0.373, -0.184
p:1.493, -0.721, 0.349, fr=0.047
p:1.382, 0.583, 0.25, fr=1.112
p:0.3501332970791162, -0.3710637152210016, -1.25430918289325
p:1.885, 0.429, -1.511, fr=0.566
p:1.5866626940086332, -0.690961437464916, 0.11868747631112808, fr=0.096
j:5, 3, stif=0.944
j:1, 3
j:6, 5, stif=0.838
j:4, 1, stif=0.81
j:2, 4, stif=0.985
j:0, 5, stif=0.943
j:1, 2
n:j=1, d=|:p=0.232
n:p=2, d=Gpart:ry=-1.322
n:j=0, d=@
c:2, 1, -8.691
",4.417367522873342e-05,feasible,20
36,0,52,"//0
p:fr=0.472
p:1.008, 0.373, -0.184
p:1.493, -0.721, 0.349, fr=0.047
p:1.382, 0.583, 0.25, fr=1.112
p:0.314, -0.36, -1.305
p:1.885, 0.429, -1.511, fr=0.566
p:1.511, -0.975, 0.532, fr=0.096
j:2, 3, stif=0.944
j:1, 3
j:6, 2, stif=0.838
j:4, 1, stif=0.81
j:5, 4, stif=0.985
j:0, 2, stif=0.943
j:1, 5
n:j=1, d=|:p=0.232
n:p=2, d=Gpart:ry=-1.322
n:j=0, d=@
c:2, 1, -8.691
",0.004663421909729783,"//0
p:fr=0.472
p:1.008, 0.373, -0.184
p:1.493, -0.721, 0.349, fr=0.047
p:1.382, 0.583, 0.25, fr=1.112
p:0.314, -0.36, -1.305
p:1.885, 0.429, -1.511, fr=0.566
p:1.511, -0.975, 0.532, fr=0.096
p:2.684, 0.393, 0.279
j:2, 3, stif=0.944
j:1, 3
j:6, 2, stif=0.838
j:4, 1, stif=0.81
j:5, 4, stif=0.985
j:0, 2, stif=0.943
j:1, 5
j:7, 3
n:j=1, d=|:p=0.232
n:p=2, d=Gpart:ry=-1.322
n:j=0, d=@
c:2, 1, -8.691
",0.00043844903532686523,feasible,20
36,0,52,"//0
p:fr=0.472
p:1.008, 0.373, -0.184
p:1.493, -0.721, 0.349, fr=0.047
p:1.382, 0.583, 0.25, fr=1.112
p:0.314, -0.36, -1.305
p:1.885, 0.429, -1.511, fr=0.566
p:1.511, -0.975, 0.532, fr=0.096
j:2, 3, stif=0.944
j:1, 3
j:6, 2, stif=0.838
j:4, 1, stif=0.81
j:5, 4, stif=0.985
j:0, 2, stif=0.943
j:1, 5
n:j=1, d=|:p=0.232
n:p=2, d=Gpart:ry=-1.322
n:j=0, d=@
c:2, 1, -8.691
",0.004663421909729783,"//0
p:fr=0.472
p:1.008, 0.373, -0.184
p:1.493, -0.721, 0.349, fr=0.047
p:1.382, 0.583, 0.25, fr=1.112
p:0.314, -0.36, -1.305
p:1.885, 0.429, -1.511, fr=0.566
p:1.511, -0.975, 0.532, fr=0.096
j:2, 3, stif=0.944
j:1, 3
j:6, 2, stif=0.838
j:4, 1, stif=0.81
j:5, 4, stif=0.985
j:0, 2, stif=0.943
j:1, 5
n:j=1, d=|:p=0.232
n:p=2, d=Gpart:ry=-1.322
n:j=0, d=@
c:2, 1, -7.797
",0.004692550105488904,feasible,20
36,0,53,"//0
p:fr=0.472
p:1.008, 0.373, -0.184
p:1.493, -0.721, 0.349, fr=0.047
p:1.382, 0.583, 0.25, fr=1.112
p:0.314, -0.36, -1.305
p:1.885, 0.429, -1.511, fr=0.566
p:1.511, -0.975, 0.532, fr=0.096
j:2, 3, stif=0.944
j:1, 3
j:6, 2, stif=0.838
j:4, 1, stif=0.81
j:5, 4, stif=0.985
j:0, 2, stif=0.943
j:1, 5
n:j=1, d=|:p=0.197
n:p=2, d=Gpart:ry=-1.322
n:j=0, d=@
c:2, 1, -8.691
",0.004675476917967439,"//0
p:fr=0.472
p:1.008, 0.373, -0.184
p:1.493, -0.721, 0.349, fr=0.047
p:1.382, 0.583, 0.25, fr=1.112, ing=0.226
p:0.314, -0.36, -1.305
p:1.885, 0.429, -1.511, fr=0.566
p:1.511, -0.975, 0.532, fr=0.096
j:2, 3, stif=0.944
j:1, 3
j:6, 2, stif=0.838
j:4, 1, stif=0.81
j:5, 4, stif=0.985
j:0, 2, stif=0.943
j:1, 5
n:j=1, d=|:p=0.197
n:p=2, d=Gpart:ry=-1.322
n:j=0, d=@
c:2, 1, -8.691
",0.004675476917967439,feasible,21
36,0,53,"//0
p:fr=0.472
p:1.008, 0.373, -0.184
p:1.493, -0.721, 0.349, fr=0.047
p:1.382, 0.583, 0.25, fr=1.112
p:0.314, -0.36, -1.305
p:1.885, 0.429, -1.511, fr=0.566
p:1.511, -0.975, 0.532, fr=0.096
j:2, 3, stif=0.944
j:1, 3
j:6, 2, stif=0.838
j:4, 1, stif=0.81
j:5, 4, stif=0.985
j:0, 2, stif=0.943
j:1, 5
n:j=1, d=|:p=0.197
n:p=2, d=Gpart:ry=-1.322
n:j=0, d=@
c:2, 1, -8.691
",0.004675476917967439,"//0
p:fr=0.472
p:1.008, 0.373, -0.184
p:1.493, -0.721, 0.349, fr=0.047
p:1.382, 0.583, 0.25, fr=1.112
p:0.314, -0.36, -1.305
p:1.885, 0.429, -1.511, fr=0.566
p:1.511, -0.975, 0.532, fr=0.096
j:2, 3, stif=0.944
j:1, 3
j:6, 2, stif=0.838
j:4, 1, stif=0.81
j:5, 4, stif=0.985
j:0, 2, stif=0.943
j:1, 5
n:j=1, d=|:p=0.197
n:p=2, d=Gpart:ry=-0.796
n:j=0, d=@
c:2, 1, -8.691
",0.0002488760888040476,feasible,21
36,0,53,"//0
p:fr=0.472
p:1.008, 0.373, -0.184
p:1.493, -0.721, 0.349, fr=0.047
p:1.382, 0.583, 0.25, fr=1.112
p:0.314, -0.36, -1.305
p:1.885, 0.429, -1.511, fr=0.566
p:1.511, -0.975, 0.532, fr=0.096
j:2, 3, stif=0.944
j:1, 3
j:6, 2, stif=0.838
j:4, 1, stif=0.81
j:5, 4, stif=0.985
j:0, 2, stif=0.943
j:1, 5
n:j=1, d=|:p=0.197
n:p=2, d=Gpart:ry=-1.322
n:j=0, d=@
c:2, 1, -8.691
",0.004675476917967439,"//0
p:fr=0.472
p:1.008, 0.373, -0.184
p:1.493, -0.721, 0.349, fr=0.047
p:1.382, 0.583, 0.25, fr=1.112
p:0.314, -0.36, -1.305
p:1.885, 0.429, -1.511, fr=0.566
p:1.511, -0.975, 0.532, fr=0.096
j:3, 2, stif=0.944
j:1, 2
j:6, 3, stif=0.838
j:4, 1, stif=0.81
j:5, 4, stif=0.985
j:0, 3, stif=0.943
j:1, 5
n:j=1, d=|:p=0.197
n:p=2, d=Gpart:ry=-1.322
n:j=0, d=@
c:2, 1, -8.691
",0.00012850826586717503,feasible,21
36,0,53,"//0
p:fr=0.472
p:1.008, 0.373, -0.184
p:1.493, -0.721, 0.349, fr=0.047
p:1.382, 0.583, 0.25, fr=1.112
p:0.314, -0.36, -1.305
p:1.885, 0.429, -1.511, fr=0.566
p:1.511, -0.975, 0.532, fr=0.096
j:2, 3, stif=0.944
j:1, 3
j:6, 2, stif=0.838
j:4, 1, stif=0.81
j:5, 4, stif=0.985
j:0, 2, stif=0.943
j:1, 5
n:j=1, d=|:p=0.197
n:p=2, d=Gpart:ry=-1.322
n:j=0, d=@
c:2, 1, -8.691
",0.004675476917967439,"//0
p:fr=0.472
p:1.008, 0.373, -0.184
p:1.493, -0.721, 0.349, fr=0.047
p:1.382, 0.583, 0.25, fr=1.112
p:0.314, -0.36, -1.305
p:1.885, 0.429, -1.511, fr=0.566
p:1.511, -0.975, 0.532, fr=0.096
j:2, 3, stif=0.944
j:1, 3
j:6, 2, stif=0.838, rotstif=0.903
j:4, 1, stif=0.81
j:5, 4, stif=0.985
j:0, 2, stif=0.943
j:1, 5
n:j=1, d=|:p=0.197
n:p=2, d=Gpart:ry=-1.322
n:j=0, d=@
c:2, 1, -8.691
",0.004675476917967439,feasible,21
36,0,53,"//0
p:fr=0.472
p:1.008, 0.373, -0.184
p:1.493, -0.721, 0.349, fr=0.047
p:1.382, 0.583, 0.25, fr=1.112
p:0.314, -0.36, -1.305
p:1.885, 0.429, -1.511, fr=0.566
p:1.511, -0.975, 0.532, fr=0.096
j:2, 3, stif=0.944
j:1, 3
j:6, 2, stif=0.838
j:4, 1, stif=0.81
j:5, 4, stif=0.985
j:0, 2, stif=0.943
j:1, 5
n:j=1, d=|:p=0.197
n:p=2, d=Gpart:ry=-1.322
n:j=0, d=@
c:2, 1, -8.691
",0.004675476917967439,"//0
p:fr=0.472
p:1.008, 0.373, -0.184
p:1.493, -0.721, 0.349, fr=0.047
p:1.382, 0.583, 0.25, fr=1.112
p:0.314, -0.36, -1.305
p:1.885, 0.429, -1.511, fr=0.566
p:1.5866626940086332, -0.690961437464916, 0.11868747631112808, fr=0.096
j:2, 3, stif=0.944
j:1, 3
j:6, 2, stif=0.838
j:4, 1, stif=0.81
j:5, 4, stif=0.985
j:0, 2, stif=0.943
j:1, 5
j:6, 5
n:j=1, d=|:p=0.197
n:p=2, d=Gpart:ry=-1.322
n:j=0, d=@
c:2, 1, -8.691
",8.909448985627025e-07,feasible,21
36,0,53,"//0
p:fr=0.472
p:1.008, 0.373, -0.184
p:1.493, -0.721, 0.349, fr=0.047
p:1.382, 0.583, 0.25, fr=1.112
p:0.314, -0.36, -1.305
p:1.885, 0.429, -1.511, fr=0.566
p:1.511, -0.975, 0.532, fr=0.096
j:2, 3, stif=0.944
j:1, 3
j:6, 2, stif=0.838
j:4, 1, stif=0.81
j:5, 4, stif=0.985
j:0, 2, stif=0.943
j:1, 5
n:j=1, d=|:p=0.197
n:p=2, d=Gpart:ry=-1.322
n:j=0, d=@
c:2, 1, -8.691
",0.004675476917967439,"//0
p:fr=0.472
p:1.008, 0.373, -0.184
p:1.493, -0.721, 0.349, fr=0.047
p:1.382, 0.583, 0.25, fr=1.112
p:0.314, -0.36, -1.305
p:1.885, 0.429, -1.511, fr=0.566
p:1.511, -0.975, 0.532, fr=0.096
j:2, 3, stif=0.944
j:1, 3
j:6, 2, stif=0.838
j:4, 1, stif=0.81
j:5, 4, stif=0.985
j:0, 2, stif=0.982
j:1, 5
n:j=1, d=|:p=0.197
n:p=2, d=Gpart:ry=-1.322
n:j=0, d=@
c:2, 1, -8.691
",0.004655614759231914,feasible,21
36,0,53,"//0
p:fr=0.472
p:1.008, 0.373, -0.184
p:1.493, -0.721, 0.349, fr=0.047
p:1.382, 0.583, 0.25, fr=1.112
p:0.314, -0.36, -1.305
p:1.885, 0.429, -1.511, fr=0.566
p:1.511, -0.975, 0.532, fr=0.096
j:2, 3, stif=0.944
j:1, 3
j:6, 2, stif=0.838
j:4, 1, stif=0.81
j:5, 4, stif=0.985
j:0, 2, stif=0.943
j:1, 5
n:j=1, d=|:p=0.197
n:p=2, d=Gpart:ry=-1.322
n:j=0, d=@
c:2, 1, -8.691
",0.004675476917967439,"//0
p:fr=0.472
p:1.008, 0.373, -0.184
p:1.493, -0.721, 0.349, fr=0.047, ing=0.11
p:1.382, 0.583, 0.25, fr=1.112
p:0.314, -0.36, -1.305
p:1.885, 0.429, -1.511, fr=0.566
p:1.511, -0.975, 0.532, fr=0.096
j:2, 3, stif=0.944
j:1, 3
j:6, 2, stif=0.838
j:4, 1, stif=0.81
j:5, 4, stif=0.985
j:0, 2, stif=0.943
j:1, 5
n:j=1, d=|:p=0.197
n:p=2, d=Gpart:ry=-1.322
n:j=0, d=@
c:2, 1, -8.691
",0.004675476917967439,feasible,21
36,0,53,"//0
p:fr=0.472
p:1.008, 0.373, -0.184
p:1.493, -0.721, 0.349, fr=0.047
p:1.382, 0.583, 0.25, fr=1.112
p:0.314, -0.36, -1.305
p:1.885, 0.429, -1.511, fr=0.566
p:1.511, -0.975, 0.532, fr=0.096
j:2, 3, stif=0.944
j:1, 3
j:6, 2, stif=0.838
j:4, 1, stif=0.81
j:5, 4, stif=0.985
j:0, 2, stif=0.943
j:1, 5
n:j=1, d=|:p=0.197
n:p=2, d=Gpart:ry=-1.322
n:j=0, d=@
c:2, 1, -8.691
",0.004675476917967439,"//0
p:fr=0.472
p:1.008, 0.373, -0.184
p:1.493, -0.721, 0.349, fr=0.047
p:1.382, 0.583, 0.25, fr=1.112
p:0.314, -0.36, -1.305
p:1.885, 0.429, -1.511, fr=0.566
p:1.511, -0.975, 0.532, fr=0.096
j:2, 3, stif=0.944
j:1, 3
j:6, 2, stif=0.838
j:4, 1, stif=0.81
j:5, 4, stif=0.985
j:0, 2, stif=0.943
j:1, 5
n:j=1, d=|:p=0.197
n:p=2, d=Gpart:ry=-1.322
n:j=0, d=@:p=0.97
c:2, 1, -8.691
",0.00462704293157727,feasible,21
36,0,53,"//0
p:fr=0.472
p:1.008, 0.373, -0.184
p:1.493, -0.721, 0.349, fr=0.047
p:1.382, 0.583, 0.25, fr=1.112
p:0.314, -0.36, -1.305
p:1.885, 0.429, -1.511, fr=0.566
p:1.511, -0.975, 0.532, fr=0.096
j:2, 3, stif=0.944
j:1, 3
j:6, 2, stif=0.838
j:4, 1, stif=0.81
j:5, 4, stif=0.985
j:0, 2, stif=0.943
j:1, 5
n:j=1, d=|:p=0.197
n:p=2, d=Gpart:ry=-1.322
n:j=0, d=@
c:2, 1, -8.691
",0.004675476917967439,"//0
p:fr=0.472
p:1.008, 0.373, -0.184
p:1.493, -0.721, 0.349, fr=0.047
p:1.382, 0.583, 0.25, fr=1.112
p:0.314, -0.36, -1.305
p:1.885, 0.429, -1.511, fr=0.566
p:1.511, -0.975, 0.532, fr=0.096
j:2, 3, stif=0.944
j:1, 3
j:6, 2, stif=0.838
j:4, 1, stif=0.81
j:5, 4, stif=0.985
j:0, 2, stif=0.943
j:1, 5
n:j=1, d=|:p=0.197
n:p=2, d=Gpart:ry=-1.322
n:j=0, d=@:p=0.978
c:2, 1, -8.691
",0.004635044706844984,feasible,21
36,0,53,"//0
p:fr=0.472
p:1.008, 0.373, -0.184
p:1.493, -0.721, 0.349, fr=0.047
p:1.382, 0.583, 0.25, fr=1.112
p:0.314, -0.36, -1.305
p:1.885, 0.429, -1.511, fr=0.566
p:1.511, -0.975, 0.532, fr=0.096
j:2, 3, stif=0.944
j:1, 3
j:6, 2, stif=0.838
j:4, 1, stif=0.81
j:5, 4, stif=0.985
j:0, 2, stif=0.943
j:1, 5
n:j=1, d=|:p=0.197
n:p=2, d=Gpart:ry=-1.322
n:j=0, d=@
c:2, 1, -8.691
",0.004675476917967439,"//0
p:fr=0.472
p:1.008, 0.373, -0.184
p:1.493, -0.721, 0.349, fr=0.047
p:1.382, 0.583, 0.25, fr=1.112
p:0.314, -0.36, -1.305
p:1.885, 0.429, -1.511, fr=0.566
p:1.511, -0.975, 0.532, fr=0.096, ing=0.34
j:2, 3, stif=0.944
j:1, 3
j:6, 2, stif=0.838
j:4, 1, stif=0.81
j:5, 4, stif=0.985
j:0, 2, stif=0.943
j:1, 5
n:j=1, d=|:p=0.197
n:p=2, d=Gpart:ry=-1.322
n:j=0, d=@
c:2, 1, -8.691
",0.004675476917967439,feasible,21
36,0,53,"//0
p:fr=0.472
p:1.008, 0.373, -0.184
p:1.493, -0.721, 0.349, fr=0.047
p:1.382, 0.583, 0.25, fr=1.112
p:0.314, -0.36, -1.305
p:1.885, 0.429, -1.511, fr=0.566
p:1.511, -0.975, 0.532, fr=0.096
j:2, 3, stif=0.944
j:1, 3
j:6, 2, stif=0.838
j:4, 1, stif=0.81
j:5, 4, stif=0.985
j:0, 2, stif=0.943
j:1, 5
n:j=1, d=|:p=0.197
n:p=2, d=Gpart:ry=-1.322
n:j=0, d=@
c:2, 1, -8.691
",0.004675476917967439,"//0
p:1.008, 0.373, -0.184
p:1.493, -0.721, 0.349, fr=0.047
p:1.382, 0.583, 0.25, fr=1.112
p:0.314, -0.36, -1.305
p:1.885, 0.429, -1.511, fr=0.566
p:1.511, -0.975, 0.532, fr=0.096
j:1, 2, stif=0.944
j:0, 2
j:5, 1, stif=0.838
j:3, 0, stif=0.81
j:4, 3, stif=0.985
j:0, 4
n:j=1, d=|:p=0.197
n:p=1, d=Gpart:ry=-1.322
n:j=0, d=@
c:2, 1, -8.691
",5.2426595950470487e-05,feasible,21
36,0,53,"//0
p:fr=0.472
p:1.008, 0.373, -0.184
p:1.493, -0.721, 0.349, fr=0.047
p:1.382, 0.583, 0.25, fr=1.112
p:0.314, -0.36, -1.305
p:1.885, 0.429, -1.511, fr=0.566
p:1.511, -0.975, 0.532, fr=0.096
j:2, 3, stif=0.944
j:1, 3
j:6, 2, stif=0.838
j:4, 1, stif=0.81
j:5, 4, stif=0.985
j:0, 2, stif=0.943
j:1, 5
n:j=1, d=|:p=0.197
n:p=2, d=Gpart:ry=-1.322
n:j=0, d=@
c:2, 1, -8.691
",0.004675476917967439,"//0
p:fr=0.472
p:1.008, 0.373, -0.184
p:1.493, -0.721, 0.349, fr=0.047
p:1.382, 0.583, 0.25, fr=1.112
p:0.314, -0.36, -1.305
p:1.885, 0.429, -1.511, fr=0.566
p:1.511, -0.975, 0.532, fr=0.096
j:2, 3, stif=0.944
j:1, 3
j:6, 2, stif=0.838, rotstif=0.848
j:4, 1, stif=0.81
j:5, 4, stif=0.985
j:0, 2, stif=0.943
j:1, 5
n:j=1, d=|:p=0.197
n:p=2, d=Gpart:ry=-1.322
n:j=0, d=@
c:2, 1, -8.691
",0.004675476917967439,feasible,21
36,0,53,"//0
p:fr=0.472
p:1.008, 0.373, -0.184
p:1.493, -0.721, 0.349, fr=0.047
p:1.382, 0.583, 0.25, fr=1.112
p:0.314, -0.36, -1.305
p:1.885, 0.429, -1.511, fr=0.566
p:1.511, -0.975, 0.532, fr=0.096
j:2, 3, stif=0.944
j:1, 3
j:6, 2, stif=0.838
j:4, 1, stif=0.81
j:5, 4, stif=0.985
j:0, 2, stif=0.943
j:1, 5
n:j=1, d=|:p=0.197
n:p=2, d=Gpart:ry=-1.322
n:j=0, d=@
c:2, 1, -8.691
",0.004675476917967439,"//0
p:fr=0.472
p:1.008, 0.373, -0.184
p:1.493, -0.721, 0.349, fr=0.047
p:1.382, 0.583, 0.25, fr=1.112
p:0.314, -0.36, -1.305, fr=0.583
p:1.885, 0.429, -1.511, fr=0.566
p:1.511, -0.975, 0.532, fr=0.096
j:2, 3, stif=0.944
j:1, 3
j:6, 2, stif=0.838
j:4, 1, stif=0.81
j:5, 4, stif=0.985
j:0, 2, stif=0.943
j:1, 5
n:j=1, d=|:p=0.197
n:p=2, d=Gpart:ry=-1.322
n:j=0, d=@
c:2, 1, -8.691
",0.0046245956290706484,feasible,21
36,0,53,"//0
p:fr=0.472
p:1.008, 0.373, -0.184
p:1.493, -0.721, 0.349, fr=0.047
p:1.382, 0.583, 0.25, fr=1.112
p:0.314, -0.36, -1.305
p:1.885, 0.429, -1.511, fr=0.566
p:1.511, -0.975, 0.532, fr=0.096
j:2, 3, stif=0.944
j:1, 3
j:6, 2, stif=0.838
j:4, 1, stif=0.81
j:5, 4, stif=0.985
j:0, 2, stif=0.943
j:1, 5
n:j=1, d=|:p=0.197
n:p=2, d=Gpart:ry=-1.322
n:j=0, d=@
c:2, 1, -8.691
",0.004675476917967439,"//0
p:fr=0.472
p:1.008, 0.373, -0.184
p:1.493, -0.721, 0.349, fr=0.047
p:1.382, 0.583, 0.25, fr=1.112
p:0.314, -0.36, -1.305
p:1.845854319323259, 0.31415935515752, -1.3252577396460758, fr=0.566
p:1.511, -0.975, 0.532, fr=0.096
j:2, 3, stif=0.944
j:1, 3
j:6, 2, stif=0.838
j:4, 1, stif=0.81
j:5, 4, stif=0.985
j:0, 2, stif=0.943
j:1, 5
j:2, 5
n:j=1, d=|:p=0.197
n:p=2, d=Gpart:ry=-1.322
n:j=0, d=@
c:2, 1, -8.691
",3.2831051317721663e-06,feasible,21
36,0,53,"//0
p:fr=0.472
p:1.008, 0.373, -0.184
p:1.493, -0.721, 0.349, fr=0.047
p:1.382, 0.583, 0.25, fr=1.112
p:0.314, -0.36, -1.305
p:1.885, 0.429, -1.511, fr=0.566
p:1.511, -0.975, 0.532, fr=0.096
j:2, 3, stif=0.944
j:1, 3
j:6, 2, stif=0.838
j:4, 1, stif=0.81
j:5, 4, stif=0.985
j:0, 2, stif=0.943
j:1, 5
n:j=1, d=|:p=0.197
n:p=2, d=Gpart:ry=-1.322
n:j=0, d=@
c:2, 1, -8.691
",0.004675476917967439,"//0
p:fr=0.472
p:1.008, 0.373, -0.184
p:1.493, -0.721, 0.349, fr=0.047
p:1.382, 0.583, 0.25, fr=1.112
p:0.314, -0.36, -1.305
p:1.885, 0.429, -1.511, fr=0.566
p:1.511, -0.975, 0.532, fr=0.096
j:2, 3, stif=0.944
j:1, 3
j:6, 2, stif=0.838
j:4, 1, stif=0.81
j:5, 4, stif=0.985
j:0, 2, stif=0.943
j:1, 5
n:j=1, d=|:p=0.197
n:p=2, d=Gpart:ry=-1.322
n:j=0, d=@
c:0, 1, 3.465
c:2, 1, -8.691
",9.198495137362534e-05,feasible,21
36,0,53,"//0
p:fr=0.472
p:1.008, 0.373, -0.184
p:1.493, -0.721, 0.349, fr=0.047
p:1.382, 0.583, 0.25, fr=1.112
p:0.314, -0.36, -1.305
p:1.885, 0.429, -1.511, fr=0.566
p:1.511, -0.975, 0.532, fr=0.096
j:2, 3, stif=0.944
j:1, 3
j:6, 2, stif=0.838
j:4, 1, stif=0.81
j:5, 4, stif=0.985
j:0, 2, stif=0.943
j:1, 5
n:j=1, d=|:p=0.197
n:p=2, d=Gpart:ry=-1.322
n:j=0, d=@
c:2, 1, -8.691
",0.004675476917967439,"//0
p:fr=0.472
p:1.008, 0.373, -0.184
p:1.493, -0.721, 0.349, fr=0.047
p:1.382, 0.583, 0.25, fr=1.112
p:0.314, -0.36, -1.305
p:1.885, 0.429, -1.511, fr=0.566
p:1.511, -0.975, 0.532, fr=0.096
j:2, 3, stif=0.944
j:1, 3
j:6, 2, stif=0.838
j:4, 1, stif=0.81
j:5, 4, stif=0.985
j:0, 2, stif=0.943
j:1, 5
n:j=1, d=|:p=0.197
n:p=2, d=""Gpart:ry=-1.322, rz=0.829""
n:j=0, d=@
c:2, 1, -8.691
",0.0035386935130023423,feasible,21
36,0,53,"//0
p:fr=0.472
p:1.008, 0.373, -0.184
p:1.493, -0.721, 0.349, fr=0.047
p:1.382, 0.583, 0.25, fr=1.112
p:0.314, -0.36, -1.305
p:1.885, 0.429, -1.511, fr=0.566
p:1.511, -0.975, 0.532, fr=0.096
j:2, 3, stif=0.944
j:1, 3
j:6, 2, stif=0.838
j:4, 1, stif=0.81
j:5, 4, stif=0.985
j:0, 2, stif=0.943
j:1, 5
n:j=1, d=|:p=0.197
n:p=2, d=Gpart:ry=-1.322
n:j=0, d=@
c:2, 1, -8.691
",0.004675476917967439,"//0
p:fr=0.472
p:1.008, 0.373, -0.184
p:1.493, -0.721, 0.349, fr=0.047
p:1.382, 0.583, 0.25, fr=1.112
p:0.314, -0.36, -1.305
p:1.885, 0.429, -1.511, fr=0.566
p:1.511, -0.975, 0.532, fr=0.096
j:2, 3, stif=0.944
j:1, 3
j:6, 2, stif=0.838
j:4, 1, stif=0.81
j:5, 4, stif=0.985
j:0, 2, stif=0.943
j:1, 5
n:j=1, d=|:p=0.197
n:p=2, d=Gpart:ry=-1.322
n:j=0, d=@:p=0.964
c:2, 1, -8.691
",0.004618732345004069,feasible,21
36,0,53,"//0
p:fr=0.472
p:1.008, 0.373, -0.184
p:1.493, -0.721, 0.349, fr=0.047
p:1.382, 0.583, 0.25, fr=1.112
p:0.314, -0.36, -1.305
p:1.885, 0.429, -1.511, fr=0.566
p:1.511, -0.975, 0.532, fr=0.096
j:2, 3, stif=0.944
j:1, 3
j:6, 2, stif=0.838
j:4, 1, stif=0.81
j:5, 4, stif=0.985
j:0, 2, stif=0.943
j:1, 5
n:j=1, d=|:p=0.197
n:p=2, d=Gpart:ry=-1.322
n:j=0, d=@
c:2, 1, -8.691
",0.004675476917967439,"//0
p:fr=0.472
p:1.008, 0.373, -0.184
p:1.493, -0.721, 0.349, fr=0.047
p:1.382, 0.583, 0.25, fr=1.112
p:0.314, -0.36, -1.305, fr=0.482
p:1.885, 0.429, -1.511, fr=0.566
p:1.511, -0.975, 0.532, fr=0.096
j:2, 3, stif=0.944
j:1, 3
j:6, 2, stif=0.838
j:4, 1, stif=0.81
j:5, 4, stif=0.985
j:0, 2, stif=0.943
j:1, 5
n:j=1, d=|:p=0.197
n:p=2, d=Gpart:ry=-1.322
n:j=0, d=@
c:2, 1, -8.691
",0.004679737862318557,feasible,21
36,0,53,"//0
p:fr=0.472
p:1.008, 0.373, -0.184
p:1.493, -0.721, 0.349, fr=0.047
p:1.382, 0.583, 0.25, fr=1.112
p:0.314, -0.36, -1.305
p:1.885, 0.429, -1.511, fr=0.566
p:1.511, -0.975, 0.532, fr=0.096
j:2, 3, stif=0.944
j:1, 3
j:6, 2, stif=0.838
j:4, 1, stif=0.81
j:5, 4, stif=0.985
j:0, 2, stif=0.943
j:1, 5
n:j=1, d=|:p=0.197
n:p=2, d=Gpart:ry=-1.322
n:j=0, d=@
c:2, 1, -8.691
",0.004675476917967439,"//0
p:fr=0.472
p:1.008, 0.373, -0.184
p:1.493, -0.721, 0.349, fr=0.047
p:1.382, 0.583, 0.25, fr=1.112
p:0.3693009395561142, -0.31117154868781316, -1.2244822462455454
p:1.845854319323259, 0.31415935515752, -1.3252577396460758, fr=0.566
p:1.511, -0.975, 0.532, fr=0.096
j:2, 5, stif=0.944
j:1, 5
j:6, 2, stif=0.838
j:4, 1, stif=0.81
j:3, 4, stif=0.985
j:0, 2, stif=0.943
j:1, 3
n:j=1, d=|:p=0.197
n:p=2, d=Gpart:ry=-1.322
n:j=0, d=@
c:2, 1, -8.691
",0.00019312700191271163,feasible,21
36,0,53,"//0
p:fr=0.472
p:1.008, 0.373, -0.184
p:1.493, -0.721, 0.349, fr=0.047
p:1.382, 0.583, 0.25, fr=1.112
p:0.314, -0.36, -1.305
p:1.885, 0.429, -1.511, fr=0.566
p:1.511, -0.975, 0.532, fr=0.096
j:2, 3, stif=0.944
j:1, 3
j:6, 2, stif=0.838
j:4, 1, stif=0.81
j:5, 4, stif=0.985
j:0, 2, stif=0.943
j:1, 5
n:j=1, d=|:p=0.197
n:p=2, d=Gpart:ry=-1.322
n:j=0, d=@
c:2, 1, -8.691
",0.004675476917967439,"//0
p:fr=0.472
p:1.008, 0.373, -0.184
p:1.493, -0.721, 0.349, fr=0.047
p:1.382, 0.583, 0.25, fr=1.112, ing=0.189
p:0.314, -0.36, -1.305
p:1.885, 0.429, -1.511, fr=0.566
p:1.511, -0.975, 0.532, fr=0.096
j:2, 3, stif=0.944
j:1, 3
j:6, 2, stif=0.838
j:4, 1, stif=0.81
j:5, 4, stif=0.985
j:0, 2, stif=0.943
j:1, 5
n:j=1, d=|:p=0.197
n:p=2, d=Gpart:ry=-1.322
n:j=0, d=@
c:2, 1, -8.691
",0.004675476917967439,feasible,21
36,0,54,"//0
p:fr=0.472
p:1.008, 0.373, -0.184
p:1.493, -0.721, 0.349, fr=0.047
p:1.382, 0.583, 0.25, fr=1.112
p:0.314, -0.36, -1.305
p:1.885, 0.429, -1.511, fr=0.566
p:1.511, -0.975, 0.532, fr=0.096
j:2, 3, stif=0.944
j:1, 3
j:6, 2, stif=0.838
j:4, 1, stif=0.81
j:5, 4, stif=0.985
j:0, 2, stif=0.943
j:1, 5
n:j=1, d=|:p=0.197
n:p=2, d=Gpart:ry=-1.322
n:j=0, d=@:p=0.987
c:2, 1, -8.691
",0.0046812063918847,"//0
p:fr=0.472
p:1.008, 0.373, -0.184
p:1.493, -0.721, 0.349, fr=0.047
p:1.382, 0.583, 0.25, fr=1.112
p:0.314, -0.36, -1.305
p:1.885, 0.429, -1.511, fr=0.566
p:1.511, -0.975, 0.532, fr=0.096
j:2, 3, stif=0.944
j:1, 3
j:6, 2, stif=0.838
j:4, 1, stif=0.81
j:5, 4, stif=0.985
j:0, 2, stif=0.943
j:1, 5
n:j=1, d=|:p=0.197
n:p=2, d=Gpart:ry=-2.479
n:j=0, d=@:p=0.987
c:2, 1, -8.691
",0.0001268546931502699,feasible,21
36,0,54,"//0
p:fr=0.472
p:1.008, 0.373, -0.184
p:1.493, -0.721, 0.349, fr=0.047
p:1.382, 0.583, 0.25, fr=1.112
p:0.314, -0.36, -1.305
p:1.885, 0.429, -1.511, fr=0.566
p:1.511, -0.975, 0.532, fr=0.096
j:2, 3, stif=0.944
j:1, 3
j:6, 2, stif=0.838
j:4, 1, stif=0.81
j:5, 4, stif=0.985
j:0, 2, stif=0.943
j:1, 5
n:j=1, d=|:p=0.197
n:p=2, d=Gpart:ry=-1.322
n:j=0, d=@:p=0.987
c:2, 1, -8.691
",0.0046812063918847,"//0
p:fr=0.569
p:1.008, 0.373, -0.184
p:1.493, -0.721, 0.349, fr=0.047
p:1.382, 0.583, 0.25, fr=1.112
p:0.314, -0.36, -1.305
p:1.885, 0.429, -1.511, fr=0.566
p:1.511, -0.975, 0.532, fr=0.096
j:2, 3, stif=0.944
j:1, 3
j:6, 2, stif=0.838
j:4, 1, stif=0.81
j:5, 4, stif=0.985
j:0, 2, stif=0.943
j:1, 5
n:j=1, d=|:p=0.197
n:p=2, d=Gpart:ry=-1.322
n:j=0, d=@:p=0.987
c:2, 1, -8.691
",0.0036324790279926083,feasible,21
36,0,54,"//0
p:fr=0.472
p:1.008, 0.373, -0.184
p:1.493, -0.721, 0.349, fr=0.047
p:1.382, 0.583, 0.25, fr=1.112
p:0.314, -0.36, -1.305
p:1.885, 0.429, -1.511, fr=0.566
p:1.511, -0.975, 0.532, fr=0.096
j:2, 3, stif=0.944
j:1, 3
j:6, 2, stif=0.838
j:4, 1, stif=0.81
j:5, 4, stif=0.985
j:0, 2, stif=0.943
j:1, 5
n:j=1, d=|:p=0.197
n:p=2, d=Gpart:ry=-1.322
n:j=0, d=@:p=0.987
c:2, 1, -8.691
",0.0046812063918847,"//0
p:fr=0.472
p:1.008, 0.373, -0.184
p:1.493, -0.721, 0.349, fr=0.047
p:1.382, 0.583, 0.25, fr=1.112
p:0.314, -0.36, -1.305
p:1.885, 0.429, -1.511, fr=0.566
p:1.511, -0.975, 0.532, fr=0.096
p:0.473, -0.299, -1.954
j:2, 3, stif=0.944
j:1, 3
j:6, 2, stif=0.838
j:4, 1, stif=0.81
j:5, 4, stif=0.985
j:0, 2, stif=0.943
j:1, 5
j:7, 4
n:j=1, d=|:p=0.197
n:p=2, d=Gpart:ry=-1.322
n:j=0, d=@:p=0.987
c:2, 1, -8.691
",0.0004534827144566985,feasible,21
36,0,54,"//0
p:fr=0.472
p:1.008, 0.373, -0.184
p:1.493, -0.721, 0.349, fr=0.047
p:1.382, 0.583, 0.25, fr=1.112
p:0.314, -0.36, -1.305
p:1.885, 0.429, -1.511, fr=0.566
p:1.511, -0.975, 0.532, fr=0.096
j:2, 3, stif=0.944
j:1, 3
j:6, 2, stif=0.838
j:4, 1, stif=0.81
j:5, 4, stif=0.985
j:0, 2, stif=0.943
j:1, 5
n:j=1, d=|:p=0.197
n:p=2, d=Gpart:ry=-1.322
n:j=0, d=@:p=0.987
c:2, 1, -8.691
",0.0046812063918847,"//0
p:fr=0.472
p:1.008, 0.373, -0.184
p:1.493, -0.721, 0.349, fr=0.047
p:1.382, 0.583, 0.25, fr=1.112
p:0.314, -0.36, -1.305
p:1.885, 0.429, -1.511, fr=0.566
p:1.511, -0.975, 0.532, fr=0.096
j:2, 3, stif=0.944
j:1, 3
j:6, 2, stif=0.838
j:4, 1, stif=0.81
j:5, 4, stif=0.985
j:0, 2, stif=0.943
j:1, 5
n:j=1, d=|:p=0.197
n:p=2, d=Gpart:ry=-1.322
n:j=0, d=@:p=0.901
c:2, 1, -8.691
",0.004466761560466304,feasible,21
36,0,54,"//0
p:fr=0.472
p:1.008, 0.373, -0.184
p:1.493, -0.721, 0.349, fr=0.047
p:1.382, 0.583, 0.25, fr=1.112
p:0.314, -0.36, -1.305
p:1.885, 0.429, -1.511, fr=0.566
p:1.511, -0.975, 0.532, fr=0.096
j:2, 3, stif=0.944
j:1, 3
j:6, 2, stif=0.838
j:4, 1, stif=0.81
j:5, 4, stif=0.985
j:0, 2, stif=0.943
j:1, 5
n:j=1, d=|:p=0.197
n:p=2, d=Gpart:ry=-1.322
n:j=0, d=@:p=0.987
c:2, 1, -8.691
",0.0046812063918847,"//0
p:fr=0.472
p:1.008, 0.373, -0.184
p:1.493, -0.721, 0.349, fr=0.047
p:1.382, 0.583, 0.25, fr=1.112
p:0.314, -0.36, -1.305
p:1.885, 0.429, -1.511, fr=0.566
p:1.511, -0.975, 0.532, fr=0.096
j:2, 3, stif=0.944
j:1, 3
j:6, 2, stif=0.838
j:4, 1, stif=0.81, rotstif=0.748
j:5, 4, stif=0.985
j:0, 2, stif=0.943
j:1, 5
n:j=1, d=|:p=0.197
n:p=2, d=Gpart:ry=-1.322
n:j=0, d=@:p=0.987
c:2, 1, -8.691
",0.0046812063918847,feasible,21
36,0,54,"//0
p:fr=0.472
p:1.008, 0.373, -0.184
p:1.493, -0.721, 0.349, fr=0.047
p:1.382, 0.583, 0.25, fr=1.112
p:0.314, -0.36, -1.305
p:1.885, 0.429, -1.511, fr=0.566
p:1.511, -0.975, 0.532, fr=0.096
j:2, 3, stif=0.944
j:1, 3
j:6, 2, stif=0.838
j:4, 1, stif=0.81
j:5, 4, stif=0.985
j:0, 2, stif=0.943
j:1, 5
n:j=1, d=|:p=0.197
n:p=2, d=Gpart:ry=-1.322
n:j=0, d=@:p=0.987
c:2, 1, -8.691
",0.0046812063918847,"//0
p:fr=0.472
p:1.008, 0.373, -0.184
p:1.493, -0.721, 0.349, fr=0.047
p:1.382, 0.583, 0.25, fr=1.112
p:0.314, -0.36, -1.305
p:1.885, 0.429, -1.511, fr=0.566
p:1.511, -0.975, 0.532, fr=0.096
j:2, 3, stif=0.944
j:1, 3
j:6, 2, stif=0.838
j:4, 1, stif=0.81
j:5, 4, stif=0.985
j:0, 2, stif=0.943
j:1, 5
n:j=1, d=""|:p=0.197, r=0.982""
n:p=2, d=Gpart:ry=-1.322
n:j=0, d=@:p=0.987
c:2, 1, -8.691
",0.0046812063918847,feasible,21
36,0,54,"//0
p:fr=0.472
p:1.008, 0.373, -0.184
p:1.493, -0.721, 0.349, fr=0.047
p:1.382, 0.583, 0.25, fr=1.112
p:0.314, -0.36, -1.305
p:1.885, 0.429, -1.511, fr=0.566
p:1.511, -0.975, 0.532, fr=0.096
j:2, 3, stif=0.944
j:1, 3
j:6, 2, stif=0.838
j:4, 1, stif=0.81
j:5, 4, stif=0.985
j:0, 2, stif=0.943
j:1, 5
n:j=1, d=|:p=0.197
n:p=2, d=Gpart:ry=-1.322
n:j=0, d=@:p=0.987
c:2, 1, -8.691
",0.0046812063918847,"//0
p:fr=0.472
p:1.008, 0.373, -0.184
p:1.532145680676741, -0.60615935515752, 0.16325773964607593, fr=0.047
p:1.3266990604438857, 0.5341715486878131, 0.16948224624554542, fr=1.112
p:0.314, -0.36, -1.305
p:1.885, 0.429, -1.511, fr=0.566
p:1.3651896640450065, -0.900084915110843, 0.3082292505018187, fr=0.096
j:4, 3, stif=0.944
j:1, 3
j:6, 4, stif=0.838
j:2, 1, stif=0.81
j:5, 2, stif=0.985
j:0, 4, stif=0.943
j:1, 5
n:j=1, d=|:p=0.197
n:p=2, d=Gpart:ry=-1.322
n:j=0, d=@:p=0.987
c:2, 1, -8.691
",0.0008938039332384493,feasible,21
36,0,54,"//0
p:fr=0.472
p:1.008, 0.373, -0.184
p:1.493, -0.721, 0.349, fr=0.047
p:1.382, 0.583, 0.25, fr=1.112
p:0.314, -0.36, -1.305
p:1.885, 0.429, -1.511, fr=0.566
p:1.511, -0.975, 0.532, fr=0.096
j:2, 3, stif=0.944
j:1, 3
j:6, 2, stif=0.838
j:4, 1, stif=0.81
j:5, 4, stif=0.985
j:0, 2, stif=0.943
j:1, 5
n:j=1, d=|:p=0.197
n:p=2, d=Gpart:ry=-1.322
n:j=0, d=@:p=0.987
c:2, 1, -8.691
",0.0046812063918847,"//0
p:fr=0.472
p:1.008, 0.373, -0.184
p:1.493, -0.721, 0.349, fr=0.047
p:1.382, 0.583, 0.25, fr=1.112
p:0.314, -0.36, -1.305
p:1.885, 0.429, -1.511, fr=0.566
p:1.511, -0.975, 0.532, fr=0.096
j:2, 3, stif=0.944
j:1, 3
j:6, 2, stif=0.838
j:4, 1, stif=0.81
j:5, 4, stif=0.985
j:0, 2, stif=0.943
j:1, 5
n:j=1, d=|:p=0.197
n:p=2, d=Gpart:ry=-1.322
n:j=0, d=@:p=0.987
c:0, 1, -1.397
c:2, 1, -8.691
",0.003931398592868608,feasible,21
36,0,54,"//0
p:fr=0.472
p:1.008, 0.373, -0.184
p:1.493, -0.721, 0.349, fr=0.047
p:1.382, 0.583, 0.25, fr=1.112
p:0.314, -0.36, -1.305
p:1.885, 0.429, -1.511, fr=0.566
p:1.511, -0.975, 0.532, fr=0.096
j:2, 3, stif=0.944
j:1, 3
j:6, 2, stif=0.838
j:4, 1, stif=0.81
j:5, 4, stif=0.985
j:0, 2, stif=0.943
j:1, 5
n:j=1, d=|:p=0.197
n:p=2, d=Gpart:ry=-1.322
n:j=0, d=@:p=0.987
c:2, 1, -8.691
",0.0046812063918847,"//0
p:fr=0.472
p:1.008, 0.373, -0.184
p:1.493, -0.721, 0.349, fr=0.047
p:1.382, 0.583, 0.25, fr=1.112
p:0.314, -0.36, -1.305
p:1.885, 0.429, -1.511, fr=0.566
p:1.511, -0.975, 0.532, fr=0.096
j:2, 0, stif=0.944
j:1, 0
j:6, 2, stif=0.838
j:4, 1, stif=0.81
j:5, 4, stif=0.985
j:3, 2, stif=0.943
j:1, 5
n:j=1, d=|:p=0.197
n:p=2, d=Gpart:ry=-1.322
n:j=0, d=@:p=0.987
c:2, 1, -8.691
",0.0008300045026957252,feasible,21
36,0,54,"//0
p:fr=0.472
p:1.008, 0.373, -0.184
p:1.493, -0.721, 0.349, fr=0.047
p:1.382, 0.583, 0.25, fr=1.112
p:0.314, -0.36, -1.305
p:1.885, 0.429, -1.511, fr=0.566
p:1.511, -0.975, 0.532, fr=0.096
j:2, 3, stif=0.944
j:1, 3
j:6, 2, stif=0.838
j:4, 1, stif=0.81
j:5, 4, stif=0.985
j:0, 2, stif=0.943
j:1, 5
n:j=1, d=|:p=0.197
n:p=2, d=Gpart:ry=-1.322
n:j=0, d=@:p=0.987
c:2, 1, -8.691
",0.0046812063918847,"//0
p:fr=0.472
p:1.008, 0.373, -0.184
p:1.493, -0.721, 0.349, fr=0.047
p:1.382, 0.583, 0.25, fr=1.112
p:0.314, -0.36, -1.305
p:1.885, 0.429, -1.511, fr=0.566
p:1.511, -0.975, 0.532, fr=0.096
p:1.635, 1.065, 0.494
j:2, 3, stif=0.944
j:1, 3
j:6, 2, stif=0.838
j:4, 1, stif=0.81
j:5, 4, stif=0.985
j:0, 2, stif=0.943
j:1, 5
j:7, 3
n:j=1, d=|:p=0.197
n:p=2, d=Gpart:ry=-1.322
n:j=0, d=@:p=0.987
c:2, 1, -8.691
",4.975812831182814e-06,feasible,21
36,0,54,"//0
p:fr=0.472
p:1.008, 0.373, -0.184
p:1.493, -0.721, 0.349, fr=0.047
p:1.382, 0.583, 0.25, fr=1.112
p:0.314, -0.36, -1.305
p:1.885, 0.429, -1.511, fr=0.566
p:1.511, -0.975, 0.532, fr=0.096
j:2, 3, stif=0.944
j:1, 3
j:6, 2, stif=0.838
j:4, 1, stif=0.81
j:5, 4, stif=0.985
j:0, 2, stif=0.943
j:1, 5
n:j=1, d=|:p=0.197
n:p=2, d=Gpart:ry=-1.322
n:j=0, d=@:p=0.987
c:2, 1, -8.691
",0.0046812063918847,"//0
p:fr=0.472
p:1.008, 0.373, -0.184
p:1.493, -0.721, 0.349, fr=0.047
p:1.382, 0.583, 0.25, fr=1.112
p:0.314, -0.36, -1.305
p:1.885, 0.429, -1.511, fr=0.566
p:1.511, -0.975, 0.532, fr=0.096
j:2, 3, stif=0.944
j:1, 3
j:6, 2, stif=0.838
j:4, 1, stif=0.81
j:5, 4, stif=0.985
j:0, 2, stif=0.943
j:1, 5
n:j=1, d=|:p=0.197
n:p=2, d=Gpart:ry=-1.322
n:j=0, d=@:p=0.987
n:
c:2, 1, -8.691
c:3, 3, -0.042
",0.0046812063918847,feasible,21
36,0,54,"//0
p:fr=0.472
p:1.008, 0.373, -0.184
p:1.493, -0.721, 0.349, fr=0.047
p:1.382, 0.583, 0.25, fr=1.112
p:0.314, -0.36, -1.305
p:1.885, 0.429, -1.511, fr=0.566
p:1.511, -0.975, 0.532, fr=0.096
j:2, 3, stif=0.944
j:1, 3
j:6, 2, stif=0.838
j:4, 1, stif=0.81
j:5, 4, stif=0.985
j:0, 2, stif=0.943
j:1, 5
n:j=1, d=|:p=0.197
n:p=2, d=Gpart:ry=-1.322
n:j=0, d=@:p=0.987
c:2, 1, -8.691
",0.0046812063918847,"//0
p:fr=0.472
p:1.008, 0.373, -0.184
p:1.493, -0.721, 0.349, fr=0.047
p:1.382, 0.583, 0.25, fr=1.112
p:0.45981033595499343, -0.434915084889157, -1.0812292505018186
p:1.8093373059913667, 0.14496143746491608, -1.097687476311128, fr=0.566
p:1.511, -0.975, 0.532, fr=0.096
j:2, 3, stif=0.944
j:6, 3
j:1, 2, stif=0.838
j:4, 6, stif=0.81
j:5, 4, stif=0.985
j:0, 2, stif=0.943
j:6, 5
n:j=1, d=|:p=0.197
n:p=2, d=Gpart:ry=-1.322
n:j=0, d=@:p=0.987
c:2, 1, -8.691
",7.362600708165556e-05,feasible,21
36,0,54,"//0
p:fr=0.472
p:1.008, 0.373, -0.184
p:1.493, -0.721, 0.349, fr=0.047
p:1.382, 0.583, 0.25, fr=1.112
p:0.314, -0.36, -1.305
p:1.885, 0.429, -1.511, fr=0.566
p:1.511, -0.975, 0.532, fr=0.096
j:2, 3, stif=0.944
j:1, 3
j:6, 2, stif=0.838
j:4, 1, stif=0.81
j:5, 4, stif=0.985
j:0, 2, stif=0.943
j:1, 5
n:j=1, d=|:p=0.197
n:p=2, d=Gpart:ry=-1.322
n:j=0, d=@:p=0.987
c:2, 1, -8.691
",0.0046812063918847,"//0
p:fr=0.472
p:1.008, 0.373, -0.184
p:1.493, -0.721, 0.349, fr=0.047
p:1.382, 0.583, 0.25, fr=1.112
p:0.314, -0.36, -1.305
p:1.885, 0.429, -1.511, fr=0.566
p:1.511, -0.975, 0.532, fr=0.096
j:2, 3, stif=0.944
j:1, 3
j:6, 2, stif=0.838
j:4, 1, stif=0.81
j:5, 4, stif=0.985
j:0, 2, stif=0.857
j:1, 5
n:j=1, d=|:p=0.197
n:p=2, d=Gpart:ry=-1.322
n:j=0, d=@:p=0.987
c:2, 1, -8.691
",0.004574658575783946,feasible,21
36,0,54,"//0
p:fr=0.472
p:1.008, 0.373, -0.184
p:1.493, -0.721, 0.349, fr=0.047
p:1.382, 0.583, 0.25, fr=1.112
p:0.314, -0.36, -1.305
p:1.885, 0.429, -1.511, fr=0.566
p:1.511, -0.975, 0.532, fr=0.096
j:2, 3, stif=0.944
j:1, 3
j:6, 2, stif=0.838
j:4, 1, stif=0.81
j:5, 4, stif=0.985
j:0, 2, stif=0.943
j:1, 5
n:j=1, d=|:p=0.197
n:p=2, d=Gpart:ry=-1.322
n:j=0, d=@:p=0.987
c:2, 1, -8.691
",0.0046812063918847,"//0
p:fr=0.472
p:1.008, 0.373, -0.184, fr=0.296
p:1.493, -0.721, 0.349, fr=0.047
p:1.382, 0.583, 0.25, fr=1.112
p:0.314, -0.36, -1.305
p:1.885, 0.429, -1.511, fr=0.566
p:1.511, -0.975, 0.532, fr=0.096
j:2, 3, stif=0.944
j:1, 3
j:6, 2, stif=0.838
j:4, 1, stif=0.81
j:5, 4, stif=0.985
j:0, 2, stif=0.943
j:1, 5
n:j=1, d=|:p=0.197
n:p=2, d=Gpart:ry=-1.322
n:j=0, d=@:p=0.987
c:2, 1, -8.691
",0.0046812063918847,feasible,21
36,0,54,"//0
p:fr=0.472
p:1.008, 0.373, -0.184
p:1.493, -0.721, 0.349, fr=0.047
p:1.382, 0.583, 0.25, fr=1.112
p:0.314, -0.36, -1.305
p:1.885, 0.429, -1.511, fr=0.566
p:1.511, -0.975, 0.532, fr=0.096
j:2, 3, stif=0.944
j:1, 3
j:6, 2, stif=0.838
j:4, 1, stif=0.81
j:5, 4, stif=0.985
j:0, 2, stif=0.943
j:1, 5
n:j=1, d=|:p=0.197
n:p=2, d=Gpart:ry=-1.322
n:j=0, d=@:p=0.987
c:2, 1, -8.691
",0.0046812063918847,"//0
p:fr=0.472
p:1.008, 0.373, -0.184
p:1.493, -0.721, 0.349, fr=0.047
p:1.382, 0.583, 0.25, fr=1.112
p:0.314, -0.36, -1.305
p:1.885, 0.429, -1.511, fr=1.37
p:1.511, -0.975, 0.532, fr=0.096
j:2, 3, stif=0.944
j:1, 3
j:6, 2, stif=0.838
j:4, 1, stif=0.81
j:5, 4, stif=0.985
j:0, 2, stif=0.943
j:1, 5
n:j=1, d=|:p=0.197
n:p=2, d=Gpart:ry=-1.322
n:j=0, d=@:p=0.987
c:2, 1, -8.691
",0.004692208423521563,feasible,21
36,0,54,"//0
p:fr=0.472
p:1.008, 0.373, -0.184
p:1.493, -0.721, 0.349, fr=0.047
p:1.382, 0.583, 0.25, fr=1.112
p:0.314, -0.36, -1.305
p:1.885, 0.429, -1.511, fr=0.566
p:1.511, -0.975, 0.532, fr=0.096
j:2, 3, stif=0.944
j:1, 3
j:6, 2, stif=0.838
j:4, 1, stif=0.81
j:5, 4, stif=0.985
j:0, 2, stif=0.943
j:1, 5
n:j=1, d=|:p=0.197
n:p=2, d=Gpart:ry=-1.322
n:j=0, d=@:p=0.987
c:2, 1, -8.691
",0.0046812063918847,"//0
p:fr=0.472
p:1.008, 0.373, -0.184
p:1.493, -0.721, 0.349, fr=0.047
p:1.382, 0.583, 0.25, fr=1.112, ing=0.317
p:0.314, -0.36, -1.305
p:1.885, 0.429, -1.511, fr=0.566
p:1.511, -0.975, 0.532, fr=0.096
j:2, 3, stif=0.944
j:1, 3
j:6, 2, stif=0.838
j:4, 1, stif=0.81
j:5, 4, stif=0.985
j:0, 2, stif=0.943
j:1, 5
n:j=1, d=|:p=0.197
n:p=2, d=Gpart:ry=-1.322
n:j=0, d=@:p=0.987
c:2, 1, -8.691
",0.0046812063918847,feasible,21
36,0,54,"//0
p:fr=0.472
p:1.008, 0.373, -0.184
p:1.493, -0.721, 0.349, fr=0.047
p:1.382, 0.583, 0.25, fr=1.112
p:0.314, -0.36, -1.305
p:1.885, 0.429, -1.511, fr=0.566
p:1.511, -0.975, 0.532, fr=0.096
j:2, 3, stif=0.944
j:1, 3
j:6, 2, stif=0.838
j:4, 1, stif=0.81
j:5, 4, stif=0.985
j:0, 2, stif=0.943
j:1, 5
n:j=1, d=|:p=0.197
n:p=2, d=Gpart:ry=-1.322
n:j=0, d=@:p=0.987
c:2, 1, -8.691
",0.0046812063918847,"//0
p:fr=0.472
p:1.008, 0.373, -0.184
p:1.493, -0.721, 0.349, fr=0.047, ing=0.196
p:1.382, 0.583, 0.25, fr=1.112
p:0.314, -0.36, -1.305
p:1.885, 0.429, -1.511, fr=0.566
p:1.511, -0.975, 0.532, fr=0.096
j:2, 3, stif=0.944
j:1, 3
j:6, 2, stif=0.838
j:4, 1, stif=0.81
j:5, 4, stif=0.985
j:0, 2, stif=0.943
j:1, 5
n:j=1, d=|:p=0.197
n:p=2, d=Gpart:ry=-1.322
n:j=0, d=@:p=0.987
c:2, 1, -8.691
",0.0046812063918847,feasible,21
36,0,54,"//0
p:fr=0.472
p:1.008, 0.373, -0.184
p:1.493, -0.721, 0.349, fr=0.047
p:1.382, 0.583, 0.25, fr=1.112
p:0.314, -0.36, -1.305
p:1.885, 0.429, -1.511, fr=0.566
p:1.511, -0.975, 0.532, fr=0.096
j:2, 3, stif=0.944
j:1, 3
j:6, 2, stif=0.838
j:4, 1, stif=0.81
j:5, 4, stif=0.985
j:0, 2, stif=0.943
j:1, 5
n:j=1, d=|:p=0.197
n:p=2, d=Gpart:ry=-1.322
n:j=0, d=@:p=0.987
c:2, 1, -8.691
",0.0046812063918847,"//0
p:fr=0.472
p:1.008, 0.373, -0.184
p:1.493, -0.721, 0.349, fr=0.047
p:1.382, 0.583, 0.25, fr=1.112
p:0.31839956188732765, -0.34891103427591674, -1.9167711142402757
p:1.885, 0.429, -1.511, fr=0.566
p:1.511, -0.975, 0.532, fr=0.096
j:2, 3, stif=0.944
j:1, 3
j:6, 2, stif=0.838
j:4, 1, stif=0.81
j:5, 4, stif=0.985
j:0, 2, stif=0.943
j:1, 5
n:j=1, d=|:p=0.197
n:p=2, d=Gpart:ry=-1.322
n:j=0, d=@:p=0.987
c:2, 1, -8.691
",0.00020923666760823306,feasible,21
36,0,54,"//0
p:fr=0.472
p:1.008, 0.373, -0.184
p:1.493, -0.721, 0.349, fr=0.047
p:1.382, 0.583, 0.25, fr=1.112
p:0.314, -0.36, -1.305
p:1.885, 0.429, -1.511, fr=0.566
p:1.511, -0.975, 0.532, fr=0.096
j:2, 3, stif=0.944
j:1, 3
j:6, 2, stif=0.838
j:4, 1, stif=0.81
j:5, 4, stif=0.985
j:0, 2, stif=0.943
j:1, 5
n:j=1, d=|:p=0.197
n:p=2, d=Gpart:ry=-1.322
n:j=0, d=@:p=0.987
c:2, 1, -8.691
",0.0046812063918847,"//0
p:fr=0.472
p:1.008, 0.373, -0.184
p:1.493, -0.721, 0.349, fr=0.047
p:1.382, 0.583, 0.25, fr=1.112
p:0.314, -0.36, -1.305
p:1.885, 0.429, -1.511, fr=0.566
p:1.511, -0.975, 0.532, fr=0.096
j:2, 3, stif=0.944
j:1, 3
j:6, 2, stif=0.838
j:4, 1, stif=0.928
j:5, 4, stif=0.985
j:0, 2, stif=0.943
j:1, 5
n:j=1, d=|:p=0.197
n:p=2, d=Gpart:ry=-1.322
n:j=0, d=@:p=0.987
c:2, 1, -8.691
",0.004613880261171665,feasible,21
36,0,54,"//0
p:fr=0.472
p:1.008, 0.373, -0.184
p:1.493, -0.721, 0.349, fr=0.047
p:1.382, 0.583, 0.25, fr=1.112
p:0.314, -0.36, -1.305
p:1.885, 0.429, -1.511, fr=0.566
p:1.511, -0.975, 0.532, fr=0.096
j:2, 3, stif=0.944
j:1, 3
j:6, 2, stif=0.838
j:4, 1, stif=0.81
j:5, 4, stif=0.985
j:0, 2, stif=0.943
j:1, 5
n:j=1, d=|:p=0.197
n:p=2, d=Gpart:ry=-1.322
n:j=0, d=@:p=0.987
c:2, 1, -8.691
",0.0046812063918847,"//0
p:fr=0.472
p:1.008, 0.373, -0.184
p:1.493, -0.721, 0.349, fr=0.047
p:1.382, 0.583, 0.25, fr=1.112
p:0.314, -0.36, -1.305
p:1.845854319323259, 0.31415935515752, -1.3252577396460758, fr=0.566
p:1.511, -0.975, 0.532, fr=0.096
j:2, 3, stif=0.944
j:1, 3
j:6, 2, stif=0.838
j:4, 1, stif=0.81
j:0, 4, stif=0.985
j:5, 2, stif=0.943
j:1, 0
n:j=1, d=|:p=0.197
n:p=2, d=Gpart:ry=-1.322
n:j=0, d=@:p=0.987
c:2, 1, -8.691
",0.00016027460254146368,feasible,21
36,0,55,"//0
p:fr=0.472
p:1.008, 0.373, -0.184
p:1.493, -0.721, 0.349, fr=0.034
p:1.382, 0.583, 0.25, fr=1.112
p:0.314, -0.36, -1.305
p:1.885, 0.429, -1.511, fr=0.566
p:1.511, -0.975, 0.532, fr=0.096
j:2, 3, stif=0.944
j:1, 3
j:6, 2, stif=0.838
j:4, 1, stif=0.81
j:5, 4, stif=0.985
j:0, 2, stif=0.943
j:1, 5
n:j=1, d=|:p=0.197
n:p=2, d=Gpart:ry=-1.322
n:j=0, d=@:p=0.987
c:2, 1, -8.691
",0.004736245225764663,"//0
p:fr=0.472
p:1.008, 0.373, -0.184
p:1.493, -0.721, 0.349, fr=0.034
p:1.382, 0.583, 0.25, fr=1.112
p:0.314, -0.36, -1.305
p:1.885, 0.429, -1.511, fr=0.566
p:1.511, -0.975, 0.532, fr=0.096
j:2, 3, stif=0.944
j:1, 3
j:6, 2, stif=0.838
j:4, 1, stif=0.81
j:5, 4, stif=0.985
j:0, 2, stif=0.943
n:j=1, d=|:p=0.197
n:p=2, d=Gpart:ry=-1.322
n:j=0, d=@:p=0.987
c:2, 1, -8.691
",0.0008095033044473972,feasible,20
36,0,55,"//0
p:fr=0.472
p:1.008, 0.373, -0.184
p:1.493, -0.721, 0.349, fr=0.034
p:1.382, 0.583, 0.25, fr=1.112
p:0.314, -0.36, -1.305
p:1.885, 0.429, -1.511, fr=0.566
p:1.511, -0.975, 0.532, fr=0.096
j:2, 3, stif=0.944
j:1, 3
j:6, 2, stif=0.838
j:4, 1, stif=0.81
j:5, 4, stif=0.985
j:0, 2, stif=0.943
j:1, 5
n:j=1, d=|:p=0.197
n:p=2, d=Gpart:ry=-1.322
n:j=0, d=@:p=0.987
c:2, 1, -8.691
",0.004736245225764663,"//0
p:fr=0.472
p:1.008, 0.373, -0.184
p:1.493, -0.721, 0.349, fr=0.034
p:1.382, 0.583, 0.25, fr=1.112
p:0.314, -0.36, -1.305
p:1.885, 0.429, -1.511, fr=0.566
p:1.511, -0.975, 0.532, fr=0.096
j:2, 3, stif=0.944
j:1, 3
j:6, 2, stif=0.838
j:4, 1, stif=0.81
j:5, 4, stif=0.985
j:0, 2, stif=0.943
j:1, 5
n:j=1, d=|:p=0.185
n:p=2, d=Gpart:ry=-1.322
n:j=0, d=@:p=0.987
c:2, 1, -8.691
",0.004704600664133916,feasible,20
36,0,55,"//0
p:fr=0.472
p:1.008, 0.373, -0.184
p:1.493, -0.721, 0.349, fr=0.034
p:1.382, 0.583, 0.25, fr=1.112
p:0.314, -0.36, -1.305
p:1.885, 0.429, -1.511, fr=0.566
p:1.511, -0.975, 0.532, fr=0.096
j:2, 3, stif=0.944
j:1, 3
j:6, 2, stif=0.838
j:4, 1, stif=0.81
j:5, 4, stif=0.985
j:0, 2, stif=0.943
j:1, 5
n:j=1, d=|:p=0.197
n:p=2, d=Gpart:ry=-1.322
n:j=0, d=@:p=0.987
c:2, 1, -8.691
",0.004736245225764663,"//0
p:0.040102916643942166, 0.3195410270895439, -0.5485324373630721, fr=0.472
p:1.008, 0.373, -0.184
p:1.493, -0.721, 0.349, fr=0.034
p:1.382, 0.583, 0.25, fr=1.112
p:0.314, -0.36, -1.305
p:1.885, 0.429, -1.511, fr=0.566
p:1.511, -0.975, 0.532, fr=0.096
j:2, 3, stif=0.944
j:1, 3
j:6, 2, stif=0.838
j:4, 1, stif=0.81
j:5, 4, stif=0.985
j:0, 2, stif=0.943
j:1, 5
n:j=1, d=|:p=0.197
n:p=2, d=Gpart:ry=-1.322
n:j=0, d=@:p=0.987
c:2, 1, -8.691
",3.831500246037591e-05,feasible,20
36,0,55,"//0
p:fr=0.472
p:1.008, 0.373, -0.184
p:1.493, -0.721, 0.349, fr=0.034
p:1.382, 0.583, 0.25, fr=1.112
p:0.314, -0.36, -1.305
p:1.885, 0.429, -1.511, fr=0.566
p:1.511, -0.975, 0.532, fr=0.096
j:2, 3, stif=0.944
j:1, 3
j:6, 2, stif=0.838
j:4, 1, stif=0.81
j:5, 4, stif=0.985
j:0, 2, stif=0.943
j:1, 5
n:j=1, d=|:p=0.197
n:p=2, d=Gpart:ry=-1.322
n:j=0, d=@:p=0.987
c:2, 1, -8.691
",0.004736245225764663,"//0
p:fr=0.472
p:1.008, 0.373, -0.184
p:1.493, -0.721, 0.349, fr=0.034
p:1.382, 0.583, 0.25, fr=1.112
p:0.314, -0.36, -1.305
p:1.885, 0.429, -1.511, fr=0.566
p:1.511, -0.975, 0.532, fr=0.096
j:2, 3, stif=0.944
j:1, 3, stif=0.899
j:6, 2, stif=0.838
j:4, 1, stif=0.81
j:5, 4, stif=0.985
j:0, 2, stif=0.943
j:1, 5
n:j=1, d=|:p=0.197
n:p=2, d=Gpart:ry=-1.322
n:j=0, d=@:p=0.987
c:2, 1, -8.691
",0.004591064474258336,feasible,20
36,0,55,"//0
p:fr=0.472
p:1.008, 0.373, -0.184
p:1.493, -0.721, 0.349, fr=0.034
p:1.382, 0.583, 0.25, fr=1.112
p:0.314, -0.36, -1.305
p:1.885, 0.429, -1.511, fr=0.566
p:1.511, -0.975, 0.532, fr=0.096
j:2, 3, stif=0.944
j:1, 3
j:6, 2, stif=0.838
j:4, 1, stif=0.81
j:5, 4, stif=0.985
j:0, 2, stif=0.943
j:1, 5
n:j=1, d=|:p=0.197
n:p=2, d=Gpart:ry=-1.322
n:j=0, d=@:p=0.987
c:2, 1, -8.691
",0.004736245225764663,"//0
p:fr=0.472
p:1.008, 0.373, -0.184
p:1.493, -0.721, 0.349, fr=0.034
p:1.382, 0.583, 0.25, fr=1.112
p:0.314, -0.36, -1.305
p:1.885, 0.429, -1.511, fr=0.566
p:1.511, -0.975, 0.532, fr=0.096
j:3, 2, stif=0.944
j:1, 2
j:6, 3, stif=0.838
j:4, 1, stif=0.81
j:5, 4, stif=0.985
j:0, 3, stif=0.943
j:1, 5
n:j=1, d=|:p=0.197
n:p=2, d=Gpart:ry=-1.322
n:j=0, d=@:p=0.987
c:2, 1, -8.691
",0.00013568640069599628,feasible,20
36,0,55,"//0
p:fr=0.472
p:1.008, 0.373, -0.184
p:1.493, -0.721, 0.349, fr=0.034
p:1.382, 0.583, 0.25, fr=1.112
p:0.314, -0.36, -1.305
p:1.885, 0.429, -1.511, fr=0.566
p:1.511, -0.975, 0.532, fr=0.096
j:2, 3, stif=0.944
j:1, 3
j:6, 2, stif=0.838
j:4, 1, stif=0.81
j:5, 4, stif=0.985
j:0, 2, stif=0.943
j:1, 5
n:j=1, d=|:p=0.197
n:p=2, d=Gpart:ry=-1.322
n:j=0, d=@:p=0.987
c:2, 1, -8.691
",0.004736245225764663,"//0
p:fr=0.472
p:1.008, 0.373, -0.184
p:1.493, -0.721, 0.349, fr=0.034
p:1.382, 0.583, 0.25, fr=1.112
p:0.314, -0.36, -1.305
p:1.885, 0.429, -1.511, fr=0.566
p:1.511, -0.975, 0.532, fr=0.096
j:2, 3, stif=0.944
j:1, 3
j:6, 2, stif=0.838
j:4, 1, stif=0.81
j:5, 4, stif=0.985
j:0, 2, stif=0.943
j:1, 5
n:j=1, d=|:p=0.197
n:p=2, d=Gpart:ry=-1.322
n:j=0, d=@:p=0.987
c:2, 1, -9.648
",0.004711442438562656,feasible,20
36,0,55,"//0
p:fr=0.472
p:1.008, 0.373, -0.184
p:1.493, -0.721, 0.349, fr=0.034
p:1.382, 0.583, 0.25, fr=1.112
p:0.314, -0.36, -1.305
p:1.885, 0.429, -1.511, fr=0.566
p:1.511, -0.975, 0.532, fr=0.096
j:2, 3, stif=0.944
j:1, 3
j:6, 2, stif=0.838
j:4, 1, stif=0.81
j:5, 4, stif=0.985
j:0, 2, stif=0.943
j:1, 5
n:j=1, d=|:p=0.197
n:p=2, d=Gpart:ry=-1.322
n:j=0, d=@:p=0.987
c:2, 1, -8.691
",0.004736245225764663,"//0
p:fr=0.472
p:1.008, 0.373, -0.184
p:1.493, -0.721, 0.349, fr=0.034
p:1.382, 0.583, 0.25, fr=1.112
p:0.259, -0.11, -1.07
p:1.885, 0.429, -1.511, fr=0.566
p:1.511, -0.975, 0.532, fr=0.096
j:2, 3, stif=0.944
j:1, 3
j:6, 2, stif=0.838
j:4, 1, stif=0.81
j:5, 4, stif=0.985
j:0, 2, stif=0.943
j:1, 5
n:j=1, d=|:p=0.197
n:p=2, d=Gpart:ry=-1.322
n:j=0, d=@:p=0.987
c:2, 1, -8.691
",0.00399017065134338,feasible,20
36,0,55,"//0
p:fr=0.472
p:1.008, 0.373, -0.184
p:1.493, -0.721, 0.349, fr=0.034
p:1.382, 0.583, 0.25, fr=1.112
p:0.314, -0.36, -1.305
p:1.885, 0.429, -1.511, fr=0.566
p:1.511, -0.975, 0.532, fr=0.096
j:2, 3, stif=0.944
j:1, 3
j:6, 2, stif=0.838
j:4, 1, stif=0.81
j:5, 4, stif=0.985
j:0, 2, stif=0.943
j:1, 5
n:j=1, d=|:p=0.197
n:p=2, d=Gpart:ry=-1.322
n:j=0, d=@:p=0.987
c:2, 1, -8.691
",0.004736245225764663,"//0
p:fr=0.472
p:1.008, 0.373, -0.184
p:1.493, -0.721, 0.349, fr=0.034
p:1.382, 0.583, 0.25, fr=1.112
p:0.314, -0.36, -1.305
p:1.885, 0.429, -1.511, fr=0.566
p:1.519, -0.979, -0.173, fr=0.096
j:2, 3, stif=0.944
j:1, 3
j:6, 2, stif=0.838
j:4, 1, stif=0.81
j:5, 4, stif=0.985
j:0, 2, stif=0.943
j:1, 5
n:j=1, d=|:p=0.197
n:p=2, d=Gpart:ry=-1.322
n:j=0, d=@:p=0.987
c:2, 1, -8.691
",3.909578945732077e-05,feasible,20
36,0,55,"//0
p:fr=0.472
p:1.008, 0.373, -0.184
p:1.493, -0.721, 0.349, fr=0.034
p:1.382, 0.583, 0.25, fr=1.112
p:0.314, -0.36, -1.305
p:1.885, 0.429, -1.511, fr=0.566
p:1.511, -0.975, 0.532, fr=0.096
j:2, 3, stif=0.944
j:1, 3
j:6, 2, stif=0.838
j:4, 1, stif=0.81
j:5, 4, stif=0.985
j:0, 2, stif=0.943
j:1, 5
n:j=1, d=|:p=0.197
n:p=2, d=Gpart:ry=-1.322
n:j=0, d=@:p=0.987
c:2, 1, -8.691
",0.004736245225764663,"//0
p:fr=0.472
p:1.008, 0.373, -0.184
p:1.493, -0.721, 0.349, fr=0.034
p:1.382, 0.583, 0.25, fr=1.112
p:0.314, -0.36, -1.305
p:1.885, 0.429, -1.511, fr=0.566
p:1.511, -0.975, 0.532, fr=0.096
j:2, 3, stif=0.944
j:1, 3
j:6, 2, stif=0.838
j:4, 1, stif=0.81
j:5, 4, stif=0.985
j:0, 2, stif=0.943
j:1, 5, stif=0.836
n:j=1, d=|:p=0.197
n:p=2, d=Gpart:ry=-1.322
n:j=0, d=@:p=0.987
c:2, 1, -8.691
",0.0033714645840170073,feasible,20
36,0,55,"//0
p:fr=0.472
p:1.008, 0.373, -0.184
p:1.493, -0.721, 0.349, fr=0.034
p:1.382, 0.583, 0.25, fr=1.112
p:0.314, -0.36, -1.305
p:1.885, 0.429, -1.511, fr=0.566
p:1.511, -0.975, 0.532, fr=0.096
j:2, 3, stif=0.944
j:1, 3
j:6, 2, stif=0.838
j:4, 1, stif=0.81
j:5, 4, stif=0.985
j:0, 2, stif=0.943
j:1, 5
n:j=1, d=|:p=0.197
n:p=2, d=Gpart:ry=-1.322
n:j=0, d=@:p=0.987
c:2, 1, -8.691
",0.004736245225764663,"//0
p:fr=0.472
p:1.008, 0.373, -0.184
p:1.493, -0.721, 0.349, fr=0.034
p:1.382, 0.583, 0.25, fr=1.112
p:0.314, -0.36, -1.305
p:1.885, 0.429, -1.511, fr=0.566
p:1.511, -0.975, 0.532, fr=0.096
j:2, 3, stif=0.944
j:1, 3
j:6, 2, stif=0.838
j:4, 1, stif=0.81
j:5, 4, stif=0.985
j:0, 2, stif=0.943
j:1, 5
n:j=1, d=|:p=0.197
n:p=2, d=Gpart:ry=-1.322
n:j=0, d=@:p=0.958
c:2, 1, -8.691
",0.00466900557738247,feasible,20
36,0,55,"//0
p:fr=0.472
p:1.008, 0.373, -0.184
p:1.493, -0.721, 0.349, fr=0.034
p:1.382, 0.583, 0.25, fr=1.112
p:0.314, -0.36, -1.305
p:1.885, 0.429, -1.511, fr=0.566
p:1.511, -0.975, 0.532, fr=0.096
j:2, 3, stif=0.944
j:1, 3
j:6, 2, stif=0.838
j:4, 1, stif=0.81
j:5, 4, stif=0.985
j:0, 2, stif=0.943
j:1, 5
n:j=1, d=|:p=0.197
n:p=2, d=Gpart:ry=-1.322
n:j=0, d=@:p=0.987
c:2, 1, -8.691
",0.004736245225764663,"//0
p:fr=0.472
p:1.008, 0.373, -0.184
p:1.493, -0.721, 0.349, fr=0.034
p:1.382, 0.583, 0.25, fr=1.112
p:0.314, -0.36, -1.305
p:1.885, 0.429, -1.511, fr=0.566
p:1.511, -0.975, 0.532, fr=0.096
j:2, 3, stif=0.944
j:1, 3
j:6, 2, stif=0.838
j:4, 1, stif=0.81
j:5, 4, stif=0.985
j:0, 2, stif=0.943
j:1, 5
n:j=1, d=|:p=0.197
n:p=2, d=Gpart:ry=-1.322
",8.784232285568194e-07,feasible,20
36,0,55,"//0
p:fr=0.472
p:1.008, 0.373, -0.184
p:1.493, -0.721, 0.349, fr=0.034
p:1.382, 0.583, 0.25, fr=1.112
p:0.314, -0.36, -1.305
p:1.885, 0.429, -1.511, fr=0.566
p:1.511, -0.975, 0.532, fr=0.096
j:2, 3, stif=0.944
j:1, 3
j:6, 2, stif=0.838
j:4, 1, stif=0.81
j:5, 4, stif=0.985
j:0, 2, stif=0.943
j:1, 5
n:j=1, d=|:p=0.197
n:p=2, d=Gpart:ry=-1.322
n:j=0, d=@:p=0.987
c:2, 1, -8.691
",0.004736245225764663,"//0
p:fr=0.472
p:1.008, 0.373, -0.184
p:1.493, -0.721, 0.349, fr=0.034
p:1.382, 0.583, 0.25, fr=1.112
p:0.3501332970791162, -0.3710637152210016, -1.25430918289325
p:1.885, 0.429, -1.511, fr=0.566
p:1.511, -0.975, 0.532, fr=0.096
j:2, 3, stif=0.944
j:1, 3
j:6, 2, stif=0.838
j:4, 1, stif=0.81
j:5, 4, stif=0.985
j:0, 2, stif=0.943
j:1, 5
j:4, 2
n:j=1, d=|:p=0.197
n:p=2, d=Gpart:ry=-1.322
n:j=0, d=@:p=0.987
c:2, 1, -8.691
",1.1284605959049573e-06,feasible,20
36,0,55,"//0
p:fr=0.472
p:1.008, 0.373, -0.184
p:1.493, -0.721, 0.349, fr=0.034
p:1.382, 0.583, 0.25, fr=1.112
p:0.314, -0.36, -1.305
p:1.885, 0.429, -1.511, fr=0.566
p:1.511, -0.975, 0.532, fr=0.096
j:2, 3, stif=0.944
j:1, 3
j:6, 2, stif=0.838
j:4, 1, stif=0.81
j:5, 4, stif=0.985
j:0, 2, stif=0.943
j:1, 5
n:j=1, d=|:p=0.197
n:p=2, d=Gpart:ry=-1.322
n:j=0, d=@:p=0.987
c:2, 1, -8.691
",0.004736245225764663,"//0
p:fr=0.472
p:1.008, 0.373, -0.184
p:1.493, -0.721, 0.349, fr=0.034
p:1.382, 0.583, 0.25, fr=1.112
p:0.314, -0.36, -1.305
p:1.885, 0.429, -1.511, fr=0.566
p:1.511, -0.975, 0.532, fr=0.096
j:2, 3, stif=0.944
j:1, 3
j:6, 2, stif=0.838
j:4, 1, stif=0.81
j:5, 4, stif=0.985
j:0, 2, stif=0.943
j:1, 5
n:j=1, d=|:p=0.197
n:p=2, d=Gpart:ry=-1.322
n:j=0, d=@:p=0.987
n:
c:2, 1, -8.691
c:3, 3, 1.745
",0.004736245225764663,feasible,20
36,0,55,"//0
p:fr=0.472
p:1.008, 0.373, -0.184
p:1.493, -0.721, 0.349, fr=0.034
p:1.382, 0.583, 0.25, fr=1.112
p:0.314, -0.36, -1.305
p:1.885, 0.429, -1.511, fr=0.566
p:1.511, -0.975, 0.532, fr=0.096
j:2, 3, stif=0.944
j:1, 3
j:6, 2, stif=0.838
j:4, 1, stif=0.81
j:5, 4, stif=0.985
j:0, 2, stif=0.943
j:1, 5
n:j=1, d=|:p=0.197
n:p=2, d=Gpart:ry=-1.322
n:j=0, d=@:p=0.987
c:2, 1, -8.691
",0.004736245225764663,"//0
p:fr=0.472
p:1.008, 0.373, -0.184
p:1.493, -0.721, 0.349, fr=0.034, ing=0.468
p:1.382, 0.583, 0.25, fr=1.112
p:0.314, -0.36, -1.305
p:1.885, 0.429, -1.511, fr=0.566
p:1.511, -0.975, 0.532, fr=0.096
j:2, 3, stif=0.944
j:1, 3
j:6, 2, stif=0.838
j:4, 1, stif=0.81
j:5, 4, stif=0.985
j:0, 2, stif=0.943
j:1, 5
n:j=1, d=|:p=0.197
n:p=2, d=Gpart:ry=-1.322
n:j=0, d=@:p=0.987
c:2, 1, -8.691
",0.004736245225764663,feasible,20
36,0,55,"//0
p:fr=0.472
p:1.008, 0.373, -0.184
p:1.493, -0.721, 0.349, fr=0.034
p:1.382, 0.583, 0.25, fr=1.112
p:0.314, -0.36, -1.305
p:1.885, 0.429, -1.511, fr=0.566
p:1.511, -0.975, 0.532, fr=0.096
j:2, 3, stif=0.944
j:1, 3
j:6, 2, stif=0.838
j:4, 1, stif=0.81
j:5, 4, stif=0.985
j:0, 2, stif=0.943
j:1, 5
n:j=1, d=|:p=0.197
n:p=2, d=Gpart:ry=-1.322
n:j=0, d=@:p=0.987
c:2, 1, -8.691
",0.004736245225764663,"//0
p:fr=0.472
p:1.008, 0.373, -0.184
p:1.493, -0.721, 0.349, fr=0.034
p:1.382, 0.583, 0.25, fr=1.112
p:0.314, -0.36, -1.305
p:1.885, 0.429, -1.511, fr=0.566
p:1.511, -0.975, 0.532, fr=0.096
j:2, 3, stif=0.944
j:1, 3
j:6, 2, stif=0.838
j:4, 1, stif=0.81
j:5, 4, stif=0.985
j:0, 2, stif=0.943
j:1, 5
n:j=1, d=|:p=0.197
n:p=2, d=Gpart:ry=-1.322
n:j=0, d=@:p=0.987
c:2, 1, -7.142
",0.004560438150699447,feasible,20
36,0,55,"//0
p:fr=0.472
p:1.008, 0.373, -0.184
p:1.493, -0.721, 0.349, fr=0.034
p:1.382, 0.583, 0.25, fr=1.112
p:0.314, -0.36, -1.305
p:1.885, 0.429, -1.511, fr=0.566
p:1.511, -0.975, 0.532, fr=0.096
j:2, 3, stif=0.944
j:1, 3
j:6, 2, stif=0.838
j:4, 1, stif=0.81
j:5, 4, stif=0.985
j:0, 2, stif=0.943
j:1, 5
n:j=1, d=|:p=0.197
n:p=2, d=Gpart:ry=-1.322
n:j=0, d=@:p=0.987
c:2, 1, -8.691
",0.004736245225764663,"//0
p:fr=0.472
p:1.008, 0.373, -0.184
p:1.493, -0.721, 0.349, fr=0.034
p:1.382, 0.583, 0.25, fr=1.112
p:0.314, -0.36, -1.305
p:1.885, 0.429, -1.511, fr=0.566
p:1.511, -0.975, 0.532, fr=0.096
j:2, 3, stif=0.944
j:1, 3
j:6, 2, stif=0.838
j:4, 1, stif=0.81
j:5, 4, stif=0.985
j:0, 2, stif=0.943
j:1, 5
n:j=1, d=|:p=0.197
n:p=2, d=Gpart:ry=-1.322
n:j=0, d=@:p=0.987
c:2, 1, -8.216
",0.004711987005550869,feasible,20
36,0,55,"//0
p:fr=0.472
p:1.008, 0.373, -0.184
p:1.493, -0.721, 0.349, fr=0.034
p:1.382, 0.583, 0.25, fr=1.112
p:0.314, -0.36, -1.305
p:1.885, 0.429, -1.511, fr=0.566
p:1.511, -0.975, 0.532, fr=0.096
j:2, 3, stif=0.944
j:1, 3
j:6, 2, stif=0.838
j:4, 1, stif=0.81
j:5, 4, stif=0.985
j:0, 2, stif=0.943
j:1, 5
n:j=1, d=|:p=0.197
n:p=2, d=Gpart:ry=-1.322
n:j=0, d=@:p=0.987
c:2, 1, -8.691
",0.004736245225764663,"//0
p:fr=0.472
p:0.854, 0.555, -0.133
p:1.493, -0.721, 0.349, fr=0.034
p:1.382, 0.583, 0.25, fr=1.112
p:0.314, -0.36, -1.305
p:1.885, 0.429, -1.511, fr=0.566
p:1.511, -0.975, 0.532, fr=0.096
j:2, 3, stif=0.944
j:1, 3
j:6, 2, stif=0.838
j:4, 1, stif=0.81
j:5, 4, stif=0.985
j:0, 2, stif=0.943
j:1, 5
n:j=1, d=|:p=0.197
n:p=2, d=Gpart:ry=-1.322
n:j=0, d=@:p=0.987
c:2, 1, -8.691
",0.004452864777082719,feasible,20
36,0,55,"//0
p:fr=0.472
p:1.008, 0.373, -0.184
p:1.493, -0.721, 0.349, fr=0.034
p:1.382, 0.583, 0.25, fr=1.112
p:0.314, -0.36, -1.305
p:1.885, 0.429, -1.511, fr=0.566
p:1.511, -0.975, 0.532, fr=0.096
j:2, 3, stif=0.944
j:1, 3
j:6, 2, stif=0.838
j:4, 1, stif=0.81
j:5, 4, stif=0.985
j:0, 2, stif=0.943
j:1, 5
n:j=1, d=|:p=0.197
n:p=2, d=Gpart:ry=-1.322
n:j=0, d=@:p=0.987
c:2, 1, -8.691
",0.004736245225764663,"//0
p:fr=0.472
p:1.008, 0.373, -0.184
p:1.493, -0.721, 0.349, fr=0.034
p:1.382, 0.583, 0.25, fr=1.112
p:0.314, -0.36, -1.305
p:1.885, 0.429, -1.511, fr=0.566
p:1.511, -0.975, 0.532, fr=0.096
j:2, 3, stif=0.944
j:1, 3
j:6, 2, stif=0.838
j:4, 1, stif=0.81
j:5, 4, stif=0.985
j:0, 2, stif=0.943
j:1, 5
n:j=1, d=|:p=0.197
n:p=2, d=Gpart:ry=-1.322
n:j=0, d=@:p=0.941
c:2, 1, -8.691
",0.004612264890990284,feasible,20
36,0,55,"//0
p:fr=0.472
p:1.008, 0.373, -0.184
p:1.493, -0.721, 0.349, fr=0.034
p:1.382, 0.583, 0.25, fr=1.112
p:0.314, -0.36, -1.305
p:1.885, 0.429, -1.511, fr=0.566
p:1.511, -0.975, 0.532, fr=0.096
j:2, 3, stif=0.944
j:1, 3
j:6, 2, stif=0.838
j:4, 1, stif=0.81
j:5, 4, stif=0.985
j:0, 2, stif=0.943
j:1, 5
n:j=1, d=|:p=0.197
n:p=2, d=Gpart:ry=-1.322
n:j=0, d=@:p=0.987
c:2, 1, -8.691
",0.004736245225764663,"//0
p:fr=0.472
p:1.008, 0.373, -0.184
p:1.493, -0.721, 0.349, fr=0.034
p:1.382, 0.583, 0.25, fr=1.112
p:0.314, -0.36, -1.305, ing=0.291
p:1.885, 0.429, -1.511, fr=0.566
p:1.511, -0.975, 0.532, fr=0.096
j:2, 3, stif=0.944
j:1, 3
j:6, 2, stif=0.838
j:4, 1, stif=0.81
j:5, 4, stif=0.985
j:0, 2, stif=0.943
j:1, 5
n:j=1, d=|:p=0.197
n:p=2, d=Gpart:ry=-1.322
n:j=0, d=@:p=0.987
c:2, 1, -8.691
",0.004736245225764663,feasible,20
36,0,55,"//0
p:fr=0.472
p:1.008, 0.373, -0.184
p:1.493, -0.721, 0.349, fr=0.034
p:1.382, 0.583, 0.25, fr=1.112
p:0.314, -0.36, -1.305
p:1.885, 0.429, -1.511, fr=0.566
p:1.511, -0.975, 0.532, fr=0.096
j:2, 3, stif=0.944
j:1, 3
j:6, 2, stif=0.838
j:4, 1, stif=0.81
j:5, 4, stif=0.985
j:0, 2, stif=0.943
j:1, 5
n:j=1, d=|:p=0.197
n:p=2, d=Gpart:ry=-1.322
n:j=0, d=@:p=0.987
c:2, 1, -8.691
",0.004736245225764663,"//0
p:fr=0.472
p:1.008, 0.373, -0.184
p:1.493, -0.721, 0.349, fr=0.034
p:1.382, 0.583, 0.25, fr=1.112
p:0.314, -0.36, -1.305
p:1.845854319323259, 0.31415935515752, -1.3252577396460758, fr=0.566
p:1.511, -0.975, 0.532, fr=0.096
j:2, 3, stif=0.944
j:1, 3
j:6, 2, stif=0.838
j:4, 1, stif=0.81
j:5, 4, stif=0.985
j:0, 2, stif=0.943
j:1, 5
j:2, 5
n:j=1, d=|:p=0.197
n:p=2, d=Gpart:ry=-1.322
n:j=0, d=@:p=0.987
c:2, 1, -8.691
",3.1613094027988e-06,feasible,20
36,0,56,"//0
p:fr=0.472
p:1.008, 0.373, -0.184
p:1.493, -0.721, 0.349, fr=0.034
p:1.382, 0.583, 0.25, fr=1.112
p:0.314, -0.36, -1.305
p:1.885, 0.429, -1.511, fr=0.566
p:1.511, -0.975, 0.532, fr=0.096
j:2, 3, stif=0.944
j:1, 3
j:6, 2, stif=0.838
j:4, 1, stif=0.81
j:5, 4, stif=0.985
j:0, 2, stif=0.943
j:1, 5
n:j=1, d=|:p=0.197
n:p=2, d=Gpart:ry=-1.322
n:j=0, d=@:p=0.987
c:2, 1, -9.358
",0.0047421453465539545,"//0
p:fr=0.472
p:1.008, 0.373, -0.184
p:1.493, -0.721, 0.349, fr=0.034
p:1.382, 0.583, 0.25, fr=1.112
p:0.314, -0.36, -1.305
p:1.885, 0.429, -1.511, fr=0.566
p:1.511, -0.975, 0.532, fr=0.096
p:1.217, 0.77, -0.469
j:2, 3, stif=0.944
j:1, 3
j:6, 2, stif=0.838
j:4, 1, stif=0.81
j:5, 4, stif=0.985
j:0, 2, stif=0.943
j:1, 5
j:7, 1
n:j=1, d=|:p=0.197
n:p=2, d=Gpart:ry=-1.322
n:j=0, d=@:p=0.987
c:2, 1, -9.358
",9.267184725568901e-05,feasible,20
36,0,56,"//0
p:fr=0.472
p:1.008, 0.373, -0.184
p:1.493, -0.721, 0.349, fr=0.034
p:1.382, 0.583, 0.25, fr=1.112
p:0.314, -0.36, -1.305
p:1.885, 0.429, -1.511, fr=0.566
p:1.511, -0.975, 0.532, fr=0.096
j:2, 3, stif=0.944
j:1, 3
j:6, 2, stif=0.838
j:4, 1, stif=0.81
j:5, 4, stif=0.985
j:0, 2, stif=0.943
j:1, 5
n:j=1, d=|:p=0.197
n:p=2, d=Gpart:ry=-1.322
n:j=0, d=@:p=0.987
c:2, 1, -9.358
",0.0047421453465539545,"//0
p:fr=0.472
p:1.008, 0.373, -0.184
p:1.493, -0.721, 0.349, fr=0.034
p:1.382, 0.583, 0.25, fr=1.112
p:1.885, 0.429, -1.511, fr=0.566
p:1.511, -0.975, 0.532, fr=0.096
j:2, 3, stif=0.944
j:1, 3
j:5, 2, stif=0.838
j:0, 2, stif=0.943
j:1, 4
n:j=1, d=|:p=0.197
n:p=2, d=Gpart:ry=-1.322
n:j=0, d=@:p=0.987
c:2, 1, -9.358
",9.713354611625787e-05,feasible,20
36,0,56,"//0
p:fr=0.472
p:1.008, 0.373, -0.184
p:1.493, -0.721, 0.349, fr=0.034
p:1.382, 0.583, 0.25, fr=1.112
p:0.314, -0.36, -1.305
p:1.885, 0.429, -1.511, fr=0.566
p:1.511, -0.975, 0.532, fr=0.096
j:2, 3, stif=0.944
j:1, 3
j:6, 2, stif=0.838
j:4, 1, stif=0.81
j:5, 4, stif=0.985
j:0, 2, stif=0.943
j:1, 5
n:j=1, d=|:p=0.197
n:p=2, d=Gpart:ry=-1.322
n:j=0, d=@:p=0.987
c:2, 1, -9.358
",0.0047421453465539545,"//0
p:fr=0.472
p:1.008, 0.373, -0.184
p:1.493, -0.721, 0.349, fr=0.034
p:1.382, 0.583, 0.25, fr=1.112
p:0.3693009395561142, -0.31117154868781316, -1.2244822462455454
p:1.885, 0.429, -1.511, fr=0.566
p:1.511, -0.975, 0.532, fr=0.096
j:2, 1, stif=0.944
j:3, 1
j:6, 2, stif=0.838
j:4, 3, stif=0.81
j:5, 4, stif=0.985
j:0, 2, stif=0.943
j:3, 5
n:j=1, d=|:p=0.197
n:p=2, d=Gpart:ry=-1.322
n:j=0, d=@:p=0.987
c:2, 1, -9.358
",0.0007247104197000367,feasible,20
36,0,56,"//0
p:fr=0.472
p:1.008, 0.373, -0.184
p:1.493, -0.721, 0.349, fr=0.034
p:1.382, 0.583, 0.25, fr=1.112
p:0.314, -0.36, -1.305
p:1.885, 0.429, -1.511, fr=0.566
p:1.511, -0.975, 0.532, fr=0.096
j:2, 3, stif=0.944
j:1, 3
j:6, 2, stif=0.838
j:4, 1, stif=0.81
j:5, 4, stif=0.985
j:0, 2, stif=0.943
j:1, 5
n:j=1, d=|:p=0.197
n:p=2, d=Gpart:ry=-1.322
n:j=0, d=@:p=0.987
c:2, 1, -9.358
",0.0047421453465539545,"//0
p:fr=0.472
p:1.008, 0.373, -0.184
p:1.493, -0.721, 0.349, fr=0.034
p:1.382, 0.583, 0.25, fr=1.112
p:0.314, -0.36, -1.305
p:1.885, 0.429, -1.511, fr=0.566
p:1.511, -0.975, 0.532, fr=0.096
j:2, 3, stif=0.944
j:1, 3
j:6, 2, stif=0.838
j:4, 1, stif=0.81
j:5, 4, stif=0.985
j:0, 2, stif=0.943
j:1, 5
n:j=1, d=|:p=0.197
n:p=2, d=Gpart:ry=-1.322
",8.784232285568194e-07,feasible,20
36,0,56,"//0
p:fr=0.472
p:1.008, 0.373, -0.184
p:1.493, -0.721, 0.349, fr=0.034
p:1.382, 0.583, 0.25, fr=1.112
p:0.314, -0.36, -1.305
p:1.885, 0.429, -1.511, fr=0.566
p:1.511, -0.975, 0.532, fr=0.096
j:2, 3, stif=0.944
j:1, 3
j:6, 2, stif=0.838
j:4, 1, stif=0.81
j:5, 4, stif=0.985
j:0, 2, stif=0.943
j:1, 5
n:j=1, d=|:p=0.197
n:p=2, d=Gpart:ry=-1.322
n:j=0, d=@:p=0.987
c:2, 1, -9.358
",0.0047421453465539545,"//0
p:fr=0.472
p:1.008, 0.373, -0.184
p:1.493, -0.721, 0.349, fr=0.034
p:1.382, 0.583, 0.25, fr=1.112
p:0.314, -0.36, -1.305
p:1.885, 0.429, -1.511, fr=0.566
p:1.511, -0.975, 0.532, fr=0.096
j:2, 3, stif=0.944
j:1, 3
j:6, 2, stif=0.838
j:4, 1, stif=0.81
j:5, 4, stif=0.985
j:0, 2, stif=0.943
j:1, 5
n:j=1, d=|:p=0.197
n:p=2, d=""Gpart:ry=-1.322, rz=-1.11""
n:j=0, d=@:p=0.987
c:2, 1, -9.358
",3.6739258170946246e-05,feasible,20
36,0,56,"//0
p:fr=0.472
p:1.008, 0.373, -0.184
p:1.493, -0.721, 0.349, fr=0.034
p:1.382, 0.583, 0.25, fr=1.112
p:0.314, -0.36, -1.305
p:1.885, 0.429, -1.511, fr=0.566
p:1.511, -0.975, 0.532, fr=0.096
j:2, 3, stif=0.944
j:1, 3
j:6, 2, stif=0.838
j:4, 1, stif=0.81
j:5, 4, stif=0.985
j:0, 2, stif=0.943
j:1, 5
n:j=1, d=|:p=0.197
n:p=2, d=Gpart:ry=-1.322
n:j=0, d=@:p=0.987
c:2, 1, -9.358
",0.0047421453465539545,"//0
p:fr=0.472
p:1.008, 0.373, -0.184
p:1.493, -0.721, 0.349, fr=0.034
p:1.382, 0.583, 0.25, fr=1.112
p:0.314, -0.36, -1.305
p:1.885, 0.429, -1.511, fr=0.566
p:1.511, -0.975, 0.532, fr=0.096
j:2, 3, stif=0.944
j:1, 3
j:6, 2, stif=0.838
j:4, 1, stif=0.81
j:5, 4, stif=0.985
j:0, 2, stif=0.943
j:1, 5
n:j=1, d=|:p=0.197
n:p=2, d=Gpart:ry=-1.81
n:j=0, d=@:p=0.987
c:2, 1, -9.358
",0.001917141864342798,feasible,20
36,0,56,"//0
p:fr=0.472
p:1.008, 0.373, -0.184
p:1.493, -0.721, 0.349, fr=0.034
p:1.382, 0.583, 0.25, fr=1.112
p:0.314, -0.36, -1.305
p:1.885, 0.429, -1.511, fr=0.566
p:1.511, -0.975, 0.532, fr=0.096
j:2, 3, stif=0.944
j:1, 3
j:6, 2, stif=0.838
j:4, 1, stif=0.81
j:5, 4, stif=0.985
j:0, 2, stif=0.943
j:1, 5
n:j=1, d=|:p=0.197
n:p=2, d=Gpart:ry=-1.322
n:j=0, d=@:p=0.987
c:2, 1, -9.358
",0.0047421453465539545,"//0
p:fr=0.472
p:1.008, 0.373, -0.184
p:1.493, -0.721, 0.349, fr=0.034
p:1.382, 0.583, 0.25, fr=1.112
p:0.314, -0.36, -1.305
p:1.885, 0.429, -1.511, fr=0.566
p:1.511, -0.975, 0.532, fr=0.096
j:2, 3, stif=0.944
j:1, 3
j:6, 2, stif=0.838
j:4, 1, stif=0.81
j:5, 4, stif=0.985
j:0, 2, stif=0.943
j:1, 5
n:j=1, d=|:p=0.197
n:p=2, d=Gpart:ry=-1.322
n:j=0, d=@:p=0.987
",8.538646133762201e-07,feasible,20
36,0,56,"//0
p:fr=0.472
p:1.008, 0.373, -0.184
p:1.493, -0.721, 0.349, fr=0.034
p:1.382, 0.583, 0.25, fr=1.112
p:0.314, -0.36, -1.305
p:1.885, 0.429, -1.511, fr=0.566
p:1.511, -0.975, 0.532, fr=0.096
j:2, 3, stif=0.944
j:1, 3
j:6, 2, stif=0.838
j:4, 1, stif=0.81
j:5, 4, stif=0.985
j:0, 2, stif=0.943
j:1, 5
n:j=1, d=|:p=0.197
n:p=2, d=Gpart:ry=-1.322
n:j=0, d=@:p=0.987
c:2, 1, -9.358
",0.0047421453465539545,"//0
p:fr=0.472
p:1.008, 0.373, -0.184, ing=0.205
p:1.493, -0.721, 0.349, fr=0.034
p:1.382, 0.583, 0.25, fr=1.112
p:0.314, -0.36, -1.305
p:1.885, 0.429, -1.511, fr=0.566
p:1.511, -0.975, 0.532, fr=0.096
j:2, 3, stif=0.944
j:1, 3
j:6, 2, stif=0.838
j:4, 1, stif=0.81
j:5, 4, stif=0.985
j:0, 2, stif=0.943
j:1, 5
n:j=1, d=|:p=0.197
n:p=2, d=Gpart:ry=-1.322
n:j=0, d=@:p=0.987
c:2, 1, -9.358
",0.0047421453465539545,feasible,20
36,0,56,"//0
p:fr=0.472
p:1.008, 0.373, -0.184
p:1.493, -0.721, 0.349, fr=0.034
p:1.382, 0.583, 0.25, fr=1.112
p:0.314, -0.36, -1.305
p:1.885, 0.429, -1.511, fr=0.566
p:1.511, -0.975, 0.532, fr=0.096
j:2, 3, stif=0.944
j:1, 3
j:6, 2, stif=0.838
j:4, 1, stif=0.81
j:5, 4, stif=0.985
j:0, 2, stif=0.943
j:1, 5
n:j=1, d=|:p=0.197
n:p=2, d=Gpart:ry=-1.322
n:j=0, d=@:p=0.987
c:2, 1, -9.358
",0.0047421453465539545,"//0
p:fr=0.472
p:1.008, 0.373, -0.184
p:1.493, -0.721, 0.349, fr=0.034
p:1.382, 0.583, 0.25, fr=1.112
p:0.314, -0.36, -1.305
p:1.885, 0.429, -1.511, fr=0.566
p:1.511, -0.975, 0.532, fr=0.096
p:1.533, -1.01, -0.474
j:2, 3, stif=0.944
j:1, 3
j:6, 2, stif=0.838
j:4, 1, stif=0.81
j:5, 4, stif=0.985
j:0, 2, stif=0.943
j:1, 5
j:7, 6
n:j=1, d=|:p=0.197
n:p=2, d=Gpart:ry=-1.322
n:j=0, d=@:p=0.987
c:2, 1, -9.358
",3.204206688358473e-05,feasible,20
36,0,56,"//0
p:fr=0.472
p:1.008, 0.373, -0.184
p:1.493, -0.721, 0.349, fr=0.034
p:1.382, 0.583, 0.25, fr=1.112
p:0.314, -0.36, -1.305
p:1.885, 0.429, -1.511, fr=0.566
p:1.511, -0.975, 0.532, fr=0.096
j:2, 3, stif=0.944
j:1, 3
j:6, 2, stif=0.838
j:4, 1, stif=0.81
j:5, 4, stif=0.985
j:0, 2, stif=0.943
j:1, 5
n:j=1, d=|:p=0.197
n:p=2, d=Gpart:ry=-1.322
n:j=0, d=@:p=0.987
c:2, 1, -9.358
",0.0047421453465539545,"//0
p:fr=0.472
p:1.008, 0.373, -0.184
p:1.493, -0.721, 0.349, fr=0.034
p:1.382, 0.583, 0.25, fr=1.112
p:0.314, -0.36, -1.305
p:1.885, 0.429, -1.511, fr=0.566
p:1.511, -0.975, 0.532, fr=0.096
j:2, 3, stif=0.944
j:1, 3
j:6, 2, stif=0.838
j:4, 1, stif=0.81
j:5, 4, stif=0.985
j:0, 2, stif=0.943
n:j=1, d=|:p=0.197
n:p=2, d=Gpart:ry=-1.322
n:j=0, d=@:p=0.987
c:2, 1, -9.358
",0.0008562472375560498,feasible,20
36,0,56,"//0
p:fr=0.472
p:1.008, 0.373, -0.184
p:1.493, -0.721, 0.349, fr=0.034
p:1.382, 0.583, 0.25, fr=1.112
p:0.314, -0.36, -1.305
p:1.885, 0.429, -1.511, fr=0.566
p:1.511, -0.975, 0.532, fr=0.096
j:2, 3, stif=0.944
j:1, 3
j:6, 2, stif=0.838
j:4, 1, stif=0.81
j:5, 4, stif=0.985
j:0, 2, stif=0.943
j:1, 5
n:j=1, d=|:p=0.197
n:p=2, d=Gpart:ry=-1.322
n:j=0, d=@:p=0.987
c:2, 1, -9.358
",0.0047421453465539545,"//0
p:fr=0.472
p:1.008, 0.373, -0.184
p:1.493, -0.721, 0.349, fr=0.034
p:1.382, 0.583, 0.25, fr=1.112
p:0.314, -0.36, -1.305
p:1.885, 0.429, -1.511, fr=0.566
p:1.511, -0.975, 0.532, fr=0.096
p:-0.572, -0.337, 0.89
j:2, 3, stif=0.944
j:1, 3
j:6, 2, stif=0.838
j:4, 1, stif=0.81
j:5, 4, stif=0.985
j:0, 2, stif=0.943
j:1, 5
j:7, 0
n:j=1, d=|:p=0.197
n:p=2, d=Gpart:ry=-1.322
n:j=0, d=@:p=0.987
c:2, 1, -9.358
",0.00032448730364713693,feasible,20
36,0,56,"//0
p:fr=0.472
p:1.008, 0.373, -0.184
p:1.493, -0.721, 0.349, fr=0.034
p:1.382, 0.583, 0.25, fr=1.112
p:0.314, -0.36, -1.305
p:1.885, 0.429, -1.511, fr=0.566
p:1.511, -0.975, 0.532, fr=0.096
j:2, 3, stif=0.944
j:1, 3
j:6, 2, stif=0.838
j:4, 1, stif=0.81
j:5, 4, stif=0.985
j:0, 2, stif=0.943
j:1, 5
n:j=1, d=|:p=0.197
n:p=2, d=Gpart:ry=-1.322
n:j=0, d=@:p=0.987
c:2, 1, -9.358
",0.0047421453465539545,"//0
p:fr=0.472
p:1.008, 0.373, -0.184
p:1.493, -0.721, 0.349, fr=0.034
p:1.382, 0.583, 0.25, fr=1.112
p:0.314, -0.36, -1.305
p:1.885, 0.429, -1.511, fr=0.566
p:1.511, -0.975, 0.532, fr=0.096
j:2, 3, stif=0.944
j:1, 3
j:6, 2, stif=0.838
j:4, 1, stif=0.81
j:5, 4, stif=0.985
j:0, 2, stif=0.943
j:1, 5
n:j=1, d=|:p=0.197
n:p=2, d=""Gpart:ry=-1.322, rz=0.09""
n:j=0, d=@:p=0.987
c:2, 1, -9.358
",0.004473188493024998,feasible,20
36,0,56,"//0
p:fr=0.472
p:1.008, 0.373, -0.184
p:1.493, -0.721, 0.349, fr=0.034
p:1.382, 0.583, 0.25, fr=1.112
p:0.314, -0.36, -1.305
p:1.885, 0.429, -1.511, fr=0.566
p:1.511, -0.975, 0.532, fr=0.096
j:2, 3, stif=0.944
j:1, 3
j:6, 2, stif=0.838
j:4, 1, stif=0.81
j:5, 4, stif=0.985
j:0, 2, stif=0.943
j:1, 5
n:j=1, d=|:p=0.197
n:p=2, d=Gpart:ry=-1.322
n:j=0, d=@:p=0.987
c:2, 1, -9.358
",0.0047421453465539545,"//0
p:fr=0.472
p:1.008, 0.373, -0.184
p:1.493, -0.721, 0.349, fr=0.297
p:1.382, 0.583, 0.25, fr=1.112
p:0.314, -0.36, -1.305
p:1.885, 0.429, -1.511, fr=0.566
p:1.511, -0.975, 0.532, fr=0.096
j:2, 3, stif=0.944
j:1, 3
j:6, 2, stif=0.838
j:4, 1, stif=0.81
j:5, 4, stif=0.985
j:0, 2, stif=0.943
j:1, 5
n:j=1, d=|:p=0.197
n:p=2, d=Gpart:ry=-1.322
n:j=0, d=@:p=0.987
c:2, 1, -9.358
",0.003218245195214724,feasible,20
36,0,56,"//0
p:fr=0.472
p:1.008, 0.373, -0.184
p:1.493, -0.721, 0.349, fr=0.034
p:1.382, 0.583, 0.25, fr=1.112
p:0.314, -0.36, -1.305
p:1.885, 0.429, -1.511, fr=0.566
p:1.511, -0.975, 0.532, fr=0.096
j:2, 3, stif=0.944
j:1, 3
j:6, 2, stif=0.838
j:4, 1, stif=0.81
j:5, 4, stif=0.985
j:0, 2, stif=0.943
j:1, 5
n:j=1, d=|:p=0.197
n:p=2, d=Gpart:ry=-1.322
n:j=0, d=@:p=0.987
c:2, 1, -9.358
",0.0047421453465539545,"//0
p:fr=0.472
p:1.008, 0.373, -0.184
p:1.493, -0.721, 0.349, fr=0.034
p:1.382, 0.583, 0.25, fr=1.112
p:0.314, -0.36, -1.305
p:1.885, 0.429, -1.511, fr=0.566
p:1.511, -0.975, 0.532, fr=0.096
j:2, 3, stif=0.944
j:1, 3
j:6, 2, stif=0.838
j:4, 1, stif=0.81
j:5, 4, stif=0.985
j:0, 2, stif=0.943
j:1, 5
n:j=1, d=|:p=0.197
n:p=2, d=Gpart:ry=-1.322
n:j=0, d=@:p=0.987
c:2, 1, -11.018
",0.0047037732519523015,feasible,20
36,0,56,"//0
p:fr=0.472
p:1.008, 0.373, -0.184
p:1.493, -0.721, 0.349, fr=0.034
p:1.382, 0.583, 0.25, fr=1.112
p:0.314, -0.36, -1.305
p:1.885, 0.429, -1.511, fr=0.566
p:1.511, -0.975, 0.532, fr=0.096
j:2, 3, stif=0.944
j:1, 3
j:6, 2, stif=0.838
j:4, 1, stif=0.81
j:5, 4, stif=0.985
j:0, 2, stif=0.943
j:1, 5
n:j=1, d=|:p=0.197
n:p=2, d=Gpart:ry=-1.322
n:j=0, d=@:p=0.987
c:2, 1, -9.358
",0.0047421453465539545,"//0
p:fr=0.472
p:1.008, 0.373, -0.184
p:1.493, -0.721, 0.349, fr=0.034
p:1.382, 0.583, 0.25, fr=1.112
p:0.314, -0.36, -1.305
p:1.885, 0.429, -1.511, fr=0.566
p:1.511, -0.975, 0.532, fr=0.096
j:2, 3, stif=0.944
j:1, 3
j:6, 2, stif=0.838
j:4, 1, stif=0.81
j:5, 4, stif=0.985
j:0, 2, stif=0.943
j:1, 5
n:j=1, d=|:p=0.197
n:p=2, d=Gpart:ry=-1.322
n:j=0, d=@:p=0.953
c:2, 1, -9.358
",0.00462052758461072,feasible,20
36,0,56,"//0
p:fr=0.472
p:1.008, 0.373, -0.184
p:1.493, -0.721, 0.349, fr=0.034
p:1.382, 0.583, 0.25, fr=1.112
p:0.314, -0.36, -1.305
p:1.885, 0.429, -1.511, fr=0.566
p:1.511, -0.975, 0.532, fr=0.096
j:2, 3, stif=0.944
j:1, 3
j:6, 2, stif=0.838
j:4, 1, stif=0.81
j:5, 4, stif=0.985
j:0, 2, stif=0.943
j:1, 5
n:j=1, d=|:p=0.197
n:p=2, d=Gpart:ry=-1.322
n:j=0, d=@:p=0.987
c:2, 1, -9.358
",0.0047421453465539545,"//0
p:fr=0.472
p:1.008, 0.373, -0.184
p:1.493, -0.721, 0.349, fr=0.034
p:1.382, 0.583, 0.25, fr=1.112
p:0.314, -0.36, -1.305
p:1.885, 0.429, -1.511, fr=0.566
p:1.511, -0.975, 0.532, fr=0.096
j:2, 3, stif=0.944
j:1, 3
j:6, 2, stif=0.838
j:4, 1, stif=0.81
j:5, 4, stif=0.985
j:0, 2, stif=0.943
j:1, 5
n:j=1, d=|:p=0.197
n:p=2, d=Gpart:ry=-1.322
n:j=0, d=@:p=0.905
c:2, 1, -9.358
",0.004458253965434401,feasible,20
36,0,56,"//0
p:fr=0.472
p:1.008, 0.373, -0.184
p:1.493, -0.721, 0.349, fr=0.034
p:1.382, 0.583, 0.25, fr=1.112
p:0.314, -0.36, -1.305
p:1.885, 0.429, -1.511, fr=0.566
p:1.511, -0.975, 0.532, fr=0.096
j:2, 3, stif=0.944
j:1, 3
j:6, 2, stif=0.838
j:4, 1, stif=0.81
j:5, 4, stif=0.985
j:0, 2, stif=0.943
j:1, 5
n:j=1, d=|:p=0.197
n:p=2, d=Gpart:ry=-1.322
n:j=0, d=@:p=0.987
c:2, 1, -9.358
",0.0047421453465539545,"//0
p:fr=0.472
p:1.008, 0.373, -0.184
p:1.493, -0.721, 0.349, fr=0.034
p:1.382, 0.583, 0.25, fr=1.112
p:0.314, -0.36, -1.305
p:1.885, 0.429, -1.511, fr=0.566
p:1.511, -0.975, 0.532, fr=0.096
j:2, 3, stif=0.944
j:1, 3
j:6, 2, stif=0.838
j:4, 1, stif=0.81
j:5, 4, stif=0.985
j:0, 2, stif=0.943
j:1, 5
n:j=1, d=|:p=0.197
n:p=2, d=Gpart:ry=-1.322
n:j=0, d=@:p=0.987
c:0, 1, 1.345
c:2, 1, -9.358
",9.589883565424651e-05,feasible,20
36,0,56,"//0
p:fr=0.472
p:1.008, 0.373, -0.184
p:1.493, -0.721, 0.349, fr=0.034
p:1.382, 0.583, 0.25, fr=1.112
p:0.314, -0.36, -1.305
p:1.885, 0.429, -1.511, fr=0.566
p:1.511, -0.975, 0.532, fr=0.096
j:2, 3, stif=0.944
j:1, 3
j:6, 2, stif=0.838
j:4, 1, stif=0.81
j:5, 4, stif=0.985
j:0, 2, stif=0.943
j:1, 5
n:j=1, d=|:p=0.197
n:p=2, d=Gpart:ry=-1.322
n:j=0, d=@:p=0.987
c:2, 1, -9.358
",0.0047421453465539545,"//0
p:fr=0.472
p:1.008, 0.373, -0.184
p:1.493, -0.721, 0.349, fr=0.034
p:1.382, 0.583, 0.25, fr=1.112
p:0.314, -0.36, -1.305
p:1.885, 0.429, -1.511, fr=0.566
p:1.511, -0.975, 0.532, fr=0.096
p:0.899, -0.488, -0.419
j:2, 3, stif=0.944
j:1, 3
j:6, 2, stif=0.838
j:4, 1, stif=0.81
j:5, 4, stif=0.985
j:0, 2, stif=0.943
j:1, 5
j:7, 0
n:j=1, d=|:p=0.197
n:p=2, d=Gpart:ry=-1.322
n:j=0, d=@:p=0.987
c:2, 1, -9.358
",0.000614505641426188,feasible,20
36,0,56,"//0
p:fr=0.472
p:1.008, 0.373, -0.184
p:1.493, -0.721, 0.349, fr=0.034
p:1.382, 0.583, 0.25, fr=1.112
p:0.314, -0.36, -1.305
p:1.885, 0.429, -1.511, fr=0.566
p:1.511, -0.975, 0.532, fr=0.096
j:2, 3, stif=0.944
j:1, 3
j:6, 2, stif=0.838
j:4, 1, stif=0.81
j:5, 4, stif=0.985
j:0, 2, stif=0.943
j:1, 5
n:j=1, d=|:p=0.197
n:p=2, d=Gpart:ry=-1.322
n:j=0, d=@:p=0.987
c:2, 1, -9.358
",0.0047421453465539545,"//0
p:1.008, 0.373, -0.184
p:1.493, -0.721, 0.349, fr=0.034
p:1.382, 0.583, 0.25, fr=1.112
p:0.314, -0.36, -1.305
p:1.885, 0.429, -1.511, fr=0.566
p:1.511, -0.975, 0.532, fr=0.096
j:1, 2, stif=0.944
j:0, 2
j:5, 1, stif=0.838
j:3, 0, stif=0.81
j:4, 3, stif=0.985
j:0, 4
n:j=1, d=|:p=0.197
n:p=1, d=Gpart:ry=-1.322
n:j=0, d=@:p=0.987
c:2, 1, -9.358
",5.03016894184223e-05,feasible,20
36,0,56,"//0
p:fr=0.472
p:1.008, 0.373, -0.184
p:1.493, -0.721, 0.349, fr=0.034
p:1.382, 0.583, 0.25, fr=1.112
p:0.314, -0.36, -1.305
p:1.885, 0.429, -1.511, fr=0.566
p:1.511, -0.975, 0.532, fr=0.096
j:2, 3, stif=0.944
j:1, 3
j:6, 2, stif=0.838
j:4, 1, stif=0.81
j:5, 4, stif=0.985
j:0, 2, stif=0.943
j:1, 5
n:j=1, d=|:p=0.197
n:p=2, d=Gpart:ry=-1.322
n:j=0, d=@:p=0.987
c:2, 1, -9.358
",0.0047421453465539545,"//0
p:fr=0.472
p:1.008, 0.373, -0.184
p:1.493, -0.721, 0.349, fr=0.034
p:1.382, 0.583, 0.25, fr=1.112
p:0.314, -0.36, -1.305
p:1.885, 0.429, -1.511, fr=0.566
p:1.511, -0.975, 0.532, fr=0.096
j:2, 3, stif=0.944, rotstif=0.901
j:1, 3
j:6, 2, stif=0.838
j:4, 1, stif=0.81
j:5, 4, stif=0.985
j:0, 2, stif=0.943
j:1, 5
n:j=1, d=|:p=0.197
n:p=2, d=Gpart:ry=-1.322
n:j=0, d=@:p=0.987
c:2, 1, -9.358
",0.0047421453465539545,feasible,20
36,0,57,"//0
p:fr=0.472
p:1.008, 0.373, -0.184
p:1.493, -0.721, 0.349, fr=0.034
p:1.382, 0.583, 0.25, fr=1.112
p:0.314, -0.36, -1.305
p:1.885, 0.429, -1.511, fr=0.566
p:1.511, -0.975, 0.532, fr=0.096
j:2, 3, stif=0.944
j:1, 3
j:6, 2, stif=0.838
j:4, 1, stif=0.81
j:5, 4, stif=0.985
j:0, 2, stif=0.943
j:1, 5
n:j=1, d=|:p=0.197
n:p=2, d=Gpart:ry=-1.322
n:j=0, d=@:p=0.987
c:2, 1, -8.601
",0.004750625034212063,"//0
p:1.008, 0.373, -0.184
p:1.493, -0.721, 0.349, fr=0.034
p:1.382, 0.583, 0.25, fr=1.112
p:0.314, -0.36, -1.305
p:1.885, 0.429, -1.511, fr=0.566
p:1.511, -0.975, 0.532, fr=0.096
j:1, 2, stif=0.944
j:0, 2
j:5, 1, stif=0.838
j:3, 0, stif=0.81
j:4, 3, stif=0.985
j:0, 4
n:j=1, d=|:p=0.197
n:p=1, d=Gpart:ry=-1.322
n:j=0, d=@:p=0.987
c:2, 1, -8.601
",5.43215979757624e-05,feasible,20
36,0,57,"//0
p:fr=0.472
p:1.008, 0.373, -0.184
p:1.493, -0.721, 0.349, fr=0.034
p:1.382, 0.583, 0.25, fr=1.112
p:0.314, -0.36, -1.305
p:1.885, 0.429, -1.511, fr=0.566
p:1.511, -0.975, 0.532, fr=0.096
j:2, 3, stif=0.944
j:1, 3
j:6, 2, stif=0.838
j:4, 1, stif=0.81
j:5, 4, stif=0.985
j:0, 2, stif=0.943
j:1, 5
n:j=1, d=|:p=0.197
n:p=2, d=Gpart:ry=-1.322
n:j=0, d=@:p=0.987
c:2, 1, -8.601
",0.004750625034212063,"//0
p:fr=0.472, ing=0.056
p:1.008, 0.373, -0.184
p:1.493, -0.721, 0.349, fr=0.034
p:1.382, 0.583, 0.25, fr=1.112
p:0.314, -0.36, -1.305
p:1.885, 0.429, -1.511, fr=0.566
p:1.511, -0.975, 0.532, fr=0.096
j:2, 3, stif=0.944
j:1, 3
j:6, 2, stif=0.838
j:4, 1, stif=0.81
j:5, 4, stif=0.985
j:0, 2, stif=0.943
j:1, 5
n:j=1, d=|:p=0.197
n:p=2, d=Gpart:ry=-1.322
n:j=0, d=@:p=0.987
c:2, 1, -8.601
",0.004750625034212063,feasible,20
36,0,57,"//0
p:fr=0.472
p:1.008, 0.373, -0.184
p:1.493, -0.721, 0.349, fr=0.034
p:1.382, 0.583, 0.25, fr=1.112
p:0.314, -0.36, -1.305
p:1.885, 0.429, -1.511, fr=0.566
p:1.511, -0.975, 0.532, fr=0.096
j:2, 3, stif=0.944
j:1, 3
j:6, 2, stif=0.838
j:4, 1, stif=0.81
j:5, 4, stif=0.985
j:0, 2, stif=0.943
j:1, 5
n:j=1, d=|:p=0.197
n:p=2, d=Gpart:ry=-1.322
n:j=0, d=@:p=0.987
c:2, 1, -8.601
",0.004750625034212063,"//0
p:fr=0.472, ing=0.229
p:1.008, 0.373, -0.184
p:1.493, -0.721, 0.349, fr=0.034
p:1.382, 0.583, 0.25, fr=1.112
p:0.314, -0.36, -1.305
p:1.885, 0.429, -1.511, fr=0.566
p:1.511, -0.975, 0.532, fr=0.096
j:2, 3, stif=0.944
j:1, 3
j:6, 2, stif=0.838
j:4, 1, stif=0.81
j:5, 4, stif=0.985
j:0, 2, stif=0.943
j:1, 5
n:j=1, d=|:p=0.197
n:p=2, d=Gpart:ry=-1.322
n:j=0, d=@:p=0.987
c:2, 1, -8.601
",0.004750625034212063,feasible,20
36,0,57,"//0
p:fr=0.472
p:1.008, 0.373, -0.184
p:1.493, -0.721, 0.349, fr=0.034
p:1.382, 0.583, 0.25, fr=1.112
p:0.314, -0.36, -1.305
p:1.885, 0.429, -1.511, fr=0.566
p:1.511, -0.975, 0.532, fr=0.096
j:2, 3, stif=0.944
j:1, 3
j:6, 2, stif=0.838
j:4, 1, stif=0.81
j:5, 4, stif=0.985
j:0, 2, stif=0.943
j:1, 5
n:j=1, d=|:p=0.197
n:p=2, d=Gpart:ry=-1.322
n:j=0, d=@:p=0.987
c:2, 1, -8.601
",0.004750625034212063,"//0
p:fr=0.472
p:1.008, 0.373, -0.184
p:1.493, -0.721, 0.349, fr=0.034
p:1.382, 0.583, 0.25, fr=1.112
p:0.314, -0.36, -1.305
p:1.885, 0.429, -1.511, fr=0.566
p:1.511, -0.975, 0.532, fr=0.096
j:2, 3, stif=0.944
j:1, 3
j:6, 2, stif=0.838
j:4, 1, stif=0.81
j:5, 4, stif=0.985
j:0, 2, stif=0.943, rotstif=0.949
j:1, 5
n:j=1, d=|:p=0.197
n:p=2, d=Gpart:ry=-1.322
n:j=0, d=@:p=0.987
c:2, 1, -8.601
",0.004750625034212063,feasible,20
36,0,57,"//0
p:fr=0.472
p:1.008, 0.373, -0.184
p:1.493, -0.721, 0.349, fr=0.034
p:1.382, 0.583, 0.25, fr=1.112
p:0.314, -0.36, -1.305
p:1.885, 0.429, -1.511, fr=0.566
p:1.511, -0.975, 0.532, fr=0.096
j:2, 3, stif=0.944
j:1, 3
j:6, 2, stif=0.838
j:4, 1, stif=0.81
j:5, 4, stif=0.985
j:0, 2, stif=0.943
j:1, 5
n:j=1, d=|:p=0.197
n:p=2, d=Gpart:ry=-1.322
n:j=0, d=@:p=0.987
c:2, 1, -8.601
",0.004750625034212063,"//0
p:fr=0.472
p:1.008, 0.373, -0.184
p:1.493, -0.721, 0.349, fr=0.034
p:1.382, 0.583, 0.25, fr=1.112
p:0.314, -0.36, -1.305
p:1.885, 0.429, -1.511, fr=0.566
p:1.511, -0.975, 0.532, fr=0.096
p:1.453, 0.481, -1.725
j:2, 3, stif=0.944
j:1, 3
j:6, 2, stif=0.838
j:4, 1, stif=0.81
j:5, 4, stif=0.985
j:0, 2, stif=0.943
j:1, 5
j:7, 5
n:j=1, d=|:p=0.197
n:p=2, d=Gpart:ry=-1.322
n:j=0, d=@:p=0.987
c:2, 1, -8.601
",0.0013642532705507157,feasible,20
36,0,57,"//0
p:fr=0.472
p:1.008, 0.373, -0.184
p:1.493, -0.721, 0.349, fr=0.034
p:1.382, 0.583, 0.25, fr=1.112
p:0.314, -0.36, -1.305
p:1.885, 0.429, -1.511, fr=0.566
p:1.511, -0.975, 0.532, fr=0.096
j:2, 3, stif=0.944
j:1, 3
j:6, 2, stif=0.838
j:4, 1, stif=0.81
j:5, 4, stif=0.985
j:0, 2, stif=0.943
j:1, 5
n:j=1, d=|:p=0.197
n:p=2, d=Gpart:ry=-1.322
n:j=0, d=@:p=0.987
c:2, 1, -8.601
",0.004750625034212063,"//0
p:fr=0.472
p:1.008, 0.373, -0.184
p:1.493, -0.721, 0.349, fr=0.034
p:1.382, 0.583, 0.25, fr=1.112
p:0.314, -0.36, -1.305
p:1.885, 0.429, -1.511, fr=0.566
p:1.511, -0.975, 0.532, fr=0.096
j:2, 3, stif=0.944
j:1, 3
j:6, 2, stif=0.838
j:4, 1, stif=0.81
j:5, 4, stif=0.985
j:0, 2, stif=0.943
j:1, 5
n:j=1, d=|:p=0.197
n:p=2, d=Gpart:ry=-1.322
n:j=0, d=@:p=0.845
c:2, 1, -8.601
",0.004343517882111153,feasible,20
36,0,57,"//0
p:fr=0.472
p:1.008, 0.373, -0.184
p:1.493, -0.721, 0.349, fr=0.034
p:1.382, 0.583, 0.25, fr=1.112
p:0.314, -0.36, -1.305
p:1.885, 0.429, -1.511, fr=0.566
p:1.511, -0.975, 0.532, fr=0.096
j:2, 3, stif=0.944
j:1, 3
j:6, 2, stif=0.838
j:4, 1, stif=0.81
j:5, 4, stif=0.985
j:0, 2, stif=0.943
j:1, 5
n:j=1, d=|:p=0.197
n:p=2, d=Gpart:ry=-1.322
n:j=0, d=@:p=0.987
c:2, 1, -8.601
",0.004750625034212063,"//0
p:fr=0.472
p:1.008, 0.373, -0.184
p:1.493, -0.721, 0.349, fr=0.034
p:1.382, 0.583, 0.25, fr=1.112
p:0.314, -0.36, -1.305
p:1.885, 0.429, -1.511, fr=0.566
p:1.511, -0.975, 0.532, fr=0.096
j:2, 3, stif=0.944
j:1, 3
j:6, 2, stif=0.838
j:4, 1, stif=0.81
j:5, 4, stif=0.985
j:0, 2, stif=0.943
j:1, 5
n:j=1, d=|:p=0.087
n:p=2, d=Gpart:ry=-1.322
n:j=0, d=@:p=0.987
c:2, 1, -8.601
",7.838358978759945e-05,feasible,20
36,0,57,"//0
p:fr=0.472
p:1.008, 0.373, -0.184
p:1.493, -0.721, 0.349, fr=0.034
p:1.382, 0.583, 0.25, fr=1.112
p:0.314, -0.36, -1.305
p:1.885, 0.429, -1.511, fr=0.566
p:1.511, -0.975, 0.532, fr=0.096
j:2, 3, stif=0.944
j:1, 3
j:6, 2, stif=0.838
j:4, 1, stif=0.81
j:5, 4, stif=0.985
j:0, 2, stif=0.943
j:1, 5
n:j=1, d=|:p=0.197
n:p=2, d=Gpart:ry=-1.322
n:j=0, d=@:p=0.987
c:2, 1, -8.601
",0.004750625034212063,"//0
p:fr=0.472
p:1.008, 0.373, -0.184
p:1.493, -0.721, 0.349, fr=0.034
p:1.382, 0.583, 0.25, fr=1.112
p:0.314, -0.36, -1.305
p:1.904, 0.16, -1.902, fr=0.566
p:1.511, -0.975, 0.532, fr=0.096
j:2, 3, stif=0.944
j:1, 3
j:6, 2, stif=0.838
j:4, 1, stif=0.81
j:5, 4, stif=0.985
j:0, 2, stif=0.943
j:1, 5
n:j=1, d=|:p=0.197
n:p=2, d=Gpart:ry=-1.322
n:j=0, d=@:p=0.987
c:2, 1, -8.601
",1.1895512459561428e-05,feasible,20
36,0,57,"//0
p:fr=0.472
p:1.008, 0.373, -0.184
p:1.493, -0.721, 0.349, fr=0.034
p:1.382, 0.583, 0.25, fr=1.112
p:0.314, -0.36, -1.305
p:1.885, 0.429, -1.511, fr=0.566
p:1.511, -0.975, 0.532, fr=0.096
j:2, 3, stif=0.944
j:1, 3
j:6, 2, stif=0.838
j:4, 1, stif=0.81
j:5, 4, stif=0.985
j:0, 2, stif=0.943
j:1, 5
n:j=1, d=|:p=0.197
n:p=2, d=Gpart:ry=-1.322
n:j=0, d=@:p=0.987
c:2, 1, -8.601
",0.004750625034212063,"//0
p:fr=0.472
p:1.008, 0.373, -0.184
p:1.493, -0.721, 0.349, fr=0.034
p:1.382, 0.583, 0.25, fr=1.112
p:0.314, -0.36, -1.305
p:1.885, 0.429, -1.511, fr=0.566
p:1.511, -0.975, 0.532, fr=0.096
j:2, 3, stif=0.944
j:1, 3
j:6, 2, stif=0.984
j:4, 1, stif=0.81
j:5, 4, stif=0.985
j:0, 2, stif=0.943
j:1, 5
n:j=1, d=|:p=0.197
n:p=2, d=Gpart:ry=-1.322
n:j=0, d=@:p=0.987
c:2, 1, -8.601
",0.0046372753448242696,feasible,20
36,0,57,"//0
p:fr=0.472
p:1.008, 0.373, -0.184
p:1.493, -0.721, 0.349, fr=0.034
p:1.382, 0.583, 0.25, fr=1.112
p:0.314, -0.36, -1.305
p:1.885, 0.429, -1.511, fr=0.566
p:1.511, -0.975, 0.532, fr=0.096
j:2, 3, stif=0.944
j:1, 3
j:6, 2, stif=0.838
j:4, 1, stif=0.81
j:5, 4, stif=0.985
j:0, 2, stif=0.943
j:1, 5
n:j=1, d=|:p=0.197
n:p=2, d=Gpart:ry=-1.322
n:j=0, d=@:p=0.987
c:2, 1, -8.601
",0.004750625034212063,"//0
p:fr=0.472
p:1.008, 0.373, -0.184
p:1.493, -0.721, 0.349, fr=0.034
p:1.382, 0.583, 0.25, fr=1.112
p:0.314, -0.36, -1.305
p:1.885, 0.429, -1.511, fr=0.566
p:1.511, -0.975, 0.532, fr=0.096, ing=0.181
j:2, 3, stif=0.944
j:1, 3
j:6, 2, stif=0.838
j:4, 1, stif=0.81
j:5, 4, stif=0.985
j:0, 2, stif=0.943
j:1, 5
n:j=1, d=|:p=0.197
n:p=2, d=Gpart:ry=-1.322
n:j=0, d=@:p=0.987
c:2, 1, -8.601
",0.004750625034212063,feasible,20
36,0,57,"//0
p:fr=0.472
p:1.008, 0.373, -0.184
p:1.493, -0.721, 0.349, fr=0.034
p:1.382, 0.583, 0.25, fr=1.112
p:0.314, -0.36, -1.305
p:1.885, 0.429, -1.511, fr=0.566
p:1.511, -0.975, 0.532, fr=0.096
j:2, 3, stif=0.944
j:1, 3
j:6, 2, stif=0.838
j:4, 1, stif=0.81
j:5, 4, stif=0.985
j:0, 2, stif=0.943
j:1, 5
n:j=1, d=|:p=0.197
n:p=2, d=Gpart:ry=-1.322
n:j=0, d=@:p=0.987
c:2, 1, -8.601
",0.004750625034212063,"//0
p:0.065, 0.031, -0.566, fr=0.472
p:1.008, 0.373, -0.184
p:1.493, -0.721, 0.349, fr=0.034
p:1.382, 0.583, 0.25, fr=1.112
p:0.314, -0.36, -1.305
p:1.885, 0.429, -1.511, fr=0.566
p:1.511, -0.975, 0.532, fr=0.096
j:2, 3, stif=0.944
j:1, 3
j:6, 2, stif=0.838
j:4, 1, stif=0.81
j:5, 4, stif=0.985
j:0, 2, stif=0.943
j:1, 5
n:j=1, d=|:p=0.197
n:p=2, d=Gpart:ry=-1.322
n:j=0, d=@:p=0.987
c:2, 1, -8.601
",0.0034845095763226153,feasible,20
36,0,57,"//0
p:fr=0.472
p:1.008, 0.373, -0.184
p:1.493, -0.721, 0.349, fr=0.034
p:1.382, 0.583, 0.25, fr=1.112
p:0.314, -0.36, -1.305
p:1.885, 0.429, -1.511, fr=0.566
p:1.511, -0.975, 0.532, fr=0.096
j:2, 3, stif=0.944
j:1, 3
j:6, 2, stif=0.838
j:4, 1, stif=0.81
j:5, 4, stif=0.985
j:0, 2, stif=0.943
j:1, 5
n:j=1, d=|:p=0.197
n:p=2, d=Gpart:ry=-1.322
n:j=0, d=@:p=0.987
c:2, 1, -8.601
",0.004750625034212063,"//0
p:fr=0.472
p:1.931, 0.473, -0.499
p:1.493, -0.721, 0.349, fr=0.034
p:1.382, 0.583, 0.25, fr=1.112
p:0.314, -0.36, -1.305
p:1.885, 0.429, -1.511, fr=0.566
p:1.511, -0.975, 0.532, fr=0.096
j:2, 3, stif=0.944
j:1, 3
j:6, 2, stif=0.838
j:4, 1, stif=0.81
j:5, 4, stif=0.985
j:0, 2, stif=0.943
j:1, 5
n:j=1, d=|:p=0.197
n:p=2, d=Gpart:ry=-1.322
n:j=0, d=@:p=0.987
c:2, 1, -8.601
",1.6920611703107825e-05,feasible,20
36,0,57,"//0
p:fr=0.472
p:1.008, 0.373, -0.184
p:1.493, -0.721, 0.349, fr=0.034
p:1.382, 0.583, 0.25, fr=1.112
p:0.314, -0.36, -1.305
p:1.885, 0.429, -1.511, fr=0.566
p:1.511, -0.975, 0.532, fr=0.096
j:2, 3, stif=0.944
j:1, 3
j:6, 2, stif=0.838
j:4, 1, stif=0.81
j:5, 4, stif=0.985
j:0, 2, stif=0.943
j:1, 5
n:j=1, d=|:p=0.197
n:p=2, d=Gpart:ry=-1.322
n:j=0, d=@:p=0.987
c:2, 1, -8.601
",0.004750625034212063,"//0
p:fr=0.472
p:1.008, 0.373, -0.184
p:1.493, -0.721, 0.349, fr=0.034
p:1.382, 0.583, 0.25, fr=1.112
p:0.314, -0.36, -1.305, fr=0.342
p:1.885, 0.429, -1.511, fr=0.566
p:1.511, -0.975, 0.532, fr=0.096
j:2, 3, stif=0.944
j:1, 3
j:6, 2, stif=0.838
j:4, 1, stif=0.81
j:5, 4, stif=0.985
j:0, 2, stif=0.943
j:1, 5
n:j=1, d=|:p=0.197
n:p=2, d=Gpart:ry=-1.322
n:j=0, d=@:p=0.987
c:2, 1, -8.601
",0.004728411329469543,feasible,20
36,0,57,"//0
p:fr=0.472
p:1.008, 0.373, -0.184
p:1.493, -0.721, 0.349, fr=0.034
p:1.382, 0.583, 0.25, fr=1.112
p:0.314, -0.36, -1.305
p:1.885, 0.429, -1.511, fr=0.566
p:1.511, -0.975, 0.532, fr=0.096
j:2, 3, stif=0.944
j:1, 3
j:6, 2, stif=0.838
j:4, 1, stif=0.81
j:5, 4, stif=0.985
j:0, 2, stif=0.943
j:1, 5
n:j=1, d=|:p=0.197
n:p=2, d=Gpart:ry=-1.322
n:j=0, d=@:p=0.987
c:2, 1, -8.601
",0.004750625034212063,"//0
p:fr=0.472
p:1.008, 0.373, -0.184
p:1.493, -0.721, 0.349, fr=0.034
p:1.382, 0.583, 0.25, fr=1.112
p:0.314, -0.36, -1.305
p:1.885, 0.429, -1.511, fr=0.566
p:1.851, -1.004, 0.393, fr=0.096
j:2, 3, stif=0.944
j:1, 3
j:6, 2, stif=0.838
j:4, 1, stif=0.81
j:5, 4, stif=0.985
j:0, 2, stif=0.943
j:1, 5
n:j=1, d=|:p=0.197
n:p=2, d=Gpart:ry=-1.322
n:j=0, d=@:p=0.987
c:2, 1, -8.601
",0.003148305750691483,feasible,20
36,0,57,"//0
p:fr=0.472
p:1.008, 0.373, -0.184
p:1.493, -0.721, 0.349, fr=0.034
p:1.382, 0.583, 0.25, fr=1.112
p:0.314, -0.36, -1.305
p:1.885, 0.429, -1.511, fr=0.566
p:1.511, -0.975, 0.532, fr=0.096
j:2, 3, stif=0.944
j:1, 3
j:6, 2, stif=0.838
j:4, 1, stif=0.81
j:5, 4, stif=0.985
j:0, 2, stif=0.943
j:1, 5
n:j=1, d=|:p=0.197
n:p=2, d=Gpart:ry=-1.322
n:j=0, d=@:p=0.987
c:2, 1, -8.601
",0.004750625034212063,"//0
p:fr=0.472
p:1.008, 0.373, -0.184
p:1.493, -0.721, 0.349, fr=0.034
p:1.382, 0.583, 0.25, fr=1.112
p:0.314, -0.36, -1.305
p:1.885, 0.429, -1.511, fr=0.566
p:1.511, -0.975, 0.532, fr=0.096
j:2, 3, stif=0.944
j:1, 3
j:6, 2, stif=0.838
j:4, 1, stif=0.81
j:5, 4, stif=0.985
j:0, 2, stif=0.943
j:1, 5
n:j=1, d=|:p=0.197
n:p=2, d=Gpart:ry=-1.322
n:j=0, d=@:p=0.973
c:2, 1, -8.601
",0.004703090802078044,feasible,20
36,0,57,"//0
p:fr=0.472
p:1.008, 0.373, -0.184
p:1.493, -0.721, 0.349, fr=0.034
p:1.382, 0.583, 0.25, fr=1.112
p:0.314, -0.36, -1.305
p:1.885, 0.429, -1.511, fr=0.566
p:1.511, -0.975, 0.532, fr=0.096
j:2, 3, stif=0.944
j:1, 3
j:6, 2, stif=0.838
j:4, 1, stif=0.81
j:5, 4, stif=0.985
j:0, 2, stif=0.943
j:1, 5
n:j=1, d=|:p=0.197
n:p=2, d=Gpart:ry=-1.322
n:j=0, d=@:p=0.987
c:2, 1, -8.601
",0.004750625034212063,"//0
p:fr=0.472
p:1.008, 0.373, -0.184
p:1.493, -0.721, 0.349, fr=0.034
p:1.382, 0.583, 0.25, fr=1.112
p:0.314, -0.36, -1.305
p:1.885, 0.429, -1.511, fr=0.566
p:1.511, -0.975, 0.532, fr=0.096
j:2, 3, stif=0.944
j:1, 3
j:6, 2, stif=0.838
j:4, 1, stif=0.81
j:5, 4, stif=0.985
j:0, 2, stif=0.943
j:1, 5
n:j=1, d=|:p=0.197
n:p=2, d=Gpart:ry=-1.322
n:j=0, d=@:p=0.987
c:2, 1, -11.386
",0.004715841373291649,feasible,20
36,0,57,"//0
p:fr=0.472
p:1.008, 0.373, -0.184
p:1.493, -0.721, 0.349, fr=0.034
p:1.382, 0.583, 0.25, fr=1.112
p:0.314, -0.36, -1.305
p:1.885, 0.429, -1.511, fr=0.566
p:1.511, -0.975, 0.532, fr=0.096
j:2, 3, stif=0.944
j:1, 3
j:6, 2, stif=0.838
j:4, 1, stif=0.81
j:5, 4, stif=0.985
j:0, 2, stif=0.943
j:1, 5
n:j=1, d=|:p=0.197
n:p=2, d=Gpart:ry=-1.322
n:j=0, d=@:p=0.987
c:2, 1, -8.601
",0.004750625034212063,"//0
p:fr=0.472
p:1.008, 0.373, -0.184
p:1.493, -0.721, 0.349, fr=0.034
p:1.358, 0.746, 0.334, fr=1.112
p:0.314, -0.36, -1.305
p:1.885, 0.429, -1.511, fr=0.566
p:1.511, -0.975, 0.532, fr=0.096
j:2, 3, stif=0.944
j:1, 3
j:6, 2, stif=0.838
j:4, 1, stif=0.81
j:5, 4, stif=0.985
j:0, 2, stif=0.943
j:1, 5
n:j=1, d=|:p=0.197
n:p=2, d=Gpart:ry=-1.322
n:j=0, d=@:p=0.987
c:2, 1, -8.601
",0.0031790635531231824,feasible,20
36,0,57,"//0
p:fr=0.472
p:1.008, 0.373, -0.184
p:1.493, -0.721, 0.349, fr=0.034
p:1.382, 0.583, 0.25, fr=1.112
p:0.314, -0.36, -1.305
p:1.885, 0.429, -1.511, fr=0.566
p:1.511, -0.975, 0.532, fr=0.096
j:2, 3, stif=0.944
j:1, 3
j:6, 2, stif=0.838
j:4, 1, stif=0.81
j:5, 4, stif=0.985
j:0, 2, stif=0.943
j:1, 5
n:j=1, d=|:p=0.197
n:p=2, d=Gpart:ry=-1.322
n:j=0, d=@:p=0.987
c:2, 1, -8.601
",0.004750625034212063,"//0
p:fr=0.472
p:1.008, 0.373, -0.184
p:1.493, -0.721, 0.349, fr=0.034
p:1.382, 0.583, 0.25, fr=1.112
p:0.314, -0.36, -1.305
p:1.885, 0.429, -1.511, fr=0.566
p:1.511, -0.975, 0.532, fr=0.096
j:2, 3, stif=0.944
j:1, 3
j:6, 2, stif=0.838
j:4, 1, stif=0.81
j:5, 4, stif=0.985
j:0, 2, stif=0.943
j:1, 5
n:j=1, d=|:p=0.197
n:p=2, d=Gpart:ry=-1.322
n:j=0, d=@:p=0.987
c:0, 1, 6.35
c:2, 1, -8.601
",8.018330683491175e-05,feasible,20
36,0,57,"//0
p:fr=0.472
p:1.008, 0.373, -0.184
p:1.493, -0.721, 0.349, fr=0.034
p:1.382, 0.583, 0.25, fr=1.112
p:0.314, -0.36, -1.305
p:1.885, 0.429, -1.511, fr=0.566
p:1.511, -0.975, 0.532, fr=0.096
j:2, 3, stif=0.944
j:1, 3
j:6, 2, stif=0.838
j:4, 1, stif=0.81
j:5, 4, stif=0.985
j:0, 2, stif=0.943
j:1, 5
n:j=1, d=|:p=0.197
n:p=2, d=Gpart:ry=-1.322
n:j=0, d=@:p=0.987
c:2, 1, -8.601
",0.004750625034212063,"//0
p:fr=0.472
p:1.008, 0.373, -0.184
p:1.493, -0.721, 0.349, fr=0.034
p:1.382, 0.583, 0.25, fr=1.112
p:0.314, -0.36, -1.305
p:1.885, 0.429, -1.511, fr=0.566
p:1.511, -0.975, 0.532, fr=0.096
j:2, 3, stif=0.944
j:1, 3
j:6, 2, stif=0.838
j:4, 1, stif=0.81
j:5, 4, stif=0.985
j:0, 2, stif=0.943
j:1, 5
n:j=1, d=|:p=0.197
n:p=2, d=Gpart:ry=-1.322
n:j=0, d=@:p=0.987
",8.538646133762201e-07,feasible,20
36,0,57,"//0
p:fr=0.472
p:1.008, 0.373, -0.184
p:1.493, -0.721, 0.349, fr=0.034
p:1.382, 0.583, 0.25, fr=1.112
p:0.314, -0.36, -1.305
p:1.885, 0.429, -1.511, fr=0.566
p:1.511, -0.975, 0.532, fr=0.096
j:2, 3, stif=0.944
j:1, 3
j:6, 2, stif=0.838
j:4, 1, stif=0.81
j:5, 4, stif=0.985
j:0, 2, stif=0.943
j:1, 5
n:j=1, d=|:p=0.197
n:p=2, d=Gpart:ry=-1.322
n:j=0, d=@:p=0.987
c:2, 1, -8.601
",0.004750625034212063,"//0
p:fr=0.472
p:1.008, 0.373, -0.184
p:1.493, -0.721, 0.349, fr=0.034
p:1.382, 0.583, 0.25, fr=1.112
p:0.314, -0.36, -1.305
p:1.885, 0.429, -1.511, fr=0.566
p:1.511, -0.975, 0.532, fr=0.096
j:2, 3, stif=0.944
j:1, 3
j:6, 2, stif=0.838
j:4, 1, stif=0.81
j:5, 4, stif=0.985
j:0, 2, stif=0.943
j:1, 5
n:j=1, d=|:p=0.299
n:p=2, d=Gpart:ry=-1.322
n:j=0, d=@:p=0.987
c:2, 1, -8.601
",0.004717054586594828,feasible,20
36,0,58,"//0
p:fr=0.472
p:1.008, 0.373, -0.184
p:1.493, -0.721, 0.349, fr=0.034
p:1.382, 0.583, 0.25, fr=1.112
p:0.314, -0.36, -1.305
p:1.885, 0.429, -1.511, fr=0.566
p:1.511, -0.975, 0.532, fr=0.096
j:2, 3, stif=0.944
j:1, 3
j:6, 2, stif=0.838
j:4, 1, stif=0.81
j:5, 4, stif=0.985
j:0, 2, stif=0.943
j:1, 5
n:j=1, d=|:p=0.197
n:p=2, d=Gpart:ry=-1.322
n:j=0, d=@:p=0.987
n:j=3, d=@
c:2, 1, -8.601
c:3, 1, -0.107
",0.004794109395999518,"//0
p:0.3486657450124404, 0.07935151438214161, -0.2794875017049323, fr=0.472
p:1.008, 0.373, -0.184
p:1.493, -0.721, 0.349, fr=0.034
p:1.382, 0.583, 0.25, fr=1.112
p:0.3501332970791162, -0.3710637152210016, -1.25430918289325
p:1.885, 0.429, -1.511, fr=0.566
p:1.511, -0.975, 0.532, fr=0.096
j:2, 3, stif=0.944
j:1, 3
j:6, 2, stif=0.838
j:0, 1, stif=0.81
j:5, 0, stif=0.985
j:4, 2, stif=0.943
j:1, 5
n:j=1, d=|:p=0.197
n:p=2, d=Gpart:ry=-1.322
n:j=0, d=@:p=0.987
n:j=3, d=@
c:2, 1, -8.601
c:3, 1, -0.107
",5.8584142618510656e-05,feasible,22
36,0,58,"//0
p:fr=0.472
p:1.008, 0.373, -0.184
p:1.493, -0.721, 0.349, fr=0.034
p:1.382, 0.583, 0.25, fr=1.112
p:0.314, -0.36, -1.305
p:1.885, 0.429, -1.511, fr=0.566
p:1.511, -0.975, 0.532, fr=0.096
j:2, 3, stif=0.944
j:1, 3
j:6, 2, stif=0.838
j:4, 1, stif=0.81
j:5, 4, stif=0.985
j:0, 2, stif=0.943
j:1, 5
n:j=1, d=|:p=0.197
n:p=2, d=Gpart:ry=-1.322
n:j=0, d=@:p=0.987
n:j=3, d=@
c:2, 1, -8.601
c:3, 1, -0.107
",0.004794109395999518,"//0
p:fr=0.472
p:1.008, 0.373, -0.184
p:1.493, -0.721, 0.349, fr=0.034
p:1.382, 0.583, 0.25, fr=1.112
p:0.314, -0.36, -1.305
p:1.885, 0.429, -1.511, fr=0.566
p:1.511, -0.975, 0.532, fr=0.096
j:2, 3, stif=0.944
j:1, 3
j:6, 2, stif=0.838
j:4, 1, stif=0.81
j:5, 4, stif=0.985
j:0, 2, stif=0.943
n:j=1, d=|:p=0.197
n:p=2, d=Gpart:ry=-1.322
n:j=0, d=@:p=0.987
n:j=3, d=@
c:2, 1, -8.601
c:3, 1, -0.107
",0.0021182516552669894,feasible,22
36,0,58,"//0
p:fr=0.472
p:1.008, 0.373, -0.184
p:1.493, -0.721, 0.349, fr=0.034
p:1.382, 0.583, 0.25, fr=1.112
p:0.314, -0.36, -1.305
p:1.885, 0.429, -1.511, fr=0.566
p:1.511, -0.975, 0.532, fr=0.096
j:2, 3, stif=0.944
j:1, 3
j:6, 2, stif=0.838
j:4, 1, stif=0.81
j:5, 4, stif=0.985
j:0, 2, stif=0.943
j:1, 5
n:j=1, d=|:p=0.197
n:p=2, d=Gpart:ry=-1.322
n:j=0, d=@:p=0.987
n:j=3, d=@
c:2, 1, -8.601
c:3, 1, -0.107
",0.004794109395999518,"//0
p:fr=0.472
p:1.008, 0.373, -0.184
p:1.493, -0.721, 0.349, fr=0.034
p:1.382, 0.583, 0.25, fr=1.112
p:0.314, -0.36, -1.305
p:1.511, -0.975, 0.532, fr=0.096
j:2, 3, stif=0.944
j:1, 3
j:5, 2, stif=0.838
j:4, 1, stif=0.81
j:0, 2, stif=0.943
n:j=1, d=|:p=0.197
n:p=2, d=Gpart:ry=-1.322
n:j=0, d=@:p=0.987
n:j=3, d=@
c:2, 1, -8.601
c:3, 1, -0.107
",8.803488968023751e-05,feasible,22
36,0,58,"//0
p:fr=0.472
p:1.008, 0.373, -0.184
p:1.493, -0.721, 0.349, fr=0.034
p:1.382, 0.583, 0.25, fr=1.112
p:0.314, -0.36, -1.305
p:1.885, 0.429, -1.511, fr=0.566
p:1.511, -0.975, 0.532, fr=0.096
j:2, 3, stif=0.944
j:1, 3
j:6, 2, stif=0.838
j:4, 1, stif=0.81
j:5, 4, stif=0.985
j:0, 2, stif=0.943
j:1, 5
n:j=1, d=|:p=0.197
n:p=2, d=Gpart:ry=-1.322
n:j=0, d=@:p=0.987
n:j=3, d=@
c:2, 1, -8.601
c:3, 1, -0.107
",0.004794109395999518,"//0
p:fr=0.472
p:1.008, 0.373, -0.184
p:1.493, -0.721, 0.349, fr=0.034
p:1.382, 0.583, 0.25, fr=1.112
p:0.314, -0.36, -1.305
p:1.885, 0.429, -1.511, fr=0.566
p:1.511, -0.975, 0.532, fr=0.096
p:2.065, -2.1, 0.478
j:2, 3, stif=0.944
j:1, 3
j:6, 2, stif=0.838
j:4, 1, stif=0.81
j:5, 4, stif=0.985
j:0, 2, stif=0.943
j:1, 5
j:7, 6
n:j=1, d=|:p=0.197
n:p=2, d=Gpart:ry=-1.322
n:j=0, d=@:p=0.987
n:j=3, d=@
c:2, 1, -8.601
c:3, 1, -0.107
",6.14407143423219e-05,feasible,22
36,0,58,"//0
p:fr=0.472
p:1.008, 0.373, -0.184
p:1.493, -0.721, 0.349, fr=0.034
p:1.382, 0.583, 0.25, fr=1.112
p:0.314, -0.36, -1.305
p:1.885, 0.429, -1.511, fr=0.566
p:1.511, -0.975, 0.532, fr=0.096
j:2, 3, stif=0.944
j:1, 3
j:6, 2, stif=0.838
j:4, 1, stif=0.81
j:5, 4, stif=0.985
j:0, 2, stif=0.943
j:1, 5
n:j=1, d=|:p=0.197
n:p=2, d=Gpart:ry=-1.322
n:j=0, d=@:p=0.987
n:j=3, d=@
c:2, 1, -8.601
c:3, 1, -0.107
",0.004794109395999518,"//0
p:fr=0.472
p:1.008, 0.373, -0.184
p:1.493, -0.721, 0.349, fr=0.034
p:1.382, 0.583, 0.25, fr=1.112
p:0.314, -0.36, -1.305
p:1.885, 0.429, -1.511, fr=0.566
p:1.511, -0.975, 0.532, fr=0.096
j:2, 3, stif=0.944
j:1, 3
j:6, 2, stif=0.838
j:4, 1, stif=0.81
j:0, 2, stif=0.943
j:1, 5
n:j=1, d=|:p=0.197
n:p=2, d=Gpart:ry=-1.322
n:j=0, d=@:p=0.987
n:j=3, d=@
c:2, 1, -8.601
c:3, 1, -0.107
",0.0035296899424477187,feasible,22
36,0,58,"//0
p:fr=0.472
p:1.008, 0.373, -0.184
p:1.493, -0.721, 0.349, fr=0.034
p:1.382, 0.583, 0.25, fr=1.112
p:0.314, -0.36, -1.305
p:1.885, 0.429, -1.511, fr=0.566
p:1.511, -0.975, 0.532, fr=0.096
j:2, 3, stif=0.944
j:1, 3
j:6, 2, stif=0.838
j:4, 1, stif=0.81
j:5, 4, stif=0.985
j:0, 2, stif=0.943
j:1, 5
n:j=1, d=|:p=0.197
n:p=2, d=Gpart:ry=-1.322
n:j=0, d=@:p=0.987
n:j=3, d=@
c:2, 1, -8.601
c:3, 1, -0.107
",0.004794109395999518,"//0
p:fr=0.472
p:1.008, 0.373, -0.184
p:1.493, -0.721, 0.349, fr=0.034
p:1.382, 0.583, 0.25, fr=1.112
p:0.314, -0.36, -1.305
p:1.885, 0.429, -1.511, fr=0.566
p:1.511, -0.975, 0.532, fr=0.096
p:0.029, -0.222, 0.144
j:2, 3, stif=0.944
j:1, 3
j:6, 2, stif=0.838
j:4, 1, stif=0.81
j:5, 4, stif=0.985
j:0, 2, stif=0.943
j:1, 5
j:7, 0
n:j=1, d=|:p=0.197
n:p=2, d=Gpart:ry=-1.322
n:j=0, d=@:p=0.987
n:j=3, d=@
c:2, 1, -8.601
c:3, 1, -0.107
",0.00050173195591065,feasible,22
36,0,58,"//0
p:fr=0.472
p:1.008, 0.373, -0.184
p:1.493, -0.721, 0.349, fr=0.034
p:1.382, 0.583, 0.25, fr=1.112
p:0.314, -0.36, -1.305
p:1.885, 0.429, -1.511, fr=0.566
p:1.511, -0.975, 0.532, fr=0.096
j:2, 3, stif=0.944
j:1, 3
j:6, 2, stif=0.838
j:4, 1, stif=0.81
j:5, 4, stif=0.985
j:0, 2, stif=0.943
j:1, 5
n:j=1, d=|:p=0.197
n:p=2, d=Gpart:ry=-1.322
n:j=0, d=@:p=0.987
n:j=3, d=@
c:2, 1, -8.601
c:3, 1, -0.107
",0.004794109395999518,"//0
p:fr=0.472
p:1.008, 0.373, -0.184
p:1.493, -0.721, 0.349, fr=0.034
p:1.382, 0.583, 0.25, fr=1.112, ing=0.088
p:0.314, -0.36, -1.305
p:1.885, 0.429, -1.511, fr=0.566
p:1.511, -0.975, 0.532, fr=0.096
j:2, 3, stif=0.944
j:1, 3
j:6, 2, stif=0.838
j:4, 1, stif=0.81
j:5, 4, stif=0.985
j:0, 2, stif=0.943
j:1, 5
n:j=1, d=|:p=0.197
n:p=2, d=Gpart:ry=-1.322
n:j=0, d=@:p=0.987
n:j=3, d=@
c:2, 1, -8.601
c:3, 1, -0.107
",0.004794109395999518,feasible,22
36,0,58,"//0
p:fr=0.472
p:1.008, 0.373, -0.184
p:1.493, -0.721, 0.349, fr=0.034
p:1.382, 0.583, 0.25, fr=1.112
p:0.314, -0.36, -1.305
p:1.885, 0.429, -1.511, fr=0.566
p:1.511, -0.975, 0.532, fr=0.096
j:2, 3, stif=0.944
j:1, 3
j:6, 2, stif=0.838
j:4, 1, stif=0.81
j:5, 4, stif=0.985
j:0, 2, stif=0.943
j:1, 5
n:j=1, d=|:p=0.197
n:p=2, d=Gpart:ry=-1.322
n:j=0, d=@:p=0.987
n:j=3, d=@
c:2, 1, -8.601
c:3, 1, -0.107
",0.004794109395999518,"//0
p:fr=0.472
p:1.008, 0.373, -0.184
p:1.493, -0.721, 0.349, fr=0.034
p:1.382, 0.583, 0.25, fr=1.112
p:0.314, -0.36, -1.305
p:1.885, 0.429, -1.511, fr=0.566
p:1.511, -0.975, 0.532, fr=0.096
j:2, 3, stif=0.944
j:1, 3, rotstif=0.997
j:6, 2, stif=0.838
j:4, 1, stif=0.81
j:5, 4, stif=0.985
j:0, 2, stif=0.943
j:1, 5
n:j=1, d=|:p=0.197
n:p=2, d=Gpart:ry=-1.322
n:j=0, d=@:p=0.987
n:j=3, d=@
c:2, 1, -8.601
c:3, 1, -0.107
",0.004794109395999518,feasible,22
36,0,58,"//0
p:fr=0.472
p:1.008, 0.373, -0.184
p:1.493, -0.721, 0.349, fr=0.034
p:1.382, 0.583, 0.25, fr=1.112
p:0.314, -0.36, -1.305
p:1.885, 0.429, -1.511, fr=0.566
p:1.511, -0.975, 0.532, fr=0.096
j:2, 3, stif=0.944
j:1, 3
j:6, 2, stif=0.838
j:4, 1, stif=0.81
j:5, 4, stif=0.985
j:0, 2, stif=0.943
j:1, 5
n:j=1, d=|:p=0.197
n:p=2, d=Gpart:ry=-1.322
n:j=0, d=@:p=0.987
n:j=3, d=@
c:2, 1, -8.601
c:3, 1, -0.107
",0.004794109395999518,"//0
p:fr=0.472
p:1.008, 0.373, -0.184
p:1.493, -0.721, 0.349, fr=0.034
p:1.382, 0.583, 0.25, fr=1.112
p:0.314, -0.36, -1.305
p:1.885, 0.429, -1.511, fr=0.566
p:1.511, -0.975, 0.532, fr=0.096
j:2, 3, stif=0.944
j:1, 3
j:6, 2, stif=0.838
j:4, 1, stif=0.81
j:5, 4, stif=0.985
j:0, 2, stif=0.943
j:1, 5
n:j=1, d=|:p=0.197
n:p=2, d=Gpart:ry=-1.322
n:j=0, d=@:p=0.987
n:j=3, d=@
c:3, 1, -0.107
",9.356157992726372e-07,feasible,22
36,0,58,"//0
p:fr=0.472
p:1.008, 0.373, -0.184
p:1.493, -0.721, 0.349, fr=0.034
p:1.382, 0.583, 0.25, fr=1.112
p:0.314, -0.36, -1.305
p:1.885, 0.429, -1.511, fr=0.566
p:1.511, -0.975, 0.532, fr=0.096
j:2, 3, stif=0.944
j:1, 3
j:6, 2, stif=0.838
j:4, 1, stif=0.81
j:5, 4, stif=0.985
j:0, 2, stif=0.943
j:1, 5
n:j=1, d=|:p=0.197
n:p=2, d=Gpart:ry=-1.322
n:j=0, d=@:p=0.987
n:j=3, d=@
c:2, 1, -8.601
c:3, 1, -0.107
",0.004794109395999518,"//0
p:fr=0.472
p:1.008, 0.373, -0.184
p:1.493, -0.721, 0.349, fr=0.034
p:1.382, 0.583, 0.25, fr=1.112
p:0.314, -0.36, -1.305, ing=0.302
p:1.885, 0.429, -1.511, fr=0.566
p:1.511, -0.975, 0.532, fr=0.096
j:2, 3, stif=0.944
j:1, 3
j:6, 2, stif=0.838
j:4, 1, stif=0.81
j:5, 4, stif=0.985
j:0, 2, stif=0.943
j:1, 5
n:j=1, d=|:p=0.197
n:p=2, d=Gpart:ry=-1.322
n:j=0, d=@:p=0.987
n:j=3, d=@
c:2, 1, -8.601
c:3, 1, -0.107
",0.004794109395999518,feasible,22
36,0,58,"//0
p:fr=0.472
p:1.008, 0.373, -0.184
p:1.493, -0.721, 0.349, fr=0.034
p:1.382, 0.583, 0.25, fr=1.112
p:0.314, -0.36, -1.305
p:1.885, 0.429, -1.511, fr=0.566
p:1.511, -0.975, 0.532, fr=0.096
j:2, 3, stif=0.944
j:1, 3
j:6, 2, stif=0.838
j:4, 1, stif=0.81
j:5, 4, stif=0.985
j:0, 2, stif=0.943
j:1, 5
n:j=1, d=|:p=0.197
n:p=2, d=Gpart:ry=-1.322
n:j=0, d=@:p=0.987
n:j=3, d=@
c:2, 1, -8.601
c:3, 1, -0.107
",0.004794109395999518,"//0
p:fr=0.472
p:1.008, 0.373, -0.184
p:1.493, -0.721, 0.349, fr=0.034
p:1.382, 0.583, 0.25, fr=1.112
p:0.314, -0.36, -1.305
p:1.885, 0.429, -1.511, fr=0.566
p:1.511, -0.975, 0.532, fr=0.096
j:2, 3, stif=0.944
j:1, 3
j:6, 2, stif=0.838
j:4, 1, stif=0.81
j:5, 4, stif=0.985
j:0, 2, stif=0.943
j:1, 5, stif=0.833
n:j=1, d=|:p=0.197
n:p=2, d=Gpart:ry=-1.322
n:j=0, d=@:p=0.987
n:j=3, d=@
c:2, 1, -8.601
c:3, 1, -0.107
",0.003400770462860203,feasible,22
36,0,58,"//0
p:fr=0.472
p:1.008, 0.373, -0.184
p:1.493, -0.721, 0.349, fr=0.034
p:1.382, 0.583, 0.25, fr=1.112
p:0.314, -0.36, -1.305
p:1.885, 0.429, -1.511, fr=0.566
p:1.511, -0.975, 0.532, fr=0.096
j:2, 3, stif=0.944
j:1, 3
j:6, 2, stif=0.838
j:4, 1, stif=0.81
j:5, 4, stif=0.985
j:0, 2, stif=0.943
j:1, 5
n:j=1, d=|:p=0.197
n:p=2, d=Gpart:ry=-1.322
n:j=0, d=@:p=0.987
n:j=3, d=@
c:2, 1, -8.601
c:3, 1, -0.107
",0.004794109395999518,"//0
p:fr=0.472
p:1.008, 0.373, -0.184
p:1.493, -0.721, 0.349, fr=0.034
p:1.382, 0.583, 0.25, fr=1.112
p:0.314, -0.36, -1.305
p:1.885, 0.429, -1.511, fr=0.566
p:1.511, -0.975, 0.532, fr=0.096
j:2, 3, stif=0.944
j:1, 3
j:6, 2, stif=0.838
j:4, 1, stif=0.81
j:5, 4, stif=0.985
j:0, 2, stif=0.959
j:1, 5
n:j=1, d=|:p=0.197
n:p=2, d=Gpart:ry=-1.322
n:j=0, d=@:p=0.987
n:j=3, d=@
c:2, 1, -8.601
c:3, 1, -0.107
",0.004818188328687698,feasible,22
36,0,58,"//0
p:fr=0.472
p:1.008, 0.373, -0.184
p:1.493, -0.721, 0.349, fr=0.034
p:1.382, 0.583, 0.25, fr=1.112
p:0.314, -0.36, -1.305
p:1.885, 0.429, -1.511, fr=0.566
p:1.511, -0.975, 0.532, fr=0.096
j:2, 3, stif=0.944
j:1, 3
j:6, 2, stif=0.838
j:4, 1, stif=0.81
j:5, 4, stif=0.985
j:0, 2, stif=0.943
j:1, 5
n:j=1, d=|:p=0.197
n:p=2, d=Gpart:ry=-1.322
n:j=0, d=@:p=0.987
n:j=3, d=@
c:2, 1, -8.601
c:3, 1, -0.107
",0.004794109395999518,"//0
p:fr=0.472
p:1.008, 0.373, -0.184
p:1.493, -0.721, 0.349, fr=0.034
p:1.382, 0.583, 0.25, fr=1.112
p:0.314, -0.36, -1.305
p:1.885, 0.429, -1.511, fr=0.566
p:1.511, -0.975, 0.532, fr=0.381
j:2, 3, stif=0.944
j:1, 3
j:6, 2, stif=0.838
j:4, 1, stif=0.81
j:5, 4, stif=0.985
j:0, 2, stif=0.943
j:1, 5
n:j=1, d=|:p=0.197
n:p=2, d=Gpart:ry=-1.322
n:j=0, d=@:p=0.987
n:j=3, d=@
c:2, 1, -8.601
c:3, 1, -0.107
",0.00478949820372285,feasible,22
36,0,58,"//0
p:fr=0.472
p:1.008, 0.373, -0.184
p:1.493, -0.721, 0.349, fr=0.034
p:1.382, 0.583, 0.25, fr=1.112
p:0.314, -0.36, -1.305
p:1.885, 0.429, -1.511, fr=0.566
p:1.511, -0.975, 0.532, fr=0.096
j:2, 3, stif=0.944
j:1, 3
j:6, 2, stif=0.838
j:4, 1, stif=0.81
j:5, 4, stif=0.985
j:0, 2, stif=0.943
j:1, 5
n:j=1, d=|:p=0.197
n:p=2, d=Gpart:ry=-1.322
n:j=0, d=@:p=0.987
n:j=3, d=@
c:2, 1, -8.601
c:3, 1, -0.107
",0.004794109395999518,"//0
p:fr=0.472
p:1.008, 0.373, -0.184
p:1.493, -0.721, 0.349, fr=0.034
p:1.382, 0.583, 0.25, fr=1.112
p:0.314, -0.36, -1.305
p:1.885, 0.429, -1.511, fr=0.566
p:1.511, -0.975, 0.532, fr=0.096
j:2, 3, stif=0.944
j:1, 3
j:6, 2, stif=0.838
j:4, 1, stif=0.81
j:5, 4, stif=0.863
j:0, 2, stif=0.943
j:1, 5
n:j=1, d=|:p=0.197
n:p=2, d=Gpart:ry=-1.322
n:j=0, d=@:p=0.987
n:j=3, d=@
c:2, 1, -8.601
c:3, 1, -0.107
",0.0047941725956812745,feasible,22
36,0,58,"//0
p:fr=0.472
p:1.008, 0.373, -0.184
p:1.493, -0.721, 0.349, fr=0.034
p:1.382, 0.583, 0.25, fr=1.112
p:0.314, -0.36, -1.305
p:1.885, 0.429, -1.511, fr=0.566
p:1.511, -0.975, 0.532, fr=0.096
j:2, 3, stif=0.944
j:1, 3
j:6, 2, stif=0.838
j:4, 1, stif=0.81
j:5, 4, stif=0.985
j:0, 2, stif=0.943
j:1, 5
n:j=1, d=|:p=0.197
n:p=2, d=Gpart:ry=-1.322
n:j=0, d=@:p=0.987
n:j=3, d=@
c:2, 1, -8.601
c:3, 1, -0.107
",0.004794109395999518,"//0
p:fr=0.472
p:1.008, 0.373, -0.184
p:1.493, -0.721, 0.349, fr=0.034
p:1.382, 0.583, 0.25, fr=1.112
p:0.314, -0.36, -1.305
p:1.885, 0.429, -1.511, fr=0.566
p:1.511, -0.975, 0.532, fr=0.096
j:2, 3, stif=0.944
j:1, 3
j:6, 2, stif=0.838
j:4, 1, stif=0.81
j:5, 4, stif=0.985
j:0, 2, stif=0.943
j:1, 5
n:j=1, d=|:p=0.197
n:p=2, d=Gpart:ry=-1.322
n:j=0, d=@:p=0.987
c:2, 1, -8.601
",0.004750625034212063,feasible,22
36,0,58,"//0
p:fr=0.472
p:1.008, 0.373, -0.184
p:1.493, -0.721, 0.349, fr=0.034
p:1.382, 0.583, 0.25, fr=1.112
p:0.314, -0.36, -1.305
p:1.885, 0.429, -1.511, fr=0.566
p:1.511, -0.975, 0.532, fr=0.096
j:2, 3, stif=0.944
j:1, 3
j:6, 2, stif=0.838
j:4, 1, stif=0.81
j:5, 4, stif=0.985
j:0, 2, stif=0.943
j:1, 5
n:j=1, d=|:p=0.197
n:p=2, d=Gpart:ry=-1.322
n:j=0, d=@:p=0.987
n:j=3, d=@
c:2, 1, -8.601
c:3, 1, -0.107
",0.004794109395999518,"//0
p:fr=0.472
p:1.008, 0.373, -0.184, ing=0.14
p:1.493, -0.721, 0.349, fr=0.034
p:1.382, 0.583, 0.25, fr=1.112
p:0.314, -0.36, -1.305
p:1.885, 0.429, -1.511, fr=0.566
p:1.511, -0.975, 0.532, fr=0.096
j:2, 3, stif=0.944
j:1, 3
j:6, 2, stif=0.838
j:4, 1, stif=0.81
j:5, 4, stif=0.985
j:0, 2, stif=0.943
j:1, 5
n:j=1, d=|:p=0.197
n:p=2, d=Gpart:ry=-1.322
n:j=0, d=@:p=0.987
n:j=3, d=@
c:2, 1, -8.601
c:3, 1, -0.107
",0.004794109395999518,feasible,22
36,0,58,"//0
p:fr=0.472
p:1.008, 0.373, -0.184
p:1.493, -0.721, 0.349, fr=0.034
p:1.382, 0.583, 0.25, fr=1.112
p:0.314, -0.36, -1.305
p:1.885, 0.429, -1.511, fr=0.566
p:1.511, -0.975, 0.532, fr=0.096
j:2, 3, stif=0.944
j:1, 3
j:6, 2, stif=0.838
j:4, 1, stif=0.81
j:5, 4, stif=0.985
j:0, 2, stif=0.943
j:1, 5
n:j=1, d=|:p=0.197
n:p=2, d=Gpart:ry=-1.322
n:j=0, d=@:p=0.987
n:j=3, d=@
c:2, 1, -8.601
c:3, 1, -0.107
",0.004794109395999518,"//0
p:1.008, 0.373, -0.184
p:1.493, -0.721, 0.349, fr=0.034
p:1.382, 0.583, 0.25, fr=1.112
p:0.314, -0.36, -1.305
p:1.885, 0.429, -1.511, fr=0.566
p:1.511, -0.975, 0.532, fr=0.096
j:1, 2, stif=0.944
j:0, 2
j:5, 1, stif=0.838
j:3, 0, stif=0.81
j:4, 3, stif=0.985
j:0, 4
n:j=1, d=|:p=0.197
n:p=1, d=Gpart:ry=-1.322
n:j=0, d=@:p=0.987
n:j=3, d=@
c:2, 1, -8.601
c:3, 1, -0.107
",7.117534254694497e-05,feasible,22
36,0,58,"//0
p:fr=0.472
p:1.008, 0.373, -0.184
p:1.493, -0.721, 0.349, fr=0.034
p:1.382, 0.583, 0.25, fr=1.112
p:0.314, -0.36, -1.305
p:1.885, 0.429, -1.511, fr=0.566
p:1.511, -0.975, 0.532, fr=0.096
j:2, 3, stif=0.944
j:1, 3
j:6, 2, stif=0.838
j:4, 1, stif=0.81
j:5, 4, stif=0.985
j:0, 2, stif=0.943
j:1, 5
n:j=1, d=|:p=0.197
n:p=2, d=Gpart:ry=-1.322
n:j=0, d=@:p=0.987
n:j=3, d=@
c:2, 1, -8.601
c:3, 1, -0.107
",0.004794109395999518,"//0
p:fr=0.472
p:1.008, 0.373, -0.184
p:1.493, -0.721, 0.349, fr=0.034
p:1.382, 0.583, 0.25, fr=1.112
p:0.314, -0.36, -1.305
p:1.885, 0.429, -1.511, fr=0.566
p:1.511, -0.975, 0.532, fr=0.096
j:2, 3, stif=0.944
j:1, 3
j:6, 2, stif=0.838
j:4, 1, stif=0.81
j:5, 4, stif=0.985
j:0, 2, stif=0.943, rotstif=0.869
j:1, 5
n:j=1, d=|:p=0.197
n:p=2, d=Gpart:ry=-1.322
n:j=0, d=@:p=0.987
n:j=3, d=@
c:2, 1, -8.601
c:3, 1, -0.107
",0.004794109395999518,feasible,22
36,0,58,"//0
p:fr=0.472
p:1.008, 0.373, -0.184
p:1.493, -0.721, 0.349, fr=0.034
p:1.382, 0.583, 0.25, fr=1.112
p:0.314, -0.36, -1.305
p:1.885, 0.429, -1.511, fr=0.566
p:1.511, -0.975, 0.532, fr=0.096
j:2, 3, stif=0.944
j:1, 3
j:6, 2, stif=0.838
j:4, 1, stif=0.81
j:5, 4, stif=0.985
j:0, 2, stif=0.943
j:1, 5
n:j=1, d=|:p=0.197
n:p=2, d=Gpart:ry=-1.322
n:j=0, d=@:p=0.987
n:j=3, d=@
c:2, 1, -8.601
c:3, 1, -0.107
",0.004794109395999518,"//0
p:fr=0.472
p:1.008, 0.373, -0.184
p:1.493, -0.721, 0.349, fr=0.034
p:1.382, 0.583, 0.25, fr=1.112
p:0.21417211313126105, -0.6407263763285831, -1.2595647354712092
p:1.885, 0.429, -1.511, fr=0.566
p:1.511, -0.975, 0.532, fr=0.096
j:2, 3, stif=0.944
j:1, 3
j:6, 2, stif=0.838
j:4, 1, stif=0.81
j:5, 4, stif=0.985
j:0, 2, stif=0.943
j:1, 5
n:j=1, d=|:p=0.197
n:p=2, d=Gpart:ry=-1.322
n:j=0, d=@:p=0.987
n:j=3, d=@
c:2, 1, -8.601
c:3, 1, -0.107
",3.3913198159026106e-05,feasible,22
36,0,58,"//0
p:fr=0.472
p:1.008, 0.373, -0.184
p:1.493, -0.721, 0.349, fr=0.034
p:1.382, 0.583, 0.25, fr=1.112
p:0.314, -0.36, -1.305
p:1.885, 0.429, -1.511, fr=0.566
p:1.511, -0.975, 0.532, fr=0.096
j:2, 3, stif=0.944
j:1, 3
j:6, 2, stif=0.838
j:4, 1, stif=0.81
j:5, 4, stif=0.985
j:0, 2, stif=0.943
j:1, 5
n:j=1, d=|:p=0.197
n:p=2, d=Gpart:ry=-1.322
n:j=0, d=@:p=0.987
n:j=3, d=@
c:2, 1, -8.601
c:3, 1, -0.107
",0.004794109395999518,"//0
p:fr=0.472
p:1.008, 0.373, -0.184
p:1.493, -0.721, 0.349, fr=0.034
p:1.382, 0.583, 0.25, fr=1.112
p:0.314, -0.36, -1.305
p:1.885, 0.429, -1.511, fr=0.566
p:1.511, -0.975, 0.532, fr=0.096
j:2, 3, stif=0.944
j:1, 3
j:6, 2, stif=0.838
j:4, 1, stif=0.81
j:5, 4, stif=0.985
j:0, 2, stif=0.943
j:1, 5
n:j=1, d=|:p=0.197
n:p=2, d=Gpart:ry=-1.322
n:j=0, d=@:p=0.987
n:j=3, d=@:p=0.945
c:2, 1, -8.601
c:3, 1, -0.107
",0.004819966311580227,feasible,22
36,0,59,"//0
p:fr=0.472
p:1.008, 0.373, -0.184
p:1.493, -0.721, 0.349, fr=0.034
p:1.382, 0.583, 0.25, fr=1.112
p:0.314, -0.36, -1.305
p:1.885, 0.429, -1.511, fr=0.566
p:1.511, -0.975, 0.532, fr=0.096
j:2, 3, stif=0.944
j:1, 3
j:6, 2, stif=0.838
j:4, 1, stif=0.81
j:5, 4, stif=0.985
j:0, 2, stif=0.943
j:1, 5
n:j=1, d=|:p=0.197
n:p=2, d=Gpart:ry=-1.322
n:j=0, d=@:p=0.987
n:j=3, d=@
c:2, 1, -8.601
",0.004953781401717922,"//0
p:fr=0.472
p:1.008, 0.373, -0.184
p:1.493, -0.721, 0.349, fr=0.034
p:1.382, 0.583, 0.25, fr=1.112
p:0.314, -0.36, -1.305, fr=0.328
p:1.885, 0.429, -1.511, fr=0.566
p:1.511, -0.975, 0.532, fr=0.096
j:2, 3, stif=0.944
j:1, 3
j:6, 2, stif=0.838
j:4, 1, stif=0.81
j:5, 4, stif=0.985
j:0, 2, stif=0.943
j:1, 5
n:j=1, d=|:p=0.197
n:p=2, d=Gpart:ry=-1.322
n:j=0, d=@:p=0.987
n:j=3, d=@
c:2, 1, -8.601
",0.004854534064067005,feasible,24
36,0,59,"//0
p:fr=0.472
p:1.008, 0.373, -0.184
p:1.493, -0.721, 0.349, fr=0.034
p:1.382, 0.583, 0.25, fr=1.112
p:0.314, -0.36, -1.305
p:1.885, 0.429, -1.511, fr=0.566
p:1.511, -0.975, 0.532, fr=0.096
j:2, 3, stif=0.944
j:1, 3
j:6, 2, stif=0.838
j:4, 1, stif=0.81
j:5, 4, stif=0.985
j:0, 2, stif=0.943
j:1, 5
n:j=1, d=|:p=0.197
n:p=2, d=Gpart:ry=-1.322
n:j=0, d=@:p=0.987
n:j=3, d=@
c:2, 1, -8.601
",0.004953781401717922,"//0
p:fr=0.472
p:1.008, 0.373, -0.184
p:1.493, -0.721, 0.349, fr=0.034
p:1.382, 0.583, 0.25, fr=1.112
p:0.314, -0.36, -1.305
p:1.885, 0.429, -1.511, fr=0.566
p:1.511, -0.975, 0.532, fr=0.096
j:2, 3, stif=0.944
j:1, 3
j:6, 2, stif=0.838
j:4, 1, stif=0.971
j:5, 4, stif=0.985
j:0, 2, stif=0.943
j:1, 5
n:j=1, d=|:p=0.197
n:p=2, d=Gpart:ry=-1.322
n:j=0, d=@:p=0.987
n:j=3, d=@
c:2, 1, -8.601
",0.004810336254735777,feasible,24
36,0,59,"//0
p:fr=0.472
p:1.008, 0.373, -0.184
p:1.493, -0.721, 0.349, fr=0.034
p:1.382, 0.583, 0.25, fr=1.112
p:0.314, -0.36, -1.305
p:1.885, 0.429, -1.511, fr=0.566
p:1.511, -0.975, 0.532, fr=0.096
j:2, 3, stif=0.944
j:1, 3
j:6, 2, stif=0.838
j:4, 1, stif=0.81
j:5, 4, stif=0.985
j:0, 2, stif=0.943
j:1, 5
n:j=1, d=|:p=0.197
n:p=2, d=Gpart:ry=-1.322
n:j=0, d=@:p=0.987
n:j=3, d=@
c:2, 1, -8.601
",0.004953781401717922,"//0
p:fr=0.472
p:1.008, 0.373, -0.184
p:1.493, -0.721, 0.349, fr=0.034
p:1.382, 0.583, 0.25, fr=1.112
p:0.3501332970791162, -0.3710637152210016, -1.25430918289325
p:1.885, 0.429, -1.511, fr=0.566
p:1.511, -0.975, 0.532, fr=0.096
j:2, 3, stif=0.944
j:1, 3
j:6, 2, stif=0.838
j:4, 1, stif=0.81
j:5, 4, stif=0.985
j:0, 2, stif=0.943
j:1, 5
j:2, 4
n:j=1, d=|:p=0.197
n:p=2, d=Gpart:ry=-1.322
n:j=0, d=@:p=0.987
n:j=3, d=@
c:2, 1, -8.601
",2.7119063697229917e-06,feasible,24
36,0,59,"//0
p:fr=0.472
p:1.008, 0.373, -0.184
p:1.493, -0.721, 0.349, fr=0.034
p:1.382, 0.583, 0.25, fr=1.112
p:0.314, -0.36, -1.305
p:1.885, 0.429, -1.511, fr=0.566
p:1.511, -0.975, 0.532, fr=0.096
j:2, 3, stif=0.944
j:1, 3
j:6, 2, stif=0.838
j:4, 1, stif=0.81
j:5, 4, stif=0.985
j:0, 2, stif=0.943
j:1, 5
n:j=1, d=|:p=0.197
n:p=2, d=Gpart:ry=-1.322
n:j=0, d=@:p=0.987
n:j=3, d=@
c:2, 1, -8.601
",0.004953781401717922,"//0
p:fr=0.472
p:1.008, 0.373, -0.184
p:1.493, -0.721, 0.349, fr=0.034
p:1.382, 0.583, 0.25, fr=1.112
p:0.314, -0.36, -1.305
p:1.885, 0.429, -1.511, fr=0.566
p:1.511, -0.975, 0.532, fr=0.42
j:2, 3, stif=0.944
j:1, 3
j:6, 2, stif=0.838
j:4, 1, stif=0.81
j:5, 4, stif=0.985
j:0, 2, stif=0.943
j:1, 5
n:j=1, d=|:p=0.197
n:p=2, d=Gpart:ry=-1.322
n:j=0, d=@:p=0.987
n:j=3, d=@
c:2, 1, -8.601
",0.00496710244914159,feasible,24
36,0,59,"//0
p:fr=0.472
p:1.008, 0.373, -0.184
p:1.493, -0.721, 0.349, fr=0.034
p:1.382, 0.583, 0.25, fr=1.112
p:0.314, -0.36, -1.305
p:1.885, 0.429, -1.511, fr=0.566
p:1.511, -0.975, 0.532, fr=0.096
j:2, 3, stif=0.944
j:1, 3
j:6, 2, stif=0.838
j:4, 1, stif=0.81
j:5, 4, stif=0.985
j:0, 2, stif=0.943
j:1, 5
n:j=1, d=|:p=0.197
n:p=2, d=Gpart:ry=-1.322
n:j=0, d=@:p=0.987
n:j=3, d=@
c:2, 1, -8.601
",0.004953781401717922,"//0
p:fr=0.472
p:1.008, 0.373, -0.184
p:1.493, -0.721, 0.349, fr=0.034
p:1.382, 0.583, 0.25, fr=1.112
p:0.314, -0.36, -1.305
p:1.885, 0.429, -1.511, fr=0.566
p:1.511, -0.975, 0.532, fr=0.096
j:2, 3, stif=0.944
j:1, 3
j:6, 2, stif=0.838
j:4, 1, stif=0.81
j:5, 4, stif=0.985
j:0, 2, stif=0.943
j:1, 5
n:j=1, d=|:p=0.197
n:p=2, d=Gpart:ry=-1.322
n:j=0, d=@:p=0.987
n:j=3, d=@
",8.816158358162799e-07,feasible,24
36,0,59,"//0
p:fr=0.472
p:1.008, 0.373, -0.184
p:1.493, -0.721, 0.349, fr=0.034
p:1.382, 0.583, 0.25, fr=1.112
p:0.314, -0.36, -1.305
p:1.885, 0.429, -1.511, fr=0.566
p:1.511, -0.975, 0.532, fr=0.096
j:2, 3, stif=0.944
j:1, 3
j:6, 2, stif=0.838
j:4, 1, stif=0.81
j:5, 4, stif=0.985
j:0, 2, stif=0.943
j:1, 5
n:j=1, d=|:p=0.197
n:p=2, d=Gpart:ry=-1.322
n:j=0, d=@:p=0.987
n:j=3, d=@
c:2, 1, -8.601
",0.004953781401717922,"//0
p:fr=0.472
p:1.008, 0.373, -0.184
p:1.493, -0.721, 0.349, fr=0.034
p:1.396, 0.591, 0.139, fr=1.112
p:0.314, -0.36, -1.305
p:1.885, 0.429, -1.511, fr=0.566
p:1.511, -0.975, 0.532, fr=0.096
j:2, 3, stif=0.944
j:1, 3
j:6, 2, stif=0.838
j:4, 1, stif=0.81
j:5, 4, stif=0.985
j:0, 2, stif=0.943
j:1, 5
n:j=1, d=|:p=0.197
n:p=2, d=Gpart:ry=-1.322
n:j=0, d=@:p=0.987
n:j=3, d=@
c:2, 1, -8.601
",0.004584106067981539,feasible,24
36,0,59,"//0
p:fr=0.472
p:1.008, 0.373, -0.184
p:1.493, -0.721, 0.349, fr=0.034
p:1.382, 0.583, 0.25, fr=1.112
p:0.314, -0.36, -1.305
p:1.885, 0.429, -1.511, fr=0.566
p:1.511, -0.975, 0.532, fr=0.096
j:2, 3, stif=0.944
j:1, 3
j:6, 2, stif=0.838
j:4, 1, stif=0.81
j:5, 4, stif=0.985
j:0, 2, stif=0.943
j:1, 5
n:j=1, d=|:p=0.197
n:p=2, d=Gpart:ry=-1.322
n:j=0, d=@:p=0.987
n:j=3, d=@
c:2, 1, -8.601
",0.004953781401717922,"//0
p:fr=0.472
p:1.008, 0.373, -0.184
p:1.493, -0.721, 0.349, fr=0.034
p:1.382, 0.583, 0.25, fr=1.112
p:0.314, -0.36, -1.305
p:1.885, 0.429, -1.511, fr=0.566
p:1.511, -0.975, 0.532, fr=0.096
j:2, 3, stif=0.944
j:1, 3
j:6, 2, stif=0.838
j:4, 1, stif=0.81
j:5, 4, stif=0.985
j:0, 2, stif=0.943
j:1, 5, rotstif=0.986
n:j=1, d=|:p=0.197
n:p=2, d=Gpart:ry=-1.322
n:j=0, d=@:p=0.987
n:j=3, d=@
c:2, 1, -8.601
",0.004953781401717922,feasible,24
36,0,59,"//0
p:fr=0.472
p:1.008, 0.373, -0.184
p:1.493, -0.721, 0.349, fr=0.034
p:1.382, 0.583, 0.25, fr=1.112
p:0.314, -0.36, -1.305
p:1.885, 0.429, -1.511, fr=0.566
p:1.511, -0.975, 0.532, fr=0.096
j:2, 3, stif=0.944
j:1, 3
j:6, 2, stif=0.838
j:4, 1, stif=0.81
j:5, 4, stif=0.985
j:0, 2, stif=0.943
j:1, 5
n:j=1, d=|:p=0.197
n:p=2, d=Gpart:ry=-1.322
n:j=0, d=@:p=0.987
n:j=3, d=@
c:2, 1, -8.601
",0.004953781401717922,"//0
p:fr=0.472
p:1.008, 0.373, -0.184
p:1.493, -0.721, 0.349, fr=0.034
p:1.382, 0.583, 0.25, fr=1.112
p:0.314, -0.36, -1.305
p:1.885, 0.429, -1.511, fr=0.566
p:1.511, -0.975, 0.532, fr=0.096
j:2, 3, stif=0.944
j:1, 3
j:6, 2, stif=0.838
j:4, 1, stif=0.81
j:5, 4, stif=0.985
j:0, 2, stif=0.943
j:1, 5
n:j=1, d=|:p=0.168
n:p=2, d=Gpart:ry=-1.322
n:j=0, d=@:p=0.987
n:j=3, d=@
c:2, 1, -8.601
",0.004670105710505866,feasible,24
36,0,59,"//0
p:fr=0.472
p:1.008, 0.373, -0.184
p:1.493, -0.721, 0.349, fr=0.034
p:1.382, 0.583, 0.25, fr=1.112
p:0.314, -0.36, -1.305
p:1.885, 0.429, -1.511, fr=0.566
p:1.511, -0.975, 0.532, fr=0.096
j:2, 3, stif=0.944
j:1, 3
j:6, 2, stif=0.838
j:4, 1, stif=0.81
j:5, 4, stif=0.985
j:0, 2, stif=0.943
j:1, 5
n:j=1, d=|:p=0.197
n:p=2, d=Gpart:ry=-1.322
n:j=0, d=@:p=0.987
n:j=3, d=@
c:2, 1, -8.601
",0.004953781401717922,"//0
p:fr=0.472
p:1.008, 0.373, -0.184
p:1.493, -0.721, 0.349, fr=0.034, ing=0.439
p:1.382, 0.583, 0.25, fr=1.112
p:0.314, -0.36, -1.305
p:1.885, 0.429, -1.511, fr=0.566
p:1.511, -0.975, 0.532, fr=0.096
j:2, 3, stif=0.944
j:1, 3
j:6, 2, stif=0.838
j:4, 1, stif=0.81
j:5, 4, stif=0.985
j:0, 2, stif=0.943
j:1, 5
n:j=1, d=|:p=0.197
n:p=2, d=Gpart:ry=-1.322
n:j=0, d=@:p=0.987
n:j=3, d=@
c:2, 1, -8.601
",0.004953781401717922,feasible,24
36,0,59,"//0
p:fr=0.472
p:1.008, 0.373, -0.184
p:1.493, -0.721, 0.349, fr=0.034
p:1.382, 0.583, 0.25, fr=1.112
p:0.314, -0.36, -1.305
p:1.885, 0.429, -1.511, fr=0.566
p:1.511, -0.975, 0.532, fr=0.096
j:2, 3, stif=0.944
j:1, 3
j:6, 2, stif=0.838
j:4, 1, stif=0.81
j:5, 4, stif=0.985
j:0, 2, stif=0.943
j:1, 5
n:j=1, d=|:p=0.197
n:p=2, d=Gpart:ry=-1.322
n:j=0, d=@:p=0.987
n:j=3, d=@
c:2, 1, -8.601
",0.004953781401717922,"//0
p:fr=0.472
p:1.008, 0.373, -0.184
p:1.493, -0.721, 0.349, fr=0.034
p:1.382, 0.583, 0.25, fr=1.112
p:0.314, -0.36, -1.305
p:1.885, 0.429, -1.511, fr=0.566
p:1.511, -0.975, 0.532, fr=0.096
p:-0.253, -0.117, -1.653
j:2, 3, stif=0.944
j:1, 3
j:6, 2, stif=0.838
j:4, 1, stif=0.81
j:5, 4, stif=0.985
j:0, 2, stif=0.943
j:1, 5
j:7, 4
n:j=1, d=|:p=0.197
n:p=2, d=Gpart:ry=-1.322
n:j=0, d=@:p=0.987
n:j=3, d=@
c:2, 1, -8.601
",0.0004691185294427999,feasible,24
36,0,59,"//0
p:fr=0.472
p:1.008, 0.373, -0.184
p:1.493, -0.721, 0.349, fr=0.034
p:1.382, 0.583, 0.25, fr=1.112
p:0.314, -0.36, -1.305
p:1.885, 0.429, -1.511, fr=0.566
p:1.511, -0.975, 0.532, fr=0.096
j:2, 3, stif=0.944
j:1, 3
j:6, 2, stif=0.838
j:4, 1, stif=0.81
j:5, 4, stif=0.985
j:0, 2, stif=0.943
j:1, 5
n:j=1, d=|:p=0.197
n:p=2, d=Gpart:ry=-1.322
n:j=0, d=@:p=0.987
n:j=3, d=@
c:2, 1, -8.601
",0.004953781401717922,"//0
p:fr=0.472
p:1.008, 0.373, -0.184
p:1.493, -0.721, 0.349, fr=0.034
p:1.382, 0.583, 0.25, fr=1.112
p:0.314, -0.36, -1.305
p:1.885, 0.429, -1.511, fr=0.566
p:1.511, -0.975, 0.532, fr=0.096
j:2, 3, stif=0.944
j:1, 3
j:6, 2, stif=0.838
j:4, 1, stif=0.81
j:5, 4, stif=0.985
j:0, 2, stif=0.943
j:1, 5
j:6, 3
n:j=1, d=|:p=0.197
n:p=2, d=Gpart:ry=-1.322
n:j=0, d=@:p=0.987
n:j=3, d=@
c:2, 1, -8.601
",1.574213524225123e-06,feasible,24
36,0,59,"//0
p:fr=0.472
p:1.008, 0.373, -0.184
p:1.493, -0.721, 0.349, fr=0.034
p:1.382, 0.583, 0.25, fr=1.112
p:0.314, -0.36, -1.305
p:1.885, 0.429, -1.511, fr=0.566
p:1.511, -0.975, 0.532, fr=0.096
j:2, 3, stif=0.944
j:1, 3
j:6, 2, stif=0.838
j:4, 1, stif=0.81
j:5, 4, stif=0.985
j:0, 2, stif=0.943
j:1, 5
n:j=1, d=|:p=0.197
n:p=2, d=Gpart:ry=-1.322
n:j=0, d=@:p=0.987
n:j=3, d=@
c:2, 1, -8.601
",0.004953781401717922,"//0
p:fr=0.472
p:1.008, 0.373, -0.184
p:1.493, -0.721, 0.349, fr=0.034
p:1.382, 0.583, 0.25, fr=1.112
p:0.314, -0.36, -1.305
p:1.885, 0.429, -1.511, fr=0.566
p:1.633, -0.856, 0.501, fr=0.096
j:2, 3, stif=0.944
j:1, 3
j:6, 2, stif=0.838
j:4, 1, stif=0.81
j:5, 4, stif=0.985
j:0, 2, stif=0.943
j:1, 5
n:j=1, d=|:p=0.197
n:p=2, d=Gpart:ry=-1.322
n:j=0, d=@:p=0.987
n:j=3, d=@
c:2, 1, -8.601
",0.004465833900166964,feasible,24
36,0,59,"//0
p:fr=0.472
p:1.008, 0.373, -0.184
p:1.493, -0.721, 0.349, fr=0.034
p:1.382, 0.583, 0.25, fr=1.112
p:0.314, -0.36, -1.305
p:1.885, 0.429, -1.511, fr=0.566
p:1.511, -0.975, 0.532, fr=0.096
j:2, 3, stif=0.944
j:1, 3
j:6, 2, stif=0.838
j:4, 1, stif=0.81
j:5, 4, stif=0.985
j:0, 2, stif=0.943
j:1, 5
n:j=1, d=|:p=0.197
n:p=2, d=Gpart:ry=-1.322
n:j=0, d=@:p=0.987
n:j=3, d=@
c:2, 1, -8.601
",0.004953781401717922,"//0
p:fr=0.472
p:1.008, 0.373, -0.184
p:1.493, -0.721, 0.349, fr=0.034
p:1.382, 0.583, 0.25, fr=1.112
p:0.314, -0.36, -1.305
p:1.885, 0.429, -1.511, fr=0.566
p:1.511, -0.975, 0.532, fr=0.096
j:2, 3, stif=0.944
j:1, 3
j:6, 2, stif=0.838
j:4, 1, stif=0.815
j:5, 4, stif=0.985
j:0, 2, stif=0.943
j:1, 5
n:j=1, d=|:p=0.197
n:p=2, d=Gpart:ry=-1.322
n:j=0, d=@:p=0.987
n:j=3, d=@
c:2, 1, -8.601
",0.004969107751849404,feasible,24
36,0,59,"//0
p:fr=0.472
p:1.008, 0.373, -0.184
p:1.493, -0.721, 0.349, fr=0.034
p:1.382, 0.583, 0.25, fr=1.112
p:0.314, -0.36, -1.305
p:1.885, 0.429, -1.511, fr=0.566
p:1.511, -0.975, 0.532, fr=0.096
j:2, 3, stif=0.944
j:1, 3
j:6, 2, stif=0.838
j:4, 1, stif=0.81
j:5, 4, stif=0.985
j:0, 2, stif=0.943
j:1, 5
n:j=1, d=|:p=0.197
n:p=2, d=Gpart:ry=-1.322
n:j=0, d=@:p=0.987
n:j=3, d=@
c:2, 1, -8.601
",0.004953781401717922,"//0
p:fr=0.472
p:1.008, 0.373, -0.184
p:1.493, -0.721, 0.349, fr=0.034
p:1.382, 0.583, 0.25, fr=1.112
p:0.314, -0.36, -1.305
p:1.885, 0.429, -1.511, fr=0.566
p:1.511, -0.975, 0.532, fr=0.096
j:2, 3, stif=0.944
j:1, 3
j:6, 2, stif=0.838
j:4, 1, stif=0.81
j:5, 4, stif=0.985
j:0, 2, stif=0.943
j:1, 5
n:j=1, d=|:p=0.197
n:p=2, d=Gpart:ry=-1.322
n:j=0, d=@:p=0.987
n:j=3, d=@
c:2, 1, -8.601
c:3, 1, -0.71
",0.0015618509337888347,feasible,24
36,0,59,"//0
p:fr=0.472
p:1.008, 0.373, -0.184
p:1.493, -0.721, 0.349, fr=0.034
p:1.382, 0.583, 0.25, fr=1.112
p:0.314, -0.36, -1.305
p:1.885, 0.429, -1.511, fr=0.566
p:1.511, -0.975, 0.532, fr=0.096
j:2, 3, stif=0.944
j:1, 3
j:6, 2, stif=0.838
j:4, 1, stif=0.81
j:5, 4, stif=0.985
j:0, 2, stif=0.943
j:1, 5
n:j=1, d=|:p=0.197
n:p=2, d=Gpart:ry=-1.322
n:j=0, d=@:p=0.987
n:j=3, d=@
c:2, 1, -8.601
",0.004953781401717922,"//0
p:fr=0.472
p:1.008, 0.373, -0.184
p:1.493, -0.721, 0.349, fr=0.034
p:1.382, 0.583, 0.25, fr=1.112
p:0.314, -0.36, -1.305
p:1.885, 0.429, -1.511, fr=0.566
p:1.511, -0.975, 0.532, fr=0.096
j:2, 3, stif=0.944
j:1, 3
j:6, 2, stif=0.838, rotstif=0.916
j:4, 1, stif=0.81
j:5, 4, stif=0.985
j:0, 2, stif=0.943
j:1, 5
n:j=1, d=|:p=0.197
n:p=2, d=Gpart:ry=-1.322
n:j=0, d=@:p=0.987
n:j=3, d=@
c:2, 1, -8.601
",0.004953781401717922,feasible,24
36,0,59,"//0
p:fr=0.472
p:1.008, 0.373, -0.184
p:1.493, -0.721, 0.349, fr=0.034
p:1.382, 0.583, 0.25, fr=1.112
p:0.314, -0.36, -1.305
p:1.885, 0.429, -1.511, fr=0.566
p:1.511, -0.975, 0.532, fr=0.096
j:2, 3, stif=0.944
j:1, 3
j:6, 2, stif=0.838
j:4, 1, stif=0.81
j:5, 4, stif=0.985
j:0, 2, stif=0.943
j:1, 5
n:j=1, d=|:p=0.197
n:p=2, d=Gpart:ry=-1.322
n:j=0, d=@:p=0.987
n:j=3, d=@
c:2, 1, -8.601
",0.004953781401717922,"//0
p:0.072, -0.025, -0.015, fr=0.472
p:1.008, 0.373, -0.184
p:1.493, -0.721, 0.349, fr=0.034
p:1.382, 0.583, 0.25, fr=1.112
p:0.314, -0.36, -1.305
p:1.885, 0.429, -1.511, fr=0.566
p:1.511, -0.975, 0.532, fr=0.096
j:2, 3, stif=0.944
j:1, 3
j:6, 2, stif=0.838
j:4, 1, stif=0.81
j:5, 4, stif=0.985
j:0, 2, stif=0.943
j:1, 5
n:j=1, d=|:p=0.197
n:p=2, d=Gpart:ry=-1.322
n:j=0, d=@:p=0.987
n:j=3, d=@
c:2, 1, -8.601
",0.005007061888878389,feasible,24
36,0,59,"//0
p:fr=0.472
p:1.008, 0.373, -0.184
p:1.493, -0.721, 0.349, fr=0.034
p:1.382, 0.583, 0.25, fr=1.112
p:0.314, -0.36, -1.305
p:1.885, 0.429, -1.511, fr=0.566
p:1.511, -0.975, 0.532, fr=0.096
j:2, 3, stif=0.944
j:1, 3
j:6, 2, stif=0.838
j:4, 1, stif=0.81
j:5, 4, stif=0.985
j:0, 2, stif=0.943
j:1, 5
n:j=1, d=|:p=0.197
n:p=2, d=Gpart:ry=-1.322
n:j=0, d=@:p=0.987
n:j=3, d=@
c:2, 1, -8.601
",0.004953781401717922,"//0
p:fr=0.472
p:1.008, 0.373, -0.184
p:1.493, -0.721, 0.349, fr=0.034
p:1.382, 0.583, 0.25, fr=1.112
p:0.27, -0.546, -1.193
p:1.885, 0.429, -1.511, fr=0.566
p:1.511, -0.975, 0.532, fr=0.096
j:2, 3, stif=0.944
j:1, 3
j:6, 2, stif=0.838
j:4, 1, stif=0.81
j:5, 4, stif=0.985
j:0, 2, stif=0.943
j:1, 5
n:j=1, d=|:p=0.197
n:p=2, d=Gpart:ry=-1.322
n:j=0, d=@:p=0.987
n:j=3, d=@
c:2, 1, -8.601
",0.0004320217884217105,feasible,24
36,0,59,"//0
p:fr=0.472
p:1.008, 0.373, -0.184
p:1.493, -0.721, 0.349, fr=0.034
p:1.382, 0.583, 0.25, fr=1.112
p:0.314, -0.36, -1.305
p:1.885, 0.429, -1.511, fr=0.566
p:1.511, -0.975, 0.532, fr=0.096
j:2, 3, stif=0.944
j:1, 3
j:6, 2, stif=0.838
j:4, 1, stif=0.81
j:5, 4, stif=0.985
j:0, 2, stif=0.943
j:1, 5
n:j=1, d=|:p=0.197
n:p=2, d=Gpart:ry=-1.322
n:j=0, d=@:p=0.987
n:j=3, d=@
c:2, 1, -8.601
",0.004953781401717922,"//0
p:fr=0.472
p:1.008, 0.373, -0.184
p:1.493, -0.721, 0.349, fr=0.034
p:1.382, 0.583, 0.25, fr=1.112
p:0.314, -0.36, -1.305
p:1.885, 0.429, -1.511, fr=0.566
p:1.511, -0.975, 0.532, fr=0.096
j:6, 3, stif=0.944
j:1, 3
j:2, 6, stif=0.838
j:4, 1, stif=0.81
j:5, 4, stif=0.985
j:0, 6, stif=0.943
j:1, 5
n:j=1, d=|:p=0.197
n:p=2, d=Gpart:ry=-1.322
n:j=0, d=@:p=0.987
n:j=3, d=@
c:2, 1, -8.601
",0.00184127396755506,feasible,24
36,0,59,"//0
p:fr=0.472
p:1.008, 0.373, -0.184
p:1.493, -0.721, 0.349, fr=0.034
p:1.382, 0.583, 0.25, fr=1.112
p:0.314, -0.36, -1.305
p:1.885, 0.429, -1.511, fr=0.566
p:1.511, -0.975, 0.532, fr=0.096
j:2, 3, stif=0.944
j:1, 3
j:6, 2, stif=0.838
j:4, 1, stif=0.81
j:5, 4, stif=0.985
j:0, 2, stif=0.943
j:1, 5
n:j=1, d=|:p=0.197
n:p=2, d=Gpart:ry=-1.322
n:j=0, d=@:p=0.987
n:j=3, d=@
c:2, 1, -8.601
",0.004953781401717922,"//0
p:fr=0.472
p:1.008, 0.373, -0.184
p:1.493, -0.721, 0.349, fr=0.034
p:1.382, 0.583, 0.25, fr=1.112
p:0.314, -0.36, -1.305
p:1.885, 0.429, -1.511, fr=0.566
p:1.511, -0.975, 0.532, fr=0.096
j:2, 6, stif=0.944
j:1, 6
j:3, 2, stif=0.838
j:4, 1, stif=0.81
j:5, 4, stif=0.985
j:0, 2, stif=0.943
j:1, 5
n:j=1, d=|:p=0.197
n:p=2, d=Gpart:ry=-1.322
n:j=0, d=@:p=0.987
n:j=3, d=@
c:2, 1, -8.601
",2.2824794546208192e-05,feasible,24
36,0,59,"//0
p:fr=0.472
p:1.008, 0.373, -0.184
p:1.493, -0.721, 0.349, fr=0.034
p:1.382, 0.583, 0.25, fr=1.112
p:0.314, -0.36, -1.305
p:1.885, 0.429, -1.511, fr=0.566
p:1.511, -0.975, 0.532, fr=0.096
j:2, 3, stif=0.944
j:1, 3
j:6, 2, stif=0.838
j:4, 1, stif=0.81
j:5, 4, stif=0.985
j:0, 2, stif=0.943
j:1, 5
n:j=1, d=|:p=0.197
n:p=2, d=Gpart:ry=-1.322
n:j=0, d=@:p=0.987
n:j=3, d=@
c:2, 1, -8.601
",0.004953781401717922,"//0
p:fr=0.472
p:1.008, 0.373, -0.184
p:1.493, -0.721, 0.349, fr=0.034
p:1.382, 0.583, 0.25, fr=1.112
p:0.314, -0.36, -1.305
p:1.885, 0.429, -1.511, fr=0.566
p:1.511, -0.975, 0.532, fr=0.096
j:2, 3, stif=0.944
j:1, 3
j:6, 2, stif=0.838, rotstif=0.966
j:4, 1, stif=0.81
j:5, 4, stif=0.985
j:0, 2, stif=0.943
j:1, 5
n:j=1, d=|:p=0.197
n:p=2, d=Gpart:ry=-1.322
n:j=0, d=@:p=0.987
n:j=3, d=@
c:2, 1, -8.601
",0.004953781401717922,feasible,24
36,0,60,"//0
p:fr=0.472
p:1.008, 0.373, -0.184
p:1.493, -0.721, 0.349, fr=0.034
p:1.382, 0.583, 0.25, fr=1.112
p:0.314, -0.36, -1.305
p:1.885, 0.429, -1.511, fr=0.566
p:1.511, -0.975, 0.532, fr=0.096
j:2, 3, stif=0.944
j:1, 3
j:6, 2, stif=0.838
j:4, 1, stif=0.81
j:5, 4, stif=0.985
j:0, 2, stif=0.943
j:1, 5
n:j=1, d=|:p=0.197
n:p=2, d=Gpart:ry=-1.322
n:j=0, d=@:p=0.987
n:j=3, d=@
c:2, 1, -10.59
",0.0049971633599993435,"//0
p:fr=0.472
p:1.008, 0.373, -0.184
p:1.493, -0.721, 0.349, fr=0.034
p:1.382, 0.583, 0.25, fr=1.112
p:0.314, -0.36, -1.305
p:1.885, 0.429, -1.511, fr=0.566
p:1.511, -0.975, 0.532, fr=0.096
j:2, 3, stif=0.918
j:1, 3
j:6, 2, stif=0.838
j:4, 1, stif=0.81
j:5, 4, stif=0.985
j:0, 2, stif=0.943
j:1, 5
n:j=1, d=|:p=0.197
n:p=2, d=Gpart:ry=-1.322
n:j=0, d=@:p=0.987
n:j=3, d=@
c:2, 1, -10.59
",0.005011534747727313,feasible,20
36,0,60,"//0
p:fr=0.472
p:1.008, 0.373, -0.184
p:1.493, -0.721, 0.349, fr=0.034
p:1.382, 0.583, 0.25, fr=1.112
p:0.314, -0.36, -1.305
p:1.885, 0.429, -1.511, fr=0.566
p:1.511, -0.975, 0.532, fr=0.096
j:2, 3, stif=0.944
j:1, 3
j:6, 2, stif=0.838
j:4, 1, stif=0.81
j:5, 4, stif=0.985
j:0, 2, stif=0.943
j:1, 5
n:j=1, d=|:p=0.197
n:p=2, d=Gpart:ry=-1.322
n:j=0, d=@:p=0.987
n:j=3, d=@
c:2, 1, -10.59
",0.0049971633599993435,"//0
p:fr=0.472
p:1.008, 0.373, -0.184
p:1.493, -0.721, 0.349, fr=0.034
p:1.382, 0.583, 0.25, fr=1.112
p:0.314, -0.36, -1.305
p:1.885, 0.429, -1.511, fr=0.566
p:1.511, -0.975, 0.532, fr=0.096
j:2, 3, stif=0.944
j:1, 3
j:6, 2, stif=0.838
j:4, 1, stif=0.81
j:5, 4, stif=0.985
j:0, 2, stif=0.943
j:1, 5
n:j=1, d=|:p=0.372
n:p=2, d=Gpart:ry=-1.322
n:j=0, d=@:p=0.987
n:j=3, d=@
c:2, 1, -10.59
",0.004921472259742561,feasible,20
36,0,60,"//0
p:fr=0.472
p:1.008, 0.373, -0.184
p:1.493, -0.721, 0.349, fr=0.034
p:1.382, 0.583, 0.25, fr=1.112
p:0.314, -0.36, -1.305
p:1.885, 0.429, -1.511, fr=0.566
p:1.511, -0.975, 0.532, fr=0.096
j:2, 3, stif=0.944
j:1, 3
j:6, 2, stif=0.838
j:4, 1, stif=0.81
j:5, 4, stif=0.985
j:0, 2, stif=0.943
j:1, 5
n:j=1, d=|:p=0.197
n:p=2, d=Gpart:ry=-1.322
n:j=0, d=@:p=0.987
n:j=3, d=@
c:2, 1, -10.59
",0.0049971633599993435,"//0
p:fr=0.472
p:1.008, 0.373, -0.184
p:1.493, -0.721, 0.349, fr=0.015
p:1.382, 0.583, 0.25, fr=1.112
p:0.314, -0.36, -1.305
p:1.885, 0.429, -1.511, fr=0.566
p:1.511, -0.975, 0.532, fr=0.096
j:2, 3, stif=0.944
j:1, 3
j:6, 2, stif=0.838
j:4, 1, stif=0.81
j:5, 4, stif=0.985
j:0, 2, stif=0.943
j:1, 5
n:j=1, d=|:p=0.197
n:p=2, d=Gpart:ry=-1.322
n:j=0, d=@:p=0.987
n:j=3, d=@
c:2, 1, -10.59
",0.005045973446485381,feasible,20
36,0,60,"//0
p:fr=0.472
p:1.008, 0.373, -0.184
p:1.493, -0.721, 0.349, fr=0.034
p:1.382, 0.583, 0.25, fr=1.112
p:0.314, -0.36, -1.305
p:1.885, 0.429, -1.511, fr=0.566
p:1.511, -0.975, 0.532, fr=0.096
j:2, 3, stif=0.944
j:1, 3
j:6, 2, stif=0.838
j:4, 1, stif=0.81
j:5, 4, stif=0.985
j:0, 2, stif=0.943
j:1, 5
n:j=1, d=|:p=0.197
n:p=2, d=Gpart:ry=-1.322
n:j=0, d=@:p=0.987
n:j=3, d=@
c:2, 1, -10.59
",0.0049971633599993435,"//0
p:fr=0.472
p:1.008, 0.373, -0.184
p:1.493, -0.721, 0.349, fr=0.034
p:1.382, 0.583, 0.25, fr=1.112
p:0.314, -0.36, -1.305
p:1.885, 0.429, -1.511, fr=0.566
p:1.511, -0.975, 0.532, fr=0.096
p:0.595, 0.986, -1.363
j:2, 3, stif=0.944
j:1, 3
j:6, 2, stif=0.838
j:4, 1, stif=0.81
j:5, 4, stif=0.985
j:0, 2, stif=0.943
j:1, 5
j:7, 1
n:j=1, d=|:p=0.197
n:p=2, d=Gpart:ry=-1.322
n:j=0, d=@:p=0.987
n:j=3, d=@
c:2, 1, -10.59
",5.2681024491832816e-05,feasible,20
36,0,60,"//0
p:fr=0.472
p:1.008, 0.373, -0.184
p:1.493, -0.721, 0.349, fr=0.034
p:1.382, 0.583, 0.25, fr=1.112
p:0.314, -0.36, -1.305
p:1.885, 0.429, -1.511, fr=0.566
p:1.511, -0.975, 0.532, fr=0.096
j:2, 3, stif=0.944
j:1, 3
j:6, 2, stif=0.838
j:4, 1, stif=0.81
j:5, 4, stif=0.985
j:0, 2, stif=0.943
j:1, 5
n:j=1, d=|:p=0.197
n:p=2, d=Gpart:ry=-1.322
n:j=0, d=@:p=0.987
n:j=3, d=@
c:2, 1, -10.59
",0.0049971633599993435,"//0
p:fr=0.472
p:1.008, 0.373, -0.184
p:1.493, -0.721, 0.349, fr=0.034
p:1.382, 0.583, 0.25, fr=1.112
p:0.314, -0.36, -1.305
p:1.885, 0.429, -1.511, fr=0.566
p:1.511, -0.975, 0.532, fr=0.096
j:2, 3, stif=0.944
j:1, 3
j:6, 2, stif=0.838
j:4, 1, stif=0.81
j:5, 4, stif=0.985
j:0, 2, stif=0.943
j:1, 5
n:j=1, d=|:p=0.197
n:p=2, d=Gpart:ry=-1.322
n:j=0, d=@:p=0.987
n:j=3, d=@
c:2, 1, -14.634
",0.004957199761838933,feasible,20
36,0,60,"//0
p:fr=0.472
p:1.008, 0.373, -0.184
p:1.493, -0.721, 0.349, fr=0.034
p:1.382, 0.583, 0.25, fr=1.112
p:0.314, -0.36, -1.305
p:1.885, 0.429, -1.511, fr=0.566
p:1.511, -0.975, 0.532, fr=0.096
j:2, 3, stif=0.944
j:1, 3
j:6, 2, stif=0.838
j:4, 1, stif=0.81
j:5, 4, stif=0.985
j:0, 2, stif=0.943
j:1, 5
n:j=1, d=|:p=0.197
n:p=2, d=Gpart:ry=-1.322
n:j=0, d=@:p=0.987
n:j=3, d=@
c:2, 1, -10.59
",0.0049971633599993435,"//0
p:fr=0.472
p:1.008, 0.373, -0.184, fr=0.022
p:1.493, -0.721, 0.349, fr=0.034
p:1.382, 0.583, 0.25, fr=1.112
p:0.314, -0.36, -1.305
p:1.885, 0.429, -1.511, fr=0.566
p:1.511, -0.975, 0.532, fr=0.096
j:2, 3, stif=0.944
j:1, 3
j:6, 2, stif=0.838
j:4, 1, stif=0.81
j:5, 4, stif=0.985
j:0, 2, stif=0.943
j:1, 5
n:j=1, d=|:p=0.197
n:p=2, d=Gpart:ry=-1.322
n:j=0, d=@:p=0.987
n:j=3, d=@
c:2, 1, -10.59
",0.0049971633599993435,feasible,20
36,0,60,"//0
p:fr=0.472
p:1.008, 0.373, -0.184
p:1.493, -0.721, 0.349, fr=0.034
p:1.382, 0.583, 0.25, fr=1.112
p:0.314, -0.36, -1.305
p:1.885, 0.429, -1.511, fr=0.566
p:1.511, -0.975, 0.532, fr=0.096
j:2, 3, stif=0.944
j:1, 3
j:6, 2, stif=0.838
j:4, 1, stif=0.81
j:5, 4, stif=0.985
j:0, 2, stif=0.943
j:1, 5
n:j=1, d=|:p=0.197
n:p=2, d=Gpart:ry=-1.322
n:j=0, d=@:p=0.987
n:j=3, d=@
c:2, 1, -10.59
",0.0049971633599993435,"//0
p:fr=0.472
p:1.008, 0.373, -0.184
p:1.493, -0.721, 0.349, fr=0.034
p:1.382, 0.583, 0.25, fr=1.112
p:0.314, -0.36, -1.305
p:1.885, 0.429, -1.511, fr=0.566
p:1.511, -0.975, 0.532, fr=0.096
j:2, 3, stif=0.944
j:1, 3
j:6, 2, stif=0.838
j:4, 1, stif=0.81
j:5, 4, stif=0.985
j:0, 2, stif=0.943, rotstif=0.755
j:1, 5
n:j=1, d=|:p=0.197
n:p=2, d=Gpart:ry=-1.322
n:j=0, d=@:p=0.987
n:j=3, d=@
c:2, 1, -10.59
",0.0049971633599993435,feasible,20
36,0,60,"//0
p:fr=0.472
p:1.008, 0.373, -0.184
p:1.493, -0.721, 0.349, fr=0.034
p:1.382, 0.583, 0.25, fr=1.112
p:0.314, -0.36, -1.305
p:1.885, 0.429, -1.511, fr=0.566
p:1.511, -0.975, 0.532, fr=0.096
j:2, 3, stif=0.944
j:1, 3
j:6, 2, stif=0.838
j:4, 1, stif=0.81
j:5, 4, stif=0.985
j:0, 2, stif=0.943
j:1, 5
n:j=1, d=|:p=0.197
n:p=2, d=Gpart:ry=-1.322
n:j=0, d=@:p=0.987
n:j=3, d=@
c:2, 1, -10.59
",0.0049971633599993435,"//0
p:fr=0.472
p:1.008, 0.373, -0.184
p:1.493, -0.721, 0.349, fr=0.034
p:1.382, 0.583, 0.25, fr=1.112
p:0.314, -0.36, -1.305
p:1.885, 0.429, -1.511, fr=0.566
p:1.511, -0.975, 0.532, fr=0.096
j:2, 3, stif=0.944
j:1, 3
j:6, 2, stif=0.838
j:4, 1, stif=0.81
j:5, 4, stif=0.985
j:0, 2, stif=0.943
j:1, 5
n:j=1, d=|:p=0.197
n:p=2, d=Gpart:ry=-1.322
n:j=0, d=@:p=0.882
n:j=3, d=@
c:2, 1, -10.59
",0.004680916170197556,feasible,20
36,0,60,"//0
p:fr=0.472
p:1.008, 0.373, -0.184
p:1.493, -0.721, 0.349, fr=0.034
p:1.382, 0.583, 0.25, fr=1.112
p:0.314, -0.36, -1.305
p:1.885, 0.429, -1.511, fr=0.566
p:1.511, -0.975, 0.532, fr=0.096
j:2, 3, stif=0.944
j:1, 3
j:6, 2, stif=0.838
j:4, 1, stif=0.81
j:5, 4, stif=0.985
j:0, 2, stif=0.943
j:1, 5
n:j=1, d=|:p=0.197
n:p=2, d=Gpart:ry=-1.322
n:j=0, d=@:p=0.987
n:j=3, d=@
c:2, 1, -10.59
",0.0049971633599993435,"//0
p:fr=0.472
p:1.008, 0.373, -0.184
p:1.493, -0.721, 0.349, fr=0.034
p:1.382, 0.583, 0.25, fr=1.112
p:0.314, -0.36, -1.305
p:1.885, 0.429, -1.511, fr=0.566
p:1.511, -0.975, 0.532, fr=0.096
j:2, 3, stif=0.944
j:1, 3
j:6, 2, stif=0.838
j:4, 1, stif=0.81
j:5, 4, stif=0.985
j:0, 2, stif=0.943
j:1, 5
n:p=2, d=Gpart:ry=-1.322
n:j=0, d=@:p=0.987
n:j=3, d=@
c:1, 0, -10.59
",0.0031281205627566866,feasible,20
36,0,60,"//0
p:fr=0.472
p:1.008, 0.373, -0.184
p:1.493, -0.721, 0.349, fr=0.034
p:1.382, 0.583, 0.25, fr=1.112
p:0.314, -0.36, -1.305
p:1.885, 0.429, -1.511, fr=0.566
p:1.511, -0.975, 0.532, fr=0.096
j:2, 3, stif=0.944
j:1, 3
j:6, 2, stif=0.838
j:4, 1, stif=0.81
j:5, 4, stif=0.985
j:0, 2, stif=0.943
j:1, 5
n:j=1, d=|:p=0.197
n:p=2, d=Gpart:ry=-1.322
n:j=0, d=@:p=0.987
n:j=3, d=@
c:2, 1, -10.59
",0.0049971633599993435,"//0
p:fr=0.472
p:1.008, 0.373, -0.184
p:1.493, -0.721, 0.349, fr=0.034
p:1.382, 0.583, 0.25, fr=1.112
p:0.314, -0.36, -1.305
p:1.885, 0.429, -1.511, fr=0.566
p:1.511, -0.975, 0.532, fr=0.096
j:2, 3, stif=0.944
j:1, 3
j:6, 2, stif=0.838
j:4, 1, stif=0.81
j:5, 4, stif=0.985
j:0, 2, stif=0.943
j:1, 5
n:j=1, d=|:p=0.197
n:p=2, d=Gpart:ry=-1.322
n:j=0, d=@:p=0.987
n:j=3, d=@
n:j=6, d=|
c:2, 1, -10.59
c:4, 1, -4.491
",0.0028490929650808825,feasible,20
36,0,60,"//0
p:fr=0.472
p:1.008, 0.373, -0.184
p:1.493, -0.721, 0.349, fr=0.034
p:1.382, 0.583, 0.25, fr=1.112
p:0.314, -0.36, -1.305
p:1.885, 0.429, -1.511, fr=0.566
p:1.511, -0.975, 0.532, fr=0.096
j:2, 3, stif=0.944
j:1, 3
j:6, 2, stif=0.838
j:4, 1, stif=0.81
j:5, 4, stif=0.985
j:0, 2, stif=0.943
j:1, 5
n:j=1, d=|:p=0.197
n:p=2, d=Gpart:ry=-1.322
n:j=0, d=@:p=0.987
n:j=3, d=@
c:2, 1, -10.59
",0.0049971633599993435,"//0
p:fr=0.472
p:1.008, 0.373, -0.184
p:1.493, -0.721, 0.349, fr=0.034
p:1.382, 0.583, 0.25, fr=1.112
p:0.314, -0.36, -1.305
p:1.885, 0.429, -1.511, fr=0.566
p:1.033, -0.924, 1.181, fr=0.096
j:2, 3, stif=0.944
j:1, 3
j:6, 2, stif=0.838
j:4, 1, stif=0.81
j:5, 4, stif=0.985
j:0, 2, stif=0.943
j:1, 5
n:j=1, d=|:p=0.197
n:p=2, d=Gpart:ry=-1.322
n:j=0, d=@:p=0.987
n:j=3, d=@
c:2, 1, -10.59
",0.0005663653217773576,feasible,20
36,0,60,"//0
p:fr=0.472
p:1.008, 0.373, -0.184
p:1.493, -0.721, 0.349, fr=0.034
p:1.382, 0.583, 0.25, fr=1.112
p:0.314, -0.36, -1.305
p:1.885, 0.429, -1.511, fr=0.566
p:1.511, -0.975, 0.532, fr=0.096
j:2, 3, stif=0.944
j:1, 3
j:6, 2, stif=0.838
j:4, 1, stif=0.81
j:5, 4, stif=0.985
j:0, 2, stif=0.943
j:1, 5
n:j=1, d=|:p=0.197
n:p=2, d=Gpart:ry=-1.322
n:j=0, d=@:p=0.987
n:j=3, d=@
c:2, 1, -10.59
",0.0049971633599993435,"//0
p:fr=0.472
p:1.008, 0.373, -0.184
p:1.493, -0.721, 0.349, fr=0.034
p:1.382, 0.583, 0.25, fr=1.112
p:0.314, -0.36, -1.305, fr=0.183
p:1.885, 0.429, -1.511, fr=0.566
p:1.511, -0.975, 0.532, fr=0.096
j:2, 3, stif=0.944
j:1, 3
j:6, 2, stif=0.838
j:4, 1, stif=0.81
j:5, 4, stif=0.985
j:0, 2, stif=0.943
j:1, 5
n:j=1, d=|:p=0.197
n:p=2, d=Gpart:ry=-1.322
n:j=0, d=@:p=0.987
n:j=3, d=@
c:2, 1, -10.59
",0.004744596809703027,feasible,20
36,0,60,"//0
p:fr=0.472
p:1.008, 0.373, -0.184
p:1.493, -0.721, 0.349, fr=0.034
p:1.382, 0.583, 0.25, fr=1.112
p:0.314, -0.36, -1.305
p:1.885, 0.429, -1.511, fr=0.566
p:1.511, -0.975, 0.532, fr=0.096
j:2, 3, stif=0.944
j:1, 3
j:6, 2, stif=0.838
j:4, 1, stif=0.81
j:5, 4, stif=0.985
j:0, 2, stif=0.943
j:1, 5
n:j=1, d=|:p=0.197
n:p=2, d=Gpart:ry=-1.322
n:j=0, d=@:p=0.987
n:j=3, d=@
c:2, 1, -10.59
",0.0049971633599993435,"//0
p:fr=0.472
p:1.008, 0.373, -0.184
p:1.493, -0.721, 0.349, fr=0.034
p:1.382, 0.583, 0.25, fr=1.112
p:0.314, -0.36, -1.305
p:1.885, 0.429, -1.511, fr=0.566
p:1.511, -0.975, 0.532, fr=0.096
j:2, 3, stif=0.944
j:1, 3
j:6, 2, stif=0.838
j:4, 1, stif=0.81
j:5, 4, stif=0.985, rotstif=0.97
j:0, 2, stif=0.943
j:1, 5
n:j=1, d=|:p=0.197
n:p=2, d=Gpart:ry=-1.322
n:j=0, d=@:p=0.987
n:j=3, d=@
c:2, 1, -10.59
",0.0049971633599993435,feasible,20
36,0,60,"//0
p:fr=0.472
p:1.008, 0.373, -0.184
p:1.493, -0.721, 0.349, fr=0.034
p:1.382, 0.583, 0.25, fr=1.112
p:0.314, -0.36, -1.305
p:1.885, 0.429, -1.511, fr=0.566
p:1.511, -0.975, 0.532, fr=0.096
j:2, 3, stif=0.944
j:1, 3
j:6, 2, stif=0.838
j:4, 1, stif=0.81
j:5, 4, stif=0.985
j:0, 2, stif=0.943
j:1, 5
n:j=1, d=|:p=0.197
n:p=2, d=Gpart:ry=-1.322
n:j=0, d=@:p=0.987
n:j=3, d=@
c:2, 1, -10.59
",0.0049971633599993435,"//0
p:fr=0.472, ing=0.173
p:1.008, 0.373, -0.184
p:1.493, -0.721, 0.349, fr=0.034
p:1.382, 0.583, 0.25, fr=1.112
p:0.314, -0.36, -1.305
p:1.885, 0.429, -1.511, fr=0.566
p:1.511, -0.975, 0.532, fr=0.096
j:2, 3, stif=0.944
j:1, 3
j:6, 2, stif=0.838
j:4, 1, stif=0.81
j:5, 4, stif=0.985
j:0, 2, stif=0.943
j:1, 5
n:j=1, d=|:p=0.197
n:p=2, d=Gpart:ry=-1.322
n:j=0, d=@:p=0.987
n:j=3, d=@
c:2, 1, -10.59
",0.0049971633599993435,feasible,20
36,0,60,"//0
p:fr=0.472
p:1.008, 0.373, -0.184
p:1.493, -0.721, 0.349, fr=0.034
p:1.382, 0.583, 0.25, fr=1.112
p:0.314, -0.36, -1.305
p:1.885, 0.429, -1.511, fr=0.566
p:1.511, -0.975, 0.532, fr=0.096
j:2, 3, stif=0.944
j:1, 3
j:6, 2, stif=0.838
j:4, 1, stif=0.81
j:5, 4, stif=0.985
j:0, 2, stif=0.943
j:1, 5
n:j=1, d=|:p=0.197
n:p=2, d=Gpart:ry=-1.322
n:j=0, d=@:p=0.987
n:j=3, d=@
c:2, 1, -10.59
",0.0049971633599993435,"//0
p:fr=0.472
p:1.008, 0.373, -0.184
p:1.493, -0.721, 0.349, fr=0.034
p:1.382, 0.583, 0.25, fr=1.112
p:0.314, -0.36, -1.305
p:1.885, 0.429, -1.511, fr=0.566, ing=0.278
p:1.511, -0.975, 0.532, fr=0.096
j:2, 3, stif=0.944
j:1, 3
j:6, 2, stif=0.838
j:4, 1, stif=0.81
j:5, 4, stif=0.985
j:0, 2, stif=0.943
j:1, 5
n:j=1, d=|:p=0.197
n:p=2, d=Gpart:ry=-1.322
n:j=0, d=@:p=0.987
n:j=3, d=@
c:2, 1, -10.59
",0.0049971633599993435,feasible,20
36,0,60,"//0
p:fr=0.472
p:1.008, 0.373, -0.184
p:1.493, -0.721, 0.349, fr=0.034
p:1.382, 0.583, 0.25, fr=1.112
p:0.314, -0.36, -1.305
p:1.885, 0.429, -1.511, fr=0.566
p:1.511, -0.975, 0.532, fr=0.096
j:2, 3, stif=0.944
j:1, 3
j:6, 2, stif=0.838
j:4, 1, stif=0.81
j:5, 4, stif=0.985
j:0, 2, stif=0.943
j:1, 5
n:j=1, d=|:p=0.197
n:p=2, d=Gpart:ry=-1.322
n:j=0, d=@:p=0.987
n:j=3, d=@
c:2, 1, -10.59
",0.0049971633599993435,"//0
p:fr=0.472
p:1.008, 0.373, -0.184
p:1.493, -0.721, 0.349, fr=0.034
p:1.382, 0.583, 0.25, fr=1.112
p:0.314, -0.36, -1.305
p:1.885, 0.429, -1.511, fr=0.566
p:1.511, -0.975, 0.532, fr=0.096
j:2, 3, stif=0.944
j:1, 3
j:6, 2, stif=0.838
j:4, 1, stif=0.81
j:5, 4, stif=0.985
j:0, 2, stif=0.943
j:1, 5
n:j=1, d=|:p=0.197
n:p=2, d=Gpart:ry=-1.322
n:j=0, d=@:p=0.987
n:j=3, d=@
n:p=1, d=T
c:2, 1, -10.59
c:3, 4, -0.205
",0.004120686941170661,feasible,20
36,0,60,"//0
p:fr=0.472
p:1.008, 0.373, -0.184
p:1.493, -0.721, 0.349, fr=0.034
p:1.382, 0.583, 0.25, fr=1.112
p:0.314, -0.36, -1.305
p:1.885, 0.429, -1.511, fr=0.566
p:1.511, -0.975, 0.532, fr=0.096
j:2, 3, stif=0.944
j:1, 3
j:6, 2, stif=0.838
j:4, 1, stif=0.81
j:5, 4, stif=0.985
j:0, 2, stif=0.943
j:1, 5
n:j=1, d=|:p=0.197
n:p=2, d=Gpart:ry=-1.322
n:j=0, d=@:p=0.987
n:j=3, d=@
c:2, 1, -10.59
",0.0049971633599993435,"//0
p:fr=0.472
p:1.008, 0.373, -0.184
p:1.493, -0.721, 0.349, fr=0.034
p:1.382, 0.583, 0.25, fr=1.112
p:0.314, -0.36, -1.305
p:1.885, 0.429, -1.511, fr=0.566
p:1.511, -0.975, 0.532, fr=0.096
j:2, 3, stif=0.944
j:1, 3
j:6, 2, stif=0.838
j:4, 1, stif=0.81
j:5, 4, stif=0.985
j:0, 2, stif=0.943
j:1, 5
n:j=1, d=|:p=0.197
n:p=2, d=Gpart:ry=-1.322
n:j=0, d=@:p=0.987
n:j=3, d=@:p=0.897
c:2, 1, -10.59
",0.00502235910437709,feasible,20
36,0,60,"//0
p:fr=0.472
p:1.008, 0.373, -0.184
p:1.493, -0.721, 0.349, fr=0.034
p:1.382, 0.583, 0.25, fr=1.112
p:0.314, -0.36, -1.305
p:1.885, 0.429, -1.511, fr=0.566
p:1.511, -0.975, 0.532, fr=0.096
j:2, 3, stif=0.944
j:1, 3
j:6, 2, stif=0.838
j:4, 1, stif=0.81
j:5, 4, stif=0.985
j:0, 2, stif=0.943
j:1, 5
n:j=1, d=|:p=0.197
n:p=2, d=Gpart:ry=-1.322
n:j=0, d=@:p=0.987
n:j=3, d=@
c:2, 1, -10.59
",0.0049971633599993435,"//0
p:fr=0.472
p:1.008, 0.373, -0.184
p:1.493, -0.721, 0.349, fr=0.034
p:1.382, 0.583, 0.25, fr=1.112
p:0.314, -0.36, -1.305
p:1.885, 0.429, -1.511, fr=0.566
p:1.511, -0.975, 0.532, fr=0.096, ing=0.229
j:2, 3, stif=0.944
j:1, 3
j:6, 2, stif=0.838
j:4, 1, stif=0.81
j:5, 4, stif=0.985
j:0, 2, stif=0.943
j:1, 5
n:j=1, d=|:p=0.197
n:p=2, d=Gpart:ry=-1.322
n:j=0, d=@:p=0.987
n:j=3, d=@
c:2, 1, -10.59
",0.0049971633599993435,feasible,20
36,0,60,"//0
p:fr=0.472
p:1.008, 0.373, -0.184
p:1.493, -0.721, 0.349, fr=0.034
p:1.382, 0.583, 0.25, fr=1.112
p:0.314, -0.36, -1.305
p:1.885, 0.429, -1.511, fr=0.566
p:1.511, -0.975, 0.532, fr=0.096
j:2, 3, stif=0.944
j:1, 3
j:6, 2, stif=0.838
j:4, 1, stif=0.81
j:5, 4, stif=0.985
j:0, 2, stif=0.943
j:1, 5
n:j=1, d=|:p=0.197
n:p=2, d=Gpart:ry=-1.322
n:j=0, d=@:p=0.987
n:j=3, d=@
c:2, 1, -10.59
",0.0049971633599993435,"//0
p:fr=0.472
p:1.008, 0.373, -0.184
p:1.493, -0.721, 0.349, fr=0.034
p:1.382, 0.583, 0.25, fr=1.112
p:0.314, -0.36, -1.305, fr=0.298
p:1.885, 0.429, -1.511, fr=0.566
p:1.511, -0.975, 0.532, fr=0.096
j:2, 3, stif=0.944
j:1, 3
j:6, 2, stif=0.838
j:4, 1, stif=0.81
j:5, 4, stif=0.985
j:0, 2, stif=0.943
j:1, 5
n:j=1, d=|:p=0.197
n:p=2, d=Gpart:ry=-1.322
n:j=0, d=@:p=0.987
n:j=3, d=@
c:2, 1, -10.59
",0.0049908689903144276,feasible,20
36,0,60,"//0
p:fr=0.472
p:1.008, 0.373, -0.184
p:1.493, -0.721, 0.349, fr=0.034
p:1.382, 0.583, 0.25, fr=1.112
p:0.314, -0.36, -1.305
p:1.885, 0.429, -1.511, fr=0.566
p:1.511, -0.975, 0.532, fr=0.096
j:2, 3, stif=0.944
j:1, 3
j:6, 2, stif=0.838
j:4, 1, stif=0.81
j:5, 4, stif=0.985
j:0, 2, stif=0.943
j:1, 5
n:j=1, d=|:p=0.197
n:p=2, d=Gpart:ry=-1.322
n:j=0, d=@:p=0.987
n:j=3, d=@
c:2, 1, -10.59
",0.0049971633599993435,"//0
p:fr=0.472
p:1.008, 0.373, -0.184
p:1.518, -0.692, 0.47, fr=0.034
p:1.382, 0.583, 0.25, fr=1.112
p:0.314, -0.36, -1.305
p:1.885, 0.429, -1.511, fr=0.566
p:1.511, -0.975, 0.532, fr=0.096
j:2, 3, stif=0.944
j:1, 3
j:6, 2, stif=0.838
j:4, 1, stif=0.81
j:5, 4, stif=0.985
j:0, 2, stif=0.943
j:1, 5
n:j=1, d=|:p=0.197
n:p=2, d=Gpart:ry=-1.322
n:j=0, d=@:p=0.987
n:j=3, d=@
c:2, 1, -10.59
",0.004473697737876533,feasible,20
36,0,61,"//0
p:fr=0.472
p:1.008, 0.373, -0.184
p:1.493, -0.721, 0.349, fr=0.034
p:1.382, 0.583, 0.25, fr=1.112
p:0.314, -0.36, -1.305
p:1.885, 0.429, -1.511, fr=0.566
p:1.499, -1.023, 0.521, fr=0.096
j:2, 3, stif=0.944
j:1, 3
j:6, 2, stif=0.838
j:4, 1, stif=0.81
j:5, 4, stif=0.985
j:0, 2, stif=0.943
j:1, 5
n:j=1, d=|:p=0.197
n:p=2, d=Gpart:ry=-1.322
n:j=0, d=@:p=0.987
n:j=3, d=@
c:2, 1, -10.59
",0.005018608531251303,"//0
p:fr=0.472
p:1.008, 0.373, -0.184
p:1.493, -0.721, 0.349, fr=0.034
p:1.382, 0.583, 0.25, fr=1.112
p:0.219, -0.161, -1.419
p:1.885, 0.429, -1.511, fr=0.566
p:1.499, -1.023, 0.521, fr=0.096
j:2, 3, stif=0.944
j:1, 3
j:6, 2, stif=0.838
j:4, 1, stif=0.81
j:5, 4, stif=0.985
j:0, 2, stif=0.943
j:1, 5
n:j=1, d=|:p=0.197
n:p=2, d=Gpart:ry=-1.322
n:j=0, d=@:p=0.987
n:j=3, d=@
c:2, 1, -10.59
",0.004267341273451685,feasible,21
36,0,61,"//0
p:fr=0.472
p:1.008, 0.373, -0.184
p:1.493, -0.721, 0.349, fr=0.034
p:1.382, 0.583, 0.25, fr=1.112
p:0.314, -0.36, -1.305
p:1.885, 0.429, -1.511, fr=0.566
p:1.499, -1.023, 0.521, fr=0.096
j:2, 3, stif=0.944
j:1, 3
j:6, 2, stif=0.838
j:4, 1, stif=0.81
j:5, 4, stif=0.985
j:0, 2, stif=0.943
j:1, 5
n:j=1, d=|:p=0.197
n:p=2, d=Gpart:ry=-1.322
n:j=0, d=@:p=0.987
n:j=3, d=@
c:2, 1, -10.59
",0.005018608531251303,"//0
p:fr=0.472
p:1.008, 0.373, -0.184
p:1.493, -0.721, 0.349, fr=0.034
p:1.382, 0.583, 0.25, fr=1.112
p:0.314, -0.36, -1.305
p:1.885, 0.429, -1.511, fr=0.566
p:1.499, -1.023, 0.521, fr=0.096
j:2, 3, stif=0.944
j:1, 3
j:6, 2, stif=0.838
j:4, 1, stif=0.81
j:5, 4, stif=0.985
j:0, 2, stif=0.943
n:j=1, d=|:p=0.197
n:p=2, d=Gpart:ry=-1.322
n:j=0, d=@:p=0.987
n:j=3, d=@
c:2, 1, -10.59
",0.0016569777837593463,feasible,21
36,0,61,"//0
p:fr=0.472
p:1.008, 0.373, -0.184
p:1.493, -0.721, 0.349, fr=0.034
p:1.382, 0.583, 0.25, fr=1.112
p:0.314, -0.36, -1.305
p:1.885, 0.429, -1.511, fr=0.566
p:1.499, -1.023, 0.521, fr=0.096
j:2, 3, stif=0.944
j:1, 3
j:6, 2, stif=0.838
j:4, 1, stif=0.81
j:5, 4, stif=0.985
j:0, 2, stif=0.943
j:1, 5
n:j=1, d=|:p=0.197
n:p=2, d=Gpart:ry=-1.322
n:j=0, d=@:p=0.987
n:j=3, d=@
c:2, 1, -10.59
",0.005018608531251303,"//0
p:fr=0.472
p:1.008, 0.373, -0.184
p:1.493, -0.721, 0.349, fr=0.034
p:1.382, 0.583, 0.25, fr=1.112
p:0.314, -0.36, -1.305
p:1.885, 0.429, -1.511, fr=0.566
p:1.499, -1.023, 0.521, fr=0.096
j:2, 3, stif=0.944
j:1, 3
j:6, 2, stif=0.838
j:4, 1, stif=0.81
j:5, 4, stif=0.985
j:0, 2, stif=0.943
j:1, 5
n:j=1, d=|:p=0.197
n:p=2, d=Gpart:ry=-1.322
n:j=0, d=@:p=0.987
n:j=3, d=@
",5.463968392888184e-07,feasible,21
36,0,61,"//0
p:fr=0.472
p:1.008, 0.373, -0.184
p:1.493, -0.721, 0.349, fr=0.034
p:1.382, 0.583, 0.25, fr=1.112
p:0.314, -0.36, -1.305
p:1.885, 0.429, -1.511, fr=0.566
p:1.499, -1.023, 0.521, fr=0.096
j:2, 3, stif=0.944
j:1, 3
j:6, 2, stif=0.838
j:4, 1, stif=0.81
j:5, 4, stif=0.985
j:0, 2, stif=0.943
j:1, 5
n:j=1, d=|:p=0.197
n:p=2, d=Gpart:ry=-1.322
n:j=0, d=@:p=0.987
n:j=3, d=@
c:2, 1, -10.59
",0.005018608531251303,"//0
p:fr=0.472
p:1.008, 0.373, -0.184
p:1.493, -0.721, 0.349, fr=0.034
p:1.382, 0.583, 0.25, fr=1.112
p:0.314, -0.36, -1.305
p:1.885, 0.429, -1.511, fr=0.566
p:1.499, -1.023, 0.521, fr=0.096
j:2, 3, stif=0.944
j:1, 3
j:6, 2, stif=0.838
j:4, 1, stif=0.81
j:5, 4, stif=0.985
j:0, 2, stif=0.943
j:1, 5
n:j=1, d=|:p=0.197
n:p=2, d=Gpart:ry=-1.322
n:j=0, d=@:p=0.987
n:j=3, d=@
c:2, 1, -12.617
",0.005001644296034966,feasible,21
36,0,61,"//0
p:fr=0.472
p:1.008, 0.373, -0.184
p:1.493, -0.721, 0.349, fr=0.034
p:1.382, 0.583, 0.25, fr=1.112
p:0.314, -0.36, -1.305
p:1.885, 0.429, -1.511, fr=0.566
p:1.499, -1.023, 0.521, fr=0.096
j:2, 3, stif=0.944
j:1, 3
j:6, 2, stif=0.838
j:4, 1, stif=0.81
j:5, 4, stif=0.985
j:0, 2, stif=0.943
j:1, 5
n:j=1, d=|:p=0.197
n:p=2, d=Gpart:ry=-1.322
n:j=0, d=@:p=0.987
n:j=3, d=@
c:2, 1, -10.59
",0.005018608531251303,"//0
p:fr=0.472
p:1.008, 0.373, -0.184
p:1.493, -0.721, 0.349, fr=0.034
p:1.382, 0.583, 0.25, fr=1.112
p:0.314, -0.36, -1.305
p:1.885, 0.429, -1.511, fr=0.566
p:1.499, -1.023, 0.521, fr=0.096
j:2, 3, stif=0.944
j:1, 3
j:6, 2, stif=0.838
j:4, 1, stif=0.81
j:5, 4, stif=0.985
j:0, 2, stif=0.943
j:1, 5
n:j=1, d=|:p=0.197
n:p=2, d=Gpart:ry=-1.322
n:j=0, d=@:p=0.987
n:j=3, d=@
c:2, 1, -8.675
",0.004996977586373714,feasible,21
36,0,61,"//0
p:fr=0.472
p:1.008, 0.373, -0.184
p:1.493, -0.721, 0.349, fr=0.034
p:1.382, 0.583, 0.25, fr=1.112
p:0.314, -0.36, -1.305
p:1.885, 0.429, -1.511, fr=0.566
p:1.499, -1.023, 0.521, fr=0.096
j:2, 3, stif=0.944
j:1, 3
j:6, 2, stif=0.838
j:4, 1, stif=0.81
j:5, 4, stif=0.985
j:0, 2, stif=0.943
j:1, 5
n:j=1, d=|:p=0.197
n:p=2, d=Gpart:ry=-1.322
n:j=0, d=@:p=0.987
n:j=3, d=@
c:2, 1, -10.59
",0.005018608531251303,"//0
p:fr=0.472
p:1.008, 0.373, -0.184
p:1.493, -0.721, 0.349, fr=0.034
p:1.382, 0.583, 0.25, fr=1.112
p:0.314, -0.36, -1.305
p:1.885, 0.429, -1.511, fr=0.566
p:1.499, -1.023, 0.521, fr=0.096
j:2, 3, stif=0.944
j:1, 3
j:6, 2, stif=0.838
j:4, 1, stif=0.81
j:5, 4, stif=0.985
j:0, 2, stif=0.943
j:1, 5
n:j=1, d=|:p=0.197
n:p=2, d=Gpart:ry=-1.322
n:j=3, d=@
",7.069768560414181e-07,feasible,21
36,0,61,"//0
p:fr=0.472
p:1.008, 0.373, -0.184
p:1.493, -0.721, 0.349, fr=0.034
p:1.382, 0.583, 0.25, fr=1.112
p:0.314, -0.36, -1.305
p:1.885, 0.429, -1.511, fr=0.566
p:1.499, -1.023, 0.521, fr=0.096
j:2, 3, stif=0.944
j:1, 3
j:6, 2, stif=0.838
j:4, 1, stif=0.81
j:5, 4, stif=0.985
j:0, 2, stif=0.943
j:1, 5
n:j=1, d=|:p=0.197
n:p=2, d=Gpart:ry=-1.322
n:j=0, d=@:p=0.987
n:j=3, d=@
c:2, 1, -10.59
",0.005018608531251303,"//0
p:fr=0.472
p:1.008, 0.373, -0.184
p:1.493, -0.721, 0.349, fr=0.034
p:1.382, 0.583, 0.25, fr=1.112
p:0.314, -0.36, -1.305, ing=0.242
p:1.885, 0.429, -1.511, fr=0.566
p:1.499, -1.023, 0.521, fr=0.096
j:2, 3, stif=0.944
j:1, 3
j:6, 2, stif=0.838
j:4, 1, stif=0.81
j:5, 4, stif=0.985
j:0, 2, stif=0.943
j:1, 5
n:j=1, d=|:p=0.197
n:p=2, d=Gpart:ry=-1.322
n:j=0, d=@:p=0.987
n:j=3, d=@
c:2, 1, -10.59
",0.005018608531251303,feasible,21
36,0,61,"//0
p:fr=0.472
p:1.008, 0.373, -0.184
p:1.493, -0.721, 0.349, fr=0.034
p:1.382, 0.583, 0.25, fr=1.112
p:0.314, -0.36, -1.305
p:1.885, 0.429, -1.511, fr=0.566
p:1.499, -1.023, 0.521, fr=0.096
j:2, 3, stif=0.944
j:1, 3
j:6, 2, stif=0.838
j:4, 1, stif=0.81
j:5, 4, stif=0.985
j:0, 2, stif=0.943
j:1, 5
n:j=1, d=|:p=0.197
n:p=2, d=Gpart:ry=-1.322
n:j=0, d=@:p=0.987
n:j=3, d=@
c:2, 1, -10.59
",0.005018608531251303,"//0
p:fr=0.472
p:1.008, 0.373, -0.184
p:1.493, -0.721, 0.349, fr=0.034
p:1.382, 0.583, 0.25, fr=1.112
p:0.314, -0.36, -1.305
p:1.885, 0.429, -1.511, fr=0.566
p:1.499, -1.023, 0.521, fr=0.096
j:2, 3, stif=0.944
j:1, 3
j:6, 2, stif=0.838
j:4, 1, stif=0.81
j:5, 4, stif=0.985
j:0, 2, stif=0.943
j:1, 5
n:j=1, d=|:p=0.405
n:p=2, d=Gpart:ry=-1.322
n:j=0, d=@:p=0.987
n:j=3, d=@
c:2, 1, -10.59
",0.0050296794622657895,feasible,21
36,0,61,"//0
p:fr=0.472
p:1.008, 0.373, -0.184
p:1.493, -0.721, 0.349, fr=0.034
p:1.382, 0.583, 0.25, fr=1.112
p:0.314, -0.36, -1.305
p:1.885, 0.429, -1.511, fr=0.566
p:1.499, -1.023, 0.521, fr=0.096
j:2, 3, stif=0.944
j:1, 3
j:6, 2, stif=0.838
j:4, 1, stif=0.81
j:5, 4, stif=0.985
j:0, 2, stif=0.943
j:1, 5
n:j=1, d=|:p=0.197
n:p=2, d=Gpart:ry=-1.322
n:j=0, d=@:p=0.987
n:j=3, d=@
c:2, 1, -10.59
",0.005018608531251303,"//0
p:fr=0.472
p:1.008, 0.373, -0.184
p:1.493, -0.721, 0.349, fr=0.034
p:1.382, 0.583, 0.25, fr=1.112
p:0.314, -0.36, -1.305, fr=0.235
p:1.885, 0.429, -1.511, fr=0.566
p:1.499, -1.023, 0.521, fr=0.096
j:2, 3, stif=0.944
j:1, 3
j:6, 2, stif=0.838
j:4, 1, stif=0.81
j:5, 4, stif=0.985
j:0, 2, stif=0.943
j:1, 5
n:j=1, d=|:p=0.197
n:p=2, d=Gpart:ry=-1.322
n:j=0, d=@:p=0.987
n:j=3, d=@
c:2, 1, -10.59
",0.004871455037794368,feasible,21
36,0,61,"//0
p:fr=0.472
p:1.008, 0.373, -0.184
p:1.493, -0.721, 0.349, fr=0.034
p:1.382, 0.583, 0.25, fr=1.112
p:0.314, -0.36, -1.305
p:1.885, 0.429, -1.511, fr=0.566
p:1.499, -1.023, 0.521, fr=0.096
j:2, 3, stif=0.944
j:1, 3
j:6, 2, stif=0.838
j:4, 1, stif=0.81
j:5, 4, stif=0.985
j:0, 2, stif=0.943
j:1, 5
n:j=1, d=|:p=0.197
n:p=2, d=Gpart:ry=-1.322
n:j=0, d=@:p=0.987
n:j=3, d=@
c:2, 1, -10.59
",0.005018608531251303,"//0
p:fr=0.472
p:1.008, 0.373, -0.184
p:1.493, -0.721, 0.349, fr=0.034
p:1.382, 0.583, 0.25, fr=1.112
p:0.3501332970791162, -0.3710637152210016, -1.25430918289325
p:1.885, 0.429, -1.511, fr=0.566
p:1.499, -1.023, 0.521, fr=0.096
j:2, 4, stif=0.944
j:1, 4
j:6, 2, stif=0.838
j:3, 1, stif=0.81
j:5, 3, stif=0.985
j:0, 2, stif=0.943
j:1, 5
n:j=1, d=|:p=0.197
n:p=2, d=Gpart:ry=-1.322
n:j=0, d=@:p=0.987
n:j=3, d=@
c:2, 1, -10.59
",6.124609387722222e-05,feasible,21
36,0,61,"//0
p:fr=0.472
p:1.008, 0.373, -0.184
p:1.493, -0.721, 0.349, fr=0.034
p:1.382, 0.583, 0.25, fr=1.112
p:0.314, -0.36, -1.305
p:1.885, 0.429, -1.511, fr=0.566
p:1.499, -1.023, 0.521, fr=0.096
j:2, 3, stif=0.944
j:1, 3
j:6, 2, stif=0.838
j:4, 1, stif=0.81
j:5, 4, stif=0.985
j:0, 2, stif=0.943
j:1, 5
n:j=1, d=|:p=0.197
n:p=2, d=Gpart:ry=-1.322
n:j=0, d=@:p=0.987
n:j=3, d=@
c:2, 1, -10.59
",0.005018608531251303,"//0
p:fr=0.472
p:1.008, 0.373, -0.184
p:1.493, -0.721, 0.349, fr=0.034
p:1.382, 0.583, 0.25, fr=1.112
p:0.314, -0.36, -1.305
p:1.885, 0.429, -1.511, fr=0.566
p:1.499, -1.023, 0.521, fr=0.096
j:2, 3, stif=0.944
j:1, 3
j:6, 2, stif=0.838
j:4, 1, stif=0.81
j:5, 4, stif=0.991
j:0, 2, stif=0.943
j:1, 5
n:j=1, d=|:p=0.197
n:p=2, d=Gpart:ry=-1.322
n:j=0, d=@:p=0.987
n:j=3, d=@
c:2, 1, -10.59
",0.004971040683162089,feasible,21
36,0,61,"//0
p:fr=0.472
p:1.008, 0.373, -0.184
p:1.493, -0.721, 0.349, fr=0.034
p:1.382, 0.583, 0.25, fr=1.112
p:0.314, -0.36, -1.305
p:1.885, 0.429, -1.511, fr=0.566
p:1.499, -1.023, 0.521, fr=0.096
j:2, 3, stif=0.944
j:1, 3
j:6, 2, stif=0.838
j:4, 1, stif=0.81
j:5, 4, stif=0.985
j:0, 2, stif=0.943
j:1, 5
n:j=1, d=|:p=0.197
n:p=2, d=Gpart:ry=-1.322
n:j=0, d=@:p=0.987
n:j=3, d=@
c:2, 1, -10.59
",0.005018608531251303,"//0
p:fr=0.472
p:1.008, 0.373, -0.184
p:1.493, -0.721, 0.349, fr=0.034
p:1.382, 0.583, 0.25, fr=1.112
p:0.314, -0.36, -1.305
p:1.499, -1.023, 0.521, fr=0.096
j:2, 3, stif=0.944
j:1, 3
j:5, 2, stif=0.838
j:4, 1, stif=0.81
j:0, 2, stif=0.943
n:j=1, d=|:p=0.197
n:p=2, d=Gpart:ry=-1.322
n:j=0, d=@:p=0.987
n:j=3, d=@
c:2, 1, -10.59
",0.0001663814718957191,feasible,21
36,0,61,"//0
p:fr=0.472
p:1.008, 0.373, -0.184
p:1.493, -0.721, 0.349, fr=0.034
p:1.382, 0.583, 0.25, fr=1.112
p:0.314, -0.36, -1.305
p:1.885, 0.429, -1.511, fr=0.566
p:1.499, -1.023, 0.521, fr=0.096
j:2, 3, stif=0.944
j:1, 3
j:6, 2, stif=0.838
j:4, 1, stif=0.81
j:5, 4, stif=0.985
j:0, 2, stif=0.943
j:1, 5
n:j=1, d=|:p=0.197
n:p=2, d=Gpart:ry=-1.322
n:j=0, d=@:p=0.987
n:j=3, d=@
c:2, 1, -10.59
",0.005018608531251303,"//0
p:0.203, 0.159, -0.01, fr=0.472
p:1.008, 0.373, -0.184
p:1.493, -0.721, 0.349, fr=0.034
p:1.382, 0.583, 0.25, fr=1.112
p:0.314, -0.36, -1.305
p:1.885, 0.429, -1.511, fr=0.566
p:1.499, -1.023, 0.521, fr=0.096
j:2, 3, stif=0.944
j:1, 3
j:6, 2, stif=0.838
j:4, 1, stif=0.81
j:5, 4, stif=0.985
j:0, 2, stif=0.943
j:1, 5
n:j=1, d=|:p=0.197
n:p=2, d=Gpart:ry=-1.322
n:j=0, d=@:p=0.987
n:j=3, d=@
c:2, 1, -10.59
",0.0006564529473439774,feasible,21
36,0,61,"//0
p:fr=0.472
p:1.008, 0.373, -0.184
p:1.493, -0.721, 0.349, fr=0.034
p:1.382, 0.583, 0.25, fr=1.112
p:0.314, -0.36, -1.305
p:1.885, 0.429, -1.511, fr=0.566
p:1.499, -1.023, 0.521, fr=0.096
j:2, 3, stif=0.944
j:1, 3
j:6, 2, stif=0.838
j:4, 1, stif=0.81
j:5, 4, stif=0.985
j:0, 2, stif=0.943
j:1, 5
n:j=1, d=|:p=0.197
n:p=2, d=Gpart:ry=-1.322
n:j=0, d=@:p=0.987
n:j=3, d=@
c:2, 1, -10.59
",0.005018608531251303,"//0
p:fr=0.472
p:1.008, 0.373, -0.184
p:1.493, -0.721, 0.349, fr=0.034
p:1.382, 0.583, 0.25, fr=1.112
p:0.314, -0.36, -1.305
p:1.885, 0.429, -1.511, fr=0.566
p:1.499, -1.023, 0.521, fr=0.096
j:2, 3, stif=0.944
j:1, 3
j:6, 2, stif=0.838
j:4, 1, stif=0.81
j:5, 4, stif=0.985
j:0, 2, stif=0.943
j:1, 5
n:j=1, d=|:p=0.197
n:p=2, d=Gpart:ry=0.694
n:j=0, d=@:p=0.987
n:j=3, d=@
c:2, 1, -10.59
",2.5085340586399406e-05,feasible,21
36,0,61,"//0
p:fr=0.472
p:1.008, 0.373, -0.184
p:1.493, -0.721, 0.349, fr=0.034
p:1.382, 0.583, 0.25, fr=1.112
p:0.314, -0.36, -1.305
p:1.885, 0.429, -1.511, fr=0.566
p:1.499, -1.023, 0.521, fr=0.096
j:2, 3, stif=0.944
j:1, 3
j:6, 2, stif=0.838
j:4, 1, stif=0.81
j:5, 4, stif=0.985
j:0, 2, stif=0.943
j:1, 5
n:j=1, d=|:p=0.197
n:p=2, d=Gpart:ry=-1.322
n:j=0, d=@:p=0.987
n:j=3, d=@
c:2, 1, -10.59
",0.005018608531251303,"//0
p:fr=0.472
p:1.008, 0.373, -0.184
p:1.493, -0.721, 0.349, fr=0.034
p:1.382, 0.583, 0.25, fr=1.112
p:0.314, -0.36, -1.305
p:1.885, 0.429, -1.511, fr=0.566
p:1.499, -1.023, 0.521, fr=0.096
j:2, 3, stif=0.944
j:1, 3
j:6, 2, stif=0.838
j:4, 1, stif=0.81
j:5, 4, stif=0.985, rotstif=0.994
j:0, 2, stif=0.943
j:1, 5
n:j=1, d=|:p=0.197
n:p=2, d=Gpart:ry=-1.322
n:j=0, d=@:p=0.987
n:j=3, d=@
c:2, 1, -10.59
",0.005018608531251303,feasible,21
36,0,61,"//0
p:fr=0.472
p:1.008, 0.373, -0.184
p:1.493, -0.721, 0.349, fr=0.034
p:1.382, 0.583, 0.25, fr=1.112
p:0.314, -0.36, -1.305
p:1.885, 0.429, -1.511, fr=0.566
p:1.499, -1.023, 0.521, fr=0.096
j:2, 3, stif=0.944
j:1, 3
j:6, 2, stif=0.838
j:4, 1, stif=0.81
j:5, 4, stif=0.985
j:0, 2, stif=0.943
j:1, 5
n:j=1, d=|:p=0.197
n:p=2, d=Gpart:ry=-1.322
n:j=0, d=@:p=0.987
n:j=3, d=@
c:2, 1, -10.59
",0.005018608531251303,"//0
p:fr=0.472
p:1.008, 0.373, -0.184
p:1.493, -0.721, 0.349, fr=0.034
p:1.382, 0.583, 0.25, fr=1.112
p:0.314, -0.36, -1.305
p:1.885, 0.429, -1.511, fr=0.566
p:1.499, -1.023, 0.521, fr=0.096
j:2, 3, stif=0.944
j:1, 3
j:6, 2, stif=0.838
j:4, 1, stif=0.81
j:5, 4, stif=0.985
j:0, 2, stif=0.943
j:1, 5
n:j=1, d=|:p=0.197
n:p=2, d=Gpart:ry=-1.322
n:j=0, d=@:p=0.818
n:j=3, d=@
c:2, 1, -10.59
",0.004397459610829429,feasible,21
36,0,61,"//0
p:fr=0.472
p:1.008, 0.373, -0.184
p:1.493, -0.721, 0.349, fr=0.034
p:1.382, 0.583, 0.25, fr=1.112
p:0.314, -0.36, -1.305
p:1.885, 0.429, -1.511, fr=0.566
p:1.499, -1.023, 0.521, fr=0.096
j:2, 3, stif=0.944
j:1, 3
j:6, 2, stif=0.838
j:4, 1, stif=0.81
j:5, 4, stif=0.985
j:0, 2, stif=0.943
j:1, 5
n:j=1, d=|:p=0.197
n:p=2, d=Gpart:ry=-1.322
n:j=0, d=@:p=0.987
n:j=3, d=@
c:2, 1, -10.59
",0.005018608531251303,"//0
p:fr=0.472
p:1.008, 0.373, -0.184
p:1.493, -0.721, 0.349, fr=0.034
p:1.382, 0.583, 0.25, fr=1.112
p:0.314, -0.36, -1.305
p:1.885, 0.429, -1.511, fr=0.566, ing=0.238
p:1.499, -1.023, 0.521, fr=0.096
j:2, 3, stif=0.944
j:1, 3
j:6, 2, stif=0.838
j:4, 1, stif=0.81
j:5, 4, stif=0.985
j:0, 2, stif=0.943
j:1, 5
n:j=1, d=|:p=0.197
n:p=2, d=Gpart:ry=-1.322
n:j=0, d=@:p=0.987
n:j=3, d=@
c:2, 1, -10.59
",0.005018608531251303,feasible,21
36,0,61,"//0
p:fr=0.472
p:1.008, 0.373, -0.184
p:1.493, -0.721, 0.349, fr=0.034
p:1.382, 0.583, 0.25, fr=1.112
p:0.314, -0.36, -1.305
p:1.885, 0.429, -1.511, fr=0.566
p:1.499, -1.023, 0.521, fr=0.096
j:2, 3, stif=0.944
j:1, 3
j:6, 2, stif=0.838
j:4, 1, stif=0.81
j:5, 4, stif=0.985
j:0, 2, stif=0.943
j:1, 5
n:j=1, d=|:p=0.197
n:p=2, d=Gpart:ry=-1.322
n:j=0, d=@:p=0.987
n:j=3, d=@
c:2, 1, -10.59
",0.005018608531251303,"//0
p:fr=0.472
p:1.008, 0.373, -0.184
p:1.493, -0.721, 0.349, fr=0.034
p:1.382, 0.583, 0.25, fr=1.112
p:0.314, -0.36, -1.305
p:1.885, 0.429, -1.511, fr=0.566
p:1.499, -1.023, 0.521, fr=0.096
j:2, 3, stif=0.944
j:1, 3
j:6, 2, stif=0.838
j:4, 1, stif=0.81
j:5, 4, stif=0.985
j:0, 2, stif=0.943
j:1, 5
n:j=1, d=|:p=0.197
n:p=2, d=Gpart:ry=-1.322
n:j=0, d=@:p=0.987
n:j=3, d=@
n:
c:2, 1, -10.59
c:4, 4, -0.496
",0.005018608531251303,feasible,21
36,0,61,"//0
p:fr=0.472
p:1.008, 0.373, -0.184
p:1.493, -0.721, 0.349, fr=0.034
p:1.382, 0.583, 0.25, fr=1.112
p:0.314, -0.36, -1.305
p:1.885, 0.429, -1.511, fr=0.566
p:1.499, -1.023, 0.521, fr=0.096
j:2, 3, stif=0.944
j:1, 3
j:6, 2, stif=0.838
j:4, 1, stif=0.81
j:5, 4, stif=0.985
j:0, 2, stif=0.943
j:1, 5
n:j=1, d=|:p=0.197
n:p=2, d=Gpart:ry=-1.322
n:j=0, d=@:p=0.987
n:j=3, d=@
c:2, 1, -10.59
",0.005018608531251303,"//0
p:fr=0.472
p:1.008, 0.373, -0.184
p:1.493, -0.721, 0.349, fr=0.034
p:1.382, 0.583, 0.25, fr=1.112
p:0.314, -0.36, -1.305
p:1.885, 0.429, -1.511, fr=0.566
p:1.499, -1.023, 0.521, fr=0.096
j:3, 2, stif=0.944
j:1, 2
j:6, 3, stif=0.838
j:4, 1, stif=0.81
j:5, 4, stif=0.985
j:0, 3, stif=0.943
j:1, 5
n:j=1, d=|:p=0.197
n:p=2, d=Gpart:ry=-1.322
n:j=0, d=@:p=0.987
n:j=3, d=@
c:2, 1, -10.59
",0.00012600162816197446,feasible,21
36,0,61,"//0
p:fr=0.472
p:1.008, 0.373, -0.184
p:1.493, -0.721, 0.349, fr=0.034
p:1.382, 0.583, 0.25, fr=1.112
p:0.314, -0.36, -1.305
p:1.885, 0.429, -1.511, fr=0.566
p:1.499, -1.023, 0.521, fr=0.096
j:2, 3, stif=0.944
j:1, 3
j:6, 2, stif=0.838
j:4, 1, stif=0.81
j:5, 4, stif=0.985
j:0, 2, stif=0.943
j:1, 5
n:j=1, d=|:p=0.197
n:p=2, d=Gpart:ry=-1.322
n:j=0, d=@:p=0.987
n:j=3, d=@
c:2, 1, -10.59
",0.005018608531251303,"//0
p:fr=0.472
p:1.008, 0.373, -0.184
p:1.493, -0.721, 0.349, fr=0.034
p:1.382, 0.583, 0.25, fr=1.112
p:0.314, -0.36, -1.305
p:1.885, 0.429, -1.511, fr=0.566
p:1.499, -1.023, 0.521, fr=0.096
j:2, 3, stif=0.944
j:1, 3
j:6, 2, stif=0.838
j:4, 1, stif=0.81
j:5, 4, stif=0.985
j:0, 2, stif=0.943
j:1, 5
n:j=1, d=|:p=0.197
n:p=2, d=Gpart:ry=-0.553
n:j=0, d=@:p=0.987
n:j=3, d=@
c:2, 1, -10.59
",0.0023109657097910713,feasible,21
36,0,62,"//0
p:fr=0.472
p:1.008, 0.373, -0.184
p:1.493, -0.721, 0.349, fr=0.034
p:1.382, 0.583, 0.25, fr=1.112
p:0.314, -0.36, -1.305
p:1.885, 0.429, -1.511, fr=0.566
p:1.499, -1.023, 0.521, fr=0.096
j:2, 3, stif=0.944
j:1, 3
j:6, 2, stif=0.838
j:4, 1, stif=0.81
j:5, 4, stif=0.985
j:0, 2, stif=0.943
j:1, 5
n:j=1, d=|:p=0.197
n:p=2, d=Gpart:ry=-1.322
n:j=0, d=@:p=0.987
n:j=3, d=@
c:2, 1, -9.74
",0.005030854561384493,"//0
p:fr=0.472
p:1.008, 0.373, -0.184
p:1.493, -0.721, 0.349, fr=0.034
p:1.382, 0.583, 0.25, fr=1.112
p:0.314, -0.36, -1.305
p:1.885, 0.429, -1.511, fr=0.566
p:1.499, -1.023, 0.521, fr=0.096
j:2, 3, stif=0.944
j:1, 3
j:6, 2, stif=0.838, rotstif=0.899
j:4, 1, stif=0.81
j:5, 4, stif=0.985
j:0, 2, stif=0.943
j:1, 5
n:j=1, d=|:p=0.197
n:p=2, d=Gpart:ry=-1.322
n:j=0, d=@:p=0.987
n:j=3, d=@
c:2, 1, -9.74
",0.005030854561384493,feasible,22
36,0,62,"//0
p:fr=0.472
p:1.008, 0.373, -0.184
p:1.493, -0.721, 0.349, fr=0.034
p:1.382, 0.583, 0.25, fr=1.112
p:0.314, -0.36, -1.305
p:1.885, 0.429, -1.511, fr=0.566
p:1.499, -1.023, 0.521, fr=0.096
j:2, 3, stif=0.944
j:1, 3
j:6, 2, stif=0.838
j:4, 1, stif=0.81
j:5, 4, stif=0.985
j:0, 2, stif=0.943
j:1, 5
n:j=1, d=|:p=0.197
n:p=2, d=Gpart:ry=-1.322
n:j=0, d=@:p=0.987
n:j=3, d=@
c:2, 1, -9.74
",0.005030854561384493,"//0
p:fr=0.472
p:1.008, 0.373, -0.184
p:1.493, -0.721, 0.349, fr=0.034
p:1.382, 0.583, 0.25, fr=1.112
p:0.314, -0.36, -1.305
p:1.885, 0.429, -1.511, fr=0.566
p:1.499, -1.023, 0.521, fr=0.096
j:2, 3, stif=0.944
j:1, 3
j:6, 2, stif=0.838
j:4, 1, stif=0.81
j:5, 4, stif=0.985
j:0, 2, stif=0.943
j:1, 5
n:j=1, d=|:p=0.197
n:p=2, d=Gpart:ry=-1.322
n:j=0, d=@:p=0.987
n:j=3, d=@
",5.463968392888184e-07,feasible,22
36,0,62,"//0
p:fr=0.472
p:1.008, 0.373, -0.184
p:1.493, -0.721, 0.349, fr=0.034
p:1.382, 0.583, 0.25, fr=1.112
p:0.314, -0.36, -1.305
p:1.885, 0.429, -1.511, fr=0.566
p:1.499, -1.023, 0.521, fr=0.096
j:2, 3, stif=0.944
j:1, 3
j:6, 2, stif=0.838
j:4, 1, stif=0.81
j:5, 4, stif=0.985
j:0, 2, stif=0.943
j:1, 5
n:j=1, d=|:p=0.197
n:p=2, d=Gpart:ry=-1.322
n:j=0, d=@:p=0.987
n:j=3, d=@
c:2, 1, -9.74
",0.005030854561384493,"//0
p:fr=0.472
p:1.008, 0.373, -0.184
p:1.493, -0.721, 0.349, fr=0.034
p:1.382, 0.583, 0.25, fr=1.112
p:0.314, -0.36, -1.305
p:1.885, 0.429, -1.511, fr=0.566
p:1.499, -1.023, 0.521, fr=0.096
j:2, 3, stif=0.844
j:1, 3
j:6, 2, stif=0.838
j:4, 1, stif=0.81
j:5, 4, stif=0.985
j:0, 2, stif=0.943
j:1, 5
n:j=1, d=|:p=0.197
n:p=2, d=Gpart:ry=-1.322
n:j=0, d=@:p=0.987
n:j=3, d=@
c:2, 1, -9.74
",0.005145373211830996,feasible,22
36,0,62,"//0
p:fr=0.472
p:1.008, 0.373, -0.184
p:1.493, -0.721, 0.349, fr=0.034
p:1.382, 0.583, 0.25, fr=1.112
p:0.314, -0.36, -1.305
p:1.885, 0.429, -1.511, fr=0.566
p:1.499, -1.023, 0.521, fr=0.096
j:2, 3, stif=0.944
j:1, 3
j:6, 2, stif=0.838
j:4, 1, stif=0.81
j:5, 4, stif=0.985
j:0, 2, stif=0.943
j:1, 5
n:j=1, d=|:p=0.197
n:p=2, d=Gpart:ry=-1.322
n:j=0, d=@:p=0.987
n:j=3, d=@
c:2, 1, -9.74
",0.005030854561384493,"//0
p:fr=0.472
p:1.008, 0.373, -0.184
p:1.493, -0.721, 0.349, fr=0.034
p:1.382, 0.583, 0.25, fr=1.112
p:0.314, -0.36, -1.305
p:1.885, 0.429, -1.511, fr=0.566
p:1.499, -1.023, 0.521, fr=0.096
j:2, 3, stif=0.944
j:1, 3
j:6, 2, stif=0.838
j:4, 1, stif=0.81
j:5, 4, stif=0.985
j:0, 2, stif=0.943
j:1, 5
n:j=1, d=|:p=0.197
n:p=2, d=Gpart:ry=-1.157
n:j=0, d=@:p=0.987
n:j=3, d=@
c:2, 1, -9.74
",0.0037386642066748747,feasible,22
36,0,62,"//0
p:fr=0.472
p:1.008, 0.373, -0.184
p:1.493, -0.721, 0.349, fr=0.034
p:1.382, 0.583, 0.25, fr=1.112
p:0.314, -0.36, -1.305
p:1.885, 0.429, -1.511, fr=0.566
p:1.499, -1.023, 0.521, fr=0.096
j:2, 3, stif=0.944
j:1, 3
j:6, 2, stif=0.838
j:4, 1, stif=0.81
j:5, 4, stif=0.985
j:0, 2, stif=0.943
j:1, 5
n:j=1, d=|:p=0.197
n:p=2, d=Gpart:ry=-1.322
n:j=0, d=@:p=0.987
n:j=3, d=@
c:2, 1, -9.74
",0.005030854561384493,"//0
p:fr=0.472
p:1.008, 0.373, -0.184
p:1.493, -0.721, 0.349, fr=0.034, ing=0.335
p:1.382, 0.583, 0.25, fr=1.112
p:0.314, -0.36, -1.305
p:1.885, 0.429, -1.511, fr=0.566
p:1.499, -1.023, 0.521, fr=0.096
j:2, 3, stif=0.944
j:1, 3
j:6, 2, stif=0.838
j:4, 1, stif=0.81
j:5, 4, stif=0.985
j:0, 2, stif=0.943
j:1, 5
n:j=1, d=|:p=0.197
n:p=2, d=Gpart:ry=-1.322
n:j=0, d=@:p=0.987
n:j=3, d=@
c:2, 1, -9.74
",0.005030854561384493,feasible,22
36,0,62,"//0
p:fr=0.472
p:1.008, 0.373, -0.184
p:1.493, -0.721, 0.349, fr=0.034
p:1.382, 0.583, 0.25, fr=1.112
p:0.314, -0.36, -1.305
p:1.885, 0.429, -1.511, fr=0.566
p:1.499, -1.023, 0.521, fr=0.096
j:2, 3, stif=0.944
j:1, 3
j:6, 2, stif=0.838
j:4, 1, stif=0.81
j:5, 4, stif=0.985
j:0, 2, stif=0.943
j:1, 5
n:j=1, d=|:p=0.197
n:p=2, d=Gpart:ry=-1.322
n:j=0, d=@:p=0.987
n:j=3, d=@
c:2, 1, -9.74
",0.005030854561384493,"//0
p:fr=0.472
p:1.008, 0.373, -0.184
p:1.493, -0.721, 0.349, fr=0.034
p:1.382, 0.583, 0.25, fr=1.112
p:0.314, -0.36, -1.305
p:1.885, 0.429, -1.511, fr=0.566
p:1.499, -1.023, 0.521, fr=0.096
j:2, 0, stif=0.944
j:1, 0
j:6, 2, stif=0.838
j:4, 1, stif=0.81
j:5, 4, stif=0.985
j:3, 2, stif=0.943
j:1, 5
n:j=1, d=|:p=0.197
n:p=2, d=Gpart:ry=-1.322
n:j=0, d=@:p=0.987
n:j=3, d=@
c:2, 1, -9.74
",0.0010351935713065604,feasible,22
36,0,62,"//0
p:fr=0.472
p:1.008, 0.373, -0.184
p:1.493, -0.721, 0.349, fr=0.034
p:1.382, 0.583, 0.25, fr=1.112
p:0.314, -0.36, -1.305
p:1.885, 0.429, -1.511, fr=0.566
p:1.499, -1.023, 0.521, fr=0.096
j:2, 3, stif=0.944
j:1, 3
j:6, 2, stif=0.838
j:4, 1, stif=0.81
j:5, 4, stif=0.985
j:0, 2, stif=0.943
j:1, 5
n:j=1, d=|:p=0.197
n:p=2, d=Gpart:ry=-1.322
n:j=0, d=@:p=0.987
n:j=3, d=@
c:2, 1, -9.74
",0.005030854561384493,"//0
p:fr=0.472
p:1.008, 0.373, -0.184
p:1.493, -0.721, 0.349, fr=0.034
p:1.382, 0.583, 0.25, fr=1.112
p:0.314, -0.36, -1.305
p:1.885, 0.429, -1.511, fr=0.566
p:1.499, -1.023, 0.521, fr=0.096
j:2, 3, stif=0.944
j:1, 3
j:6, 2, stif=0.838
j:4, 1, stif=0.81
j:5, 4, stif=0.985
j:0, 2, stif=0.943
j:1, 5
n:j=1, d=|:p=0.197
n:p=2, d=Gpart:ry=-1.322
n:j=0, d=@:p=0.823
n:j=3, d=@
c:2, 1, -9.74
",0.004619397364351157,feasible,22
36,0,62,"//0
p:fr=0.472
p:1.008, 0.373, -0.184
p:1.493, -0.721, 0.349, fr=0.034
p:1.382, 0.583, 0.25, fr=1.112
p:0.314, -0.36, -1.305
p:1.885, 0.429, -1.511, fr=0.566
p:1.499, -1.023, 0.521, fr=0.096
j:2, 3, stif=0.944
j:1, 3
j:6, 2, stif=0.838
j:4, 1, stif=0.81
j:5, 4, stif=0.985
j:0, 2, stif=0.943
j:1, 5
n:j=1, d=|:p=0.197
n:p=2, d=Gpart:ry=-1.322
n:j=0, d=@:p=0.987
n:j=3, d=@
c:2, 1, -9.74
",0.005030854561384493,"//0
p:fr=0.472
p:1.008, 0.373, -0.184
p:1.493, -0.721, 0.349, fr=0.034, ing=0.313
p:1.382, 0.583, 0.25, fr=1.112
p:0.314, -0.36, -1.305
p:1.885, 0.429, -1.511, fr=0.566
p:1.499, -1.023, 0.521, fr=0.096
j:2, 3, stif=0.944
j:1, 3
j:6, 2, stif=0.838
j:4, 1, stif=0.81
j:5, 4, stif=0.985
j:0, 2, stif=0.943
j:1, 5
n:j=1, d=|:p=0.197
n:p=2, d=Gpart:ry=-1.322
n:j=0, d=@:p=0.987
n:j=3, d=@
c:2, 1, -9.74
",0.005030854561384493,feasible,22
36,0,62,"//0
p:fr=0.472
p:1.008, 0.373, -0.184
p:1.493, -0.721, 0.349, fr=0.034
p:1.382, 0.583, 0.25, fr=1.112
p:0.314, -0.36, -1.305
p:1.885, 0.429, -1.511, fr=0.566
p:1.499, -1.023, 0.521, fr=0.096
j:2, 3, stif=0.944
j:1, 3
j:6, 2, stif=0.838
j:4, 1, stif=0.81
j:5, 4, stif=0.985
j:0, 2, stif=0.943
j:1, 5
n:j=1, d=|:p=0.197
n:p=2, d=Gpart:ry=-1.322
n:j=0, d=@:p=0.987
n:j=3, d=@
c:2, 1, -9.74
",0.005030854561384493,"//0
p:fr=0.472
p:1.008, 0.373, -0.184
p:1.493, -0.721, 0.349, fr=0.034
p:1.382, 0.583, 0.25, fr=1.112
p:0.314, -0.36, -1.305
p:1.885, 0.429, -1.511, fr=0.566
p:1.499, -1.023, 0.521, fr=0.096
j:2, 3, stif=0.944
j:1, 3
j:6, 2, stif=0.838
j:4, 1, stif=0.81
j:5, 4, stif=0.985
j:0, 2, stif=0.943
j:1, 5
n:j=1, d=|:p=0.197
n:p=2, d=Gpart:ry=-1.322
n:j=0, d=@:p=0.987
n:j=3, d=@
c:2, 1, -8.451
",0.005027705140628448,feasible,22
36,0,62,"//0
p:fr=0.472
p:1.008, 0.373, -0.184
p:1.493, -0.721, 0.349, fr=0.034
p:1.382, 0.583, 0.25, fr=1.112
p:0.314, -0.36, -1.305
p:1.885, 0.429, -1.511, fr=0.566
p:1.499, -1.023, 0.521, fr=0.096
j:2, 3, stif=0.944
j:1, 3
j:6, 2, stif=0.838
j:4, 1, stif=0.81
j:5, 4, stif=0.985
j:0, 2, stif=0.943
j:1, 5
n:j=1, d=|:p=0.197
n:p=2, d=Gpart:ry=-1.322
n:j=0, d=@:p=0.987
n:j=3, d=@
c:2, 1, -9.74
",0.005030854561384493,"//0
p:fr=0.472
p:1.008, 0.373, -0.184
p:1.493, -0.721, 0.349, fr=0.034
p:1.382, 0.583, 0.25, fr=1.112
p:0.314, -0.36, -1.305, ing=0.269
p:1.885, 0.429, -1.511, fr=0.566
p:1.499, -1.023, 0.521, fr=0.096
j:2, 3, stif=0.944
j:1, 3
j:6, 2, stif=0.838
j:4, 1, stif=0.81
j:5, 4, stif=0.985
j:0, 2, stif=0.943
j:1, 5
n:j=1, d=|:p=0.197
n:p=2, d=Gpart:ry=-1.322
n:j=0, d=@:p=0.987
n:j=3, d=@
c:2, 1, -9.74
",0.005030854561384493,feasible,22
36,0,62,"//0
p:fr=0.472
p:1.008, 0.373, -0.184
p:1.493, -0.721, 0.349, fr=0.034
p:1.382, 0.583, 0.25, fr=1.112
p:0.314, -0.36, -1.305
p:1.885, 0.429, -1.511, fr=0.566
p:1.499, -1.023, 0.521, fr=0.096
j:2, 3, stif=0.944
j:1, 3
j:6, 2, stif=0.838
j:4, 1, stif=0.81
j:5, 4, stif=0.985
j:0, 2, stif=0.943
j:1, 5
n:j=1, d=|:p=0.197
n:p=2, d=Gpart:ry=-1.322
n:j=0, d=@:p=0.987
n:j=3, d=@
c:2, 1, -9.74
",0.005030854561384493,"//0
p:fr=0.472
p:1.008, 0.373, -0.184
p:1.493, -0.721, 0.349, fr=0.034
p:1.382, 0.583, 0.25, fr=1.112
p:0.314, -0.36, -1.305
p:1.885, 0.429, -1.511, fr=0.566
p:1.499, -1.023, 0.521, fr=0.096
j:2, 3, stif=0.944
j:1, 3
j:6, 2, stif=0.838
j:4, 1, stif=0.81
j:5, 4, stif=0.985
j:0, 2, stif=0.943
j:1, 5
n:j=1, d=|:p=0.197
n:p=2, d=Gpart:ry=-1.322
n:j=0, d=@:p=0.987
n:j=3, d=@
c:0, 1, -1.71
c:2, 1, -9.74
",0.0030857927418073182,feasible,22
36,0,62,"//0
p:fr=0.472
p:1.008, 0.373, -0.184
p:1.493, -0.721, 0.349, fr=0.034
p:1.382, 0.583, 0.25, fr=1.112
p:0.314, -0.36, -1.305
p:1.885, 0.429, -1.511, fr=0.566
p:1.499, -1.023, 0.521, fr=0.096
j:2, 3, stif=0.944
j:1, 3
j:6, 2, stif=0.838
j:4, 1, stif=0.81
j:5, 4, stif=0.985
j:0, 2, stif=0.943
j:1, 5
n:j=1, d=|:p=0.197
n:p=2, d=Gpart:ry=-1.322
n:j=0, d=@:p=0.987
n:j=3, d=@
c:2, 1, -9.74
",0.005030854561384493,"//0
p:fr=0.472
p:1.008, 0.373, -0.184
p:1.493, -0.721, 0.349, fr=0.034
p:1.382, 0.583, 0.25, fr=1.112
p:0.314, -0.36, -1.305
p:1.885, 0.429, -1.511, fr=0.566
p:1.499, -1.023, 0.521, fr=0.096
p:0.386, -0.216, -1.261
j:2, 3, stif=0.944
j:1, 3
j:6, 2, stif=0.838
j:4, 1, stif=0.81
j:5, 4, stif=0.985
j:0, 2, stif=0.943
j:1, 5
j:7, 4
n:j=1, d=|:p=0.197
n:p=2, d=Gpart:ry=-1.322
n:j=0, d=@:p=0.987
n:j=3, d=@
c:2, 1, -9.74
",0.0006813318147747677,feasible,22
36,0,62,"//0
p:fr=0.472
p:1.008, 0.373, -0.184
p:1.493, -0.721, 0.349, fr=0.034
p:1.382, 0.583, 0.25, fr=1.112
p:0.314, -0.36, -1.305
p:1.885, 0.429, -1.511, fr=0.566
p:1.499, -1.023, 0.521, fr=0.096
j:2, 3, stif=0.944
j:1, 3
j:6, 2, stif=0.838
j:4, 1, stif=0.81
j:5, 4, stif=0.985
j:0, 2, stif=0.943
j:1, 5
n:j=1, d=|:p=0.197
n:p=2, d=Gpart:ry=-1.322
n:j=0, d=@:p=0.987
n:j=3, d=@
c:2, 1, -9.74
",0.005030854561384493,"//0
p:fr=0.472
p:1.008, 0.373, -0.184
p:1.493, -0.721, 0.349, fr=0.034
p:1.382, 0.583, 0.25, fr=1.112
p:0.3501332970791162, -0.3710637152210016, -1.25430918289325
p:1.885, 0.429, -1.511, fr=0.566
p:1.499, -1.023, 0.521, fr=0.096
j:2, 3, stif=0.944
j:1, 3
j:6, 2, stif=0.838
j:4, 1, stif=0.81
j:5, 4, stif=0.985
j:0, 2, stif=0.943
j:1, 5
j:2, 4
n:j=1, d=|:p=0.197
n:p=2, d=Gpart:ry=-1.322
n:j=0, d=@:p=0.987
n:j=3, d=@
c:2, 1, -9.74
",2.6513521292446303e-06,feasible,22
36,0,62,"//0
p:fr=0.472
p:1.008, 0.373, -0.184
p:1.493, -0.721, 0.349, fr=0.034
p:1.382, 0.583, 0.25, fr=1.112
p:0.314, -0.36, -1.305
p:1.885, 0.429, -1.511, fr=0.566
p:1.499, -1.023, 0.521, fr=0.096
j:2, 3, stif=0.944
j:1, 3
j:6, 2, stif=0.838
j:4, 1, stif=0.81
j:5, 4, stif=0.985
j:0, 2, stif=0.943
j:1, 5
n:j=1, d=|:p=0.197
n:p=2, d=Gpart:ry=-1.322
n:j=0, d=@:p=0.987
n:j=3, d=@
c:2, 1, -9.74
",0.005030854561384493,"//0
p:fr=0.472
p:1.008, 0.373, -0.184
p:1.493, -0.721, 0.349, fr=0.034
p:1.382, 0.583, 0.25, fr=1.112
p:0.314, -0.36, -1.305
p:1.885, 0.429, -1.511, fr=0.566
p:1.499, -1.023, 0.521, fr=0.096
j:2, 3, stif=0.944
j:1, 3
j:6, 2, stif=0.838
j:4, 1, stif=0.81
j:5, 4, stif=0.985
j:0, 2, stif=0.943, rotstif=0.941
j:1, 5
n:j=1, d=|:p=0.197
n:p=2, d=Gpart:ry=-1.322
n:j=0, d=@:p=0.987
n:j=3, d=@
c:2, 1, -9.74
",0.005030854561384493,feasible,22
36,0,62,"//0
p:fr=0.472
p:1.008, 0.373, -0.184
p:1.493, -0.721, 0.349, fr=0.034
p:1.382, 0.583, 0.25, fr=1.112
p:0.314, -0.36, -1.305
p:1.885, 0.429, -1.511, fr=0.566
p:1.499, -1.023, 0.521, fr=0.096
j:2, 3, stif=0.944
j:1, 3
j:6, 2, stif=0.838
j:4, 1, stif=0.81
j:5, 4, stif=0.985
j:0, 2, stif=0.943
j:1, 5
n:j=1, d=|:p=0.197
n:p=2, d=Gpart:ry=-1.322
n:j=0, d=@:p=0.987
n:j=3, d=@
c:2, 1, -9.74
",0.005030854561384493,"//0
p:fr=0.472
p:1.008, 0.373, -0.184
p:1.493, -0.721, 0.349, fr=0.034
p:1.382, 0.583, 0.25, fr=1.112
p:0.314, -0.36, -1.305
p:1.885, 0.429, -1.511, fr=0.566
p:1.499, -1.023, 0.521, fr=0.096
j:2, 3, stif=0.944
j:1, 3
j:6, 2, stif=0.838
j:4, 1, stif=0.81
j:5, 4, stif=0.985
j:0, 2, stif=0.943
j:1, 5
n:j=1, d=|:p=0.197
n:p=2, d=Gpart:ry=-1.322
n:j=0, d=@:p=0.987
n:j=3, d=@
c:2, 1, -12.183
",0.005027990691867632,feasible,22
36,0,62,"//0
p:fr=0.472
p:1.008, 0.373, -0.184
p:1.493, -0.721, 0.349, fr=0.034
p:1.382, 0.583, 0.25, fr=1.112
p:0.314, -0.36, -1.305
p:1.885, 0.429, -1.511, fr=0.566
p:1.499, -1.023, 0.521, fr=0.096
j:2, 3, stif=0.944
j:1, 3
j:6, 2, stif=0.838
j:4, 1, stif=0.81
j:5, 4, stif=0.985
j:0, 2, stif=0.943
j:1, 5
n:j=1, d=|:p=0.197
n:p=2, d=Gpart:ry=-1.322
n:j=0, d=@:p=0.987
n:j=3, d=@
c:2, 1, -9.74
",0.005030854561384493,"//0
p:fr=0.472
p:1.008, 0.373, -0.184
p:1.493, -0.721, 0.349, fr=0.034
p:1.382, 0.583, 0.25, fr=1.112
p:0.4575918891135442, -0.44033875314960313, -1.0837351987161759
p:1.804455813206649, 0.12602031289133309, -1.086995369004951, fr=0.566
p:1.499, -1.023, 0.521, fr=0.096
j:2, 3, stif=0.944
j:6, 3
j:1, 2, stif=0.838
j:4, 6, stif=0.81
j:5, 4, stif=0.985
j:0, 2, stif=0.943
j:6, 5
n:j=1, d=|:p=0.197
n:p=2, d=Gpart:ry=-1.322
n:j=0, d=@:p=0.987
n:j=3, d=@
c:2, 1, -9.74
",8.145586238508027e-05,feasible,22
36,0,62,"//0
p:fr=0.472
p:1.008, 0.373, -0.184
p:1.493, -0.721, 0.349, fr=0.034
p:1.382, 0.583, 0.25, fr=1.112
p:0.314, -0.36, -1.305
p:1.885, 0.429, -1.511, fr=0.566
p:1.499, -1.023, 0.521, fr=0.096
j:2, 3, stif=0.944
j:1, 3
j:6, 2, stif=0.838
j:4, 1, stif=0.81
j:5, 4, stif=0.985
j:0, 2, stif=0.943
j:1, 5
n:j=1, d=|:p=0.197
n:p=2, d=Gpart:ry=-1.322
n:j=0, d=@:p=0.987
n:j=3, d=@
c:2, 1, -9.74
",0.005030854561384493,"//0
p:fr=0.472
p:1.008, 0.373, -0.184
p:1.493, -0.721, 0.349, fr=0.034
p:1.382, 0.583, 0.25, fr=1.112
p:0.314, -0.36, -1.305
p:1.885, 0.429, -1.511, fr=0.566
p:1.499, -1.023, 0.521, fr=0.096
j:2, 3, stif=0.944
j:1, 3
j:6, 2, stif=0.838
j:4, 1, stif=0.81
j:5, 4, stif=0.985
j:0, 2, stif=0.943
j:1, 5
n:j=1, d=|:p=0.197
n:p=2, d=Gpart:ry=-1.322
n:j=0, d=@:p=0.987
c:2, 1, -9.74
",0.004775062561417767,feasible,22
36,0,62,"//0
p:fr=0.472
p:1.008, 0.373, -0.184
p:1.493, -0.721, 0.349, fr=0.034
p:1.382, 0.583, 0.25, fr=1.112
p:0.314, -0.36, -1.305
p:1.885, 0.429, -1.511, fr=0.566
p:1.499, -1.023, 0.521, fr=0.096
j:2, 3, stif=0.944
j:1, 3
j:6, 2, stif=0.838
j:4, 1, stif=0.81
j:5, 4, stif=0.985
j:0, 2, stif=0.943
j:1, 5
n:j=1, d=|:p=0.197
n:p=2, d=Gpart:ry=-1.322
n:j=0, d=@:p=0.987
n:j=3, d=@
c:2, 1, -9.74
",0.005030854561384493,"//0
p:fr=0.472
p:1.008, 0.373, -0.184
p:1.493, -0.721, 0.349, fr=0.034
p:1.382, 0.583, 0.25, fr=1.112
p:0.314, -0.36, -1.305
p:1.885, 0.429, -1.511, fr=0.566
p:1.499, -1.023, 0.521, fr=0.096
j:2, 3, stif=0.944
j:1, 3
j:6, 2, stif=0.838
j:4, 1, stif=0.81, rotstif=0.856
j:5, 4, stif=0.985
j:0, 2, stif=0.943
j:1, 5
n:j=1, d=|:p=0.197
n:p=2, d=Gpart:ry=-1.322
n:j=0, d=@:p=0.987
n:j=3, d=@
c:2, 1, -9.74
",0.005030854561384493,feasible,22
36,0,62,"//0
p:fr=0.472
p:1.008, 0.373, -0.184
p:1.493, -0.721, 0.349, fr=0.034
p:1.382, 0.583, 0.25, fr=1.112
p:0.314, -0.36, -1.305
p:1.885, 0.429, -1.511, fr=0.566
p:1.499, -1.023, 0.521, fr=0.096
j:2, 3, stif=0.944
j:1, 3
j:6, 2, stif=0.838
j:4, 1, stif=0.81
j:5, 4, stif=0.985
j:0, 2, stif=0.943
j:1, 5
n:j=1, d=|:p=0.197
n:p=2, d=Gpart:ry=-1.322
n:j=0, d=@:p=0.987
n:j=3, d=@
c:2, 1, -9.74
",0.005030854561384493,"//0
p:fr=0.472
p:1.008, 0.373, -0.184
p:1.493, -0.721, 0.349, fr=0.034
p:1.657, 0.982, 0.332, fr=1.112
p:0.314, -0.36, -1.305
p:1.885, 0.429, -1.511, fr=0.566
p:1.499, -1.023, 0.521, fr=0.096
j:2, 3, stif=0.944
j:1, 3
j:6, 2, stif=0.838
j:4, 1, stif=0.81
j:5, 4, stif=0.985
j:0, 2, stif=0.943
j:1, 5
n:j=1, d=|:p=0.197
n:p=2, d=Gpart:ry=-1.322
n:j=0, d=@:p=0.987
n:j=3, d=@
c:2, 1, -9.74
",3.188057861298094e-05,feasible,22
36,0,62,"//0
p:fr=0.472
p:1.008, 0.373, -0.184
p:1.493, -0.721, 0.349, fr=0.034
p:1.382, 0.583, 0.25, fr=1.112
p:0.314, -0.36, -1.305
p:1.885, 0.429, -1.511, fr=0.566
p:1.499, -1.023, 0.521, fr=0.096
j:2, 3, stif=0.944
j:1, 3
j:6, 2, stif=0.838
j:4, 1, stif=0.81
j:5, 4, stif=0.985
j:0, 2, stif=0.943
j:1, 5
n:j=1, d=|:p=0.197
n:p=2, d=Gpart:ry=-1.322
n:j=0, d=@:p=0.987
n:j=3, d=@
c:2, 1, -9.74
",0.005030854561384493,"//0
p:fr=0.472
p:1.008, 0.373, -0.184
p:1.493, -0.721, 0.349, fr=0.034
p:1.382, 0.583, 0.25, fr=1.112
p:0.314, -0.36, -1.305
p:1.885, 0.429, -1.511, fr=0.566
p:1.499, -1.023, 0.521, fr=0.096
j:2, 3, stif=0.944
j:1, 3
j:6, 2, stif=0.838
j:4, 1, stif=0.81
j:5, 4, stif=0.985
j:0, 2, stif=0.943
j:1, 5
n:j=1, d=|:p=0.197
n:p=2, d=Gpart:ry=-1.322
n:j=0, d=@:p=0.987
n:j=3, d=@
n:j=3, d=|
c:2, 1, -9.74
c:4, 1, -0.391
",0.004312089042145418,feasible,22
36,0,63,"//0
p:fr=0.472
p:1.008, 0.373, -0.184
p:1.493, -0.721, 0.349, fr=0.034
p:1.382, 0.583, 0.25, fr=1.112
p:0.314, -0.36, -1.305
p:1.885, 0.429, -1.511, fr=0.566
p:1.499, -1.023, 0.521, fr=0.096
j:2, 3, stif=0.944
j:1, 3
j:6, 2, stif=0.838
j:4, 1, stif=0.81
j:5, 4, stif=0.985
j:0, 2, stif=0.943
j:1, 5
n:j=1, d=|:p=0.197
n:p=2, d=Gpart:ry=-1.322
n:j=0, d=@:p=0.987
n:j=3, d=@
c:2, 1, -9.438
",0.00505807765185269,"//0
p:fr=0.472
p:1.008, 0.373, -0.184
p:1.493, -0.721, 0.349, fr=0.034
p:1.382, 0.583, 0.25, fr=1.071
p:0.314, -0.36, -1.305
p:1.885, 0.429, -1.511, fr=0.566
p:1.499, -1.023, 0.521, fr=0.096
j:2, 3, stif=0.944
j:1, 3
j:6, 2, stif=0.838
j:4, 1, stif=0.81
j:5, 4, stif=0.985
j:0, 2, stif=0.943
j:1, 5
n:j=1, d=|:p=0.197
n:p=2, d=Gpart:ry=-1.322
n:j=0, d=@:p=0.987
n:j=3, d=@
c:2, 1, -9.438
",0.00505807765185269,feasible,20
36,0,63,"//0
p:fr=0.472
p:1.008, 0.373, -0.184
p:1.493, -0.721, 0.349, fr=0.034
p:1.382, 0.583, 0.25, fr=1.112
p:0.314, -0.36, -1.305
p:1.885, 0.429, -1.511, fr=0.566
p:1.499, -1.023, 0.521, fr=0.096
j:2, 3, stif=0.944
j:1, 3
j:6, 2, stif=0.838
j:4, 1, stif=0.81
j:5, 4, stif=0.985
j:0, 2, stif=0.943
j:1, 5
n:j=1, d=|:p=0.197
n:p=2, d=Gpart:ry=-1.322
n:j=0, d=@:p=0.987
n:j=3, d=@
c:2, 1, -9.438
",0.00505807765185269,"//0
p:fr=0.472
p:1.008, 0.373, -0.184
p:1.493, -0.721, 0.349, fr=0.034
p:1.382, 0.583, 0.25, fr=1.112
p:0.314, -0.36, -1.305
p:1.885, 0.429, -1.511, fr=0.566
p:1.499, -1.023, 0.521, fr=0.096
j:2, 3, stif=0.944
j:1, 3
j:6, 2, stif=0.838
j:4, 1, stif=0.81
j:5, 4, stif=0.985
j:0, 2, stif=0.943
j:1, 5
n:j=1, d=|:p=0.197
n:p=2, d=Gpart:ry=-1.322
n:j=0, d=@:p=0.987
n:j=3, d=@
c:2, 1, -9.973
",0.005052814722856534,feasible,20
36,0,63,"//0
p:fr=0.472
p:1.008, 0.373, -0.184
p:1.493, -0.721, 0.349, fr=0.034
p:1.382, 0.583, 0.25, fr=1.112
p:0.314, -0.36, -1.305
p:1.885, 0.429, -1.511, fr=0.566
p:1.499, -1.023, 0.521, fr=0.096
j:2, 3, stif=0.944
j:1, 3
j:6, 2, stif=0.838
j:4, 1, stif=0.81
j:5, 4, stif=0.985
j:0, 2, stif=0.943
j:1, 5
n:j=1, d=|:p=0.197
n:p=2, d=Gpart:ry=-1.322
n:j=0, d=@:p=0.987
n:j=3, d=@
c:2, 1, -9.438
",0.00505807765185269,"//0
p:fr=0.472
p:1.008, 0.373, -0.184
p:1.493, -0.721, 0.349, fr=0.034
p:1.382, 0.583, 0.25, fr=1.112
p:0.314, -0.36, -1.305
p:1.885, 0.429, -1.511, fr=0.566
p:1.499, -1.023, 0.521, fr=0.096
j:2, 3, stif=0.944
j:1, 3
j:6, 2, stif=0.838
j:4, 1, stif=0.81
j:5, 4, stif=0.985
j:0, 2, stif=0.943
j:1, 5
n:j=1, d=|:p=0.197
n:p=2, d=Gpart:ry=-1.322
n:j=0, d=@:p=0.987
n:j=3, d=@
n:p=3, d=T
c:0, 4, 3.378
c:2, 1, -9.438
",3.080214459637133e-05,feasible,20
36,0,63,"//0
p:fr=0.472
p:1.008, 0.373, -0.184
p:1.493, -0.721, 0.349, fr=0.034
p:1.382, 0.583, 0.25, fr=1.112
p:0.314, -0.36, -1.305
p:1.885, 0.429, -1.511, fr=0.566
p:1.499, -1.023, 0.521, fr=0.096
j:2, 3, stif=0.944
j:1, 3
j:6, 2, stif=0.838
j:4, 1, stif=0.81
j:5, 4, stif=0.985
j:0, 2, stif=0.943
j:1, 5
n:j=1, d=|:p=0.197
n:p=2, d=Gpart:ry=-1.322
n:j=0, d=@:p=0.987
n:j=3, d=@
c:2, 1, -9.438
",0.00505807765185269,"//0
p:fr=0.472
p:1.008, 0.373, -0.184
p:1.493, -0.721, 0.349, fr=0.034
p:1.382, 0.583, 0.25, fr=1.112
p:0.314, -0.36, -1.305
p:1.885, 0.429, -1.511, fr=0.566
p:1.499, -1.023, 0.521, fr=0.096
j:2, 3, stif=0.944
j:1, 3
j:6, 2, stif=0.838
j:4, 1, stif=0.81
j:5, 4, stif=0.985
j:0, 2, stif=0.904
j:1, 5
n:j=1, d=|:p=0.197
n:p=2, d=Gpart:ry=-1.322
n:j=0, d=@:p=0.987
n:j=3, d=@
c:2, 1, -9.438
",0.005052829877177407,feasible,20
36,0,63,"//0
p:fr=0.472
p:1.008, 0.373, -0.184
p:1.493, -0.721, 0.349, fr=0.034
p:1.382, 0.583, 0.25, fr=1.112
p:0.314, -0.36, -1.305
p:1.885, 0.429, -1.511, fr=0.566
p:1.499, -1.023, 0.521, fr=0.096
j:2, 3, stif=0.944
j:1, 3
j:6, 2, stif=0.838
j:4, 1, stif=0.81
j:5, 4, stif=0.985
j:0, 2, stif=0.943
j:1, 5
n:j=1, d=|:p=0.197
n:p=2, d=Gpart:ry=-1.322
n:j=0, d=@:p=0.987
n:j=3, d=@
c:2, 1, -9.438
",0.00505807765185269,"//0
p:fr=0.472
p:1.008, 0.373, -0.184
p:1.493, -0.721, 0.349, fr=0.034
p:1.382, 0.583, 0.25, fr=1.112
p:0.314, -0.36, -1.305
p:1.885, 0.429, -1.511, fr=0.566
p:1.499, -1.023, 0.521, fr=0.096
j:2, 3, stif=0.944
j:1, 3
j:6, 2, stif=0.838
j:4, 1, stif=0.81
j:5, 4, stif=0.985
j:0, 2, stif=0.943
j:1, 5
n:j=1, d=|:p=0.197
n:p=2, d=Gpart:ry=-0.265
n:j=0, d=@:p=0.987
n:j=3, d=@
c:2, 1, -9.438
",3.5231451692586006e-05,feasible,20
36,0,63,"//0
p:fr=0.472
p:1.008, 0.373, -0.184
p:1.493, -0.721, 0.349, fr=0.034
p:1.382, 0.583, 0.25, fr=1.112
p:0.314, -0.36, -1.305
p:1.885, 0.429, -1.511, fr=0.566
p:1.499, -1.023, 0.521, fr=0.096
j:2, 3, stif=0.944
j:1, 3
j:6, 2, stif=0.838
j:4, 1, stif=0.81
j:5, 4, stif=0.985
j:0, 2, stif=0.943
j:1, 5
n:j=1, d=|:p=0.197
n:p=2, d=Gpart:ry=-1.322
n:j=0, d=@:p=0.987
n:j=3, d=@
c:2, 1, -9.438
",0.00505807765185269,"//0
p:fr=0.472
p:1.008, 0.373, -0.184, fr=0.581
p:1.493, -0.721, 0.349, fr=0.034
p:1.382, 0.583, 0.25, fr=1.112
p:0.314, -0.36, -1.305
p:1.885, 0.429, -1.511, fr=0.566
p:1.499, -1.023, 0.521, fr=0.096
j:2, 3, stif=0.944
j:1, 3
j:6, 2, stif=0.838
j:4, 1, stif=0.81
j:5, 4, stif=0.985
j:0, 2, stif=0.943
j:1, 5
n:j=1, d=|:p=0.197
n:p=2, d=Gpart:ry=-1.322
n:j=0, d=@:p=0.987
n:j=3, d=@
c:2, 1, -9.438
",0.00505807765185269,feasible,20
36,0,63,"//0
p:fr=0.472
p:1.008, 0.373, -0.184
p:1.493, -0.721, 0.349, fr=0.034
p:1.382, 0.583, 0.25, fr=1.112
p:0.314, -0.36, -1.305
p:1.885, 0.429, -1.511, fr=0.566
p:1.499, -1.023, 0.521, fr=0.096
j:2, 3, stif=0.944
j:1, 3
j:6, 2, stif=0.838
j:4, 1, stif=0.81
j:5, 4, stif=0.985
j:0, 2, stif=0.943
j:1, 5
n:j=1, d=|:p=0.197
n:p=2, d=Gpart:ry=-1.322
n:j=0, d=@:p=0.987
n:j=3, d=@
c:2, 1, -9.438
",0.00505807765185269,"//0
p:fr=0.472
p:1.008, 0.373, -0.184
p:1.493, -0.721, 0.349, fr=0.034
p:1.382, 0.583, 0.25, fr=1.112
p:0.314, -0.36, -1.305, fr=0.078
p:1.885, 0.429, -1.511, fr=0.566
p:1.499, -1.023, 0.521, fr=0.096
j:2, 3, stif=0.944
j:1, 3
j:6, 2, stif=0.838
j:4, 1, stif=0.81
j:5, 4, stif=0.985
j:0, 2, stif=0.943
j:1, 5
n:j=1, d=|:p=0.197
n:p=2, d=Gpart:ry=-1.322
n:j=0, d=@:p=0.987
n:j=3, d=@
c:2, 1, -9.438
",0.0036316694878685604,feasible,20
36,0,63,"//0
p:fr=0.472
p:1.008, 0.373, -0.184
p:1.493, -0.721, 0.349, fr=0.034
p:1.382, 0.583, 0.25, fr=1.112
p:0.314, -0.36, -1.305
p:1.885, 0.429, -1.511, fr=0.566
p:1.499, -1.023, 0.521, fr=0.096
j:2, 3, stif=0.944
j:1, 3
j:6, 2, stif=0.838
j:4, 1, stif=0.81
j:5, 4, stif=0.985
j:0, 2, stif=0.943
j:1, 5
n:j=1, d=|:p=0.197
n:p=2, d=Gpart:ry=-1.322
n:j=0, d=@:p=0.987
n:j=3, d=@
c:2, 1, -9.438
",0.00505807765185269,"//0
p:fr=0.472
p:1.008, 0.373, -0.184
p:1.493, -0.721, 0.349, fr=0.034
p:1.382, 0.583, 0.25, fr=1.112
p:0.314, -0.36, -1.305
p:1.885, 0.429, -1.511, fr=0.566
p:1.499, -1.023, 0.521, fr=0.096
j:2, 3, stif=0.944
j:1, 3
j:6, 2, stif=0.838
j:4, 1, stif=0.81
j:5, 4, stif=0.985
j:0, 2, stif=0.943
j:1, 5
n:j=1, d=|:p=0.197
n:p=2, d=Gpart:ry=-1.322
n:j=0, d=@:p=0.987
n:j=3, d=@
c:2, 1, -9.05
",0.005032953694455417,feasible,20
36,0,63,"//0
p:fr=0.472
p:1.008, 0.373, -0.184
p:1.493, -0.721, 0.349, fr=0.034
p:1.382, 0.583, 0.25, fr=1.112
p:0.314, -0.36, -1.305
p:1.885, 0.429, -1.511, fr=0.566
p:1.499, -1.023, 0.521, fr=0.096
j:2, 3, stif=0.944
j:1, 3
j:6, 2, stif=0.838
j:4, 1, stif=0.81
j:5, 4, stif=0.985
j:0, 2, stif=0.943
j:1, 5
n:j=1, d=|:p=0.197
n:p=2, d=Gpart:ry=-1.322
n:j=0, d=@:p=0.987
n:j=3, d=@
c:2, 1, -9.438
",0.00505807765185269,"//0
p:fr=0.472
p:1.008, 0.373, -0.184
p:1.493, -0.721, 0.349, fr=0.034
p:1.382, 0.583, 0.25, fr=1.112
p:0.3501332970791162, -0.3710637152210016, -1.25430918289325
p:1.885, 0.429, -1.511, fr=0.566
p:1.499, -1.023, 0.521, fr=0.096
j:2, 4, stif=0.944
j:1, 4
j:6, 2, stif=0.838
j:3, 1, stif=0.81
j:5, 3, stif=0.985
j:0, 2, stif=0.943
j:1, 5
n:j=1, d=|:p=0.197
n:p=2, d=Gpart:ry=-1.322
n:j=0, d=@:p=0.987
n:j=3, d=@
c:2, 1, -9.438
",7.103457330230874e-05,feasible,20
36,0,63,"//0
p:fr=0.472
p:1.008, 0.373, -0.184
p:1.493, -0.721, 0.349, fr=0.034
p:1.382, 0.583, 0.25, fr=1.112
p:0.314, -0.36, -1.305
p:1.885, 0.429, -1.511, fr=0.566
p:1.499, -1.023, 0.521, fr=0.096
j:2, 3, stif=0.944
j:1, 3
j:6, 2, stif=0.838
j:4, 1, stif=0.81
j:5, 4, stif=0.985
j:0, 2, stif=0.943
j:1, 5
n:j=1, d=|:p=0.197
n:p=2, d=Gpart:ry=-1.322
n:j=0, d=@:p=0.987
n:j=3, d=@
c:2, 1, -9.438
",0.00505807765185269,"//0
p:fr=0.472
p:1.008, 0.373, -0.184
p:1.493, -0.721, 0.349, fr=0.034
p:1.382, 0.583, 0.25, fr=1.112
p:0.314, -0.36, -1.305
p:1.885, 0.429, -1.511, fr=0.566
p:1.499, -1.023, 0.521, fr=0.096
j:2, 3, stif=0.944
j:1, 3
j:6, 2, stif=0.838
j:4, 1, stif=0.81
j:5, 4, stif=0.985
j:0, 2, stif=0.943
j:1, 5
n:j=1, d=|:p=0.197
n:p=2, d=Gpart:ry=-1.322
n:j=0, d=@:p=0.987
n:j=3, d=@
c:2, 1, -9.513
",0.005031677068349262,feasible,20
36,0,63,"//0
p:fr=0.472
p:1.008, 0.373, -0.184
p:1.493, -0.721, 0.349, fr=0.034
p:1.382, 0.583, 0.25, fr=1.112
p:0.314, -0.36, -1.305
p:1.885, 0.429, -1.511, fr=0.566
p:1.499, -1.023, 0.521, fr=0.096
j:2, 3, stif=0.944
j:1, 3
j:6, 2, stif=0.838
j:4, 1, stif=0.81
j:5, 4, stif=0.985
j:0, 2, stif=0.943
j:1, 5
n:j=1, d=|:p=0.197
n:p=2, d=Gpart:ry=-1.322
n:j=0, d=@:p=0.987
n:j=3, d=@
c:2, 1, -9.438
",0.00505807765185269,"//0
p:fr=0.472
p:1.008, 0.373, -0.184
p:1.493, -0.721, 0.349, fr=0.39
p:1.382, 0.583, 0.25, fr=1.112
p:0.314, -0.36, -1.305
p:1.885, 0.429, -1.511, fr=0.566
p:1.499, -1.023, 0.521, fr=0.096
j:2, 3, stif=0.944
j:1, 3
j:6, 2, stif=0.838
j:4, 1, stif=0.81
j:5, 4, stif=0.985
j:0, 2, stif=0.943
j:1, 5
n:j=1, d=|:p=0.197
n:p=2, d=Gpart:ry=-1.322
n:j=0, d=@:p=0.987
n:j=3, d=@
c:2, 1, -9.438
",0.003084081871709132,feasible,20
36,0,63,"//0
p:fr=0.472
p:1.008, 0.373, -0.184
p:1.493, -0.721, 0.349, fr=0.034
p:1.382, 0.583, 0.25, fr=1.112
p:0.314, -0.36, -1.305
p:1.885, 0.429, -1.511, fr=0.566
p:1.499, -1.023, 0.521, fr=0.096
j:2, 3, stif=0.944
j:1, 3
j:6, 2, stif=0.838
j:4, 1, stif=0.81
j:5, 4, stif=0.985
j:0, 2, stif=0.943
j:1, 5
n:j=1, d=|:p=0.197
n:p=2, d=Gpart:ry=-1.322
n:j=0, d=@:p=0.987
n:j=3, d=@
c:2, 1, -9.438
",0.00505807765185269,"//0
p:fr=0.472
p:1.008, 0.373, -0.184
p:1.493, -0.721, 0.349, fr=0.034
p:1.382, 0.583, 0.25, fr=1.112
p:0.314, -0.36, -1.305
p:1.885, 0.429, -1.511, fr=0.566
p:1.499, -1.023, 0.521, fr=0.096
j:2, 3, stif=0.944
j:1, 3
j:6, 2, stif=0.838
j:4, 1, stif=0.81
j:5, 4, stif=0.985
j:0, 2, stif=0.943
j:1, 5
n:j=1, d=|:p=0.197
n:j=0, d=@:p=0.987
n:j=3, d=@
",5.463968392888184e-07,feasible,20
36,0,63,"//0
p:fr=0.472
p:1.008, 0.373, -0.184
p:1.493, -0.721, 0.349, fr=0.034
p:1.382, 0.583, 0.25, fr=1.112
p:0.314, -0.36, -1.305
p:1.885, 0.429, -1.511, fr=0.566
p:1.499, -1.023, 0.521, fr=0.096
j:2, 3, stif=0.944
j:1, 3
j:6, 2, stif=0.838
j:4, 1, stif=0.81
j:5, 4, stif=0.985
j:0, 2, stif=0.943
j:1, 5
n:j=1, d=|:p=0.197
n:p=2, d=Gpart:ry=-1.322
n:j=0, d=@:p=0.987
n:j=3, d=@
c:2, 1, -9.438
",0.00505807765185269,"//0
p:fr=0.472
p:1.008, 0.373, -0.184
p:1.493, -0.721, 0.349, fr=0.034
p:1.382, 0.583, 0.25, fr=1.112
p:0.314, -0.36, -1.305
p:1.885, 0.429, -1.511, fr=0.566
p:1.499, -1.023, 0.521, fr=0.096
j:2, 3, stif=0.944, rotstif=0.943
j:1, 3
j:6, 2, stif=0.838
j:4, 1, stif=0.81
j:5, 4, stif=0.985
j:0, 2, stif=0.943
j:1, 5
n:j=1, d=|:p=0.197
n:p=2, d=Gpart:ry=-1.322
n:j=0, d=@:p=0.987
n:j=3, d=@
c:2, 1, -9.438
",0.00505807765185269,feasible,20
36,0,63,"//0
p:fr=0.472
p:1.008, 0.373, -0.184
p:1.493, -0.721, 0.349, fr=0.034
p:1.382, 0.583, 0.25, fr=1.112
p:0.314, -0.36, -1.305
p:1.885, 0.429, -1.511, fr=0.566
p:1.499, -1.023, 0.521, fr=0.096
j:2, 3, stif=0.944
j:1, 3
j:6, 2, stif=0.838
j:4, 1, stif=0.81
j:5, 4, stif=0.985
j:0, 2, stif=0.943
j:1, 5
n:j=1, d=|:p=0.197
n:p=2, d=Gpart:ry=-1.322
n:j=0, d=@:p=0.987
n:j=3, d=@
c:2, 1, -9.438
",0.00505807765185269,"//0
p:fr=0.472
p:1.008, 0.373, -0.184
p:1.493, -0.721, 0.349, fr=0.034
p:1.382, 0.583, 0.25, fr=1.112
p:0.3501332970791162, -0.3710637152210016, -1.25430918289325
p:1.885, 0.429, -1.511, fr=0.566
p:1.499, -1.023, 0.521, fr=0.096
j:2, 3, stif=0.944
j:1, 3
j:6, 2, stif=0.838
j:4, 1, stif=0.81
j:5, 4, stif=0.985
j:0, 2, stif=0.943
j:1, 5
j:4, 2
n:j=1, d=|:p=0.197
n:p=2, d=Gpart:ry=-1.322
n:j=0, d=@:p=0.987
n:j=3, d=@
c:2, 1, -9.438
",8.933154757896994e-07,feasible,20
36,0,63,"//0
p:fr=0.472
p:1.008, 0.373, -0.184
p:1.493, -0.721, 0.349, fr=0.034
p:1.382, 0.583, 0.25, fr=1.112
p:0.314, -0.36, -1.305
p:1.885, 0.429, -1.511, fr=0.566
p:1.499, -1.023, 0.521, fr=0.096
j:2, 3, stif=0.944
j:1, 3
j:6, 2, stif=0.838
j:4, 1, stif=0.81
j:5, 4, stif=0.985
j:0, 2, stif=0.943
j:1, 5
n:j=1, d=|:p=0.197
n:p=2, d=Gpart:ry=-1.322
n:j=0, d=@:p=0.987
n:j=3, d=@
c:2, 1, -9.438
",0.00505807765185269,"//0
p:fr=0.472
p:1.008, 0.373, -0.184
p:1.493, -0.721, 0.349, fr=0.034
p:1.382, 0.583, 0.25, fr=1.112
p:0.314, -0.36, -1.305
p:1.885, 0.429, -1.511, fr=0.566
p:1.5795441867933508, -0.720020312891333, 0.09699536900495098, fr=0.096
j:2, 3, stif=0.944
j:1, 3
j:6, 2, stif=0.838
j:4, 1, stif=0.81
j:5, 4, stif=0.985
j:0, 2, stif=0.943
j:1, 5
j:6, 5
n:j=1, d=|:p=0.197
n:p=2, d=Gpart:ry=-1.322
n:j=0, d=@:p=0.987
n:j=3, d=@
c:2, 1, -9.438
",1.0517273602152238e-06,feasible,20
36,0,63,"//0
p:fr=0.472
p:1.008, 0.373, -0.184
p:1.493, -0.721, 0.349, fr=0.034
p:1.382, 0.583, 0.25, fr=1.112
p:0.314, -0.36, -1.305
p:1.885, 0.429, -1.511, fr=0.566
p:1.499, -1.023, 0.521, fr=0.096
j:2, 3, stif=0.944
j:1, 3
j:6, 2, stif=0.838
j:4, 1, stif=0.81
j:5, 4, stif=0.985
j:0, 2, stif=0.943
j:1, 5
n:j=1, d=|:p=0.197
n:p=2, d=Gpart:ry=-1.322
n:j=0, d=@:p=0.987
n:j=3, d=@
c:2, 1, -9.438
",0.00505807765185269,"//0
p:fr=0.472
p:1.008, 0.373, -0.184
p:1.493, -0.721, 0.349, fr=0.034
p:1.335, 0.522, 0.456, fr=1.112
p:0.314, -0.36, -1.305
p:1.885, 0.429, -1.511, fr=0.566
p:1.499, -1.023, 0.521, fr=0.096
j:2, 3, stif=0.944
j:1, 3
j:6, 2, stif=0.838
j:4, 1, stif=0.81
j:5, 4, stif=0.985
j:0, 2, stif=0.943
j:1, 5
n:j=1, d=|:p=0.197
n:p=2, d=Gpart:ry=-1.322
n:j=0, d=@:p=0.987
n:j=3, d=@
c:2, 1, -9.438
",0.0005496706773881246,feasible,20
36,0,63,"//0
p:fr=0.472
p:1.008, 0.373, -0.184
p:1.493, -0.721, 0.349, fr=0.034
p:1.382, 0.583, 0.25, fr=1.112
p:0.314, -0.36, -1.305
p:1.885, 0.429, -1.511, fr=0.566
p:1.499, -1.023, 0.521, fr=0.096
j:2, 3, stif=0.944
j:1, 3
j:6, 2, stif=0.838
j:4, 1, stif=0.81
j:5, 4, stif=0.985
j:0, 2, stif=0.943
j:1, 5
n:j=1, d=|:p=0.197
n:p=2, d=Gpart:ry=-1.322
n:j=0, d=@:p=0.987
n:j=3, d=@
c:2, 1, -9.438
",0.00505807765185269,"//0
p:fr=0.472
p:1.008, 0.373, -0.184
p:1.493, -0.721, 0.349, fr=0.034
p:1.382, 0.583, 0.25, fr=1.112
p:0.314, -0.36, -1.305
p:1.885, 0.429, -1.511, fr=0.566
p:1.499, -1.023, 0.521, fr=0.096
j:2, 0, stif=0.944
j:1, 0
j:6, 2, stif=0.838
j:4, 1, stif=0.81
j:5, 4, stif=0.985
j:3, 2, stif=0.943
j:1, 5
n:j=1, d=|:p=0.197
n:p=2, d=Gpart:ry=-1.322
n:j=0, d=@:p=0.987
n:j=3, d=@
c:2, 1, -9.438
",0.0007114241277395285,feasible,20
36,0,63,"//0
p:fr=0.472
p:1.008, 0.373, -0.184
p:1.493, -0.721, 0.349, fr=0.034
p:1.382, 0.583, 0.25, fr=1.112
p:0.314, -0.36, -1.305
p:1.885, 0.429, -1.511, fr=0.566
p:1.499, -1.023, 0.521, fr=0.096
j:2, 3, stif=0.944
j:1, 3
j:6, 2, stif=0.838
j:4, 1, stif=0.81
j:5, 4, stif=0.985
j:0, 2, stif=0.943
j:1, 5
n:j=1, d=|:p=0.197
n:p=2, d=Gpart:ry=-1.322
n:j=0, d=@:p=0.987
n:j=3, d=@
c:2, 1, -9.438
",0.00505807765185269,"//0
p:fr=0.472
p:1.008, 0.373, -0.184
p:1.493, -0.721, 0.349, fr=0.034
p:1.382, 0.583, 0.25, fr=1.112
p:0.314, -0.36, -1.305
p:1.885, 0.429, -1.511, fr=0.566
p:1.499, -1.023, 0.521, fr=0.096
j:2, 3, stif=0.944
j:1, 3
j:6, 2, stif=0.838
j:4, 1, stif=0.81
j:5, 4, stif=0.985
j:0, 2, stif=0.943
j:1, 5
n:j=1, d=|:p=0.197
n:p=2, d=""Gpart:ry=-1.322, rz=-1.035""
n:j=0, d=@:p=0.987
n:j=3, d=@
c:2, 1, -9.438
",0.00015019214264630124,feasible,20
36,0,63,"//0
p:fr=0.472
p:1.008, 0.373, -0.184
p:1.493, -0.721, 0.349, fr=0.034
p:1.382, 0.583, 0.25, fr=1.112
p:0.314, -0.36, -1.305
p:1.885, 0.429, -1.511, fr=0.566
p:1.499, -1.023, 0.521, fr=0.096
j:2, 3, stif=0.944
j:1, 3
j:6, 2, stif=0.838
j:4, 1, stif=0.81
j:5, 4, stif=0.985
j:0, 2, stif=0.943
j:1, 5
n:j=1, d=|:p=0.197
n:p=2, d=Gpart:ry=-1.322
n:j=0, d=@:p=0.987
n:j=3, d=@
c:2, 1, -9.438
",0.00505807765185269,"//0
p:fr=0.472
p:1.008, 0.373, -0.184
p:1.493, -0.721, 0.349, fr=0.034
p:1.382, 0.583, 0.25, fr=1.112
p:0.314, -0.36, -1.305
p:1.885, 0.429, -1.511, fr=0.566
p:1.499, -1.023, 0.521, fr=0.096
j:2, 3, stif=0.944
j:1, 3
j:6, 2, stif=0.838
j:4, 1, stif=0.81
j:5, 4, stif=0.985
j:0, 2, stif=0.943
j:1, 5
n:p=2, d=Gpart:ry=-1.322
n:j=0, d=@:p=0.987
n:j=3, d=@
c:1, 0, -9.438
",0.0030645705244471935,feasible,20
36,0,63,"//0
p:fr=0.472
p:1.008, 0.373, -0.184
p:1.493, -0.721, 0.349, fr=0.034
p:1.382, 0.583, 0.25, fr=1.112
p:0.314, -0.36, -1.305
p:1.885, 0.429, -1.511, fr=0.566
p:1.499, -1.023, 0.521, fr=0.096
j:2, 3, stif=0.944
j:1, 3
j:6, 2, stif=0.838
j:4, 1, stif=0.81
j:5, 4, stif=0.985
j:0, 2, stif=0.943
j:1, 5
n:j=1, d=|:p=0.197
n:p=2, d=Gpart:ry=-1.322
n:j=0, d=@:p=0.987
n:j=3, d=@
c:2, 1, -9.438
",0.00505807765185269,"//0
p:fr=0.472
p:1.008, 0.373, -0.184
p:1.493, -0.721, 0.349, fr=0.034
p:1.382, 0.583, 0.25, fr=1.112
p:0.358, -0.396, -1.392
p:1.885, 0.429, -1.511, fr=0.566
p:1.499, -1.023, 0.521, fr=0.096
j:2, 3, stif=0.944
j:1, 3
j:6, 2, stif=0.838
j:4, 1, stif=0.81
j:5, 4, stif=0.985
j:0, 2, stif=0.943
j:1, 5
n:j=1, d=|:p=0.197
n:p=2, d=Gpart:ry=-1.322
n:j=0, d=@:p=0.987
n:j=3, d=@
c:2, 1, -9.438
",0.0004904008298656135,feasible,20
36,0,64,"//0
p:fr=0.472
p:1.008, 0.373, -0.184
p:1.493, -0.721, 0.349, fr=0.034
p:1.382, 0.583, 0.25, fr=1.112
p:0.314, -0.36, -1.305
p:1.885, 0.429, -1.511, fr=0.566
p:1.499, -1.023, 0.521, fr=0.096
j:2, 3, stif=0.889
j:1, 3
j:6, 2, stif=0.838
j:4, 1, stif=0.81
j:5, 4, stif=0.985
j:0, 2, stif=0.943
j:1, 5
n:j=1, d=|:p=0.197
n:p=2, d=Gpart:ry=-1.322
n:j=0, d=@:p=0.987
n:j=3, d=@
c:2, 1, -9.438
",0.005118301512680802,"//0
p:fr=0.472
p:1.008, 0.373, -0.184
p:1.493, -0.721, 0.349, fr=0.034
p:1.382, 0.583, 0.25, fr=1.112
p:0.314, -0.36, -1.305
p:1.885, 0.429, -1.511, fr=0.566
p:1.499, -1.023, 0.521, fr=0.096
j:2, 3, stif=0.889
j:1, 3
j:6, 2, stif=0.838
j:5, 4, stif=0.985
j:0, 2, stif=0.943
j:1, 5
n:j=1, d=|:p=0.197
n:p=2, d=Gpart:ry=-1.322
n:j=0, d=@:p=0.987
c:2, 1, -9.438
",2.8852778376233007e-05,feasible,21
36,0,64,"//0
p:fr=0.472
p:1.008, 0.373, -0.184
p:1.493, -0.721, 0.349, fr=0.034
p:1.382, 0.583, 0.25, fr=1.112
p:0.314, -0.36, -1.305
p:1.885, 0.429, -1.511, fr=0.566
p:1.499, -1.023, 0.521, fr=0.096
j:2, 3, stif=0.889
j:1, 3
j:6, 2, stif=0.838
j:4, 1, stif=0.81
j:5, 4, stif=0.985
j:0, 2, stif=0.943
j:1, 5
n:j=1, d=|:p=0.197
n:p=2, d=Gpart:ry=-1.322
n:j=0, d=@:p=0.987
n:j=3, d=@
c:2, 1, -9.438
",0.005118301512680802,"//0
p:fr=0.472
p:1.008, 0.373, -0.184
p:1.493, -0.721, 0.349, fr=0.034
p:1.382, 0.583, 0.25, fr=1.112
p:0.314, -0.36, -1.305
p:1.885, 0.429, -1.511, fr=0.566
p:1.499, -1.023, 0.521, fr=0.096
p:2.456, -1.538, -0.055
j:2, 3, stif=0.889
j:1, 3
j:6, 2, stif=0.838
j:4, 1, stif=0.81
j:5, 4, stif=0.985
j:0, 2, stif=0.943
j:1, 5
j:7, 6
n:j=1, d=|:p=0.197
n:p=2, d=Gpart:ry=-1.322
n:j=0, d=@:p=0.987
n:j=3, d=@
c:2, 1, -9.438
",0.00010007784917970366,feasible,21
36,0,64,"//0
p:fr=0.472
p:1.008, 0.373, -0.184
p:1.493, -0.721, 0.349, fr=0.034
p:1.382, 0.583, 0.25, fr=1.112
p:0.314, -0.36, -1.305
p:1.885, 0.429, -1.511, fr=0.566
p:1.499, -1.023, 0.521, fr=0.096
j:2, 3, stif=0.889
j:1, 3
j:6, 2, stif=0.838
j:4, 1, stif=0.81
j:5, 4, stif=0.985
j:0, 2, stif=0.943
j:1, 5
n:j=1, d=|:p=0.197
n:p=2, d=Gpart:ry=-1.322
n:j=0, d=@:p=0.987
n:j=3, d=@
c:2, 1, -9.438
",0.005118301512680802,"//0
p:fr=0.472
p:1.008, 0.373, -0.184
p:1.493, -0.721, 0.349, fr=0.034
p:1.382, 0.583, 0.25, fr=1.112
p:0.314, -0.36, -1.305
p:1.885, 0.429, -1.511, fr=0.566
p:1.499, -1.023, 0.521, fr=0.096
j:6, 3, stif=0.889
j:1, 3
j:2, 6, stif=0.838
j:4, 1, stif=0.81
j:5, 4, stif=0.985
j:0, 6, stif=0.943
j:1, 5
n:j=1, d=|:p=0.197
n:p=2, d=Gpart:ry=-1.322
n:j=0, d=@:p=0.987
n:j=3, d=@
c:2, 1, -9.438
",0.00020491090074739279,feasible,21
36,0,64,"//0
p:fr=0.472
p:1.008, 0.373, -0.184
p:1.493, -0.721, 0.349, fr=0.034
p:1.382, 0.583, 0.25, fr=1.112
p:0.314, -0.36, -1.305
p:1.885, 0.429, -1.511, fr=0.566
p:1.499, -1.023, 0.521, fr=0.096
j:2, 3, stif=0.889
j:1, 3
j:6, 2, stif=0.838
j:4, 1, stif=0.81
j:5, 4, stif=0.985
j:0, 2, stif=0.943
j:1, 5
n:j=1, d=|:p=0.197
n:p=2, d=Gpart:ry=-1.322
n:j=0, d=@:p=0.987
n:j=3, d=@
c:2, 1, -9.438
",0.005118301512680802,"//0
p:fr=0.472
p:1.008, 0.373, -0.184
p:1.493, -0.721, 0.349, fr=0.034
p:1.382, 0.583, 0.25, fr=1.112
p:0.314, -0.36, -1.305
p:1.885, 0.429, -1.511, fr=0.566
p:1.499, -1.023, 0.521, fr=0.096
j:2, 3, stif=0.889
j:1, 3, rotstif=0.971
j:6, 2, stif=0.838
j:4, 1, stif=0.81
j:5, 4, stif=0.985
j:0, 2, stif=0.943
j:1, 5
n:j=1, d=|:p=0.197
n:p=2, d=Gpart:ry=-1.322
n:j=0, d=@:p=0.987
n:j=3, d=@
c:2, 1, -9.438
",0.005118301512680802,feasible,21
36,0,64,"//0
p:fr=0.472
p:1.008, 0.373, -0.184
p:1.493, -0.721, 0.349, fr=0.034
p:1.382, 0.583, 0.25, fr=1.112
p:0.314, -0.36, -1.305
p:1.885, 0.429, -1.511, fr=0.566
p:1.499, -1.023, 0.521, fr=0.096
j:2, 3, stif=0.889
j:1, 3
j:6, 2, stif=0.838
j:4, 1, stif=0.81
j:5, 4, stif=0.985
j:0, 2, stif=0.943
j:1, 5
n:j=1, d=|:p=0.197
n:p=2, d=Gpart:ry=-1.322
n:j=0, d=@:p=0.987
n:j=3, d=@
c:2, 1, -9.438
",0.005118301512680802,"//0
p:fr=0.472
p:1.008, 0.373, -0.184
p:1.493, -0.721, 0.349, fr=0.034
p:1.382, 0.583, 0.25, fr=1.112
p:0.314, -0.36, -1.305
p:1.885, 0.429, -1.511, fr=0.566
p:1.499, -1.023, 0.521, fr=0.096
j:2, 3, stif=0.889
j:1, 3
j:6, 2, stif=0.838
j:4, 1, stif=0.81
j:5, 4, stif=0.985
j:0, 2, stif=0.943
j:1, 5
n:j=1, d=""|:p=0.197, r=0.965""
n:p=2, d=Gpart:ry=-1.322
n:j=0, d=@:p=0.987
n:j=3, d=@
c:2, 1, -9.438
",0.005118301512680802,feasible,21
36,0,64,"//0
p:fr=0.472
p:1.008, 0.373, -0.184
p:1.493, -0.721, 0.349, fr=0.034
p:1.382, 0.583, 0.25, fr=1.112
p:0.314, -0.36, -1.305
p:1.885, 0.429, -1.511, fr=0.566
p:1.499, -1.023, 0.521, fr=0.096
j:2, 3, stif=0.889
j:1, 3
j:6, 2, stif=0.838
j:4, 1, stif=0.81
j:5, 4, stif=0.985
j:0, 2, stif=0.943
j:1, 5
n:j=1, d=|:p=0.197
n:p=2, d=Gpart:ry=-1.322
n:j=0, d=@:p=0.987
n:j=3, d=@
c:2, 1, -9.438
",0.005118301512680802,"//0
p:fr=0.472
p:1.008, 0.373, -0.184
p:1.493, -0.721, 0.349, fr=0.034
p:1.382, 0.583, 0.25, fr=1.112
p:0.314, -0.36, -1.305
p:1.885, 0.429, -1.511, fr=0.261
p:1.499, -1.023, 0.521, fr=0.096
j:2, 3, stif=0.889
j:1, 3
j:6, 2, stif=0.838
j:4, 1, stif=0.81
j:5, 4, stif=0.985
j:0, 2, stif=0.943
j:1, 5
n:j=1, d=|:p=0.197
n:p=2, d=Gpart:ry=-1.322
n:j=0, d=@:p=0.987
n:j=3, d=@
c:2, 1, -9.438
",0.0049983648346035095,feasible,21
36,0,64,"//0
p:fr=0.472
p:1.008, 0.373, -0.184
p:1.493, -0.721, 0.349, fr=0.034
p:1.382, 0.583, 0.25, fr=1.112
p:0.314, -0.36, -1.305
p:1.885, 0.429, -1.511, fr=0.566
p:1.499, -1.023, 0.521, fr=0.096
j:2, 3, stif=0.889
j:1, 3
j:6, 2, stif=0.838
j:4, 1, stif=0.81
j:5, 4, stif=0.985
j:0, 2, stif=0.943
j:1, 5
n:j=1, d=|:p=0.197
n:p=2, d=Gpart:ry=-1.322
n:j=0, d=@:p=0.987
n:j=3, d=@
c:2, 1, -9.438
",0.005118301512680802,"//0
p:fr=0.472
p:1.008, 0.373, -0.184
p:1.493, -0.721, 0.349, fr=0.034
p:1.382, 0.583, 0.25, fr=1.112
p:0.314, -0.36, -1.305
p:1.885, 0.429, -1.511, fr=0.566
p:1.499, -1.023, 0.521, fr=0.096
j:2, 3, stif=0.889
j:1, 3
j:6, 2, stif=0.838
j:4, 1, stif=0.81
j:5, 4, stif=0.985, rotstif=0.973
j:0, 2, stif=0.943
j:1, 5
n:j=1, d=|:p=0.197
n:p=2, d=Gpart:ry=-1.322
n:j=0, d=@:p=0.987
n:j=3, d=@
c:2, 1, -9.438
",0.005118301512680802,feasible,21
36,0,64,"//0
p:fr=0.472
p:1.008, 0.373, -0.184
p:1.493, -0.721, 0.349, fr=0.034
p:1.382, 0.583, 0.25, fr=1.112
p:0.314, -0.36, -1.305
p:1.885, 0.429, -1.511, fr=0.566
p:1.499, -1.023, 0.521, fr=0.096
j:2, 3, stif=0.889
j:1, 3
j:6, 2, stif=0.838
j:4, 1, stif=0.81
j:5, 4, stif=0.985
j:0, 2, stif=0.943
j:1, 5
n:j=1, d=|:p=0.197
n:p=2, d=Gpart:ry=-1.322
n:j=0, d=@:p=0.987
n:j=3, d=@
c:2, 1, -9.438
",0.005118301512680802,"//0
p:fr=0.472
p:1.008, 0.373, -0.184
p:1.493, -0.721, 0.349, fr=0.034
p:1.382, 0.583, 0.25, fr=1.112
p:0.314, -0.36, -1.305
p:1.885, 0.429, -1.511, fr=0.566
p:1.499, -1.023, 0.521, fr=0.096
j:2, 3, stif=0.889
j:1, 3
j:6, 2, stif=0.838
j:4, 1, stif=0.81
j:5, 4, stif=0.985
j:0, 2, stif=0.943
j:1, 5
n:j=1, d=|:p=0.197
n:p=2, d=Gpart:ry=-1.322
n:j=0, d=@:p=0.987
n:j=3, d=@
n:p=5, d=S
c:0, 4, -3.48
c:2, 1, -9.438
",0.005118301512680802,feasible,21
36,0,64,"//0
p:fr=0.472
p:1.008, 0.373, -0.184
p:1.493, -0.721, 0.349, fr=0.034
p:1.382, 0.583, 0.25, fr=1.112
p:0.314, -0.36, -1.305
p:1.885, 0.429, -1.511, fr=0.566
p:1.499, -1.023, 0.521, fr=0.096
j:2, 3, stif=0.889
j:1, 3
j:6, 2, stif=0.838
j:4, 1, stif=0.81
j:5, 4, stif=0.985
j:0, 2, stif=0.943
j:1, 5
n:j=1, d=|:p=0.197
n:p=2, d=Gpart:ry=-1.322
n:j=0, d=@:p=0.987
n:j=3, d=@
c:2, 1, -9.438
",0.005118301512680802,"//0
p:fr=0.472
p:1.008, 0.373, -0.184
p:1.493, -0.721, 0.349, fr=0.034
p:1.382, 0.583, 0.25, fr=1.305
p:0.314, -0.36, -1.305
p:1.885, 0.429, -1.511, fr=0.566
p:1.499, -1.023, 0.521, fr=0.096
j:2, 3, stif=0.889
j:1, 3
j:6, 2, stif=0.838
j:4, 1, stif=0.81
j:5, 4, stif=0.985
j:0, 2, stif=0.943
j:1, 5
n:j=1, d=|:p=0.197
n:p=2, d=Gpart:ry=-1.322
n:j=0, d=@:p=0.987
n:j=3, d=@
c:2, 1, -9.438
",0.005118301512680802,feasible,21
36,0,64,"//0
p:fr=0.472
p:1.008, 0.373, -0.184
p:1.493, -0.721, 0.349, fr=0.034
p:1.382, 0.583, 0.25, fr=1.112
p:0.314, -0.36, -1.305
p:1.885, 0.429, -1.511, fr=0.566
p:1.499, -1.023, 0.521, fr=0.096
j:2, 3, stif=0.889
j:1, 3
j:6, 2, stif=0.838
j:4, 1, stif=0.81
j:5, 4, stif=0.985
j:0, 2, stif=0.943
j:1, 5
n:j=1, d=|:p=0.197
n:p=2, d=Gpart:ry=-1.322
n:j=0, d=@:p=0.987
n:j=3, d=@
c:2, 1, -9.438
",0.005118301512680802,"//0
p:fr=0.472
p:1.008, 0.373, -0.184
p:1.493, -0.721, 0.349, fr=0.034
p:1.382, 0.583, 0.25, fr=1.112
p:1.885, 0.429, -1.511, fr=0.566
p:1.499, -1.023, 0.521, fr=0.096
j:2, 3, stif=0.889
j:1, 3
j:5, 2, stif=0.838
j:0, 2, stif=0.943
j:1, 4
n:j=1, d=|:p=0.197
n:p=2, d=Gpart:ry=-1.322
n:j=0, d=@:p=0.987
c:2, 1, -9.438
",9.49689356582766e-05,feasible,21
36,0,64,"//0
p:fr=0.472
p:1.008, 0.373, -0.184
p:1.493, -0.721, 0.349, fr=0.034
p:1.382, 0.583, 0.25, fr=1.112
p:0.314, -0.36, -1.305
p:1.885, 0.429, -1.511, fr=0.566
p:1.499, -1.023, 0.521, fr=0.096
j:2, 3, stif=0.889
j:1, 3
j:6, 2, stif=0.838
j:4, 1, stif=0.81
j:5, 4, stif=0.985
j:0, 2, stif=0.943
j:1, 5
n:j=1, d=|:p=0.197
n:p=2, d=Gpart:ry=-1.322
n:j=0, d=@:p=0.987
n:j=3, d=@
c:2, 1, -9.438
",0.005118301512680802,"//0
p:fr=0.472
p:1.008, 0.373, -0.184
p:1.493, -0.721, 0.349, fr=0.034
p:1.382, 0.583, 0.25, fr=1.112
p:0.314, -0.36, -1.305
p:1.885, 0.429, -1.511, fr=0.566
p:1.499, -1.023, 0.521, fr=0.096
j:2, 3, stif=0.889
j:1, 3
j:6, 2, stif=0.838
j:4, 1, stif=0.81
j:5, 4, stif=0.985
j:0, 2, stif=0.943
j:1, 5
n:j=1, d=|:p=0.197
n:p=2, d=Gpart:ry=-1.322
n:j=3, d=@
",8.625978553639479e-07,feasible,21
36,0,64,"//0
p:fr=0.472
p:1.008, 0.373, -0.184
p:1.493, -0.721, 0.349, fr=0.034
p:1.382, 0.583, 0.25, fr=1.112
p:0.314, -0.36, -1.305
p:1.885, 0.429, -1.511, fr=0.566
p:1.499, -1.023, 0.521, fr=0.096
j:2, 3, stif=0.889
j:1, 3
j:6, 2, stif=0.838
j:4, 1, stif=0.81
j:5, 4, stif=0.985
j:0, 2, stif=0.943
j:1, 5
n:j=1, d=|:p=0.197
n:p=2, d=Gpart:ry=-1.322
n:j=0, d=@:p=0.987
n:j=3, d=@
c:2, 1, -9.438
",0.005118301512680802,"//0
p:fr=0.472
p:1.008, 0.373, -0.184
p:1.493, -0.721, 0.349, fr=0.034
p:1.382, 0.583, 0.25, fr=1.112
p:0.314, -0.36, -1.305
p:1.885, 0.429, -1.511, fr=0.566
p:1.499, -1.023, 0.521, fr=0.096
j:2, 3, stif=0.889
j:1, 3
j:6, 2, stif=0.838
j:4, 1, stif=0.81
j:5, 4, stif=0.985
j:0, 2, stif=0.943
j:1, 5
n:j=1, d=|:p=0.197
n:p=2, d=Gpart:ry=-1.322
n:j=0, d=@:p=0.987
n:j=3, d=@
c:2, 1, -6.786
",0.00435094442577383,feasible,21
36,0,64,"//0
p:fr=0.472
p:1.008, 0.373, -0.184
p:1.493, -0.721, 0.349, fr=0.034
p:1.382, 0.583, 0.25, fr=1.112
p:0.314, -0.36, -1.305
p:1.885, 0.429, -1.511, fr=0.566
p:1.499, -1.023, 0.521, fr=0.096
j:2, 3, stif=0.889
j:1, 3
j:6, 2, stif=0.838
j:4, 1, stif=0.81
j:5, 4, stif=0.985
j:0, 2, stif=0.943
j:1, 5
n:j=1, d=|:p=0.197
n:p=2, d=Gpart:ry=-1.322
n:j=0, d=@:p=0.987
n:j=3, d=@
c:2, 1, -9.438
",0.005118301512680802,"//0
p:fr=0.472
p:1.008, 0.373, -0.184
p:1.493, -0.721, 0.349, fr=0.034
p:1.382, 0.583, 0.25, fr=1.112
p:0.314, -0.36, -1.305
p:1.499, -1.023, 0.521, fr=0.096
j:2, 3, stif=0.889
j:1, 3
j:5, 2, stif=0.838
j:4, 1, stif=0.81
j:0, 2, stif=0.943
n:j=1, d=|:p=0.197
n:p=2, d=Gpart:ry=-1.322
n:j=0, d=@:p=0.987
n:j=3, d=@
c:2, 1, -9.438
",7.759654304881377e-05,feasible,21
36,0,64,"//0
p:fr=0.472
p:1.008, 0.373, -0.184
p:1.493, -0.721, 0.349, fr=0.034
p:1.382, 0.583, 0.25, fr=1.112
p:0.314, -0.36, -1.305
p:1.885, 0.429, -1.511, fr=0.566
p:1.499, -1.023, 0.521, fr=0.096
j:2, 3, stif=0.889
j:1, 3
j:6, 2, stif=0.838
j:4, 1, stif=0.81
j:5, 4, stif=0.985
j:0, 2, stif=0.943
j:1, 5
n:j=1, d=|:p=0.197
n:p=2, d=Gpart:ry=-1.322
n:j=0, d=@:p=0.987
n:j=3, d=@
c:2, 1, -9.438
",0.005118301512680802,"//0
p:fr=0.472
p:1.008, 0.373, -0.184
p:1.493, -0.721, 0.349, fr=0.034
p:1.599, 0.496, 0.746, fr=1.112
p:0.314, -0.36, -1.305
p:1.885, 0.429, -1.511, fr=0.566
p:1.499, -1.023, 0.521, fr=0.096
j:2, 3, stif=0.889
j:1, 3
j:6, 2, stif=0.838
j:4, 1, stif=0.81
j:5, 4, stif=0.985
j:0, 2, stif=0.943
j:1, 5
n:j=1, d=|:p=0.197
n:p=2, d=Gpart:ry=-1.322
n:j=0, d=@:p=0.987
n:j=3, d=@
c:2, 1, -9.438
",3.961166703040752e-05,feasible,21
36,0,64,"//0
p:fr=0.472
p:1.008, 0.373, -0.184
p:1.493, -0.721, 0.349, fr=0.034
p:1.382, 0.583, 0.25, fr=1.112
p:0.314, -0.36, -1.305
p:1.885, 0.429, -1.511, fr=0.566
p:1.499, -1.023, 0.521, fr=0.096
j:2, 3, stif=0.889
j:1, 3
j:6, 2, stif=0.838
j:4, 1, stif=0.81
j:5, 4, stif=0.985
j:0, 2, stif=0.943
j:1, 5
n:j=1, d=|:p=0.197
n:p=2, d=Gpart:ry=-1.322
n:j=0, d=@:p=0.987
n:j=3, d=@
c:2, 1, -9.438
",0.005118301512680802,"//0
p:fr=0.472
p:1.008, 0.373, -0.184
p:1.493, -0.721, 0.349, fr=0.034
p:1.382, 0.583, 0.25, fr=1.112
p:0.314, -0.36, -1.305
p:1.885, 0.429, -1.511, fr=0.566
p:1.499, -1.023, 0.521, fr=0.096
j:2, 3, stif=0.889
j:1, 3
j:6, 2, stif=0.838
j:4, 1, stif=0.81
j:5, 4, stif=0.985
j:0, 2, stif=0.943
j:1, 5
n:j=1, d=|:p=0.197
n:p=2, d=Gpart:ry=0.158
n:j=0, d=@:p=0.987
n:j=3, d=@
c:2, 1, -9.438
",2.0574860696835302e-05,feasible,21
36,0,64,"//0
p:fr=0.472
p:1.008, 0.373, -0.184
p:1.493, -0.721, 0.349, fr=0.034
p:1.382, 0.583, 0.25, fr=1.112
p:0.314, -0.36, -1.305
p:1.885, 0.429, -1.511, fr=0.566
p:1.499, -1.023, 0.521, fr=0.096
j:2, 3, stif=0.889
j:1, 3
j:6, 2, stif=0.838
j:4, 1, stif=0.81
j:5, 4, stif=0.985
j:0, 2, stif=0.943
j:1, 5
n:j=1, d=|:p=0.197
n:p=2, d=Gpart:ry=-1.322
n:j=0, d=@:p=0.987
n:j=3, d=@
c:2, 1, -9.438
",0.005118301512680802,"//0
p:fr=0.472
p:1.008, 0.373, -0.184
p:1.493, -0.721, 0.349, fr=0.034
p:1.382, 0.583, 0.25, fr=1.112
p:0.3501332970791162, -0.3710637152210016, -1.25430918289325
p:1.845854319323259, 0.31415935515752, -1.3252577396460758, fr=0.566
p:1.499, -1.023, 0.521, fr=0.096
j:1, 3, stif=0.889
j:2, 3
j:6, 1, stif=0.838
j:4, 2, stif=0.81
j:5, 4, stif=0.985
j:0, 1, stif=0.943
j:2, 5
n:j=1, d=|:p=0.197
n:p=2, d=Gpart:ry=-1.322
n:j=0, d=@:p=0.987
n:j=3, d=@
c:2, 1, -9.438
",3.9928072506784195e-05,feasible,21
36,0,64,"//0
p:fr=0.472
p:1.008, 0.373, -0.184
p:1.493, -0.721, 0.349, fr=0.034
p:1.382, 0.583, 0.25, fr=1.112
p:0.314, -0.36, -1.305
p:1.885, 0.429, -1.511, fr=0.566
p:1.499, -1.023, 0.521, fr=0.096
j:2, 3, stif=0.889
j:1, 3
j:6, 2, stif=0.838
j:4, 1, stif=0.81
j:5, 4, stif=0.985
j:0, 2, stif=0.943
j:1, 5
n:j=1, d=|:p=0.197
n:p=2, d=Gpart:ry=-1.322
n:j=0, d=@:p=0.987
n:j=3, d=@
c:2, 1, -9.438
",0.005118301512680802,"//0
p:fr=0.472
p:1.008, 0.373, -0.184
p:1.493, -0.721, 0.349, fr=0.034
p:1.382, 0.583, 0.25, fr=1.112
p:0.314, -0.36, -1.305
p:1.885, 0.429, -1.511, fr=0.566
p:1.499, -1.023, 0.521, fr=0.096
j:2, 3, stif=0.889
j:1, 3
j:6, 2, stif=0.838
j:4, 1, stif=0.81
j:5, 4, stif=0.985
j:0, 2, stif=0.943
j:1, 5
n:j=1, d=|:p=0.197
n:p=2, d=Gpart:ry=-1.322
n:j=0, d=@:p=0.987
c:2, 1, -9.438
",0.004824343188201244,feasible,21
36,0,64,"//0
p:fr=0.472
p:1.008, 0.373, -0.184
p:1.493, -0.721, 0.349, fr=0.034
p:1.382, 0.583, 0.25, fr=1.112
p:0.314, -0.36, -1.305
p:1.885, 0.429, -1.511, fr=0.566
p:1.499, -1.023, 0.521, fr=0.096
j:2, 3, stif=0.889
j:1, 3
j:6, 2, stif=0.838
j:4, 1, stif=0.81
j:5, 4, stif=0.985
j:0, 2, stif=0.943
j:1, 5
n:j=1, d=|:p=0.197
n:p=2, d=Gpart:ry=-1.322
n:j=0, d=@:p=0.987
n:j=3, d=@
c:2, 1, -9.438
",0.005118301512680802,"//0
p:fr=0.472
p:1.008, 0.373, -0.184
p:1.493, -0.721, 0.349, fr=0.034
p:1.382, 0.583, 0.25, fr=0.819
p:0.314, -0.36, -1.305
p:1.885, 0.429, -1.511, fr=0.566
p:1.499, -1.023, 0.521, fr=0.096
j:2, 3, stif=0.889
j:1, 3
j:6, 2, stif=0.838
j:4, 1, stif=0.81
j:5, 4, stif=0.985
j:0, 2, stif=0.943
j:1, 5
n:j=1, d=|:p=0.197
n:p=2, d=Gpart:ry=-1.322
n:j=0, d=@:p=0.987
n:j=3, d=@
c:2, 1, -9.438
",0.005118301512680802,feasible,21
36,0,64,"//0
p:fr=0.472
p:1.008, 0.373, -0.184
p:1.493, -0.721, 0.349, fr=0.034
p:1.382, 0.583, 0.25, fr=1.112
p:0.314, -0.36, -1.305
p:1.885, 0.429, -1.511, fr=0.566
p:1.499, -1.023, 0.521, fr=0.096
j:2, 3, stif=0.889
j:1, 3
j:6, 2, stif=0.838
j:4, 1, stif=0.81
j:5, 4, stif=0.985
j:0, 2, stif=0.943
j:1, 5
n:j=1, d=|:p=0.197
n:p=2, d=Gpart:ry=-1.322
n:j=0, d=@:p=0.987
n:j=3, d=@
c:2, 1, -9.438
",0.005118301512680802,"//0
p:fr=0.472
p:1.008, 0.373, -0.184
p:1.493, -0.721, 0.349, fr=0.034
p:1.382, 0.583, 0.25, fr=1.112
p:0.314, -0.36, -1.305
p:1.885, 0.429, -1.511, fr=0.566
p:1.499, -1.023, 0.521, fr=0.096
j:2, 3, stif=0.889
j:1, 3
j:6, 2, stif=0.838
j:4, 1, stif=0.81
j:5, 4, stif=0.985
j:0, 2, stif=0.943
n:j=1, d=|:p=0.197
n:p=2, d=Gpart:ry=-1.322
n:j=0, d=@:p=0.987
n:j=3, d=@
c:2, 1, -9.438
",0.001801533793388581,feasible,21
36,0,64,"//0
p:fr=0.472
p:1.008, 0.373, -0.184
p:1.493, -0.721, 0.349, fr=0.034
p:1.382, 0.583, 0.25, fr=1.112
p:0.314, -0.36, -1.305
p:1.885, 0.429, -1.511, fr=0.566
p:1.499, -1.023, 0.521, fr=0.096
j:2, 3, stif=0.889
j:1, 3
j:6, 2, stif=0.838
j:4, 1, stif=0.81
j:5, 4, stif=0.985
j:0, 2, stif=0.943
j:1, 5
n:j=1, d=|:p=0.197
n:p=2, d=Gpart:ry=-1.322
n:j=0, d=@:p=0.987
n:j=3, d=@
c:2, 1, -9.438
",0.005118301512680802,"//0
p:0.028, 0.018, 0.071, fr=0.472
p:1.008, 0.373, -0.184
p:1.493, -0.721, 0.349, fr=0.034
p:1.382, 0.583, 0.25, fr=1.112
p:0.314, -0.36, -1.305
p:1.885, 0.429, -1.511, fr=0.566
p:1.499, -1.023, 0.521, fr=0.096
j:2, 3, stif=0.889
j:1, 3
j:6, 2, stif=0.838
j:4, 1, stif=0.81
j:5, 4, stif=0.985
j:0, 2, stif=0.943
j:1, 5
n:j=1, d=|:p=0.197
n:p=2, d=Gpart:ry=-1.322
n:j=0, d=@:p=0.987
n:j=3, d=@
c:2, 1, -9.438
",0.0020649603224039085,feasible,21
36,0,65,"//0
p:fr=0.472
p:1.008, 0.373, -0.184
p:1.493, -0.721, 0.349, fr=0.034
p:1.382, 0.583, 0.25, fr=1.112
p:0.314, -0.36, -1.305
p:1.885, 0.429, -1.511, fr=0.566
p:1.499, -1.023, 0.521, fr=0.096
j:2, 3, stif=0.889
j:1, 3
j:6, 2, stif=0.838
j:4, 1, stif=0.81
j:5, 4, stif=0.985
j:0, 2, stif=0.943
j:1, 5
n:j=1, d=|:p=0.197
n:p=2, d=Gpart:ry=-1.322
n:j=0, d=@:p=0.987
n:j=3, d=@
c:2, 1, -9.678
",0.005128084267821742,"//0
p:fr=0.472
p:1.008, 0.373, -0.184
p:1.493, -0.721, 0.349, fr=0.034
p:1.382, 0.583, 0.25, fr=1.112
p:0.314, -0.36, -1.305, fr=0.095
p:1.885, 0.429, -1.511, fr=0.566
p:1.499, -1.023, 0.521, fr=0.096
j:2, 3, stif=0.889
j:1, 3
j:6, 2, stif=0.838
j:4, 1, stif=0.81
j:5, 4, stif=0.985
j:0, 2, stif=0.943
j:1, 5
n:j=1, d=|:p=0.197
n:p=2, d=Gpart:ry=-1.322
n:j=0, d=@:p=0.987
n:j=3, d=@
c:2, 1, -9.678
",0.003288658496577504,feasible,20
36,0,65,"//0
p:fr=0.472
p:1.008, 0.373, -0.184
p:1.493, -0.721, 0.349, fr=0.034
p:1.382, 0.583, 0.25, fr=1.112
p:0.314, -0.36, -1.305
p:1.885, 0.429, -1.511, fr=0.566
p:1.499, -1.023, 0.521, fr=0.096
j:2, 3, stif=0.889
j:1, 3
j:6, 2, stif=0.838
j:4, 1, stif=0.81
j:5, 4, stif=0.985
j:0, 2, stif=0.943
j:1, 5
n:j=1, d=|:p=0.197
n:p=2, d=Gpart:ry=-1.322
n:j=0, d=@:p=0.987
n:j=3, d=@
c:2, 1, -9.678
",0.005128084267821742,"//0
p:fr=0.472
p:1.008, 0.373, -0.184
p:1.493, -0.721, 0.349, fr=0.034
p:1.382, 0.583, 0.25, fr=1.112
p:0.314, -0.36, -1.305
p:1.885, 0.429, -1.511, fr=0.566
p:1.499, -1.023, 0.521, fr=0.096
j:2, 3, stif=0.889
j:1, 3
j:6, 2, stif=0.838
j:4, 1, stif=0.81
j:5, 4, stif=0.985
j:0, 2, stif=0.943
j:1, 5
n:j=1, d=""|:p=0.197, r=0.992""
n:p=2, d=Gpart:ry=-1.322
n:j=0, d=@:p=0.987
n:j=3, d=@
c:2, 1, -9.678
",0.005128084267821742,feasible,20
36,0,65,"//0
p:fr=0.472
p:1.008, 0.373, -0.184
p:1.493, -0.721, 0.349, fr=0.034
p:1.382, 0.583, 0.25, fr=1.112
p:0.314, -0.36, -1.305
p:1.885, 0.429, -1.511, fr=0.566
p:1.499, -1.023, 0.521, fr=0.096
j:2, 3, stif=0.889
j:1, 3
j:6, 2, stif=0.838
j:4, 1, stif=0.81
j:5, 4, stif=0.985
j:0, 2, stif=0.943
j:1, 5
n:j=1, d=|:p=0.197
n:p=2, d=Gpart:ry=-1.322
n:j=0, d=@:p=0.987
n:j=3, d=@
c:2, 1, -9.678
",0.005128084267821742,"//0
p:fr=0.472
p:1.008, 0.373, -0.184
p:1.493, -0.721, 0.349, fr=0.034
p:1.382, 0.583, 0.25, fr=1.003
p:0.314, -0.36, -1.305
p:1.885, 0.429, -1.511, fr=0.566
p:1.499, -1.023, 0.521, fr=0.096
j:2, 3, stif=0.889
j:1, 3
j:6, 2, stif=0.838
j:4, 1, stif=0.81
j:5, 4, stif=0.985
j:0, 2, stif=0.943
j:1, 5
n:j=1, d=|:p=0.197
n:p=2, d=Gpart:ry=-1.322
n:j=0, d=@:p=0.987
n:j=3, d=@
c:2, 1, -9.678
",0.005128084267821742,feasible,20
36,0,65,"//0
p:fr=0.472
p:1.008, 0.373, -0.184
p:1.493, -0.721, 0.349, fr=0.034
p:1.382, 0.583, 0.25, fr=1.112
p:0.314, -0.36, -1.305
p:1.885, 0.429, -1.511, fr=0.566
p:1.499, -1.023, 0.521, fr=0.096
j:2, 3, stif=0.889
j:1, 3
j:6, 2, stif=0.838
j:4, 1, stif=0.81
j:5, 4, stif=0.985
j:0, 2, stif=0.943
j:1, 5
n:j=1, d=|:p=0.197
n:p=2, d=Gpart:ry=-1.322
n:j=0, d=@:p=0.987
n:j=3, d=@
c:2, 1, -9.678
",0.005128084267821742,"//0
p:fr=0.472
p:1.008, 0.373, -0.184
p:1.493, -0.721, 0.349, fr=0.034
p:1.382, 0.583, 0.25, fr=1.112
p:0.314, -0.36, -1.305
p:1.885, 0.429, -1.511, fr=0.566
p:1.499, -1.023, 0.521, fr=0.096
p:1.095, 2.269, -0.087
j:2, 3, stif=0.889
j:1, 3
j:6, 2, stif=0.838
j:4, 1, stif=0.81
j:5, 4, stif=0.985
j:0, 2, stif=0.943
j:1, 5
j:7, 3
n:j=1, d=|:p=0.197
n:p=2, d=Gpart:ry=-1.322
n:j=0, d=@:p=0.987
n:j=3, d=@
c:2, 1, -9.678
",0.00021658899718103868,feasible,20
36,0,65,"//0
p:fr=0.472
p:1.008, 0.373, -0.184
p:1.493, -0.721, 0.349, fr=0.034
p:1.382, 0.583, 0.25, fr=1.112
p:0.314, -0.36, -1.305
p:1.885, 0.429, -1.511, fr=0.566
p:1.499, -1.023, 0.521, fr=0.096
j:2, 3, stif=0.889
j:1, 3
j:6, 2, stif=0.838
j:4, 1, stif=0.81
j:5, 4, stif=0.985
j:0, 2, stif=0.943
j:1, 5
n:j=1, d=|:p=0.197
n:p=2, d=Gpart:ry=-1.322
n:j=0, d=@:p=0.987
n:j=3, d=@
c:2, 1, -9.678
",0.005128084267821742,"//0
p:fr=0.472
p:1.008, 0.373, -0.184
p:1.493, -0.721, 0.349, fr=0.034
p:1.382, 0.583, 0.25, fr=1.112
p:0.314, -0.36, -1.305
p:1.885, 0.429, -1.511, fr=0.566
p:1.499, -1.023, 0.521, fr=0.096
j:2, 3, stif=0.889
j:1, 3
j:6, 2, stif=0.838
j:4, 1, stif=0.81
j:5, 4, stif=0.985
j:0, 2, stif=0.943
j:1, 5
n:p=2, d=Gpart:ry=-1.322
n:j=0, d=@:p=0.987
n:j=3, d=@
c:1, 0, -9.678
",0.0021490075055946517,feasible,20
36,0,65,"//0
p:fr=0.472
p:1.008, 0.373, -0.184
p:1.493, -0.721, 0.349, fr=0.034
p:1.382, 0.583, 0.25, fr=1.112
p:0.314, -0.36, -1.305
p:1.885, 0.429, -1.511, fr=0.566
p:1.499, -1.023, 0.521, fr=0.096
j:2, 3, stif=0.889
j:1, 3
j:6, 2, stif=0.838
j:4, 1, stif=0.81
j:5, 4, stif=0.985
j:0, 2, stif=0.943
j:1, 5
n:j=1, d=|:p=0.197
n:p=2, d=Gpart:ry=-1.322
n:j=0, d=@:p=0.987
n:j=3, d=@
c:2, 1, -9.678
",0.005128084267821742,"//0
p:fr=0.472
p:1.008, 0.373, -0.184
p:1.562, -0.827, 0.283, fr=0.034
p:1.382, 0.583, 0.25, fr=1.112
p:0.314, -0.36, -1.305
p:1.885, 0.429, -1.511, fr=0.566
p:1.499, -1.023, 0.521, fr=0.096
j:2, 3, stif=0.889
j:1, 3
j:6, 2, stif=0.838
j:4, 1, stif=0.81
j:5, 4, stif=0.985
j:0, 2, stif=0.943
j:1, 5
n:j=1, d=|:p=0.197
n:p=2, d=Gpart:ry=-1.322
n:j=0, d=@:p=0.987
n:j=3, d=@
c:2, 1, -9.678
",0.004262062632503732,feasible,20
36,0,65,"//0
p:fr=0.472
p:1.008, 0.373, -0.184
p:1.493, -0.721, 0.349, fr=0.034
p:1.382, 0.583, 0.25, fr=1.112
p:0.314, -0.36, -1.305
p:1.885, 0.429, -1.511, fr=0.566
p:1.499, -1.023, 0.521, fr=0.096
j:2, 3, stif=0.889
j:1, 3
j:6, 2, stif=0.838
j:4, 1, stif=0.81
j:5, 4, stif=0.985
j:0, 2, stif=0.943
j:1, 5
n:j=1, d=|:p=0.197
n:p=2, d=Gpart:ry=-1.322
n:j=0, d=@:p=0.987
n:j=3, d=@
c:2, 1, -9.678
",0.005128084267821742,"//0
p:fr=0.472
p:1.008, 0.373, -0.184
p:1.493, -0.721, 0.349, fr=0.034
p:1.382, 0.583, 0.25, fr=1.112
p:0.314, -0.36, -1.305
p:1.885, 0.429, -1.511, fr=0.566
p:1.499, -1.023, 0.521, fr=0.096
j:2, 3, stif=0.889
j:1, 3
j:6, 2, stif=0.838
j:4, 1, stif=0.81
j:5, 4, stif=0.985
j:0, 2, stif=0.943
j:1, 5
n:j=1, d=|:p=0.197
n:p=2, d=Gpart:ry=-1.322
n:j=0, d=@:p=0.987
n:j=3, d=@
n:j=2, d=@
c:2, 1, -9.678
c:4, 1, 0.272
",0.0008163162294064994,feasible,20
36,0,65,"//0
p:fr=0.472
p:1.008, 0.373, -0.184
p:1.493, -0.721, 0.349, fr=0.034
p:1.382, 0.583, 0.25, fr=1.112
p:0.314, -0.36, -1.305
p:1.885, 0.429, -1.511, fr=0.566
p:1.499, -1.023, 0.521, fr=0.096
j:2, 3, stif=0.889
j:1, 3
j:6, 2, stif=0.838
j:4, 1, stif=0.81
j:5, 4, stif=0.985
j:0, 2, stif=0.943
j:1, 5
n:j=1, d=|:p=0.197
n:p=2, d=Gpart:ry=-1.322
n:j=0, d=@:p=0.987
n:j=3, d=@
c:2, 1, -9.678
",0.005128084267821742,"//0
p:fr=0.472
p:1.008, 0.373, -0.184
p:1.493, -0.721, 0.349, fr=0.034
p:1.382, 0.583, 0.25, fr=1.112
p:0.314, -0.36, -1.305
p:1.885, 0.429, -1.511, fr=0.566
p:1.499, -1.023, 0.521, fr=0.096
j:2, 3, stif=0.889
j:1, 3
j:6, 2, stif=0.838
j:4, 1, stif=0.81
j:5, 4, stif=0.985
j:0, 2, stif=0.943
j:1, 5
n:j=1, d=|:p=0.197
n:p=2, d=Gpart:ry=-1.322
n:j=0, d=@:p=0.987
n:j=3, d=@
c:2, 1, -14.019
",0.004880338994697446,feasible,20
36,0,65,"//0
p:fr=0.472
p:1.008, 0.373, -0.184
p:1.493, -0.721, 0.349, fr=0.034
p:1.382, 0.583, 0.25, fr=1.112
p:0.314, -0.36, -1.305
p:1.885, 0.429, -1.511, fr=0.566
p:1.499, -1.023, 0.521, fr=0.096
j:2, 3, stif=0.889
j:1, 3
j:6, 2, stif=0.838
j:4, 1, stif=0.81
j:5, 4, stif=0.985
j:0, 2, stif=0.943
j:1, 5
n:j=1, d=|:p=0.197
n:p=2, d=Gpart:ry=-1.322
n:j=0, d=@:p=0.987
n:j=3, d=@
c:2, 1, -9.678
",0.005128084267821742,"//0
p:fr=0.472
p:1.008, 0.373, -0.184
p:1.493, -0.721, 0.349, fr=0.034
p:1.382, 0.583, 0.25, fr=1.112
p:0.314, -0.36, -1.305
p:1.885, 0.429, -1.511, fr=0.566
p:1.499, -1.023, 0.521, fr=0.096
j:2, 3, stif=0.889
j:1, 3
j:6, 2, stif=0.838
j:4, 1, stif=0.81
j:5, 4, stif=0.985
j:0, 2, stif=0.962
j:1, 5
n:j=1, d=|:p=0.197
n:p=2, d=Gpart:ry=-1.322
n:j=0, d=@:p=0.987
n:j=3, d=@
c:2, 1, -9.678
",0.005124792837784127,feasible,20
36,0,65,"//0
p:fr=0.472
p:1.008, 0.373, -0.184
p:1.493, -0.721, 0.349, fr=0.034
p:1.382, 0.583, 0.25, fr=1.112
p:0.314, -0.36, -1.305
p:1.885, 0.429, -1.511, fr=0.566
p:1.499, -1.023, 0.521, fr=0.096
j:2, 3, stif=0.889
j:1, 3
j:6, 2, stif=0.838
j:4, 1, stif=0.81
j:5, 4, stif=0.985
j:0, 2, stif=0.943
j:1, 5
n:j=1, d=|:p=0.197
n:p=2, d=Gpart:ry=-1.322
n:j=0, d=@:p=0.987
n:j=3, d=@
c:2, 1, -9.678
",0.005128084267821742,"//0
p:fr=0.472
p:1.008, 0.373, -0.184
p:1.493, -0.721, 0.349, fr=0.034
p:1.382, 0.583, 0.25, fr=1.112, ing=0.154
p:0.314, -0.36, -1.305
p:1.885, 0.429, -1.511, fr=0.566
p:1.499, -1.023, 0.521, fr=0.096
j:2, 3, stif=0.889
j:1, 3
j:6, 2, stif=0.838
j:4, 1, stif=0.81
j:5, 4, stif=0.985
j:0, 2, stif=0.943
j:1, 5
n:j=1, d=|:p=0.197
n:p=2, d=Gpart:ry=-1.322
n:j=0, d=@:p=0.987
n:j=3, d=@
c:2, 1, -9.678
",0.005128084267821742,feasible,20
36,0,65,"//0
p:fr=0.472
p:1.008, 0.373, -0.184
p:1.493, -0.721, 0.349, fr=0.034
p:1.382, 0.583, 0.25, fr=1.112
p:0.314, -0.36, -1.305
p:1.885, 0.429, -1.511, fr=0.566
p:1.499, -1.023, 0.521, fr=0.096
j:2, 3, stif=0.889
j:1, 3
j:6, 2, stif=0.838
j:4, 1, stif=0.81
j:5, 4, stif=0.985
j:0, 2, stif=0.943
j:1, 5
n:j=1, d=|:p=0.197
n:p=2, d=Gpart:ry=-1.322
n:j=0, d=@:p=0.987
n:j=3, d=@
c:2, 1, -9.678
",0.005128084267821742,"//0
p:fr=0.472
p:1.008, 0.373, -0.184
p:1.493, -0.721, 0.349, fr=0.034
p:1.382, 0.583, 0.25, fr=1.112
p:0.314, -0.36, -1.305
p:1.885, 0.429, -1.511, fr=0.566
p:1.499, -1.023, 0.521, fr=0.096
j:2, 3, stif=0.889
j:1, 3
j:6, 2, stif=0.838
j:5, 4, stif=0.985
j:0, 2, stif=0.943
j:1, 5
n:j=1, d=|:p=0.197
n:p=2, d=Gpart:ry=-1.322
n:j=0, d=@:p=0.987
c:2, 1, -9.678
",2.8561074418644515e-05,feasible,20
36,0,65,"//0
p:fr=0.472
p:1.008, 0.373, -0.184
p:1.493, -0.721, 0.349, fr=0.034
p:1.382, 0.583, 0.25, fr=1.112
p:0.314, -0.36, -1.305
p:1.885, 0.429, -1.511, fr=0.566
p:1.499, -1.023, 0.521, fr=0.096
j:2, 3, stif=0.889
j:1, 3
j:6, 2, stif=0.838
j:4, 1, stif=0.81
j:5, 4, stif=0.985
j:0, 2, stif=0.943
j:1, 5
n:j=1, d=|:p=0.197
n:p=2, d=Gpart:ry=-1.322
n:j=0, d=@:p=0.987
n:j=3, d=@
c:2, 1, -9.678
",0.005128084267821742,"//0
p:fr=0.472
p:1.008, 0.373, -0.184
p:1.493, -0.721, 0.349, fr=0.034
p:1.382, 0.583, 0.25, fr=1.112
p:0.314, -0.36, -1.305
p:1.885, 0.429, -1.511, fr=0.566
p:1.499, -1.023, 0.521, fr=0.096
p:1.975, 0.818, -1.108
j:2, 3, stif=0.889
j:1, 3
j:6, 2, stif=0.838
j:4, 1, stif=0.81
j:5, 4, stif=0.985
j:0, 2, stif=0.943
j:1, 5
j:7, 5
n:j=1, d=|:p=0.197
n:p=2, d=Gpart:ry=-1.322
n:j=0, d=@:p=0.987
n:j=3, d=@
c:2, 1, -9.678
",0.001037500055085573,feasible,20
36,0,65,"//0
p:fr=0.472
p:1.008, 0.373, -0.184
p:1.493, -0.721, 0.349, fr=0.034
p:1.382, 0.583, 0.25, fr=1.112
p:0.314, -0.36, -1.305
p:1.885, 0.429, -1.511, fr=0.566
p:1.499, -1.023, 0.521, fr=0.096
j:2, 3, stif=0.889
j:1, 3
j:6, 2, stif=0.838
j:4, 1, stif=0.81
j:5, 4, stif=0.985
j:0, 2, stif=0.943
j:1, 5
n:j=1, d=|:p=0.197
n:p=2, d=Gpart:ry=-1.322
n:j=0, d=@:p=0.987
n:j=3, d=@
c:2, 1, -9.678
",0.005128084267821742,"//0
p:fr=0.472
p:1.008, 0.373, -0.184
p:1.493, -0.721, 0.349, fr=0.034
p:1.382, 0.583, 0.25, fr=1.112
p:0.314, -0.36, -1.305
p:1.885, 0.429, -1.511, fr=0.566
p:1.499, -1.023, 0.521, fr=0.096
j:2, 3, stif=0.889
j:1, 3
j:6, 2, stif=0.838
j:4, 1, stif=0.81
j:5, 4, stif=0.985
j:0, 2, stif=0.943
j:1, 5
n:j=1, d=|:p=0.197
n:p=2, d=Gpart:ry=-1.322
n:j=0, d=@:p=0.987
n:j=3, d=@
c:2, 1, -13.309
",0.005017259396315809,feasible,20
36,0,65,"//0
p:fr=0.472
p:1.008, 0.373, -0.184
p:1.493, -0.721, 0.349, fr=0.034
p:1.382, 0.583, 0.25, fr=1.112
p:0.314, -0.36, -1.305
p:1.885, 0.429, -1.511, fr=0.566
p:1.499, -1.023, 0.521, fr=0.096
j:2, 3, stif=0.889
j:1, 3
j:6, 2, stif=0.838
j:4, 1, stif=0.81
j:5, 4, stif=0.985
j:0, 2, stif=0.943
j:1, 5
n:j=1, d=|:p=0.197
n:p=2, d=Gpart:ry=-1.322
n:j=0, d=@:p=0.987
n:j=3, d=@
c:2, 1, -9.678
",0.005128084267821742,"//0
p:fr=0.472
p:1.008, 0.373, -0.184
p:1.493, -0.721, 0.349, fr=0.034
p:1.382, 0.583, 0.25, fr=1.112
p:0.3501332970791162, -0.3710637152210016, -1.25430918289325
p:1.885, 0.429, -1.511, fr=0.566
p:1.499, -1.023, 0.521, fr=0.096
j:2, 4, stif=0.889
j:1, 4
j:6, 2, stif=0.838
j:3, 1, stif=0.81
j:5, 3, stif=0.985
j:0, 2, stif=0.943
j:1, 5
n:j=1, d=|:p=0.197
n:p=2, d=Gpart:ry=-1.322
n:j=0, d=@:p=0.987
n:j=3, d=@
c:2, 1, -9.678
",0.00018286094158596232,feasible,20
36,0,65,"//0
p:fr=0.472
p:1.008, 0.373, -0.184
p:1.493, -0.721, 0.349, fr=0.034
p:1.382, 0.583, 0.25, fr=1.112
p:0.314, -0.36, -1.305
p:1.885, 0.429, -1.511, fr=0.566
p:1.499, -1.023, 0.521, fr=0.096
j:2, 3, stif=0.889
j:1, 3
j:6, 2, stif=0.838
j:4, 1, stif=0.81
j:5, 4, stif=0.985
j:0, 2, stif=0.943
j:1, 5
n:j=1, d=|:p=0.197
n:p=2, d=Gpart:ry=-1.322
n:j=0, d=@:p=0.987
n:j=3, d=@
c:2, 1, -9.678
",0.005128084267821742,"//0
p:fr=0.472
p:1.008, 0.373, -0.184
p:1.493, -0.721, 0.349, fr=0.034
p:1.382, 0.583, 0.25, fr=1.112
p:0.314, -0.36, -1.305
p:1.845854319323259, 0.31415935515752, -1.3252577396460758, fr=0.566
p:1.499, -1.023, 0.521, fr=0.096
j:2, 3, stif=0.889
j:1, 3
j:6, 2, stif=0.838
j:4, 1, stif=0.81
j:0, 4, stif=0.985
j:5, 2, stif=0.943
j:1, 0
n:j=1, d=|:p=0.197
n:p=2, d=Gpart:ry=-1.322
n:j=0, d=@:p=0.987
n:j=3, d=@
c:2, 1, -9.678
",0.00019659000616017303,feasible,20
36,0,65,"//0
p:fr=0.472
p:1.008, 0.373, -0.184
p:1.493, -0.721, 0.349, fr=0.034
p:1.382, 0.583, 0.25, fr=1.112
p:0.314, -0.36, -1.305
p:1.885, 0.429, -1.511, fr=0.566
p:1.499, -1.023, 0.521, fr=0.096
j:2, 3, stif=0.889
j:1, 3
j:6, 2, stif=0.838
j:4, 1, stif=0.81
j:5, 4, stif=0.985
j:0, 2, stif=0.943
j:1, 5
n:j=1, d=|:p=0.197
n:p=2, d=Gpart:ry=-1.322
n:j=0, d=@:p=0.987
n:j=3, d=@
c:2, 1, -9.678
",0.005128084267821742,"//0
p:fr=0.472
p:1.008, 0.373, -0.184
p:1.493, -0.721, 0.349, fr=0.034
p:1.382, 0.583, 0.25, fr=1.112
p:0.314, -0.36, -1.305
p:1.885, 0.429, -1.511, fr=0.566, ing=0.327
p:1.499, -1.023, 0.521, fr=0.096
j:2, 3, stif=0.889
j:1, 3
j:6, 2, stif=0.838
j:4, 1, stif=0.81
j:5, 4, stif=0.985
j:0, 2, stif=0.943
j:1, 5
n:j=1, d=|:p=0.197
n:p=2, d=Gpart:ry=-1.322
n:j=0, d=@:p=0.987
n:j=3, d=@
c:2, 1, -9.678
",0.005128084267821742,feasible,20
36,0,65,"//0
p:fr=0.472
p:1.008, 0.373, -0.184
p:1.493, -0.721, 0.349, fr=0.034
p:1.382, 0.583, 0.25, fr=1.112
p:0.314, -0.36, -1.305
p:1.885, 0.429, -1.511, fr=0.566
p:1.499, -1.023, 0.521, fr=0.096
j:2, 3, stif=0.889
j:1, 3
j:6, 2, stif=0.838
j:4, 1, stif=0.81
j:5, 4, stif=0.985
j:0, 2, stif=0.943
j:1, 5
n:j=1, d=|:p=0.197
n:p=2, d=Gpart:ry=-1.322
n:j=0, d=@:p=0.987
n:j=3, d=@
c:2, 1, -9.678
",0.005128084267821742,"//0
p:fr=0.472
p:1.008, 0.373, -0.184
p:1.493, -0.721, 0.349, fr=0.034
p:1.382, 0.583, 0.25, fr=1.112
p:0.314, -0.36, -1.305
p:1.885, 0.429, -1.511, fr=0.566
p:1.499, -1.023, 0.521, fr=0.096
j:2, 3, stif=0.889
j:1, 3
j:6, 2, stif=0.838
j:4, 1, stif=0.81
j:5, 4, stif=0.985
j:0, 2, stif=0.943
j:1, 5
n:j=1, d=|:p=0.197
n:p=2, d=Gpart:ry=-1.322
n:j=0, d=@:p=0.987
n:j=3, d=@
c:2, 1, -6.903
",0.004463742643062358,feasible,20
36,0,65,"//0
p:fr=0.472
p:1.008, 0.373, -0.184
p:1.493, -0.721, 0.349, fr=0.034
p:1.382, 0.583, 0.25, fr=1.112
p:0.314, -0.36, -1.305
p:1.885, 0.429, -1.511, fr=0.566
p:1.499, -1.023, 0.521, fr=0.096
j:2, 3, stif=0.889
j:1, 3
j:6, 2, stif=0.838
j:4, 1, stif=0.81
j:5, 4, stif=0.985
j:0, 2, stif=0.943
j:1, 5
n:j=1, d=|:p=0.197
n:p=2, d=Gpart:ry=-1.322
n:j=0, d=@:p=0.987
n:j=3, d=@
c:2, 1, -9.678
",0.005128084267821742,"//0
p:fr=0.472
p:1.008, 0.373, -0.184
p:1.493, -0.721, 0.349, fr=0.034
p:1.382, 0.583, 0.25, fr=1.112
p:0.314, -0.36, -1.305
p:1.885, 0.429, -1.511, fr=0.566
p:1.499, -1.023, 0.521, fr=0.096
j:2, 3, stif=0.889
j:1, 3
j:6, 2, stif=0.838
j:4, 1, stif=0.81
j:5, 4, stif=0.985
j:0, 2, stif=0.943
j:1, 5
n:j=1, d=|:p=0.197
n:p=2, d=Gpart:ry=-1.322
n:j=0, d=@:p=0.987
n:j=3, d=@
c:2, 1, -9.222
",0.005120928291732561,feasible,20
36,0,65,"//0
p:fr=0.472
p:1.008, 0.373, -0.184
p:1.493, -0.721, 0.349, fr=0.034
p:1.382, 0.583, 0.25, fr=1.112
p:0.314, -0.36, -1.305
p:1.885, 0.429, -1.511, fr=0.566
p:1.499, -1.023, 0.521, fr=0.096
j:2, 3, stif=0.889
j:1, 3
j:6, 2, stif=0.838
j:4, 1, stif=0.81
j:5, 4, stif=0.985
j:0, 2, stif=0.943
j:1, 5
n:j=1, d=|:p=0.197
n:p=2, d=Gpart:ry=-1.322
n:j=0, d=@:p=0.987
n:j=3, d=@
c:2, 1, -9.678
",0.005128084267821742,"//0
p:fr=0.472
p:1.008, 0.373, -0.184
p:1.493, -0.721, 0.349, fr=0.034
p:1.382, 0.583, 0.25, fr=1.112
p:0.314, -0.36, -1.305
p:1.885, 0.429, -1.511, fr=0.566
p:1.499, -1.023, 0.521, fr=0.096
j:2, 3, stif=0.889
j:1, 3
j:6, 2, stif=0.838
j:4, 1, stif=0.81
j:5, 4, stif=0.985
j:0, 2, stif=0.943
j:1, 5
n:j=1, d=|:p=0.197
n:p=2, d=Gpart:ry=-1.322
n:j=0, d=@:p=0.987
n:j=3, d=@
c:2, 1, -9.203
",0.005128351109563763,feasible,20
36,0,65,"//0
p:fr=0.472
p:1.008, 0.373, -0.184
p:1.493, -0.721, 0.349, fr=0.034
p:1.382, 0.583, 0.25, fr=1.112
p:0.314, -0.36, -1.305
p:1.885, 0.429, -1.511, fr=0.566
p:1.499, -1.023, 0.521, fr=0.096
j:2, 3, stif=0.889
j:1, 3
j:6, 2, stif=0.838
j:4, 1, stif=0.81
j:5, 4, stif=0.985
j:0, 2, stif=0.943
j:1, 5
n:j=1, d=|:p=0.197
n:p=2, d=Gpart:ry=-1.322
n:j=0, d=@:p=0.987
n:j=3, d=@
c:2, 1, -9.678
",0.005128084267821742,"//0
p:fr=0.472
p:1.008, 0.373, -0.184
p:1.493, -0.721, 0.349, fr=0.034
p:1.382, 0.583, 0.25, fr=1.112
p:0.314, -0.36, -1.305
p:1.885, 0.429, -1.511, fr=0.566
p:1.499, -1.023, 0.521, fr=0.096
j:2, 3, stif=0.889
j:1, 3
j:6, 2, stif=0.838
j:4, 1, stif=0.81
j:5, 4, stif=0.985
j:0, 2, stif=0.943
j:1, 5
n:j=1, d=|:p=0.197
n:p=2, d=Gpart:ry=-1.322
n:j=0, d=@:p=0.987
n:j=3, d=@
n:p=6, d=S
c:2, 1, -9.678
c:3, 4, 2.788
",0.005128084267821742,feasible,20
36,0,66,"//0
p:fr=0.472
p:1.008, 0.373, -0.184
p:1.493, -0.721, 0.349, fr=0.034
p:1.382, 0.583, 0.25, fr=1.112
p:0.314, -0.36, -1.305
p:1.885, 0.429, -1.511, fr=0.566
p:1.499, -1.023, 0.521, fr=0.337
j:2, 3, stif=0.889
j:1, 3
j:6, 2, stif=0.838
j:4, 1, stif=0.81
j:5, 4, stif=0.985
j:0, 2, stif=0.943
j:1, 5
n:j=1, d=|:p=0.197
n:p=2, d=Gpart:ry=-1.322
n:j=0, d=@:p=0.987
n:j=3, d=@
c:2, 1, -9.678
",0.005128623413711335,"//0
p:fr=0.472
p:1.008, 0.373, -0.184
p:1.493, -0.721, 0.349, fr=0.034
p:1.382, 0.583, 0.25, fr=1.112
p:0.314, -0.36, -1.305
p:1.885, 0.429, -1.511, fr=1.782
p:1.499, -1.023, 0.521, fr=0.337
j:2, 3, stif=0.889
j:1, 3
j:6, 2, stif=0.838
j:4, 1, stif=0.81
j:5, 4, stif=0.985
j:0, 2, stif=0.943
j:1, 5
n:j=1, d=|:p=0.197
n:p=2, d=Gpart:ry=-1.322
n:j=0, d=@:p=0.987
n:j=3, d=@
c:2, 1, -9.678
",0.005145161537069893,feasible,21
36,0,66,"//0
p:fr=0.472
p:1.008, 0.373, -0.184
p:1.493, -0.721, 0.349, fr=0.034
p:1.382, 0.583, 0.25, fr=1.112
p:0.314, -0.36, -1.305
p:1.885, 0.429, -1.511, fr=0.566
p:1.499, -1.023, 0.521, fr=0.337
j:2, 3, stif=0.889
j:1, 3
j:6, 2, stif=0.838
j:4, 1, stif=0.81
j:5, 4, stif=0.985
j:0, 2, stif=0.943
j:1, 5
n:j=1, d=|:p=0.197
n:p=2, d=Gpart:ry=-1.322
n:j=0, d=@:p=0.987
n:j=3, d=@
c:2, 1, -9.678
",0.005128623413711335,"//0
p:fr=0.472
p:1.008, 0.373, -0.184
p:1.493, -0.721, 0.349, fr=0.034
p:1.382, 0.583, 0.25, fr=1.112
p:0.314, -0.36, -1.305
p:1.885, 0.429, -1.511, fr=0.566, ing=0.146
p:1.499, -1.023, 0.521, fr=0.337
j:2, 3, stif=0.889
j:1, 3
j:6, 2, stif=0.838
j:4, 1, stif=0.81
j:5, 4, stif=0.985
j:0, 2, stif=0.943
j:1, 5
n:j=1, d=|:p=0.197
n:p=2, d=Gpart:ry=-1.322
n:j=0, d=@:p=0.987
n:j=3, d=@
c:2, 1, -9.678
",0.005128623413711335,feasible,21
36,0,66,"//0
p:fr=0.472
p:1.008, 0.373, -0.184
p:1.493, -0.721, 0.349, fr=0.034
p:1.382, 0.583, 0.25, fr=1.112
p:0.314, -0.36, -1.305
p:1.885, 0.429, -1.511, fr=0.566
p:1.499, -1.023, 0.521, fr=0.337
j:2, 3, stif=0.889
j:1, 3
j:6, 2, stif=0.838
j:4, 1, stif=0.81
j:5, 4, stif=0.985
j:0, 2, stif=0.943
j:1, 5
n:j=1, d=|:p=0.197
n:p=2, d=Gpart:ry=-1.322
n:j=0, d=@:p=0.987
n:j=3, d=@
c:2, 1, -9.678
",0.005128623413711335,"//0
p:fr=0.472
p:1.008, 0.373, -0.184
p:1.493, -0.721, 0.349, fr=0.034
p:1.382, 0.583, 0.25, fr=1.112
p:0.314, -0.36, -1.305
p:1.885, 0.429, -1.511, fr=0.566
p:1.499, -1.023, 0.521, fr=0.337
j:2, 3, stif=0.889
j:1, 3
j:6, 2, stif=0.838
j:4, 1, stif=0.81
j:5, 4, stif=0.985
j:0, 2, stif=0.943
j:1, 5
n:p=2, d=Gpart:ry=-1.322
n:j=0, d=@:p=0.987
n:j=3, d=@
c:1, 0, -9.678
",0.0020360473052051537,feasible,21
36,0,66,"//0
p:fr=0.472
p:1.008, 0.373, -0.184
p:1.493, -0.721, 0.349, fr=0.034
p:1.382, 0.583, 0.25, fr=1.112
p:0.314, -0.36, -1.305
p:1.885, 0.429, -1.511, fr=0.566
p:1.499, -1.023, 0.521, fr=0.337
j:2, 3, stif=0.889
j:1, 3
j:6, 2, stif=0.838
j:4, 1, stif=0.81
j:5, 4, stif=0.985
j:0, 2, stif=0.943
j:1, 5
n:j=1, d=|:p=0.197
n:p=2, d=Gpart:ry=-1.322
n:j=0, d=@:p=0.987
n:j=3, d=@
c:2, 1, -9.678
",0.005128623413711335,"//0
p:fr=0.472
p:1.008, 0.373, -0.184
p:1.493, -0.721, 0.349, fr=0.034
p:1.382, 0.583, 0.25, fr=1.112
p:0.314, -0.36, -1.305
p:1.885, 0.429, -1.511, fr=0.566
p:1.499, -1.023, 0.521, fr=0.337
p:1.937, 0.389, -1.479
j:2, 3, stif=0.889
j:1, 3
j:6, 2, stif=0.838
j:4, 1, stif=0.81
j:5, 4, stif=0.985
j:0, 2, stif=0.943
j:1, 5
j:7, 5
n:j=1, d=|:p=0.197
n:p=2, d=Gpart:ry=-1.322
n:j=0, d=@:p=0.987
n:j=3, d=@
c:2, 1, -9.678
",0.002614650654746091,feasible,21
36,0,66,"//0
p:fr=0.472
p:1.008, 0.373, -0.184
p:1.493, -0.721, 0.349, fr=0.034
p:1.382, 0.583, 0.25, fr=1.112
p:0.314, -0.36, -1.305
p:1.885, 0.429, -1.511, fr=0.566
p:1.499, -1.023, 0.521, fr=0.337
j:2, 3, stif=0.889
j:1, 3
j:6, 2, stif=0.838
j:4, 1, stif=0.81
j:5, 4, stif=0.985
j:0, 2, stif=0.943
j:1, 5
n:j=1, d=|:p=0.197
n:p=2, d=Gpart:ry=-1.322
n:j=0, d=@:p=0.987
n:j=3, d=@
c:2, 1, -9.678
",0.005128623413711335,"//0
p:fr=0.472
p:1.008, 0.373, -0.184
p:1.493, -0.721, 0.349, fr=0.034
p:1.382, 0.583, 0.25, fr=1.112
p:0.314, -0.36, -1.305
p:1.885, 0.429, -1.511, fr=0.566
p:1.499, -1.023, 0.521, fr=0.052
j:2, 3, stif=0.889
j:1, 3
j:6, 2, stif=0.838
j:4, 1, stif=0.81
j:5, 4, stif=0.985
j:0, 2, stif=0.943
j:1, 5
n:j=1, d=|:p=0.197
n:p=2, d=Gpart:ry=-1.322
n:j=0, d=@:p=0.987
n:j=3, d=@
c:2, 1, -9.678
",0.005105229766861621,feasible,21
36,0,66,"//0
p:fr=0.472
p:1.008, 0.373, -0.184
p:1.493, -0.721, 0.349, fr=0.034
p:1.382, 0.583, 0.25, fr=1.112
p:0.314, -0.36, -1.305
p:1.885, 0.429, -1.511, fr=0.566
p:1.499, -1.023, 0.521, fr=0.337
j:2, 3, stif=0.889
j:1, 3
j:6, 2, stif=0.838
j:4, 1, stif=0.81
j:5, 4, stif=0.985
j:0, 2, stif=0.943
j:1, 5
n:j=1, d=|:p=0.197
n:p=2, d=Gpart:ry=-1.322
n:j=0, d=@:p=0.987
n:j=3, d=@
c:2, 1, -9.678
",0.005128623413711335,"//0
p:fr=0.472
p:1.008, 0.373, -0.184
p:1.493, -0.721, 0.349, fr=0.034
p:1.382, 0.583, 0.25, fr=1.112
p:0.314, -0.36, -1.305
p:1.885, 0.429, -1.511, fr=0.566
p:1.499, -1.023, 0.521, fr=0.337
j:2, 3, stif=0.889
j:1, 3
j:6, 2, stif=0.838
j:4, 1, stif=0.81
j:5, 4, stif=0.985
j:0, 2, stif=0.943
n:j=1, d=|:p=0.197
n:p=2, d=Gpart:ry=-1.322
n:j=0, d=@:p=0.987
n:j=3, d=@
c:2, 1, -9.678
",0.0017967814199014512,feasible,21
36,0,66,"//0
p:fr=0.472
p:1.008, 0.373, -0.184
p:1.493, -0.721, 0.349, fr=0.034
p:1.382, 0.583, 0.25, fr=1.112
p:0.314, -0.36, -1.305
p:1.885, 0.429, -1.511, fr=0.566
p:1.499, -1.023, 0.521, fr=0.337
j:2, 3, stif=0.889
j:1, 3
j:6, 2, stif=0.838
j:4, 1, stif=0.81
j:5, 4, stif=0.985
j:0, 2, stif=0.943
j:1, 5
n:j=1, d=|:p=0.197
n:p=2, d=Gpart:ry=-1.322
n:j=0, d=@:p=0.987
n:j=3, d=@
c:2, 1, -9.678
",0.005128623413711335,"//0
p:fr=0.472
p:1.008, 0.373, -0.184
p:1.493, -0.721, 0.349, fr=0.034
p:1.382, 0.583, 0.25, fr=1.112
p:0.314, -0.36, -1.305
p:1.885, 0.429, -1.511, fr=0.566
p:1.499, -1.023, 0.521, fr=0.337
j:2, 3, stif=0.889
j:1, 3
j:6, 2, stif=0.838
j:4, 1, stif=0.81
j:5, 4, stif=0.985
j:0, 2, stif=0.943
j:1, 5
n:j=1, d=|:p=0.197
n:p=2, d=Gpart:ry=-1.322
n:j=0, d=@:p=0.987
n:j=3, d=@
c:0, 1, -0.101
c:2, 1, -9.678
",0.0031733700142624224,feasible,21
36,0,66,"//0
p:fr=0.472
p:1.008, 0.373, -0.184
p:1.493, -0.721, 0.349, fr=0.034
p:1.382, 0.583, 0.25, fr=1.112
p:0.314, -0.36, -1.305
p:1.885, 0.429, -1.511, fr=0.566
p:1.499, -1.023, 0.521, fr=0.337
j:2, 3, stif=0.889
j:1, 3
j:6, 2, stif=0.838
j:4, 1, stif=0.81
j:5, 4, stif=0.985
j:0, 2, stif=0.943
j:1, 5
n:j=1, d=|:p=0.197
n:p=2, d=Gpart:ry=-1.322
n:j=0, d=@:p=0.987
n:j=3, d=@
c:2, 1, -9.678
",0.005128623413711335,"//0
p:fr=0.472
p:1.008, 0.373, -0.184
p:1.493, -0.721, 0.349, fr=0.034
p:1.382, 0.583, 0.25, fr=1.112
p:0.314, -0.36, -1.305
p:1.885, 0.429, -1.511, fr=0.566
p:1.499, -1.023, 0.521, fr=0.337
j:2, 3, stif=0.889
j:1, 3
j:6, 2, stif=0.838
j:4, 1, stif=0.81
j:5, 4, stif=0.985
j:0, 2, stif=0.943
j:1, 5
n:j=1, d=|:p=0.197
n:p=2, d=Gpart:ry=-1.322
n:j=0, d=@:p=0.987
n:j=3, d=@
c:2, 1, -8.385
",0.005081225170162898,feasible,21
36,0,66,"//0
p:fr=0.472
p:1.008, 0.373, -0.184
p:1.493, -0.721, 0.349, fr=0.034
p:1.382, 0.583, 0.25, fr=1.112
p:0.314, -0.36, -1.305
p:1.885, 0.429, -1.511, fr=0.566
p:1.499, -1.023, 0.521, fr=0.337
j:2, 3, stif=0.889
j:1, 3
j:6, 2, stif=0.838
j:4, 1, stif=0.81
j:5, 4, stif=0.985
j:0, 2, stif=0.943
j:1, 5
n:j=1, d=|:p=0.197
n:p=2, d=Gpart:ry=-1.322
n:j=0, d=@:p=0.987
n:j=3, d=@
c:2, 1, -9.678
",0.005128623413711335,"//0
p:fr=0.472
p:1.008, 0.373, -0.184, ing=0.403
p:1.493, -0.721, 0.349, fr=0.034
p:1.382, 0.583, 0.25, fr=1.112
p:0.314, -0.36, -1.305
p:1.885, 0.429, -1.511, fr=0.566
p:1.499, -1.023, 0.521, fr=0.337
j:2, 3, stif=0.889
j:1, 3
j:6, 2, stif=0.838
j:4, 1, stif=0.81
j:5, 4, stif=0.985
j:0, 2, stif=0.943
j:1, 5
n:j=1, d=|:p=0.197
n:p=2, d=Gpart:ry=-1.322
n:j=0, d=@:p=0.987
n:j=3, d=@
c:2, 1, -9.678
",0.005128623413711335,feasible,21
36,0,66,"//0
p:fr=0.472
p:1.008, 0.373, -0.184
p:1.493, -0.721, 0.349, fr=0.034
p:1.382, 0.583, 0.25, fr=1.112
p:0.314, -0.36, -1.305
p:1.885, 0.429, -1.511, fr=0.566
p:1.499, -1.023, 0.521, fr=0.337
j:2, 3, stif=0.889
j:1, 3
j:6, 2, stif=0.838
j:4, 1, stif=0.81
j:5, 4, stif=0.985
j:0, 2, stif=0.943
j:1, 5
n:j=1, d=|:p=0.197
n:p=2, d=Gpart:ry=-1.322
n:j=0, d=@:p=0.987
n:j=3, d=@
c:2, 1, -9.678
",0.005128623413711335,"//0
p:fr=0.472
p:1.008, 0.373, -0.184
p:1.493, -0.721, 0.349, fr=0.034
p:1.468, 0.835, 0.289, fr=1.112
p:0.314, -0.36, -1.305
p:1.885, 0.429, -1.511, fr=0.566
p:1.499, -1.023, 0.521, fr=0.337
j:2, 3, stif=0.889
j:1, 3
j:6, 2, stif=0.838
j:4, 1, stif=0.81
j:5, 4, stif=0.985
j:0, 2, stif=0.943
j:1, 5
n:j=1, d=|:p=0.197
n:p=2, d=Gpart:ry=-1.322
n:j=0, d=@:p=0.987
n:j=3, d=@
c:2, 1, -9.678
",7.926423128805851e-05,feasible,21
36,0,66,"//0
p:fr=0.472
p:1.008, 0.373, -0.184
p:1.493, -0.721, 0.349, fr=0.034
p:1.382, 0.583, 0.25, fr=1.112
p:0.314, -0.36, -1.305
p:1.885, 0.429, -1.511, fr=0.566
p:1.499, -1.023, 0.521, fr=0.337
j:2, 3, stif=0.889
j:1, 3
j:6, 2, stif=0.838
j:4, 1, stif=0.81
j:5, 4, stif=0.985
j:0, 2, stif=0.943
j:1, 5
n:j=1, d=|:p=0.197
n:p=2, d=Gpart:ry=-1.322
n:j=0, d=@:p=0.987
n:j=3, d=@
c:2, 1, -9.678
",0.005128623413711335,"//0
p:fr=0.472
p:1.008, 0.373, -0.184
p:1.493, -0.721, 0.349, fr=0.034
p:1.382, 0.583, 0.25, fr=1.112
p:0.314, -0.36, -1.305
p:1.885, 0.429, -1.511, fr=0.566
p:1.499, -1.023, 0.521, fr=0.337
j:2, 3, stif=0.889
j:1, 3
j:6, 2, stif=0.838
j:4, 1, stif=0.81
j:5, 4, stif=0.985
j:0, 2, stif=0.943
j:1, 5
n:j=1, d=|:p=0.197
n:p=2, d=Gpart:ry=-1.322
n:j=0, d=@:p=0.987
n:j=3, d=@
n:j=0, d=G
c:2, 1, -9.678
c:3, 4, 1.966
",0.003910990163216872,feasible,21
36,0,66,"//0
p:fr=0.472
p:1.008, 0.373, -0.184
p:1.493, -0.721, 0.349, fr=0.034
p:1.382, 0.583, 0.25, fr=1.112
p:0.314, -0.36, -1.305
p:1.885, 0.429, -1.511, fr=0.566
p:1.499, -1.023, 0.521, fr=0.337
j:2, 3, stif=0.889
j:1, 3
j:6, 2, stif=0.838
j:4, 1, stif=0.81
j:5, 4, stif=0.985
j:0, 2, stif=0.943
j:1, 5
n:j=1, d=|:p=0.197
n:p=2, d=Gpart:ry=-1.322
n:j=0, d=@:p=0.987
n:j=3, d=@
c:2, 1, -9.678
",0.005128623413711335,"//0
p:fr=0.472
p:1.008, 0.373, -0.184
p:1.493, -0.721, 0.349, fr=0.034
p:1.382, 0.583, 0.25, fr=1.112
p:0.314, -0.36, -1.305
p:1.885, 0.429, -1.511, fr=0.566
p:1.499, -1.023, 0.521, fr=0.337
j:2, 3, stif=0.889
j:1, 3
j:6, 2, stif=0.838
j:4, 1, stif=0.81
j:5, 4, stif=0.985
j:0, 2, stif=0.943
j:1, 5
n:j=1, d=|:p=0.197
n:p=2, d=Gpart:ry=-1.322
n:j=0, d=@:p=0.987
n:j=3, d=@
c:2, 1, -5.581
",0.003605206730587886,feasible,21
36,0,66,"//0
p:fr=0.472
p:1.008, 0.373, -0.184
p:1.493, -0.721, 0.349, fr=0.034
p:1.382, 0.583, 0.25, fr=1.112
p:0.314, -0.36, -1.305
p:1.885, 0.429, -1.511, fr=0.566
p:1.499, -1.023, 0.521, fr=0.337
j:2, 3, stif=0.889
j:1, 3
j:6, 2, stif=0.838
j:4, 1, stif=0.81
j:5, 4, stif=0.985
j:0, 2, stif=0.943
j:1, 5
n:j=1, d=|:p=0.197
n:p=2, d=Gpart:ry=-1.322
n:j=0, d=@:p=0.987
n:j=3, d=@
c:2, 1, -9.678
",0.005128623413711335,"//0
p:fr=0.472
p:1.008, 0.373, -0.184
p:1.493, -0.721, 0.349, fr=0.034
p:1.382, 0.583, 0.25, fr=1.112
p:0.314, -0.36, -1.305, fr=0.159
p:1.885, 0.429, -1.511, fr=0.566
p:1.499, -1.023, 0.521, fr=0.337
j:2, 3, stif=0.889
j:1, 3
j:6, 2, stif=0.838
j:4, 1, stif=0.81
j:5, 4, stif=0.985
j:0, 2, stif=0.943
j:1, 5
n:j=1, d=|:p=0.197
n:p=2, d=Gpart:ry=-1.322
n:j=0, d=@:p=0.987
n:j=3, d=@
c:2, 1, -9.678
",0.0040932503809967095,feasible,21
36,0,66,"//0
p:fr=0.472
p:1.008, 0.373, -0.184
p:1.493, -0.721, 0.349, fr=0.034
p:1.382, 0.583, 0.25, fr=1.112
p:0.314, -0.36, -1.305
p:1.885, 0.429, -1.511, fr=0.566
p:1.499, -1.023, 0.521, fr=0.337
j:2, 3, stif=0.889
j:1, 3
j:6, 2, stif=0.838
j:4, 1, stif=0.81
j:5, 4, stif=0.985
j:0, 2, stif=0.943
j:1, 5
n:j=1, d=|:p=0.197
n:p=2, d=Gpart:ry=-1.322
n:j=0, d=@:p=0.987
n:j=3, d=@
c:2, 1, -9.678
",0.005128623413711335,"//0
p:fr=0.472
p:1.008, 0.373, -0.184
p:1.493, -0.721, 0.349, fr=0.034
p:1.382, 0.583, 0.25, fr=1.112
p:0.4575918891135442, -0.44033875314960313, -1.0837351987161759
p:1.845854319323259, 0.31415935515752, -1.3252577396460758, fr=0.566
p:1.499, -1.023, 0.521, fr=0.337
j:2, 3, stif=0.889
j:1, 3
j:5, 2, stif=0.838
j:4, 1, stif=0.81
j:6, 4, stif=0.985
j:0, 2, stif=0.943
j:1, 6
n:j=1, d=|:p=0.197
n:p=2, d=Gpart:ry=-1.322
n:j=0, d=@:p=0.987
n:j=3, d=@
c:2, 1, -9.678
",0.00015912436456626768,feasible,21
36,0,66,"//0
p:fr=0.472
p:1.008, 0.373, -0.184
p:1.493, -0.721, 0.349, fr=0.034
p:1.382, 0.583, 0.25, fr=1.112
p:0.314, -0.36, -1.305
p:1.885, 0.429, -1.511, fr=0.566
p:1.499, -1.023, 0.521, fr=0.337
j:2, 3, stif=0.889
j:1, 3
j:6, 2, stif=0.838
j:4, 1, stif=0.81
j:5, 4, stif=0.985
j:0, 2, stif=0.943
j:1, 5
n:j=1, d=|:p=0.197
n:p=2, d=Gpart:ry=-1.322
n:j=0, d=@:p=0.987
n:j=3, d=@
c:2, 1, -9.678
",0.005128623413711335,"//0
p:fr=0.472
p:1.008, 0.373, -0.184
p:1.493, -0.721, 0.349, fr=0.034, ing=0.334
p:1.382, 0.583, 0.25, fr=1.112
p:0.314, -0.36, -1.305
p:1.885, 0.429, -1.511, fr=0.566
p:1.499, -1.023, 0.521, fr=0.337
j:2, 3, stif=0.889
j:1, 3
j:6, 2, stif=0.838
j:4, 1, stif=0.81
j:5, 4, stif=0.985
j:0, 2, stif=0.943
j:1, 5
n:j=1, d=|:p=0.197
n:p=2, d=Gpart:ry=-1.322
n:j=0, d=@:p=0.987
n:j=3, d=@
c:2, 1, -9.678
",0.005128623413711335,feasible,21
36,0,66,"//0
p:fr=0.472
p:1.008, 0.373, -0.184
p:1.493, -0.721, 0.349, fr=0.034
p:1.382, 0.583, 0.25, fr=1.112
p:0.314, -0.36, -1.305
p:1.885, 0.429, -1.511, fr=0.566
p:1.499, -1.023, 0.521, fr=0.337
j:2, 3, stif=0.889
j:1, 3
j:6, 2, stif=0.838
j:4, 1, stif=0.81
j:5, 4, stif=0.985
j:0, 2, stif=0.943
j:1, 5
n:j=1, d=|:p=0.197
n:p=2, d=Gpart:ry=-1.322
n:j=0, d=@:p=0.987
n:j=3, d=@
c:2, 1, -9.678
",0.005128623413711335,"//0
p:fr=0.472
p:1.008, 0.373, -0.184
p:1.493, -0.721, 0.349, fr=0.034
p:1.382, 0.583, 0.25, fr=1.112
p:0.314, -0.36, -1.305
p:1.885, 0.429, -1.511, fr=0.566
p:1.499, -1.023, 0.521, fr=0.337
j:2, 3, stif=0.889
j:1, 3
j:6, 2, stif=0.838
j:4, 1, stif=0.81
j:5, 4, stif=0.985
j:0, 2, stif=0.943
j:1, 5
n:j=1, d=|:p=0.197
n:p=2, d=Gpart:ry=-1.322
n:j=0, d=@:p=0.987
n:j=3, d=@
c:2, 1, -7.358
",0.004814826662535713,feasible,21
36,0,66,"//0
p:fr=0.472
p:1.008, 0.373, -0.184
p:1.493, -0.721, 0.349, fr=0.034
p:1.382, 0.583, 0.25, fr=1.112
p:0.314, -0.36, -1.305
p:1.885, 0.429, -1.511, fr=0.566
p:1.499, -1.023, 0.521, fr=0.337
j:2, 3, stif=0.889
j:1, 3
j:6, 2, stif=0.838
j:4, 1, stif=0.81
j:5, 4, stif=0.985
j:0, 2, stif=0.943
j:1, 5
n:j=1, d=|:p=0.197
n:p=2, d=Gpart:ry=-1.322
n:j=0, d=@:p=0.987
n:j=3, d=@
c:2, 1, -9.678
",0.005128623413711335,"//0
p:fr=0.472
p:1.008, 0.373, -0.184
p:1.493, -0.721, 0.349, fr=0.034
p:1.382, 0.583, 0.25, fr=1.112
p:0.314, -0.36, -1.305
p:1.885, 0.429, -1.511, fr=0.566
p:1.499, -1.023, 0.521, fr=0.337
j:2, 3, stif=0.889
j:1, 3
j:6, 2, stif=0.838
j:4, 1, stif=0.81
j:5, 4, stif=0.985
j:0, 2, stif=0.943
j:1, 5
n:j=1, d=|:p=0.197
n:p=2, d=Gpart:ry=-1.322
n:j=0, d=@:p=0.987
n:j=3, d=@
c:2, 1, -13.176
",0.005034373010662162,feasible,21
36,0,66,"//0
p:fr=0.472
p:1.008, 0.373, -0.184
p:1.493, -0.721, 0.349, fr=0.034
p:1.382, 0.583, 0.25, fr=1.112
p:0.314, -0.36, -1.305
p:1.885, 0.429, -1.511, fr=0.566
p:1.499, -1.023, 0.521, fr=0.337
j:2, 3, stif=0.889
j:1, 3
j:6, 2, stif=0.838
j:4, 1, stif=0.81
j:5, 4, stif=0.985
j:0, 2, stif=0.943
j:1, 5
n:j=1, d=|:p=0.197
n:p=2, d=Gpart:ry=-1.322
n:j=0, d=@:p=0.987
n:j=3, d=@
c:2, 1, -9.678
",0.005128623413711335,"//0
p:fr=0.472
p:1.008, 0.373, -0.184
p:1.493, -0.721, 0.349, fr=0.034
p:1.382, 0.583, 0.25, fr=1.112
p:0.314, -0.36, -1.305
p:1.885, 0.429, -1.511, fr=0.566
j:2, 3, stif=0.889
j:1, 3
j:4, 1, stif=0.81
j:5, 4, stif=0.985
j:0, 2, stif=0.943
j:1, 5
n:j=1, d=|:p=0.197
n:p=2, d=Gpart:ry=-1.322
n:j=0, d=@:p=0.987
n:j=2, d=@
c:2, 1, -9.678
",7.092261837681207e-07,feasible,21
36,0,66,"//0
p:fr=0.472
p:1.008, 0.373, -0.184
p:1.493, -0.721, 0.349, fr=0.034
p:1.382, 0.583, 0.25, fr=1.112
p:0.314, -0.36, -1.305
p:1.885, 0.429, -1.511, fr=0.566
p:1.499, -1.023, 0.521, fr=0.337
j:2, 3, stif=0.889
j:1, 3
j:6, 2, stif=0.838
j:4, 1, stif=0.81
j:5, 4, stif=0.985
j:0, 2, stif=0.943
j:1, 5
n:j=1, d=|:p=0.197
n:p=2, d=Gpart:ry=-1.322
n:j=0, d=@:p=0.987
n:j=3, d=@
c:2, 1, -9.678
",0.005128623413711335,"//0
p:fr=0.472
p:1.008, 0.373, -0.184
p:1.493, -0.721, 0.349, fr=0.034
p:1.382, 0.583, 0.25, fr=1.112
p:0.314, -0.36, -1.305
p:1.885, 0.429, -1.511, fr=0.566
p:1.499, -1.023, 0.521, fr=0.337
j:2, 3, stif=0.889
j:1, 3
j:6, 2, stif=0.838
j:4, 1, stif=0.81
j:5, 4, stif=0.985
j:0, 2, stif=0.943
j:1, 5
n:j=1, d=|:p=0.197
n:p=2, d=Gpart:ry=-1.322
n:j=0, d=@:p=0.987
c:2, 1, -9.678
",0.004840393697495211,feasible,21
36,0,66,"//0
p:fr=0.472
p:1.008, 0.373, -0.184
p:1.493, -0.721, 0.349, fr=0.034
p:1.382, 0.583, 0.25, fr=1.112
p:0.314, -0.36, -1.305
p:1.885, 0.429, -1.511, fr=0.566
p:1.499, -1.023, 0.521, fr=0.337
j:2, 3, stif=0.889
j:1, 3
j:6, 2, stif=0.838
j:4, 1, stif=0.81
j:5, 4, stif=0.985
j:0, 2, stif=0.943
j:1, 5
n:j=1, d=|:p=0.197
n:p=2, d=Gpart:ry=-1.322
n:j=0, d=@:p=0.987
n:j=3, d=@
c:2, 1, -9.678
",0.005128623413711335,"//0
p:fr=0.472
p:1.008, 0.373, -0.184
p:1.493, -0.721, 0.349, fr=0.034
p:1.382, 0.583, 0.25, fr=1.112
p:0.314, -0.36, -1.305
p:1.885, 0.429, -1.511, fr=0.566
p:1.499, -1.023, 0.521, fr=0.337
p:-0.707, 0.079, -1.008
j:2, 3, stif=0.889
j:1, 3
j:6, 2, stif=0.838
j:4, 1, stif=0.81
j:5, 4, stif=0.985
j:0, 2, stif=0.943
j:1, 5
j:7, 0
n:j=1, d=|:p=0.197
n:p=2, d=Gpart:ry=-1.322
n:j=0, d=@:p=0.987
n:j=3, d=@
c:2, 1, -9.678
",0.00043898176490498236,feasible,21
