run,genetic_format,sample_index,parent_genotype,parent_fitness,genotype,fitness,status,mutation_attempts
15,0,0,"//0
p:
p:1
j:0,1",0.0,"//0
p:
p:1.0, ing=0.288
j:0, 1
",0.0,feasible,21
15,0,0,"//0
p:
p:1
j:0,1",0.0,"//0
p:
p:1.0
p:0.295, 0.17, 0.194
j:0, 1
j:2, 0
",2.51214793389404e-19,feasible,21
15,0,0,"//0
p:
p:1
j:0,1",0.0,"//0
p:fr=0.269
p:1.0
j:0, 1
",0.0,feasible,21
15,0,0,"//0
p:
p:1
j:0,1",0.0,"//0
p:
p:1.0
j:0, 1
n:j=0, d=|
",0.0,feasible,21
15,0,0,"//0
p:
p:1
j:0,1",0.0,"//0
p:
p:1.0
p:0.791, 0.307, -0.07
j:0, 1
j:2, 1
",1.7763568394002505e-19,feasible,21
15,0,0,"//0
p:
p:1
j:0,1",0.0,"//0
p:
p:1.0, fr=0.554
j:0, 1
",0.0,feasible,21
15,0,0,"//0
p:
p:1
j:0,1",0.0,"//0
p:
p:1.16, 0.397, 0.338
j:0, 1
",0.0,feasible,21
15,0,0,"//0
p:
p:1
j:0,1",0.0,"//0
p:1.0
",0.0,feasible,21
15,0,0,"//0
p:
p:1
j:0,1",0.0,"//0
p:fr=0.951
p:1.0
j:0, 1
",0.0,feasible,21
15,0,0,"//0
p:
p:1
j:0,1",0.0,"//0
p:
p:1.067, -0.412, -0.362
j:0, 1
",0.0,feasible,21
15,0,0,"//0
p:
p:1
j:0,1",0.0,"//0
p:ing=0.302
p:1.0
j:0, 1
",0.0,feasible,21
15,0,0,"//0
p:
p:1
j:0,1",0.0,"//0
p:
p:1.0, ing=0.195
j:0, 1
",0.0,feasible,21
15,0,0,"//0
p:
p:1
j:0,1",0.0,"//0
p:
p:1.0
j:0, 1, rotstif=0.903
",0.0,feasible,21
15,0,0,"//0
p:
p:1
j:0,1",0.0,"//0
p:
p:1.0
j:0, 1, stif=0.995
",0.0,feasible,21
15,0,0,"//0
p:
p:1
j:0,1",0.0,"//0
p:
p:1.0
j:0, 1, stif=0.955
",0.0,feasible,21
15,0,0,"//0
p:
p:1
j:0,1",0.0,"//0
p:
p:1.0
j:0, 1, rotstif=0.802
",0.0,feasible,21
15,0,0,"//0
p:
p:1
j:0,1",0.0,"//0
p:
p:1.0
j:0, 1
n:p=1, d=S
",0.0,feasible,21
15,0,0,"//0
p:
p:1
j:0,1",0.0,"//0
p:ing=0.335
p:1.0
j:0, 1
",0.0,feasible,21
15,0,0,"//0
p:
p:1
j:0,1",0.0,"//0
p:
p:1.0
j:0, 1, stif=0.838
",0.0,feasible,21
15,0,0,"//0
p:
p:1
j:0,1",0.0,"//0
p:
p:1.0
p:-0.669, -1.452, 0.644
j:0, 1
j:2, 0
",0.0,feasible,21
15,0,1,"//0
p:0.521, 0.56, -0.445
p:1.0
j:0, 1
",8.638922910364499e-20,"//0
p:0.521, 0.56, -0.445
p:1.0
p:0.667, 0.561, -0.151
j:0, 1
j:2, 0
",2.813403021614325e-13,feasible,20
15,0,1,"//0
p:0.521, 0.56, -0.445
p:1.0
j:0, 1
",8.638922910364499e-20,"//0
p:0.521, 0.56, -0.445
p:1.0
j:0, 1, rotstif=0.977
",8.638922910364499e-20,feasible,20
15,0,1,"//0
p:0.521, 0.56, -0.445
p:1.0
j:0, 1
",8.638922910364499e-20,"//0
p:0.521, 0.56, -0.445
p:1.0, fr=0.213
j:0, 1
",8.690964614643803e-20,feasible,20
15,0,1,"//0
p:0.521, 0.56, -0.445
p:1.0
j:0, 1
",8.638922910364499e-20,"//0
p:0.521, 0.56, -0.445
p:1.0, ing=0.345
j:0, 1
",8.638922910364499e-20,feasible,20
15,0,1,"//0
p:0.521, 0.56, -0.445
p:1.0
j:0, 1
",8.638922910364499e-20,"//0
p:0.521, 0.56, -0.445
p:1.0
j:0, 1, rotstif=0.913
",8.638922910364499e-20,feasible,20
15,0,1,"//0
p:0.521, 0.56, -0.445
p:1.0
j:0, 1
",8.638922910364499e-20,"//0
p:0.521, 0.56, -0.445, fr=0.652
p:1.0
j:0, 1
",2.4112656316077617e-20,feasible,20
15,0,1,"//0
p:0.521, 0.56, -0.445
p:1.0
j:0, 1
",8.638922910364499e-20,"//0
p:0.521, 0.56, -0.445, fr=0.508
p:1.0
j:0, 1
",2.4112656316077617e-20,feasible,20
15,0,1,"//0
p:0.521, 0.56, -0.445
p:1.0
j:0, 1
",8.638922910364499e-20,"//0
p:0.521, 0.56, -0.445
p:1.0
j:0, 1, stif=0.905
",1.6132928326584305e-20,feasible,20
15,0,1,"//0
p:0.521, 0.56, -0.445
p:1.0
j:0, 1
",8.638922910364499e-20,"//0
p:0.521, 0.56, -0.445
p:1.0, ing=0.132
j:0, 1
",8.638922910364499e-20,feasible,20
15,0,1,"//0
p:0.521, 0.56, -0.445
p:1.0
j:0, 1
",8.638922910364499e-20,"//0
p:0.521, 0.56, -0.445
p:1.0, ing=0.199
j:0, 1
",8.638922910364499e-20,feasible,20
15,0,1,"//0
p:0.521, 0.56, -0.445
p:1.0
j:0, 1
",8.638922910364499e-20,"//0
p:0.521, 0.56, -0.445
p:1.0, fr=0.585
j:0, 1
",8.638922910364499e-20,feasible,20
15,0,1,"//0
p:0.521, 0.56, -0.445
p:1.0
j:0, 1
",8.638922910364499e-20,"//0
p:0.521, 0.56, -0.445
p:1.0, ing=0.349
j:0, 1
",8.638922910364499e-20,feasible,20
15,0,1,"//0
p:0.521, 0.56, -0.445
p:1.0
j:0, 1
",8.638922910364499e-20,"//0
p:0.521, 0.56, -0.445
p:1.0
j:0, 1, stif=0.929
",7.28583859910259e-21,feasible,20
15,0,1,"//0
p:0.521, 0.56, -0.445
p:1.0
j:0, 1
",8.638922910364499e-20,"//0
p:0.521, 0.56, -0.445, fr=0.019
p:1.0
j:0, 1
",1.7763630142597036e-18,feasible,20
15,0,1,"//0
p:0.521, 0.56, -0.445
p:1.0
j:0, 1
",8.638922910364499e-20,"//0
p:0.521, 0.56, -0.445
p:1.165, 0.188, -0.599
j:0, 1
",0.0,feasible,20
15,0,1,"//0
p:0.521, 0.56, -0.445
p:1.0
j:0, 1
",8.638922910364499e-20,"//0
p:0.521, 0.56, -0.445
p:1.0, fr=0.482
j:0, 1
",8.638922910364499e-20,feasible,20
15,0,1,"//0
p:0.521, 0.56, -0.445
p:1.0
j:0, 1
",8.638922910364499e-20,"//0
p:1.0
",0.0,feasible,20
15,0,1,"//0
p:0.521, 0.56, -0.445
p:1.0
j:0, 1
",8.638922910364499e-20,"//0
p:0.521, 0.56, -0.445
p:1.0, fr=0.896
j:0, 1
",8.638922910364499e-20,feasible,20
15,0,1,"//0
p:0.521, 0.56, -0.445
p:1.0
j:0, 1
",8.638922910364499e-20,"//0
p:0.521, 0.56, -0.445
p:1.0
p:0.585, 0.601, -0.4
j:0, 1
j:2, 0
",5.360712610506971e-16,feasible,20
15,0,1,"//0
p:0.521, 0.56, -0.445
p:1.0
j:0, 1
",8.638922910364499e-20,"//0
p:0.521, 0.56, -0.445
p:1.321, -0.514, 0.56
j:0, 1
",0.0,feasible,20
15,0,2,"//0
p:0.598, -0.041, -1.156
p:1.0
j:0, 1
",5.1270304052296626e-17,"//0
p:1.0
",0.0,feasible,23
15,0,2,"//0
p:0.598, -0.041, -1.156
p:1.0
j:0, 1
",5.1270304052296626e-17,"//0
p:0.598, -0.041, -1.156
p:1.0
j:0, 1, rotstif=0.85
",5.1270304052296626e-17,feasible,23
15,0,2,"//0
p:0.598, -0.041, -1.156
p:1.0
j:0, 1
",5.1270304052296626e-17,"//0
p:0.706, -0.04, -0.858
p:1.0
j:0, 1
",0.0,feasible,23
15,0,2,"//0
p:0.598, -0.041, -1.156
p:1.0
j:0, 1
",5.1270304052296626e-17,"//0
p:0.598, -0.041, -1.156
p:1.096, -0.059, -0.142
j:0, 1
",0.0,feasible,23
15,0,2,"//0
p:0.598, -0.041, -1.156
p:1.0
j:0, 1
",5.1270304052296626e-17,"//0
p:0.598, -0.041, -1.156
p:1.0, fr=1.134
j:0, 1
",5.02447171912088e-17,feasible,23
15,0,2,"//0
p:0.598, -0.041, -1.156
p:1.0
j:0, 1
",5.1270304052296626e-17,"//0
p:0.598, -0.041, -1.156
p:1.0
j:0, 1
n:d=*
",5.1270304052296626e-17,feasible,23
15,0,2,"//0
p:0.598, -0.041, -1.156
p:1.0
j:0, 1
",5.1270304052296626e-17,"//0
p:0.598, -0.041, -1.156
p:1.0
j:0, 1, stif=0.856
",1.2465276013533625e-16,feasible,23
15,0,2,"//0
p:0.598, -0.041, -1.156
p:1.0
j:0, 1
",5.1270304052296626e-17,"//0
p:0.598, -0.041, -1.156
p:1.0
j:0, 1, stif=0.974
",8.33634936448276e-17,feasible,23
15,0,2,"//0
p:0.598, -0.041, -1.156
p:1.0
j:0, 1
",5.1270304052296626e-17,"//0
p:0.598, -0.041, -1.156
p:1.0
j:0, 1, rotstif=0.964
",5.1270304052296626e-17,feasible,23
15,0,2,"//0
p:0.598, -0.041, -1.156
p:1.0
j:0, 1
",5.1270304052296626e-17,"//0
p:0.598, -0.041, -1.156
p:1.528, 0.062, -0.609
j:0, 1
",0.0,feasible,23
15,0,2,"//0
p:0.598, -0.041, -1.156
p:1.0
j:0, 1
",5.1270304052296626e-17,"//0
p:0.598, -0.041, -1.156
p:1.682, -0.354, 0.225
j:0, 1
",0.0,feasible,23
15,0,2,"//0
p:0.598, -0.041, -1.156
p:1.0
j:0, 1
",5.1270304052296626e-17,"//0
p:0.598, -0.041, -1.156
p:0.914, 0.159, -0.169
j:0, 1
",0.0,feasible,23
15,0,2,"//0
p:0.598, -0.041, -1.156
p:1.0
j:0, 1
",5.1270304052296626e-17,"//0
p:0.598, -0.041, -1.156
p:1.0
p:0.171, -0.13, 0.15
j:0, 1
j:2, 1
",1.7763568394002505e-19,feasible,23
15,0,2,"//0
p:0.598, -0.041, -1.156
p:1.0
j:0, 1
",5.1270304052296626e-17,"//0
p:0.598, -0.041, -1.156
p:1.0
j:0, 1, rotstif=0.99
",5.1270304052296626e-17,feasible,23
15,0,2,"//0
p:0.598, -0.041, -1.156
p:1.0
j:0, 1
",5.1270304052296626e-17,"//0
p:0.598, -0.041, -1.156
p:1.0
j:0, 1, rotstif=0.937
",5.1270304052296626e-17,feasible,23
15,0,2,"//0
p:0.598, -0.041, -1.156
p:1.0
j:0, 1
",5.1270304052296626e-17,"//0
p:0.598, -0.041, -1.156
p:1.0, fr=0.652
j:0, 1
",5.1111189947479214e-17,feasible,23
15,0,2,"//0
p:0.598, -0.041, -1.156
p:1.0
j:0, 1
",5.1270304052296626e-17,"//0
p:0.598, -0.041, -1.156
p:1.0
j:0, 1
n:
c:0, 0, -0.673
",5.1270304052296626e-17,feasible,23
15,0,2,"//0
p:0.598, -0.041, -1.156
p:1.0
j:0, 1
",5.1270304052296626e-17,"//0
p:0.598, -0.041, -1.156
p:1.0
j:0, 1, stif=0.894
",1.1017384790700126e-16,feasible,23
15,0,2,"//0
p:0.598, -0.041, -1.156
p:1.0
j:0, 1
",5.1270304052296626e-17,"//0
p:0.598, -0.041, -1.156
p:1.0
j:0, 1, rotstif=0.987
",5.1270304052296626e-17,feasible,23
15,0,2,"//0
p:0.598, -0.041, -1.156
p:1.0
j:0, 1
",5.1270304052296626e-17,"//0
p:0.598, -0.041, -1.156
p:1.0
j:0, 1, stif=0.858
",1.240784978791854e-16,feasible,23
15,0,3,"//0
p:0.598, -0.041, -1.156
p:1.0
j:0, 1, stif=0.984
",9.004751261114162e-17,"//0
p:0.598, -0.041, -1.156
p:1.0
j:0, 1, stif=0.984
n:j=0, d=|
",9.004751261114162e-17,feasible,20
15,0,3,"//0
p:0.598, -0.041, -1.156
p:1.0
j:0, 1, stif=0.984
",9.004751261114162e-17,"//0
p:0.598, -0.041, -1.156
p:1.0
j:0, 1, stif=0.984, rotstif=0.962
",9.004751261114162e-17,feasible,20
15,0,3,"//0
p:0.598, -0.041, -1.156
p:1.0
j:0, 1, stif=0.984
",9.004751261114162e-17,"//0
p:0.598, -0.041, -1.156
p:1.0
j:0, 1, stif=0.984, rotstif=0.866
",9.004751261114162e-17,feasible,20
15,0,3,"//0
p:0.598, -0.041, -1.156
p:1.0
j:0, 1, stif=0.984
",9.004751261114162e-17,"//0
p:0.598, -0.041, -1.156
p:0.423, -0.147, 0.624
j:0, 1, stif=0.984
",0.0,feasible,20
15,0,3,"//0
p:0.598, -0.041, -1.156
p:1.0
j:0, 1, stif=0.984
",9.004751261114162e-17,"//0
p:0.598, -0.041, -1.156
p:1.0
p:0.492, 0.876, 0.936
j:0, 1, stif=0.984
j:2, 1
",1.7347234759768072e-22,feasible,20
15,0,3,"//0
p:0.598, -0.041, -1.156
p:1.0
j:0, 1, stif=0.984
",9.004751261114162e-17,"//0
p:0.598, -0.041, -1.156, ing=0.195
p:1.0
j:0, 1, stif=0.984
",9.004751261114162e-17,feasible,20
15,0,3,"//0
p:0.598, -0.041, -1.156
p:1.0
j:0, 1, stif=0.984
",9.004751261114162e-17,"//0
p:0.598, -0.041, -1.156, ing=0.215
p:1.0
j:0, 1, stif=0.984
",9.004751261114162e-17,feasible,20
15,0,3,"//0
p:0.598, -0.041, -1.156
p:1.0
j:0, 1, stif=0.984
",9.004751261114162e-17,"//0
p:0.598, -0.041, -1.156, ing=0.168
p:1.0
j:0, 1, stif=0.984
",9.004751261114162e-17,feasible,20
15,0,3,"//0
p:0.598, -0.041, -1.156
p:1.0
j:0, 1, stif=0.984
",9.004751261114162e-17,"//0
p:0.598, -0.041, -1.156
p:1.0
j:0, 1, stif=0.961
",7.556509841494631e-17,feasible,20
15,0,3,"//0
p:0.598, -0.041, -1.156
p:1.0
j:0, 1, stif=0.984
",9.004751261114162e-17,"//0
p:0.598, -0.041, -1.156, ing=0.297
p:1.0
j:0, 1, stif=0.984
",9.004751261114162e-17,feasible,20
15,0,3,"//0
p:0.598, -0.041, -1.156
p:1.0
j:0, 1, stif=0.984
",9.004751261114162e-17,"//0
p:0.598, -0.041, -1.156
p:1.0
j:0, 1, stif=0.923
",9.358463035795378e-17,feasible,20
15,0,3,"//0
p:0.598, -0.041, -1.156
p:1.0
j:0, 1, stif=0.984
",9.004751261114162e-17,"//0
p:0.602, 0.034, -1.218
p:1.0
j:0, 1, stif=0.984
",1.3469864260372885e-16,feasible,20
15,0,3,"//0
p:0.598, -0.041, -1.156
p:1.0
j:0, 1, stif=0.984
",9.004751261114162e-17,"//0
p:0.598, -0.041, -1.156
p:1.0
p:0.576, -0.771, -0.243
j:0, 1, stif=0.984
j:2, 1
",2.685099475129823e-18,feasible,20
15,0,3,"//0
p:0.598, -0.041, -1.156
p:1.0
j:0, 1, stif=0.984
",9.004751261114162e-17,"//0
p:0.598, -0.041, -1.156, fr=0.315
p:1.0
j:0, 1, stif=0.984
",5.839663920717417e-17,feasible,20
15,0,3,"//0
p:0.598, -0.041, -1.156
p:1.0
j:0, 1, stif=0.984
",9.004751261114162e-17,"//0
p:0.598, -0.041, -1.156
p:1.0
j:0, 1, stif=0.984, rotstif=0.8
",9.004751261114162e-17,feasible,20
15,0,3,"//0
p:0.598, -0.041, -1.156
p:1.0
j:0, 1, stif=0.984
",9.004751261114162e-17,"//0
p:0.496, -0.195, -1.341
p:1.0
j:0, 1, stif=0.984
",0.0,feasible,20
15,0,3,"//0
p:0.598, -0.041, -1.156
p:1.0
j:0, 1, stif=0.984
",9.004751261114162e-17,"//0
p:0.598, -0.041, -1.156
p:1.0
p:0.452, -0.087, -1.08
j:0, 1, stif=0.984
j:2, 0
",0.0,feasible,20
15,0,3,"//0
p:0.598, -0.041, -1.156
p:1.0
j:0, 1, stif=0.984
",9.004751261114162e-17,"//0
p:0.598, -0.041, -1.156
p:1.0
j:0, 1, stif=0.945
",7.756539416909419e-17,feasible,20
15,0,3,"//0
p:0.598, -0.041, -1.156
p:1.0
j:0, 1, stif=0.984
",9.004751261114162e-17,"//0
p:0.598, -0.041, -1.156
p:1.101, 0.34, -0.082
j:0, 1, stif=0.984
",0.0,feasible,20
15,0,3,"//0
p:0.598, -0.041, -1.156
p:1.0
j:0, 1, stif=0.984
",9.004751261114162e-17,"//0
p:1.046, 0.467, -1.214
p:1.0
j:0, 1, stif=0.984
",0.0,feasible,20
15,0,4,"//0
p:0.598, -0.041, -1.156
p:1.0, fr=0.735
j:0, 1, stif=0.984
",9.050906952725163e-17,"//0
p:0.598, -0.041, -1.156, ing=0.117
p:1.0, fr=0.735
j:0, 1, stif=0.984
",9.050906952725163e-17,feasible,21
15,0,4,"//0
p:0.598, -0.041, -1.156
p:1.0, fr=0.735
j:0, 1, stif=0.984
",9.050906952725163e-17,"//0
p:0.598, -0.041, -1.156
p:1.0, fr=0.735
j:0, 1, stif=0.946
",7.615753154559405e-17,feasible,21
15,0,4,"//0
p:0.598, -0.041, -1.156
p:1.0, fr=0.735
j:0, 1, stif=0.984
",9.050906952725163e-17,"//0
p:0.598, -0.041, -1.156
p:1.0, fr=0.735
j:0, 1, stif=0.936
",8.241171345144618e-17,feasible,21
15,0,4,"//0
p:0.598, -0.041, -1.156
p:1.0, fr=0.735
j:0, 1, stif=0.984
",9.050906952725163e-17,"//0
p:0.598, -0.041, -1.156
p:1.0, fr=0.735, ing=0.492
j:0, 1, stif=0.984
",9.050906952725163e-17,feasible,21
15,0,4,"//0
p:0.598, -0.041, -1.156
p:1.0, fr=0.735
j:0, 1, stif=0.984
",9.050906952725163e-17,"//0
p:0.598, -0.041, -1.156
p:1.0, fr=0.735
j:0, 1, stif=0.984, rotstif=0.997
",9.050906952725163e-17,feasible,21
15,0,4,"//0
p:0.598, -0.041, -1.156
p:1.0, fr=0.735
j:0, 1, stif=0.984
",9.050906952725163e-17,"//0
p:0.598, -0.041, -1.156
p:1.0, fr=0.735
j:0, 1, stif=0.992
",5.800729147446217e-17,feasible,21
15,0,4,"//0
p:0.598, -0.041, -1.156
p:1.0, fr=0.735
j:0, 1, stif=0.984
",9.050906952725163e-17,"//0
p:0.598, -0.041, -1.156, fr=0.148
p:1.0, fr=0.735
j:0, 1, stif=0.984
",6.897069678666549e-17,feasible,21
15,0,4,"//0
p:0.598, -0.041, -1.156
p:1.0, fr=0.735
j:0, 1, stif=0.984
",9.050906952725163e-17,"//0
p:1.292, -0.299, -0.937
p:1.0, fr=0.735
j:0, 1, stif=0.984
",2.3990568990923994e-13,feasible,21
15,0,4,"//0
p:0.598, -0.041, -1.156
p:1.0, fr=0.735
j:0, 1, stif=0.984
",9.050906952725163e-17,"//0
p:0.598, -0.041, -1.156
p:1.0, fr=0.735
j:0, 1, stif=0.96
",7.552995058566101e-17,feasible,21
15,0,4,"//0
p:0.598, -0.041, -1.156
p:1.0, fr=0.735
j:0, 1, stif=0.984
",9.050906952725163e-17,"//0
p:0.598, -0.041, -1.156
p:1.0, fr=0.735, ing=0.042
j:0, 1, stif=0.984
",9.050906952725163e-17,feasible,21
15,0,4,"//0
p:0.598, -0.041, -1.156
p:1.0, fr=0.735
j:0, 1, stif=0.984
",9.050906952725163e-17,"//0
p:0.598, -0.041, -1.156, ing=0.166
p:1.0, fr=0.735
j:0, 1, stif=0.984
",9.050906952725163e-17,feasible,21
15,0,4,"//0
p:0.598, -0.041, -1.156
p:1.0, fr=0.735
j:0, 1, stif=0.984
",9.050906952725163e-17,"//0
p:0.598, -0.041, -1.156
p:1.0, fr=0.735
j:0, 1, stif=0.984, rotstif=0.844
",9.050906952725163e-17,feasible,21
15,0,4,"//0
p:0.598, -0.041, -1.156
p:1.0, fr=0.735
j:0, 1, stif=0.984
",9.050906952725163e-17,"//0
p:0.598, -0.041, -1.156
p:1.0, fr=0.735
j:0, 1, stif=0.984
n:
c:0, 0, 0.66
",9.050906952725163e-17,feasible,21
15,0,4,"//0
p:0.598, -0.041, -1.156
p:1.0, fr=0.735
j:0, 1, stif=0.984
",9.050906952725163e-17,"//0
p:0.598, -0.041, -1.156
p:1.0, fr=0.735
j:0, 1, stif=0.984, rotstif=0.858
",9.050906952725163e-17,feasible,21
15,0,4,"//0
p:0.598, -0.041, -1.156
p:1.0, fr=0.735
j:0, 1, stif=0.984
",9.050906952725163e-17,"//0
p:0.598, -0.041, -1.156, ing=0.191
p:1.0, fr=0.735
j:0, 1, stif=0.984
",9.050906952725163e-17,feasible,21
15,0,4,"//0
p:0.598, -0.041, -1.156
p:1.0, fr=0.735
j:0, 1, stif=0.984
",9.050906952725163e-17,"//0
p:1.0, fr=0.735
",0.0,feasible,21
15,0,4,"//0
p:0.598, -0.041, -1.156
p:1.0, fr=0.735
j:0, 1, stif=0.984
",9.050906952725163e-17,"//0
p:0.598, -0.041, -1.156
p:1.0, fr=0.735
j:0, 1, stif=0.984, rotstif=0.829
",9.050906952725163e-17,feasible,21
15,0,4,"//0
p:0.598, -0.041, -1.156
p:1.0, fr=0.735
j:0, 1, stif=0.984
",9.050906952725163e-17,"//0
p:0.598, -0.041, -1.156, ing=0.239
p:1.0, fr=0.735
j:0, 1, stif=0.984
",9.050906952725163e-17,feasible,21
15,0,4,"//0
p:0.598, -0.041, -1.156
p:1.0, fr=0.735
j:0, 1, stif=0.984
",9.050906952725163e-17,"//0
p:0.598, -0.041, -1.156
p:1.0, fr=0.735
j:0, 1, stif=0.842
",1.2603563563668416e-16,feasible,21
15,0,4,"//0
p:0.598, -0.041, -1.156
p:1.0, fr=0.735
j:0, 1, stif=0.984
",9.050906952725163e-17,"//0
p:0.598, -0.041, -1.156
p:1.0, fr=0.735
j:0, 1
",5.107428442381335e-17,feasible,21
15,0,5,"//0
p:0.598, -0.041, -1.156
p:1.0, fr=0.735
j:0, 1, stif=0.919
",9.395448062874357e-17,"//0
p:0.598, -0.041, -1.156
p:1.0, fr=0.735
j:0, 1, stif=0.919
n:d=*
",9.395448062874357e-17,feasible,20
15,0,5,"//0
p:0.598, -0.041, -1.156
p:1.0, fr=0.735
j:0, 1, stif=0.919
",9.395448062874357e-17,"//0
p:0.598, -0.041, -1.156
p:1.0, fr=0.735
j:0, 1, stif=0.906
",1.0162358711626123e-16,feasible,20
15,0,5,"//0
p:0.598, -0.041, -1.156
p:1.0, fr=0.735
j:0, 1, stif=0.919
",9.395448062874357e-17,"//0
p:0.598, -0.041, -1.156
p:1.0, fr=0.343
j:0, 1, stif=0.919
",9.631541708369599e-17,feasible,20
15,0,5,"//0
p:0.598, -0.041, -1.156
p:1.0, fr=0.735
j:0, 1, stif=0.919
",9.395448062874357e-17,"//0
p:0.598, -0.041, -1.156
p:1.0, fr=1.251
j:0, 1, stif=0.919
",9.395448062874357e-17,feasible,20
15,0,5,"//0
p:0.598, -0.041, -1.156
p:1.0, fr=0.735
j:0, 1, stif=0.919
",9.395448062874357e-17,"//0
p:0.598, -0.041, -1.156
p:0.703, 0.12, 0.159, fr=0.735
j:0, 1, stif=0.919
",0.0,feasible,20
15,0,5,"//0
p:0.598, -0.041, -1.156
p:1.0, fr=0.735
j:0, 1, stif=0.919
",9.395448062874357e-17,"//0
p:0.598, -0.041, -1.156
p:1.0, fr=0.735
j:0, 1, stif=0.919
n:j=0, d=G
",9.395448062874357e-17,feasible,20
15,0,5,"//0
p:0.598, -0.041, -1.156
p:1.0, fr=0.735
j:0, 1, stif=0.919
",9.395448062874357e-17,"//0
p:0.598, -0.041, -1.156
p:1.0, fr=0.735
j:0, 1, stif=0.958
",7.449586671342725e-17,feasible,20
15,0,5,"//0
p:0.598, -0.041, -1.156
p:1.0, fr=0.735
j:0, 1, stif=0.919
",9.395448062874357e-17,"//0
p:0.598, -0.041, -1.156
p:0.947, 0.574, 0.402, fr=0.735
j:0, 1, stif=0.919
",1.7763576864329959e-19,feasible,20
15,0,5,"//0
p:0.598, -0.041, -1.156
p:1.0, fr=0.735
j:0, 1, stif=0.919
",9.395448062874357e-17,"//0
p:0.724, -0.666, -1.578
p:1.0, fr=0.735
j:0, 1, stif=0.919
",0.0,feasible,20
15,0,5,"//0
p:0.598, -0.041, -1.156
p:1.0, fr=0.735
j:0, 1, stif=0.919
",9.395448062874357e-17,"//0
p:0.813, -0.282, -1.037
p:1.0, fr=0.735
j:0, 1, stif=0.919
",3.453511771960829e-15,feasible,20
15,0,5,"//0
p:0.598, -0.041, -1.156
p:1.0, fr=0.735
j:0, 1, stif=0.919
",9.395448062874357e-17,"//0
p:-0.007, -0.641, -1.292
p:1.0, fr=0.735
j:0, 1, stif=0.919
",0.0,feasible,20
15,0,5,"//0
p:0.598, -0.041, -1.156
p:1.0, fr=0.735
j:0, 1, stif=0.919
",9.395448062874357e-17,"//0
p:0.598, -0.041, -1.156
p:1.0, fr=0.735
j:0, 1, stif=0.871
",1.1743254107132178e-16,feasible,20
15,0,5,"//0
p:0.598, -0.041, -1.156
p:1.0, fr=0.735
j:0, 1, stif=0.919
",9.395448062874357e-17,"//0
p:0.598, -0.041, -1.156
p:1.0, fr=0.735
j:0, 1, stif=0.919, rotstif=0.838
",9.395448062874357e-17,feasible,20
15,0,5,"//0
p:0.598, -0.041, -1.156
p:1.0, fr=0.735
j:0, 1, stif=0.919
",9.395448062874357e-17,"//0
p:0.598, -0.041, -1.156
p:1.0, fr=0.735
p:1.494, 0.64, -0.6
j:0, 1, stif=0.919
j:2, 1
",1.7763780150977156e-19,feasible,20
15,0,5,"//0
p:0.598, -0.041, -1.156
p:1.0, fr=0.735
j:0, 1, stif=0.919
",9.395448062874357e-17,"//0
p:0.598, -0.041, -1.156
p:1.0, fr=0.735
j:0, 1, stif=0.965
",7.84359106930145e-17,feasible,20
15,0,5,"//0
p:0.598, -0.041, -1.156
p:1.0, fr=0.735
j:0, 1, stif=0.919
",9.395448062874357e-17,"//0
p:0.598, -0.041, -1.156
p:1.652, -0.608, -0.127, fr=0.735
j:0, 1, stif=0.919
",1.7347234759768072e-22,feasible,20
15,0,5,"//0
p:0.598, -0.041, -1.156
p:1.0, fr=0.735
j:0, 1, stif=0.919
",9.395448062874357e-17,"//0
p:0.089, -0.141, -0.658
p:1.0, fr=0.735
j:0, 1, stif=0.919
",0.0,feasible,20
15,0,5,"//0
p:0.598, -0.041, -1.156
p:1.0, fr=0.735
j:0, 1, stif=0.919
",9.395448062874357e-17,"//0
p:0.598, -0.041, -1.156
p:1.0, fr=0.858
j:0, 1, stif=0.919
",9.395448062874357e-17,feasible,20
15,0,5,"//0
p:0.598, -0.041, -1.156
p:1.0, fr=0.735
j:0, 1, stif=0.919
",9.395448062874357e-17,"//0
p:0.598, -0.041, -1.156
p:1.0, fr=0.735
j:0, 1, stif=0.919, rotstif=0.931
",9.395448062874357e-17,feasible,20
15,0,5,"//0
p:0.598, -0.041, -1.156
p:1.0, fr=0.735
j:0, 1, stif=0.919
",9.395448062874357e-17,"//0
p:0.598, -0.041, -1.156
p:1.0, fr=0.735
j:0, 1, stif=0.919
n:p=1, d=Gpart
",9.395448062874357e-17,feasible,20
15,0,6,"//0
p:0.598, -0.041, -1.156
p:0.942, -0.243, -0.276, fr=0.735
j:0, 1, stif=0.919
",9.573090059766009e-15,"//0
p:0.598, -0.041, -1.156
p:1.092, -0.403, -0.402, fr=0.735
j:0, 1, stif=0.919
",0.0,feasible,20
15,0,6,"//0
p:0.598, -0.041, -1.156
p:0.942, -0.243, -0.276, fr=0.735
j:0, 1, stif=0.919
",9.573090059766009e-15,"//0
p:0.598, -0.041, -1.156
p:0.942, -0.243, -0.276, fr=0.735
j:0, 1, stif=0.919, rotstif=0.861
",9.573090059766009e-15,feasible,20
15,0,6,"//0
p:0.598, -0.041, -1.156
p:0.942, -0.243, -0.276, fr=0.735
j:0, 1, stif=0.919
",9.573090059766009e-15,"//0
p:0.598, -0.041, -1.156
p:0.942, -0.243, -0.276, fr=0.735
p:1.891, -1.196, -0.688
j:0, 1, stif=0.919
j:2, 1
",4.539306283765428e-12,feasible,20
15,0,6,"//0
p:0.598, -0.041, -1.156
p:0.942, -0.243, -0.276, fr=0.735
j:0, 1, stif=0.919
",9.573090059766009e-15,"//0
p:0.598, -0.041, -1.156
p:1.539, 0.086, -0.284, fr=0.735
j:0, 1, stif=0.919
",0.0,feasible,20
15,0,6,"//0
p:0.598, -0.041, -1.156
p:0.942, -0.243, -0.276, fr=0.735
j:0, 1, stif=0.919
",9.573090059766009e-15,"//0
p:0.598, -0.041, -1.156
p:0.942, -0.243, -0.276, fr=0.735
p:0.534, -0.224, -1.404
j:0, 1, stif=0.919
j:2, 0
",1.7763576864329959e-19,feasible,20
15,0,6,"//0
p:0.598, -0.041, -1.156
p:0.942, -0.243, -0.276, fr=0.735
j:0, 1, stif=0.919
",9.573090059766009e-15,"//0
p:0.598, -0.041, -1.156
p:0.644, -0.193, -0.428, fr=0.735
j:0, 1, stif=0.919
",6.245004513516505e-20,feasible,20
15,0,6,"//0
p:0.598, -0.041, -1.156
p:0.942, -0.243, -0.276, fr=0.735
j:0, 1, stif=0.919
",9.573090059766009e-15,"//0
p:0.598, -0.041, -1.156
p:0.942, -0.243, -0.276, fr=0.735, ing=0.123
j:0, 1, stif=0.919
",9.573090059766009e-15,feasible,20
15,0,6,"//0
p:0.598, -0.041, -1.156
p:0.942, -0.243, -0.276, fr=0.735
j:0, 1, stif=0.919
",9.573090059766009e-15,"//0
p:0.598, -0.041, -1.156
p:0.942, -0.243, -0.276, fr=0.558
j:0, 1, stif=0.919
",9.305063716224795e-15,feasible,20
15,0,6,"//0
p:0.598, -0.041, -1.156
p:0.942, -0.243, -0.276, fr=0.735
j:0, 1, stif=0.919
",9.573090059766009e-15,"//0
p:0.989, 0.059, -1.269
p:0.942, -0.243, -0.276, fr=0.735
j:0, 1, stif=0.919
",0.0,feasible,20
15,0,6,"//0
p:0.598, -0.041, -1.156
p:0.942, -0.243, -0.276, fr=0.735
j:0, 1, stif=0.919
",9.573090059766009e-15,"//0
p:0.598, -0.041, -1.156
p:0.942, -0.243, -0.276, fr=0.735, ing=0.337
j:0, 1, stif=0.919
",9.573090059766009e-15,feasible,20
15,0,6,"//0
p:0.598, -0.041, -1.156
p:0.942, -0.243, -0.276, fr=0.735
j:0, 1, stif=0.919
",9.573090059766009e-15,"//0
p:0.598, -0.041, -1.156
p:0.942, -0.243, -0.276, fr=0.735
j:0, 1, stif=0.919, rotstif=0.977
",9.573090059766009e-15,feasible,20
15,0,6,"//0
p:0.598, -0.041, -1.156
p:0.942, -0.243, -0.276, fr=0.735
j:0, 1, stif=0.919
",9.573090059766009e-15,"//0
p:0.598, -0.041, -1.156
p:0.942, -0.243, -0.276, fr=0.735
j:0, 1, stif=0.816
",6.0526782337021115e-15,feasible,20
15,0,6,"//0
p:0.598, -0.041, -1.156
p:0.942, -0.243, -0.276, fr=0.735
j:0, 1, stif=0.919
",9.573090059766009e-15,"//0
p:0.598, -0.041, -1.156
p:1.116, 0.01, -0.088, fr=0.735
j:0, 1, stif=0.919
",0.0,feasible,20
15,0,6,"//0
p:0.598, -0.041, -1.156
p:0.942, -0.243, -0.276, fr=0.735
j:0, 1, stif=0.919
",9.573090059766009e-15,"//0
p:0.234, -0.583, -1.321
p:0.942, -0.243, -0.276, fr=0.735
j:0, 1, stif=0.919
",1.908195823574488e-21,feasible,20
15,0,6,"//0
p:0.598, -0.041, -1.156
p:0.942, -0.243, -0.276, fr=0.735
j:0, 1, stif=0.919
",9.573090059766009e-15,"//0
p:0.598, -0.041, -1.156
p:0.942, -0.243, -0.276, fr=0.735
j:0, 1, stif=0.919
n:d=*
",9.573090059766009e-15,feasible,20
15,0,6,"//0
p:0.598, -0.041, -1.156
p:0.942, -0.243, -0.276, fr=0.735
j:0, 1, stif=0.919
",9.573090059766009e-15,"//0
p:0.598, -0.041, -1.156
p:0.942, -0.243, -0.276, fr=0.735
j:0, 1, stif=0.941
",1.0075155605017765e-14,feasible,20
15,0,6,"//0
p:0.598, -0.041, -1.156
p:0.942, -0.243, -0.276, fr=0.735
j:0, 1, stif=0.919
",9.573090059766009e-15,"//0
p:0.942, -0.243, -0.276, fr=0.735
",0.0,feasible,20
15,0,6,"//0
p:0.598, -0.041, -1.156
p:0.942, -0.243, -0.276, fr=0.735
j:0, 1, stif=0.919
",9.573090059766009e-15,"//0
p:0.598, -0.041, -1.156
p:1.287, 0.167, 0.142, fr=0.735
j:0, 1, stif=0.919
",5.204170427930421e-22,feasible,20
15,0,6,"//0
p:0.598, -0.041, -1.156
p:0.942, -0.243, -0.276, fr=0.735
j:0, 1, stif=0.919
",9.573090059766009e-15,"//0
p:0.598, -0.041, -1.156
p:0.942, -0.243, -0.276, fr=0.735, ing=0.269
j:0, 1, stif=0.919
",9.573090059766009e-15,feasible,20
15,0,6,"//0
p:0.598, -0.041, -1.156
p:0.942, -0.243, -0.276, fr=0.735
j:0, 1, stif=0.919
",9.573090059766009e-15,"//0
p:0.598, -0.041, -1.156
p:0.942, -0.243, -0.276, fr=0.735
j:0, 1, stif=0.982
",4.2989445257630056e-13,feasible,20
15,0,7,"//0
p:0.598, -0.041, -1.156
p:0.942, -0.243, -0.276, fr=0.735
j:0, 1, stif=0.987
",4.4543678367061575e-13,"//0
p:0.598, -0.041, -1.156
p:0.942, -0.243, -0.276, fr=0.735
j:0, 1, stif=0.987, rotstif=0.866
",4.4543678367061575e-13,feasible,21
15,0,7,"//0
p:0.598, -0.041, -1.156
p:0.942, -0.243, -0.276, fr=0.735
j:0, 1, stif=0.987
",4.4543678367061575e-13,"//0
p:0.598, -0.041, -1.156
p:0.942, -0.243, -0.276, fr=0.735
j:0, 1, stif=0.987, rotstif=0.977
",4.4543678367061575e-13,feasible,21
15,0,7,"//0
p:0.598, -0.041, -1.156
p:0.942, -0.243, -0.276, fr=0.735
j:0, 1, stif=0.987
",4.4543678367061575e-13,"//0
p:0.598, -0.041, -1.156
p:0.942, -0.243, -0.276, fr=0.735
j:0, 1, stif=0.987, rotstif=0.967
",4.4543678367061575e-13,feasible,21
15,0,7,"//0
p:0.598, -0.041, -1.156
p:0.942, -0.243, -0.276, fr=0.735
j:0, 1, stif=0.987
",4.4543678367061575e-13,"//0
p:0.598, -0.041, -1.156
",0.0,feasible,21
15,0,7,"//0
p:0.598, -0.041, -1.156
p:0.942, -0.243, -0.276, fr=0.735
j:0, 1, stif=0.987
",4.4543678367061575e-13,"//0
p:0.598, -0.041, -1.156
p:0.942, -0.243, -0.276, fr=0.735
j:0, 1, stif=0.987, rotstif=0.981
",4.4543678367061575e-13,feasible,21
15,0,7,"//0
p:0.598, -0.041, -1.156
p:0.942, -0.243, -0.276, fr=0.735
j:0, 1, stif=0.987
",4.4543678367061575e-13,"//0
p:0.598, -0.041, -1.156
p:0.723, -0.329, -0.675, fr=0.735
j:0, 1, stif=0.987
",1.7347234759768072e-22,feasible,21
15,0,7,"//0
p:0.598, -0.041, -1.156
p:0.942, -0.243, -0.276, fr=0.735
j:0, 1, stif=0.987
",4.4543678367061575e-13,"//0
p:0.598, -0.041, -1.156
p:0.942, -0.243, -0.276, fr=0.735
j:0, 1, stif=0.976
",2.703716588737657e-13,feasible,21
15,0,7,"//0
p:0.598, -0.041, -1.156
p:0.942, -0.243, -0.276, fr=0.735
j:0, 1, stif=0.987
",4.4543678367061575e-13,"//0
p:0.942, -0.243, -0.276, fr=0.735
",0.0,feasible,21
15,0,7,"//0
p:0.598, -0.041, -1.156
p:0.942, -0.243, -0.276, fr=0.735
j:0, 1, stif=0.987
",4.4543678367061575e-13,"//0
p:0.598, -0.041, -1.156
p:0.942, -0.243, -0.276, fr=0.735
j:0, 1, stif=0.987
n:j=0, d=G
",4.4543678367061575e-13,feasible,21
15,0,7,"//0
p:0.598, -0.041, -1.156
p:0.942, -0.243, -0.276, fr=0.735
j:0, 1, stif=0.987
",4.4543678367061575e-13,"//0
p:0.598, -0.041, -1.156
p:0.942, -0.243, -0.276, fr=0.735
j:0, 1, stif=0.987, rotstif=0.953
",4.4543678367061575e-13,feasible,21
15,0,7,"//0
p:0.598, -0.041, -1.156
p:0.942, -0.243, -0.276, fr=0.735
j:0, 1, stif=0.987
",4.4543678367061575e-13,"//0
p:0.598, -0.041, -1.156
p:0.942, -0.243, -0.276, fr=0.735
p:0.753, -0.115, -0.926
j:0, 1, stif=0.987
j:2, 0
",5.533641365297926e-07,feasible,21
15,0,7,"//0
p:0.598, -0.041, -1.156
p:0.942, -0.243, -0.276, fr=0.735
j:0, 1, stif=0.987
",4.4543678367061575e-13,"//0
p:0.598, -0.041, -1.156, fr=1.128
p:0.942, -0.243, -0.276, fr=0.735
j:0, 1, stif=0.987
",4.536873119854795e-13,feasible,21
15,0,7,"//0
p:0.598, -0.041, -1.156
p:0.942, -0.243, -0.276, fr=0.735
j:0, 1, stif=0.987
",4.4543678367061575e-13,"//0
p:0.598, -0.041, -1.156
p:0.812, -0.072, -0.288, fr=0.735
j:0, 1, stif=0.987
",0.0,feasible,21
15,0,7,"//0
p:0.598, -0.041, -1.156
p:0.942, -0.243, -0.276, fr=0.735
j:0, 1, stif=0.987
",4.4543678367061575e-13,"//0
p:0.598, -0.041, -1.156
p:0.942, -0.243, -0.276, fr=0.735
j:0, 1, stif=0.987, rotstif=0.95
",4.4543678367061575e-13,feasible,21
15,0,7,"//0
p:0.598, -0.041, -1.156
p:0.942, -0.243, -0.276, fr=0.735
j:0, 1, stif=0.987
",4.4543678367061575e-13,"//0
p:0.598, -0.041, -1.156
p:0.942, -0.243, -0.276, fr=0.605
j:0, 1, stif=0.987
",4.4528016592347734e-13,feasible,21
15,0,7,"//0
p:0.598, -0.041, -1.156
p:0.942, -0.243, -0.276, fr=0.735
j:0, 1, stif=0.987
",4.4543678367061575e-13,"//0
p:0.598, -0.041, -1.156
p:0.942, -0.243, -0.276, fr=0.735
p:2.159, 0.566, -0.688
j:0, 1, stif=0.987
j:2, 0
",1.7764110486817193e-19,feasible,21
15,0,7,"//0
p:0.598, -0.041, -1.156
p:0.942, -0.243, -0.276, fr=0.735
j:0, 1, stif=0.987
",4.4543678367061575e-13,"//0
p:0.598, -0.041, -1.156, fr=0.209
p:0.942, -0.243, -0.276, fr=0.735
j:0, 1, stif=0.987
",2.3199785073626283e-13,feasible,21
15,0,7,"//0
p:0.598, -0.041, -1.156
p:0.942, -0.243, -0.276, fr=0.735
j:0, 1, stif=0.987
",4.4543678367061575e-13,"//0
p:0.598, -0.041, -1.156
p:0.942, -0.243, -0.276, fr=0.735
j:0, 1, stif=0.97
",2.588261063319841e-13,feasible,21
15,0,7,"//0
p:0.598, -0.041, -1.156
p:0.942, -0.243, -0.276, fr=0.735
j:0, 1, stif=0.987
",4.4543678367061575e-13,"//0
p:0.598, -0.041, -1.156, ing=0.238
p:0.942, -0.243, -0.276, fr=0.735
j:0, 1, stif=0.987
",4.4543678367061575e-13,feasible,21
15,0,7,"//0
p:0.598, -0.041, -1.156
p:0.942, -0.243, -0.276, fr=0.735
j:0, 1, stif=0.987
",4.4543678367061575e-13,"//0
p:0.598, -0.041, -1.156
p:0.942, -0.243, -0.276, fr=1.127
j:0, 1, stif=0.987
",4.461030631618606e-13,feasible,21
15,0,8,"//0
p:0.598, -0.041, -1.156, fr=0.562
p:0.942, -0.243, -0.276, fr=0.735
j:0, 1, stif=0.987
",4.4727151079895173e-13,"//0
p:0.598, -0.041, -1.156, fr=0.562
p:0.942, -0.243, -0.276, fr=0.735
j:0, 1, stif=0.886
",5.186602142850143e-15,feasible,21
15,0,8,"//0
p:0.598, -0.041, -1.156, fr=0.562
p:0.942, -0.243, -0.276, fr=0.735
j:0, 1, stif=0.987
",4.4727151079895173e-13,"//0
p:0.598, -0.041, -1.156, fr=0.562
p:0.942, -0.243, -0.276, fr=0.735, ing=0.262
j:0, 1, stif=0.987
",4.4727151079895173e-13,feasible,21
15,0,8,"//0
p:0.598, -0.041, -1.156, fr=0.562
p:0.942, -0.243, -0.276, fr=0.735
j:0, 1, stif=0.987
",4.4727151079895173e-13,"//0
p:0.598, -0.041, -1.156, fr=0.562
p:0.942, -0.243, -0.276, fr=0.689
j:0, 1, stif=0.987
",4.472152035251201e-13,feasible,21
15,0,8,"//0
p:0.598, -0.041, -1.156, fr=0.562
p:0.942, -0.243, -0.276, fr=0.735
j:0, 1, stif=0.987
",4.4727151079895173e-13,"//0
p:0.598, -0.041, -1.156, fr=0.562
p:0.942, -0.243, -0.276, fr=0.735, ing=0.384
j:0, 1, stif=0.987
",4.4727151079895173e-13,feasible,21
15,0,8,"//0
p:0.598, -0.041, -1.156, fr=0.562
p:0.942, -0.243, -0.276, fr=0.735
j:0, 1, stif=0.987
",4.4727151079895173e-13,"//0
p:0.598, -0.041, -1.156, fr=0.562
p:0.942, -0.243, -0.276, fr=0.735
j:0, 1, stif=0.986
",4.4440509276952447e-13,feasible,21
15,0,8,"//0
p:0.598, -0.041, -1.156, fr=0.562
p:0.942, -0.243, -0.276, fr=0.735
j:0, 1, stif=0.987
",4.4727151079895173e-13,"//0
p:0.598, -0.041, -1.156, fr=0.562
p:1.096, 0.461, -0.58, fr=0.735
j:0, 1, stif=0.987
",2.476830986411165e-19,feasible,21
15,0,8,"//0
p:0.598, -0.041, -1.156, fr=0.562
p:0.942, -0.243, -0.276, fr=0.735
j:0, 1, stif=0.987
",4.4727151079895173e-13,"//0
p:0.598, -0.041, -1.156, fr=0.562
p:0.942, -0.243, -0.276, fr=0.735
j:0, 1, stif=0.992
",3.1072385755557163e-13,feasible,21
15,0,8,"//0
p:0.598, -0.041, -1.156, fr=0.562
p:0.942, -0.243, -0.276, fr=0.735
j:0, 1, stif=0.987
",4.4727151079895173e-13,"//0
p:0.742, 0.259, -1.281, fr=0.562
p:0.942, -0.243, -0.276, fr=0.735
j:0, 1, stif=0.987
",0.0,feasible,21
15,0,8,"//0
p:0.598, -0.041, -1.156, fr=0.562
p:0.942, -0.243, -0.276, fr=0.735
j:0, 1, stif=0.987
",4.4727151079895173e-13,"//0
p:0.598, -0.041, -1.156, fr=0.562
p:0.942, -0.243, -0.276, fr=0.735
j:0, 1, stif=0.987, rotstif=0.965
",4.4727151079895173e-13,feasible,21
15,0,8,"//0
p:0.598, -0.041, -1.156, fr=0.562
p:0.942, -0.243, -0.276, fr=0.735
j:0, 1, stif=0.987
",4.4727151079895173e-13,"//0
p:0.942, -0.243, -0.276, fr=0.735
",0.0,feasible,21
15,0,8,"//0
p:0.598, -0.041, -1.156, fr=0.562
p:0.942, -0.243, -0.276, fr=0.735
j:0, 1, stif=0.987
",4.4727151079895173e-13,"//0
p:0.598, -0.041, -1.156, fr=0.562
p:0.942, -0.243, -0.276, fr=0.735
j:0, 1, stif=0.987, rotstif=0.839
",4.4727151079895173e-13,feasible,21
15,0,8,"//0
p:0.598, -0.041, -1.156, fr=0.562
p:0.942, -0.243, -0.276, fr=0.735
j:0, 1, stif=0.987
",4.4727151079895173e-13,"//0
p:0.598, -0.041, -1.156, fr=0.562
p:0.942, -0.243, -0.276, fr=0.735
j:0, 1, stif=0.987, rotstif=0.973
",4.4727151079895173e-13,feasible,21
15,0,8,"//0
p:0.598, -0.041, -1.156, fr=0.562
p:0.942, -0.243, -0.276, fr=0.735
j:0, 1, stif=0.987
",4.4727151079895173e-13,"//0
p:0.598, -0.041, -1.156, fr=0.562
p:0.942, -0.243, -0.276, fr=0.735, ing=0.309
j:0, 1, stif=0.987
",4.4727151079895173e-13,feasible,21
15,0,8,"//0
p:0.598, -0.041, -1.156, fr=0.562
p:0.942, -0.243, -0.276, fr=0.735
j:0, 1, stif=0.987
",4.4727151079895173e-13,"//0
p:0.598, -0.041, -1.156, fr=0.562
p:0.942, -0.243, -0.276, fr=0.735
j:0, 1, stif=0.987
n:j=0, d=G
",4.4727151079895173e-13,feasible,21
15,0,8,"//0
p:0.598, -0.041, -1.156, fr=0.562
p:0.942, -0.243, -0.276, fr=0.735
j:0, 1, stif=0.987
",4.4727151079895173e-13,"//0
p:0.598, -0.041, -1.156, fr=0.562, ing=0.378
p:0.942, -0.243, -0.276, fr=0.735
j:0, 1, stif=0.987
",4.4727151079895173e-13,feasible,21
15,0,8,"//0
p:0.598, -0.041, -1.156, fr=0.562
p:0.942, -0.243, -0.276, fr=0.735
j:0, 1, stif=0.987
",4.4727151079895173e-13,"//0
p:0.598, -0.041, -1.156, fr=0.562
p:0.942, -0.243, -0.276, fr=0.735
j:0, 1, stif=0.932
",1.5132602703270046e-14,feasible,21
15,0,8,"//0
p:0.598, -0.041, -1.156, fr=0.562
p:0.942, -0.243, -0.276, fr=0.735
j:0, 1, stif=0.987
",4.4727151079895173e-13,"//0
p:0.598, -0.041, -1.156, fr=0.562
p:0.942, -0.243, -0.276, fr=0.735, ing=0.3
j:0, 1, stif=0.987
",4.4727151079895173e-13,feasible,21
15,0,8,"//0
p:0.598, -0.041, -1.156, fr=0.562
p:0.942, -0.243, -0.276, fr=0.735
j:0, 1, stif=0.987
",4.4727151079895173e-13,"//0
p:0.598, -0.041, -1.156, fr=0.562
p:0.942, -0.243, -0.276, fr=0.735
j:0, 1, stif=0.987
n:p=0, d=T
",4.4727151079895173e-13,feasible,21
15,0,8,"//0
p:0.598, -0.041, -1.156, fr=0.562
p:0.942, -0.243, -0.276, fr=0.735
j:0, 1, stif=0.987
",4.4727151079895173e-13,"//0
p:0.598, -0.041, -1.156, fr=0.562
p:0.942, -0.243, -0.276, fr=0.735, ing=0.177
j:0, 1, stif=0.987
",4.4727151079895173e-13,feasible,21
15,0,8,"//0
p:0.598, -0.041, -1.156, fr=0.562
p:0.942, -0.243, -0.276, fr=0.735
j:0, 1, stif=0.987
",4.4727151079895173e-13,"//0
p:0.598, -0.041, -1.156, fr=0.562
p:0.942, -0.243, -0.276, fr=1.14
j:0, 1, stif=0.987
",4.4794849079480615e-13,feasible,21
15,0,9,"//0
p:0.598, -0.041, -1.156, fr=0.562
p:0.942, -0.243, -0.276, fr=0.011
j:0, 1, stif=0.987
",9.47966043276028e-10,"//0
p:0.598, -0.041, -1.156, fr=0.562
p:0.942, -0.243, -0.276, fr=0.011
j:0, 1, stif=0.987
n:p=1, d=Gpart
",9.47966043276028e-10,feasible,20
15,0,9,"//0
p:0.598, -0.041, -1.156, fr=0.562
p:0.942, -0.243, -0.276, fr=0.011
j:0, 1, stif=0.987
",9.47966043276028e-10,"//0
p:0.598, -0.041, -1.156, fr=0.562
p:0.942, -0.243, -0.276, fr=0.011, ing=0.258
j:0, 1, stif=0.987
",9.47966043276028e-10,feasible,20
15,0,9,"//0
p:0.598, -0.041, -1.156, fr=0.562
p:0.942, -0.243, -0.276, fr=0.011
j:0, 1, stif=0.987
",9.47966043276028e-10,"//0
p:0.598, -0.041, -1.156, fr=0.562
p:0.942, -0.243, -0.276, fr=0.11
j:0, 1, stif=0.987
",3.034392376381661e-13,feasible,20
15,0,9,"//0
p:0.598, -0.041, -1.156, fr=0.562
p:0.942, -0.243, -0.276, fr=0.011
j:0, 1, stif=0.987
",9.47966043276028e-10,"//0
p:0.598, -0.041, -1.156, fr=0.562
p:0.942, -0.243, -0.276, fr=0.011
j:0, 1, stif=0.987
n:
c:0, 0, 1.341
",9.47966043276028e-10,feasible,20
15,0,9,"//0
p:0.598, -0.041, -1.156, fr=0.562
p:0.942, -0.243, -0.276, fr=0.011
j:0, 1, stif=0.987
",9.47966043276028e-10,"//0
p:0.598, -0.041, -1.156, fr=0.562
p:0.942, -0.243, -0.276, fr=0.011
j:0, 1, stif=0.987, rotstif=0.96
",9.47966043276028e-10,feasible,20
15,0,9,"//0
p:0.598, -0.041, -1.156, fr=0.562
p:0.942, -0.243, -0.276, fr=0.011
j:0, 1, stif=0.987
",9.47966043276028e-10,"//0
p:0.598, -0.041, -1.156, fr=0.562, ing=0.306
p:0.942, -0.243, -0.276, fr=0.011
j:0, 1, stif=0.987
",9.47966043276028e-10,feasible,20
15,0,9,"//0
p:0.598, -0.041, -1.156, fr=0.562
p:0.942, -0.243, -0.276, fr=0.011
j:0, 1, stif=0.987
",9.47966043276028e-10,"//0
p:0.598, -0.041, -1.156, fr=0.562
p:0.942, -0.243, -0.276, fr=0.011
j:0, 1, stif=0.987, rotstif=0.917
",9.47966043276028e-10,feasible,20
15,0,9,"//0
p:0.598, -0.041, -1.156, fr=0.562
p:0.942, -0.243, -0.276, fr=0.011
j:0, 1, stif=0.987
",9.47966043276028e-10,"//0
p:0.598, -0.041, -1.156, fr=0.67
p:0.942, -0.243, -0.276, fr=0.011
j:0, 1, stif=0.987
",9.476052564973597e-10,feasible,20
15,0,9,"//0
p:0.598, -0.041, -1.156, fr=0.562
p:0.942, -0.243, -0.276, fr=0.011
j:0, 1, stif=0.987
",9.47966043276028e-10,"//0
p:0.598, -0.041, -1.156, fr=0.562
p:0.942, -0.243, -0.276, fr=0.011
j:0, 1, stif=0.863
",3.05731942684215e-14,feasible,20
15,0,9,"//0
p:0.598, -0.041, -1.156, fr=0.562
p:0.942, -0.243, -0.276, fr=0.011
j:0, 1, stif=0.987
",9.47966043276028e-10,"//0
p:0.598, -0.041, -1.156, fr=0.562
p:0.942, -0.243, -0.276, fr=0.011
j:0, 1, stif=0.987, rotstif=0.979
",9.47966043276028e-10,feasible,20
15,0,9,"//0
p:0.598, -0.041, -1.156, fr=0.562
p:0.942, -0.243, -0.276, fr=0.011
j:0, 1, stif=0.987
",9.47966043276028e-10,"//0
p:0.598, -0.041, -1.156, fr=0.401
p:0.942, -0.243, -0.276, fr=0.011
j:0, 1, stif=0.987
",9.485022386891367e-10,feasible,20
15,0,9,"//0
p:0.598, -0.041, -1.156, fr=0.562
p:0.942, -0.243, -0.276, fr=0.011
j:0, 1, stif=0.987
",9.47966043276028e-10,"//0
p:0.598, -0.041, -1.156, fr=0.562
p:0.942, -0.243, -0.276, fr=0.011
j:0, 1, stif=0.933
",1.997894610577886e-11,feasible,20
15,0,9,"//0
p:0.598, -0.041, -1.156, fr=0.562
p:0.942, -0.243, -0.276, fr=0.011
j:0, 1, stif=0.987
",9.47966043276028e-10,"//0
p:0.598, -0.041, -1.156, fr=0.562
p:0.942, -0.243, -0.276, fr=0.011
j:0, 1, stif=0.932
",1.9963615860133327e-11,feasible,20
15,0,9,"//0
p:0.598, -0.041, -1.156, fr=0.562
p:0.942, -0.243, -0.276, fr=0.011
j:0, 1, stif=0.987
",9.47966043276028e-10,"//0
p:0.598, -0.041, -1.156, fr=0.562
p:0.942, -0.243, -0.276, fr=0.011
j:0, 1, stif=0.987
n:j=0, d=G
",9.47966043276028e-10,feasible,20
15,0,9,"//0
p:0.598, -0.041, -1.156, fr=0.562
p:0.942, -0.243, -0.276, fr=0.011
j:0, 1, stif=0.987
",9.47966043276028e-10,"//0
p:0.598, -0.041, -1.156, fr=0.562
p:0.942, -0.243, -0.276, fr=0.011
j:0, 1, stif=0.825
",4.0997836205776835e-14,feasible,20
15,0,9,"//0
p:0.598, -0.041, -1.156, fr=0.562
p:0.942, -0.243, -0.276, fr=0.011
j:0, 1, stif=0.987
",9.47966043276028e-10,"//0
p:0.598, -0.041, -1.156, fr=0.562
p:0.942, -0.243, -0.276, fr=0.011
j:0, 1
",1.5385179787750632e-11,feasible,20
15,0,9,"//0
p:0.598, -0.041, -1.156, fr=0.562
p:0.942, -0.243, -0.276, fr=0.011
j:0, 1, stif=0.987
",9.47966043276028e-10,"//0
p:0.598, -0.041, -1.156, fr=0.562
",0.0,feasible,20
15,0,9,"//0
p:0.598, -0.041, -1.156, fr=0.562
p:0.942, -0.243, -0.276, fr=0.011
j:0, 1, stif=0.987
",9.47966043276028e-10,"//0
p:0.598, -0.041, -1.156, fr=0.562
p:0.942, -0.243, -0.276, fr=0.011
j:0, 1, stif=0.987
n:j=0, d=|
",1.0408313969151329e-07,feasible,20
15,0,9,"//0
p:0.598, -0.041, -1.156, fr=0.562
p:0.942, -0.243, -0.276, fr=0.011
j:0, 1, stif=0.987
",9.47966043276028e-10,"//0
p:0.598, -0.041, -1.156, fr=0.562
p:0.658, -0.568, 0.4, fr=0.011
j:0, 1, stif=0.987
",0.0,feasible,20
15,0,9,"//0
p:0.598, -0.041, -1.156, fr=0.562
p:0.942, -0.243, -0.276, fr=0.011
j:0, 1, stif=0.987
",9.47966043276028e-10,"//0
p:0.598, -0.041, -1.156, fr=0.562
p:1.165, -0.301, -0.021, fr=0.011
j:0, 1, stif=0.987
",0.0,feasible,20
15,0,10,"//0
p:0.598, -0.041, -1.156, fr=0.547
p:0.942, -0.243, -0.276, fr=0.011
j:0, 1, stif=0.987
",9.480160825384162e-10,"//0
p:0.598, -0.041, -1.156, fr=0.547
p:0.942, -0.243, -0.276, fr=0.011
j:0, 1, stif=0.948
",2.266831083302825e-13,feasible,21
15,0,10,"//0
p:0.598, -0.041, -1.156, fr=0.547
p:0.942, -0.243, -0.276, fr=0.011
j:0, 1, stif=0.987
",9.480160825384162e-10,"//0
p:0.598, -0.041, -1.156, fr=0.547
p:0.942, -0.243, -0.276, fr=0.011
j:0, 1, stif=0.951
",2.3608278726264544e-13,feasible,21
15,0,10,"//0
p:0.598, -0.041, -1.156, fr=0.547
p:0.942, -0.243, -0.276, fr=0.011
j:0, 1, stif=0.987
",9.480160825384162e-10,"//0
p:0.598, -0.041, -1.156, fr=0.547
p:0.942, -0.243, -0.276, fr=0.287
j:0, 1, stif=0.987
",4.54639575844396e-13,feasible,21
15,0,10,"//0
p:0.598, -0.041, -1.156, fr=0.547
p:0.942, -0.243, -0.276, fr=0.011
j:0, 1, stif=0.987
",9.480160825384162e-10,"//0
p:0.598, -0.041, -1.156, fr=0.428
p:0.942, -0.243, -0.276, fr=0.011
j:0, 1, stif=0.987
",9.48412454924685e-10,feasible,21
15,0,10,"//0
p:0.598, -0.041, -1.156, fr=0.547
p:0.942, -0.243, -0.276, fr=0.011
j:0, 1, stif=0.987
",9.480160825384162e-10,"//0
p:0.598, -0.041, -1.156, fr=0.547
p:0.942, -0.243, -0.276, fr=0.806
j:0, 1, stif=0.987
",4.471888727858339e-13,feasible,21
15,0,10,"//0
p:0.598, -0.041, -1.156, fr=0.547
p:0.942, -0.243, -0.276, fr=0.011
j:0, 1, stif=0.987
",9.480160825384162e-10,"//0
p:0.598, -0.041, -1.156, fr=0.547
p:0.392, -0.439, 0.197, fr=0.011
j:0, 1, stif=0.987
",0.0,feasible,21
15,0,10,"//0
p:0.598, -0.041, -1.156, fr=0.547
p:0.942, -0.243, -0.276, fr=0.011
j:0, 1, stif=0.987
",9.480160825384162e-10,"//0
p:0.598, -0.041, -1.156, fr=0.547, ing=0.454
p:0.942, -0.243, -0.276, fr=0.011
j:0, 1, stif=0.987
",9.480160825384162e-10,feasible,21
15,0,10,"//0
p:0.598, -0.041, -1.156, fr=0.547
p:0.942, -0.243, -0.276, fr=0.011
j:0, 1, stif=0.987
",9.480160825384162e-10,"//0
p:0.598, -0.041, -1.156, fr=0.547
p:0.942, -0.243, -0.276, fr=0.011
j:0, 1, stif=0.987
n:p=1, d=T
",9.480160825384162e-10,feasible,21
15,0,10,"//0
p:0.598, -0.041, -1.156, fr=0.547
p:0.942, -0.243, -0.276, fr=0.011
j:0, 1, stif=0.987
",9.480160825384162e-10,"//0
p:0.942, -0.243, -0.276, fr=0.011
",0.0,feasible,21
15,0,10,"//0
p:0.598, -0.041, -1.156, fr=0.547
p:0.942, -0.243, -0.276, fr=0.011
j:0, 1, stif=0.987
",9.480160825384162e-10,"//0
p:0.598, -0.041, -1.156, fr=0.547
p:0.942, -0.243, -0.276, fr=0.143
j:0, 1, stif=0.987
",4.562213122338398e-13,feasible,21
15,0,10,"//0
p:0.598, -0.041, -1.156, fr=0.547
p:0.942, -0.243, -0.276, fr=0.011
j:0, 1, stif=0.987
",9.480160825384162e-10,"//0
p:0.598, -0.041, -1.156, fr=0.547
p:0.956, -0.47, 0.053, fr=0.011
j:0, 1, stif=0.987
",0.0,feasible,21
15,0,10,"//0
p:0.598, -0.041, -1.156, fr=0.547
p:0.942, -0.243, -0.276, fr=0.011
j:0, 1, stif=0.987
",9.480160825384162e-10,"//0
p:0.598, -0.041, -1.156, fr=0.275
p:0.942, -0.243, -0.276, fr=0.011
j:0, 1, stif=0.987
",1.6041149367247452e-11,feasible,21
15,0,10,"//0
p:0.598, -0.041, -1.156, fr=0.547
p:0.942, -0.243, -0.276, fr=0.011
j:0, 1, stif=0.987
",9.480160825384162e-10,"//0
p:0.598, -0.041, -1.156, fr=0.547
p:0.338, -0.336, -0.256, fr=0.011
j:0, 1, stif=0.987
",0.0,feasible,21
15,0,10,"//0
p:0.598, -0.041, -1.156, fr=0.547
p:0.942, -0.243, -0.276, fr=0.011
j:0, 1, stif=0.987
",9.480160825384162e-10,"//0
p:0.598, -0.041, -1.156, fr=0.447
p:0.942, -0.243, -0.276, fr=0.011
j:0, 1, stif=0.987
",9.483492404542215e-10,feasible,21
15,0,10,"//0
p:0.598, -0.041, -1.156, fr=0.547
p:0.942, -0.243, -0.276, fr=0.011
j:0, 1, stif=0.987
",9.480160825384162e-10,"//0
p:0.598, -0.041, -1.156, fr=0.547
p:0.942, -0.243, -0.276, fr=0.667
j:0, 1, stif=0.987
",4.47018435332857e-13,feasible,21
15,0,10,"//0
p:0.598, -0.041, -1.156, fr=0.547
p:0.942, -0.243, -0.276, fr=0.011
j:0, 1, stif=0.987
",9.480160825384162e-10,"//0
p:0.598, -0.041, -1.156, fr=0.547
p:0.942, -0.243, -0.276, fr=0.011
j:0, 1, stif=0.987, rotstif=0.91
",9.480160825384162e-10,feasible,21
15,0,10,"//0
p:0.598, -0.041, -1.156, fr=0.547
p:0.942, -0.243, -0.276, fr=0.011
j:0, 1, stif=0.987
",9.480160825384162e-10,"//0
p:0.598, -0.041, -1.156, fr=0.547, ing=0.237
p:0.942, -0.243, -0.276, fr=0.011
j:0, 1, stif=0.987
",9.480160825384162e-10,feasible,21
15,0,10,"//0
p:0.598, -0.041, -1.156, fr=0.547
p:0.942, -0.243, -0.276, fr=0.011
j:0, 1, stif=0.987
",9.480160825384162e-10,"//0
p:0.598, -0.041, -1.156, fr=0.547
p:0.942, -0.243, -0.276, fr=0.011
j:0, 1, stif=0.987
n:j=0, d=@
",1.570965838154244e-06,feasible,21
15,0,10,"//0
p:0.598, -0.041, -1.156, fr=0.547
p:0.942, -0.243, -0.276, fr=0.011
j:0, 1, stif=0.987
",9.480160825384162e-10,"//0
p:0.598, -0.041, -1.156, fr=0.868
p:0.942, -0.243, -0.276, fr=0.011
j:0, 1, stif=0.987
",9.469415098042981e-10,feasible,21
15,0,10,"//0
p:0.598, -0.041, -1.156, fr=0.547
p:0.942, -0.243, -0.276, fr=0.011
j:0, 1, stif=0.987
",9.480160825384162e-10,"//0
p:0.598, -0.041, -1.156, fr=0.547
p:0.942, -0.243, -0.276, fr=0.011
j:0, 1, stif=0.987, rotstif=0.952
",9.480160825384162e-10,feasible,21
15,0,11,"//0
p:0.598, -0.041, -1.156, fr=0.547
p:0.942, -0.243, -0.276, fr=0.011
j:0, 1, stif=0.987
n:j=0, d=|
",9.779579799491752e-08,"//0
p:0.598, -0.041, -1.156, fr=0.547, ing=0.307
p:0.942, -0.243, -0.276, fr=0.011
j:0, 1, stif=0.987
n:j=0, d=|
",9.779579799491752e-08,feasible,20
15,0,11,"//0
p:0.598, -0.041, -1.156, fr=0.547
p:0.942, -0.243, -0.276, fr=0.011
j:0, 1, stif=0.987
n:j=0, d=|
",9.779579799491752e-08,"//0
p:0.598, -0.041, -1.156, fr=0.547
p:0.942, -0.243, -0.276, fr=0.011
j:0, 1, stif=0.987
n:j=0, d=|:r=0.921
",9.779579799491752e-08,feasible,20
15,0,11,"//0
p:0.598, -0.041, -1.156, fr=0.547
p:0.942, -0.243, -0.276, fr=0.011
j:0, 1, stif=0.987
n:j=0, d=|
",9.779579799491752e-08,"//0
p:0.598, -0.041, -1.156, fr=0.547
p:0.942, -0.243, -0.276, fr=0.011
j:0, 1, stif=0.987, rotstif=0.931
n:j=0, d=|
",9.779579799491752e-08,feasible,20
15,0,11,"//0
p:0.598, -0.041, -1.156, fr=0.547
p:0.942, -0.243, -0.276, fr=0.011
j:0, 1, stif=0.987
n:j=0, d=|
",9.779579799491752e-08,"//0
p:0.598, -0.041, -1.156, fr=0.547
p:0.942, -0.243, -0.276, fr=0.011
j:0, 1, stif=0.843
n:j=0, d=|
",6.513182528553423e-08,feasible,20
15,0,11,"//0
p:0.598, -0.041, -1.156, fr=0.547
p:0.942, -0.243, -0.276, fr=0.011
j:0, 1, stif=0.987
n:j=0, d=|
",9.779579799491752e-08,"//0
p:0.598, -0.041, -1.156, fr=0.547
p:0.942, -0.243, -0.276, fr=0.011
j:0, 1, stif=0.928
n:j=0, d=|
",6.92256456331557e-08,feasible,20
15,0,11,"//0
p:0.598, -0.041, -1.156, fr=0.547
p:0.942, -0.243, -0.276, fr=0.011
j:0, 1, stif=0.987
n:j=0, d=|
",9.779579799491752e-08,"//0
p:0.598, -0.041, -1.156, fr=0.547
p:0.942, -0.243, -0.276, fr=0.011
j:0, 1, stif=0.91
n:j=0, d=|
",4.2073337093454476e-08,feasible,20
15,0,11,"//0
p:0.598, -0.041, -1.156, fr=0.547
p:0.942, -0.243, -0.276, fr=0.011
j:0, 1, stif=0.987
n:j=0, d=|
",9.779579799491752e-08,"//0
p:0.598, -0.041, -1.156, fr=0.547
p:0.942, -0.243, -0.276, fr=0.011
j:0, 1, stif=0.987
n:j=0, d=|
n:
c:1, 1, 1.744
",9.779579799491752e-08,feasible,20
15,0,11,"//0
p:0.598, -0.041, -1.156, fr=0.547
p:0.942, -0.243, -0.276, fr=0.011
j:0, 1, stif=0.987
n:j=0, d=|
",9.779579799491752e-08,"//0
p:0.598, -0.041, -1.156, fr=0.547
p:0.942, -0.243, -0.276, fr=0.011
j:0, 1, stif=0.987
n:j=0, d=|:r=0.947
",9.779579799491752e-08,feasible,20
15,0,11,"//0
p:0.598, -0.041, -1.156, fr=0.547
p:0.942, -0.243, -0.276, fr=0.011
j:0, 1, stif=0.987
n:j=0, d=|
",9.779579799491752e-08,"//0
p:0.598, -0.041, -1.156, fr=0.547
p:0.942, -0.243, -0.276, fr=0.011
j:0, 1, stif=0.899
n:j=0, d=|
",6.075107685416153e-08,feasible,20
15,0,11,"//0
p:0.598, -0.041, -1.156, fr=0.547
p:0.942, -0.243, -0.276, fr=0.011
j:0, 1, stif=0.987
n:j=0, d=|
",9.779579799491752e-08,"//0
p:0.598, -0.041, -1.156, fr=0.547
p:0.942, -0.243, -0.276, fr=0.011
j:0, 1, stif=0.987, rotstif=0.867
n:j=0, d=|
",9.779579799491752e-08,feasible,20
15,0,11,"//0
p:0.598, -0.041, -1.156, fr=0.547
p:0.942, -0.243, -0.276, fr=0.011
j:0, 1, stif=0.987
n:j=0, d=|
",9.779579799491752e-08,"//0
p:0.598, -0.041, -1.156, fr=0.547
p:0.969, -0.165, -0.198, fr=0.011
j:0, 1, stif=0.987
n:j=0, d=|
",2.348017223787554e-07,feasible,20
15,0,11,"//0
p:0.598, -0.041, -1.156, fr=0.547
p:0.942, -0.243, -0.276, fr=0.011
j:0, 1, stif=0.987
n:j=0, d=|
",9.779579799491752e-08,"//0
p:0.598, -0.041, -1.156, fr=0.547
p:0.942, -0.243, -0.276, fr=0.011
j:0, 1, stif=0.987
n:j=0, d=|
n:j=0, d=G
c:0, 1, -3.282
",1.0946267704526547e-07,feasible,20
15,0,11,"//0
p:0.598, -0.041, -1.156, fr=0.547
p:0.942, -0.243, -0.276, fr=0.011
j:0, 1, stif=0.987
n:j=0, d=|
",9.779579799491752e-08,"//0
p:0.598, -0.041, -1.156, fr=0.547, ing=0.341
p:0.942, -0.243, -0.276, fr=0.011
j:0, 1, stif=0.987
n:j=0, d=|
",9.779579799491752e-08,feasible,20
15,0,11,"//0
p:0.598, -0.041, -1.156, fr=0.547
p:0.942, -0.243, -0.276, fr=0.011
j:0, 1, stif=0.987
n:j=0, d=|
",9.779579799491752e-08,"//0
p:0.942, -0.243, -0.276, fr=0.011
",0.0,feasible,20
15,0,11,"//0
p:0.598, -0.041, -1.156, fr=0.547
p:0.942, -0.243, -0.276, fr=0.011
j:0, 1, stif=0.987
n:j=0, d=|
",9.779579799491752e-08,"//0
p:0.598, -0.041, -1.156, fr=0.547
p:0.942, -0.243, -0.276, fr=0.011
j:0, 1, stif=0.987, rotstif=0.844
n:j=0, d=|
",9.779579799491752e-08,feasible,20
15,0,11,"//0
p:0.598, -0.041, -1.156, fr=0.547
p:0.942, -0.243, -0.276, fr=0.011
j:0, 1, stif=0.987
n:j=0, d=|
",9.779579799491752e-08,"//0
p:0.598, -0.041, -1.156, fr=0.547
p:0.942, -0.243, -0.276, fr=0.011
j:0, 1, stif=0.987
",9.480160825384162e-10,feasible,20
15,0,11,"//0
p:0.598, -0.041, -1.156, fr=0.547
p:0.942, -0.243, -0.276, fr=0.011
j:0, 1, stif=0.987
n:j=0, d=|
",9.779579799491752e-08,"//0
p:0.598, -0.041, -1.156, fr=0.547
p:0.942, -0.243, -0.276, fr=0.011
p:0.368, -1.651, -0.454
j:0, 1, stif=0.987
j:2, 0
n:j=0, d=|
",1.230588067705887e-07,feasible,20
15,0,11,"//0
p:0.598, -0.041, -1.156, fr=0.547
p:0.942, -0.243, -0.276, fr=0.011
j:0, 1, stif=0.987
n:j=0, d=|
",9.779579799491752e-08,"//0
p:0.578, 0.128, -1.151, fr=0.547
p:0.942, -0.243, -0.276, fr=0.011
j:0, 1, stif=0.987
n:j=0, d=|
",2.3695559727186008e-07,feasible,20
15,0,11,"//0
p:0.598, -0.041, -1.156, fr=0.547
p:0.942, -0.243, -0.276, fr=0.011
j:0, 1, stif=0.987
n:j=0, d=|
",9.779579799491752e-08,"//0
p:0.948, -0.36, -1.285, fr=0.547
p:0.942, -0.243, -0.276, fr=0.011
j:0, 1, stif=0.987
n:j=0, d=|
",2.9976358142327867e-07,feasible,20
15,0,11,"//0
p:0.598, -0.041, -1.156, fr=0.547
p:0.942, -0.243, -0.276, fr=0.011
j:0, 1, stif=0.987
n:j=0, d=|
",9.779579799491752e-08,"//0
p:0.598, -0.041, -1.156, fr=0.547
p:0.942, -0.243, -0.276, fr=0.011
j:0, 1, stif=0.834
n:j=0, d=|
",4.401879816429424e-08,feasible,20
15,0,12,"//0
p:0.598, -0.041, -1.156, fr=0.547
p:0.942, -0.243, -0.276, fr=0.011
p:0.968, 0.157, -1.51
j:0, 1, stif=0.987
j:2, 1
n:j=0, d=|
",3.640738369024525e-07,"//0
p:0.598, -0.041, -1.156, fr=0.547, ing=0.283
p:0.942, -0.243, -0.276, fr=0.011
p:0.968, 0.157, -1.51
j:0, 1, stif=0.987
j:2, 1
n:j=0, d=|
",3.640738369024525e-07,feasible,20
15,0,12,"//0
p:0.598, -0.041, -1.156, fr=0.547
p:0.942, -0.243, -0.276, fr=0.011
p:0.968, 0.157, -1.51
j:0, 1, stif=0.987
j:2, 1
n:j=0, d=|
",3.640738369024525e-07,"//0
p:0.598, -0.041, -1.156, fr=0.547
p:0.942, -0.243, -0.276, fr=0.011
j:0, 1, stif=0.987
n:j=0, d=|
",9.779579799491752e-08,feasible,20
15,0,12,"//0
p:0.598, -0.041, -1.156, fr=0.547
p:0.942, -0.243, -0.276, fr=0.011
p:0.968, 0.157, -1.51
j:0, 1, stif=0.987
j:2, 1
n:j=0, d=|
",3.640738369024525e-07,"//0
p:0.598, -0.041, -1.156, fr=0.547
p:0.942, -0.243, -0.276, fr=0.011
p:0.948, -0.049, -1.411
j:0, 1, stif=0.987
j:2, 1
n:j=0, d=|
",4.2887113954391575e-07,feasible,20
15,0,12,"//0
p:0.598, -0.041, -1.156, fr=0.547
p:0.942, -0.243, -0.276, fr=0.011
p:0.968, 0.157, -1.51
j:0, 1, stif=0.987
j:2, 1
n:j=0, d=|
",3.640738369024525e-07,"//0
p:0.598, -0.041, -1.156, fr=0.547
p:0.942, -0.243, -0.276, fr=0.011
p:0.968, 0.157, -1.51
j:0, 1, stif=0.987, rotstif=0.911
j:2, 1
n:j=0, d=|
",3.640738369024525e-07,feasible,20
15,0,12,"//0
p:0.598, -0.041, -1.156, fr=0.547
p:0.942, -0.243, -0.276, fr=0.011
p:0.968, 0.157, -1.51
j:0, 1, stif=0.987
j:2, 1
n:j=0, d=|
",3.640738369024525e-07,"//0
p:0.598, -0.041, -1.156, fr=0.547
p:0.888, -0.216, -0.212, fr=0.011
p:0.968, 0.157, -1.51
j:0, 1, stif=0.987
j:2, 1
n:j=0, d=|
",3.9940872923674724e-07,feasible,20
15,0,12,"//0
p:0.598, -0.041, -1.156, fr=0.547
p:0.942, -0.243, -0.276, fr=0.011
p:0.968, 0.157, -1.51
j:0, 1, stif=0.987
j:2, 1
n:j=0, d=|
",3.640738369024525e-07,"//0
p:0.598, -0.041, -1.156, fr=0.547
p:0.942, -0.243, -0.276, fr=0.011
p:0.968, 0.157, -1.51
j:0, 2, stif=0.987
j:1, 2
n:j=0, d=|
",1.631056478345962e-08,feasible,20
15,0,12,"//0
p:0.598, -0.041, -1.156, fr=0.547
p:0.942, -0.243, -0.276, fr=0.011
p:0.968, 0.157, -1.51
j:0, 1, stif=0.987
j:2, 1
n:j=0, d=|
",3.640738369024525e-07,"//0
p:0.598, -0.041, -1.156, fr=0.547
p:0.942, -0.243, -0.276, fr=0.011
p:0.968, 0.157, -1.51
j:0, 1, stif=0.88
j:2, 1
n:j=0, d=|
",3.841578016864707e-07,feasible,20
15,0,12,"//0
p:0.598, -0.041, -1.156, fr=0.547
p:0.942, -0.243, -0.276, fr=0.011
p:0.968, 0.157, -1.51
j:0, 1, stif=0.987
j:2, 1
n:j=0, d=|
",3.640738369024525e-07,"//0
p:0.598, -0.041, -1.156, fr=0.547
p:0.942, -0.243, -0.276, fr=0.011
p:0.968, 0.157, -1.51
j:0, 1, stif=0.987
j:2, 1
",1.7763576864329959e-19,feasible,20
15,0,12,"//0
p:0.598, -0.041, -1.156, fr=0.547
p:0.942, -0.243, -0.276, fr=0.011
p:0.968, 0.157, -1.51
j:0, 1, stif=0.987
j:2, 1
n:j=0, d=|
",3.640738369024525e-07,"//0
p:0.598, -0.041, -1.156, fr=0.547
p:0.942, -0.243, -0.276, fr=0.011
p:0.968, 0.157, -1.51
p:0.127, -1.239, -2.507
j:0, 1, stif=0.987
j:2, 1
j:3, 0
n:j=0, d=|
",4.0569516140069567e-07,feasible,20
15,0,12,"//0
p:0.598, -0.041, -1.156, fr=0.547
p:0.942, -0.243, -0.276, fr=0.011
p:0.968, 0.157, -1.51
j:0, 1, stif=0.987
j:2, 1
n:j=0, d=|
",3.640738369024525e-07,"//0
p:0.598, -0.041, -1.156, fr=0.547
p:0.942, -0.243, -0.276, fr=0.011
p:0.968, 0.157, -1.51
j:0, 1, stif=0.987
j:2, 1
n:j=0, d=|:r=0.872
",3.640738369024525e-07,feasible,20
15,0,12,"//0
p:0.598, -0.041, -1.156, fr=0.547
p:0.942, -0.243, -0.276, fr=0.011
p:0.968, 0.157, -1.51
j:0, 1, stif=0.987
j:2, 1
n:j=0, d=|
",3.640738369024525e-07,"//0
p:0.598, -0.041, -1.156, fr=0.547
p:0.942, -0.243, -0.276, fr=0.011
p:0.968, 0.157, -1.51, fr=0.789
j:0, 1, stif=0.987
j:2, 1
n:j=0, d=|
",3.513105241359446e-07,feasible,20
15,0,12,"//0
p:0.598, -0.041, -1.156, fr=0.547
p:0.942, -0.243, -0.276, fr=0.011
p:0.968, 0.157, -1.51
j:0, 1, stif=0.987
j:2, 1
n:j=0, d=|
",3.640738369024525e-07,"//0
p:0.598, -0.041, -1.156, fr=0.547, ing=0.167
p:0.942, -0.243, -0.276, fr=0.011
p:0.968, 0.157, -1.51
j:0, 1, stif=0.987
j:2, 1
n:j=0, d=|
",3.640738369024525e-07,feasible,20
15,0,12,"//0
p:0.598, -0.041, -1.156, fr=0.547
p:0.942, -0.243, -0.276, fr=0.011
p:0.968, 0.157, -1.51
j:0, 1, stif=0.987
j:2, 1
n:j=0, d=|
",3.640738369024525e-07,"//0
p:0.598, -0.041, -1.156, fr=0.547
p:0.942, -0.243, -0.276, fr=0.011
p:0.968, 0.157, -1.51
j:0, 1, stif=0.987
j:2, 1
n:j=0, d=|:r=0.954
",3.640738369024525e-07,feasible,20
15,0,12,"//0
p:0.598, -0.041, -1.156, fr=0.547
p:0.942, -0.243, -0.276, fr=0.011
p:0.968, 0.157, -1.51
j:0, 1, stif=0.987
j:2, 1
n:j=0, d=|
",3.640738369024525e-07,"//0
p:0.598, -0.041, -1.156, fr=0.547
p:0.942, -0.243, -0.276, fr=0.011
p:0.968, 0.157, -1.51
p:0.734, -0.527, -2.404
j:0, 1, stif=0.987
j:2, 1
j:3, 2
n:j=0, d=|
",2.0043132776262595e-07,feasible,20
15,0,12,"//0
p:0.598, -0.041, -1.156, fr=0.547
p:0.942, -0.243, -0.276, fr=0.011
p:0.968, 0.157, -1.51
j:0, 1, stif=0.987
j:2, 1
n:j=0, d=|
",3.640738369024525e-07,"//0
p:0.598, -0.041, -1.156, fr=0.547
p:0.942, -0.243, -0.276, fr=0.011
p:0.968, 0.157, -1.51
j:0, 1, stif=0.987, rotstif=0.84
j:2, 1
n:j=0, d=|
",3.640738369024525e-07,feasible,20
15,0,12,"//0
p:0.598, -0.041, -1.156, fr=0.547
p:0.942, -0.243, -0.276, fr=0.011
p:0.968, 0.157, -1.51
j:0, 1, stif=0.987
j:2, 1
n:j=0, d=|
",3.640738369024525e-07,"//0
p:0.942, -0.243, -0.276, fr=0.011
p:0.968, 0.157, -1.51
j:1, 0
",1.2923096035310308e-17,feasible,20
15,0,12,"//0
p:0.598, -0.041, -1.156, fr=0.547
p:0.942, -0.243, -0.276, fr=0.011
p:0.968, 0.157, -1.51
j:0, 1, stif=0.987
j:2, 1
n:j=0, d=|
",3.640738369024525e-07,"//0
p:0.598, -0.041, -1.156, fr=0.547
p:0.942, -0.243, -0.276, fr=0.011
p:0.968, 0.157, -1.51
j:0, 1, stif=0.987
j:2, 1, rotstif=0.952
n:j=0, d=|
",3.640738369024525e-07,feasible,20
15,0,12,"//0
p:0.598, -0.041, -1.156, fr=0.547
p:0.942, -0.243, -0.276, fr=0.011
p:0.968, 0.157, -1.51
j:0, 1, stif=0.987
j:2, 1
n:j=0, d=|
",3.640738369024525e-07,"//0
p:0.598, -0.041, -1.156, fr=0.547
p:0.942, -0.243, -0.276, fr=0.011
p:1.638, 0.672, -1.19
j:0, 1, stif=0.987
j:2, 1
n:j=0, d=|
",4.862569696736149e-08,feasible,20
15,0,12,"//0
p:0.598, -0.041, -1.156, fr=0.547
p:0.942, -0.243, -0.276, fr=0.011
p:0.968, 0.157, -1.51
j:0, 1, stif=0.987
j:2, 1
n:j=0, d=|
",3.640738369024525e-07,"//0
p:0.598, -0.041, -1.156, fr=0.547
p:0.942, -0.243, -0.276, fr=0.011
p:0.968, 0.157, -1.51
j:0, 1, stif=0.987
j:2, 1, stif=0.92
n:j=0, d=|
",2.6516660856666463e-07,feasible,20
15,0,12,"//0
p:0.598, -0.041, -1.156, fr=0.547
p:0.942, -0.243, -0.276, fr=0.011
p:0.968, 0.157, -1.51
j:0, 1, stif=0.987
j:2, 1
n:j=0, d=|
",3.640738369024525e-07,"//0
p:0.598, -0.041, -1.156, fr=0.547
p:0.942, -0.243, -0.276, fr=0.011
p:0.968, 0.157, -1.51
p:0.501, 0.431, -0.123
j:0, 1, stif=0.987
j:2, 1
j:3, 0
n:j=0, d=|
",8.691359285634033e-07,feasible,20
15,0,13,"//0
p:0.598, -0.041, -1.156, fr=0.547
p:0.942, -0.243, -0.276, fr=0.011
p:0.945, 0.254, -1.632
j:0, 1, stif=0.987
j:2, 1
n:j=0, d=|
",5.44120684040608e-07,"//0
p:0.598, -0.041, -1.156, fr=0.547
p:0.942, -0.243, -0.276, fr=0.011
p:0.945, 0.254, -1.632
j:0, 1, stif=0.987
j:2, 1
n:j=0, d=|
n:d=*
c:0, 1, 1.966
",5.184910017702738e-07,feasible,20
15,0,13,"//0
p:0.598, -0.041, -1.156, fr=0.547
p:0.942, -0.243, -0.276, fr=0.011
p:0.945, 0.254, -1.632
j:0, 1, stif=0.987
j:2, 1
n:j=0, d=|
",5.44120684040608e-07,"//0
p:0.598, -0.041, -1.156, fr=0.547
p:0.942, -0.243, -0.276, fr=0.011
p:0.945, 0.254, -1.632, ing=0.275
j:0, 1, stif=0.987
j:2, 1
n:j=0, d=|
",5.44120684040608e-07,feasible,20
15,0,13,"//0
p:0.598, -0.041, -1.156, fr=0.547
p:0.942, -0.243, -0.276, fr=0.011
p:0.945, 0.254, -1.632
j:0, 1, stif=0.987
j:2, 1
n:j=0, d=|
",5.44120684040608e-07,"//0
p:0.598, -0.041, -1.156, fr=0.547
p:0.942, -0.243, -0.276, fr=0.011
p:0.945, 0.254, -1.632
j:0, 1, stif=0.987
j:2, 1
j:0, 2
n:j=0, d=|
",1.5355067504729092e-08,feasible,20
15,0,13,"//0
p:0.598, -0.041, -1.156, fr=0.547
p:0.942, -0.243, -0.276, fr=0.011
p:0.945, 0.254, -1.632
j:0, 1, stif=0.987
j:2, 1
n:j=0, d=|
",5.44120684040608e-07,"//0
p:0.598, -0.041, -1.156, fr=0.547
p:0.942, -0.243, -0.276, fr=0.011
p:0.945, 0.254, -1.632
j:0, 1, stif=0.987
j:2, 1
",2.1973605869318396e-18,feasible,20
15,0,13,"//0
p:0.598, -0.041, -1.156, fr=0.547
p:0.942, -0.243, -0.276, fr=0.011
p:0.945, 0.254, -1.632
j:0, 1, stif=0.987
j:2, 1
n:j=0, d=|
",5.44120684040608e-07,"//0
p:0.598, -0.041, -1.156, fr=0.547
p:0.942, -0.243, -0.276, fr=0.011
p:0.945, 0.254, -1.632
j:0, 1, stif=0.987, rotstif=0.911
j:2, 1
n:j=0, d=|
",5.44120684040608e-07,feasible,20
15,0,13,"//0
p:0.598, -0.041, -1.156, fr=0.547
p:0.942, -0.243, -0.276, fr=0.011
p:0.945, 0.254, -1.632
j:0, 1, stif=0.987
j:2, 1
n:j=0, d=|
",5.44120684040608e-07,"//0
p:0.598, -0.041, -1.156, fr=0.547
p:0.942, -0.243, -0.276, fr=0.011
p:0.945, 0.254, -1.632
j:0, 1, stif=0.966
j:2, 1
n:j=0, d=|
",5.455752768249882e-07,feasible,20
15,0,13,"//0
p:0.598, -0.041, -1.156, fr=0.547
p:0.942, -0.243, -0.276, fr=0.011
p:0.945, 0.254, -1.632
j:0, 1, stif=0.987
j:2, 1
n:j=0, d=|
",5.44120684040608e-07,"//0
p:1.08, 0.213, -0.682, fr=0.547
p:0.942, -0.243, -0.276, fr=0.011
p:0.945, 0.254, -1.632
j:0, 1, stif=0.987
j:2, 1
n:j=0, d=|
",2.5202947663916515e-07,feasible,20
15,0,13,"//0
p:0.598, -0.041, -1.156, fr=0.547
p:0.942, -0.243, -0.276, fr=0.011
p:0.945, 0.254, -1.632
j:0, 1, stif=0.987
j:2, 1
n:j=0, d=|
",5.44120684040608e-07,"//0
p:0.598, -0.041, -1.156, fr=0.547
p:0.942, -0.243, -0.276, fr=0.011
p:0.945, 0.254, -1.632
j:1, 0, stif=0.987
j:2, 0
n:j=0, d=|
",1.0096957754485681e-07,feasible,20
15,0,13,"//0
p:0.598, -0.041, -1.156, fr=0.547
p:0.942, -0.243, -0.276, fr=0.011
p:0.945, 0.254, -1.632
j:0, 1, stif=0.987
j:2, 1
n:j=0, d=|
",5.44120684040608e-07,"//0
p:0.598, -0.041, -1.156, fr=0.547
p:0.508, -0.158, -0.173, fr=0.011
p:0.945, 0.254, -1.632
j:0, 1, stif=0.987
j:2, 1
n:j=0, d=|
",7.611234674263405e-07,feasible,20
15,0,13,"//0
p:0.598, -0.041, -1.156, fr=0.547
p:0.942, -0.243, -0.276, fr=0.011
p:0.945, 0.254, -1.632
j:0, 1, stif=0.987
j:2, 1
n:j=0, d=|
",5.44120684040608e-07,"//0
p:0.598, -0.041, -1.156, fr=0.547
p:0.942, -0.243, -0.276, fr=0.011
p:0.945, 0.254, -1.632
j:0, 1, stif=0.987
j:2, 1
n:j=0, d=|:p=0.424
",5.272575962144696e-07,feasible,20
15,0,13,"//0
p:0.598, -0.041, -1.156, fr=0.547
p:0.942, -0.243, -0.276, fr=0.011
p:0.945, 0.254, -1.632
j:0, 1, stif=0.987
j:2, 1
n:j=0, d=|
",5.44120684040608e-07,"//0
p:0.598, -0.041, -1.156, fr=0.547
p:0.942, -0.243, -0.276, fr=0.011
p:0.945, 0.254, -1.632
j:0, 1, stif=0.987
j:2, 1, rotstif=0.992
n:j=0, d=|
",5.44120684040608e-07,feasible,20
15,0,13,"//0
p:0.598, -0.041, -1.156, fr=0.547
p:0.942, -0.243, -0.276, fr=0.011
p:0.945, 0.254, -1.632
j:0, 1, stif=0.987
j:2, 1
n:j=0, d=|
",5.44120684040608e-07,"//0
p:0.598, -0.041, -1.156, fr=0.547
p:0.942, -0.243, -0.276, fr=0.011
p:0.945, 0.254, -1.632
j:0, 1, stif=0.987
j:2, 1, stif=0.928
n:j=0, d=|
",5.295348004408921e-07,feasible,20
15,0,13,"//0
p:0.598, -0.041, -1.156, fr=0.547
p:0.942, -0.243, -0.276, fr=0.011
p:0.945, 0.254, -1.632
j:0, 1, stif=0.987
j:2, 1
n:j=0, d=|
",5.44120684040608e-07,"//0
p:0.598, -0.041, -1.156, fr=0.547
p:0.942, -0.243, -0.276, fr=0.011
p:0.945, 0.254, -1.632
j:0, 1, stif=0.987
j:2, 1
n:j=0, d=|:r=0.97
",5.44120684040608e-07,feasible,20
15,0,13,"//0
p:0.598, -0.041, -1.156, fr=0.547
p:0.942, -0.243, -0.276, fr=0.011
p:0.945, 0.254, -1.632
j:0, 1, stif=0.987
j:2, 1
n:j=0, d=|
",5.44120684040608e-07,"//0
p:0.598, -0.041, -1.156, fr=0.547
p:0.942, -0.243, -0.276, fr=0.011
p:0.945, 0.254, -1.632
j:0, 1, stif=0.987
j:2, 1
n:j=0, d=|
n:p=0, d=Gpart
c:0, 1, 3.767
",1.7713096035789414e-07,feasible,20
15,0,13,"//0
p:0.598, -0.041, -1.156, fr=0.547
p:0.942, -0.243, -0.276, fr=0.011
p:0.945, 0.254, -1.632
j:0, 1, stif=0.987
j:2, 1
n:j=0, d=|
",5.44120684040608e-07,"//0
p:0.598, -0.041, -1.156, fr=0.547
p:0.942, -0.243, -0.276, fr=0.011
p:0.945, 0.254, -1.632
j:0, 1, stif=0.987
j:2, 1
j:2, 0
n:j=0, d=|
",2.883826823918138e-08,feasible,20
15,0,13,"//0
p:0.598, -0.041, -1.156, fr=0.547
p:0.942, -0.243, -0.276, fr=0.011
p:0.945, 0.254, -1.632
j:0, 1, stif=0.987
j:2, 1
n:j=0, d=|
",5.44120684040608e-07,"//0
p:0.598, -0.041, -1.156, fr=0.547
p:0.942, -0.243, -0.276, fr=0.011
p:0.945, 0.254, -1.632
j:0, 1, stif=0.987, rotstif=0.988
j:2, 1
n:j=0, d=|
",5.44120684040608e-07,feasible,20
15,0,13,"//0
p:0.598, -0.041, -1.156, fr=0.547
p:0.942, -0.243, -0.276, fr=0.011
p:0.945, 0.254, -1.632
j:0, 1, stif=0.987
j:2, 1
n:j=0, d=|
",5.44120684040608e-07,"//0
p:0.598, -0.041, -1.156, fr=0.547
p:0.942, -0.243, -0.276, fr=0.011
p:0.945, 0.254, -1.632
j:0, 1, stif=0.934
j:2, 1
n:j=0, d=|
",5.498129632832187e-07,feasible,20
15,0,13,"//0
p:0.598, -0.041, -1.156, fr=0.547
p:0.942, -0.243, -0.276, fr=0.011
p:0.945, 0.254, -1.632
j:0, 1, stif=0.987
j:2, 1
n:j=0, d=|
",5.44120684040608e-07,"//0
p:0.598, -0.041, -1.156, fr=0.547
p:0.942, -0.243, -0.276, fr=0.011
p:0.945, 0.254, -1.632
j:0, 1, stif=0.987
j:2, 1, stif=0.803
n:j=0, d=|
",4.1232152094077544e-07,feasible,20
15,0,13,"//0
p:0.598, -0.041, -1.156, fr=0.547
p:0.942, -0.243, -0.276, fr=0.011
p:0.945, 0.254, -1.632
j:0, 1, stif=0.987
j:2, 1
n:j=0, d=|
",5.44120684040608e-07,"//0
p:0.598, -0.041, -1.156, fr=0.547
p:0.942, -0.243, -0.276, fr=0.011
p:0.945, 0.254, -1.632
j:0, 1, stif=0.987
j:2, 1
n:j=0, d=|
n:j=0, d=|
",-999999.0,infeasible,20
15,0,13,"//0
p:0.598, -0.041, -1.156, fr=0.547
p:0.942, -0.243, -0.276, fr=0.011
p:0.945, 0.254, -1.632
j:0, 1, stif=0.987
j:2, 1
n:j=0, d=|
",5.44120684040608e-07,"//0
p:0.598, -0.041, -1.156, fr=0.547
p:0.942, -0.243, -0.276, fr=0.351
p:0.945, 0.254, -1.632
j:0, 1, stif=0.987
j:2, 1
n:j=0, d=|
",2.42861286636753e-20,feasible,20
15,0,14,"//0
p:0.598, -0.041, -1.156, fr=0.547
p:0.942, -0.243, -0.276, fr=0.011
p:0.945, 0.254, -1.632
p:0.939, -0.199, -0.194
j:0, 1, stif=0.987
j:2, 1
j:3, 1
n:j=0, d=|
",1.1483083722697528e-06,"//0
p:0.598, -0.041, -1.156, fr=0.547
p:0.942, -0.243, -0.276, fr=0.011
p:0.945, 0.254, -1.632
p:0.939, -0.199, -0.194
p:0.533, 0.114, 0.192
j:0, 1, stif=0.987
j:2, 1
j:3, 1
j:4, 1
n:j=0, d=|
",2.2298030815032498e-07,feasible,21
15,0,14,"//0
p:0.598, -0.041, -1.156, fr=0.547
p:0.942, -0.243, -0.276, fr=0.011
p:0.945, 0.254, -1.632
p:0.939, -0.199, -0.194
j:0, 1, stif=0.987
j:2, 1
j:3, 1
n:j=0, d=|
",1.1483083722697528e-06,"//0
p:0.598, -0.041, -1.156, fr=0.547
p:0.942, -0.243, -0.276, fr=0.011
p:0.945, 0.254, -1.632
j:0, 1, stif=0.987
j:2, 1
n:j=0, d=|
",5.44120684040608e-07,feasible,21
15,0,14,"//0
p:0.598, -0.041, -1.156, fr=0.547
p:0.942, -0.243, -0.276, fr=0.011
p:0.945, 0.254, -1.632
p:0.939, -0.199, -0.194
j:0, 1, stif=0.987
j:2, 1
j:3, 1
n:j=0, d=|
",1.1483083722697528e-06,"//0
p:0.598, -0.041, -1.156, fr=0.547
p:0.942, -0.243, -0.276, fr=0.011
p:0.945, 0.254, -1.632, ing=0.071
p:0.939, -0.199, -0.194
j:0, 1, stif=0.987
j:2, 1
j:3, 1
n:j=0, d=|
",1.1483083722697528e-06,feasible,21
15,0,14,"//0
p:0.598, -0.041, -1.156, fr=0.547
p:0.942, -0.243, -0.276, fr=0.011
p:0.945, 0.254, -1.632
p:0.939, -0.199, -0.194
j:0, 1, stif=0.987
j:2, 1
j:3, 1
n:j=0, d=|
",1.1483083722697528e-06,"//0
p:0.598, -0.041, -1.156, fr=0.547
p:0.942, -0.243, -0.276, fr=0.011
p:0.945, 0.254, -1.632, ing=0.204
p:0.939, -0.199, -0.194
j:0, 1, stif=0.987
j:2, 1
j:3, 1
n:j=0, d=|
",1.1483083722697528e-06,feasible,21
15,0,14,"//0
p:0.598, -0.041, -1.156, fr=0.547
p:0.942, -0.243, -0.276, fr=0.011
p:0.945, 0.254, -1.632
p:0.939, -0.199, -0.194
j:0, 1, stif=0.987
j:2, 1
j:3, 1
n:j=0, d=|
",1.1483083722697528e-06,"//0
p:0.598, -0.041, -1.156, fr=0.547
p:0.942, -0.243, -0.276, fr=0.011
p:0.945, 0.254, -1.632
p:0.939, -0.199, -0.194
j:0, 1, stif=0.987
j:3, 1
j:2, 1
n:j=0, d=|
",1.1450418415032476e-06,feasible,21
15,0,14,"//0
p:0.598, -0.041, -1.156, fr=0.547
p:0.942, -0.243, -0.276, fr=0.011
p:0.945, 0.254, -1.632
p:0.939, -0.199, -0.194
j:0, 1, stif=0.987
j:2, 1
j:3, 1
n:j=0, d=|
",1.1483083722697528e-06,"//0
p:0.598, -0.041, -1.156, fr=0.547
p:0.942, -0.243, -0.276, fr=0.011
p:0.945, 0.254, -1.632, fr=0.695
p:0.939, -0.199, -0.194
j:0, 1, stif=0.987
j:2, 1
j:3, 1
n:j=0, d=|
",1.0994670485602728e-06,feasible,21
15,0,14,"//0
p:0.598, -0.041, -1.156, fr=0.547
p:0.942, -0.243, -0.276, fr=0.011
p:0.945, 0.254, -1.632
p:0.939, -0.199, -0.194
j:0, 1, stif=0.987
j:2, 1
j:3, 1
n:j=0, d=|
",1.1483083722697528e-06,"//0
p:0.598, -0.041, -1.156, fr=0.547
p:0.942, -0.243, -0.276, fr=0.496
p:0.945, 0.254, -1.632
p:0.939, -0.199, -0.194
j:0, 1, stif=0.987
j:2, 1
j:3, 1
n:j=0, d=|
",2.652704161341174e-08,feasible,21
15,0,14,"//0
p:0.598, -0.041, -1.156, fr=0.547
p:0.942, -0.243, -0.276, fr=0.011
p:0.945, 0.254, -1.632
p:0.939, -0.199, -0.194
j:0, 1, stif=0.987
j:2, 1
j:3, 1
n:j=0, d=|
",1.1483083722697528e-06,"//0
p:0.598, -0.041, -1.156, fr=0.547
p:0.942, -0.243, -0.276, fr=0.011
p:0.945, 0.254, -1.632
p:0.939, -0.199, -0.194, ing=0.185
j:0, 1, stif=0.987
j:2, 1
j:3, 1
n:j=0, d=|
",1.1483083722697528e-06,feasible,21
15,0,14,"//0
p:0.598, -0.041, -1.156, fr=0.547
p:0.942, -0.243, -0.276, fr=0.011
p:0.945, 0.254, -1.632
p:0.939, -0.199, -0.194
j:0, 1, stif=0.987
j:2, 1
j:3, 1
n:j=0, d=|
",1.1483083722697528e-06,"//0
p:0.598, -0.041, -1.156, fr=0.547
p:0.942, -0.243, -0.276, fr=0.011
p:0.945, 0.254, -1.632, ing=0.067
p:0.939, -0.199, -0.194
j:0, 1, stif=0.987
j:2, 1
j:3, 1
n:j=0, d=|
",1.1483083722697528e-06,feasible,21
15,0,14,"//0
p:0.598, -0.041, -1.156, fr=0.547
p:0.942, -0.243, -0.276, fr=0.011
p:0.945, 0.254, -1.632
p:0.939, -0.199, -0.194
j:0, 1, stif=0.987
j:2, 1
j:3, 1
n:j=0, d=|
",1.1483083722697528e-06,"//0
p:0.598, -0.041, -1.156, fr=0.547
p:0.942, -0.243, -0.276, fr=0.011, ing=0.329
p:0.945, 0.254, -1.632
p:0.939, -0.199, -0.194
j:0, 1, stif=0.987
j:2, 1
j:3, 1
n:j=0, d=|
",1.1483083722697528e-06,feasible,21
15,0,14,"//0
p:0.598, -0.041, -1.156, fr=0.547
p:0.942, -0.243, -0.276, fr=0.011
p:0.945, 0.254, -1.632
p:0.939, -0.199, -0.194
j:0, 1, stif=0.987
j:2, 1
j:3, 1
n:j=0, d=|
",1.1483083722697528e-06,"//0
p:0.598, -0.041, -1.156, fr=0.547
p:0.942, -0.243, -0.276, fr=0.011
p:0.945, 0.254, -1.632, ing=0.335
p:0.939, -0.199, -0.194
j:0, 1, stif=0.987
j:2, 1
j:3, 1
n:j=0, d=|
",1.1483083722697528e-06,feasible,21
15,0,14,"//0
p:0.598, -0.041, -1.156, fr=0.547
p:0.942, -0.243, -0.276, fr=0.011
p:0.945, 0.254, -1.632
p:0.939, -0.199, -0.194
j:0, 1, stif=0.987
j:2, 1
j:3, 1
n:j=0, d=|
",1.1483083722697528e-06,"//0
p:0.598, -0.041, -1.156, fr=1.289
p:0.942, -0.243, -0.276, fr=0.011
p:0.945, 0.254, -1.632
p:0.939, -0.199, -0.194
j:0, 1, stif=0.987
j:2, 1
j:3, 1
n:j=0, d=|
",1.3076238202545076e-06,feasible,21
15,0,14,"//0
p:0.598, -0.041, -1.156, fr=0.547
p:0.942, -0.243, -0.276, fr=0.011
p:0.945, 0.254, -1.632
p:0.939, -0.199, -0.194
j:0, 1, stif=0.987
j:2, 1
j:3, 1
n:j=0, d=|
",1.1483083722697528e-06,"//0
p:0.598, -0.041, -1.156, fr=0.547
p:0.942, -0.243, -0.276, fr=0.011
p:0.945, 0.254, -1.632, ing=0.356
p:0.939, -0.199, -0.194
j:0, 1, stif=0.987
j:2, 1
j:3, 1
n:j=0, d=|
",1.1483083722697528e-06,feasible,21
15,0,14,"//0
p:0.598, -0.041, -1.156, fr=0.547
p:0.942, -0.243, -0.276, fr=0.011
p:0.945, 0.254, -1.632
p:0.939, -0.199, -0.194
j:0, 1, stif=0.987
j:2, 1
j:3, 1
n:j=0, d=|
",1.1483083722697528e-06,"//0
p:0.598, -0.041, -1.156, fr=0.547
p:0.942, -0.243, -0.276, fr=0.011
p:0.945, 0.254, -1.632
p:0.939, -0.199, -0.194
j:0, 1, stif=0.987
j:2, 1
j:3, 1
n:j=0, d=|:p=0.362
",1.1626328957679094e-06,feasible,21
15,0,14,"//0
p:0.598, -0.041, -1.156, fr=0.547
p:0.942, -0.243, -0.276, fr=0.011
p:0.945, 0.254, -1.632
p:0.939, -0.199, -0.194
j:0, 1, stif=0.987
j:2, 1
j:3, 1
n:j=0, d=|
",1.1483083722697528e-06,"//0
p:0.598, -0.041, -1.156, fr=0.547
p:0.942, -0.243, -0.276, fr=0.011
p:0.945, 0.254, -1.632
p:0.939, -0.199, -0.194
j:2, 1, stif=0.987
j:0, 1
j:3, 1
n:j=0, d=|
",1.1361209993966745e-06,feasible,21
15,0,14,"//0
p:0.598, -0.041, -1.156, fr=0.547
p:0.942, -0.243, -0.276, fr=0.011
p:0.945, 0.254, -1.632
p:0.939, -0.199, -0.194
j:0, 1, stif=0.987
j:2, 1
j:3, 1
n:j=0, d=|
",1.1483083722697528e-06,"//0
p:0.598, -0.041, -1.156, fr=0.547
p:0.942, -0.243, -0.276, fr=0.011
p:0.945, 0.254, -1.632
p:0.939, -0.199, -0.194
j:0, 1, stif=0.987
j:2, 1
j:3, 1
j:2, 3
n:j=0, d=|
",7.367469849699724e-07,feasible,21
15,0,14,"//0
p:0.598, -0.041, -1.156, fr=0.547
p:0.942, -0.243, -0.276, fr=0.011
p:0.945, 0.254, -1.632
p:0.939, -0.199, -0.194
j:0, 1, stif=0.987
j:2, 1
j:3, 1
n:j=0, d=|
",1.1483083722697528e-06,"//0
p:0.598, -0.041, -1.156, fr=0.547
p:0.942, -0.243, -0.276, fr=0.011
p:0.945, 0.254, -1.632
p:0.939, -0.199, -0.194
j:3, 1, stif=0.987
j:2, 1
j:0, 1
n:j=0, d=|
",9.001542302401456e-07,feasible,21
15,0,14,"//0
p:0.598, -0.041, -1.156, fr=0.547
p:0.942, -0.243, -0.276, fr=0.011
p:0.945, 0.254, -1.632
p:0.939, -0.199, -0.194
j:0, 1, stif=0.987
j:2, 1
j:3, 1
n:j=0, d=|
",1.1483083722697528e-06,"//0
p:0.598, -0.041, -1.156, fr=0.798
p:0.942, -0.243, -0.276, fr=0.011
p:0.945, 0.254, -1.632
p:0.939, -0.199, -0.194
j:0, 1, stif=0.987
j:2, 1
j:3, 1
n:j=0, d=|
",1.3039055507185456e-06,feasible,21
15,0,14,"//0
p:0.598, -0.041, -1.156, fr=0.547
p:0.942, -0.243, -0.276, fr=0.011
p:0.945, 0.254, -1.632
p:0.939, -0.199, -0.194
j:0, 1, stif=0.987
j:2, 1
j:3, 1
n:j=0, d=|
",1.1483083722697528e-06,"//0
p:0.598, -0.041, -1.156, fr=0.547
p:0.942, -0.243, -0.276, fr=0.011
p:0.945, 0.254, -1.632
p:0.939, -0.199, -0.194
j:0, 1, stif=0.987
j:2, 1
j:3, 1
n:j=0, d=|
n:
c:1, 1, 1.717
",1.1483083722697528e-06,feasible,21
15,0,14,"//0
p:0.598, -0.041, -1.156, fr=0.547
p:0.942, -0.243, -0.276, fr=0.011
p:0.945, 0.254, -1.632
p:0.939, -0.199, -0.194
j:0, 1, stif=0.987
j:2, 1
j:3, 1
n:j=0, d=|
",1.1483083722697528e-06,"//0
p:0.598, -0.041, -1.156, fr=0.547
p:0.942, -0.243, -0.276, fr=0.011
p:0.945, 0.254, -1.632
p:0.939, -0.199, -0.194
j:0, 1, stif=0.987
j:2, 1, rotstif=0.98
j:3, 1
n:j=0, d=|
",1.1483083722697528e-06,feasible,21
15,0,15,"//0
p:0.598, -0.041, -1.156, fr=0.547
p:0.942, -0.243, -0.276, fr=0.011
p:0.945, 0.254, -1.632
p:0.939, -0.199, -0.194
j:0, 1, stif=0.987
j:2, 1
j:3, 1
n:j=0, d=|
n:j=2, d=|
",1.214477978386786e-06,"//0
p:0.598, -0.041, -1.156, fr=0.547
p:0.942, -0.243, -0.276, fr=0.011
p:0.945, 0.254, -1.632
p:0.939, -0.199, -0.194
j:0, 1, stif=0.987
j:2, 1
j:3, 1
j:0, 2
n:j=0, d=|
n:j=2, d=|
",3.4168668778508375e-07,feasible,23
15,0,15,"//0
p:0.598, -0.041, -1.156, fr=0.547
p:0.942, -0.243, -0.276, fr=0.011
p:0.945, 0.254, -1.632
p:0.939, -0.199, -0.194
j:0, 1, stif=0.987
j:2, 1
j:3, 1
n:j=0, d=|
n:j=2, d=|
",1.214477978386786e-06,"//0
p:0.598, -0.041, -1.156, fr=0.547
p:0.942, -0.243, -0.276, fr=0.011
p:0.945, 0.254, -1.632
p:0.939, -0.199, -0.194
j:0, 1, stif=0.987
j:2, 1
j:3, 1
n:j=0, d=|
n:j=2, d=|:p=0.135
",1.214477978386786e-06,feasible,23
15,0,15,"//0
p:0.598, -0.041, -1.156, fr=0.547
p:0.942, -0.243, -0.276, fr=0.011
p:0.945, 0.254, -1.632
p:0.939, -0.199, -0.194
j:0, 1, stif=0.987
j:2, 1
j:3, 1
n:j=0, d=|
n:j=2, d=|
",1.214477978386786e-06,"//0
p:0.598, -0.041, -1.156, fr=0.547
p:0.942, -0.243, -0.276, fr=0.011
p:0.945, 0.254, -1.632
p:0.939, -0.199, -0.194
j:0, 1, stif=0.987
j:2, 1
j:3, 1
n:j=0, d=|:p=0.194
n:j=2, d=|
",1.214477978386786e-06,feasible,23
15,0,15,"//0
p:0.598, -0.041, -1.156, fr=0.547
p:0.942, -0.243, -0.276, fr=0.011
p:0.945, 0.254, -1.632
p:0.939, -0.199, -0.194
j:0, 1, stif=0.987
j:2, 1
j:3, 1
n:j=0, d=|
n:j=2, d=|
",1.214477978386786e-06,"//0
p:0.598, -0.041, -1.156, fr=0.547
p:0.942, -0.243, -0.276, fr=0.011
p:0.945, 0.254, -1.632
p:0.939, -0.199, -0.194
j:0, 1, stif=0.987
j:2, 1
j:3, 1
n:j=0, d=|
n:j=2, d=|:p=0.232
",1.214477978386786e-06,feasible,23
15,0,15,"//0
p:0.598, -0.041, -1.156, fr=0.547
p:0.942, -0.243, -0.276, fr=0.011
p:0.945, 0.254, -1.632
p:0.939, -0.199, -0.194
j:0, 1, stif=0.987
j:2, 1
j:3, 1
n:j=0, d=|
n:j=2, d=|
",1.214477978386786e-06,"//0
p:0.598, -0.041, -1.156, fr=0.547
p:0.942, -0.243, -0.276, fr=0.011
p:0.945, 0.254, -1.632
p:0.939, -0.199, -0.194
j:0, 1, stif=0.987
j:2, 1
j:3, 1
j:3, 2
n:j=0, d=|
n:j=2, d=|
",3.601925115909391e-07,feasible,23
15,0,15,"//0
p:0.598, -0.041, -1.156, fr=0.547
p:0.942, -0.243, -0.276, fr=0.011
p:0.945, 0.254, -1.632
p:0.939, -0.199, -0.194
j:0, 1, stif=0.987
j:2, 1
j:3, 1
n:j=0, d=|
n:j=2, d=|
",1.214477978386786e-06,"//0
p:0.598, -0.041, -1.156, fr=0.547
p:0.942, -0.243, -0.276, fr=0.011
p:0.945, 0.254, -1.632
p:0.939, -0.199, -0.194
j:0, 1, stif=0.987
j:2, 1
j:3, 1
n:j=0, d=|
n:j=2, d=|:p=0.268
",1.1448930233323436e-06,feasible,23
15,0,15,"//0
p:0.598, -0.041, -1.156, fr=0.547
p:0.942, -0.243, -0.276, fr=0.011
p:0.945, 0.254, -1.632
p:0.939, -0.199, -0.194
j:0, 1, stif=0.987
j:2, 1
j:3, 1
n:j=0, d=|
n:j=2, d=|
",1.214477978386786e-06,"//0
p:0.598, -0.041, -1.156, fr=0.547
p:0.942, -0.243, -0.276, fr=0.011
p:0.945, 0.254, -1.632
p:0.939, -0.199, -0.194
j:0, 1, stif=0.987
j:2, 1
j:3, 1
n:j=0, d=|
",1.1483083722697528e-06,feasible,23
15,0,15,"//0
p:0.598, -0.041, -1.156, fr=0.547
p:0.942, -0.243, -0.276, fr=0.011
p:0.945, 0.254, -1.632
p:0.939, -0.199, -0.194
j:0, 1, stif=0.987
j:2, 1
j:3, 1
n:j=0, d=|
n:j=2, d=|
",1.214477978386786e-06,"//0
p:0.598, -0.041, -1.156, fr=0.547
p:0.942, -0.243, -0.276, fr=0.011
p:0.945, 0.254, -1.632
p:0.939, -0.199, -0.194
j:0, 2, stif=0.987
j:1, 2
j:3, 2
n:j=0, d=|
n:j=2, d=|
",5.506445639315705e-07,feasible,23
15,0,15,"//0
p:0.598, -0.041, -1.156, fr=0.547
p:0.942, -0.243, -0.276, fr=0.011
p:0.945, 0.254, -1.632
p:0.939, -0.199, -0.194
j:0, 1, stif=0.987
j:2, 1
j:3, 1
n:j=0, d=|
n:j=2, d=|
",1.214477978386786e-06,"//0
p:0.598, -0.041, -1.156, fr=0.785
p:0.942, -0.243, -0.276, fr=0.011
p:0.945, 0.254, -1.632
p:0.939, -0.199, -0.194
j:0, 1, stif=0.987
j:2, 1
j:3, 1
n:j=0, d=|
n:j=2, d=|
",1.2990119545147565e-06,feasible,23
15,0,15,"//0
p:0.598, -0.041, -1.156, fr=0.547
p:0.942, -0.243, -0.276, fr=0.011
p:0.945, 0.254, -1.632
p:0.939, -0.199, -0.194
j:0, 1, stif=0.987
j:2, 1
j:3, 1
n:j=0, d=|
n:j=2, d=|
",1.214477978386786e-06,"//0
p:0.598, -0.041, -1.156, fr=0.547
p:0.942, -0.243, -0.276, fr=0.011
p:0.945, 0.254, -1.632
p:0.939, -0.199, -0.194
j:0, 1, stif=0.987
j:2, 1
j:3, 1
j:2, 3
n:j=0, d=|
n:j=2, d=|
",7.316071057880718e-07,feasible,23
15,0,15,"//0
p:0.598, -0.041, -1.156, fr=0.547
p:0.942, -0.243, -0.276, fr=0.011
p:0.945, 0.254, -1.632
p:0.939, -0.199, -0.194
j:0, 1, stif=0.987
j:2, 1
j:3, 1
n:j=0, d=|
n:j=2, d=|
",1.214477978386786e-06,"//0
p:0.598, -0.041, -1.156, fr=0.547
p:0.942, -0.243, -0.276, fr=0.011
p:0.945, 0.254, -1.632
p:0.939, -0.199, -0.194
j:0, 1, stif=0.979
j:2, 1
j:3, 1
n:j=0, d=|
n:j=2, d=|
",1.121580380425654e-06,feasible,23
15,0,15,"//0
p:0.598, -0.041, -1.156, fr=0.547
p:0.942, -0.243, -0.276, fr=0.011
p:0.945, 0.254, -1.632
p:0.939, -0.199, -0.194
j:0, 1, stif=0.987
j:2, 1
j:3, 1
n:j=0, d=|
n:j=2, d=|
",1.214477978386786e-06,"//0
p:0.598, -0.041, -1.156, fr=0.547
p:0.942, -0.243, -0.276, fr=0.011
p:0.945, 0.254, -1.632
p:0.939, -0.199, -0.194
j:0, 1, stif=0.987, rotstif=0.928
j:2, 1
j:3, 1
n:j=0, d=|
n:j=2, d=|
",1.214477978386786e-06,feasible,23
15,0,15,"//0
p:0.598, -0.041, -1.156, fr=0.547
p:0.942, -0.243, -0.276, fr=0.011
p:0.945, 0.254, -1.632
p:0.939, -0.199, -0.194
j:0, 1, stif=0.987
j:2, 1
j:3, 1
n:j=0, d=|
n:j=2, d=|
",1.214477978386786e-06,"//0
p:0.598, -0.041, -1.156, fr=0.547
p:0.942, -0.243, -0.276, fr=0.011
p:0.945, 0.254, -1.632
p:0.939, -0.199, -0.194, fr=0.131
j:0, 1, stif=0.987
j:2, 1
j:3, 1
n:j=0, d=|
n:j=2, d=|
",1.1179497610501366e-06,feasible,23
15,0,15,"//0
p:0.598, -0.041, -1.156, fr=0.547
p:0.942, -0.243, -0.276, fr=0.011
p:0.945, 0.254, -1.632
p:0.939, -0.199, -0.194
j:0, 1, stif=0.987
j:2, 1
j:3, 1
n:j=0, d=|
n:j=2, d=|
",1.214477978386786e-06,"//0
p:0.598, -0.041, -1.156, fr=0.547
p:0.942, -0.243, -0.276, fr=0.011
p:0.945, 0.254, -1.632
p:0.939, -0.199, -0.194
j:0, 1, stif=0.987
j:2, 1
j:3, 1
n:j=0, d=|
n:j=2, d=|
n:p=1, d=S
c:1, 2, -0.429
",1.214477978386786e-06,feasible,23
15,0,15,"//0
p:0.598, -0.041, -1.156, fr=0.547
p:0.942, -0.243, -0.276, fr=0.011
p:0.945, 0.254, -1.632
p:0.939, -0.199, -0.194
j:0, 1, stif=0.987
j:2, 1
j:3, 1
n:j=0, d=|
n:j=2, d=|
",1.214477978386786e-06,"//0
p:0.598, -0.041, -1.156, fr=0.547, ing=0.403
p:0.942, -0.243, -0.276, fr=0.011
p:0.945, 0.254, -1.632
p:0.939, -0.199, -0.194
j:0, 1, stif=0.987
j:2, 1
j:3, 1
n:j=0, d=|
n:j=2, d=|
",1.214477978386786e-06,feasible,23
15,0,15,"//0
p:0.598, -0.041, -1.156, fr=0.547
p:0.942, -0.243, -0.276, fr=0.011
p:0.945, 0.254, -1.632
p:0.939, -0.199, -0.194
j:0, 1, stif=0.987
j:2, 1
j:3, 1
n:j=0, d=|
n:j=2, d=|
",1.214477978386786e-06,"//0
p:0.598, -0.041, -1.156, fr=0.547
p:0.942, -0.243, -0.276, fr=0.011
p:0.945, 0.254, -1.632
p:0.939, -0.199, -0.194
j:0, 1, stif=0.987
j:2, 1, rotstif=0.931
j:3, 1
n:j=0, d=|
n:j=2, d=|
",1.214477978386786e-06,feasible,23
15,0,15,"//0
p:0.598, -0.041, -1.156, fr=0.547
p:0.942, -0.243, -0.276, fr=0.011
p:0.945, 0.254, -1.632
p:0.939, -0.199, -0.194
j:0, 1, stif=0.987
j:2, 1
j:3, 1
n:j=0, d=|
n:j=2, d=|
",1.214477978386786e-06,"//0
p:0.598, -0.041, -1.156, fr=0.547
p:0.942, -0.243, -0.276, fr=0.011
p:0.945, 0.254, -1.632
p:0.939, -0.199, -0.194
j:0, 1, stif=0.987
j:2, 1
j:3, 1
n:j=0, d=|
n:j=2, d=|:p=0.073
",1.214477978386786e-06,feasible,23
15,0,15,"//0
p:0.598, -0.041, -1.156, fr=0.547
p:0.942, -0.243, -0.276, fr=0.011
p:0.945, 0.254, -1.632
p:0.939, -0.199, -0.194
j:0, 1, stif=0.987
j:2, 1
j:3, 1
n:j=0, d=|
n:j=2, d=|
",1.214477978386786e-06,"//0
p:0.598, -0.041, -1.156, fr=0.547
p:0.942, -0.243, -0.276, fr=0.011
p:0.945, 0.254, -1.632
p:0.939, -0.199, -0.194
j:0, 1, stif=0.987
j:2, 1
j:3, 1
n:j=0, d=|:r=0.852
n:j=2, d=|
",1.214477978386786e-06,feasible,23
15,0,15,"//0
p:0.598, -0.041, -1.156, fr=0.547
p:0.942, -0.243, -0.276, fr=0.011
p:0.945, 0.254, -1.632
p:0.939, -0.199, -0.194
j:0, 1, stif=0.987
j:2, 1
j:3, 1
n:j=0, d=|
n:j=2, d=|
",1.214477978386786e-06,"//0
p:0.598, -0.041, -1.156, fr=0.547
p:0.942, -0.243, -0.276, fr=0.011
p:0.945, 0.254, -1.632
p:0.939, -0.199, -0.194
j:0, 1, stif=0.987
j:2, 1, stif=0.944
j:3, 1
n:j=0, d=|
n:j=2, d=|
",1.3262237582348756e-06,feasible,23
15,0,15,"//0
p:0.598, -0.041, -1.156, fr=0.547
p:0.942, -0.243, -0.276, fr=0.011
p:0.945, 0.254, -1.632
p:0.939, -0.199, -0.194
j:0, 1, stif=0.987
j:2, 1
j:3, 1
n:j=0, d=|
n:j=2, d=|
",1.214477978386786e-06,"//0
p:0.598, -0.041, -1.156, fr=0.547
p:0.942, -0.243, -0.276, fr=0.011
p:0.945, 0.254, -1.632
p:0.939, -0.199, -0.194
p:1.089, -0.464, -0.225
j:0, 1, stif=0.987
j:2, 1
j:3, 1
j:4, 1
n:j=0, d=|
n:j=2, d=|
",2.0052731185348305e-07,feasible,23
15,0,16,"//0
p:0.598, -0.041, -1.156, fr=0.547
p:0.942, -0.243, -0.276, fr=0.011
p:0.945, 0.254, -1.632
p:0.939, -0.199, -0.194
j:0, 1, stif=0.79
j:2, 1
j:3, 1
n:j=0, d=|
n:j=2, d=|
",1.2873755954058391e-06,"//0
p:0.598, -0.041, -1.156, fr=0.547
p:0.942, -0.243, -0.276, fr=0.011
p:0.945, 0.254, -1.632, ing=0.285
p:0.939, -0.199, -0.194
j:0, 1, stif=0.79
j:2, 1
j:3, 1
n:j=0, d=|
n:j=2, d=|
",1.2873755954058391e-06,feasible,20
15,0,16,"//0
p:0.598, -0.041, -1.156, fr=0.547
p:0.942, -0.243, -0.276, fr=0.011
p:0.945, 0.254, -1.632
p:0.939, -0.199, -0.194
j:0, 1, stif=0.79
j:2, 1
j:3, 1
n:j=0, d=|
n:j=2, d=|
",1.2873755954058391e-06,"//0
p:0.598, -0.041, -1.156, fr=0.547
p:0.942, -0.243, -0.276, fr=0.011
p:0.945, 0.254, -1.632
p:0.939, -0.199, -0.194
p:0.807, 0.132, -0.02
j:0, 1, stif=0.79
j:2, 1
j:3, 1
j:4, 3
n:j=0, d=|
n:j=2, d=|
",5.156101910494154e-08,feasible,20
15,0,16,"//0
p:0.598, -0.041, -1.156, fr=0.547
p:0.942, -0.243, -0.276, fr=0.011
p:0.945, 0.254, -1.632
p:0.939, -0.199, -0.194
j:0, 1, stif=0.79
j:2, 1
j:3, 1
n:j=0, d=|
n:j=2, d=|
",1.2873755954058391e-06,"//0
p:0.598, -0.041, -1.156, fr=0.547
p:0.942, -0.243, -0.276, fr=0.011
p:0.945, 0.254, -1.632
p:0.939, -0.199, -0.194
p:0.941, -0.207, -0.203
j:0, 1, stif=0.79
j:2, 1
j:3, 1
j:4, 3
n:j=0, d=|
n:j=2, d=|
",2.547903034257204e-07,feasible,20
15,0,16,"//0
p:0.598, -0.041, -1.156, fr=0.547
p:0.942, -0.243, -0.276, fr=0.011
p:0.945, 0.254, -1.632
p:0.939, -0.199, -0.194
j:0, 1, stif=0.79
j:2, 1
j:3, 1
n:j=0, d=|
n:j=2, d=|
",1.2873755954058391e-06,"//0
p:0.598, -0.041, -1.156, fr=0.547
p:0.942, -0.243, -0.276, fr=0.011
p:0.945, 0.254, -1.632
p:0.939, -0.199, -0.194
j:0, 1, stif=0.79
j:2, 1
j:3, 1
n:j=0, d=|:p=0.227
n:j=2, d=|
",1.2873755954058391e-06,feasible,20
15,0,16,"//0
p:0.598, -0.041, -1.156, fr=0.547
p:0.942, -0.243, -0.276, fr=0.011
p:0.945, 0.254, -1.632
p:0.939, -0.199, -0.194
j:0, 1, stif=0.79
j:2, 1
j:3, 1
n:j=0, d=|
n:j=2, d=|
",1.2873755954058391e-06,"//0
p:0.175, 0.497, -1.326, fr=0.547
p:0.942, -0.243, -0.276, fr=0.011
p:0.945, 0.254, -1.632
p:0.939, -0.199, -0.194
j:0, 1, stif=0.79
j:2, 1
j:3, 1
n:j=0, d=|
n:j=2, d=|
",1.5744711078035e-07,feasible,20
15,0,16,"//0
p:0.598, -0.041, -1.156, fr=0.547
p:0.942, -0.243, -0.276, fr=0.011
p:0.945, 0.254, -1.632
p:0.939, -0.199, -0.194
j:0, 1, stif=0.79
j:2, 1
j:3, 1
n:j=0, d=|
n:j=2, d=|
",1.2873755954058391e-06,"//0
p:0.598, -0.041, -1.156, fr=0.547
p:0.942, -0.243, -0.276, fr=0.011
p:0.945, 0.254, -1.632
p:0.939, -0.199, -0.194
j:0, 1, stif=0.79
j:2, 1
j:3, 1, rotstif=0.957
n:j=0, d=|
n:j=2, d=|
",1.2873755954058391e-06,feasible,20
15,0,16,"//0
p:0.598, -0.041, -1.156, fr=0.547
p:0.942, -0.243, -0.276, fr=0.011
p:0.945, 0.254, -1.632
p:0.939, -0.199, -0.194
j:0, 1, stif=0.79
j:2, 1
j:3, 1
n:j=0, d=|
n:j=2, d=|
",1.2873755954058391e-06,"//0
p:0.598, -0.041, -1.156, fr=0.547
p:0.942, -0.243, -0.276, fr=0.011
p:0.945, 0.254, -1.632
p:1.603, -0.11, 0.058
j:0, 1, stif=0.79
j:2, 1
j:3, 1
n:j=0, d=|
n:j=2, d=|
",4.222447259572579e-08,feasible,20
15,0,16,"//0
p:0.598, -0.041, -1.156, fr=0.547
p:0.942, -0.243, -0.276, fr=0.011
p:0.945, 0.254, -1.632
p:0.939, -0.199, -0.194
j:0, 1, stif=0.79
j:2, 1
j:3, 1
n:j=0, d=|
n:j=2, d=|
",1.2873755954058391e-06,"//0
p:0.598, -0.041, -1.156, fr=0.547
p:0.942, -0.243, -0.276, fr=0.011
p:0.945, 0.254, -1.632
p:0.939, -0.199, -0.194, ing=0.336
j:0, 1, stif=0.79
j:2, 1
j:3, 1
n:j=0, d=|
n:j=2, d=|
",1.2873755954058391e-06,feasible,20
15,0,16,"//0
p:0.598, -0.041, -1.156, fr=0.547
p:0.942, -0.243, -0.276, fr=0.011
p:0.945, 0.254, -1.632
p:0.939, -0.199, -0.194
j:0, 1, stif=0.79
j:2, 1
j:3, 1
n:j=0, d=|
n:j=2, d=|
",1.2873755954058391e-06,"//0
p:0.598, -0.041, -1.156, fr=0.547
p:0.942, -0.243, -0.276, fr=0.011
p:0.945, 0.254, -1.632
p:0.939, -0.199, -0.194
j:0, 1, stif=0.79
j:3, 1
j:2, 1
n:j=0, d=|
n:j=2, d=|
",1.169639390868805e-06,feasible,20
15,0,16,"//0
p:0.598, -0.041, -1.156, fr=0.547
p:0.942, -0.243, -0.276, fr=0.011
p:0.945, 0.254, -1.632
p:0.939, -0.199, -0.194
j:0, 1, stif=0.79
j:2, 1
j:3, 1
n:j=0, d=|
n:j=2, d=|
",1.2873755954058391e-06,"//0
p:0.598, -0.041, -1.156, fr=0.547
p:0.942, -0.243, -0.276, fr=0.011
p:0.945, 0.254, -1.632
p:0.939, -0.199, -0.194
j:0, 1, stif=0.79
j:2, 1, rotstif=0.908
j:3, 1
n:j=0, d=|
n:j=2, d=|
",1.2873755954058391e-06,feasible,20
15,0,16,"//0
p:0.598, -0.041, -1.156, fr=0.547
p:0.942, -0.243, -0.276, fr=0.011
p:0.945, 0.254, -1.632
p:0.939, -0.199, -0.194
j:0, 1, stif=0.79
j:2, 1
j:3, 1
n:j=0, d=|
n:j=2, d=|
",1.2873755954058391e-06,"//0
p:0.598, -0.041, -1.156, fr=0.547
p:0.942, -0.243, -0.276, fr=0.011
p:0.945, 0.254, -1.632
p:0.939, -0.199, -0.194
p:0.657, -1.806, 0.427
j:0, 1, stif=0.79
j:2, 1
j:3, 1
j:4, 1
n:j=0, d=|
n:j=2, d=|
",4.0457425365218265e-07,feasible,20
15,0,16,"//0
p:0.598, -0.041, -1.156, fr=0.547
p:0.942, -0.243, -0.276, fr=0.011
p:0.945, 0.254, -1.632
p:0.939, -0.199, -0.194
j:0, 1, stif=0.79
j:2, 1
j:3, 1
n:j=0, d=|
n:j=2, d=|
",1.2873755954058391e-06,"//0
p:0.598, -0.041, -1.156, fr=0.547
p:0.942, -0.243, -0.276, fr=0.011
p:0.945, 0.254, -1.632
p:0.939, -0.199, -0.194
j:0, 1, stif=0.79
j:2, 1
j:3, 1, stif=0.915
n:j=0, d=|
n:j=2, d=|
",1.122878646599898e-06,feasible,20
15,0,16,"//0
p:0.598, -0.041, -1.156, fr=0.547
p:0.942, -0.243, -0.276, fr=0.011
p:0.945, 0.254, -1.632
p:0.939, -0.199, -0.194
j:0, 1, stif=0.79
j:2, 1
j:3, 1
n:j=0, d=|
n:j=2, d=|
",1.2873755954058391e-06,"//0
p:0.598, -0.041, -1.156, fr=0.547
p:0.942, -0.243, -0.276, fr=0.011
p:0.945, 0.254, -1.632
p:0.939, -0.199, -0.194
j:0, 1, stif=0.79
j:2, 1
j:3, 1
n:j=0, d=|
n:j=2, d=|:r=0.929
",1.2873755954058391e-06,feasible,20
15,0,16,"//0
p:0.598, -0.041, -1.156, fr=0.547
p:0.942, -0.243, -0.276, fr=0.011
p:0.945, 0.254, -1.632
p:0.939, -0.199, -0.194
j:0, 1, stif=0.79
j:2, 1
j:3, 1
n:j=0, d=|
n:j=2, d=|
",1.2873755954058391e-06,"//0
p:0.598, -0.041, -1.156, fr=0.547
p:0.942, -0.243, -0.276, fr=0.011
p:0.966, 0.139, -1.596
p:0.939, -0.199, -0.194
j:0, 1, stif=0.79
j:2, 1
j:3, 1
n:j=0, d=|
n:j=2, d=|
",8.522522041934841e-07,feasible,20
15,0,16,"//0
p:0.598, -0.041, -1.156, fr=0.547
p:0.942, -0.243, -0.276, fr=0.011
p:0.945, 0.254, -1.632
p:0.939, -0.199, -0.194
j:0, 1, stif=0.79
j:2, 1
j:3, 1
n:j=0, d=|
n:j=2, d=|
",1.2873755954058391e-06,"//0
p:0.598, -0.041, -1.156, fr=0.547
p:0.942, -0.243, -0.276, fr=0.011
p:0.945, 0.254, -1.632
p:0.939, -0.199, -0.194
j:0, 1, stif=0.79
j:2, 1, stif=0.734
j:3, 1
n:j=0, d=|
n:j=2, d=|
",1.2878593968082694e-06,feasible,20
15,0,16,"//0
p:0.598, -0.041, -1.156, fr=0.547
p:0.942, -0.243, -0.276, fr=0.011
p:0.945, 0.254, -1.632
p:0.939, -0.199, -0.194
j:0, 1, stif=0.79
j:2, 1
j:3, 1
n:j=0, d=|
n:j=2, d=|
",1.2873755954058391e-06,"//0
p:0.598, -0.041, -1.156, fr=0.547
p:0.942, -0.243, -0.276, fr=0.011
p:0.945, 0.254, -1.632, fr=0.028
p:0.939, -0.199, -0.194
j:0, 1, stif=0.79
j:2, 1
j:3, 1
n:j=0, d=|
n:j=2, d=|
",4.55844836173591e-07,feasible,20
15,0,16,"//0
p:0.598, -0.041, -1.156, fr=0.547
p:0.942, -0.243, -0.276, fr=0.011
p:0.945, 0.254, -1.632
p:0.939, -0.199, -0.194
j:0, 1, stif=0.79
j:2, 1
j:3, 1
n:j=0, d=|
n:j=2, d=|
",1.2873755954058391e-06,"//0
p:0.598, -0.041, -1.156, fr=0.547
p:0.942, -0.243, -0.276, fr=0.011
p:0.945, 0.254, -1.632
p:0.939, -0.199, -0.194
j:0, 1, stif=0.79
j:2, 1
j:3, 1
n:j=2, d=|
",4.305819881726746e-07,feasible,20
15,0,16,"//0
p:0.598, -0.041, -1.156, fr=0.547
p:0.942, -0.243, -0.276, fr=0.011
p:0.945, 0.254, -1.632
p:0.939, -0.199, -0.194
j:0, 1, stif=0.79
j:2, 1
j:3, 1
n:j=0, d=|
n:j=2, d=|
",1.2873755954058391e-06,"//0
p:0.598, -0.041, -1.156, fr=0.547
p:0.942, -0.243, -0.276, fr=0.011
p:0.989, 0.381, -1.804
p:0.939, -0.199, -0.194
j:0, 1, stif=0.79
j:2, 1
j:3, 1
n:j=0, d=|
n:j=2, d=|
",1.2771488122325172e-06,feasible,20
15,0,16,"//0
p:0.598, -0.041, -1.156, fr=0.547
p:0.942, -0.243, -0.276, fr=0.011
p:0.945, 0.254, -1.632
p:0.939, -0.199, -0.194
j:0, 1, stif=0.79
j:2, 1
j:3, 1
n:j=0, d=|
n:j=2, d=|
",1.2873755954058391e-06,"//0
p:0.598, -0.041, -1.156, fr=0.547
p:0.942, -0.243, -0.276, fr=0.011
p:0.945, 0.254, -1.632, ing=0.124
p:0.939, -0.199, -0.194
j:0, 1, stif=0.79
j:2, 1
j:3, 1
n:j=0, d=|
n:j=2, d=|
",1.2873755954058391e-06,feasible,20
15,0,16,"//0
p:0.598, -0.041, -1.156, fr=0.547
p:0.942, -0.243, -0.276, fr=0.011
p:0.945, 0.254, -1.632
p:0.939, -0.199, -0.194
j:0, 1, stif=0.79
j:2, 1
j:3, 1
n:j=0, d=|
n:j=2, d=|
",1.2873755954058391e-06,"//0
p:0.598, -0.041, -1.156, fr=0.547
p:0.942, -0.243, -0.276, fr=0.011
p:0.945, 0.254, -1.632
p:0.939, -0.199, -0.194, fr=0.179
j:0, 1, stif=0.79
j:2, 1
j:3, 1
n:j=0, d=|
n:j=2, d=|
",1.2847781746782629e-06,feasible,20
15,0,17,"//0
p:0.598, -0.041, -1.156, fr=0.547
p:0.942, -0.243, -0.276, fr=0.011
p:0.945, 0.254, -1.632
p:0.939, -0.199, -0.194
j:0, 1, stif=0.79
j:2, 1
j:3, 1
n:j=0, d=|
n:j=2, d=|
n:d=*
c:0, 2, 2.532
",1.4264143917016222e-06,"//0
p:0.598, -0.041, -1.156, fr=0.547
p:0.942, -0.243, -0.276, fr=0.011
p:0.945, 0.254, -1.632
p:0.939, -0.199, -0.194
j:0, 1, stif=0.79
j:2, 1
j:3, 1
n:j=0, d=|
n:j=2, d=|
n:d=*
n:p=3, d=T
c:0, 2, 2.532
c:1, 3, 2.482
",1.3125203963643766e-06,feasible,20
15,0,17,"//0
p:0.598, -0.041, -1.156, fr=0.547
p:0.942, -0.243, -0.276, fr=0.011
p:0.945, 0.254, -1.632
p:0.939, -0.199, -0.194
j:0, 1, stif=0.79
j:2, 1
j:3, 1
n:j=0, d=|
n:j=2, d=|
n:d=*
c:0, 2, 2.532
",1.4264143917016222e-06,"//0
p:0.598, -0.041, -1.156, fr=0.547
p:0.942, -0.243, -0.276, fr=0.011
p:0.945, 0.254, -1.632
p:0.939, -0.199, -0.194
j:0, 1, stif=0.79
j:2, 1
j:3, 1
n:j=0, d=|
n:j=2, d=|
n:d=*
c:0, 2, 5.732
",1.4264143917016222e-06,feasible,20
15,0,17,"//0
p:0.598, -0.041, -1.156, fr=0.547
p:0.942, -0.243, -0.276, fr=0.011
p:0.945, 0.254, -1.632
p:0.939, -0.199, -0.194
j:0, 1, stif=0.79
j:2, 1
j:3, 1
n:j=0, d=|
n:j=2, d=|
n:d=*
c:0, 2, 2.532
",1.4264143917016222e-06,"//0
p:0.598, -0.041, -1.156, fr=0.547
p:0.942, -0.243, -0.276, fr=0.011
p:0.945, 0.254, -1.632, ing=0.35
p:0.939, -0.199, -0.194
j:0, 1, stif=0.79
j:2, 1
j:3, 1
n:j=0, d=|
n:j=2, d=|
n:d=*
c:0, 2, 2.532
",1.4264143917016222e-06,feasible,20
15,0,17,"//0
p:0.598, -0.041, -1.156, fr=0.547
p:0.942, -0.243, -0.276, fr=0.011
p:0.945, 0.254, -1.632
p:0.939, -0.199, -0.194
j:0, 1, stif=0.79
j:2, 1
j:3, 1
n:j=0, d=|
n:j=2, d=|
n:d=*
c:0, 2, 2.532
",1.4264143917016222e-06,"//0
p:0.598, -0.041, -1.156, fr=0.547
p:0.942, -0.243, -0.276, fr=0.011
p:0.945, 0.254, -1.632
p:0.939, -0.199, -0.194
j:0, 1, stif=0.79
j:2, 1
j:3, 1, stif=0.864
n:j=0, d=|
n:j=2, d=|
n:d=*
c:0, 2, 2.532
",1.4682843576433335e-06,feasible,20
15,0,17,"//0
p:0.598, -0.041, -1.156, fr=0.547
p:0.942, -0.243, -0.276, fr=0.011
p:0.945, 0.254, -1.632
p:0.939, -0.199, -0.194
j:0, 1, stif=0.79
j:2, 1
j:3, 1
n:j=0, d=|
n:j=2, d=|
n:d=*
c:0, 2, 2.532
",1.4264143917016222e-06,"//0
p:0.598, -0.041, -1.156, fr=0.547
p:0.942, -0.243, -0.276, fr=0.011
p:0.945, 0.254, -1.632
p:0.939, -0.199, -0.194
j:0, 1, stif=0.79
j:2, 1
j:3, 1
n:j=0, d=|
n:j=2, d=|
n:d=*
c:0, 2, -0.224
",1.3585191578118302e-06,feasible,20
15,0,17,"//0
p:0.598, -0.041, -1.156, fr=0.547
p:0.942, -0.243, -0.276, fr=0.011
p:0.945, 0.254, -1.632
p:0.939, -0.199, -0.194
j:0, 1, stif=0.79
j:2, 1
j:3, 1
n:j=0, d=|
n:j=2, d=|
n:d=*
c:0, 2, 2.532
",1.4264143917016222e-06,"//0
p:0.598, -0.041, -1.156, fr=0.547
p:0.942, -0.243, -0.276, fr=0.011
p:0.945, 0.254, -1.632
p:0.939, -0.199, -0.194
j:0, 1, stif=0.79
j:2, 1
j:3, 1
n:j=0, d=|
n:j=2, d=|
n:d=*
c:0, 2, 2.525
",1.4264143917016222e-06,feasible,20
15,0,17,"//0
p:0.598, -0.041, -1.156, fr=0.547
p:0.942, -0.243, -0.276, fr=0.011
p:0.945, 0.254, -1.632
p:0.939, -0.199, -0.194
j:0, 1, stif=0.79
j:2, 1
j:3, 1
n:j=0, d=|
n:j=2, d=|
n:d=*
c:0, 2, 2.532
",1.4264143917016222e-06,"//0
p:0.598, -0.041, -1.156, fr=0.547
p:0.942, -0.243, -0.276, fr=0.011
p:0.945, 0.254, -1.632
p:0.939, -0.199, -0.194
j:0, 1, stif=0.79
j:2, 1
j:3, 1
n:j=0, d=|
n:j=2, d=|
n:d=*
c:0, 2, 2.532
c:1, 2, 1.573
",1.3572520751749214e-06,feasible,20
15,0,17,"//0
p:0.598, -0.041, -1.156, fr=0.547
p:0.942, -0.243, -0.276, fr=0.011
p:0.945, 0.254, -1.632
p:0.939, -0.199, -0.194
j:0, 1, stif=0.79
j:2, 1
j:3, 1
n:j=0, d=|
n:j=2, d=|
n:d=*
c:0, 2, 2.532
",1.4264143917016222e-06,"//0
p:0.598, -0.041, -1.156, fr=0.767
p:0.942, -0.243, -0.276, fr=0.011
p:0.945, 0.254, -1.632
p:0.939, -0.199, -0.194
j:0, 1, stif=0.79
j:2, 1
j:3, 1
n:j=0, d=|
n:j=2, d=|
n:d=*
c:0, 2, 2.532
",1.5775671570929177e-06,feasible,20
15,0,17,"//0
p:0.598, -0.041, -1.156, fr=0.547
p:0.942, -0.243, -0.276, fr=0.011
p:0.945, 0.254, -1.632
p:0.939, -0.199, -0.194
j:0, 1, stif=0.79
j:2, 1
j:3, 1
n:j=0, d=|
n:j=2, d=|
n:d=*
c:0, 2, 2.532
",1.4264143917016222e-06,"//0
p:0.598, -0.041, -1.156, fr=0.547
p:0.942, -0.243, -0.276, fr=0.011
p:0.945, 0.254, -1.632
p:0.939, -0.199, -0.194, fr=0.074
j:0, 1, stif=0.79
j:2, 1
j:3, 1
n:j=0, d=|
n:j=2, d=|
n:d=*
c:0, 2, 2.532
",9.117637379235096e-07,feasible,20
15,0,17,"//0
p:0.598, -0.041, -1.156, fr=0.547
p:0.942, -0.243, -0.276, fr=0.011
p:0.945, 0.254, -1.632
p:0.939, -0.199, -0.194
j:0, 1, stif=0.79
j:2, 1
j:3, 1
n:j=0, d=|
n:j=2, d=|
n:d=*
c:0, 2, 2.532
",1.4264143917016222e-06,"//0
p:0.598, -0.041, -1.156, fr=0.547
p:0.942, -0.243, -0.276, fr=0.011
p:0.945, 0.254, -1.632
p:0.939, -0.199, -0.194
j:0, 3, stif=0.79
j:2, 3
j:1, 3
n:j=0, d=|
n:j=2, d=|
n:d=*
c:0, 2, 2.532
",2.552562939816557e-07,feasible,20
15,0,17,"//0
p:0.598, -0.041, -1.156, fr=0.547
p:0.942, -0.243, -0.276, fr=0.011
p:0.945, 0.254, -1.632
p:0.939, -0.199, -0.194
j:0, 1, stif=0.79
j:2, 1
j:3, 1
n:j=0, d=|
n:j=2, d=|
n:d=*
c:0, 2, 2.532
",1.4264143917016222e-06,"//0
p:0.598, -0.041, -1.156, fr=0.547
p:0.942, -0.243, -0.276, fr=0.011
p:0.939, -0.199, -0.194
j:0, 1, stif=0.79
j:2, 1
n:j=0, d=|
n:j=1, d=|
n:d=*
c:0, 2, 2.532
",2.8927738394585775e-07,feasible,20
15,0,17,"//0
p:0.598, -0.041, -1.156, fr=0.547
p:0.942, -0.243, -0.276, fr=0.011
p:0.945, 0.254, -1.632
p:0.939, -0.199, -0.194
j:0, 1, stif=0.79
j:2, 1
j:3, 1
n:j=0, d=|
n:j=2, d=|
n:d=*
c:0, 2, 2.532
",1.4264143917016222e-06,"//0
p:0.598, -0.041, -1.156, fr=0.547
p:0.942, -0.243, -0.276, fr=0.011
p:0.945, 0.254, -1.632
p:0.939, -0.199, -0.194
j:0, 1, stif=0.79
j:2, 1
j:3, 1
n:j=0, d=|:p=0.301
n:j=2, d=|
n:d=*
c:0, 2, 2.532
",1.3228355994279201e-06,feasible,20
15,0,17,"//0
p:0.598, -0.041, -1.156, fr=0.547
p:0.942, -0.243, -0.276, fr=0.011
p:0.945, 0.254, -1.632
p:0.939, -0.199, -0.194
j:0, 1, stif=0.79
j:2, 1
j:3, 1
n:j=0, d=|
n:j=2, d=|
n:d=*
c:0, 2, 2.532
",1.4264143917016222e-06,"//0
p:0.598, -0.041, -1.156, fr=0.547
p:0.942, -0.243, -0.276, fr=0.011
p:0.945, 0.254, -1.632
p:0.939, -0.199, -0.194, fr=0.917
j:0, 1, stif=0.79
j:2, 1
j:3, 1
n:j=0, d=|
n:j=2, d=|
n:d=*
c:0, 2, 2.532
",1.3437970648372284e-06,feasible,20
15,0,17,"//0
p:0.598, -0.041, -1.156, fr=0.547
p:0.942, -0.243, -0.276, fr=0.011
p:0.945, 0.254, -1.632
p:0.939, -0.199, -0.194
j:0, 1, stif=0.79
j:2, 1
j:3, 1
n:j=0, d=|
n:j=2, d=|
n:d=*
c:0, 2, 2.532
",1.4264143917016222e-06,"//0
p:0.598, -0.041, -1.156, fr=0.547
p:0.942, -0.243, -0.276, fr=0.011
p:0.73, -0.399, -2.103
p:0.939, -0.199, -0.194
j:0, 1, stif=0.79
j:2, 1
j:3, 1
n:j=0, d=|
n:j=2, d=|
n:d=*
c:0, 2, 2.532
",1.4602131300266231e-08,feasible,20
15,0,17,"//0
p:0.598, -0.041, -1.156, fr=0.547
p:0.942, -0.243, -0.276, fr=0.011
p:0.945, 0.254, -1.632
p:0.939, -0.199, -0.194
j:0, 1, stif=0.79
j:2, 1
j:3, 1
n:j=0, d=|
n:j=2, d=|
n:d=*
c:0, 2, 2.532
",1.4264143917016222e-06,"//0
p:0.598, -0.041, -1.156, fr=0.547
p:0.942, -0.243, -0.276, fr=0.011
p:0.945, 0.254, -1.632
p:0.939, -0.199, -0.194
j:0, 1, stif=0.79
j:2, 1
j:3, 1
n:j=0, d=|
n:j=2, d=|
n:d=*
n:j=1, d=|
c:0, 2, 2.532
c:3, 2, 1.288
",1.1316525137565642e-06,feasible,20
15,0,17,"//0
p:0.598, -0.041, -1.156, fr=0.547
p:0.942, -0.243, -0.276, fr=0.011
p:0.945, 0.254, -1.632
p:0.939, -0.199, -0.194
j:0, 1, stif=0.79
j:2, 1
j:3, 1
n:j=0, d=|
n:j=2, d=|
n:d=*
c:0, 2, 2.532
",1.4264143917016222e-06,"//0
p:0.598, -0.041, -1.156, fr=0.547
p:0.942, -0.243, -0.276, fr=0.011
p:0.945, 0.254, -1.632
p:0.939, -0.199, -0.194
j:0, 1, stif=0.79
j:2, 1
j:3, 1, rotstif=0.989
n:j=0, d=|
n:j=2, d=|
n:d=*
c:0, 2, 2.532
",1.4264143917016222e-06,feasible,20
15,0,17,"//0
p:0.598, -0.041, -1.156, fr=0.547
p:0.942, -0.243, -0.276, fr=0.011
p:0.945, 0.254, -1.632
p:0.939, -0.199, -0.194
j:0, 1, stif=0.79
j:2, 1
j:3, 1
n:j=0, d=|
n:j=2, d=|
n:d=*
c:0, 2, 2.532
",1.4264143917016222e-06,"//0
p:0.598, -0.041, -1.156, fr=0.547
p:0.942, -0.243, -0.276, fr=0.011
p:0.945, 0.254, -1.632
p:0.939, -0.199, -0.194
j:0, 1, stif=0.79
j:2, 1
j:3, 1
n:j=0, d=|
n:j=2, d=|
n:d=*
c:0, 2, 1.384
",1.4264143917016222e-06,feasible,20
15,0,17,"//0
p:0.598, -0.041, -1.156, fr=0.547
p:0.942, -0.243, -0.276, fr=0.011
p:0.945, 0.254, -1.632
p:0.939, -0.199, -0.194
j:0, 1, stif=0.79
j:2, 1
j:3, 1
n:j=0, d=|
n:j=2, d=|
n:d=*
c:0, 2, 2.532
",1.4264143917016222e-06,"//0
p:0.598, -0.041, -1.156, fr=0.547
p:0.942, -0.243, -0.276, fr=0.011
p:0.945, 0.254, -1.632
p:0.939, -0.199, -0.194
j:0, 1, stif=0.79
j:2, 1
j:3, 1
n:j=0, d=|
n:j=2, d=|
n:d=*
c:0, 2, 3.674
",1.4264143917016222e-06,feasible,20
15,0,17,"//0
p:0.598, -0.041, -1.156, fr=0.547
p:0.942, -0.243, -0.276, fr=0.011
p:0.945, 0.254, -1.632
p:0.939, -0.199, -0.194
j:0, 1, stif=0.79
j:2, 1
j:3, 1
n:j=0, d=|
n:j=2, d=|
n:d=*
c:0, 2, 2.532
",1.4264143917016222e-06,"//0
p:0.598, -0.041, -1.156, fr=0.704
p:0.942, -0.243, -0.276, fr=0.011
p:0.945, 0.254, -1.632
p:0.939, -0.199, -0.194
j:0, 1, stif=0.79
j:2, 1
j:3, 1
n:j=0, d=|
n:j=2, d=|
n:d=*
c:0, 2, 2.532
",1.4388633134839325e-06,feasible,20
15,0,17,"//0
p:0.598, -0.041, -1.156, fr=0.547
p:0.942, -0.243, -0.276, fr=0.011
p:0.945, 0.254, -1.632
p:0.939, -0.199, -0.194
j:0, 1, stif=0.79
j:2, 1
j:3, 1
n:j=0, d=|
n:j=2, d=|
n:d=*
c:0, 2, 2.532
",1.4264143917016222e-06,"//0
p:0.598, -0.041, -1.156, fr=0.547
p:0.942, -0.243, -0.276, fr=0.011
p:0.945, 0.254, -1.632
p:0.939, -0.199, -0.194
j:0, 1, stif=0.86
j:2, 1
j:3, 1
n:j=0, d=|
n:j=2, d=|
n:d=*
c:0, 2, 2.532
",1.5713020137973887e-06,feasible,20
15,0,18,"//0
p:0.598, -0.041, -1.156, fr=0.547
p:0.942, -0.243, -0.276, fr=0.011
p:0.945, 0.254, -1.632
p:0.939, -0.199, -0.194
j:0, 1, stif=0.79
j:2, 1
j:3, 1
n:j=0, d=|
n:j=2, d=|:p=0.331
n:d=*
c:0, 2, 2.532
",1.4821729301544457e-06,"//0
p:0.598, -0.041, -1.156, fr=0.547
p:0.942, -0.243, -0.276, fr=0.011
p:0.945, 0.254, -1.632
p:0.939, -0.199, -0.194
j:0, 1, stif=0.79
j:2, 1
j:3, 1
n:j=0, d=|
n:j=2, d=|:p=0.331
n:d=*
c:0, 2, 2.532
c:1, 2, 1.631
",1.1936631485471683e-06,feasible,20
15,0,18,"//0
p:0.598, -0.041, -1.156, fr=0.547
p:0.942, -0.243, -0.276, fr=0.011
p:0.945, 0.254, -1.632
p:0.939, -0.199, -0.194
j:0, 1, stif=0.79
j:2, 1
j:3, 1
n:j=0, d=|
n:j=2, d=|:p=0.331
n:d=*
c:0, 2, 2.532
",1.4821729301544457e-06,"//0
p:0.598, -0.041, -1.156, fr=0.547
p:0.942, -0.243, -0.276, fr=0.011
p:0.939, -0.199, -0.194
j:0, 1, stif=0.79
j:2, 1
n:j=0, d=|
n:j=1, d=|:p=0.331
n:d=*
c:0, 2, 2.532
",3.722125455149621e-07,feasible,20
15,0,18,"//0
p:0.598, -0.041, -1.156, fr=0.547
p:0.942, -0.243, -0.276, fr=0.011
p:0.945, 0.254, -1.632
p:0.939, -0.199, -0.194
j:0, 1, stif=0.79
j:2, 1
j:3, 1
n:j=0, d=|
n:j=2, d=|:p=0.331
n:d=*
c:0, 2, 2.532
",1.4821729301544457e-06,"//0
p:0.598, -0.041, -1.156, fr=0.547
p:0.942, -0.243, -0.276, fr=0.011
p:0.945, 0.254, -1.632
p:0.939, -0.199, -0.194
j:0, 1, stif=0.79
j:2, 1
j:3, 1
n:j=0, d=|
n:j=2, d=|:p=0.331
n:d=*
",1.2730603127062615e-06,feasible,20
15,0,18,"//0
p:0.598, -0.041, -1.156, fr=0.547
p:0.942, -0.243, -0.276, fr=0.011
p:0.945, 0.254, -1.632
p:0.939, -0.199, -0.194
j:0, 1, stif=0.79
j:2, 1
j:3, 1
n:j=0, d=|
n:j=2, d=|:p=0.331
n:d=*
c:0, 2, 2.532
",1.4821729301544457e-06,"//0
p:0.598, -0.041, -1.156, fr=0.547
p:0.942, -0.243, -0.276, fr=0.011
p:0.945, 0.254, -1.632
p:0.939, -0.199, -0.194
p:1.388, 0.679, 0.093
j:0, 1, stif=0.79
j:2, 1
j:3, 1
j:4, 2
n:j=0, d=|
n:j=2, d=|:p=0.331
n:d=*
c:0, 2, 2.532
",1.0597832103718526e-07,feasible,20
15,0,18,"//0
p:0.598, -0.041, -1.156, fr=0.547
p:0.942, -0.243, -0.276, fr=0.011
p:0.945, 0.254, -1.632
p:0.939, -0.199, -0.194
j:0, 1, stif=0.79
j:2, 1
j:3, 1
n:j=0, d=|
n:j=2, d=|:p=0.331
n:d=*
c:0, 2, 2.532
",1.4821729301544457e-06,"//0
p:0.45, 0.209, -1.27, fr=0.547
p:0.942, -0.243, -0.276, fr=0.011
p:0.945, 0.254, -1.632
p:0.939, -0.199, -0.194
j:0, 1, stif=0.79
j:2, 1
j:3, 1
n:j=0, d=|
n:j=2, d=|:p=0.331
n:d=*
c:0, 2, 2.532
",1.1273749833695344e-06,feasible,20
15,0,18,"//0
p:0.598, -0.041, -1.156, fr=0.547
p:0.942, -0.243, -0.276, fr=0.011
p:0.945, 0.254, -1.632
p:0.939, -0.199, -0.194
j:0, 1, stif=0.79
j:2, 1
j:3, 1
n:j=0, d=|
n:j=2, d=|:p=0.331
n:d=*
c:0, 2, 2.532
",1.4821729301544457e-06,"//0
p:0.598, -0.041, -1.156, fr=0.547
p:0.91, -0.433, -0.619, fr=0.011
p:0.945, 0.254, -1.632
p:0.939, -0.199, -0.194
j:0, 1, stif=0.79
j:2, 1
j:3, 1
n:j=0, d=|
n:j=2, d=|:p=0.331
n:d=*
c:0, 2, 2.532
",1.199242106995197e-06,feasible,20
15,0,18,"//0
p:0.598, -0.041, -1.156, fr=0.547
p:0.942, -0.243, -0.276, fr=0.011
p:0.945, 0.254, -1.632
p:0.939, -0.199, -0.194
j:0, 1, stif=0.79
j:2, 1
j:3, 1
n:j=0, d=|
n:j=2, d=|:p=0.331
n:d=*
c:0, 2, 2.532
",1.4821729301544457e-06,"//0
p:0.598, -0.041, -1.156, fr=0.547
p:0.942, -0.243, -0.276, fr=0.011
p:0.945, 0.254, -1.632
p:0.939, -0.199, -0.194
j:0, 1, stif=0.79
j:2, 1, rotstif=0.871
j:3, 1
n:j=0, d=|
n:j=2, d=|:p=0.331
n:d=*
c:0, 2, 2.532
",1.4821729301544457e-06,feasible,20
15,0,18,"//0
p:0.598, -0.041, -1.156, fr=0.547
p:0.942, -0.243, -0.276, fr=0.011
p:0.945, 0.254, -1.632
p:0.939, -0.199, -0.194
j:0, 1, stif=0.79
j:2, 1
j:3, 1
n:j=0, d=|
n:j=2, d=|:p=0.331
n:d=*
c:0, 2, 2.532
",1.4821729301544457e-06,"//0
p:0.598, -0.041, -1.156, fr=0.547
p:0.942, -0.243, -0.276, fr=0.011
p:0.945, 0.254, -1.632
p:0.939, -0.199, -0.194, fr=0.343
j:0, 1, stif=0.79
j:2, 1
j:3, 1
n:j=0, d=|
n:j=2, d=|:p=0.331
n:d=*
c:0, 2, 2.532
",1.4370956480793372e-06,feasible,20
15,0,18,"//0
p:0.598, -0.041, -1.156, fr=0.547
p:0.942, -0.243, -0.276, fr=0.011
p:0.945, 0.254, -1.632
p:0.939, -0.199, -0.194
j:0, 1, stif=0.79
j:2, 1
j:3, 1
n:j=0, d=|
n:j=2, d=|:p=0.331
n:d=*
c:0, 2, 2.532
",1.4821729301544457e-06,"//0
p:0.598, -0.041, -1.156, fr=0.547
p:0.942, -0.243, -0.276, fr=0.011, ing=0.458
p:0.945, 0.254, -1.632
p:0.939, -0.199, -0.194
j:0, 1, stif=0.79
j:2, 1
j:3, 1
n:j=0, d=|
n:j=2, d=|:p=0.331
n:d=*
c:0, 2, 2.532
",1.4821729301544457e-06,feasible,20
15,0,18,"//0
p:0.598, -0.041, -1.156, fr=0.547
p:0.942, -0.243, -0.276, fr=0.011
p:0.945, 0.254, -1.632
p:0.939, -0.199, -0.194
j:0, 1, stif=0.79
j:2, 1
j:3, 1
n:j=0, d=|
n:j=2, d=|:p=0.331
n:d=*
c:0, 2, 2.532
",1.4821729301544457e-06,"//0
p:0.598, -0.041, -1.156, fr=0.547
p:0.942, -0.243, -0.276, fr=0.011
p:0.945, 0.254, -1.632
p:0.939, -0.199, -0.194
j:0, 1, stif=0.79
j:2, 1, stif=0.856
j:3, 1
n:j=0, d=|
n:j=2, d=|:p=0.331
n:d=*
c:0, 2, 2.532
",1.5454721756718193e-06,feasible,20
15,0,18,"//0
p:0.598, -0.041, -1.156, fr=0.547
p:0.942, -0.243, -0.276, fr=0.011
p:0.945, 0.254, -1.632
p:0.939, -0.199, -0.194
j:0, 1, stif=0.79
j:2, 1
j:3, 1
n:j=0, d=|
n:j=2, d=|:p=0.331
n:d=*
c:0, 2, 2.532
",1.4821729301544457e-06,"//0
p:0.598, -0.041, -1.156, fr=0.547
p:0.942, -0.243, -0.276, fr=0.011
p:0.945, 0.254, -1.632
p:0.939, -0.199, -0.194
j:0, 1, stif=0.79
j:2, 1, stif=0.938
j:3, 1
n:j=0, d=|
n:j=2, d=|:p=0.331
n:d=*
c:0, 2, 2.532
",9.818537000722505e-07,feasible,20
15,0,18,"//0
p:0.598, -0.041, -1.156, fr=0.547
p:0.942, -0.243, -0.276, fr=0.011
p:0.945, 0.254, -1.632
p:0.939, -0.199, -0.194
j:0, 1, stif=0.79
j:2, 1
j:3, 1
n:j=0, d=|
n:j=2, d=|:p=0.331
n:d=*
c:0, 2, 2.532
",1.4821729301544457e-06,"//0
p:0.598, -0.041, -1.156, fr=0.547
p:0.942, -0.243, -0.276, fr=0.011
p:0.945, 0.254, -1.632
p:0.939, -0.199, -0.194
j:0, 1, stif=0.79
j:2, 1
j:3, 1
n:j=0, d=|
n:j=2, d=|:p=0.331
n:d=*
c:0, 2, 1.091
",1.4821729301544457e-06,feasible,20
15,0,18,"//0
p:0.598, -0.041, -1.156, fr=0.547
p:0.942, -0.243, -0.276, fr=0.011
p:0.945, 0.254, -1.632
p:0.939, -0.199, -0.194
j:0, 1, stif=0.79
j:2, 1
j:3, 1
n:j=0, d=|
n:j=2, d=|:p=0.331
n:d=*
c:0, 2, 2.532
",1.4821729301544457e-06,"//0
p:0.598, -0.041, -1.156, fr=0.547
p:0.942, -0.243, -0.276, fr=0.011
p:0.945, 0.254, -1.632
p:0.939, -0.199, -0.194
j:2, 1, stif=0.79
j:0, 1
j:3, 1
n:j=0, d=|
n:j=2, d=|:p=0.331
n:d=*
c:0, 2, 2.532
",9.474313062394017e-07,feasible,20
15,0,18,"//0
p:0.598, -0.041, -1.156, fr=0.547
p:0.942, -0.243, -0.276, fr=0.011
p:0.945, 0.254, -1.632
p:0.939, -0.199, -0.194
j:0, 1, stif=0.79
j:2, 1
j:3, 1
n:j=0, d=|
n:j=2, d=|:p=0.331
n:d=*
c:0, 2, 2.532
",1.4821729301544457e-06,"//0
p:0.598, -0.041, -1.156, fr=0.547
p:0.942, -0.243, -0.276, fr=0.011
p:0.945, 0.254, -1.632
p:0.939, -0.199, -0.194
j:0, 3, stif=0.79
j:2, 3
j:1, 3
n:j=0, d=|
n:j=2, d=|:p=0.331
n:d=*
c:0, 2, 2.532
",1.521251863757715e-07,feasible,20
15,0,18,"//0
p:0.598, -0.041, -1.156, fr=0.547
p:0.942, -0.243, -0.276, fr=0.011
p:0.945, 0.254, -1.632
p:0.939, -0.199, -0.194
j:0, 1, stif=0.79
j:2, 1
j:3, 1
n:j=0, d=|
n:j=2, d=|:p=0.331
n:d=*
c:0, 2, 2.532
",1.4821729301544457e-06,"//0
p:0.598, -0.041, -1.156, fr=0.547
p:0.942, -0.243, -0.276, fr=0.011
p:0.945, 0.254, -1.632
j:0, 1, stif=0.79
j:2, 1
n:j=0, d=|
n:d=*
c:0, 1, 2.532
",9.725859670980627e-07,feasible,20
15,0,18,"//0
p:0.598, -0.041, -1.156, fr=0.547
p:0.942, -0.243, -0.276, fr=0.011
p:0.945, 0.254, -1.632
p:0.939, -0.199, -0.194
j:0, 1, stif=0.79
j:2, 1
j:3, 1
n:j=0, d=|
n:j=2, d=|:p=0.331
n:d=*
c:0, 2, 2.532
",1.4821729301544457e-06,"//0
p:0.598, -0.041, -1.156, fr=0.547
p:0.942, -0.243, -0.276, fr=0.011
p:0.945, 0.254, -1.632
p:0.939, -0.199, -0.194
j:0, 1, stif=0.79
j:3, 1
j:2, 1
n:j=0, d=|
n:j=2, d=|:p=0.331
n:d=*
c:0, 2, 2.532
",1.3978954901951332e-06,feasible,20
15,0,18,"//0
p:0.598, -0.041, -1.156, fr=0.547
p:0.942, -0.243, -0.276, fr=0.011
p:0.945, 0.254, -1.632
p:0.939, -0.199, -0.194
j:0, 1, stif=0.79
j:2, 1
j:3, 1
n:j=0, d=|
n:j=2, d=|:p=0.331
n:d=*
c:0, 2, 2.532
",1.4821729301544457e-06,"//0
p:0.598, -0.041, -1.156, fr=0.547
p:0.942, -0.243, -0.276, fr=0.011
p:0.945, 0.254, -1.632
p:0.939, -0.199, -0.194
j:0, 1, stif=0.79
j:2, 1
j:3, 1
j:3, 0
n:j=0, d=|
n:j=2, d=|:p=0.331
n:d=*
c:0, 2, 2.532
",2.4814655904721623e-07,feasible,20
15,0,18,"//0
p:0.598, -0.041, -1.156, fr=0.547
p:0.942, -0.243, -0.276, fr=0.011
p:0.945, 0.254, -1.632
p:0.939, -0.199, -0.194
j:0, 1, stif=0.79
j:2, 1
j:3, 1
n:j=0, d=|
n:j=2, d=|:p=0.331
n:d=*
c:0, 2, 2.532
",1.4821729301544457e-06,"//0
p:0.598, -0.041, -1.156, fr=0.547
p:0.942, -0.243, -0.276, fr=0.011
p:0.945, 0.254, -1.632
p:0.939, -0.199, -0.194
j:0, 1, stif=0.79
j:2, 1
j:3, 1
n:j=2, d=|:p=0.331
n:d=*
",3.685337126637375e-07,feasible,20
15,0,18,"//0
p:0.598, -0.041, -1.156, fr=0.547
p:0.942, -0.243, -0.276, fr=0.011
p:0.945, 0.254, -1.632
p:0.939, -0.199, -0.194
j:0, 1, stif=0.79
j:2, 1
j:3, 1
n:j=0, d=|
n:j=2, d=|:p=0.331
n:d=*
c:0, 2, 2.532
",1.4821729301544457e-06,"//0
p:0.598, -0.041, -1.156, fr=0.547
p:0.942, -0.243, -0.276, fr=0.011
p:1.073, -0.524, -1.114
p:0.939, -0.199, -0.194
j:0, 1, stif=0.79
j:2, 1
j:3, 1
n:j=0, d=|
n:j=2, d=|:p=0.331
n:d=*
c:0, 2, 2.532
",1.6523662866270636e-07,feasible,20
15,0,18,"//0
p:0.598, -0.041, -1.156, fr=0.547
p:0.942, -0.243, -0.276, fr=0.011
p:0.945, 0.254, -1.632
p:0.939, -0.199, -0.194
j:0, 1, stif=0.79
j:2, 1
j:3, 1
n:j=0, d=|
n:j=2, d=|:p=0.331
n:d=*
c:0, 2, 2.532
",1.4821729301544457e-06,"//0
p:0.598, -0.041, -1.156, fr=0.547
p:0.942, -0.243, -0.276, fr=0.011
p:0.945, 0.254, -1.632
p:0.939, -0.199, -0.194
j:0, 1, stif=0.79
j:2, 1
j:3, 1
n:j=0, d=|
n:j=2, d=|:p=0.331
n:d=*
n:p=3, d=Gpart
c:0, 2, 2.532
c:1, 3, -4.004
",1.4759508442037128e-06,feasible,20
15,0,19,"//0
p:0.598, -0.041, -1.156, fr=0.547
p:0.942, -0.243, -0.276, fr=0.011
p:0.945, 0.254, -1.632
p:0.939, -0.199, -0.194
p:0.36, -0.158, -1.249
j:0, 1, stif=0.79
j:2, 1
j:3, 1
j:4, 0
n:j=0, d=|
n:j=2, d=|:p=0.331
n:d=*
c:0, 2, 2.532
",6.7753400237552605e-06,"//0
p:0.598, -0.041, -1.156, fr=0.547
p:0.942, -0.243, -0.276, fr=0.011
p:0.945, 0.254, -1.632
p:0.939, -0.199, -0.194
p:0.36, -0.158, -1.249
j:0, 1, stif=0.79
j:2, 1
j:3, 1
j:4, 0
n:j=0, d=|
n:d=*
c:0, 1, 2.532
",7.4194321607606485e-06,feasible,21
15,0,19,"//0
p:0.598, -0.041, -1.156, fr=0.547
p:0.942, -0.243, -0.276, fr=0.011
p:0.945, 0.254, -1.632
p:0.939, -0.199, -0.194
p:0.36, -0.158, -1.249
j:0, 1, stif=0.79
j:2, 1
j:3, 1
j:4, 0
n:j=0, d=|
n:j=2, d=|:p=0.331
n:d=*
c:0, 2, 2.532
",6.7753400237552605e-06,"//0
p:0.598, -0.041, -1.156, fr=0.547
p:0.942, -0.243, -0.276, fr=0.011
p:0.945, 0.254, -1.632
p:0.939, -0.199, -0.194
p:0.36, -0.158, -1.249, fr=0.452
j:0, 1, stif=0.79
j:2, 1
j:3, 1
j:4, 0
n:j=0, d=|
n:j=2, d=|:p=0.331
n:d=*
c:0, 2, 2.532
",6.662558270995887e-06,feasible,21
15,0,19,"//0
p:0.598, -0.041, -1.156, fr=0.547
p:0.942, -0.243, -0.276, fr=0.011
p:0.945, 0.254, -1.632
p:0.939, -0.199, -0.194
p:0.36, -0.158, -1.249
j:0, 1, stif=0.79
j:2, 1
j:3, 1
j:4, 0
n:j=0, d=|
n:j=2, d=|:p=0.331
n:d=*
c:0, 2, 2.532
",6.7753400237552605e-06,"//0
p:0.598, -0.041, -1.156, fr=0.547
p:0.942, -0.243, -0.276, fr=0.011
p:0.945, 0.254, -1.632
p:0.939, -0.199, -0.194
p:0.36, -0.158, -1.249
j:0, 1, stif=0.79
j:2, 1
j:3, 1
j:4, 0
n:j=0, d=|
n:j=2, d=|:p=0.331
n:d=*
",3.199464772868157e-07,feasible,21
15,0,19,"//0
p:0.598, -0.041, -1.156, fr=0.547
p:0.942, -0.243, -0.276, fr=0.011
p:0.945, 0.254, -1.632
p:0.939, -0.199, -0.194
p:0.36, -0.158, -1.249
j:0, 1, stif=0.79
j:2, 1
j:3, 1
j:4, 0
n:j=0, d=|
n:j=2, d=|:p=0.331
n:d=*
c:0, 2, 2.532
",6.7753400237552605e-06,"//0
p:0.598, -0.041, -1.156, fr=0.547
p:0.942, -0.243, -0.276, fr=0.011
p:0.945, 0.254, -1.632
p:0.939, -0.199, -0.194
p:0.36, -0.158, -1.249
j:0, 1, stif=0.79
j:2, 1
j:3, 1
j:4, 0
n:j=0, d=|
n:j=2, d=|:p=0.331
n:d=*
c:0, 2, 2.532
c:1, 2, -0.777
",6.1557720391135205e-06,feasible,21
15,0,19,"//0
p:0.598, -0.041, -1.156, fr=0.547
p:0.942, -0.243, -0.276, fr=0.011
p:0.945, 0.254, -1.632
p:0.939, -0.199, -0.194
p:0.36, -0.158, -1.249
j:0, 1, stif=0.79
j:2, 1
j:3, 1
j:4, 0
n:j=0, d=|
n:j=2, d=|:p=0.331
n:d=*
c:0, 2, 2.532
",6.7753400237552605e-06,"//0
p:0.598, -0.041, -1.156, fr=0.547
p:0.942, -0.243, -0.276, fr=0.011
p:0.945, 0.254, -1.632
p:0.939, -0.199, -0.194
p:0.36, -0.158, -1.249
j:0, 1, stif=0.79
j:2, 1
j:3, 1
j:4, 0
n:j=0, d=|
n:j=2, d=|:p=0.331
n:d=*
n:j=2, d=|
c:0, 2, 2.532
c:3, 2, -0.861
",-999999.0,infeasible,21
15,0,19,"//0
p:0.598, -0.041, -1.156, fr=0.547
p:0.942, -0.243, -0.276, fr=0.011
p:0.945, 0.254, -1.632
p:0.939, -0.199, -0.194
p:0.36, -0.158, -1.249
j:0, 1, stif=0.79
j:2, 1
j:3, 1
j:4, 0
n:j=0, d=|
n:j=2, d=|:p=0.331
n:d=*
c:0, 2, 2.532
",6.7753400237552605e-06,"//0
p:0.598, -0.041, -1.156, fr=0.547
p:0.942, -0.243, -0.276, fr=0.011
p:0.945, 0.254, -1.632
p:0.939, -0.199, -0.194
p:0.36, -0.158, -1.249
p:0.267, -0.318, -0.221
j:0, 1, stif=0.79
j:2, 1
j:3, 1
j:4, 0
j:5, 3
n:j=0, d=|
n:j=2, d=|:p=0.331
n:d=*
c:0, 2, 2.532
",5.665266310208387e-06,feasible,21
15,0,19,"//0
p:0.598, -0.041, -1.156, fr=0.547
p:0.942, -0.243, -0.276, fr=0.011
p:0.945, 0.254, -1.632
p:0.939, -0.199, -0.194
p:0.36, -0.158, -1.249
j:0, 1, stif=0.79
j:2, 1
j:3, 1
j:4, 0
n:j=0, d=|
n:j=2, d=|:p=0.331
n:d=*
c:0, 2, 2.532
",6.7753400237552605e-06,"//0
p:0.598, -0.041, -1.156, fr=0.547
p:0.942, -0.243, -0.276, fr=0.011
p:0.945, 0.254, -1.632
p:0.939, -0.199, -0.194
p:0.36, -0.158, -1.249
j:2, 1, stif=0.79
j:0, 1
j:3, 1
j:4, 2
n:j=0, d=|
n:j=2, d=|:p=0.331
n:d=*
c:0, 2, 2.532
",1.1414833124677251e-05,feasible,21
15,0,19,"//0
p:0.598, -0.041, -1.156, fr=0.547
p:0.942, -0.243, -0.276, fr=0.011
p:0.945, 0.254, -1.632
p:0.939, -0.199, -0.194
p:0.36, -0.158, -1.249
j:0, 1, stif=0.79
j:2, 1
j:3, 1
j:4, 0
n:j=0, d=|
n:j=2, d=|:p=0.331
n:d=*
c:0, 2, 2.532
",6.7753400237552605e-06,"//0
p:0.598, -0.041, -1.156, fr=0.547
p:0.942, -0.243, -0.276, fr=0.011
p:0.945, 0.254, -1.632
p:0.939, -0.199, -0.194
p:0.36, -0.158, -1.249
j:0, 1, stif=0.79
j:2, 1
j:3, 1
j:4, 0
j:0, 3
n:j=0, d=|
n:j=2, d=|:p=0.331
n:d=*
c:0, 2, 2.532
",2.238027725555067e-07,feasible,21
15,0,19,"//0
p:0.598, -0.041, -1.156, fr=0.547
p:0.942, -0.243, -0.276, fr=0.011
p:0.945, 0.254, -1.632
p:0.939, -0.199, -0.194
p:0.36, -0.158, -1.249
j:0, 1, stif=0.79
j:2, 1
j:3, 1
j:4, 0
n:j=0, d=|
n:j=2, d=|:p=0.331
n:d=*
c:0, 2, 2.532
",6.7753400237552605e-06,"//0
p:0.598, -0.041, -1.156, fr=0.547
p:0.942, -0.243, -0.276, fr=0.011
p:0.945, 0.254, -1.632
p:0.939, -0.199, -0.194
p:0.36, -0.158, -1.249, ing=0.285
j:0, 1, stif=0.79
j:2, 1
j:3, 1
j:4, 0
n:j=0, d=|
n:j=2, d=|:p=0.331
n:d=*
c:0, 2, 2.532
",6.7753400237552605e-06,feasible,21
15,0,19,"//0
p:0.598, -0.041, -1.156, fr=0.547
p:0.942, -0.243, -0.276, fr=0.011
p:0.945, 0.254, -1.632
p:0.939, -0.199, -0.194
p:0.36, -0.158, -1.249
j:0, 1, stif=0.79
j:2, 1
j:3, 1
j:4, 0
n:j=0, d=|
n:j=2, d=|:p=0.331
n:d=*
c:0, 2, 2.532
",6.7753400237552605e-06,"//0
p:0.598, -0.041, -1.156, fr=0.547
p:0.942, -0.243, -0.276, fr=0.011
p:0.945, 0.254, -1.632
p:0.939, -0.199, -0.194
j:0, 1, stif=0.79
j:2, 1
j:3, 1
n:j=0, d=|
n:j=2, d=|:p=0.331
n:d=*
c:0, 2, 2.532
",1.4821729301544457e-06,feasible,21
15,0,19,"//0
p:0.598, -0.041, -1.156, fr=0.547
p:0.942, -0.243, -0.276, fr=0.011
p:0.945, 0.254, -1.632
p:0.939, -0.199, -0.194
p:0.36, -0.158, -1.249
j:0, 1, stif=0.79
j:2, 1
j:3, 1
j:4, 0
n:j=0, d=|
n:j=2, d=|:p=0.331
n:d=*
c:0, 2, 2.532
",6.7753400237552605e-06,"//0
p:0.598, -0.041, -1.156, fr=0.547
p:0.942, -0.243, -0.276, fr=0.011
p:0.945, 0.254, -1.632
p:0.939, -0.199, -0.194
p:0.36, -0.158, -1.249
j:0, 1, stif=0.79
j:2, 1
j:3, 1
j:4, 0
j:4, 1
n:j=0, d=|
n:j=2, d=|:p=0.331
n:d=*
c:0, 2, 2.532
",3.6413919767665775e-07,feasible,21
15,0,19,"//0
p:0.598, -0.041, -1.156, fr=0.547
p:0.942, -0.243, -0.276, fr=0.011
p:0.945, 0.254, -1.632
p:0.939, -0.199, -0.194
p:0.36, -0.158, -1.249
j:0, 1, stif=0.79
j:2, 1
j:3, 1
j:4, 0
n:j=0, d=|
n:j=2, d=|:p=0.331
n:d=*
c:0, 2, 2.532
",6.7753400237552605e-06,"//0
p:0.598, -0.041, -1.156, fr=0.547
p:0.942, -0.243, -0.276, fr=0.011
p:0.945, 0.254, -1.632
p:0.939, -0.199, -0.194
p:0.36, -0.158, -1.249
j:0, 1, stif=0.79
j:3, 1
j:2, 1
j:4, 0
n:j=0, d=|
n:j=2, d=|:p=0.331
n:d=*
c:0, 2, 2.532
",7.079498190729613e-06,feasible,21
15,0,19,"//0
p:0.598, -0.041, -1.156, fr=0.547
p:0.942, -0.243, -0.276, fr=0.011
p:0.945, 0.254, -1.632
p:0.939, -0.199, -0.194
p:0.36, -0.158, -1.249
j:0, 1, stif=0.79
j:2, 1
j:3, 1
j:4, 0
n:j=0, d=|
n:j=2, d=|:p=0.331
n:d=*
c:0, 2, 2.532
",6.7753400237552605e-06,"//0
p:0.598, -0.041, -1.156, fr=0.547
p:0.942, -0.243, -0.276, fr=0.011
p:0.945, 0.254, -1.632
p:0.939, -0.199, -0.194
p:0.36, -0.158, -1.249, ing=0.316
j:0, 1, stif=0.79
j:2, 1
j:3, 1
j:4, 0
n:j=0, d=|
n:j=2, d=|:p=0.331
n:d=*
c:0, 2, 2.532
",6.7753400237552605e-06,feasible,21
15,0,19,"//0
p:0.598, -0.041, -1.156, fr=0.547
p:0.942, -0.243, -0.276, fr=0.011
p:0.945, 0.254, -1.632
p:0.939, -0.199, -0.194
p:0.36, -0.158, -1.249
j:0, 1, stif=0.79
j:2, 1
j:3, 1
j:4, 0
n:j=0, d=|
n:j=2, d=|:p=0.331
n:d=*
c:0, 2, 2.532
",6.7753400237552605e-06,"//0
p:0.598, -0.041, -1.156, fr=0.547
p:0.942, -0.243, -0.276, fr=0.011
p:0.945, 0.254, -1.632
p:0.939, -0.199, -0.194
p:0.36, -0.158, -1.249
j:0, 1, stif=0.79
j:2, 1
j:3, 1, stif=0.986
j:4, 0
n:j=0, d=|
n:j=2, d=|:p=0.331
n:d=*
c:0, 2, 2.532
",7.821505319912486e-06,feasible,21
15,0,19,"//0
p:0.598, -0.041, -1.156, fr=0.547
p:0.942, -0.243, -0.276, fr=0.011
p:0.945, 0.254, -1.632
p:0.939, -0.199, -0.194
p:0.36, -0.158, -1.249
j:0, 1, stif=0.79
j:2, 1
j:3, 1
j:4, 0
n:j=0, d=|
n:j=2, d=|:p=0.331
n:d=*
c:0, 2, 2.532
",6.7753400237552605e-06,"//0
p:0.598, -0.041, -1.156, fr=0.547
p:0.942, -0.243, -0.276, fr=0.011
p:0.945, 0.254, -1.632
p:0.939, -0.199, -0.194, ing=0.249
p:0.36, -0.158, -1.249
j:0, 1, stif=0.79
j:2, 1
j:3, 1
j:4, 0
n:j=0, d=|
n:j=2, d=|:p=0.331
n:d=*
c:0, 2, 2.532
",6.7753400237552605e-06,feasible,21
15,0,19,"//0
p:0.598, -0.041, -1.156, fr=0.547
p:0.942, -0.243, -0.276, fr=0.011
p:0.945, 0.254, -1.632
p:0.939, -0.199, -0.194
p:0.36, -0.158, -1.249
j:0, 1, stif=0.79
j:2, 1
j:3, 1
j:4, 0
n:j=0, d=|
n:j=2, d=|:p=0.331
n:d=*
c:0, 2, 2.532
",6.7753400237552605e-06,"//0
p:0.598, -0.041, -1.156, fr=0.547
p:0.942, -0.243, -0.276, fr=0.011
p:0.945, 0.254, -1.632
p:0.939, -0.199, -0.194
p:0.36, -0.158, -1.249
j:0, 1, stif=0.79
j:2, 1, stif=0.968
j:3, 1
j:4, 0
n:j=0, d=|
n:j=2, d=|:p=0.331
n:d=*
c:0, 2, 2.532
",7.155568582706176e-06,feasible,21
15,0,19,"//0
p:0.598, -0.041, -1.156, fr=0.547
p:0.942, -0.243, -0.276, fr=0.011
p:0.945, 0.254, -1.632
p:0.939, -0.199, -0.194
p:0.36, -0.158, -1.249
j:0, 1, stif=0.79
j:2, 1
j:3, 1
j:4, 0
n:j=0, d=|
n:j=2, d=|:p=0.331
n:d=*
c:0, 2, 2.532
",6.7753400237552605e-06,"//0
p:0.598, -0.041, -1.156, fr=0.547
p:0.942, -0.243, -0.276, fr=0.011
p:0.945, 0.254, -1.632
p:0.939, -0.199, -0.194
p:0.36, -0.158, -1.249
j:0, 1, stif=0.79
j:2, 1
j:3, 1
j:4, 0
n:j=0, d=|
n:j=2, d=|:p=0.331
n:d=*
c:0, 2, 5.642
",6.7753400237552605e-06,feasible,21
15,0,19,"//0
p:0.598, -0.041, -1.156, fr=0.547
p:0.942, -0.243, -0.276, fr=0.011
p:0.945, 0.254, -1.632
p:0.939, -0.199, -0.194
p:0.36, -0.158, -1.249
j:0, 1, stif=0.79
j:2, 1
j:3, 1
j:4, 0
n:j=0, d=|
n:j=2, d=|:p=0.331
n:d=*
c:0, 2, 2.532
",6.7753400237552605e-06,"//0
p:0.598, -0.041, -1.156, fr=0.547
p:0.942, -0.243, -0.276, fr=0.011
p:0.945, 0.254, -1.632
p:0.939, -0.199, -0.194
p:0.36, -0.158, -1.249
j:0, 1, stif=0.79
j:2, 1
j:3, 1
j:4, 0, stif=0.919
n:j=0, d=|
n:j=2, d=|:p=0.331
n:d=*
c:0, 2, 2.532
",8.063754399482105e-06,feasible,21
15,0,19,"//0
p:0.598, -0.041, -1.156, fr=0.547
p:0.942, -0.243, -0.276, fr=0.011
p:0.945, 0.254, -1.632
p:0.939, -0.199, -0.194
p:0.36, -0.158, -1.249
j:0, 1, stif=0.79
j:2, 1
j:3, 1
j:4, 0
n:j=0, d=|
n:j=2, d=|:p=0.331
n:d=*
c:0, 2, 2.532
",6.7753400237552605e-06,"//0
p:0.598, -0.041, -1.156, fr=0.547
p:0.942, -0.243, -0.276, fr=0.011
p:0.939, -0.199, -0.194
p:0.36, -0.158, -1.249
j:0, 1, stif=0.79
j:2, 1
j:3, 0
n:j=0, d=|
n:j=1, d=|:p=0.331
n:d=*
c:0, 2, 2.532
",9.80015872239115e-06,feasible,21
15,0,19,"//0
p:0.598, -0.041, -1.156, fr=0.547
p:0.942, -0.243, -0.276, fr=0.011
p:0.945, 0.254, -1.632
p:0.939, -0.199, -0.194
p:0.36, -0.158, -1.249
j:0, 1, stif=0.79
j:2, 1
j:3, 1
j:4, 0
n:j=0, d=|
n:j=2, d=|:p=0.331
n:d=*
c:0, 2, 2.532
",6.7753400237552605e-06,"//0
p:0.598, -0.041, -1.156, fr=0.547
p:0.942, -0.243, -0.276, fr=0.011
p:0.945, 0.254, -1.632
p:0.939, -0.199, -0.194
p:0.36, -0.158, -1.249
j:0, 1, stif=0.79
j:2, 1
j:3, 1
j:4, 0
n:j=0, d=|
n:j=2, d=|:p=0.331
n:d=*
c:0, 2, 2.587
",6.7753400237552605e-06,feasible,21
15,0,20,"//0
p:0.598, -0.041, -1.156, fr=0.547
p:0.942, -0.243, -0.276, fr=0.011
p:0.945, 0.254, -1.632
p:0.939, -0.199, -0.194
p:0.36, -0.158, -1.249
j:0, 1, stif=0.79
j:2, 1
j:3, 1
j:4, 0, stif=0.915
n:j=0, d=|
n:j=2, d=|:p=0.331
n:d=*
c:0, 2, 2.532
",8.156364457833472e-06,"//0
p:0.598, -0.041, -1.156, fr=0.547
p:0.942, -0.243, -0.276, fr=0.011
p:0.945, 0.254, -1.632
p:0.939, -0.199, -0.194
p:0.36, -0.158, -1.249
p:-0.007, -0.336, -1.291
j:0, 1, stif=0.79
j:2, 1
j:3, 1
j:4, 0, stif=0.915
j:5, 0
n:j=0, d=|
n:j=2, d=|:p=0.331
n:d=*
c:0, 2, 2.532
",1.7673269869521195e-05,feasible,22
15,0,20,"//0
p:0.598, -0.041, -1.156, fr=0.547
p:0.942, -0.243, -0.276, fr=0.011
p:0.945, 0.254, -1.632
p:0.939, -0.199, -0.194
p:0.36, -0.158, -1.249
j:0, 1, stif=0.79
j:2, 1
j:3, 1
j:4, 0, stif=0.915
n:j=0, d=|
n:j=2, d=|:p=0.331
n:d=*
c:0, 2, 2.532
",8.156364457833472e-06,"//0
p:0.598, -0.041, -1.156, fr=0.547
p:0.942, -0.243, -0.276, fr=0.011
p:0.945, 0.254, -1.632
p:0.939, -0.199, -0.194
p:0.508, -0.068, -1.257
j:0, 1, stif=0.79
j:2, 1
j:3, 1
j:4, 0, stif=0.915
n:j=0, d=|
n:j=2, d=|:p=0.331
n:d=*
c:0, 2, 2.532
",3.7925254803365624e-06,feasible,22
15,0,20,"//0
p:0.598, -0.041, -1.156, fr=0.547
p:0.942, -0.243, -0.276, fr=0.011
p:0.945, 0.254, -1.632
p:0.939, -0.199, -0.194
p:0.36, -0.158, -1.249
j:0, 1, stif=0.79
j:2, 1
j:3, 1
j:4, 0, stif=0.915
n:j=0, d=|
n:j=2, d=|:p=0.331
n:d=*
c:0, 2, 2.532
",8.156364457833472e-06,"//0
p:0.598, -0.041, -1.156, fr=0.547
p:0.942, -0.243, -0.276, fr=0.011
p:0.945, 0.254, -1.632
p:0.939, -0.199, -0.194
p:0.36, -0.158, -1.249
j:0, 1, stif=0.79
j:2, 1
j:3, 1
j:4, 0, stif=0.915
n:j=0, d=|
n:j=2, d=|:p=0.331
n:d=*
n:j=3, d=G
c:0, 2, 2.532
c:1, 3, 2.133
",1.616715443252892e-05,feasible,22
15,0,20,"//0
p:0.598, -0.041, -1.156, fr=0.547
p:0.942, -0.243, -0.276, fr=0.011
p:0.945, 0.254, -1.632
p:0.939, -0.199, -0.194
p:0.36, -0.158, -1.249
j:0, 1, stif=0.79
j:2, 1
j:3, 1
j:4, 0, stif=0.915
n:j=0, d=|
n:j=2, d=|:p=0.331
n:d=*
c:0, 2, 2.532
",8.156364457833472e-06,"//0
p:0.598, -0.041, -1.156, fr=0.547
p:0.942, -0.243, -0.276, fr=0.011
p:0.945, 0.254, -1.632
p:0.939, -0.199, -0.194
p:0.36, -0.158, -1.249
j:0, 1, stif=0.79
j:2, 1
j:3, 1
j:4, 0, stif=0.915
n:j=0, d=|
n:d=*
c:0, 1, 2.532
",7.301454631273658e-06,feasible,22
15,0,20,"//0
p:0.598, -0.041, -1.156, fr=0.547
p:0.942, -0.243, -0.276, fr=0.011
p:0.945, 0.254, -1.632
p:0.939, -0.199, -0.194
p:0.36, -0.158, -1.249
j:0, 1, stif=0.79
j:2, 1
j:3, 1
j:4, 0, stif=0.915
n:j=0, d=|
n:j=2, d=|:p=0.331
n:d=*
c:0, 2, 2.532
",8.156364457833472e-06,"//0
p:0.598, -0.041, -1.156, fr=0.547
p:0.942, -0.243, -0.276, fr=0.011
p:0.945, 0.254, -1.632
p:0.939, -0.199, -0.194
p:0.36, -0.158, -1.249
j:0, 4, stif=0.79
j:2, 4
j:3, 4
j:1, 0, stif=0.915
n:j=0, d=|
n:j=2, d=|:p=0.331
n:d=*
c:0, 2, 2.532
",9.326431640599579e-06,feasible,22
15,0,20,"//0
p:0.598, -0.041, -1.156, fr=0.547
p:0.942, -0.243, -0.276, fr=0.011
p:0.945, 0.254, -1.632
p:0.939, -0.199, -0.194
p:0.36, -0.158, -1.249
j:0, 1, stif=0.79
j:2, 1
j:3, 1
j:4, 0, stif=0.915
n:j=0, d=|
n:j=2, d=|:p=0.331
n:d=*
c:0, 2, 2.532
",8.156364457833472e-06,"//0
p:0.598, -0.041, -1.156, fr=0.547
p:0.942, -0.243, -0.276, fr=0.011
p:0.945, 0.254, -1.632
p:0.939, -0.199, -0.194
p:0.36, -0.158, -1.249
j:0, 1, stif=0.79
j:2, 1, stif=0.949
j:3, 1
j:4, 0, stif=0.915
n:j=0, d=|
n:j=2, d=|:p=0.331
n:d=*
c:0, 2, 2.532
",8.176989334420876e-06,feasible,22
15,0,20,"//0
p:0.598, -0.041, -1.156, fr=0.547
p:0.942, -0.243, -0.276, fr=0.011
p:0.945, 0.254, -1.632
p:0.939, -0.199, -0.194
p:0.36, -0.158, -1.249
j:0, 1, stif=0.79
j:2, 1
j:3, 1
j:4, 0, stif=0.915
n:j=0, d=|
n:j=2, d=|:p=0.331
n:d=*
c:0, 2, 2.532
",8.156364457833472e-06,"//0
p:0.598, -0.041, -1.156, fr=0.547
p:0.942, -0.243, -0.276, fr=0.011
p:0.945, 0.254, -1.632
p:0.939, -0.199, -0.194
p:0.36, -0.158, -1.249
j:0, 1, stif=0.79
j:2, 1
j:3, 1
j:4, 0, stif=0.915
n:j=0, d=|
n:j=2, d=|:p=0.331
n:d=*
n:
c:0, 2, 2.532
c:1, 3, 1.741
",8.156364457833472e-06,feasible,22
15,0,20,"//0
p:0.598, -0.041, -1.156, fr=0.547
p:0.942, -0.243, -0.276, fr=0.011
p:0.945, 0.254, -1.632
p:0.939, -0.199, -0.194
p:0.36, -0.158, -1.249
j:0, 1, stif=0.79
j:2, 1
j:3, 1
j:4, 0, stif=0.915
n:j=0, d=|
n:j=2, d=|:p=0.331
n:d=*
c:0, 2, 2.532
",8.156364457833472e-06,"//0
p:0.598, -0.041, -1.156, fr=0.547
p:0.942, -0.243, -0.276, fr=0.011, ing=0.208
p:0.945, 0.254, -1.632
p:0.939, -0.199, -0.194
p:0.36, -0.158, -1.249
j:0, 1, stif=0.79
j:2, 1
j:3, 1
j:4, 0, stif=0.915
n:j=0, d=|
n:j=2, d=|:p=0.331
n:d=*
c:0, 2, 2.532
",8.156364457833472e-06,feasible,22
15,0,20,"//0
p:0.598, -0.041, -1.156, fr=0.547
p:0.942, -0.243, -0.276, fr=0.011
p:0.945, 0.254, -1.632
p:0.939, -0.199, -0.194
p:0.36, -0.158, -1.249
j:0, 1, stif=0.79
j:2, 1
j:3, 1
j:4, 0, stif=0.915
n:j=0, d=|
n:j=2, d=|:p=0.331
n:d=*
c:0, 2, 2.532
",8.156364457833472e-06,"//0
p:0.598, -0.041, -1.156, fr=0.547
p:0.942, -0.243, -0.276, fr=0.011
p:0.945, 0.254, -1.632
p:0.939, -0.199, -0.194
p:0.36, -0.158, -1.249
j:0, 1, stif=0.79
j:2, 1
j:3, 1
j:4, 0, stif=0.915
n:j=0, d=|
n:j=2, d=""|:p=0.331, r=0.928""
n:d=*
c:0, 2, 2.532
",8.156364457833472e-06,feasible,22
15,0,20,"//0
p:0.598, -0.041, -1.156, fr=0.547
p:0.942, -0.243, -0.276, fr=0.011
p:0.945, 0.254, -1.632
p:0.939, -0.199, -0.194
p:0.36, -0.158, -1.249
j:0, 1, stif=0.79
j:2, 1
j:3, 1
j:4, 0, stif=0.915
n:j=0, d=|
n:j=2, d=|:p=0.331
n:d=*
c:0, 2, 2.532
",8.156364457833472e-06,"//0
p:0.598, -0.041, -1.156, fr=0.547
p:0.942, -0.243, -0.276, fr=0.011
p:0.945, 0.254, -1.632
p:0.939, -0.199, -0.194
p:0.36, -0.158, -1.249
p:1.497, 0.433, -2.554
j:0, 1, stif=0.79
j:2, 1
j:3, 1
j:4, 0, stif=0.915
j:5, 2
n:j=0, d=|
n:j=2, d=|:p=0.331
n:d=*
c:0, 2, 2.532
",5.027181794451367e-06,feasible,22
15,0,20,"//0
p:0.598, -0.041, -1.156, fr=0.547
p:0.942, -0.243, -0.276, fr=0.011
p:0.945, 0.254, -1.632
p:0.939, -0.199, -0.194
p:0.36, -0.158, -1.249
j:0, 1, stif=0.79
j:2, 1
j:3, 1
j:4, 0, stif=0.915
n:j=0, d=|
n:j=2, d=|:p=0.331
n:d=*
c:0, 2, 2.532
",8.156364457833472e-06,"//0
p:0.598, -0.041, -1.156, fr=0.547
p:0.942, -0.243, -0.276, fr=0.011
p:0.945, 0.254, -1.632
p:0.939, -0.199, -0.194
p:0.36, -0.158, -1.249
j:0, 1, stif=0.79
j:2, 1
j:3, 1
j:4, 0, stif=0.915
n:j=0, d=|:p=0.237
n:j=2, d=|:p=0.331
n:d=*
c:0, 2, 2.532
",8.046533206400171e-06,feasible,22
15,0,20,"//0
p:0.598, -0.041, -1.156, fr=0.547
p:0.942, -0.243, -0.276, fr=0.011
p:0.945, 0.254, -1.632
p:0.939, -0.199, -0.194
p:0.36, -0.158, -1.249
j:0, 1, stif=0.79
j:2, 1
j:3, 1
j:4, 0, stif=0.915
n:j=0, d=|
n:j=2, d=|:p=0.331
n:d=*
c:0, 2, 2.532
",8.156364457833472e-06,"//0
p:0.598, -0.041, -1.156, fr=0.547
p:0.942, -0.243, -0.276, fr=0.011
p:0.945, 0.254, -1.632
p:0.939, -0.199, -0.194
p:0.36, -0.158, -1.249
j:0, 1, stif=0.79
j:2, 1
j:3, 1
j:4, 0, stif=0.915
j:4, 3
n:j=0, d=|
n:j=2, d=|:p=0.331
n:d=*
c:0, 2, 2.532
",2.4958386230201947e-07,feasible,22
15,0,20,"//0
p:0.598, -0.041, -1.156, fr=0.547
p:0.942, -0.243, -0.276, fr=0.011
p:0.945, 0.254, -1.632
p:0.939, -0.199, -0.194
p:0.36, -0.158, -1.249
j:0, 1, stif=0.79
j:2, 1
j:3, 1
j:4, 0, stif=0.915
n:j=0, d=|
n:j=2, d=|:p=0.331
n:d=*
c:0, 2, 2.532
",8.156364457833472e-06,"//0
p:0.598, -0.041, -1.156, fr=0.547
p:0.942, -0.243, -0.276, fr=0.011
p:0.945, 0.254, -1.632
p:0.939, -0.199, -0.194
p:0.36, -0.158, -1.249
j:0, 1, stif=0.79
j:2, 1
j:3, 1
j:4, 0, stif=0.915
n:j=0, d=|
n:j=2, d=|:p=0.331
n:d=*
c:0, 2, 2.532
c:1, 2, -0.376
",6.287949604039232e-06,feasible,22
15,0,20,"//0
p:0.598, -0.041, -1.156, fr=0.547
p:0.942, -0.243, -0.276, fr=0.011
p:0.945, 0.254, -1.632
p:0.939, -0.199, -0.194
p:0.36, -0.158, -1.249
j:0, 1, stif=0.79
j:2, 1
j:3, 1
j:4, 0, stif=0.915
n:j=0, d=|
n:j=2, d=|:p=0.331
n:d=*
c:0, 2, 2.532
",8.156364457833472e-06,"//0
p:0.598, -0.041, -1.156, fr=0.547
p:0.942, -0.243, -0.276, fr=0.011
p:0.945, 0.254, -1.632
p:0.939, -0.199, -0.194
p:0.36, -0.158, -1.249
j:0, 1, stif=0.79
j:2, 1
j:3, 1
j:4, 0, stif=0.915, rotstif=0.865
n:j=0, d=|
n:j=2, d=|:p=0.331
n:d=*
c:0, 2, 2.532
",8.156364457833472e-06,feasible,22
15,0,20,"//0
p:0.598, -0.041, -1.156, fr=0.547
p:0.942, -0.243, -0.276, fr=0.011
p:0.945, 0.254, -1.632
p:0.939, -0.199, -0.194
p:0.36, -0.158, -1.249
j:0, 1, stif=0.79
j:2, 1
j:3, 1
j:4, 0, stif=0.915
n:j=0, d=|
n:j=2, d=|:p=0.331
n:d=*
c:0, 2, 2.532
",8.156364457833472e-06,"//0
p:0.598, -0.041, -1.156, fr=0.547
p:0.942, -0.243, -0.276, fr=0.011
p:0.945, 0.254, -1.632
p:0.939, -0.199, -0.194
p:0.36, -0.158, -1.249
j:0, 1, stif=0.79
j:2, 1
j:3, 1
j:4, 0, stif=0.915
n:j=0, d=|
n:j=2, d=|:p=0.331
n:d=*
",3.8691556979071187e-07,feasible,22
15,0,20,"//0
p:0.598, -0.041, -1.156, fr=0.547
p:0.942, -0.243, -0.276, fr=0.011
p:0.945, 0.254, -1.632
p:0.939, -0.199, -0.194
p:0.36, -0.158, -1.249
j:0, 1, stif=0.79
j:2, 1
j:3, 1
j:4, 0, stif=0.915
n:j=0, d=|
n:j=2, d=|:p=0.331
n:d=*
c:0, 2, 2.532
",8.156364457833472e-06,"//0
p:0.598, -0.041, -1.156, fr=0.547
p:0.942, -0.243, -0.276, fr=0.011
p:0.945, 0.254, -1.632
p:0.939, -0.199, -0.194
p:0.36, -0.158, -1.249
j:0, 1, stif=0.79
j:2, 1
j:3, 1
j:4, 0, stif=0.926
n:j=0, d=|
n:j=2, d=|:p=0.331
n:d=*
c:0, 2, 2.532
",8.009895438148794e-06,feasible,22
15,0,20,"//0
p:0.598, -0.041, -1.156, fr=0.547
p:0.942, -0.243, -0.276, fr=0.011
p:0.945, 0.254, -1.632
p:0.939, -0.199, -0.194
p:0.36, -0.158, -1.249
j:0, 1, stif=0.79
j:2, 1
j:3, 1
j:4, 0, stif=0.915
n:j=0, d=|
n:j=2, d=|:p=0.331
n:d=*
c:0, 2, 2.532
",8.156364457833472e-06,"//0
p:0.598, -0.041, -1.156, fr=0.725
p:0.942, -0.243, -0.276, fr=0.011
p:0.945, 0.254, -1.632
p:0.939, -0.199, -0.194
p:0.36, -0.158, -1.249
j:0, 1, stif=0.79
j:2, 1
j:3, 1
j:4, 0, stif=0.915
n:j=0, d=|
n:j=2, d=|:p=0.331
n:d=*
c:0, 2, 2.532
",7.666581452572597e-06,feasible,22
15,0,20,"//0
p:0.598, -0.041, -1.156, fr=0.547
p:0.942, -0.243, -0.276, fr=0.011
p:0.945, 0.254, -1.632
p:0.939, -0.199, -0.194
p:0.36, -0.158, -1.249
j:0, 1, stif=0.79
j:2, 1
j:3, 1
j:4, 0, stif=0.915
n:j=0, d=|
n:j=2, d=|:p=0.331
n:d=*
c:0, 2, 2.532
",8.156364457833472e-06,"//0
p:0.598, -0.041, -1.156, fr=0.547
p:1.263, -0.159, -0.54, fr=0.011
p:0.945, 0.254, -1.632
p:0.939, -0.199, -0.194
p:0.36, -0.158, -1.249
j:0, 1, stif=0.79
j:2, 1
j:3, 1
j:4, 0, stif=0.915
n:j=0, d=|
n:j=2, d=|:p=0.331
n:d=*
c:0, 2, 2.532
",1.1360108931883295e-05,feasible,22
15,0,20,"//0
p:0.598, -0.041, -1.156, fr=0.547
p:0.942, -0.243, -0.276, fr=0.011
p:0.945, 0.254, -1.632
p:0.939, -0.199, -0.194
p:0.36, -0.158, -1.249
j:0, 1, stif=0.79
j:2, 1
j:3, 1
j:4, 0, stif=0.915
n:j=0, d=|
n:j=2, d=|:p=0.331
n:d=*
c:0, 2, 2.532
",8.156364457833472e-06,"//0
p:0.598, -0.041, -1.156, fr=0.547
p:0.942, -0.243, -0.276, fr=0.011
p:0.945, 0.254, -1.632
p:0.939, -0.199, -0.194
p:0.36, -0.158, -1.249
j:0, 1, stif=0.79
j:3, 1
j:2, 1
j:4, 0, stif=0.915
n:j=0, d=|
n:j=2, d=|:p=0.331
n:d=*
c:0, 2, 2.532
",7.98441442235073e-06,feasible,22
15,0,20,"//0
p:0.598, -0.041, -1.156, fr=0.547
p:0.942, -0.243, -0.276, fr=0.011
p:0.945, 0.254, -1.632
p:0.939, -0.199, -0.194
p:0.36, -0.158, -1.249
j:0, 1, stif=0.79
j:2, 1
j:3, 1
j:4, 0, stif=0.915
n:j=0, d=|
n:j=2, d=|:p=0.331
n:d=*
c:0, 2, 2.532
",8.156364457833472e-06,"//0
p:0.598, -0.041, -1.156, fr=0.547
p:0.942, -0.243, -0.276, fr=0.011
p:0.945, 0.254, -1.632
p:0.939, -0.199, -0.194
j:0, 1, stif=0.79
j:2, 1
j:3, 1
n:j=0, d=|
n:j=2, d=|:p=0.331
n:d=*
c:0, 2, 2.532
",1.4821729301544457e-06,feasible,22
15,0,21,"//0
p:0.598, -0.041, -1.156, fr=0.547
p:0.942, -0.243, -0.276, fr=0.011
p:0.945, 0.254, -1.632
p:0.939, -0.199, -0.194
p:0.36, -0.158, -1.249
p:-1.332, -0.502, -0.931
j:0, 1, stif=0.79
j:2, 1
j:3, 1
j:4, 0, stif=0.915
j:5, 0
n:j=0, d=|
n:j=2, d=|:p=0.331
n:d=*
c:0, 2, 2.532
",1.8630186888926714e-05,"//0
p:0.598, -0.041, -1.156, fr=0.547
p:0.942, -0.243, -0.276, fr=0.011
p:0.945, 0.254, -1.632
p:0.939, -0.199, -0.194
p:0.36, -0.158, -1.249
p:-1.332, -0.502, -0.931
j:0, 1, stif=0.79
j:2, 1
j:3, 1
j:4, 0, stif=0.915
j:5, 0
n:j=0, d=|
n:j=2, d=|:p=0.331
n:d=*
",8.550798014436969e-08,feasible,24
15,0,21,"//0
p:0.598, -0.041, -1.156, fr=0.547
p:0.942, -0.243, -0.276, fr=0.011
p:0.945, 0.254, -1.632
p:0.939, -0.199, -0.194
p:0.36, -0.158, -1.249
p:-1.332, -0.502, -0.931
j:0, 1, stif=0.79
j:2, 1
j:3, 1
j:4, 0, stif=0.915
j:5, 0
n:j=0, d=|
n:j=2, d=|:p=0.331
n:d=*
c:0, 2, 2.532
",1.8630186888926714e-05,"//0
p:0.598, -0.041, -1.156, fr=0.547
p:0.942, -0.243, -0.276, fr=0.011
p:0.945, 0.254, -1.632
p:0.939, -0.199, -0.194
p:0.36, -0.158, -1.249
p:-1.332, -0.502, -0.931
j:0, 1, stif=0.79
j:2, 1
j:3, 1
j:4, 0, stif=0.915
j:5, 0
n:j=2, d=|:p=0.331
n:d=*
",1.2429703193306217e-08,feasible,24
15,0,21,"//0
p:0.598, -0.041, -1.156, fr=0.547
p:0.942, -0.243, -0.276, fr=0.011
p:0.945, 0.254, -1.632
p:0.939, -0.199, -0.194
p:0.36, -0.158, -1.249
p:-1.332, -0.502, -0.931
j:0, 1, stif=0.79
j:2, 1
j:3, 1
j:4, 0, stif=0.915
j:5, 0
n:j=0, d=|
n:j=2, d=|:p=0.331
n:d=*
c:0, 2, 2.532
",1.8630186888926714e-05,"//0
p:0.598, -0.041, -1.156, fr=0.547
p:0.942, -0.243, -0.276, fr=0.011
p:0.945, 0.254, -1.632
p:0.939, -0.199, -0.194
p:0.36, -0.158, -1.249
p:-1.332, -0.502, -0.931
j:0, 1, stif=0.79
j:2, 1
j:3, 1
j:4, 0, stif=0.915
j:5, 0
n:j=0, d=|
n:j=2, d=""|:p=0.331, r=0.89""
n:d=*
c:0, 2, 2.532
",1.8630186888926714e-05,feasible,24
15,0,21,"//0
p:0.598, -0.041, -1.156, fr=0.547
p:0.942, -0.243, -0.276, fr=0.011
p:0.945, 0.254, -1.632
p:0.939, -0.199, -0.194
p:0.36, -0.158, -1.249
p:-1.332, -0.502, -0.931
j:0, 1, stif=0.79
j:2, 1
j:3, 1
j:4, 0, stif=0.915
j:5, 0
n:j=0, d=|
n:j=2, d=|:p=0.331
n:d=*
c:0, 2, 2.532
",1.8630186888926714e-05,"//0
p:0.598, -0.041, -1.156, fr=0.547, ing=0.318
p:0.942, -0.243, -0.276, fr=0.011
p:0.945, 0.254, -1.632
p:0.939, -0.199, -0.194
p:0.36, -0.158, -1.249
p:-1.332, -0.502, -0.931
j:0, 1, stif=0.79
j:2, 1
j:3, 1
j:4, 0, stif=0.915
j:5, 0
n:j=0, d=|
n:j=2, d=|:p=0.331
n:d=*
c:0, 2, 2.532
",1.8630186888926714e-05,feasible,24
15,0,21,"//0
p:0.598, -0.041, -1.156, fr=0.547
p:0.942, -0.243, -0.276, fr=0.011
p:0.945, 0.254, -1.632
p:0.939, -0.199, -0.194
p:0.36, -0.158, -1.249
p:-1.332, -0.502, -0.931
j:0, 1, stif=0.79
j:2, 1
j:3, 1
j:4, 0, stif=0.915
j:5, 0
n:j=0, d=|
n:j=2, d=|:p=0.331
n:d=*
c:0, 2, 2.532
",1.8630186888926714e-05,"//0
p:0.598, -0.041, -1.156, fr=0.547
p:0.942, -0.243, -0.276, fr=0.011
p:0.945, 0.254, -1.632
p:0.939, -0.199, -0.194
p:0.36, -0.158, -1.249
p:-1.332, -0.502, -0.931
j:0, 1, stif=0.79
j:2, 1, rotstif=0.865
j:3, 1
j:4, 0, stif=0.915
j:5, 0
n:j=0, d=|
n:j=2, d=|:p=0.331
n:d=*
c:0, 2, 2.532
",1.8630186888926714e-05,feasible,24
15,0,21,"//0
p:0.598, -0.041, -1.156, fr=0.547
p:0.942, -0.243, -0.276, fr=0.011
p:0.945, 0.254, -1.632
p:0.939, -0.199, -0.194
p:0.36, -0.158, -1.249
p:-1.332, -0.502, -0.931
j:0, 1, stif=0.79
j:2, 1
j:3, 1
j:4, 0, stif=0.915
j:5, 0
n:j=0, d=|
n:j=2, d=|:p=0.331
n:d=*
c:0, 2, 2.532
",1.8630186888926714e-05,"//0
p:0.598, -0.041, -1.156, fr=0.547
p:0.942, -0.243, -0.276, fr=0.011
p:0.945, 0.254, -1.632
p:0.939, -0.199, -0.194
p:0.36, -0.158, -1.249
p:-1.332, -0.502, -0.931
j:0, 1, stif=0.79
j:2, 1
j:3, 1
j:4, 0, stif=0.915
j:5, 0
n:j=0, d=|
n:d=*
c:0, 1, 2.532
",1.9106243807497414e-05,feasible,24
15,0,21,"//0
p:0.598, -0.041, -1.156, fr=0.547
p:0.942, -0.243, -0.276, fr=0.011
p:0.945, 0.254, -1.632
p:0.939, -0.199, -0.194
p:0.36, -0.158, -1.249
p:-1.332, -0.502, -0.931
j:0, 1, stif=0.79
j:2, 1
j:3, 1
j:4, 0, stif=0.915
j:5, 0
n:j=0, d=|
n:j=2, d=|:p=0.331
n:d=*
c:0, 2, 2.532
",1.8630186888926714e-05,"//0
p:0.598, -0.041, -1.156, fr=0.547
p:0.942, -0.243, -0.276, fr=0.011
p:0.945, 0.254, -1.632
p:0.36, -0.158, -1.249
p:-1.332, -0.502, -0.931
j:0, 1, stif=0.79
j:2, 1
j:3, 0, stif=0.915
j:4, 0
n:j=0, d=|
n:d=*
c:0, 1, 2.532
",2.0548432235349255e-05,feasible,24
15,0,21,"//0
p:0.598, -0.041, -1.156, fr=0.547
p:0.942, -0.243, -0.276, fr=0.011
p:0.945, 0.254, -1.632
p:0.939, -0.199, -0.194
p:0.36, -0.158, -1.249
p:-1.332, -0.502, -0.931
j:0, 1, stif=0.79
j:2, 1
j:3, 1
j:4, 0, stif=0.915
j:5, 0
n:j=0, d=|
n:j=2, d=|:p=0.331
n:d=*
c:0, 2, 2.532
",1.8630186888926714e-05,"//0
p:0.598, -0.041, -1.156, fr=0.547
p:0.942, -0.243, -0.276, fr=0.011
p:0.945, 0.254, -1.632
p:0.939, -0.199, -0.194
p:0.36, -0.158, -1.249
p:-1.332, -0.502, -0.931
j:0, 2, stif=0.79
j:1, 2
j:3, 2
j:4, 0, stif=0.915
j:5, 0
n:j=0, d=|
n:j=2, d=|:p=0.331
n:d=*
c:0, 2, 2.532
",4.121944824599295e-05,feasible,24
15,0,21,"//0
p:0.598, -0.041, -1.156, fr=0.547
p:0.942, -0.243, -0.276, fr=0.011
p:0.945, 0.254, -1.632
p:0.939, -0.199, -0.194
p:0.36, -0.158, -1.249
p:-1.332, -0.502, -0.931
j:0, 1, stif=0.79
j:2, 1
j:3, 1
j:4, 0, stif=0.915
j:5, 0
n:j=0, d=|
n:j=2, d=|:p=0.331
n:d=*
c:0, 2, 2.532
",1.8630186888926714e-05,"//0
p:0.598, -0.041, -1.156, fr=0.547
p:0.996, -0.332, -0.338, fr=0.011
p:0.945, 0.254, -1.632
p:0.939, -0.199, -0.194
p:0.36, -0.158, -1.249
p:-1.332, -0.502, -0.931
j:0, 1, stif=0.79
j:2, 1
j:3, 1
j:4, 0, stif=0.915
j:5, 0
n:j=0, d=|
n:j=2, d=|:p=0.331
n:d=*
c:0, 2, 2.532
",2.1483450626593607e-05,feasible,24
15,0,21,"//0
p:0.598, -0.041, -1.156, fr=0.547
p:0.942, -0.243, -0.276, fr=0.011
p:0.945, 0.254, -1.632
p:0.939, -0.199, -0.194
p:0.36, -0.158, -1.249
p:-1.332, -0.502, -0.931
j:0, 1, stif=0.79
j:2, 1
j:3, 1
j:4, 0, stif=0.915
j:5, 0
n:j=0, d=|
n:j=2, d=|:p=0.331
n:d=*
c:0, 2, 2.532
",1.8630186888926714e-05,"//0
p:0.598, -0.041, -1.156, fr=0.547
p:0.942, -0.243, -0.276, fr=0.011
p:0.945, 0.254, -1.632
p:0.939, -0.199, -0.194
p:0.36, -0.158, -1.249, fr=0.45
p:-1.332, -0.502, -0.931
j:0, 1, stif=0.79
j:2, 1
j:3, 1
j:4, 0, stif=0.915
j:5, 0
n:j=0, d=|
n:j=2, d=|:p=0.331
n:d=*
c:0, 2, 2.532
",1.8885553475733696e-05,feasible,24
15,0,21,"//0
p:0.598, -0.041, -1.156, fr=0.547
p:0.942, -0.243, -0.276, fr=0.011
p:0.945, 0.254, -1.632
p:0.939, -0.199, -0.194
p:0.36, -0.158, -1.249
p:-1.332, -0.502, -0.931
j:0, 1, stif=0.79
j:2, 1
j:3, 1
j:4, 0, stif=0.915
j:5, 0
n:j=0, d=|
n:j=2, d=|:p=0.331
n:d=*
c:0, 2, 2.532
",1.8630186888926714e-05,"//0
p:0.598, -0.041, -1.156, fr=0.547
p:0.942, -0.243, -0.276, fr=0.011
p:0.945, 0.254, -1.632
p:0.939, -0.199, -0.194
p:0.36, -0.158, -1.249
p:-1.332, -0.502, -0.931
p:2.14, 0.437, -1.618
j:0, 1, stif=0.79
j:2, 1
j:3, 1
j:4, 0, stif=0.915
j:5, 0
j:6, 0
n:j=0, d=|
n:j=2, d=|:p=0.331
n:d=*
c:0, 2, 2.532
",1.3180883391666237e-05,feasible,24
15,0,21,"//0
p:0.598, -0.041, -1.156, fr=0.547
p:0.942, -0.243, -0.276, fr=0.011
p:0.945, 0.254, -1.632
p:0.939, -0.199, -0.194
p:0.36, -0.158, -1.249
p:-1.332, -0.502, -0.931
j:0, 1, stif=0.79
j:2, 1
j:3, 1
j:4, 0, stif=0.915
j:5, 0
n:j=0, d=|
n:j=2, d=|:p=0.331
n:d=*
c:0, 2, 2.532
",1.8630186888926714e-05,"//0
p:0.598, -0.041, -1.156, fr=0.547
p:0.942, -0.243, -0.276, fr=0.011
p:0.945, 0.254, -1.632
p:0.939, -0.199, -0.194
p:0.36, -0.158, -1.249
p:-1.332, -0.502, -0.931
j:0, 1, stif=0.79
j:2, 1
j:3, 1
j:4, 0, stif=0.915
j:5, 0
j:3, 0
n:j=0, d=|
n:j=2, d=|:p=0.331
n:d=*
c:0, 2, 2.532
",5.032903359467017e-07,feasible,24
15,0,21,"//0
p:0.598, -0.041, -1.156, fr=0.547
p:0.942, -0.243, -0.276, fr=0.011
p:0.945, 0.254, -1.632
p:0.939, -0.199, -0.194
p:0.36, -0.158, -1.249
p:-1.332, -0.502, -0.931
j:0, 1, stif=0.79
j:2, 1
j:3, 1
j:4, 0, stif=0.915
j:5, 0
n:j=0, d=|
n:j=2, d=|:p=0.331
n:d=*
c:0, 2, 2.532
",1.8630186888926714e-05,"//0
p:0.598, -0.041, -1.156, fr=0.547
p:0.942, -0.243, -0.276, fr=0.011
p:0.945, 0.254, -1.632
p:0.939, -0.199, -0.194
p:0.36, -0.158, -1.249
p:-1.332, -0.502, -0.931
j:0, 1, stif=0.79
j:2, 1
j:3, 1
j:4, 0, stif=0.915
j:5, 0
n:j=0, d=|:p=0.317
n:j=2, d=|:p=0.331
n:d=*
c:0, 2, 2.532
",1.910456383135666e-05,feasible,24
15,0,21,"//0
p:0.598, -0.041, -1.156, fr=0.547
p:0.942, -0.243, -0.276, fr=0.011
p:0.945, 0.254, -1.632
p:0.939, -0.199, -0.194
p:0.36, -0.158, -1.249
p:-1.332, -0.502, -0.931
j:0, 1, stif=0.79
j:2, 1
j:3, 1
j:4, 0, stif=0.915
j:5, 0
n:j=0, d=|
n:j=2, d=|:p=0.331
n:d=*
c:0, 2, 2.532
",1.8630186888926714e-05,"//0
p:0.598, -0.041, -1.156, fr=0.547
p:0.942, -0.243, -0.276, fr=0.011
p:0.945, 0.254, -1.632
p:0.939, -0.199, -0.194
p:0.36, -0.158, -1.249
p:-1.332, -0.502, -0.931
j:0, 1, stif=0.79
j:2, 1
j:3, 1
j:4, 0, stif=0.915
j:5, 0
n:j=0, d=|
n:j=2, d=|:p=0.331
n:d=*
n:j=0, d=G
c:0, 2, 2.532
c:1, 3, 3.154
",1.8974562887520078e-05,feasible,24
15,0,21,"//0
p:0.598, -0.041, -1.156, fr=0.547
p:0.942, -0.243, -0.276, fr=0.011
p:0.945, 0.254, -1.632
p:0.939, -0.199, -0.194
p:0.36, -0.158, -1.249
p:-1.332, -0.502, -0.931
j:0, 1, stif=0.79
j:2, 1
j:3, 1
j:4, 0, stif=0.915
j:5, 0
n:j=0, d=|
n:j=2, d=|:p=0.331
n:d=*
c:0, 2, 2.532
",1.8630186888926714e-05,"//0
p:0.598, -0.041, -1.156, fr=0.547
p:0.942, -0.243, -0.276, fr=0.011
p:0.945, 0.254, -1.632
p:0.939, -0.199, -0.194
p:0.36, -0.158, -1.249
p:-1.332, -0.502, -0.931
j:0, 1, stif=0.79
j:2, 1
j:3, 1, rotstif=0.878
j:4, 0, stif=0.915
j:5, 0
n:j=0, d=|
n:j=2, d=|:p=0.331
n:d=*
c:0, 2, 2.532
",1.8630186888926714e-05,feasible,24
15,0,21,"//0
p:0.598, -0.041, -1.156, fr=0.547
p:0.942, -0.243, -0.276, fr=0.011
p:0.945, 0.254, -1.632
p:0.939, -0.199, -0.194
p:0.36, -0.158, -1.249
p:-1.332, -0.502, -0.931
j:0, 1, stif=0.79
j:2, 1
j:3, 1
j:4, 0, stif=0.915
j:5, 0
n:j=0, d=|
n:j=2, d=|:p=0.331
n:d=*
c:0, 2, 2.532
",1.8630186888926714e-05,"//0
p:0.718, 0.053, -1.956, fr=0.547
p:0.942, -0.243, -0.276, fr=0.011
p:0.945, 0.254, -1.632
p:0.939, -0.199, -0.194
p:0.36, -0.158, -1.249
p:-1.0204336523530084, -0.4176491107589853, -1.0867831738234957
j:0, 1, stif=0.79
j:2, 1
j:3, 1
j:4, 0, stif=0.915
j:5, 0
n:j=0, d=|
n:j=2, d=|:p=0.331
n:d=*
c:0, 2, 2.532
",7.532254195209122e-06,feasible,24
15,0,21,"//0
p:0.598, -0.041, -1.156, fr=0.547
p:0.942, -0.243, -0.276, fr=0.011
p:0.945, 0.254, -1.632
p:0.939, -0.199, -0.194
p:0.36, -0.158, -1.249
p:-1.332, -0.502, -0.931
j:0, 1, stif=0.79
j:2, 1
j:3, 1
j:4, 0, stif=0.915
j:5, 0
n:j=0, d=|
n:j=2, d=|:p=0.331
n:d=*
c:0, 2, 2.532
",1.8630186888926714e-05,"//0
p:0.598, -0.041, -1.156, fr=0.547
p:0.942, -0.243, -0.276, fr=0.011
p:0.945, 0.254, -1.632
p:0.939, -0.199, -0.194
p:0.36, -0.158, -1.249
p:-1.332, -0.502, -0.931
j:0, 1, stif=0.79
j:2, 1
j:3, 1
j:4, 0, stif=0.915
j:5, 0
n:j=0, d=|
n:j=2, d=|:p=0.331
n:d=*
c:0, 2, 2.035
",1.8630186888926714e-05,feasible,24
15,0,21,"//0
p:0.598, -0.041, -1.156, fr=0.547
p:0.942, -0.243, -0.276, fr=0.011
p:0.945, 0.254, -1.632
p:0.939, -0.199, -0.194
p:0.36, -0.158, -1.249
p:-1.332, -0.502, -0.931
j:0, 1, stif=0.79
j:2, 1
j:3, 1
j:4, 0, stif=0.915
j:5, 0
n:j=0, d=|
n:j=2, d=|:p=0.331
n:d=*
c:0, 2, 2.532
",1.8630186888926714e-05,"//0
p:0.598, -0.041, -1.156, fr=0.547
p:0.942, -0.243, -0.276, fr=0.011
p:0.945, 0.254, -1.632
p:0.939, -0.199, -0.194
p:0.36, -0.158, -1.249
p:-1.119, -0.614, -0.846
j:0, 1, stif=0.79
j:2, 1
j:3, 1
j:4, 0, stif=0.915
j:5, 0
n:j=0, d=|
n:j=2, d=|:p=0.331
n:d=*
c:0, 2, 2.532
",1.9776625742998028e-05,feasible,24
15,0,21,"//0
p:0.598, -0.041, -1.156, fr=0.547
p:0.942, -0.243, -0.276, fr=0.011
p:0.945, 0.254, -1.632
p:0.939, -0.199, -0.194
p:0.36, -0.158, -1.249
p:-1.332, -0.502, -0.931
j:0, 1, stif=0.79
j:2, 1
j:3, 1
j:4, 0, stif=0.915
j:5, 0
n:j=0, d=|
n:j=2, d=|:p=0.331
n:d=*
c:0, 2, 2.532
",1.8630186888926714e-05,"//0
p:0.598, -0.041, -1.156, fr=0.547
p:0.942, -0.243, -0.276, fr=0.011
p:0.945, 0.254, -1.632
p:0.939, -0.199, -0.194
p:-1.332, -0.502, -0.931
j:0, 1, stif=0.79
j:2, 1
j:3, 1
j:4, 0
n:j=0, d=|
n:j=2, d=|:p=0.331
n:d=*
c:0, 2, 2.532
",1.2047795311138625e-05,feasible,24
15,0,21,"//0
p:0.598, -0.041, -1.156, fr=0.547
p:0.942, -0.243, -0.276, fr=0.011
p:0.945, 0.254, -1.632
p:0.939, -0.199, -0.194
p:0.36, -0.158, -1.249
p:-1.332, -0.502, -0.931
j:0, 1, stif=0.79
j:2, 1
j:3, 1
j:4, 0, stif=0.915
j:5, 0
n:j=0, d=|
n:j=2, d=|:p=0.331
n:d=*
c:0, 2, 2.532
",1.8630186888926714e-05,"//0
p:0.598, -0.041, -1.156, fr=0.547
p:0.942, -0.243, -0.276, fr=0.011
p:0.945, 0.254, -1.632
p:0.939, -0.199, -0.194
p:0.36, -0.158, -1.249
p:-1.332, -0.502, -0.931
j:0, 1, stif=0.79
j:2, 1
j:3, 1
j:4, 0, stif=0.915
j:5, 0
n:j=0, d=|
n:j=2, d=|:p=0.331
n:d=*
c:0, 2, 2.532
c:1, 2, 1.761
",1.5034189524727206e-05,feasible,24
15,0,22,"//0
p:0.598, -0.041, -1.156, fr=0.547
p:0.942, -0.243, -0.276, fr=0.011
p:0.945, 0.254, -1.632
p:0.36, -0.158, -1.249
p:-1.332, -0.502, -0.931
j:0, 1, stif=0.79
j:2, 1
j:3, 0, stif=0.915
j:4, 0
n:j=0, d=|
n:d=*
c:0, 1, 2.532
",2.0548432235349255e-05,"//0
p:0.598, -0.041, -1.156, fr=0.547
p:0.942, -0.243, -0.276, fr=0.011
p:0.945, 0.254, -1.632
p:0.36, -0.158, -1.249
p:-1.332, -0.502, -0.931
p:1.328, -1.331, -1.09
j:0, 1, stif=0.79
j:2, 1
j:3, 0, stif=0.915
j:4, 0
j:5, 2
n:j=0, d=|
n:d=*
c:0, 1, 2.532
",4.0710252634131186e-05,feasible,20
15,0,22,"//0
p:0.598, -0.041, -1.156, fr=0.547
p:0.942, -0.243, -0.276, fr=0.011
p:0.945, 0.254, -1.632
p:0.36, -0.158, -1.249
p:-1.332, -0.502, -0.931
j:0, 1, stif=0.79
j:2, 1
j:3, 0, stif=0.915
j:4, 0
n:j=0, d=|
n:d=*
c:0, 1, 2.532
",2.0548432235349255e-05,"//0
p:0.598, -0.041, -1.156, fr=0.547
p:0.942, -0.243, -0.276, fr=0.011
p:0.945, 0.254, -1.632
p:0.36, -0.158, -1.249
p:-1.332, -0.502, -0.931
j:0, 1, stif=0.79
j:2, 1
j:4, 0, stif=0.915
j:3, 0
n:j=0, d=|
n:d=*
c:0, 1, 2.532
",2.0281879572121857e-05,feasible,20
15,0,22,"//0
p:0.598, -0.041, -1.156, fr=0.547
p:0.942, -0.243, -0.276, fr=0.011
p:0.945, 0.254, -1.632
p:0.36, -0.158, -1.249
p:-1.332, -0.502, -0.931
j:0, 1, stif=0.79
j:2, 1
j:3, 0, stif=0.915
j:4, 0
n:j=0, d=|
n:d=*
c:0, 1, 2.532
",2.0548432235349255e-05,"//0
p:0.598, -0.041, -1.156, fr=0.547
p:0.942, -0.243, -0.276, fr=0.011
p:0.945, 0.254, -1.632
p:0.36, -0.158, -1.249
p:-1.332, -0.502, -0.931
j:0, 1, stif=0.79
j:2, 1
j:3, 0, stif=0.915
j:4, 0
n:j=0, d=|
n:d=*
",7.495297050791833e-09,feasible,20
15,0,22,"//0
p:0.598, -0.041, -1.156, fr=0.547
p:0.942, -0.243, -0.276, fr=0.011
p:0.945, 0.254, -1.632
p:0.36, -0.158, -1.249
p:-1.332, -0.502, -0.931
j:0, 1, stif=0.79
j:2, 1
j:3, 0, stif=0.915
j:4, 0
n:j=0, d=|
n:d=*
c:0, 1, 2.532
",2.0548432235349255e-05,"//0
p:0.598, -0.041, -1.156, fr=0.547
p:0.942, -0.243, -0.276, fr=0.011
p:0.945, 0.254, -1.632
p:0.36, -0.158, -1.249
p:-1.332, -0.502, -0.931
j:0, 1, stif=0.81
j:2, 1
j:3, 0, stif=0.915
j:4, 0
n:j=0, d=|
n:d=*
c:0, 1, 2.532
",1.9716401475559302e-05,feasible,20
15,0,22,"//0
p:0.598, -0.041, -1.156, fr=0.547
p:0.942, -0.243, -0.276, fr=0.011
p:0.945, 0.254, -1.632
p:0.36, -0.158, -1.249
p:-1.332, -0.502, -0.931
j:0, 1, stif=0.79
j:2, 1
j:3, 0, stif=0.915
j:4, 0
n:j=0, d=|
n:d=*
c:0, 1, 2.532
",2.0548432235349255e-05,"//0
p:0.598, -0.041, -1.156, fr=0.547
p:0.942, -0.243, -0.276, fr=0.011
p:0.945, 0.254, -1.632
p:0.36, -0.158, -1.249
p:-1.332, -0.502, -0.931
p:0.236, 0.566, -1.256
j:0, 1, stif=0.79
j:2, 1
j:3, 0, stif=0.915
j:4, 0
j:5, 1
n:j=0, d=|
n:d=*
c:0, 1, 2.532
",5.700780241425275e-05,feasible,20
15,0,22,"//0
p:0.598, -0.041, -1.156, fr=0.547
p:0.942, -0.243, -0.276, fr=0.011
p:0.945, 0.254, -1.632
p:0.36, -0.158, -1.249
p:-1.332, -0.502, -0.931
j:0, 1, stif=0.79
j:2, 1
j:3, 0, stif=0.915
j:4, 0
n:j=0, d=|
n:d=*
c:0, 1, 2.532
",2.0548432235349255e-05,"//0
p:0.598, -0.041, -1.156, fr=0.547
p:0.942, -0.243, -0.276, fr=0.011
p:0.945, 0.254, -1.632
p:0.36, -0.158, -1.249
p:-1.332, -0.502, -0.931
j:0, 1, stif=0.79
j:2, 1, rotstif=0.83
j:3, 0, stif=0.915
j:4, 0
n:j=0, d=|
n:d=*
c:0, 1, 2.532
",2.0548432235349255e-05,feasible,20
15,0,22,"//0
p:0.598, -0.041, -1.156, fr=0.547
p:0.942, -0.243, -0.276, fr=0.011
p:0.945, 0.254, -1.632
p:0.36, -0.158, -1.249
p:-1.332, -0.502, -0.931
j:0, 1, stif=0.79
j:2, 1
j:3, 0, stif=0.915
j:4, 0
n:j=0, d=|
n:d=*
c:0, 1, 2.532
",2.0548432235349255e-05,"//0
p:0.598, -0.041, -1.156, fr=0.547
p:0.942, -0.243, -0.276, fr=0.011
p:0.945, 0.254, -1.632
p:0.36, -0.158, -1.249
p:-1.332, -0.502, -0.931
j:0, 1, stif=0.79
j:2, 1
j:3, 0, stif=0.915
j:4, 0
n:j=0, d=|
n:d=*
c:0, 1, 1.39
",2.0548432235349255e-05,feasible,20
15,0,22,"//0
p:0.598, -0.041, -1.156, fr=0.547
p:0.942, -0.243, -0.276, fr=0.011
p:0.945, 0.254, -1.632
p:0.36, -0.158, -1.249
p:-1.332, -0.502, -0.931
j:0, 1, stif=0.79
j:2, 1
j:3, 0, stif=0.915
j:4, 0
n:j=0, d=|
n:d=*
c:0, 1, 2.532
",2.0548432235349255e-05,"//0
p:0.598, -0.041, -1.156, fr=0.547
p:0.942, -0.243, -0.276, fr=0.011
p:0.945, 0.254, -1.632, fr=0.944
p:0.36, -0.158, -1.249
p:-1.332, -0.502, -0.931
j:0, 1, stif=0.79
j:2, 1
j:3, 0, stif=0.915
j:4, 0
n:j=0, d=|
n:d=*
c:0, 1, 2.532
",2.11505164575831e-05,feasible,20
15,0,22,"//0
p:0.598, -0.041, -1.156, fr=0.547
p:0.942, -0.243, -0.276, fr=0.011
p:0.945, 0.254, -1.632
p:0.36, -0.158, -1.249
p:-1.332, -0.502, -0.931
j:0, 1, stif=0.79
j:2, 1
j:3, 0, stif=0.915
j:4, 0
n:j=0, d=|
n:d=*
c:0, 1, 2.532
",2.0548432235349255e-05,"//0
p:0.598, -0.041, -1.156, fr=0.547
p:0.942, -0.243, -0.276, fr=0.011
p:0.945, 0.254, -1.632
p:0.36, -0.158, -1.249
p:-1.332, -0.502, -0.931
j:0, 1, stif=0.79
j:2, 1
j:3, 0, stif=0.915
j:4, 0
n:j=0, d=|:p=0.06
n:d=*
c:0, 1, 2.532
",2.360742230774477e-05,feasible,20
15,0,22,"//0
p:0.598, -0.041, -1.156, fr=0.547
p:0.942, -0.243, -0.276, fr=0.011
p:0.945, 0.254, -1.632
p:0.36, -0.158, -1.249
p:-1.332, -0.502, -0.931
j:0, 1, stif=0.79
j:2, 1
j:3, 0, stif=0.915
j:4, 0
n:j=0, d=|
n:d=*
c:0, 1, 2.532
",2.0548432235349255e-05,"//0
p:0.598, -0.041, -1.156, fr=0.547
p:0.942, -0.243, -0.276, fr=0.011
p:0.945, 0.254, -1.632
p:0.36, -0.158, -1.249
p:-1.332, -0.502, -0.931
j:0, 1, stif=0.79
j:2, 1
j:3, 0, stif=0.915
j:4, 0
n:j=0, d=|
",7.495297050791833e-09,feasible,20
15,0,22,"//0
p:0.598, -0.041, -1.156, fr=0.547
p:0.942, -0.243, -0.276, fr=0.011
p:0.945, 0.254, -1.632
p:0.36, -0.158, -1.249
p:-1.332, -0.502, -0.931
j:0, 1, stif=0.79
j:2, 1
j:3, 0, stif=0.915
j:4, 0
n:j=0, d=|
n:d=*
c:0, 1, 2.532
",2.0548432235349255e-05,"//0
p:0.598, -0.041, -1.156, fr=0.547
p:0.942, -0.243, -0.276, fr=0.011
p:0.945, 0.254, -1.632
p:0.36, -0.158, -1.249
p:-1.332, -0.502, -0.931
j:0, 3, stif=0.79
j:2, 3
j:1, 0, stif=0.915
j:4, 0
n:j=0, d=|
n:d=*
c:0, 1, 2.532
",4.8855266845693605e-05,feasible,20
15,0,22,"//0
p:0.598, -0.041, -1.156, fr=0.547
p:0.942, -0.243, -0.276, fr=0.011
p:0.945, 0.254, -1.632
p:0.36, -0.158, -1.249
p:-1.332, -0.502, -0.931
j:0, 1, stif=0.79
j:2, 1
j:3, 0, stif=0.915
j:4, 0
n:j=0, d=|
n:d=*
c:0, 1, 2.532
",2.0548432235349255e-05,"//0
p:0.598, -0.041, -1.156, fr=0.547
p:0.942, -0.243, -0.276, fr=0.011
p:0.945, 0.254, -1.632
p:0.36, -0.158, -1.249
p:-1.332, -0.502, -0.931, ing=0.35
j:0, 1, stif=0.79
j:2, 1
j:3, 0, stif=0.915
j:4, 0
n:j=0, d=|
n:d=*
c:0, 1, 2.532
",2.0548432235349255e-05,feasible,20
15,0,22,"//0
p:0.598, -0.041, -1.156, fr=0.547
p:0.942, -0.243, -0.276, fr=0.011
p:0.945, 0.254, -1.632
p:0.36, -0.158, -1.249
p:-1.332, -0.502, -0.931
j:0, 1, stif=0.79
j:2, 1
j:3, 0, stif=0.915
j:4, 0
n:j=0, d=|
n:d=*
c:0, 1, 2.532
",2.0548432235349255e-05,"//0
p:0.598, -0.041, -1.156, fr=0.547
p:0.941, -0.426, -0.428, fr=0.011
p:0.945, 0.254, -1.632
p:0.36, -0.158, -1.249
p:-1.332, -0.502, -0.931
j:0, 1, stif=0.79
j:2, 1
j:3, 0, stif=0.915
j:4, 0
n:j=0, d=|
n:d=*
c:0, 1, 2.532
",2.1951239040166554e-05,feasible,20
15,0,22,"//0
p:0.598, -0.041, -1.156, fr=0.547
p:0.942, -0.243, -0.276, fr=0.011
p:0.945, 0.254, -1.632
p:0.36, -0.158, -1.249
p:-1.332, -0.502, -0.931
j:0, 1, stif=0.79
j:2, 1
j:3, 0, stif=0.915
j:4, 0
n:j=0, d=|
n:d=*
c:0, 1, 2.532
",2.0548432235349255e-05,"//0
p:0.598, -0.041, -1.156, fr=0.547
p:0.942, -0.243, -0.276, fr=0.011
p:0.945, 0.254, -1.632
p:0.36, -0.158, -1.249
p:-1.332, -0.502, -0.931
j:0, 1, stif=0.79
j:2, 1
j:3, 0, stif=0.915
j:4, 0
n:d=*
",2.51214793389404e-19,feasible,20
15,0,22,"//0
p:0.598, -0.041, -1.156, fr=0.547
p:0.942, -0.243, -0.276, fr=0.011
p:0.945, 0.254, -1.632
p:0.36, -0.158, -1.249
p:-1.332, -0.502, -0.931
j:0, 1, stif=0.79
j:2, 1
j:3, 0, stif=0.915
j:4, 0
n:j=0, d=|
n:d=*
c:0, 1, 2.532
",2.0548432235349255e-05,"//0
p:0.598, -0.041, -1.156, fr=0.547
p:0.942, -0.243, -0.276, fr=0.011
p:0.945, 0.254, -1.632
p:0.36, -0.158, -1.249
p:-1.332, -0.502, -0.931
j:0, 1, stif=0.79
j:2, 1
j:3, 0, stif=0.915
j:4, 0
n:j=0, d=|
n:d=*
c:0, 1, 1.1
",2.0548432235349255e-05,feasible,20
15,0,22,"//0
p:0.598, -0.041, -1.156, fr=0.547
p:0.942, -0.243, -0.276, fr=0.011
p:0.945, 0.254, -1.632
p:0.36, -0.158, -1.249
p:-1.332, -0.502, -0.931
j:0, 1, stif=0.79
j:2, 1
j:3, 0, stif=0.915
j:4, 0
n:j=0, d=|
n:d=*
c:0, 1, 2.532
",2.0548432235349255e-05,"//0
p:0.598, -0.041, -1.156, fr=0.547
p:0.942, -0.243, -0.276, fr=0.011
p:0.945, 0.254, -1.632
p:0.36, -0.158, -1.249
p:-1.332, -0.502, -0.931
j:0, 2, stif=0.79
j:1, 2
j:3, 0, stif=0.915
j:4, 0
n:j=0, d=|
n:d=*
c:0, 1, 2.532
",2.6904323533222313e-05,feasible,20
15,0,22,"//0
p:0.598, -0.041, -1.156, fr=0.547
p:0.942, -0.243, -0.276, fr=0.011
p:0.945, 0.254, -1.632
p:0.36, -0.158, -1.249
p:-1.332, -0.502, -0.931
j:0, 1, stif=0.79
j:2, 1
j:3, 0, stif=0.915
j:4, 0
n:j=0, d=|
n:d=*
c:0, 1, 2.532
",2.0548432235349255e-05,"//0
p:0.598, -0.041, -1.156, fr=0.547
p:0.942, -0.243, -0.276, fr=0.011
p:0.945, 0.254, -1.632
p:0.36, -0.158, -1.249
p:-1.332, -0.502, -0.931
j:0, 1, stif=0.79
j:2, 1, rotstif=0.895
j:3, 0, stif=0.915
j:4, 0
n:j=0, d=|
n:d=*
c:0, 1, 2.532
",2.0548432235349255e-05,feasible,20
15,0,22,"//0
p:0.598, -0.041, -1.156, fr=0.547
p:0.942, -0.243, -0.276, fr=0.011
p:0.945, 0.254, -1.632
p:0.36, -0.158, -1.249
p:-1.332, -0.502, -0.931
j:0, 1, stif=0.79
j:2, 1
j:3, 0, stif=0.915
j:4, 0
n:j=0, d=|
n:d=*
c:0, 1, 2.532
",2.0548432235349255e-05,"//0
p:0.598, -0.041, -1.156, fr=0.547
p:0.942, -0.243, -0.276, fr=0.011
p:0.945, 0.254, -1.632
p:0.36, -0.158, -1.249
p:-1.332, -0.502, -0.931
j:0, 1, stif=0.842
j:2, 1
j:3, 0, stif=0.915
j:4, 0
n:j=0, d=|
n:d=*
c:0, 1, 2.532
",1.8755973715476466e-05,feasible,20
15,0,22,"//0
p:0.598, -0.041, -1.156, fr=0.547
p:0.942, -0.243, -0.276, fr=0.011
p:0.945, 0.254, -1.632
p:0.36, -0.158, -1.249
p:-1.332, -0.502, -0.931
j:0, 1, stif=0.79
j:2, 1
j:3, 0, stif=0.915
j:4, 0
n:j=0, d=|
n:d=*
c:0, 1, 2.532
",2.0548432235349255e-05,"//0
p:0.598, -0.041, -1.156, fr=0.547
p:0.942, -0.243, -0.276, fr=0.011
p:0.945, 0.254, -1.632
p:0.36, -0.158, -1.249
p:-1.332, -0.502, -0.931
j:0, 1, stif=0.79
j:2, 1
j:3, 0, stif=0.915, rotstif=0.974
j:4, 0
n:j=0, d=|
n:d=*
c:0, 1, 2.532
",2.0548432235349255e-05,feasible,20
15,0,22,"//0
p:0.598, -0.041, -1.156, fr=0.547
p:0.942, -0.243, -0.276, fr=0.011
p:0.945, 0.254, -1.632
p:0.36, -0.158, -1.249
p:-1.332, -0.502, -0.931
j:0, 1, stif=0.79
j:2, 1
j:3, 0, stif=0.915
j:4, 0
n:j=0, d=|
n:d=*
c:0, 1, 2.532
",2.0548432235349255e-05,"//0
p:0.598, -0.041, -1.156, fr=0.547
p:0.942, -0.243, -0.276, fr=0.011
p:0.945, 0.254, -1.632
p:0.36, -0.158, -1.249
p:-1.332, -0.502, -0.931
j:0, 1, stif=0.79
j:2, 1
j:3, 0, stif=0.912
j:4, 0
n:j=0, d=|
n:d=*
c:0, 1, 2.532
",2.0122906252912782e-05,feasible,20
15,0,23,"//0
p:0.598, -0.041, -1.156, fr=0.547
p:0.942, -0.243, -0.276, fr=0.011
p:0.48975803042258415, 0.1028524685988026, -1.4918486514388367
p:0.36, -0.158, -1.249
p:-1.332, -0.502, -0.931
j:0, 4, stif=0.79
j:2, 4
j:3, 0, stif=0.915
j:1, 0
n:j=0, d=|
n:d=*
c:0, 1, 2.532
",9.52210954344699e-05,"//0
p:0.598, -0.041, -1.156, fr=0.547
p:0.942, -0.243, -0.276, fr=0.011
p:0.48975803042258415, 0.1028524685988026, -1.4918486514388367
p:0.36, -0.158, -1.249
p:-1.3376957026291962, -0.5105597559090271, -0.9776861686421416
j:0, 4, stif=0.79
j:2, 4
j:3, 0, stif=0.915
j:1, 0
n:j=0, d=|
n:d=*
c:0, 1, 2.532
",0.00010083560891673467,feasible,21
15,0,23,"//0
p:0.598, -0.041, -1.156, fr=0.547
p:0.942, -0.243, -0.276, fr=0.011
p:0.48975803042258415, 0.1028524685988026, -1.4918486514388367
p:0.36, -0.158, -1.249
p:-1.332, -0.502, -0.931
j:0, 4, stif=0.79
j:2, 4
j:3, 0, stif=0.915
j:1, 0
n:j=0, d=|
n:d=*
c:0, 1, 2.532
",9.52210954344699e-05,"//0
p:0.598, -0.041, -1.156, fr=0.547
p:0.942, -0.243, -0.276, fr=0.011
p:0.48975803042258415, 0.1028524685988026, -1.4918486514388367, fr=0.66
p:0.36, -0.158, -1.249
p:-1.332, -0.502, -0.931
j:0, 4, stif=0.79
j:2, 4
j:3, 0, stif=0.915
j:1, 0
n:j=0, d=|
n:d=*
c:0, 1, 2.532
",9.671179965569166e-05,feasible,21
15,0,23,"//0
p:0.598, -0.041, -1.156, fr=0.547
p:0.942, -0.243, -0.276, fr=0.011
p:0.48975803042258415, 0.1028524685988026, -1.4918486514388367
p:0.36, -0.158, -1.249
p:-1.332, -0.502, -0.931
j:0, 4, stif=0.79
j:2, 4
j:3, 0, stif=0.915
j:1, 0
n:j=0, d=|
n:d=*
c:0, 1, 2.532
",9.52210954344699e-05,"//0
p:0.598, -0.041, -1.156, fr=0.547
p:0.522, -0.764, -0.548, fr=0.011
p:0.48975803042258415, 0.1028524685988026, -1.4918486514388367
p:0.36, -0.158, -1.249
p:-1.332, -0.502, -0.931
j:0, 4, stif=0.79
j:2, 4
j:3, 0, stif=0.915
j:1, 0
n:j=0, d=|
n:d=*
c:0, 1, 2.532
",9.768981634583503e-05,feasible,21
15,0,23,"//0
p:0.598, -0.041, -1.156, fr=0.547
p:0.942, -0.243, -0.276, fr=0.011
p:0.48975803042258415, 0.1028524685988026, -1.4918486514388367
p:0.36, -0.158, -1.249
p:-1.332, -0.502, -0.931
j:0, 4, stif=0.79
j:2, 4
j:3, 0, stif=0.915
j:1, 0
n:j=0, d=|
n:d=*
c:0, 1, 2.532
",9.52210954344699e-05,"//0
p:0.598, -0.041, -1.156, fr=0.547
p:0.942, -0.243, -0.276, fr=0.011
p:0.48975803042258415, 0.1028524685988026, -1.4918486514388367
p:0.36, -0.158, -1.249
p:-1.332, -0.502, -0.931
p:0.456, 0.821, -1.423
j:0, 4, stif=0.79
j:2, 4
j:3, 0, stif=0.915
j:1, 0
j:5, 2
n:j=0, d=|
n:d=*
c:0, 1, 2.532
",9.110004517915141e-06,feasible,21
15,0,23,"//0
p:0.598, -0.041, -1.156, fr=0.547
p:0.942, -0.243, -0.276, fr=0.011
p:0.48975803042258415, 0.1028524685988026, -1.4918486514388367
p:0.36, -0.158, -1.249
p:-1.332, -0.502, -0.931
j:0, 4, stif=0.79
j:2, 4
j:3, 0, stif=0.915
j:1, 0
n:j=0, d=|
n:d=*
c:0, 1, 2.532
",9.52210954344699e-05,"//0
p:0.598, -0.041, -1.156, fr=0.547
p:0.942, -0.243, -0.276, fr=0.011
p:0.48975803042258415, 0.1028524685988026, -1.4918486514388367
p:-0.01, -0.305, -1.403
p:-1.332, -0.502, -0.931
j:0, 4, stif=0.79
j:2, 4
j:3, 0, stif=0.915
j:1, 0
n:j=0, d=|
n:d=*
c:0, 1, 2.532
",0.0001029034677887843,feasible,21
15,0,23,"//0
p:0.598, -0.041, -1.156, fr=0.547
p:0.942, -0.243, -0.276, fr=0.011
p:0.48975803042258415, 0.1028524685988026, -1.4918486514388367
p:0.36, -0.158, -1.249
p:-1.332, -0.502, -0.931
j:0, 4, stif=0.79
j:2, 4
j:3, 0, stif=0.915
j:1, 0
n:j=0, d=|
n:d=*
c:0, 1, 2.532
",9.52210954344699e-05,"//0
p:0.598, -0.041, -1.156, fr=0.547
p:0.942, -0.243, -0.276, fr=0.011
p:0.48975803042258415, 0.1028524685988026, -1.4918486514388367
p:0.36, -0.158, -1.249
p:-1.332, -0.502, -0.931
j:0, 4, stif=0.79
j:2, 4
j:1, 0, stif=0.915
j:3, 0
n:j=0, d=|
n:d=*
c:0, 1, 2.532
",6.139978675432988e-05,feasible,21
15,0,23,"//0
p:0.598, -0.041, -1.156, fr=0.547
p:0.942, -0.243, -0.276, fr=0.011
p:0.48975803042258415, 0.1028524685988026, -1.4918486514388367
p:0.36, -0.158, -1.249
p:-1.332, -0.502, -0.931
j:0, 4, stif=0.79
j:2, 4
j:3, 0, stif=0.915
j:1, 0
n:j=0, d=|
n:d=*
c:0, 1, 2.532
",9.52210954344699e-05,"//0
p:0.598, -0.041, -1.156, fr=0.547
p:0.942, -0.243, -0.276, fr=0.011
p:0.48975803042258415, 0.1028524685988026, -1.4918486514388367
p:0.36, -0.158, -1.249
p:-1.332, -0.502, -0.931
j:0, 4, stif=0.79
j:2, 4
j:3, 0, stif=0.915
j:1, 0
n:j=0, d=|
",9.116349498835722e-08,feasible,21
15,0,23,"//0
p:0.598, -0.041, -1.156, fr=0.547
p:0.942, -0.243, -0.276, fr=0.011
p:0.48975803042258415, 0.1028524685988026, -1.4918486514388367
p:0.36, -0.158, -1.249
p:-1.332, -0.502, -0.931
j:0, 4, stif=0.79
j:2, 4
j:3, 0, stif=0.915
j:1, 0
n:j=0, d=|
n:d=*
c:0, 1, 2.532
",9.52210954344699e-05,"//0
p:0.598, -0.041, -1.156, fr=0.547
p:0.942, -0.243, -0.276, fr=0.011
p:0.48975803042258415, 0.1028524685988026, -1.4918486514388367
p:0.36, -0.158, -1.249
p:-1.332, -0.502, -0.931
j:0, 3, stif=0.79
j:2, 3
j:4, 0, stif=0.915
j:1, 0
n:j=0, d=|
n:d=*
c:0, 1, 2.532
",4.073826413879792e-05,feasible,21
15,0,23,"//0
p:0.598, -0.041, -1.156, fr=0.547
p:0.942, -0.243, -0.276, fr=0.011
p:0.48975803042258415, 0.1028524685988026, -1.4918486514388367
p:0.36, -0.158, -1.249
p:-1.332, -0.502, -0.931
j:0, 4, stif=0.79
j:2, 4
j:3, 0, stif=0.915
j:1, 0
n:j=0, d=|
n:d=*
c:0, 1, 2.532
",9.52210954344699e-05,"//0
p:0.598, -0.041, -1.156, fr=0.547
p:0.942, -0.243, -0.276, fr=0.011
p:0.48975803042258415, 0.1028524685988026, -1.4918486514388367
p:0.36, -0.158, -1.249, fr=0.302
p:-1.332, -0.502, -0.931
j:0, 4, stif=0.79
j:2, 4
j:3, 0, stif=0.915
j:1, 0
n:j=0, d=|
n:d=*
c:0, 1, 2.532
",8.431438841198188e-05,feasible,21
15,0,23,"//0
p:0.598, -0.041, -1.156, fr=0.547
p:0.942, -0.243, -0.276, fr=0.011
p:0.48975803042258415, 0.1028524685988026, -1.4918486514388367
p:0.36, -0.158, -1.249
p:-1.332, -0.502, -0.931
j:0, 4, stif=0.79
j:2, 4
j:3, 0, stif=0.915
j:1, 0
n:j=0, d=|
n:d=*
c:0, 1, 2.532
",9.52210954344699e-05,"//0
p:0.598, -0.041, -1.156, fr=0.547
p:0.942, -0.243, -0.276, fr=0.011
p:0.48975803042258415, 0.1028524685988026, -1.4918486514388367
p:0.36, -0.158, -1.249
p:-1.332, -0.502, -0.931, fr=0.86
j:0, 4, stif=0.79
j:2, 4
j:3, 0, stif=0.915
j:1, 0
n:j=0, d=|
n:d=*
c:0, 1, 2.532
",5.584903024708817e-05,feasible,21
15,0,23,"//0
p:0.598, -0.041, -1.156, fr=0.547
p:0.942, -0.243, -0.276, fr=0.011
p:0.48975803042258415, 0.1028524685988026, -1.4918486514388367
p:0.36, -0.158, -1.249
p:-1.332, -0.502, -0.931
j:0, 4, stif=0.79
j:2, 4
j:3, 0, stif=0.915
j:1, 0
n:j=0, d=|
n:d=*
c:0, 1, 2.532
",9.52210954344699e-05,"//0
p:0.598, -0.041, -1.156, fr=0.547
p:0.942, -0.243, -0.276, fr=0.011
p:0.48975803042258415, 0.1028524685988026, -1.4918486514388367
p:0.36, -0.158, -1.249
p:-1.332, -0.502, -0.931
j:0, 4, stif=0.79
j:2, 4
j:3, 0, stif=0.915
j:1, 0, rotstif=0.921
n:j=0, d=|
n:d=*
c:0, 1, 2.532
",9.52210954344699e-05,feasible,21
15,0,23,"//0
p:0.598, -0.041, -1.156, fr=0.547
p:0.942, -0.243, -0.276, fr=0.011
p:0.48975803042258415, 0.1028524685988026, -1.4918486514388367
p:0.36, -0.158, -1.249
p:-1.332, -0.502, -0.931
j:0, 4, stif=0.79
j:2, 4
j:3, 0, stif=0.915
j:1, 0
n:j=0, d=|
n:d=*
c:0, 1, 2.532
",9.52210954344699e-05,"//0
p:0.598, -0.041, -1.156, fr=0.547
p:0.942, -0.243, -0.276, fr=0.011
p:0.48975803042258415, 0.1028524685988026, -1.4918486514388367
p:0.36, -0.158, -1.249
p:-1.332, -0.502, -0.931
p:0.238, 0.185, -1.69
j:0, 4, stif=0.79
j:2, 4
j:3, 0, stif=0.915
j:1, 0
j:5, 2
n:j=0, d=|
n:d=*
c:0, 1, 2.532
",8.077979061115232e-05,feasible,21
15,0,23,"//0
p:0.598, -0.041, -1.156, fr=0.547
p:0.942, -0.243, -0.276, fr=0.011
p:0.48975803042258415, 0.1028524685988026, -1.4918486514388367
p:0.36, -0.158, -1.249
p:-1.332, -0.502, -0.931
j:0, 4, stif=0.79
j:2, 4
j:3, 0, stif=0.915
j:1, 0
n:j=0, d=|
n:d=*
c:0, 1, 2.532
",9.52210954344699e-05,"//0
p:0.598, -0.041, -1.156, fr=0.547
p:0.942, -0.243, -0.276, fr=0.011
p:0.48975803042258415, 0.1028524685988026, -1.4918486514388367
p:0.36, -0.158, -1.249
p:-1.332, -0.502, -0.931
j:0, 4, stif=0.79
j:2, 4
j:3, 0, stif=0.915
j:1, 0
n:j=0, d=|
n:d=*
n:p=4, d=Gpart
c:0, 1, 2.532
",9.52210954344699e-05,feasible,21
15,0,23,"//0
p:0.598, -0.041, -1.156, fr=0.547
p:0.942, -0.243, -0.276, fr=0.011
p:0.48975803042258415, 0.1028524685988026, -1.4918486514388367
p:0.36, -0.158, -1.249
p:-1.332, -0.502, -0.931
j:0, 4, stif=0.79
j:2, 4
j:3, 0, stif=0.915
j:1, 0
n:j=0, d=|
n:d=*
c:0, 1, 2.532
",9.52210954344699e-05,"//0
p:0.598, -0.041, -1.156, fr=0.547
p:0.942, -0.243, -0.276, fr=0.011
p:0.48975803042258415, 0.1028524685988026, -1.4918486514388367
p:0.36, -0.158, -1.249
p:-1.332, -0.502, -0.931
j:0, 4, stif=0.79
j:2, 4
j:3, 0, stif=0.915
j:1, 0
n:j=0, d=|
n:d=*
c:0, 1, 4.768
",9.52210954344699e-05,feasible,21
15,0,23,"//0
p:0.598, -0.041, -1.156, fr=0.547
p:0.942, -0.243, -0.276, fr=0.011
p:0.48975803042258415, 0.1028524685988026, -1.4918486514388367
p:0.36, -0.158, -1.249
p:-1.332, -0.502, -0.931
j:0, 4, stif=0.79
j:2, 4
j:3, 0, stif=0.915
j:1, 0
n:j=0, d=|
n:d=*
c:0, 1, 2.532
",9.52210954344699e-05,"//0
p:0.598, -0.041, -1.156, fr=0.547
p:0.942, -0.243, -0.276, fr=0.011
p:0.48975803042258415, 0.1028524685988026, -1.4918486514388367
p:0.36, -0.158, -1.249
p:-1.332, -0.502, -0.931, ing=0.296
j:0, 4, stif=0.79
j:2, 4
j:3, 0, stif=0.915
j:1, 0
n:j=0, d=|
n:d=*
c:0, 1, 2.532
",9.52210954344699e-05,feasible,21
15,0,23,"//0
p:0.598, -0.041, -1.156, fr=0.547
p:0.942, -0.243, -0.276, fr=0.011
p:0.48975803042258415, 0.1028524685988026, -1.4918486514388367
p:0.36, -0.158, -1.249
p:-1.332, -0.502, -0.931
j:0, 4, stif=0.79
j:2, 4
j:3, 0, stif=0.915
j:1, 0
n:j=0, d=|
n:d=*
c:0, 1, 2.532
",9.52210954344699e-05,"//0
p:0.598, -0.041, -1.156, fr=0.547
p:0.942, -0.243, -0.276, fr=0.011
p:0.48975803042258415, 0.1028524685988026, -1.4918486514388367
p:0.36, -0.158, -1.249
p:-1.332, -0.502, -0.931
j:0, 4, stif=0.79
j:2, 4
j:3, 0, stif=0.915
j:1, 0
n:j=0, d=|
n:d=*
n:j=2, d=|
c:0, 1, 2.532
c:2, 1, -2.223
",6.307101212916163e-05,feasible,21
15,0,23,"//0
p:0.598, -0.041, -1.156, fr=0.547
p:0.942, -0.243, -0.276, fr=0.011
p:0.48975803042258415, 0.1028524685988026, -1.4918486514388367
p:0.36, -0.158, -1.249
p:-1.332, -0.502, -0.931
j:0, 4, stif=0.79
j:2, 4
j:3, 0, stif=0.915
j:1, 0
n:j=0, d=|
n:d=*
c:0, 1, 2.532
",9.52210954344699e-05,"//0
p:0.598, -0.041, -1.156, fr=0.547
p:0.942, -0.243, -0.276, fr=0.011
p:0.48975803042258415, 0.1028524685988026, -1.4918486514388367
p:0.36, -0.158, -1.249
p:-1.332, -0.502, -0.931
j:0, 4, stif=0.79
j:2, 4
j:3, 0, stif=0.915
j:1, 0
n:j=0, d=|:p=0.355
n:d=*
c:0, 1, 2.532
",8.371223664163398e-05,feasible,21
15,0,23,"//0
p:0.598, -0.041, -1.156, fr=0.547
p:0.942, -0.243, -0.276, fr=0.011
p:0.48975803042258415, 0.1028524685988026, -1.4918486514388367
p:0.36, -0.158, -1.249
p:-1.332, -0.502, -0.931
j:0, 4, stif=0.79
j:2, 4
j:3, 0, stif=0.915
j:1, 0
n:j=0, d=|
n:d=*
c:0, 1, 2.532
",9.52210954344699e-05,"//0
p:0.598, -0.041, -1.156, fr=0.547
p:0.942, -0.243, -0.276, fr=0.011
p:0.48975803042258415, 0.1028524685988026, -1.4918486514388367
p:0.36, -0.158, -1.249
p:-1.332, -0.502, -0.931
j:0, 4, stif=0.79
j:2, 4
j:3, 0, stif=0.915
j:1, 0, rotstif=0.997
n:j=0, d=|
n:d=*
c:0, 1, 2.532
",9.52210954344699e-05,feasible,21
15,0,23,"//0
p:0.598, -0.041, -1.156, fr=0.547
p:0.942, -0.243, -0.276, fr=0.011
p:0.48975803042258415, 0.1028524685988026, -1.4918486514388367
p:0.36, -0.158, -1.249
p:-1.332, -0.502, -0.931
j:0, 4, stif=0.79
j:2, 4
j:3, 0, stif=0.915
j:1, 0
n:j=0, d=|
n:d=*
c:0, 1, 2.532
",9.52210954344699e-05,"//0
p:0.598, -0.041, -1.156, fr=0.547
p:0.942, -0.243, -0.276, fr=0.011
p:0.48975803042258415, 0.1028524685988026, -1.4918486514388367
p:0.36, -0.158, -1.249
p:-1.332, -0.502, -0.931
j:0, 4, stif=0.71
j:2, 4
j:3, 0, stif=0.915
j:1, 0
n:j=0, d=|
n:d=*
c:0, 1, 2.532
",4.947868148537245e-05,feasible,21
15,0,23,"//0
p:0.598, -0.041, -1.156, fr=0.547
p:0.942, -0.243, -0.276, fr=0.011
p:0.48975803042258415, 0.1028524685988026, -1.4918486514388367
p:0.36, -0.158, -1.249
p:-1.332, -0.502, -0.931
j:0, 4, stif=0.79
j:2, 4
j:3, 0, stif=0.915
j:1, 0
n:j=0, d=|
n:d=*
c:0, 1, 2.532
",9.52210954344699e-05,"//0
p:0.598, -0.041, -1.156, fr=0.547
p:0.942, -0.243, -0.276, fr=0.011
p:0.48975803042258415, 0.1028524685988026, -1.4918486514388367
p:0.36, -0.158, -1.249
p:-1.332, -0.502, -0.931
j:0, 4, stif=0.79
j:2, 4
j:3, 0, stif=0.915
j:1, 0
n:j=0, d=|
n:d=*
c:0, 1, 5.443
",9.52210954344699e-05,feasible,21
15,0,24,"//0
p:0.598, -0.041, -1.156, fr=0.547
p:0.942, -0.243, -0.276, fr=0.011
p:0.48975803042258415, 0.1028524685988026, -1.4918486514388367, fr=0.012
p:0.36, -0.158, -1.249
p:-1.332, -0.502, -0.931
j:0, 4, stif=0.79
j:2, 4
j:3, 0, stif=0.915
j:1, 0
n:j=0, d=|
n:d=*
c:0, 1, 2.532
",0.00010047225672067405,"//0
p:0.598, -0.041, -1.156, fr=0.547
p:0.942, -0.243, -0.276, fr=0.011
p:0.48975803042258415, 0.1028524685988026, -1.4918486514388367, fr=0.012
p:0.36, -0.158, -1.249
p:-1.332, -0.502, -0.931
j:0, 4, stif=0.79, rotstif=0.991
j:2, 4
j:3, 0, stif=0.915
j:1, 0
n:j=0, d=|
n:d=*
c:0, 1, 2.532
",0.00010047225672067405,feasible,22
15,0,24,"//0
p:0.598, -0.041, -1.156, fr=0.547
p:0.942, -0.243, -0.276, fr=0.011
p:0.48975803042258415, 0.1028524685988026, -1.4918486514388367, fr=0.012
p:0.36, -0.158, -1.249
p:-1.332, -0.502, -0.931
j:0, 4, stif=0.79
j:2, 4
j:3, 0, stif=0.915
j:1, 0
n:j=0, d=|
n:d=*
c:0, 1, 2.532
",0.00010047225672067405,"//0
p:0.598, -0.041, -1.156, fr=1.006
p:0.942, -0.243, -0.276, fr=0.011
p:0.48975803042258415, 0.1028524685988026, -1.4918486514388367, fr=0.012
p:0.36, -0.158, -1.249
p:-1.332, -0.502, -0.931
j:0, 4, stif=0.79
j:2, 4
j:3, 0, stif=0.915
j:1, 0
n:j=0, d=|
n:d=*
c:0, 1, 2.532
",7.68377986755459e-05,feasible,22
15,0,24,"//0
p:0.598, -0.041, -1.156, fr=0.547
p:0.942, -0.243, -0.276, fr=0.011
p:0.48975803042258415, 0.1028524685988026, -1.4918486514388367, fr=0.012
p:0.36, -0.158, -1.249
p:-1.332, -0.502, -0.931
j:0, 4, stif=0.79
j:2, 4
j:3, 0, stif=0.915
j:1, 0
n:j=0, d=|
n:d=*
c:0, 1, 2.532
",0.00010047225672067405,"//0
p:0.598, -0.041, -1.156, fr=0.547
p:0.5782642335694836, -0.2844281281906349, -0.3807699766983238, fr=0.011
p:0.48975803042258415, 0.1028524685988026, -1.4918486514388367, fr=0.012
p:0.36, -0.158, -1.249
p:-1.332, -0.502, -0.931
j:4, 0, stif=0.79
j:2, 0
j:3, 4, stif=0.915
j:1, 4
n:j=0, d=|
n:d=*
c:0, 1, 2.532
",0.0001503557632771466,feasible,22
15,0,24,"//0
p:0.598, -0.041, -1.156, fr=0.547
p:0.942, -0.243, -0.276, fr=0.011
p:0.48975803042258415, 0.1028524685988026, -1.4918486514388367, fr=0.012
p:0.36, -0.158, -1.249
p:-1.332, -0.502, -0.931
j:0, 4, stif=0.79
j:2, 4
j:3, 0, stif=0.915
j:1, 0
n:j=0, d=|
n:d=*
c:0, 1, 2.532
",0.00010047225672067405,"//0
p:0.598, -0.041, -1.156, fr=0.547
p:0.942, -0.243, -0.276, fr=0.011
p:0.48975803042258415, 0.1028524685988026, -1.4918486514388367, fr=0.012
p:0.36, -0.158, -1.249, ing=0.266
p:-1.332, -0.502, -0.931
j:0, 4, stif=0.79
j:2, 4
j:3, 0, stif=0.915
j:1, 0
n:j=0, d=|
n:d=*
c:0, 1, 2.532
",0.00010047225672067405,feasible,22
15,0,24,"//0
p:0.598, -0.041, -1.156, fr=0.547
p:0.942, -0.243, -0.276, fr=0.011
p:0.48975803042258415, 0.1028524685988026, -1.4918486514388367, fr=0.012
p:0.36, -0.158, -1.249
p:-1.332, -0.502, -0.931
j:0, 4, stif=0.79
j:2, 4
j:3, 0, stif=0.915
j:1, 0
n:j=0, d=|
n:d=*
c:0, 1, 2.532
",0.00010047225672067405,"//0
p:0.598, -0.041, -1.156, fr=0.547
p:0.942, -0.243, -0.276, fr=0.011
p:0.48975803042258415, 0.1028524685988026, -1.4918486514388367, fr=0.012
p:0.36, -0.158, -1.249
p:-1.332, -0.502, -0.931
j:2, 4, stif=0.79
j:0, 4
j:3, 2, stif=0.915
j:1, 2
n:j=0, d=|
n:d=*
c:0, 1, 2.532
",7.403408752834341e-06,feasible,22
15,0,24,"//0
p:0.598, -0.041, -1.156, fr=0.547
p:0.942, -0.243, -0.276, fr=0.011
p:0.48975803042258415, 0.1028524685988026, -1.4918486514388367, fr=0.012
p:0.36, -0.158, -1.249
p:-1.332, -0.502, -0.931
j:0, 4, stif=0.79
j:2, 4
j:3, 0, stif=0.915
j:1, 0
n:j=0, d=|
n:d=*
c:0, 1, 2.532
",0.00010047225672067405,"//0
p:0.598, -0.041, -1.156, fr=0.547
p:0.942, -0.243, -0.276, fr=0.011
p:0.48975803042258415, 0.1028524685988026, -1.4918486514388367, fr=0.012
p:0.36, -0.158, -1.249
p:-1.332, -0.502, -0.931
j:0, 4, stif=0.79
j:2, 4
j:3, 0, stif=0.915
j:1, 0
n:j=0, d=|
n:d=*
",8.955933065844435e-08,feasible,22
15,0,24,"//0
p:0.598, -0.041, -1.156, fr=0.547
p:0.942, -0.243, -0.276, fr=0.011
p:0.48975803042258415, 0.1028524685988026, -1.4918486514388367, fr=0.012
p:0.36, -0.158, -1.249
p:-1.332, -0.502, -0.931
j:0, 4, stif=0.79
j:2, 4
j:3, 0, stif=0.915
j:1, 0
n:j=0, d=|
n:d=*
c:0, 1, 2.532
",0.00010047225672067405,"//0
p:0.598, -0.041, -1.156, fr=0.547
p:0.942, -0.243, -0.276, fr=0.011
p:0.48975803042258415, 0.1028524685988026, -1.4918486514388367, fr=0.215
p:0.36, -0.158, -1.249
p:-1.332, -0.502, -0.931
j:0, 4, stif=0.79
j:2, 4
j:3, 0, stif=0.915
j:1, 0
n:j=0, d=|
n:d=*
c:0, 1, 2.532
",9.11456282377531e-05,feasible,22
15,0,24,"//0
p:0.598, -0.041, -1.156, fr=0.547
p:0.942, -0.243, -0.276, fr=0.011
p:0.48975803042258415, 0.1028524685988026, -1.4918486514388367, fr=0.012
p:0.36, -0.158, -1.249
p:-1.332, -0.502, -0.931
j:0, 4, stif=0.79
j:2, 4
j:3, 0, stif=0.915
j:1, 0
n:j=0, d=|
n:d=*
c:0, 1, 2.532
",0.00010047225672067405,"//0
p:0.598, -0.041, -1.156, fr=0.547
p:0.942, -0.243, -0.276, fr=0.011
p:0.48975803042258415, 0.1028524685988026, -1.4918486514388367, fr=0.012
p:0.36, -0.158, -1.249, ing=0.348
p:-1.332, -0.502, -0.931
j:0, 4, stif=0.79
j:2, 4
j:3, 0, stif=0.915
j:1, 0
n:j=0, d=|
n:d=*
c:0, 1, 2.532
",0.00010047225672067405,feasible,22
15,0,24,"//0
p:0.598, -0.041, -1.156, fr=0.547
p:0.942, -0.243, -0.276, fr=0.011
p:0.48975803042258415, 0.1028524685988026, -1.4918486514388367, fr=0.012
p:0.36, -0.158, -1.249
p:-1.332, -0.502, -0.931
j:0, 4, stif=0.79
j:2, 4
j:3, 0, stif=0.915
j:1, 0
n:j=0, d=|
n:d=*
c:0, 1, 2.532
",0.00010047225672067405,"//0
p:0.598, -0.041, -1.156, fr=0.547
p:0.942, -0.243, -0.276, fr=0.011
p:0.48975803042258415, 0.1028524685988026, -1.4918486514388367, fr=0.012
p:0.36, -0.158, -1.249
p:-1.332, -0.502, -0.931
j:0, 4, stif=0.79
j:2, 4
j:3, 0, stif=0.915
j:1, 0
n:j=0, d=|
n:d=*
c:0, 1, 4.763
",0.00010047225672067405,feasible,22
15,0,24,"//0
p:0.598, -0.041, -1.156, fr=0.547
p:0.942, -0.243, -0.276, fr=0.011
p:0.48975803042258415, 0.1028524685988026, -1.4918486514388367, fr=0.012
p:0.36, -0.158, -1.249
p:-1.332, -0.502, -0.931
j:0, 4, stif=0.79
j:2, 4
j:3, 0, stif=0.915
j:1, 0
n:j=0, d=|
n:d=*
c:0, 1, 2.532
",0.00010047225672067405,"//0
p:0.598, -0.041, -1.156, fr=0.547
p:0.942, -0.243, -0.276, fr=0.011
p:0.48975803042258415, 0.1028524685988026, -1.4918486514388367, fr=0.012
p:-1.332, -0.502, -0.931
j:0, 3, stif=0.79
j:2, 3
j:1, 0
n:j=0, d=|
n:d=*
c:0, 1, 2.532
",8.956849308684655e-06,feasible,22
15,0,24,"//0
p:0.598, -0.041, -1.156, fr=0.547
p:0.942, -0.243, -0.276, fr=0.011
p:0.48975803042258415, 0.1028524685988026, -1.4918486514388367, fr=0.012
p:0.36, -0.158, -1.249
p:-1.332, -0.502, -0.931
j:0, 4, stif=0.79
j:2, 4
j:3, 0, stif=0.915
j:1, 0
n:j=0, d=|
n:d=*
c:0, 1, 2.532
",0.00010047225672067405,"//0
p:0.598, -0.041, -1.156, fr=0.547
p:0.942, -0.243, -0.276, fr=0.011
p:0.48975803042258415, 0.1028524685988026, -1.4918486514388367, fr=0.012
p:0.36, -0.158, -1.249
p:-1.332, -0.502, -0.931
j:0, 4, stif=0.79
j:2, 4
j:3, 0, stif=0.915
j:1, 0
n:j=0, d=|
n:d=*
c:0, 1, 2.122
",0.00010047225672067405,feasible,22
15,0,24,"//0
p:0.598, -0.041, -1.156, fr=0.547
p:0.942, -0.243, -0.276, fr=0.011
p:0.48975803042258415, 0.1028524685988026, -1.4918486514388367, fr=0.012
p:0.36, -0.158, -1.249
p:-1.332, -0.502, -0.931
j:0, 4, stif=0.79
j:2, 4
j:3, 0, stif=0.915
j:1, 0
n:j=0, d=|
n:d=*
c:0, 1, 2.532
",0.00010047225672067405,"//0
p:0.598, -0.041, -1.156, fr=0.547
p:0.942, -0.243, -0.276, fr=0.011
p:0.48975803042258415, 0.1028524685988026, -1.4918486514388367, fr=0.012
p:0.36, -0.158, -1.249
p:-1.332, -0.502, -0.931
j:0, 4, stif=0.79
j:2, 4, stif=0.963
j:3, 0, stif=0.915
j:1, 0
n:j=0, d=|
n:d=*
c:0, 1, 2.532
",0.00010037262420615505,feasible,22
15,0,24,"//0
p:0.598, -0.041, -1.156, fr=0.547
p:0.942, -0.243, -0.276, fr=0.011
p:0.48975803042258415, 0.1028524685988026, -1.4918486514388367, fr=0.012
p:0.36, -0.158, -1.249
p:-1.332, -0.502, -0.931
j:0, 4, stif=0.79
j:2, 4
j:3, 0, stif=0.915
j:1, 0
n:j=0, d=|
n:d=*
c:0, 1, 2.532
",0.00010047225672067405,"//0
p:0.598, -0.041, -1.156, fr=0.547
p:0.942, -0.243, -0.276, fr=0.011
p:0.48975803042258415, 0.1028524685988026, -1.4918486514388367, fr=0.012
p:0.36, -0.158, -1.249
p:-1.332, -0.502, -0.931
p:0.603, -0.075, -1.207
j:0, 4, stif=0.79
j:2, 4
j:3, 0, stif=0.915
j:1, 0
j:5, 0
n:j=0, d=|
n:d=*
c:0, 1, 2.532
",8.084809853430636e-05,feasible,22
15,0,24,"//0
p:0.598, -0.041, -1.156, fr=0.547
p:0.942, -0.243, -0.276, fr=0.011
p:0.48975803042258415, 0.1028524685988026, -1.4918486514388367, fr=0.012
p:0.36, -0.158, -1.249
p:-1.332, -0.502, -0.931
j:0, 4, stif=0.79
j:2, 4
j:3, 0, stif=0.915
j:1, 0
n:j=0, d=|
n:d=*
c:0, 1, 2.532
",0.00010047225672067405,"//0
p:0.598, -0.041, -1.156, fr=0.547
p:0.942, -0.243, -0.276, fr=0.011
p:0.48975803042258415, 0.1028524685988026, -1.4918486514388367, fr=0.012
p:0.36, -0.158, -1.249
p:-1.332, -0.502, -0.931
j:0, 4, stif=0.79
j:2, 4
j:3, 0, stif=0.915
j:1, 0, rotstif=0.883
n:j=0, d=|
n:d=*
c:0, 1, 2.532
",0.00010047225672067405,feasible,22
15,0,24,"//0
p:0.598, -0.041, -1.156, fr=0.547
p:0.942, -0.243, -0.276, fr=0.011
p:0.48975803042258415, 0.1028524685988026, -1.4918486514388367, fr=0.012
p:0.36, -0.158, -1.249
p:-1.332, -0.502, -0.931
j:0, 4, stif=0.79
j:2, 4
j:3, 0, stif=0.915
j:1, 0
n:j=0, d=|
n:d=*
c:0, 1, 2.532
",0.00010047225672067405,"//0
p:0.598, -0.041, -1.156, fr=0.547
p:0.942, -0.243, -0.276, fr=0.011
p:0.48975803042258415, 0.1028524685988026, -1.4918486514388367, fr=0.012
p:0.36, -0.158, -1.249
p:-1.332, -0.502, -0.931
j:0, 4, stif=0.79
j:2, 4
j:3, 0, stif=0.915
j:1, 0
n:d=*
",2.237438924075441e-09,feasible,22
15,0,24,"//0
p:0.598, -0.041, -1.156, fr=0.547
p:0.942, -0.243, -0.276, fr=0.011
p:0.48975803042258415, 0.1028524685988026, -1.4918486514388367, fr=0.012
p:0.36, -0.158, -1.249
p:-1.332, -0.502, -0.931
j:0, 4, stif=0.79
j:2, 4
j:3, 0, stif=0.915
j:1, 0
n:j=0, d=|
n:d=*
c:0, 1, 2.532
",0.00010047225672067405,"//0
p:0.598, -0.041, -1.156, fr=0.547
p:0.942, -0.243, -0.276, fr=0.011
p:0.48975803042258415, 0.1028524685988026, -1.4918486514388367, fr=0.012
p:0.36, -0.158, -1.249
p:-1.332, -0.502, -0.931
j:0, 4, stif=0.79
j:2, 4
j:3, 0, stif=0.915
j:1, 0
n:j=0, d=|
n:d=*
c:0, 1, 3.436
",0.00010047225672067405,feasible,22
15,0,24,"//0
p:0.598, -0.041, -1.156, fr=0.547
p:0.942, -0.243, -0.276, fr=0.011
p:0.48975803042258415, 0.1028524685988026, -1.4918486514388367, fr=0.012
p:0.36, -0.158, -1.249
p:-1.332, -0.502, -0.931
j:0, 4, stif=0.79
j:2, 4
j:3, 0, stif=0.915
j:1, 0
n:j=0, d=|
n:d=*
c:0, 1, 2.532
",0.00010047225672067405,"//0
p:0.598, -0.041, -1.156, fr=0.547
p:0.942, -0.243, -0.276, fr=0.011
p:0.48975803042258415, 0.1028524685988026, -1.4918486514388367, fr=0.012
p:0.36, -0.158, -1.249
p:-1.332, -0.502, -0.931
j:0, 4, stif=0.79, rotstif=0.931
j:2, 4
j:3, 0, stif=0.915
j:1, 0
n:j=0, d=|
n:d=*
c:0, 1, 2.532
",0.00010047225672067405,feasible,22
15,0,24,"//0
p:0.598, -0.041, -1.156, fr=0.547
p:0.942, -0.243, -0.276, fr=0.011
p:0.48975803042258415, 0.1028524685988026, -1.4918486514388367, fr=0.012
p:0.36, -0.158, -1.249
p:-1.332, -0.502, -0.931
j:0, 4, stif=0.79
j:2, 4
j:3, 0, stif=0.915
j:1, 0
n:j=0, d=|
n:d=*
c:0, 1, 2.532
",0.00010047225672067405,"//0
p:0.598, -0.041, -1.156, fr=0.547
p:0.942, -0.243, -0.276, fr=0.011
p:0.48975803042258415, 0.1028524685988026, -1.4918486514388367, fr=0.012
p:0.36, -0.158, -1.249
p:-1.332, -0.502, -0.931
p:1.953, -0.653, -1.308
j:0, 4, stif=0.79
j:2, 4
j:3, 0, stif=0.915
j:1, 0
j:5, 1
n:j=0, d=|
n:d=*
c:0, 1, 2.532
",4.459990056999396e-05,feasible,22
15,0,24,"//0
p:0.598, -0.041, -1.156, fr=0.547
p:0.942, -0.243, -0.276, fr=0.011
p:0.48975803042258415, 0.1028524685988026, -1.4918486514388367, fr=0.012
p:0.36, -0.158, -1.249
p:-1.332, -0.502, -0.931
j:0, 4, stif=0.79
j:2, 4
j:3, 0, stif=0.915
j:1, 0
n:j=0, d=|
n:d=*
c:0, 1, 2.532
",0.00010047225672067405,"//0
p:0.598, -0.041, -1.156, fr=0.547
p:0.942, -0.243, -0.276, fr=0.011
p:0.48975803042258415, 0.1028524685988026, -1.4918486514388367, fr=0.012
p:0.36, -0.158, -1.249
p:-1.332, -0.502, -0.931
j:0, 4, stif=0.607
j:2, 4
j:3, 0, stif=0.915
j:1, 0
n:j=0, d=|
n:d=*
c:0, 1, 2.532
",7.590209441804485e-05,feasible,22
15,0,24,"//0
p:0.598, -0.041, -1.156, fr=0.547
p:0.942, -0.243, -0.276, fr=0.011
p:0.48975803042258415, 0.1028524685988026, -1.4918486514388367, fr=0.012
p:0.36, -0.158, -1.249
p:-1.332, -0.502, -0.931
j:0, 4, stif=0.79
j:2, 4
j:3, 0, stif=0.915
j:1, 0
n:j=0, d=|
n:d=*
c:0, 1, 2.532
",0.00010047225672067405,"//0
p:0.598, -0.041, -1.156, fr=0.547
p:0.942, -0.243, -0.276, fr=0.011
p:0.48975803042258415, 0.1028524685988026, -1.4918486514388367, fr=0.012
p:0.36, -0.158, -1.249
p:-1.332, -0.502, -0.931
j:0, 4, stif=0.79
j:2, 4
j:3, 0, stif=0.904
j:1, 0
n:j=0, d=|
n:d=*
c:0, 1, 2.532
",7.469788428822563e-05,feasible,22
15,0,25,"//0
p:0.598, -0.041, -1.156, fr=0.547
p:0.942, -0.243, -0.276, fr=0.011
p:0.48975803042258415, 0.1028524685988026, -1.4918486514388367, fr=0.012
p:0.36, -0.158, -1.249
p:-0.9682642335694838, -0.4605718718093651, -0.8262300233016763
j:1, 4, stif=0.79
j:2, 4
j:3, 1, stif=0.915
j:0, 1
n:j=0, d=|
n:d=*
c:0, 1, 2.532
",0.00048679659506492106,"//0
p:0.598, -0.041, -1.156, fr=0.547
p:0.942, -0.243, -0.276, fr=0.011
p:0.48975803042258415, 0.1028524685988026, -1.4918486514388367, fr=0.012
p:0.36, -0.158, -1.249
p:-0.9682642335694838, -0.4605718718093651, -0.8262300233016763
j:1, 4, stif=0.79
j:2, 4
j:3, 1, stif=0.915
j:0, 1
n:j=0, d=|
",5.389160541206221e-05,feasible,22
15,0,25,"//0
p:0.598, -0.041, -1.156, fr=0.547
p:0.942, -0.243, -0.276, fr=0.011
p:0.48975803042258415, 0.1028524685988026, -1.4918486514388367, fr=0.012
p:0.36, -0.158, -1.249
p:-0.9682642335694838, -0.4605718718093651, -0.8262300233016763
j:1, 4, stif=0.79
j:2, 4
j:3, 1, stif=0.915
j:0, 1
n:j=0, d=|
n:d=*
c:0, 1, 2.532
",0.00048679659506492106,"//0
p:0.598, -0.041, -1.156, fr=0.816
p:0.942, -0.243, -0.276, fr=0.011
p:0.48975803042258415, 0.1028524685988026, -1.4918486514388367, fr=0.012
p:0.36, -0.158, -1.249
p:-0.9682642335694838, -0.4605718718093651, -0.8262300233016763
j:1, 4, stif=0.79
j:2, 4
j:3, 1, stif=0.915
j:0, 1
n:j=0, d=|
n:d=*
c:0, 1, 2.532
",0.0003860827578126584,feasible,22
15,0,25,"//0
p:0.598, -0.041, -1.156, fr=0.547
p:0.942, -0.243, -0.276, fr=0.011
p:0.48975803042258415, 0.1028524685988026, -1.4918486514388367, fr=0.012
p:0.36, -0.158, -1.249
p:-0.9682642335694838, -0.4605718718093651, -0.8262300233016763
j:1, 4, stif=0.79
j:2, 4
j:3, 1, stif=0.915
j:0, 1
n:j=0, d=|
n:d=*
c:0, 1, 2.532
",0.00048679659506492106,"//0
p:0.598, -0.041, -1.156, fr=0.118
p:0.942, -0.243, -0.276, fr=0.011
p:0.48975803042258415, 0.1028524685988026, -1.4918486514388367, fr=0.012
p:0.36, -0.158, -1.249
p:-0.9682642335694838, -0.4605718718093651, -0.8262300233016763
j:1, 4, stif=0.79
j:2, 4
j:3, 1, stif=0.915
j:0, 1
n:j=0, d=|
n:d=*
c:0, 1, 2.532
",0.0003025104626032051,feasible,22
15,0,25,"//0
p:0.598, -0.041, -1.156, fr=0.547
p:0.942, -0.243, -0.276, fr=0.011
p:0.48975803042258415, 0.1028524685988026, -1.4918486514388367, fr=0.012
p:0.36, -0.158, -1.249
p:-0.9682642335694838, -0.4605718718093651, -0.8262300233016763
j:1, 4, stif=0.79
j:2, 4
j:3, 1, stif=0.915
j:0, 1
n:j=0, d=|
n:d=*
c:0, 1, 2.532
",0.00048679659506492106,"//0
p:0.598, -0.041, -1.156, fr=0.547
p:0.942, -0.243, -0.276, fr=0.011
p:0.48975803042258415, 0.1028524685988026, -1.4918486514388367, fr=0.012
p:0.36, -0.158, -1.249
p:-0.9682642335694838, -0.4605718718093651, -0.8262300233016763
p:1.068, -0.262, -2.474
j:1, 4, stif=0.79
j:2, 4
j:3, 1, stif=0.915
j:0, 1
j:5, 0
n:j=0, d=|
n:d=*
c:0, 1, 2.532
",0.0018426556379732497,feasible,22
15,0,25,"//0
p:0.598, -0.041, -1.156, fr=0.547
p:0.942, -0.243, -0.276, fr=0.011
p:0.48975803042258415, 0.1028524685988026, -1.4918486514388367, fr=0.012
p:0.36, -0.158, -1.249
p:-0.9682642335694838, -0.4605718718093651, -0.8262300233016763
j:1, 4, stif=0.79
j:2, 4
j:3, 1, stif=0.915
j:0, 1
n:j=0, d=|
n:d=*
c:0, 1, 2.532
",0.00048679659506492106,"//0
p:0.598, -0.041, -1.156, fr=0.547
p:0.942, -0.243, -0.276, fr=0.011
p:0.48975803042258415, 0.1028524685988026, -1.4918486514388367, fr=0.012
p:0.36, -0.158, -1.249
p:-0.9682642335694838, -0.4605718718093651, -0.8262300233016763
j:1, 4, stif=0.79
j:2, 4
j:3, 1, stif=0.915
j:0, 1
n:j=0, d=|
n:d=*
",5.389160541206221e-05,feasible,22
15,0,25,"//0
p:0.598, -0.041, -1.156, fr=0.547
p:0.942, -0.243, -0.276, fr=0.011
p:0.48975803042258415, 0.1028524685988026, -1.4918486514388367, fr=0.012
p:0.36, -0.158, -1.249
p:-0.9682642335694838, -0.4605718718093651, -0.8262300233016763
j:1, 4, stif=0.79
j:2, 4
j:3, 1, stif=0.915
j:0, 1
n:j=0, d=|
n:d=*
c:0, 1, 2.532
",0.00048679659506492106,"//0
p:0.598, -0.041, -1.156, fr=0.547
p:0.942, -0.243, -0.276, fr=0.011
p:0.48975803042258415, 0.1028524685988026, -1.4918486514388367, fr=0.012
p:1.102, -0.016, -1.576
p:-0.9682642335694838, -0.4605718718093651, -0.8262300233016763
j:1, 4, stif=0.79
j:2, 4
j:3, 1, stif=0.915
j:0, 1
n:j=0, d=|
n:d=*
c:0, 1, 2.532
",0.00012605502202477667,feasible,22
15,0,25,"//0
p:0.598, -0.041, -1.156, fr=0.547
p:0.942, -0.243, -0.276, fr=0.011
p:0.48975803042258415, 0.1028524685988026, -1.4918486514388367, fr=0.012
p:0.36, -0.158, -1.249
p:-0.9682642335694838, -0.4605718718093651, -0.8262300233016763
j:1, 4, stif=0.79
j:2, 4
j:3, 1, stif=0.915
j:0, 1
n:j=0, d=|
n:d=*
c:0, 1, 2.532
",0.00048679659506492106,"//0
p:0.598, -0.041, -1.156, fr=0.547
p:0.942, -0.243, -0.276, fr=0.011
p:0.48975803042258415, 0.1028524685988026, -1.4918486514388367, fr=0.012
p:0.36, -0.158, -1.249
p:-0.9682642335694838, -0.4605718718093651, -0.8262300233016763
j:4, 1, stif=0.79
j:2, 1
j:3, 4, stif=0.915
j:0, 4
n:j=0, d=|
n:d=*
c:0, 1, 2.532
",0.00014420955526277702,feasible,22
15,0,25,"//0
p:0.598, -0.041, -1.156, fr=0.547
p:0.942, -0.243, -0.276, fr=0.011
p:0.48975803042258415, 0.1028524685988026, -1.4918486514388367, fr=0.012
p:0.36, -0.158, -1.249
p:-0.9682642335694838, -0.4605718718093651, -0.8262300233016763
j:1, 4, stif=0.79
j:2, 4
j:3, 1, stif=0.915
j:0, 1
n:j=0, d=|
n:d=*
c:0, 1, 2.532
",0.00048679659506492106,"//0
p:0.598, -0.041, -1.156, fr=0.547
p:0.942, -0.243, -0.276, fr=0.011
p:0.48975803042258415, 0.1028524685988026, -1.4918486514388367, fr=0.012
p:0.36, -0.158, -1.249
p:-0.9682642335694838, -0.4605718718093651, -0.8262300233016763
j:1, 4, stif=0.79
j:2, 4
j:3, 1, stif=0.976
j:0, 1
n:j=0, d=|
n:d=*
c:0, 1, 2.532
",0.0003903383089359965,feasible,22
15,0,25,"//0
p:0.598, -0.041, -1.156, fr=0.547
p:0.942, -0.243, -0.276, fr=0.011
p:0.48975803042258415, 0.1028524685988026, -1.4918486514388367, fr=0.012
p:0.36, -0.158, -1.249
p:-0.9682642335694838, -0.4605718718093651, -0.8262300233016763
j:1, 4, stif=0.79
j:2, 4
j:3, 1, stif=0.915
j:0, 1
n:j=0, d=|
n:d=*
c:0, 1, 2.532
",0.00048679659506492106,"//0
p:0.598, -0.041, -1.156, fr=0.547
p:0.942, -0.243, -0.276, fr=0.011
p:0.48975803042258415, 0.1028524685988026, -1.4918486514388367, fr=0.012
p:0.36, -0.158, -1.249
p:-0.9682642335694838, -0.4605718718093651, -0.8262300233016763, fr=0.248
j:1, 4, stif=0.79
j:2, 4
j:3, 1, stif=0.915
j:0, 1
n:j=0, d=|
n:d=*
c:0, 1, 2.532
",0.00044951757712912224,feasible,22
15,0,25,"//0
p:0.598, -0.041, -1.156, fr=0.547
p:0.942, -0.243, -0.276, fr=0.011
p:0.48975803042258415, 0.1028524685988026, -1.4918486514388367, fr=0.012
p:0.36, -0.158, -1.249
p:-0.9682642335694838, -0.4605718718093651, -0.8262300233016763
j:1, 4, stif=0.79
j:2, 4
j:3, 1, stif=0.915
j:0, 1
n:j=0, d=|
n:d=*
c:0, 1, 2.532
",0.00048679659506492106,"//0
p:0.598, -0.041, -1.156, fr=0.547
p:0.942, -0.243, -0.276, fr=0.011
p:0.48975803042258415, 0.1028524685988026, -1.4918486514388367, fr=0.012, ing=0.185
p:0.36, -0.158, -1.249
p:-0.9682642335694838, -0.4605718718093651, -0.8262300233016763
j:1, 4, stif=0.79
j:2, 4
j:3, 1, stif=0.915
j:0, 1
n:j=0, d=|
n:d=*
c:0, 1, 2.532
",0.00048679659506492106,feasible,22
15,0,25,"//0
p:0.598, -0.041, -1.156, fr=0.547
p:0.942, -0.243, -0.276, fr=0.011
p:0.48975803042258415, 0.1028524685988026, -1.4918486514388367, fr=0.012
p:0.36, -0.158, -1.249
p:-0.9682642335694838, -0.4605718718093651, -0.8262300233016763
j:1, 4, stif=0.79
j:2, 4
j:3, 1, stif=0.915
j:0, 1
n:j=0, d=|
n:d=*
c:0, 1, 2.532
",0.00048679659506492106,"//0
p:0.598, -0.041, -1.156, fr=0.547
p:0.942, -0.243, -0.276, fr=0.011
p:0.48975803042258415, 0.1028524685988026, -1.4918486514388367, fr=0.012
p:0.36, -0.158, -1.249
p:-0.9682642335694838, -0.4605718718093651, -0.8262300233016763
j:1, 4, stif=0.79
j:2, 4
j:3, 1, stif=0.915
j:0, 1
j:2, 1
n:j=0, d=|
n:d=*
c:0, 1, 2.532
",1.5995277199208647e-05,feasible,22
15,0,25,"//0
p:0.598, -0.041, -1.156, fr=0.547
p:0.942, -0.243, -0.276, fr=0.011
p:0.48975803042258415, 0.1028524685988026, -1.4918486514388367, fr=0.012
p:0.36, -0.158, -1.249
p:-0.9682642335694838, -0.4605718718093651, -0.8262300233016763
j:1, 4, stif=0.79
j:2, 4
j:3, 1, stif=0.915
j:0, 1
n:j=0, d=|
n:d=*
c:0, 1, 2.532
",0.00048679659506492106,"//0
p:0.598, -0.041, -1.156, fr=0.547
p:0.942, -0.243, -0.276, fr=0.011
p:0.48975803042258415, 0.1028524685988026, -1.4918486514388367, fr=0.012
p:0.36, -0.158, -1.249
p:-0.9682642335694838, -0.4605718718093651, -0.8262300233016763
j:1, 4, stif=0.79
j:2, 4
j:3, 1, stif=0.915
j:0, 1
n:j=0, d=|
n:d=*
n:d=*
c:0, 1, 2.532
",0.00048679659506492106,feasible,22
15,0,25,"//0
p:0.598, -0.041, -1.156, fr=0.547
p:0.942, -0.243, -0.276, fr=0.011
p:0.48975803042258415, 0.1028524685988026, -1.4918486514388367, fr=0.012
p:0.36, -0.158, -1.249
p:-0.9682642335694838, -0.4605718718093651, -0.8262300233016763
j:1, 4, stif=0.79
j:2, 4
j:3, 1, stif=0.915
j:0, 1
n:j=0, d=|
n:d=*
c:0, 1, 2.532
",0.00048679659506492106,"//0
p:0.598, -0.041, -1.156, fr=0.547, ing=0.203
p:0.942, -0.243, -0.276, fr=0.011
p:0.48975803042258415, 0.1028524685988026, -1.4918486514388367, fr=0.012
p:0.36, -0.158, -1.249
p:-0.9682642335694838, -0.4605718718093651, -0.8262300233016763
j:1, 4, stif=0.79
j:2, 4
j:3, 1, stif=0.915
j:0, 1
n:j=0, d=|
n:d=*
c:0, 1, 2.532
",0.00048679659506492106,feasible,22
15,0,25,"//0
p:0.598, -0.041, -1.156, fr=0.547
p:0.942, -0.243, -0.276, fr=0.011
p:0.48975803042258415, 0.1028524685988026, -1.4918486514388367, fr=0.012
p:0.36, -0.158, -1.249
p:-0.9682642335694838, -0.4605718718093651, -0.8262300233016763
j:1, 4, stif=0.79
j:2, 4
j:3, 1, stif=0.915
j:0, 1
n:j=0, d=|
n:d=*
c:0, 1, 2.532
",0.00048679659506492106,"//0
p:0.598, -0.041, -1.156, fr=0.547
p:0.942, -0.243, -0.276, fr=0.011
p:0.48975803042258415, 0.1028524685988026, -1.4918486514388367, fr=0.012
p:0.36, -0.158, -1.249
p:-0.9682642335694838, -0.4605718718093651, -0.8262300233016763
j:1, 4, stif=0.79
j:2, 4
j:3, 1, stif=0.915, rotstif=0.819
j:0, 1
n:j=0, d=|
n:d=*
c:0, 1, 2.532
",0.00048679659506492106,feasible,22
15,0,25,"//0
p:0.598, -0.041, -1.156, fr=0.547
p:0.942, -0.243, -0.276, fr=0.011
p:0.48975803042258415, 0.1028524685988026, -1.4918486514388367, fr=0.012
p:0.36, -0.158, -1.249
p:-0.9682642335694838, -0.4605718718093651, -0.8262300233016763
j:1, 4, stif=0.79
j:2, 4
j:3, 1, stif=0.915
j:0, 1
n:j=0, d=|
n:d=*
c:0, 1, 2.532
",0.00048679659506492106,"//0
p:0.598, -0.041, -1.156, fr=0.547
p:0.942, -0.243, -0.276, fr=0.011
p:0.48975803042258415, 0.1028524685988026, -1.4918486514388367, fr=0.012
p:0.36, -0.158, -1.249
p:-0.9682642335694838, -0.4605718718093651, -0.8262300233016763
j:1, 4, stif=0.687
j:2, 4
j:3, 1, stif=0.915
j:0, 1
n:j=0, d=|
n:d=*
c:0, 1, 2.532
",0.0003508402747634228,feasible,22
15,0,25,"//0
p:0.598, -0.041, -1.156, fr=0.547
p:0.942, -0.243, -0.276, fr=0.011
p:0.48975803042258415, 0.1028524685988026, -1.4918486514388367, fr=0.012
p:0.36, -0.158, -1.249
p:-0.9682642335694838, -0.4605718718093651, -0.8262300233016763
j:1, 4, stif=0.79
j:2, 4
j:3, 1, stif=0.915
j:0, 1
n:j=0, d=|
n:d=*
c:0, 1, 2.532
",0.00048679659506492106,"//0
p:0.598, -0.041, -1.156, fr=0.547
p:0.942, -0.243, -0.276, fr=0.011
p:0.48975803042258415, 0.1028524685988026, -1.4918486514388367, fr=0.012
p:0.36, -0.158, -1.249
p:-0.9682642335694838, -0.4605718718093651, -0.8262300233016763
j:0, 4, stif=0.79
j:2, 4
j:3, 0, stif=0.915
j:1, 0
n:j=0, d=|
n:d=*
c:0, 1, 2.532
",6.351286665927951e-05,feasible,22
15,0,25,"//0
p:0.598, -0.041, -1.156, fr=0.547
p:0.942, -0.243, -0.276, fr=0.011
p:0.48975803042258415, 0.1028524685988026, -1.4918486514388367, fr=0.012
p:0.36, -0.158, -1.249
p:-0.9682642335694838, -0.4605718718093651, -0.8262300233016763
j:1, 4, stif=0.79
j:2, 4
j:3, 1, stif=0.915
j:0, 1
n:j=0, d=|
n:d=*
c:0, 1, 2.532
",0.00048679659506492106,"//0
p:0.598, -0.041, -1.156, fr=0.547
p:0.942, -0.243, -0.276, fr=0.011
p:0.48975803042258415, 0.1028524685988026, -1.4918486514388367, fr=0.012
p:0.36, -0.158, -1.249
p:-0.9682642335694838, -0.4605718718093651, -0.8262300233016763
j:1, 4, stif=0.79, rotstif=0.956
j:2, 4
j:3, 1, stif=0.915
j:0, 1
n:j=0, d=|
n:d=*
c:0, 1, 2.532
",0.00048679659506492106,feasible,22
15,0,25,"//0
p:0.598, -0.041, -1.156, fr=0.547
p:0.942, -0.243, -0.276, fr=0.011
p:0.48975803042258415, 0.1028524685988026, -1.4918486514388367, fr=0.012
p:0.36, -0.158, -1.249
p:-0.9682642335694838, -0.4605718718093651, -0.8262300233016763
j:1, 4, stif=0.79
j:2, 4
j:3, 1, stif=0.915
j:0, 1
n:j=0, d=|
n:d=*
c:0, 1, 2.532
",0.00048679659506492106,"//0
p:0.598, -0.041, -1.156, fr=0.547
p:0.942, -0.243, -0.276, fr=0.011
p:0.48975803042258415, 0.1028524685988026, -1.4918486514388367, fr=0.012
p:0.36, -0.158, -1.249
p:-0.9682642335694838, -0.4605718718093651, -0.8262300233016763
j:1, 4, stif=0.79
j:2, 4
j:3, 1, stif=0.915
j:0, 1
n:j=0, d=|
n:d=*
c:0, 1, 2.113
",0.00048679659506492106,feasible,22
15,0,25,"//0
p:0.598, -0.041, -1.156, fr=0.547
p:0.942, -0.243, -0.276, fr=0.011
p:0.48975803042258415, 0.1028524685988026, -1.4918486514388367, fr=0.012
p:0.36, -0.158, -1.249
p:-0.9682642335694838, -0.4605718718093651, -0.8262300233016763
j:1, 4, stif=0.79
j:2, 4
j:3, 1, stif=0.915
j:0, 1
n:j=0, d=|
n:d=*
c:0, 1, 2.532
",0.00048679659506492106,"//0
p:0.598, -0.041, -1.156, fr=0.547
p:0.459, -0.193, -1.007, fr=0.011
p:0.48975803042258415, 0.1028524685988026, -1.4918486514388367, fr=0.012
p:0.36, -0.158, -1.249
p:-0.9682642335694838, -0.4605718718093651, -0.8262300233016763
j:1, 4, stif=0.79
j:2, 4
j:3, 1, stif=0.915
j:0, 1
n:j=0, d=|
n:d=*
c:0, 1, 2.532
",5.2177704697493764e-05,feasible,22
15,0,25,"//0
p:0.598, -0.041, -1.156, fr=0.547
p:0.942, -0.243, -0.276, fr=0.011
p:0.48975803042258415, 0.1028524685988026, -1.4918486514388367, fr=0.012
p:0.36, -0.158, -1.249
p:-0.9682642335694838, -0.4605718718093651, -0.8262300233016763
j:1, 4, stif=0.79
j:2, 4
j:3, 1, stif=0.915
j:0, 1
n:j=0, d=|
n:d=*
c:0, 1, 2.532
",0.00048679659506492106,"//0
p:0.598, -0.041, -1.156, fr=0.547
p:0.942, -0.243, -0.276, fr=0.011, ing=0.236
p:0.48975803042258415, 0.1028524685988026, -1.4918486514388367, fr=0.012
p:0.36, -0.158, -1.249
p:-0.9682642335694838, -0.4605718718093651, -0.8262300233016763
j:1, 4, stif=0.79
j:2, 4
j:3, 1, stif=0.915
j:0, 1
n:j=0, d=|
n:d=*
c:0, 1, 2.532
",0.00048679659506492106,feasible,22
15,0,26,"//0
p:0.598, -0.041, -1.156, fr=0.547
p:0.942, -0.243, -0.276, fr=0.011
p:0.48975803042258415, 0.1028524685988026, -1.4918486514388367, fr=0.012
p:0.225, -0.057, -1.19
p:-0.9682642335694838, -0.4605718718093651, -0.8262300233016763
j:1, 4, stif=0.79
j:2, 4
j:3, 1, stif=0.915
j:0, 1
n:j=0, d=|
n:d=*
c:0, 1, 2.532
",0.0005653474654562271,"//0
p:0.598, -0.041, -1.156, fr=0.547
p:0.942, -0.243, -0.276, fr=0.011
p:0.48975803042258415, 0.1028524685988026, -1.4918486514388367, fr=0.012, ing=0.195
p:0.225, -0.057, -1.19
p:-0.9682642335694838, -0.4605718718093651, -0.8262300233016763
j:1, 4, stif=0.79
j:2, 4
j:3, 1, stif=0.915
j:0, 1
n:j=0, d=|
n:d=*
c:0, 1, 2.532
",0.0005653474654562271,feasible,21
15,0,26,"//0
p:0.598, -0.041, -1.156, fr=0.547
p:0.942, -0.243, -0.276, fr=0.011
p:0.48975803042258415, 0.1028524685988026, -1.4918486514388367, fr=0.012
p:0.225, -0.057, -1.19
p:-0.9682642335694838, -0.4605718718093651, -0.8262300233016763
j:1, 4, stif=0.79
j:2, 4
j:3, 1, stif=0.915
j:0, 1
n:j=0, d=|
n:d=*
c:0, 1, 2.532
",0.0005653474654562271,"//0
p:0.598, -0.041, -1.156, fr=0.547
p:0.942, -0.243, -0.276, fr=0.011
p:0.48975803042258415, 0.1028524685988026, -1.4918486514388367, fr=0.012
p:0.225, -0.057, -1.19
p:-0.9682642335694838, -0.4605718718093651, -0.8262300233016763
j:1, 4, stif=0.79
j:2, 4, stif=0.851
j:3, 1, stif=0.915
j:0, 1
n:j=0, d=|
n:d=*
c:0, 1, 2.532
",0.0005322428603034704,feasible,21
15,0,26,"//0
p:0.598, -0.041, -1.156, fr=0.547
p:0.942, -0.243, -0.276, fr=0.011
p:0.48975803042258415, 0.1028524685988026, -1.4918486514388367, fr=0.012
p:0.225, -0.057, -1.19
p:-0.9682642335694838, -0.4605718718093651, -0.8262300233016763
j:1, 4, stif=0.79
j:2, 4
j:3, 1, stif=0.915
j:0, 1
n:j=0, d=|
n:d=*
c:0, 1, 2.532
",0.0005653474654562271,"//0
p:0.598, -0.041, -1.156, fr=0.547
p:0.942, -0.243, -0.276, fr=0.011
p:0.48975803042258415, 0.1028524685988026, -1.4918486514388367, fr=0.012
p:0.225, -0.057, -1.19
p:-0.9682642335694838, -0.4605718718093651, -0.8262300233016763
p:1.364, 0.739, -1.88
j:1, 4, stif=0.79
j:2, 4
j:3, 1, stif=0.915
j:0, 1
j:5, 0
n:j=0, d=|
n:d=*
c:0, 1, 2.532
",5.3781559441004324e-05,feasible,21
15,0,26,"//0
p:0.598, -0.041, -1.156, fr=0.547
p:0.942, -0.243, -0.276, fr=0.011
p:0.48975803042258415, 0.1028524685988026, -1.4918486514388367, fr=0.012
p:0.225, -0.057, -1.19
p:-0.9682642335694838, -0.4605718718093651, -0.8262300233016763
j:1, 4, stif=0.79
j:2, 4
j:3, 1, stif=0.915
j:0, 1
n:j=0, d=|
n:d=*
c:0, 1, 2.532
",0.0005653474654562271,"//0
p:0.598, -0.041, -1.156, fr=0.547
p:0.942, -0.243, -0.276, fr=0.235
p:0.48975803042258415, 0.1028524685988026, -1.4918486514388367, fr=0.012
p:0.225, -0.057, -1.19
p:-0.9682642335694838, -0.4605718718093651, -0.8262300233016763
j:1, 4, stif=0.79
j:2, 4
j:3, 1, stif=0.915
j:0, 1
n:j=0, d=|
n:d=*
c:0, 1, 2.532
",0.0003343591036418728,feasible,21
15,0,26,"//0
p:0.598, -0.041, -1.156, fr=0.547
p:0.942, -0.243, -0.276, fr=0.011
p:0.48975803042258415, 0.1028524685988026, -1.4918486514388367, fr=0.012
p:0.225, -0.057, -1.19
p:-0.9682642335694838, -0.4605718718093651, -0.8262300233016763
j:1, 4, stif=0.79
j:2, 4
j:3, 1, stif=0.915
j:0, 1
n:j=0, d=|
n:d=*
c:0, 1, 2.532
",0.0005653474654562271,"//0
p:0.598, -0.041, -1.156, fr=0.547
p:0.942, -0.243, -0.276, fr=0.011
p:0.48975803042258415, 0.1028524685988026, -1.4918486514388367, fr=0.012
p:0.225, -0.057, -1.19
p:-0.9682642335694838, -0.4605718718093651, -0.8262300233016763
j:1, 4, stif=0.79
j:2, 4
j:3, 1, stif=0.915
j:0, 1
n:j=0, d=|
n:d=*
c:0, 1, 1.755
",0.0005653474654562271,feasible,21
15,0,26,"//0
p:0.598, -0.041, -1.156, fr=0.547
p:0.942, -0.243, -0.276, fr=0.011
p:0.48975803042258415, 0.1028524685988026, -1.4918486514388367, fr=0.012
p:0.225, -0.057, -1.19
p:-0.9682642335694838, -0.4605718718093651, -0.8262300233016763
j:1, 4, stif=0.79
j:2, 4
j:3, 1, stif=0.915
j:0, 1
n:j=0, d=|
n:d=*
c:0, 1, 2.532
",0.0005653474654562271,"//0
p:0.598, -0.041, -1.156, fr=0.547
p:0.942, -0.243, -0.276, fr=0.011
p:0.48975803042258415, 0.1028524685988026, -1.4918486514388367, fr=0.012
p:0.225, -0.057, -1.19
p:-0.9682642335694838, -0.4605718718093651, -0.8262300233016763
j:1, 4, stif=0.79
j:2, 4
j:3, 1, stif=0.975
j:0, 1
n:j=0, d=|
n:d=*
c:0, 1, 2.532
",0.0005492635462430066,feasible,21
15,0,26,"//0
p:0.598, -0.041, -1.156, fr=0.547
p:0.942, -0.243, -0.276, fr=0.011
p:0.48975803042258415, 0.1028524685988026, -1.4918486514388367, fr=0.012
p:0.225, -0.057, -1.19
p:-0.9682642335694838, -0.4605718718093651, -0.8262300233016763
j:1, 4, stif=0.79
j:2, 4
j:3, 1, stif=0.915
j:0, 1
n:j=0, d=|
n:d=*
c:0, 1, 2.532
",0.0005653474654562271,"//0
p:0.598, -0.041, -1.156, fr=0.547
p:0.942, -0.243, -0.276, fr=0.011
p:0.48975803042258415, 0.1028524685988026, -1.4918486514388367, fr=0.012
p:0.225, -0.057, -1.19
p:-0.9682642335694838, -0.4605718718093651, -0.8262300233016763
j:3, 4, stif=0.79
j:2, 4
j:1, 3, stif=0.915
j:0, 3
n:j=0, d=|
n:d=*
c:0, 1, 2.532
",1.1962388414561533e-05,feasible,21
15,0,26,"//0
p:0.598, -0.041, -1.156, fr=0.547
p:0.942, -0.243, -0.276, fr=0.011
p:0.48975803042258415, 0.1028524685988026, -1.4918486514388367, fr=0.012
p:0.225, -0.057, -1.19
p:-0.9682642335694838, -0.4605718718093651, -0.8262300233016763
j:1, 4, stif=0.79
j:2, 4
j:3, 1, stif=0.915
j:0, 1
n:j=0, d=|
n:d=*
c:0, 1, 2.532
",0.0005653474654562271,"//0
p:0.598, -0.041, -1.156, fr=0.547
p:0.942, -0.243, -0.276, fr=0.011
p:0.48975803042258415, 0.1028524685988026, -1.4918486514388367, fr=0.012
p:0.225, -0.057, -1.19
p:-0.9682642335694838, -0.4605718718093651, -0.8262300233016763
j:1, 4, stif=0.79
j:2, 4
j:3, 1, stif=0.915
j:0, 1
n:j=0, d=|:p=0.072
n:d=*
c:0, 1, 2.532
",0.00016818066029579838,feasible,21
15,0,26,"//0
p:0.598, -0.041, -1.156, fr=0.547
p:0.942, -0.243, -0.276, fr=0.011
p:0.48975803042258415, 0.1028524685988026, -1.4918486514388367, fr=0.012
p:0.225, -0.057, -1.19
p:-0.9682642335694838, -0.4605718718093651, -0.8262300233016763
j:1, 4, stif=0.79
j:2, 4
j:3, 1, stif=0.915
j:0, 1
n:j=0, d=|
n:d=*
c:0, 1, 2.532
",0.0005653474654562271,"//0
p:0.598, -0.041, -1.156, fr=0.547
p:0.942, -0.243, -0.276, fr=0.011
p:0.48975803042258415, 0.1028524685988026, -1.4918486514388367, fr=0.012
p:0.225, -0.057, -1.19
p:-0.9682642335694838, -0.4605718718093651, -0.8262300233016763
j:1, 4, stif=0.79
j:2, 4
j:3, 1, stif=0.915
j:0, 1
n:j=0, d=|
n:d=*
c:0, 1, 0.623
",0.00021051814308645548,feasible,21
15,0,26,"//0
p:0.598, -0.041, -1.156, fr=0.547
p:0.942, -0.243, -0.276, fr=0.011
p:0.48975803042258415, 0.1028524685988026, -1.4918486514388367, fr=0.012
p:0.225, -0.057, -1.19
p:-0.9682642335694838, -0.4605718718093651, -0.8262300233016763
j:1, 4, stif=0.79
j:2, 4
j:3, 1, stif=0.915
j:0, 1
n:j=0, d=|
n:d=*
c:0, 1, 2.532
",0.0005653474654562271,"//0
p:0.598, -0.041, -1.156, fr=0.547
p:0.942, -0.243, -0.276, fr=0.011
p:0.48975803042258415, 0.1028524685988026, -1.4918486514388367, fr=0.012
p:0.225, -0.057, -1.19
p:-0.9682642335694838, -0.4605718718093651, -0.8262300233016763
j:1, 4, stif=0.79
j:2, 4
j:3, 1, stif=0.915
j:0, 1, stif=0.948
n:j=0, d=|
n:d=*
c:0, 1, 2.532
",0.0005768984125082475,feasible,21
15,0,26,"//0
p:0.598, -0.041, -1.156, fr=0.547
p:0.942, -0.243, -0.276, fr=0.011
p:0.48975803042258415, 0.1028524685988026, -1.4918486514388367, fr=0.012
p:0.225, -0.057, -1.19
p:-0.9682642335694838, -0.4605718718093651, -0.8262300233016763
j:1, 4, stif=0.79
j:2, 4
j:3, 1, stif=0.915
j:0, 1
n:j=0, d=|
n:d=*
c:0, 1, 2.532
",0.0005653474654562271,"//0
p:0.598, -0.041, -1.156, fr=0.547
p:0.942, -0.243, -0.276, fr=0.011
p:0.48975803042258415, 0.1028524685988026, -1.4918486514388367, fr=0.012
p:0.225, -0.057, -1.19
p:-0.9682642335694838, -0.4605718718093651, -0.8262300233016763, fr=0.967
j:1, 4, stif=0.79
j:2, 4
j:3, 1, stif=0.915
j:0, 1
n:j=0, d=|
n:d=*
c:0, 1, 2.532
",0.000529090722239352,feasible,21
15,0,26,"//0
p:0.598, -0.041, -1.156, fr=0.547
p:0.942, -0.243, -0.276, fr=0.011
p:0.48975803042258415, 0.1028524685988026, -1.4918486514388367, fr=0.012
p:0.225, -0.057, -1.19
p:-0.9682642335694838, -0.4605718718093651, -0.8262300233016763
j:1, 4, stif=0.79
j:2, 4
j:3, 1, stif=0.915
j:0, 1
n:j=0, d=|
n:d=*
c:0, 1, 2.532
",0.0005653474654562271,"//0
p:0.598, -0.041, -1.156, fr=0.547
p:0.942, -0.243, -0.276, fr=0.011
p:0.48975803042258415, 0.1028524685988026, -1.4918486514388367, fr=0.012
p:0.225, -0.057, -1.19
p:-0.9682642335694838, -0.4605718718093651, -0.8262300233016763
p:0.726, 0.051, -1.925
j:1, 4, stif=0.79
j:2, 4
j:3, 1, stif=0.915
j:0, 1
j:5, 2
n:j=0, d=|
n:d=*
c:0, 1, 2.532
",0.0011930505349515418,feasible,21
15,0,26,"//0
p:0.598, -0.041, -1.156, fr=0.547
p:0.942, -0.243, -0.276, fr=0.011
p:0.48975803042258415, 0.1028524685988026, -1.4918486514388367, fr=0.012
p:0.225, -0.057, -1.19
p:-0.9682642335694838, -0.4605718718093651, -0.8262300233016763
j:1, 4, stif=0.79
j:2, 4
j:3, 1, stif=0.915
j:0, 1
n:j=0, d=|
n:d=*
c:0, 1, 2.532
",0.0005653474654562271,"//0
p:0.598, -0.041, -1.156, fr=0.547
p:0.942, -0.243, -0.276, fr=0.011
p:0.48975803042258415, 0.1028524685988026, -1.4918486514388367, fr=0.012
p:0.225, -0.057, -1.19
p:-0.9682642335694838, -0.4605718718093651, -0.8262300233016763
j:2, 4, stif=0.79
j:1, 4
j:3, 2, stif=0.915
j:0, 2
n:j=0, d=|
n:d=*
c:0, 1, 2.532
",9.385829230630158e-06,feasible,21
15,0,26,"//0
p:0.598, -0.041, -1.156, fr=0.547
p:0.942, -0.243, -0.276, fr=0.011
p:0.48975803042258415, 0.1028524685988026, -1.4918486514388367, fr=0.012
p:0.225, -0.057, -1.19
p:-0.9682642335694838, -0.4605718718093651, -0.8262300233016763
j:1, 4, stif=0.79
j:2, 4
j:3, 1, stif=0.915
j:0, 1
n:j=0, d=|
n:d=*
c:0, 1, 2.532
",0.0005653474654562271,"//0
p:0.598, -0.041, -1.156, fr=0.547
p:0.942, -0.243, -0.276, fr=0.011
p:0.48975803042258415, 0.1028524685988026, -1.4918486514388367, fr=0.012
p:0.225, -0.057, -1.19
p:-0.9682642335694838, -0.4605718718093651, -0.8262300233016763
j:1, 4, stif=0.79
j:2, 4, rotstif=0.894
j:3, 1, stif=0.915
j:0, 1
n:j=0, d=|
n:d=*
c:0, 1, 2.532
",0.0005653474654562271,feasible,21
15,0,26,"//0
p:0.598, -0.041, -1.156, fr=0.547
p:0.942, -0.243, -0.276, fr=0.011
p:0.48975803042258415, 0.1028524685988026, -1.4918486514388367, fr=0.012
p:0.225, -0.057, -1.19
p:-0.9682642335694838, -0.4605718718093651, -0.8262300233016763
j:1, 4, stif=0.79
j:2, 4
j:3, 1, stif=0.915
j:0, 1
n:j=0, d=|
n:d=*
c:0, 1, 2.532
",0.0005653474654562271,"//0
p:0.598, -0.041, -1.156, fr=0.547
p:0.942, -0.243, -0.276, fr=0.011
p:0.225, -0.057, -1.19
p:-0.9682642335694838, -0.4605718718093651, -0.8262300233016763
j:1, 3, stif=0.79
j:2, 1, stif=0.915
j:0, 1
n:j=0, d=|
n:d=*
c:0, 1, 2.532
",3.426095567998797e-05,feasible,21
15,0,26,"//0
p:0.598, -0.041, -1.156, fr=0.547
p:0.942, -0.243, -0.276, fr=0.011
p:0.48975803042258415, 0.1028524685988026, -1.4918486514388367, fr=0.012
p:0.225, -0.057, -1.19
p:-0.9682642335694838, -0.4605718718093651, -0.8262300233016763
j:1, 4, stif=0.79
j:2, 4
j:3, 1, stif=0.915
j:0, 1
n:j=0, d=|
n:d=*
c:0, 1, 2.532
",0.0005653474654562271,"//0
p:0.598, -0.041, -1.156, fr=0.547
p:0.942, -0.243, -0.276, fr=0.011
p:0.48975803042258415, 0.1028524685988026, -1.4918486514388367, fr=0.012
p:0.225, -0.057, -1.19
p:-0.9682642335694838, -0.4605718718093651, -0.8262300233016763
j:1, 4, stif=0.79
j:2, 4
j:3, 1, stif=0.915
j:0, 1
n:j=0, d=|
n:d=*
c:0, 1, 0.279
",0.00010929306635627609,feasible,21
15,0,26,"//0
p:0.598, -0.041, -1.156, fr=0.547
p:0.942, -0.243, -0.276, fr=0.011
p:0.48975803042258415, 0.1028524685988026, -1.4918486514388367, fr=0.012
p:0.225, -0.057, -1.19
p:-0.9682642335694838, -0.4605718718093651, -0.8262300233016763
j:1, 4, stif=0.79
j:2, 4
j:3, 1, stif=0.915
j:0, 1
n:j=0, d=|
n:d=*
c:0, 1, 2.532
",0.0005653474654562271,"//0
p:0.598, -0.041, -1.156, fr=0.547
p:0.942, -0.243, -0.276, fr=0.011
p:0.48975803042258415, 0.1028524685988026, -1.4918486514388367, fr=0.012
p:0.225, -0.057, -1.19
p:-0.9682642335694838, -0.4605718718093651, -0.8262300233016763
j:1, 4, stif=0.79
j:2, 4
j:3, 1, stif=0.915
j:0, 1
n:j=0, d=|
n:d=*
c:0, 1, 2.597
",0.0005653474654562271,feasible,21
15,0,26,"//0
p:0.598, -0.041, -1.156, fr=0.547
p:0.942, -0.243, -0.276, fr=0.011
p:0.48975803042258415, 0.1028524685988026, -1.4918486514388367, fr=0.012
p:0.225, -0.057, -1.19
p:-0.9682642335694838, -0.4605718718093651, -0.8262300233016763
j:1, 4, stif=0.79
j:2, 4
j:3, 1, stif=0.915
j:0, 1
n:j=0, d=|
n:d=*
c:0, 1, 2.532
",0.0005653474654562271,"//0
p:0.598, -0.041, -1.156, fr=0.547
p:0.942, -0.243, -0.276, fr=0.011
p:0.48975803042258415, 0.1028524685988026, -1.4918486514388367, fr=0.012
p:0.225, -0.057, -1.19
p:-0.9682642335694838, -0.4605718718093651, -0.8262300233016763
j:1, 4, stif=0.79
j:2, 4
j:3, 1, stif=0.915
j:0, 1
n:j=0, d=|:r=0.965
n:d=*
c:0, 1, 2.532
",0.00022736079903963157,feasible,21
15,0,26,"//0
p:0.598, -0.041, -1.156, fr=0.547
p:0.942, -0.243, -0.276, fr=0.011
p:0.48975803042258415, 0.1028524685988026, -1.4918486514388367, fr=0.012
p:0.225, -0.057, -1.19
p:-0.9682642335694838, -0.4605718718093651, -0.8262300233016763
j:1, 4, stif=0.79
j:2, 4
j:3, 1, stif=0.915
j:0, 1
n:j=0, d=|
n:d=*
c:0, 1, 2.532
",0.0005653474654562271,"//0
p:0.598, -0.041, -1.156, fr=0.547
p:0.662, -0.741, -0.216, fr=0.011
p:0.48975803042258415, 0.1028524685988026, -1.4918486514388367, fr=0.012
p:0.225, -0.057, -1.19
p:-0.9682642335694838, -0.4605718718093651, -0.8262300233016763
j:1, 4, stif=0.79
j:2, 4
j:3, 1, stif=0.915
j:0, 1
n:j=0, d=|
n:d=*
c:0, 1, 2.532
",0.00041296136841598976,feasible,21
15,0,26,"//0
p:0.598, -0.041, -1.156, fr=0.547
p:0.942, -0.243, -0.276, fr=0.011
p:0.48975803042258415, 0.1028524685988026, -1.4918486514388367, fr=0.012
p:0.225, -0.057, -1.19
p:-0.9682642335694838, -0.4605718718093651, -0.8262300233016763
j:1, 4, stif=0.79
j:2, 4
j:3, 1, stif=0.915
j:0, 1
n:j=0, d=|
n:d=*
c:0, 1, 2.532
",0.0005653474654562271,"//0
p:0.598, -0.041, -1.156, fr=0.547
p:0.942, -0.243, -0.276, fr=0.011
p:0.48975803042258415, 0.1028524685988026, -1.4918486514388367, fr=0.012
p:0.225, -0.057, -1.19
p:-0.9682642335694838, -0.4605718718093651, -0.8262300233016763
j:1, 4, stif=0.79
j:2, 4, stif=0.872
j:3, 1, stif=0.915
j:0, 1
n:j=0, d=|
n:d=*
c:0, 1, 2.532
",0.0005164570258526946,feasible,21
15,0,27,"//0
p:0.598, -0.041, -1.156, fr=0.547
p:0.942, -0.243, -0.276, fr=0.011
p:0.48975803042258415, 0.1028524685988026, -1.4918486514388367, fr=0.012
p:0.225, -0.057, -1.19
p:-0.9682642335694838, -0.4605718718093651, -0.8262300233016763
p:-0.863, 0.453, -2.487
j:1, 4, stif=0.79
j:2, 4
j:3, 1, stif=0.915
j:0, 1
j:5, 3
n:j=0, d=|
n:d=*
c:0, 1, 2.532
",0.0009404108606625101,"//0
p:0.598, -0.041, -1.156, fr=0.547
p:0.942, -0.243, -0.276, fr=0.011
p:0.48975803042258415, 0.1028524685988026, -1.4918486514388367, fr=0.012
p:0.225, -0.057, -1.19
p:-0.9682642335694838, -0.4605718718093651, -0.8262300233016763
p:-0.863, 0.453, -2.487
j:1, 4, stif=0.79
j:2, 4
j:3, 1, stif=0.915
j:0, 1
j:5, 3
n:j=0, d=|
n:d=*
n:p=4, d=T
c:0, 1, 2.532
",0.0009404108606625101,feasible,20
15,0,27,"//0
p:0.598, -0.041, -1.156, fr=0.547
p:0.942, -0.243, -0.276, fr=0.011
p:0.48975803042258415, 0.1028524685988026, -1.4918486514388367, fr=0.012
p:0.225, -0.057, -1.19
p:-0.9682642335694838, -0.4605718718093651, -0.8262300233016763
p:-0.863, 0.453, -2.487
j:1, 4, stif=0.79
j:2, 4
j:3, 1, stif=0.915
j:0, 1
j:5, 3
n:j=0, d=|
n:d=*
c:0, 1, 2.532
",0.0009404108606625101,"//0
p:0.598, -0.041, -1.156, fr=0.547
p:0.942, -0.243, -0.276, fr=0.011
p:0.48975803042258415, 0.1028524685988026, -1.4918486514388367, fr=0.012
p:0.225, -0.057, -1.19
p:-0.9682642335694838, -0.4605718718093651, -0.8262300233016763
p:-0.863, 0.453, -2.487
j:4, 1, stif=0.79
j:2, 1
j:3, 4, stif=0.915
j:0, 4
j:5, 3
n:j=0, d=|
n:d=*
c:0, 1, 2.532
",0.00013665519757522486,feasible,20
15,0,27,"//0
p:0.598, -0.041, -1.156, fr=0.547
p:0.942, -0.243, -0.276, fr=0.011
p:0.48975803042258415, 0.1028524685988026, -1.4918486514388367, fr=0.012
p:0.225, -0.057, -1.19
p:-0.9682642335694838, -0.4605718718093651, -0.8262300233016763
p:-0.863, 0.453, -2.487
j:1, 4, stif=0.79
j:2, 4
j:3, 1, stif=0.915
j:0, 1
j:5, 3
n:j=0, d=|
n:d=*
c:0, 1, 2.532
",0.0009404108606625101,"//0
p:0.598, -0.041, -1.156, fr=0.547
p:0.942, -0.243, -0.276, fr=0.011
p:0.48975803042258415, 0.1028524685988026, -1.4918486514388367, fr=0.012
p:0.225, -0.057, -1.19
p:-0.9682642335694838, -0.4605718718093651, -0.8262300233016763
p:-0.863, 0.453, -2.487, fr=0.703
j:1, 4, stif=0.79
j:2, 4
j:3, 1, stif=0.915
j:0, 1
j:5, 3
n:j=0, d=|
n:d=*
c:0, 1, 2.532
",0.0009727955457673298,feasible,20
15,0,27,"//0
p:0.598, -0.041, -1.156, fr=0.547
p:0.942, -0.243, -0.276, fr=0.011
p:0.48975803042258415, 0.1028524685988026, -1.4918486514388367, fr=0.012
p:0.225, -0.057, -1.19
p:-0.9682642335694838, -0.4605718718093651, -0.8262300233016763
p:-0.863, 0.453, -2.487
j:1, 4, stif=0.79
j:2, 4
j:3, 1, stif=0.915
j:0, 1
j:5, 3
n:j=0, d=|
n:d=*
c:0, 1, 2.532
",0.0009404108606625101,"//0
p:0.598, -0.041, -1.156, fr=0.547
p:0.942, -0.243, -0.276, fr=0.011
p:0.48975803042258415, 0.1028524685988026, -1.4918486514388367, fr=0.012
p:0.225, -0.057, -1.19
p:-0.9682642335694838, -0.4605718718093651, -0.8262300233016763, ing=0.42
p:-0.863, 0.453, -2.487
j:1, 4, stif=0.79
j:2, 4
j:3, 1, stif=0.915
j:0, 1
j:5, 3
n:j=0, d=|
n:d=*
c:0, 1, 2.532
",0.0009404108606625101,feasible,20
15,0,27,"//0
p:0.598, -0.041, -1.156, fr=0.547
p:0.942, -0.243, -0.276, fr=0.011
p:0.48975803042258415, 0.1028524685988026, -1.4918486514388367, fr=0.012
p:0.225, -0.057, -1.19
p:-0.9682642335694838, -0.4605718718093651, -0.8262300233016763
p:-0.863, 0.453, -2.487
j:1, 4, stif=0.79
j:2, 4
j:3, 1, stif=0.915
j:0, 1
j:5, 3
n:j=0, d=|
n:d=*
c:0, 1, 2.532
",0.0009404108606625101,"//0
p:0.598, -0.041, -1.156, fr=0.547, ing=0.086
p:0.942, -0.243, -0.276, fr=0.011
p:0.48975803042258415, 0.1028524685988026, -1.4918486514388367, fr=0.012
p:0.225, -0.057, -1.19
p:-0.9682642335694838, -0.4605718718093651, -0.8262300233016763
p:-0.863, 0.453, -2.487
j:1, 4, stif=0.79
j:2, 4
j:3, 1, stif=0.915
j:0, 1
j:5, 3
n:j=0, d=|
n:d=*
c:0, 1, 2.532
",0.0009404108606625101,feasible,20
15,0,27,"//0
p:0.598, -0.041, -1.156, fr=0.547
p:0.942, -0.243, -0.276, fr=0.011
p:0.48975803042258415, 0.1028524685988026, -1.4918486514388367, fr=0.012
p:0.225, -0.057, -1.19
p:-0.9682642335694838, -0.4605718718093651, -0.8262300233016763
p:-0.863, 0.453, -2.487
j:1, 4, stif=0.79
j:2, 4
j:3, 1, stif=0.915
j:0, 1
j:5, 3
n:j=0, d=|
n:d=*
c:0, 1, 2.532
",0.0009404108606625101,"//0
p:0.598, -0.041, -1.156, fr=0.547
p:0.942, -0.243, -0.276, fr=0.011
p:0.48975803042258415, 0.1028524685988026, -1.4918486514388367, fr=0.012
p:0.225, -0.057, -1.19
p:-0.9682642335694838, -0.4605718718093651, -0.8262300233016763
p:-0.863, 0.453, -2.487
j:1, 4, stif=0.79
j:2, 4
j:3, 1, stif=0.915, rotstif=0.972
j:0, 1
j:5, 3
n:j=0, d=|
n:d=*
c:0, 1, 2.532
",0.0009404108606625101,feasible,20
15,0,27,"//0
p:0.598, -0.041, -1.156, fr=0.547
p:0.942, -0.243, -0.276, fr=0.011
p:0.48975803042258415, 0.1028524685988026, -1.4918486514388367, fr=0.012
p:0.225, -0.057, -1.19
p:-0.9682642335694838, -0.4605718718093651, -0.8262300233016763
p:-0.863, 0.453, -2.487
j:1, 4, stif=0.79
j:2, 4
j:3, 1, stif=0.915
j:0, 1
j:5, 3
n:j=0, d=|
n:d=*
c:0, 1, 2.532
",0.0009404108606625101,"//0
p:0.598, -0.041, -1.156, fr=0.547
p:0.942, -0.243, -0.276, fr=0.357
p:0.48975803042258415, 0.1028524685988026, -1.4918486514388367, fr=0.012
p:0.225, -0.057, -1.19
p:-0.9682642335694838, -0.4605718718093651, -0.8262300233016763
p:-0.863, 0.453, -2.487
j:1, 4, stif=0.79
j:2, 4
j:3, 1, stif=0.915
j:0, 1
j:5, 3
n:j=0, d=|
n:d=*
c:0, 1, 2.532
",0.0010310471190860984,feasible,20
15,0,27,"//0
p:0.598, -0.041, -1.156, fr=0.547
p:0.942, -0.243, -0.276, fr=0.011
p:0.48975803042258415, 0.1028524685988026, -1.4918486514388367, fr=0.012
p:0.225, -0.057, -1.19
p:-0.9682642335694838, -0.4605718718093651, -0.8262300233016763
p:-0.863, 0.453, -2.487
j:1, 4, stif=0.79
j:2, 4
j:3, 1, stif=0.915
j:0, 1
j:5, 3
n:j=0, d=|
n:d=*
c:0, 1, 2.532
",0.0009404108606625101,"//0
p:0.598, -0.041, -1.156, fr=0.547
p:0.942, -0.243, -0.276, fr=0.011
p:0.48975803042258415, 0.1028524685988026, -1.4918486514388367, fr=0.012
p:0.225, -0.057, -1.19
p:-0.9682642335694838, -0.4605718718093651, -0.8262300233016763
p:-0.863, 0.453, -2.487
p:0.582, -0.955, 1.065
j:1, 4, stif=0.79
j:2, 4
j:3, 1, stif=0.915
j:0, 1
j:5, 3
j:6, 1
n:j=0, d=|
n:d=*
c:0, 1, 2.532
",0.0010208572971749541,feasible,20
15,0,27,"//0
p:0.598, -0.041, -1.156, fr=0.547
p:0.942, -0.243, -0.276, fr=0.011
p:0.48975803042258415, 0.1028524685988026, -1.4918486514388367, fr=0.012
p:0.225, -0.057, -1.19
p:-0.9682642335694838, -0.4605718718093651, -0.8262300233016763
p:-0.863, 0.453, -2.487
j:1, 4, stif=0.79
j:2, 4
j:3, 1, stif=0.915
j:0, 1
j:5, 3
n:j=0, d=|
n:d=*
c:0, 1, 2.532
",0.0009404108606625101,"//0
p:0.598, -0.041, -1.156, fr=0.547
p:0.942, -0.243, -0.276, fr=0.011
p:0.48975803042258415, 0.1028524685988026, -1.4918486514388367, fr=0.012
p:0.225, -0.057, -1.19
p:-0.9682642335694838, -0.4605718718093651, -0.8262300233016763
p:-0.863, 0.453, -2.487
p:-0.505, -1.184, -1.579
j:1, 4, stif=0.79
j:2, 4
j:3, 1, stif=0.915
j:0, 1
j:5, 3
j:6, 0
n:j=0, d=|
n:d=*
c:0, 1, 2.532
",0.0008987740745452642,feasible,20
15,0,27,"//0
p:0.598, -0.041, -1.156, fr=0.547
p:0.942, -0.243, -0.276, fr=0.011
p:0.48975803042258415, 0.1028524685988026, -1.4918486514388367, fr=0.012
p:0.225, -0.057, -1.19
p:-0.9682642335694838, -0.4605718718093651, -0.8262300233016763
p:-0.863, 0.453, -2.487
j:1, 4, stif=0.79
j:2, 4
j:3, 1, stif=0.915
j:0, 1
j:5, 3
n:j=0, d=|
n:d=*
c:0, 1, 2.532
",0.0009404108606625101,"//0
p:0.598, -0.041, -1.156, fr=0.547
p:0.942, -0.243, -0.276, fr=0.011
p:0.517, 0.308, -1.402, fr=0.012
p:0.225, -0.057, -1.19
p:-0.9682642335694838, -0.4605718718093651, -0.8262300233016763
p:-0.863, 0.453, -2.487
j:1, 4, stif=0.79
j:2, 4
j:3, 1, stif=0.915
j:0, 1
j:5, 3
n:j=0, d=|
n:d=*
c:0, 1, 2.532
",0.0009558146334301561,feasible,20
15,0,27,"//0
p:0.598, -0.041, -1.156, fr=0.547
p:0.942, -0.243, -0.276, fr=0.011
p:0.48975803042258415, 0.1028524685988026, -1.4918486514388367, fr=0.012
p:0.225, -0.057, -1.19
p:-0.9682642335694838, -0.4605718718093651, -0.8262300233016763
p:-0.863, 0.453, -2.487
j:1, 4, stif=0.79
j:2, 4
j:3, 1, stif=0.915
j:0, 1
j:5, 3
n:j=0, d=|
n:d=*
c:0, 1, 2.532
",0.0009404108606625101,"//0
p:0.598, -0.041, -1.156, fr=0.547
p:0.942, -0.243, -0.276, fr=0.011
p:0.48975803042258415, 0.1028524685988026, -1.4918486514388367, fr=0.012
p:0.225, -0.057, -1.19
p:-0.9682642335694838, -0.4605718718093651, -0.8262300233016763
p:-0.863, 0.453, -2.487
j:1, 4, stif=0.79
j:2, 4
j:3, 1, stif=0.915
j:0, 1
j:5, 3
n:j=0, d=|
n:d=*
c:0, 1, 0.915
",0.0004870539052710621,feasible,20
15,0,27,"//0
p:0.598, -0.041, -1.156, fr=0.547
p:0.942, -0.243, -0.276, fr=0.011
p:0.48975803042258415, 0.1028524685988026, -1.4918486514388367, fr=0.012
p:0.225, -0.057, -1.19
p:-0.9682642335694838, -0.4605718718093651, -0.8262300233016763
p:-0.863, 0.453, -2.487
j:1, 4, stif=0.79
j:2, 4
j:3, 1, stif=0.915
j:0, 1
j:5, 3
n:j=0, d=|
n:d=*
c:0, 1, 2.532
",0.0009404108606625101,"//0
p:0.598, -0.041, -1.156, fr=0.547
p:0.942, -0.243, -0.276, fr=0.011
p:0.48975803042258415, 0.1028524685988026, -1.4918486514388367, fr=0.012
p:0.225, -0.057, -1.19
p:-0.9682642335694838, -0.4605718718093651, -0.8262300233016763
p:-0.863, 0.453, -2.487
j:1, 4, stif=0.79
j:2, 4
j:3, 1, stif=0.915
j:0, 1
j:5, 3
n:j=0, d=|:p=0.031
n:d=*
c:0, 1, 2.532
",9.41095053115907e-05,feasible,20
15,0,27,"//0
p:0.598, -0.041, -1.156, fr=0.547
p:0.942, -0.243, -0.276, fr=0.011
p:0.48975803042258415, 0.1028524685988026, -1.4918486514388367, fr=0.012
p:0.225, -0.057, -1.19
p:-0.9682642335694838, -0.4605718718093651, -0.8262300233016763
p:-0.863, 0.453, -2.487
j:1, 4, stif=0.79
j:2, 4
j:3, 1, stif=0.915
j:0, 1
j:5, 3
n:j=0, d=|
n:d=*
c:0, 1, 2.532
",0.0009404108606625101,"//0
p:0.594, -0.064, -1.312, fr=0.547
p:0.942, -0.243, -0.276, fr=0.011
p:0.48975803042258415, 0.1028524685988026, -1.4918486514388367, fr=0.012
p:0.225, -0.057, -1.19
p:-0.9682642335694838, -0.4605718718093651, -0.8262300233016763
p:-0.863, 0.453, -2.487
j:1, 4, stif=0.79
j:2, 4
j:3, 1, stif=0.915
j:0, 1
j:5, 3
n:j=0, d=|
n:d=*
c:0, 1, 2.532
",0.0009103115732485028,feasible,20
15,0,27,"//0
p:0.598, -0.041, -1.156, fr=0.547
p:0.942, -0.243, -0.276, fr=0.011
p:0.48975803042258415, 0.1028524685988026, -1.4918486514388367, fr=0.012
p:0.225, -0.057, -1.19
p:-0.9682642335694838, -0.4605718718093651, -0.8262300233016763
p:-0.863, 0.453, -2.487
j:1, 4, stif=0.79
j:2, 4
j:3, 1, stif=0.915
j:0, 1
j:5, 3
n:j=0, d=|
n:d=*
c:0, 1, 2.532
",0.0009404108606625101,"//0
p:0.598, -0.041, -1.156, fr=0.547
p:0.942, -0.243, -0.276, fr=0.011, ing=0.315
p:0.48975803042258415, 0.1028524685988026, -1.4918486514388367, fr=0.012
p:0.225, -0.057, -1.19
p:-0.9682642335694838, -0.4605718718093651, -0.8262300233016763
p:-0.863, 0.453, -2.487
j:1, 4, stif=0.79
j:2, 4
j:3, 1, stif=0.915
j:0, 1
j:5, 3
n:j=0, d=|
n:d=*
c:0, 1, 2.532
",0.0009404108606625101,feasible,20
15,0,27,"//0
p:0.598, -0.041, -1.156, fr=0.547
p:0.942, -0.243, -0.276, fr=0.011
p:0.48975803042258415, 0.1028524685988026, -1.4918486514388367, fr=0.012
p:0.225, -0.057, -1.19
p:-0.9682642335694838, -0.4605718718093651, -0.8262300233016763
p:-0.863, 0.453, -2.487
j:1, 4, stif=0.79
j:2, 4
j:3, 1, stif=0.915
j:0, 1
j:5, 3
n:j=0, d=|
n:d=*
c:0, 1, 2.532
",0.0009404108606625101,"//0
p:0.598, -0.041, -1.156, fr=0.14
p:0.942, -0.243, -0.276, fr=0.011
p:0.48975803042258415, 0.1028524685988026, -1.4918486514388367, fr=0.012
p:0.225, -0.057, -1.19
p:-0.9682642335694838, -0.4605718718093651, -0.8262300233016763
p:-0.863, 0.453, -2.487
j:1, 4, stif=0.79
j:2, 4
j:3, 1, stif=0.915
j:0, 1
j:5, 3
n:j=0, d=|
n:d=*
c:0, 1, 2.532
",0.0008985081219110223,feasible,20
15,0,27,"//0
p:0.598, -0.041, -1.156, fr=0.547
p:0.942, -0.243, -0.276, fr=0.011
p:0.48975803042258415, 0.1028524685988026, -1.4918486514388367, fr=0.012
p:0.225, -0.057, -1.19
p:-0.9682642335694838, -0.4605718718093651, -0.8262300233016763
p:-0.863, 0.453, -2.487
j:1, 4, stif=0.79
j:2, 4
j:3, 1, stif=0.915
j:0, 1
j:5, 3
n:j=0, d=|
n:d=*
c:0, 1, 2.532
",0.0009404108606625101,"//0
p:0.598, -0.041, -1.156, fr=0.547
p:0.942, -0.243, -0.276, fr=0.011
p:0.48975803042258415, 0.1028524685988026, -1.4918486514388367, fr=0.012
p:0.225, -0.057, -1.19, fr=0.954
p:-0.9682642335694838, -0.4605718718093651, -0.8262300233016763
p:-0.863, 0.453, -2.487
j:1, 4, stif=0.79
j:2, 4
j:3, 1, stif=0.915
j:0, 1
j:5, 3
n:j=0, d=|
n:d=*
c:0, 1, 2.532
",0.0009571006701057409,feasible,20
15,0,27,"//0
p:0.598, -0.041, -1.156, fr=0.547
p:0.942, -0.243, -0.276, fr=0.011
p:0.48975803042258415, 0.1028524685988026, -1.4918486514388367, fr=0.012
p:0.225, -0.057, -1.19
p:-0.9682642335694838, -0.4605718718093651, -0.8262300233016763
p:-0.863, 0.453, -2.487
j:1, 4, stif=0.79
j:2, 4
j:3, 1, stif=0.915
j:0, 1
j:5, 3
n:j=0, d=|
n:d=*
c:0, 1, 2.532
",0.0009404108606625101,"//0
p:0.598, -0.041, -1.156, fr=0.547
p:0.942, -0.243, -0.276, fr=0.011
p:0.48975803042258415, 0.1028524685988026, -1.4918486514388367, fr=0.012, ing=0.359
p:0.225, -0.057, -1.19
p:-0.9682642335694838, -0.4605718718093651, -0.8262300233016763
p:-0.863, 0.453, -2.487
j:1, 4, stif=0.79
j:2, 4
j:3, 1, stif=0.915
j:0, 1
j:5, 3
n:j=0, d=|
n:d=*
c:0, 1, 2.532
",0.0009404108606625101,feasible,20
15,0,27,"//0
p:0.598, -0.041, -1.156, fr=0.547
p:0.942, -0.243, -0.276, fr=0.011
p:0.48975803042258415, 0.1028524685988026, -1.4918486514388367, fr=0.012
p:0.225, -0.057, -1.19
p:-0.9682642335694838, -0.4605718718093651, -0.8262300233016763
p:-0.863, 0.453, -2.487
j:1, 4, stif=0.79
j:2, 4
j:3, 1, stif=0.915
j:0, 1
j:5, 3
n:j=0, d=|
n:d=*
c:0, 1, 2.532
",0.0009404108606625101,"//0
p:0.598, -0.041, -1.156, fr=0.963
p:0.942, -0.243, -0.276, fr=0.011
p:0.48975803042258415, 0.1028524685988026, -1.4918486514388367, fr=0.012
p:0.225, -0.057, -1.19
p:-0.9682642335694838, -0.4605718718093651, -0.8262300233016763
p:-0.863, 0.453, -2.487
j:1, 4, stif=0.79
j:2, 4
j:3, 1, stif=0.915
j:0, 1
j:5, 3
n:j=0, d=|
n:d=*
c:0, 1, 2.532
",0.0009515116119094689,feasible,20
15,0,27,"//0
p:0.598, -0.041, -1.156, fr=0.547
p:0.942, -0.243, -0.276, fr=0.011
p:0.48975803042258415, 0.1028524685988026, -1.4918486514388367, fr=0.012
p:0.225, -0.057, -1.19
p:-0.9682642335694838, -0.4605718718093651, -0.8262300233016763
p:-0.863, 0.453, -2.487
j:1, 4, stif=0.79
j:2, 4
j:3, 1, stif=0.915
j:0, 1
j:5, 3
n:j=0, d=|
n:d=*
c:0, 1, 2.532
",0.0009404108606625101,"//0
p:0.598, -0.041, -1.156, fr=0.547
p:0.942, -0.243, -0.276, fr=0.011
p:0.48975803042258415, 0.1028524685988026, -1.4918486514388367, fr=0.012
p:0.225, -0.057, -1.19
p:-0.9682642335694838, -0.4605718718093651, -0.8262300233016763
p:-0.863, 0.453, -2.487
j:1, 4, stif=0.79
j:2, 4
j:3, 1, stif=0.915
j:0, 1
j:5, 3
n:j=0, d=|
n:d=*
c:0, 1, 0.777
",0.00029429680704844315,feasible,20
15,0,27,"//0
p:0.598, -0.041, -1.156, fr=0.547
p:0.942, -0.243, -0.276, fr=0.011
p:0.48975803042258415, 0.1028524685988026, -1.4918486514388367, fr=0.012
p:0.225, -0.057, -1.19
p:-0.9682642335694838, -0.4605718718093651, -0.8262300233016763
p:-0.863, 0.453, -2.487
j:1, 4, stif=0.79
j:2, 4
j:3, 1, stif=0.915
j:0, 1
j:5, 3
n:j=0, d=|
n:d=*
c:0, 1, 2.532
",0.0009404108606625101,"//0
p:0.598, -0.041, -1.156, fr=0.547
p:0.942, -0.243, -0.276, fr=0.011
p:0.225, -0.057, -1.19
p:-0.9682642335694838, -0.4605718718093651, -0.8262300233016763
p:-0.863, 0.453, -2.487
j:1, 3, stif=0.79
j:2, 1, stif=0.915
j:0, 1
j:4, 2
n:j=0, d=|
n:d=*
c:0, 1, 2.532
",8.895101054239341e-05,feasible,20
15,0,28,"//0
p:0.598, -0.041, -1.156, fr=0.547
p:0.942, -0.243, -0.276, fr=0.011
p:0.48975803042258415, 0.1028524685988026, -1.4918486514388367, fr=0.012
p:0.225, -0.057, -1.19
p:-0.9682642335694838, -0.4605718718093651, -0.8262300233016763
p:-0.863, 0.453, -2.487
j:1, 4, stif=0.962
j:2, 4
j:3, 1, stif=0.915
j:0, 1
j:5, 3
n:j=0, d=|
n:d=*
c:0, 1, 2.532
",0.001061111528516443,"//0
p:0.598, -0.041, -1.156, fr=0.753
p:0.942, -0.243, -0.276, fr=0.011
p:0.48975803042258415, 0.1028524685988026, -1.4918486514388367, fr=0.012
p:0.225, -0.057, -1.19
p:-0.9682642335694838, -0.4605718718093651, -0.8262300233016763
p:-0.863, 0.453, -2.487
j:1, 4, stif=0.962
j:2, 4
j:3, 1, stif=0.915
j:0, 1
j:5, 3
n:j=0, d=|
n:d=*
c:0, 1, 2.532
",0.0009785402166101872,feasible,20
15,0,28,"//0
p:0.598, -0.041, -1.156, fr=0.547
p:0.942, -0.243, -0.276, fr=0.011
p:0.48975803042258415, 0.1028524685988026, -1.4918486514388367, fr=0.012
p:0.225, -0.057, -1.19
p:-0.9682642335694838, -0.4605718718093651, -0.8262300233016763
p:-0.863, 0.453, -2.487
j:1, 4, stif=0.962
j:2, 4
j:3, 1, stif=0.915
j:0, 1
j:5, 3
n:j=0, d=|
n:d=*
c:0, 1, 2.532
",0.001061111528516443,"//0
p:0.598, -0.041, -1.156, fr=0.547
p:0.942, -0.243, -0.276, fr=0.011
p:0.48975803042258415, 0.1028524685988026, -1.4918486514388367, fr=0.012
p:0.225, -0.057, -1.19
p:-0.9682642335694838, -0.4605718718093651, -0.8262300233016763
p:-0.863, 0.453, -2.487
j:1, 4, stif=0.962
j:2, 4
j:3, 1, stif=0.915
j:0, 1
j:5, 3
n:j=0, d=|
n:d=*
n:p=3, d=Gpart
c:0, 1, 2.532
",0.001061111528516443,feasible,20
15,0,28,"//0
p:0.598, -0.041, -1.156, fr=0.547
p:0.942, -0.243, -0.276, fr=0.011
p:0.48975803042258415, 0.1028524685988026, -1.4918486514388367, fr=0.012
p:0.225, -0.057, -1.19
p:-0.9682642335694838, -0.4605718718093651, -0.8262300233016763
p:-0.863, 0.453, -2.487
j:1, 4, stif=0.962
j:2, 4
j:3, 1, stif=0.915
j:0, 1
j:5, 3
n:j=0, d=|
n:d=*
c:0, 1, 2.532
",0.001061111528516443,"//0
p:0.598, -0.041, -1.156, fr=0.547
p:0.942, -0.243, -0.276, fr=0.011
p:0.48975803042258415, 0.1028524685988026, -1.4918486514388367, fr=0.012
p:0.225, -0.057, -1.19
p:-0.9682642335694838, -0.4605718718093651, -0.8262300233016763
p:-0.863, 0.453, -2.487
j:1, 4, stif=0.962
j:2, 4
j:3, 1, stif=0.915
j:0, 1
j:5, 3
n:j=0, d=|
n:d=*
n:j=1, d=@
c:0, 1, 2.532
c:2, 1, 1.038
",0.0010306043991181117,feasible,20
15,0,28,"//0
p:0.598, -0.041, -1.156, fr=0.547
p:0.942, -0.243, -0.276, fr=0.011
p:0.48975803042258415, 0.1028524685988026, -1.4918486514388367, fr=0.012
p:0.225, -0.057, -1.19
p:-0.9682642335694838, -0.4605718718093651, -0.8262300233016763
p:-0.863, 0.453, -2.487
j:1, 4, stif=0.962
j:2, 4
j:3, 1, stif=0.915
j:0, 1
j:5, 3
n:j=0, d=|
n:d=*
c:0, 1, 2.532
",0.001061111528516443,"//0
p:0.598, -0.041, -1.156, fr=0.547
p:0.942, -0.243, -0.276, fr=0.011
p:0.48975803042258415, 0.1028524685988026, -1.4918486514388367, fr=0.012
p:0.225, -0.057, -1.19
p:-0.9682642335694838, -0.4605718718093651, -0.8262300233016763
p:-0.863, 0.453, -2.487
j:1, 4, stif=0.962
j:2, 4
j:3, 1, stif=0.915
j:0, 1
j:5, 3, rotstif=0.952
n:j=0, d=|
n:d=*
c:0, 1, 2.532
",0.001061111528516443,feasible,20
15,0,28,"//0
p:0.598, -0.041, -1.156, fr=0.547
p:0.942, -0.243, -0.276, fr=0.011
p:0.48975803042258415, 0.1028524685988026, -1.4918486514388367, fr=0.012
p:0.225, -0.057, -1.19
p:-0.9682642335694838, -0.4605718718093651, -0.8262300233016763
p:-0.863, 0.453, -2.487
j:1, 4, stif=0.962
j:2, 4
j:3, 1, stif=0.915
j:0, 1
j:5, 3
n:j=0, d=|
n:d=*
c:0, 1, 2.532
",0.001061111528516443,"//0
p:0.598, -0.041, -1.156, fr=0.547
p:0.942, -0.243, -0.276, fr=0.011
p:0.48975803042258415, 0.1028524685988026, -1.4918486514388367, fr=0.012
p:0.225, -0.057, -1.19
p:-0.9682642335694838, -0.4605718718093651, -0.8262300233016763, fr=0.675
p:-0.863, 0.453, -2.487
j:1, 4, stif=0.962
j:2, 4
j:3, 1, stif=0.915
j:0, 1
j:5, 3
n:j=0, d=|
n:d=*
c:0, 1, 2.532
",0.0009225160108451636,feasible,20
15,0,28,"//0
p:0.598, -0.041, -1.156, fr=0.547
p:0.942, -0.243, -0.276, fr=0.011
p:0.48975803042258415, 0.1028524685988026, -1.4918486514388367, fr=0.012
p:0.225, -0.057, -1.19
p:-0.9682642335694838, -0.4605718718093651, -0.8262300233016763
p:-0.863, 0.453, -2.487
j:1, 4, stif=0.962
j:2, 4
j:3, 1, stif=0.915
j:0, 1
j:5, 3
n:j=0, d=|
n:d=*
c:0, 1, 2.532
",0.001061111528516443,"//0
p:0.598, -0.041, -1.156, fr=0.547
p:0.942, -0.243, -0.276, fr=0.011
p:0.225, -0.057, -1.19
p:-0.9682642335694838, -0.4605718718093651, -0.8262300233016763
p:-0.863, 0.453, -2.487
j:1, 3, stif=0.962
j:2, 1, stif=0.915
j:0, 1
j:4, 2
n:j=0, d=|
n:d=*
c:0, 1, 2.532
",9.181952704096921e-05,feasible,20
15,0,28,"//0
p:0.598, -0.041, -1.156, fr=0.547
p:0.942, -0.243, -0.276, fr=0.011
p:0.48975803042258415, 0.1028524685988026, -1.4918486514388367, fr=0.012
p:0.225, -0.057, -1.19
p:-0.9682642335694838, -0.4605718718093651, -0.8262300233016763
p:-0.863, 0.453, -2.487
j:1, 4, stif=0.962
j:2, 4
j:3, 1, stif=0.915
j:0, 1
j:5, 3
n:j=0, d=|
n:d=*
c:0, 1, 2.532
",0.001061111528516443,"//0
p:0.598, -0.041, -1.156, fr=0.547
p:0.942, -0.243, -0.276, fr=0.011
p:0.48975803042258415, 0.1028524685988026, -1.4918486514388367, fr=0.012
p:0.225, -0.057, -1.19, ing=0.199
p:-0.9682642335694838, -0.4605718718093651, -0.8262300233016763
p:-0.863, 0.453, -2.487
j:1, 4, stif=0.962
j:2, 4
j:3, 1, stif=0.915
j:0, 1
j:5, 3
n:j=0, d=|
n:d=*
c:0, 1, 2.532
",0.001061111528516443,feasible,20
15,0,28,"//0
p:0.598, -0.041, -1.156, fr=0.547
p:0.942, -0.243, -0.276, fr=0.011
p:0.48975803042258415, 0.1028524685988026, -1.4918486514388367, fr=0.012
p:0.225, -0.057, -1.19
p:-0.9682642335694838, -0.4605718718093651, -0.8262300233016763
p:-0.863, 0.453, -2.487
j:1, 4, stif=0.962
j:2, 4
j:3, 1, stif=0.915
j:0, 1
j:5, 3
n:j=0, d=|
n:d=*
c:0, 1, 2.532
",0.001061111528516443,"//0
p:0.598, -0.041, -1.156, fr=0.547
p:0.942, -0.243, -0.276, fr=0.011
p:0.48975803042258415, 0.1028524685988026, -1.4918486514388367, fr=0.012
p:0.225, -0.057, -1.19, fr=0.828
p:-0.9682642335694838, -0.4605718718093651, -0.8262300233016763
p:-0.863, 0.453, -2.487
j:1, 4, stif=0.962
j:2, 4
j:3, 1, stif=0.915
j:0, 1
j:5, 3
n:j=0, d=|
n:d=*
c:0, 1, 2.532
",0.0008904339892542454,feasible,20
15,0,28,"//0
p:0.598, -0.041, -1.156, fr=0.547
p:0.942, -0.243, -0.276, fr=0.011
p:0.48975803042258415, 0.1028524685988026, -1.4918486514388367, fr=0.012
p:0.225, -0.057, -1.19
p:-0.9682642335694838, -0.4605718718093651, -0.8262300233016763
p:-0.863, 0.453, -2.487
j:1, 4, stif=0.962
j:2, 4
j:3, 1, stif=0.915
j:0, 1
j:5, 3
n:j=0, d=|
n:d=*
c:0, 1, 2.532
",0.001061111528516443,"//0
p:0.598, -0.041, -1.156, fr=0.547
p:0.942, -0.243, -0.276, fr=0.011
p:0.48975803042258415, 0.1028524685988026, -1.4918486514388367, fr=0.012
p:0.225, -0.057, -1.19
p:-0.9682642335694838, -0.4605718718093651, -0.8262300233016763
p:-0.2866669265520374, 0.23076852126327868, -1.7810318972889503
j:1, 4, stif=0.962
j:2, 4
j:5, 1, stif=0.915
j:0, 1
j:3, 5
n:j=0, d=|
n:d=*
c:0, 1, 2.532
",0.0005062563400570581,feasible,20
15,0,28,"//0
p:0.598, -0.041, -1.156, fr=0.547
p:0.942, -0.243, -0.276, fr=0.011
p:0.48975803042258415, 0.1028524685988026, -1.4918486514388367, fr=0.012
p:0.225, -0.057, -1.19
p:-0.9682642335694838, -0.4605718718093651, -0.8262300233016763
p:-0.863, 0.453, -2.487
j:1, 4, stif=0.962
j:2, 4
j:3, 1, stif=0.915
j:0, 1
j:5, 3
n:j=0, d=|
n:d=*
c:0, 1, 2.532
",0.001061111528516443,"//0
p:0.598, -0.041, -1.156, fr=0.547
p:0.942, -0.243, -0.276, fr=0.011
p:0.48975803042258415, 0.1028524685988026, -1.4918486514388367, fr=0.012
p:0.225, -0.057, -1.19, fr=0.409
p:-0.9682642335694838, -0.4605718718093651, -0.8262300233016763
p:-0.863, 0.453, -2.487
j:1, 4, stif=0.962
j:2, 4
j:3, 1, stif=0.915
j:0, 1
j:5, 3
n:j=0, d=|
n:d=*
c:0, 1, 2.532
",0.0010245872380704817,feasible,20
15,0,28,"//0
p:0.598, -0.041, -1.156, fr=0.547
p:0.942, -0.243, -0.276, fr=0.011
p:0.48975803042258415, 0.1028524685988026, -1.4918486514388367, fr=0.012
p:0.225, -0.057, -1.19
p:-0.9682642335694838, -0.4605718718093651, -0.8262300233016763
p:-0.863, 0.453, -2.487
j:1, 4, stif=0.962
j:2, 4
j:3, 1, stif=0.915
j:0, 1
j:5, 3
n:j=0, d=|
n:d=*
c:0, 1, 2.532
",0.001061111528516443,"//0
p:0.598, -0.041, -1.156, fr=0.547
p:0.942, -0.243, -0.276, fr=0.011
p:0.48975803042258415, 0.1028524685988026, -1.4918486514388367, fr=0.012
p:0.225, -0.057, -1.19
p:-0.9682642335694838, -0.4605718718093651, -0.8262300233016763
p:-0.863, 0.453, -2.487
j:1, 4, stif=0.962
j:2, 4
j:3, 1, stif=0.915
j:0, 1
j:5, 3
j:4, 5
n:j=0, d=|
n:d=*
c:0, 1, 2.532
",2.2915856538169173e-06,feasible,20
15,0,28,"//0
p:0.598, -0.041, -1.156, fr=0.547
p:0.942, -0.243, -0.276, fr=0.011
p:0.48975803042258415, 0.1028524685988026, -1.4918486514388367, fr=0.012
p:0.225, -0.057, -1.19
p:-0.9682642335694838, -0.4605718718093651, -0.8262300233016763
p:-0.863, 0.453, -2.487
j:1, 4, stif=0.962
j:2, 4
j:3, 1, stif=0.915
j:0, 1
j:5, 3
n:j=0, d=|
n:d=*
c:0, 1, 2.532
",0.001061111528516443,"//0
p:0.569, 0.216, -1.202, fr=0.547
p:0.942, -0.243, -0.276, fr=0.011
p:0.48975803042258415, 0.1028524685988026, -1.4918486514388367, fr=0.012
p:0.225, -0.057, -1.19
p:-0.9682642335694838, -0.4605718718093651, -0.8262300233016763
p:-0.863, 0.453, -2.487
j:1, 4, stif=0.962
j:2, 4
j:3, 1, stif=0.915
j:0, 1
j:5, 3
n:j=0, d=|
n:d=*
c:0, 1, 2.532
",0.0001672906523529339,feasible,20
15,0,28,"//0
p:0.598, -0.041, -1.156, fr=0.547
p:0.942, -0.243, -0.276, fr=0.011
p:0.48975803042258415, 0.1028524685988026, -1.4918486514388367, fr=0.012
p:0.225, -0.057, -1.19
p:-0.9682642335694838, -0.4605718718093651, -0.8262300233016763
p:-0.863, 0.453, -2.487
j:1, 4, stif=0.962
j:2, 4
j:3, 1, stif=0.915
j:0, 1
j:5, 3
n:j=0, d=|
n:d=*
c:0, 1, 2.532
",0.001061111528516443,"//0
p:0.598, -0.041, -1.156, fr=0.547
p:0.942, -0.243, -0.276, fr=0.011
p:0.48975803042258415, 0.1028524685988026, -1.4918486514388367, fr=0.012
p:0.225, -0.057, -1.19
p:-0.9682642335694838, -0.4605718718093651, -0.8262300233016763
p:-0.863, 0.453, -2.487
j:1, 4, stif=0.962, rotstif=0.89
j:2, 4
j:3, 1, stif=0.915
j:0, 1
j:5, 3
n:j=0, d=|
n:d=*
c:0, 1, 2.532
",0.001061111528516443,feasible,20
15,0,28,"//0
p:0.598, -0.041, -1.156, fr=0.547
p:0.942, -0.243, -0.276, fr=0.011
p:0.48975803042258415, 0.1028524685988026, -1.4918486514388367, fr=0.012
p:0.225, -0.057, -1.19
p:-0.9682642335694838, -0.4605718718093651, -0.8262300233016763
p:-0.863, 0.453, -2.487
j:1, 4, stif=0.962
j:2, 4
j:3, 1, stif=0.915
j:0, 1
j:5, 3
n:j=0, d=|
n:d=*
c:0, 1, 2.532
",0.001061111528516443,"//0
p:0.598, -0.041, -1.156, fr=0.547
p:0.942, -0.243, -0.276, fr=0.011
p:0.48975803042258415, 0.1028524685988026, -1.4918486514388367, fr=0.012, ing=0.454
p:0.225, -0.057, -1.19
p:-0.9682642335694838, -0.4605718718093651, -0.8262300233016763
p:-0.863, 0.453, -2.487
j:1, 4, stif=0.962
j:2, 4
j:3, 1, stif=0.915
j:0, 1
j:5, 3
n:j=0, d=|
n:d=*
c:0, 1, 2.532
",0.001061111528516443,feasible,20
15,0,28,"//0
p:0.598, -0.041, -1.156, fr=0.547
p:0.942, -0.243, -0.276, fr=0.011
p:0.48975803042258415, 0.1028524685988026, -1.4918486514388367, fr=0.012
p:0.225, -0.057, -1.19
p:-0.9682642335694838, -0.4605718718093651, -0.8262300233016763
p:-0.863, 0.453, -2.487
j:1, 4, stif=0.962
j:2, 4
j:3, 1, stif=0.915
j:0, 1
j:5, 3
n:j=0, d=|
n:d=*
c:0, 1, 2.532
",0.001061111528516443,"//0
p:0.598, -0.041, -1.156, fr=0.547
p:0.942, -0.243, -0.276, fr=0.011
p:0.264, 0.265, -1.285, fr=0.012
p:0.225, -0.057, -1.19
p:-0.9682642335694838, -0.4605718718093651, -0.8262300233016763
p:-0.863, 0.453, -2.487
j:1, 4, stif=0.962
j:2, 4
j:3, 1, stif=0.915
j:0, 1
j:5, 3
n:j=0, d=|
n:d=*
c:0, 1, 2.532
",0.0010034059495934835,feasible,20
15,0,28,"//0
p:0.598, -0.041, -1.156, fr=0.547
p:0.942, -0.243, -0.276, fr=0.011
p:0.48975803042258415, 0.1028524685988026, -1.4918486514388367, fr=0.012
p:0.225, -0.057, -1.19
p:-0.9682642335694838, -0.4605718718093651, -0.8262300233016763
p:-0.863, 0.453, -2.487
j:1, 4, stif=0.962
j:2, 4
j:3, 1, stif=0.915
j:0, 1
j:5, 3
n:j=0, d=|
n:d=*
c:0, 1, 2.532
",0.001061111528516443,"//0
p:0.598, -0.041, -1.156, fr=0.547
p:0.942, -0.243, -0.276, fr=0.011
p:0.48975803042258415, 0.1028524685988026, -1.4918486514388367, fr=0.012
p:0.225, -0.057, -1.19
p:-0.9682642335694838, -0.4605718718093651, -0.8262300233016763
p:-0.863, 0.453, -2.487
j:1, 4, stif=0.962
j:2, 4
j:3, 1, stif=0.915
j:0, 1
j:5, 3
n:j=0, d=|
n:d=*
c:0, 1, 1.007
",0.001061111528516443,feasible,20
15,0,28,"//0
p:0.598, -0.041, -1.156, fr=0.547
p:0.942, -0.243, -0.276, fr=0.011
p:0.48975803042258415, 0.1028524685988026, -1.4918486514388367, fr=0.012
p:0.225, -0.057, -1.19
p:-0.9682642335694838, -0.4605718718093651, -0.8262300233016763
p:-0.863, 0.453, -2.487
j:1, 4, stif=0.962
j:2, 4
j:3, 1, stif=0.915
j:0, 1
j:5, 3
n:j=0, d=|
n:d=*
c:0, 1, 2.532
",0.001061111528516443,"//0
p:0.598, -0.041, -1.156, fr=0.547
p:0.942, -0.243, -0.276, fr=0.011
p:0.48975803042258415, 0.1028524685988026, -1.4918486514388367, fr=0.012
p:0.225, -0.057, -1.19
p:-0.9682642335694838, -0.4605718718093651, -0.8262300233016763
p:-0.863, 0.453, -2.487
j:1, 4, stif=0.962
j:2, 4
j:3, 1, stif=0.915
j:0, 1
j:5, 3
n:j=0, d=|:p=0.113
n:d=*
c:0, 1, 2.532
",9.035309157544815e-05,feasible,20
15,0,28,"//0
p:0.598, -0.041, -1.156, fr=0.547
p:0.942, -0.243, -0.276, fr=0.011
p:0.48975803042258415, 0.1028524685988026, -1.4918486514388367, fr=0.012
p:0.225, -0.057, -1.19
p:-0.9682642335694838, -0.4605718718093651, -0.8262300233016763
p:-0.863, 0.453, -2.487
j:1, 4, stif=0.962
j:2, 4
j:3, 1, stif=0.915
j:0, 1
j:5, 3
n:j=0, d=|
n:d=*
c:0, 1, 2.532
",0.001061111528516443,"//0
p:0.598, -0.041, -1.156, fr=0.547
p:1.482, -0.61, -1.011, fr=0.011
p:0.48975803042258415, 0.1028524685988026, -1.4918486514388367, fr=0.012
p:0.225, -0.057, -1.19
p:-0.5084612628567844, -0.48861272401982264, -0.8609029304193878
p:-0.863, 0.453, -2.487
j:1, 4, stif=0.962
j:2, 4
j:3, 1, stif=0.915
j:0, 1
j:5, 3
n:j=0, d=|
n:d=*
c:0, 1, 2.532
",8.564320716520627e-05,feasible,20
15,0,28,"//0
p:0.598, -0.041, -1.156, fr=0.547
p:0.942, -0.243, -0.276, fr=0.011
p:0.48975803042258415, 0.1028524685988026, -1.4918486514388367, fr=0.012
p:0.225, -0.057, -1.19
p:-0.9682642335694838, -0.4605718718093651, -0.8262300233016763
p:-0.863, 0.453, -2.487
j:1, 4, stif=0.962
j:2, 4
j:3, 1, stif=0.915
j:0, 1
j:5, 3
n:j=0, d=|
n:d=*
c:0, 1, 2.532
",0.001061111528516443,"//0
p:0.598, -0.041, -1.156, fr=0.547
p:0.942, -0.243, -0.276, fr=0.011
p:0.48975803042258415, 0.1028524685988026, -1.4918486514388367, fr=0.012
p:0.225, -0.057, -1.19
p:-0.9682642335694838, -0.4605718718093651, -0.8262300233016763
p:-0.863, 0.453, -2.487
j:1, 2, stif=0.962
j:4, 2
j:3, 1, stif=0.915
j:0, 1
j:5, 3
n:j=0, d=|
n:d=*
c:0, 1, 2.532
",4.1603830835398935e-05,feasible,20
15,0,28,"//0
p:0.598, -0.041, -1.156, fr=0.547
p:0.942, -0.243, -0.276, fr=0.011
p:0.48975803042258415, 0.1028524685988026, -1.4918486514388367, fr=0.012
p:0.225, -0.057, -1.19
p:-0.9682642335694838, -0.4605718718093651, -0.8262300233016763
p:-0.863, 0.453, -2.487
j:1, 4, stif=0.962
j:2, 4
j:3, 1, stif=0.915
j:0, 1
j:5, 3
n:j=0, d=|
n:d=*
c:0, 1, 2.532
",0.001061111528516443,"//0
p:0.598, -0.041, -1.156, fr=0.547
p:0.942, -0.243, -0.276, fr=0.086
p:0.48975803042258415, 0.1028524685988026, -1.4918486514388367, fr=0.012
p:0.225, -0.057, -1.19
p:-0.9682642335694838, -0.4605718718093651, -0.8262300233016763
p:-0.863, 0.453, -2.487
j:1, 4, stif=0.962
j:2, 4
j:3, 1, stif=0.915
j:0, 1
j:5, 3
n:j=0, d=|
n:d=*
c:0, 1, 2.532
",0.0011112972047662155,feasible,20
15,0,29,"//0
p:0.598, -0.041, -1.156, fr=0.547
p:0.942, -0.243, -0.276, fr=0.011
p:0.48975803042258415, 0.1028524685988026, -1.4918486514388367, fr=0.012
p:0.225, -0.057, -1.19
p:-0.9682642335694838, -0.4605718718093651, -0.8262300233016763
p:-0.863, 0.453, -2.487, fr=0.178
j:1, 4, stif=0.962
j:2, 4
j:3, 1, stif=0.915
j:0, 1
j:5, 3
n:j=0, d=|
n:d=*
c:0, 1, 2.532
",0.0010701780620457778,"//0
p:0.598, -0.041, -1.156, fr=0.547
p:0.942, -0.243, -0.276, fr=0.011
p:0.48975803042258415, 0.1028524685988026, -1.4918486514388367, fr=0.012
p:0.225, -0.057, -1.19
p:-0.9682642335694838, -0.4605718718093651, -0.8262300233016763
p:-0.863, 0.453, -2.487, fr=0.178
j:1, 4, stif=0.962
j:2, 4, stif=0.929
j:3, 1, stif=0.915
j:0, 1
j:5, 3
n:j=0, d=|
n:d=*
c:0, 1, 2.532
",0.0007765185858873716,feasible,21
15,0,29,"//0
p:0.598, -0.041, -1.156, fr=0.547
p:0.942, -0.243, -0.276, fr=0.011
p:0.48975803042258415, 0.1028524685988026, -1.4918486514388367, fr=0.012
p:0.225, -0.057, -1.19
p:-0.9682642335694838, -0.4605718718093651, -0.8262300233016763
p:-0.863, 0.453, -2.487, fr=0.178
j:1, 4, stif=0.962
j:2, 4
j:3, 1, stif=0.915
j:0, 1
j:5, 3
n:j=0, d=|
n:d=*
c:0, 1, 2.532
",0.0010701780620457778,"//0
p:0.598, -0.041, -1.156, fr=0.547
p:0.942, -0.243, -0.276, fr=0.011
p:0.48975803042258415, 0.1028524685988026, -1.4918486514388367, fr=0.012
p:0.225, -0.057, -1.19
p:-0.9682642335694838, -0.4605718718093651, -0.8262300233016763
p:-0.863, 0.453, -2.487, fr=0.178
j:1, 4, stif=0.962
j:2, 4, rotstif=0.927
j:3, 1, stif=0.915
j:0, 1
j:5, 3
n:j=0, d=|
n:d=*
c:0, 1, 2.532
",0.0010701780620457778,feasible,21
15,0,29,"//0
p:0.598, -0.041, -1.156, fr=0.547
p:0.942, -0.243, -0.276, fr=0.011
p:0.48975803042258415, 0.1028524685988026, -1.4918486514388367, fr=0.012
p:0.225, -0.057, -1.19
p:-0.9682642335694838, -0.4605718718093651, -0.8262300233016763
p:-0.863, 0.453, -2.487, fr=0.178
j:1, 4, stif=0.962
j:2, 4
j:3, 1, stif=0.915
j:0, 1
j:5, 3
n:j=0, d=|
n:d=*
c:0, 1, 2.532
",0.0010701780620457778,"//0
p:0.598, -0.041, -1.156, fr=0.547
p:1.024, -0.26, -0.266, fr=0.011
p:0.48975803042258415, 0.1028524685988026, -1.4918486514388367, fr=0.012
p:0.225, -0.057, -1.19
p:-0.892155108328704, -0.45290956002657207, -0.8048279340162015
p:-0.863, 0.453, -2.487, fr=0.178
j:1, 4, stif=0.962
j:2, 4
j:3, 1, stif=0.915
j:0, 1
j:5, 3
n:j=0, d=|
n:d=*
c:0, 1, 2.532
",0.0010529497893517164,feasible,21
15,0,29,"//0
p:0.598, -0.041, -1.156, fr=0.547
p:0.942, -0.243, -0.276, fr=0.011
p:0.48975803042258415, 0.1028524685988026, -1.4918486514388367, fr=0.012
p:0.225, -0.057, -1.19
p:-0.9682642335694838, -0.4605718718093651, -0.8262300233016763
p:-0.863, 0.453, -2.487, fr=0.178
j:1, 4, stif=0.962
j:2, 4
j:3, 1, stif=0.915
j:0, 1
j:5, 3
n:j=0, d=|
n:d=*
c:0, 1, 2.532
",0.0010701780620457778,"//0
p:0.598, -0.041, -1.156, fr=0.547
p:0.942, -0.243, -0.276, fr=0.011
p:0.48975803042258415, 0.1028524685988026, -1.4918486514388367, fr=0.012
p:0.225, -0.057, -1.19
p:-0.9682642335694838, -0.4605718718093651, -0.8262300233016763
p:-0.863, 0.453, -2.487, fr=0.178
j:1, 3, stif=0.962
j:2, 3
j:4, 1, stif=0.915
j:0, 1
j:5, 4
n:j=0, d=|
n:d=*
c:0, 1, 2.532
",0.00012312062434137884,feasible,21
15,0,29,"//0
p:0.598, -0.041, -1.156, fr=0.547
p:0.942, -0.243, -0.276, fr=0.011
p:0.48975803042258415, 0.1028524685988026, -1.4918486514388367, fr=0.012
p:0.225, -0.057, -1.19
p:-0.9682642335694838, -0.4605718718093651, -0.8262300233016763
p:-0.863, 0.453, -2.487, fr=0.178
j:1, 4, stif=0.962
j:2, 4
j:3, 1, stif=0.915
j:0, 1
j:5, 3
n:j=0, d=|
n:d=*
c:0, 1, 2.532
",0.0010701780620457778,"//0
p:0.598, -0.041, -1.156, fr=0.547
p:0.942, -0.243, -0.276, fr=0.011
p:0.48975803042258415, 0.1028524685988026, -1.4918486514388367, fr=0.012
p:0.225, -0.057, -1.19
p:-0.9682642335694838, -0.4605718718093651, -0.8262300233016763
p:-0.863, 0.453, -2.487, fr=0.178
j:1, 4, stif=0.962
j:2, 4
j:3, 1, stif=0.915
j:0, 1
j:5, 3
n:j=0, d=|:p=0.262
n:d=*
c:0, 1, 2.532
",0.0010439139454223574,feasible,21
15,0,29,"//0
p:0.598, -0.041, -1.156, fr=0.547
p:0.942, -0.243, -0.276, fr=0.011
p:0.48975803042258415, 0.1028524685988026, -1.4918486514388367, fr=0.012
p:0.225, -0.057, -1.19
p:-0.9682642335694838, -0.4605718718093651, -0.8262300233016763
p:-0.863, 0.453, -2.487, fr=0.178
j:1, 4, stif=0.962
j:2, 4
j:3, 1, stif=0.915
j:0, 1
j:5, 3
n:j=0, d=|
n:d=*
c:0, 1, 2.532
",0.0010701780620457778,"//0
p:0.598, -0.041, -1.156, fr=0.547
p:0.942, -0.243, -0.276, fr=0.011
p:0.48975803042258415, 0.1028524685988026, -1.4918486514388367, fr=0.012
p:0.225, -0.057, -1.19
p:-0.9682642335694838, -0.4605718718093651, -0.8262300233016763
p:-0.2866669265520374, 0.23076852126327868, -1.7810318972889503, fr=0.178
j:1, 4, stif=0.962
j:2, 4
j:3, 1, stif=0.915
j:5, 1
j:0, 3
n:j=0, d=|
n:d=*
c:0, 1, 2.532
",0.0003414946319183243,feasible,21
15,0,29,"//0
p:0.598, -0.041, -1.156, fr=0.547
p:0.942, -0.243, -0.276, fr=0.011
p:0.48975803042258415, 0.1028524685988026, -1.4918486514388367, fr=0.012
p:0.225, -0.057, -1.19
p:-0.9682642335694838, -0.4605718718093651, -0.8262300233016763
p:-0.863, 0.453, -2.487, fr=0.178
j:1, 4, stif=0.962
j:2, 4
j:3, 1, stif=0.915
j:0, 1
j:5, 3
n:j=0, d=|
n:d=*
c:0, 1, 2.532
",0.0010701780620457778,"//0
p:0.598, -0.041, -1.156, fr=0.547
p:0.942, -0.243, -0.276, fr=0.011
p:0.48975803042258415, 0.1028524685988026, -1.4918486514388367, fr=0.012
p:0.225, -0.057, -1.19
p:-0.9682642335694838, -0.4605718718093651, -0.8262300233016763
p:-0.863, 0.453, -2.487, fr=0.178
j:1, 4, stif=0.962
j:2, 4, rotstif=0.883
j:3, 1, stif=0.915
j:0, 1
j:5, 3
n:j=0, d=|
n:d=*
c:0, 1, 2.532
",0.0010701780620457778,feasible,21
15,0,29,"//0
p:0.598, -0.041, -1.156, fr=0.547
p:0.942, -0.243, -0.276, fr=0.011
p:0.48975803042258415, 0.1028524685988026, -1.4918486514388367, fr=0.012
p:0.225, -0.057, -1.19
p:-0.9682642335694838, -0.4605718718093651, -0.8262300233016763
p:-0.863, 0.453, -2.487, fr=0.178
j:1, 4, stif=0.962
j:2, 4
j:3, 1, stif=0.915
j:0, 1
j:5, 3
n:j=0, d=|
n:d=*
c:0, 1, 2.532
",0.0010701780620457778,"//0
p:0.598, -0.041, -1.156, fr=0.547
p:0.942, -0.243, -0.276, fr=0.011
p:0.48975803042258415, 0.1028524685988026, -1.4918486514388367, fr=0.012
p:0.225, -0.057, -1.19
p:-0.763, -0.64, -0.548
p:-0.863, 0.453, -2.487, fr=0.178
j:1, 4, stif=0.962
j:2, 4
j:3, 1, stif=0.915
j:0, 1
j:5, 3
n:j=0, d=|
n:d=*
c:0, 1, 2.532
",0.00143919410091487,feasible,21
15,0,29,"//0
p:0.598, -0.041, -1.156, fr=0.547
p:0.942, -0.243, -0.276, fr=0.011
p:0.48975803042258415, 0.1028524685988026, -1.4918486514388367, fr=0.012
p:0.225, -0.057, -1.19
p:-0.9682642335694838, -0.4605718718093651, -0.8262300233016763
p:-0.863, 0.453, -2.487, fr=0.178
j:1, 4, stif=0.962
j:2, 4
j:3, 1, stif=0.915
j:0, 1
j:5, 3
n:j=0, d=|
n:d=*
c:0, 1, 2.532
",0.0010701780620457778,"//0
p:0.598, -0.041, -1.156, fr=0.547
p:0.942, -0.243, -0.276, fr=0.011
p:0.48975803042258415, 0.1028524685988026, -1.4918486514388367, fr=0.012
p:0.225, -0.057, -1.19
p:-0.9682642335694838, -0.4605718718093651, -0.8262300233016763
p:-0.863, 0.453, -2.487, fr=0.178
j:1, 4, stif=0.962
j:2, 4
j:3, 1, stif=0.915
j:0, 1
j:5, 3
n:j=0, d=|
n:d=*
",3.938671595046748e-06,feasible,21
15,0,29,"//0
p:0.598, -0.041, -1.156, fr=0.547
p:0.942, -0.243, -0.276, fr=0.011
p:0.48975803042258415, 0.1028524685988026, -1.4918486514388367, fr=0.012
p:0.225, -0.057, -1.19
p:-0.9682642335694838, -0.4605718718093651, -0.8262300233016763
p:-0.863, 0.453, -2.487, fr=0.178
j:1, 4, stif=0.962
j:2, 4
j:3, 1, stif=0.915
j:0, 1
j:5, 3
n:j=0, d=|
n:d=*
c:0, 1, 2.532
",0.0010701780620457778,"//0
p:0.598, -0.041, -1.156, fr=0.547
p:0.942, -0.243, -0.276, fr=0.011
p:0.48975803042258415, 0.1028524685988026, -1.4918486514388367, fr=0.012
p:0.225, -0.057, -1.19
p:-0.9682642335694838, -0.4605718718093651, -0.8262300233016763
p:-0.863, 0.453, -2.487, fr=0.178
j:1, 2, stif=0.962
j:4, 2
j:3, 1, stif=0.915
j:0, 1
j:5, 3
n:j=0, d=|
n:d=*
c:0, 1, 2.532
",4.15344161194445e-05,feasible,21
15,0,29,"//0
p:0.598, -0.041, -1.156, fr=0.547
p:0.942, -0.243, -0.276, fr=0.011
p:0.48975803042258415, 0.1028524685988026, -1.4918486514388367, fr=0.012
p:0.225, -0.057, -1.19
p:-0.9682642335694838, -0.4605718718093651, -0.8262300233016763
p:-0.863, 0.453, -2.487, fr=0.178
j:1, 4, stif=0.962
j:2, 4
j:3, 1, stif=0.915
j:0, 1
j:5, 3
n:j=0, d=|
n:d=*
c:0, 1, 2.532
",0.0010701780620457778,"//0
p:0.598, -0.041, -1.156, fr=0.547
p:0.942, -0.243, -0.276, fr=0.011
p:0.48975803042258415, 0.1028524685988026, -1.4918486514388367, fr=0.012
p:0.225, -0.057, -1.19
p:-0.9682642335694838, -0.4605718718093651, -0.8262300233016763
p:-0.863, 0.453, -2.487, fr=0.581
j:1, 4, stif=0.962
j:2, 4
j:3, 1, stif=0.915
j:0, 1
j:5, 3
n:j=0, d=|
n:d=*
c:0, 1, 2.532
",0.000928836338510462,feasible,21
15,0,29,"//0
p:0.598, -0.041, -1.156, fr=0.547
p:0.942, -0.243, -0.276, fr=0.011
p:0.48975803042258415, 0.1028524685988026, -1.4918486514388367, fr=0.012
p:0.225, -0.057, -1.19
p:-0.9682642335694838, -0.4605718718093651, -0.8262300233016763
p:-0.863, 0.453, -2.487, fr=0.178
j:1, 4, stif=0.962
j:2, 4
j:3, 1, stif=0.915
j:0, 1
j:5, 3
n:j=0, d=|
n:d=*
c:0, 1, 2.532
",0.0010701780620457778,"//0
p:0.598, -0.041, -1.156, fr=0.547
p:0.942, -0.243, -0.276, fr=0.011
p:0.48975803042258415, 0.1028524685988026, -1.4918486514388367, fr=0.012
p:0.225, -0.057, -1.19
p:-0.9682642335694838, -0.4605718718093651, -0.8262300233016763
p:-0.863, 0.453, -2.487, fr=0.178
j:1, 4, stif=0.962
j:2, 4
j:3, 1, stif=0.915
j:0, 1
j:5, 3
n:d=*
",1.9502650381722534e-07,feasible,21
15,0,29,"//0
p:0.598, -0.041, -1.156, fr=0.547
p:0.942, -0.243, -0.276, fr=0.011
p:0.48975803042258415, 0.1028524685988026, -1.4918486514388367, fr=0.012
p:0.225, -0.057, -1.19
p:-0.9682642335694838, -0.4605718718093651, -0.8262300233016763
p:-0.863, 0.453, -2.487, fr=0.178
j:1, 4, stif=0.962
j:2, 4
j:3, 1, stif=0.915
j:0, 1
j:5, 3
n:j=0, d=|
n:d=*
c:0, 1, 2.532
",0.0010701780620457778,"//0
p:0.598, -0.041, -1.156, fr=0.547
p:0.942, -0.243, -0.276, fr=0.011
p:0.48975803042258415, 0.1028524685988026, -1.4918486514388367, fr=0.012
p:0.225, -0.057, -1.19
p:-0.9682642335694838, -0.4605718718093651, -0.8262300233016763
p:-0.863, 0.453, -2.487, fr=0.178
j:1, 4, stif=0.962, rotstif=0.895
j:2, 4
j:3, 1, stif=0.915
j:0, 1
j:5, 3
n:j=0, d=|
n:d=*
c:0, 1, 2.532
",0.0010701780620457778,feasible,21
15,0,29,"//0
p:0.598, -0.041, -1.156, fr=0.547
p:0.942, -0.243, -0.276, fr=0.011
p:0.48975803042258415, 0.1028524685988026, -1.4918486514388367, fr=0.012
p:0.225, -0.057, -1.19
p:-0.9682642335694838, -0.4605718718093651, -0.8262300233016763
p:-0.863, 0.453, -2.487, fr=0.178
j:1, 4, stif=0.962
j:2, 4
j:3, 1, stif=0.915
j:0, 1
j:5, 3
n:j=0, d=|
n:d=*
c:0, 1, 2.532
",0.0010701780620457778,"//0
p:0.598, -0.041, -1.156, fr=0.547
p:0.942, -0.243, -0.276, fr=0.011
p:0.48975803042258415, 0.1028524685988026, -1.4918486514388367, fr=0.012
p:0.225, -0.057, -1.19
p:-0.9682642335694838, -0.4605718718093651, -0.8262300233016763
p:-0.863, 0.453, -2.487, fr=0.178
j:1, 4, stif=0.962
j:2, 4
j:3, 1, stif=0.915
j:0, 1
j:5, 3
n:j=0, d=|
n:d=*
c:0, 1, 1.756
",0.0010701780620457778,feasible,21
15,0,29,"//0
p:0.598, -0.041, -1.156, fr=0.547
p:0.942, -0.243, -0.276, fr=0.011
p:0.48975803042258415, 0.1028524685988026, -1.4918486514388367, fr=0.012
p:0.225, -0.057, -1.19
p:-0.9682642335694838, -0.4605718718093651, -0.8262300233016763
p:-0.863, 0.453, -2.487, fr=0.178
j:1, 4, stif=0.962
j:2, 4
j:3, 1, stif=0.915
j:0, 1
j:5, 3
n:j=0, d=|
n:d=*
c:0, 1, 2.532
",0.0010701780620457778,"//0
p:0.598, -0.041, -1.156, fr=0.547
p:0.942, -0.243, -0.276, fr=0.011
p:0.48975803042258415, 0.1028524685988026, -1.4918486514388367, fr=0.012
p:0.225, -0.057, -1.19
p:-0.775, 0.037, -1.209
p:-0.863, 0.453, -2.487, fr=0.178
j:1, 4, stif=0.962
j:2, 4
j:3, 1, stif=0.915
j:0, 1
j:5, 3
n:j=0, d=|
n:d=*
c:0, 1, 2.532
",0.0005597920462647792,feasible,21
15,0,29,"//0
p:0.598, -0.041, -1.156, fr=0.547
p:0.942, -0.243, -0.276, fr=0.011
p:0.48975803042258415, 0.1028524685988026, -1.4918486514388367, fr=0.012
p:0.225, -0.057, -1.19
p:-0.9682642335694838, -0.4605718718093651, -0.8262300233016763
p:-0.863, 0.453, -2.487, fr=0.178
j:1, 4, stif=0.962
j:2, 4
j:3, 1, stif=0.915
j:0, 1
j:5, 3
n:j=0, d=|
n:d=*
c:0, 1, 2.532
",0.0010701780620457778,"//0
p:0.598, -0.041, -1.156, fr=0.854
p:0.942, -0.243, -0.276, fr=0.011
p:0.48975803042258415, 0.1028524685988026, -1.4918486514388367, fr=0.012
p:0.225, -0.057, -1.19
p:-0.9682642335694838, -0.4605718718093651, -0.8262300233016763
p:-0.863, 0.453, -2.487, fr=0.178
j:1, 4, stif=0.962
j:2, 4
j:3, 1, stif=0.915
j:0, 1
j:5, 3
n:j=0, d=|
n:d=*
c:0, 1, 2.532
",0.0009928566759999215,feasible,21
15,0,29,"//0
p:0.598, -0.041, -1.156, fr=0.547
p:0.942, -0.243, -0.276, fr=0.011
p:0.48975803042258415, 0.1028524685988026, -1.4918486514388367, fr=0.012
p:0.225, -0.057, -1.19
p:-0.9682642335694838, -0.4605718718093651, -0.8262300233016763
p:-0.863, 0.453, -2.487, fr=0.178
j:1, 4, stif=0.962
j:2, 4
j:3, 1, stif=0.915
j:0, 1
j:5, 3
n:j=0, d=|
n:d=*
c:0, 1, 2.532
",0.0010701780620457778,"//0
p:0.598, -0.041, -1.156, fr=0.446
p:0.942, -0.243, -0.276, fr=0.011
p:0.48975803042258415, 0.1028524685988026, -1.4918486514388367, fr=0.012
p:0.225, -0.057, -1.19
p:-0.9682642335694838, -0.4605718718093651, -0.8262300233016763
p:-0.863, 0.453, -2.487, fr=0.178
j:1, 4, stif=0.962
j:2, 4
j:3, 1, stif=0.915
j:0, 1
j:5, 3
n:j=0, d=|
n:d=*
c:0, 1, 2.532
",0.0009981250729566235,feasible,21
15,0,29,"//0
p:0.598, -0.041, -1.156, fr=0.547
p:0.942, -0.243, -0.276, fr=0.011
p:0.48975803042258415, 0.1028524685988026, -1.4918486514388367, fr=0.012
p:0.225, -0.057, -1.19
p:-0.9682642335694838, -0.4605718718093651, -0.8262300233016763
p:-0.863, 0.453, -2.487, fr=0.178
j:1, 4, stif=0.962
j:2, 4
j:3, 1, stif=0.915
j:0, 1
j:5, 3
n:j=0, d=|
n:d=*
c:0, 1, 2.532
",0.0010701780620457778,"//0
p:0.598, -0.041, -1.156, fr=0.547
p:0.942, -0.243, -0.276, fr=0.011
p:0.48975803042258415, 0.1028524685988026, -1.4918486514388367, fr=0.012
p:0.225, -0.057, -1.19
p:-0.9682642335694838, -0.4605718718093651, -0.8262300233016763
p:-0.863, 0.453, -2.487, fr=0.178
j:1, 4, stif=0.962
j:2, 4
j:3, 1, stif=0.915
j:0, 1
j:5, 3
n:j=0, d=|
",3.938671595046748e-06,feasible,21
15,0,29,"//0
p:0.598, -0.041, -1.156, fr=0.547
p:0.942, -0.243, -0.276, fr=0.011
p:0.48975803042258415, 0.1028524685988026, -1.4918486514388367, fr=0.012
p:0.225, -0.057, -1.19
p:-0.9682642335694838, -0.4605718718093651, -0.8262300233016763
p:-0.863, 0.453, -2.487, fr=0.178
j:1, 4, stif=0.962
j:2, 4
j:3, 1, stif=0.915
j:0, 1
j:5, 3
n:j=0, d=|
n:d=*
c:0, 1, 2.532
",0.0010701780620457778,"//0
p:0.598, -0.041, -1.156, fr=0.547
p:0.942, -0.243, -0.276, fr=0.011
p:0.48975803042258415, 0.1028524685988026, -1.4918486514388367, fr=0.012
p:0.225, -0.057, -1.19
p:-0.9682642335694838, -0.4605718718093651, -0.8262300233016763
p:-0.863, 0.453, -2.487, fr=0.178
j:1, 4, stif=0.962
j:2, 4
j:3, 1, stif=0.915
j:0, 1
j:5, 3
j:2, 1
n:j=0, d=|
n:d=*
c:0, 1, 2.532
",6.022589029821218e-06,feasible,21
15,0,29,"//0
p:0.598, -0.041, -1.156, fr=0.547
p:0.942, -0.243, -0.276, fr=0.011
p:0.48975803042258415, 0.1028524685988026, -1.4918486514388367, fr=0.012
p:0.225, -0.057, -1.19
p:-0.9682642335694838, -0.4605718718093651, -0.8262300233016763
p:-0.863, 0.453, -2.487, fr=0.178
j:1, 4, stif=0.962
j:2, 4
j:3, 1, stif=0.915
j:0, 1
j:5, 3
n:j=0, d=|
n:d=*
c:0, 1, 2.532
",0.0010701780620457778,"//0
p:0.598, -0.041, -1.156, fr=0.547
p:0.942, -0.243, -0.276, fr=0.011
p:0.48975803042258415, 0.1028524685988026, -1.4918486514388367, fr=0.012
p:0.225, -0.057, -1.19
p:-0.9682642335694838, -0.4605718718093651, -0.8262300233016763
p:-0.863, 0.453, -2.487, fr=0.178
j:1, 4, stif=0.962
j:2, 4
j:3, 1, stif=0.915
j:0, 1
j:5, 3, rotstif=0.891
n:j=0, d=|
n:d=*
c:0, 1, 2.532
",0.0010701780620457778,feasible,21
15,0,30,"//0
p:0.598, -0.041, -1.156, fr=0.547
p:0.942, -0.243, -0.276, fr=0.011
p:0.48975803042258415, 0.1028524685988026, -1.4918486514388367, fr=0.012
p:0.225, -0.057, -1.19
p:-0.9682642335694838, -0.4605718718093651, -0.8262300233016763, fr=0.474
p:-0.863, 0.453, -2.487, fr=0.178
j:1, 4, stif=0.962
j:2, 4
j:3, 1, stif=0.915
j:0, 1
j:5, 3
n:j=0, d=|
n:d=*
c:0, 1, 2.532
",0.0011377841764898386,"//0
p:0.598, -0.041, -1.156, fr=0.547, ing=0.305
p:0.942, -0.243, -0.276, fr=0.011
p:0.48975803042258415, 0.1028524685988026, -1.4918486514388367, fr=0.012
p:0.225, -0.057, -1.19
p:-0.9682642335694838, -0.4605718718093651, -0.8262300233016763, fr=0.474
p:-0.863, 0.453, -2.487, fr=0.178
j:1, 4, stif=0.962
j:2, 4
j:3, 1, stif=0.915
j:0, 1
j:5, 3
n:j=0, d=|
n:d=*
c:0, 1, 2.532
",0.0011377841764898386,feasible,20
15,0,30,"//0
p:0.598, -0.041, -1.156, fr=0.547
p:0.942, -0.243, -0.276, fr=0.011
p:0.48975803042258415, 0.1028524685988026, -1.4918486514388367, fr=0.012
p:0.225, -0.057, -1.19
p:-0.9682642335694838, -0.4605718718093651, -0.8262300233016763, fr=0.474
p:-0.863, 0.453, -2.487, fr=0.178
j:1, 4, stif=0.962
j:2, 4
j:3, 1, stif=0.915
j:0, 1
j:5, 3
n:j=0, d=|
n:d=*
c:0, 1, 2.532
",0.0011377841764898386,"//0
p:0.598, -0.041, -1.156, fr=0.547
p:0.942, -0.243, -0.276, fr=0.011
p:0.48975803042258415, 0.1028524685988026, -1.4918486514388367, fr=0.012
p:0.225, -0.057, -1.19
p:-0.9682642335694838, -0.4605718718093651, -0.8262300233016763, fr=0.474
p:-0.2866669265520374, 0.23076852126327868, -1.7810318972889503, fr=0.178
j:1, 4, stif=0.962
j:2, 4
j:3, 1, stif=0.915
j:5, 1
j:0, 3
n:j=0, d=|
n:d=*
c:0, 1, 2.532
",0.0003655216027125337,feasible,20
15,0,30,"//0
p:0.598, -0.041, -1.156, fr=0.547
p:0.942, -0.243, -0.276, fr=0.011
p:0.48975803042258415, 0.1028524685988026, -1.4918486514388367, fr=0.012
p:0.225, -0.057, -1.19
p:-0.9682642335694838, -0.4605718718093651, -0.8262300233016763, fr=0.474
p:-0.863, 0.453, -2.487, fr=0.178
j:1, 4, stif=0.962
j:2, 4
j:3, 1, stif=0.915
j:0, 1
j:5, 3
n:j=0, d=|
n:d=*
c:0, 1, 2.532
",0.0011377841764898386,"//0
p:0.598, -0.041, -1.156, fr=0.547
p:0.942, -0.243, -0.276, fr=0.011
p:0.48975803042258415, 0.1028524685988026, -1.4918486514388367, fr=0.012
p:0.225, -0.057, -1.19
p:-0.9682642335694838, -0.4605718718093651, -0.8262300233016763, fr=0.474
p:-0.863, 0.453, -2.487, fr=0.178
j:1, 4, stif=0.962
j:2, 4
j:3, 1, stif=0.999
j:0, 1
j:5, 3
n:j=0, d=|
n:d=*
c:0, 1, 2.532
",0.0010528934935663272,feasible,20
15,0,30,"//0
p:0.598, -0.041, -1.156, fr=0.547
p:0.942, -0.243, -0.276, fr=0.011
p:0.48975803042258415, 0.1028524685988026, -1.4918486514388367, fr=0.012
p:0.225, -0.057, -1.19
p:-0.9682642335694838, -0.4605718718093651, -0.8262300233016763, fr=0.474
p:-0.863, 0.453, -2.487, fr=0.178
j:1, 4, stif=0.962
j:2, 4
j:3, 1, stif=0.915
j:0, 1
j:5, 3
n:j=0, d=|
n:d=*
c:0, 1, 2.532
",0.0011377841764898386,"//0
p:0.598, -0.041, -1.156, fr=0.547, ing=0.102
p:0.942, -0.243, -0.276, fr=0.011
p:0.48975803042258415, 0.1028524685988026, -1.4918486514388367, fr=0.012
p:0.225, -0.057, -1.19
p:-0.9682642335694838, -0.4605718718093651, -0.8262300233016763, fr=0.474
p:-0.863, 0.453, -2.487, fr=0.178
j:1, 4, stif=0.962
j:2, 4
j:3, 1, stif=0.915
j:0, 1
j:5, 3
n:j=0, d=|
n:d=*
c:0, 1, 2.532
",0.0011377841764898386,feasible,20
15,0,30,"//0
p:0.598, -0.041, -1.156, fr=0.547
p:0.942, -0.243, -0.276, fr=0.011
p:0.48975803042258415, 0.1028524685988026, -1.4918486514388367, fr=0.012
p:0.225, -0.057, -1.19
p:-0.9682642335694838, -0.4605718718093651, -0.8262300233016763, fr=0.474
p:-0.863, 0.453, -2.487, fr=0.178
j:1, 4, stif=0.962
j:2, 4
j:3, 1, stif=0.915
j:0, 1
j:5, 3
n:j=0, d=|
n:d=*
c:0, 1, 2.532
",0.0011377841764898386,"//0
p:0.598, -0.041, -1.156, fr=0.547
p:0.942, -0.243, -0.276, fr=0.011
p:0.48975803042258415, 0.1028524685988026, -1.4918486514388367, fr=0.012
p:0.541, 0.01, -1.494
p:-0.9682642335694838, -0.4605718718093651, -0.8262300233016763, fr=0.474
p:-0.863, 0.453, -2.487, fr=0.178
j:1, 4, stif=0.962
j:2, 4
j:3, 1, stif=0.915
j:0, 1
j:5, 3
n:j=0, d=|
n:d=*
c:0, 1, 2.532
",0.0005716735045072203,feasible,20
15,0,30,"//0
p:0.598, -0.041, -1.156, fr=0.547
p:0.942, -0.243, -0.276, fr=0.011
p:0.48975803042258415, 0.1028524685988026, -1.4918486514388367, fr=0.012
p:0.225, -0.057, -1.19
p:-0.9682642335694838, -0.4605718718093651, -0.8262300233016763, fr=0.474
p:-0.863, 0.453, -2.487, fr=0.178
j:1, 4, stif=0.962
j:2, 4
j:3, 1, stif=0.915
j:0, 1
j:5, 3
n:j=0, d=|
n:d=*
c:0, 1, 2.532
",0.0011377841764898386,"//0
p:0.598, -0.041, -1.156, fr=0.547
p:0.942, -0.243, -0.276, fr=0.011
p:0.48975803042258415, 0.1028524685988026, -1.4918486514388367, fr=0.012
p:0.225, -0.057, -1.19
p:-0.9682642335694838, -0.4605718718093651, -0.8262300233016763, fr=0.474
p:-0.863, 0.453, -2.487, fr=0.178
j:1, 4, stif=0.962
j:2, 4
j:3, 1, stif=0.915
j:0, 1
j:5, 3
n:j=0, d=|:r=0.949
n:d=*
c:0, 1, 2.532
",0.0007106980743362928,feasible,20
15,0,30,"//0
p:0.598, -0.041, -1.156, fr=0.547
p:0.942, -0.243, -0.276, fr=0.011
p:0.48975803042258415, 0.1028524685988026, -1.4918486514388367, fr=0.012
p:0.225, -0.057, -1.19
p:-0.9682642335694838, -0.4605718718093651, -0.8262300233016763, fr=0.474
p:-0.863, 0.453, -2.487, fr=0.178
j:1, 4, stif=0.962
j:2, 4
j:3, 1, stif=0.915
j:0, 1
j:5, 3
n:j=0, d=|
n:d=*
c:0, 1, 2.532
",0.0011377841764898386,"//0
p:0.598, -0.041, -1.156, fr=0.547
p:0.942, -0.243, -0.276, fr=0.011
p:0.48975803042258415, 0.1028524685988026, -1.4918486514388367, fr=0.012, ing=0.143
p:0.225, -0.057, -1.19
p:-0.9682642335694838, -0.4605718718093651, -0.8262300233016763, fr=0.474
p:-0.863, 0.453, -2.487, fr=0.178
j:1, 4, stif=0.962
j:2, 4
j:3, 1, stif=0.915
j:0, 1
j:5, 3
n:j=0, d=|
n:d=*
c:0, 1, 2.532
",0.0011377841764898386,feasible,20
15,0,30,"//0
p:0.598, -0.041, -1.156, fr=0.547
p:0.942, -0.243, -0.276, fr=0.011
p:0.48975803042258415, 0.1028524685988026, -1.4918486514388367, fr=0.012
p:0.225, -0.057, -1.19
p:-0.9682642335694838, -0.4605718718093651, -0.8262300233016763, fr=0.474
p:-0.863, 0.453, -2.487, fr=0.178
j:1, 4, stif=0.962
j:2, 4
j:3, 1, stif=0.915
j:0, 1
j:5, 3
n:j=0, d=|
n:d=*
c:0, 1, 2.532
",0.0011377841764898386,"//0
p:0.598, -0.041, -1.156, fr=0.547
p:0.942, -0.243, -0.276, fr=0.011
p:0.48975803042258415, 0.1028524685988026, -1.4918486514388367, fr=0.012
p:0.225, -0.057, -1.19
p:-0.9682642335694838, -0.4605718718093651, -0.8262300233016763, fr=0.474
p:-0.863, 0.453, -2.487, fr=0.178
j:1, 4, stif=0.962
j:0, 4
j:3, 1, stif=0.915
j:2, 1
j:5, 3
n:j=0, d=|
n:d=*
c:0, 1, 2.532
",0.0001747768330540237,feasible,20
15,0,30,"//0
p:0.598, -0.041, -1.156, fr=0.547
p:0.942, -0.243, -0.276, fr=0.011
p:0.48975803042258415, 0.1028524685988026, -1.4918486514388367, fr=0.012
p:0.225, -0.057, -1.19
p:-0.9682642335694838, -0.4605718718093651, -0.8262300233016763, fr=0.474
p:-0.863, 0.453, -2.487, fr=0.178
j:1, 4, stif=0.962
j:2, 4
j:3, 1, stif=0.915
j:0, 1
j:5, 3
n:j=0, d=|
n:d=*
c:0, 1, 2.532
",0.0011377841764898386,"//0
p:0.598, -0.041, -1.156, fr=0.547
p:0.942, -0.243, -0.276, fr=0.011
p:0.48975803042258415, 0.1028524685988026, -1.4918486514388367, fr=0.012
p:0.225, -0.057, -1.19
p:-0.9682642335694838, -0.4605718718093651, -0.8262300233016763, fr=0.474
p:-0.863, 0.453, -2.487, fr=0.178
j:1, 4, stif=0.763
j:2, 4
j:3, 1, stif=0.915
j:0, 1
j:5, 3
n:j=0, d=|
n:d=*
c:0, 1, 2.532
",0.0009051382048291392,feasible,20
15,0,30,"//0
p:0.598, -0.041, -1.156, fr=0.547
p:0.942, -0.243, -0.276, fr=0.011
p:0.48975803042258415, 0.1028524685988026, -1.4918486514388367, fr=0.012
p:0.225, -0.057, -1.19
p:-0.9682642335694838, -0.4605718718093651, -0.8262300233016763, fr=0.474
p:-0.863, 0.453, -2.487, fr=0.178
j:1, 4, stif=0.962
j:2, 4
j:3, 1, stif=0.915
j:0, 1
j:5, 3
n:j=0, d=|
n:d=*
c:0, 1, 2.532
",0.0011377841764898386,"//0
p:0.598, -0.041, -1.156, fr=0.547
p:0.942, -0.243, -0.276, fr=0.011
p:0.48975803042258415, 0.1028524685988026, -1.4918486514388367, fr=0.012
p:0.225, -0.057, -1.19
p:-0.9682642335694838, -0.4605718718093651, -0.8262300233016763, fr=0.474
p:-0.863, 0.453, -2.487, fr=0.178
j:1, 4, stif=0.962
j:2, 4
j:3, 1, stif=0.915, rotstif=0.911
j:0, 1
j:5, 3
n:j=0, d=|
n:d=*
c:0, 1, 2.532
",0.0011377841764898386,feasible,20
15,0,30,"//0
p:0.598, -0.041, -1.156, fr=0.547
p:0.942, -0.243, -0.276, fr=0.011
p:0.48975803042258415, 0.1028524685988026, -1.4918486514388367, fr=0.012
p:0.225, -0.057, -1.19
p:-0.9682642335694838, -0.4605718718093651, -0.8262300233016763, fr=0.474
p:-0.863, 0.453, -2.487, fr=0.178
j:1, 4, stif=0.962
j:2, 4
j:3, 1, stif=0.915
j:0, 1
j:5, 3
n:j=0, d=|
n:d=*
c:0, 1, 2.532
",0.0011377841764898386,"//0
p:0.598, -0.041, -1.156, fr=0.547
p:0.942, -0.243, -0.276, fr=0.011
p:0.48975803042258415, 0.1028524685988026, -1.4918486514388367, fr=0.012
p:0.225, -0.057, -1.19
p:-0.9682642335694838, -0.4605718718093651, -0.8262300233016763, fr=0.474
p:-0.863, 0.453, -2.487, fr=0.178
j:1, 4, stif=0.962
j:2, 4
j:3, 1, stif=0.915
j:0, 1
j:5, 3
j:2, 1
n:j=0, d=|
n:d=*
c:0, 1, 2.532
",5.690918942695714e-06,feasible,20
15,0,30,"//0
p:0.598, -0.041, -1.156, fr=0.547
p:0.942, -0.243, -0.276, fr=0.011
p:0.48975803042258415, 0.1028524685988026, -1.4918486514388367, fr=0.012
p:0.225, -0.057, -1.19
p:-0.9682642335694838, -0.4605718718093651, -0.8262300233016763, fr=0.474
p:-0.863, 0.453, -2.487, fr=0.178
j:1, 4, stif=0.962
j:2, 4
j:3, 1, stif=0.915
j:0, 1
j:5, 3
n:j=0, d=|
n:d=*
c:0, 1, 2.532
",0.0011377841764898386,"//0
p:0.598, -0.041, -1.156, fr=0.547
p:0.942, -0.243, -0.276, fr=0.011
p:0.48975803042258415, 0.1028524685988026, -1.4918486514388367, fr=0.012
p:0.225, -0.057, -1.19
p:-0.9682642335694838, -0.4605718718093651, -0.8262300233016763, fr=0.474
p:-0.863, 0.453, -2.487, fr=0.178
j:1, 4, stif=0.962
j:2, 4
j:3, 1, stif=0.915
j:0, 1
j:5, 3
j:3, 4
n:j=0, d=|
n:d=*
c:0, 1, 2.532
",9.654426477664084e-06,feasible,20
15,0,30,"//0
p:0.598, -0.041, -1.156, fr=0.547
p:0.942, -0.243, -0.276, fr=0.011
p:0.48975803042258415, 0.1028524685988026, -1.4918486514388367, fr=0.012
p:0.225, -0.057, -1.19
p:-0.9682642335694838, -0.4605718718093651, -0.8262300233016763, fr=0.474
p:-0.863, 0.453, -2.487, fr=0.178
j:1, 4, stif=0.962
j:2, 4
j:3, 1, stif=0.915
j:0, 1
j:5, 3
n:j=0, d=|
n:d=*
c:0, 1, 2.532
",0.0011377841764898386,"//0
p:0.598, -0.041, -1.156, fr=0.547
p:0.942, -0.243, -0.276, fr=0.011
p:0.48975803042258415, 0.1028524685988026, -1.4918486514388367, fr=0.012
p:0.225, -0.057, -1.19
p:-0.9682642335694838, -0.4605718718093651, -0.8262300233016763, fr=0.474
p:-0.863, 0.453, -2.487, fr=0.178
j:1, 4, stif=0.962
j:2, 4
j:3, 1, stif=0.915
j:0, 1
j:5, 3
n:j=0, d=|
",4.214358267365936e-06,feasible,20
15,0,30,"//0
p:0.598, -0.041, -1.156, fr=0.547
p:0.942, -0.243, -0.276, fr=0.011
p:0.48975803042258415, 0.1028524685988026, -1.4918486514388367, fr=0.012
p:0.225, -0.057, -1.19
p:-0.9682642335694838, -0.4605718718093651, -0.8262300233016763, fr=0.474
p:-0.863, 0.453, -2.487, fr=0.178
j:1, 4, stif=0.962
j:2, 4
j:3, 1, stif=0.915
j:0, 1
j:5, 3
n:j=0, d=|
n:d=*
c:0, 1, 2.532
",0.0011377841764898386,"//0
p:0.598, -0.041, -1.156, fr=0.547
p:0.942, -0.243, -0.276, fr=0.011
p:0.48975803042258415, 0.1028524685988026, -1.4918486514388367, fr=0.012
p:0.225, -0.057, -1.19, fr=0.389
p:-0.9682642335694838, -0.4605718718093651, -0.8262300233016763, fr=0.474
p:-0.863, 0.453, -2.487, fr=0.178
j:1, 4, stif=0.962
j:2, 4
j:3, 1, stif=0.915
j:0, 1
j:5, 3
n:j=0, d=|
n:d=*
c:0, 1, 2.532
",0.0010364146652023815,feasible,20
15,0,30,"//0
p:0.598, -0.041, -1.156, fr=0.547
p:0.942, -0.243, -0.276, fr=0.011
p:0.48975803042258415, 0.1028524685988026, -1.4918486514388367, fr=0.012
p:0.225, -0.057, -1.19
p:-0.9682642335694838, -0.4605718718093651, -0.8262300233016763, fr=0.474
p:-0.863, 0.453, -2.487, fr=0.178
j:1, 4, stif=0.962
j:2, 4
j:3, 1, stif=0.915
j:0, 1
j:5, 3
n:j=0, d=|
n:d=*
c:0, 1, 2.532
",0.0011377841764898386,"//0
p:0.598, -0.041, -1.156, fr=0.547
p:0.942, -0.243, -0.276, fr=0.011
p:0.48975803042258415, 0.1028524685988026, -1.4918486514388367, fr=0.012
p:0.225, -0.057, -1.19
p:-0.9682642335694838, -0.4605718718093651, -0.8262300233016763, fr=0.474
p:-0.863, 0.453, -2.487, fr=0.178
j:1, 4, stif=0.962
j:2, 4
j:3, 1, stif=0.915
j:0, 1
j:5, 3
n:j=0, d=|:p=0.221
n:d=*
c:0, 1, 2.532
",0.0009510248522618801,feasible,20
15,0,30,"//0
p:0.598, -0.041, -1.156, fr=0.547
p:0.942, -0.243, -0.276, fr=0.011
p:0.48975803042258415, 0.1028524685988026, -1.4918486514388367, fr=0.012
p:0.225, -0.057, -1.19
p:-0.9682642335694838, -0.4605718718093651, -0.8262300233016763, fr=0.474
p:-0.863, 0.453, -2.487, fr=0.178
j:1, 4, stif=0.962
j:2, 4
j:3, 1, stif=0.915
j:0, 1
j:5, 3
n:j=0, d=|
n:d=*
c:0, 1, 2.532
",0.0011377841764898386,"//0
p:0.598, -0.041, -1.156, fr=0.547
p:0.942, -0.243, -0.276, fr=0.011, ing=0.37
p:0.48975803042258415, 0.1028524685988026, -1.4918486514388367, fr=0.012
p:0.225, -0.057, -1.19
p:-0.9682642335694838, -0.4605718718093651, -0.8262300233016763, fr=0.474
p:-0.863, 0.453, -2.487, fr=0.178
j:1, 4, stif=0.962
j:2, 4
j:3, 1, stif=0.915
j:0, 1
j:5, 3
n:j=0, d=|
n:d=*
c:0, 1, 2.532
",0.0011377841764898386,feasible,20
15,0,30,"//0
p:0.598, -0.041, -1.156, fr=0.547
p:0.942, -0.243, -0.276, fr=0.011
p:0.48975803042258415, 0.1028524685988026, -1.4918486514388367, fr=0.012
p:0.225, -0.057, -1.19
p:-0.9682642335694838, -0.4605718718093651, -0.8262300233016763, fr=0.474
p:-0.863, 0.453, -2.487, fr=0.178
j:1, 4, stif=0.962
j:2, 4
j:3, 1, stif=0.915
j:0, 1
j:5, 3
n:j=0, d=|
n:d=*
c:0, 1, 2.532
",0.0011377841764898386,"//0
p:0.598, -0.041, -1.156, fr=0.547, ing=0.39
p:0.942, -0.243, -0.276, fr=0.011
p:0.48975803042258415, 0.1028524685988026, -1.4918486514388367, fr=0.012
p:0.225, -0.057, -1.19
p:-0.9682642335694838, -0.4605718718093651, -0.8262300233016763, fr=0.474
p:-0.863, 0.453, -2.487, fr=0.178
j:1, 4, stif=0.962
j:2, 4
j:3, 1, stif=0.915
j:0, 1
j:5, 3
n:j=0, d=|
n:d=*
c:0, 1, 2.532
",0.0011377841764898386,feasible,20
15,0,30,"//0
p:0.598, -0.041, -1.156, fr=0.547
p:0.942, -0.243, -0.276, fr=0.011
p:0.48975803042258415, 0.1028524685988026, -1.4918486514388367, fr=0.012
p:0.225, -0.057, -1.19
p:-0.9682642335694838, -0.4605718718093651, -0.8262300233016763, fr=0.474
p:-0.863, 0.453, -2.487, fr=0.178
j:1, 4, stif=0.962
j:2, 4
j:3, 1, stif=0.915
j:0, 1
j:5, 3
n:j=0, d=|
n:d=*
c:0, 1, 2.532
",0.0011377841764898386,"//0
p:0.598, -0.041, -1.156, fr=0.547
p:0.942, -0.243, -0.276, fr=0.011
p:0.48975803042258415, 0.1028524685988026, -1.4918486514388367, fr=0.012
p:0.225, -0.057, -1.19
p:-0.9682642335694838, -0.4605718718093651, -0.8262300233016763, fr=0.474
p:-0.863, 0.453, -2.487, fr=0.178
j:1, 4, stif=0.962
j:2, 4
j:3, 1, stif=0.915, rotstif=0.869
j:0, 1
j:5, 3
n:j=0, d=|
n:d=*
c:0, 1, 2.532
",0.0011377841764898386,feasible,20
15,0,30,"//0
p:0.598, -0.041, -1.156, fr=0.547
p:0.942, -0.243, -0.276, fr=0.011
p:0.48975803042258415, 0.1028524685988026, -1.4918486514388367, fr=0.012
p:0.225, -0.057, -1.19
p:-0.9682642335694838, -0.4605718718093651, -0.8262300233016763, fr=0.474
p:-0.863, 0.453, -2.487, fr=0.178
j:1, 4, stif=0.962
j:2, 4
j:3, 1, stif=0.915
j:0, 1
j:5, 3
n:j=0, d=|
n:d=*
c:0, 1, 2.532
",0.0011377841764898386,"//0
p:0.598, -0.041, -1.156, fr=0.547
p:0.942, -0.243, -0.276, fr=0.011
p:0.48975803042258415, 0.1028524685988026, -1.4918486514388367, fr=0.012
p:0.225, -0.057, -1.19
p:-0.9682642335694838, -0.4605718718093651, -0.8262300233016763, fr=0.474
p:-0.2866669265520374, 0.23076852126327868, -1.7810318972889503, fr=0.178
j:3, 4, stif=0.962
j:2, 4
j:1, 3, stif=0.915
j:0, 3
j:5, 1
n:j=0, d=|
n:d=*
c:0, 1, 2.532
",8.664084132553862e-06,feasible,20
15,0,30,"//0
p:0.598, -0.041, -1.156, fr=0.547
p:0.942, -0.243, -0.276, fr=0.011
p:0.48975803042258415, 0.1028524685988026, -1.4918486514388367, fr=0.012
p:0.225, -0.057, -1.19
p:-0.9682642335694838, -0.4605718718093651, -0.8262300233016763, fr=0.474
p:-0.863, 0.453, -2.487, fr=0.178
j:1, 4, stif=0.962
j:2, 4
j:3, 1, stif=0.915
j:0, 1
j:5, 3
n:j=0, d=|
n:d=*
c:0, 1, 2.532
",0.0011377841764898386,"//0
p:0.598, -0.041, -1.156, fr=0.547
p:0.942, -0.243, -0.276, fr=0.011
p:0.48975803042258415, 0.1028524685988026, -1.4918486514388367, fr=0.012
p:0.225, -0.057, -1.19
p:-0.9682642335694838, -0.4605718718093651, -0.8262300233016763, fr=0.474
p:-0.863, 0.453, -2.487, fr=0.178
j:1, 4, stif=0.962
j:2, 4
j:3, 1, stif=0.915
j:0, 1
j:5, 3, rotstif=0.959
n:j=0, d=|
n:d=*
c:0, 1, 2.532
",0.0011377841764898386,feasible,20
15,0,31,"//0
p:0.942, -0.243, -0.276, fr=0.011
p:0.48975803042258415, 0.1028524685988026, -1.4918486514388367, fr=0.012
p:0.225, -0.057, -1.19
p:-0.9682642335694838, -0.4605718718093651, -0.8262300233016763, fr=0.474
p:-0.863, 0.453, -2.487, fr=0.178
j:0, 3, stif=0.962
j:1, 3
j:2, 0, stif=0.915
j:4, 2
n:j=0, d=|
n:d=*
c:0, 1, 2.532
",0.0013821478371933405,"//0
p:0.942, -0.243, -0.276, fr=0.011
p:0.48975803042258415, 0.1028524685988026, -1.4918486514388367, fr=0.012
p:0.225, -0.057, -1.19, fr=0.337
p:-0.9682642335694838, -0.4605718718093651, -0.8262300233016763, fr=0.474
p:-0.863, 0.453, -2.487, fr=0.178
j:0, 3, stif=0.962
j:1, 3
j:2, 0, stif=0.915
j:4, 2
n:j=0, d=|
n:d=*
c:0, 1, 2.532
",0.001407483392203144,feasible,20
15,0,31,"//0
p:0.942, -0.243, -0.276, fr=0.011
p:0.48975803042258415, 0.1028524685988026, -1.4918486514388367, fr=0.012
p:0.225, -0.057, -1.19
p:-0.9682642335694838, -0.4605718718093651, -0.8262300233016763, fr=0.474
p:-0.863, 0.453, -2.487, fr=0.178
j:0, 3, stif=0.962
j:1, 3
j:2, 0, stif=0.915
j:4, 2
n:j=0, d=|
n:d=*
c:0, 1, 2.532
",0.0013821478371933405,"//0
p:0.942, -0.243, -0.276, fr=0.011
p:0.48975803042258415, 0.1028524685988026, -1.4918486514388367, fr=0.012
p:0.225, -0.057, -1.19
p:-0.9682642335694838, -0.4605718718093651, -0.8262300233016763, fr=0.474
p:-0.863, 0.453, -2.487, fr=0.178
j:0, 3, stif=0.962
j:1, 3, stif=0.918
j:2, 0, stif=0.915
j:4, 2
n:j=0, d=|
n:d=*
c:0, 1, 2.532
",0.001458792560823014,feasible,20
15,0,31,"//0
p:0.942, -0.243, -0.276, fr=0.011
p:0.48975803042258415, 0.1028524685988026, -1.4918486514388367, fr=0.012
p:0.225, -0.057, -1.19
p:-0.9682642335694838, -0.4605718718093651, -0.8262300233016763, fr=0.474
p:-0.863, 0.453, -2.487, fr=0.178
j:0, 3, stif=0.962
j:1, 3
j:2, 0, stif=0.915
j:4, 2
n:j=0, d=|
n:d=*
c:0, 1, 2.532
",0.0013821478371933405,"//0
p:0.942, -0.243, -0.276, fr=0.011
p:0.48975803042258415, 0.1028524685988026, -1.4918486514388367, fr=0.012
p:0.225, -0.057, -1.19
p:-0.9682642335694838, -0.4605718718093651, -0.8262300233016763, fr=0.474
p:-0.863, 0.453, -2.487, fr=0.178
j:0, 3, stif=0.962
j:1, 3, rotstif=0.947
j:2, 0, stif=0.915
j:4, 2
n:j=0, d=|
n:d=*
c:0, 1, 2.532
",0.0013821478371933405,feasible,20
15,0,31,"//0
p:0.942, -0.243, -0.276, fr=0.011
p:0.48975803042258415, 0.1028524685988026, -1.4918486514388367, fr=0.012
p:0.225, -0.057, -1.19
p:-0.9682642335694838, -0.4605718718093651, -0.8262300233016763, fr=0.474
p:-0.863, 0.453, -2.487, fr=0.178
j:0, 3, stif=0.962
j:1, 3
j:2, 0, stif=0.915
j:4, 2
n:j=0, d=|
n:d=*
c:0, 1, 2.532
",0.0013821478371933405,"//0
p:0.942, -0.243, -0.276, fr=0.011
p:0.225, -0.057, -1.19
p:-0.9682642335694838, -0.4605718718093651, -0.8262300233016763, fr=0.474
p:-0.863, 0.453, -2.487, fr=0.178
j:0, 2, stif=0.962
j:1, 0, stif=0.915
j:3, 1
n:j=0, d=|
n:d=*
c:0, 1, 2.532
",0.00011839141220956988,feasible,20
15,0,31,"//0
p:0.942, -0.243, -0.276, fr=0.011
p:0.48975803042258415, 0.1028524685988026, -1.4918486514388367, fr=0.012
p:0.225, -0.057, -1.19
p:-0.9682642335694838, -0.4605718718093651, -0.8262300233016763, fr=0.474
p:-0.863, 0.453, -2.487, fr=0.178
j:0, 3, stif=0.962
j:1, 3
j:2, 0, stif=0.915
j:4, 2
n:j=0, d=|
n:d=*
c:0, 1, 2.532
",0.0013821478371933405,"//0
p:0.942, -0.243, -0.276, fr=0.011
p:0.48975803042258415, 0.1028524685988026, -1.4918486514388367, fr=0.012
p:0.225, -0.057, -1.19, fr=0.453
p:-0.9682642335694838, -0.4605718718093651, -0.8262300233016763, fr=0.474
p:-0.863, 0.453, -2.487, fr=0.178
j:0, 3, stif=0.962
j:1, 3
j:2, 0, stif=0.915
j:4, 2
n:j=0, d=|
n:d=*
c:0, 1, 2.532
",0.001389167698926531,feasible,20
15,0,31,"//0
p:0.942, -0.243, -0.276, fr=0.011
p:0.48975803042258415, 0.1028524685988026, -1.4918486514388367, fr=0.012
p:0.225, -0.057, -1.19
p:-0.9682642335694838, -0.4605718718093651, -0.8262300233016763, fr=0.474
p:-0.863, 0.453, -2.487, fr=0.178
j:0, 3, stif=0.962
j:1, 3
j:2, 0, stif=0.915
j:4, 2
n:j=0, d=|
n:d=*
c:0, 1, 2.532
",0.0013821478371933405,"//0
p:0.942, -0.243, -0.276, fr=0.011
p:0.48975803042258415, 0.1028524685988026, -1.4918486514388367, fr=0.012
p:0.225, -0.057, -1.19
p:-0.9682642335694838, -0.4605718718093651, -0.8262300233016763, fr=0.474
p:-0.863, 0.453, -2.487, fr=0.178
j:0, 3, stif=0.962
j:1, 3, stif=0.869
j:2, 0, stif=0.915
j:4, 2
n:j=0, d=|
n:d=*
c:0, 1, 2.532
",0.001484415929874474,feasible,20
15,0,31,"//0
p:0.942, -0.243, -0.276, fr=0.011
p:0.48975803042258415, 0.1028524685988026, -1.4918486514388367, fr=0.012
p:0.225, -0.057, -1.19
p:-0.9682642335694838, -0.4605718718093651, -0.8262300233016763, fr=0.474
p:-0.863, 0.453, -2.487, fr=0.178
j:0, 3, stif=0.962
j:1, 3
j:2, 0, stif=0.915
j:4, 2
n:j=0, d=|
n:d=*
c:0, 1, 2.532
",0.0013821478371933405,"//0
p:0.942, -0.243, -0.276, fr=0.011
p:0.48975803042258415, 0.1028524685988026, -1.4918486514388367, fr=0.012
p:0.225, -0.057, -1.19
p:-0.9682642335694838, -0.4605718718093651, -0.8262300233016763, fr=0.474
p:-0.863, 0.453, -2.487, fr=0.178
j:0, 3, stif=0.962
j:1, 3
j:2, 0, stif=0.915
j:4, 2
n:j=0, d=|:p=0.211
n:d=*
c:0, 1, 2.532
",0.0010015945537738297,feasible,20
15,0,31,"//0
p:0.942, -0.243, -0.276, fr=0.011
p:0.48975803042258415, 0.1028524685988026, -1.4918486514388367, fr=0.012
p:0.225, -0.057, -1.19
p:-0.9682642335694838, -0.4605718718093651, -0.8262300233016763, fr=0.474
p:-0.863, 0.453, -2.487, fr=0.178
j:0, 3, stif=0.962
j:1, 3
j:2, 0, stif=0.915
j:4, 2
n:j=0, d=|
n:d=*
c:0, 1, 2.532
",0.0013821478371933405,"//0
p:0.942, -0.243, -0.276, fr=0.011
p:0.48975803042258415, 0.1028524685988026, -1.4918486514388367, fr=0.012
p:0.225, -0.057, -1.19
p:-0.9682642335694838, -0.4605718718093651, -0.8262300233016763, fr=0.474
p:-0.863, 0.453, -2.487, fr=0.178
j:0, 3, stif=0.962
j:1, 3
j:2, 0, stif=0.915
j:4, 2
n:j=0, d=|
n:d=*
c:0, 1, 4.537
",0.0013821478371933405,feasible,20
15,0,31,"//0
p:0.942, -0.243, -0.276, fr=0.011
p:0.48975803042258415, 0.1028524685988026, -1.4918486514388367, fr=0.012
p:0.225, -0.057, -1.19
p:-0.9682642335694838, -0.4605718718093651, -0.8262300233016763, fr=0.474
p:-0.863, 0.453, -2.487, fr=0.178
j:0, 3, stif=0.962
j:1, 3
j:2, 0, stif=0.915
j:4, 2
n:j=0, d=|
n:d=*
c:0, 1, 2.532
",0.0013821478371933405,"//0
p:0.942, -0.243, -0.276, fr=0.011
p:0.48975803042258415, 0.1028524685988026, -1.4918486514388367, fr=0.012
p:0.225, -0.057, -1.19
p:-0.9682642335694838, -0.4605718718093651, -0.8262300233016763, fr=0.474
p:-0.863, 0.453, -2.487, fr=0.178
j:0, 3, stif=0.962
j:1, 3
j:2, 0, stif=0.915, rotstif=0.992
j:4, 2
n:j=0, d=|
n:d=*
c:0, 1, 2.532
",0.0013821478371933405,feasible,20
15,0,31,"//0
p:0.942, -0.243, -0.276, fr=0.011
p:0.48975803042258415, 0.1028524685988026, -1.4918486514388367, fr=0.012
p:0.225, -0.057, -1.19
p:-0.9682642335694838, -0.4605718718093651, -0.8262300233016763, fr=0.474
p:-0.863, 0.453, -2.487, fr=0.178
j:0, 3, stif=0.962
j:1, 3
j:2, 0, stif=0.915
j:4, 2
n:j=0, d=|
n:d=*
c:0, 1, 2.532
",0.0013821478371933405,"//0
p:0.942, -0.243, -0.276, fr=0.011
p:0.48975803042258415, 0.1028524685988026, -1.4918486514388367, fr=0.012, ing=0.305
p:0.225, -0.057, -1.19
p:-0.9682642335694838, -0.4605718718093651, -0.8262300233016763, fr=0.474
p:-0.863, 0.453, -2.487, fr=0.178
j:0, 3, stif=0.962
j:1, 3
j:2, 0, stif=0.915
j:4, 2
n:j=0, d=|
n:d=*
c:0, 1, 2.532
",0.0013821478371933405,feasible,20
15,0,31,"//0
p:0.942, -0.243, -0.276, fr=0.011
p:0.48975803042258415, 0.1028524685988026, -1.4918486514388367, fr=0.012
p:0.225, -0.057, -1.19
p:-0.9682642335694838, -0.4605718718093651, -0.8262300233016763, fr=0.474
p:-0.863, 0.453, -2.487, fr=0.178
j:0, 3, stif=0.962
j:1, 3
j:2, 0, stif=0.915
j:4, 2
n:j=0, d=|
n:d=*
c:0, 1, 2.532
",0.0013821478371933405,"//0
p:0.942, -0.243, -0.276, fr=0.011
p:0.48975803042258415, 0.1028524685988026, -1.4918486514388367, fr=0.012
p:0.225, -0.057, -1.19
p:-0.9682642335694838, -0.4605718718093651, -0.8262300233016763, fr=0.474
p:-0.863, 0.453, -2.487, fr=0.178
j:0, 3, stif=0.962
j:1, 3
j:2, 0, stif=0.915
j:4, 2
n:j=0, d=|
n:d=*
c:0, 1, 2.673
",0.0013821478371933405,feasible,20
15,0,31,"//0
p:0.942, -0.243, -0.276, fr=0.011
p:0.48975803042258415, 0.1028524685988026, -1.4918486514388367, fr=0.012
p:0.225, -0.057, -1.19
p:-0.9682642335694838, -0.4605718718093651, -0.8262300233016763, fr=0.474
p:-0.863, 0.453, -2.487, fr=0.178
j:0, 3, stif=0.962
j:1, 3
j:2, 0, stif=0.915
j:4, 2
n:j=0, d=|
n:d=*
c:0, 1, 2.532
",0.0013821478371933405,"//0
p:0.942, -0.243, -0.276, fr=0.011
p:0.48975803042258415, 0.1028524685988026, -1.4918486514388367, fr=0.012
p:0.225, -0.057, -1.19
p:-0.9682642335694838, -0.4605718718093651, -0.8262300233016763, fr=0.474
p:-0.863, 0.453, -2.487, fr=0.178
j:3, 0, stif=0.962
j:1, 0
j:2, 3, stif=0.915
j:4, 2
n:j=0, d=|
n:d=*
c:0, 1, 2.532
",0.000189571381398081,feasible,20
15,0,31,"//0
p:0.942, -0.243, -0.276, fr=0.011
p:0.48975803042258415, 0.1028524685988026, -1.4918486514388367, fr=0.012
p:0.225, -0.057, -1.19
p:-0.9682642335694838, -0.4605718718093651, -0.8262300233016763, fr=0.474
p:-0.863, 0.453, -2.487, fr=0.178
j:0, 3, stif=0.962
j:1, 3
j:2, 0, stif=0.915
j:4, 2
n:j=0, d=|
n:d=*
c:0, 1, 2.532
",0.0013821478371933405,"//0
p:0.942, -0.243, -0.276, fr=0.011
p:0.48975803042258415, 0.1028524685988026, -1.4918486514388367, fr=0.012
p:0.225, -0.057, -1.19
p:-0.9682642335694838, -0.4605718718093651, -0.8262300233016763, fr=0.474
p:-0.863, 0.453, -2.487, fr=0.178
j:0, 3, stif=0.951
j:1, 3
j:2, 0, stif=0.915
j:4, 2
n:j=0, d=|
n:d=*
c:0, 1, 2.532
",0.0013603156115229733,feasible,20
15,0,31,"//0
p:0.942, -0.243, -0.276, fr=0.011
p:0.48975803042258415, 0.1028524685988026, -1.4918486514388367, fr=0.012
p:0.225, -0.057, -1.19
p:-0.9682642335694838, -0.4605718718093651, -0.8262300233016763, fr=0.474
p:-0.863, 0.453, -2.487, fr=0.178
j:0, 3, stif=0.962
j:1, 3
j:2, 0, stif=0.915
j:4, 2
n:j=0, d=|
n:d=*
c:0, 1, 2.532
",0.0013821478371933405,"//0
p:0.942, -0.243, -0.276, fr=0.011
p:0.48975803042258415, 0.1028524685988026, -1.4918486514388367, fr=0.012
p:0.225, -0.057, -1.19
p:-0.9682642335694838, -0.4605718718093651, -0.8262300233016763, fr=0.474
p:-1.2322943470822434, 0.4579166186567389, -2.458997282027526, fr=0.178
j:0, 3, stif=0.962
j:1, 3
j:2, 0, stif=0.915
j:4, 2
n:j=0, d=|
n:d=*
c:0, 1, 2.532
",0.0012210602192439647,feasible,20
15,0,31,"//0
p:0.942, -0.243, -0.276, fr=0.011
p:0.48975803042258415, 0.1028524685988026, -1.4918486514388367, fr=0.012
p:0.225, -0.057, -1.19
p:-0.9682642335694838, -0.4605718718093651, -0.8262300233016763, fr=0.474
p:-0.863, 0.453, -2.487, fr=0.178
j:0, 3, stif=0.962
j:1, 3
j:2, 0, stif=0.915
j:4, 2
n:j=0, d=|
n:d=*
c:0, 1, 2.532
",0.0013821478371933405,"//0
p:0.942, -0.243, -0.276, fr=0.011
p:0.48975803042258415, 0.1028524685988026, -1.4918486514388367, fr=0.012
p:0.225, -0.057, -1.19
p:-0.9682642335694838, -0.4605718718093651, -0.8262300233016763, fr=0.474
p:-0.863, 0.453, -2.487, fr=0.178
j:0, 3, stif=0.962
j:1, 3
j:2, 0, stif=0.915, rotstif=0.8
j:4, 2
n:j=0, d=|
n:d=*
c:0, 1, 2.532
",0.0013821478371933405,feasible,20
15,0,31,"//0
p:0.942, -0.243, -0.276, fr=0.011
p:0.48975803042258415, 0.1028524685988026, -1.4918486514388367, fr=0.012
p:0.225, -0.057, -1.19
p:-0.9682642335694838, -0.4605718718093651, -0.8262300233016763, fr=0.474
p:-0.863, 0.453, -2.487, fr=0.178
j:0, 3, stif=0.962
j:1, 3
j:2, 0, stif=0.915
j:4, 2
n:j=0, d=|
n:d=*
c:0, 1, 2.532
",0.0013821478371933405,"//0
p:0.942, -0.243, -0.276, fr=0.011
p:0.48975803042258415, 0.1028524685988026, -1.4918486514388367, fr=0.012
p:0.225, -0.057, -1.19
p:-0.9682642335694838, -0.4605718718093651, -0.8262300233016763, fr=0.474
p:-0.863, 0.453, -2.487, fr=0.178
j:0, 3, stif=0.962
j:1, 3
j:2, 0, stif=0.83
j:4, 2
n:j=0, d=|
n:d=*
c:0, 1, 2.532
",0.001357315848159536,feasible,20
15,0,31,"//0
p:0.942, -0.243, -0.276, fr=0.011
p:0.48975803042258415, 0.1028524685988026, -1.4918486514388367, fr=0.012
p:0.225, -0.057, -1.19
p:-0.9682642335694838, -0.4605718718093651, -0.8262300233016763, fr=0.474
p:-0.863, 0.453, -2.487, fr=0.178
j:0, 3, stif=0.962
j:1, 3
j:2, 0, stif=0.915
j:4, 2
n:j=0, d=|
n:d=*
c:0, 1, 2.532
",0.0013821478371933405,"//0
p:0.942, -0.243, -0.276, fr=0.011
p:0.48975803042258415, 0.1028524685988026, -1.4918486514388367, fr=0.012
p:0.225, -0.057, -1.19
p:-0.9682642335694838, -0.4605718718093651, -0.8262300233016763, fr=0.091
p:-0.863, 0.453, -2.487, fr=0.178
j:0, 3, stif=0.962
j:1, 3
j:2, 0, stif=0.915
j:4, 2
n:j=0, d=|
n:d=*
c:0, 1, 2.532
",0.001337256285057515,feasible,20
15,0,31,"//0
p:0.942, -0.243, -0.276, fr=0.011
p:0.48975803042258415, 0.1028524685988026, -1.4918486514388367, fr=0.012
p:0.225, -0.057, -1.19
p:-0.9682642335694838, -0.4605718718093651, -0.8262300233016763, fr=0.474
p:-0.863, 0.453, -2.487, fr=0.178
j:0, 3, stif=0.962
j:1, 3
j:2, 0, stif=0.915
j:4, 2
n:j=0, d=|
n:d=*
c:0, 1, 2.532
",0.0013821478371933405,"//0
p:0.942, -0.243, -0.276, fr=0.011
p:0.48975803042258415, 0.1028524685988026, -1.4918486514388367, fr=0.012
p:0.225, -0.057, -1.19
p:-0.9682642335694838, -0.4605718718093651, -0.8262300233016763, fr=0.474
p:-0.863, 0.453, -2.487, fr=0.178
p:0.6, -0.006, -2.777
j:0, 3, stif=0.962
j:1, 3
j:2, 0, stif=0.915
j:4, 2
j:5, 4
n:j=0, d=|
n:d=*
c:0, 1, 2.532
",0.00011034238271704193,feasible,20
15,0,31,"//0
p:0.942, -0.243, -0.276, fr=0.011
p:0.48975803042258415, 0.1028524685988026, -1.4918486514388367, fr=0.012
p:0.225, -0.057, -1.19
p:-0.9682642335694838, -0.4605718718093651, -0.8262300233016763, fr=0.474
p:-0.863, 0.453, -2.487, fr=0.178
j:0, 3, stif=0.962
j:1, 3
j:2, 0, stif=0.915
j:4, 2
n:j=0, d=|
n:d=*
c:0, 1, 2.532
",0.0013821478371933405,"//0
p:0.942, -0.243, -0.276, fr=0.011
p:0.48975803042258415, 0.1028524685988026, -1.4918486514388367, fr=0.012
p:0.225, -0.057, -1.19
p:-0.9682642335694838, -0.4605718718093651, -0.8262300233016763, fr=0.474
p:-0.863, 0.453, -2.487, fr=0.178
j:0, 3, stif=0.962
j:1, 3
j:2, 0, stif=0.915
j:4, 2
n:j=0, d=|
n:d=*
",3.63711594333098e-07,feasible,20
15,0,31,"//0
p:0.942, -0.243, -0.276, fr=0.011
p:0.48975803042258415, 0.1028524685988026, -1.4918486514388367, fr=0.012
p:0.225, -0.057, -1.19
p:-0.9682642335694838, -0.4605718718093651, -0.8262300233016763, fr=0.474
p:-0.863, 0.453, -2.487, fr=0.178
j:0, 3, stif=0.962
j:1, 3
j:2, 0, stif=0.915
j:4, 2
n:j=0, d=|
n:d=*
c:0, 1, 2.532
",0.0013821478371933405,"//0
p:0.942, -0.243, -0.276, fr=0.011
p:0.48975803042258415, 0.1028524685988026, -1.4918486514388367, fr=0.012
p:0.225, -0.057, -1.19
p:-0.9682642335694838, -0.4605718718093651, -0.8262300233016763, fr=0.474
p:-0.863, 0.453, -2.487, fr=0.178
p:0.123, 0.201, -3.589
j:0, 3, stif=0.962
j:1, 3
j:2, 0, stif=0.915
j:4, 2
j:5, 4
n:j=0, d=|
n:d=*
c:0, 1, 2.532
",7.086140311806405e-05,feasible,20
15,0,32,"//0
p:0.942, -0.243, -0.276, fr=0.427
p:0.48975803042258415, 0.1028524685988026, -1.4918486514388367, fr=0.012
p:0.225, -0.057, -1.19
p:-0.9682642335694838, -0.4605718718093651, -0.8262300233016763, fr=0.474
p:-0.863, 0.453, -2.487, fr=0.178
j:0, 3, stif=0.962
j:1, 3
j:2, 0, stif=0.915
j:4, 2
n:j=0, d=|
n:d=*
c:0, 1, 2.532
",0.0017873579852700277,"//0
p:0.942, -0.243, -0.276, fr=0.427
p:0.48975803042258415, 0.1028524685988026, -1.4918486514388367, fr=0.012
p:0.225, -0.057, -1.19
p:-0.9682642335694838, -0.4605718718093651, -0.8262300233016763, fr=0.474
p:-0.2866669265520374, 0.23076852126327868, -1.7810318972889503, fr=0.178
j:0, 4, stif=0.962
j:1, 4
j:2, 0, stif=0.915
j:3, 2
n:j=0, d=|
n:d=*
c:0, 1, 2.532
",0.00012396176801734077,feasible,22
15,0,32,"//0
p:0.942, -0.243, -0.276, fr=0.427
p:0.48975803042258415, 0.1028524685988026, -1.4918486514388367, fr=0.012
p:0.225, -0.057, -1.19
p:-0.9682642335694838, -0.4605718718093651, -0.8262300233016763, fr=0.474
p:-0.863, 0.453, -2.487, fr=0.178
j:0, 3, stif=0.962
j:1, 3
j:2, 0, stif=0.915
j:4, 2
n:j=0, d=|
n:d=*
c:0, 1, 2.532
",0.0017873579852700277,"//0
p:0.942, -0.243, -0.276, fr=0.427
p:0.48975803042258415, 0.1028524685988026, -1.4918486514388367, fr=0.012
p:0.225, -0.057, -1.19
p:-0.9682642335694838, -0.4605718718093651, -0.8262300233016763, fr=0.474
j:0, 3, stif=0.962
j:1, 3
j:2, 0, stif=0.915
n:j=0, d=|
n:d=*
c:0, 1, 2.532
",0.00014299109539731963,feasible,22
15,0,32,"//0
p:0.942, -0.243, -0.276, fr=0.427
p:0.48975803042258415, 0.1028524685988026, -1.4918486514388367, fr=0.012
p:0.225, -0.057, -1.19
p:-0.9682642335694838, -0.4605718718093651, -0.8262300233016763, fr=0.474
p:-0.863, 0.453, -2.487, fr=0.178
j:0, 3, stif=0.962
j:1, 3
j:2, 0, stif=0.915
j:4, 2
n:j=0, d=|
n:d=*
c:0, 1, 2.532
",0.0017873579852700277,"//0
p:0.942, -0.243, -0.276, fr=0.427
p:0.48975803042258415, 0.1028524685988026, -1.4918486514388367, fr=0.012
p:0.225, -0.057, -1.19
p:-0.9682642335694838, -0.4605718718093651, -0.8262300233016763, fr=0.474
p:-0.863, 0.453, -2.487, fr=0.178
j:0, 3, stif=0.962
j:2, 3
j:1, 0, stif=0.915
j:4, 1
n:j=0, d=|
n:d=*
c:0, 1, 2.532
",0.0003190757251229633,feasible,22
15,0,32,"//0
p:0.942, -0.243, -0.276, fr=0.427
p:0.48975803042258415, 0.1028524685988026, -1.4918486514388367, fr=0.012
p:0.225, -0.057, -1.19
p:-0.9682642335694838, -0.4605718718093651, -0.8262300233016763, fr=0.474
p:-0.863, 0.453, -2.487, fr=0.178
j:0, 3, stif=0.962
j:1, 3
j:2, 0, stif=0.915
j:4, 2
n:j=0, d=|
n:d=*
c:0, 1, 2.532
",0.0017873579852700277,"//0
p:0.942, -0.243, -0.276, fr=0.427
p:0.48975803042258415, 0.1028524685988026, -1.4918486514388367, fr=0.012
p:0.225, -0.057, -1.19
p:-0.9682642335694838, -0.4605718718093651, -0.8262300233016763, fr=0.474
p:-0.863, 0.453, -2.487, fr=0.178
j:0, 3, stif=0.962
j:1, 3
j:2, 0, stif=0.915
j:4, 2
n:j=0, d=|
n:d=*
c:0, 1, 0.018
",1.0745779695925507e-06,feasible,22
15,0,32,"//0
p:0.942, -0.243, -0.276, fr=0.427
p:0.48975803042258415, 0.1028524685988026, -1.4918486514388367, fr=0.012
p:0.225, -0.057, -1.19
p:-0.9682642335694838, -0.4605718718093651, -0.8262300233016763, fr=0.474
p:-0.863, 0.453, -2.487, fr=0.178
j:0, 3, stif=0.962
j:1, 3
j:2, 0, stif=0.915
j:4, 2
n:j=0, d=|
n:d=*
c:0, 1, 2.532
",0.0017873579852700277,"//0
p:0.942, -0.243, -0.276, fr=0.427
p:0.48975803042258415, 0.1028524685988026, -1.4918486514388367, fr=0.012
p:0.225, -0.057, -1.19
p:-0.9682642335694838, -0.4605718718093651, -0.8262300233016763, fr=0.474
p:-0.863, 0.453, -2.487, fr=0.178
j:0, 3, stif=0.962
j:1, 3
j:2, 0, stif=0.915
j:4, 2
n:j=0, d=|:r=0.956
n:d=*
c:0, 1, 2.532
",0.0009175202971460344,feasible,22
15,0,32,"//0
p:0.942, -0.243, -0.276, fr=0.427
p:0.48975803042258415, 0.1028524685988026, -1.4918486514388367, fr=0.012
p:0.225, -0.057, -1.19
p:-0.9682642335694838, -0.4605718718093651, -0.8262300233016763, fr=0.474
p:-0.863, 0.453, -2.487, fr=0.178
j:0, 3, stif=0.962
j:1, 3
j:2, 0, stif=0.915
j:4, 2
n:j=0, d=|
n:d=*
c:0, 1, 2.532
",0.0017873579852700277,"//0
p:0.942, -0.243, -0.276, fr=0.427
p:0.225, -0.057, -1.19
p:-0.9682642335694838, -0.4605718718093651, -0.8262300233016763, fr=0.474
p:-0.863, 0.453, -2.487, fr=0.178
j:0, 2, stif=0.962
j:1, 0, stif=0.915
j:3, 1
n:j=0, d=|
n:d=*
c:0, 1, 2.532
",0.00012692089702089502,feasible,22
15,0,32,"//0
p:0.942, -0.243, -0.276, fr=0.427
p:0.48975803042258415, 0.1028524685988026, -1.4918486514388367, fr=0.012
p:0.225, -0.057, -1.19
p:-0.9682642335694838, -0.4605718718093651, -0.8262300233016763, fr=0.474
p:-0.863, 0.453, -2.487, fr=0.178
j:0, 3, stif=0.962
j:1, 3
j:2, 0, stif=0.915
j:4, 2
n:j=0, d=|
n:d=*
c:0, 1, 2.532
",0.0017873579852700277,"//0
p:0.942, -0.243, -0.276, fr=0.427
p:0.48975803042258415, 0.1028524685988026, -1.4918486514388367, fr=0.012
p:0.225, -0.057, -1.19
p:-0.9682642335694838, -0.4605718718093651, -0.8262300233016763, fr=0.474
p:-0.863, 0.453, -2.487, fr=0.178
j:0, 2, stif=0.962
j:1, 2
j:3, 0, stif=0.915
j:4, 3
n:j=0, d=|
n:d=*
c:0, 1, 2.532
",8.568620899344532e-05,feasible,22
15,0,32,"//0
p:0.942, -0.243, -0.276, fr=0.427
p:0.48975803042258415, 0.1028524685988026, -1.4918486514388367, fr=0.012
p:0.225, -0.057, -1.19
p:-0.9682642335694838, -0.4605718718093651, -0.8262300233016763, fr=0.474
p:-0.863, 0.453, -2.487, fr=0.178
j:0, 3, stif=0.962
j:1, 3
j:2, 0, stif=0.915
j:4, 2
n:j=0, d=|
n:d=*
c:0, 1, 2.532
",0.0017873579852700277,"//0
p:0.942, -0.243, -0.276, fr=0.427
p:0.48975803042258415, 0.1028524685988026, -1.4918486514388367, fr=0.012
p:0.122, -0.026, -1.167
p:-0.9682642335694838, -0.4605718718093651, -0.8262300233016763, fr=0.474
p:-0.863, 0.453, -2.487, fr=0.178
j:0, 3, stif=0.962
j:1, 3
j:2, 0, stif=0.915
j:4, 2
n:j=0, d=|
n:d=*
c:0, 1, 2.532
",0.0014928130925859014,feasible,22
15,0,32,"//0
p:0.942, -0.243, -0.276, fr=0.427
p:0.48975803042258415, 0.1028524685988026, -1.4918486514388367, fr=0.012
p:0.225, -0.057, -1.19
p:-0.9682642335694838, -0.4605718718093651, -0.8262300233016763, fr=0.474
p:-0.863, 0.453, -2.487, fr=0.178
j:0, 3, stif=0.962
j:1, 3
j:2, 0, stif=0.915
j:4, 2
n:j=0, d=|
n:d=*
c:0, 1, 2.532
",0.0017873579852700277,"//0
p:0.942, -0.243, -0.276, fr=0.427
p:0.48975803042258415, 0.1028524685988026, -1.4918486514388367, fr=0.012
p:0.225, -0.057, -1.19
p:-0.9682642335694838, -0.4605718718093651, -0.8262300233016763, fr=0.474
p:-0.863, 0.453, -2.487, fr=0.178
j:0, 3, stif=0.962
j:1, 3
j:2, 0, stif=0.915
j:4, 2
n:j=0, d=|
",2.5504928496184646e-07,feasible,22
15,0,32,"//0
p:0.942, -0.243, -0.276, fr=0.427
p:0.48975803042258415, 0.1028524685988026, -1.4918486514388367, fr=0.012
p:0.225, -0.057, -1.19
p:-0.9682642335694838, -0.4605718718093651, -0.8262300233016763, fr=0.474
p:-0.863, 0.453, -2.487, fr=0.178
j:0, 3, stif=0.962
j:1, 3
j:2, 0, stif=0.915
j:4, 2
n:j=0, d=|
n:d=*
c:0, 1, 2.532
",0.0017873579852700277,"//0
p:0.942, -0.243, -0.276, fr=0.427
p:0.48975803042258415, 0.1028524685988026, -1.4918486514388367, fr=0.012
p:0.225, -0.057, -1.19
p:-0.9682642335694838, -0.4605718718093651, -0.8262300233016763, fr=0.474
p:-0.863, 0.453, -2.487, fr=0.178
j:0, 3, stif=0.962
j:1, 3
j:2, 0, stif=0.915
j:4, 2
n:j=0, d=|
n:d=*
",2.5504928496184646e-07,feasible,22
15,0,32,"//0
p:0.942, -0.243, -0.276, fr=0.427
p:0.48975803042258415, 0.1028524685988026, -1.4918486514388367, fr=0.012
p:0.225, -0.057, -1.19
p:-0.9682642335694838, -0.4605718718093651, -0.8262300233016763, fr=0.474
p:-0.863, 0.453, -2.487, fr=0.178
j:0, 3, stif=0.962
j:1, 3
j:2, 0, stif=0.915
j:4, 2
n:j=0, d=|
n:d=*
c:0, 1, 2.532
",0.0017873579852700277,"//0
p:0.942, -0.243, -0.276, fr=0.427
p:0.48975803042258415, 0.1028524685988026, -1.4918486514388367, fr=0.012
p:0.225, -0.057, -1.19
p:-0.9682642335694838, -0.4605718718093651, -0.8262300233016763, fr=0.474
p:-0.902, 0.168, -2.575, fr=0.178
j:0, 3, stif=0.962
j:1, 3
j:2, 0, stif=0.915
j:4, 2
n:j=0, d=|
n:d=*
c:0, 1, 2.532
",0.00021510240006433995,feasible,22
15,0,32,"//0
p:0.942, -0.243, -0.276, fr=0.427
p:0.48975803042258415, 0.1028524685988026, -1.4918486514388367, fr=0.012
p:0.225, -0.057, -1.19
p:-0.9682642335694838, -0.4605718718093651, -0.8262300233016763, fr=0.474
p:-0.863, 0.453, -2.487, fr=0.178
j:0, 3, stif=0.962
j:1, 3
j:2, 0, stif=0.915
j:4, 2
n:j=0, d=|
n:d=*
c:0, 1, 2.532
",0.0017873579852700277,"//0
p:0.942, -0.243, -0.276, fr=0.427
p:0.48975803042258415, 0.1028524685988026, -1.4918486514388367, fr=0.012
p:0.225, -0.057, -1.19
p:-0.9682642335694838, -0.4605718718093651, -0.8262300233016763, fr=0.474
p:-0.863, 0.453, -2.487, fr=0.178
j:0, 3, stif=0.962
j:1, 3
j:2, 0, stif=0.915
j:4, 2
j:4, 3
n:j=0, d=|
n:d=*
c:0, 1, 2.532
",1.7382543021251719e-07,feasible,22
15,0,32,"//0
p:0.942, -0.243, -0.276, fr=0.427
p:0.48975803042258415, 0.1028524685988026, -1.4918486514388367, fr=0.012
p:0.225, -0.057, -1.19
p:-0.9682642335694838, -0.4605718718093651, -0.8262300233016763, fr=0.474
p:-0.863, 0.453, -2.487, fr=0.178
j:0, 3, stif=0.962
j:1, 3
j:2, 0, stif=0.915
j:4, 2
n:j=0, d=|
n:d=*
c:0, 1, 2.532
",0.0017873579852700277,"//0
p:0.942, -0.243, -0.276, fr=0.427
p:0.48975803042258415, 0.1028524685988026, -1.4918486514388367, fr=0.599
p:0.225, -0.057, -1.19
p:-0.9682642335694838, -0.4605718718093651, -0.8262300233016763, fr=0.474
p:-0.863, 0.453, -2.487, fr=0.178
j:0, 3, stif=0.962
j:1, 3
j:2, 0, stif=0.915
j:4, 2
n:j=0, d=|
n:d=*
c:0, 1, 2.532
",0.0017236401644550653,feasible,22
15,0,32,"//0
p:0.942, -0.243, -0.276, fr=0.427
p:0.48975803042258415, 0.1028524685988026, -1.4918486514388367, fr=0.012
p:0.225, -0.057, -1.19
p:-0.9682642335694838, -0.4605718718093651, -0.8262300233016763, fr=0.474
p:-0.863, 0.453, -2.487, fr=0.178
j:0, 3, stif=0.962
j:1, 3
j:2, 0, stif=0.915
j:4, 2
n:j=0, d=|
n:d=*
c:0, 1, 2.532
",0.0017873579852700277,"//0
p:0.942, -0.243, -0.276, fr=0.427
p:0.48975803042258415, 0.1028524685988026, -1.4918486514388367, fr=0.012
p:0.225, -0.057, -1.19
p:-0.9682642335694838, -0.4605718718093651, -0.8262300233016763, fr=0.474
p:-0.863, 0.453, -2.487, fr=0.178
j:0, 3, stif=0.962, rotstif=0.972
j:1, 3
j:2, 0, stif=0.915
j:4, 2
n:j=0, d=|
n:d=*
c:0, 1, 2.532
",0.0017873579852700277,feasible,22
15,0,32,"//0
p:0.942, -0.243, -0.276, fr=0.427
p:0.48975803042258415, 0.1028524685988026, -1.4918486514388367, fr=0.012
p:0.225, -0.057, -1.19
p:-0.9682642335694838, -0.4605718718093651, -0.8262300233016763, fr=0.474
p:-0.863, 0.453, -2.487, fr=0.178
j:0, 3, stif=0.962
j:1, 3
j:2, 0, stif=0.915
j:4, 2
n:j=0, d=|
n:d=*
c:0, 1, 2.532
",0.0017873579852700277,"//0
p:0.942, -0.243, -0.276, fr=0.427
p:0.48975803042258415, 0.1028524685988026, -1.4918486514388367, fr=0.012
p:0.225, -0.057, -1.19
p:-0.9682642335694838, -0.4605718718093651, -0.8262300233016763, fr=0.474
p:-0.863, 0.453, -2.487, fr=0.178
j:0, 3, stif=0.962
j:1, 3, stif=0.98
j:2, 0, stif=0.915
j:4, 2
n:j=0, d=|
n:d=*
c:0, 1, 2.532
",0.0017296447516044274,feasible,22
15,0,32,"//0
p:0.942, -0.243, -0.276, fr=0.427
p:0.48975803042258415, 0.1028524685988026, -1.4918486514388367, fr=0.012
p:0.225, -0.057, -1.19
p:-0.9682642335694838, -0.4605718718093651, -0.8262300233016763, fr=0.474
p:-0.863, 0.453, -2.487, fr=0.178
j:0, 3, stif=0.962
j:1, 3
j:2, 0, stif=0.915
j:4, 2
n:j=0, d=|
n:d=*
c:0, 1, 2.532
",0.0017873579852700277,"//0
p:0.942, -0.243, -0.276, fr=0.427
p:0.48975803042258415, 0.1028524685988026, -1.4918486514388367, fr=0.012
p:0.225, -0.057, -1.19
p:-0.9682642335694838, -0.4605718718093651, -0.8262300233016763, fr=0.474
p:-0.863, 0.453, -2.487, fr=0.178
j:0, 3, stif=0.962
j:1, 3
j:2, 0, stif=0.915
j:4, 2
n:j=0, d=|
n:d=*
c:0, 1, 2.15
",0.0017873579852700277,feasible,22
15,0,32,"//0
p:0.942, -0.243, -0.276, fr=0.427
p:0.48975803042258415, 0.1028524685988026, -1.4918486514388367, fr=0.012
p:0.225, -0.057, -1.19
p:-0.9682642335694838, -0.4605718718093651, -0.8262300233016763, fr=0.474
p:-0.863, 0.453, -2.487, fr=0.178
j:0, 3, stif=0.962
j:1, 3
j:2, 0, stif=0.915
j:4, 2
n:j=0, d=|
n:d=*
c:0, 1, 2.532
",0.0017873579852700277,"//0
p:0.942, -0.243, -0.276, fr=0.427
p:0.48975803042258415, 0.1028524685988026, -1.4918486514388367, fr=0.012
p:0.225, -0.057, -1.19
p:-0.9682642335694838, -0.4605718718093651, -0.8262300233016763, fr=0.474
p:-0.863, 0.453, -2.487, fr=0.178
j:0, 3, stif=0.962
j:1, 3
j:2, 0, stif=0.915
j:4, 2
n:j=0, d=|
n:d=*
c:0, 1, 4.214
",0.0017873579852700277,feasible,22
15,0,32,"//0
p:0.942, -0.243, -0.276, fr=0.427
p:0.48975803042258415, 0.1028524685988026, -1.4918486514388367, fr=0.012
p:0.225, -0.057, -1.19
p:-0.9682642335694838, -0.4605718718093651, -0.8262300233016763, fr=0.474
p:-0.863, 0.453, -2.487, fr=0.178
j:0, 3, stif=0.962
j:1, 3
j:2, 0, stif=0.915
j:4, 2
n:j=0, d=|
n:d=*
c:0, 1, 2.532
",0.0017873579852700277,"//0
p:0.942, -0.243, -0.276, fr=0.427
p:0.48975803042258415, 0.1028524685988026, -1.4918486514388367, fr=0.012
p:0.225, -0.057, -1.19
p:-0.9682642335694838, -0.4605718718093651, -0.8262300233016763, fr=0.474
p:-0.863, 0.453, -2.487, fr=0.178
j:0, 3, stif=0.962
j:1, 3
j:2, 0, stif=0.915
j:4, 2
j:0, 1
n:j=0, d=|
n:d=*
c:0, 1, 2.532
",3.6164463083693396e-05,feasible,22
15,0,32,"//0
p:0.942, -0.243, -0.276, fr=0.427
p:0.48975803042258415, 0.1028524685988026, -1.4918486514388367, fr=0.012
p:0.225, -0.057, -1.19
p:-0.9682642335694838, -0.4605718718093651, -0.8262300233016763, fr=0.474
p:-0.863, 0.453, -2.487, fr=0.178
j:0, 3, stif=0.962
j:1, 3
j:2, 0, stif=0.915
j:4, 2
n:j=0, d=|
n:d=*
c:0, 1, 2.532
",0.0017873579852700277,"//0
p:0.942, -0.243, -0.276, fr=0.427
p:0.48975803042258415, 0.1028524685988026, -1.4918486514388367, fr=0.012
p:0.225, -0.057, -1.19
p:-0.9682642335694838, -0.4605718718093651, -0.8262300233016763, fr=0.474
p:-0.863, 0.453, -2.487, fr=0.178
j:0, 3, stif=0.971
j:1, 3
j:2, 0, stif=0.915
j:4, 2
n:j=0, d=|
n:d=*
c:0, 1, 2.532
",0.001678007063624241,feasible,22
15,0,32,"//0
p:0.942, -0.243, -0.276, fr=0.427
p:0.48975803042258415, 0.1028524685988026, -1.4918486514388367, fr=0.012
p:0.225, -0.057, -1.19
p:-0.9682642335694838, -0.4605718718093651, -0.8262300233016763, fr=0.474
p:-0.863, 0.453, -2.487, fr=0.178
j:0, 3, stif=0.962
j:1, 3
j:2, 0, stif=0.915
j:4, 2
n:j=0, d=|
n:d=*
c:0, 1, 2.532
",0.0017873579852700277,"//0
p:0.942, -0.243, -0.276, fr=0.427
p:0.48975803042258415, 0.1028524685988026, -1.4918486514388367, fr=0.012
p:0.225, -0.057, -1.19
p:-0.9682642335694838, -0.4605718718093651, -0.8262300233016763, fr=0.474
p:-0.863, 0.453, -2.487, fr=0.178
j:0, 3, stif=0.962
j:1, 3
j:2, 0, stif=0.915
j:4, 2
n:j=0, d=|
n:d=*
n:p=2, d=Gpart
c:0, 1, 2.532
",0.0017873579852700277,feasible,22
15,0,33,"//0
p:0.942, -0.243, -0.276, fr=0.427
p:0.48975803042258415, 0.1028524685988026, -1.4918486514388367, fr=0.012
p:0.225, -0.057, -1.19
p:-0.9682642335694838, -0.4605718718093651, -0.8262300233016763, fr=0.474
p:-0.863, 0.453, -2.487, fr=0.178
j:0, 3, stif=0.962
j:1, 3
j:2, 0, stif=0.915
j:4, 2
n:j=0, d=|
n:d=*
c:0, 1, 0.384
",0.002353553109002265,"//0
p:0.942, -0.243, -0.276, fr=0.427
p:0.48975803042258415, 0.1028524685988026, -1.4918486514388367, fr=0.012
p:0.225, -0.057, -1.19
p:-0.9682642335694838, -0.4605718718093651, -0.8262300233016763, fr=0.474
p:-0.863, 0.453, -2.487, fr=0.178, ing=0.21
j:0, 3, stif=0.962
j:1, 3
j:2, 0, stif=0.915
j:4, 2
n:j=0, d=|
n:d=*
c:0, 1, 0.384
",0.002353553109002265,feasible,21
15,0,33,"//0
p:0.942, -0.243, -0.276, fr=0.427
p:0.48975803042258415, 0.1028524685988026, -1.4918486514388367, fr=0.012
p:0.225, -0.057, -1.19
p:-0.9682642335694838, -0.4605718718093651, -0.8262300233016763, fr=0.474
p:-0.863, 0.453, -2.487, fr=0.178
j:0, 3, stif=0.962
j:1, 3
j:2, 0, stif=0.915
j:4, 2
n:j=0, d=|
n:d=*
c:0, 1, 0.384
",0.002353553109002265,"//0
p:0.942, -0.243, -0.276, fr=0.427
p:0.48975803042258415, 0.1028524685988026, -1.4918486514388367, fr=0.012
p:0.225, -0.057, -1.19
p:-0.9682642335694838, -0.4605718718093651, -0.8262300233016763, fr=0.474
p:-0.863, 0.453, -2.487, fr=0.178
j:0, 3, stif=0.962
j:1, 3
j:2, 0, stif=0.98
j:4, 2
n:j=0, d=|
n:d=*
c:0, 1, 0.384
",0.002444482292647736,feasible,21
15,0,33,"//0
p:0.942, -0.243, -0.276, fr=0.427
p:0.48975803042258415, 0.1028524685988026, -1.4918486514388367, fr=0.012
p:0.225, -0.057, -1.19
p:-0.9682642335694838, -0.4605718718093651, -0.8262300233016763, fr=0.474
p:-0.863, 0.453, -2.487, fr=0.178
j:0, 3, stif=0.962
j:1, 3
j:2, 0, stif=0.915
j:4, 2
n:j=0, d=|
n:d=*
c:0, 1, 0.384
",0.002353553109002265,"//0
p:0.942, -0.243, -0.276, fr=0.427
p:0.48975803042258415, 0.1028524685988026, -1.4918486514388367, fr=0.012
p:0.225, -0.057, -1.19
p:-0.9682642335694838, -0.4605718718093651, -0.8262300233016763, fr=0.474
p:-0.863, 0.453, -2.487, fr=0.178
j:0, 3, stif=0.962
j:1, 3
j:2, 0, stif=0.915
j:4, 2
n:j=0, d=|:r=0.917
n:d=*
c:0, 1, 0.384
",0.0023721485981754446,feasible,21
15,0,33,"//0
p:0.942, -0.243, -0.276, fr=0.427
p:0.48975803042258415, 0.1028524685988026, -1.4918486514388367, fr=0.012
p:0.225, -0.057, -1.19
p:-0.9682642335694838, -0.4605718718093651, -0.8262300233016763, fr=0.474
p:-0.863, 0.453, -2.487, fr=0.178
j:0, 3, stif=0.962
j:1, 3
j:2, 0, stif=0.915
j:4, 2
n:j=0, d=|
n:d=*
c:0, 1, 0.384
",0.002353553109002265,"//0
p:0.942, -0.243, -0.276, fr=0.427
p:0.48975803042258415, 0.1028524685988026, -1.4918486514388367, fr=0.012
p:0.225, -0.057, -1.19
p:-0.9682642335694838, -0.4605718718093651, -0.8262300233016763, fr=0.474
p:-0.863, 0.453, -2.487, fr=0.178
j:0, 3, stif=0.962
j:1, 3
j:2, 0, stif=0.915
j:4, 2
n:d=*
",2.6461607180304465e-08,feasible,21
15,0,33,"//0
p:0.942, -0.243, -0.276, fr=0.427
p:0.48975803042258415, 0.1028524685988026, -1.4918486514388367, fr=0.012
p:0.225, -0.057, -1.19
p:-0.9682642335694838, -0.4605718718093651, -0.8262300233016763, fr=0.474
p:-0.863, 0.453, -2.487, fr=0.178
j:0, 3, stif=0.962
j:1, 3
j:2, 0, stif=0.915
j:4, 2
n:j=0, d=|
n:d=*
c:0, 1, 0.384
",0.002353553109002265,"//0
p:0.942, -0.243, -0.276, fr=0.427
p:0.48975803042258415, 0.1028524685988026, -1.4918486514388367, fr=0.012
p:0.018, -0.842, -0.908
p:-0.9682642335694838, -0.4605718718093651, -0.8262300233016763, fr=0.474
p:-0.7741668609285601, 0.3224223438166688, -2.3277860084065796, fr=0.178
j:0, 3, stif=0.962
j:1, 3
j:2, 0, stif=0.915
j:4, 2
n:j=0, d=|
n:d=*
c:0, 1, 0.384
",0.00013702394527990788,feasible,21
15,0,33,"//0
p:0.942, -0.243, -0.276, fr=0.427
p:0.48975803042258415, 0.1028524685988026, -1.4918486514388367, fr=0.012
p:0.225, -0.057, -1.19
p:-0.9682642335694838, -0.4605718718093651, -0.8262300233016763, fr=0.474
p:-0.863, 0.453, -2.487, fr=0.178
j:0, 3, stif=0.962
j:1, 3
j:2, 0, stif=0.915
j:4, 2
n:j=0, d=|
n:d=*
c:0, 1, 0.384
",0.002353553109002265,"//0
p:0.942, -0.243, -0.276, fr=0.427
p:0.48975803042258415, 0.1028524685988026, -1.4918486514388367, fr=0.012
p:0.225, -0.057, -1.19
p:-0.9682642335694838, -0.4605718718093651, -0.8262300233016763, fr=0.474
p:-0.863, 0.453, -2.487, fr=0.178
p:0.894, -0.213, -0.331
j:0, 3, stif=0.962
j:1, 3
j:2, 0, stif=0.915
j:4, 2
j:5, 0
n:j=0, d=|
n:d=*
c:0, 1, 0.384
",0.00022779106515334062,feasible,21
15,0,33,"//0
p:0.942, -0.243, -0.276, fr=0.427
p:0.48975803042258415, 0.1028524685988026, -1.4918486514388367, fr=0.012
p:0.225, -0.057, -1.19
p:-0.9682642335694838, -0.4605718718093651, -0.8262300233016763, fr=0.474
p:-0.863, 0.453, -2.487, fr=0.178
j:0, 3, stif=0.962
j:1, 3
j:2, 0, stif=0.915
j:4, 2
n:j=0, d=|
n:d=*
c:0, 1, 0.384
",0.002353553109002265,"//0
p:0.942, -0.243, -0.276, fr=0.427
p:0.48975803042258415, 0.1028524685988026, -1.4918486514388367, fr=0.012
p:0.225, -0.057, -1.19
p:-0.9682642335694838, -0.4605718718093651, -0.8262300233016763, fr=0.474
p:-0.863, 0.453, -2.487, fr=0.178
p:0.612, -0.304, 0.625
j:0, 3, stif=0.962
j:1, 3
j:2, 0, stif=0.915
j:4, 2
j:5, 0
n:j=0, d=|
n:d=*
c:0, 1, 0.384
",0.00015645368156155023,feasible,21
15,0,33,"//0
p:0.942, -0.243, -0.276, fr=0.427
p:0.48975803042258415, 0.1028524685988026, -1.4918486514388367, fr=0.012
p:0.225, -0.057, -1.19
p:-0.9682642335694838, -0.4605718718093651, -0.8262300233016763, fr=0.474
p:-0.863, 0.453, -2.487, fr=0.178
j:0, 3, stif=0.962
j:1, 3
j:2, 0, stif=0.915
j:4, 2
n:j=0, d=|
n:d=*
c:0, 1, 0.384
",0.002353553109002265,"//0
p:0.942, -0.243, -0.276, fr=0.427
p:0.48975803042258415, 0.1028524685988026, -1.4918486514388367, fr=0.012
p:0.225, -0.057, -1.19
p:-0.9682642335694838, -0.4605718718093651, -0.8262300233016763, fr=0.474
p:-0.863, 0.453, -2.487, fr=0.178
j:4, 3, stif=0.962
j:1, 3
j:2, 4, stif=0.915
j:0, 2
n:j=0, d=|
n:d=*
c:0, 1, 0.384
",5.124470629353784e-05,feasible,21
15,0,33,"//0
p:0.942, -0.243, -0.276, fr=0.427
p:0.48975803042258415, 0.1028524685988026, -1.4918486514388367, fr=0.012
p:0.225, -0.057, -1.19
p:-0.9682642335694838, -0.4605718718093651, -0.8262300233016763, fr=0.474
p:-0.863, 0.453, -2.487, fr=0.178
j:0, 3, stif=0.962
j:1, 3
j:2, 0, stif=0.915
j:4, 2
n:j=0, d=|
n:d=*
c:0, 1, 0.384
",0.002353553109002265,"//0
p:0.525, 0.214, 0.367, fr=0.427
p:0.48975803042258415, 0.1028524685988026, -1.4918486514388367, fr=0.012
p:0.225, -0.057, -1.19
p:-0.9482345678755212, -0.4515236077612841, -0.8102248194499768, fr=0.474
p:-0.863, 0.453, -2.487, fr=0.178
j:0, 3, stif=0.962
j:1, 3
j:2, 0, stif=0.915
j:4, 2
n:j=0, d=|
n:d=*
c:0, 1, 0.384
",6.555948947723538e-05,feasible,21
15,0,33,"//0
p:0.942, -0.243, -0.276, fr=0.427
p:0.48975803042258415, 0.1028524685988026, -1.4918486514388367, fr=0.012
p:0.225, -0.057, -1.19
p:-0.9682642335694838, -0.4605718718093651, -0.8262300233016763, fr=0.474
p:-0.863, 0.453, -2.487, fr=0.178
j:0, 3, stif=0.962
j:1, 3
j:2, 0, stif=0.915
j:4, 2
n:j=0, d=|
n:d=*
c:0, 1, 0.384
",0.002353553109002265,"//0
p:0.942, -0.243, -0.276, fr=0.427
p:0.48975803042258415, 0.1028524685988026, -1.4918486514388367, fr=0.012
p:0.225, -0.057, -1.19
p:-0.9682642335694838, -0.4605718718093651, -0.8262300233016763, fr=0.474
p:-0.863, 0.453, -2.487, fr=0.178
j:0, 3, stif=0.962
j:1, 3, rotstif=0.809
j:2, 0, stif=0.915
j:4, 2
n:j=0, d=|
n:d=*
c:0, 1, 0.384
",0.002353553109002265,feasible,21
15,0,33,"//0
p:0.942, -0.243, -0.276, fr=0.427
p:0.48975803042258415, 0.1028524685988026, -1.4918486514388367, fr=0.012
p:0.225, -0.057, -1.19
p:-0.9682642335694838, -0.4605718718093651, -0.8262300233016763, fr=0.474
p:-0.863, 0.453, -2.487, fr=0.178
j:0, 3, stif=0.962
j:1, 3
j:2, 0, stif=0.915
j:4, 2
n:j=0, d=|
n:d=*
c:0, 1, 0.384
",0.002353553109002265,"//0
p:0.942, -0.243, -0.276, fr=0.427
p:0.48975803042258415, 0.1028524685988026, -1.4918486514388367, fr=0.012
p:0.225, -0.057, -1.19
p:-0.9682642335694838, -0.4605718718093651, -0.8262300233016763, fr=0.474
p:-0.863, 0.453, -2.487, fr=0.178
j:0, 3, stif=0.962
j:1, 3
j:2, 0, stif=0.915
j:4, 2
n:j=0, d=|
n:d=*
c:0, 1, 0.644
",7.24454181785653e-05,feasible,21
15,0,33,"//0
p:0.942, -0.243, -0.276, fr=0.427
p:0.48975803042258415, 0.1028524685988026, -1.4918486514388367, fr=0.012
p:0.225, -0.057, -1.19
p:-0.9682642335694838, -0.4605718718093651, -0.8262300233016763, fr=0.474
p:-0.863, 0.453, -2.487, fr=0.178
j:0, 3, stif=0.962
j:1, 3
j:2, 0, stif=0.915
j:4, 2
n:j=0, d=|
n:d=*
c:0, 1, 0.384
",0.002353553109002265,"//0
p:0.942, -0.243, -0.276, fr=0.427
p:0.48975803042258415, 0.1028524685988026, -1.4918486514388367, fr=0.012
p:0.225, -0.057, -1.19
p:-0.9682642335694838, -0.4605718718093651, -0.8262300233016763, fr=0.474
p:-0.863, 0.453, -2.487, fr=0.178
j:0, 3, stif=0.962, rotstif=0.979
j:1, 3
j:2, 0, stif=0.915
j:4, 2
n:j=0, d=|
n:d=*
c:0, 1, 0.384
",0.002353553109002265,feasible,21
15,0,33,"//0
p:0.942, -0.243, -0.276, fr=0.427
p:0.48975803042258415, 0.1028524685988026, -1.4918486514388367, fr=0.012
p:0.225, -0.057, -1.19
p:-0.9682642335694838, -0.4605718718093651, -0.8262300233016763, fr=0.474
p:-0.863, 0.453, -2.487, fr=0.178
j:0, 3, stif=0.962
j:1, 3
j:2, 0, stif=0.915
j:4, 2
n:j=0, d=|
n:d=*
c:0, 1, 0.384
",0.002353553109002265,"//0
p:0.942, -0.243, -0.276, fr=0.427
p:0.48975803042258415, 0.1028524685988026, -1.4918486514388367, fr=0.012
p:0.225, -0.057, -1.19, ing=0.301
p:-0.9682642335694838, -0.4605718718093651, -0.8262300233016763, fr=0.474
p:-0.863, 0.453, -2.487, fr=0.178
j:0, 3, stif=0.962
j:1, 3
j:2, 0, stif=0.915
j:4, 2
n:j=0, d=|
n:d=*
c:0, 1, 0.384
",0.002353553109002265,feasible,21
15,0,33,"//0
p:0.942, -0.243, -0.276, fr=0.427
p:0.48975803042258415, 0.1028524685988026, -1.4918486514388367, fr=0.012
p:0.225, -0.057, -1.19
p:-0.9682642335694838, -0.4605718718093651, -0.8262300233016763, fr=0.474
p:-0.863, 0.453, -2.487, fr=0.178
j:0, 3, stif=0.962
j:1, 3
j:2, 0, stif=0.915
j:4, 2
n:j=0, d=|
n:d=*
c:0, 1, 0.384
",0.002353553109002265,"//0
p:0.942, -0.243, -0.276, fr=0.427
p:0.48975803042258415, 0.1028524685988026, -1.4918486514388367, fr=0.012
p:0.225, -0.057, -1.19
p:-0.769262200067357, -0.8467451760164615, -1.1164007883489167, fr=0.474
p:-0.863, 0.453, -2.487, fr=0.178
j:0, 3, stif=0.962
j:1, 3
j:2, 0, stif=0.915
j:4, 2
n:j=0, d=|
n:d=*
c:0, 1, 0.384
",0.0004926679464403906,feasible,21
15,0,33,"//0
p:0.942, -0.243, -0.276, fr=0.427
p:0.48975803042258415, 0.1028524685988026, -1.4918486514388367, fr=0.012
p:0.225, -0.057, -1.19
p:-0.9682642335694838, -0.4605718718093651, -0.8262300233016763, fr=0.474
p:-0.863, 0.453, -2.487, fr=0.178
j:0, 3, stif=0.962
j:1, 3
j:2, 0, stif=0.915
j:4, 2
n:j=0, d=|
n:d=*
c:0, 1, 0.384
",0.002353553109002265,"//0
p:0.942, -0.243, -0.276, fr=0.427
p:0.48975803042258415, 0.1028524685988026, -1.4918486514388367, fr=0.012
p:0.225, -0.057, -1.19
p:-0.9682642335694838, -0.4605718718093651, -0.8262300233016763, fr=0.474, ing=0.447
p:-0.863, 0.453, -2.487, fr=0.178
j:0, 3, stif=0.962
j:1, 3
j:2, 0, stif=0.915
j:4, 2
n:j=0, d=|
n:d=*
c:0, 1, 0.384
",0.002353553109002265,feasible,21
15,0,33,"//0
p:0.942, -0.243, -0.276, fr=0.427
p:0.48975803042258415, 0.1028524685988026, -1.4918486514388367, fr=0.012
p:0.225, -0.057, -1.19
p:-0.9682642335694838, -0.4605718718093651, -0.8262300233016763, fr=0.474
p:-0.863, 0.453, -2.487, fr=0.178
j:0, 3, stif=0.962
j:1, 3
j:2, 0, stif=0.915
j:4, 2
n:j=0, d=|
n:d=*
c:0, 1, 0.384
",0.002353553109002265,"//0
p:0.942, -0.243, -0.276, fr=0.427
p:0.48975803042258415, 0.1028524685988026, -1.4918486514388367, fr=0.012
p:0.225, -0.057, -1.19
p:-0.9682642335694838, -0.4605718718093651, -0.8262300233016763, fr=0.474
p:-0.863, 0.453, -2.487, fr=0.178
j:0, 3, stif=0.962
j:1, 3
j:2, 0, stif=0.915, rotstif=0.798
j:4, 2
n:j=0, d=|
n:d=*
c:0, 1, 0.384
",0.002353553109002265,feasible,21
15,0,33,"//0
p:0.942, -0.243, -0.276, fr=0.427
p:0.48975803042258415, 0.1028524685988026, -1.4918486514388367, fr=0.012
p:0.225, -0.057, -1.19
p:-0.9682642335694838, -0.4605718718093651, -0.8262300233016763, fr=0.474
p:-0.863, 0.453, -2.487, fr=0.178
j:0, 3, stif=0.962
j:1, 3
j:2, 0, stif=0.915
j:4, 2
n:j=0, d=|
n:d=*
c:0, 1, 0.384
",0.002353553109002265,"//0
p:0.942, -0.243, -0.276, fr=0.427
p:0.48975803042258415, 0.1028524685988026, -1.4918486514388367, fr=0.012
p:0.225, -0.057, -1.19
p:-0.9682642335694838, -0.4605718718093651, -0.8262300233016763, fr=0.474
p:-0.863, 0.453, -2.487, fr=0.178
j:0, 3, stif=0.962
j:1, 3
j:2, 0, stif=0.915
j:4, 2
n:j=0, d=|
n:d=*
",2.5504928496184646e-07,feasible,21
15,0,33,"//0
p:0.942, -0.243, -0.276, fr=0.427
p:0.48975803042258415, 0.1028524685988026, -1.4918486514388367, fr=0.012
p:0.225, -0.057, -1.19
p:-0.9682642335694838, -0.4605718718093651, -0.8262300233016763, fr=0.474
p:-0.863, 0.453, -2.487, fr=0.178
j:0, 3, stif=0.962
j:1, 3
j:2, 0, stif=0.915
j:4, 2
n:j=0, d=|
n:d=*
c:0, 1, 0.384
",0.002353553109002265,"//0
p:0.942, -0.243, -0.276, fr=0.427
p:0.48975803042258415, 0.1028524685988026, -1.4918486514388367, fr=0.012
p:0.225, -0.057, -1.19
p:-0.9682642335694838, -0.4605718718093651, -0.8262300233016763, fr=0.474
p:-0.863, 0.453, -2.487, fr=0.178
j:0, 3, stif=0.962
j:1, 3
j:2, 0, stif=0.915
j:4, 2
n:j=0, d=|
n:d=*
n:j=3, d=|
c:0, 1, 0.384
c:2, 1, 2.66
",0.002302824675052676,feasible,21
15,0,33,"//0
p:0.942, -0.243, -0.276, fr=0.427
p:0.48975803042258415, 0.1028524685988026, -1.4918486514388367, fr=0.012
p:0.225, -0.057, -1.19
p:-0.9682642335694838, -0.4605718718093651, -0.8262300233016763, fr=0.474
p:-0.863, 0.453, -2.487, fr=0.178
j:0, 3, stif=0.962
j:1, 3
j:2, 0, stif=0.915
j:4, 2
n:j=0, d=|
n:d=*
c:0, 1, 0.384
",0.002353553109002265,"//0
p:0.942, -0.243, -0.276, fr=0.427
p:0.48975803042258415, 0.1028524685988026, -1.4918486514388367, fr=0.012
p:0.225, -0.057, -1.19
p:-0.9682642335694838, -0.4605718718093651, -0.8262300233016763, fr=0.474
p:-0.863, 0.453, -2.487, fr=0.178
j:0, 3, stif=0.962
j:1, 3
j:2, 0, stif=0.915
j:4, 2
n:j=0, d=|
n:d=*
n:p=4, d=Gpart
c:0, 1, 0.384
",0.002353553109002265,feasible,21
15,0,33,"//0
p:0.942, -0.243, -0.276, fr=0.427
p:0.48975803042258415, 0.1028524685988026, -1.4918486514388367, fr=0.012
p:0.225, -0.057, -1.19
p:-0.9682642335694838, -0.4605718718093651, -0.8262300233016763, fr=0.474
p:-0.863, 0.453, -2.487, fr=0.178
j:0, 3, stif=0.962
j:1, 3
j:2, 0, stif=0.915
j:4, 2
n:j=0, d=|
n:d=*
c:0, 1, 0.384
",0.002353553109002265,"//0
p:0.942, -0.243, -0.276, fr=0.427
p:0.48975803042258415, 0.1028524685988026, -1.4918486514388367, fr=0.012
p:0.225, -0.057, -1.19
p:-0.9682642335694838, -0.4605718718093651, -0.8262300233016763, fr=0.474
p:-0.863, 0.453, -2.487, fr=0.178
j:0, 3, stif=0.962
j:1, 3, rotstif=0.911
j:2, 0, stif=0.915
j:4, 2
n:j=0, d=|
n:d=*
c:0, 1, 0.384
",0.002353553109002265,feasible,21
15,0,34,"//0
p:0.942, -0.243, -0.276, fr=0.427
p:0.48975803042258415, 0.1028524685988026, -1.4918486514388367, fr=0.012
p:0.225, -0.057, -1.19
p:-0.9682642335694838, -0.4605718718093651, -0.8262300233016763, fr=0.474
p:-0.863, 0.453, -2.487, fr=0.178
j:0, 3, stif=0.962
j:1, 3
j:2, 0, stif=0.915
j:4, 2
n:j=0, d=|
n:d=*
c:0, 1, 0.363
",0.0023843361671295063,"//0
p:0.942, -0.243, -0.276, fr=0.427
p:0.48975803042258415, 0.1028524685988026, -1.4918486514388367, fr=0.012
p:0.225, -0.057, -1.19
p:-0.9682642335694838, -0.4605718718093651, -0.8262300233016763, fr=0.474
p:-0.863, 0.453, -2.487, fr=0.178
j:0, 3, stif=0.962
j:1, 3
j:2, 0, stif=0.915
j:4, 2
n:d=*
",2.6461607180304465e-08,feasible,20
15,0,34,"//0
p:0.942, -0.243, -0.276, fr=0.427
p:0.48975803042258415, 0.1028524685988026, -1.4918486514388367, fr=0.012
p:0.225, -0.057, -1.19
p:-0.9682642335694838, -0.4605718718093651, -0.8262300233016763, fr=0.474
p:-0.863, 0.453, -2.487, fr=0.178
j:0, 3, stif=0.962
j:1, 3
j:2, 0, stif=0.915
j:4, 2
n:j=0, d=|
n:d=*
c:0, 1, 0.363
",0.0023843361671295063,"//0
p:0.942, -0.243, -0.276, fr=0.427, ing=0.238
p:0.48975803042258415, 0.1028524685988026, -1.4918486514388367, fr=0.012
p:0.225, -0.057, -1.19
p:-0.9682642335694838, -0.4605718718093651, -0.8262300233016763, fr=0.474
p:-0.863, 0.453, -2.487, fr=0.178
j:0, 3, stif=0.962
j:1, 3
j:2, 0, stif=0.915
j:4, 2
n:j=0, d=|
n:d=*
c:0, 1, 0.363
",0.0023843361671295063,feasible,20
15,0,34,"//0
p:0.942, -0.243, -0.276, fr=0.427
p:0.48975803042258415, 0.1028524685988026, -1.4918486514388367, fr=0.012
p:0.225, -0.057, -1.19
p:-0.9682642335694838, -0.4605718718093651, -0.8262300233016763, fr=0.474
p:-0.863, 0.453, -2.487, fr=0.178
j:0, 3, stif=0.962
j:1, 3
j:2, 0, stif=0.915
j:4, 2
n:j=0, d=|
n:d=*
c:0, 1, 0.363
",0.0023843361671295063,"//0
p:0.942, -0.243, -0.276, fr=0.427
p:0.48975803042258415, 0.1028524685988026, -1.4918486514388367, fr=0.012
p:0.225, -0.057, -1.19
p:-0.9682642335694838, -0.4605718718093651, -0.8262300233016763, fr=0.474
p:-0.863, 0.453, -2.487, fr=0.178
j:0, 3, stif=0.962
j:1, 3
j:2, 0, stif=0.915
j:4, 2
n:j=0, d=|
n:d=*
",2.5504928496184646e-07,feasible,20
15,0,34,"//0
p:0.942, -0.243, -0.276, fr=0.427
p:0.48975803042258415, 0.1028524685988026, -1.4918486514388367, fr=0.012
p:0.225, -0.057, -1.19
p:-0.9682642335694838, -0.4605718718093651, -0.8262300233016763, fr=0.474
p:-0.863, 0.453, -2.487, fr=0.178
j:0, 3, stif=0.962
j:1, 3
j:2, 0, stif=0.915
j:4, 2
n:j=0, d=|
n:d=*
c:0, 1, 0.363
",0.0023843361671295063,"//0
p:0.942, -0.243, -0.276, fr=0.427
p:0.48975803042258415, 0.1028524685988026, -1.4918486514388367, fr=0.012
p:0.225, -0.057, -1.19
p:-0.9682642335694838, -0.4605718718093651, -0.8262300233016763, fr=0.474
p:-0.863, 0.453, -2.487, fr=0.195
j:0, 3, stif=0.962
j:1, 3
j:2, 0, stif=0.915
j:4, 2
n:j=0, d=|
n:d=*
c:0, 1, 0.363
",0.002303861712627817,feasible,20
15,0,34,"//0
p:0.942, -0.243, -0.276, fr=0.427
p:0.48975803042258415, 0.1028524685988026, -1.4918486514388367, fr=0.012
p:0.225, -0.057, -1.19
p:-0.9682642335694838, -0.4605718718093651, -0.8262300233016763, fr=0.474
p:-0.863, 0.453, -2.487, fr=0.178
j:0, 3, stif=0.962
j:1, 3
j:2, 0, stif=0.915
j:4, 2
n:j=0, d=|
n:d=*
c:0, 1, 0.363
",0.0023843361671295063,"//0
p:0.942, -0.243, -0.276, fr=0.361
p:0.48975803042258415, 0.1028524685988026, -1.4918486514388367, fr=0.012
p:0.225, -0.057, -1.19
p:-0.9682642335694838, -0.4605718718093651, -0.8262300233016763, fr=0.474
p:-0.863, 0.453, -2.487, fr=0.178
j:0, 3, stif=0.962
j:1, 3
j:2, 0, stif=0.915
j:4, 2
n:j=0, d=|
n:d=*
c:0, 1, 0.363
",0.0023383158073066266,feasible,20
15,0,34,"//0
p:0.942, -0.243, -0.276, fr=0.427
p:0.48975803042258415, 0.1028524685988026, -1.4918486514388367, fr=0.012
p:0.225, -0.057, -1.19
p:-0.9682642335694838, -0.4605718718093651, -0.8262300233016763, fr=0.474
p:-0.863, 0.453, -2.487, fr=0.178
j:0, 3, stif=0.962
j:1, 3
j:2, 0, stif=0.915
j:4, 2
n:j=0, d=|
n:d=*
c:0, 1, 0.363
",0.0023843361671295063,"//0
p:0.942, -0.243, -0.276, fr=0.427
p:0.48975803042258415, 0.1028524685988026, -1.4918486514388367, fr=0.012
p:0.225, -0.057, -1.19
p:-0.9682642335694838, -0.4605718718093651, -0.8262300233016763, fr=0.474
p:-0.863, 0.453, -2.487, fr=0.178
j:0, 3, stif=0.962
j:1, 3
j:2, 0, stif=0.915
j:4, 2
n:j=0, d=|
n:d=*
c:0, 1, 0.904
",0.0008526342410382505,feasible,20
15,0,34,"//0
p:0.942, -0.243, -0.276, fr=0.427
p:0.48975803042258415, 0.1028524685988026, -1.4918486514388367, fr=0.012
p:0.225, -0.057, -1.19
p:-0.9682642335694838, -0.4605718718093651, -0.8262300233016763, fr=0.474
p:-0.863, 0.453, -2.487, fr=0.178
j:0, 3, stif=0.962
j:1, 3
j:2, 0, stif=0.915
j:4, 2
n:j=0, d=|
n:d=*
c:0, 1, 0.363
",0.0023843361671295063,"//0
p:0.942, -0.243, -0.276, fr=0.427
p:0.48975803042258415, 0.1028524685988026, -1.4918486514388367, fr=0.012
p:0.225, -0.057, -1.19
p:-0.9682642335694838, -0.4605718718093651, -0.8262300233016763, fr=0.474
p:-0.863, 0.453, -2.487, fr=0.178
j:0, 3, stif=0.962
j:1, 3
j:2, 0, stif=0.915, rotstif=0.929
j:4, 2
n:j=0, d=|
n:d=*
c:0, 1, 0.363
",0.0023843361671295063,feasible,20
15,0,34,"//0
p:0.942, -0.243, -0.276, fr=0.427
p:0.48975803042258415, 0.1028524685988026, -1.4918486514388367, fr=0.012
p:0.225, -0.057, -1.19
p:-0.9682642335694838, -0.4605718718093651, -0.8262300233016763, fr=0.474
p:-0.863, 0.453, -2.487, fr=0.178
j:0, 3, stif=0.962
j:1, 3
j:2, 0, stif=0.915
j:4, 2
n:j=0, d=|
n:d=*
c:0, 1, 0.363
",0.0023843361671295063,"//0
p:0.942, -0.243, -0.276, fr=0.427
p:0.48975803042258415, 0.1028524685988026, -1.4918486514388367, fr=0.012
p:0.225, -0.057, -1.19
p:-0.9682642335694838, -0.4605718718093651, -0.8262300233016763, fr=0.474
p:-0.863, 0.453, -2.487, fr=0.178
j:0, 3, stif=0.962
j:1, 3
j:2, 0, stif=0.915
j:4, 2
n:j=0, d=|
n:d=*
n:j=1, d=@
c:0, 1, 0.363
c:2, 1, -1.151
",0.002385187077945047,feasible,20
15,0,34,"//0
p:0.942, -0.243, -0.276, fr=0.427
p:0.48975803042258415, 0.1028524685988026, -1.4918486514388367, fr=0.012
p:0.225, -0.057, -1.19
p:-0.9682642335694838, -0.4605718718093651, -0.8262300233016763, fr=0.474
p:-0.863, 0.453, -2.487, fr=0.178
j:0, 3, stif=0.962
j:1, 3
j:2, 0, stif=0.915
j:4, 2
n:j=0, d=|
n:d=*
c:0, 1, 0.363
",0.0023843361671295063,"//0
p:0.942, -0.243, -0.276, fr=0.327
p:0.48975803042258415, 0.1028524685988026, -1.4918486514388367, fr=0.012
p:0.225, -0.057, -1.19
p:-0.9682642335694838, -0.4605718718093651, -0.8262300233016763, fr=0.474
p:-0.863, 0.453, -2.487, fr=0.178
j:0, 3, stif=0.962
j:1, 3
j:2, 0, stif=0.915
j:4, 2
n:j=0, d=|
n:d=*
c:0, 1, 0.363
",0.0023689122433167135,feasible,20
15,0,34,"//0
p:0.942, -0.243, -0.276, fr=0.427
p:0.48975803042258415, 0.1028524685988026, -1.4918486514388367, fr=0.012
p:0.225, -0.057, -1.19
p:-0.9682642335694838, -0.4605718718093651, -0.8262300233016763, fr=0.474
p:-0.863, 0.453, -2.487, fr=0.178
j:0, 3, stif=0.962
j:1, 3
j:2, 0, stif=0.915
j:4, 2
n:j=0, d=|
n:d=*
c:0, 1, 0.363
",0.0023843361671295063,"//0
p:0.942, -0.243, -0.276, fr=0.427
p:0.48975803042258415, 0.1028524685988026, -1.4918486514388367, fr=0.012
p:0.225, -0.057, -1.19
p:-0.9682642335694838, -0.4605718718093651, -0.8262300233016763, fr=0.474
p:-0.863, 0.453, -2.487, fr=0.178
j:0, 3, stif=0.962
j:1, 3, stif=0.891
j:2, 0, stif=0.915
j:4, 2
n:j=0, d=|
n:d=*
c:0, 1, 0.363
",0.00209776708165143,feasible,20
15,0,34,"//0
p:0.942, -0.243, -0.276, fr=0.427
p:0.48975803042258415, 0.1028524685988026, -1.4918486514388367, fr=0.012
p:0.225, -0.057, -1.19
p:-0.9682642335694838, -0.4605718718093651, -0.8262300233016763, fr=0.474
p:-0.863, 0.453, -2.487, fr=0.178
j:0, 3, stif=0.962
j:1, 3
j:2, 0, stif=0.915
j:4, 2
n:j=0, d=|
n:d=*
c:0, 1, 0.363
",0.0023843361671295063,"//0
p:0.942, -0.243, -0.276, fr=0.427
p:0.48975803042258415, 0.1028524685988026, -1.4918486514388367, fr=0.012
p:0.225, -0.057, -1.19
p:-0.9682642335694838, -0.4605718718093651, -0.8262300233016763, fr=0.474
p:-0.863, 0.453, -2.487, fr=0.178
j:0, 3, stif=0.962
j:1, 3
j:2, 0, stif=0.915
j:4, 2
n:j=0, d=|:p=0.139
n:d=*
c:0, 1, 0.363
",0.0039553801695842465,feasible,20
15,0,34,"//0
p:0.942, -0.243, -0.276, fr=0.427
p:0.48975803042258415, 0.1028524685988026, -1.4918486514388367, fr=0.012
p:0.225, -0.057, -1.19
p:-0.9682642335694838, -0.4605718718093651, -0.8262300233016763, fr=0.474
p:-0.863, 0.453, -2.487, fr=0.178
j:0, 3, stif=0.962
j:1, 3
j:2, 0, stif=0.915
j:4, 2
n:j=0, d=|
n:d=*
c:0, 1, 0.363
",0.0023843361671295063,"//0
p:0.942, -0.243, -0.276, fr=0.427
p:0.48975803042258415, 0.1028524685988026, -1.4918486514388367, fr=0.012
p:0.225, -0.057, -1.19
p:-0.9682642335694838, -0.4605718718093651, -0.8262300233016763, fr=0.474
p:-0.863, 0.453, -2.487, fr=0.178
j:0, 3, stif=0.962
j:1, 3
j:2, 0, stif=0.915
j:4, 2, stif=0.952
n:j=0, d=|
n:d=*
c:0, 1, 0.363
",0.0023640879001758067,feasible,20
15,0,34,"//0
p:0.942, -0.243, -0.276, fr=0.427
p:0.48975803042258415, 0.1028524685988026, -1.4918486514388367, fr=0.012
p:0.225, -0.057, -1.19
p:-0.9682642335694838, -0.4605718718093651, -0.8262300233016763, fr=0.474
p:-0.863, 0.453, -2.487, fr=0.178
j:0, 3, stif=0.962
j:1, 3
j:2, 0, stif=0.915
j:4, 2
n:j=0, d=|
n:d=*
c:0, 1, 0.363
",0.0023843361671295063,"//0
p:0.942, -0.243, -0.276, fr=0.427
p:0.48975803042258415, 0.1028524685988026, -1.4918486514388367, fr=0.012
p:0.225, -0.057, -1.19
p:-0.9682642335694838, -0.4605718718093651, -0.8262300233016763, fr=0.474
p:-0.863, 0.453, -2.487, fr=0.178
j:0, 3, stif=0.962
j:1, 3
j:2, 0, stif=0.915
j:4, 2, rotstif=0.949
n:j=0, d=|
n:d=*
c:0, 1, 0.363
",0.0023843361671295063,feasible,20
15,0,34,"//0
p:0.942, -0.243, -0.276, fr=0.427
p:0.48975803042258415, 0.1028524685988026, -1.4918486514388367, fr=0.012
p:0.225, -0.057, -1.19
p:-0.9682642335694838, -0.4605718718093651, -0.8262300233016763, fr=0.474
p:-0.863, 0.453, -2.487, fr=0.178
j:0, 3, stif=0.962
j:1, 3
j:2, 0, stif=0.915
j:4, 2
n:j=0, d=|
n:d=*
c:0, 1, 0.363
",0.0023843361671295063,"//0
p:0.942, -0.243, -0.276, fr=0.323
p:0.48975803042258415, 0.1028524685988026, -1.4918486514388367, fr=0.012
p:0.225, -0.057, -1.19
p:-0.9682642335694838, -0.4605718718093651, -0.8262300233016763, fr=0.474
p:-0.863, 0.453, -2.487, fr=0.178
j:0, 3, stif=0.962
j:1, 3
j:2, 0, stif=0.915
j:4, 2
n:j=0, d=|
n:d=*
c:0, 1, 0.363
",0.0023235991173730193,feasible,20
15,0,34,"//0
p:0.942, -0.243, -0.276, fr=0.427
p:0.48975803042258415, 0.1028524685988026, -1.4918486514388367, fr=0.012
p:0.225, -0.057, -1.19
p:-0.9682642335694838, -0.4605718718093651, -0.8262300233016763, fr=0.474
p:-0.863, 0.453, -2.487, fr=0.178
j:0, 3, stif=0.962
j:1, 3
j:2, 0, stif=0.915
j:4, 2
n:j=0, d=|
n:d=*
c:0, 1, 0.363
",0.0023843361671295063,"//0
p:0.942, -0.243, -0.276, fr=0.427
p:0.48975803042258415, 0.1028524685988026, -1.4918486514388367, fr=0.012
p:0.225, -0.057, -1.19
p:-0.9682642335694838, -0.4605718718093651, -0.8262300233016763, fr=0.474
p:-0.863, 0.453, -2.487, fr=0.178
j:0, 3, stif=0.962
j:1, 3, stif=0.777
j:2, 0, stif=0.915
j:4, 2
n:j=0, d=|
n:d=*
c:0, 1, 0.363
",0.0017503082280925972,feasible,20
15,0,34,"//0
p:0.942, -0.243, -0.276, fr=0.427
p:0.48975803042258415, 0.1028524685988026, -1.4918486514388367, fr=0.012
p:0.225, -0.057, -1.19
p:-0.9682642335694838, -0.4605718718093651, -0.8262300233016763, fr=0.474
p:-0.863, 0.453, -2.487, fr=0.178
j:0, 3, stif=0.962
j:1, 3
j:2, 0, stif=0.915
j:4, 2
n:j=0, d=|
n:d=*
c:0, 1, 0.363
",0.0023843361671295063,"//0
p:0.942, -0.243, -0.276, fr=0.427
p:0.48975803042258415, 0.1028524685988026, -1.4918486514388367, fr=0.36
p:0.225, -0.057, -1.19
p:-0.9682642335694838, -0.4605718718093651, -0.8262300233016763, fr=0.474
p:-0.863, 0.453, -2.487, fr=0.178
j:0, 3, stif=0.962
j:1, 3
j:2, 0, stif=0.915
j:4, 2
n:j=0, d=|
n:d=*
c:0, 1, 0.363
",6.722436904498797e-05,feasible,20
15,0,34,"//0
p:0.942, -0.243, -0.276, fr=0.427
p:0.48975803042258415, 0.1028524685988026, -1.4918486514388367, fr=0.012
p:0.225, -0.057, -1.19
p:-0.9682642335694838, -0.4605718718093651, -0.8262300233016763, fr=0.474
p:-0.863, 0.453, -2.487, fr=0.178
j:0, 3, stif=0.962
j:1, 3
j:2, 0, stif=0.915
j:4, 2
n:j=0, d=|
n:d=*
c:0, 1, 0.363
",0.0023843361671295063,"//0
p:0.483, -0.086, 0.375, fr=0.427
p:0.48975803042258415, 0.1028524685988026, -1.4918486514388367, fr=0.012
p:0.225, -0.057, -1.19
p:-0.9682642335694838, -0.4605718718093651, -0.8262300233016763, fr=0.474
p:-0.863, 0.453, -2.487, fr=0.178
j:0, 3, stif=0.962
j:1, 3
j:2, 0, stif=0.915
j:4, 2
n:j=0, d=|
n:d=*
c:0, 1, 0.363
",1.0723837359471267e-05,feasible,20
15,0,34,"//0
p:0.942, -0.243, -0.276, fr=0.427
p:0.48975803042258415, 0.1028524685988026, -1.4918486514388367, fr=0.012
p:0.225, -0.057, -1.19
p:-0.9682642335694838, -0.4605718718093651, -0.8262300233016763, fr=0.474
p:-0.863, 0.453, -2.487, fr=0.178
j:0, 3, stif=0.962
j:1, 3
j:2, 0, stif=0.915
j:4, 2
n:j=0, d=|
n:d=*
c:0, 1, 0.363
",0.0023843361671295063,"//0
p:0.942, -0.243, -0.276, fr=0.427
p:0.48975803042258415, 0.1028524685988026, -1.4918486514388367, fr=0.012
p:0.225, -0.057, -1.19
p:-0.9682642335694838, -0.4605718718093651, -0.8262300233016763, fr=0.474
p:-0.863, 0.453, -2.487, fr=0.178
j:0, 3, stif=0.962
j:1, 3
j:2, 0, stif=0.915
j:4, 2, stif=0.981
n:j=0, d=|
n:d=*
c:0, 1, 0.363
",0.0023591132333790643,feasible,20
15,0,34,"//0
p:0.942, -0.243, -0.276, fr=0.427
p:0.48975803042258415, 0.1028524685988026, -1.4918486514388367, fr=0.012
p:0.225, -0.057, -1.19
p:-0.9682642335694838, -0.4605718718093651, -0.8262300233016763, fr=0.474
p:-0.863, 0.453, -2.487, fr=0.178
j:0, 3, stif=0.962
j:1, 3
j:2, 0, stif=0.915
j:4, 2
n:j=0, d=|
n:d=*
c:0, 1, 0.363
",0.0023843361671295063,"//0
p:0.942, -0.243, -0.276, fr=0.427
p:0.48975803042258415, 0.1028524685988026, -1.4918486514388367, fr=0.012
p:0.225, -0.057, -1.19
p:-0.9682642335694838, -0.4605718718093651, -0.8262300233016763, fr=0.474
p:-0.863, 0.453, -2.487, fr=0.178
j:0, 1, stif=0.962
j:3, 1
j:2, 0, stif=0.915
j:4, 2
n:j=0, d=|
n:d=*
c:0, 1, 0.363
",6.755397468833287e-05,feasible,20
15,0,34,"//0
p:0.942, -0.243, -0.276, fr=0.427
p:0.48975803042258415, 0.1028524685988026, -1.4918486514388367, fr=0.012
p:0.225, -0.057, -1.19
p:-0.9682642335694838, -0.4605718718093651, -0.8262300233016763, fr=0.474
p:-0.863, 0.453, -2.487, fr=0.178
j:0, 3, stif=0.962
j:1, 3
j:2, 0, stif=0.915
j:4, 2
n:j=0, d=|
n:d=*
c:0, 1, 0.363
",0.0023843361671295063,"//0
p:0.942, -0.243, -0.276, fr=0.427
p:0.48975803042258415, 0.1028524685988026, -1.4918486514388367, fr=0.012
p:0.225, -0.057, -1.19
p:-0.9682642335694838, -0.4605718718093651, -0.8262300233016763, fr=0.474
p:-0.863, 0.453, -2.487, fr=0.178
j:1, 3, stif=0.962
j:0, 3
j:2, 1, stif=0.915
j:4, 2
n:j=0, d=|
n:d=*
c:0, 1, 0.363
",6.387401116366623e-05,feasible,20
15,0,35,"//0
p:0.942, -0.243, -0.276, fr=0.427
p:0.48975803042258415, 0.1028524685988026, -1.4918486514388367, fr=0.012
p:0.225, -0.057, -1.19
p:-0.9682642335694838, -0.4605718718093651, -0.8262300233016763, fr=0.474
p:-0.863, 0.453, -2.487, fr=0.178
j:0, 3, stif=0.962
j:1, 3
j:2, 0, stif=0.971
j:4, 2
n:j=0, d=|
n:d=*
c:0, 1, 0.363
",0.0024654256841048438,"//0
p:0.942, -0.243, -0.276, fr=0.427
p:0.48975803042258415, 0.1028524685988026, -1.4918486514388367, fr=0.012
p:0.225, -0.057, -1.19
p:-0.9682642335694838, -0.4605718718093651, -0.8262300233016763, fr=0.474
p:-0.863, 0.453, -2.487, fr=0.178
j:0, 3, stif=0.962
j:1, 3
j:2, 0, stif=0.971
j:4, 2
n:j=0, d=|
n:d=*
c:0, 1, 3.752
",0.0017923513442138135,feasible,21
15,0,35,"//0
p:0.942, -0.243, -0.276, fr=0.427
p:0.48975803042258415, 0.1028524685988026, -1.4918486514388367, fr=0.012
p:0.225, -0.057, -1.19
p:-0.9682642335694838, -0.4605718718093651, -0.8262300233016763, fr=0.474
p:-0.863, 0.453, -2.487, fr=0.178
j:0, 3, stif=0.962
j:1, 3
j:2, 0, stif=0.971
j:4, 2
n:j=0, d=|
n:d=*
c:0, 1, 0.363
",0.0024654256841048438,"//0
p:0.942, -0.243, -0.276, fr=0.427
p:0.48975803042258415, 0.1028524685988026, -1.4918486514388367, fr=0.012
p:0.225, -0.057, -1.19
p:-0.9682642335694838, -0.4605718718093651, -0.8262300233016763, fr=0.474
p:-0.863, 0.453, -2.487, fr=0.178, ing=0.174
j:0, 3, stif=0.962
j:1, 3
j:2, 0, stif=0.971
j:4, 2
n:j=0, d=|
n:d=*
c:0, 1, 0.363
",0.0024654256841048438,feasible,21
15,0,35,"//0
p:0.942, -0.243, -0.276, fr=0.427
p:0.48975803042258415, 0.1028524685988026, -1.4918486514388367, fr=0.012
p:0.225, -0.057, -1.19
p:-0.9682642335694838, -0.4605718718093651, -0.8262300233016763, fr=0.474
p:-0.863, 0.453, -2.487, fr=0.178
j:0, 3, stif=0.962
j:1, 3
j:2, 0, stif=0.971
j:4, 2
n:j=0, d=|
n:d=*
c:0, 1, 0.363
",0.0024654256841048438,"//0
p:0.942, -0.243, -0.276, fr=0.427
p:0.48975803042258415, 0.1028524685988026, -1.4918486514388367, fr=0.012
p:0.225, -0.057, -1.19
p:-0.9682642335694838, -0.4605718718093651, -0.8262300233016763, fr=0.474
p:-0.863, 0.453, -2.487, fr=0.178
j:0, 3, stif=0.962, rotstif=0.867
j:1, 3
j:2, 0, stif=0.971
j:4, 2
n:j=0, d=|
n:d=*
c:0, 1, 0.363
",0.0024654256841048438,feasible,21
15,0,35,"//0
p:0.942, -0.243, -0.276, fr=0.427
p:0.48975803042258415, 0.1028524685988026, -1.4918486514388367, fr=0.012
p:0.225, -0.057, -1.19
p:-0.9682642335694838, -0.4605718718093651, -0.8262300233016763, fr=0.474
p:-0.863, 0.453, -2.487, fr=0.178
j:0, 3, stif=0.962
j:1, 3
j:2, 0, stif=0.971
j:4, 2
n:j=0, d=|
n:d=*
c:0, 1, 0.363
",0.0024654256841048438,"//0
p:0.942, -0.243, -0.276, fr=0.427
p:0.48975803042258415, 0.1028524685988026, -1.4918486514388367, fr=0.012
p:0.225, -0.057, -1.19, fr=0.941
p:-0.9682642335694838, -0.4605718718093651, -0.8262300233016763, fr=0.474
p:-0.863, 0.453, -2.487, fr=0.178
j:0, 3, stif=0.962
j:1, 3
j:2, 0, stif=0.971
j:4, 2
n:j=0, d=|
n:d=*
c:0, 1, 0.363
",0.0025367454722752805,feasible,21
15,0,35,"//0
p:0.942, -0.243, -0.276, fr=0.427
p:0.48975803042258415, 0.1028524685988026, -1.4918486514388367, fr=0.012
p:0.225, -0.057, -1.19
p:-0.9682642335694838, -0.4605718718093651, -0.8262300233016763, fr=0.474
p:-0.863, 0.453, -2.487, fr=0.178
j:0, 3, stif=0.962
j:1, 3
j:2, 0, stif=0.971
j:4, 2
n:j=0, d=|
n:d=*
c:0, 1, 0.363
",0.0024654256841048438,"//0
p:0.942, -0.243, -0.276, fr=0.427
p:0.48975803042258415, 0.1028524685988026, -1.4918486514388367, fr=0.012
p:0.225, -0.057, -1.19
p:-0.9682642335694838, -0.4605718718093651, -0.8262300233016763, fr=0.474
p:-0.863, 0.453, -2.487, fr=0.178
p:0.296, 0.773, 1.022
j:0, 3, stif=0.962
j:1, 3
j:2, 0, stif=0.971
j:4, 2
j:5, 0
n:j=0, d=|
n:d=*
c:0, 1, 0.363
",0.0006256916951620751,feasible,21
15,0,35,"//0
p:0.942, -0.243, -0.276, fr=0.427
p:0.48975803042258415, 0.1028524685988026, -1.4918486514388367, fr=0.012
p:0.225, -0.057, -1.19
p:-0.9682642335694838, -0.4605718718093651, -0.8262300233016763, fr=0.474
p:-0.863, 0.453, -2.487, fr=0.178
j:0, 3, stif=0.962
j:1, 3
j:2, 0, stif=0.971
j:4, 2
n:j=0, d=|
n:d=*
c:0, 1, 0.363
",0.0024654256841048438,"//0
p:0.942, -0.243, -0.276, fr=0.427
p:0.48975803042258415, 0.1028524685988026, -1.4918486514388367, fr=0.012
p:0.225, -0.057, -1.19
p:-0.9682642335694838, -0.4605718718093651, -0.8262300233016763, fr=0.474
p:-0.863, 0.453, -2.487, fr=0.178
j:0, 3, stif=0.962
j:1, 3
j:2, 0, stif=0.971
j:4, 2
n:d=*
",4.5505124983189605e-08,feasible,21
15,0,35,"//0
p:0.942, -0.243, -0.276, fr=0.427
p:0.48975803042258415, 0.1028524685988026, -1.4918486514388367, fr=0.012
p:0.225, -0.057, -1.19
p:-0.9682642335694838, -0.4605718718093651, -0.8262300233016763, fr=0.474
p:-0.863, 0.453, -2.487, fr=0.178
j:0, 3, stif=0.962
j:1, 3
j:2, 0, stif=0.971
j:4, 2
n:j=0, d=|
n:d=*
c:0, 1, 0.363
",0.0024654256841048438,"//0
p:0.942, -0.243, -0.276, fr=0.427
p:0.48975803042258415, 0.1028524685988026, -1.4918486514388367, fr=0.012
p:0.225, -0.057, -1.19
p:-0.9682642335694838, -0.4605718718093651, -0.8262300233016763, fr=0.474
p:-0.863, 0.453, -2.487, fr=0.178
j:0, 3, stif=0.962
j:1, 3
j:2, 0, stif=0.971, rotstif=0.827
j:4, 2
n:j=0, d=|
n:d=*
c:0, 1, 0.363
",0.0024654256841048438,feasible,21
15,0,35,"//0
p:0.942, -0.243, -0.276, fr=0.427
p:0.48975803042258415, 0.1028524685988026, -1.4918486514388367, fr=0.012
p:0.225, -0.057, -1.19
p:-0.9682642335694838, -0.4605718718093651, -0.8262300233016763, fr=0.474
p:-0.863, 0.453, -2.487, fr=0.178
j:0, 3, stif=0.962
j:1, 3
j:2, 0, stif=0.971
j:4, 2
n:j=0, d=|
n:d=*
c:0, 1, 0.363
",0.0024654256841048438,"//0
p:0.942, -0.243, -0.276, fr=0.427
p:0.48975803042258415, 0.1028524685988026, -1.4918486514388367, fr=0.012
p:0.225, -0.057, -1.19
p:-0.9682642335694838, -0.4605718718093651, -0.8262300233016763, fr=0.474
p:-0.863, 0.453, -2.487, fr=0.178, ing=0.19
j:0, 3, stif=0.962
j:1, 3
j:2, 0, stif=0.971
j:4, 2
n:j=0, d=|
n:d=*
c:0, 1, 0.363
",0.0024654256841048438,feasible,21
15,0,35,"//0
p:0.942, -0.243, -0.276, fr=0.427
p:0.48975803042258415, 0.1028524685988026, -1.4918486514388367, fr=0.012
p:0.225, -0.057, -1.19
p:-0.9682642335694838, -0.4605718718093651, -0.8262300233016763, fr=0.474
p:-0.863, 0.453, -2.487, fr=0.178
j:0, 3, stif=0.962
j:1, 3
j:2, 0, stif=0.971
j:4, 2
n:j=0, d=|
n:d=*
c:0, 1, 0.363
",0.0024654256841048438,"//0
p:0.942, -0.243, -0.276, fr=0.427
p:0.225, -0.057, -1.19
p:-0.9682642335694838, -0.4605718718093651, -0.8262300233016763, fr=0.474
p:-0.863, 0.453, -2.487, fr=0.178
j:0, 2, stif=0.962
j:1, 0, stif=0.971
j:3, 1
n:j=0, d=|
n:d=*
c:0, 1, 0.363
",0.00010147347720366151,feasible,21
15,0,35,"//0
p:0.942, -0.243, -0.276, fr=0.427
p:0.48975803042258415, 0.1028524685988026, -1.4918486514388367, fr=0.012
p:0.225, -0.057, -1.19
p:-0.9682642335694838, -0.4605718718093651, -0.8262300233016763, fr=0.474
p:-0.863, 0.453, -2.487, fr=0.178
j:0, 3, stif=0.962
j:1, 3
j:2, 0, stif=0.971
j:4, 2
n:j=0, d=|
n:d=*
c:0, 1, 0.363
",0.0024654256841048438,"//0
p:0.942, -0.243, -0.276, fr=0.427
p:0.48975803042258415, 0.1028524685988026, -1.4918486514388367, fr=0.012
p:0.225, -0.057, -1.19
p:-0.9682642335694838, -0.4605718718093651, -0.8262300233016763, fr=0.474
p:-0.863, 0.453, -2.487, fr=0.178
j:0, 3, stif=0.962, rotstif=0.984
j:1, 3
j:2, 0, stif=0.971
j:4, 2
n:j=0, d=|
n:d=*
c:0, 1, 0.363
",0.0024654256841048438,feasible,21
15,0,35,"//0
p:0.942, -0.243, -0.276, fr=0.427
p:0.48975803042258415, 0.1028524685988026, -1.4918486514388367, fr=0.012
p:0.225, -0.057, -1.19
p:-0.9682642335694838, -0.4605718718093651, -0.8262300233016763, fr=0.474
p:-0.863, 0.453, -2.487, fr=0.178
j:0, 3, stif=0.962
j:1, 3
j:2, 0, stif=0.971
j:4, 2
n:j=0, d=|
n:d=*
c:0, 1, 0.363
",0.0024654256841048438,"//0
p:0.942, -0.243, -0.276, fr=0.427
p:0.48975803042258415, 0.1028524685988026, -1.4918486514388367, fr=0.012
p:0.225, -0.057, -1.19
p:-0.9682642335694838, -0.4605718718093651, -0.8262300233016763, fr=0.474
p:-0.863, 0.453, -2.487, fr=0.178
j:0, 3, stif=0.962
j:1, 3
j:2, 0, stif=0.971
j:4, 2
n:j=0, d=|
n:d=*
c:0, 1, 2.041
",0.0017923513442138135,feasible,21
15,0,35,"//0
p:0.942, -0.243, -0.276, fr=0.427
p:0.48975803042258415, 0.1028524685988026, -1.4918486514388367, fr=0.012
p:0.225, -0.057, -1.19
p:-0.9682642335694838, -0.4605718718093651, -0.8262300233016763, fr=0.474
p:-0.863, 0.453, -2.487, fr=0.178
j:0, 3, stif=0.962
j:1, 3
j:2, 0, stif=0.971
j:4, 2
n:j=0, d=|
n:d=*
c:0, 1, 0.363
",0.0024654256841048438,"//0
p:0.942, -0.243, -0.276, fr=0.427
p:0.48975803042258415, 0.1028524685988026, -1.4918486514388367, fr=0.012
p:0.225, -0.057, -1.19
p:-0.9682642335694838, -0.4605718718093651, -0.8262300233016763, fr=0.474
p:-0.863, 0.453, -2.487, fr=0.178
j:1, 3, stif=0.962
j:0, 3
j:2, 1, stif=0.971
j:4, 2
n:j=0, d=|
n:d=*
c:0, 1, 0.363
",4.2191889771191265e-05,feasible,21
15,0,35,"//0
p:0.942, -0.243, -0.276, fr=0.427
p:0.48975803042258415, 0.1028524685988026, -1.4918486514388367, fr=0.012
p:0.225, -0.057, -1.19
p:-0.9682642335694838, -0.4605718718093651, -0.8262300233016763, fr=0.474
p:-0.863, 0.453, -2.487, fr=0.178
j:0, 3, stif=0.962
j:1, 3
j:2, 0, stif=0.971
j:4, 2
n:j=0, d=|
n:d=*
c:0, 1, 0.363
",0.0024654256841048438,"//0
p:0.942, -0.243, -0.276, fr=0.427
p:0.48975803042258415, 0.1028524685988026, -1.4918486514388367, fr=0.012
p:0.225, -0.057, -1.19
p:-0.9682642335694838, -0.4605718718093651, -0.8262300233016763, fr=0.474
p:-0.863, 0.453, -2.487, fr=0.178
j:0, 3, stif=0.962
j:1, 3
j:2, 0, stif=0.971
j:4, 2
n:j=0, d=|
n:d=*
c:0, 1, -1.476
",0.00013614493995748223,feasible,21
15,0,35,"//0
p:0.942, -0.243, -0.276, fr=0.427
p:0.48975803042258415, 0.1028524685988026, -1.4918486514388367, fr=0.012
p:0.225, -0.057, -1.19
p:-0.9682642335694838, -0.4605718718093651, -0.8262300233016763, fr=0.474
p:-0.863, 0.453, -2.487, fr=0.178
j:0, 3, stif=0.962
j:1, 3
j:2, 0, stif=0.971
j:4, 2
n:j=0, d=|
n:d=*
c:0, 1, 0.363
",0.0024654256841048438,"//0
p:0.942, -0.243, -0.276, fr=0.427
p:0.48975803042258415, 0.1028524685988026, -1.4918486514388367, fr=0.012
p:0.225, -0.057, -1.19
p:-0.9682642335694838, -0.4605718718093651, -0.8262300233016763, fr=0.474
p:-0.863, 0.453, -2.487, fr=0.178
j:0, 3, stif=0.926
j:1, 3
j:2, 0, stif=0.971
j:4, 2
n:j=0, d=|
n:d=*
c:0, 1, 0.363
",0.0024254330012547618,feasible,21
15,0,35,"//0
p:0.942, -0.243, -0.276, fr=0.427
p:0.48975803042258415, 0.1028524685988026, -1.4918486514388367, fr=0.012
p:0.225, -0.057, -1.19
p:-0.9682642335694838, -0.4605718718093651, -0.8262300233016763, fr=0.474
p:-0.863, 0.453, -2.487, fr=0.178
j:0, 3, stif=0.962
j:1, 3
j:2, 0, stif=0.971
j:4, 2
n:j=0, d=|
n:d=*
c:0, 1, 0.363
",0.0024654256841048438,"//0
p:0.942, -0.243, -0.276, fr=0.427
p:0.48975803042258415, 0.1028524685988026, -1.4918486514388367, fr=0.012
p:0.225, -0.057, -1.19
p:-0.9682642335694838, -0.4605718718093651, -0.8262300233016763, fr=0.474
p:-0.863, 0.453, -2.487, fr=0.178
j:0, 3, stif=0.962
j:1, 3, stif=0.869
j:2, 0, stif=0.971
j:4, 2
n:j=0, d=|
n:d=*
c:0, 1, 0.363
",0.0022422763172837267,feasible,21
15,0,35,"//0
p:0.942, -0.243, -0.276, fr=0.427
p:0.48975803042258415, 0.1028524685988026, -1.4918486514388367, fr=0.012
p:0.225, -0.057, -1.19
p:-0.9682642335694838, -0.4605718718093651, -0.8262300233016763, fr=0.474
p:-0.863, 0.453, -2.487, fr=0.178
j:0, 3, stif=0.962
j:1, 3
j:2, 0, stif=0.971
j:4, 2
n:j=0, d=|
n:d=*
c:0, 1, 0.363
",0.0024654256841048438,"//0
p:0.942, -0.243, -0.276, fr=0.427
p:0.48975803042258415, 0.1028524685988026, -1.4918486514388367, fr=0.012
p:0.225, -0.057, -1.19
p:-0.9682642335694838, -0.4605718718093651, -0.8262300233016763, fr=0.474
p:-0.863, 0.453, -2.487, fr=0.178
j:0, 3, stif=0.962
j:1, 3
j:2, 0, stif=0.971
j:4, 2
n:j=0, d=|:r=0.955
n:d=*
c:0, 1, 0.363
",0.0024959897238389585,feasible,21
15,0,35,"//0
p:0.942, -0.243, -0.276, fr=0.427
p:0.48975803042258415, 0.1028524685988026, -1.4918486514388367, fr=0.012
p:0.225, -0.057, -1.19
p:-0.9682642335694838, -0.4605718718093651, -0.8262300233016763, fr=0.474
p:-0.863, 0.453, -2.487, fr=0.178
j:0, 3, stif=0.962
j:1, 3
j:2, 0, stif=0.971
j:4, 2
n:j=0, d=|
n:d=*
c:0, 1, 0.363
",0.0024654256841048438,"//0
p:0.942, -0.243, -0.276, fr=0.427
p:0.48975803042258415, 0.1028524685988026, -1.4918486514388367, fr=0.012
p:0.225, -0.057, -1.19
p:-0.9682642335694838, -0.4605718718093651, -0.8262300233016763, fr=0.474
p:-0.863, 0.453, -2.487, fr=0.178
j:0, 3, stif=0.967
j:1, 3
j:2, 0, stif=0.971
j:4, 2
n:j=0, d=|
n:d=*
c:0, 1, 0.363
",0.0024552354651533937,feasible,21
15,0,35,"//0
p:0.942, -0.243, -0.276, fr=0.427
p:0.48975803042258415, 0.1028524685988026, -1.4918486514388367, fr=0.012
p:0.225, -0.057, -1.19
p:-0.9682642335694838, -0.4605718718093651, -0.8262300233016763, fr=0.474
p:-0.863, 0.453, -2.487, fr=0.178
j:0, 3, stif=0.962
j:1, 3
j:2, 0, stif=0.971
j:4, 2
n:j=0, d=|
n:d=*
c:0, 1, 0.363
",0.0024654256841048438,"//0
p:0.942, -0.243, -0.276, fr=0.427, ing=0.251
p:0.48975803042258415, 0.1028524685988026, -1.4918486514388367, fr=0.012
p:0.225, -0.057, -1.19
p:-0.9682642335694838, -0.4605718718093651, -0.8262300233016763, fr=0.474
p:-0.863, 0.453, -2.487, fr=0.178
j:0, 3, stif=0.962
j:1, 3
j:2, 0, stif=0.971
j:4, 2
n:j=0, d=|
n:d=*
c:0, 1, 0.363
",0.0024654256841048438,feasible,21
15,0,35,"//0
p:0.942, -0.243, -0.276, fr=0.427
p:0.48975803042258415, 0.1028524685988026, -1.4918486514388367, fr=0.012
p:0.225, -0.057, -1.19
p:-0.9682642335694838, -0.4605718718093651, -0.8262300233016763, fr=0.474
p:-0.863, 0.453, -2.487, fr=0.178
j:0, 3, stif=0.962
j:1, 3
j:2, 0, stif=0.971
j:4, 2
n:j=0, d=|
n:d=*
c:0, 1, 0.363
",0.0024654256841048438,"//0
p:0.942, -0.243, -0.276, fr=0.427
p:0.48975803042258415, 0.1028524685988026, -1.4918486514388367, fr=0.012
p:0.225, -0.057, -1.19
p:-0.9682642335694838, -0.4605718718093651, -0.8262300233016763, fr=0.474
p:-0.863, 0.453, -2.487, fr=0.178
j:0, 3, stif=0.962
j:1, 3
j:2, 0, stif=0.971
j:4, 2
n:j=0, d=|
n:d=*
c:0, 1, -0.781
",0.0013183595404564698,feasible,21
15,0,35,"//0
p:0.942, -0.243, -0.276, fr=0.427
p:0.48975803042258415, 0.1028524685988026, -1.4918486514388367, fr=0.012
p:0.225, -0.057, -1.19
p:-0.9682642335694838, -0.4605718718093651, -0.8262300233016763, fr=0.474
p:-0.863, 0.453, -2.487, fr=0.178
j:0, 3, stif=0.962
j:1, 3
j:2, 0, stif=0.971
j:4, 2
n:j=0, d=|
n:d=*
c:0, 1, 0.363
",0.0024654256841048438,"//0
p:0.942, -0.243, -0.276, fr=0.098
p:0.48975803042258415, 0.1028524685988026, -1.4918486514388367, fr=0.012
p:0.225, -0.057, -1.19
p:-0.9682642335694838, -0.4605718718093651, -0.8262300233016763, fr=0.474
p:-0.863, 0.453, -2.487, fr=0.178
j:0, 3, stif=0.962
j:1, 3
j:2, 0, stif=0.971
j:4, 2
n:j=0, d=|
n:d=*
c:0, 1, 0.363
",0.002358704086771396,feasible,21
15,0,36,"//0
p:0.942, -0.243, -0.276, fr=0.427
p:0.48975803042258415, 0.1028524685988026, -1.4918486514388367, fr=0.012
p:0.225, -0.057, -1.19
p:-0.9682642335694838, -0.4605718718093651, -0.8262300233016763, fr=0.474
p:-0.863, 0.453, -2.487, fr=0.178
j:0, 3, stif=0.962
j:1, 3
j:2, 0, stif=0.971
j:4, 2
n:j=0, d=|:r=0.962
n:d=*
c:0, 1, 0.363
",0.0024959897238389585,"//0
p:0.942, -0.243, -0.276, fr=0.427
p:0.48975803042258415, 0.1028524685988026, -1.4918486514388367, fr=0.012
p:0.225, -0.057, -1.19
p:-0.731, -0.607, -0.764, fr=0.474
p:-0.863, 0.453, -2.487, fr=0.178
j:0, 3, stif=0.962
j:1, 3
j:2, 0, stif=0.971
j:4, 2
n:j=0, d=|:r=0.962
n:d=*
c:0, 1, 0.363
",0.001515772455630425,feasible,22
15,0,36,"//0
p:0.942, -0.243, -0.276, fr=0.427
p:0.48975803042258415, 0.1028524685988026, -1.4918486514388367, fr=0.012
p:0.225, -0.057, -1.19
p:-0.9682642335694838, -0.4605718718093651, -0.8262300233016763, fr=0.474
p:-0.863, 0.453, -2.487, fr=0.178
j:0, 3, stif=0.962
j:1, 3
j:2, 0, stif=0.971
j:4, 2
n:j=0, d=|:r=0.962
n:d=*
c:0, 1, 0.363
",0.0024959897238389585,"//0
p:0.942, -0.243, -0.276, fr=0.427, ing=0.184
p:0.48975803042258415, 0.1028524685988026, -1.4918486514388367, fr=0.012
p:0.225, -0.057, -1.19
p:-0.9682642335694838, -0.4605718718093651, -0.8262300233016763, fr=0.474
p:-0.863, 0.453, -2.487, fr=0.178
j:0, 3, stif=0.962
j:1, 3
j:2, 0, stif=0.971
j:4, 2
n:j=0, d=|:r=0.962
n:d=*
c:0, 1, 0.363
",0.0024959897238389585,feasible,22
15,0,36,"//0
p:0.942, -0.243, -0.276, fr=0.427
p:0.48975803042258415, 0.1028524685988026, -1.4918486514388367, fr=0.012
p:0.225, -0.057, -1.19
p:-0.9682642335694838, -0.4605718718093651, -0.8262300233016763, fr=0.474
p:-0.863, 0.453, -2.487, fr=0.178
j:0, 3, stif=0.962
j:1, 3
j:2, 0, stif=0.971
j:4, 2
n:j=0, d=|:r=0.962
n:d=*
c:0, 1, 0.363
",0.0024959897238389585,"//0
p:0.942, -0.243, -0.276, fr=0.427
p:0.48975803042258415, 0.1028524685988026, -1.4918486514388367, fr=0.012
p:0.225, -0.057, -1.19
p:-0.9682642335694838, -0.4605718718093651, -0.8262300233016763, fr=0.474
p:-0.863, 0.453, -2.487, fr=0.178
j:0, 3, stif=0.8
j:1, 3
j:2, 0, stif=0.971
j:4, 2
n:j=0, d=|:r=0.962
n:d=*
c:0, 1, 0.363
",0.002136874980217851,feasible,22
15,0,36,"//0
p:0.942, -0.243, -0.276, fr=0.427
p:0.48975803042258415, 0.1028524685988026, -1.4918486514388367, fr=0.012
p:0.225, -0.057, -1.19
p:-0.9682642335694838, -0.4605718718093651, -0.8262300233016763, fr=0.474
p:-0.863, 0.453, -2.487, fr=0.178
j:0, 3, stif=0.962
j:1, 3
j:2, 0, stif=0.971
j:4, 2
n:j=0, d=|:r=0.962
n:d=*
c:0, 1, 0.363
",0.0024959897238389585,"//0
p:0.942, -0.243, -0.276, fr=0.427
p:0.48975803042258415, 0.1028524685988026, -1.4918486514388367, fr=0.012
p:0.225, -0.057, -1.19
p:-0.9682642335694838, -0.4605718718093651, -0.8262300233016763, fr=0.474
p:-0.863, 0.453, -2.487, fr=0.236
j:0, 3, stif=0.962
j:1, 3
j:2, 0, stif=0.971
j:4, 2
n:j=0, d=|:r=0.962
n:d=*
c:0, 1, 0.363
",0.0024486737037921675,feasible,22
15,0,36,"//0
p:0.942, -0.243, -0.276, fr=0.427
p:0.48975803042258415, 0.1028524685988026, -1.4918486514388367, fr=0.012
p:0.225, -0.057, -1.19
p:-0.9682642335694838, -0.4605718718093651, -0.8262300233016763, fr=0.474
p:-0.863, 0.453, -2.487, fr=0.178
j:0, 3, stif=0.962
j:1, 3
j:2, 0, stif=0.971
j:4, 2
n:j=0, d=|:r=0.962
n:d=*
c:0, 1, 0.363
",0.0024959897238389585,"//0
p:0.942, -0.243, -0.276, fr=0.427
p:0.48975803042258415, 0.1028524685988026, -1.4918486514388367, fr=0.116
p:0.225, -0.057, -1.19
p:-0.9682642335694838, -0.4605718718093651, -0.8262300233016763, fr=0.474
p:-0.863, 0.453, -2.487, fr=0.178
j:0, 3, stif=0.962
j:1, 3
j:2, 0, stif=0.971
j:4, 2
n:j=0, d=|:r=0.962
n:d=*
c:0, 1, 0.363
",0.0018833430888016785,feasible,22
15,0,36,"//0
p:0.942, -0.243, -0.276, fr=0.427
p:0.48975803042258415, 0.1028524685988026, -1.4918486514388367, fr=0.012
p:0.225, -0.057, -1.19
p:-0.9682642335694838, -0.4605718718093651, -0.8262300233016763, fr=0.474
p:-0.863, 0.453, -2.487, fr=0.178
j:0, 3, stif=0.962
j:1, 3
j:2, 0, stif=0.971
j:4, 2
n:j=0, d=|:r=0.962
n:d=*
c:0, 1, 0.363
",0.0024959897238389585,"//0
p:0.942, -0.243, -0.276, fr=0.427
p:0.48975803042258415, 0.1028524685988026, -1.4918486514388367, fr=0.012
p:0.225, -0.057, -1.19
p:-0.9682642335694838, -0.4605718718093651, -0.8262300233016763, fr=0.474
p:-0.863, 0.453, -2.487, fr=0.178
j:0, 3, stif=0.962
j:1, 3
j:2, 0, stif=0.971
j:4, 2
n:d=*
",4.5505124983189605e-08,feasible,22
15,0,36,"//0
p:0.942, -0.243, -0.276, fr=0.427
p:0.48975803042258415, 0.1028524685988026, -1.4918486514388367, fr=0.012
p:0.225, -0.057, -1.19
p:-0.9682642335694838, -0.4605718718093651, -0.8262300233016763, fr=0.474
p:-0.863, 0.453, -2.487, fr=0.178
j:0, 3, stif=0.962
j:1, 3
j:2, 0, stif=0.971
j:4, 2
n:j=0, d=|:r=0.962
n:d=*
c:0, 1, 0.363
",0.0024959897238389585,"//0
p:0.942, -0.243, -0.276, fr=0.427
p:0.48975803042258415, 0.1028524685988026, -1.4918486514388367, fr=0.012
p:0.225, -0.057, -1.19
p:-0.9682642335694838, -0.4605718718093651, -0.8262300233016763, fr=0.474
p:-0.863, 0.453, -2.487, fr=0.178
j:0, 3, stif=0.962
j:1, 3
j:2, 0, stif=0.971
j:4, 2
n:j=0, d=|:r=0.944
n:d=*
c:0, 1, 0.363
",0.002470430457953325,feasible,22
15,0,36,"//0
p:0.942, -0.243, -0.276, fr=0.427
p:0.48975803042258415, 0.1028524685988026, -1.4918486514388367, fr=0.012
p:0.225, -0.057, -1.19
p:-0.9682642335694838, -0.4605718718093651, -0.8262300233016763, fr=0.474
p:-0.863, 0.453, -2.487, fr=0.178
j:0, 3, stif=0.962
j:1, 3
j:2, 0, stif=0.971
j:4, 2
n:j=0, d=|:r=0.962
n:d=*
c:0, 1, 0.363
",0.0024959897238389585,"//0
p:0.942, -0.243, -0.276, fr=0.427
p:0.48975803042258415, 0.1028524685988026, -1.4918486514388367, fr=0.012
p:0.225, -0.057, -1.19
p:-0.9682642335694838, -0.4605718718093651, -0.8262300233016763, fr=0.474
p:-0.863, 0.453, -2.487, fr=0.178
j:0, 3, stif=0.962
j:2, 3
j:1, 0, stif=0.971
j:4, 1
n:j=0, d=|:r=0.962
n:d=*
c:0, 1, 0.363
",3.4324825420568286e-05,feasible,22
15,0,36,"//0
p:0.942, -0.243, -0.276, fr=0.427
p:0.48975803042258415, 0.1028524685988026, -1.4918486514388367, fr=0.012
p:0.225, -0.057, -1.19
p:-0.9682642335694838, -0.4605718718093651, -0.8262300233016763, fr=0.474
p:-0.863, 0.453, -2.487, fr=0.178
j:0, 3, stif=0.962
j:1, 3
j:2, 0, stif=0.971
j:4, 2
n:j=0, d=|:r=0.962
n:d=*
c:0, 1, 0.363
",0.0024959897238389585,"//0
p:0.942, -0.243, -0.276, fr=0.427
p:0.48975803042258415, 0.1028524685988026, -1.4918486514388367, fr=0.012
p:0.225, -0.057, -1.19
p:-0.9682642335694838, -0.4605718718093651, -0.8262300233016763, fr=0.474
p:-0.863, 0.453, -2.487, fr=0.178
j:0, 3, stif=0.962
j:1, 3
j:2, 0, stif=0.971
j:4, 2
n:j=0, d=|:r=0.962
",7.158216079847547e-07,feasible,22
15,0,36,"//0
p:0.942, -0.243, -0.276, fr=0.427
p:0.48975803042258415, 0.1028524685988026, -1.4918486514388367, fr=0.012
p:0.225, -0.057, -1.19
p:-0.9682642335694838, -0.4605718718093651, -0.8262300233016763, fr=0.474
p:-0.863, 0.453, -2.487, fr=0.178
j:0, 3, stif=0.962
j:1, 3
j:2, 0, stif=0.971
j:4, 2
n:j=0, d=|:r=0.962
n:d=*
c:0, 1, 0.363
",0.0024959897238389585,"//0
p:0.942, -0.243, -0.276, fr=0.427
p:0.48975803042258415, 0.1028524685988026, -1.4918486514388367, fr=0.012
p:0.225, -0.057, -1.19
p:-0.9682642335694838, -0.4605718718093651, -0.8262300233016763, fr=0.474
p:-0.863, 0.453, -2.487, fr=0.178
j:0, 3, stif=0.962
j:1, 3
j:2, 0, stif=0.971
j:4, 2
n:j=0, d=|:r=0.962
n:d=*
c:0, 1, 2.592
",0.0009751846830832971,feasible,22
15,0,36,"//0
p:0.942, -0.243, -0.276, fr=0.427
p:0.48975803042258415, 0.1028524685988026, -1.4918486514388367, fr=0.012
p:0.225, -0.057, -1.19
p:-0.9682642335694838, -0.4605718718093651, -0.8262300233016763, fr=0.474
p:-0.863, 0.453, -2.487, fr=0.178
j:0, 3, stif=0.962
j:1, 3
j:2, 0, stif=0.971
j:4, 2
n:j=0, d=|:r=0.962
n:d=*
c:0, 1, 0.363
",0.0024959897238389585,"//0
p:0.942, -0.243, -0.276, fr=0.427
p:0.48975803042258415, 0.1028524685988026, -1.4918486514388367, fr=0.012
p:0.225, -0.057, -1.19
p:-0.9682642335694838, -0.4605718718093651, -0.8262300233016763, fr=0.474
p:-1.0180163269780547, 1.2188713840787964, -2.0989899131205156, fr=0.178
j:0, 3, stif=0.962
j:1, 3
j:2, 0, stif=0.971
j:4, 2
n:j=0, d=|:r=0.962
n:d=*
c:0, 1, 0.363
",0.0003639440369107671,feasible,22
15,0,36,"//0
p:0.942, -0.243, -0.276, fr=0.427
p:0.48975803042258415, 0.1028524685988026, -1.4918486514388367, fr=0.012
p:0.225, -0.057, -1.19
p:-0.9682642335694838, -0.4605718718093651, -0.8262300233016763, fr=0.474
p:-0.863, 0.453, -2.487, fr=0.178
j:0, 3, stif=0.962
j:1, 3
j:2, 0, stif=0.971
j:4, 2
n:j=0, d=|:r=0.962
n:d=*
c:0, 1, 0.363
",0.0024959897238389585,"//0
p:0.942, -0.243, -0.276, fr=0.427
p:0.48975803042258415, 0.1028524685988026, -1.4918486514388367, fr=0.012
p:0.225, -0.057, -1.19
p:-0.9682642335694838, -0.4605718718093651, -0.8262300233016763, fr=0.474
p:-0.863, 0.453, -2.487, fr=0.178
j:0, 3, stif=0.962
j:1, 3
j:2, 0, stif=0.971
j:4, 2
n:j=0, d=|:r=0.962
n:d=*
c:0, 1, 1.363
",0.0009751846830832971,feasible,22
15,0,36,"//0
p:0.942, -0.243, -0.276, fr=0.427
p:0.48975803042258415, 0.1028524685988026, -1.4918486514388367, fr=0.012
p:0.225, -0.057, -1.19
p:-0.9682642335694838, -0.4605718718093651, -0.8262300233016763, fr=0.474
p:-0.863, 0.453, -2.487, fr=0.178
j:0, 3, stif=0.962
j:1, 3
j:2, 0, stif=0.971
j:4, 2
n:j=0, d=|:r=0.962
n:d=*
c:0, 1, 0.363
",0.0024959897238389585,"//0
p:0.942, -0.243, -0.276, fr=0.427
p:0.48975803042258415, 0.1028524685988026, -1.4918486514388367, fr=0.012
p:0.905, 0.405, -1.007
p:-0.9682642335694838, -0.4605718718093651, -0.8262300233016763, fr=0.474
p:-0.6281092350723412, 0.44662287516033505, -2.290371984110331, fr=0.178
j:0, 3, stif=0.962
j:1, 3
j:2, 0, stif=0.971
j:4, 2
n:j=0, d=|:r=0.962
n:d=*
c:0, 1, 0.363
",4.4852175638455206e-05,feasible,22
15,0,36,"//0
p:0.942, -0.243, -0.276, fr=0.427
p:0.48975803042258415, 0.1028524685988026, -1.4918486514388367, fr=0.012
p:0.225, -0.057, -1.19
p:-0.9682642335694838, -0.4605718718093651, -0.8262300233016763, fr=0.474
p:-0.863, 0.453, -2.487, fr=0.178
j:0, 3, stif=0.962
j:1, 3
j:2, 0, stif=0.971
j:4, 2
n:j=0, d=|:r=0.962
n:d=*
c:0, 1, 0.363
",0.0024959897238389585,"//0
p:0.942, -0.243, -0.276, fr=0.427
p:0.48975803042258415, 0.1028524685988026, -1.4918486514388367, fr=0.012
p:0.225, -0.057, -1.19
p:-0.9682642335694838, -0.4605718718093651, -0.8262300233016763, fr=0.474
p:-0.863, 0.453, -2.487, fr=0.178
j:0, 3, stif=0.962
j:1, 3
j:2, 0, stif=0.931
j:4, 2
n:j=0, d=|:r=0.962
n:d=*
c:0, 1, 0.363
",0.00240886936486348,feasible,22
15,0,36,"//0
p:0.942, -0.243, -0.276, fr=0.427
p:0.48975803042258415, 0.1028524685988026, -1.4918486514388367, fr=0.012
p:0.225, -0.057, -1.19
p:-0.9682642335694838, -0.4605718718093651, -0.8262300233016763, fr=0.474
p:-0.863, 0.453, -2.487, fr=0.178
j:0, 3, stif=0.962
j:1, 3
j:2, 0, stif=0.971
j:4, 2
n:j=0, d=|:r=0.962
n:d=*
c:0, 1, 0.363
",0.0024959897238389585,"//0
p:0.942, -0.243, -0.276, fr=0.427
p:0.48975803042258415, 0.1028524685988026, -1.4918486514388367, fr=0.012
p:0.225, -0.057, -1.19
p:-0.9682642335694838, -0.4605718718093651, -0.8262300233016763, fr=0.474
p:-0.863, 0.453, -2.487, fr=0.178
j:0, 3, stif=0.962
j:1, 3, stif=0.937
j:2, 0, stif=0.971
j:4, 2
n:j=0, d=|:r=0.962
n:d=*
c:0, 1, 0.363
",0.002360878647644199,feasible,22
15,0,36,"//0
p:0.942, -0.243, -0.276, fr=0.427
p:0.48975803042258415, 0.1028524685988026, -1.4918486514388367, fr=0.012
p:0.225, -0.057, -1.19
p:-0.9682642335694838, -0.4605718718093651, -0.8262300233016763, fr=0.474
p:-0.863, 0.453, -2.487, fr=0.178
j:0, 3, stif=0.962
j:1, 3
j:2, 0, stif=0.971
j:4, 2
n:j=0, d=|:r=0.962
n:d=*
c:0, 1, 0.363
",0.0024959897238389585,"//0
p:0.942, -0.243, -0.276, fr=0.427
p:0.48975803042258415, 0.1028524685988026, -1.4918486514388367, fr=0.012
p:0.225, -0.057, -1.19
p:-0.9682642335694838, -0.4605718718093651, -0.8262300233016763, fr=0.474
p:-0.863, 0.453, -2.487, fr=0.178
p:-1.491, 0.945, -0.678
j:0, 3, stif=0.962
j:1, 3
j:2, 0, stif=0.971
j:4, 2
j:5, 3
n:j=0, d=|:r=0.962
n:d=*
c:0, 1, 0.363
",0.00018779424904299486,feasible,22
15,0,36,"//0
p:0.942, -0.243, -0.276, fr=0.427
p:0.48975803042258415, 0.1028524685988026, -1.4918486514388367, fr=0.012
p:0.225, -0.057, -1.19
p:-0.9682642335694838, -0.4605718718093651, -0.8262300233016763, fr=0.474
p:-0.863, 0.453, -2.487, fr=0.178
j:0, 3, stif=0.962
j:1, 3
j:2, 0, stif=0.971
j:4, 2
n:j=0, d=|:r=0.962
n:d=*
c:0, 1, 0.363
",0.0024959897238389585,"//0
p:0.942, -0.243, -0.276, fr=0.427
p:0.48975803042258415, 0.1028524685988026, -1.4918486514388367, fr=0.012
p:0.225, -0.057, -1.19
p:-0.9682642335694838, -0.4605718718093651, -0.8262300233016763, fr=0.474
p:-0.863, 0.453, -2.487, fr=0.178
j:0, 3, stif=0.962
j:1, 3
j:2, 0, stif=0.971
j:4, 2
n:j=0, d=|:r=0.962
n:d=*
",7.158216079847547e-07,feasible,22
15,0,36,"//0
p:0.942, -0.243, -0.276, fr=0.427
p:0.48975803042258415, 0.1028524685988026, -1.4918486514388367, fr=0.012
p:0.225, -0.057, -1.19
p:-0.9682642335694838, -0.4605718718093651, -0.8262300233016763, fr=0.474
p:-0.863, 0.453, -2.487, fr=0.178
j:0, 3, stif=0.962
j:1, 3
j:2, 0, stif=0.971
j:4, 2
n:j=0, d=|:r=0.962
n:d=*
c:0, 1, 0.363
",0.0024959897238389585,"//0
p:0.942, -0.243, -0.276, fr=0.427
p:0.48975803042258415, 0.1028524685988026, -1.4918486514388367, fr=0.012
p:0.225, -0.057, -1.19
p:-0.9682642335694838, -0.4605718718093651, -0.8262300233016763, fr=0.474
p:-0.863, 0.453, -2.487, fr=0.178
j:4, 3, stif=0.962
j:1, 3
j:2, 4, stif=0.971
j:0, 2
n:j=0, d=|:r=0.962
n:d=*
c:0, 1, 0.363
",4.526528006986364e-05,feasible,22
15,0,36,"//0
p:0.942, -0.243, -0.276, fr=0.427
p:0.48975803042258415, 0.1028524685988026, -1.4918486514388367, fr=0.012
p:0.225, -0.057, -1.19
p:-0.9682642335694838, -0.4605718718093651, -0.8262300233016763, fr=0.474
p:-0.863, 0.453, -2.487, fr=0.178
j:0, 3, stif=0.962
j:1, 3
j:2, 0, stif=0.971
j:4, 2
n:j=0, d=|:r=0.962
n:d=*
c:0, 1, 0.363
",0.0024959897238389585,"//0
p:0.942, -0.243, -0.276, fr=0.427
p:0.48975803042258415, 0.1028524685988026, -1.4918486514388367, fr=0.012
p:0.225, -0.057, -1.19
p:-0.9682642335694838, -0.4605718718093651, -0.8262300233016763, fr=0.474
p:-0.2866669265520374, 0.23076852126327868, -1.7810318972889503, fr=0.178
j:2, 3, stif=0.962
j:1, 3
j:0, 2, stif=0.971
j:4, 0
n:j=0, d=|:r=0.962
n:d=*
c:0, 1, 0.363
",2.7047125505601883e-06,feasible,22
15,0,36,"//0
p:0.942, -0.243, -0.276, fr=0.427
p:0.48975803042258415, 0.1028524685988026, -1.4918486514388367, fr=0.012
p:0.225, -0.057, -1.19
p:-0.9682642335694838, -0.4605718718093651, -0.8262300233016763, fr=0.474
p:-0.863, 0.453, -2.487, fr=0.178
j:0, 3, stif=0.962
j:1, 3
j:2, 0, stif=0.971
j:4, 2
n:j=0, d=|:r=0.962
n:d=*
c:0, 1, 0.363
",0.0024959897238389585,"//0
p:0.942, -0.243, -0.276, fr=0.427
p:0.48975803042258415, 0.1028524685988026, -1.4918486514388367, fr=0.012
p:0.225, -0.057, -1.19
p:-0.9682642335694838, -0.4605718718093651, -0.8262300233016763, fr=0.474
p:-0.863, 0.453, -2.487, fr=0.178
j:0, 3, stif=0.962
j:1, 3
j:2, 0, stif=0.971
j:4, 2
j:2, 3
n:j=0, d=|:r=0.962
n:d=*
c:0, 1, 0.363
",7.374610877590783e-07,feasible,22
15,0,37,"//0
p:0.942, -0.243, -0.276, fr=0.427
p:0.597, 0.044, -1.86, fr=0.012
p:0.225, -0.057, -1.19
p:-0.9682642335694838, -0.4605718718093651, -0.8262300233016763, fr=0.474
p:-0.863, 0.453, -2.487, fr=0.178
j:0, 3, stif=0.962
j:1, 3
j:2, 0, stif=0.971
j:4, 2
n:j=0, d=|:r=0.962
n:d=*
c:0, 1, 0.363
",0.004098185227481641,"//0
p:0.942, -0.243, -0.276, fr=0.427
p:0.597, 0.044, -1.86, fr=0.012
p:0.225, -0.057, -1.19
p:-0.9682642335694838, -0.4605718718093651, -0.8262300233016763, fr=0.474
p:-0.85, 0.055, -2.794, fr=0.178
j:0, 3, stif=0.962
j:1, 3
j:2, 0, stif=0.971
j:4, 2
n:j=0, d=|:r=0.962
n:d=*
c:0, 1, 0.363
",0.0037360755976926442,feasible,21
15,0,37,"//0
p:0.942, -0.243, -0.276, fr=0.427
p:0.597, 0.044, -1.86, fr=0.012
p:0.225, -0.057, -1.19
p:-0.9682642335694838, -0.4605718718093651, -0.8262300233016763, fr=0.474
p:-0.863, 0.453, -2.487, fr=0.178
j:0, 3, stif=0.962
j:1, 3
j:2, 0, stif=0.971
j:4, 2
n:j=0, d=|:r=0.962
n:d=*
c:0, 1, 0.363
",0.004098185227481641,"//0
p:0.942, -0.243, -0.276, fr=0.427
p:0.597, 0.044, -1.86, fr=0.012
p:0.225, -0.057, -1.19
p:-0.9682642335694838, -0.4605718718093651, -0.8262300233016763, fr=0.474
p:-0.863, 0.453, -2.487, fr=0.178, ing=0.305
j:0, 3, stif=0.962
j:1, 3
j:2, 0, stif=0.971
j:4, 2
n:j=0, d=|:r=0.962
n:d=*
c:0, 1, 0.363
",0.004098185227481641,feasible,21
15,0,37,"//0
p:0.942, -0.243, -0.276, fr=0.427
p:0.597, 0.044, -1.86, fr=0.012
p:0.225, -0.057, -1.19
p:-0.9682642335694838, -0.4605718718093651, -0.8262300233016763, fr=0.474
p:-0.863, 0.453, -2.487, fr=0.178
j:0, 3, stif=0.962
j:1, 3
j:2, 0, stif=0.971
j:4, 2
n:j=0, d=|:r=0.962
n:d=*
c:0, 1, 0.363
",0.004098185227481641,"//0
p:0.942, -0.243, -0.276, fr=0.427
p:0.597, 0.044, -1.86, fr=0.012
p:0.225, -0.057, -1.19
p:-0.9682642335694838, -0.4605718718093651, -0.8262300233016763, fr=0.474
p:-0.863, 0.453, -2.487, fr=0.178
j:0, 3, stif=0.962
j:1, 3
j:2, 0, stif=0.971
j:4, 2
n:j=0, d=""|:p=0.419, r=0.962""
n:d=*
c:0, 1, 0.363
",0.0002578681660358279,feasible,21
15,0,37,"//0
p:0.942, -0.243, -0.276, fr=0.427
p:0.597, 0.044, -1.86, fr=0.012
p:0.225, -0.057, -1.19
p:-0.9682642335694838, -0.4605718718093651, -0.8262300233016763, fr=0.474
p:-0.863, 0.453, -2.487, fr=0.178
j:0, 3, stif=0.962
j:1, 3
j:2, 0, stif=0.971
j:4, 2
n:j=0, d=|:r=0.962
n:d=*
c:0, 1, 0.363
",0.004098185227481641,"//0
p:0.942, -0.243, -0.276, fr=0.427
p:0.597, 0.044, -1.86, fr=0.012
p:0.225, -0.057, -1.19
p:-0.9682642335694838, -0.4605718718093651, -0.8262300233016763, fr=0.474
p:-0.863, 0.453, -2.487, fr=0.178
j:0, 3, stif=0.962
j:1, 3
j:2, 0, stif=0.971
j:4, 2
n:j=0, d=|:r=0.962
n:d=*
c:0, 1, -1.718
",0.0001163118421207506,feasible,21
15,0,37,"//0
p:0.942, -0.243, -0.276, fr=0.427
p:0.597, 0.044, -1.86, fr=0.012
p:0.225, -0.057, -1.19
p:-0.9682642335694838, -0.4605718718093651, -0.8262300233016763, fr=0.474
p:-0.863, 0.453, -2.487, fr=0.178
j:0, 3, stif=0.962
j:1, 3
j:2, 0, stif=0.971
j:4, 2
n:j=0, d=|:r=0.962
n:d=*
c:0, 1, 0.363
",0.004098185227481641,"//0
p:0.942, -0.243, -0.276, fr=0.427
p:0.597, 0.044, -1.86, fr=0.012
p:0.225, -0.057, -1.19
p:-0.9682642335694838, -0.4605718718093651, -0.8262300233016763, fr=0.474
p:-0.863, 0.453, -2.487, fr=0.178
j:0, 3, stif=0.962
j:1, 3
j:2, 0, stif=0.971
j:4, 2
n:j=0, d=|:r=0.962
n:d=*
n:j=3, d=G
c:0, 1, 0.363
",0.004098185227481641,feasible,21
15,0,37,"//0
p:0.942, -0.243, -0.276, fr=0.427
p:0.597, 0.044, -1.86, fr=0.012
p:0.225, -0.057, -1.19
p:-0.9682642335694838, -0.4605718718093651, -0.8262300233016763, fr=0.474
p:-0.863, 0.453, -2.487, fr=0.178
j:0, 3, stif=0.962
j:1, 3
j:2, 0, stif=0.971
j:4, 2
n:j=0, d=|:r=0.962
n:d=*
c:0, 1, 0.363
",0.004098185227481641,"//0
p:0.942, -0.243, -0.276, fr=0.427
p:0.7778509293593234, 0.13885917794265235, -1.5949720439973705, fr=0.012
p:0.225, -0.057, -1.19
p:-0.9682642335694838, -0.4605718718093651, -0.8262300233016763, fr=0.474
p:-0.863, 0.453, -2.487, fr=0.178
j:0, 3, stif=0.962
j:1, 3
j:2, 0, stif=0.971
j:4, 2
n:j=0, d=|:r=0.962
n:d=*
c:0, 1, 0.363
",0.0032669884735070155,feasible,21
15,0,37,"//0
p:0.942, -0.243, -0.276, fr=0.427
p:0.597, 0.044, -1.86, fr=0.012
p:0.225, -0.057, -1.19
p:-0.9682642335694838, -0.4605718718093651, -0.8262300233016763, fr=0.474
p:-0.863, 0.453, -2.487, fr=0.178
j:0, 3, stif=0.962
j:1, 3
j:2, 0, stif=0.971
j:4, 2
n:j=0, d=|:r=0.962
n:d=*
c:0, 1, 0.363
",0.004098185227481641,"//0
p:0.942, -0.243, -0.276, fr=0.427
p:0.597, 0.044, -1.86, fr=0.012
p:0.225, -0.057, -1.19
p:-0.9682642335694838, -0.4605718718093651, -0.8262300233016763, fr=0.474
p:-0.863, 0.453, -2.487, fr=0.178
j:0, 3, stif=0.962
j:1, 3
j:2, 0, stif=0.971
j:4, 2
n:j=0, d=|:r=0.962
n:d=*
n:j=2, d=G
c:0, 1, 0.363
",0.004098185227481641,feasible,21
15,0,37,"//0
p:0.942, -0.243, -0.276, fr=0.427
p:0.597, 0.044, -1.86, fr=0.012
p:0.225, -0.057, -1.19
p:-0.9682642335694838, -0.4605718718093651, -0.8262300233016763, fr=0.474
p:-0.863, 0.453, -2.487, fr=0.178
j:0, 3, stif=0.962
j:1, 3
j:2, 0, stif=0.971
j:4, 2
n:j=0, d=|:r=0.962
n:d=*
c:0, 1, 0.363
",0.004098185227481641,"//0
p:0.942, -0.243, -0.276, fr=0.427
p:0.597, 0.044, -1.86, fr=0.012
p:0.225, -0.057, -1.19
p:-0.9682642335694838, -0.4605718718093651, -0.8262300233016763, fr=0.474
p:-0.863, 0.453, -2.487, fr=0.178
j:0, 3, stif=0.962
j:1, 3
j:2, 0, stif=0.971
j:4, 2
n:j=0, d=|:r=0.962
n:d=*
",3.7087022701988014e-05,feasible,21
15,0,37,"//0
p:0.942, -0.243, -0.276, fr=0.427
p:0.597, 0.044, -1.86, fr=0.012
p:0.225, -0.057, -1.19
p:-0.9682642335694838, -0.4605718718093651, -0.8262300233016763, fr=0.474
p:-0.863, 0.453, -2.487, fr=0.178
j:0, 3, stif=0.962
j:1, 3
j:2, 0, stif=0.971
j:4, 2
n:j=0, d=|:r=0.962
n:d=*
c:0, 1, 0.363
",0.004098185227481641,"//0
p:0.942, -0.243, -0.276, fr=0.427
p:0.597, 0.044, -1.86, fr=0.012
p:0.225, -0.057, -1.19
p:-0.9682642335694838, -0.4605718718093651, -0.8262300233016763, fr=0.474
p:-0.863, 0.453, -2.487, fr=0.178
j:0, 3, stif=0.962
j:1, 3
j:2, 0, stif=0.971
j:4, 2
n:j=0, d=""|:p=0.4, r=0.962""
n:d=*
c:0, 1, 0.363
",0.00024043062080356266,feasible,21
15,0,37,"//0
p:0.942, -0.243, -0.276, fr=0.427
p:0.597, 0.044, -1.86, fr=0.012
p:0.225, -0.057, -1.19
p:-0.9682642335694838, -0.4605718718093651, -0.8262300233016763, fr=0.474
p:-0.863, 0.453, -2.487, fr=0.178
j:0, 3, stif=0.962
j:1, 3
j:2, 0, stif=0.971
j:4, 2
n:j=0, d=|:r=0.962
n:d=*
c:0, 1, 0.363
",0.004098185227481641,"//0
p:1.637, -0.169, -0.215, fr=0.427
p:0.597, 0.044, -1.86, fr=0.012
p:0.225, -0.057, -1.19
p:-0.298479769921264, -0.3856119858759621, -0.6690895812506633, fr=0.474
p:-0.863, 0.453, -2.487, fr=0.178
j:0, 3, stif=0.962
j:1, 3
j:2, 0, stif=0.971
j:4, 2
n:j=0, d=|:r=0.962
n:d=*
c:0, 1, 0.363
",0.00017833277547152352,feasible,21
15,0,37,"//0
p:0.942, -0.243, -0.276, fr=0.427
p:0.597, 0.044, -1.86, fr=0.012
p:0.225, -0.057, -1.19
p:-0.9682642335694838, -0.4605718718093651, -0.8262300233016763, fr=0.474
p:-0.863, 0.453, -2.487, fr=0.178
j:0, 3, stif=0.962
j:1, 3
j:2, 0, stif=0.971
j:4, 2
n:j=0, d=|:r=0.962
n:d=*
c:0, 1, 0.363
",0.004098185227481641,"//0
p:0.942, -0.243, -0.276, fr=0.427
p:0.597, 0.044, -1.86, fr=0.012
p:0.225, -0.057, -1.19
p:-0.9682642335694838, -0.4605718718093651, -0.8262300233016763, fr=0.474
p:-0.863, 0.453, -2.487, fr=0.178
j:0, 3, stif=0.962
j:1, 3
j:2, 0, stif=0.971
j:4, 2
n:d=*
",2.752907163235119e-07,feasible,21
15,0,37,"//0
p:0.942, -0.243, -0.276, fr=0.427
p:0.597, 0.044, -1.86, fr=0.012
p:0.225, -0.057, -1.19
p:-0.9682642335694838, -0.4605718718093651, -0.8262300233016763, fr=0.474
p:-0.863, 0.453, -2.487, fr=0.178
j:0, 3, stif=0.962
j:1, 3
j:2, 0, stif=0.971
j:4, 2
n:j=0, d=|:r=0.962
n:d=*
c:0, 1, 0.363
",0.004098185227481641,"//0
p:0.942, -0.243, -0.276, fr=0.427
p:0.597, 0.044, -1.86, fr=0.012
p:0.225, -0.057, -1.19
p:-0.9682642335694838, -0.4605718718093651, -0.8262300233016763, fr=0.474
p:-0.863, 0.453, -2.487, fr=0.178
j:0, 3, stif=0.962
j:1, 3
j:2, 0, stif=0.971
j:4, 2, rotstif=0.993
n:j=0, d=|:r=0.962
n:d=*
c:0, 1, 0.363
",0.004098185227481641,feasible,21
15,0,37,"//0
p:0.942, -0.243, -0.276, fr=0.427
p:0.597, 0.044, -1.86, fr=0.012
p:0.225, -0.057, -1.19
p:-0.9682642335694838, -0.4605718718093651, -0.8262300233016763, fr=0.474
p:-0.863, 0.453, -2.487, fr=0.178
j:0, 3, stif=0.962
j:1, 3
j:2, 0, stif=0.971
j:4, 2
n:j=0, d=|:r=0.962
n:d=*
c:0, 1, 0.363
",0.004098185227481641,"//0
p:0.36566692655203736, -0.02076852126327866, -0.9819681027110498, fr=0.427
p:0.597, 0.044, -1.86, fr=0.012
p:0.225, -0.057, -1.19
p:-0.9682642335694838, -0.4605718718093651, -0.8262300233016763, fr=0.474
p:-0.863, 0.453, -2.487, fr=0.178
j:0, 3, stif=0.962
j:1, 3
j:4, 0, stif=0.971
j:2, 4
n:j=0, d=|:r=0.962
n:d=*
c:0, 1, 0.363
",0.0004646529057901862,feasible,21
15,0,37,"//0
p:0.942, -0.243, -0.276, fr=0.427
p:0.597, 0.044, -1.86, fr=0.012
p:0.225, -0.057, -1.19
p:-0.9682642335694838, -0.4605718718093651, -0.8262300233016763, fr=0.474
p:-0.863, 0.453, -2.487, fr=0.178
j:0, 3, stif=0.962
j:1, 3
j:2, 0, stif=0.971
j:4, 2
n:j=0, d=|:r=0.962
n:d=*
c:0, 1, 0.363
",0.004098185227481641,"//0
p:0.942, -0.243, -0.276, fr=0.427
p:0.597, 0.044, -1.86, fr=0.012
p:0.225, -0.057, -1.19
p:-0.9682642335694838, -0.4605718718093651, -0.8262300233016763, fr=0.474
p:-0.863, 0.453, -2.487, fr=0.178
j:0, 3, stif=0.962
j:1, 3
j:2, 0, stif=0.971
j:4, 2
n:j=0, d=|:r=0.962
n:d=*
n:p=2, d=S
c:0, 1, 0.363
",0.004098185227481641,feasible,21
15,0,37,"//0
p:0.942, -0.243, -0.276, fr=0.427
p:0.597, 0.044, -1.86, fr=0.012
p:0.225, -0.057, -1.19
p:-0.9682642335694838, -0.4605718718093651, -0.8262300233016763, fr=0.474
p:-0.863, 0.453, -2.487, fr=0.178
j:0, 3, stif=0.962
j:1, 3
j:2, 0, stif=0.971
j:4, 2
n:j=0, d=|:r=0.962
n:d=*
c:0, 1, 0.363
",0.004098185227481641,"//0
p:0.942, -0.243, -0.276, fr=0.427, ing=0.206
p:0.597, 0.044, -1.86, fr=0.012
p:0.225, -0.057, -1.19
p:-0.9682642335694838, -0.4605718718093651, -0.8262300233016763, fr=0.474
p:-0.863, 0.453, -2.487, fr=0.178
j:0, 3, stif=0.962
j:1, 3
j:2, 0, stif=0.971
j:4, 2
n:j=0, d=|:r=0.962
n:d=*
c:0, 1, 0.363
",0.004098185227481641,feasible,21
15,0,37,"//0
p:0.942, -0.243, -0.276, fr=0.427
p:0.597, 0.044, -1.86, fr=0.012
p:0.225, -0.057, -1.19
p:-0.9682642335694838, -0.4605718718093651, -0.8262300233016763, fr=0.474
p:-0.863, 0.453, -2.487, fr=0.178
j:0, 3, stif=0.962
j:1, 3
j:2, 0, stif=0.971
j:4, 2
n:j=0, d=|:r=0.962
n:d=*
c:0, 1, 0.363
",0.004098185227481641,"//0
p:0.942, -0.243, -0.276, fr=0.427
p:0.597, 0.044, -1.86, fr=0.012
p:0.225, -0.057, -1.19
p:-0.9682642335694838, -0.4605718718093651, -0.8262300233016763, fr=0.474
p:-0.863, 0.453, -2.487, fr=0.178
j:0, 3, stif=0.962
j:1, 3
j:2, 0, stif=0.971
j:4, 2, stif=0.875
n:j=0, d=|:r=0.962
n:d=*
c:0, 1, 0.363
",0.003640877047168903,feasible,21
15,0,37,"//0
p:0.942, -0.243, -0.276, fr=0.427
p:0.597, 0.044, -1.86, fr=0.012
p:0.225, -0.057, -1.19
p:-0.9682642335694838, -0.4605718718093651, -0.8262300233016763, fr=0.474
p:-0.863, 0.453, -2.487, fr=0.178
j:0, 3, stif=0.962
j:1, 3
j:2, 0, stif=0.971
j:4, 2
n:j=0, d=|:r=0.962
n:d=*
c:0, 1, 0.363
",0.004098185227481641,"//0
p:0.942, -0.243, -0.276, fr=0.427
p:0.597, 0.044, -1.86, fr=0.012
p:0.225, -0.057, -1.19, ing=0.294
p:-0.9682642335694838, -0.4605718718093651, -0.8262300233016763, fr=0.474
p:-0.863, 0.453, -2.487, fr=0.178
j:0, 3, stif=0.962
j:1, 3
j:2, 0, stif=0.971
j:4, 2
n:j=0, d=|:r=0.962
n:d=*
c:0, 1, 0.363
",0.004098185227481641,feasible,21
15,0,37,"//0
p:0.942, -0.243, -0.276, fr=0.427
p:0.597, 0.044, -1.86, fr=0.012
p:0.225, -0.057, -1.19
p:-0.9682642335694838, -0.4605718718093651, -0.8262300233016763, fr=0.474
p:-0.863, 0.453, -2.487, fr=0.178
j:0, 3, stif=0.962
j:1, 3
j:2, 0, stif=0.971
j:4, 2
n:j=0, d=|:r=0.962
n:d=*
c:0, 1, 0.363
",0.004098185227481641,"//0
p:0.942, -0.243, -0.276, fr=0.427
p:0.597, 0.044, -1.86, fr=0.012
p:0.225, -0.057, -1.19
p:-0.9682642335694838, -0.4605718718093651, -0.8262300233016763, fr=0.474
p:-0.863, 0.453, -2.487, fr=0.178
j:0, 3, stif=0.962
j:1, 3
j:2, 0, stif=0.971
j:4, 2
n:j=0, d=|:r=0.962
n:d=*
c:0, 1, 1.239
",0.0007067544488131444,feasible,21
15,0,37,"//0
p:0.942, -0.243, -0.276, fr=0.427
p:0.597, 0.044, -1.86, fr=0.012
p:0.225, -0.057, -1.19
p:-0.9682642335694838, -0.4605718718093651, -0.8262300233016763, fr=0.474
p:-0.863, 0.453, -2.487, fr=0.178
j:0, 3, stif=0.962
j:1, 3
j:2, 0, stif=0.971
j:4, 2
n:j=0, d=|:r=0.962
n:d=*
c:0, 1, 0.363
",0.004098185227481641,"//0
p:0.942, -0.243, -0.276, fr=0.427
p:0.597, 0.044, -1.86, fr=0.012
p:0.225, -0.057, -1.19
p:-0.9682642335694838, -0.4605718718093651, -0.8262300233016763, fr=0.474
p:-0.863, 0.453, -2.487, fr=0.178
j:0, 3, stif=0.962
j:1, 3
j:2, 0, stif=0.971
j:4, 2
n:j=0, d=""|:p=0.091, r=0.962""
n:d=*
c:0, 1, 0.363
",0.0035148280296373826,feasible,21
15,0,37,"//0
p:0.942, -0.243, -0.276, fr=0.427
p:0.597, 0.044, -1.86, fr=0.012
p:0.225, -0.057, -1.19
p:-0.9682642335694838, -0.4605718718093651, -0.8262300233016763, fr=0.474
p:-0.863, 0.453, -2.487, fr=0.178
j:0, 3, stif=0.962
j:1, 3
j:2, 0, stif=0.971
j:4, 2
n:j=0, d=|:r=0.962
n:d=*
c:0, 1, 0.363
",0.004098185227481641,"//0
p:0.942, -0.243, -0.276, fr=0.427
p:0.597, 0.044, -1.86, fr=0.012
p:0.225, -0.057, -1.19
p:-0.9682642335694838, -0.4605718718093651, -0.8262300233016763, fr=0.474
p:-0.863, 0.453, -2.487, fr=0.178
j:0, 3, stif=0.962
j:1, 3
j:2, 0, stif=0.971
j:4, 2, stif=0.778
n:j=0, d=|:r=0.962
n:d=*
c:0, 1, 0.363
",0.00421157509228444,feasible,21
15,0,38,"//0
p:0.942, -0.243, -0.276, fr=0.427
p:0.597, 0.044, -1.86, fr=0.012
p:0.225, -0.057, -1.19
p:-0.9682642335694838, -0.4605718718093651, -0.8262300233016763, fr=0.474
p:-0.491, 0.997, -2.292, fr=0.178
j:0, 3, stif=0.962
j:1, 3
j:2, 0, stif=0.971
j:4, 2
n:j=0, d=|:r=0.962
n:d=*
c:0, 1, 0.363
",0.00484548117249798,"//0
p:0.942, -0.243, -0.276, fr=0.427
p:0.597, 0.044, -1.86, fr=0.012
p:0.225, -0.057, -1.19
p:-0.9682642335694838, -0.4605718718093651, -0.8262300233016763, fr=0.474
p:-0.491, 0.997, -2.292, fr=0.178
j:3, 0, stif=0.962
j:1, 0
j:2, 3, stif=0.971
j:4, 2
n:j=0, d=|:r=0.962
n:d=*
c:0, 1, 0.363
",0.00022373824059348092,feasible,21
15,0,38,"//0
p:0.942, -0.243, -0.276, fr=0.427
p:0.597, 0.044, -1.86, fr=0.012
p:0.225, -0.057, -1.19
p:-0.9682642335694838, -0.4605718718093651, -0.8262300233016763, fr=0.474
p:-0.491, 0.997, -2.292, fr=0.178
j:0, 3, stif=0.962
j:1, 3
j:2, 0, stif=0.971
j:4, 2
n:j=0, d=|:r=0.962
n:d=*
c:0, 1, 0.363
",0.00484548117249798,"//0
p:0.942, -0.243, -0.276, fr=0.427
p:0.597, 0.044, -1.86, fr=0.012
p:0.225, -0.057, -1.19, fr=0.042
p:-0.9682642335694838, -0.4605718718093651, -0.8262300233016763, fr=0.474
p:-0.491, 0.997, -2.292, fr=0.178
j:0, 3, stif=0.962
j:1, 3
j:2, 0, stif=0.971
j:4, 2
n:j=0, d=|:r=0.962
n:d=*
c:0, 1, 0.363
",0.003387787420793627,feasible,21
15,0,38,"//0
p:0.942, -0.243, -0.276, fr=0.427
p:0.597, 0.044, -1.86, fr=0.012
p:0.225, -0.057, -1.19
p:-0.9682642335694838, -0.4605718718093651, -0.8262300233016763, fr=0.474
p:-0.491, 0.997, -2.292, fr=0.178
j:0, 3, stif=0.962
j:1, 3
j:2, 0, stif=0.971
j:4, 2
n:j=0, d=|:r=0.962
n:d=*
c:0, 1, 0.363
",0.00484548117249798,"//0
p:0.942, -0.243, -0.276, fr=0.427
p:0.079, -0.297, -2.237, fr=0.012
p:0.225, -0.057, -1.19
p:-0.9682642335694838, -0.4605718718093651, -0.8262300233016763, fr=0.474
p:-0.491, 0.997, -2.292, fr=0.178
j:0, 3, stif=0.962
j:1, 3
j:2, 0, stif=0.971
j:4, 2
n:j=0, d=|:r=0.962
n:d=*
c:0, 1, 0.363
",0.001069625143807291,feasible,21
15,0,38,"//0
p:0.942, -0.243, -0.276, fr=0.427
p:0.597, 0.044, -1.86, fr=0.012
p:0.225, -0.057, -1.19
p:-0.9682642335694838, -0.4605718718093651, -0.8262300233016763, fr=0.474
p:-0.491, 0.997, -2.292, fr=0.178
j:0, 3, stif=0.962
j:1, 3
j:2, 0, stif=0.971
j:4, 2
n:j=0, d=|:r=0.962
n:d=*
c:0, 1, 0.363
",0.00484548117249798,"//0
p:0.942, -0.243, -0.276, fr=0.427
p:0.597, 0.044, -1.86, fr=0.012
p:0.225, -0.057, -1.19
p:-0.9682642335694838, -0.4605718718093651, -0.8262300233016763, fr=0.474
p:-0.491, 0.997, -2.292, fr=0.178
p:2.238, -0.842, 0.222
j:0, 3, stif=0.962
j:1, 3
j:2, 0, stif=0.971
j:4, 2
j:5, 0
n:j=0, d=|:r=0.962
n:d=*
c:0, 1, 0.363
",0.0003378570476033229,feasible,21
15,0,38,"//0
p:0.942, -0.243, -0.276, fr=0.427
p:0.597, 0.044, -1.86, fr=0.012
p:0.225, -0.057, -1.19
p:-0.9682642335694838, -0.4605718718093651, -0.8262300233016763, fr=0.474
p:-0.491, 0.997, -2.292, fr=0.178
j:0, 3, stif=0.962
j:1, 3
j:2, 0, stif=0.971
j:4, 2
n:j=0, d=|:r=0.962
n:d=*
c:0, 1, 0.363
",0.00484548117249798,"//0
p:0.942, -0.243, -0.276, fr=0.427
p:0.597, 0.044, -1.86, fr=0.012
p:0.225, -0.057, -1.19, ing=0.068
p:-0.9682642335694838, -0.4605718718093651, -0.8262300233016763, fr=0.474
p:-0.491, 0.997, -2.292, fr=0.178
j:0, 3, stif=0.962
j:1, 3
j:2, 0, stif=0.971
j:4, 2
n:j=0, d=|:r=0.962
n:d=*
c:0, 1, 0.363
",0.00484548117249798,feasible,21
15,0,38,"//0
p:0.942, -0.243, -0.276, fr=0.427
p:0.597, 0.044, -1.86, fr=0.012
p:0.225, -0.057, -1.19
p:-0.9682642335694838, -0.4605718718093651, -0.8262300233016763, fr=0.474
p:-0.491, 0.997, -2.292, fr=0.178
j:0, 3, stif=0.962
j:1, 3
j:2, 0, stif=0.971
j:4, 2
n:j=0, d=|:r=0.962
n:d=*
c:0, 1, 0.363
",0.00484548117249798,"//0
p:0.942, -0.243, -0.276, fr=0.427
p:0.597, 0.044, -1.86, fr=0.012
p:0.225, -0.057, -1.19
p:-0.9682642335694838, -0.4605718718093651, -0.8262300233016763, fr=0.474
p:-0.491, 0.997, -2.292, fr=0.178
j:0, 1, stif=0.962
j:3, 1
j:2, 0, stif=0.971
j:4, 2
n:j=0, d=|:r=0.962
n:d=*
c:0, 1, 0.363
",7.102565720056313e-05,feasible,21
15,0,38,"//0
p:0.942, -0.243, -0.276, fr=0.427
p:0.597, 0.044, -1.86, fr=0.012
p:0.225, -0.057, -1.19
p:-0.9682642335694838, -0.4605718718093651, -0.8262300233016763, fr=0.474
p:-0.491, 0.997, -2.292, fr=0.178
j:0, 3, stif=0.962
j:1, 3
j:2, 0, stif=0.971
j:4, 2
n:j=0, d=|:r=0.962
n:d=*
c:0, 1, 0.363
",0.00484548117249798,"//0
p:0.942, -0.243, -0.276, fr=0.427
p:0.597, 0.044, -1.86, fr=0.012
p:0.225, -0.057, -1.19
p:-0.9682642335694838, -0.4605718718093651, -0.8262300233016763, fr=0.474, ing=0.301
p:-0.491, 0.997, -2.292, fr=0.178
j:0, 3, stif=0.962
j:1, 3
j:2, 0, stif=0.971
j:4, 2
n:j=0, d=|:r=0.962
n:d=*
c:0, 1, 0.363
",0.00484548117249798,feasible,21
15,0,38,"//0
p:0.942, -0.243, -0.276, fr=0.427
p:0.597, 0.044, -1.86, fr=0.012
p:0.225, -0.057, -1.19
p:-0.9682642335694838, -0.4605718718093651, -0.8262300233016763, fr=0.474
p:-0.491, 0.997, -2.292, fr=0.178
j:0, 3, stif=0.962
j:1, 3
j:2, 0, stif=0.971
j:4, 2
n:j=0, d=|:r=0.962
n:d=*
c:0, 1, 0.363
",0.00484548117249798,"//0
p:0.5447390978480787, 0.10075681693536798, -0.8348820507594368, fr=0.427
p:0.597, 0.044, -1.86, fr=0.012
p:0.225, -0.057, -1.19
p:-0.9682642335694838, -0.4605718718093651, -0.8262300233016763, fr=0.474
p:-0.491, 0.997, -2.292, fr=0.178
j:0, 3, stif=0.962
j:1, 3
j:4, 0, stif=0.971
j:2, 4
n:j=0, d=|:r=0.962
n:d=*
c:0, 1, 0.363
",0.0009387352443512475,feasible,21
15,0,38,"//0
p:0.942, -0.243, -0.276, fr=0.427
p:0.597, 0.044, -1.86, fr=0.012
p:0.225, -0.057, -1.19
p:-0.9682642335694838, -0.4605718718093651, -0.8262300233016763, fr=0.474
p:-0.491, 0.997, -2.292, fr=0.178
j:0, 3, stif=0.962
j:1, 3
j:2, 0, stif=0.971
j:4, 2
n:j=0, d=|:r=0.962
n:d=*
c:0, 1, 0.363
",0.00484548117249798,"//0
p:0.942, -0.243, -0.276, fr=0.427
p:0.597, 0.044, -1.86, fr=0.012
p:0.225, -0.057, -1.19
p:-0.9682642335694838, -0.4605718718093651, -0.8262300233016763, fr=0.474
p:-0.491, 0.997, -2.292, fr=0.178
j:0, 3, stif=0.962
j:1, 3
j:2, 0, stif=0.971
j:4, 2
n:j=0, d=|:r=0.962
n:d=*
c:0, 1, 1.878
",0.0032230929621113184,feasible,21
15,0,38,"//0
p:0.942, -0.243, -0.276, fr=0.427
p:0.597, 0.044, -1.86, fr=0.012
p:0.225, -0.057, -1.19
p:-0.9682642335694838, -0.4605718718093651, -0.8262300233016763, fr=0.474
p:-0.491, 0.997, -2.292, fr=0.178
j:0, 3, stif=0.962
j:1, 3
j:2, 0, stif=0.971
j:4, 2
n:j=0, d=|:r=0.962
n:d=*
c:0, 1, 0.363
",0.00484548117249798,"//0
p:0.942, -0.243, -0.276, fr=0.427
p:0.597, 0.044, -1.86, fr=0.012
p:0.225, -0.057, -1.19
p:-0.9682642335694838, -0.4605718718093651, -0.8262300233016763, fr=0.474
p:-0.491, 0.997, -2.292, fr=0.178
j:0, 3, stif=0.962
j:1, 3
j:2, 0, stif=0.971
j:4, 2
n:j=0, d=|:r=0.962
n:d=*
",6.754772511576937e-07,feasible,21
15,0,38,"//0
p:0.942, -0.243, -0.276, fr=0.427
p:0.597, 0.044, -1.86, fr=0.012
p:0.225, -0.057, -1.19
p:-0.9682642335694838, -0.4605718718093651, -0.8262300233016763, fr=0.474
p:-0.491, 0.997, -2.292, fr=0.178
j:0, 3, stif=0.962
j:1, 3
j:2, 0, stif=0.971
j:4, 2
n:j=0, d=|:r=0.962
n:d=*
c:0, 1, 0.363
",0.00484548117249798,"//0
p:0.942, -0.243, -0.276, fr=0.427
p:0.225, -0.057, -1.19
p:-0.9682642335694838, -0.4605718718093651, -0.8262300233016763, fr=0.474
p:-0.491, 0.997, -2.292, fr=0.178
j:0, 2, stif=0.962
j:1, 0, stif=0.971
j:3, 1
n:j=0, d=|:r=0.962
n:d=*
c:0, 1, 0.363
",0.00012097304951040934,feasible,21
15,0,38,"//0
p:0.942, -0.243, -0.276, fr=0.427
p:0.597, 0.044, -1.86, fr=0.012
p:0.225, -0.057, -1.19
p:-0.9682642335694838, -0.4605718718093651, -0.8262300233016763, fr=0.474
p:-0.491, 0.997, -2.292, fr=0.178
j:0, 3, stif=0.962
j:1, 3
j:2, 0, stif=0.971
j:4, 2
n:j=0, d=|:r=0.962
n:d=*
c:0, 1, 0.363
",0.00484548117249798,"//0
p:0.942, -0.243, -0.276, fr=0.427
p:0.597, 0.044, -1.86, fr=0.012
p:0.225, -0.057, -1.19
p:-0.9682642335694838, -0.4605718718093651, -0.8262300233016763, fr=0.474
p:-0.491, 0.997, -2.292, fr=0.178
j:0, 3, stif=0.962
j:1, 3
j:2, 0, stif=0.971
j:4, 2
n:j=0, d=|:r=0.962
n:d=*
n:j=3, d=@
c:0, 1, 0.363
c:2, 1, -1.576
",0.005366708516243118,feasible,21
15,0,38,"//0
p:0.942, -0.243, -0.276, fr=0.427
p:0.597, 0.044, -1.86, fr=0.012
p:0.225, -0.057, -1.19
p:-0.9682642335694838, -0.4605718718093651, -0.8262300233016763, fr=0.474
p:-0.491, 0.997, -2.292, fr=0.178
j:0, 3, stif=0.962
j:1, 3
j:2, 0, stif=0.971
j:4, 2
n:j=0, d=|:r=0.962
n:d=*
c:0, 1, 0.363
",0.00484548117249798,"//0
p:0.942, -0.243, -0.276, fr=0.427
p:0.597, 0.044, -1.86, fr=0.012
p:0.225, -0.057, -1.19
p:-0.9682642335694838, -0.4605718718093651, -0.8262300233016763, fr=0.28
p:-0.491, 0.997, -2.292, fr=0.178
j:0, 3, stif=0.962
j:1, 3
j:2, 0, stif=0.971
j:4, 2
n:j=0, d=|:r=0.962
n:d=*
c:0, 1, 0.363
",0.0035799842403436855,feasible,21
15,0,38,"//0
p:0.942, -0.243, -0.276, fr=0.427
p:0.597, 0.044, -1.86, fr=0.012
p:0.225, -0.057, -1.19
p:-0.9682642335694838, -0.4605718718093651, -0.8262300233016763, fr=0.474
p:-0.491, 0.997, -2.292, fr=0.178
j:0, 3, stif=0.962
j:1, 3
j:2, 0, stif=0.971
j:4, 2
n:j=0, d=|:r=0.962
n:d=*
c:0, 1, 0.363
",0.00484548117249798,"//0
p:0.942, -0.243, -0.276, fr=0.427
p:0.597, 0.044, -1.86, fr=0.012
p:0.225, -0.057, -1.19
p:-0.9682642335694838, -0.4605718718093651, -0.8262300233016763, fr=0.474
p:-0.491, 0.997, -2.292, fr=0.178
j:0, 3, stif=0.962
j:1, 3
j:2, 0, stif=0.944
j:4, 2
n:j=0, d=|:r=0.962
n:d=*
c:0, 1, 0.363
",0.005313633466067172,feasible,21
15,0,38,"//0
p:0.942, -0.243, -0.276, fr=0.427
p:0.597, 0.044, -1.86, fr=0.012
p:0.225, -0.057, -1.19
p:-0.9682642335694838, -0.4605718718093651, -0.8262300233016763, fr=0.474
p:-0.491, 0.997, -2.292, fr=0.178
j:0, 3, stif=0.962
j:1, 3
j:2, 0, stif=0.971
j:4, 2
n:j=0, d=|:r=0.962
n:d=*
c:0, 1, 0.363
",0.00484548117249798,"//0
p:0.942, -0.243, -0.276, fr=0.427, ing=0.437
p:0.597, 0.044, -1.86, fr=0.012
p:0.225, -0.057, -1.19
p:-0.9682642335694838, -0.4605718718093651, -0.8262300233016763, fr=0.474
p:-0.491, 0.997, -2.292, fr=0.178
j:0, 3, stif=0.962
j:1, 3
j:2, 0, stif=0.971
j:4, 2
n:j=0, d=|:r=0.962
n:d=*
c:0, 1, 0.363
",0.00484548117249798,feasible,21
15,0,38,"//0
p:0.942, -0.243, -0.276, fr=0.427
p:0.597, 0.044, -1.86, fr=0.012
p:0.225, -0.057, -1.19
p:-0.9682642335694838, -0.4605718718093651, -0.8262300233016763, fr=0.474
p:-0.491, 0.997, -2.292, fr=0.178
j:0, 3, stif=0.962
j:1, 3
j:2, 0, stif=0.971
j:4, 2
n:j=0, d=|:r=0.962
n:d=*
c:0, 1, 0.363
",0.00484548117249798,"//0
p:0.942, -0.243, -0.276, fr=0.427
p:0.597, 0.044, -1.86, fr=0.012
p:0.225, -0.057, -1.19
p:-0.9682642335694838, -0.4605718718093651, -0.8262300233016763, fr=0.474
p:-0.491, 0.997, -2.292, fr=0.178
j:0, 3, stif=0.962
j:1, 3
j:2, 0, stif=0.971
j:4, 2, stif=0.897
n:j=0, d=|:r=0.962
n:d=*
c:0, 1, 0.363
",0.004527500698561108,feasible,21
15,0,38,"//0
p:0.942, -0.243, -0.276, fr=0.427
p:0.597, 0.044, -1.86, fr=0.012
p:0.225, -0.057, -1.19
p:-0.9682642335694838, -0.4605718718093651, -0.8262300233016763, fr=0.474
p:-0.491, 0.997, -2.292, fr=0.178
j:0, 3, stif=0.962
j:1, 3
j:2, 0, stif=0.971
j:4, 2
n:j=0, d=|:r=0.962
n:d=*
c:0, 1, 0.363
",0.00484548117249798,"//0
p:0.942, -0.243, -0.276, fr=0.427
p:0.597, 0.044, -1.86, fr=0.012
p:0.225, -0.057, -1.19, ing=0.326
p:-0.9682642335694838, -0.4605718718093651, -0.8262300233016763, fr=0.474
p:-0.491, 0.997, -2.292, fr=0.178
j:0, 3, stif=0.962
j:1, 3
j:2, 0, stif=0.971
j:4, 2
n:j=0, d=|:r=0.962
n:d=*
c:0, 1, 0.363
",0.00484548117249798,feasible,21
15,0,38,"//0
p:0.942, -0.243, -0.276, fr=0.427
p:0.597, 0.044, -1.86, fr=0.012
p:0.225, -0.057, -1.19
p:-0.9682642335694838, -0.4605718718093651, -0.8262300233016763, fr=0.474
p:-0.491, 0.997, -2.292, fr=0.178
j:0, 3, stif=0.962
j:1, 3
j:2, 0, stif=0.971
j:4, 2
n:j=0, d=|:r=0.962
n:d=*
c:0, 1, 0.363
",0.00484548117249798,"//0
p:0.942, -0.243, -0.276, fr=0.427
p:0.597, 0.044, -1.86, fr=0.012
p:0.225, -0.057, -1.19
p:-0.9682642335694838, -0.4605718718093651, -0.8262300233016763, fr=0.474
p:-0.491, 0.997, -2.292, fr=0.178
j:0, 3, stif=0.962
j:1, 3
j:2, 0, stif=0.971, rotstif=0.99
j:4, 2
n:j=0, d=|:r=0.962
n:d=*
c:0, 1, 0.363
",0.00484548117249798,feasible,21
15,0,38,"//0
p:0.942, -0.243, -0.276, fr=0.427
p:0.597, 0.044, -1.86, fr=0.012
p:0.225, -0.057, -1.19
p:-0.9682642335694838, -0.4605718718093651, -0.8262300233016763, fr=0.474
p:-0.491, 0.997, -2.292, fr=0.178
j:0, 3, stif=0.962
j:1, 3
j:2, 0, stif=0.971
j:4, 2
n:j=0, d=|:r=0.962
n:d=*
c:0, 1, 0.363
",0.00484548117249798,"//0
p:0.942, -0.243, -0.276, fr=0.427
p:0.597, 0.044, -1.86, fr=0.012
p:0.225, -0.057, -1.19
p:-0.9682642335694838, -0.4605718718093651, -0.8262300233016763, fr=0.474
p:-0.491, 0.997, -2.292, fr=0.178
j:0, 3, stif=0.962
j:1, 3
j:2, 0, stif=0.971
j:4, 2
n:j=0, d=|:r=0.962
n:d=*
c:0, 1, -3.833
",0.00014597917847893881,feasible,21
15,0,38,"//0
p:0.942, -0.243, -0.276, fr=0.427
p:0.597, 0.044, -1.86, fr=0.012
p:0.225, -0.057, -1.19
p:-0.9682642335694838, -0.4605718718093651, -0.8262300233016763, fr=0.474
p:-0.491, 0.997, -2.292, fr=0.178
j:0, 3, stif=0.962
j:1, 3
j:2, 0, stif=0.971
j:4, 2
n:j=0, d=|:r=0.962
n:d=*
c:0, 1, 0.363
",0.00484548117249798,"//0
p:0.942, -0.243, -0.276, fr=0.427
p:0.597, 0.044, -1.86, fr=0.012
p:0.225, -0.057, -1.19
p:-0.9682642335694838, -0.4605718718093651, -0.8262300233016763, fr=0.474
p:-0.491, 0.997, -2.292, fr=0.178
j:0, 3, stif=0.962
j:1, 3
j:2, 0, stif=0.971
j:4, 2, stif=0.974
n:j=0, d=|:r=0.962
n:d=*
c:0, 1, 0.363
",0.0034799517544076442,feasible,21
15,0,39,"//0
p:0.942, -0.243, -0.276, fr=0.427
p:0.597, 0.044, -1.86, fr=0.012
p:0.225, -0.057, -1.19
p:-0.9682642335694838, -0.4605718718093651, -0.8262300233016763, fr=0.474
p:-0.491, 0.997, -2.292, fr=0.178
j:0, 3, stif=0.962
j:1, 3
j:2, 0, stif=0.986
j:4, 2
n:j=0, d=|:r=0.962
n:d=*
c:0, 1, 0.363
",0.005266369454458449,"//0
p:0.942, -0.243, -0.276, fr=0.427
p:0.597, 0.044, -1.86, fr=0.012
p:0.225, -0.057, -1.19
p:-0.9682642335694838, -0.4605718718093651, -0.8262300233016763, fr=0.474
p:-0.491, 0.997, -2.292, fr=0.178
j:0, 3, stif=0.962
j:1, 3
j:2, 0, stif=0.986
j:4, 2
n:j=0, d=|:r=0.962
n:d=*
n:p=4, d=Gpart
c:0, 1, 0.363
",0.005266369454458449,feasible,23
15,0,39,"//0
p:0.942, -0.243, -0.276, fr=0.427
p:0.597, 0.044, -1.86, fr=0.012
p:0.225, -0.057, -1.19
p:-0.9682642335694838, -0.4605718718093651, -0.8262300233016763, fr=0.474
p:-0.491, 0.997, -2.292, fr=0.178
j:0, 3, stif=0.962
j:1, 3
j:2, 0, stif=0.986
j:4, 2
n:j=0, d=|:r=0.962
n:d=*
c:0, 1, 0.363
",0.005266369454458449,"//0
p:0.942, -0.243, -0.276, fr=0.427
p:0.597, 0.044, -1.86, fr=0.012
p:0.225, -0.057, -1.19
p:-0.9682642335694838, -0.4605718718093651, -0.8262300233016763, fr=0.474
p:-0.491, 0.997, -2.292, fr=0.178
j:0, 3, stif=0.962
j:1, 3
j:2, 0, stif=0.986
j:4, 2
n:j=0, d=|:r=0.962
n:d=*
c:0, 1, 2.508
",0.003646161673795001,feasible,23
15,0,39,"//0
p:0.942, -0.243, -0.276, fr=0.427
p:0.597, 0.044, -1.86, fr=0.012
p:0.225, -0.057, -1.19
p:-0.9682642335694838, -0.4605718718093651, -0.8262300233016763, fr=0.474
p:-0.491, 0.997, -2.292, fr=0.178
j:0, 3, stif=0.962
j:1, 3
j:2, 0, stif=0.986
j:4, 2
n:j=0, d=|:r=0.962
n:d=*
c:0, 1, 0.363
",0.005266369454458449,"//0
p:0.942, -0.243, -0.276, fr=0.427
p:0.597, 0.044, -1.86, fr=0.012
p:0.225, -0.057, -1.19
p:-0.9408851226137616, -0.37695567097708904, -0.9103165229906311, fr=0.474
p:-0.491, 0.997, -2.292, fr=0.178
j:4, 3, stif=0.962
j:1, 3
j:2, 4, stif=0.986
j:0, 2
n:j=0, d=|:r=0.962
n:d=*
c:0, 1, 0.363
",8.760055573426819e-06,feasible,23
15,0,39,"//0
p:0.942, -0.243, -0.276, fr=0.427
p:0.597, 0.044, -1.86, fr=0.012
p:0.225, -0.057, -1.19
p:-0.9682642335694838, -0.4605718718093651, -0.8262300233016763, fr=0.474
p:-0.491, 0.997, -2.292, fr=0.178
j:0, 3, stif=0.962
j:1, 3
j:2, 0, stif=0.986
j:4, 2
n:j=0, d=|:r=0.962
n:d=*
c:0, 1, 0.363
",0.005266369454458449,"//0
p:0.942, -0.243, -0.276, fr=0.427
p:0.597, 0.044, -1.86, fr=0.012
p:0.225, -0.057, -1.19
p:-0.9682642335694838, -0.4605718718093651, -0.8262300233016763, fr=0.474
p:-0.491, 0.997, -2.292, fr=0.178
p:-0.735, 0.978, -3.663
j:0, 3, stif=0.962
j:1, 3
j:2, 0, stif=0.986
j:4, 2
j:5, 4
n:j=0, d=|:r=0.962
n:d=*
c:0, 1, 0.363
",0.00068687539597798,feasible,23
15,0,39,"//0
p:0.942, -0.243, -0.276, fr=0.427
p:0.597, 0.044, -1.86, fr=0.012
p:0.225, -0.057, -1.19
p:-0.9682642335694838, -0.4605718718093651, -0.8262300233016763, fr=0.474
p:-0.491, 0.997, -2.292, fr=0.178
j:0, 3, stif=0.962
j:1, 3
j:2, 0, stif=0.986
j:4, 2
n:j=0, d=|:r=0.962
n:d=*
c:0, 1, 0.363
",0.005266369454458449,"//0
p:0.942, -0.243, -0.276, fr=0.427
p:0.7098473446647853, 0.09707269353903014, -1.7601326465625227, fr=0.012
p:0.225, -0.057, -1.19
p:-0.9682642335694838, -0.4605718718093651, -0.8262300233016763, fr=0.474
p:-0.491, 0.997, -2.292, fr=0.178
j:0, 3, stif=0.962
j:1, 3
j:2, 0, stif=0.986
j:4, 2
n:j=0, d=|:r=0.962
n:d=*
c:0, 1, 0.363
",0.004273421384151244,feasible,23
15,0,39,"//0
p:0.942, -0.243, -0.276, fr=0.427
p:0.597, 0.044, -1.86, fr=0.012
p:0.225, -0.057, -1.19
p:-0.9682642335694838, -0.4605718718093651, -0.8262300233016763, fr=0.474
p:-0.491, 0.997, -2.292, fr=0.178
j:0, 3, stif=0.962
j:1, 3
j:2, 0, stif=0.986
j:4, 2
n:j=0, d=|:r=0.962
n:d=*
c:0, 1, 0.363
",0.005266369454458449,"//0
p:0.942, -0.243, -0.276, fr=0.427
p:0.597, 0.044, -1.86, fr=0.012
p:0.225, -0.057, -1.19
p:-0.9682642335694838, -0.4605718718093651, -0.8262300233016763, fr=0.474
p:-0.491, 0.997, -2.292, fr=0.178
p:1.008, -0.642, -1.316
j:0, 3, stif=0.962
j:1, 3
j:2, 0, stif=0.986
j:4, 2
j:5, 1
n:j=0, d=|:r=0.962
n:d=*
c:0, 1, 0.363
",0.0004395290907058172,feasible,23
15,0,39,"//0
p:0.942, -0.243, -0.276, fr=0.427
p:0.597, 0.044, -1.86, fr=0.012
p:0.225, -0.057, -1.19
p:-0.9682642335694838, -0.4605718718093651, -0.8262300233016763, fr=0.474
p:-0.491, 0.997, -2.292, fr=0.178
j:0, 3, stif=0.962
j:1, 3
j:2, 0, stif=0.986
j:4, 2
n:j=0, d=|:r=0.962
n:d=*
c:0, 1, 0.363
",0.005266369454458449,"//0
p:0.942, -0.243, -0.276, fr=0.427
p:0.597, 0.044, -1.86, fr=0.012
p:0.225, -0.057, -1.19
p:-0.9682642335694838, -0.4605718718093651, -0.8262300233016763, fr=0.474
p:-0.491, 0.997, -2.292, fr=0.178
j:0, 3, stif=0.962
j:1, 3
j:2, 0, stif=0.986, rotstif=0.94
j:4, 2
n:j=0, d=|:r=0.962
n:d=*
c:0, 1, 0.363
",0.005266369454458449,feasible,23
15,0,39,"//0
p:0.942, -0.243, -0.276, fr=0.427
p:0.597, 0.044, -1.86, fr=0.012
p:0.225, -0.057, -1.19
p:-0.9682642335694838, -0.4605718718093651, -0.8262300233016763, fr=0.474
p:-0.491, 0.997, -2.292, fr=0.178
j:0, 3, stif=0.962
j:1, 3
j:2, 0, stif=0.986
j:4, 2
n:j=0, d=|:r=0.962
n:d=*
c:0, 1, 0.363
",0.005266369454458449,"//0
p:0.942, -0.243, -0.276, fr=0.427
p:0.597, 0.044, -1.86, fr=0.012
p:0.305, 0.072, -1.1
p:-0.9682642335694838, -0.4605718718093651, -0.8262300233016763, fr=0.474
p:-0.491, 0.997, -2.292, fr=0.178
j:0, 3, stif=0.962
j:1, 3
j:2, 0, stif=0.986
j:4, 2
n:j=0, d=|:r=0.962
n:d=*
c:0, 1, 0.363
",0.00470603213376871,feasible,23
15,0,39,"//0
p:0.942, -0.243, -0.276, fr=0.427
p:0.597, 0.044, -1.86, fr=0.012
p:0.225, -0.057, -1.19
p:-0.9682642335694838, -0.4605718718093651, -0.8262300233016763, fr=0.474
p:-0.491, 0.997, -2.292, fr=0.178
j:0, 3, stif=0.962
j:1, 3
j:2, 0, stif=0.986
j:4, 2
n:j=0, d=|:r=0.962
n:d=*
c:0, 1, 0.363
",0.005266369454458449,"//0
p:0.942, -0.243, -0.276, fr=0.427
p:0.597, 0.044, -1.86, fr=0.012
p:0.225, -0.057, -1.19
p:-0.9682642335694838, -0.4605718718093651, -0.8262300233016763, fr=0.474
p:-0.491, 0.997, -2.292, fr=0.178
j:0, 3, stif=0.962
j:1, 3
j:2, 0, stif=0.986
j:4, 2
n:j=0, d=""|:p=0.303, r=0.962""
n:d=*
c:0, 1, 0.363
",0.004411864320666125,feasible,23
15,0,39,"//0
p:0.942, -0.243, -0.276, fr=0.427
p:0.597, 0.044, -1.86, fr=0.012
p:0.225, -0.057, -1.19
p:-0.9682642335694838, -0.4605718718093651, -0.8262300233016763, fr=0.474
p:-0.491, 0.997, -2.292, fr=0.178
j:0, 3, stif=0.962
j:1, 3
j:2, 0, stif=0.986
j:4, 2
n:j=0, d=|:r=0.962
n:d=*
c:0, 1, 0.363
",0.005266369454458449,"//0
p:0.942, -0.243, -0.276, fr=0.427
p:0.597, 0.044, -1.86, fr=0.012
p:0.225, -0.057, -1.19
p:-0.9682642335694838, -0.4605718718093651, -0.8262300233016763, fr=0.474
p:-0.491, 0.997, -2.292, fr=0.178
j:0, 3, stif=0.962
j:1, 3
j:2, 0, stif=0.986
j:4, 2
n:j=0, d=|:r=0.962
n:d=*
n:j=3, d=G
c:0, 1, 0.363
",0.005266369454458449,feasible,23
15,0,39,"//0
p:0.942, -0.243, -0.276, fr=0.427
p:0.597, 0.044, -1.86, fr=0.012
p:0.225, -0.057, -1.19
p:-0.9682642335694838, -0.4605718718093651, -0.8262300233016763, fr=0.474
p:-0.491, 0.997, -2.292, fr=0.178
j:0, 3, stif=0.962
j:1, 3
j:2, 0, stif=0.986
j:4, 2
n:j=0, d=|:r=0.962
n:d=*
c:0, 1, 0.363
",0.005266369454458449,"//0
p:0.942, -0.243, -0.276, fr=0.427
p:0.597, 0.044, -1.86, fr=0.012
p:0.225, -0.057, -1.19
p:-0.9682642335694838, -0.4605718718093651, -0.8262300233016763, fr=0.474
p:-0.491, 0.997, -2.292, fr=0.249
j:0, 3, stif=0.962
j:1, 3
j:2, 0, stif=0.986
j:4, 2
n:j=0, d=|:r=0.962
n:d=*
c:0, 1, 0.363
",0.004880464068713099,feasible,23
15,0,39,"//0
p:0.942, -0.243, -0.276, fr=0.427
p:0.597, 0.044, -1.86, fr=0.012
p:0.225, -0.057, -1.19
p:-0.9682642335694838, -0.4605718718093651, -0.8262300233016763, fr=0.474
p:-0.491, 0.997, -2.292, fr=0.178
j:0, 3, stif=0.962
j:1, 3
j:2, 0, stif=0.986
j:4, 2
n:j=0, d=|:r=0.962
n:d=*
c:0, 1, 0.363
",0.005266369454458449,"//0
p:0.942, -0.243, -0.276, fr=0.427
p:0.597, 0.044, -1.86, fr=0.012
p:0.225, -0.057, -1.19
p:-0.9682642335694838, -0.4605718718093651, -0.8262300233016763, fr=0.474
p:-0.491, 0.997, -2.292, fr=0.178, ing=0.039
j:0, 3, stif=0.962
j:1, 3
j:2, 0, stif=0.986
j:4, 2
n:j=0, d=|:r=0.962
n:d=*
c:0, 1, 0.363
",0.005266369454458449,feasible,23
15,0,39,"//0
p:0.942, -0.243, -0.276, fr=0.427
p:0.597, 0.044, -1.86, fr=0.012
p:0.225, -0.057, -1.19
p:-0.9682642335694838, -0.4605718718093651, -0.8262300233016763, fr=0.474
p:-0.491, 0.997, -2.292, fr=0.178
j:0, 3, stif=0.962
j:1, 3
j:2, 0, stif=0.986
j:4, 2
n:j=0, d=|:r=0.962
n:d=*
c:0, 1, 0.363
",0.005266369454458449,"//0
p:0.942, -0.243, -0.276, fr=0.427
p:0.597, 0.044, -1.86, fr=0.012
p:0.225, -0.057, -1.19
p:-0.9682642335694838, -0.4605718718093651, -0.8262300233016763, fr=0.474
p:-0.491, 0.997, -2.292, fr=0.178
j:0, 3, stif=0.962
j:1, 3
j:2, 0, stif=0.986
j:4, 2
n:j=0, d=|:r=0.962
n:d=*
",7.559156231501351e-07,feasible,23
15,0,39,"//0
p:0.942, -0.243, -0.276, fr=0.427
p:0.597, 0.044, -1.86, fr=0.012
p:0.225, -0.057, -1.19
p:-0.9682642335694838, -0.4605718718093651, -0.8262300233016763, fr=0.474
p:-0.491, 0.997, -2.292, fr=0.178
j:0, 3, stif=0.962
j:1, 3
j:2, 0, stif=0.986
j:4, 2
n:j=0, d=|:r=0.962
n:d=*
c:0, 1, 0.363
",0.005266369454458449,"//0
p:0.942, -0.243, -0.276, fr=0.427
p:0.597, 0.044, -1.86, fr=0.012
p:0.225, -0.057, -1.19
p:-0.9682642335694838, -0.4605718718093651, -0.8262300233016763, fr=0.474
p:-0.491, 0.997, -2.292, fr=0.178
p:0.923, -0.472, -0.375
j:0, 3, stif=0.962
j:1, 3
j:2, 0, stif=0.986
j:4, 2
j:5, 0
n:j=0, d=|:r=0.962
n:d=*
c:0, 1, 0.363
",0.00546284221624171,feasible,23
15,0,39,"//0
p:0.942, -0.243, -0.276, fr=0.427
p:0.597, 0.044, -1.86, fr=0.012
p:0.225, -0.057, -1.19
p:-0.9682642335694838, -0.4605718718093651, -0.8262300233016763, fr=0.474
p:-0.491, 0.997, -2.292, fr=0.178
j:0, 3, stif=0.962
j:1, 3
j:2, 0, stif=0.986
j:4, 2
n:j=0, d=|:r=0.962
n:d=*
c:0, 1, 0.363
",0.005266369454458449,"//0
p:0.942, -0.243, -0.276, fr=0.427
p:0.597, 0.044, -1.86, fr=0.012
p:0.225, -0.057, -1.19
p:-0.9682642335694838, -0.4605718718093651, -0.8262300233016763, fr=0.474
p:-0.491, 0.997, -2.292, fr=0.178
j:0, 3, stif=0.962
j:1, 3
j:2, 0, stif=0.986
j:4, 2
n:j=0, d=|:r=0.981
n:d=*
c:0, 1, 0.363
",0.0031308951697201818,feasible,23
15,0,39,"//0
p:0.942, -0.243, -0.276, fr=0.427
p:0.597, 0.044, -1.86, fr=0.012
p:0.225, -0.057, -1.19
p:-0.9682642335694838, -0.4605718718093651, -0.8262300233016763, fr=0.474
p:-0.491, 0.997, -2.292, fr=0.178
j:0, 3, stif=0.962
j:1, 3
j:2, 0, stif=0.986
j:4, 2
n:j=0, d=|:r=0.962
n:d=*
c:0, 1, 0.363
",0.005266369454458449,"//0
p:0.942, -0.243, -0.276, fr=0.427
p:0.597, 0.044, -1.86, fr=0.012
p:0.225, -0.057, -1.19
p:-0.9682642335694838, -0.4605718718093651, -0.8262300233016763, fr=0.474
p:-0.278, 1.147, -2.25, fr=0.178
j:0, 3, stif=0.962
j:1, 3
j:2, 0, stif=0.986
j:4, 2
n:j=0, d=|:r=0.962
n:d=*
c:0, 1, 0.363
",0.0018724703343586968,feasible,23
15,0,39,"//0
p:0.942, -0.243, -0.276, fr=0.427
p:0.597, 0.044, -1.86, fr=0.012
p:0.225, -0.057, -1.19
p:-0.9682642335694838, -0.4605718718093651, -0.8262300233016763, fr=0.474
p:-0.491, 0.997, -2.292, fr=0.178
j:0, 3, stif=0.962
j:1, 3
j:2, 0, stif=0.986
j:4, 2
n:j=0, d=|:r=0.962
n:d=*
c:0, 1, 0.363
",0.005266369454458449,"//0
p:0.942, -0.243, -0.276, fr=0.427, ing=0.295
p:0.597, 0.044, -1.86, fr=0.012
p:0.225, -0.057, -1.19
p:-0.9682642335694838, -0.4605718718093651, -0.8262300233016763, fr=0.474
p:-0.491, 0.997, -2.292, fr=0.178
j:0, 3, stif=0.962
j:1, 3
j:2, 0, stif=0.986
j:4, 2
n:j=0, d=|:r=0.962
n:d=*
c:0, 1, 0.363
",0.005266369454458449,feasible,23
15,0,39,"//0
p:0.942, -0.243, -0.276, fr=0.427
p:0.597, 0.044, -1.86, fr=0.012
p:0.225, -0.057, -1.19
p:-0.9682642335694838, -0.4605718718093651, -0.8262300233016763, fr=0.474
p:-0.491, 0.997, -2.292, fr=0.178
j:0, 3, stif=0.962
j:1, 3
j:2, 0, stif=0.986
j:4, 2
n:j=0, d=|:r=0.962
n:d=*
c:0, 1, 0.363
",0.005266369454458449,"//0
p:0.942, -0.243, -0.276, fr=0.427
p:0.597, 0.044, -1.86, fr=0.021
p:0.225, -0.057, -1.19
p:-0.9682642335694838, -0.4605718718093651, -0.8262300233016763, fr=0.474
p:-0.491, 0.997, -2.292, fr=0.178
j:0, 3, stif=0.962
j:1, 3
j:2, 0, stif=0.986
j:4, 2
n:j=0, d=|:r=0.962
n:d=*
c:0, 1, 0.363
",0.004761909538858343,feasible,23
15,0,39,"//0
p:0.942, -0.243, -0.276, fr=0.427
p:0.597, 0.044, -1.86, fr=0.012
p:0.225, -0.057, -1.19
p:-0.9682642335694838, -0.4605718718093651, -0.8262300233016763, fr=0.474
p:-0.491, 0.997, -2.292, fr=0.178
j:0, 3, stif=0.962
j:1, 3
j:2, 0, stif=0.986
j:4, 2
n:j=0, d=|:r=0.962
n:d=*
c:0, 1, 0.363
",0.005266369454458449,"//0
p:0.942, -0.243, -0.276, fr=0.427
p:0.597, 0.044, -1.86, fr=0.012
p:0.225, -0.057, -1.19
p:-0.9682642335694838, -0.4605718718093651, -0.8262300233016763, fr=0.474
p:-0.491, 0.997, -2.292, fr=0.178
j:0, 3, stif=0.962
j:1, 3
j:2, 0, stif=0.986
j:4, 2, stif=0.941
n:j=0, d=|:r=0.962
n:d=*
c:0, 1, 0.363
",0.004497219640199039,feasible,23
15,0,39,"//0
p:0.942, -0.243, -0.276, fr=0.427
p:0.597, 0.044, -1.86, fr=0.012
p:0.225, -0.057, -1.19
p:-0.9682642335694838, -0.4605718718093651, -0.8262300233016763, fr=0.474
p:-0.491, 0.997, -2.292, fr=0.178
j:0, 3, stif=0.962
j:1, 3
j:2, 0, stif=0.986
j:4, 2
n:j=0, d=|:r=0.962
n:d=*
c:0, 1, 0.363
",0.005266369454458449,"//0
p:0.942, -0.243, -0.276, fr=0.427
p:0.597, 0.044, -1.86, fr=0.012
p:0.225, -0.057, -1.19
p:-0.9682642335694838, -0.4605718718093651, -0.8262300233016763, fr=0.474
p:-0.491, 0.997, -2.292, fr=0.178
j:0, 3, stif=0.962
j:1, 3
j:2, 0, stif=0.986
j:4, 2
n:j=0, d=|:r=0.962
n:d=*
c:0, 1, 0.918
",0.0016372338269763358,feasible,23
15,0,40,"//0
p:0.942, -0.243, -0.276, fr=0.876
p:0.597, 0.044, -1.86, fr=0.012
p:0.225, -0.057, -1.19
p:-0.9682642335694838, -0.4605718718093651, -0.8262300233016763, fr=0.474
p:-0.491, 0.997, -2.292, fr=0.178
j:0, 3, stif=0.962
j:1, 3
j:2, 0, stif=0.986
j:4, 2
n:j=0, d=|:r=0.962
n:d=*
c:0, 1, 0.363
",0.005362913052187149,"//0
p:0.942, -0.243, -0.276, fr=0.876
p:0.8697608007299811, 0.035861158689315165, -1.4381272855265912, fr=0.012
p:0.225, -0.057, -1.19
p:-0.9682642335694838, -0.4605718718093651, -0.8262300233016763, fr=0.474
p:-0.491, 0.997, -2.292, fr=0.178
j:0, 3, stif=0.962
j:1, 3
j:2, 0, stif=0.986
j:4, 2
n:j=0, d=|:r=0.962
n:d=*
c:0, 1, 0.363
",0.0031141761134580895,feasible,23
15,0,40,"//0
p:0.942, -0.243, -0.276, fr=0.876
p:0.597, 0.044, -1.86, fr=0.012
p:0.225, -0.057, -1.19
p:-0.9682642335694838, -0.4605718718093651, -0.8262300233016763, fr=0.474
p:-0.491, 0.997, -2.292, fr=0.178
j:0, 3, stif=0.962
j:1, 3
j:2, 0, stif=0.986
j:4, 2
n:j=0, d=|:r=0.962
n:d=*
c:0, 1, 0.363
",0.005362913052187149,"//0
p:0.942, -0.243, -0.276, fr=0.876
p:0.597, 0.044, -1.86, fr=0.012
p:0.225, -0.057, -1.19
p:-0.9682642335694838, -0.4605718718093651, -0.8262300233016763, fr=0.474
p:-0.491, 0.997, -2.292, fr=0.178
j:0, 3, stif=0.962
j:1, 3
j:2, 0, stif=0.986
j:4, 2
n:j=0, d=|:r=0.962
",8.047304503382797e-07,feasible,23
15,0,40,"//0
p:0.942, -0.243, -0.276, fr=0.876
p:0.597, 0.044, -1.86, fr=0.012
p:0.225, -0.057, -1.19
p:-0.9682642335694838, -0.4605718718093651, -0.8262300233016763, fr=0.474
p:-0.491, 0.997, -2.292, fr=0.178
j:0, 3, stif=0.962
j:1, 3
j:2, 0, stif=0.986
j:4, 2
n:j=0, d=|:r=0.962
n:d=*
c:0, 1, 0.363
",0.005362913052187149,"//0
p:0.942, -0.243, -0.276, fr=0.876
p:0.597, 0.044, -1.86, fr=0.012
p:0.225, -0.057, -1.19
p:-0.9682642335694838, -0.4605718718093651, -0.8262300233016763, fr=0.474
p:-0.491, 0.997, -2.292, fr=0.178
p:-0.056, -0.031, -1.28
j:0, 3, stif=0.962
j:1, 3
j:2, 0, stif=0.986
j:4, 2
j:5, 2
n:j=0, d=|:r=0.962
n:d=*
c:0, 1, 0.363
",0.0015517519239806132,feasible,23
15,0,40,"//0
p:0.942, -0.243, -0.276, fr=0.876
p:0.597, 0.044, -1.86, fr=0.012
p:0.225, -0.057, -1.19
p:-0.9682642335694838, -0.4605718718093651, -0.8262300233016763, fr=0.474
p:-0.491, 0.997, -2.292, fr=0.178
j:0, 3, stif=0.962
j:1, 3
j:2, 0, stif=0.986
j:4, 2
n:j=0, d=|:r=0.962
n:d=*
c:0, 1, 0.363
",0.005362913052187149,"//0
p:0.942, -0.243, -0.276, fr=0.876
p:0.597, 0.044, -1.86, fr=0.012
p:0.225, -0.057, -1.19
p:-0.9682642335694838, -0.4605718718093651, -0.8262300233016763, fr=0.474
p:-0.491, 0.997, -2.292, fr=0.178
j:0, 3, stif=0.962
j:1, 3
j:2, 0, stif=0.986
j:4, 2
n:j=0, d=|:r=0.962
n:d=*
",8.047304503382797e-07,feasible,23
15,0,40,"//0
p:0.942, -0.243, -0.276, fr=0.876
p:0.597, 0.044, -1.86, fr=0.012
p:0.225, -0.057, -1.19
p:-0.9682642335694838, -0.4605718718093651, -0.8262300233016763, fr=0.474
p:-0.491, 0.997, -2.292, fr=0.178
j:0, 3, stif=0.962
j:1, 3
j:2, 0, stif=0.986
j:4, 2
n:j=0, d=|:r=0.962
n:d=*
c:0, 1, 0.363
",0.005362913052187149,"//0
p:0.942, -0.243, -0.276, fr=0.876
p:0.597, 0.044, -1.86, fr=0.012
p:0.225, -0.057, -1.19
p:-0.9682642335694838, -0.4605718718093651, -0.8262300233016763, fr=0.474
p:-0.491, 0.997, -2.292, fr=0.178
j:0, 3, stif=0.962
j:1, 3
j:2, 0, stif=0.986
j:4, 2
n:j=0, d=|:r=0.962
n:d=*
n:j=2, d=G
c:0, 1, 0.363
",0.005362913052187149,feasible,23
15,0,40,"//0
p:0.942, -0.243, -0.276, fr=0.876
p:0.597, 0.044, -1.86, fr=0.012
p:0.225, -0.057, -1.19
p:-0.9682642335694838, -0.4605718718093651, -0.8262300233016763, fr=0.474
p:-0.491, 0.997, -2.292, fr=0.178
j:0, 3, stif=0.962
j:1, 3
j:2, 0, stif=0.986
j:4, 2
n:j=0, d=|:r=0.962
n:d=*
c:0, 1, 0.363
",0.005362913052187149,"//0
p:0.942, -0.243, -0.276, fr=0.876
p:0.597, 0.044, -1.86, fr=0.012
p:0.225, -0.057, -1.19, fr=0.823
p:-0.9682642335694838, -0.4605718718093651, -0.8262300233016763, fr=0.474
p:-0.491, 0.997, -2.292, fr=0.178
j:0, 3, stif=0.962
j:1, 3
j:2, 0, stif=0.986
j:4, 2
n:j=0, d=|:r=0.962
n:d=*
c:0, 1, 0.363
",0.005664041629145607,feasible,23
15,0,40,"//0
p:0.942, -0.243, -0.276, fr=0.876
p:0.597, 0.044, -1.86, fr=0.012
p:0.225, -0.057, -1.19
p:-0.9682642335694838, -0.4605718718093651, -0.8262300233016763, fr=0.474
p:-0.491, 0.997, -2.292, fr=0.178
j:0, 3, stif=0.962
j:1, 3
j:2, 0, stif=0.986
j:4, 2
n:j=0, d=|:r=0.962
n:d=*
c:0, 1, 0.363
",0.005362913052187149,"//0
p:0.942, -0.243, -0.276, fr=0.876
p:0.597, 0.044, -1.86, fr=0.012
p:0.225, -0.057, -1.19
p:-0.9682642335694838, -0.4605718718093651, -0.8262300233016763, fr=0.474
p:-0.09373909784807877, 0.653243183064632, -1.733117949240563, fr=0.178
j:0, 3, stif=0.962
j:1, 3
j:2, 0, stif=0.986
j:4, 2
j:0, 4
n:j=0, d=|:r=0.962
n:d=*
c:0, 1, 0.363
",0.003421580074015477,feasible,23
15,0,40,"//0
p:0.942, -0.243, -0.276, fr=0.876
p:0.597, 0.044, -1.86, fr=0.012
p:0.225, -0.057, -1.19
p:-0.9682642335694838, -0.4605718718093651, -0.8262300233016763, fr=0.474
p:-0.491, 0.997, -2.292, fr=0.178
j:0, 3, stif=0.962
j:1, 3
j:2, 0, stif=0.986
j:4, 2
n:j=0, d=|:r=0.962
n:d=*
c:0, 1, 0.363
",0.005362913052187149,"//0
p:0.942, -0.243, -0.276, fr=0.876
p:0.597, 0.044, -1.86, fr=0.012
p:0.225, -0.057, -1.19
p:-0.9682642335694838, -0.4605718718093651, -0.8262300233016763, fr=0.474
p:-0.491, 0.997, -2.292, fr=0.178
j:0, 3, stif=0.962
j:1, 3
j:2, 0, stif=0.986
j:4, 2
n:j=0, d=|:r=0.962
n:d=*
c:0, 1, -1.244
",0.000148041729661535,feasible,23
15,0,40,"//0
p:0.942, -0.243, -0.276, fr=0.876
p:0.597, 0.044, -1.86, fr=0.012
p:0.225, -0.057, -1.19
p:-0.9682642335694838, -0.4605718718093651, -0.8262300233016763, fr=0.474
p:-0.491, 0.997, -2.292, fr=0.178
j:0, 3, stif=0.962
j:1, 3
j:2, 0, stif=0.986
j:4, 2
n:j=0, d=|:r=0.962
n:d=*
c:0, 1, 0.363
",0.005362913052187149,"//0
p:0.942, -0.243, -0.276, fr=0.876
p:0.597, 0.044, -1.86, fr=0.012
p:0.225, -0.057, -1.19
p:-0.9682642335694838, -0.4605718718093651, -0.8262300233016763, fr=0.474
p:-0.491, 0.997, -2.292, fr=0.178
j:0, 3, stif=0.962
j:1, 3
j:2, 0, stif=0.986
j:4, 2
n:j=0, d=""|:p=0.187, r=0.962""
n:d=*
c:0, 1, 0.363
",0.00494448979343447,feasible,23
15,0,40,"//0
p:0.942, -0.243, -0.276, fr=0.876
p:0.597, 0.044, -1.86, fr=0.012
p:0.225, -0.057, -1.19
p:-0.9682642335694838, -0.4605718718093651, -0.8262300233016763, fr=0.474
p:-0.491, 0.997, -2.292, fr=0.178
j:0, 3, stif=0.962
j:1, 3
j:2, 0, stif=0.986
j:4, 2
n:j=0, d=|:r=0.962
n:d=*
c:0, 1, 0.363
",0.005362913052187149,"//0
p:1.139, 0.347, 0.402, fr=0.876
p:0.597, 0.044, -1.86, fr=0.012
p:0.225, -0.057, -1.19
p:-0.5011794099952447, -0.2815698466913995, -0.553987181325148, fr=0.474
p:-0.491, 0.997, -2.292, fr=0.178
j:0, 3, stif=0.962
j:1, 3
j:2, 0, stif=0.986
j:4, 2
n:j=0, d=|:r=0.962
n:d=*
c:0, 1, 0.363
",0.0006138820710364686,feasible,23
15,0,40,"//0
p:0.942, -0.243, -0.276, fr=0.876
p:0.597, 0.044, -1.86, fr=0.012
p:0.225, -0.057, -1.19
p:-0.9682642335694838, -0.4605718718093651, -0.8262300233016763, fr=0.474
p:-0.491, 0.997, -2.292, fr=0.178
j:0, 3, stif=0.962
j:1, 3
j:2, 0, stif=0.986
j:4, 2
n:j=0, d=|:r=0.962
n:d=*
c:0, 1, 0.363
",0.005362913052187149,"//0
p:0.942, -0.243, -0.276, fr=0.876
p:0.597, 0.044, -1.86, fr=0.012
p:0.225, -0.057, -1.19
p:-0.9682642335694838, -0.4605718718093651, -0.8262300233016763, fr=0.474
p:-0.491, 0.997, -2.292, fr=0.178
j:0, 3, stif=0.942
j:1, 3
j:2, 0, stif=0.986
j:4, 2
n:j=0, d=|:r=0.962
n:d=*
c:0, 1, 0.363
",0.005779386796215769,feasible,23
15,0,40,"//0
p:0.942, -0.243, -0.276, fr=0.876
p:0.597, 0.044, -1.86, fr=0.012
p:0.225, -0.057, -1.19
p:-0.9682642335694838, -0.4605718718093651, -0.8262300233016763, fr=0.474
p:-0.491, 0.997, -2.292, fr=0.178
j:0, 3, stif=0.962
j:1, 3
j:2, 0, stif=0.986
j:4, 2
n:j=0, d=|:r=0.962
n:d=*
c:0, 1, 0.363
",0.005362913052187149,"//0
p:0.942, -0.243, -0.276, fr=0.876
p:0.597, 0.044, -1.86, fr=0.012
p:0.225, -0.057, -1.19, fr=0.583
p:-0.9682642335694838, -0.4605718718093651, -0.8262300233016763, fr=0.474
p:-0.491, 0.997, -2.292, fr=0.178
j:0, 3, stif=0.962
j:1, 3
j:2, 0, stif=0.986
j:4, 2
n:j=0, d=|:r=0.962
n:d=*
c:0, 1, 0.363
",0.005397163444128297,feasible,23
15,0,40,"//0
p:0.942, -0.243, -0.276, fr=0.876
p:0.597, 0.044, -1.86, fr=0.012
p:0.225, -0.057, -1.19
p:-0.9682642335694838, -0.4605718718093651, -0.8262300233016763, fr=0.474
p:-0.491, 0.997, -2.292, fr=0.178
j:0, 3, stif=0.962
j:1, 3
j:2, 0, stif=0.986
j:4, 2
n:j=0, d=|:r=0.962
n:d=*
c:0, 1, 0.363
",0.005362913052187149,"//0
p:0.942, -0.243, -0.276, fr=0.876
p:0.597, 0.044, -1.86, fr=0.012
p:0.225, -0.057, -1.19
p:-0.9682642335694838, -0.4605718718093651, -0.8262300233016763, fr=0.474
p:-0.491, 0.997, -2.292, fr=0.178
j:0, 3, stif=0.962
j:1, 3
j:2, 0, stif=0.986
j:4, 2
n:j=0, d=|:r=0.962
n:d=*
n:j=0, d=@
c:0, 1, 0.363
c:2, 1, 1.556
",9.214717910244901e-05,feasible,23
15,0,40,"//0
p:0.942, -0.243, -0.276, fr=0.876
p:0.597, 0.044, -1.86, fr=0.012
p:0.225, -0.057, -1.19
p:-0.9682642335694838, -0.4605718718093651, -0.8262300233016763, fr=0.474
p:-0.491, 0.997, -2.292, fr=0.178
j:0, 3, stif=0.962
j:1, 3
j:2, 0, stif=0.986
j:4, 2
n:j=0, d=|:r=0.962
n:d=*
c:0, 1, 0.363
",0.005362913052187149,"//0
p:0.942, -0.243, -0.276, fr=0.876
p:0.597, 0.044, -1.86, fr=0.012, ing=0.081
p:0.225, -0.057, -1.19
p:-0.9682642335694838, -0.4605718718093651, -0.8262300233016763, fr=0.474
p:-0.491, 0.997, -2.292, fr=0.178
j:0, 3, stif=0.962
j:1, 3
j:2, 0, stif=0.986
j:4, 2
n:j=0, d=|:r=0.962
n:d=*
c:0, 1, 0.363
",0.005362913052187149,feasible,23
15,0,40,"//0
p:0.942, -0.243, -0.276, fr=0.876
p:0.597, 0.044, -1.86, fr=0.012
p:0.225, -0.057, -1.19
p:-0.9682642335694838, -0.4605718718093651, -0.8262300233016763, fr=0.474
p:-0.491, 0.997, -2.292, fr=0.178
j:0, 3, stif=0.962
j:1, 3
j:2, 0, stif=0.986
j:4, 2
n:j=0, d=|:r=0.962
n:d=*
c:0, 1, 0.363
",0.005362913052187149,"//0
p:0.942, -0.243, -0.276, fr=0.876
p:0.597, 0.044, -1.86, fr=0.012
p:0.225, -0.057, -1.19
p:-0.9682642335694838, -0.4605718718093651, -0.8262300233016763, fr=0.474
p:-0.491, 0.997, -2.292, fr=0.178
j:0, 3, stif=0.962
j:1, 3, rotstif=0.87
j:2, 0, stif=0.986
j:4, 2
n:j=0, d=|:r=0.962
n:d=*
c:0, 1, 0.363
",0.005362913052187149,feasible,23
15,0,40,"//0
p:0.942, -0.243, -0.276, fr=0.876
p:0.597, 0.044, -1.86, fr=0.012
p:0.225, -0.057, -1.19
p:-0.9682642335694838, -0.4605718718093651, -0.8262300233016763, fr=0.474
p:-0.491, 0.997, -2.292, fr=0.178
j:0, 3, stif=0.962
j:1, 3
j:2, 0, stif=0.986
j:4, 2
n:j=0, d=|:r=0.962
n:d=*
c:0, 1, 0.363
",0.005362913052187149,"//0
p:0.942, -0.243, -0.276, fr=0.876
p:0.597, 0.044, -1.86, fr=0.012
p:0.225, -0.057, -1.19
p:-0.9682642335694838, -0.4605718718093651, -0.8262300233016763, fr=0.474
p:-0.491, 0.997, -2.292, fr=0.178
j:0, 3, stif=0.962
j:1, 3
j:2, 0, stif=0.986
j:4, 2
n:j=0, d=|:r=0.962
n:d=*
c:0, 1, 1.975
",0.003548610263694278,feasible,23
15,0,40,"//0
p:0.942, -0.243, -0.276, fr=0.876
p:0.597, 0.044, -1.86, fr=0.012
p:0.225, -0.057, -1.19
p:-0.9682642335694838, -0.4605718718093651, -0.8262300233016763, fr=0.474
p:-0.491, 0.997, -2.292, fr=0.178
j:0, 3, stif=0.962
j:1, 3
j:2, 0, stif=0.986
j:4, 2
n:j=0, d=|:r=0.962
n:d=*
c:0, 1, 0.363
",0.005362913052187149,"//0
p:0.942, -0.243, -0.276, fr=0.876
p:0.597, 0.044, -1.86, fr=0.012
p:0.225, -0.057, -1.19
p:-0.9682642335694838, -0.4605718718093651, -0.8262300233016763, fr=0.474
p:-0.5183791109557221, 0.9133837991677239, -2.207913500311045, fr=0.178
j:0, 2, stif=0.962
j:1, 2
j:3, 0, stif=0.986
j:4, 3
n:j=0, d=|:r=0.962
n:d=*
c:0, 1, 0.363
",3.988675045870739e-05,feasible,23
15,0,40,"//0
p:0.942, -0.243, -0.276, fr=0.876
p:0.597, 0.044, -1.86, fr=0.012
p:0.225, -0.057, -1.19
p:-0.9682642335694838, -0.4605718718093651, -0.8262300233016763, fr=0.474
p:-0.491, 0.997, -2.292, fr=0.178
j:0, 3, stif=0.962
j:1, 3
j:2, 0, stif=0.986
j:4, 2
n:j=0, d=|:r=0.962
n:d=*
c:0, 1, 0.363
",0.005362913052187149,"//0
p:0.942, -0.243, -0.276, fr=0.876
p:0.597, 0.044, -1.86, fr=0.012
p:0.225, -0.057, -1.19
p:-0.9682642335694838, -0.4605718718093651, -0.8262300233016763, fr=0.474
p:-0.32, 0.927, -2.117, fr=0.178
j:0, 3, stif=0.962
j:1, 3
j:2, 0, stif=0.986
j:4, 2
n:j=0, d=|:r=0.962
n:d=*
c:0, 1, 0.363
",0.00482249020967782,feasible,23
15,0,40,"//0
p:0.942, -0.243, -0.276, fr=0.876
p:0.597, 0.044, -1.86, fr=0.012
p:0.225, -0.057, -1.19
p:-0.9682642335694838, -0.4605718718093651, -0.8262300233016763, fr=0.474
p:-0.491, 0.997, -2.292, fr=0.178
j:0, 3, stif=0.962
j:1, 3
j:2, 0, stif=0.986
j:4, 2
n:j=0, d=|:r=0.962
n:d=*
c:0, 1, 0.363
",0.005362913052187149,"//0
p:0.942, -0.243, -0.276, fr=0.876
p:0.597, 0.044, -1.86, fr=0.012
p:0.225, -0.057, -1.19
p:-0.9682642335694838, -0.4605718718093651, -0.8262300233016763, fr=0.474
p:-0.491, 0.997, -2.292, fr=0.178
j:0, 1, stif=0.962
j:3, 1
j:2, 0, stif=0.986
j:4, 2
n:j=0, d=|:r=0.962
n:d=*
c:0, 1, 0.363
",7.177258992058802e-05,feasible,23
15,0,40,"//0
p:0.942, -0.243, -0.276, fr=0.876
p:0.597, 0.044, -1.86, fr=0.012
p:0.225, -0.057, -1.19
p:-0.9682642335694838, -0.4605718718093651, -0.8262300233016763, fr=0.474
p:-0.491, 0.997, -2.292, fr=0.178
j:0, 3, stif=0.962
j:1, 3
j:2, 0, stif=0.986
j:4, 2
n:j=0, d=|:r=0.962
n:d=*
c:0, 1, 0.363
",0.005362913052187149,"//0
p:0.942, -0.243, -0.276, fr=0.876
p:0.597, 0.044, -1.86, fr=0.399
p:0.225, -0.057, -1.19
p:-0.9682642335694838, -0.4605718718093651, -0.8262300233016763, fr=0.474
p:-0.491, 0.997, -2.292, fr=0.178
j:0, 3, stif=0.962
j:1, 3
j:2, 0, stif=0.986
j:4, 2
n:j=0, d=|:r=0.962
n:d=*
c:0, 1, 0.363
",0.0003756631569955399,feasible,23
15,0,41,"//0
p:0.942, -0.243, -0.276, fr=0.876
p:0.597, 0.044, -1.86, fr=0.012
p:0.225, -0.057, -1.19
p:-0.9682642335694838, -0.4605718718093651, -0.8262300233016763, fr=0.474
p:-0.491, 0.997, -2.292, fr=0.178
j:0, 3, stif=0.962
j:1, 3
j:2, 0, stif=0.925
j:4, 2
n:j=0, d=|:r=0.962
n:d=*
c:0, 1, 0.363
",0.005619000959319355,"//0
p:0.942, -0.243, -0.276, fr=0.876
p:0.597, 0.044, -1.86, fr=0.012
p:0.225, -0.057, -1.19
p:-0.9682642335694838, -0.4605718718093651, -0.8262300233016763, fr=0.474
p:-0.491, 0.997, -2.292, fr=0.178
j:0, 3, stif=0.962
j:1, 3
j:2, 0, stif=0.925
j:4, 2
n:j=0, d=|:r=0.962
n:d=*
c:0, 1, 0.534
",0.0008301001901620901,feasible,20
15,0,41,"//0
p:0.942, -0.243, -0.276, fr=0.876
p:0.597, 0.044, -1.86, fr=0.012
p:0.225, -0.057, -1.19
p:-0.9682642335694838, -0.4605718718093651, -0.8262300233016763, fr=0.474
p:-0.491, 0.997, -2.292, fr=0.178
j:0, 3, stif=0.962
j:1, 3
j:2, 0, stif=0.925
j:4, 2
n:j=0, d=|:r=0.962
n:d=*
c:0, 1, 0.363
",0.005619000959319355,"//0
p:0.942, -0.243, -0.276, fr=0.876
p:0.597, 0.044, -1.86, fr=0.012
p:0.225, -0.057, -1.19
p:-0.9682642335694838, -0.4605718718093651, -0.8262300233016763, fr=0.219
p:-0.491, 0.997, -2.292, fr=0.178
j:0, 3, stif=0.962
j:1, 3
j:2, 0, stif=0.925
j:4, 2
n:j=0, d=|:r=0.962
n:d=*
c:0, 1, 0.363
",0.004961220081786806,feasible,20
15,0,41,"//0
p:0.942, -0.243, -0.276, fr=0.876
p:0.597, 0.044, -1.86, fr=0.012
p:0.225, -0.057, -1.19
p:-0.9682642335694838, -0.4605718718093651, -0.8262300233016763, fr=0.474
p:-0.491, 0.997, -2.292, fr=0.178
j:0, 3, stif=0.962
j:1, 3
j:2, 0, stif=0.925
j:4, 2
n:j=0, d=|:r=0.962
n:d=*
c:0, 1, 0.363
",0.005619000959319355,"//0
p:0.942, -0.243, -0.276, fr=0.876
p:0.597, 0.044, -1.86, fr=0.012
p:0.225, -0.057, -1.19
p:-0.9682642335694838, -0.4605718718093651, -0.8262300233016763, fr=0.474
p:-0.491, 0.997, -2.292, fr=0.178
j:0, 3, stif=0.962
j:1, 3
j:2, 0, stif=0.925
j:4, 2
n:j=0, d=|:r=0.962
n:d=*
",6.889896416166246e-07,feasible,20
15,0,41,"//0
p:0.942, -0.243, -0.276, fr=0.876
p:0.597, 0.044, -1.86, fr=0.012
p:0.225, -0.057, -1.19
p:-0.9682642335694838, -0.4605718718093651, -0.8262300233016763, fr=0.474
p:-0.491, 0.997, -2.292, fr=0.178
j:0, 3, stif=0.962
j:1, 3
j:2, 0, stif=0.925
j:4, 2
n:j=0, d=|:r=0.962
n:d=*
c:0, 1, 0.363
",0.005619000959319355,"//0
p:0.942, -0.243, -0.276, fr=0.876
p:0.597, 0.044, -1.86, fr=0.012
p:0.225, -0.057, -1.19
p:-0.9682642335694838, -0.4605718718093651, -0.8262300233016763, fr=0.474
p:-0.491, 0.997, -2.292, fr=0.178
j:0, 3, stif=0.962
j:1, 3
j:2, 0, stif=0.938
j:4, 2
n:j=0, d=|:r=0.962
n:d=*
c:0, 1, 0.363
",0.005060260440438127,feasible,20
15,0,41,"//0
p:0.942, -0.243, -0.276, fr=0.876
p:0.597, 0.044, -1.86, fr=0.012
p:0.225, -0.057, -1.19
p:-0.9682642335694838, -0.4605718718093651, -0.8262300233016763, fr=0.474
p:-0.491, 0.997, -2.292, fr=0.178
j:0, 3, stif=0.962
j:1, 3
j:2, 0, stif=0.925
j:4, 2
n:j=0, d=|:r=0.962
n:d=*
c:0, 1, 0.363
",0.005619000959319355,"//0
p:0.942, -0.243, -0.276, fr=0.876
p:0.5218836451645567, -0.02972038717920933, -1.764077079621642, fr=0.012
p:0.225, -0.057, -1.19
p:-0.533, -1.065, -0.417, fr=0.474
p:-0.491, 0.997, -2.292, fr=0.178
j:0, 3, stif=0.962
j:1, 3
j:2, 0, stif=0.925
j:4, 2
n:j=0, d=|:r=0.962
n:d=*
c:0, 1, 0.363
",0.0031334279485364666,feasible,20
15,0,41,"//0
p:0.942, -0.243, -0.276, fr=0.876
p:0.597, 0.044, -1.86, fr=0.012
p:0.225, -0.057, -1.19
p:-0.9682642335694838, -0.4605718718093651, -0.8262300233016763, fr=0.474
p:-0.491, 0.997, -2.292, fr=0.178
j:0, 3, stif=0.962
j:1, 3
j:2, 0, stif=0.925
j:4, 2
n:j=0, d=|:r=0.962
n:d=*
c:0, 1, 0.363
",0.005619000959319355,"//0
p:0.942, -0.243, -0.276, fr=0.876
p:0.597, 0.044, -1.86, fr=0.012
p:0.225, -0.057, -1.19
p:-0.9682642335694838, -0.4605718718093651, -0.8262300233016763, fr=0.474
p:-0.491, 0.997, -2.292, fr=0.178
j:0, 3, stif=0.962
j:1, 3
j:2, 0, stif=0.925
j:4, 2
n:j=0, d=|:r=0.962
n:d=*
n:p=3, d=S
c:0, 1, 0.363
",0.005619000959319355,feasible,20
15,0,41,"//0
p:0.942, -0.243, -0.276, fr=0.876
p:0.597, 0.044, -1.86, fr=0.012
p:0.225, -0.057, -1.19
p:-0.9682642335694838, -0.4605718718093651, -0.8262300233016763, fr=0.474
p:-0.491, 0.997, -2.292, fr=0.178
j:0, 3, stif=0.962
j:1, 3
j:2, 0, stif=0.925
j:4, 2
n:j=0, d=|:r=0.962
n:d=*
c:0, 1, 0.363
",0.005619000959319355,"//0
p:0.942, -0.243, -0.276, fr=0.876
p:0.597, 0.044, -1.86, fr=0.012
p:0.225, -0.057, -1.19
p:-0.9682642335694838, -0.4605718718093651, -0.8262300233016763, fr=0.474
p:-0.491, 0.997, -2.292, fr=0.178
j:0, 3, stif=0.962
j:1, 3
j:2, 0, stif=0.925
j:4, 2
n:j=0, d=|:r=0.962
n:d=*
n:j=0, d=@
c:0, 1, 0.363
c:2, 1, -2.934
",0.0008056752530377715,feasible,20
15,0,41,"//0
p:0.942, -0.243, -0.276, fr=0.876
p:0.597, 0.044, -1.86, fr=0.012
p:0.225, -0.057, -1.19
p:-0.9682642335694838, -0.4605718718093651, -0.8262300233016763, fr=0.474
p:-0.491, 0.997, -2.292, fr=0.178
j:0, 3, stif=0.962
j:1, 3
j:2, 0, stif=0.925
j:4, 2
n:j=0, d=|:r=0.962
n:d=*
c:0, 1, 0.363
",0.005619000959319355,"//0
p:0.942, -0.243, -0.276, fr=0.876
p:0.597, 0.044, -1.86, fr=0.012
p:0.225, -0.057, -1.19
p:-0.9682642335694838, -0.4605718718093651, -0.8262300233016763, fr=0.474
j:0, 3, stif=0.962
j:1, 3
j:2, 0, stif=0.925
n:j=0, d=|:r=0.962
n:d=*
c:0, 1, 0.363
",0.00020795412837687727,feasible,20
15,0,41,"//0
p:0.942, -0.243, -0.276, fr=0.876
p:0.597, 0.044, -1.86, fr=0.012
p:0.225, -0.057, -1.19
p:-0.9682642335694838, -0.4605718718093651, -0.8262300233016763, fr=0.474
p:-0.491, 0.997, -2.292, fr=0.178
j:0, 3, stif=0.962
j:1, 3
j:2, 0, stif=0.925
j:4, 2
n:j=0, d=|:r=0.962
n:d=*
c:0, 1, 0.363
",0.005619000959319355,"//0
p:0.942, -0.243, -0.276, fr=0.876
p:0.597, 0.044, -1.86, fr=0.012
p:0.261, -0.023, -1.15
p:-0.9682642335694838, -0.4605718718093651, -0.8262300233016763, fr=0.474
p:-0.491, 0.997, -2.292, fr=0.178
j:0, 3, stif=0.962
j:1, 3
j:2, 0, stif=0.925
j:4, 2
n:j=0, d=|:r=0.962
n:d=*
c:0, 1, 0.363
",0.00546421695920705,feasible,20
15,0,41,"//0
p:0.942, -0.243, -0.276, fr=0.876
p:0.597, 0.044, -1.86, fr=0.012
p:0.225, -0.057, -1.19
p:-0.9682642335694838, -0.4605718718093651, -0.8262300233016763, fr=0.474
p:-0.491, 0.997, -2.292, fr=0.178
j:0, 3, stif=0.962
j:1, 3
j:2, 0, stif=0.925
j:4, 2
n:j=0, d=|:r=0.962
n:d=*
c:0, 1, 0.363
",0.005619000959319355,"//0
p:0.942, -0.243, -0.276, fr=0.876
p:0.597, 0.044, -1.86, fr=0.012
p:0.225, -0.057, -1.19, fr=0.028
p:-0.9682642335694838, -0.4605718718093651, -0.8262300233016763, fr=0.474
p:-0.491, 0.997, -2.292, fr=0.178
j:0, 3, stif=0.962
j:1, 3
j:2, 0, stif=0.925
j:4, 2
n:j=0, d=|:r=0.962
n:d=*
c:0, 1, 0.363
",0.005631547012702549,feasible,20
15,0,41,"//0
p:0.942, -0.243, -0.276, fr=0.876
p:0.597, 0.044, -1.86, fr=0.012
p:0.225, -0.057, -1.19
p:-0.9682642335694838, -0.4605718718093651, -0.8262300233016763, fr=0.474
p:-0.491, 0.997, -2.292, fr=0.178
j:0, 3, stif=0.962
j:1, 3
j:2, 0, stif=0.925
j:4, 2
n:j=0, d=|:r=0.962
n:d=*
c:0, 1, 0.363
",0.005619000959319355,"//0
p:0.942, -0.243, -0.276, fr=0.876
p:0.597, 0.044, -1.86, fr=0.012
p:0.225, -0.057, -1.19
p:-0.9682642335694838, -0.4605718718093651, -0.8262300233016763, fr=0.474
p:-0.491, 0.997, -2.292, fr=0.178
j:0, 3, stif=0.962
j:1, 3
j:2, 0, stif=0.925
j:4, 2
n:j=0, d=|:r=0.962
n:d=*
c:0, 1, -1.23
",0.0001467384980965648,feasible,20
15,0,41,"//0
p:0.942, -0.243, -0.276, fr=0.876
p:0.597, 0.044, -1.86, fr=0.012
p:0.225, -0.057, -1.19
p:-0.9682642335694838, -0.4605718718093651, -0.8262300233016763, fr=0.474
p:-0.491, 0.997, -2.292, fr=0.178
j:0, 3, stif=0.962
j:1, 3
j:2, 0, stif=0.925
j:4, 2
n:j=0, d=|:r=0.962
n:d=*
c:0, 1, 0.363
",0.005619000959319355,"//0
p:0.942, -0.243, -0.276, fr=0.876
p:0.597, 0.044, -1.86, fr=0.012
p:0.225, -0.057, -1.19
p:-0.9682642335694838, -0.4605718718093651, -0.8262300233016763, fr=0.474
p:-0.491, 0.997, -2.292, fr=0.178
j:0, 3, stif=0.962
j:1, 3
j:2, 0, stif=0.925
j:4, 2
n:j=0, d=|:r=0.962
n:d=*
c:0, 1, -0.944
",0.0007312167736953517,feasible,20
15,0,41,"//0
p:0.942, -0.243, -0.276, fr=0.876
p:0.597, 0.044, -1.86, fr=0.012
p:0.225, -0.057, -1.19
p:-0.9682642335694838, -0.4605718718093651, -0.8262300233016763, fr=0.474
p:-0.491, 0.997, -2.292, fr=0.178
j:0, 3, stif=0.962
j:1, 3
j:2, 0, stif=0.925
j:4, 2
n:j=0, d=|:r=0.962
n:d=*
c:0, 1, 0.363
",0.005619000959319355,"//0
p:0.942, -0.243, -0.276, fr=0.876
p:0.597, 0.044, -1.86, fr=0.012
p:0.225, -0.057, -1.19
p:-0.9682642335694838, -0.4605718718093651, -0.8262300233016763, fr=0.474
p:-0.491, 0.997, -2.292, fr=0.178
j:0, 3, stif=0.962
j:1, 3
j:2, 0, stif=0.925
j:4, 2
n:j=0, d=""|:p=0.387, r=0.962""
n:d=*
c:0, 1, 0.363
",0.0006723442706233828,feasible,20
15,0,41,"//0
p:0.942, -0.243, -0.276, fr=0.876
p:0.597, 0.044, -1.86, fr=0.012
p:0.225, -0.057, -1.19
p:-0.9682642335694838, -0.4605718718093651, -0.8262300233016763, fr=0.474
p:-0.491, 0.997, -2.292, fr=0.178
j:0, 3, stif=0.962
j:1, 3
j:2, 0, stif=0.925
j:4, 2
n:j=0, d=|:r=0.962
n:d=*
c:0, 1, 0.363
",0.005619000959319355,"//0
p:0.942, -0.243, -0.276, fr=0.876
p:0.597, 0.044, -1.86, fr=0.012
p:0.225, -0.057, -1.19
p:-0.9682642335694838, -0.4605718718093651, -0.8262300233016763, fr=0.474, ing=0.208
p:-0.491, 0.997, -2.292, fr=0.178
j:0, 3, stif=0.962
j:1, 3
j:2, 0, stif=0.925
j:4, 2
n:j=0, d=|:r=0.962
n:d=*
c:0, 1, 0.363
",0.005619000959319355,feasible,20
15,0,41,"//0
p:0.942, -0.243, -0.276, fr=0.876
p:0.597, 0.044, -1.86, fr=0.012
p:0.225, -0.057, -1.19
p:-0.9682642335694838, -0.4605718718093651, -0.8262300233016763, fr=0.474
p:-0.491, 0.997, -2.292, fr=0.178
j:0, 3, stif=0.962
j:1, 3
j:2, 0, stif=0.925
j:4, 2
n:j=0, d=|:r=0.962
n:d=*
c:0, 1, 0.363
",0.005619000959319355,"//0
p:0.942, -0.243, -0.276, fr=0.876
p:0.597, 0.044, -1.86, fr=0.012
p:0.225, -0.057, -1.19, fr=0.239
p:-0.9682642335694838, -0.4605718718093651, -0.8262300233016763, fr=0.474
p:-0.491, 0.997, -2.292, fr=0.178
j:0, 3, stif=0.962
j:1, 3
j:2, 0, stif=0.925
j:4, 2
n:j=0, d=|:r=0.962
n:d=*
c:0, 1, 0.363
",0.005119261575824341,feasible,20
15,0,41,"//0
p:0.942, -0.243, -0.276, fr=0.876
p:0.597, 0.044, -1.86, fr=0.012
p:0.225, -0.057, -1.19
p:-0.9682642335694838, -0.4605718718093651, -0.8262300233016763, fr=0.474
p:-0.491, 0.997, -2.292, fr=0.178
j:0, 3, stif=0.962
j:1, 3
j:2, 0, stif=0.925
j:4, 2
n:j=0, d=|:r=0.962
n:d=*
c:0, 1, 0.363
",0.005619000959319355,"//0
p:0.942, -0.243, -0.276, fr=0.876
p:0.597, 0.044, -1.86, fr=0.012
p:0.225, -0.057, -1.19
p:-0.8916657235360193, -0.47027396889818807, -1.0409945080785818, fr=0.474
p:-0.491, 0.997, -2.292, fr=0.178
j:0, 3, stif=0.962
j:1, 3
j:2, 0, stif=0.925
j:4, 2
n:j=0, d=|:r=0.962
n:d=*
c:0, 1, 0.363
",0.004288887992892639,feasible,20
15,0,41,"//0
p:0.942, -0.243, -0.276, fr=0.876
p:0.597, 0.044, -1.86, fr=0.012
p:0.225, -0.057, -1.19
p:-0.9682642335694838, -0.4605718718093651, -0.8262300233016763, fr=0.474
p:-0.491, 0.997, -2.292, fr=0.178
j:0, 3, stif=0.962
j:1, 3
j:2, 0, stif=0.925
j:4, 2
n:j=0, d=|:r=0.962
n:d=*
c:0, 1, 0.363
",0.005619000959319355,"//0
p:0.942, -0.243, -0.276, fr=0.876
p:0.597, 0.044, -1.86, fr=0.012
p:0.225, -0.057, -1.19
p:-0.9682642335694838, -0.4605718718093651, -0.8262300233016763, fr=0.474
p:-0.491, 0.997, -2.292, fr=0.178
j:0, 3, stif=0.962
j:1, 3, stif=0.969
j:2, 0, stif=0.925
j:4, 2
n:j=0, d=|:r=0.962
n:d=*
c:0, 1, 0.363
",0.005491672558568891,feasible,20
15,0,41,"//0
p:0.942, -0.243, -0.276, fr=0.876
p:0.597, 0.044, -1.86, fr=0.012
p:0.225, -0.057, -1.19
p:-0.9682642335694838, -0.4605718718093651, -0.8262300233016763, fr=0.474
p:-0.491, 0.997, -2.292, fr=0.178
j:0, 3, stif=0.962
j:1, 3
j:2, 0, stif=0.925
j:4, 2
n:j=0, d=|:r=0.962
n:d=*
c:0, 1, 0.363
",0.005619000959319355,"//0
p:0.942, -0.243, -0.276, fr=0.876
p:0.597, 0.044, -1.86, fr=0.012
p:0.225, -0.057, -1.19
p:-0.9682642335694838, -0.4605718718093651, -0.8262300233016763, fr=0.474
p:-0.491, 0.997, -2.292, fr=0.178
j:0, 3, stif=0.962
j:1, 3
j:2, 0, stif=0.925
j:4, 2
n:j=0, d=|:r=0.962
n:d=*
c:0, 1, -1.547
",0.0001467384980965648,feasible,20
15,0,41,"//0
p:0.942, -0.243, -0.276, fr=0.876
p:0.597, 0.044, -1.86, fr=0.012
p:0.225, -0.057, -1.19
p:-0.9682642335694838, -0.4605718718093651, -0.8262300233016763, fr=0.474
p:-0.491, 0.997, -2.292, fr=0.178
j:0, 3, stif=0.962
j:1, 3
j:2, 0, stif=0.925
j:4, 2
n:j=0, d=|:r=0.962
n:d=*
c:0, 1, 0.363
",0.005619000959319355,"//0
p:0.942, -0.243, -0.276, fr=0.876
p:0.597, 0.044, -1.86, fr=0.012
p:0.225, -0.057, -1.19
p:-0.9682642335694838, -0.4605718718093651, -0.8262300233016763, fr=0.314
p:-0.491, 0.997, -2.292, fr=0.178
j:0, 3, stif=0.962
j:1, 3
j:2, 0, stif=0.925
j:4, 2
n:j=0, d=|:r=0.962
n:d=*
c:0, 1, 0.363
",0.005182874715507378,feasible,20
15,0,41,"//0
p:0.942, -0.243, -0.276, fr=0.876
p:0.597, 0.044, -1.86, fr=0.012
p:0.225, -0.057, -1.19
p:-0.9682642335694838, -0.4605718718093651, -0.8262300233016763, fr=0.474
p:-0.491, 0.997, -2.292, fr=0.178
j:0, 3, stif=0.962
j:1, 3
j:2, 0, stif=0.925
j:4, 2
n:j=0, d=|:r=0.962
n:d=*
c:0, 1, 0.363
",0.005619000959319355,"//0
p:0.942, -0.243, -0.276, fr=0.876
p:0.597, 0.044, -1.86, fr=0.012
p:0.225, -0.057, -1.19
p:-0.9682642335694838, -0.4605718718093651, -0.8262300233016763, fr=0.474
p:-0.491, 0.997, -2.292, fr=0.178
j:0, 3, stif=0.962
j:1, 3
j:2, 0, stif=0.925
j:4, 2
n:j=0, d=|:r=0.962
",6.889896416166246e-07,feasible,20
15,0,42,"//0
p:0.942, -0.243, -0.276, fr=0.876
p:0.6625986820300314, -0.015383083859376201, -1.8945432421686283, fr=0.012
p:0.225, -0.057, -1.19
p:-0.9682642335694838, -0.4605718718093651, -0.8262300233016763, fr=0.474
p:-0.491, 0.997, -2.292, fr=0.178
j:0, 3, stif=0.962
j:1, 3
j:2, 0, stif=0.925
j:4, 2
n:j=0, d=|:r=0.962
n:d=*
c:0, 1, 0.363
",0.005931656734626935,"//0
p:0.942, -0.243, -0.276, fr=0.876
p:0.6625986820300314, -0.015383083859376201, -1.8945432421686283, fr=0.012
p:0.225, -0.057, -1.19
p:-0.9682642335694838, -0.4605718718093651, -0.8262300233016763, fr=0.474
p:-0.491, 0.997, -2.292, fr=0.178
p:-0.012, 0.703, -1.78
j:0, 3, stif=0.962
j:1, 3
j:2, 0, stif=0.925
j:4, 2
j:5, 4
n:j=0, d=|:r=0.962
n:d=*
c:0, 1, 0.363
",0.0031158352960565837,feasible,21
15,0,42,"//0
p:0.942, -0.243, -0.276, fr=0.876
p:0.6625986820300314, -0.015383083859376201, -1.8945432421686283, fr=0.012
p:0.225, -0.057, -1.19
p:-0.9682642335694838, -0.4605718718093651, -0.8262300233016763, fr=0.474
p:-0.491, 0.997, -2.292, fr=0.178
j:0, 3, stif=0.962
j:1, 3
j:2, 0, stif=0.925
j:4, 2
n:j=0, d=|:r=0.962
n:d=*
c:0, 1, 0.363
",0.005931656734626935,"//0
p:0.942, -0.243, -0.276, fr=0.876
p:0.6625986820300314, -0.015383083859376201, -1.8945432421686283, fr=0.012
p:0.225, -0.057, -1.19, ing=0.076
p:-0.9682642335694838, -0.4605718718093651, -0.8262300233016763, fr=0.474
p:-0.491, 0.997, -2.292, fr=0.178
j:0, 3, stif=0.962
j:1, 3
j:2, 0, stif=0.925
j:4, 2
n:j=0, d=|:r=0.962
n:d=*
c:0, 1, 0.363
",0.005931656734626935,feasible,21
15,0,42,"//0
p:0.942, -0.243, -0.276, fr=0.876
p:0.6625986820300314, -0.015383083859376201, -1.8945432421686283, fr=0.012
p:0.225, -0.057, -1.19
p:-0.9682642335694838, -0.4605718718093651, -0.8262300233016763, fr=0.474
p:-0.491, 0.997, -2.292, fr=0.178
j:0, 3, stif=0.962
j:1, 3
j:2, 0, stif=0.925
j:4, 2
n:j=0, d=|:r=0.962
n:d=*
c:0, 1, 0.363
",0.005931656734626935,"//0
p:0.942, -0.243, -0.276, fr=0.876
p:0.6625986820300314, -0.015383083859376201, -1.8945432421686283, fr=0.012
p:0.225, -0.057, -1.19
p:-0.9682642335694838, -0.4605718718093651, -0.8262300233016763, fr=0.474
p:-0.491, 0.997, -2.292, fr=0.178
j:0, 3, stif=0.962
j:1, 3
j:2, 0, stif=0.925, rotstif=0.933
j:4, 2
n:j=0, d=|:r=0.962
n:d=*
c:0, 1, 0.363
",0.005931656734626935,feasible,21
15,0,42,"//0
p:0.942, -0.243, -0.276, fr=0.876
p:0.6625986820300314, -0.015383083859376201, -1.8945432421686283, fr=0.012
p:0.225, -0.057, -1.19
p:-0.9682642335694838, -0.4605718718093651, -0.8262300233016763, fr=0.474
p:-0.491, 0.997, -2.292, fr=0.178
j:0, 3, stif=0.962
j:1, 3
j:2, 0, stif=0.925
j:4, 2
n:j=0, d=|:r=0.962
n:d=*
c:0, 1, 0.363
",0.005931656734626935,"//0
p:0.942, -0.243, -0.276, fr=0.876
p:0.6625986820300314, -0.015383083859376201, -1.8945432421686283, fr=0.012
p:0.225, -0.057, -1.19
p:-0.9682642335694838, -0.4605718718093651, -0.8262300233016763, fr=0.474
p:-0.491, 0.997, -2.292, fr=0.443
j:0, 3, stif=0.962
j:1, 3
j:2, 0, stif=0.925
j:4, 2
n:j=0, d=|:r=0.962
n:d=*
c:0, 1, 0.363
",0.005609851630635009,feasible,21
15,0,42,"//0
p:0.942, -0.243, -0.276, fr=0.876
p:0.6625986820300314, -0.015383083859376201, -1.8945432421686283, fr=0.012
p:0.225, -0.057, -1.19
p:-0.9682642335694838, -0.4605718718093651, -0.8262300233016763, fr=0.474
p:-0.491, 0.997, -2.292, fr=0.178
j:0, 3, stif=0.962
j:1, 3
j:2, 0, stif=0.925
j:4, 2
n:j=0, d=|:r=0.962
n:d=*
c:0, 1, 0.363
",0.005931656734626935,"//0
p:0.942, -0.243, -0.276, fr=0.876
p:0.225, -0.057, -1.19
p:-0.9682642335694838, -0.4605718718093651, -0.8262300233016763, fr=0.474
p:-0.491, 0.997, -2.292, fr=0.178
j:0, 2, stif=0.962
j:1, 0, stif=0.925
j:3, 1
n:j=0, d=|:r=0.962
n:d=*
c:0, 1, 0.363
",0.00010145313853553715,feasible,21
15,0,42,"//0
p:0.942, -0.243, -0.276, fr=0.876
p:0.6625986820300314, -0.015383083859376201, -1.8945432421686283, fr=0.012
p:0.225, -0.057, -1.19
p:-0.9682642335694838, -0.4605718718093651, -0.8262300233016763, fr=0.474
p:-0.491, 0.997, -2.292, fr=0.178
j:0, 3, stif=0.962
j:1, 3
j:2, 0, stif=0.925
j:4, 2
n:j=0, d=|:r=0.962
n:d=*
c:0, 1, 0.363
",0.005931656734626935,"//0
p:0.942, -0.243, -0.276, fr=0.876
p:0.6625986820300314, -0.015383083859376201, -1.8945432421686283, fr=0.012
p:0.225, -0.057, -1.19
p:-0.9682642335694838, -0.4605718718093651, -0.8262300233016763, fr=0.474
p:-0.491, 0.997, -2.292, fr=0.178
j:0, 3, stif=0.967
j:1, 3
j:2, 0, stif=0.925
j:4, 2
n:j=0, d=|:r=0.962
n:d=*
c:0, 1, 0.363
",0.0057018725451588,feasible,21
15,0,42,"//0
p:0.942, -0.243, -0.276, fr=0.876
p:0.6625986820300314, -0.015383083859376201, -1.8945432421686283, fr=0.012
p:0.225, -0.057, -1.19
p:-0.9682642335694838, -0.4605718718093651, -0.8262300233016763, fr=0.474
p:-0.491, 0.997, -2.292, fr=0.178
j:0, 3, stif=0.962
j:1, 3
j:2, 0, stif=0.925
j:4, 2
n:j=0, d=|:r=0.962
n:d=*
c:0, 1, 0.363
",0.005931656734626935,"//0
p:0.942, -0.243, -0.276, fr=0.876
p:0.6625986820300314, -0.015383083859376201, -1.8945432421686283, fr=0.012
p:0.225, -0.057, -1.19
p:-0.9682642335694838, -0.4605718718093651, -0.8262300233016763, fr=0.474
p:-0.491, 0.997, -2.292, fr=0.178
j:0, 3, stif=0.962
j:1, 3
j:2, 0, stif=0.925
j:4, 2, rotstif=0.962
n:j=0, d=|:r=0.962
n:d=*
c:0, 1, 0.363
",0.005931656734626935,feasible,21
15,0,42,"//0
p:0.942, -0.243, -0.276, fr=0.876
p:0.6625986820300314, -0.015383083859376201, -1.8945432421686283, fr=0.012
p:0.225, -0.057, -1.19
p:-0.9682642335694838, -0.4605718718093651, -0.8262300233016763, fr=0.474
p:-0.491, 0.997, -2.292, fr=0.178
j:0, 3, stif=0.962
j:1, 3
j:2, 0, stif=0.925
j:4, 2
n:j=0, d=|:r=0.962
n:d=*
c:0, 1, 0.363
",0.005931656734626935,"//0
p:0.942, -0.243, -0.276, fr=0.876
p:0.6625986820300314, -0.015383083859376201, -1.8945432421686283, fr=0.012
p:0.269, 0.172, -0.653
p:-0.9682642335694838, -0.4605718718093651, -0.8262300233016763, fr=0.474
p:-0.491, 0.997, -2.292, fr=0.178
j:0, 3, stif=0.962
j:1, 3
j:2, 0, stif=0.925
j:4, 2
n:j=0, d=|:r=0.962
n:d=*
c:0, 1, 0.363
",0.004172116458976519,feasible,21
15,0,42,"//0
p:0.942, -0.243, -0.276, fr=0.876
p:0.6625986820300314, -0.015383083859376201, -1.8945432421686283, fr=0.012
p:0.225, -0.057, -1.19
p:-0.9682642335694838, -0.4605718718093651, -0.8262300233016763, fr=0.474
p:-0.491, 0.997, -2.292, fr=0.178
j:0, 3, stif=0.962
j:1, 3
j:2, 0, stif=0.925
j:4, 2
n:j=0, d=|:r=0.962
n:d=*
c:0, 1, 0.363
",0.005931656734626935,"//0
p:0.942, -0.243, -0.276, fr=0.876
p:0.6625986820300314, -0.015383083859376201, -1.8945432421686283, fr=0.012
p:0.225, -0.057, -1.19, fr=1.195
p:-0.9682642335694838, -0.4605718718093651, -0.8262300233016763, fr=0.474
p:-0.491, 0.997, -2.292, fr=0.178
j:0, 3, stif=0.962
j:1, 3
j:2, 0, stif=0.925
j:4, 2
n:j=0, d=|:r=0.962
n:d=*
c:0, 1, 0.363
",0.0060703198873648225,feasible,21
15,0,42,"//0
p:0.942, -0.243, -0.276, fr=0.876
p:0.6625986820300314, -0.015383083859376201, -1.8945432421686283, fr=0.012
p:0.225, -0.057, -1.19
p:-0.9682642335694838, -0.4605718718093651, -0.8262300233016763, fr=0.474
p:-0.491, 0.997, -2.292, fr=0.178
j:0, 3, stif=0.962
j:1, 3
j:2, 0, stif=0.925
j:4, 2
n:j=0, d=|:r=0.962
n:d=*
c:0, 1, 0.363
",0.005931656734626935,"//0
p:0.942, -0.243, -0.276, fr=0.876
p:0.6625986820300314, -0.015383083859376201, -1.8945432421686283, fr=0.012
p:0.225, -0.057, -1.19
p:-0.9682642335694838, -0.4605718718093651, -0.8262300233016763, fr=0.474
p:-0.491, 0.997, -2.292, fr=0.178
j:0, 3, stif=0.962
j:1, 3
j:2, 0, stif=0.925
j:4, 2
j:4, 1
n:j=0, d=|:r=0.962
n:d=*
c:0, 1, 0.363
",0.00012100802494749527,feasible,21
15,0,42,"//0
p:0.942, -0.243, -0.276, fr=0.876
p:0.6625986820300314, -0.015383083859376201, -1.8945432421686283, fr=0.012
p:0.225, -0.057, -1.19
p:-0.9682642335694838, -0.4605718718093651, -0.8262300233016763, fr=0.474
p:-0.491, 0.997, -2.292, fr=0.178
j:0, 3, stif=0.962
j:1, 3
j:2, 0, stif=0.925
j:4, 2
n:j=0, d=|:r=0.962
n:d=*
c:0, 1, 0.363
",0.005931656734626935,"//0
p:0.942, -0.243, -0.276, fr=0.876
p:0.6625986820300314, -0.015383083859376201, -1.8945432421686283, fr=0.012
p:0.225, -0.057, -1.19
p:-0.9682642335694838, -0.4605718718093651, -0.8262300233016763, fr=0.474
p:-0.491, 0.997, -2.292, fr=0.178
j:0, 1, stif=0.962
j:3, 1
j:2, 0, stif=0.925
j:4, 2
n:j=0, d=|:r=0.962
n:d=*
c:0, 1, 0.363
",7.327182808321547e-05,feasible,21
15,0,42,"//0
p:0.942, -0.243, -0.276, fr=0.876
p:0.6625986820300314, -0.015383083859376201, -1.8945432421686283, fr=0.012
p:0.225, -0.057, -1.19
p:-0.9682642335694838, -0.4605718718093651, -0.8262300233016763, fr=0.474
p:-0.491, 0.997, -2.292, fr=0.178
j:0, 3, stif=0.962
j:1, 3
j:2, 0, stif=0.925
j:4, 2
n:j=0, d=|:r=0.962
n:d=*
c:0, 1, 0.363
",0.005931656734626935,"//0
p:0.942, -0.243, -0.276, fr=0.876
p:0.6625986820300314, -0.015383083859376201, -1.8945432421686283, fr=0.237
p:0.225, -0.057, -1.19
p:-0.9682642335694838, -0.4605718718093651, -0.8262300233016763, fr=0.474
p:-0.491, 0.997, -2.292, fr=0.178
j:0, 3, stif=0.962
j:1, 3
j:2, 0, stif=0.925
j:4, 2
n:j=0, d=|:r=0.962
n:d=*
c:0, 1, 0.363
",0.0031363760656512416,feasible,21
15,0,42,"//0
p:0.942, -0.243, -0.276, fr=0.876
p:0.6625986820300314, -0.015383083859376201, -1.8945432421686283, fr=0.012
p:0.225, -0.057, -1.19
p:-0.9682642335694838, -0.4605718718093651, -0.8262300233016763, fr=0.474
p:-0.491, 0.997, -2.292, fr=0.178
j:0, 3, stif=0.962
j:1, 3
j:2, 0, stif=0.925
j:4, 2
n:j=0, d=|:r=0.962
n:d=*
c:0, 1, 0.363
",0.005931656734626935,"//0
p:0.942, -0.243, -0.276, fr=0.876
p:0.6625986820300314, -0.015383083859376201, -1.8945432421686283, fr=0.012
p:0.225, -0.057, -1.19
p:-0.9682642335694838, -0.4605718718093651, -0.8262300233016763, fr=0.474
p:-0.491, 0.997, -2.292, fr=0.178
j:0, 3, stif=0.962
j:1, 3
j:2, 0, stif=0.925
j:4, 2
n:j=0, d=|:r=0.962
n:d=*
c:0, 1, 3.228
",0.0032468073438493695,feasible,21
15,0,42,"//0
p:0.942, -0.243, -0.276, fr=0.876
p:0.6625986820300314, -0.015383083859376201, -1.8945432421686283, fr=0.012
p:0.225, -0.057, -1.19
p:-0.9682642335694838, -0.4605718718093651, -0.8262300233016763, fr=0.474
p:-0.491, 0.997, -2.292, fr=0.178
j:0, 3, stif=0.962
j:1, 3
j:2, 0, stif=0.925
j:4, 2
n:j=0, d=|:r=0.962
n:d=*
c:0, 1, 0.363
",0.005931656734626935,"//0
p:0.942, -0.243, -0.276, fr=0.876
p:0.6625986820300314, -0.015383083859376201, -1.8945432421686283, fr=0.012
p:0.225, -0.057, -1.19
p:-0.9682642335694838, -0.4605718718093651, -0.8262300233016763, fr=0.474
p:-0.491, 0.997, -2.292, fr=0.178
j:0, 3, stif=0.962
j:1, 3
j:2, 0, stif=0.925
j:4, 2
n:j=0, d=|:r=0.962
",0.004442943370673712,feasible,21
15,0,42,"//0
p:0.942, -0.243, -0.276, fr=0.876
p:0.6625986820300314, -0.015383083859376201, -1.8945432421686283, fr=0.012
p:0.225, -0.057, -1.19
p:-0.9682642335694838, -0.4605718718093651, -0.8262300233016763, fr=0.474
p:-0.491, 0.997, -2.292, fr=0.178
j:0, 3, stif=0.962
j:1, 3
j:2, 0, stif=0.925
j:4, 2
n:j=0, d=|:r=0.962
n:d=*
c:0, 1, 0.363
",0.005931656734626935,"//0
p:0.942, -0.243, -0.276, fr=0.876
p:0.6625986820300314, -0.015383083859376201, -1.8945432421686283, fr=0.012
p:0.225, -0.057, -1.19
p:-0.9682642335694838, -0.4605718718093651, -0.8262300233016763, fr=0.474
p:-0.368, 0.807, -2.147, fr=0.178
j:0, 3, stif=0.962
j:1, 3
j:2, 0, stif=0.925
j:4, 2
n:j=0, d=|:r=0.962
n:d=*
c:0, 1, 0.363
",0.00543802528520298,feasible,21
15,0,42,"//0
p:0.942, -0.243, -0.276, fr=0.876
p:0.6625986820300314, -0.015383083859376201, -1.8945432421686283, fr=0.012
p:0.225, -0.057, -1.19
p:-0.9682642335694838, -0.4605718718093651, -0.8262300233016763, fr=0.474
p:-0.491, 0.997, -2.292, fr=0.178
j:0, 3, stif=0.962
j:1, 3
j:2, 0, stif=0.925
j:4, 2
n:j=0, d=|:r=0.962
n:d=*
c:0, 1, 0.363
",0.005931656734626935,"//0
p:0.942, -0.243, -0.276, fr=0.876
p:0.6625986820300314, -0.015383083859376201, -1.8945432421686283, fr=0.012
p:0.225, -0.057, -1.19
p:-0.9682642335694838, -0.4605718718093651, -0.8262300233016763, fr=0.474
p:-0.09373909784807877, 0.653243183064632, -1.733117949240563, fr=0.178
j:0, 4, stif=0.962
j:1, 4
j:2, 0, stif=0.925
j:3, 2
n:j=0, d=|:r=0.962
n:d=*
c:0, 1, 0.363
",2.6360637925519824e-05,feasible,21
15,0,42,"//0
p:0.942, -0.243, -0.276, fr=0.876
p:0.6625986820300314, -0.015383083859376201, -1.8945432421686283, fr=0.012
p:0.225, -0.057, -1.19
p:-0.9682642335694838, -0.4605718718093651, -0.8262300233016763, fr=0.474
p:-0.491, 0.997, -2.292, fr=0.178
j:0, 3, stif=0.962
j:1, 3
j:2, 0, stif=0.925
j:4, 2
n:j=0, d=|:r=0.962
n:d=*
c:0, 1, 0.363
",0.005931656734626935,"//0
p:0.942, -0.243, -0.276, fr=0.876
p:0.6625986820300314, -0.015383083859376201, -1.8945432421686283, fr=0.012
p:0.225, -0.057, -1.19
p:-0.9682642335694838, -0.4605718718093651, -0.8262300233016763, fr=0.474
p:-0.491, 0.997, -2.292, fr=0.178
j:0, 3, stif=0.962
j:1, 3
j:2, 0, stif=0.925
j:4, 2
n:d=*
",2.339994267210647e-07,feasible,21
15,0,42,"//0
p:0.942, -0.243, -0.276, fr=0.876
p:0.6625986820300314, -0.015383083859376201, -1.8945432421686283, fr=0.012
p:0.225, -0.057, -1.19
p:-0.9682642335694838, -0.4605718718093651, -0.8262300233016763, fr=0.474
p:-0.491, 0.997, -2.292, fr=0.178
j:0, 3, stif=0.962
j:1, 3
j:2, 0, stif=0.925
j:4, 2
n:j=0, d=|:r=0.962
n:d=*
c:0, 1, 0.363
",0.005931656734626935,"//0
p:0.942, -0.243, -0.276, fr=0.876
p:0.6625986820300314, -0.015383083859376201, -1.8945432421686283, fr=0.012
p:0.225, -0.057, -1.19
p:-0.9682642335694838, -0.4605718718093651, -0.8262300233016763, fr=0.508
p:-0.491, 0.997, -2.292, fr=0.178
j:0, 3, stif=0.962
j:1, 3
j:2, 0, stif=0.925
j:4, 2
n:j=0, d=|:r=0.962
n:d=*
c:0, 1, 0.363
",0.005866216092671787,feasible,21
15,0,42,"//0
p:0.942, -0.243, -0.276, fr=0.876
p:0.6625986820300314, -0.015383083859376201, -1.8945432421686283, fr=0.012
p:0.225, -0.057, -1.19
p:-0.9682642335694838, -0.4605718718093651, -0.8262300233016763, fr=0.474
p:-0.491, 0.997, -2.292, fr=0.178
j:0, 3, stif=0.962
j:1, 3
j:2, 0, stif=0.925
j:4, 2
n:j=0, d=|:r=0.962
n:d=*
c:0, 1, 0.363
",0.005931656734626935,"//0
p:0.942, -0.243, -0.276, fr=0.876
p:0.6625986820300314, -0.015383083859376201, -1.8945432421686283, fr=0.012
p:0.225, -0.057, -1.19, fr=0.467
p:-0.9682642335694838, -0.4605718718093651, -0.8262300233016763, fr=0.474
p:-0.491, 0.997, -2.292, fr=0.178
j:0, 3, stif=0.962
j:1, 3
j:2, 0, stif=0.925
j:4, 2
n:j=0, d=|:r=0.962
n:d=*
c:0, 1, 0.363
",0.006028852990953412,feasible,21
15,0,42,"//0
p:0.942, -0.243, -0.276, fr=0.876
p:0.6625986820300314, -0.015383083859376201, -1.8945432421686283, fr=0.012
p:0.225, -0.057, -1.19
p:-0.9682642335694838, -0.4605718718093651, -0.8262300233016763, fr=0.474
p:-0.491, 0.997, -2.292, fr=0.178
j:0, 3, stif=0.962
j:1, 3
j:2, 0, stif=0.925
j:4, 2
n:j=0, d=|:r=0.962
n:d=*
c:0, 1, 0.363
",0.005931656734626935,"//0
p:0.942, -0.243, -0.276, fr=0.876
p:0.6625986820300314, -0.015383083859376201, -1.8945432421686283, fr=0.012
p:0.225, -0.057, -1.19
p:-0.9682642335694838, -0.4605718718093651, -0.8262300233016763, fr=0.474
p:-0.491, 0.997, -2.292, fr=0.178
j:0, 3, stif=0.962, rotstif=0.918
j:1, 3
j:2, 0, stif=0.925
j:4, 2
n:j=0, d=|:r=0.962
n:d=*
c:0, 1, 0.363
",0.005931656734626935,feasible,21
15,0,43,"//0
p:0.942, -0.243, -0.276, fr=0.876
p:0.6625986820300314, -0.015383083859376201, -1.8945432421686283, fr=0.012
p:0.225, -0.057, -1.19
p:-0.9682642335694838, -0.4605718718093651, -0.8262300233016763, fr=0.474
p:-0.7594977476566448, 1.2327423644769335, -2.358986252328248, fr=0.178
j:0, 3, stif=0.962
j:1, 3
j:2, 0, stif=0.925
j:4, 2
n:j=0, d=|:r=0.962
n:d=*
c:0, 1, 0.363
",0.0069096149273633585,"//0
p:0.942, -0.243, -0.276, fr=0.876
p:0.6625986820300314, -0.015383083859376201, -1.8945432421686283, fr=0.012
p:0.225, -0.057, -1.19
p:-0.9682642335694838, -0.4605718718093651, -0.8262300233016763, fr=0.474
p:-0.7594977476566448, 1.2327423644769335, -2.358986252328248, fr=0.178
j:1, 3, stif=0.962
j:0, 3
j:2, 1, stif=0.925
j:4, 2
n:j=0, d=|:r=0.962
n:d=*
c:0, 1, 0.363
",5.731543292544111e-05,feasible,22
15,0,43,"//0
p:0.942, -0.243, -0.276, fr=0.876
p:0.6625986820300314, -0.015383083859376201, -1.8945432421686283, fr=0.012
p:0.225, -0.057, -1.19
p:-0.9682642335694838, -0.4605718718093651, -0.8262300233016763, fr=0.474
p:-0.7594977476566448, 1.2327423644769335, -2.358986252328248, fr=0.178
j:0, 3, stif=0.962
j:1, 3
j:2, 0, stif=0.925
j:4, 2
n:j=0, d=|:r=0.962
n:d=*
c:0, 1, 0.363
",0.0069096149273633585,"//0
p:0.3496334965363087, 0.27077108530551375, -1.001179498329619, fr=0.876
p:0.6625986820300314, -0.015383083859376201, -1.8945432421686283, fr=0.012
p:0.225, -0.057, -1.19
p:-0.9682642335694838, -0.4605718718093651, -0.8262300233016763, fr=0.474
p:-0.7594977476566448, 1.2327423644769335, -2.358986252328248, fr=0.178
j:0, 3, stif=0.962
j:1, 3
j:4, 0, stif=0.925
j:2, 4
n:j=0, d=|:r=0.962
n:d=*
c:0, 1, 0.363
",2.989649950383631e-05,feasible,22
15,0,43,"//0
p:0.942, -0.243, -0.276, fr=0.876
p:0.6625986820300314, -0.015383083859376201, -1.8945432421686283, fr=0.012
p:0.225, -0.057, -1.19
p:-0.9682642335694838, -0.4605718718093651, -0.8262300233016763, fr=0.474
p:-0.7594977476566448, 1.2327423644769335, -2.358986252328248, fr=0.178
j:0, 3, stif=0.962
j:1, 3
j:2, 0, stif=0.925
j:4, 2
n:j=0, d=|:r=0.962
n:d=*
c:0, 1, 0.363
",0.0069096149273633585,"//0
p:0.942, -0.243, -0.276, fr=0.876
p:0.6625986820300314, -0.015383083859376201, -1.8945432421686283, fr=0.012
p:0.225, -0.057, -1.19, fr=0.095
p:-0.9682642335694838, -0.4605718718093651, -0.8262300233016763, fr=0.474
p:-0.7594977476566448, 1.2327423644769335, -2.358986252328248, fr=0.178
j:0, 3, stif=0.962
j:1, 3
j:2, 0, stif=0.925
j:4, 2
n:j=0, d=|:r=0.962
n:d=*
c:0, 1, 0.363
",0.006788441884950441,feasible,22
15,0,43,"//0
p:0.942, -0.243, -0.276, fr=0.876
p:0.6625986820300314, -0.015383083859376201, -1.8945432421686283, fr=0.012
p:0.225, -0.057, -1.19
p:-0.9682642335694838, -0.4605718718093651, -0.8262300233016763, fr=0.474
p:-0.7594977476566448, 1.2327423644769335, -2.358986252328248, fr=0.178
j:0, 3, stif=0.962
j:1, 3
j:2, 0, stif=0.925
j:4, 2
n:j=0, d=|:r=0.962
n:d=*
c:0, 1, 0.363
",0.0069096149273633585,"//0
p:0.942, -0.243, -0.276, fr=0.876
p:0.6625986820300314, -0.015383083859376201, -1.8945432421686283, fr=0.012
p:0.225, -0.057, -1.19
p:-0.9682642335694838, -0.4605718718093651, -0.8262300233016763, fr=0.474
p:-0.7594977476566448, 1.2327423644769335, -2.358986252328248, fr=0.178
j:0, 3, stif=0.962
j:1, 3
j:2, 0, stif=0.925
j:4, 2
n:j=0, d=|:r=0.962
",0.00698162259101175,feasible,22
15,0,43,"//0
p:0.942, -0.243, -0.276, fr=0.876
p:0.6625986820300314, -0.015383083859376201, -1.8945432421686283, fr=0.012
p:0.225, -0.057, -1.19
p:-0.9682642335694838, -0.4605718718093651, -0.8262300233016763, fr=0.474
p:-0.7594977476566448, 1.2327423644769335, -2.358986252328248, fr=0.178
j:0, 3, stif=0.962
j:1, 3
j:2, 0, stif=0.925
j:4, 2
n:j=0, d=|:r=0.962
n:d=*
c:0, 1, 0.363
",0.0069096149273633585,"//0
p:0.942, -0.243, -0.276, fr=0.876
p:0.6625986820300314, -0.015383083859376201, -1.8945432421686283, fr=0.012
p:0.225, -0.057, -1.19
p:-0.9682642335694838, -0.4605718718093651, -0.8262300233016763, fr=0.474
p:-0.7862335334948548, 1.015887218497976, -2.1626930489328235, fr=0.178
j:0, 2, stif=0.962
j:1, 2
j:3, 0, stif=0.925
j:4, 3
n:j=0, d=|:r=0.962
n:d=*
c:0, 1, 0.363
",3.5725820661497025e-05,feasible,22
15,0,43,"//0
p:0.942, -0.243, -0.276, fr=0.876
p:0.6625986820300314, -0.015383083859376201, -1.8945432421686283, fr=0.012
p:0.225, -0.057, -1.19
p:-0.9682642335694838, -0.4605718718093651, -0.8262300233016763, fr=0.474
p:-0.7594977476566448, 1.2327423644769335, -2.358986252328248, fr=0.178
j:0, 3, stif=0.962
j:1, 3
j:2, 0, stif=0.925
j:4, 2
n:j=0, d=|:r=0.962
n:d=*
c:0, 1, 0.363
",0.0069096149273633585,"//0
p:0.942, -0.243, -0.276, fr=0.876
p:0.5711779069097229, -0.018711867675854477, -1.8251990341423427, fr=0.012
p:0.225, -0.057, -1.19
p:-1.0214548393049854, -0.07670229823407432, -0.6171600920348175, fr=0.474
p:-0.7594977476566448, 1.2327423644769335, -2.358986252328248, fr=0.178
j:0, 3, stif=0.962
j:1, 3
j:2, 0, stif=0.925
j:4, 2
n:j=0, d=|:r=0.962
n:d=*
c:0, 1, 0.363
",0.007722336767404917,feasible,22
15,0,43,"//0
p:0.942, -0.243, -0.276, fr=0.876
p:0.6625986820300314, -0.015383083859376201, -1.8945432421686283, fr=0.012
p:0.225, -0.057, -1.19
p:-0.9682642335694838, -0.4605718718093651, -0.8262300233016763, fr=0.474
p:-0.7594977476566448, 1.2327423644769335, -2.358986252328248, fr=0.178
j:0, 3, stif=0.962
j:1, 3
j:2, 0, stif=0.925
j:4, 2
n:j=0, d=|:r=0.962
n:d=*
c:0, 1, 0.363
",0.0069096149273633585,"//0
p:0.942, -0.243, -0.276, fr=0.876
p:0.6625986820300314, -0.015383083859376201, -1.8945432421686283, fr=0.012
p:0.225, -0.057, -1.19
p:-0.9682642335694838, -0.4605718718093651, -0.8262300233016763, fr=0.474
p:-0.7594977476566448, 1.2327423644769335, -2.358986252328248, fr=0.178
p:0.934, -0.258, -0.293
j:0, 3, stif=0.962
j:1, 3
j:2, 0, stif=0.925
j:4, 2
j:5, 0
n:j=0, d=|:r=0.962
n:d=*
c:0, 1, 0.363
",0.0038496383627167575,feasible,22
15,0,43,"//0
p:0.942, -0.243, -0.276, fr=0.876
p:0.6625986820300314, -0.015383083859376201, -1.8945432421686283, fr=0.012
p:0.225, -0.057, -1.19
p:-0.9682642335694838, -0.4605718718093651, -0.8262300233016763, fr=0.474
p:-0.7594977476566448, 1.2327423644769335, -2.358986252328248, fr=0.178
j:0, 3, stif=0.962
j:1, 3
j:2, 0, stif=0.925
j:4, 2
n:j=0, d=|:r=0.962
n:d=*
c:0, 1, 0.363
",0.0069096149273633585,"//0
p:0.942, -0.243, -0.276, fr=0.876
p:0.6625986820300314, -0.015383083859376201, -1.8945432421686283, fr=0.012
p:0.225, -0.057, -1.19
p:-0.9682642335694838, -0.4605718718093651, -0.8262300233016763, fr=0.474
p:-0.7594977476566448, 1.2327423644769335, -2.358986252328248, fr=0.178
j:0, 3, stif=0.962
j:1, 3, stif=0.936
j:2, 0, stif=0.925
j:4, 2
n:j=0, d=|:r=0.962
n:d=*
c:0, 1, 0.363
",0.0065375195295311545,feasible,22
15,0,43,"//0
p:0.942, -0.243, -0.276, fr=0.876
p:0.6625986820300314, -0.015383083859376201, -1.8945432421686283, fr=0.012
p:0.225, -0.057, -1.19
p:-0.9682642335694838, -0.4605718718093651, -0.8262300233016763, fr=0.474
p:-0.7594977476566448, 1.2327423644769335, -2.358986252328248, fr=0.178
j:0, 3, stif=0.962
j:1, 3
j:2, 0, stif=0.925
j:4, 2
n:j=0, d=|:r=0.962
n:d=*
c:0, 1, 0.363
",0.0069096149273633585,"//0
p:0.942, -0.243, -0.276, fr=0.876
p:0.6625986820300314, -0.015383083859376201, -1.8945432421686283, fr=0.012
p:0.225, -0.057, -1.19
p:-0.9682642335694838, -0.4605718718093651, -0.8262300233016763, fr=0.474
j:0, 3, stif=0.962
j:1, 3
j:2, 0, stif=0.925
n:j=0, d=|:r=0.962
n:d=*
c:0, 1, 0.363
",0.00021514090471269948,feasible,22
15,0,43,"//0
p:0.942, -0.243, -0.276, fr=0.876
p:0.6625986820300314, -0.015383083859376201, -1.8945432421686283, fr=0.012
p:0.225, -0.057, -1.19
p:-0.9682642335694838, -0.4605718718093651, -0.8262300233016763, fr=0.474
p:-0.7594977476566448, 1.2327423644769335, -2.358986252328248, fr=0.178
j:0, 3, stif=0.962
j:1, 3
j:2, 0, stif=0.925
j:4, 2
n:j=0, d=|:r=0.962
n:d=*
c:0, 1, 0.363
",0.0069096149273633585,"//0
p:0.942, -0.243, -0.276, fr=0.876
p:0.6625986820300314, -0.015383083859376201, -1.8945432421686283, fr=0.012
p:0.225, -0.057, -1.19
p:-0.9682642335694838, -0.4605718718093651, -0.8262300233016763, fr=0.474
p:-0.7594977476566448, 1.2327423644769335, -2.358986252328248, fr=0.178
j:3, 0, stif=0.962
j:1, 0
j:2, 3, stif=0.925
j:4, 2
n:j=0, d=|:r=0.962
n:d=*
c:0, 1, 0.363
",7.000620304172968e-05,feasible,22
15,0,43,"//0
p:0.942, -0.243, -0.276, fr=0.876
p:0.6625986820300314, -0.015383083859376201, -1.8945432421686283, fr=0.012
p:0.225, -0.057, -1.19
p:-0.9682642335694838, -0.4605718718093651, -0.8262300233016763, fr=0.474
p:-0.7594977476566448, 1.2327423644769335, -2.358986252328248, fr=0.178
j:0, 3, stif=0.962
j:1, 3
j:2, 0, stif=0.925
j:4, 2
n:j=0, d=|:r=0.962
n:d=*
c:0, 1, 0.363
",0.0069096149273633585,"//0
p:0.942, -0.243, -0.276, fr=0.876
p:0.6625986820300314, -0.015383083859376201, -1.8945432421686283, fr=0.012
p:0.225, -0.057, -1.19
p:-0.9682642335694838, -0.4605718718093651, -0.8262300233016763, fr=0.474
p:-0.7594977476566448, 1.2327423644769335, -2.358986252328248, fr=0.178
j:0, 3, stif=0.962
j:1, 3
j:2, 0, stif=0.925
j:4, 2
n:j=0, d=""|:p=0.327, r=0.962""
n:d=*
c:0, 1, 0.363
",0.0017067374061121286,feasible,22
15,0,43,"//0
p:0.942, -0.243, -0.276, fr=0.876
p:0.6625986820300314, -0.015383083859376201, -1.8945432421686283, fr=0.012
p:0.225, -0.057, -1.19
p:-0.9682642335694838, -0.4605718718093651, -0.8262300233016763, fr=0.474
p:-0.7594977476566448, 1.2327423644769335, -2.358986252328248, fr=0.178
j:0, 3, stif=0.962
j:1, 3
j:2, 0, stif=0.925
j:4, 2
n:j=0, d=|:r=0.962
n:d=*
c:0, 1, 0.363
",0.0069096149273633585,"//0
p:0.942, -0.243, -0.276, fr=0.876
p:0.6625986820300314, -0.015383083859376201, -1.8945432421686283, fr=0.012
p:0.225, -0.057, -1.19
p:-0.9682642335694838, -0.4605718718093651, -0.8262300233016763, fr=0.474
p:-0.7594977476566448, 1.2327423644769335, -2.358986252328248, fr=0.178
j:0, 3, stif=0.956
j:1, 3
j:2, 0, stif=0.925
j:4, 2
n:j=0, d=|:r=0.962
n:d=*
c:0, 1, 0.363
",0.0068135157358729,feasible,22
15,0,43,"//0
p:0.942, -0.243, -0.276, fr=0.876
p:0.6625986820300314, -0.015383083859376201, -1.8945432421686283, fr=0.012
p:0.225, -0.057, -1.19
p:-0.9682642335694838, -0.4605718718093651, -0.8262300233016763, fr=0.474
p:-0.7594977476566448, 1.2327423644769335, -2.358986252328248, fr=0.178
j:0, 3, stif=0.962
j:1, 3
j:2, 0, stif=0.925
j:4, 2
n:j=0, d=|:r=0.962
n:d=*
c:0, 1, 0.363
",0.0069096149273633585,"//0
p:0.942, -0.243, -0.276, fr=0.876
p:0.6625986820300314, -0.015383083859376201, -1.8945432421686283, fr=0.012
p:0.225, -0.057, -1.19, fr=0.438
p:-0.9682642335694838, -0.4605718718093651, -0.8262300233016763, fr=0.474
p:-0.7594977476566448, 1.2327423644769335, -2.358986252328248, fr=0.178
j:0, 3, stif=0.962
j:1, 3
j:2, 0, stif=0.925
j:4, 2
n:j=0, d=|:r=0.962
n:d=*
c:0, 1, 0.363
",0.005702705110556903,feasible,22
15,0,43,"//0
p:0.942, -0.243, -0.276, fr=0.876
p:0.6625986820300314, -0.015383083859376201, -1.8945432421686283, fr=0.012
p:0.225, -0.057, -1.19
p:-0.9682642335694838, -0.4605718718093651, -0.8262300233016763, fr=0.474
p:-0.7594977476566448, 1.2327423644769335, -2.358986252328248, fr=0.178
j:0, 3, stif=0.962
j:1, 3
j:2, 0, stif=0.925
j:4, 2
n:j=0, d=|:r=0.962
n:d=*
c:0, 1, 0.363
",0.0069096149273633585,"//0
p:0.942, -0.243, -0.276, fr=0.876
p:0.6625986820300314, -0.015383083859376201, -1.8945432421686283, fr=0.012
p:0.452, -0.098, -1.113
p:-0.9682642335694838, -0.4605718718093651, -0.8262300233016763, fr=0.474
p:-0.6548589796467104, 1.1178042708429714, -2.251368663560023, fr=0.178
j:0, 3, stif=0.962
j:1, 3
j:2, 0, stif=0.925
j:4, 2
n:j=0, d=|:r=0.962
n:d=*
c:0, 1, 0.363
",0.004376937950676585,feasible,22
15,0,43,"//0
p:0.942, -0.243, -0.276, fr=0.876
p:0.6625986820300314, -0.015383083859376201, -1.8945432421686283, fr=0.012
p:0.225, -0.057, -1.19
p:-0.9682642335694838, -0.4605718718093651, -0.8262300233016763, fr=0.474
p:-0.7594977476566448, 1.2327423644769335, -2.358986252328248, fr=0.178
j:0, 3, stif=0.962
j:1, 3
j:2, 0, stif=0.925
j:4, 2
n:j=0, d=|:r=0.962
n:d=*
c:0, 1, 0.363
",0.0069096149273633585,"//0
p:0.942, -0.243, -0.276, fr=0.876
p:0.6625986820300314, -0.015383083859376201, -1.8945432421686283, fr=0.012
p:0.225, -0.057, -1.19
p:-0.9682642335694838, -0.4605718718093651, -0.8262300233016763, fr=0.474
p:-0.7594977476566448, 1.2327423644769335, -2.358986252328248, fr=0.178
j:0, 3, stif=0.962
j:1, 3
j:2, 0, stif=0.925
j:4, 2, stif=0.96
n:j=0, d=|:r=0.962
n:d=*
c:0, 1, 0.363
",0.006662702703191871,feasible,22
15,0,43,"//0
p:0.942, -0.243, -0.276, fr=0.876
p:0.6625986820300314, -0.015383083859376201, -1.8945432421686283, fr=0.012
p:0.225, -0.057, -1.19
p:-0.9682642335694838, -0.4605718718093651, -0.8262300233016763, fr=0.474
p:-0.7594977476566448, 1.2327423644769335, -2.358986252328248, fr=0.178
j:0, 3, stif=0.962
j:1, 3
j:2, 0, stif=0.925
j:4, 2
n:j=0, d=|:r=0.962
n:d=*
c:0, 1, 0.363
",0.0069096149273633585,"//0
p:0.942, -0.243, -0.276, fr=0.876
p:0.6625986820300314, -0.015383083859376201, -1.8945432421686283, fr=0.012
p:0.225, -0.057, -1.19
p:-0.9682642335694838, -0.4605718718093651, -0.8262300233016763, fr=0.474
p:-0.7594977476566448, 1.2327423644769335, -2.358986252328248, fr=0.178
j:0, 3, stif=0.962
j:1, 3
j:2, 0, stif=0.925
j:4, 2
n:j=0, d=|:r=0.962
n:d=*
",0.00698162259101175,feasible,22
15,0,43,"//0
p:0.942, -0.243, -0.276, fr=0.876
p:0.6625986820300314, -0.015383083859376201, -1.8945432421686283, fr=0.012
p:0.225, -0.057, -1.19
p:-0.9682642335694838, -0.4605718718093651, -0.8262300233016763, fr=0.474
p:-0.7594977476566448, 1.2327423644769335, -2.358986252328248, fr=0.178
j:0, 3, stif=0.962
j:1, 3
j:2, 0, stif=0.925
j:4, 2
n:j=0, d=|:r=0.962
n:d=*
c:0, 1, 0.363
",0.0069096149273633585,"//0
p:0.942, -0.243, -0.276, fr=0.876
p:0.6625986820300314, -0.015383083859376201, -1.8945432421686283, fr=0.012
p:0.225, -0.057, -1.19, fr=0.855
p:-0.9682642335694838, -0.4605718718093651, -0.8262300233016763, fr=0.474
p:-0.7594977476566448, 1.2327423644769335, -2.358986252328248, fr=0.178
j:0, 3, stif=0.962
j:1, 3
j:2, 0, stif=0.925
j:4, 2
n:j=0, d=|:r=0.962
n:d=*
c:0, 1, 0.363
",0.006594405993026818,feasible,22
15,0,43,"//0
p:0.942, -0.243, -0.276, fr=0.876
p:0.6625986820300314, -0.015383083859376201, -1.8945432421686283, fr=0.012
p:0.225, -0.057, -1.19
p:-0.9682642335694838, -0.4605718718093651, -0.8262300233016763, fr=0.474
p:-0.7594977476566448, 1.2327423644769335, -2.358986252328248, fr=0.178
j:0, 3, stif=0.962
j:1, 3
j:2, 0, stif=0.925
j:4, 2
n:j=0, d=|:r=0.962
n:d=*
c:0, 1, 0.363
",0.0069096149273633585,"//0
p:0.942, -0.243, -0.276, fr=0.876
p:0.5743730040314363, -0.0298858315460927, -1.836528427212894, fr=0.012
p:0.225, -0.057, -1.19
p:-1.004709741553699, -0.29977502459301447, -0.7302001967441156, fr=0.474
p:-0.7594977476566448, 1.2327423644769335, -2.358986252328248, fr=0.178
j:0, 3, stif=0.962
j:1, 3
j:2, 0, stif=0.925
j:4, 2
n:j=0, d=|:r=0.962
n:d=*
c:0, 1, 0.363
",0.004228676391144056,feasible,22
15,0,43,"//0
p:0.942, -0.243, -0.276, fr=0.876
p:0.6625986820300314, -0.015383083859376201, -1.8945432421686283, fr=0.012
p:0.225, -0.057, -1.19
p:-0.9682642335694838, -0.4605718718093651, -0.8262300233016763, fr=0.474
p:-0.7594977476566448, 1.2327423644769335, -2.358986252328248, fr=0.178
j:0, 3, stif=0.962
j:1, 3
j:2, 0, stif=0.925
j:4, 2
n:j=0, d=|:r=0.962
n:d=*
c:0, 1, 0.363
",0.0069096149273633585,"//0
p:0.942, -0.243, -0.276, fr=0.876
p:0.6625986820300314, -0.015383083859376201, -1.8945432421686283, fr=0.012
p:0.225, -0.057, -1.19
p:-0.9682642335694838, -0.4605718718093651, -0.8262300233016763, fr=0.474
p:-0.7594977476566448, 1.2327423644769335, -2.358986252328248, fr=0.178
j:0, 3, stif=0.962
j:1, 3
j:2, 0, stif=0.979
j:4, 2
n:j=0, d=|:r=0.962
n:d=*
c:0, 1, 0.363
",0.006832415622238861,feasible,22
15,0,43,"//0
p:0.942, -0.243, -0.276, fr=0.876
p:0.6625986820300314, -0.015383083859376201, -1.8945432421686283, fr=0.012
p:0.225, -0.057, -1.19
p:-0.9682642335694838, -0.4605718718093651, -0.8262300233016763, fr=0.474
p:-0.7594977476566448, 1.2327423644769335, -2.358986252328248, fr=0.178
j:0, 3, stif=0.962
j:1, 3
j:2, 0, stif=0.925
j:4, 2
n:j=0, d=|:r=0.962
n:d=*
c:0, 1, 0.363
",0.0069096149273633585,"//0
p:0.942, -0.243, -0.276, fr=0.876
p:0.6625986820300314, -0.015383083859376201, -1.8945432421686283, fr=0.012
p:0.225, -0.057, -1.19
p:-0.9682642335694838, -0.4605718718093651, -0.8262300233016763, fr=0.474
p:-0.7594977476566448, 1.2327423644769335, -2.358986252328248, fr=0.178
j:0, 3, stif=0.962
j:1, 3
j:2, 0, stif=0.925
j:4, 2
n:j=0, d=|:r=0.801
n:d=*
c:0, 1, 0.363
",0.005477355766285445,feasible,22
15,0,44,"//0
p:0.942, -0.243, -0.276, fr=0.876
p:0.6625986820300314, -0.015383083859376201, -1.8945432421686283, fr=0.012
p:0.225, -0.057, -1.19
p:-0.9682642335694838, -0.4605718718093651, -0.8262300233016763, fr=0.474
p:-0.7594977476566448, 1.2327423644769335, -2.358986252328248, fr=0.178
j:0, 3, stif=0.962
j:1, 3
j:2, 0, stif=0.925
j:4, 2
n:j=0, d=|:r=0.962
n:d=*
",0.00698162259101175,"//0
p:0.942, -0.243, -0.276, fr=0.876
p:0.6625986820300314, -0.015383083859376201, -1.8945432421686283, fr=0.012
p:0.225, -0.057, -1.19, ing=0.405
p:-0.9682642335694838, -0.4605718718093651, -0.8262300233016763, fr=0.474
p:-0.7594977476566448, 1.2327423644769335, -2.358986252328248, fr=0.178
j:0, 3, stif=0.962
j:1, 3
j:2, 0, stif=0.925
j:4, 2
n:j=0, d=|:r=0.962
n:d=*
",0.00698162259101175,feasible,22
15,0,44,"//0
p:0.942, -0.243, -0.276, fr=0.876
p:0.6625986820300314, -0.015383083859376201, -1.8945432421686283, fr=0.012
p:0.225, -0.057, -1.19
p:-0.9682642335694838, -0.4605718718093651, -0.8262300233016763, fr=0.474
p:-0.7594977476566448, 1.2327423644769335, -2.358986252328248, fr=0.178
j:0, 3, stif=0.962
j:1, 3
j:2, 0, stif=0.925
j:4, 2
n:j=0, d=|:r=0.962
n:d=*
",0.00698162259101175,"//0
p:0.942, -0.243, -0.276, fr=0.876
p:0.6625986820300314, -0.015383083859376201, -1.8945432421686283, fr=0.012
p:0.225, -0.057, -1.19
p:-0.9682642335694838, -0.4605718718093651, -0.8262300233016763, fr=0.474
p:-0.7594977476566448, 1.2327423644769335, -2.358986252328248, fr=0.178
j:3, 0, stif=0.962
j:1, 0
j:2, 3, stif=0.925
j:4, 2
n:j=0, d=|:r=0.962
n:d=*
",4.1651767696400355e-07,feasible,22
15,0,44,"//0
p:0.942, -0.243, -0.276, fr=0.876
p:0.6625986820300314, -0.015383083859376201, -1.8945432421686283, fr=0.012
p:0.225, -0.057, -1.19
p:-0.9682642335694838, -0.4605718718093651, -0.8262300233016763, fr=0.474
p:-0.7594977476566448, 1.2327423644769335, -2.358986252328248, fr=0.178
j:0, 3, stif=0.962
j:1, 3
j:2, 0, stif=0.925
j:4, 2
n:j=0, d=|:r=0.962
n:d=*
",0.00698162259101175,"//0
p:0.942, -0.243, -0.276, fr=0.876
p:0.6625986820300314, -0.015383083859376201, -1.8945432421686283, fr=0.012
p:0.225, -0.057, -1.19
p:-0.9682642335694838, -0.4605718718093651, -0.8262300233016763, fr=0.474
p:-0.7594977476566448, 1.2327423644769335, -2.358986252328248, fr=0.178
j:0, 3, stif=0.962
j:1, 3
j:2, 0, stif=0.925
j:4, 2, rotstif=0.941
n:j=0, d=|:r=0.962
n:d=*
",0.00698162259101175,feasible,22
15,0,44,"//0
p:0.942, -0.243, -0.276, fr=0.876
p:0.6625986820300314, -0.015383083859376201, -1.8945432421686283, fr=0.012
p:0.225, -0.057, -1.19
p:-0.9682642335694838, -0.4605718718093651, -0.8262300233016763, fr=0.474
p:-0.7594977476566448, 1.2327423644769335, -2.358986252328248, fr=0.178
j:0, 3, stif=0.962
j:1, 3
j:2, 0, stif=0.925
j:4, 2
n:j=0, d=|:r=0.962
n:d=*
",0.00698162259101175,"//0
p:0.942, -0.243, -0.276, fr=0.876
p:0.6625986820300314, -0.015383083859376201, -1.8945432421686283, fr=0.012
p:0.225, -0.057, -1.19
p:-0.9682642335694838, -0.4605718718093651, -0.8262300233016763, fr=0.474, ing=0.353
p:-0.7594977476566448, 1.2327423644769335, -2.358986252328248, fr=0.178
j:0, 3, stif=0.962
j:1, 3
j:2, 0, stif=0.925
j:4, 2
n:j=0, d=|:r=0.962
n:d=*
",0.00698162259101175,feasible,22
15,0,44,"//0
p:0.942, -0.243, -0.276, fr=0.876
p:0.6625986820300314, -0.015383083859376201, -1.8945432421686283, fr=0.012
p:0.225, -0.057, -1.19
p:-0.9682642335694838, -0.4605718718093651, -0.8262300233016763, fr=0.474
p:-0.7594977476566448, 1.2327423644769335, -2.358986252328248, fr=0.178
j:0, 3, stif=0.962
j:1, 3
j:2, 0, stif=0.925
j:4, 2
n:j=0, d=|:r=0.962
n:d=*
",0.00698162259101175,"//0
p:0.942, -0.243, -0.276, fr=0.876
p:0.6625986820300314, -0.015383083859376201, -1.8945432421686283, fr=0.012
p:0.225, -0.057, -1.19
p:-0.9682642335694838, -0.4605718718093651, -0.8262300233016763, fr=0.474
j:0, 3, stif=0.962
j:1, 3
j:2, 0, stif=0.925
n:j=0, d=|:r=0.962
n:d=*
",0.00010251543311402468,feasible,22
15,0,44,"//0
p:0.942, -0.243, -0.276, fr=0.876
p:0.6625986820300314, -0.015383083859376201, -1.8945432421686283, fr=0.012
p:0.225, -0.057, -1.19
p:-0.9682642335694838, -0.4605718718093651, -0.8262300233016763, fr=0.474
p:-0.7594977476566448, 1.2327423644769335, -2.358986252328248, fr=0.178
j:0, 3, stif=0.962
j:1, 3
j:2, 0, stif=0.925
j:4, 2
n:j=0, d=|:r=0.962
n:d=*
",0.00698162259101175,"//0
p:0.3496334965363087, 0.27077108530551375, -1.001179498329619, fr=0.876
p:0.6625986820300314, -0.015383083859376201, -1.8945432421686283, fr=0.012
p:0.225, -0.057, -1.19
p:-0.9682642335694838, -0.4605718718093651, -0.8262300233016763, fr=0.474
p:-0.7594977476566448, 1.2327423644769335, -2.358986252328248, fr=0.178
j:0, 3, stif=0.962
j:1, 3
j:4, 0, stif=0.925
j:2, 4
n:j=0, d=|:r=0.962
n:d=*
",6.114715998485798e-06,feasible,22
15,0,44,"//0
p:0.942, -0.243, -0.276, fr=0.876
p:0.6625986820300314, -0.015383083859376201, -1.8945432421686283, fr=0.012
p:0.225, -0.057, -1.19
p:-0.9682642335694838, -0.4605718718093651, -0.8262300233016763, fr=0.474
p:-0.7594977476566448, 1.2327423644769335, -2.358986252328248, fr=0.178
j:0, 3, stif=0.962
j:1, 3
j:2, 0, stif=0.925
j:4, 2
n:j=0, d=|:r=0.962
n:d=*
",0.00698162259101175,"//0
p:0.942, -0.243, -0.276, fr=0.876
p:0.6625986820300314, -0.015383083859376201, -1.8945432421686283, fr=0.012
p:0.225, -0.057, -1.19
p:-0.9682642335694838, -0.4605718718093651, -0.8262300233016763, fr=0.474
p:-0.7594977476566448, 1.2327423644769335, -2.358986252328248, fr=0.178
j:0, 3, stif=0.893
j:1, 3
j:2, 0, stif=0.925
j:4, 2
n:j=0, d=|:r=0.962
n:d=*
",0.0063285216581566925,feasible,22
15,0,44,"//0
p:0.942, -0.243, -0.276, fr=0.876
p:0.6625986820300314, -0.015383083859376201, -1.8945432421686283, fr=0.012
p:0.225, -0.057, -1.19
p:-0.9682642335694838, -0.4605718718093651, -0.8262300233016763, fr=0.474
p:-0.7594977476566448, 1.2327423644769335, -2.358986252328248, fr=0.178
j:0, 3, stif=0.962
j:1, 3
j:2, 0, stif=0.925
j:4, 2
n:j=0, d=|:r=0.962
n:d=*
",0.00698162259101175,"//0
p:0.942, -0.243, -0.276, fr=0.876
p:0.6625986820300314, -0.015383083859376201, -1.8945432421686283, fr=0.012
p:0.225, -0.057, -1.19
p:-0.9682642335694838, -0.4605718718093651, -0.8262300233016763, fr=0.474
p:-0.7594977476566448, 1.2327423644769335, -2.358986252328248, fr=0.178
j:0, 3, stif=0.962
j:1, 3
j:2, 0, stif=0.925
j:4, 2
n:j=0, d=|:r=0.962
n:d=*
c:0, 1, -1.216
",0.0001418553987127725,feasible,22
15,0,44,"//0
p:0.942, -0.243, -0.276, fr=0.876
p:0.6625986820300314, -0.015383083859376201, -1.8945432421686283, fr=0.012
p:0.225, -0.057, -1.19
p:-0.9682642335694838, -0.4605718718093651, -0.8262300233016763, fr=0.474
p:-0.7594977476566448, 1.2327423644769335, -2.358986252328248, fr=0.178
j:0, 3, stif=0.962
j:1, 3
j:2, 0, stif=0.925
j:4, 2
n:j=0, d=|:r=0.962
n:d=*
",0.00698162259101175,"//0
p:0.942, -0.243, -0.276, fr=0.876
p:0.6625986820300314, -0.015383083859376201, -1.8945432421686283, fr=0.012
p:0.225, -0.057, -1.19
p:-0.9415284477312738, -0.24371672583040738, -1.0225232266971005, fr=0.474
p:-0.7594977476566448, 1.2327423644769335, -2.358986252328248, fr=0.178
j:4, 3, stif=0.962
j:1, 3
j:2, 4, stif=0.925
j:0, 2
n:j=0, d=|:r=0.962
n:d=*
",3.2091921660398373e-07,feasible,22
15,0,44,"//0
p:0.942, -0.243, -0.276, fr=0.876
p:0.6625986820300314, -0.015383083859376201, -1.8945432421686283, fr=0.012
p:0.225, -0.057, -1.19
p:-0.9682642335694838, -0.4605718718093651, -0.8262300233016763, fr=0.474
p:-0.7594977476566448, 1.2327423644769335, -2.358986252328248, fr=0.178
j:0, 3, stif=0.962
j:1, 3
j:2, 0, stif=0.925
j:4, 2
n:j=0, d=|:r=0.962
n:d=*
",0.00698162259101175,"//0
p:0.942, -0.243, -0.276, fr=0.876
p:0.6625986820300314, -0.015383083859376201, -1.8945432421686283, fr=0.012
p:0.225, -0.057, -1.19, fr=0.645
p:-0.9682642335694838, -0.4605718718093651, -0.8262300233016763, fr=0.474
p:-0.7594977476566448, 1.2327423644769335, -2.358986252328248, fr=0.178
j:0, 3, stif=0.962
j:1, 3
j:2, 0, stif=0.925
j:4, 2
n:j=0, d=|:r=0.962
n:d=*
",0.006933768032324575,feasible,22
15,0,44,"//0
p:0.942, -0.243, -0.276, fr=0.876
p:0.6625986820300314, -0.015383083859376201, -1.8945432421686283, fr=0.012
p:0.225, -0.057, -1.19
p:-0.9682642335694838, -0.4605718718093651, -0.8262300233016763, fr=0.474
p:-0.7594977476566448, 1.2327423644769335, -2.358986252328248, fr=0.178
j:0, 3, stif=0.962
j:1, 3
j:2, 0, stif=0.925
j:4, 2
n:j=0, d=|:r=0.962
n:d=*
",0.00698162259101175,"//0
p:0.942, -0.243, -0.276, fr=0.876
p:0.6625986820300314, -0.015383083859376201, -1.8945432421686283, fr=0.012
p:0.225, -0.057, -1.19
p:-0.9682642335694838, -0.4605718718093651, -0.8262300233016763, fr=0.474
p:-0.7594977476566448, 1.2327423644769335, -2.358986252328248, fr=0.178
j:0, 3, stif=0.962
j:1, 3
j:2, 0, stif=0.925
j:4, 2
n:j=0, d=|:r=0.962
",0.00698162259101175,feasible,22
15,0,44,"//0
p:0.942, -0.243, -0.276, fr=0.876
p:0.6625986820300314, -0.015383083859376201, -1.8945432421686283, fr=0.012
p:0.225, -0.057, -1.19
p:-0.9682642335694838, -0.4605718718093651, -0.8262300233016763, fr=0.474
p:-0.7594977476566448, 1.2327423644769335, -2.358986252328248, fr=0.178
j:0, 3, stif=0.962
j:1, 3
j:2, 0, stif=0.925
j:4, 2
n:j=0, d=|:r=0.962
n:d=*
",0.00698162259101175,"//0
p:0.942, -0.243, -0.276, fr=0.876
p:0.6625986820300314, -0.015383083859376201, -1.8945432421686283, fr=0.012
p:0.225, -0.057, -1.19, fr=1.206
p:-0.9682642335694838, -0.4605718718093651, -0.8262300233016763, fr=0.474
p:-0.7594977476566448, 1.2327423644769335, -2.358986252328248, fr=0.178
j:0, 3, stif=0.962
j:1, 3
j:2, 0, stif=0.925
j:4, 2
n:j=0, d=|:r=0.962
n:d=*
",0.007068739787098504,feasible,22
15,0,44,"//0
p:0.942, -0.243, -0.276, fr=0.876
p:0.6625986820300314, -0.015383083859376201, -1.8945432421686283, fr=0.012
p:0.225, -0.057, -1.19
p:-0.9682642335694838, -0.4605718718093651, -0.8262300233016763, fr=0.474
p:-0.7594977476566448, 1.2327423644769335, -2.358986252328248, fr=0.178
j:0, 3, stif=0.962
j:1, 3
j:2, 0, stif=0.925
j:4, 2
n:j=0, d=|:r=0.962
n:d=*
",0.00698162259101175,"//0
p:0.942, -0.243, -0.276, fr=0.876
p:0.6625986820300314, -0.015383083859376201, -1.8945432421686283, fr=0.012
p:0.225, -0.057, -1.19
p:-0.9682642335694838, -0.4605718718093651, -0.8262300233016763, fr=0.474
p:-0.7594977476566448, 1.2327423644769335, -2.358986252328248, fr=0.178
j:0, 3, stif=0.962
j:1, 3
j:2, 0, stif=0.925
j:4, 2
n:j=0, d=|:r=0.962
n:d=*
c:0, 1, 0.31
",0.005828457949077483,feasible,22
15,0,44,"//0
p:0.942, -0.243, -0.276, fr=0.876
p:0.6625986820300314, -0.015383083859376201, -1.8945432421686283, fr=0.012
p:0.225, -0.057, -1.19
p:-0.9682642335694838, -0.4605718718093651, -0.8262300233016763, fr=0.474
p:-0.7594977476566448, 1.2327423644769335, -2.358986252328248, fr=0.178
j:0, 3, stif=0.962
j:1, 3
j:2, 0, stif=0.925
j:4, 2
n:j=0, d=|:r=0.962
n:d=*
",0.00698162259101175,"//0
p:0.942, -0.243, -0.276, fr=0.876
p:0.6625986820300314, -0.015383083859376201, -1.8945432421686283, fr=0.012
p:0.225, -0.057, -1.19
p:-0.9682642335694838, -0.4605718718093651, -0.8262300233016763, fr=0.474
p:-0.7594977476566448, 1.2327423644769335, -2.358986252328248, fr=0.178
p:-1.086, -0.474, -0.645
j:0, 3, stif=0.962
j:1, 3
j:2, 0, stif=0.925
j:4, 2
j:5, 3
n:j=0, d=|:r=0.962
n:d=*
",0.00035545879210949633,feasible,22
15,0,44,"//0
p:0.942, -0.243, -0.276, fr=0.876
p:0.6625986820300314, -0.015383083859376201, -1.8945432421686283, fr=0.012
p:0.225, -0.057, -1.19
p:-0.9682642335694838, -0.4605718718093651, -0.8262300233016763, fr=0.474
p:-0.7594977476566448, 1.2327423644769335, -2.358986252328248, fr=0.178
j:0, 3, stif=0.962
j:1, 3
j:2, 0, stif=0.925
j:4, 2
n:j=0, d=|:r=0.962
n:d=*
",0.00698162259101175,"//0
p:0.942, -0.243, -0.276, fr=0.876
p:0.6625986820300314, -0.015383083859376201, -1.8945432421686283, fr=0.012
p:0.225, -0.057, -1.19
p:-0.9682642335694838, -0.4605718718093651, -0.8262300233016763, fr=0.474
p:-0.7594977476566448, 1.2327423644769335, -2.358986252328248, fr=0.178
j:0, 1, stif=0.962
j:3, 1
j:2, 0, stif=0.925
j:4, 2
n:j=0, d=|:r=0.962
n:d=*
",6.083304644023528e-07,feasible,22
15,0,44,"//0
p:0.942, -0.243, -0.276, fr=0.876
p:0.6625986820300314, -0.015383083859376201, -1.8945432421686283, fr=0.012
p:0.225, -0.057, -1.19
p:-0.9682642335694838, -0.4605718718093651, -0.8262300233016763, fr=0.474
p:-0.7594977476566448, 1.2327423644769335, -2.358986252328248, fr=0.178
j:0, 3, stif=0.962
j:1, 3
j:2, 0, stif=0.925
j:4, 2
n:j=0, d=|:r=0.962
n:d=*
",0.00698162259101175,"//0
p:0.942, -0.243, -0.276, fr=0.876
p:0.6625986820300314, -0.015383083859376201, -1.8945432421686283, fr=0.012
p:0.225, -0.057, -1.19
p:-0.9682642335694838, -0.4605718718093651, -0.8262300233016763, fr=0.474
p:-0.7594977476566448, 1.2327423644769335, -2.358986252328248, fr=0.178
j:0, 3, stif=0.962
j:1, 3
j:2, 0, stif=0.925
j:4, 2
n:j=0, d=|:r=0.962
n:d=*
n:
c:2, 2, 0.476
",0.00698162259101175,feasible,22
15,0,44,"//0
p:0.942, -0.243, -0.276, fr=0.876
p:0.6625986820300314, -0.015383083859376201, -1.8945432421686283, fr=0.012
p:0.225, -0.057, -1.19
p:-0.9682642335694838, -0.4605718718093651, -0.8262300233016763, fr=0.474
p:-0.7594977476566448, 1.2327423644769335, -2.358986252328248, fr=0.178
j:0, 3, stif=0.962
j:1, 3
j:2, 0, stif=0.925
j:4, 2
n:j=0, d=|:r=0.962
n:d=*
",0.00698162259101175,"//0
p:0.942, -0.243, -0.276, fr=0.876
p:0.6625986820300314, -0.015383083859376201, -1.8945432421686283, fr=0.012
p:0.225, -0.057, -1.19
p:-0.9682642335694838, -0.4605718718093651, -0.8262300233016763, fr=0.474
p:-0.819, 0.847, -1.909, fr=0.178
j:0, 3, stif=0.962
j:1, 3
j:2, 0, stif=0.925
j:4, 2
n:j=0, d=|:r=0.962
n:d=*
",1.4002740241149256e-06,feasible,22
15,0,44,"//0
p:0.942, -0.243, -0.276, fr=0.876
p:0.6625986820300314, -0.015383083859376201, -1.8945432421686283, fr=0.012
p:0.225, -0.057, -1.19
p:-0.9682642335694838, -0.4605718718093651, -0.8262300233016763, fr=0.474
p:-0.7594977476566448, 1.2327423644769335, -2.358986252328248, fr=0.178
j:0, 3, stif=0.962
j:1, 3
j:2, 0, stif=0.925
j:4, 2
n:j=0, d=|:r=0.962
n:d=*
",0.00698162259101175,"//0
p:0.942, -0.243, -0.276, fr=0.876
p:0.6625986820300314, -0.015383083859376201, -1.8945432421686283, fr=0.012
p:0.225, -0.057, -1.19
p:-0.9682642335694838, -0.4605718718093651, -0.8262300233016763, fr=0.474
p:-0.7594977476566448, 1.2327423644769335, -2.358986252328248, fr=0.178
j:0, 3, stif=0.962
j:1, 3
j:2, 0, stif=0.925, rotstif=0.799
j:4, 2
n:j=0, d=|:r=0.962
n:d=*
",0.00698162259101175,feasible,22
15,0,44,"//0
p:0.942, -0.243, -0.276, fr=0.876
p:0.6625986820300314, -0.015383083859376201, -1.8945432421686283, fr=0.012
p:0.225, -0.057, -1.19
p:-0.9682642335694838, -0.4605718718093651, -0.8262300233016763, fr=0.474
p:-0.7594977476566448, 1.2327423644769335, -2.358986252328248, fr=0.178
j:0, 3, stif=0.962
j:1, 3
j:2, 0, stif=0.925
j:4, 2
n:j=0, d=|:r=0.962
n:d=*
",0.00698162259101175,"//0
p:0.942, -0.243, -0.276, fr=0.876
p:0.6625986820300314, -0.015383083859376201, -1.8945432421686283, fr=0.012
p:0.225, -0.057, -1.19
p:-0.9682642335694838, -0.4605718718093651, -0.8262300233016763, fr=0.474
p:-0.7594977476566448, 1.2327423644769335, -2.358986252328248, fr=0.178
j:0, 3, stif=0.962
j:1, 3
j:2, 0, stif=0.925
j:4, 2
n:j=0, d=|:r=0.962
n:d=*
c:0, 1, -0.305
",0.00575006520339991,feasible,22
15,0,44,"//0
p:0.942, -0.243, -0.276, fr=0.876
p:0.6625986820300314, -0.015383083859376201, -1.8945432421686283, fr=0.012
p:0.225, -0.057, -1.19
p:-0.9682642335694838, -0.4605718718093651, -0.8262300233016763, fr=0.474
p:-0.7594977476566448, 1.2327423644769335, -2.358986252328248, fr=0.178
j:0, 3, stif=0.962
j:1, 3
j:2, 0, stif=0.925
j:4, 2
n:j=0, d=|:r=0.962
n:d=*
",0.00698162259101175,"//0
p:0.942, -0.243, -0.276, fr=0.876
p:0.6625986820300314, -0.015383083859376201, -1.8945432421686283, fr=0.012
p:0.225, -0.057, -1.19
p:-0.9682642335694838, -0.4605718718093651, -0.8262300233016763, fr=0.474
p:-0.7594977476566448, 1.2327423644769335, -2.358986252328248, fr=0.178
j:0, 3, stif=0.962
j:1, 3, rotstif=0.848
j:2, 0, stif=0.925
j:4, 2
n:j=0, d=|:r=0.962
n:d=*
",0.00698162259101175,feasible,22
15,0,45,"//0
p:0.942, -0.243, -0.276, fr=0.876
p:0.6625986820300314, -0.015383083859376201, -1.8945432421686283, fr=0.012
p:0.225, -0.057, -1.19
p:-0.9682642335694838, -0.4605718718093651, -0.8262300233016763, fr=0.474
p:-0.6821630606228193, 1.3494324501660115, -2.284624586130546, fr=0.178
j:0, 3, stif=0.962
j:1, 3
j:2, 0, stif=0.925
j:4, 2
n:j=0, d=|:r=0.962
n:d=*
",0.007290424676126684,"//0
p:0.942, -0.243, -0.276, fr=0.876
p:0.6625986820300314, -0.015383083859376201, -1.8945432421686283, fr=0.012
p:0.225, -0.057, -1.19
p:-0.9682642335694838, -0.4605718718093651, -0.8262300233016763, fr=0.474
p:-0.6821630606228193, 1.3494324501660115, -2.284624586130546, fr=0.178
j:0, 3, stif=0.962
j:1, 3, rotstif=0.967
j:2, 0, stif=0.925
j:4, 2
n:j=0, d=|:r=0.962
n:d=*
",0.007290424676126684,feasible,20
15,0,45,"//0
p:0.942, -0.243, -0.276, fr=0.876
p:0.6625986820300314, -0.015383083859376201, -1.8945432421686283, fr=0.012
p:0.225, -0.057, -1.19
p:-0.9682642335694838, -0.4605718718093651, -0.8262300233016763, fr=0.474
p:-0.6821630606228193, 1.3494324501660115, -2.284624586130546, fr=0.178
j:0, 3, stif=0.962
j:1, 3
j:2, 0, stif=0.925
j:4, 2
n:j=0, d=|:r=0.962
n:d=*
",0.007290424676126684,"//0
p:0.942, -0.243, -0.276, fr=0.876
p:0.6625986820300314, -0.015383083859376201, -1.8945432421686283, fr=0.427
p:0.225, -0.057, -1.19
p:-0.9682642335694838, -0.4605718718093651, -0.8262300233016763, fr=0.474
p:-0.6821630606228193, 1.3494324501660115, -2.284624586130546, fr=0.178
j:0, 3, stif=0.962
j:1, 3
j:2, 0, stif=0.925
j:4, 2
n:j=0, d=|:r=0.962
n:d=*
",0.0007046554948754456,feasible,20
15,0,45,"//0
p:0.942, -0.243, -0.276, fr=0.876
p:0.6625986820300314, -0.015383083859376201, -1.8945432421686283, fr=0.012
p:0.225, -0.057, -1.19
p:-0.9682642335694838, -0.4605718718093651, -0.8262300233016763, fr=0.474
p:-0.6821630606228193, 1.3494324501660115, -2.284624586130546, fr=0.178
j:0, 3, stif=0.962
j:1, 3
j:2, 0, stif=0.925
j:4, 2
n:j=0, d=|:r=0.962
n:d=*
",0.007290424676126684,"//0
p:0.942, -0.243, -0.276, fr=0.876
p:0.6625986820300314, -0.015383083859376201, -1.8945432421686283, fr=0.012
p:0.225, -0.057, -1.19
p:-0.9682642335694838, -0.4605718718093651, -0.8262300233016763, fr=0.474
p:-0.6821630606228193, 1.3494324501660115, -2.284624586130546, fr=0.178
j:0, 3, stif=0.962
j:1, 3
j:2, 0, stif=0.925
j:4, 2, rotstif=0.937
n:j=0, d=|:r=0.962
n:d=*
",0.007290424676126684,feasible,20
15,0,45,"//0
p:0.942, -0.243, -0.276, fr=0.876
p:0.6625986820300314, -0.015383083859376201, -1.8945432421686283, fr=0.012
p:0.225, -0.057, -1.19
p:-0.9682642335694838, -0.4605718718093651, -0.8262300233016763, fr=0.474
p:-0.6821630606228193, 1.3494324501660115, -2.284624586130546, fr=0.178
j:0, 3, stif=0.962
j:1, 3
j:2, 0, stif=0.925
j:4, 2
n:j=0, d=|:r=0.962
n:d=*
",0.007290424676126684,"//0
p:0.942, -0.243, -0.276, fr=0.876
p:0.6625986820300314, -0.015383083859376201, -1.8945432421686283, fr=0.012
p:0.225, -0.057, -1.19
p:-0.9682642335694838, -0.4605718718093651, -0.8262300233016763, fr=0.474
p:-0.6821630606228193, 1.3494324501660115, -2.284624586130546, fr=0.178, ing=0.346
j:0, 3, stif=0.962
j:1, 3
j:2, 0, stif=0.925
j:4, 2
n:j=0, d=|:r=0.962
n:d=*
",0.007290424676126684,feasible,20
15,0,45,"//0
p:0.942, -0.243, -0.276, fr=0.876
p:0.6625986820300314, -0.015383083859376201, -1.8945432421686283, fr=0.012
p:0.225, -0.057, -1.19
p:-0.9682642335694838, -0.4605718718093651, -0.8262300233016763, fr=0.474
p:-0.6821630606228193, 1.3494324501660115, -2.284624586130546, fr=0.178
j:0, 3, stif=0.962
j:1, 3
j:2, 0, stif=0.925
j:4, 2
n:j=0, d=|:r=0.962
n:d=*
",0.007290424676126684,"//0
p:0.942, -0.243, -0.276, fr=0.876
p:0.6625986820300314, -0.015383083859376201, -1.8945432421686283, fr=0.012
p:0.225, -0.057, -1.19
p:-0.9682642335694838, -0.4605718718093651, -0.8262300233016763, fr=0.474
j:0, 3, stif=0.962
j:1, 3
j:2, 0, stif=0.925
n:j=0, d=|:r=0.962
n:d=*
",0.00010251543311402468,feasible,20
15,0,45,"//0
p:0.942, -0.243, -0.276, fr=0.876
p:0.6625986820300314, -0.015383083859376201, -1.8945432421686283, fr=0.012
p:0.225, -0.057, -1.19
p:-0.9682642335694838, -0.4605718718093651, -0.8262300233016763, fr=0.474
p:-0.6821630606228193, 1.3494324501660115, -2.284624586130546, fr=0.178
j:0, 3, stif=0.962
j:1, 3
j:2, 0, stif=0.925
j:4, 2
n:j=0, d=|:r=0.962
n:d=*
",0.007290424676126684,"//0
p:0.942, -0.243, -0.276, fr=0.876
p:0.6625986820300314, -0.015383083859376201, -1.8945432421686283, fr=0.012
p:0.225, -0.057, -1.19
p:-0.9682642335694838, -0.4605718718093651, -0.8262300233016763, fr=0.474
p:-0.6821630606228193, 1.3494324501660115, -2.284624586130546, fr=0.178
j:0, 3, stif=0.962
j:1, 3
j:2, 0, stif=0.925
j:4, 2
n:j=0, d=|:r=0.962
n:d=*
n:
c:2, 2, 1.881
",0.007290424676126684,feasible,20
15,0,45,"//0
p:0.942, -0.243, -0.276, fr=0.876
p:0.6625986820300314, -0.015383083859376201, -1.8945432421686283, fr=0.012
p:0.225, -0.057, -1.19
p:-0.9682642335694838, -0.4605718718093651, -0.8262300233016763, fr=0.474
p:-0.6821630606228193, 1.3494324501660115, -2.284624586130546, fr=0.178
j:0, 3, stif=0.962
j:1, 3
j:2, 0, stif=0.925
j:4, 2
n:j=0, d=|:r=0.962
n:d=*
",0.007290424676126684,"//0
p:0.942, -0.243, -0.276, fr=0.876
p:0.6625986820300314, -0.015383083859376201, -1.8945432421686283, fr=0.012
p:0.225, -0.057, -1.19
p:-0.9682642335694838, -0.4605718718093651, -0.8262300233016763, fr=0.474
p:-0.1283504684701382, 0.8064394684660724, -1.5997170077744725, fr=0.178
j:0, 3, stif=0.962
j:1, 3
j:2, 0, stif=0.925
j:4, 2
j:0, 4
n:j=0, d=|:r=0.962
n:d=*
",0.0013268120696046152,feasible,20
15,0,45,"//0
p:0.942, -0.243, -0.276, fr=0.876
p:0.6625986820300314, -0.015383083859376201, -1.8945432421686283, fr=0.012
p:0.225, -0.057, -1.19
p:-0.9682642335694838, -0.4605718718093651, -0.8262300233016763, fr=0.474
p:-0.6821630606228193, 1.3494324501660115, -2.284624586130546, fr=0.178
j:0, 3, stif=0.962
j:1, 3
j:2, 0, stif=0.925
j:4, 2
n:j=0, d=|:r=0.962
n:d=*
",0.007290424676126684,"//0
p:0.942, -0.243, -0.276, fr=0.876
p:0.6625986820300314, -0.015383083859376201, -1.8945432421686283, fr=0.012, ing=0.239
p:0.225, -0.057, -1.19
p:-0.9682642335694838, -0.4605718718093651, -0.8262300233016763, fr=0.474
p:-0.6821630606228193, 1.3494324501660115, -2.284624586130546, fr=0.178
j:0, 3, stif=0.962
j:1, 3
j:2, 0, stif=0.925
j:4, 2
n:j=0, d=|:r=0.962
n:d=*
",0.007290424676126684,feasible,20
15,0,45,"//0
p:0.942, -0.243, -0.276, fr=0.876
p:0.6625986820300314, -0.015383083859376201, -1.8945432421686283, fr=0.012
p:0.225, -0.057, -1.19
p:-0.9682642335694838, -0.4605718718093651, -0.8262300233016763, fr=0.474
p:-0.6821630606228193, 1.3494324501660115, -2.284624586130546, fr=0.178
j:0, 3, stif=0.962
j:1, 3
j:2, 0, stif=0.925
j:4, 2
n:j=0, d=|:r=0.962
n:d=*
",0.007290424676126684,"//0
p:0.942, -0.243, -0.276, fr=0.876
p:0.6625986820300314, -0.015383083859376201, -1.8945432421686283, fr=0.012
p:0.225, -0.057, -1.19
p:-0.9682642335694838, -0.4605718718093651, -0.8262300233016763, fr=0.139
p:-0.6821630606228193, 1.3494324501660115, -2.284624586130546, fr=0.178
j:0, 3, stif=0.962
j:1, 3
j:2, 0, stif=0.925
j:4, 2
n:j=0, d=|:r=0.962
n:d=*
",0.006162483969946419,feasible,20
15,0,45,"//0
p:0.942, -0.243, -0.276, fr=0.876
p:0.6625986820300314, -0.015383083859376201, -1.8945432421686283, fr=0.012
p:0.225, -0.057, -1.19
p:-0.9682642335694838, -0.4605718718093651, -0.8262300233016763, fr=0.474
p:-0.6821630606228193, 1.3494324501660115, -2.284624586130546, fr=0.178
j:0, 3, stif=0.962
j:1, 3
j:2, 0, stif=0.925
j:4, 2
n:j=0, d=|:r=0.962
n:d=*
",0.007290424676126684,"//0
p:0.942, -0.243, -0.276, fr=0.876
p:0.6625986820300314, -0.015383083859376201, -1.8945432421686283, fr=0.012, ing=0.305
p:0.225, -0.057, -1.19
p:-0.9682642335694838, -0.4605718718093651, -0.8262300233016763, fr=0.474
p:-0.6821630606228193, 1.3494324501660115, -2.284624586130546, fr=0.178
j:0, 3, stif=0.962
j:1, 3
j:2, 0, stif=0.925
j:4, 2
n:j=0, d=|:r=0.962
n:d=*
",0.007290424676126684,feasible,20
15,0,45,"//0
p:0.942, -0.243, -0.276, fr=0.876
p:0.6625986820300314, -0.015383083859376201, -1.8945432421686283, fr=0.012
p:0.225, -0.057, -1.19
p:-0.9682642335694838, -0.4605718718093651, -0.8262300233016763, fr=0.474
p:-0.6821630606228193, 1.3494324501660115, -2.284624586130546, fr=0.178
j:0, 3, stif=0.962
j:1, 3
j:2, 0, stif=0.925
j:4, 2
n:j=0, d=|:r=0.962
n:d=*
",0.007290424676126684,"//0
p:0.942, -0.243, -0.276, fr=0.876
p:0.6625986820300314, -0.015383083859376201, -1.8945432421686283, fr=0.012
p:0.225, -0.057, -1.19
p:-0.9682642335694838, -0.4605718718093651, -0.8262300233016763, fr=0.474
p:-0.6821630606228193, 1.3494324501660115, -2.284624586130546, fr=0.178
p:-0.197, 1.031, -1.39
j:0, 3, stif=0.962
j:1, 3
j:2, 0, stif=0.925
j:4, 2
j:5, 1
n:j=0, d=|:r=0.962
n:d=*
",0.0015668073403993547,feasible,20
15,0,45,"//0
p:0.942, -0.243, -0.276, fr=0.876
p:0.6625986820300314, -0.015383083859376201, -1.8945432421686283, fr=0.012
p:0.225, -0.057, -1.19
p:-0.9682642335694838, -0.4605718718093651, -0.8262300233016763, fr=0.474
p:-0.6821630606228193, 1.3494324501660115, -2.284624586130546, fr=0.178
j:0, 3, stif=0.962
j:1, 3
j:2, 0, stif=0.925
j:4, 2
n:j=0, d=|:r=0.962
n:d=*
",0.007290424676126684,"//0
p:0.942, -0.243, -0.276, fr=0.876
p:0.6625986820300314, -0.015383083859376201, -1.8945432421686283, fr=0.012
p:0.225, -0.057, -1.19, ing=0.19
p:-0.9682642335694838, -0.4605718718093651, -0.8262300233016763, fr=0.474
p:-0.6821630606228193, 1.3494324501660115, -2.284624586130546, fr=0.178
j:0, 3, stif=0.962
j:1, 3
j:2, 0, stif=0.925
j:4, 2
n:j=0, d=|:r=0.962
n:d=*
",0.007290424676126684,feasible,20
15,0,45,"//0
p:0.942, -0.243, -0.276, fr=0.876
p:0.6625986820300314, -0.015383083859376201, -1.8945432421686283, fr=0.012
p:0.225, -0.057, -1.19
p:-0.9682642335694838, -0.4605718718093651, -0.8262300233016763, fr=0.474
p:-0.6821630606228193, 1.3494324501660115, -2.284624586130546, fr=0.178
j:0, 3, stif=0.962
j:1, 3
j:2, 0, stif=0.925
j:4, 2
n:j=0, d=|:r=0.962
n:d=*
",0.007290424676126684,"//0
p:0.942, -0.243, -0.276, fr=0.876
p:0.6625986820300314, -0.015383083859376201, -1.8945432421686283, fr=0.012
p:0.225, -0.057, -1.19
p:-0.9682642335694838, -0.4605718718093651, -0.8262300233016763, fr=0.474
p:-0.6821630606228193, 1.3494324501660115, -2.284624586130546, fr=0.178
j:0, 3, stif=0.962
j:1, 3
j:2, 0, stif=0.925
j:4, 2
n:j=0, d=|:r=0.962
n:d=*
c:0, 1, 0.321
",0.007427840754130071,feasible,20
15,0,45,"//0
p:0.942, -0.243, -0.276, fr=0.876
p:0.6625986820300314, -0.015383083859376201, -1.8945432421686283, fr=0.012
p:0.225, -0.057, -1.19
p:-0.9682642335694838, -0.4605718718093651, -0.8262300233016763, fr=0.474
p:-0.6821630606228193, 1.3494324501660115, -2.284624586130546, fr=0.178
j:0, 3, stif=0.962
j:1, 3
j:2, 0, stif=0.925
j:4, 2
n:j=0, d=|:r=0.962
n:d=*
",0.007290424676126684,"//0
p:0.942, -0.243, -0.276, fr=0.876
p:0.6625986820300314, -0.015383083859376201, -1.8945432421686283, fr=0.012
p:0.225, -0.057, -1.19
p:-0.9682642335694838, -0.4605718718093651, -0.8262300233016763, fr=0.474
p:-0.6821630606228193, 1.3494324501660115, -2.284624586130546, fr=0.178
j:0, 3, stif=0.962
j:1, 3
j:2, 0, stif=0.925
j:4, 2, stif=0.966
n:j=0, d=|:r=0.962
n:d=*
",0.007172003657497936,feasible,20
15,0,45,"//0
p:0.942, -0.243, -0.276, fr=0.876
p:0.6625986820300314, -0.015383083859376201, -1.8945432421686283, fr=0.012
p:0.225, -0.057, -1.19
p:-0.9682642335694838, -0.4605718718093651, -0.8262300233016763, fr=0.474
p:-0.6821630606228193, 1.3494324501660115, -2.284624586130546, fr=0.178
j:0, 3, stif=0.962
j:1, 3
j:2, 0, stif=0.925
j:4, 2
n:j=0, d=|:r=0.962
n:d=*
",0.007290424676126684,"//0
p:0.942, -0.243, -0.276, fr=0.876
p:0.6625986820300314, -0.015383083859376201, -1.8945432421686283, fr=0.012
p:0.225, -0.057, -1.19, ing=0.408
p:-0.9682642335694838, -0.4605718718093651, -0.8262300233016763, fr=0.474
p:-0.6821630606228193, 1.3494324501660115, -2.284624586130546, fr=0.178
j:0, 3, stif=0.962
j:1, 3
j:2, 0, stif=0.925
j:4, 2
n:j=0, d=|:r=0.962
n:d=*
",0.007290424676126684,feasible,20
15,0,45,"//0
p:0.942, -0.243, -0.276, fr=0.876
p:0.6625986820300314, -0.015383083859376201, -1.8945432421686283, fr=0.012
p:0.225, -0.057, -1.19
p:-0.9682642335694838, -0.4605718718093651, -0.8262300233016763, fr=0.474
p:-0.6821630606228193, 1.3494324501660115, -2.284624586130546, fr=0.178
j:0, 3, stif=0.962
j:1, 3
j:2, 0, stif=0.925
j:4, 2
n:j=0, d=|:r=0.962
n:d=*
",0.007290424676126684,"//0
p:0.942, -0.243, -0.276, fr=0.876
p:0.6625986820300314, -0.015383083859376201, -1.8945432421686283, fr=0.012
p:0.225, -0.057, -1.19
p:-0.9682642335694838, -0.4605718718093651, -0.8262300233016763, fr=0.474
p:-0.6821630606228193, 1.3494324501660115, -2.284624586130546, fr=0.178
j:0, 3, stif=0.962
j:1, 3, rotstif=0.955
j:2, 0, stif=0.925
j:4, 2
n:j=0, d=|:r=0.962
n:d=*
",0.007290424676126684,feasible,20
15,0,45,"//0
p:0.942, -0.243, -0.276, fr=0.876
p:0.6625986820300314, -0.015383083859376201, -1.8945432421686283, fr=0.012
p:0.225, -0.057, -1.19
p:-0.9682642335694838, -0.4605718718093651, -0.8262300233016763, fr=0.474
p:-0.6821630606228193, 1.3494324501660115, -2.284624586130546, fr=0.178
j:0, 3, stif=0.962
j:1, 3
j:2, 0, stif=0.925
j:4, 2
n:j=0, d=|:r=0.962
n:d=*
",0.007290424676126684,"//0
p:0.942, -0.243, -0.276, fr=0.876
p:0.6625986820300314, -0.015383083859376201, -1.8945432421686283, fr=0.012
p:0.225, -0.057, -1.19
p:-0.9682642335694838, -0.4605718718093651, -0.8262300233016763, fr=0.474
p:-0.6821630606228193, 1.3494324501660115, -2.284624586130546, fr=0.178
j:0, 1, stif=0.962
j:3, 1
j:2, 0, stif=0.925
j:4, 2
n:j=0, d=|:r=0.962
n:d=*
",9.061068917525668e-08,feasible,20
15,0,45,"//0
p:0.942, -0.243, -0.276, fr=0.876
p:0.6625986820300314, -0.015383083859376201, -1.8945432421686283, fr=0.012
p:0.225, -0.057, -1.19
p:-0.9682642335694838, -0.4605718718093651, -0.8262300233016763, fr=0.474
p:-0.6821630606228193, 1.3494324501660115, -2.284624586130546, fr=0.178
j:0, 3, stif=0.962
j:1, 3
j:2, 0, stif=0.925
j:4, 2
n:j=0, d=|:r=0.962
n:d=*
",0.007290424676126684,"//0
p:0.942, -0.243, -0.276, fr=0.891
p:0.6625986820300314, -0.015383083859376201, -1.8945432421686283, fr=0.012
p:0.225, -0.057, -1.19
p:-0.9682642335694838, -0.4605718718093651, -0.8262300233016763, fr=0.474
p:-0.6821630606228193, 1.3494324501660115, -2.284624586130546, fr=0.178
j:0, 3, stif=0.962
j:1, 3
j:2, 0, stif=0.925
j:4, 2
n:j=0, d=|:r=0.962
n:d=*
",0.007278027753896978,feasible,20
15,0,45,"//0
p:0.942, -0.243, -0.276, fr=0.876
p:0.6625986820300314, -0.015383083859376201, -1.8945432421686283, fr=0.012
p:0.225, -0.057, -1.19
p:-0.9682642335694838, -0.4605718718093651, -0.8262300233016763, fr=0.474
p:-0.6821630606228193, 1.3494324501660115, -2.284624586130546, fr=0.178
j:0, 3, stif=0.962
j:1, 3
j:2, 0, stif=0.925
j:4, 2
n:j=0, d=|:r=0.962
n:d=*
",0.007290424676126684,"//0
p:0.942, -0.243, -0.276, fr=0.876
p:0.3952821967365894, 0.34477531931027827, -2.047441337593869, fr=0.012
p:0.225, -0.057, -1.19
p:-0.9682642335694838, -0.4605718718093651, -0.8262300233016763, fr=0.474
p:-0.6821630606228193, 1.3494324501660115, -2.284624586130546, fr=0.178
j:0, 3, stif=0.962
j:1, 3
j:2, 0, stif=0.925
j:4, 2
n:j=0, d=|:r=0.962
n:d=*
",6.529622249664845e-07,feasible,20
15,0,45,"//0
p:0.942, -0.243, -0.276, fr=0.876
p:0.6625986820300314, -0.015383083859376201, -1.8945432421686283, fr=0.012
p:0.225, -0.057, -1.19
p:-0.9682642335694838, -0.4605718718093651, -0.8262300233016763, fr=0.474
p:-0.6821630606228193, 1.3494324501660115, -2.284624586130546, fr=0.178
j:0, 3, stif=0.962
j:1, 3
j:2, 0, stif=0.925
j:4, 2
n:j=0, d=|:r=0.962
n:d=*
",0.007290424676126684,"//0
p:0.942, -0.243, -0.276, fr=0.876
p:0.6625986820300314, -0.015383083859376201, -1.8945432421686283, fr=0.012
p:0.225, -0.057, -1.19
p:-0.9682642335694838, -0.4605718718093651, -0.8262300233016763, fr=0.474
p:-0.643, 1.392, -2.253, fr=0.178
j:0, 3, stif=0.962
j:1, 3
j:2, 0, stif=0.925
j:4, 2
n:j=0, d=|:r=0.962
n:d=*
",0.006856342000489636,feasible,20
15,0,46,"//0
p:0.942, -0.243, -0.276, fr=0.876
p:0.6625986820300314, -0.015383083859376201, -1.8945432421686283, fr=0.012
p:0.225, -0.057, -1.19
p:-0.9682642335694838, -0.4605718718093651, -0.8262300233016763, fr=0.389
p:-0.6821630606228193, 1.3494324501660115, -2.284624586130546, fr=0.178
j:0, 3, stif=0.962
j:1, 3
j:2, 0, stif=0.925
j:4, 2
n:j=0, d=|:r=0.962
n:d=*
",0.007540676171761909,"//0
p:0.942, -0.243, -0.276, fr=0.876
p:0.6625986820300314, -0.015383083859376201, -1.8945432421686283, fr=0.012
p:0.225, -0.057, -1.19
p:-0.9682642335694838, -0.4605718718093651, -0.8262300233016763, fr=0.025
p:-0.6821630606228193, 1.3494324501660115, -2.284624586130546, fr=0.178
j:0, 3, stif=0.962
j:1, 3
j:2, 0, stif=0.925
j:4, 2
n:j=0, d=|:r=0.962
n:d=*
",0.003356801724309225,feasible,20
15,0,46,"//0
p:0.942, -0.243, -0.276, fr=0.876
p:0.6625986820300314, -0.015383083859376201, -1.8945432421686283, fr=0.012
p:0.225, -0.057, -1.19
p:-0.9682642335694838, -0.4605718718093651, -0.8262300233016763, fr=0.389
p:-0.6821630606228193, 1.3494324501660115, -2.284624586130546, fr=0.178
j:0, 3, stif=0.962
j:1, 3
j:2, 0, stif=0.925
j:4, 2
n:j=0, d=|:r=0.962
n:d=*
",0.007540676171761909,"//0
p:0.942, -0.243, -0.276, fr=0.876
p:0.6625986820300314, -0.015383083859376201, -1.8945432421686283, fr=0.012
p:0.225, -0.057, -1.19
p:-0.9682642335694838, -0.4605718718093651, -0.8262300233016763, fr=0.389
p:-0.7239647945025975, 1.0849759356778024, -2.0715411486206516, fr=0.178
j:0, 2, stif=0.962
j:1, 2
j:3, 0, stif=0.925
j:4, 3
n:j=0, d=|:r=0.962
n:d=*
",3.9746251623937043e-07,feasible,20
15,0,46,"//0
p:0.942, -0.243, -0.276, fr=0.876
p:0.6625986820300314, -0.015383083859376201, -1.8945432421686283, fr=0.012
p:0.225, -0.057, -1.19
p:-0.9682642335694838, -0.4605718718093651, -0.8262300233016763, fr=0.389
p:-0.6821630606228193, 1.3494324501660115, -2.284624586130546, fr=0.178
j:0, 3, stif=0.962
j:1, 3
j:2, 0, stif=0.925
j:4, 2
n:j=0, d=|:r=0.962
n:d=*
",0.007540676171761909,"//0
p:0.942, -0.243, -0.276, fr=0.876
p:0.6625986820300314, -0.015383083859376201, -1.8945432421686283, fr=0.012
p:0.225, -0.057, -1.19
p:-0.9682642335694838, -0.4605718718093651, -0.8262300233016763, fr=0.389
p:-0.1283504684701382, 0.8064394684660724, -1.5997170077744725, fr=0.178
j:0, 4, stif=0.962
j:1, 4
j:2, 0, stif=0.925
j:3, 2
n:j=0, d=|:r=0.962
n:d=*
",0.00028170748373316406,feasible,20
15,0,46,"//0
p:0.942, -0.243, -0.276, fr=0.876
p:0.6625986820300314, -0.015383083859376201, -1.8945432421686283, fr=0.012
p:0.225, -0.057, -1.19
p:-0.9682642335694838, -0.4605718718093651, -0.8262300233016763, fr=0.389
p:-0.6821630606228193, 1.3494324501660115, -2.284624586130546, fr=0.178
j:0, 3, stif=0.962
j:1, 3
j:2, 0, stif=0.925
j:4, 2
n:j=0, d=|:r=0.962
n:d=*
",0.007540676171761909,"//0
p:0.942, -0.243, -0.276, fr=0.876
p:0.6625986820300314, -0.015383083859376201, -1.8945432421686283, fr=0.012
p:0.225, -0.057, -1.19
p:-0.9682642335694838, -0.4605718718093651, -0.8262300233016763, fr=0.389
p:-0.6821630606228193, 1.3494324501660115, -2.284624586130546, fr=0.178
j:0, 3, stif=0.962
j:1, 3
j:2, 0, stif=0.925
j:4, 2
n:j=0, d=|:r=0.892
n:d=*
",0.007540676171761909,feasible,20
15,0,46,"//0
p:0.942, -0.243, -0.276, fr=0.876
p:0.6625986820300314, -0.015383083859376201, -1.8945432421686283, fr=0.012
p:0.225, -0.057, -1.19
p:-0.9682642335694838, -0.4605718718093651, -0.8262300233016763, fr=0.389
p:-0.6821630606228193, 1.3494324501660115, -2.284624586130546, fr=0.178
j:0, 3, stif=0.962
j:1, 3
j:2, 0, stif=0.925
j:4, 2
n:j=0, d=|:r=0.962
n:d=*
",0.007540676171761909,"//0
p:0.942, -0.243, -0.276, fr=0.876
p:0.6625986820300314, -0.015383083859376201, -1.8945432421686283, fr=0.012
p:0.225, -0.057, -1.19
p:-0.9682642335694838, -0.4605718718093651, -0.8262300233016763, fr=0.389
p:-0.6821630606228193, 1.3494324501660115, -2.284624586130546, fr=0.178
j:0, 3, stif=0.962
j:1, 3
j:2, 0, stif=0.925
j:4, 2
n:j=0, d=""|:p=0.459, r=0.962""
n:d=*
",9.024992405965347e-07,feasible,20
15,0,46,"//0
p:0.942, -0.243, -0.276, fr=0.876
p:0.6625986820300314, -0.015383083859376201, -1.8945432421686283, fr=0.012
p:0.225, -0.057, -1.19
p:-0.9682642335694838, -0.4605718718093651, -0.8262300233016763, fr=0.389
p:-0.6821630606228193, 1.3494324501660115, -2.284624586130546, fr=0.178
j:0, 3, stif=0.962
j:1, 3
j:2, 0, stif=0.925
j:4, 2
n:j=0, d=|:r=0.962
n:d=*
",0.007540676171761909,"//0
p:0.942, -0.243, -0.276, fr=0.876
p:0.225, -0.057, -1.19
p:-0.9682642335694838, -0.4605718718093651, -0.8262300233016763, fr=0.389
p:-0.6821630606228193, 1.3494324501660115, -2.284624586130546, fr=0.178
j:0, 2, stif=0.962
j:1, 0, stif=0.925
j:3, 1
n:j=0, d=|:r=0.962
n:d=*
",1.4718253763628602e-05,feasible,20
15,0,46,"//0
p:0.942, -0.243, -0.276, fr=0.876
p:0.6625986820300314, -0.015383083859376201, -1.8945432421686283, fr=0.012
p:0.225, -0.057, -1.19
p:-0.9682642335694838, -0.4605718718093651, -0.8262300233016763, fr=0.389
p:-0.6821630606228193, 1.3494324501660115, -2.284624586130546, fr=0.178
j:0, 3, stif=0.962
j:1, 3
j:2, 0, stif=0.925
j:4, 2
n:j=0, d=|:r=0.962
n:d=*
",0.007540676171761909,"//0
p:0.942, -0.243, -0.276, fr=0.876
p:0.6625986820300314, -0.015383083859376201, -1.8945432421686283, fr=0.012
p:0.225, -0.057, -1.19
p:-0.9682642335694838, -0.4605718718093651, -0.8262300233016763, fr=0.389
p:-0.6821630606228193, 1.3494324501660115, -2.284624586130546, fr=0.178
j:3, 0, stif=0.962
j:1, 0
j:2, 3, stif=0.925
j:4, 2
n:j=0, d=|:r=0.962
n:d=*
",3.200611099295443e-06,feasible,20
15,0,46,"//0
p:0.942, -0.243, -0.276, fr=0.876
p:0.6625986820300314, -0.015383083859376201, -1.8945432421686283, fr=0.012
p:0.225, -0.057, -1.19
p:-0.9682642335694838, -0.4605718718093651, -0.8262300233016763, fr=0.389
p:-0.6821630606228193, 1.3494324501660115, -2.284624586130546, fr=0.178
j:0, 3, stif=0.962
j:1, 3
j:2, 0, stif=0.925
j:4, 2
n:j=0, d=|:r=0.962
n:d=*
",0.007540676171761909,"//0
p:0.942, -0.243, -0.276, fr=0.876
p:0.6625986820300314, -0.015383083859376201, -1.8945432421686283, fr=0.012
p:0.225, -0.057, -1.19
p:-0.9682642335694838, -0.4605718718093651, -0.8262300233016763, fr=0.389
p:-0.6821630606228193, 1.3494324501660115, -2.284624586130546, fr=0.178
j:0, 3, stif=0.962
j:1, 3
j:2, 0, stif=0.96
j:4, 2
n:j=0, d=|:r=0.962
n:d=*
",0.007393307259102805,feasible,20
15,0,46,"//0
p:0.942, -0.243, -0.276, fr=0.876
p:0.6625986820300314, -0.015383083859376201, -1.8945432421686283, fr=0.012
p:0.225, -0.057, -1.19
p:-0.9682642335694838, -0.4605718718093651, -0.8262300233016763, fr=0.389
p:-0.6821630606228193, 1.3494324501660115, -2.284624586130546, fr=0.178
j:0, 3, stif=0.962
j:1, 3
j:2, 0, stif=0.925
j:4, 2
n:j=0, d=|:r=0.962
n:d=*
",0.007540676171761909,"//0
p:0.942, -0.243, -0.276, fr=0.876
p:0.6625986820300314, -0.015383083859376201, -1.8945432421686283, fr=0.012
p:0.225, -0.057, -1.19
p:-0.9682642335694838, -0.4605718718093651, -0.8262300233016763, fr=0.389
p:-0.6821630606228193, 1.3494324501660115, -2.284624586130546, fr=0.178
j:0, 3, stif=0.962
j:1, 3, stif=0.913
j:2, 0, stif=0.925
j:4, 2
n:j=0, d=|:r=0.962
n:d=*
",0.007184020002986908,feasible,20
15,0,46,"//0
p:0.942, -0.243, -0.276, fr=0.876
p:0.6625986820300314, -0.015383083859376201, -1.8945432421686283, fr=0.012
p:0.225, -0.057, -1.19
p:-0.9682642335694838, -0.4605718718093651, -0.8262300233016763, fr=0.389
p:-0.6821630606228193, 1.3494324501660115, -2.284624586130546, fr=0.178
j:0, 3, stif=0.962
j:1, 3
j:2, 0, stif=0.925
j:4, 2
n:j=0, d=|:r=0.962
n:d=*
",0.007540676171761909,"//0
p:0.942, -0.243, -0.276, fr=0.876
p:0.6625986820300314, -0.015383083859376201, -1.8945432421686283, fr=0.012
p:0.225, -0.057, -1.19
p:-0.9682642335694838, -0.4605718718093651, -0.8262300233016763, fr=0.389
p:-0.6821630606228193, 1.3494324501660115, -2.284624586130546, fr=0.178
j:0, 3, stif=0.962
j:1, 3, rotstif=0.789
j:2, 0, stif=0.925
j:4, 2
n:j=0, d=|:r=0.962
n:d=*
",0.007540676171761909,feasible,20
15,0,46,"//0
p:0.942, -0.243, -0.276, fr=0.876
p:0.6625986820300314, -0.015383083859376201, -1.8945432421686283, fr=0.012
p:0.225, -0.057, -1.19
p:-0.9682642335694838, -0.4605718718093651, -0.8262300233016763, fr=0.389
p:-0.6821630606228193, 1.3494324501660115, -2.284624586130546, fr=0.178
j:0, 3, stif=0.962
j:1, 3
j:2, 0, stif=0.925
j:4, 2
n:j=0, d=|:r=0.962
n:d=*
",0.007540676171761909,"//0
p:0.942, -0.243, -0.276, fr=0.876
p:0.6625986820300314, -0.015383083859376201, -1.8945432421686283, fr=0.012
p:0.042, 0.723, -1.493
p:-0.9682642335694838, -0.4605718718093651, -0.8262300233016763, fr=0.389
p:-0.6821630606228193, 1.3494324501660115, -2.284624586130546, fr=0.178
j:0, 3, stif=0.962
j:1, 3
j:2, 0, stif=0.925
j:4, 2
n:j=0, d=|:r=0.962
n:d=*
",0.004262405725389219,feasible,20
15,0,46,"//0
p:0.942, -0.243, -0.276, fr=0.876
p:0.6625986820300314, -0.015383083859376201, -1.8945432421686283, fr=0.012
p:0.225, -0.057, -1.19
p:-0.9682642335694838, -0.4605718718093651, -0.8262300233016763, fr=0.389
p:-0.6821630606228193, 1.3494324501660115, -2.284624586130546, fr=0.178
j:0, 3, stif=0.962
j:1, 3
j:2, 0, stif=0.925
j:4, 2
n:j=0, d=|:r=0.962
n:d=*
",0.007540676171761909,"//0
p:0.942, -0.243, -0.276, fr=0.876
p:0.6625986820300314, -0.015383083859376201, -1.8945432421686283, fr=0.012
p:0.225, -0.057, -1.19
p:-0.9682642335694838, -0.4605718718093651, -0.8262300233016763, fr=0.393
p:-0.6821630606228193, 1.3494324501660115, -2.284624586130546, fr=0.178
j:0, 3, stif=0.962
j:1, 3
j:2, 0, stif=0.925
j:4, 2
n:j=0, d=|:r=0.962
n:d=*
",0.007308527193136138,feasible,20
15,0,46,"//0
p:0.942, -0.243, -0.276, fr=0.876
p:0.6625986820300314, -0.015383083859376201, -1.8945432421686283, fr=0.012
p:0.225, -0.057, -1.19
p:-0.9682642335694838, -0.4605718718093651, -0.8262300233016763, fr=0.389
p:-0.6821630606228193, 1.3494324501660115, -2.284624586130546, fr=0.178
j:0, 3, stif=0.962
j:1, 3
j:2, 0, stif=0.925
j:4, 2
n:j=0, d=|:r=0.962
n:d=*
",0.007540676171761909,"//0
p:0.942, -0.243, -0.276, fr=0.876
p:0.6625986820300314, -0.015383083859376201, -1.8945432421686283, fr=0.012
p:0.225, -0.057, -1.19
p:-0.9682642335694838, -0.4605718718093651, -0.8262300233016763, fr=0.389
p:-0.6821630606228193, 1.3494324501660115, -2.284624586130546, fr=0.178
j:0, 3, stif=0.962
j:1, 3
j:2, 0, stif=0.925
j:4, 2
n:j=0, d=|:r=0.964
n:d=*
",0.007540676171761909,feasible,20
15,0,46,"//0
p:0.942, -0.243, -0.276, fr=0.876
p:0.6625986820300314, -0.015383083859376201, -1.8945432421686283, fr=0.012
p:0.225, -0.057, -1.19
p:-0.9682642335694838, -0.4605718718093651, -0.8262300233016763, fr=0.389
p:-0.6821630606228193, 1.3494324501660115, -2.284624586130546, fr=0.178
j:0, 3, stif=0.962
j:1, 3
j:2, 0, stif=0.925
j:4, 2
n:j=0, d=|:r=0.962
n:d=*
",0.007540676171761909,"//0
p:0.942, -0.243, -0.276, fr=0.876
p:0.6625986820300314, -0.015383083859376201, -1.8945432421686283, fr=0.012
p:0.225, -0.057, -1.19
p:-0.9682642335694838, -0.4605718718093651, -0.8262300233016763, fr=0.389
p:-0.6821630606228193, 1.3494324501660115, -2.284624586130546, fr=0.178
p:0.934, -0.208, -0.307
j:0, 3, stif=0.962
j:1, 3
j:2, 0, stif=0.925
j:4, 2
j:5, 0
n:j=0, d=|:r=0.962
n:d=*
",0.003783022486647458,feasible,20
15,0,46,"//0
p:0.942, -0.243, -0.276, fr=0.876
p:0.6625986820300314, -0.015383083859376201, -1.8945432421686283, fr=0.012
p:0.225, -0.057, -1.19
p:-0.9682642335694838, -0.4605718718093651, -0.8262300233016763, fr=0.389
p:-0.6821630606228193, 1.3494324501660115, -2.284624586130546, fr=0.178
j:0, 3, stif=0.962
j:1, 3
j:2, 0, stif=0.925
j:4, 2
n:j=0, d=|:r=0.962
n:d=*
",0.007540676171761909,"//0
p:0.942, -0.243, -0.276, fr=0.876
p:0.6625986820300314, -0.015383083859376201, -1.8945432421686283, fr=0.012
p:0.225, -0.057, -1.19
p:-0.9682642335694838, -0.4605718718093651, -0.8262300233016763, fr=0.389
p:-0.6821630606228193, 1.3494324501660115, -2.284624586130546, fr=0.178
j:0, 3, stif=0.962
j:1, 3
j:2, 0, stif=0.953
j:4, 2
n:j=0, d=|:r=0.962
n:d=*
",0.007246525588290433,feasible,20
15,0,46,"//0
p:0.942, -0.243, -0.276, fr=0.876
p:0.6625986820300314, -0.015383083859376201, -1.8945432421686283, fr=0.012
p:0.225, -0.057, -1.19
p:-0.9682642335694838, -0.4605718718093651, -0.8262300233016763, fr=0.389
p:-0.6821630606228193, 1.3494324501660115, -2.284624586130546, fr=0.178
j:0, 3, stif=0.962
j:1, 3
j:2, 0, stif=0.925
j:4, 2
n:j=0, d=|:r=0.962
n:d=*
",0.007540676171761909,"//0
p:0.942, -0.243, -0.276, fr=0.876
p:0.252, -0.482, -1.391, fr=0.012
p:0.225, -0.057, -1.19
p:-0.9682642335694838, -0.4605718718093651, -0.8262300233016763, fr=0.389
p:-0.6821630606228193, 1.3494324501660115, -2.284624586130546, fr=0.178
j:0, 3, stif=0.962
j:1, 3
j:2, 0, stif=0.925
j:4, 2
n:j=0, d=|:r=0.962
n:d=*
",0.00025684508326800546,feasible,20
15,0,46,"//0
p:0.942, -0.243, -0.276, fr=0.876
p:0.6625986820300314, -0.015383083859376201, -1.8945432421686283, fr=0.012
p:0.225, -0.057, -1.19
p:-0.9682642335694838, -0.4605718718093651, -0.8262300233016763, fr=0.389
p:-0.6821630606228193, 1.3494324501660115, -2.284624586130546, fr=0.178
j:0, 3, stif=0.962
j:1, 3
j:2, 0, stif=0.925
j:4, 2
n:j=0, d=|:r=0.962
n:d=*
",0.007540676171761909,"//0
p:0.942, -0.243, -0.276, fr=0.876
p:0.6625986820300314, -0.015383083859376201, -1.8945432421686283, fr=0.012
p:0.225, -0.057, -1.19
p:-0.9682642335694838, -0.4605718718093651, -0.8262300233016763, fr=0.389
p:-0.6821630606228193, 1.3494324501660115, -2.284624586130546, fr=0.178
j:0, 3, stif=0.962
j:1, 3
j:2, 0, stif=0.925
j:4, 2
n:j=0, d=|:r=0.962
n:d=*
c:0, 1, 1.17
",0.0025824015370913733,feasible,20
15,0,46,"//0
p:0.942, -0.243, -0.276, fr=0.876
p:0.6625986820300314, -0.015383083859376201, -1.8945432421686283, fr=0.012
p:0.225, -0.057, -1.19
p:-0.9682642335694838, -0.4605718718093651, -0.8262300233016763, fr=0.389
p:-0.6821630606228193, 1.3494324501660115, -2.284624586130546, fr=0.178
j:0, 3, stif=0.962
j:1, 3
j:2, 0, stif=0.925
j:4, 2
n:j=0, d=|:r=0.962
n:d=*
",0.007540676171761909,"//0
p:0.942, -0.243, -0.276, fr=0.876
p:0.6625986820300314, -0.015383083859376201, -1.8945432421686283, fr=0.012
p:0.225, -0.057, -1.19
p:-0.9682642335694838, -0.4605718718093651, -0.8262300233016763, fr=0.389
p:-0.6821630606228193, 1.3494324501660115, -2.284624586130546, fr=0.178
j:0, 3, stif=0.962
j:1, 3
j:2, 0, stif=0.925
j:4, 2
n:j=0, d=|:r=0.919
n:d=*
",0.007540676171761909,feasible,20
15,0,46,"//0
p:0.942, -0.243, -0.276, fr=0.876
p:0.6625986820300314, -0.015383083859376201, -1.8945432421686283, fr=0.012
p:0.225, -0.057, -1.19
p:-0.9682642335694838, -0.4605718718093651, -0.8262300233016763, fr=0.389
p:-0.6821630606228193, 1.3494324501660115, -2.284624586130546, fr=0.178
j:0, 3, stif=0.962
j:1, 3
j:2, 0, stif=0.925
j:4, 2
n:j=0, d=|:r=0.962
n:d=*
",0.007540676171761909,"//0
p:0.942, -0.243, -0.276, fr=0.876
p:0.6625986820300314, -0.015383083859376201, -1.8945432421686283, fr=0.012
p:0.225, -0.057, -1.19
p:-0.9682642335694838, -0.4605718718093651, -0.8262300233016763, fr=0.389
p:-0.6821630606228193, 1.3494324501660115, -2.284624586130546, fr=0.178
j:0, 3, stif=0.962
j:1, 3
j:2, 0, stif=0.925
j:4, 2, stif=0.995
n:j=0, d=|:r=0.962
n:d=*
",0.007344845780255255,feasible,20
15,0,46,"//0
p:0.942, -0.243, -0.276, fr=0.876
p:0.6625986820300314, -0.015383083859376201, -1.8945432421686283, fr=0.012
p:0.225, -0.057, -1.19
p:-0.9682642335694838, -0.4605718718093651, -0.8262300233016763, fr=0.389
p:-0.6821630606228193, 1.3494324501660115, -2.284624586130546, fr=0.178
j:0, 3, stif=0.962
j:1, 3
j:2, 0, stif=0.925
j:4, 2
n:j=0, d=|:r=0.962
n:d=*
",0.007540676171761909,"//0
p:0.942, -0.243, -0.276, fr=0.876
p:0.6625986820300314, -0.015383083859376201, -1.8945432421686283, fr=0.012
p:0.225, -0.057, -1.19
p:-0.9682642335694838, -0.4605718718093651, -0.8262300233016763, fr=0.389
p:-0.7239647945025975, 1.0849759356778024, -2.0715411486206516, fr=0.178
j:0, 3, stif=0.962
j:1, 3
j:2, 0, stif=0.925
j:4, 2
j:4, 3
n:j=0, d=|:r=0.962
n:d=*
",3.633827485238342e-05,feasible,20
15,0,47,"//0
p:0.942, -0.243, -0.276, fr=0.876
p:0.6625986820300314, -0.015383083859376201, -1.8945432421686283, fr=0.012
p:0.225, -0.057, -1.19
p:-0.9682642335694838, -0.4605718718093651, -0.8262300233016763, fr=0.389
p:-0.6821630606228193, 1.3494324501660115, -2.284624586130546, fr=0.178
j:0, 3, stif=0.903
j:1, 3
j:2, 0, stif=0.925
j:4, 2
n:j=0, d=|:r=0.962
n:d=*
",0.007559714533592542,"//0
p:0.942, -0.243, -0.276, fr=0.876
p:0.6625986820300314, -0.015383083859376201, -1.8945432421686283, fr=0.012
p:0.225, -0.057, -1.19
p:-0.9682642335694838, -0.4605718718093651, -0.8262300233016763, fr=0.476
p:-0.6821630606228193, 1.3494324501660115, -2.284624586130546, fr=0.178
j:0, 3, stif=0.903
j:1, 3
j:2, 0, stif=0.925
j:4, 2
n:j=0, d=|:r=0.962
n:d=*
",0.007345407651649441,feasible,22
15,0,47,"//0
p:0.942, -0.243, -0.276, fr=0.876
p:0.6625986820300314, -0.015383083859376201, -1.8945432421686283, fr=0.012
p:0.225, -0.057, -1.19
p:-0.9682642335694838, -0.4605718718093651, -0.8262300233016763, fr=0.389
p:-0.6821630606228193, 1.3494324501660115, -2.284624586130546, fr=0.178
j:0, 3, stif=0.903
j:1, 3
j:2, 0, stif=0.925
j:4, 2
n:j=0, d=|:r=0.962
n:d=*
",0.007559714533592542,"//0
p:0.942, -0.243, -0.276, fr=0.876
p:0.6625986820300314, -0.015383083859376201, -1.8945432421686283, fr=0.012
p:0.225, -0.057, -1.19
p:-0.9682642335694838, -0.4605718718093651, -0.8262300233016763, fr=0.389, ing=0.333
p:-0.6821630606228193, 1.3494324501660115, -2.284624586130546, fr=0.178
j:0, 3, stif=0.903
j:1, 3
j:2, 0, stif=0.925
j:4, 2
n:j=0, d=|:r=0.962
n:d=*
",0.007559714533592542,feasible,22
15,0,47,"//0
p:0.942, -0.243, -0.276, fr=0.876
p:0.6625986820300314, -0.015383083859376201, -1.8945432421686283, fr=0.012
p:0.225, -0.057, -1.19
p:-0.9682642335694838, -0.4605718718093651, -0.8262300233016763, fr=0.389
p:-0.6821630606228193, 1.3494324501660115, -2.284624586130546, fr=0.178
j:0, 3, stif=0.903
j:1, 3
j:2, 0, stif=0.925
j:4, 2
n:j=0, d=|:r=0.962
n:d=*
",0.007559714533592542,"//0
p:0.942, -0.243, -0.276, fr=0.876
p:0.6625986820300314, -0.015383083859376201, -1.8945432421686283, fr=0.012
p:0.225, -0.057, -1.19
p:-0.9682642335694838, -0.4605718718093651, -0.8262300233016763, fr=0.389
p:-0.6821630606228193, 1.3494324501660115, -2.284624586130546, fr=0.178
j:0, 3, stif=0.903
j:1, 3, stif=0.943
j:2, 0, stif=0.925
j:4, 2
n:j=0, d=|:r=0.962
n:d=*
",0.005835475502352879,feasible,22
15,0,47,"//0
p:0.942, -0.243, -0.276, fr=0.876
p:0.6625986820300314, -0.015383083859376201, -1.8945432421686283, fr=0.012
p:0.225, -0.057, -1.19
p:-0.9682642335694838, -0.4605718718093651, -0.8262300233016763, fr=0.389
p:-0.6821630606228193, 1.3494324501660115, -2.284624586130546, fr=0.178
j:0, 3, stif=0.903
j:1, 3
j:2, 0, stif=0.925
j:4, 2
n:j=0, d=|:r=0.962
n:d=*
",0.007559714533592542,"//0
p:0.942, -0.243, -0.276, fr=0.876
p:0.6625986820300314, -0.015383083859376201, -1.8945432421686283, fr=0.012
p:0.225, -0.057, -1.19
p:-0.9682642335694838, -0.4605718718093651, -0.8262300233016763, fr=0.389
p:-0.6821630606228193, 1.3494324501660115, -2.284624586130546, fr=0.178
j:0, 3, stif=0.903
j:1, 3
j:2, 0, stif=0.925
j:4, 2
n:j=0, d=|:r=0.962
n:d=*
c:0, 1, -0.807
",9.563008196237657e-05,feasible,22
15,0,47,"//0
p:0.942, -0.243, -0.276, fr=0.876
p:0.6625986820300314, -0.015383083859376201, -1.8945432421686283, fr=0.012
p:0.225, -0.057, -1.19
p:-0.9682642335694838, -0.4605718718093651, -0.8262300233016763, fr=0.389
p:-0.6821630606228193, 1.3494324501660115, -2.284624586130546, fr=0.178
j:0, 3, stif=0.903
j:1, 3
j:2, 0, stif=0.925
j:4, 2
n:j=0, d=|:r=0.962
n:d=*
",0.007559714533592542,"//0
p:0.942, -0.243, -0.276, fr=0.876
p:0.6625986820300314, -0.015383083859376201, -1.8945432421686283, fr=0.012
p:0.225, -0.057, -1.19
p:-0.9682642335694838, -0.4605718718093651, -0.8262300233016763, fr=0.389
p:-0.6821630606228193, 1.3494324501660115, -2.284624586130546, fr=0.178
j:0, 3, stif=0.903
j:1, 3, rotstif=0.84
j:2, 0, stif=0.925
j:4, 2
n:j=0, d=|:r=0.962
n:d=*
",0.007559714533592542,feasible,22
15,0,47,"//0
p:0.942, -0.243, -0.276, fr=0.876
p:0.6625986820300314, -0.015383083859376201, -1.8945432421686283, fr=0.012
p:0.225, -0.057, -1.19
p:-0.9682642335694838, -0.4605718718093651, -0.8262300233016763, fr=0.389
p:-0.6821630606228193, 1.3494324501660115, -2.284624586130546, fr=0.178
j:0, 3, stif=0.903
j:1, 3
j:2, 0, stif=0.925
j:4, 2
n:j=0, d=|:r=0.962
n:d=*
",0.007559714533592542,"//0
p:0.942, -0.243, -0.276, fr=0.876
p:0.225, -0.057, -1.19
p:-0.9682642335694838, -0.4605718718093651, -0.8262300233016763, fr=0.389
p:-0.6821630606228193, 1.3494324501660115, -2.284624586130546, fr=0.178
j:0, 2, stif=0.903
j:1, 0, stif=0.925
j:3, 1
n:j=0, d=|:r=0.962
n:d=*
",1.1936410428017522e-05,feasible,22
15,0,47,"//0
p:0.942, -0.243, -0.276, fr=0.876
p:0.6625986820300314, -0.015383083859376201, -1.8945432421686283, fr=0.012
p:0.225, -0.057, -1.19
p:-0.9682642335694838, -0.4605718718093651, -0.8262300233016763, fr=0.389
p:-0.6821630606228193, 1.3494324501660115, -2.284624586130546, fr=0.178
j:0, 3, stif=0.903
j:1, 3
j:2, 0, stif=0.925
j:4, 2
n:j=0, d=|:r=0.962
n:d=*
",0.007559714533592542,"//0
p:0.38818740784731887, 0.29999298169993915, -0.9609075783560734, fr=0.876
p:0.6625986820300314, -0.015383083859376201, -1.8945432421686283, fr=0.012
p:0.225, -0.057, -1.19
p:-0.9682642335694838, -0.4605718718093651, -0.8262300233016763, fr=0.389
p:-0.6821630606228193, 1.3494324501660115, -2.284624586130546, fr=0.178
j:0, 3, stif=0.903
j:1, 3
j:4, 0, stif=0.925
j:2, 4
n:j=0, d=|:r=0.962
n:d=*
",1.944150910647034e-06,feasible,22
15,0,47,"//0
p:0.942, -0.243, -0.276, fr=0.876
p:0.6625986820300314, -0.015383083859376201, -1.8945432421686283, fr=0.012
p:0.225, -0.057, -1.19
p:-0.9682642335694838, -0.4605718718093651, -0.8262300233016763, fr=0.389
p:-0.6821630606228193, 1.3494324501660115, -2.284624586130546, fr=0.178
j:0, 3, stif=0.903
j:1, 3
j:2, 0, stif=0.925
j:4, 2
n:j=0, d=|:r=0.962
n:d=*
",0.007559714533592542,"//0
p:0.942, -0.243, -0.276, fr=0.876
p:0.6625986820300314, -0.015383083859376201, -1.8945432421686283, fr=0.012
p:0.225, -0.057, -1.19
p:-0.9682642335694838, -0.4605718718093651, -0.8262300233016763, fr=0.389
p:-0.6821630606228193, 1.3494324501660115, -2.284624586130546, fr=0.178
j:0, 3, stif=0.903
j:1, 3
j:2, 0, stif=0.925
j:4, 2
n:j=0, d=|:r=0.962
n:d=*
n:p=3, d=Gpart
c:0, 2, -4.943
",0.0016270014570264565,feasible,22
15,0,47,"//0
p:0.942, -0.243, -0.276, fr=0.876
p:0.6625986820300314, -0.015383083859376201, -1.8945432421686283, fr=0.012
p:0.225, -0.057, -1.19
p:-0.9682642335694838, -0.4605718718093651, -0.8262300233016763, fr=0.389
p:-0.6821630606228193, 1.3494324501660115, -2.284624586130546, fr=0.178
j:0, 3, stif=0.903
j:1, 3
j:2, 0, stif=0.925
j:4, 2
n:j=0, d=|:r=0.962
n:d=*
",0.007559714533592542,"//0
p:0.942, -0.243, -0.276, fr=0.876
p:0.6625986820300314, -0.015383083859376201, -1.8945432421686283, fr=0.012
p:0.225, -0.057, -1.19
p:-0.9682642335694838, -0.4605718718093651, -0.8262300233016763, fr=0.389
p:-0.6821630606228193, 1.3494324501660115, -2.284624586130546, fr=0.178
j:0, 3, stif=0.903
j:1, 3
j:2, 0, stif=0.925
j:4, 2
n:d=*
",2.0685148866563166e-07,feasible,22
15,0,47,"//0
p:0.942, -0.243, -0.276, fr=0.876
p:0.6625986820300314, -0.015383083859376201, -1.8945432421686283, fr=0.012
p:0.225, -0.057, -1.19
p:-0.9682642335694838, -0.4605718718093651, -0.8262300233016763, fr=0.389
p:-0.6821630606228193, 1.3494324501660115, -2.284624586130546, fr=0.178
j:0, 3, stif=0.903
j:1, 3
j:2, 0, stif=0.925
j:4, 2
n:j=0, d=|:r=0.962
n:d=*
",0.007559714533592542,"//0
p:1.543, 0.418, -0.27, fr=0.876
p:0.6625986820300314, -0.015383083859376201, -1.8945432421686283, fr=0.012
p:0.225, -0.057, -1.19
p:-0.3046662002721958, -0.22841049330945512, -0.6792470238268487, fr=0.389
p:-0.6821630606228193, 1.3494324501660115, -2.284624586130546, fr=0.178
j:0, 3, stif=0.903
j:1, 3
j:2, 0, stif=0.925
j:4, 2
n:j=0, d=|:r=0.962
n:d=*
",8.439777019368192e-07,feasible,22
15,0,47,"//0
p:0.942, -0.243, -0.276, fr=0.876
p:0.6625986820300314, -0.015383083859376201, -1.8945432421686283, fr=0.012
p:0.225, -0.057, -1.19
p:-0.9682642335694838, -0.4605718718093651, -0.8262300233016763, fr=0.389
p:-0.6821630606228193, 1.3494324501660115, -2.284624586130546, fr=0.178
j:0, 3, stif=0.903
j:1, 3
j:2, 0, stif=0.925
j:4, 2
n:j=0, d=|:r=0.962
n:d=*
",0.007559714533592542,"//0
p:0.942, -0.243, -0.276, fr=0.876
p:0.6625986820300314, -0.015383083859376201, -1.8945432421686283, fr=0.012
p:0.225, -0.057, -1.19
p:-0.9682642335694838, -0.4605718718093651, -0.8262300233016763, fr=0.389
p:-0.6821630606228193, 1.3494324501660115, -2.284624586130546, fr=0.178
p:0.384, 0.811, -1.183
j:0, 3, stif=0.903
j:1, 3
j:2, 0, stif=0.925
j:4, 2
j:5, 4
n:j=0, d=|:r=0.962
n:d=*
",0.000390272028443445,feasible,22
15,0,47,"//0
p:0.942, -0.243, -0.276, fr=0.876
p:0.6625986820300314, -0.015383083859376201, -1.8945432421686283, fr=0.012
p:0.225, -0.057, -1.19
p:-0.9682642335694838, -0.4605718718093651, -0.8262300233016763, fr=0.389
p:-0.6821630606228193, 1.3494324501660115, -2.284624586130546, fr=0.178
j:0, 3, stif=0.903
j:1, 3
j:2, 0, stif=0.925
j:4, 2
n:j=0, d=|:r=0.962
n:d=*
",0.007559714533592542,"//0
p:0.942, -0.243, -0.276, fr=0.876
p:0.6625986820300314, -0.015383083859376201, -1.8945432421686283, fr=0.012
p:0.225, -0.057, -1.19
p:-0.9682642335694838, -0.4605718718093651, -0.8262300233016763, fr=0.389
p:-0.6821630606228193, 1.3494324501660115, -2.284624586130546, fr=0.178
j:0, 1, stif=0.903
j:3, 1
j:2, 0, stif=0.925
j:4, 2
n:j=0, d=|:r=0.962
n:d=*
",2.493146870517674e-07,feasible,22
15,0,47,"//0
p:0.942, -0.243, -0.276, fr=0.876
p:0.6625986820300314, -0.015383083859376201, -1.8945432421686283, fr=0.012
p:0.225, -0.057, -1.19
p:-0.9682642335694838, -0.4605718718093651, -0.8262300233016763, fr=0.389
p:-0.6821630606228193, 1.3494324501660115, -2.284624586130546, fr=0.178
j:0, 3, stif=0.903
j:1, 3
j:2, 0, stif=0.925
j:4, 2
n:j=0, d=|:r=0.962
n:d=*
",0.007559714533592542,"//0
p:0.942, -0.243, -0.276, fr=0.876
p:0.6625986820300314, -0.015383083859376201, -1.8945432421686283, fr=0.012
p:0.225, -0.057, -1.19
p:-0.9682642335694838, -0.4605718718093651, -0.8262300233016763, fr=0.389
p:-0.6821630606228193, 1.3494324501660115, -2.284624586130546, fr=0.178
j:0, 3, stif=0.903
j:1, 3
j:2, 0, stif=0.925, rotstif=0.995
j:4, 2
n:j=0, d=|:r=0.962
n:d=*
",0.007559714533592542,feasible,22
15,0,47,"//0
p:0.942, -0.243, -0.276, fr=0.876
p:0.6625986820300314, -0.015383083859376201, -1.8945432421686283, fr=0.012
p:0.225, -0.057, -1.19
p:-0.9682642335694838, -0.4605718718093651, -0.8262300233016763, fr=0.389
p:-0.6821630606228193, 1.3494324501660115, -2.284624586130546, fr=0.178
j:0, 3, stif=0.903
j:1, 3
j:2, 0, stif=0.925
j:4, 2
n:j=0, d=|:r=0.962
n:d=*
",0.007559714533592542,"//0
p:0.942, -0.243, -0.276, fr=0.876
p:0.6625986820300314, -0.015383083859376201, -1.8945432421686283, fr=0.012
p:0.225, -0.057, -1.19
p:-0.9682642335694838, -0.4605718718093651, -0.8262300233016763, fr=0.389
p:-0.6821630606228193, 1.3494324501660115, -2.284624586130546, fr=0.178
j:0, 3, stif=0.793
j:1, 3
j:2, 0, stif=0.925
j:4, 2
n:j=0, d=|:r=0.962
n:d=*
",0.006874919485329247,feasible,22
15,0,47,"//0
p:0.942, -0.243, -0.276, fr=0.876
p:0.6625986820300314, -0.015383083859376201, -1.8945432421686283, fr=0.012
p:0.225, -0.057, -1.19
p:-0.9682642335694838, -0.4605718718093651, -0.8262300233016763, fr=0.389
p:-0.6821630606228193, 1.3494324501660115, -2.284624586130546, fr=0.178
j:0, 3, stif=0.903
j:1, 3
j:2, 0, stif=0.925
j:4, 2
n:j=0, d=|:r=0.962
n:d=*
",0.007559714533592542,"//0
p:0.942, -0.243, -0.276, fr=0.876
p:0.6625986820300314, -0.015383083859376201, -1.8945432421686283, fr=0.012, ing=0.447
p:0.225, -0.057, -1.19
p:-0.9682642335694838, -0.4605718718093651, -0.8262300233016763, fr=0.389
p:-0.6821630606228193, 1.3494324501660115, -2.284624586130546, fr=0.178
j:0, 3, stif=0.903
j:1, 3
j:2, 0, stif=0.925
j:4, 2
n:j=0, d=|:r=0.962
n:d=*
",0.007559714533592542,feasible,22
15,0,47,"//0
p:0.942, -0.243, -0.276, fr=0.876
p:0.6625986820300314, -0.015383083859376201, -1.8945432421686283, fr=0.012
p:0.225, -0.057, -1.19
p:-0.9682642335694838, -0.4605718718093651, -0.8262300233016763, fr=0.389
p:-0.6821630606228193, 1.3494324501660115, -2.284624586130546, fr=0.178
j:0, 3, stif=0.903
j:1, 3
j:2, 0, stif=0.925
j:4, 2
n:j=0, d=|:r=0.962
n:d=*
",0.007559714533592542,"//0
p:0.942, -0.243, -0.276, fr=0.876
p:0.6625986820300314, -0.015383083859376201, -1.8945432421686283, fr=0.012
p:0.225, -0.057, -1.19
p:-0.9682642335694838, -0.4605718718093651, -0.8262300233016763, fr=0.389
p:-0.6821630606228193, 1.3494324501660115, -2.284624586130546, fr=0.178
j:0, 3, stif=0.903
j:1, 3
j:2, 0, stif=0.925, rotstif=0.817
j:4, 2
n:j=0, d=|:r=0.962
n:d=*
",0.007559714533592542,feasible,22
15,0,47,"//0
p:0.942, -0.243, -0.276, fr=0.876
p:0.6625986820300314, -0.015383083859376201, -1.8945432421686283, fr=0.012
p:0.225, -0.057, -1.19
p:-0.9682642335694838, -0.4605718718093651, -0.8262300233016763, fr=0.389
p:-0.6821630606228193, 1.3494324501660115, -2.284624586130546, fr=0.178
j:0, 3, stif=0.903
j:1, 3
j:2, 0, stif=0.925
j:4, 2
n:j=0, d=|:r=0.962
n:d=*
",0.007559714533592542,"//0
p:0.942, -0.243, -0.276, fr=0.876
p:0.6625986820300314, -0.015383083859376201, -1.8945432421686283, fr=0.012
p:0.225, -0.057, -1.19
p:-0.9582611337739149, -0.38825556310523124, -0.8818947803499028, fr=0.389
p:-0.6821630606228193, 1.3494324501660115, -2.284624586130546, fr=0.178
j:0, 3, stif=0.903
j:1, 3
j:2, 0, stif=0.925
j:4, 2
n:j=0, d=|:r=0.962
n:d=*
",0.005823350647743154,feasible,22
15,0,47,"//0
p:0.942, -0.243, -0.276, fr=0.876
p:0.6625986820300314, -0.015383083859376201, -1.8945432421686283, fr=0.012
p:0.225, -0.057, -1.19
p:-0.9682642335694838, -0.4605718718093651, -0.8262300233016763, fr=0.389
p:-0.6821630606228193, 1.3494324501660115, -2.284624586130546, fr=0.178
j:0, 3, stif=0.903
j:1, 3
j:2, 0, stif=0.925
j:4, 2
n:j=0, d=|:r=0.962
n:d=*
",0.007559714533592542,"//0
p:0.942, -0.243, -0.276, fr=0.876
p:0.6625986820300314, -0.015383083859376201, -1.8945432421686283, fr=0.012
p:0.225, -0.057, -1.19, ing=0.18
p:-0.9682642335694838, -0.4605718718093651, -0.8262300233016763, fr=0.389
p:-0.6821630606228193, 1.3494324501660115, -2.284624586130546, fr=0.178
j:0, 3, stif=0.903
j:1, 3
j:2, 0, stif=0.925
j:4, 2
n:j=0, d=|:r=0.962
n:d=*
",0.007559714533592542,feasible,22
15,0,47,"//0
p:0.942, -0.243, -0.276, fr=0.876
p:0.6625986820300314, -0.015383083859376201, -1.8945432421686283, fr=0.012
p:0.225, -0.057, -1.19
p:-0.9682642335694838, -0.4605718718093651, -0.8262300233016763, fr=0.389
p:-0.6821630606228193, 1.3494324501660115, -2.284624586130546, fr=0.178
j:0, 3, stif=0.903
j:1, 3
j:2, 0, stif=0.925
j:4, 2
n:j=0, d=|:r=0.962
n:d=*
",0.007559714533592542,"//0
p:0.837, -0.232, -0.254, fr=0.876
p:0.6625986820300314, -0.015383083859376201, -1.8945432421686283, fr=0.012
p:0.225, -0.057, -1.19
p:-0.9682642335694838, -0.4605718718093651, -0.8262300233016763, fr=0.389
p:-0.6821630606228193, 1.3494324501660115, -2.284624586130546, fr=0.178
j:0, 3, stif=0.903
j:1, 3
j:2, 0, stif=0.925
j:4, 2
n:j=0, d=|:r=0.962
n:d=*
",0.00592980117548027,feasible,22
15,0,47,"//0
p:0.942, -0.243, -0.276, fr=0.876
p:0.6625986820300314, -0.015383083859376201, -1.8945432421686283, fr=0.012
p:0.225, -0.057, -1.19
p:-0.9682642335694838, -0.4605718718093651, -0.8262300233016763, fr=0.389
p:-0.6821630606228193, 1.3494324501660115, -2.284624586130546, fr=0.178
j:0, 3, stif=0.903
j:1, 3
j:2, 0, stif=0.925
j:4, 2
n:j=0, d=|:r=0.962
n:d=*
",0.007559714533592542,"//0
p:0.942, -0.243, -0.276, fr=0.876
p:0.6625986820300314, -0.015383083859376201, -1.8945432421686283, fr=0.012
p:0.225, -0.057, -1.19
p:-0.9682642335694838, -0.4605718718093651, -0.8262300233016763, fr=0.389
p:-0.6821630606228193, 1.3494324501660115, -2.284624586130546, fr=0.178
j:0, 3, stif=0.903
j:1, 3
j:2, 0, stif=0.925
j:4, 2
n:j=0, d=""|:p=0.199, r=0.962""
n:d=*
",0.001942502444164064,feasible,22
