run,genetic_format,iteration,sample_index,genotype,fitness,parent_genotype
28,H,0,0,"//H
3
j:",0.0,
28,H,3,1,"//H
3
j:y1=0.329
j:-0.9132737307809293, -0.5797953228466213, -0.3783065271563828, -0.9315263531170785, 0.3318778886459768, 0.3346595368348062, rotstif=0.933
j:-0.3245047046802938, -0.7827173471450806, 0.6623983108438551, 0.7614813218824565, -0.8011379591189325, -0.9145923191681504, rotstif=0.995
",3.800484011713069e-15,"//H
3
j:"
28,H,1,2,"//H
3
j:y1=0.329
j:-0.9132737307809293, -0.5797953228466213, -0.3783065271563828, -0.9315263531170785, 0.3318778886459768, 0.3346595368348062, rotstif=0.933
j:-0.3245047046802938, -0.7827173471450806, 0.6623983108438551, 0.7614813218824565, -0.8011379591189325, -0.9145923191681504, rotstif=0.995
j:-0.869728229008615, 0.3435910604894161, -0.7204349720850587, 0.9794652466662228, -0.5305099566467106, 0.22224077582359314, fr=0.239
",3.9396928628840416e-07,"//H
3
j:y1=0.329
j:-0.9132737307809293, -0.5797953228466213, -0.3783065271563828, -0.9315263531170785, 0.3318778886459768, 0.3346595368348062, rotstif=0.933
j:-0.3245047046802938, -0.7827173471450806, 0.6623983108438551, 0.7614813218824565, -0.8011379591189325, -0.9145923191681504, rotstif=0.995
"
28,H,2,3,"//H
3
j:y1=0.329, fr=0.181
j:-0.9132737307809293, -0.5797953228466213, -0.3783065271563828, -0.9315263531170785, 0.3318778886459768, 0.3346595368348062, rotstif=0.933
j:-0.3245047046802938, -0.7827173471450806, 0.6623983108438551, 0.7614813218824565, -0.8011379591189325, -0.9145923191681504, rotstif=0.995
j:-0.869728229008615, 0.3435910604894161, -0.7204349720850587, 0.9794652466662228, -0.5305099566467106, 0.22224077582359314, fr=0.239
",4.3345409495854445e-07,"//H
3
j:y1=0.329
j:-0.9132737307809293, -0.5797953228466213, -0.3783065271563828, -0.9315263531170785, 0.3318778886459768, 0.3346595368348062, rotstif=0.933
j:-0.3245047046802938, -0.7827173471450806, 0.6623983108438551, 0.7614813218824565, -0.8011379591189325, -0.9145923191681504, rotstif=0.995
j:-0.869728229008615, 0.3435910604894161, -0.7204349720850587, 0.9794652466662228, -0.5305099566467106, 0.22224077582359314, fr=0.239
"
28,H,3,4,"//H
3
j:y1=0.435, fr=0.181
j:-0.9132737307809293, -0.5797953228466213, -0.3783065271563828, -0.9315263531170785, 0.3318778886459768, 0.3346595368348062, rotstif=0.933
j:-0.3245047046802938, -0.7827173471450806, 0.6623983108438551, 0.7614813218824565, -0.8011379591189325, -0.9145923191681504, rotstif=0.995
j:-0.869728229008615, 0.3435910604894161, -0.7204349720850587, 0.9794652466662228, -0.5305099566467106, 0.22224077582359314, fr=0.239
",4.3345409495854445e-07,"//H
3
j:y1=0.329, fr=0.181
j:-0.9132737307809293, -0.5797953228466213, -0.3783065271563828, -0.9315263531170785, 0.3318778886459768, 0.3346595368348062, rotstif=0.933
j:-0.3245047046802938, -0.7827173471450806, 0.6623983108438551, 0.7614813218824565, -0.8011379591189325, -0.9145923191681504, rotstif=0.995
j:-0.869728229008615, 0.3435910604894161, -0.7204349720850587, 0.9794652466662228, -0.5305099566467106, 0.22224077582359314, fr=0.239
"
28,H,4,5,"//H
3
j:y1=0.329, fr=0.181
j:-0.9132737307809293, -0.5797953228466213, -0.3783065271563828, -0.9315263531170785, 0.3318778886459768, 0.3346595368348062, rotstif=0.933
j:-0.3245047046802938, -0.7827173471450806, 0.6623983108438551, 0.7614813218824565, -0.8011379591189325, -0.9145923191681504, rotstif=0.995
j:-0.869728229008615, 0.3435910604894161, -0.7204349720850587, 0.9794652466662228, -0.5305099566467106, 0.22224077582359314, fr=0.239
j:0.20091322576627135, -0.2895826636813581, -0.7306126859039068, -0.42008577240630984, 0.6021321848966181, -0.01514106709510088, fr=0.123
",8.584558242768756e-07,"//H
3
j:y1=0.329, fr=0.181
j:-0.9132737307809293, -0.5797953228466213, -0.3783065271563828, -0.9315263531170785, 0.3318778886459768, 0.3346595368348062, rotstif=0.933
j:-0.3245047046802938, -0.7827173471450806, 0.6623983108438551, 0.7614813218824565, -0.8011379591189325, -0.9145923191681504, rotstif=0.995
j:-0.869728229008615, 0.3435910604894161, -0.7204349720850587, 0.9794652466662228, -0.5305099566467106, 0.22224077582359314, fr=0.239
"
28,H,5,6,"//H
3
j:y1=0.329, fr=0.181
j:-0.9132737307809293, -0.5797953228466213, -0.3783065271563828, -0.9315263531170785, 0.3318778886459768, 0.3346595368348062, rotstif=0.933
j:-0.3245047046802938, -0.7827173471450806, 0.6623983108438551, 0.7614813218824565, -0.8011379591189325, -0.9145923191681504, rotstif=0.995
j:-0.869728229008615, 0.3435910604894161, -0.7204349720850587, 0.9794652466662228, -0.5305099566467106, 0.22224077582359314, fr=0.391
j:0.20091322576627135, -0.2895826636813581, -0.7306126859039068, -0.42008577240630984, 0.6021321848966181, -0.01514106709510088, fr=0.123
",8.985330890415663e-07,"//H
3
j:y1=0.329, fr=0.181
j:-0.9132737307809293, -0.5797953228466213, -0.3783065271563828, -0.9315263531170785, 0.3318778886459768, 0.3346595368348062, rotstif=0.933
j:-0.3245047046802938, -0.7827173471450806, 0.6623983108438551, 0.7614813218824565, -0.8011379591189325, -0.9145923191681504, rotstif=0.995
j:-0.869728229008615, 0.3435910604894161, -0.7204349720850587, 0.9794652466662228, -0.5305099566467106, 0.22224077582359314, fr=0.239
j:0.20091322576627135, -0.2895826636813581, -0.7306126859039068, -0.42008577240630984, 0.6021321848966181, -0.01514106709510088, fr=0.123
"
28,H,6,7,"//H
3
j:y1=0.329, fr=0.181
j:-0.9132737307809293, -0.5797953228466213, -0.3783065271563828, -0.9315263531170785, 0.3318778886459768, 0.3346595368348062, rotstif=0.933
j:-0.3245047046802938, -0.7827173471450806, 0.6623983108438551, 0.7614813218824565, -0.8011379591189325, -0.9145923191681504, rotstif=0.995
j:-0.869728229008615, 0.3435910604894161, -0.7204349720850587, 0.9794652466662228, -0.5305099566467106, 0.22224077582359314, fr=0.262
j:0.20091322576627135, -0.2895826636813581, -0.7306126859039068, -0.42008577240630984, 0.6021321848966181, -0.01514106709510088, fr=0.123
",9.157687647285454e-07,"//H
3
j:y1=0.329, fr=0.181
j:-0.9132737307809293, -0.5797953228466213, -0.3783065271563828, -0.9315263531170785, 0.3318778886459768, 0.3346595368348062, rotstif=0.933
j:-0.3245047046802938, -0.7827173471450806, 0.6623983108438551, 0.7614813218824565, -0.8011379591189325, -0.9145923191681504, rotstif=0.995
j:-0.869728229008615, 0.3435910604894161, -0.7204349720850587, 0.9794652466662228, -0.5305099566467106, 0.22224077582359314, fr=0.391
j:0.20091322576627135, -0.2895826636813581, -0.7306126859039068, -0.42008577240630984, 0.6021321848966181, -0.01514106709510088, fr=0.123
"
28,H,7,8,"//H
3
j:y1=0.329, fr=0.181
j:-0.9132737307809293, -0.5797953228466213, -0.3783065271563828, -0.9315263531170785, 0.3318778886459768, 0.3346595368348062, rotstif=0.933
j:-0.3245047046802938, -0.919, 0.6623983108438551, 0.7614813218824565, -0.8011379591189325, -0.9145923191681504, rotstif=0.995
j:-0.869728229008615, 0.3435910604894161, -0.7204349720850587, 0.9794652466662228, -0.5305099566467106, 0.22224077582359314, fr=0.262
j:0.20091322576627135, -0.2895826636813581, -0.7306126859039068, -0.42008577240630984, 0.6021321848966181, -0.01514106709510088, fr=0.123
",9.157687647285454e-07,"//H
3
j:y1=0.329, fr=0.181
j:-0.9132737307809293, -0.5797953228466213, -0.3783065271563828, -0.9315263531170785, 0.3318778886459768, 0.3346595368348062, rotstif=0.933
j:-0.3245047046802938, -0.7827173471450806, 0.6623983108438551, 0.7614813218824565, -0.8011379591189325, -0.9145923191681504, rotstif=0.995
j:-0.869728229008615, 0.3435910604894161, -0.7204349720850587, 0.9794652466662228, -0.5305099566467106, 0.22224077582359314, fr=0.262
j:0.20091322576627135, -0.2895826636813581, -0.7306126859039068, -0.42008577240630984, 0.6021321848966181, -0.01514106709510088, fr=0.123
"
28,H,8,9,"//H
3
j:y1=0.329, fr=0.181
j:-0.9132737307809293, -0.5797953228466213, -0.3783065271563828, -0.9315263531170785, 0.3318778886459768, 0.3346595368348062, rotstif=0.933
j:-0.3245047046802938, -0.7827173471450806, 0.6623983108438551, 0.7614813218824565, -0.8011379591189325, -0.9145923191681504, rotstif=0.995
j:-0.869728229008615, 0.3435910604894161, -0.7204349720850587, 0.9794652466662228, -0.5305099566467106, 0.22224077582359314, fr=0.262
j:0.20091322576627135, -0.2895826636813581, -0.7306126859039068, -0.42008577240630984, 0.6021321848966181, -0.01514106709510088, fr=0.123
c:-0.3095744918100536, -0.7656820607371628, -0.7841086108237505, 0.16417800728231668, 0.15175481047481298, -0.6510374816134572, -0.087
",9.157687647285454e-07,"//H
3
j:y1=0.329, fr=0.181
j:-0.9132737307809293, -0.5797953228466213, -0.3783065271563828, -0.9315263531170785, 0.3318778886459768, 0.3346595368348062, rotstif=0.933
j:-0.3245047046802938, -0.7827173471450806, 0.6623983108438551, 0.7614813218824565, -0.8011379591189325, -0.9145923191681504, rotstif=0.995
j:-0.869728229008615, 0.3435910604894161, -0.7204349720850587, 0.9794652466662228, -0.5305099566467106, 0.22224077582359314, fr=0.262
j:0.20091322576627135, -0.2895826636813581, -0.7306126859039068, -0.42008577240630984, 0.6021321848966181, -0.01514106709510088, fr=0.123
"
28,H,9,10,"//H
3
j:y1=0.329, fr=0.181
j:-0.9132737307809293, -0.5797953228466213, -0.3783065271563828, -0.9315263531170785, 0.3318778886459768, 0.3346595368348062, fr=0.393, rotstif=0.933
j:-0.3245047046802938, -0.7827173471450806, 0.6623983108438551, 0.7614813218824565, -0.8011379591189325, -0.9145923191681504, rotstif=0.995
j:-0.869728229008615, 0.3435910604894161, -0.7204349720850587, 0.9794652466662228, -0.5305099566467106, 0.22224077582359314, fr=0.262
j:0.20091322576627135, -0.2895826636813581, -0.7306126859039068, -0.42008577240630984, 0.6021321848966181, -0.01514106709510088, fr=0.123
",9.157922843009356e-07,"//H
3
j:y1=0.329, fr=0.181
j:-0.9132737307809293, -0.5797953228466213, -0.3783065271563828, -0.9315263531170785, 0.3318778886459768, 0.3346595368348062, rotstif=0.933
j:-0.3245047046802938, -0.7827173471450806, 0.6623983108438551, 0.7614813218824565, -0.8011379591189325, -0.9145923191681504, rotstif=0.995
j:-0.869728229008615, 0.3435910604894161, -0.7204349720850587, 0.9794652466662228, -0.5305099566467106, 0.22224077582359314, fr=0.262
j:0.20091322576627135, -0.2895826636813581, -0.7306126859039068, -0.42008577240630984, 0.6021321848966181, -0.01514106709510088, fr=0.123
"
28,H,10,11,"//H
3
j:y1=0.329, fr=0.181
j:-0.9132737307809293, -0.5797953228466213, -0.3783065271563828, -0.9315263531170785, 0.3318778886459768, 0.3346595368348062, fr=0.393, rotstif=0.933
j:-0.3245047046802938, -0.7827173471450806, 0.6623983108438551, 0.7614813218824565, -0.8011379591189325, -0.9145923191681504, rotstif=0.995
j:-0.869728229008615, 0.3435910604894161, -0.7204349720850587, 0.9794652466662228, -0.5305099566467106, 0.22224077582359314, fr=0.262
j:0.20091322576627135, -0.2895826636813581, -0.7306126859039068, -0.42008577240630984, 0.6021321848966181, -0.01514106709510088, fr=0.123, l=0.994
",9.558085375773133e-07,"//H
3
j:y1=0.329, fr=0.181
j:-0.9132737307809293, -0.5797953228466213, -0.3783065271563828, -0.9315263531170785, 0.3318778886459768, 0.3346595368348062, fr=0.393, rotstif=0.933
j:-0.3245047046802938, -0.7827173471450806, 0.6623983108438551, 0.7614813218824565, -0.8011379591189325, -0.9145923191681504, rotstif=0.995
j:-0.869728229008615, 0.3435910604894161, -0.7204349720850587, 0.9794652466662228, -0.5305099566467106, 0.22224077582359314, fr=0.262
j:0.20091322576627135, -0.2895826636813581, -0.7306126859039068, -0.42008577240630984, 0.6021321848966181, -0.01514106709510088, fr=0.123
"
28,H,11,12,"//H
3
j:y1=0.329, fr=0.181
j:-0.9132737307809293, -0.5797953228466213, -0.3783065271563828, -0.9315263531170785, 0.3318778886459768, 0.3346595368348062, fr=0.393, rotstif=0.933
j:-0.3245047046802938, -0.7827173471450806, 0.6623983108438551, 0.7614813218824565, -0.8011379591189325, -0.9145923191681504, rotstif=0.995
j:-0.869728229008615, 0.3435910604894161, -0.7204349720850587, 0.9794652466662228, -0.5305099566467106, 0.22224077582359314, fr=0.262
j:0.20091322576627135, -0.2895826636813581, -0.7306126859039068, -0.42008577240630984, 0.6021321848966181, -0.01514106709510088, fr=0.123, l=0.994
n:0.8326867115683854, 0.19265447556972504, 0.5097487242892385, 0.5566960596479475, -0.33610978489741683, -0.3864453216083348, d=@:p=0.983
",9.558085375775532e-07,"//H
3
j:y1=0.329, fr=0.181
j:-0.9132737307809293, -0.5797953228466213, -0.3783065271563828, -0.9315263531170785, 0.3318778886459768, 0.3346595368348062, fr=0.393, rotstif=0.933
j:-0.3245047046802938, -0.7827173471450806, 0.6623983108438551, 0.7614813218824565, -0.8011379591189325, -0.9145923191681504, rotstif=0.995
j:-0.869728229008615, 0.3435910604894161, -0.7204349720850587, 0.9794652466662228, -0.5305099566467106, 0.22224077582359314, fr=0.262
j:0.20091322576627135, -0.2895826636813581, -0.7306126859039068, -0.42008577240630984, 0.6021321848966181, -0.01514106709510088, fr=0.123, l=0.994
"
28,H,12,13,"//H
3
j:y1=0.329, fr=0.181
j:-0.9132737307809293, -0.5797953228466213, -0.3783065271563828, -0.9315263531170785, 0.3318778886459768, 0.3346595368348062, fr=0.393, rotstif=0.933
j:-0.3245047046802938, -0.7827173471450806, 0.6623983108438551, 0.7614813218824565, -0.8011379591189325, -0.9145923191681504, rotstif=0.995
j:-0.869728229008615, 0.3435910604894161, -0.7204349720850587, 0.9794652466662228, -0.5305099566467106, 0.22224077582359314, fr=0.262
j:0.20091322576627135, -0.2895826636813581, -0.7306126859039068, -0.42008577240630984, 0.6021321848966181, -0.01514106709510088, fr=0.123, l=0.994
n:0.8326867115683854, 0.19265447556972504, 0.5097487242892385, 0.5566960596479475, -0.33610978489741683, -0.3864453216083348, d=@:p=0.983
n:-0.8733414323069155, -0.21950699342414737, 0.29932392900809646, -0.9474509130232036, -0.19352864986285567, -0.6198870590887964, d=|:r=0.932
",1.218205180658997e-06,"//H
3
j:y1=0.329, fr=0.181
j:-0.9132737307809293, -0.5797953228466213, -0.3783065271563828, -0.9315263531170785, 0.3318778886459768, 0.3346595368348062, fr=0.393, rotstif=0.933
j:-0.3245047046802938, -0.7827173471450806, 0.6623983108438551, 0.7614813218824565, -0.8011379591189325, -0.9145923191681504, rotstif=0.995
j:-0.869728229008615, 0.3435910604894161, -0.7204349720850587, 0.9794652466662228, -0.5305099566467106, 0.22224077582359314, fr=0.262
j:0.20091322576627135, -0.2895826636813581, -0.7306126859039068, -0.42008577240630984, 0.6021321848966181, -0.01514106709510088, fr=0.123, l=0.994
n:0.8326867115683854, 0.19265447556972504, 0.5097487242892385, 0.5566960596479475, -0.33610978489741683, -0.3864453216083348, d=@:p=0.983
"
28,H,13,14,"//H
3
j:x1=0.03, y1=0.329, fr=0.181
j:-0.9132737307809293, -0.5797953228466213, -0.3783065271563828, -0.9315263531170785, 0.3318778886459768, 0.3346595368348062, fr=0.393, rotstif=0.933
j:-0.3245047046802938, -0.7827173471450806, 0.6623983108438551, 0.7614813218824565, -0.8011379591189325, -0.9145923191681504, rotstif=0.995
j:-0.869728229008615, 0.3435910604894161, -0.7204349720850587, 0.9794652466662228, -0.5305099566467106, 0.22224077582359314, fr=0.262
j:0.20091322576627135, -0.2895826636813581, -0.7306126859039068, -0.42008577240630984, 0.6021321848966181, -0.01514106709510088, fr=0.123, l=0.994
n:0.8326867115683854, 0.19265447556972504, 0.5097487242892385, 0.5566960596479475, -0.33610978489741683, -0.3864453216083348, d=@:p=0.983
n:-0.8733414323069155, -0.21950699342414737, 0.29932392900809646, -0.9474509130232036, -0.19352864986285567, -0.6198870590887964, d=|:r=0.932
",1.218205180658997e-06,"//H
3
j:y1=0.329, fr=0.181
j:-0.9132737307809293, -0.5797953228466213, -0.3783065271563828, -0.9315263531170785, 0.3318778886459768, 0.3346595368348062, fr=0.393, rotstif=0.933
j:-0.3245047046802938, -0.7827173471450806, 0.6623983108438551, 0.7614813218824565, -0.8011379591189325, -0.9145923191681504, rotstif=0.995
j:-0.869728229008615, 0.3435910604894161, -0.7204349720850587, 0.9794652466662228, -0.5305099566467106, 0.22224077582359314, fr=0.262
j:0.20091322576627135, -0.2895826636813581, -0.7306126859039068, -0.42008577240630984, 0.6021321848966181, -0.01514106709510088, fr=0.123, l=0.994
n:0.8326867115683854, 0.19265447556972504, 0.5097487242892385, 0.5566960596479475, -0.33610978489741683, -0.3864453216083348, d=@:p=0.983
n:-0.8733414323069155, -0.21950699342414737, 0.29932392900809646, -0.9474509130232036, -0.19352864986285567, -0.6198870590887964, d=|:r=0.932
"
28,H,14,15,"//H
3
j:y1=0.329, fr=0.181
j:-0.9132737307809293, -0.5797953228466213, -0.3783065271563828, -0.9315263531170785, 0.3318778886459768, 0.3346595368348062, fr=0.393, rotstif=0.933
j:-0.3245047046802938, -0.7827173471450806, 0.6623983108438551, 0.7614813218824565, -0.8011379591189325, -0.9145923191681504, rotstif=0.995
j:-0.869728229008615, 0.3435910604894161, -0.7204349720850587, 0.9794652466662228, -0.5305099566467106, 0.22224077582359314, fr=0.262
j:0.20091322576627135, -0.2895826636813581, -0.7306126859039068, -0.42008577240630984, 0.6021321848966181, -0.01514106709510088, fr=0.123, l=0.994
n:0.8326867115683854, 0.19265447556972504, 0.5097487242892385, 0.5566960596479475, -0.33610978489741683, -0.3864453216083348, d=@:p=0.983
n:-0.8733414323069155, -0.21950699342414737, 0.29932392900809646, -0.9474509130232036, -0.19352864986285567, -0.6198870590887964, d=|:r=0.932
c:0.9825712274760008, -0.36935287853702903, -0.7601319192908704, -0.6329554547555745, 0.2506548250094056, 0.9365484775044024, 1.139
",1.218205180658997e-06,"//H
3
j:y1=0.329, fr=0.181
j:-0.9132737307809293, -0.5797953228466213, -0.3783065271563828, -0.9315263531170785, 0.3318778886459768, 0.3346595368348062, fr=0.393, rotstif=0.933
j:-0.3245047046802938, -0.7827173471450806, 0.6623983108438551, 0.7614813218824565, -0.8011379591189325, -0.9145923191681504, rotstif=0.995
j:-0.869728229008615, 0.3435910604894161, -0.7204349720850587, 0.9794652466662228, -0.5305099566467106, 0.22224077582359314, fr=0.262
j:0.20091322576627135, -0.2895826636813581, -0.7306126859039068, -0.42008577240630984, 0.6021321848966181, -0.01514106709510088, fr=0.123, l=0.994
n:0.8326867115683854, 0.19265447556972504, 0.5097487242892385, 0.5566960596479475, -0.33610978489741683, -0.3864453216083348, d=@:p=0.983
n:-0.8733414323069155, -0.21950699342414737, 0.29932392900809646, -0.9474509130232036, -0.19352864986285567, -0.6198870590887964, d=|:r=0.932
"
28,H,15,16,"//H
3
j:y1=0.329, fr=0.181
j:-0.9132737307809293, -0.5797953228466213, -0.3783065271563828, -0.9315263531170785, 0.3318778886459768, 0.3346595368348062, fr=0.393, rotstif=0.933
j:-0.3245047046802938, -0.7827173471450806, 0.6623983108438551, 0.7614813218824565, -0.8011379591189325, -0.9145923191681504, rotstif=0.995
j:-0.869728229008615, 0.3435910604894161, -0.7204349720850587, 0.9794652466662228, -0.5305099566467106, 0.22224077582359314, fr=0.262
j:0.20091322576627135, -0.2895826636813581, -0.7306126859039068, -0.42008577240630984, 0.6021321848966181, -0.01514106709510088, fr=0.172, l=0.994
n:0.8326867115683854, 0.19265447556972504, 0.5097487242892385, 0.5566960596479475, -0.33610978489741683, -0.3864453216083348, d=@:p=0.983
n:-0.8733414323069155, -0.21950699342414737, 0.29932392900809646, -0.9474509130232036, -0.19352864986285567, -0.6198870590887964, d=|:r=0.932
",1.2800934086105717e-06,"//H
3
j:y1=0.329, fr=0.181
j:-0.9132737307809293, -0.5797953228466213, -0.3783065271563828, -0.9315263531170785, 0.3318778886459768, 0.3346595368348062, fr=0.393, rotstif=0.933
j:-0.3245047046802938, -0.7827173471450806, 0.6623983108438551, 0.7614813218824565, -0.8011379591189325, -0.9145923191681504, rotstif=0.995
j:-0.869728229008615, 0.3435910604894161, -0.7204349720850587, 0.9794652466662228, -0.5305099566467106, 0.22224077582359314, fr=0.262
j:0.20091322576627135, -0.2895826636813581, -0.7306126859039068, -0.42008577240630984, 0.6021321848966181, -0.01514106709510088, fr=0.123, l=0.994
n:0.8326867115683854, 0.19265447556972504, 0.5097487242892385, 0.5566960596479475, -0.33610978489741683, -0.3864453216083348, d=@:p=0.983
n:-0.8733414323069155, -0.21950699342414737, 0.29932392900809646, -0.9474509130232036, -0.19352864986285567, -0.6198870590887964, d=|:r=0.932
"
28,H,16,17,"//H
3
j:y1=0.329, fr=0.181
j:-0.9132737307809293, -0.5797953228466213, -0.3783065271563828, -0.9315263531170785, 0.3318778886459768, 0.3346595368348062, fr=0.393, rotstif=0.933
j:-0.3245047046802938, -0.7827173471450806, 0.6623983108438551, 0.7614813218824565, -0.8011379591189325, -0.9145923191681504, rotstif=0.995
j:-0.869728229008615, 0.3435910604894161, -0.7204349720850587, 0.9794652466662228, -0.5305099566467106, 0.22224077582359314, fr=0.272
j:0.20091322576627135, -0.2895826636813581, -0.7306126859039068, -0.42008577240630984, 0.6021321848966181, -0.01514106709510088, fr=0.172, l=0.994
n:0.8326867115683854, 0.19265447556972504, 0.5097487242892385, 0.5566960596479475, -0.33610978489741683, -0.3864453216083348, d=@:p=0.983
n:-0.8733414323069155, -0.21950699342414737, 0.29932392900809646, -0.9474509130232036, -0.19352864986285567, -0.6198870590887964, d=|:r=0.932
",1.3294052488442033e-06,"//H
3
j:y1=0.329, fr=0.181
j:-0.9132737307809293, -0.5797953228466213, -0.3783065271563828, -0.9315263531170785, 0.3318778886459768, 0.3346595368348062, fr=0.393, rotstif=0.933
j:-0.3245047046802938, -0.7827173471450806, 0.6623983108438551, 0.7614813218824565, -0.8011379591189325, -0.9145923191681504, rotstif=0.995
j:-0.869728229008615, 0.3435910604894161, -0.7204349720850587, 0.9794652466662228, -0.5305099566467106, 0.22224077582359314, fr=0.262
j:0.20091322576627135, -0.2895826636813581, -0.7306126859039068, -0.42008577240630984, 0.6021321848966181, -0.01514106709510088, fr=0.172, l=0.994
n:0.8326867115683854, 0.19265447556972504, 0.5097487242892385, 0.5566960596479475, -0.33610978489741683, -0.3864453216083348, d=@:p=0.983
n:-0.8733414323069155, -0.21950699342414737, 0.29932392900809646, -0.9474509130232036, -0.19352864986285567, -0.6198870590887964, d=|:r=0.932
"
28,H,17,18,"//H
3
j:y1=0.329, fr=0.181
j:-0.9132737307809293, -0.5797953228466213, -0.3783065271563828, -0.9315263531170785, 0.3318778886459768, 0.3346595368348062, fr=0.393, rotstif=0.933
j:-0.3245047046802938, -0.7827173471450806, 0.6623983108438551, 0.7614813218824565, -0.8011379591189325, -0.9145923191681504, rotstif=0.995
j:-0.869728229008615, 0.3435910604894161, -0.7204349720850587, 0.9794652466662228, -0.5305099566467106, 0.22224077582359314, fr=0.272
j:0.20091322576627135, -0.2895826636813581, -0.7306126859039068, -0.42008577240630984, 0.6021321848966181, -0.01514106709510088, fr=0.172, l=0.994
n:0.8326867115683854, 0.19265447556972504, 0.5097487242892385, 0.5566960596479475, -0.33610978489741683, -0.3864453216083348, d=@:p=0.997
n:-0.8733414323069155, -0.21950699342414737, 0.29932392900809646, -0.9474509130232036, -0.19352864986285567, -0.6198870590887964, d=|:r=0.932
",1.3660360579371384e-06,"//H
3
j:y1=0.329, fr=0.181
j:-0.9132737307809293, -0.5797953228466213, -0.3783065271563828, -0.9315263531170785, 0.3318778886459768, 0.3346595368348062, fr=0.393, rotstif=0.933
j:-0.3245047046802938, -0.7827173471450806, 0.6623983108438551, 0.7614813218824565, -0.8011379591189325, -0.9145923191681504, rotstif=0.995
j:-0.869728229008615, 0.3435910604894161, -0.7204349720850587, 0.9794652466662228, -0.5305099566467106, 0.22224077582359314, fr=0.272
j:0.20091322576627135, -0.2895826636813581, -0.7306126859039068, -0.42008577240630984, 0.6021321848966181, -0.01514106709510088, fr=0.172, l=0.994
n:0.8326867115683854, 0.19265447556972504, 0.5097487242892385, 0.5566960596479475, -0.33610978489741683, -0.3864453216083348, d=@:p=0.983
n:-0.8733414323069155, -0.21950699342414737, 0.29932392900809646, -0.9474509130232036, -0.19352864986285567, -0.6198870590887964, d=|:r=0.932
"
28,H,18,19,"//H
3
j:y1=0.329, fr=0.181
j:-0.9132737307809293, -0.5797953228466213, -0.252, -0.9315263531170785, 0.3318778886459768, 0.3346595368348062, fr=0.393, rotstif=0.933
j:-0.3245047046802938, -0.7827173471450806, 0.6623983108438551, 0.7614813218824565, -0.8011379591189325, -0.9145923191681504, rotstif=0.995
j:-0.869728229008615, 0.3435910604894161, -0.7204349720850587, 0.9794652466662228, -0.5305099566467106, 0.22224077582359314, fr=0.272
j:0.20091322576627135, -0.2895826636813581, -0.7306126859039068, -0.42008577240630984, 0.6021321848966181, -0.01514106709510088, fr=0.172, l=0.994
n:0.8326867115683854, 0.19265447556972504, 0.5097487242892385, 0.5566960596479475, -0.33610978489741683, -0.3864453216083348, d=@:p=0.997
n:-0.8733414323069155, -0.21950699342414737, 0.29932392900809646, -0.9474509130232036, -0.19352864986285567, -0.6198870590887964, d=|:r=0.932
",1.3660360579371384e-06,"//H
3
j:y1=0.329, fr=0.181
j:-0.9132737307809293, -0.5797953228466213, -0.3783065271563828, -0.9315263531170785, 0.3318778886459768, 0.3346595368348062, fr=0.393, rotstif=0.933
j:-0.3245047046802938, -0.7827173471450806, 0.6623983108438551, 0.7614813218824565, -0.8011379591189325, -0.9145923191681504, rotstif=0.995
j:-0.869728229008615, 0.3435910604894161, -0.7204349720850587, 0.9794652466662228, -0.5305099566467106, 0.22224077582359314, fr=0.272
j:0.20091322576627135, -0.2895826636813581, -0.7306126859039068, -0.42008577240630984, 0.6021321848966181, -0.01514106709510088, fr=0.172, l=0.994
n:0.8326867115683854, 0.19265447556972504, 0.5097487242892385, 0.5566960596479475, -0.33610978489741683, -0.3864453216083348, d=@:p=0.997
n:-0.8733414323069155, -0.21950699342414737, 0.29932392900809646, -0.9474509130232036, -0.19352864986285567, -0.6198870590887964, d=|:r=0.932
"
28,H,19,20,"//H
3
j:y1=0.329, fr=0.181
j:-0.9132737307809293, -0.5797953228466213, -0.3783065271563828, -0.9315263531170785, 0.3318778886459768, 0.3346595368348062, fr=0.393, rotstif=0.933
j:-0.3245047046802938, -0.7827173471450806, 0.6623983108438551, 0.7614813218824565, -0.8011379591189325, -0.9145923191681504, rotstif=0.995
j:-0.869728229008615, 0.3435910604894161, -0.7204349720850587, 0.9794652466662228, -0.5305099566467106, 0.22224077582359314, fr=0.272
j:0.20091322576627135, -0.2895826636813581, -0.7306126859039068, -0.42008577240630984, 0.6021321848966181, -0.01514106709510088, fr=0.172, l=0.994
n:0.8326867115683854, 0.19265447556972504, 0.5097487242892385, 0.5566960596479475, -0.33610978489741683, -0.3864453216083348, d=@:p=0.997
n:-0.8733414323069155, -0.21950699342414737, 0.29932392900809646, -0.9474509130232036, -0.19352864986285567, -0.6198870590887964, d=|:r=0.932
c:-0.9446995868347585, -0.2928057382814586, 0.6346021783538163, -0.4850237909704447, -0.8978645303286612, 0.4493136699311435, 0.751
",1.3660360579371384e-06,"//H
3
j:y1=0.329, fr=0.181
j:-0.9132737307809293, -0.5797953228466213, -0.3783065271563828, -0.9315263531170785, 0.3318778886459768, 0.3346595368348062, fr=0.393, rotstif=0.933
j:-0.3245047046802938, -0.7827173471450806, 0.6623983108438551, 0.7614813218824565, -0.8011379591189325, -0.9145923191681504, rotstif=0.995
j:-0.869728229008615, 0.3435910604894161, -0.7204349720850587, 0.9794652466662228, -0.5305099566467106, 0.22224077582359314, fr=0.272
j:0.20091322576627135, -0.2895826636813581, -0.7306126859039068, -0.42008577240630984, 0.6021321848966181, -0.01514106709510088, fr=0.172, l=0.994
n:0.8326867115683854, 0.19265447556972504, 0.5097487242892385, 0.5566960596479475, -0.33610978489741683, -0.3864453216083348, d=@:p=0.997
n:-0.8733414323069155, -0.21950699342414737, 0.29932392900809646, -0.9474509130232036, -0.19352864986285567, -0.6198870590887964, d=|:r=0.932
"
28,H,20,21,"//H
3
j:y1=0.329, fr=0.181
j:-0.9132737307809293, -0.5797953228466213, -0.3783065271563828, -0.9315263531170785, 0.3318778886459768, 0.3346595368348062, fr=0.393, rotstif=0.933
j:-0.3245047046802938, -0.7827173471450806, 0.6623983108438551, 0.7614813218824565, -0.8011379591189325, -0.9145923191681504, rotstif=0.995
j:-0.869728229008615, 0.3435910604894161, -0.7204349720850587, 0.9794652466662228, -0.5305099566467106, 0.22224077582359314, fr=0.272
j:0.20091322576627135, -0.2895826636813581, -0.7306126859039068, -0.42008577240630984, 0.6021321848966181, -0.01514106709510088, fr=0.172, l=0.994
n:0.8326867115683854, 0.19265447556972504, 0.5097487242892385, 0.5566960596479475, -0.33610978489741683, -0.3864453216083348, d=@:p=0.997
n:-0.8733414323069155, -0.21950699342414737, 0.29932392900809646, -0.9474509130232036, -0.19352864986285567, -0.6198870590887964, d=|:r=0.932
n:0.30716675613075495, -0.8418365595862269, 0.7019179118797183, -0.6695909150876105, -0.814876729156822, 0.848303304053843, d=Gpart:rz=2.083
",1.3660360579371384e-06,"//H
3
j:y1=0.329, fr=0.181
j:-0.9132737307809293, -0.5797953228466213, -0.3783065271563828, -0.9315263531170785, 0.3318778886459768, 0.3346595368348062, fr=0.393, rotstif=0.933
j:-0.3245047046802938, -0.7827173471450806, 0.6623983108438551, 0.7614813218824565, -0.8011379591189325, -0.9145923191681504, rotstif=0.995
j:-0.869728229008615, 0.3435910604894161, -0.7204349720850587, 0.9794652466662228, -0.5305099566467106, 0.22224077582359314, fr=0.272
j:0.20091322576627135, -0.2895826636813581, -0.7306126859039068, -0.42008577240630984, 0.6021321848966181, -0.01514106709510088, fr=0.172, l=0.994
n:0.8326867115683854, 0.19265447556972504, 0.5097487242892385, 0.5566960596479475, -0.33610978489741683, -0.3864453216083348, d=@:p=0.997
n:-0.8733414323069155, -0.21950699342414737, 0.29932392900809646, -0.9474509130232036, -0.19352864986285567, -0.6198870590887964, d=|:r=0.932
"
28,H,21,22,"//H
3
j:y1=0.329, fr=0.181
j:-0.9132737307809293, -0.5797953228466213, -0.3783065271563828, -0.9315263531170785, 0.3318778886459768, 0.3346595368348062, fr=0.393, rotstif=0.933
j:-0.3245047046802938, -0.7827173471450806, 0.6623983108438551, 0.7614813218824565, -0.8011379591189325, -0.9145923191681504, rotstif=0.995
j:-0.869728229008615, 0.3435910604894161, -0.7204349720850587, 0.9794652466662228, -0.5305099566467106, 0.22224077582359314, fr=0.272
j:0.20091322576627135, -0.2895826636813581, -0.7306126859039068, -0.42008577240630984, 0.6021321848966181, -0.01514106709510088, fr=0.172, l=0.994
j:-0.28165968181565404, -0.7361844843253493, 0.29436824563890696, -0.42685755575075746, -0.5224069440737367, 0.8747670031152666, rotstif=0.954
n:0.8326867115683854, 0.19265447556972504, 0.5097487242892385, 0.5566960596479475, -0.33610978489741683, -0.3864453216083348, d=@:p=0.997
n:-0.8733414323069155, -0.21950699342414737, 0.29932392900809646, -0.9474509130232036, -0.19352864986285567, -0.6198870590887964, d=|:r=0.932
",1.6427546428934126e-06,"//H
3
j:y1=0.329, fr=0.181
j:-0.9132737307809293, -0.5797953228466213, -0.3783065271563828, -0.9315263531170785, 0.3318778886459768, 0.3346595368348062, fr=0.393, rotstif=0.933
j:-0.3245047046802938, -0.7827173471450806, 0.6623983108438551, 0.7614813218824565, -0.8011379591189325, -0.9145923191681504, rotstif=0.995
j:-0.869728229008615, 0.3435910604894161, -0.7204349720850587, 0.9794652466662228, -0.5305099566467106, 0.22224077582359314, fr=0.272
j:0.20091322576627135, -0.2895826636813581, -0.7306126859039068, -0.42008577240630984, 0.6021321848966181, -0.01514106709510088, fr=0.172, l=0.994
n:0.8326867115683854, 0.19265447556972504, 0.5097487242892385, 0.5566960596479475, -0.33610978489741683, -0.3864453216083348, d=@:p=0.997
n:-0.8733414323069155, -0.21950699342414737, 0.29932392900809646, -0.9474509130232036, -0.19352864986285567, -0.6198870590887964, d=|:r=0.932
"
28,H,22,23,"//H
3
j:y1=0.329, fr=0.181
j:-0.9132737307809293, -0.5797953228466213, -0.3783065271563828, -0.9315263531170785, 0.3318778886459768, 0.3346595368348062, fr=0.393, rotstif=0.933
j:-0.3245047046802938, -0.7827173471450806, 0.6623983108438551, 0.7614813218824565, -0.8011379591189325, -0.9145923191681504, rotstif=0.995
j:-0.869728229008615, 0.3435910604894161, -0.7204349720850587, 0.9794652466662228, -0.5305099566467106, 0.22224077582359314, fr=0.272
j:0.20091322576627135, -0.2895826636813581, -0.7306126859039068, -0.42008577240630984, 0.6021321848966181, -0.01514106709510088, fr=0.172, l=0.994
j:-0.28165968181565404, -0.7361844843253493, 0.29436824563890696, -0.42685755575075746, -0.5224069440737367, 0.8747670031152666, rotstif=0.954
n:0.8326867115683854, 0.19265447556972504, 0.5097487242892385, 0.5566960596479475, -0.33610978489741683, -0.3864453216083348, d=@:p=0.997
n:-0.8733414323069155, -0.21950699342414737, 0.29932392900809646, -0.9474509130232036, -0.19352864986285567, -0.6198870590887964, d=|:r=0.932
n:0.8776519680395722, -0.5031026247888803, 0.3872418226674199, -0.5150691834278405, 0.7493455791845918, 0.9087125160731375, d=@:p=0.911
",1.6781370361112632e-06,"//H
3
j:y1=0.329, fr=0.181
j:-0.9132737307809293, -0.5797953228466213, -0.3783065271563828, -0.9315263531170785, 0.3318778886459768, 0.3346595368348062, fr=0.393, rotstif=0.933
j:-0.3245047046802938, -0.7827173471450806, 0.6623983108438551, 0.7614813218824565, -0.8011379591189325, -0.9145923191681504, rotstif=0.995
j:-0.869728229008615, 0.3435910604894161, -0.7204349720850587, 0.9794652466662228, -0.5305099566467106, 0.22224077582359314, fr=0.272
j:0.20091322576627135, -0.2895826636813581, -0.7306126859039068, -0.42008577240630984, 0.6021321848966181, -0.01514106709510088, fr=0.172, l=0.994
j:-0.28165968181565404, -0.7361844843253493, 0.29436824563890696, -0.42685755575075746, -0.5224069440737367, 0.8747670031152666, rotstif=0.954
n:0.8326867115683854, 0.19265447556972504, 0.5097487242892385, 0.5566960596479475, -0.33610978489741683, -0.3864453216083348, d=@:p=0.997
n:-0.8733414323069155, -0.21950699342414737, 0.29932392900809646, -0.9474509130232036, -0.19352864986285567, -0.6198870590887964, d=|:r=0.932
"
28,H,23,24,"//H
3
j:y1=0.329, fr=0.181
j:-0.9132737307809293, -0.5797953228466213, -0.3783065271563828, -0.9315263531170785, 0.3318778886459768, 0.3346595368348062, fr=0.393, rotstif=0.933
j:-0.3245047046802938, -0.7827173471450806, 0.6623983108438551, 0.7614813218824565, -0.8011379591189325, -0.9145923191681504, rotstif=0.995
j:-0.869728229008615, 0.3435910604894161, -0.7204349720850587, 0.9794652466662228, -0.5305099566467106, 0.22224077582359314, fr=0.272
j:0.20091322576627135, -0.2895826636813581, -0.7306126859039068, -0.42008577240630984, 0.6021321848966181, -0.01514106709510088, fr=0.172, l=0.994
j:-0.28165968181565404, -0.7361844843253493, 0.29436824563890696, -0.42685755575075746, -0.5224069440737367, 0.8747670031152666, rotstif=0.954
n:0.8326867115683854, 0.19265447556972504, 0.5097487242892385, 0.5566960596479475, -0.33610978489741683, -0.3864453216083348, d=@:p=0.991
n:-0.8733414323069155, -0.21950699342414737, 0.29932392900809646, -0.9474509130232036, -0.19352864986285567, -0.6198870590887964, d=|:r=0.932
n:0.8776519680395722, -0.5031026247888803, 0.3872418226674199, -0.5150691834278405, 0.7493455791845918, 0.9087125160731375, d=@:p=0.911
",1.6871763831479958e-06,"//H
3
j:y1=0.329, fr=0.181
j:-0.9132737307809293, -0.5797953228466213, -0.3783065271563828, -0.9315263531170785, 0.3318778886459768, 0.3346595368348062, fr=0.393, rotstif=0.933
j:-0.3245047046802938, -0.7827173471450806, 0.6623983108438551, 0.7614813218824565, -0.8011379591189325, -0.9145923191681504, rotstif=0.995
j:-0.869728229008615, 0.3435910604894161, -0.7204349720850587, 0.9794652466662228, -0.5305099566467106, 0.22224077582359314, fr=0.272
j:0.20091322576627135, -0.2895826636813581, -0.7306126859039068, -0.42008577240630984, 0.6021321848966181, -0.01514106709510088, fr=0.172, l=0.994
j:-0.28165968181565404, -0.7361844843253493, 0.29436824563890696, -0.42685755575075746, -0.5224069440737367, 0.8747670031152666, rotstif=0.954
n:0.8326867115683854, 0.19265447556972504, 0.5097487242892385, 0.5566960596479475, -0.33610978489741683, -0.3864453216083348, d=@:p=0.997
n:-0.8733414323069155, -0.21950699342414737, 0.29932392900809646, -0.9474509130232036, -0.19352864986285567, -0.6198870590887964, d=|:r=0.932
n:0.8776519680395722, -0.5031026247888803, 0.3872418226674199, -0.5150691834278405, 0.7493455791845918, 0.9087125160731375, d=@:p=0.911
"
28,H,24,25,"//H
3
j:y1=0.329, fr=0.181
j:-0.9132737307809293, -0.5797953228466213, -0.3783065271563828, -0.9315263531170785, 0.3318778886459768, 0.3346595368348062, fr=0.393, rotstif=0.933
j:-0.3245047046802938, -0.7827173471450806, 0.6623983108438551, 0.7614813218824565, -0.8011379591189325, -0.9145923191681504, rotstif=0.995
j:-0.869728229008615, 0.3435910604894161, -0.7204349720850587, 0.9794652466662228, -0.5305099566467106, 0.22224077582359314, fr=0.272
j:0.20091322576627135, -0.2895826636813581, -0.7306126859039068, -0.42008577240630984, 0.6021321848966181, -0.01514106709510088, fr=0.172, l=0.994
j:-0.28165968181565404, -0.7361844843253493, 0.29436824563890696, -0.42685755575075746, -0.5224069440737367, 0.8747670031152666, rotstif=0.954
n:0.8326867115683854, 0.19265447556972504, 0.5097487242892385, 0.5566960596479475, -0.33610978489741683, -0.3864453216083348, d=@:p=0.991
n:-0.8733414323069155, -0.21950699342414737, 0.29932392900809646, -0.9474509130232036, -0.19352864986285567, -0.6198870590887964, d=|:r=0.932
n:0.8776519680395722, -0.5031026247888803, 0.3872418226674199, -0.5150691834278405, 0.7493455791845918, 0.9087125160731375, d=@:p=0.982
",1.6968454050949967e-06,"//H
3
j:y1=0.329, fr=0.181
j:-0.9132737307809293, -0.5797953228466213, -0.3783065271563828, -0.9315263531170785, 0.3318778886459768, 0.3346595368348062, fr=0.393, rotstif=0.933
j:-0.3245047046802938, -0.7827173471450806, 0.6623983108438551, 0.7614813218824565, -0.8011379591189325, -0.9145923191681504, rotstif=0.995
j:-0.869728229008615, 0.3435910604894161, -0.7204349720850587, 0.9794652466662228, -0.5305099566467106, 0.22224077582359314, fr=0.272
j:0.20091322576627135, -0.2895826636813581, -0.7306126859039068, -0.42008577240630984, 0.6021321848966181, -0.01514106709510088, fr=0.172, l=0.994
j:-0.28165968181565404, -0.7361844843253493, 0.29436824563890696, -0.42685755575075746, -0.5224069440737367, 0.8747670031152666, rotstif=0.954
n:0.8326867115683854, 0.19265447556972504, 0.5097487242892385, 0.5566960596479475, -0.33610978489741683, -0.3864453216083348, d=@:p=0.991
n:-0.8733414323069155, -0.21950699342414737, 0.29932392900809646, -0.9474509130232036, -0.19352864986285567, -0.6198870590887964, d=|:r=0.932
n:0.8776519680395722, -0.5031026247888803, 0.3872418226674199, -0.5150691834278405, 0.7493455791845918, 0.9087125160731375, d=@:p=0.911
"
28,H,25,26,"//H
3
j:y1=0.329, fr=0.181
j:-0.9132737307809293, -0.5797953228466213, -0.3783065271563828, -0.9315263531170785, 0.3318778886459768, 0.3346595368348062, fr=0.393, rotstif=0.933
j:-0.3245047046802938, -0.7827173471450806, 0.6623983108438551, 0.7614813218824565, -0.8011379591189325, -0.9145923191681504, rotstif=0.995
j:-0.869728229008615, 0.3435910604894161, -0.7204349720850587, 0.9794652466662228, -0.5305099566467106, 0.22224077582359314, fr=0.272
j:0.20091322576627135, -0.2895826636813581, -0.7306126859039068, -0.42008577240630984, 0.6021321848966181, -0.01514106709510088, fr=0.172, l=0.994
j:-0.28165968181565404, -0.7361844843253493, 0.29436824563890696, -0.42685755575075746, -0.5224069440737367, 0.8747670031152666, rotstif=0.954
n:0.8326867115683854, 0.19265447556972504, 0.5097487242892385, 0.5566960596479475, -0.33610978489741683, -0.3864453216083348, d=@:p=0.991
n:-0.8733414323069155, -0.21950699342414737, 0.29932392900809646, -0.9474509130232036, -0.19352864986285567, -0.6198870590887964, d=|:r=0.932
n:0.8776519680395722, -0.5031026247888803, 0.3872418226674199, -0.5150691834278405, 0.7493455791845918, 0.837, d=@:p=0.982
",1.6968454050949967e-06,"//H
3
j:y1=0.329, fr=0.181
j:-0.9132737307809293, -0.5797953228466213, -0.3783065271563828, -0.9315263531170785, 0.3318778886459768, 0.3346595368348062, fr=0.393, rotstif=0.933
j:-0.3245047046802938, -0.7827173471450806, 0.6623983108438551, 0.7614813218824565, -0.8011379591189325, -0.9145923191681504, rotstif=0.995
j:-0.869728229008615, 0.3435910604894161, -0.7204349720850587, 0.9794652466662228, -0.5305099566467106, 0.22224077582359314, fr=0.272
j:0.20091322576627135, -0.2895826636813581, -0.7306126859039068, -0.42008577240630984, 0.6021321848966181, -0.01514106709510088, fr=0.172, l=0.994
j:-0.28165968181565404, -0.7361844843253493, 0.29436824563890696, -0.42685755575075746, -0.5224069440737367, 0.8747670031152666, rotstif=0.954
n:0.8326867115683854, 0.19265447556972504, 0.5097487242892385, 0.5566960596479475, -0.33610978489741683, -0.3864453216083348, d=@:p=0.991
n:-0.8733414323069155, -0.21950699342414737, 0.29932392900809646, -0.9474509130232036, -0.19352864986285567, -0.6198870590887964, d=|:r=0.932
n:0.8776519680395722, -0.5031026247888803, 0.3872418226674199, -0.5150691834278405, 0.7493455791845918, 0.9087125160731375, d=@:p=0.982
"
28,H,26,27,"//H
3
j:y1=0.329, fr=0.181
j:-0.9132737307809293, -0.5797953228466213, -0.3783065271563828, -0.9315263531170785, 0.3318778886459768, 0.3346595368348062, fr=0.393, rotstif=0.933
j:-0.3245047046802938, -0.7827173471450806, 0.6623983108438551, 0.7614813218824565, -0.8011379591189325, -0.9145923191681504, rotstif=0.995
j:-0.869728229008615, 0.3435910604894161, -0.7204349720850587, 0.9794652466662228, -0.5305099566467106, 0.22224077582359314, fr=0.272
j:0.20091322576627135, -0.2895826636813581, -0.7306126859039068, -0.42008577240630984, 0.6021321848966181, -0.01514106709510088, fr=0.172, l=0.994
j:-0.28165968181565404, -0.7361844843253493, 0.29436824563890696, -0.42685755575075746, -0.5224069440737367, 0.8747670031152666, rotstif=0.879
n:0.8326867115683854, 0.19265447556972504, 0.5097487242892385, 0.5566960596479475, -0.33610978489741683, -0.3864453216083348, d=@:p=0.991
n:-0.8733414323069155, -0.21950699342414737, 0.29932392900809646, -0.9474509130232036, -0.19352864986285567, -0.6198870590887964, d=|:r=0.932
n:0.8776519680395722, -0.5031026247888803, 0.3872418226674199, -0.5150691834278405, 0.7493455791845918, 0.9087125160731375, d=@:p=0.982
",1.6968454050949967e-06,"//H
3
j:y1=0.329, fr=0.181
j:-0.9132737307809293, -0.5797953228466213, -0.3783065271563828, -0.9315263531170785, 0.3318778886459768, 0.3346595368348062, fr=0.393, rotstif=0.933
j:-0.3245047046802938, -0.7827173471450806, 0.6623983108438551, 0.7614813218824565, -0.8011379591189325, -0.9145923191681504, rotstif=0.995
j:-0.869728229008615, 0.3435910604894161, -0.7204349720850587, 0.9794652466662228, -0.5305099566467106, 0.22224077582359314, fr=0.272
j:0.20091322576627135, -0.2895826636813581, -0.7306126859039068, -0.42008577240630984, 0.6021321848966181, -0.01514106709510088, fr=0.172, l=0.994
j:-0.28165968181565404, -0.7361844843253493, 0.29436824563890696, -0.42685755575075746, -0.5224069440737367, 0.8747670031152666, rotstif=0.954
n:0.8326867115683854, 0.19265447556972504, 0.5097487242892385, 0.5566960596479475, -0.33610978489741683, -0.3864453216083348, d=@:p=0.991
n:-0.8733414323069155, -0.21950699342414737, 0.29932392900809646, -0.9474509130232036, -0.19352864986285567, -0.6198870590887964, d=|:r=0.932
n:0.8776519680395722, -0.5031026247888803, 0.3872418226674199, -0.5150691834278405, 0.7493455791845918, 0.9087125160731375, d=@:p=0.982
"
28,H,27,28,"//H
3
j:y1=0.329, fr=0.181
j:-0.9132737307809293, -0.5797953228466213, -0.3783065271563828, -0.9315263531170785, 0.3318778886459768, 0.3346595368348062, fr=0.393, rotstif=0.933
j:-0.3245047046802938, -0.7827173471450806, 0.6623983108438551, 0.7614813218824565, -0.8011379591189325, -0.9145923191681504, rotstif=0.995
j:-0.869728229008615, 0.3435910604894161, -0.7204349720850587, 0.9794652466662228, -0.5305099566467106, 0.22224077582359314, fr=0.272
j:0.167, -0.2895826636813581, -0.7306126859039068, -0.42008577240630984, 0.6021321848966181, -0.01514106709510088, fr=0.172, l=0.994
j:-0.28165968181565404, -0.7361844843253493, 0.29436824563890696, -0.42685755575075746, -0.5224069440737367, 0.8747670031152666, rotstif=0.954
n:0.8326867115683854, 0.19265447556972504, 0.5097487242892385, 0.5566960596479475, -0.33610978489741683, -0.3864453216083348, d=@:p=0.991
n:-0.8733414323069155, -0.21950699342414737, 0.29932392900809646, -0.9474509130232036, -0.19352864986285567, -0.6198870590887964, d=|:r=0.932
n:0.8776519680395722, -0.5031026247888803, 0.3872418226674199, -0.5150691834278405, 0.7493455791845918, 0.9087125160731375, d=@:p=0.982
",1.6968454050949967e-06,"//H
3
j:y1=0.329, fr=0.181
j:-0.9132737307809293, -0.5797953228466213, -0.3783065271563828, -0.9315263531170785, 0.3318778886459768, 0.3346595368348062, fr=0.393, rotstif=0.933
j:-0.3245047046802938, -0.7827173471450806, 0.6623983108438551, 0.7614813218824565, -0.8011379591189325, -0.9145923191681504, rotstif=0.995
j:-0.869728229008615, 0.3435910604894161, -0.7204349720850587, 0.9794652466662228, -0.5305099566467106, 0.22224077582359314, fr=0.272
j:0.20091322576627135, -0.2895826636813581, -0.7306126859039068, -0.42008577240630984, 0.6021321848966181, -0.01514106709510088, fr=0.172, l=0.994
j:-0.28165968181565404, -0.7361844843253493, 0.29436824563890696, -0.42685755575075746, -0.5224069440737367, 0.8747670031152666, rotstif=0.954
n:0.8326867115683854, 0.19265447556972504, 0.5097487242892385, 0.5566960596479475, -0.33610978489741683, -0.3864453216083348, d=@:p=0.991
n:-0.8733414323069155, -0.21950699342414737, 0.29932392900809646, -0.9474509130232036, -0.19352864986285567, -0.6198870590887964, d=|:r=0.932
n:0.8776519680395722, -0.5031026247888803, 0.3872418226674199, -0.5150691834278405, 0.7493455791845918, 0.9087125160731375, d=@:p=0.982
"
28,H,28,29,"//H
3
j:y1=0.329, fr=0.181
j:-0.9132737307809293, -0.5797953228466213, -0.3783065271563828, -0.9315263531170785, 0.3318778886459768, 0.3346595368348062, fr=0.393, rotstif=0.933
j:-0.3245047046802938, -0.7827173471450806, 0.6623983108438551, 0.7614813218824565, -0.8011379591189325, -0.9145923191681504, rotstif=0.995
j:-0.869728229008615, 0.3435910604894161, -0.7204349720850587, 0.9794652466662228, -0.5305099566467106, 0.22224077582359314, fr=0.272
j:0.20091322576627135, -0.2895826636813581, -0.7306126859039068, -0.42008577240630984, 0.6021321848966181, -0.01514106709510088, fr=0.172, l=0.994
j:-0.28165968181565404, -0.7361844843253493, 0.29436824563890696, -0.42685755575075746, -0.5224069440737367, 0.8747670031152666, rotstif=0.954
n:0.8326867115683854, 0.19265447556972504, 0.5097487242892385, 0.5566960596479475, -0.33610978489741683, -0.3864453216083348, d=@:p=0.963
n:-0.8733414323069155, -0.21950699342414737, 0.29932392900809646, -0.9474509130232036, -0.19352864986285567, -0.6198870590887964, d=|:r=0.932
n:0.8776519680395722, -0.5031026247888803, 0.3872418226674199, -0.5150691834278405, 0.7493455791845918, 0.9087125160731375, d=@:p=0.982
",1.7213029000183938e-06,"//H
3
j:y1=0.329, fr=0.181
j:-0.9132737307809293, -0.5797953228466213, -0.3783065271563828, -0.9315263531170785, 0.3318778886459768, 0.3346595368348062, fr=0.393, rotstif=0.933
j:-0.3245047046802938, -0.7827173471450806, 0.6623983108438551, 0.7614813218824565, -0.8011379591189325, -0.9145923191681504, rotstif=0.995
j:-0.869728229008615, 0.3435910604894161, -0.7204349720850587, 0.9794652466662228, -0.5305099566467106, 0.22224077582359314, fr=0.272
j:0.20091322576627135, -0.2895826636813581, -0.7306126859039068, -0.42008577240630984, 0.6021321848966181, -0.01514106709510088, fr=0.172, l=0.994
j:-0.28165968181565404, -0.7361844843253493, 0.29436824563890696, -0.42685755575075746, -0.5224069440737367, 0.8747670031152666, rotstif=0.954
n:0.8326867115683854, 0.19265447556972504, 0.5097487242892385, 0.5566960596479475, -0.33610978489741683, -0.3864453216083348, d=@:p=0.991
n:-0.8733414323069155, -0.21950699342414737, 0.29932392900809646, -0.9474509130232036, -0.19352864986285567, -0.6198870590887964, d=|:r=0.932
n:0.8776519680395722, -0.5031026247888803, 0.3872418226674199, -0.5150691834278405, 0.7493455791845918, 0.9087125160731375, d=@:p=0.982
"
28,H,29,30,"//H
3
j:y1=0.329, fr=0.181
j:-0.9132737307809293, -0.5797953228466213, -0.3783065271563828, -0.9315263531170785, 0.3318778886459768, 0.3346595368348062, fr=0.393, rotstif=0.933
j:-0.3245047046802938, -0.7827173471450806, 0.6623983108438551, 0.7614813218824565, -0.8011379591189325, -0.9145923191681504, rotstif=0.995
j:-0.869728229008615, 0.3435910604894161, -0.7204349720850587, 0.9794652466662228, -0.5305099566467106, 0.22224077582359314, fr=0.272
j:0.20091322576627135, -0.2895826636813581, -0.7306126859039068, -0.42008577240630984, 0.6021321848966181, -0.01514106709510088, fr=0.172, l=0.994
j:-0.28165968181565404, -0.7361844843253493, 0.29436824563890696, -0.42685755575075746, -0.5224069440737367, 0.8747670031152666, rotstif=0.954
n:0.8326867115683854, 0.19265447556972504, 0.5097487242892385, 0.5566960596479475, -0.33610978489741683, -0.3864453216083348, d=@:p=0.963
n:-0.8733414323069155, -0.21950699342414737, 0.29932392900809646, -0.9474509130232036, -0.19352864986285567, -0.6198870590887964, d=|:r=0.932
n:0.8776519680395722, -0.5031026247888803, 0.3872418226674199, -0.5150691834278405, 0.7493455791845918, 0.9087125160731375, d=@:p=0.982
n:0.46375268464908004, 0.2890943861566484, -0.6087128897197545, 0.10796706331893802, -0.7341553964652121, 0.4026919836178422, d=Gpart:ry=0.64
",1.7213029000183938e-06,"//H
3
j:y1=0.329, fr=0.181
j:-0.9132737307809293, -0.5797953228466213, -0.3783065271563828, -0.9315263531170785, 0.3318778886459768, 0.3346595368348062, fr=0.393, rotstif=0.933
j:-0.3245047046802938, -0.7827173471450806, 0.6623983108438551, 0.7614813218824565, -0.8011379591189325, -0.9145923191681504, rotstif=0.995
j:-0.869728229008615, 0.3435910604894161, -0.7204349720850587, 0.9794652466662228, -0.5305099566467106, 0.22224077582359314, fr=0.272
j:0.20091322576627135, -0.2895826636813581, -0.7306126859039068, -0.42008577240630984, 0.6021321848966181, -0.01514106709510088, fr=0.172, l=0.994
j:-0.28165968181565404, -0.7361844843253493, 0.29436824563890696, -0.42685755575075746, -0.5224069440737367, 0.8747670031152666, rotstif=0.954
n:0.8326867115683854, 0.19265447556972504, 0.5097487242892385, 0.5566960596479475, -0.33610978489741683, -0.3864453216083348, d=@:p=0.963
n:-0.8733414323069155, -0.21950699342414737, 0.29932392900809646, -0.9474509130232036, -0.19352864986285567, -0.6198870590887964, d=|:r=0.932
n:0.8776519680395722, -0.5031026247888803, 0.3872418226674199, -0.5150691834278405, 0.7493455791845918, 0.9087125160731375, d=@:p=0.982
"
28,H,30,31,"//H
3
j:y1=0.329, fr=0.181
j:-0.9132737307809293, -0.5797953228466213, -0.3783065271563828, -0.9315263531170785, 0.3318778886459768, 0.3346595368348062, fr=0.393, rotstif=0.933
j:-0.3245047046802938, -0.7827173471450806, 0.6623983108438551, 0.7614813218824565, -0.8011379591189325, -0.9145923191681504, rotstif=0.995
j:-0.869728229008615, 0.3435910604894161, -0.7204349720850587, 0.9794652466662228, -0.5305099566467106, 0.22224077582359314, fr=0.272
j:0.20091322576627135, -0.2895826636813581, -0.7306126859039068, -0.42008577240630984, 0.6021321848966181, -0.01514106709510088, fr=0.172, l=0.994
j:-0.28165968181565404, -0.7361844843253493, 0.29436824563890696, -0.42685755575075746, -0.5224069440737367, 0.8747670031152666, rotstif=0.954
n:-0.8733414323069155, -0.21950699342414737, 0.29932392900809646, -0.9474509130232036, -0.19352864986285567, -0.6198870590887964, d=|:r=0.932
n:0.8776519680395722, -0.5031026247888803, 0.3872418226674199, -0.5150691834278405, 0.7493455791845918, 0.9087125160731375, d=@:p=0.982
",1.7270554666752635e-06,"//H
3
j:y1=0.329, fr=0.181
j:-0.9132737307809293, -0.5797953228466213, -0.3783065271563828, -0.9315263531170785, 0.3318778886459768, 0.3346595368348062, fr=0.393, rotstif=0.933
j:-0.3245047046802938, -0.7827173471450806, 0.6623983108438551, 0.7614813218824565, -0.8011379591189325, -0.9145923191681504, rotstif=0.995
j:-0.869728229008615, 0.3435910604894161, -0.7204349720850587, 0.9794652466662228, -0.5305099566467106, 0.22224077582359314, fr=0.272
j:0.20091322576627135, -0.2895826636813581, -0.7306126859039068, -0.42008577240630984, 0.6021321848966181, -0.01514106709510088, fr=0.172, l=0.994
j:-0.28165968181565404, -0.7361844843253493, 0.29436824563890696, -0.42685755575075746, -0.5224069440737367, 0.8747670031152666, rotstif=0.954
n:0.8326867115683854, 0.19265447556972504, 0.5097487242892385, 0.5566960596479475, -0.33610978489741683, -0.3864453216083348, d=@:p=0.963
n:-0.8733414323069155, -0.21950699342414737, 0.29932392900809646, -0.9474509130232036, -0.19352864986285567, -0.6198870590887964, d=|:r=0.932
n:0.8776519680395722, -0.5031026247888803, 0.3872418226674199, -0.5150691834278405, 0.7493455791845918, 0.9087125160731375, d=@:p=0.982
"
28,H,31,32,"//H
3
j:y1=0.329, fr=0.181
j:-0.9132737307809293, -0.5797953228466213, -0.3783065271563828, -0.9315263531170785, 0.205, 0.3346595368348062, fr=0.393, rotstif=0.933
j:-0.3245047046802938, -0.7827173471450806, 0.6623983108438551, 0.7614813218824565, -0.8011379591189325, -0.9145923191681504, rotstif=0.995
j:-0.869728229008615, 0.3435910604894161, -0.7204349720850587, 0.9794652466662228, -0.5305099566467106, 0.22224077582359314, fr=0.272
j:0.20091322576627135, -0.2895826636813581, -0.7306126859039068, -0.42008577240630984, 0.6021321848966181, -0.01514106709510088, fr=0.172, l=0.994
j:-0.28165968181565404, -0.7361844843253493, 0.29436824563890696, -0.42685755575075746, -0.5224069440737367, 0.8747670031152666, rotstif=0.954
n:-0.8733414323069155, -0.21950699342414737, 0.29932392900809646, -0.9474509130232036, -0.19352864986285567, -0.6198870590887964, d=|:r=0.932
n:0.8776519680395722, -0.5031026247888803, 0.3872418226674199, -0.5150691834278405, 0.7493455791845918, 0.9087125160731375, d=@:p=0.982
",1.7270554666752635e-06,"//H
3
j:y1=0.329, fr=0.181
j:-0.9132737307809293, -0.5797953228466213, -0.3783065271563828, -0.9315263531170785, 0.3318778886459768, 0.3346595368348062, fr=0.393, rotstif=0.933
j:-0.3245047046802938, -0.7827173471450806, 0.6623983108438551, 0.7614813218824565, -0.8011379591189325, -0.9145923191681504, rotstif=0.995
j:-0.869728229008615, 0.3435910604894161, -0.7204349720850587, 0.9794652466662228, -0.5305099566467106, 0.22224077582359314, fr=0.272
j:0.20091322576627135, -0.2895826636813581, -0.7306126859039068, -0.42008577240630984, 0.6021321848966181, -0.01514106709510088, fr=0.172, l=0.994
j:-0.28165968181565404, -0.7361844843253493, 0.29436824563890696, -0.42685755575075746, -0.5224069440737367, 0.8747670031152666, rotstif=0.954
n:-0.8733414323069155, -0.21950699342414737, 0.29932392900809646, -0.9474509130232036, -0.19352864986285567, -0.6198870590887964, d=|:r=0.932
n:0.8776519680395722, -0.5031026247888803, 0.3872418226674199, -0.5150691834278405, 0.7493455791845918, 0.9087125160731375, d=@:p=0.982
"
28,H,32,33,"//H
3
j:y1=0.329, fr=0.181
j:-0.9132737307809293, -0.5797953228466213, -0.3783065271563828, -0.9315263531170785, 0.3318778886459768, 0.3346595368348062, fr=0.393, rotstif=0.933
j:-0.3245047046802938, -0.7827173471450806, 0.6623983108438551, 0.7614813218824565, -0.8011379591189325, -0.9145923191681504, rotstif=0.995
j:-0.869728229008615, 0.3435910604894161, -0.7204349720850587, 0.9794652466662228, -0.5305099566467106, 0.22224077582359314, fr=0.272
j:0.20091322576627135, -0.2895826636813581, -0.7306126859039068, -0.42008577240630984, 0.6021321848966181, -0.01514106709510088, fr=0.172, l=0.994
j:-0.28165968181565404, -0.7361844843253493, 0.29436824563890696, -0.42685755575075746, -0.5224069440737367, 0.8747670031152666, rotstif=0.954
n:-0.8733414323069155, -0.21950699342414737, 0.29932392900809646, -0.9474509130232036, -0.19352864986285567, -0.6198870590887964, d=|:r=0.932
n:0.8776519680395722, -0.5031026247888803, 0.3872418226674199, -0.5150691834278405, 0.7493455791845918, 0.9087125160731375, d=@:p=0.982
c:-0.3726584897376597, 0.5902684074826539, 0.33389967074617743, 0.08142470614984632, -0.5962852728553116, -0.7955846413969994, -0.646
",1.7270554666752635e-06,"//H
3
j:y1=0.329, fr=0.181
j:-0.9132737307809293, -0.5797953228466213, -0.3783065271563828, -0.9315263531170785, 0.3318778886459768, 0.3346595368348062, fr=0.393, rotstif=0.933
j:-0.3245047046802938, -0.7827173471450806, 0.6623983108438551, 0.7614813218824565, -0.8011379591189325, -0.9145923191681504, rotstif=0.995
j:-0.869728229008615, 0.3435910604894161, -0.7204349720850587, 0.9794652466662228, -0.5305099566467106, 0.22224077582359314, fr=0.272
j:0.20091322576627135, -0.2895826636813581, -0.7306126859039068, -0.42008577240630984, 0.6021321848966181, -0.01514106709510088, fr=0.172, l=0.994
j:-0.28165968181565404, -0.7361844843253493, 0.29436824563890696, -0.42685755575075746, -0.5224069440737367, 0.8747670031152666, rotstif=0.954
n:-0.8733414323069155, -0.21950699342414737, 0.29932392900809646, -0.9474509130232036, -0.19352864986285567, -0.6198870590887964, d=|:r=0.932
n:0.8776519680395722, -0.5031026247888803, 0.3872418226674199, -0.5150691834278405, 0.7493455791845918, 0.9087125160731375, d=@:p=0.982
"
28,H,33,34,"//H
3
j:y1=0.329, fr=0.181
j:-0.9132737307809293, -0.5797953228466213, -0.3783065271563828, -0.9315263531170785, 0.3318778886459768, 0.3346595368348062, fr=0.393, rotstif=0.933
j:-0.3245047046802938, -0.7827173471450806, 0.6623983108438551, 0.7614813218824565, -0.8011379591189325, -0.9145923191681504, rotstif=0.995
j:-0.869728229008615, 0.3435910604894161, -0.7204349720850587, 0.9794652466662228, -0.5305099566467106, 0.22224077582359314, fr=0.272
j:0.20091322576627135, -0.2895826636813581, -0.7306126859039068, -0.42008577240630984, 0.6021321848966181, -0.01514106709510088, fr=0.172, l=0.994
j:-0.28165968181565404, -0.7361844843253493, 0.29436824563890696, -0.42685755575075746, -0.5224069440737367, 0.8747670031152666, rotstif=0.954
n:-0.8733414323069155, -0.21950699342414737, 0.29932392900809646, -0.9474509130232036, -0.19352864986285567, -0.6198870590887964, d=|:r=0.932
n:0.8776519680395722, -0.5031026247888803, 0.3872418226674199, -0.5150691834278405, 0.7493455791845918, 0.9087125160731375, d=@:p=0.982
c:0.17657982325181365, -0.3297205092385411, 0.43416194478049874, -0.0187452407553792, -0.3114184415899217, -0.8590745981782675, 2.136
",1.7270554666752635e-06,"//H
3
j:y1=0.329, fr=0.181
j:-0.9132737307809293, -0.5797953228466213, -0.3783065271563828, -0.9315263531170785, 0.3318778886459768, 0.3346595368348062, fr=0.393, rotstif=0.933
j:-0.3245047046802938, -0.7827173471450806, 0.6623983108438551, 0.7614813218824565, -0.8011379591189325, -0.9145923191681504, rotstif=0.995
j:-0.869728229008615, 0.3435910604894161, -0.7204349720850587, 0.9794652466662228, -0.5305099566467106, 0.22224077582359314, fr=0.272
j:0.20091322576627135, -0.2895826636813581, -0.7306126859039068, -0.42008577240630984, 0.6021321848966181, -0.01514106709510088, fr=0.172, l=0.994
j:-0.28165968181565404, -0.7361844843253493, 0.29436824563890696, -0.42685755575075746, -0.5224069440737367, 0.8747670031152666, rotstif=0.954
n:-0.8733414323069155, -0.21950699342414737, 0.29932392900809646, -0.9474509130232036, -0.19352864986285567, -0.6198870590887964, d=|:r=0.932
n:0.8776519680395722, -0.5031026247888803, 0.3872418226674199, -0.5150691834278405, 0.7493455791845918, 0.9087125160731375, d=@:p=0.982
"
28,H,34,35,"//H
3
j:y1=0.329, fr=0.181
j:-0.9132737307809293, -0.5797953228466213, -0.3783065271563828, -0.9315263531170785, 0.3318778886459768, 0.3346595368348062, fr=0.393, rotstif=0.933
j:-0.3245047046802938, -0.7827173471450806, 0.6623983108438551, 0.788, -0.8011379591189325, -0.9145923191681504, rotstif=0.995
j:-0.869728229008615, 0.3435910604894161, -0.7204349720850587, 0.9794652466662228, -0.5305099566467106, 0.22224077582359314, fr=0.272
j:0.20091322576627135, -0.2895826636813581, -0.7306126859039068, -0.42008577240630984, 0.6021321848966181, -0.01514106709510088, fr=0.172, l=0.994
j:-0.28165968181565404, -0.7361844843253493, 0.29436824563890696, -0.42685755575075746, -0.5224069440737367, 0.8747670031152666, rotstif=0.954
n:-0.8733414323069155, -0.21950699342414737, 0.29932392900809646, -0.9474509130232036, -0.19352864986285567, -0.6198870590887964, d=|:r=0.932
n:0.8776519680395722, -0.5031026247888803, 0.3872418226674199, -0.5150691834278405, 0.7493455791845918, 0.9087125160731375, d=@:p=0.982
",1.7270554666752635e-06,"//H
3
j:y1=0.329, fr=0.181
j:-0.9132737307809293, -0.5797953228466213, -0.3783065271563828, -0.9315263531170785, 0.3318778886459768, 0.3346595368348062, fr=0.393, rotstif=0.933
j:-0.3245047046802938, -0.7827173471450806, 0.6623983108438551, 0.7614813218824565, -0.8011379591189325, -0.9145923191681504, rotstif=0.995
j:-0.869728229008615, 0.3435910604894161, -0.7204349720850587, 0.9794652466662228, -0.5305099566467106, 0.22224077582359314, fr=0.272
j:0.20091322576627135, -0.2895826636813581, -0.7306126859039068, -0.42008577240630984, 0.6021321848966181, -0.01514106709510088, fr=0.172, l=0.994
j:-0.28165968181565404, -0.7361844843253493, 0.29436824563890696, -0.42685755575075746, -0.5224069440737367, 0.8747670031152666, rotstif=0.954
n:-0.8733414323069155, -0.21950699342414737, 0.29932392900809646, -0.9474509130232036, -0.19352864986285567, -0.6198870590887964, d=|:r=0.932
n:0.8776519680395722, -0.5031026247888803, 0.3872418226674199, -0.5150691834278405, 0.7493455791845918, 0.9087125160731375, d=@:p=0.982
"
28,H,35,36,"//H
3
j:y1=0.329, fr=0.181
j:-0.9132737307809293, -0.5797953228466213, -0.3783065271563828, -0.9315263531170785, 0.3318778886459768, 0.3346595368348062, fr=0.393, rotstif=0.933
j:-0.3245047046802938, -0.7827173471450806, 0.6623983108438551, 0.7614813218824565, -0.8011379591189325, -0.9145923191681504, rotstif=0.995
j:-0.869728229008615, 0.3435910604894161, -0.7204349720850587, 0.9794652466662228, -0.5305099566467106, 0.22224077582359314, fr=0.272
j:0.20091322576627135, -0.2895826636813581, -0.7306126859039068, -0.42008577240630984, 0.6021321848966181, -0.01514106709510088, fr=0.172, l=0.994
j:-0.28165968181565404, -0.7361844843253493, 0.29436824563890696, -0.42685755575075746, -0.5224069440737367, 0.8747670031152666, rotstif=0.954
n:-0.8733414323069155, -0.21950699342414737, 0.29932392900809646, -0.9474509130232036, -0.19352864986285567, -0.6198870590887964, d=|:r=0.932
n:0.8776519680395722, -0.5031026247888803, 0.3872418226674199, -0.5150691834278405, 0.7493455791845918, 0.9087125160731375, d=@:p=0.982
n:0.006196996197104454, -0.4345530606806278, -0.475733011495322, -0.9199658776633441, -0.047533093485981226, -0.8565697823651135, d=|:r=0.885
",1.8693000899014e-06,"//H
3
j:y1=0.329, fr=0.181
j:-0.9132737307809293, -0.5797953228466213, -0.3783065271563828, -0.9315263531170785, 0.3318778886459768, 0.3346595368348062, fr=0.393, rotstif=0.933
j:-0.3245047046802938, -0.7827173471450806, 0.6623983108438551, 0.7614813218824565, -0.8011379591189325, -0.9145923191681504, rotstif=0.995
j:-0.869728229008615, 0.3435910604894161, -0.7204349720850587, 0.9794652466662228, -0.5305099566467106, 0.22224077582359314, fr=0.272
j:0.20091322576627135, -0.2895826636813581, -0.7306126859039068, -0.42008577240630984, 0.6021321848966181, -0.01514106709510088, fr=0.172, l=0.994
j:-0.28165968181565404, -0.7361844843253493, 0.29436824563890696, -0.42685755575075746, -0.5224069440737367, 0.8747670031152666, rotstif=0.954
n:-0.8733414323069155, -0.21950699342414737, 0.29932392900809646, -0.9474509130232036, -0.19352864986285567, -0.6198870590887964, d=|:r=0.932
n:0.8776519680395722, -0.5031026247888803, 0.3872418226674199, -0.5150691834278405, 0.7493455791845918, 0.9087125160731375, d=@:p=0.982
"
28,H,36,37,"//H
3
j:y1=0.329, fr=0.181
j:-0.9132737307809293, -0.5797953228466213, -0.3783065271563828, -0.9315263531170785, 0.3318778886459768, 0.3346595368348062, fr=0.393, rotstif=0.933
j:-0.3245047046802938, -0.7827173471450806, 0.6623983108438551, 0.7614813218824565, -0.8011379591189325, -0.9145923191681504, rotstif=0.995
j:-0.869728229008615, 0.3435910604894161, -0.7204349720850587, 0.9794652466662228, -0.5305099566467106, 0.22224077582359314, fr=0.272
j:0.20091322576627135, -0.2895826636813581, -0.7306126859039068, -0.42008577240630984, 0.6021321848966181, -0.01514106709510088, fr=0.172, l=0.994
j:-0.28165968181565404, -0.7361844843253493, 0.29436824563890696, -0.42685755575075746, -0.5224069440737367, 0.8747670031152666, rotstif=0.954
n:-0.8733414323069155, -0.21950699342414737, 0.29932392900809646, -0.9474509130232036, -0.19352864986285567, -0.6198870590887964, d=|:r=0.932
n:0.8776519680395722, -0.5031026247888803, 0.3872418226674199, -0.5150691834278405, 0.7493455791845918, 0.9087125160731375, d=@:p=0.982
n:0.006196996197104454, -0.4345530606806278, -0.475733011495322, -0.9199658776633441, -0.047533093485981226, -0.8565697823651135, d=|:r=0.885
c:-0.1919842273928225, 0.9505723095498979, 0.5768356728367507, 0.13621653011068702, 0.5978594124317169, -0.4333378728479147, 1.8
",1.8693000899014e-06,"//H
3
j:y1=0.329, fr=0.181
j:-0.9132737307809293, -0.5797953228466213, -0.3783065271563828, -0.9315263531170785, 0.3318778886459768, 0.3346595368348062, fr=0.393, rotstif=0.933
j:-0.3245047046802938, -0.7827173471450806, 0.6623983108438551, 0.7614813218824565, -0.8011379591189325, -0.9145923191681504, rotstif=0.995
j:-0.869728229008615, 0.3435910604894161, -0.7204349720850587, 0.9794652466662228, -0.5305099566467106, 0.22224077582359314, fr=0.272
j:0.20091322576627135, -0.2895826636813581, -0.7306126859039068, -0.42008577240630984, 0.6021321848966181, -0.01514106709510088, fr=0.172, l=0.994
j:-0.28165968181565404, -0.7361844843253493, 0.29436824563890696, -0.42685755575075746, -0.5224069440737367, 0.8747670031152666, rotstif=0.954
n:-0.8733414323069155, -0.21950699342414737, 0.29932392900809646, -0.9474509130232036, -0.19352864986285567, -0.6198870590887964, d=|:r=0.932
n:0.8776519680395722, -0.5031026247888803, 0.3872418226674199, -0.5150691834278405, 0.7493455791845918, 0.9087125160731375, d=@:p=0.982
n:0.006196996197104454, -0.4345530606806278, -0.475733011495322, -0.9199658776633441, -0.047533093485981226, -0.8565697823651135, d=|:r=0.885
"
28,H,37,38,"//H
3
j:y1=0.329, fr=0.181
j:-0.9132737307809293, -0.5797953228466213, -0.3783065271563828, -0.9315263531170785, 0.3318778886459768, 0.3346595368348062, fr=0.393, rotstif=0.933
j:-0.3245047046802938, -0.7827173471450806, 0.6623983108438551, 0.7614813218824565, -0.8011379591189325, -0.9145923191681504, rotstif=0.995
j:-0.869728229008615, 0.3435910604894161, -0.7204349720850587, 0.9794652466662228, -0.5305099566467106, 0.22224077582359314, fr=0.272
j:0.20091322576627135, -0.2895826636813581, -0.7306126859039068, -0.42008577240630984, 0.6021321848966181, -0.01514106709510088, fr=0.172, l=0.994
j:-0.28165968181565404, -0.7361844843253493, 0.29436824563890696, -0.42685755575075746, -0.5224069440737367, 0.8747670031152666, rotstif=0.954
n:-0.8733414323069155, -0.21950699342414737, 0.29932392900809646, -0.9474509130232036, -0.19352864986285567, -0.6198870590887964, d=|:r=0.932
n:0.8776519680395722, -0.5031026247888803, 0.3872418226674199, -0.5150691834278405, 0.7493455791845918, 0.9087125160731375, d=@:p=0.996
n:0.006196996197104454, -0.4345530606806278, -0.475733011495322, -0.9199658776633441, -0.047533093485981226, -0.8565697823651135, d=|:r=0.885
",1.882342373948492e-06,"//H
3
j:y1=0.329, fr=0.181
j:-0.9132737307809293, -0.5797953228466213, -0.3783065271563828, -0.9315263531170785, 0.3318778886459768, 0.3346595368348062, fr=0.393, rotstif=0.933
j:-0.3245047046802938, -0.7827173471450806, 0.6623983108438551, 0.7614813218824565, -0.8011379591189325, -0.9145923191681504, rotstif=0.995
j:-0.869728229008615, 0.3435910604894161, -0.7204349720850587, 0.9794652466662228, -0.5305099566467106, 0.22224077582359314, fr=0.272
j:0.20091322576627135, -0.2895826636813581, -0.7306126859039068, -0.42008577240630984, 0.6021321848966181, -0.01514106709510088, fr=0.172, l=0.994
j:-0.28165968181565404, -0.7361844843253493, 0.29436824563890696, -0.42685755575075746, -0.5224069440737367, 0.8747670031152666, rotstif=0.954
n:-0.8733414323069155, -0.21950699342414737, 0.29932392900809646, -0.9474509130232036, -0.19352864986285567, -0.6198870590887964, d=|:r=0.932
n:0.8776519680395722, -0.5031026247888803, 0.3872418226674199, -0.5150691834278405, 0.7493455791845918, 0.9087125160731375, d=@:p=0.982
n:0.006196996197104454, -0.4345530606806278, -0.475733011495322, -0.9199658776633441, -0.047533093485981226, -0.8565697823651135, d=|:r=0.885
"
28,H,38,39,"//H
3
j:y1=0.329, fr=0.181
j:-0.9132737307809293, -0.5797953228466213, -0.3783065271563828, -0.9315263531170785, 0.3318778886459768, 0.3346595368348062, fr=0.393, rotstif=0.933
j:-0.3245047046802938, -0.7827173471450806, 0.6623983108438551, 0.7614813218824565, -0.8011379591189325, -0.9145923191681504, rotstif=0.995
j:-0.869728229008615, 0.3435910604894161, -0.7204349720850587, 0.9794652466662228, -0.5305099566467106, 0.22224077582359314, fr=0.272
j:0.20091322576627135, -0.2895826636813581, -0.7306126859039068, -0.42008577240630984, 0.6021321848966181, -0.01514106709510088, fr=0.295, l=0.994
j:-0.28165968181565404, -0.7361844843253493, 0.29436824563890696, -0.42685755575075746, -0.5224069440737367, 0.8747670031152666, rotstif=0.954
n:-0.8733414323069155, -0.21950699342414737, 0.29932392900809646, -0.9474509130232036, -0.19352864986285567, -0.6198870590887964, d=|:r=0.932
n:0.8776519680395722, -0.5031026247888803, 0.3872418226674199, -0.5150691834278405, 0.7493455791845918, 0.9087125160731375, d=@:p=0.996
n:0.006196996197104454, -0.4345530606806278, -0.475733011495322, -0.9199658776633441, -0.047533093485981226, -0.8565697823651135, d=|:r=0.885
",1.934748992450499e-06,"//H
3
j:y1=0.329, fr=0.181
j:-0.9132737307809293, -0.5797953228466213, -0.3783065271563828, -0.9315263531170785, 0.3318778886459768, 0.3346595368348062, fr=0.393, rotstif=0.933
j:-0.3245047046802938, -0.7827173471450806, 0.6623983108438551, 0.7614813218824565, -0.8011379591189325, -0.9145923191681504, rotstif=0.995
j:-0.869728229008615, 0.3435910604894161, -0.7204349720850587, 0.9794652466662228, -0.5305099566467106, 0.22224077582359314, fr=0.272
j:0.20091322576627135, -0.2895826636813581, -0.7306126859039068, -0.42008577240630984, 0.6021321848966181, -0.01514106709510088, fr=0.172, l=0.994
j:-0.28165968181565404, -0.7361844843253493, 0.29436824563890696, -0.42685755575075746, -0.5224069440737367, 0.8747670031152666, rotstif=0.954
n:-0.8733414323069155, -0.21950699342414737, 0.29932392900809646, -0.9474509130232036, -0.19352864986285567, -0.6198870590887964, d=|:r=0.932
n:0.8776519680395722, -0.5031026247888803, 0.3872418226674199, -0.5150691834278405, 0.7493455791845918, 0.9087125160731375, d=@:p=0.996
n:0.006196996197104454, -0.4345530606806278, -0.475733011495322, -0.9199658776633441, -0.047533093485981226, -0.8565697823651135, d=|:r=0.885
"
28,H,39,40,"//H
3
j:y1=0.329, fr=0.181
j:-0.9132737307809293, -0.5797953228466213, -0.3783065271563828, -0.9315263531170785, 0.3318778886459768, 0.3346595368348062, fr=0.393, rotstif=0.933
j:-0.3245047046802938, -0.7827173471450806, 0.6623983108438551, 0.7614813218824565, -0.8011379591189325, -0.9145923191681504, rotstif=0.995
j:-0.869728229008615, 0.3435910604894161, -0.7204349720850587, 0.9794652466662228, -0.5305099566467106, 0.22224077582359314, fr=0.272
j:0.20091322576627135, -0.2895826636813581, -0.7306126859039068, -0.42008577240630984, 0.6021321848966181, -0.01514106709510088, fr=0.295, l=0.994
j:-0.28165968181565404, -0.7361844843253493, 0.29436824563890696, -0.42685755575075746, -0.5224069440737367, 0.8747670031152666, rotstif=0.954
n:-0.8733414323069155, -0.21950699342414737, 0.29932392900809646, -0.9474509130232036, -0.19352864986285567, -0.6198870590887964, d=|:r=0.932
n:0.8776519680395722, -0.5031026247888803, 0.3872418226674199, -0.5150691834278405, 0.7493455791845918, 0.9087125160731375, d=@:p=0.996
n:0.006196996197104454, -0.4345530606806278, -0.475733011495322, -0.9199658776633441, -0.047533093485981226, -0.8565697823651135, d=|:r=0.885
n:-0.873206299263984, -0.491418759804219, 0.13560676155611873, -0.8368806652724743, 0.34102479275316, 0.15057970955967903, d=T:r=0.89
",1.934748992450499e-06,"//H
3
j:y1=0.329, fr=0.181
j:-0.9132737307809293, -0.5797953228466213, -0.3783065271563828, -0.9315263531170785, 0.3318778886459768, 0.3346595368348062, fr=0.393, rotstif=0.933
j:-0.3245047046802938, -0.7827173471450806, 0.6623983108438551, 0.7614813218824565, -0.8011379591189325, -0.9145923191681504, rotstif=0.995
j:-0.869728229008615, 0.3435910604894161, -0.7204349720850587, 0.9794652466662228, -0.5305099566467106, 0.22224077582359314, fr=0.272
j:0.20091322576627135, -0.2895826636813581, -0.7306126859039068, -0.42008577240630984, 0.6021321848966181, -0.01514106709510088, fr=0.295, l=0.994
j:-0.28165968181565404, -0.7361844843253493, 0.29436824563890696, -0.42685755575075746, -0.5224069440737367, 0.8747670031152666, rotstif=0.954
n:-0.8733414323069155, -0.21950699342414737, 0.29932392900809646, -0.9474509130232036, -0.19352864986285567, -0.6198870590887964, d=|:r=0.932
n:0.8776519680395722, -0.5031026247888803, 0.3872418226674199, -0.5150691834278405, 0.7493455791845918, 0.9087125160731375, d=@:p=0.996
n:0.006196996197104454, -0.4345530606806278, -0.475733011495322, -0.9199658776633441, -0.047533093485981226, -0.8565697823651135, d=|:r=0.885
"
28,H,40,41,"//H
3
j:y1=0.329, fr=0.181
j:-0.9132737307809293, -0.5797953228466213, -0.3783065271563828, -0.9315263531170785, 0.3318778886459768, 0.3346595368348062, fr=0.393, rotstif=0.933
j:-0.3245047046802938, -0.7827173471450806, 0.6623983108438551, 0.7614813218824565, -0.8011379591189325, -0.9145923191681504, rotstif=0.995
j:-0.869728229008615, 0.3435910604894161, -0.7204349720850587, 0.9794652466662228, -0.5305099566467106, 0.22224077582359314, fr=0.272
j:0.20091322576627135, -0.2895826636813581, -0.7306126859039068, -0.42008577240630984, 0.6021321848966181, -0.01514106709510088, fr=0.295, l=0.994
j:-0.28165968181565404, -0.7361844843253493, 0.29436824563890696, -0.42685755575075746, -0.5224069440737367, 0.8747670031152666, rotstif=0.954, l=1.029
n:-0.8733414323069155, -0.21950699342414737, 0.29932392900809646, -0.9474509130232036, -0.19352864986285567, -0.6198870590887964, d=|:r=0.932
n:0.8776519680395722, -0.5031026247888803, 0.3872418226674199, -0.5150691834278405, 0.7493455791845918, 0.9087125160731375, d=@:p=0.996
n:0.006196996197104454, -0.4345530606806278, -0.475733011495322, -0.9199658776633441, -0.047533093485981226, -0.8565697823651135, d=|:r=0.885
",1.9374073713728356e-06,"//H
3
j:y1=0.329, fr=0.181
j:-0.9132737307809293, -0.5797953228466213, -0.3783065271563828, -0.9315263531170785, 0.3318778886459768, 0.3346595368348062, fr=0.393, rotstif=0.933
j:-0.3245047046802938, -0.7827173471450806, 0.6623983108438551, 0.7614813218824565, -0.8011379591189325, -0.9145923191681504, rotstif=0.995
j:-0.869728229008615, 0.3435910604894161, -0.7204349720850587, 0.9794652466662228, -0.5305099566467106, 0.22224077582359314, fr=0.272
j:0.20091322576627135, -0.2895826636813581, -0.7306126859039068, -0.42008577240630984, 0.6021321848966181, -0.01514106709510088, fr=0.295, l=0.994
j:-0.28165968181565404, -0.7361844843253493, 0.29436824563890696, -0.42685755575075746, -0.5224069440737367, 0.8747670031152666, rotstif=0.954
n:-0.8733414323069155, -0.21950699342414737, 0.29932392900809646, -0.9474509130232036, -0.19352864986285567, -0.6198870590887964, d=|:r=0.932
n:0.8776519680395722, -0.5031026247888803, 0.3872418226674199, -0.5150691834278405, 0.7493455791845918, 0.9087125160731375, d=@:p=0.996
n:0.006196996197104454, -0.4345530606806278, -0.475733011495322, -0.9199658776633441, -0.047533093485981226, -0.8565697823651135, d=|:r=0.885
"
28,H,41,42,"//H
3
j:y1=0.329, fr=0.181
j:-0.9132737307809293, -0.5797953228466213, -0.3783065271563828, -0.9315263531170785, 0.3318778886459768, 0.3346595368348062, fr=0.393, rotstif=0.933
j:-0.3245047046802938, -0.7827173471450806, 0.6623983108438551, 0.7614813218824565, -0.8011379591189325, -0.9145923191681504, rotstif=0.995
j:-0.869728229008615, 0.3435910604894161, -0.7204349720850587, 0.9794652466662228, -0.5305099566467106, 0.22224077582359314, fr=0.272
j:0.20091322576627135, -0.2895826636813581, -0.7306126859039068, -0.42008577240630984, 0.6021321848966181, -0.01514106709510088, fr=0.295, l=1.032
j:-0.28165968181565404, -0.7361844843253493, 0.29436824563890696, -0.42685755575075746, -0.5224069440737367, 0.8747670031152666, rotstif=0.954, l=1.029
n:-0.8733414323069155, -0.21950699342414737, 0.29932392900809646, -0.9474509130232036, -0.19352864986285567, -0.6198870590887964, d=|:r=0.932
n:0.8776519680395722, -0.5031026247888803, 0.3872418226674199, -0.5150691834278405, 0.7493455791845918, 0.9087125160731375, d=@:p=0.996
n:0.006196996197104454, -0.4345530606806278, -0.475733011495322, -0.9199658776633441, -0.047533093485981226, -0.8565697823651135, d=|:r=0.885
",1.9378530125960015e-06,"//H
3
j:y1=0.329, fr=0.181
j:-0.9132737307809293, -0.5797953228466213, -0.3783065271563828, -0.9315263531170785, 0.3318778886459768, 0.3346595368348062, fr=0.393, rotstif=0.933
j:-0.3245047046802938, -0.7827173471450806, 0.6623983108438551, 0.7614813218824565, -0.8011379591189325, -0.9145923191681504, rotstif=0.995
j:-0.869728229008615, 0.3435910604894161, -0.7204349720850587, 0.9794652466662228, -0.5305099566467106, 0.22224077582359314, fr=0.272
j:0.20091322576627135, -0.2895826636813581, -0.7306126859039068, -0.42008577240630984, 0.6021321848966181, -0.01514106709510088, fr=0.295, l=0.994
j:-0.28165968181565404, -0.7361844843253493, 0.29436824563890696, -0.42685755575075746, -0.5224069440737367, 0.8747670031152666, rotstif=0.954, l=1.029
n:-0.8733414323069155, -0.21950699342414737, 0.29932392900809646, -0.9474509130232036, -0.19352864986285567, -0.6198870590887964, d=|:r=0.932
n:0.8776519680395722, -0.5031026247888803, 0.3872418226674199, -0.5150691834278405, 0.7493455791845918, 0.9087125160731375, d=@:p=0.996
n:0.006196996197104454, -0.4345530606806278, -0.475733011495322, -0.9199658776633441, -0.047533093485981226, -0.8565697823651135, d=|:r=0.885
"
28,H,42,43,"//H
3
j:y1=0.329, fr=0.181
j:-0.9132737307809293, -0.5797953228466213, -0.3783065271563828, -0.9315263531170785, 0.3318778886459768, 0.3346595368348062, fr=0.393, rotstif=0.933
j:-0.3245047046802938, -0.7827173471450806, 0.6623983108438551, 0.7614813218824565, -0.8011379591189325, -0.9145923191681504, rotstif=0.995
j:-0.869728229008615, 0.3435910604894161, -0.7204349720850587, 0.9794652466662228, -0.5305099566467106, 0.22224077582359314, fr=0.272
j:0.20091322576627135, -0.2895826636813581, -0.7306126859039068, -0.42008577240630984, 0.6021321848966181, -0.01514106709510088, fr=0.232, l=1.032
j:-0.28165968181565404, -0.7361844843253493, 0.29436824563890696, -0.42685755575075746, -0.5224069440737367, 0.8747670031152666, rotstif=0.954, l=1.029
n:-0.8733414323069155, -0.21950699342414737, 0.29932392900809646, -0.9474509130232036, -0.19352864986285567, -0.6198870590887964, d=|:r=0.932
n:0.8776519680395722, -0.5031026247888803, 0.3872418226674199, -0.5150691834278405, 0.7493455791845918, 0.9087125160731375, d=@:p=0.996
n:0.006196996197104454, -0.4345530606806278, -0.475733011495322, -0.9199658776633441, -0.047533093485981226, -0.8565697823651135, d=|:r=0.885
",1.9632230500604016e-06,"//H
3
j:y1=0.329, fr=0.181
j:-0.9132737307809293, -0.5797953228466213, -0.3783065271563828, -0.9315263531170785, 0.3318778886459768, 0.3346595368348062, fr=0.393, rotstif=0.933
j:-0.3245047046802938, -0.7827173471450806, 0.6623983108438551, 0.7614813218824565, -0.8011379591189325, -0.9145923191681504, rotstif=0.995
j:-0.869728229008615, 0.3435910604894161, -0.7204349720850587, 0.9794652466662228, -0.5305099566467106, 0.22224077582359314, fr=0.272
j:0.20091322576627135, -0.2895826636813581, -0.7306126859039068, -0.42008577240630984, 0.6021321848966181, -0.01514106709510088, fr=0.295, l=1.032
j:-0.28165968181565404, -0.7361844843253493, 0.29436824563890696, -0.42685755575075746, -0.5224069440737367, 0.8747670031152666, rotstif=0.954, l=1.029
n:-0.8733414323069155, -0.21950699342414737, 0.29932392900809646, -0.9474509130232036, -0.19352864986285567, -0.6198870590887964, d=|:r=0.932
n:0.8776519680395722, -0.5031026247888803, 0.3872418226674199, -0.5150691834278405, 0.7493455791845918, 0.9087125160731375, d=@:p=0.996
n:0.006196996197104454, -0.4345530606806278, -0.475733011495322, -0.9199658776633441, -0.047533093485981226, -0.8565697823651135, d=|:r=0.885
"
28,H,43,44,"//H
3
j:y1=0.329, fr=0.181
j:-0.9132737307809293, -0.5797953228466213, -0.3783065271563828, -0.9315263531170785, 0.3318778886459768, 0.3346595368348062, fr=0.393, rotstif=0.933
j:-0.3245047046802938, -0.7827173471450806, 0.6623983108438551, 0.7614813218824565, -0.8011379591189325, -0.9145923191681504, rotstif=0.995
j:-0.869728229008615, 0.3435910604894161, -0.7204349720850587, 0.9794652466662228, -0.5305099566467106, 0.22224077582359314, fr=0.272
j:0.20091322576627135, -0.2895826636813581, -0.7306126859039068, -0.42008577240630984, 0.6021321848966181, -0.01514106709510088, fr=0.232, l=1.032
j:-0.28165968181565404, -0.7361844843253493, 0.29436824563890696, -0.42685755575075746, -0.5224069440737367, 0.8747670031152666, rotstif=0.954, l=1.029
n:-0.8733414323069155, -0.21950699342414737, 0.29932392900809646, -0.9474509130232036, -0.19352864986285567, -0.6198870590887964, d=|:r=0.932
n:0.8776519680395722, -0.5031026247888803, 0.183, -0.5150691834278405, 0.7493455791845918, 0.9087125160731375, d=@:p=0.996
n:0.006196996197104454, -0.4345530606806278, -0.475733011495322, -0.9199658776633441, -0.047533093485981226, -0.8565697823651135, d=|:r=0.885
",1.9632230500604016e-06,"//H
3
j:y1=0.329, fr=0.181
j:-0.9132737307809293, -0.5797953228466213, -0.3783065271563828, -0.9315263531170785, 0.3318778886459768, 0.3346595368348062, fr=0.393, rotstif=0.933
j:-0.3245047046802938, -0.7827173471450806, 0.6623983108438551, 0.7614813218824565, -0.8011379591189325, -0.9145923191681504, rotstif=0.995
j:-0.869728229008615, 0.3435910604894161, -0.7204349720850587, 0.9794652466662228, -0.5305099566467106, 0.22224077582359314, fr=0.272
j:0.20091322576627135, -0.2895826636813581, -0.7306126859039068, -0.42008577240630984, 0.6021321848966181, -0.01514106709510088, fr=0.232, l=1.032
j:-0.28165968181565404, -0.7361844843253493, 0.29436824563890696, -0.42685755575075746, -0.5224069440737367, 0.8747670031152666, rotstif=0.954, l=1.029
n:-0.8733414323069155, -0.21950699342414737, 0.29932392900809646, -0.9474509130232036, -0.19352864986285567, -0.6198870590887964, d=|:r=0.932
n:0.8776519680395722, -0.5031026247888803, 0.3872418226674199, -0.5150691834278405, 0.7493455791845918, 0.9087125160731375, d=@:p=0.996
n:0.006196996197104454, -0.4345530606806278, -0.475733011495322, -0.9199658776633441, -0.047533093485981226, -0.8565697823651135, d=|:r=0.885
"
28,H,44,45,"//H
3
j:y1=0.329, fr=0.181
j:-0.9132737307809293, -0.5797953228466213, -0.3783065271563828, -0.9315263531170785, 0.3318778886459768, 0.3346595368348062, fr=0.393, rotstif=0.933
j:-0.3245047046802938, -0.7827173471450806, 0.6623983108438551, 0.7614813218824565, -0.8011379591189325, -0.9145923191681504, rotstif=0.995
j:-0.869728229008615, 0.3435910604894161, -0.7204349720850587, 0.9794652466662228, -0.5305099566467106, 0.22224077582359314, fr=0.272
j:0.20091322576627135, -0.2895826636813581, -0.7306126859039068, -0.42008577240630984, 0.6021321848966181, -0.01514106709510088, fr=0.232, l=1.032
j:-0.28165968181565404, -0.7361844843253493, 0.29436824563890696, -0.42685755575075746, -0.5224069440737367, 0.8747670031152666, rotstif=0.954, l=1.029
n:-0.8733414323069155, -0.21950699342414737, 0.29932392900809646, -0.9474509130232036, -0.19352864986285567, -0.6198870590887964, d=|:r=0.932
n:0.8776519680395722, -0.5031026247888803, 0.3872418226674199, -0.5150691834278405, 0.7493455791845918, 0.9087125160731375, d=@:p=0.996
n:0.006196996197104454, -0.4345530606806278, -0.475733011495322, -0.9199658776633441, -0.047533093485981226, -0.8565697823651135, d=|:r=0.885
c:-0.43753572879359126, 0.6041710004210472, -0.19130931003019214, 0.8402745113708079, 0.6001122249290347, -0.8440005034208298, 4.4
",1.9632230500604016e-06,"//H
3
j:y1=0.329, fr=0.181
j:-0.9132737307809293, -0.5797953228466213, -0.3783065271563828, -0.9315263531170785, 0.3318778886459768, 0.3346595368348062, fr=0.393, rotstif=0.933
j:-0.3245047046802938, -0.7827173471450806, 0.6623983108438551, 0.7614813218824565, -0.8011379591189325, -0.9145923191681504, rotstif=0.995
j:-0.869728229008615, 0.3435910604894161, -0.7204349720850587, 0.9794652466662228, -0.5305099566467106, 0.22224077582359314, fr=0.272
j:0.20091322576627135, -0.2895826636813581, -0.7306126859039068, -0.42008577240630984, 0.6021321848966181, -0.01514106709510088, fr=0.232, l=1.032
j:-0.28165968181565404, -0.7361844843253493, 0.29436824563890696, -0.42685755575075746, -0.5224069440737367, 0.8747670031152666, rotstif=0.954, l=1.029
n:-0.8733414323069155, -0.21950699342414737, 0.29932392900809646, -0.9474509130232036, -0.19352864986285567, -0.6198870590887964, d=|:r=0.932
n:0.8776519680395722, -0.5031026247888803, 0.3872418226674199, -0.5150691834278405, 0.7493455791845918, 0.9087125160731375, d=@:p=0.996
n:0.006196996197104454, -0.4345530606806278, -0.475733011495322, -0.9199658776633441, -0.047533093485981226, -0.8565697823651135, d=|:r=0.885
"
28,H,45,46,"//H
3
j:y1=0.329, fr=0.181
j:-0.9132737307809293, -0.5797953228466213, -0.3783065271563828, -0.9315263531170785, 0.3318778886459768, 0.3346595368348062, fr=0.393, rotstif=0.933
j:-0.3245047046802938, -0.7827173471450806, 0.6623983108438551, 0.7614813218824565, -0.8011379591189325, -0.9145923191681504, rotstif=0.995
j:-0.869728229008615, 0.3435910604894161, -0.7204349720850587, 0.9794652466662228, -0.5305099566467106, 0.22224077582359314, fr=0.272
j:0.20091322576627135, -0.2895826636813581, -0.7306126859039068, -0.42008577240630984, 0.6021321848966181, -0.01514106709510088, fr=0.232, l=1.032
j:-0.28165968181565404, -0.7361844843253493, 0.29436824563890696, -0.42685755575075746, -0.5224069440737367, 0.8747670031152666, rotstif=0.954, l=1.029
n:-0.8733414323069155, -0.21950699342414737, 0.29932392900809646, -0.9474509130232036, -0.19352864986285567, -0.6198870590887964, d=|:r=0.932
n:0.8776519680395722, -0.5031026247888803, 0.3872418226674199, -0.5150691834278405, 0.7493455791845918, 0.9087125160731375, d=@:p=0.996
n:0.006196996197104454, -0.4345530606806278, -0.475733011495322, -0.9199658776633441, -0.047533093485981226, -0.8565697823651135, d=""|:p=0.27, r=0.885""
",2.170047580825147e-06,"//H
3
j:y1=0.329, fr=0.181
j:-0.9132737307809293, -0.5797953228466213, -0.3783065271563828, -0.9315263531170785, 0.3318778886459768, 0.3346595368348062, fr=0.393, rotstif=0.933
j:-0.3245047046802938, -0.7827173471450806, 0.6623983108438551, 0.7614813218824565, -0.8011379591189325, -0.9145923191681504, rotstif=0.995
j:-0.869728229008615, 0.3435910604894161, -0.7204349720850587, 0.9794652466662228, -0.5305099566467106, 0.22224077582359314, fr=0.272
j:0.20091322576627135, -0.2895826636813581, -0.7306126859039068, -0.42008577240630984, 0.6021321848966181, -0.01514106709510088, fr=0.232, l=1.032
j:-0.28165968181565404, -0.7361844843253493, 0.29436824563890696, -0.42685755575075746, -0.5224069440737367, 0.8747670031152666, rotstif=0.954, l=1.029
n:-0.8733414323069155, -0.21950699342414737, 0.29932392900809646, -0.9474509130232036, -0.19352864986285567, -0.6198870590887964, d=|:r=0.932
n:0.8776519680395722, -0.5031026247888803, 0.3872418226674199, -0.5150691834278405, 0.7493455791845918, 0.9087125160731375, d=@:p=0.996
n:0.006196996197104454, -0.4345530606806278, -0.475733011495322, -0.9199658776633441, -0.047533093485981226, -0.8565697823651135, d=|:r=0.885
"
28,H,46,47,"//H
3
j:y1=0.329, fr=0.181
j:-0.9132737307809293, -0.5797953228466213, -0.3783065271563828, -0.9315263531170785, 0.3318778886459768, 0.3346595368348062, fr=0.393, rotstif=0.933
j:-0.3245047046802938, -0.7827173471450806, 0.6623983108438551, 0.7614813218824565, -0.8011379591189325, -0.9145923191681504, rotstif=0.995
j:-0.869728229008615, 0.3435910604894161, -0.7204349720850587, 0.9794652466662228, -0.5305099566467106, 0.22224077582359314, fr=0.272
j:0.20091322576627135, -0.491, -0.7306126859039068, -0.42008577240630984, 0.6021321848966181, -0.01514106709510088, fr=0.232, l=1.032
j:-0.28165968181565404, -0.7361844843253493, 0.29436824563890696, -0.42685755575075746, -0.5224069440737367, 0.8747670031152666, rotstif=0.954, l=1.029
n:-0.8733414323069155, -0.21950699342414737, 0.29932392900809646, -0.9474509130232036, -0.19352864986285567, -0.6198870590887964, d=|:r=0.932
n:0.8776519680395722, -0.5031026247888803, 0.3872418226674199, -0.5150691834278405, 0.7493455791845918, 0.9087125160731375, d=@:p=0.996
n:0.006196996197104454, -0.4345530606806278, -0.475733011495322, -0.9199658776633441, -0.047533093485981226, -0.8565697823651135, d=""|:p=0.27, r=0.885""
",2.170047580825147e-06,"//H
3
j:y1=0.329, fr=0.181
j:-0.9132737307809293, -0.5797953228466213, -0.3783065271563828, -0.9315263531170785, 0.3318778886459768, 0.3346595368348062, fr=0.393, rotstif=0.933
j:-0.3245047046802938, -0.7827173471450806, 0.6623983108438551, 0.7614813218824565, -0.8011379591189325, -0.9145923191681504, rotstif=0.995
j:-0.869728229008615, 0.3435910604894161, -0.7204349720850587, 0.9794652466662228, -0.5305099566467106, 0.22224077582359314, fr=0.272
j:0.20091322576627135, -0.2895826636813581, -0.7306126859039068, -0.42008577240630984, 0.6021321848966181, -0.01514106709510088, fr=0.232, l=1.032
j:-0.28165968181565404, -0.7361844843253493, 0.29436824563890696, -0.42685755575075746, -0.5224069440737367, 0.8747670031152666, rotstif=0.954, l=1.029
n:-0.8733414323069155, -0.21950699342414737, 0.29932392900809646, -0.9474509130232036, -0.19352864986285567, -0.6198870590887964, d=|:r=0.932
n:0.8776519680395722, -0.5031026247888803, 0.3872418226674199, -0.5150691834278405, 0.7493455791845918, 0.9087125160731375, d=@:p=0.996
n:0.006196996197104454, -0.4345530606806278, -0.475733011495322, -0.9199658776633441, -0.047533093485981226, -0.8565697823651135, d=""|:p=0.27, r=0.885""
"
28,H,47,48,"//H
3
j:y1=0.329, fr=0.181
j:-0.9132737307809293, -0.5797953228466213, -0.3783065271563828, -0.9315263531170785, 0.3318778886459768, 0.3346595368348062, fr=0.393, rotstif=0.933
j:-0.3245047046802938, -0.7827173471450806, 0.6623983108438551, 0.7614813218824565, -0.8011379591189325, -0.9145923191681504, rotstif=0.995
j:-0.869728229008615, 0.3435910604894161, -0.7204349720850587, 0.9794652466662228, -0.5305099566467106, 0.22224077582359314, fr=0.272
j:0.20091322576627135, -0.2895826636813581, -0.7306126859039068, -0.42008577240630984, 0.6021321848966181, -0.01514106709510088, fr=0.232, l=1.032
j:-0.28165968181565404, -0.7361844843253493, 0.29436824563890696, -0.42685755575075746, -0.5224069440737367, 0.8747670031152666, rotstif=0.954, l=1.029
n:-0.8733414323069155, -0.21950699342414737, 0.29932392900809646, -0.941, -0.19352864986285567, -0.6198870590887964, d=|:r=0.932
n:0.8776519680395722, -0.5031026247888803, 0.3872418226674199, -0.5150691834278405, 0.7493455791845918, 0.9087125160731375, d=@:p=0.996
n:0.006196996197104454, -0.4345530606806278, -0.475733011495322, -0.9199658776633441, -0.047533093485981226, -0.8565697823651135, d=""|:p=0.27, r=0.885""
",2.170047580825147e-06,"//H
3
j:y1=0.329, fr=0.181
j:-0.9132737307809293, -0.5797953228466213, -0.3783065271563828, -0.9315263531170785, 0.3318778886459768, 0.3346595368348062, fr=0.393, rotstif=0.933
j:-0.3245047046802938, -0.7827173471450806, 0.6623983108438551, 0.7614813218824565, -0.8011379591189325, -0.9145923191681504, rotstif=0.995
j:-0.869728229008615, 0.3435910604894161, -0.7204349720850587, 0.9794652466662228, -0.5305099566467106, 0.22224077582359314, fr=0.272
j:0.20091322576627135, -0.2895826636813581, -0.7306126859039068, -0.42008577240630984, 0.6021321848966181, -0.01514106709510088, fr=0.232, l=1.032
j:-0.28165968181565404, -0.7361844843253493, 0.29436824563890696, -0.42685755575075746, -0.5224069440737367, 0.8747670031152666, rotstif=0.954, l=1.029
n:-0.8733414323069155, -0.21950699342414737, 0.29932392900809646, -0.9474509130232036, -0.19352864986285567, -0.6198870590887964, d=|:r=0.932
n:0.8776519680395722, -0.5031026247888803, 0.3872418226674199, -0.5150691834278405, 0.7493455791845918, 0.9087125160731375, d=@:p=0.996
n:0.006196996197104454, -0.4345530606806278, -0.475733011495322, -0.9199658776633441, -0.047533093485981226, -0.8565697823651135, d=""|:p=0.27, r=0.885""
"
28,H,48,49,"//H
3
j:y1=0.329, fr=0.181
j:-0.9132737307809293, -0.5797953228466213, -0.3783065271563828, -0.9315263531170785, 0.3318778886459768, 0.3346595368348062, fr=0.393, rotstif=0.933
j:-0.3245047046802938, -0.7827173471450806, 0.6623983108438551, 0.7614813218824565, -0.8011379591189325, -0.9145923191681504, rotstif=0.995
j:-0.869728229008615, 0.3435910604894161, -0.7204349720850587, 0.9794652466662228, -0.5305099566467106, 0.22224077582359314, fr=0.272
j:0.20091322576627135, -0.2895826636813581, -0.7306126859039068, -0.42008577240630984, 0.6021321848966181, -0.01514106709510088, fr=0.232, l=1.032
j:-0.28165968181565404, -0.7361844843253493, 0.29436824563890696, -0.42685755575075746, -0.5224069440737367, 0.8747670031152666, rotstif=0.954, l=1.029
n:-0.8733414323069155, -0.21950699342414737, 0.29932392900809646, -0.9474509130232036, -0.19352864986285567, -0.6198870590887964, d=|:r=0.932
n:0.8776519680395722, -0.5031026247888803, 0.3872418226674199, -0.5150691834278405, 0.7493455791845918, 0.9087125160731375, d=@:p=0.996
n:0.006196996197104454, -0.4345530606806278, -0.541, -0.9199658776633441, -0.047533093485981226, -0.8565697823651135, d=""|:p=0.27, r=0.885""
",2.170047580825147e-06,"//H
3
j:y1=0.329, fr=0.181
j:-0.9132737307809293, -0.5797953228466213, -0.3783065271563828, -0.9315263531170785, 0.3318778886459768, 0.3346595368348062, fr=0.393, rotstif=0.933
j:-0.3245047046802938, -0.7827173471450806, 0.6623983108438551, 0.7614813218824565, -0.8011379591189325, -0.9145923191681504, rotstif=0.995
j:-0.869728229008615, 0.3435910604894161, -0.7204349720850587, 0.9794652466662228, -0.5305099566467106, 0.22224077582359314, fr=0.272
j:0.20091322576627135, -0.2895826636813581, -0.7306126859039068, -0.42008577240630984, 0.6021321848966181, -0.01514106709510088, fr=0.232, l=1.032
j:-0.28165968181565404, -0.7361844843253493, 0.29436824563890696, -0.42685755575075746, -0.5224069440737367, 0.8747670031152666, rotstif=0.954, l=1.029
n:-0.8733414323069155, -0.21950699342414737, 0.29932392900809646, -0.9474509130232036, -0.19352864986285567, -0.6198870590887964, d=|:r=0.932
n:0.8776519680395722, -0.5031026247888803, 0.3872418226674199, -0.5150691834278405, 0.7493455791845918, 0.9087125160731375, d=@:p=0.996
n:0.006196996197104454, -0.4345530606806278, -0.475733011495322, -0.9199658776633441, -0.047533093485981226, -0.8565697823651135, d=""|:p=0.27, r=0.885""
"
28,H,49,50,"//H
3
j:y1=0.329, fr=0.181
j:-0.9132737307809293, -0.5797953228466213, -0.3783065271563828, -0.941, 0.3318778886459768, 0.3346595368348062, fr=0.393, rotstif=0.933
j:-0.3245047046802938, -0.7827173471450806, 0.6623983108438551, 0.7614813218824565, -0.8011379591189325, -0.9145923191681504, rotstif=0.995
j:-0.869728229008615, 0.3435910604894161, -0.7204349720850587, 0.9794652466662228, -0.5305099566467106, 0.22224077582359314, fr=0.272
j:0.20091322576627135, -0.2895826636813581, -0.7306126859039068, -0.42008577240630984, 0.6021321848966181, -0.01514106709510088, fr=0.232, l=1.032
j:-0.28165968181565404, -0.7361844843253493, 0.29436824563890696, -0.42685755575075746, -0.5224069440737367, 0.8747670031152666, rotstif=0.954, l=1.029
n:-0.8733414323069155, -0.21950699342414737, 0.29932392900809646, -0.9474509130232036, -0.19352864986285567, -0.6198870590887964, d=|:r=0.932
n:0.8776519680395722, -0.5031026247888803, 0.3872418226674199, -0.5150691834278405, 0.7493455791845918, 0.9087125160731375, d=@:p=0.996
n:0.006196996197104454, -0.4345530606806278, -0.475733011495322, -0.9199658776633441, -0.047533093485981226, -0.8565697823651135, d=""|:p=0.27, r=0.885""
",2.170047580825147e-06,"//H
3
j:y1=0.329, fr=0.181
j:-0.9132737307809293, -0.5797953228466213, -0.3783065271563828, -0.9315263531170785, 0.3318778886459768, 0.3346595368348062, fr=0.393, rotstif=0.933
j:-0.3245047046802938, -0.7827173471450806, 0.6623983108438551, 0.7614813218824565, -0.8011379591189325, -0.9145923191681504, rotstif=0.995
j:-0.869728229008615, 0.3435910604894161, -0.7204349720850587, 0.9794652466662228, -0.5305099566467106, 0.22224077582359314, fr=0.272
j:0.20091322576627135, -0.2895826636813581, -0.7306126859039068, -0.42008577240630984, 0.6021321848966181, -0.01514106709510088, fr=0.232, l=1.032
j:-0.28165968181565404, -0.7361844843253493, 0.29436824563890696, -0.42685755575075746, -0.5224069440737367, 0.8747670031152666, rotstif=0.954, l=1.029
n:-0.8733414323069155, -0.21950699342414737, 0.29932392900809646, -0.9474509130232036, -0.19352864986285567, -0.6198870590887964, d=|:r=0.932
n:0.8776519680395722, -0.5031026247888803, 0.3872418226674199, -0.5150691834278405, 0.7493455791845918, 0.9087125160731375, d=@:p=0.996
n:0.006196996197104454, -0.4345530606806278, -0.475733011495322, -0.9199658776633441, -0.047533093485981226, -0.8565697823651135, d=""|:p=0.27, r=0.885""
"
28,H,50,51,"//H
3
j:y1=0.329, fr=0.181
j:-0.9132737307809293, -0.5797953228466213, -0.3783065271563828, -0.9315263531170785, 0.3318778886459768, 0.3346595368348062, fr=0.393, rotstif=0.933
j:-0.3245047046802938, -0.7827173471450806, 0.6623983108438551, 0.7614813218824565, -0.8011379591189325, -0.9145923191681504, rotstif=0.995
j:-0.869728229008615, 0.3435910604894161, -0.7204349720850587, 0.9794652466662228, -0.5305099566467106, 0.22224077582359314, fr=0.272
j:0.20091322576627135, -0.2895826636813581, -0.7306126859039068, -0.42008577240630984, 0.6021321848966181, -0.01514106709510088, fr=0.232, l=1.032
j:-0.28165968181565404, -0.7361844843253493, 0.29436824563890696, -0.42685755575075746, -0.5224069440737367, 0.8747670031152666, rotstif=0.954, l=1.029
n:-0.8733414323069155, -0.21950699342414737, 0.29932392900809646, -0.9474509130232036, -0.19352864986285567, -0.6198870590887964, d=|:r=0.932
n:0.8776519680395722, -0.5031026247888803, 0.56, -0.5150691834278405, 0.7493455791845918, 0.9087125160731375, d=@:p=0.996
n:0.006196996197104454, -0.4345530606806278, -0.475733011495322, -0.9199658776633441, -0.047533093485981226, -0.8565697823651135, d=""|:p=0.27, r=0.885""
",2.170047580825147e-06,"//H
3
j:y1=0.329, fr=0.181
j:-0.9132737307809293, -0.5797953228466213, -0.3783065271563828, -0.9315263531170785, 0.3318778886459768, 0.3346595368348062, fr=0.393, rotstif=0.933
j:-0.3245047046802938, -0.7827173471450806, 0.6623983108438551, 0.7614813218824565, -0.8011379591189325, -0.9145923191681504, rotstif=0.995
j:-0.869728229008615, 0.3435910604894161, -0.7204349720850587, 0.9794652466662228, -0.5305099566467106, 0.22224077582359314, fr=0.272
j:0.20091322576627135, -0.2895826636813581, -0.7306126859039068, -0.42008577240630984, 0.6021321848966181, -0.01514106709510088, fr=0.232, l=1.032
j:-0.28165968181565404, -0.7361844843253493, 0.29436824563890696, -0.42685755575075746, -0.5224069440737367, 0.8747670031152666, rotstif=0.954, l=1.029
n:-0.8733414323069155, -0.21950699342414737, 0.29932392900809646, -0.9474509130232036, -0.19352864986285567, -0.6198870590887964, d=|:r=0.932
n:0.8776519680395722, -0.5031026247888803, 0.3872418226674199, -0.5150691834278405, 0.7493455791845918, 0.9087125160731375, d=@:p=0.996
n:0.006196996197104454, -0.4345530606806278, -0.475733011495322, -0.9199658776633441, -0.047533093485981226, -0.8565697823651135, d=""|:p=0.27, r=0.885""
"
28,H,51,52,"//H
3
j:y1=0.329, fr=0.181
j:-0.9132737307809293, -0.5797953228466213, -0.3783065271563828, -0.9315263531170785, 0.3318778886459768, 0.3346595368348062, fr=0.393, rotstif=0.933
j:-0.3245047046802938, -0.7827173471450806, 0.6623983108438551, 0.7614813218824565, -0.8011379591189325, -0.9145923191681504, rotstif=0.995
j:-0.869728229008615, 0.3435910604894161, -0.7204349720850587, 0.9794652466662228, -0.5305099566467106, 0.22224077582359314, fr=0.272
j:0.20091322576627135, -0.2895826636813581, -0.7306126859039068, -0.42008577240630984, 0.6021321848966181, -0.01514106709510088, fr=0.232, l=1.032
j:-0.28165968181565404, -0.7361844843253493, 0.29436824563890696, -0.42685755575075746, -0.5224069440737367, 0.8747670031152666, rotstif=0.954, l=1.029
n:-0.8733414323069155, -0.21950699342414737, 0.29932392900809646, -0.9474509130232036, -0.19352864986285567, -0.6198870590887964, d=|:r=0.932
n:0.8776519680395722, -0.5031026247888803, 0.3872418226674199, -0.5150691834278405, 0.7493455791845918, 0.9087125160731375, d=@:p=0.996
n:0.006196996197104454, -0.4345530606806278, -0.475733011495322, -0.9199658776633441, -0.047533093485981226, -0.8565697823651135, d=""|:p=0.27, r=0.885""
c:-0.8602946996688843, 0.3437782530672848, -0.1962387515231967, 0.8767702644690871, -0.3032093453221023, 0.8928882805630565, 2.777
",2.170047580825147e-06,"//H
3
j:y1=0.329, fr=0.181
j:-0.9132737307809293, -0.5797953228466213, -0.3783065271563828, -0.9315263531170785, 0.3318778886459768, 0.3346595368348062, fr=0.393, rotstif=0.933
j:-0.3245047046802938, -0.7827173471450806, 0.6623983108438551, 0.7614813218824565, -0.8011379591189325, -0.9145923191681504, rotstif=0.995
j:-0.869728229008615, 0.3435910604894161, -0.7204349720850587, 0.9794652466662228, -0.5305099566467106, 0.22224077582359314, fr=0.272
j:0.20091322576627135, -0.2895826636813581, -0.7306126859039068, -0.42008577240630984, 0.6021321848966181, -0.01514106709510088, fr=0.232, l=1.032
j:-0.28165968181565404, -0.7361844843253493, 0.29436824563890696, -0.42685755575075746, -0.5224069440737367, 0.8747670031152666, rotstif=0.954, l=1.029
n:-0.8733414323069155, -0.21950699342414737, 0.29932392900809646, -0.9474509130232036, -0.19352864986285567, -0.6198870590887964, d=|:r=0.932
n:0.8776519680395722, -0.5031026247888803, 0.3872418226674199, -0.5150691834278405, 0.7493455791845918, 0.9087125160731375, d=@:p=0.996
n:0.006196996197104454, -0.4345530606806278, -0.475733011495322, -0.9199658776633441, -0.047533093485981226, -0.8565697823651135, d=""|:p=0.27, r=0.885""
"
28,H,52,53,"//H
3
j:y1=0.329, fr=0.181
j:-0.9132737307809293, -0.5797953228466213, -0.3783065271563828, -0.9315263531170785, 0.3318778886459768, 0.3346595368348062, fr=0.393, rotstif=0.933
j:-0.3245047046802938, -0.7827173471450806, 0.6623983108438551, 0.7614813218824565, -0.8011379591189325, -0.9145923191681504, rotstif=0.995
j:-0.869728229008615, 0.3435910604894161, -0.7204349720850587, 0.9794652466662228, -0.5305099566467106, 0.22224077582359314, fr=0.272
j:0.20091322576627135, -0.2895826636813581, -0.7306126859039068, -0.42008577240630984, 0.6021321848966181, -0.01514106709510088, fr=0.232, l=1.032
j:-0.28165968181565404, -0.7361844843253493, 0.29436824563890696, -0.42685755575075746, -0.5224069440737367, 0.8747670031152666, rotstif=0.954, l=1.029
n:-0.8733414323069155, -0.21950699342414737, 0.29932392900809646, -0.9474509130232036, -0.19352864986285567, -0.6198870590887964, d=|:r=0.932
n:0.8776519680395722, -0.5031026247888803, 0.3872418226674199, -0.5150691834278405, 0.7493455791845918, 0.9087125160731375, d=@:p=0.996
n:0.006196996197104454, -0.4345530606806278, -0.475733011495322, -0.9199658776633441, -0.047533093485981226, -0.8565697823651135, d=""|:p=0.27, r=0.885""
c:0.746068752836436, -0.9743714751675725, 0.8823365159332752, -0.6364120356738567, 0.7476596022024751, -0.2564660469070077, -3.417
",2.170047580825147e-06,"//H
3
j:y1=0.329, fr=0.181
j:-0.9132737307809293, -0.5797953228466213, -0.3783065271563828, -0.9315263531170785, 0.3318778886459768, 0.3346595368348062, fr=0.393, rotstif=0.933
j:-0.3245047046802938, -0.7827173471450806, 0.6623983108438551, 0.7614813218824565, -0.8011379591189325, -0.9145923191681504, rotstif=0.995
j:-0.869728229008615, 0.3435910604894161, -0.7204349720850587, 0.9794652466662228, -0.5305099566467106, 0.22224077582359314, fr=0.272
j:0.20091322576627135, -0.2895826636813581, -0.7306126859039068, -0.42008577240630984, 0.6021321848966181, -0.01514106709510088, fr=0.232, l=1.032
j:-0.28165968181565404, -0.7361844843253493, 0.29436824563890696, -0.42685755575075746, -0.5224069440737367, 0.8747670031152666, rotstif=0.954, l=1.029
n:-0.8733414323069155, -0.21950699342414737, 0.29932392900809646, -0.9474509130232036, -0.19352864986285567, -0.6198870590887964, d=|:r=0.932
n:0.8776519680395722, -0.5031026247888803, 0.3872418226674199, -0.5150691834278405, 0.7493455791845918, 0.9087125160731375, d=@:p=0.996
n:0.006196996197104454, -0.4345530606806278, -0.475733011495322, -0.9199658776633441, -0.047533093485981226, -0.8565697823651135, d=""|:p=0.27, r=0.885""
"
28,H,53,54,"//H
3
j:y1=0.329, fr=0.181
j:-0.9132737307809293, -0.5797953228466213, -0.3783065271563828, -0.9315263531170785, 0.3318778886459768, 0.3346595368348062, fr=0.393, rotstif=0.933
j:-0.3245047046802938, -0.7827173471450806, 0.851, 0.7614813218824565, -0.8011379591189325, -0.9145923191681504, rotstif=0.995
j:-0.869728229008615, 0.3435910604894161, -0.7204349720850587, 0.9794652466662228, -0.5305099566467106, 0.22224077582359314, fr=0.272
j:0.20091322576627135, -0.2895826636813581, -0.7306126859039068, -0.42008577240630984, 0.6021321848966181, -0.01514106709510088, fr=0.232, l=1.032
j:-0.28165968181565404, -0.7361844843253493, 0.29436824563890696, -0.42685755575075746, -0.5224069440737367, 0.8747670031152666, rotstif=0.954, l=1.029
n:-0.8733414323069155, -0.21950699342414737, 0.29932392900809646, -0.9474509130232036, -0.19352864986285567, -0.6198870590887964, d=|:r=0.932
n:0.8776519680395722, -0.5031026247888803, 0.3872418226674199, -0.5150691834278405, 0.7493455791845918, 0.9087125160731375, d=@:p=0.996
n:0.006196996197104454, -0.4345530606806278, -0.475733011495322, -0.9199658776633441, -0.047533093485981226, -0.8565697823651135, d=""|:p=0.27, r=0.885""
",2.170047580825147e-06,"//H
3
j:y1=0.329, fr=0.181
j:-0.9132737307809293, -0.5797953228466213, -0.3783065271563828, -0.9315263531170785, 0.3318778886459768, 0.3346595368348062, fr=0.393, rotstif=0.933
j:-0.3245047046802938, -0.7827173471450806, 0.6623983108438551, 0.7614813218824565, -0.8011379591189325, -0.9145923191681504, rotstif=0.995
j:-0.869728229008615, 0.3435910604894161, -0.7204349720850587, 0.9794652466662228, -0.5305099566467106, 0.22224077582359314, fr=0.272
j:0.20091322576627135, -0.2895826636813581, -0.7306126859039068, -0.42008577240630984, 0.6021321848966181, -0.01514106709510088, fr=0.232, l=1.032
j:-0.28165968181565404, -0.7361844843253493, 0.29436824563890696, -0.42685755575075746, -0.5224069440737367, 0.8747670031152666, rotstif=0.954, l=1.029
n:-0.8733414323069155, -0.21950699342414737, 0.29932392900809646, -0.9474509130232036, -0.19352864986285567, -0.6198870590887964, d=|:r=0.932
n:0.8776519680395722, -0.5031026247888803, 0.3872418226674199, -0.5150691834278405, 0.7493455791845918, 0.9087125160731375, d=@:p=0.996
n:0.006196996197104454, -0.4345530606806278, -0.475733011495322, -0.9199658776633441, -0.047533093485981226, -0.8565697823651135, d=""|:p=0.27, r=0.885""
"
28,H,54,55,"//H
3
j:y1=0.329, fr=0.181
j:-0.9132737307809293, -0.5797953228466213, -0.3783065271563828, -0.9315263531170785, 0.3318778886459768, 0.3346595368348062, fr=0.393, rotstif=0.933
j:-0.3245047046802938, -0.7827173471450806, 0.6623983108438551, 0.7614813218824565, -0.8011379591189325, -0.9145923191681504, rotstif=0.995
j:-0.869728229008615, 0.3435910604894161, -0.7204349720850587, 0.9794652466662228, -0.5305099566467106, 0.22224077582359314, fr=0.272
j:0.20091322576627135, -0.2895826636813581, -0.7306126859039068, -0.42008577240630984, 0.6021321848966181, -0.01514106709510088, fr=0.232, l=1.032
j:-0.28165968181565404, -0.7361844843253493, 0.29436824563890696, -0.42685755575075746, -0.5224069440737367, 0.8747670031152666, rotstif=0.954, l=1.029
n:-0.8733414323069155, -0.21950699342414737, 0.29932392900809646, -0.9474509130232036, -0.19352864986285567, -0.6198870590887964, d=|:r=0.932
n:0.8776519680395722, -0.5031026247888803, 0.415, -0.5150691834278405, 0.7493455791845918, 0.9087125160731375, d=@:p=0.996
n:0.006196996197104454, -0.4345530606806278, -0.475733011495322, -0.9199658776633441, -0.047533093485981226, -0.8565697823651135, d=""|:p=0.27, r=0.885""
",2.170047580825147e-06,"//H
3
j:y1=0.329, fr=0.181
j:-0.9132737307809293, -0.5797953228466213, -0.3783065271563828, -0.9315263531170785, 0.3318778886459768, 0.3346595368348062, fr=0.393, rotstif=0.933
j:-0.3245047046802938, -0.7827173471450806, 0.6623983108438551, 0.7614813218824565, -0.8011379591189325, -0.9145923191681504, rotstif=0.995
j:-0.869728229008615, 0.3435910604894161, -0.7204349720850587, 0.9794652466662228, -0.5305099566467106, 0.22224077582359314, fr=0.272
j:0.20091322576627135, -0.2895826636813581, -0.7306126859039068, -0.42008577240630984, 0.6021321848966181, -0.01514106709510088, fr=0.232, l=1.032
j:-0.28165968181565404, -0.7361844843253493, 0.29436824563890696, -0.42685755575075746, -0.5224069440737367, 0.8747670031152666, rotstif=0.954, l=1.029
n:-0.8733414323069155, -0.21950699342414737, 0.29932392900809646, -0.9474509130232036, -0.19352864986285567, -0.6198870590887964, d=|:r=0.932
n:0.8776519680395722, -0.5031026247888803, 0.3872418226674199, -0.5150691834278405, 0.7493455791845918, 0.9087125160731375, d=@:p=0.996
n:0.006196996197104454, -0.4345530606806278, -0.475733011495322, -0.9199658776633441, -0.047533093485981226, -0.8565697823651135, d=""|:p=0.27, r=0.885""
"
28,H,55,56,"//H
3
j:y1=0.329, fr=0.181
j:-0.9132737307809293, -0.5797953228466213, -0.3783065271563828, -0.9315263531170785, 0.3318778886459768, 0.3346595368348062, fr=0.393, rotstif=0.933
j:-0.3245047046802938, -0.7827173471450806, 0.6623983108438551, 0.7614813218824565, -0.8011379591189325, -0.9145923191681504, rotstif=0.995
j:-0.834, 0.3435910604894161, -0.7204349720850587, 0.9794652466662228, -0.5305099566467106, 0.22224077582359314, fr=0.272
j:0.20091322576627135, -0.2895826636813581, -0.7306126859039068, -0.42008577240630984, 0.6021321848966181, -0.01514106709510088, fr=0.232, l=1.032
j:-0.28165968181565404, -0.7361844843253493, 0.29436824563890696, -0.42685755575075746, -0.5224069440737367, 0.8747670031152666, rotstif=0.954, l=1.029
n:-0.8733414323069155, -0.21950699342414737, 0.29932392900809646, -0.9474509130232036, -0.19352864986285567, -0.6198870590887964, d=|:r=0.932
n:0.8776519680395722, -0.5031026247888803, 0.3872418226674199, -0.5150691834278405, 0.7493455791845918, 0.9087125160731375, d=@:p=0.996
n:0.006196996197104454, -0.4345530606806278, -0.475733011495322, -0.9199658776633441, -0.047533093485981226, -0.8565697823651135, d=""|:p=0.27, r=0.885""
",2.170047580825147e-06,"//H
3
j:y1=0.329, fr=0.181
j:-0.9132737307809293, -0.5797953228466213, -0.3783065271563828, -0.9315263531170785, 0.3318778886459768, 0.3346595368348062, fr=0.393, rotstif=0.933
j:-0.3245047046802938, -0.7827173471450806, 0.6623983108438551, 0.7614813218824565, -0.8011379591189325, -0.9145923191681504, rotstif=0.995
j:-0.869728229008615, 0.3435910604894161, -0.7204349720850587, 0.9794652466662228, -0.5305099566467106, 0.22224077582359314, fr=0.272
j:0.20091322576627135, -0.2895826636813581, -0.7306126859039068, -0.42008577240630984, 0.6021321848966181, -0.01514106709510088, fr=0.232, l=1.032
j:-0.28165968181565404, -0.7361844843253493, 0.29436824563890696, -0.42685755575075746, -0.5224069440737367, 0.8747670031152666, rotstif=0.954, l=1.029
n:-0.8733414323069155, -0.21950699342414737, 0.29932392900809646, -0.9474509130232036, -0.19352864986285567, -0.6198870590887964, d=|:r=0.932
n:0.8776519680395722, -0.5031026247888803, 0.3872418226674199, -0.5150691834278405, 0.7493455791845918, 0.9087125160731375, d=@:p=0.996
n:0.006196996197104454, -0.4345530606806278, -0.475733011495322, -0.9199658776633441, -0.047533093485981226, -0.8565697823651135, d=""|:p=0.27, r=0.885""
"
28,H,56,57,"//H
3
j:y1=0.329, fr=0.181
j:-0.9132737307809293, -0.5797953228466213, -0.3783065271563828, -0.9315263531170785, 0.3318778886459768, 0.3346595368348062, fr=0.393, rotstif=0.933
j:-0.3245047046802938, -0.7827173471450806, 0.6623983108438551, 0.7614813218824565, -0.8011379591189325, -0.9145923191681504, rotstif=0.995
j:-0.869728229008615, 0.3435910604894161, -0.7204349720850587, 0.9794652466662228, -0.5305099566467106, 0.22224077582359314, fr=0.272
j:0.20091322576627135, -0.2895826636813581, -0.7306126859039068, -0.42008577240630984, 0.6021321848966181, -0.01514106709510088, fr=0.232, l=1.032
j:-0.28165968181565404, -0.7361844843253493, 0.29436824563890696, -0.42685755575075746, -0.5224069440737367, 0.8747670031152666, rotstif=0.954, l=1.029
n:-0.8733414323069155, -0.21950699342414737, 0.29932392900809646, -0.9474509130232036, -0.19352864986285567, -0.6198870590887964, d=|:r=0.932
n:0.8776519680395722, -0.5031026247888803, 0.3872418226674199, -0.5150691834278405, 0.7493455791845918, 0.9087125160731375, d=@:p=0.996
n:0.006196996197104454, -0.4345530606806278, -0.475733011495322, -0.9199658776633441, -0.047533093485981226, -0.8565697823651135, d=""|:p=0.27, r=0.885""
n:0.4625519826076925, 0.08714239159598947, 0.6234704502858222, -0.0307932966388762, -0.25551204988732934, 0.7026826776564121, d=G
",2.170047580825147e-06,"//H
3
j:y1=0.329, fr=0.181
j:-0.9132737307809293, -0.5797953228466213, -0.3783065271563828, -0.9315263531170785, 0.3318778886459768, 0.3346595368348062, fr=0.393, rotstif=0.933
j:-0.3245047046802938, -0.7827173471450806, 0.6623983108438551, 0.7614813218824565, -0.8011379591189325, -0.9145923191681504, rotstif=0.995
j:-0.869728229008615, 0.3435910604894161, -0.7204349720850587, 0.9794652466662228, -0.5305099566467106, 0.22224077582359314, fr=0.272
j:0.20091322576627135, -0.2895826636813581, -0.7306126859039068, -0.42008577240630984, 0.6021321848966181, -0.01514106709510088, fr=0.232, l=1.032
j:-0.28165968181565404, -0.7361844843253493, 0.29436824563890696, -0.42685755575075746, -0.5224069440737367, 0.8747670031152666, rotstif=0.954, l=1.029
n:-0.8733414323069155, -0.21950699342414737, 0.29932392900809646, -0.9474509130232036, -0.19352864986285567, -0.6198870590887964, d=|:r=0.932
n:0.8776519680395722, -0.5031026247888803, 0.3872418226674199, -0.5150691834278405, 0.7493455791845918, 0.9087125160731375, d=@:p=0.996
n:0.006196996197104454, -0.4345530606806278, -0.475733011495322, -0.9199658776633441, -0.047533093485981226, -0.8565697823651135, d=""|:p=0.27, r=0.885""
"
28,H,57,58,"//H
3
j:y1=0.329, fr=0.181
j:-0.9132737307809293, -0.5797953228466213, -0.3783065271563828, -0.9315263531170785, 0.3318778886459768, 0.3346595368348062, fr=0.393, rotstif=0.933
j:-0.3245047046802938, -0.7827173471450806, 0.6623983108438551, 0.7614813218824565, -0.8011379591189325, -0.9145923191681504, rotstif=0.995
j:-0.869728229008615, 0.3435910604894161, -0.7204349720850587, 0.9794652466662228, -0.5305099566467106, 0.22224077582359314, fr=0.272
j:0.20091322576627135, -0.2895826636813581, -0.7306126859039068, -0.42008577240630984, 0.6021321848966181, -0.01514106709510088, fr=0.232, l=1.032
j:-0.28165968181565404, -0.7361844843253493, 0.29436824563890696, -0.42685755575075746, -0.5224069440737367, 0.8747670031152666, rotstif=0.954, l=1.029
j:-0.888683071359992, -0.4687312007881701, 0.6733977287076414, -0.7942330371588469, 0.09778206283226609, 0.12150898762047291, l=1.412
n:-0.8733414323069155, -0.21950699342414737, 0.29932392900809646, -0.9474509130232036, -0.19352864986285567, -0.6198870590887964, d=|:r=0.932
n:0.8776519680395722, -0.5031026247888803, 0.3872418226674199, -0.5150691834278405, 0.7493455791845918, 0.9087125160731375, d=@:p=0.996
n:0.006196996197104454, -0.4345530606806278, -0.475733011495322, -0.9199658776633441, -0.047533093485981226, -0.8565697823651135, d=""|:p=0.27, r=0.885""
",2.2786262931408337e-06,"//H
3
j:y1=0.329, fr=0.181
j:-0.9132737307809293, -0.5797953228466213, -0.3783065271563828, -0.9315263531170785, 0.3318778886459768, 0.3346595368348062, fr=0.393, rotstif=0.933
j:-0.3245047046802938, -0.7827173471450806, 0.6623983108438551, 0.7614813218824565, -0.8011379591189325, -0.9145923191681504, rotstif=0.995
j:-0.869728229008615, 0.3435910604894161, -0.7204349720850587, 0.9794652466662228, -0.5305099566467106, 0.22224077582359314, fr=0.272
j:0.20091322576627135, -0.2895826636813581, -0.7306126859039068, -0.42008577240630984, 0.6021321848966181, -0.01514106709510088, fr=0.232, l=1.032
j:-0.28165968181565404, -0.7361844843253493, 0.29436824563890696, -0.42685755575075746, -0.5224069440737367, 0.8747670031152666, rotstif=0.954, l=1.029
n:-0.8733414323069155, -0.21950699342414737, 0.29932392900809646, -0.9474509130232036, -0.19352864986285567, -0.6198870590887964, d=|:r=0.932
n:0.8776519680395722, -0.5031026247888803, 0.3872418226674199, -0.5150691834278405, 0.7493455791845918, 0.9087125160731375, d=@:p=0.996
n:0.006196996197104454, -0.4345530606806278, -0.475733011495322, -0.9199658776633441, -0.047533093485981226, -0.8565697823651135, d=""|:p=0.27, r=0.885""
"
28,H,58,59,"//H
3
j:y1=0.329, fr=0.181
j:-0.9132737307809293, -0.5797953228466213, -0.3783065271563828, -0.9315263531170785, 0.3318778886459768, 0.3346595368348062, fr=0.393, rotstif=0.933
j:-0.3245047046802938, -0.7827173471450806, 0.6623983108438551, 0.7614813218824565, -0.8011379591189325, -0.9145923191681504, rotstif=0.995
j:-0.869728229008615, 0.3435910604894161, -0.7204349720850587, 0.9794652466662228, -0.5305099566467106, 0.22224077582359314, fr=0.272
j:0.20091322576627135, -0.2895826636813581, -0.7306126859039068, -0.42008577240630984, 0.6021321848966181, -0.01514106709510088, fr=0.232, l=1.032
j:-0.28165968181565404, -0.7361844843253493, 0.29436824563890696, -0.42685755575075746, -0.5224069440737367, 0.8747670031152666, rotstif=0.954, l=1.029
j:-0.888683071359992, -0.4687312007881701, 0.6733977287076414, -0.7942330371588469, 0.09778206283226609, 0.12150898762047291, l=1.412
j:0.9632943999022245, 0.18725918140262365, -0.08099744049832225, -0.12282197922468185, 0.9345027087256312, -0.9738767915405333, l=1.237
n:-0.8733414323069155, -0.21950699342414737, 0.29932392900809646, -0.9474509130232036, -0.19352864986285567, -0.6198870590887964, d=|:r=0.932
n:0.8776519680395722, -0.5031026247888803, 0.3872418226674199, -0.5150691834278405, 0.7493455791845918, 0.9087125160731375, d=@:p=0.996
n:0.006196996197104454, -0.4345530606806278, -0.475733011495322, -0.9199658776633441, -0.047533093485981226, -0.8565697823651135, d=""|:p=0.27, r=0.885""
",2.2486230719305092e-05,"//H
3
j:y1=0.329, fr=0.181
j:-0.9132737307809293, -0.5797953228466213, -0.3783065271563828, -0.9315263531170785, 0.3318778886459768, 0.3346595368348062, fr=0.393, rotstif=0.933
j:-0.3245047046802938, -0.7827173471450806, 0.6623983108438551, 0.7614813218824565, -0.8011379591189325, -0.9145923191681504, rotstif=0.995
j:-0.869728229008615, 0.3435910604894161, -0.7204349720850587, 0.9794652466662228, -0.5305099566467106, 0.22224077582359314, fr=0.272
j:0.20091322576627135, -0.2895826636813581, -0.7306126859039068, -0.42008577240630984, 0.6021321848966181, -0.01514106709510088, fr=0.232, l=1.032
j:-0.28165968181565404, -0.7361844843253493, 0.29436824563890696, -0.42685755575075746, -0.5224069440737367, 0.8747670031152666, rotstif=0.954, l=1.029
j:-0.888683071359992, -0.4687312007881701, 0.6733977287076414, -0.7942330371588469, 0.09778206283226609, 0.12150898762047291, l=1.412
n:-0.8733414323069155, -0.21950699342414737, 0.29932392900809646, -0.9474509130232036, -0.19352864986285567, -0.6198870590887964, d=|:r=0.932
n:0.8776519680395722, -0.5031026247888803, 0.3872418226674199, -0.5150691834278405, 0.7493455791845918, 0.9087125160731375, d=@:p=0.996
n:0.006196996197104454, -0.4345530606806278, -0.475733011495322, -0.9199658776633441, -0.047533093485981226, -0.8565697823651135, d=""|:p=0.27, r=0.885""
"
28,H,59,60,"//H
3
j:y1=0.329, fr=0.181
j:-0.9132737307809293, -0.5797953228466213, -0.3783065271563828, -0.9315263531170785, 0.3318778886459768, 0.3346595368348062, fr=0.393, rotstif=0.933
j:-0.3245047046802938, -0.7827173471450806, 0.6623983108438551, 0.7614813218824565, -0.8011379591189325, -0.9145923191681504, rotstif=0.995, l=1.121
j:-0.869728229008615, 0.3435910604894161, -0.7204349720850587, 0.9794652466662228, -0.5305099566467106, 0.22224077582359314, fr=0.272
j:0.20091322576627135, -0.2895826636813581, -0.7306126859039068, -0.42008577240630984, 0.6021321848966181, -0.01514106709510088, fr=0.232, l=1.032
j:-0.28165968181565404, -0.7361844843253493, 0.29436824563890696, -0.42685755575075746, -0.5224069440737367, 0.8747670031152666, rotstif=0.954, l=1.029
j:-0.888683071359992, -0.4687312007881701, 0.6733977287076414, -0.7942330371588469, 0.09778206283226609, 0.12150898762047291, l=1.412
j:0.9632943999022245, 0.18725918140262365, -0.08099744049832225, -0.12282197922468185, 0.9345027087256312, -0.9738767915405333, l=1.237
n:-0.8733414323069155, -0.21950699342414737, 0.29932392900809646, -0.9474509130232036, -0.19352864986285567, -0.6198870590887964, d=|:r=0.932
n:0.8776519680395722, -0.5031026247888803, 0.3872418226674199, -0.5150691834278405, 0.7493455791845918, 0.9087125160731375, d=@:p=0.996
n:0.006196996197104454, -0.4345530606806278, -0.475733011495322, -0.9199658776633441, -0.047533093485981226, -0.8565697823651135, d=""|:p=0.27, r=0.885""
",2.5331289939674295e-05,"//H
3
j:y1=0.329, fr=0.181
j:-0.9132737307809293, -0.5797953228466213, -0.3783065271563828, -0.9315263531170785, 0.3318778886459768, 0.3346595368348062, fr=0.393, rotstif=0.933
j:-0.3245047046802938, -0.7827173471450806, 0.6623983108438551, 0.7614813218824565, -0.8011379591189325, -0.9145923191681504, rotstif=0.995
j:-0.869728229008615, 0.3435910604894161, -0.7204349720850587, 0.9794652466662228, -0.5305099566467106, 0.22224077582359314, fr=0.272
j:0.20091322576627135, -0.2895826636813581, -0.7306126859039068, -0.42008577240630984, 0.6021321848966181, -0.01514106709510088, fr=0.232, l=1.032
j:-0.28165968181565404, -0.7361844843253493, 0.29436824563890696, -0.42685755575075746, -0.5224069440737367, 0.8747670031152666, rotstif=0.954, l=1.029
j:-0.888683071359992, -0.4687312007881701, 0.6733977287076414, -0.7942330371588469, 0.09778206283226609, 0.12150898762047291, l=1.412
j:0.9632943999022245, 0.18725918140262365, -0.08099744049832225, -0.12282197922468185, 0.9345027087256312, -0.9738767915405333, l=1.237
n:-0.8733414323069155, -0.21950699342414737, 0.29932392900809646, -0.9474509130232036, -0.19352864986285567, -0.6198870590887964, d=|:r=0.932
n:0.8776519680395722, -0.5031026247888803, 0.3872418226674199, -0.5150691834278405, 0.7493455791845918, 0.9087125160731375, d=@:p=0.996
n:0.006196996197104454, -0.4345530606806278, -0.475733011495322, -0.9199658776633441, -0.047533093485981226, -0.8565697823651135, d=""|:p=0.27, r=0.885""
"
28,H,60,61,"//H
3
j:y1=0.329, fr=0.181
j:-0.9132737307809293, -0.5797953228466213, -0.3783065271563828, -0.9315263531170785, 0.3318778886459768, 0.3346595368348062, fr=0.393, rotstif=0.933
j:-0.3245047046802938, -0.7827173471450806, 0.6623983108438551, 0.7614813218824565, -0.8011379591189325, -0.9145923191681504, rotstif=0.995, l=1.121
j:-0.869728229008615, 0.3435910604894161, -0.7204349720850587, 0.9794652466662228, -0.5305099566467106, 0.22224077582359314, fr=0.272
j:0.20091322576627135, -0.2895826636813581, -0.7306126859039068, -0.42008577240630984, 0.6021321848966181, -0.01514106709510088, fr=0.232, l=1.032
j:-0.28165968181565404, -0.7361844843253493, 0.29436824563890696, -0.42685755575075746, -0.5224069440737367, 0.8747670031152666, rotstif=0.954, l=1.029
j:-0.888683071359992, -0.4687312007881701, 0.6733977287076414, -0.7942330371588469, 0.09778206283226609, 0.12150898762047291, rotstif=0.915, l=1.412
j:0.9632943999022245, 0.18725918140262365, -0.08099744049832225, -0.12282197922468185, 0.9345027087256312, -0.9738767915405333, l=1.237
n:-0.8733414323069155, -0.21950699342414737, 0.29932392900809646, -0.9474509130232036, -0.19352864986285567, -0.6198870590887964, d=|:r=0.932
n:0.8776519680395722, -0.5031026247888803, 0.3872418226674199, -0.5150691834278405, 0.7493455791845918, 0.9087125160731375, d=@:p=0.996
n:0.006196996197104454, -0.4345530606806278, -0.475733011495322, -0.9199658776633441, -0.047533093485981226, -0.8565697823651135, d=""|:p=0.27, r=0.885""
",2.5331289939674295e-05,"//H
3
j:y1=0.329, fr=0.181
j:-0.9132737307809293, -0.5797953228466213, -0.3783065271563828, -0.9315263531170785, 0.3318778886459768, 0.3346595368348062, fr=0.393, rotstif=0.933
j:-0.3245047046802938, -0.7827173471450806, 0.6623983108438551, 0.7614813218824565, -0.8011379591189325, -0.9145923191681504, rotstif=0.995, l=1.121
j:-0.869728229008615, 0.3435910604894161, -0.7204349720850587, 0.9794652466662228, -0.5305099566467106, 0.22224077582359314, fr=0.272
j:0.20091322576627135, -0.2895826636813581, -0.7306126859039068, -0.42008577240630984, 0.6021321848966181, -0.01514106709510088, fr=0.232, l=1.032
j:-0.28165968181565404, -0.7361844843253493, 0.29436824563890696, -0.42685755575075746, -0.5224069440737367, 0.8747670031152666, rotstif=0.954, l=1.029
j:-0.888683071359992, -0.4687312007881701, 0.6733977287076414, -0.7942330371588469, 0.09778206283226609, 0.12150898762047291, l=1.412
j:0.9632943999022245, 0.18725918140262365, -0.08099744049832225, -0.12282197922468185, 0.9345027087256312, -0.9738767915405333, l=1.237
n:-0.8733414323069155, -0.21950699342414737, 0.29932392900809646, -0.9474509130232036, -0.19352864986285567, -0.6198870590887964, d=|:r=0.932
n:0.8776519680395722, -0.5031026247888803, 0.3872418226674199, -0.5150691834278405, 0.7493455791845918, 0.9087125160731375, d=@:p=0.996
n:0.006196996197104454, -0.4345530606806278, -0.475733011495322, -0.9199658776633441, -0.047533093485981226, -0.8565697823651135, d=""|:p=0.27, r=0.885""
"
28,H,61,62,"//H
3
j:y1=0.329, fr=0.181
j:-0.9132737307809293, -0.5797953228466213, -0.3783065271563828, -0.9315263531170785, 0.3318778886459768, 0.3346595368348062, fr=0.393, rotstif=0.933
j:-0.3245047046802938, -0.7827173471450806, 0.6623983108438551, 0.7614813218824565, -0.8011379591189325, -0.9145923191681504, rotstif=0.995, l=1.121
j:-0.869728229008615, 0.3435910604894161, -0.7204349720850587, 0.9794652466662228, -0.5305099566467106, 0.22224077582359314, fr=0.272, l=1.012
j:0.20091322576627135, -0.2895826636813581, -0.7306126859039068, -0.42008577240630984, 0.6021321848966181, -0.01514106709510088, fr=0.232, l=1.032
j:-0.28165968181565404, -0.7361844843253493, 0.29436824563890696, -0.42685755575075746, -0.5224069440737367, 0.8747670031152666, rotstif=0.954, l=1.029
j:-0.888683071359992, -0.4687312007881701, 0.6733977287076414, -0.7942330371588469, 0.09778206283226609, 0.12150898762047291, l=1.412
j:0.9632943999022245, 0.18725918140262365, -0.08099744049832225, -0.12282197922468185, 0.9345027087256312, -0.9738767915405333, l=1.237
n:-0.8733414323069155, -0.21950699342414737, 0.29932392900809646, -0.9474509130232036, -0.19352864986285567, -0.6198870590887964, d=|:r=0.932
n:0.8776519680395722, -0.5031026247888803, 0.3872418226674199, -0.5150691834278405, 0.7493455791845918, 0.9087125160731375, d=@:p=0.996
n:0.006196996197104454, -0.4345530606806278, -0.475733011495322, -0.9199658776633441, -0.047533093485981226, -0.8565697823651135, d=""|:p=0.27, r=0.885""
",2.6005457390890902e-05,"//H
3
j:y1=0.329, fr=0.181
j:-0.9132737307809293, -0.5797953228466213, -0.3783065271563828, -0.9315263531170785, 0.3318778886459768, 0.3346595368348062, fr=0.393, rotstif=0.933
j:-0.3245047046802938, -0.7827173471450806, 0.6623983108438551, 0.7614813218824565, -0.8011379591189325, -0.9145923191681504, rotstif=0.995, l=1.121
j:-0.869728229008615, 0.3435910604894161, -0.7204349720850587, 0.9794652466662228, -0.5305099566467106, 0.22224077582359314, fr=0.272
j:0.20091322576627135, -0.2895826636813581, -0.7306126859039068, -0.42008577240630984, 0.6021321848966181, -0.01514106709510088, fr=0.232, l=1.032
j:-0.28165968181565404, -0.7361844843253493, 0.29436824563890696, -0.42685755575075746, -0.5224069440737367, 0.8747670031152666, rotstif=0.954, l=1.029
j:-0.888683071359992, -0.4687312007881701, 0.6733977287076414, -0.7942330371588469, 0.09778206283226609, 0.12150898762047291, l=1.412
j:0.9632943999022245, 0.18725918140262365, -0.08099744049832225, -0.12282197922468185, 0.9345027087256312, -0.9738767915405333, l=1.237
n:-0.8733414323069155, -0.21950699342414737, 0.29932392900809646, -0.9474509130232036, -0.19352864986285567, -0.6198870590887964, d=|:r=0.932
n:0.8776519680395722, -0.5031026247888803, 0.3872418226674199, -0.5150691834278405, 0.7493455791845918, 0.9087125160731375, d=@:p=0.996
n:0.006196996197104454, -0.4345530606806278, -0.475733011495322, -0.9199658776633441, -0.047533093485981226, -0.8565697823651135, d=""|:p=0.27, r=0.885""
"
28,H,62,63,"//H
3
j:y1=0.329, fr=0.181
j:-0.9132737307809293, -0.5797953228466213, -0.3783065271563828, -0.9315263531170785, 0.3318778886459768, 0.3346595368348062, fr=0.393, rotstif=0.933
j:-0.3245047046802938, -0.7827173471450806, 0.6623983108438551, 0.7614813218824565, -0.8011379591189325, -0.9145923191681504, rotstif=0.995, l=1.121
j:-0.869728229008615, 0.3435910604894161, -0.7204349720850587, 0.9794652466662228, -0.5305099566467106, 0.22224077582359314, fr=0.272, l=1.012
j:0.20091322576627135, -0.2895826636813581, -0.7306126859039068, -0.42008577240630984, 0.6021321848966181, -0.01514106709510088, fr=0.232, l=1.032
j:-0.28165968181565404, -0.7361844843253493, 0.29436824563890696, -0.42685755575075746, -0.5224069440737367, 0.8747670031152666, rotstif=0.954, l=1.029
j:-0.888683071359992, -0.4687312007881701, 0.6733977287076414, -0.7942330371588469, 0.09778206283226609, 0.12150898762047291, fr=0.085, l=1.412
j:0.9632943999022245, 0.18725918140262365, -0.08099744049832225, -0.12282197922468185, 0.9345027087256312, -0.9738767915405333, l=1.237
n:-0.8733414323069155, -0.21950699342414737, 0.29932392900809646, -0.9474509130232036, -0.19352864986285567, -0.6198870590887964, d=|:r=0.932
n:0.8776519680395722, -0.5031026247888803, 0.3872418226674199, -0.5150691834278405, 0.7493455791845918, 0.9087125160731375, d=@:p=0.996
n:0.006196996197104454, -0.4345530606806278, -0.475733011495322, -0.9199658776633441, -0.047533093485981226, -0.8565697823651135, d=""|:p=0.27, r=0.885""
",2.633055917356438e-05,"//H
3
j:y1=0.329, fr=0.181
j:-0.9132737307809293, -0.5797953228466213, -0.3783065271563828, -0.9315263531170785, 0.3318778886459768, 0.3346595368348062, fr=0.393, rotstif=0.933
j:-0.3245047046802938, -0.7827173471450806, 0.6623983108438551, 0.7614813218824565, -0.8011379591189325, -0.9145923191681504, rotstif=0.995, l=1.121
j:-0.869728229008615, 0.3435910604894161, -0.7204349720850587, 0.9794652466662228, -0.5305099566467106, 0.22224077582359314, fr=0.272, l=1.012
j:0.20091322576627135, -0.2895826636813581, -0.7306126859039068, -0.42008577240630984, 0.6021321848966181, -0.01514106709510088, fr=0.232, l=1.032
j:-0.28165968181565404, -0.7361844843253493, 0.29436824563890696, -0.42685755575075746, -0.5224069440737367, 0.8747670031152666, rotstif=0.954, l=1.029
j:-0.888683071359992, -0.4687312007881701, 0.6733977287076414, -0.7942330371588469, 0.09778206283226609, 0.12150898762047291, l=1.412
j:0.9632943999022245, 0.18725918140262365, -0.08099744049832225, -0.12282197922468185, 0.9345027087256312, -0.9738767915405333, l=1.237
n:-0.8733414323069155, -0.21950699342414737, 0.29932392900809646, -0.9474509130232036, -0.19352864986285567, -0.6198870590887964, d=|:r=0.932
n:0.8776519680395722, -0.5031026247888803, 0.3872418226674199, -0.5150691834278405, 0.7493455791845918, 0.9087125160731375, d=@:p=0.996
n:0.006196996197104454, -0.4345530606806278, -0.475733011495322, -0.9199658776633441, -0.047533093485981226, -0.8565697823651135, d=""|:p=0.27, r=0.885""
"
28,H,63,64,"//H
3
j:y1=0.329, fr=0.181
j:-0.9132737307809293, -0.5797953228466213, -0.3783065271563828, -0.9315263531170785, 0.3318778886459768, 0.3346595368348062, fr=0.393, rotstif=0.933
j:-0.3245047046802938, -0.7827173471450806, 0.6623983108438551, 0.7614813218824565, -0.8011379591189325, -0.9145923191681504, rotstif=0.995, l=1.121
j:-0.869728229008615, 0.3435910604894161, -0.7204349720850587, 0.9794652466662228, -0.5305099566467106, 0.22224077582359314, fr=0.272, l=1.012
j:0.20091322576627135, -0.2895826636813581, -0.7306126859039068, -0.42008577240630984, 0.6021321848966181, -0.01514106709510088, fr=0.232, l=1.032
j:-0.28165968181565404, -0.7361844843253493, 0.29436824563890696, -0.42685755575075746, -0.5224069440737367, 0.8747670031152666, rotstif=0.954, l=1.029
j:-0.888683071359992, -0.4687312007881701, 0.6733977287076414, -0.7942330371588469, 0.09778206283226609, 0.12150898762047291, fr=0.085, l=1.412
j:0.704, 0.18725918140262365, -0.08099744049832225, -0.12282197922468185, 0.9345027087256312, -0.9738767915405333, l=1.237
n:-0.8733414323069155, -0.21950699342414737, 0.29932392900809646, -0.9474509130232036, -0.19352864986285567, -0.6198870590887964, d=|:r=0.932
n:0.8776519680395722, -0.5031026247888803, 0.3872418226674199, -0.5150691834278405, 0.7493455791845918, 0.9087125160731375, d=@:p=0.996
n:0.006196996197104454, -0.4345530606806278, -0.475733011495322, -0.9199658776633441, -0.047533093485981226, -0.8565697823651135, d=""|:p=0.27, r=0.885""
",4.8715750218418886e-05,"//H
3
j:y1=0.329, fr=0.181
j:-0.9132737307809293, -0.5797953228466213, -0.3783065271563828, -0.9315263531170785, 0.3318778886459768, 0.3346595368348062, fr=0.393, rotstif=0.933
j:-0.3245047046802938, -0.7827173471450806, 0.6623983108438551, 0.7614813218824565, -0.8011379591189325, -0.9145923191681504, rotstif=0.995, l=1.121
j:-0.869728229008615, 0.3435910604894161, -0.7204349720850587, 0.9794652466662228, -0.5305099566467106, 0.22224077582359314, fr=0.272, l=1.012
j:0.20091322576627135, -0.2895826636813581, -0.7306126859039068, -0.42008577240630984, 0.6021321848966181, -0.01514106709510088, fr=0.232, l=1.032
j:-0.28165968181565404, -0.7361844843253493, 0.29436824563890696, -0.42685755575075746, -0.5224069440737367, 0.8747670031152666, rotstif=0.954, l=1.029
j:-0.888683071359992, -0.4687312007881701, 0.6733977287076414, -0.7942330371588469, 0.09778206283226609, 0.12150898762047291, fr=0.085, l=1.412
j:0.9632943999022245, 0.18725918140262365, -0.08099744049832225, -0.12282197922468185, 0.9345027087256312, -0.9738767915405333, l=1.237
n:-0.8733414323069155, -0.21950699342414737, 0.29932392900809646, -0.9474509130232036, -0.19352864986285567, -0.6198870590887964, d=|:r=0.932
n:0.8776519680395722, -0.5031026247888803, 0.3872418226674199, -0.5150691834278405, 0.7493455791845918, 0.9087125160731375, d=@:p=0.996
n:0.006196996197104454, -0.4345530606806278, -0.475733011495322, -0.9199658776633441, -0.047533093485981226, -0.8565697823651135, d=""|:p=0.27, r=0.885""
"
28,H,64,65,"//H
3
j:y1=0.329, fr=0.181
j:-0.9132737307809293, -0.5797953228466213, -0.3783065271563828, -0.9315263531170785, 0.3318778886459768, 0.3346595368348062, fr=0.393, rotstif=0.933
j:-0.3245047046802938, -0.7827173471450806, 0.6623983108438551, 0.7614813218824565, -0.8011379591189325, -0.9145923191681504, rotstif=0.995, l=1.121
j:-0.869728229008615, 0.3435910604894161, -0.7204349720850587, 0.9794652466662228, -0.5305099566467106, 0.22224077582359314, fr=0.911, l=1.012
j:0.20091322576627135, -0.2895826636813581, -0.7306126859039068, -0.42008577240630984, 0.6021321848966181, -0.01514106709510088, fr=0.232, l=1.032
j:-0.28165968181565404, -0.7361844843253493, 0.29436824563890696, -0.42685755575075746, -0.5224069440737367, 0.8747670031152666, rotstif=0.954, l=1.029
j:-0.888683071359992, -0.4687312007881701, 0.6733977287076414, -0.7942330371588469, 0.09778206283226609, 0.12150898762047291, fr=0.085, l=1.412
j:0.704, 0.18725918140262365, -0.08099744049832225, -0.12282197922468185, 0.9345027087256312, -0.9738767915405333, l=1.237
n:-0.8733414323069155, -0.21950699342414737, 0.29932392900809646, -0.9474509130232036, -0.19352864986285567, -0.6198870590887964, d=|:r=0.932
n:0.8776519680395722, -0.5031026247888803, 0.3872418226674199, -0.5150691834278405, 0.7493455791845918, 0.9087125160731375, d=@:p=0.996
n:0.006196996197104454, -0.4345530606806278, -0.475733011495322, -0.9199658776633441, -0.047533093485981226, -0.8565697823651135, d=""|:p=0.27, r=0.885""
",5.157968229640817e-05,"//H
3
j:y1=0.329, fr=0.181
j:-0.9132737307809293, -0.5797953228466213, -0.3783065271563828, -0.9315263531170785, 0.3318778886459768, 0.3346595368348062, fr=0.393, rotstif=0.933
j:-0.3245047046802938, -0.7827173471450806, 0.6623983108438551, 0.7614813218824565, -0.8011379591189325, -0.9145923191681504, rotstif=0.995, l=1.121
j:-0.869728229008615, 0.3435910604894161, -0.7204349720850587, 0.9794652466662228, -0.5305099566467106, 0.22224077582359314, fr=0.272, l=1.012
j:0.20091322576627135, -0.2895826636813581, -0.7306126859039068, -0.42008577240630984, 0.6021321848966181, -0.01514106709510088, fr=0.232, l=1.032
j:-0.28165968181565404, -0.7361844843253493, 0.29436824563890696, -0.42685755575075746, -0.5224069440737367, 0.8747670031152666, rotstif=0.954, l=1.029
j:-0.888683071359992, -0.4687312007881701, 0.6733977287076414, -0.7942330371588469, 0.09778206283226609, 0.12150898762047291, fr=0.085, l=1.412
j:0.704, 0.18725918140262365, -0.08099744049832225, -0.12282197922468185, 0.9345027087256312, -0.9738767915405333, l=1.237
n:-0.8733414323069155, -0.21950699342414737, 0.29932392900809646, -0.9474509130232036, -0.19352864986285567, -0.6198870590887964, d=|:r=0.932
n:0.8776519680395722, -0.5031026247888803, 0.3872418226674199, -0.5150691834278405, 0.7493455791845918, 0.9087125160731375, d=@:p=0.996
n:0.006196996197104454, -0.4345530606806278, -0.475733011495322, -0.9199658776633441, -0.047533093485981226, -0.8565697823651135, d=""|:p=0.27, r=0.885""
"
28,H,65,66,"//H
3
j:y1=0.329, fr=0.181
j:-0.9132737307809293, -0.5797953228466213, -0.3783065271563828, -0.9315263531170785, 0.3318778886459768, 0.3346595368348062, fr=0.209, rotstif=0.933
j:-0.3245047046802938, -0.7827173471450806, 0.6623983108438551, 0.7614813218824565, -0.8011379591189325, -0.9145923191681504, rotstif=0.995, l=1.121
j:-0.869728229008615, 0.3435910604894161, -0.7204349720850587, 0.9794652466662228, -0.5305099566467106, 0.22224077582359314, fr=0.911, l=1.012
j:0.20091322576627135, -0.2895826636813581, -0.7306126859039068, -0.42008577240630984, 0.6021321848966181, -0.01514106709510088, fr=0.232, l=1.032
j:-0.28165968181565404, -0.7361844843253493, 0.29436824563890696, -0.42685755575075746, -0.5224069440737367, 0.8747670031152666, rotstif=0.954, l=1.029
j:-0.888683071359992, -0.4687312007881701, 0.6733977287076414, -0.7942330371588469, 0.09778206283226609, 0.12150898762047291, fr=0.085, l=1.412
j:0.704, 0.18725918140262365, -0.08099744049832225, -0.12282197922468185, 0.9345027087256312, -0.9738767915405333, l=1.237
n:-0.8733414323069155, -0.21950699342414737, 0.29932392900809646, -0.9474509130232036, -0.19352864986285567, -0.6198870590887964, d=|:r=0.932
n:0.8776519680395722, -0.5031026247888803, 0.3872418226674199, -0.5150691834278405, 0.7493455791845918, 0.9087125160731375, d=@:p=0.996
n:0.006196996197104454, -0.4345530606806278, -0.475733011495322, -0.9199658776633441, -0.047533093485981226, -0.8565697823651135, d=""|:p=0.27, r=0.885""
",5.25794643853166e-05,"//H
3
j:y1=0.329, fr=0.181
j:-0.9132737307809293, -0.5797953228466213, -0.3783065271563828, -0.9315263531170785, 0.3318778886459768, 0.3346595368348062, fr=0.393, rotstif=0.933
j:-0.3245047046802938, -0.7827173471450806, 0.6623983108438551, 0.7614813218824565, -0.8011379591189325, -0.9145923191681504, rotstif=0.995, l=1.121
j:-0.869728229008615, 0.3435910604894161, -0.7204349720850587, 0.9794652466662228, -0.5305099566467106, 0.22224077582359314, fr=0.911, l=1.012
j:0.20091322576627135, -0.2895826636813581, -0.7306126859039068, -0.42008577240630984, 0.6021321848966181, -0.01514106709510088, fr=0.232, l=1.032
j:-0.28165968181565404, -0.7361844843253493, 0.29436824563890696, -0.42685755575075746, -0.5224069440737367, 0.8747670031152666, rotstif=0.954, l=1.029
j:-0.888683071359992, -0.4687312007881701, 0.6733977287076414, -0.7942330371588469, 0.09778206283226609, 0.12150898762047291, fr=0.085, l=1.412
j:0.704, 0.18725918140262365, -0.08099744049832225, -0.12282197922468185, 0.9345027087256312, -0.9738767915405333, l=1.237
n:-0.8733414323069155, -0.21950699342414737, 0.29932392900809646, -0.9474509130232036, -0.19352864986285567, -0.6198870590887964, d=|:r=0.932
n:0.8776519680395722, -0.5031026247888803, 0.3872418226674199, -0.5150691834278405, 0.7493455791845918, 0.9087125160731375, d=@:p=0.996
n:0.006196996197104454, -0.4345530606806278, -0.475733011495322, -0.9199658776633441, -0.047533093485981226, -0.8565697823651135, d=""|:p=0.27, r=0.885""
"
28,H,66,67,"//H
3
j:y1=0.329, fr=0.181
j:-0.9132737307809293, -0.5797953228466213, -0.3783065271563828, -0.9315263531170785, 0.3318778886459768, 0.3346595368348062, fr=0.209, rotstif=0.933
j:-0.3245047046802938, -0.7827173471450806, 0.6623983108438551, 0.7614813218824565, -0.8011379591189325, -0.9145923191681504, rotstif=0.995, l=1.121
j:-0.869728229008615, 0.3435910604894161, -0.7204349720850587, 0.9794652466662228, -0.5305099566467106, 0.22224077582359314, fr=0.911, l=1.012
j:0.20091322576627135, -0.2895826636813581, -0.7306126859039068, -0.42008577240630984, 0.6021321848966181, -0.01514106709510088, fr=0.232, l=1.032
j:-0.28165968181565404, -0.7361844843253493, 0.29436824563890696, -0.42685755575075746, -0.5224069440737367, 0.8747670031152666, rotstif=0.954, l=1.029
j:-0.888683071359992, -0.4687312007881701, 0.6733977287076414, -0.7942330371588469, 0.09778206283226609, 0.12150898762047291, fr=0.085, l=1.412
j:0.704, 0.18725918140262365, -0.08099744049832225, -0.12282197922468185, 0.9345027087256312, -0.9738767915405333, l=1.237
n:-0.8733414323069155, -0.21950699342414737, 0.29932392900809646, -0.9474509130232036, -0.19352864986285567, -0.6198870590887964, d=|:r=0.932
n:0.8776519680395722, -0.5031026247888803, 0.3872418226674199, -0.5150691834278405, 0.7493455791845918, 0.9087125160731375, d=@:p=0.996
n:0.006196996197104454, -0.4345530606806278, -0.475733011495322, -0.9199658776633441, -0.047533093485981226, -0.8565697823651135, d=""|:p=0.27, r=0.885""
n:0.21823516255244613, -0.8494256087578833, 0.5782326529733837, -0.9659752422012389, 0.2743750880472362, 0.9766154265962541, d=N:si=0.012
",5.25794643853166e-05,"//H
3
j:y1=0.329, fr=0.181
j:-0.9132737307809293, -0.5797953228466213, -0.3783065271563828, -0.9315263531170785, 0.3318778886459768, 0.3346595368348062, fr=0.209, rotstif=0.933
j:-0.3245047046802938, -0.7827173471450806, 0.6623983108438551, 0.7614813218824565, -0.8011379591189325, -0.9145923191681504, rotstif=0.995, l=1.121
j:-0.869728229008615, 0.3435910604894161, -0.7204349720850587, 0.9794652466662228, -0.5305099566467106, 0.22224077582359314, fr=0.911, l=1.012
j:0.20091322576627135, -0.2895826636813581, -0.7306126859039068, -0.42008577240630984, 0.6021321848966181, -0.01514106709510088, fr=0.232, l=1.032
j:-0.28165968181565404, -0.7361844843253493, 0.29436824563890696, -0.42685755575075746, -0.5224069440737367, 0.8747670031152666, rotstif=0.954, l=1.029
j:-0.888683071359992, -0.4687312007881701, 0.6733977287076414, -0.7942330371588469, 0.09778206283226609, 0.12150898762047291, fr=0.085, l=1.412
j:0.704, 0.18725918140262365, -0.08099744049832225, -0.12282197922468185, 0.9345027087256312, -0.9738767915405333, l=1.237
n:-0.8733414323069155, -0.21950699342414737, 0.29932392900809646, -0.9474509130232036, -0.19352864986285567, -0.6198870590887964, d=|:r=0.932
n:0.8776519680395722, -0.5031026247888803, 0.3872418226674199, -0.5150691834278405, 0.7493455791845918, 0.9087125160731375, d=@:p=0.996
n:0.006196996197104454, -0.4345530606806278, -0.475733011495322, -0.9199658776633441, -0.047533093485981226, -0.8565697823651135, d=""|:p=0.27, r=0.885""
"
28,H,67,68,"//H
3
j:y1=0.329, fr=0.181
j:-0.9132737307809293, -0.5797953228466213, -0.3783065271563828, -0.9315263531170785, 0.3318778886459768, 0.3346595368348062, fr=0.209, rotstif=0.933
j:-0.3245047046802938, -0.7827173471450806, 0.6623983108438551, 0.7614813218824565, -0.8011379591189325, -0.9145923191681504, rotstif=0.995, l=1.121
j:-0.869728229008615, 0.3435910604894161, -0.7204349720850587, 0.9794652466662228, -0.5305099566467106, 0.22224077582359314, fr=0.911, l=1.012
j:0.20091322576627135, -0.2895826636813581, -0.7306126859039068, -0.42008577240630984, 0.6021321848966181, -0.01514106709510088, fr=0.232, l=1.032
j:-0.28165968181565404, -0.7361844843253493, 0.29436824563890696, -0.42685755575075746, -0.5224069440737367, 0.8747670031152666, rotstif=0.954, l=1.029
j:-0.888683071359992, -0.4687312007881701, 0.6733977287076414, -0.7942330371588469, 0.09778206283226609, 0.12150898762047291, fr=0.085, l=1.412
j:0.704, 0.18725918140262365, -0.08099744049832225, -0.12282197922468185, 0.9345027087256312, -0.9738767915405333, l=1.556
n:-0.8733414323069155, -0.21950699342414737, 0.29932392900809646, -0.9474509130232036, -0.19352864986285567, -0.6198870590887964, d=|:r=0.932
n:0.8776519680395722, -0.5031026247888803, 0.3872418226674199, -0.5150691834278405, 0.7493455791845918, 0.9087125160731375, d=@:p=0.996
n:0.006196996197104454, -0.4345530606806278, -0.475733011495322, -0.9199658776633441, -0.047533093485981226, -0.8565697823651135, d=""|:p=0.27, r=0.885""
",5.358255690329711e-05,"//H
3
j:y1=0.329, fr=0.181
j:-0.9132737307809293, -0.5797953228466213, -0.3783065271563828, -0.9315263531170785, 0.3318778886459768, 0.3346595368348062, fr=0.209, rotstif=0.933
j:-0.3245047046802938, -0.7827173471450806, 0.6623983108438551, 0.7614813218824565, -0.8011379591189325, -0.9145923191681504, rotstif=0.995, l=1.121
j:-0.869728229008615, 0.3435910604894161, -0.7204349720850587, 0.9794652466662228, -0.5305099566467106, 0.22224077582359314, fr=0.911, l=1.012
j:0.20091322576627135, -0.2895826636813581, -0.7306126859039068, -0.42008577240630984, 0.6021321848966181, -0.01514106709510088, fr=0.232, l=1.032
j:-0.28165968181565404, -0.7361844843253493, 0.29436824563890696, -0.42685755575075746, -0.5224069440737367, 0.8747670031152666, rotstif=0.954, l=1.029
j:-0.888683071359992, -0.4687312007881701, 0.6733977287076414, -0.7942330371588469, 0.09778206283226609, 0.12150898762047291, fr=0.085, l=1.412
j:0.704, 0.18725918140262365, -0.08099744049832225, -0.12282197922468185, 0.9345027087256312, -0.9738767915405333, l=1.237
n:-0.8733414323069155, -0.21950699342414737, 0.29932392900809646, -0.9474509130232036, -0.19352864986285567, -0.6198870590887964, d=|:r=0.932
n:0.8776519680395722, -0.5031026247888803, 0.3872418226674199, -0.5150691834278405, 0.7493455791845918, 0.9087125160731375, d=@:p=0.996
n:0.006196996197104454, -0.4345530606806278, -0.475733011495322, -0.9199658776633441, -0.047533093485981226, -0.8565697823651135, d=""|:p=0.27, r=0.885""
"
28,H,68,69,"//H
3
j:y1=0.329, fr=0.181
j:-0.9132737307809293, -0.5797953228466213, -0.3783065271563828, -0.9315263531170785, 0.3318778886459768, 0.3346595368348062, fr=0.209, rotstif=0.933
j:-0.3245047046802938, -0.7827173471450806, 0.6623983108438551, 0.7614813218824565, -0.8011379591189325, -0.9145923191681504, rotstif=0.995, l=1.121
j:-0.869728229008615, 0.3435910604894161, -0.7204349720850587, 0.9794652466662228, -0.5305099566467106, 0.22224077582359314, fr=0.911, l=1.012
j:0.20091322576627135, -0.2895826636813581, -0.7306126859039068, -0.42008577240630984, 0.6021321848966181, -0.01514106709510088, fr=0.232, l=1.032
j:-0.28165968181565404, -0.7361844843253493, 0.29436824563890696, -0.42685755575075746, -0.5224069440737367, 0.8747670031152666, rotstif=0.954, l=1.029
j:-0.888683071359992, -0.4687312007881701, 0.6733977287076414, -0.7942330371588469, 0.09778206283226609, 0.12150898762047291, fr=0.085, l=1.412
j:0.704, 0.18725918140262365, -0.08099744049832225, -0.12282197922468185, 0.9345027087256312, -0.9738767915405333, l=1.556
n:-0.8733414323069155, -0.21950699342414737, 0.29932392900809646, -0.9474509130232036, -0.19352864986285567, -0.6198870590887964, d=|:r=0.932
n:0.8776519680395722, -0.5031026247888803, 0.3872418226674199, -0.5150691834278405, 0.7493455791845918, 0.9087125160731375, d=@:p=0.936
n:0.006196996197104454, -0.4345530606806278, -0.475733011495322, -0.9199658776633441, -0.047533093485981226, -0.8565697823651135, d=""|:p=0.27, r=0.885""
",5.3832683199627916e-05,"//H
3
j:y1=0.329, fr=0.181
j:-0.9132737307809293, -0.5797953228466213, -0.3783065271563828, -0.9315263531170785, 0.3318778886459768, 0.3346595368348062, fr=0.209, rotstif=0.933
j:-0.3245047046802938, -0.7827173471450806, 0.6623983108438551, 0.7614813218824565, -0.8011379591189325, -0.9145923191681504, rotstif=0.995, l=1.121
j:-0.869728229008615, 0.3435910604894161, -0.7204349720850587, 0.9794652466662228, -0.5305099566467106, 0.22224077582359314, fr=0.911, l=1.012
j:0.20091322576627135, -0.2895826636813581, -0.7306126859039068, -0.42008577240630984, 0.6021321848966181, -0.01514106709510088, fr=0.232, l=1.032
j:-0.28165968181565404, -0.7361844843253493, 0.29436824563890696, -0.42685755575075746, -0.5224069440737367, 0.8747670031152666, rotstif=0.954, l=1.029
j:-0.888683071359992, -0.4687312007881701, 0.6733977287076414, -0.7942330371588469, 0.09778206283226609, 0.12150898762047291, fr=0.085, l=1.412
j:0.704, 0.18725918140262365, -0.08099744049832225, -0.12282197922468185, 0.9345027087256312, -0.9738767915405333, l=1.556
n:-0.8733414323069155, -0.21950699342414737, 0.29932392900809646, -0.9474509130232036, -0.19352864986285567, -0.6198870590887964, d=|:r=0.932
n:0.8776519680395722, -0.5031026247888803, 0.3872418226674199, -0.5150691834278405, 0.7493455791845918, 0.9087125160731375, d=@:p=0.996
n:0.006196996197104454, -0.4345530606806278, -0.475733011495322, -0.9199658776633441, -0.047533093485981226, -0.8565697823651135, d=""|:p=0.27, r=0.885""
"
28,H,69,70,"//H
3
j:y1=0.329, fr=0.181
j:-0.9132737307809293, -0.5797953228466213, -0.3783065271563828, -0.9315263531170785, 0.3318778886459768, 0.3346595368348062, fr=0.209, rotstif=0.933
j:-0.3245047046802938, -0.7827173471450806, 0.6623983108438551, 0.7614813218824565, -0.8011379591189325, -0.9145923191681504, rotstif=0.995, l=1.121
j:-0.869728229008615, 0.3435910604894161, -0.7204349720850587, 0.9794652466662228, -0.5305099566467106, 0.22224077582359314, fr=0.911, l=1.012
j:0.20091322576627135, -0.2895826636813581, -0.7306126859039068, -0.42008577240630984, 0.6021321848966181, -0.01514106709510088, fr=0.232, l=1.032
j:-0.28165968181565404, -0.7361844843253493, 0.29436824563890696, -0.42685755575075746, -0.5224069440737367, 0.8747670031152666, rotstif=0.954, l=1.029
j:-0.888683071359992, -0.4687312007881701, 0.6733977287076414, -0.7942330371588469, 0.09778206283226609, 0.12150898762047291, fr=0.085, l=1.412
j:0.704, 0.18725918140262365, -0.08099744049832225, -0.12282197922468185, 0.9345027087256312, -0.9738767915405333, l=1.556
n:-0.8733414323069155, -0.21950699342414737, 0.29932392900809646, -0.9474509130232036, -0.19352864986285567, -0.6198870590887964, d=|:r=0.932
n:0.8776519680395722, -0.5031026247888803, 0.3872418226674199, -0.5150691834278405, 0.7493455791845918, 0.9087125160731375, d=@:p=0.936
n:0.006196996197104454, -0.4345530606806278, -0.475733011495322, -0.9199658776633441, -0.047533093485981226, -0.8565697823651135, d=""|:p=0.27, r=0.885""
n:0.6773760924115777, -0.7927431710995734, 0.5355521757155657, 0.4118641880340874, 0.3465329958125949, 0.37221224838867784, d=|:r=0.889
",5.659789019299175e-05,"//H
3
j:y1=0.329, fr=0.181
j:-0.9132737307809293, -0.5797953228466213, -0.3783065271563828, -0.9315263531170785, 0.3318778886459768, 0.3346595368348062, fr=0.209, rotstif=0.933
j:-0.3245047046802938, -0.7827173471450806, 0.6623983108438551, 0.7614813218824565, -0.8011379591189325, -0.9145923191681504, rotstif=0.995, l=1.121
j:-0.869728229008615, 0.3435910604894161, -0.7204349720850587, 0.9794652466662228, -0.5305099566467106, 0.22224077582359314, fr=0.911, l=1.012
j:0.20091322576627135, -0.2895826636813581, -0.7306126859039068, -0.42008577240630984, 0.6021321848966181, -0.01514106709510088, fr=0.232, l=1.032
j:-0.28165968181565404, -0.7361844843253493, 0.29436824563890696, -0.42685755575075746, -0.5224069440737367, 0.8747670031152666, rotstif=0.954, l=1.029
j:-0.888683071359992, -0.4687312007881701, 0.6733977287076414, -0.7942330371588469, 0.09778206283226609, 0.12150898762047291, fr=0.085, l=1.412
j:0.704, 0.18725918140262365, -0.08099744049832225, -0.12282197922468185, 0.9345027087256312, -0.9738767915405333, l=1.556
n:-0.8733414323069155, -0.21950699342414737, 0.29932392900809646, -0.9474509130232036, -0.19352864986285567, -0.6198870590887964, d=|:r=0.932
n:0.8776519680395722, -0.5031026247888803, 0.3872418226674199, -0.5150691834278405, 0.7493455791845918, 0.9087125160731375, d=@:p=0.936
n:0.006196996197104454, -0.4345530606806278, -0.475733011495322, -0.9199658776633441, -0.047533093485981226, -0.8565697823651135, d=""|:p=0.27, r=0.885""
"
28,H,70,71,"//H
3
j:y1=0.329, fr=0.181
j:-0.9132737307809293, -0.5797953228466213, -0.3783065271563828, -0.9315263531170785, 0.3318778886459768, 0.3346595368348062, fr=0.209, rotstif=0.933
j:-0.3245047046802938, -0.7827173471450806, 0.6623983108438551, 0.7614813218824565, -0.8011379591189325, -0.9145923191681504, rotstif=0.995, l=1.335
j:-0.869728229008615, 0.3435910604894161, -0.7204349720850587, 0.9794652466662228, -0.5305099566467106, 0.22224077582359314, fr=0.911, l=1.012
j:0.20091322576627135, -0.2895826636813581, -0.7306126859039068, -0.42008577240630984, 0.6021321848966181, -0.01514106709510088, fr=0.232, l=1.032
j:-0.28165968181565404, -0.7361844843253493, 0.29436824563890696, -0.42685755575075746, -0.5224069440737367, 0.8747670031152666, rotstif=0.954, l=1.029
j:-0.888683071359992, -0.4687312007881701, 0.6733977287076414, -0.7942330371588469, 0.09778206283226609, 0.12150898762047291, fr=0.085, l=1.412
j:0.704, 0.18725918140262365, -0.08099744049832225, -0.12282197922468185, 0.9345027087256312, -0.9738767915405333, l=1.556
n:-0.8733414323069155, -0.21950699342414737, 0.29932392900809646, -0.9474509130232036, -0.19352864986285567, -0.6198870590887964, d=|:r=0.932
n:0.8776519680395722, -0.5031026247888803, 0.3872418226674199, -0.5150691834278405, 0.7493455791845918, 0.9087125160731375, d=@:p=0.936
n:0.006196996197104454, -0.4345530606806278, -0.475733011495322, -0.9199658776633441, -0.047533093485981226, -0.8565697823651135, d=""|:p=0.27, r=0.885""
n:0.6773760924115777, -0.7927431710995734, 0.5355521757155657, 0.4118641880340874, 0.3465329958125949, 0.37221224838867784, d=|:r=0.889
",7.805523242286746e-05,"//H
3
j:y1=0.329, fr=0.181
j:-0.9132737307809293, -0.5797953228466213, -0.3783065271563828, -0.9315263531170785, 0.3318778886459768, 0.3346595368348062, fr=0.209, rotstif=0.933
j:-0.3245047046802938, -0.7827173471450806, 0.6623983108438551, 0.7614813218824565, -0.8011379591189325, -0.9145923191681504, rotstif=0.995, l=1.121
j:-0.869728229008615, 0.3435910604894161, -0.7204349720850587, 0.9794652466662228, -0.5305099566467106, 0.22224077582359314, fr=0.911, l=1.012
j:0.20091322576627135, -0.2895826636813581, -0.7306126859039068, -0.42008577240630984, 0.6021321848966181, -0.01514106709510088, fr=0.232, l=1.032
j:-0.28165968181565404, -0.7361844843253493, 0.29436824563890696, -0.42685755575075746, -0.5224069440737367, 0.8747670031152666, rotstif=0.954, l=1.029
j:-0.888683071359992, -0.4687312007881701, 0.6733977287076414, -0.7942330371588469, 0.09778206283226609, 0.12150898762047291, fr=0.085, l=1.412
j:0.704, 0.18725918140262365, -0.08099744049832225, -0.12282197922468185, 0.9345027087256312, -0.9738767915405333, l=1.556
n:-0.8733414323069155, -0.21950699342414737, 0.29932392900809646, -0.9474509130232036, -0.19352864986285567, -0.6198870590887964, d=|:r=0.932
n:0.8776519680395722, -0.5031026247888803, 0.3872418226674199, -0.5150691834278405, 0.7493455791845918, 0.9087125160731375, d=@:p=0.936
n:0.006196996197104454, -0.4345530606806278, -0.475733011495322, -0.9199658776633441, -0.047533093485981226, -0.8565697823651135, d=""|:p=0.27, r=0.885""
n:0.6773760924115777, -0.7927431710995734, 0.5355521757155657, 0.4118641880340874, 0.3465329958125949, 0.37221224838867784, d=|:r=0.889
"
28,H,71,72,"//H
3
j:y1=0.329, fr=0.181
j:-0.9132737307809293, -0.5797953228466213, -0.3783065271563828, -0.9315263531170785, 0.3318778886459768, 0.3346595368348062, fr=0.209, rotstif=0.933
j:-0.3245047046802938, -0.7827173471450806, 0.6623983108438551, 0.7614813218824565, -0.8011379591189325, -0.9145923191681504, fr=0.071, rotstif=0.995, l=1.335
j:-0.869728229008615, 0.3435910604894161, -0.7204349720850587, 0.9794652466662228, -0.5305099566467106, 0.22224077582359314, fr=0.911, l=1.012
j:0.20091322576627135, -0.2895826636813581, -0.7306126859039068, -0.42008577240630984, 0.6021321848966181, -0.01514106709510088, fr=0.232, l=1.032
j:-0.28165968181565404, -0.7361844843253493, 0.29436824563890696, -0.42685755575075746, -0.5224069440737367, 0.8747670031152666, rotstif=0.954, l=1.029
j:-0.888683071359992, -0.4687312007881701, 0.6733977287076414, -0.7942330371588469, 0.09778206283226609, 0.12150898762047291, fr=0.085, l=1.412
j:0.704, 0.18725918140262365, -0.08099744049832225, -0.12282197922468185, 0.9345027087256312, -0.9738767915405333, l=1.556
n:-0.8733414323069155, -0.21950699342414737, 0.29932392900809646, -0.9474509130232036, -0.19352864986285567, -0.6198870590887964, d=|:r=0.932
n:0.8776519680395722, -0.5031026247888803, 0.3872418226674199, -0.5150691834278405, 0.7493455791845918, 0.9087125160731375, d=@:p=0.936
n:0.006196996197104454, -0.4345530606806278, -0.475733011495322, -0.9199658776633441, -0.047533093485981226, -0.8565697823651135, d=""|:p=0.27, r=0.885""
n:0.6773760924115777, -0.7927431710995734, 0.5355521757155657, 0.4118641880340874, 0.3465329958125949, 0.37221224838867784, d=|:r=0.889
",8.123843582306431e-05,"//H
3
j:y1=0.329, fr=0.181
j:-0.9132737307809293, -0.5797953228466213, -0.3783065271563828, -0.9315263531170785, 0.3318778886459768, 0.3346595368348062, fr=0.209, rotstif=0.933
j:-0.3245047046802938, -0.7827173471450806, 0.6623983108438551, 0.7614813218824565, -0.8011379591189325, -0.9145923191681504, rotstif=0.995, l=1.335
j:-0.869728229008615, 0.3435910604894161, -0.7204349720850587, 0.9794652466662228, -0.5305099566467106, 0.22224077582359314, fr=0.911, l=1.012
j:0.20091322576627135, -0.2895826636813581, -0.7306126859039068, -0.42008577240630984, 0.6021321848966181, -0.01514106709510088, fr=0.232, l=1.032
j:-0.28165968181565404, -0.7361844843253493, 0.29436824563890696, -0.42685755575075746, -0.5224069440737367, 0.8747670031152666, rotstif=0.954, l=1.029
j:-0.888683071359992, -0.4687312007881701, 0.6733977287076414, -0.7942330371588469, 0.09778206283226609, 0.12150898762047291, fr=0.085, l=1.412
j:0.704, 0.18725918140262365, -0.08099744049832225, -0.12282197922468185, 0.9345027087256312, -0.9738767915405333, l=1.556
n:-0.8733414323069155, -0.21950699342414737, 0.29932392900809646, -0.9474509130232036, -0.19352864986285567, -0.6198870590887964, d=|:r=0.932
n:0.8776519680395722, -0.5031026247888803, 0.3872418226674199, -0.5150691834278405, 0.7493455791845918, 0.9087125160731375, d=@:p=0.936
n:0.006196996197104454, -0.4345530606806278, -0.475733011495322, -0.9199658776633441, -0.047533093485981226, -0.8565697823651135, d=""|:p=0.27, r=0.885""
n:0.6773760924115777, -0.7927431710995734, 0.5355521757155657, 0.4118641880340874, 0.3465329958125949, 0.37221224838867784, d=|:r=0.889
"
28,H,72,73,"//H
3
j:y1=0.329, fr=0.181
j:-0.9132737307809293, -0.5797953228466213, -0.3783065271563828, -0.9315263531170785, 0.3318778886459768, 0.3346595368348062, fr=0.209, rotstif=0.933
j:-0.3245047046802938, -0.7827173471450806, 0.6623983108438551, 0.7614813218824565, -0.8011379591189325, -0.9145923191681504, fr=0.071, rotstif=0.995, l=1.335
j:-0.869728229008615, 0.3435910604894161, -0.7204349720850587, 0.9794652466662228, -0.5305099566467106, 0.22224077582359314, fr=0.911, l=1.012
j:0.20091322576627135, -0.2895826636813581, -0.7306126859039068, -0.42008577240630984, 0.6021321848966181, -0.01514106709510088, fr=0.232, l=1.032
j:-0.28165968181565404, -0.7361844843253493, 0.29436824563890696, -0.42685755575075746, -0.585, 0.8747670031152666, rotstif=0.954, l=1.029
j:-0.888683071359992, -0.4687312007881701, 0.6733977287076414, -0.7942330371588469, 0.09778206283226609, 0.12150898762047291, fr=0.085, l=1.412
j:0.704, 0.18725918140262365, -0.08099744049832225, -0.12282197922468185, 0.9345027087256312, -0.9738767915405333, l=1.556
n:-0.8733414323069155, -0.21950699342414737, 0.29932392900809646, -0.9474509130232036, -0.19352864986285567, -0.6198870590887964, d=|:r=0.932
n:0.8776519680395722, -0.5031026247888803, 0.3872418226674199, -0.5150691834278405, 0.7493455791845918, 0.9087125160731375, d=@:p=0.936
n:0.006196996197104454, -0.4345530606806278, -0.475733011495322, -0.9199658776633441, -0.047533093485981226, -0.8565697823651135, d=""|:p=0.27, r=0.885""
n:0.6773760924115777, -0.7927431710995734, 0.5355521757155657, 0.4118641880340874, 0.3465329958125949, 0.37221224838867784, d=|:r=0.889
",8.123843582306431e-05,"//H
3
j:y1=0.329, fr=0.181
j:-0.9132737307809293, -0.5797953228466213, -0.3783065271563828, -0.9315263531170785, 0.3318778886459768, 0.3346595368348062, fr=0.209, rotstif=0.933
j:-0.3245047046802938, -0.7827173471450806, 0.6623983108438551, 0.7614813218824565, -0.8011379591189325, -0.9145923191681504, fr=0.071, rotstif=0.995, l=1.335
j:-0.869728229008615, 0.3435910604894161, -0.7204349720850587, 0.9794652466662228, -0.5305099566467106, 0.22224077582359314, fr=0.911, l=1.012
j:0.20091322576627135, -0.2895826636813581, -0.7306126859039068, -0.42008577240630984, 0.6021321848966181, -0.01514106709510088, fr=0.232, l=1.032
j:-0.28165968181565404, -0.7361844843253493, 0.29436824563890696, -0.42685755575075746, -0.5224069440737367, 0.8747670031152666, rotstif=0.954, l=1.029
j:-0.888683071359992, -0.4687312007881701, 0.6733977287076414, -0.7942330371588469, 0.09778206283226609, 0.12150898762047291, fr=0.085, l=1.412
j:0.704, 0.18725918140262365, -0.08099744049832225, -0.12282197922468185, 0.9345027087256312, -0.9738767915405333, l=1.556
n:-0.8733414323069155, -0.21950699342414737, 0.29932392900809646, -0.9474509130232036, -0.19352864986285567, -0.6198870590887964, d=|:r=0.932
n:0.8776519680395722, -0.5031026247888803, 0.3872418226674199, -0.5150691834278405, 0.7493455791845918, 0.9087125160731375, d=@:p=0.936
n:0.006196996197104454, -0.4345530606806278, -0.475733011495322, -0.9199658776633441, -0.047533093485981226, -0.8565697823651135, d=""|:p=0.27, r=0.885""
n:0.6773760924115777, -0.7927431710995734, 0.5355521757155657, 0.4118641880340874, 0.3465329958125949, 0.37221224838867784, d=|:r=0.889
"
28,H,73,74,"//H
3
j:x2=-0.36, y1=0.329, fr=0.181
j:-0.9132737307809293, -0.5797953228466213, -0.3783065271563828, -0.9315263531170785, 0.3318778886459768, 0.3346595368348062, fr=0.209, rotstif=0.933
j:-0.3245047046802938, -0.7827173471450806, 0.6623983108438551, 0.7614813218824565, -0.8011379591189325, -0.9145923191681504, fr=0.071, rotstif=0.995, l=1.335
j:-0.869728229008615, 0.3435910604894161, -0.7204349720850587, 0.9794652466662228, -0.5305099566467106, 0.22224077582359314, fr=0.911, l=1.012
j:0.20091322576627135, -0.2895826636813581, -0.7306126859039068, -0.42008577240630984, 0.6021321848966181, -0.01514106709510088, fr=0.232, l=1.032
j:-0.28165968181565404, -0.7361844843253493, 0.29436824563890696, -0.42685755575075746, -0.5224069440737367, 0.8747670031152666, rotstif=0.954, l=1.029
j:-0.888683071359992, -0.4687312007881701, 0.6733977287076414, -0.7942330371588469, 0.09778206283226609, 0.12150898762047291, fr=0.085, l=1.412
j:0.704, 0.18725918140262365, -0.08099744049832225, -0.12282197922468185, 0.9345027087256312, -0.9738767915405333, l=1.556
n:-0.8733414323069155, -0.21950699342414737, 0.29932392900809646, -0.9474509130232036, -0.19352864986285567, -0.6198870590887964, d=|:r=0.932
n:0.8776519680395722, -0.5031026247888803, 0.3872418226674199, -0.5150691834278405, 0.7493455791845918, 0.9087125160731375, d=@:p=0.936
n:0.006196996197104454, -0.4345530606806278, -0.475733011495322, -0.9199658776633441, -0.047533093485981226, -0.8565697823651135, d=""|:p=0.27, r=0.885""
n:0.6773760924115777, -0.7927431710995734, 0.5355521757155657, 0.4118641880340874, 0.3465329958125949, 0.37221224838867784, d=|:r=0.889
",8.15917718949778e-05,"//H
3
j:y1=0.329, fr=0.181
j:-0.9132737307809293, -0.5797953228466213, -0.3783065271563828, -0.9315263531170785, 0.3318778886459768, 0.3346595368348062, fr=0.209, rotstif=0.933
j:-0.3245047046802938, -0.7827173471450806, 0.6623983108438551, 0.7614813218824565, -0.8011379591189325, -0.9145923191681504, fr=0.071, rotstif=0.995, l=1.335
j:-0.869728229008615, 0.3435910604894161, -0.7204349720850587, 0.9794652466662228, -0.5305099566467106, 0.22224077582359314, fr=0.911, l=1.012
j:0.20091322576627135, -0.2895826636813581, -0.7306126859039068, -0.42008577240630984, 0.6021321848966181, -0.01514106709510088, fr=0.232, l=1.032
j:-0.28165968181565404, -0.7361844843253493, 0.29436824563890696, -0.42685755575075746, -0.5224069440737367, 0.8747670031152666, rotstif=0.954, l=1.029
j:-0.888683071359992, -0.4687312007881701, 0.6733977287076414, -0.7942330371588469, 0.09778206283226609, 0.12150898762047291, fr=0.085, l=1.412
j:0.704, 0.18725918140262365, -0.08099744049832225, -0.12282197922468185, 0.9345027087256312, -0.9738767915405333, l=1.556
n:-0.8733414323069155, -0.21950699342414737, 0.29932392900809646, -0.9474509130232036, -0.19352864986285567, -0.6198870590887964, d=|:r=0.932
n:0.8776519680395722, -0.5031026247888803, 0.3872418226674199, -0.5150691834278405, 0.7493455791845918, 0.9087125160731375, d=@:p=0.936
n:0.006196996197104454, -0.4345530606806278, -0.475733011495322, -0.9199658776633441, -0.047533093485981226, -0.8565697823651135, d=""|:p=0.27, r=0.885""
n:0.6773760924115777, -0.7927431710995734, 0.5355521757155657, 0.4118641880340874, 0.3465329958125949, 0.37221224838867784, d=|:r=0.889
"
28,H,74,75,"//H
3
j:x2=-0.36, y1=0.329, fr=0.181
j:-0.9132737307809293, -0.5797953228466213, -0.3783065271563828, -0.9315263531170785, 0.3318778886459768, 0.3346595368348062, fr=0.209, rotstif=0.933
j:-0.3245047046802938, -0.7827173471450806, 0.6623983108438551, 0.7614813218824565, -0.8011379591189325, -0.9145923191681504, fr=0.071, rotstif=0.995, l=1.335
j:-0.869728229008615, 0.3435910604894161, -0.7204349720850587, 0.9794652466662228, -0.5305099566467106, 0.22224077582359314, fr=0.911, l=1.012
j:0.20091322576627135, -0.2895826636813581, -0.7306126859039068, -0.42008577240630984, 0.6021321848966181, -0.01514106709510088, fr=0.232, l=1.032
j:-0.28165968181565404, -0.7361844843253493, 0.29436824563890696, -0.42685755575075746, -0.5224069440737367, 0.8747670031152666, rotstif=0.954, l=1.029
j:-0.888683071359992, -0.4687312007881701, 0.6733977287076414, -0.7942330371588469, 0.09778206283226609, 0.12150898762047291, fr=0.085, l=1.412
j:0.704, 0.18725918140262365, -0.08099744049832225, -0.12282197922468185, 0.9345027087256312, -0.9738767915405333, l=1.556
n:-0.8733414323069155, -0.21950699342414737, 0.29932392900809646, -0.9474509130232036, -0.19352864986285567, -0.6198870590887964, d=|:r=0.932
n:0.8776519680395722, -0.5031026247888803, 0.3872418226674199, -0.5150691834278405, 0.7493455791845918, 0.9087125160731375, d=@:p=0.932
n:0.006196996197104454, -0.4345530606806278, -0.475733011495322, -0.9199658776633441, -0.047533093485981226, -0.8565697823651135, d=""|:p=0.27, r=0.885""
n:0.6773760924115777, -0.7927431710995734, 0.5355521757155657, 0.4118641880340874, 0.3465329958125949, 0.37221224838867784, d=|:r=0.889
",8.176906136697805e-05,"//H
3
j:x2=-0.36, y1=0.329, fr=0.181
j:-0.9132737307809293, -0.5797953228466213, -0.3783065271563828, -0.9315263531170785, 0.3318778886459768, 0.3346595368348062, fr=0.209, rotstif=0.933
j:-0.3245047046802938, -0.7827173471450806, 0.6623983108438551, 0.7614813218824565, -0.8011379591189325, -0.9145923191681504, fr=0.071, rotstif=0.995, l=1.335
j:-0.869728229008615, 0.3435910604894161, -0.7204349720850587, 0.9794652466662228, -0.5305099566467106, 0.22224077582359314, fr=0.911, l=1.012
j:0.20091322576627135, -0.2895826636813581, -0.7306126859039068, -0.42008577240630984, 0.6021321848966181, -0.01514106709510088, fr=0.232, l=1.032
j:-0.28165968181565404, -0.7361844843253493, 0.29436824563890696, -0.42685755575075746, -0.5224069440737367, 0.8747670031152666, rotstif=0.954, l=1.029
j:-0.888683071359992, -0.4687312007881701, 0.6733977287076414, -0.7942330371588469, 0.09778206283226609, 0.12150898762047291, fr=0.085, l=1.412
j:0.704, 0.18725918140262365, -0.08099744049832225, -0.12282197922468185, 0.9345027087256312, -0.9738767915405333, l=1.556
n:-0.8733414323069155, -0.21950699342414737, 0.29932392900809646, -0.9474509130232036, -0.19352864986285567, -0.6198870590887964, d=|:r=0.932
n:0.8776519680395722, -0.5031026247888803, 0.3872418226674199, -0.5150691834278405, 0.7493455791845918, 0.9087125160731375, d=@:p=0.936
n:0.006196996197104454, -0.4345530606806278, -0.475733011495322, -0.9199658776633441, -0.047533093485981226, -0.8565697823651135, d=""|:p=0.27, r=0.885""
n:0.6773760924115777, -0.7927431710995734, 0.5355521757155657, 0.4118641880340874, 0.3465329958125949, 0.37221224838867784, d=|:r=0.889
"
28,H,75,76,"//H
3
j:x2=-0.36, y1=0.329, fr=0.181
j:-0.9132737307809293, -0.5797953228466213, -0.3783065271563828, -0.9315263531170785, 0.3318778886459768, 0.3346595368348062, fr=0.209, rotstif=0.933
j:-0.3245047046802938, -0.7827173471450806, 0.6623983108438551, 0.7614813218824565, -0.8011379591189325, -0.9145923191681504, fr=0.071, rotstif=0.995, l=1.335
j:-0.869728229008615, 0.3435910604894161, -0.7204349720850587, 0.9794652466662228, -0.5305099566467106, 0.22224077582359314, fr=0.911, l=1.012
j:0.20091322576627135, -0.2895826636813581, -0.7306126859039068, -0.42008577240630984, 0.6021321848966181, -0.01514106709510088, fr=0.232, l=1.032
j:-0.28165968181565404, -0.7361844843253493, 0.29436824563890696, -0.42685755575075746, -0.5224069440737367, 0.8747670031152666, rotstif=0.954, l=1.029
j:-0.888683071359992, -0.4687312007881701, 0.6733977287076414, -0.7942330371588469, 0.09778206283226609, 0.12150898762047291, fr=0.085, l=1.412
j:0.704, 0.18725918140262365, -0.08099744049832225, -0.12282197922468185, 0.9345027087256312, -0.9738767915405333, l=1.556
n:-0.8733414323069155, -0.21950699342414737, 0.29932392900809646, -0.9474509130232036, -0.19352864986285567, -0.6198870590887964, d=|:r=0.932
n:0.8776519680395722, -0.5031026247888803, 0.3872418226674199, -0.5150691834278405, 0.7493455791845918, 0.9087125160731375, d=@:p=0.964
n:0.006196996197104454, -0.4345530606806278, -0.475733011495322, -0.9199658776633441, -0.047533093485981226, -0.8565697823651135, d=""|:p=0.27, r=0.885""
n:0.6773760924115777, -0.7927431710995734, 0.5355521757155657, 0.4118641880340874, 0.3465329958125949, 0.37221224838867784, d=|:r=0.889
",8.188077962538439e-05,"//H
3
j:x2=-0.36, y1=0.329, fr=0.181
j:-0.9132737307809293, -0.5797953228466213, -0.3783065271563828, -0.9315263531170785, 0.3318778886459768, 0.3346595368348062, fr=0.209, rotstif=0.933
j:-0.3245047046802938, -0.7827173471450806, 0.6623983108438551, 0.7614813218824565, -0.8011379591189325, -0.9145923191681504, fr=0.071, rotstif=0.995, l=1.335
j:-0.869728229008615, 0.3435910604894161, -0.7204349720850587, 0.9794652466662228, -0.5305099566467106, 0.22224077582359314, fr=0.911, l=1.012
j:0.20091322576627135, -0.2895826636813581, -0.7306126859039068, -0.42008577240630984, 0.6021321848966181, -0.01514106709510088, fr=0.232, l=1.032
j:-0.28165968181565404, -0.7361844843253493, 0.29436824563890696, -0.42685755575075746, -0.5224069440737367, 0.8747670031152666, rotstif=0.954, l=1.029
j:-0.888683071359992, -0.4687312007881701, 0.6733977287076414, -0.7942330371588469, 0.09778206283226609, 0.12150898762047291, fr=0.085, l=1.412
j:0.704, 0.18725918140262365, -0.08099744049832225, -0.12282197922468185, 0.9345027087256312, -0.9738767915405333, l=1.556
n:-0.8733414323069155, -0.21950699342414737, 0.29932392900809646, -0.9474509130232036, -0.19352864986285567, -0.6198870590887964, d=|:r=0.932
n:0.8776519680395722, -0.5031026247888803, 0.3872418226674199, -0.5150691834278405, 0.7493455791845918, 0.9087125160731375, d=@:p=0.932
n:0.006196996197104454, -0.4345530606806278, -0.475733011495322, -0.9199658776633441, -0.047533093485981226, -0.8565697823651135, d=""|:p=0.27, r=0.885""
n:0.6773760924115777, -0.7927431710995734, 0.5355521757155657, 0.4118641880340874, 0.3465329958125949, 0.37221224838867784, d=|:r=0.889
"
28,H,76,77,"//H
3
j:x2=-0.36, y1=0.329, fr=0.181
j:-0.9132737307809293, -0.5797953228466213, -0.3783065271563828, -0.9315263531170785, 0.3318778886459768, 0.3346595368348062, fr=0.209, rotstif=0.933
j:-0.3245047046802938, -0.7827173471450806, 0.6623983108438551, 0.7614813218824565, -0.8011379591189325, -0.9145923191681504, fr=0.071, rotstif=0.995, l=1.335
j:-0.869728229008615, 0.3435910604894161, -0.7204349720850587, 0.9794652466662228, -0.5305099566467106, 0.22224077582359314, fr=0.911, l=1.012
j:0.20091322576627135, -0.2895826636813581, -0.7306126859039068, -0.42008577240630984, 0.6021321848966181, -0.01514106709510088, fr=0.232, l=1.032
j:-0.28165968181565404, -0.7361844843253493, 0.29436824563890696, -0.42685755575075746, -0.5224069440737367, 0.8747670031152666, rotstif=0.954, l=1.029
j:-0.888683071359992, -0.4687312007881701, 0.6733977287076414, -0.7942330371588469, 0.09778206283226609, 0.12150898762047291, fr=0.085, l=1.412
j:0.704, 0.18725918140262365, -0.08099744049832225, -0.12282197922468185, 0.9345027087256312, -0.9738767915405333, l=1.556
n:-0.8733414323069155, -0.21950699342414737, 0.29932392900809646, -0.9474509130232036, -0.19352864986285567, -0.6198870590887964, d=|:r=0.932
n:0.8776519680395722, -0.5031026247888803, 0.3872418226674199, -0.5150691834278405, 0.7493455791845918, 0.9087125160731375, d=@:p=0.964
n:0.006196996197104454, -0.4345530606806278, -0.475733011495322, -0.9199658776633441, -0.047533093485981226, -0.8565697823651135, d=""|:p=0.27, r=0.885""
n:0.6773760924115777, -0.7927431710995734, 0.5355521757155657, 0.4118641880340874, 0.3465329958125949, 0.37221224838867784, d=|:r=0.889
n:0.37611050717532635, -0.005673735402524471, -0.4709374736994505, 0.7056193663738668, 0.8826381471008062, -0.3174942363984883, d=|:r=0.939
",8.274976104239293e-05,"//H
3
j:x2=-0.36, y1=0.329, fr=0.181
j:-0.9132737307809293, -0.5797953228466213, -0.3783065271563828, -0.9315263531170785, 0.3318778886459768, 0.3346595368348062, fr=0.209, rotstif=0.933
j:-0.3245047046802938, -0.7827173471450806, 0.6623983108438551, 0.7614813218824565, -0.8011379591189325, -0.9145923191681504, fr=0.071, rotstif=0.995, l=1.335
j:-0.869728229008615, 0.3435910604894161, -0.7204349720850587, 0.9794652466662228, -0.5305099566467106, 0.22224077582359314, fr=0.911, l=1.012
j:0.20091322576627135, -0.2895826636813581, -0.7306126859039068, -0.42008577240630984, 0.6021321848966181, -0.01514106709510088, fr=0.232, l=1.032
j:-0.28165968181565404, -0.7361844843253493, 0.29436824563890696, -0.42685755575075746, -0.5224069440737367, 0.8747670031152666, rotstif=0.954, l=1.029
j:-0.888683071359992, -0.4687312007881701, 0.6733977287076414, -0.7942330371588469, 0.09778206283226609, 0.12150898762047291, fr=0.085, l=1.412
j:0.704, 0.18725918140262365, -0.08099744049832225, -0.12282197922468185, 0.9345027087256312, -0.9738767915405333, l=1.556
n:-0.8733414323069155, -0.21950699342414737, 0.29932392900809646, -0.9474509130232036, -0.19352864986285567, -0.6198870590887964, d=|:r=0.932
n:0.8776519680395722, -0.5031026247888803, 0.3872418226674199, -0.5150691834278405, 0.7493455791845918, 0.9087125160731375, d=@:p=0.964
n:0.006196996197104454, -0.4345530606806278, -0.475733011495322, -0.9199658776633441, -0.047533093485981226, -0.8565697823651135, d=""|:p=0.27, r=0.885""
n:0.6773760924115777, -0.7927431710995734, 0.5355521757155657, 0.4118641880340874, 0.3465329958125949, 0.37221224838867784, d=|:r=0.889
"
28,H,77,78,"//H
3
j:x2=-0.36, y1=0.329, fr=0.181
j:-0.9132737307809293, -0.5797953228466213, -0.3783065271563828, -0.9315263531170785, 0.3318778886459768, 0.3346595368348062, fr=0.209, rotstif=0.933
j:-0.3245047046802938, -0.7827173471450806, 0.6623983108438551, 0.7614813218824565, -0.8011379591189325, -0.9145923191681504, fr=0.071, rotstif=0.93, l=1.335
j:-0.869728229008615, 0.3435910604894161, -0.7204349720850587, 0.9794652466662228, -0.5305099566467106, 0.22224077582359314, fr=0.911, l=1.012
j:0.20091322576627135, -0.2895826636813581, -0.7306126859039068, -0.42008577240630984, 0.6021321848966181, -0.01514106709510088, fr=0.232, l=1.032
j:-0.28165968181565404, -0.7361844843253493, 0.29436824563890696, -0.42685755575075746, -0.5224069440737367, 0.8747670031152666, rotstif=0.954, l=1.029
j:-0.888683071359992, -0.4687312007881701, 0.6733977287076414, -0.7942330371588469, 0.09778206283226609, 0.12150898762047291, fr=0.085, l=1.412
j:0.704, 0.18725918140262365, -0.08099744049832225, -0.12282197922468185, 0.9345027087256312, -0.9738767915405333, l=1.556
n:-0.8733414323069155, -0.21950699342414737, 0.29932392900809646, -0.9474509130232036, -0.19352864986285567, -0.6198870590887964, d=|:r=0.932
n:0.8776519680395722, -0.5031026247888803, 0.3872418226674199, -0.5150691834278405, 0.7493455791845918, 0.9087125160731375, d=@:p=0.964
n:0.006196996197104454, -0.4345530606806278, -0.475733011495322, -0.9199658776633441, -0.047533093485981226, -0.8565697823651135, d=""|:p=0.27, r=0.885""
n:0.6773760924115777, -0.7927431710995734, 0.5355521757155657, 0.4118641880340874, 0.3465329958125949, 0.37221224838867784, d=|:r=0.889
n:0.37611050717532635, -0.005673735402524471, -0.4709374736994505, 0.7056193663738668, 0.8826381471008062, -0.3174942363984883, d=|:r=0.939
",8.274976104239293e-05,"//H
3
j:x2=-0.36, y1=0.329, fr=0.181
j:-0.9132737307809293, -0.5797953228466213, -0.3783065271563828, -0.9315263531170785, 0.3318778886459768, 0.3346595368348062, fr=0.209, rotstif=0.933
j:-0.3245047046802938, -0.7827173471450806, 0.6623983108438551, 0.7614813218824565, -0.8011379591189325, -0.9145923191681504, fr=0.071, rotstif=0.995, l=1.335
j:-0.869728229008615, 0.3435910604894161, -0.7204349720850587, 0.9794652466662228, -0.5305099566467106, 0.22224077582359314, fr=0.911, l=1.012
j:0.20091322576627135, -0.2895826636813581, -0.7306126859039068, -0.42008577240630984, 0.6021321848966181, -0.01514106709510088, fr=0.232, l=1.032
j:-0.28165968181565404, -0.7361844843253493, 0.29436824563890696, -0.42685755575075746, -0.5224069440737367, 0.8747670031152666, rotstif=0.954, l=1.029
j:-0.888683071359992, -0.4687312007881701, 0.6733977287076414, -0.7942330371588469, 0.09778206283226609, 0.12150898762047291, fr=0.085, l=1.412
j:0.704, 0.18725918140262365, -0.08099744049832225, -0.12282197922468185, 0.9345027087256312, -0.9738767915405333, l=1.556
n:-0.8733414323069155, -0.21950699342414737, 0.29932392900809646, -0.9474509130232036, -0.19352864986285567, -0.6198870590887964, d=|:r=0.932
n:0.8776519680395722, -0.5031026247888803, 0.3872418226674199, -0.5150691834278405, 0.7493455791845918, 0.9087125160731375, d=@:p=0.964
n:0.006196996197104454, -0.4345530606806278, -0.475733011495322, -0.9199658776633441, -0.047533093485981226, -0.8565697823651135, d=""|:p=0.27, r=0.885""
n:0.6773760924115777, -0.7927431710995734, 0.5355521757155657, 0.4118641880340874, 0.3465329958125949, 0.37221224838867784, d=|:r=0.889
n:0.37611050717532635, -0.005673735402524471, -0.4709374736994505, 0.7056193663738668, 0.8826381471008062, -0.3174942363984883, d=|:r=0.939
"
28,H,78,79,"//H
3
j:x2=-0.36, y1=0.329, fr=0.181
j:-0.9132737307809293, -0.5797953228466213, -0.3783065271563828, -0.9315263531170785, 0.3318778886459768, 0.3346595368348062, fr=0.209, rotstif=0.933
j:-0.3245047046802938, -0.7827173471450806, 0.6623983108438551, 0.7614813218824565, -0.8011379591189325, -0.9145923191681504, fr=0.071, rotstif=0.995, l=1.335
j:-0.869728229008615, 0.3435910604894161, -0.7204349720850587, 0.9794652466662228, -0.5305099566467106, 0.22224077582359314, fr=0.911, l=1.012
j:0.20091322576627135, -0.2895826636813581, -0.7306126859039068, -0.42008577240630984, 0.6021321848966181, -0.01514106709510088, fr=0.232, l=1.032
j:-0.28165968181565404, -0.7361844843253493, 0.29436824563890696, -0.42685755575075746, -0.5224069440737367, 0.8747670031152666, rotstif=0.954, l=1.029
j:-0.888683071359992, -0.4687312007881701, 0.6733977287076414, -0.7942330371588469, 0.09778206283226609, 0.12150898762047291, fr=0.085, l=1.412
j:0.704, 0.18725918140262365, -0.08099744049832225, -0.12282197922468185, 0.9345027087256312, -0.9738767915405333, l=1.556
n:-0.8733414323069155, -0.21950699342414737, 0.29932392900809646, -0.9474509130232036, -0.19352864986285567, -0.6198870590887964, d=|:r=0.932
n:0.8776519680395722, -0.5031026247888803, 0.3872418226674199, -0.5150691834278405, 0.7493455791845918, 0.9087125160731375, d=@:p=0.964
n:0.006196996197104454, -0.4345530606806278, -0.475733011495322, -0.9199658776633441, -0.047533093485981226, -0.8565697823651135, d=""|:p=0.202, r=0.885""
n:0.6773760924115777, -0.7927431710995734, 0.5355521757155657, 0.4118641880340874, 0.3465329958125949, 0.37221224838867784, d=|:r=0.889
n:0.37611050717532635, -0.005673735402524471, -0.4709374736994505, 0.7056193663738668, 0.8826381471008062, -0.3174942363984883, d=|:r=0.939
",8.493947352525634e-05,"//H
3
j:x2=-0.36, y1=0.329, fr=0.181
j:-0.9132737307809293, -0.5797953228466213, -0.3783065271563828, -0.9315263531170785, 0.3318778886459768, 0.3346595368348062, fr=0.209, rotstif=0.933
j:-0.3245047046802938, -0.7827173471450806, 0.6623983108438551, 0.7614813218824565, -0.8011379591189325, -0.9145923191681504, fr=0.071, rotstif=0.995, l=1.335
j:-0.869728229008615, 0.3435910604894161, -0.7204349720850587, 0.9794652466662228, -0.5305099566467106, 0.22224077582359314, fr=0.911, l=1.012
j:0.20091322576627135, -0.2895826636813581, -0.7306126859039068, -0.42008577240630984, 0.6021321848966181, -0.01514106709510088, fr=0.232, l=1.032
j:-0.28165968181565404, -0.7361844843253493, 0.29436824563890696, -0.42685755575075746, -0.5224069440737367, 0.8747670031152666, rotstif=0.954, l=1.029
j:-0.888683071359992, -0.4687312007881701, 0.6733977287076414, -0.7942330371588469, 0.09778206283226609, 0.12150898762047291, fr=0.085, l=1.412
j:0.704, 0.18725918140262365, -0.08099744049832225, -0.12282197922468185, 0.9345027087256312, -0.9738767915405333, l=1.556
n:-0.8733414323069155, -0.21950699342414737, 0.29932392900809646, -0.9474509130232036, -0.19352864986285567, -0.6198870590887964, d=|:r=0.932
n:0.8776519680395722, -0.5031026247888803, 0.3872418226674199, -0.5150691834278405, 0.7493455791845918, 0.9087125160731375, d=@:p=0.964
n:0.006196996197104454, -0.4345530606806278, -0.475733011495322, -0.9199658776633441, -0.047533093485981226, -0.8565697823651135, d=""|:p=0.27, r=0.885""
n:0.6773760924115777, -0.7927431710995734, 0.5355521757155657, 0.4118641880340874, 0.3465329958125949, 0.37221224838867784, d=|:r=0.889
n:0.37611050717532635, -0.005673735402524471, -0.4709374736994505, 0.7056193663738668, 0.8826381471008062, -0.3174942363984883, d=|:r=0.939
"
28,H,79,80,"//H
3
j:x2=-0.36, y1=0.329, fr=0.181
j:-0.9132737307809293, -0.5797953228466213, -0.3783065271563828, -0.9315263531170785, 0.3318778886459768, 0.3346595368348062, fr=0.209, rotstif=0.933
j:-0.3245047046802938, -0.7827173471450806, 0.6623983108438551, 0.7614813218824565, -0.8011379591189325, -0.9145923191681504, fr=0.071, rotstif=0.995, l=1.335
j:-0.869728229008615, 0.3435910604894161, -0.7204349720850587, 0.9794652466662228, -0.5305099566467106, 0.22224077582359314, fr=0.911, l=1.071
j:0.20091322576627135, -0.2895826636813581, -0.7306126859039068, -0.42008577240630984, 0.6021321848966181, -0.01514106709510088, fr=0.232, l=1.032
j:-0.28165968181565404, -0.7361844843253493, 0.29436824563890696, -0.42685755575075746, -0.5224069440737367, 0.8747670031152666, rotstif=0.954, l=1.029
j:-0.888683071359992, -0.4687312007881701, 0.6733977287076414, -0.7942330371588469, 0.09778206283226609, 0.12150898762047291, fr=0.085, l=1.412
j:0.704, 0.18725918140262365, -0.08099744049832225, -0.12282197922468185, 0.9345027087256312, -0.9738767915405333, l=1.556
n:-0.8733414323069155, -0.21950699342414737, 0.29932392900809646, -0.9474509130232036, -0.19352864986285567, -0.6198870590887964, d=|:r=0.932
n:0.8776519680395722, -0.5031026247888803, 0.3872418226674199, -0.5150691834278405, 0.7493455791845918, 0.9087125160731375, d=@:p=0.964
n:0.006196996197104454, -0.4345530606806278, -0.475733011495322, -0.9199658776633441, -0.047533093485981226, -0.8565697823651135, d=""|:p=0.202, r=0.885""
n:0.6773760924115777, -0.7927431710995734, 0.5355521757155657, 0.4118641880340874, 0.3465329958125949, 0.37221224838867784, d=|:r=0.889
n:0.37611050717532635, -0.005673735402524471, -0.4709374736994505, 0.7056193663738668, 0.8826381471008062, -0.3174942363984883, d=|:r=0.939
",8.613815920672465e-05,"//H
3
j:x2=-0.36, y1=0.329, fr=0.181
j:-0.9132737307809293, -0.5797953228466213, -0.3783065271563828, -0.9315263531170785, 0.3318778886459768, 0.3346595368348062, fr=0.209, rotstif=0.933
j:-0.3245047046802938, -0.7827173471450806, 0.6623983108438551, 0.7614813218824565, -0.8011379591189325, -0.9145923191681504, fr=0.071, rotstif=0.995, l=1.335
j:-0.869728229008615, 0.3435910604894161, -0.7204349720850587, 0.9794652466662228, -0.5305099566467106, 0.22224077582359314, fr=0.911, l=1.012
j:0.20091322576627135, -0.2895826636813581, -0.7306126859039068, -0.42008577240630984, 0.6021321848966181, -0.01514106709510088, fr=0.232, l=1.032
j:-0.28165968181565404, -0.7361844843253493, 0.29436824563890696, -0.42685755575075746, -0.5224069440737367, 0.8747670031152666, rotstif=0.954, l=1.029
j:-0.888683071359992, -0.4687312007881701, 0.6733977287076414, -0.7942330371588469, 0.09778206283226609, 0.12150898762047291, fr=0.085, l=1.412
j:0.704, 0.18725918140262365, -0.08099744049832225, -0.12282197922468185, 0.9345027087256312, -0.9738767915405333, l=1.556
n:-0.8733414323069155, -0.21950699342414737, 0.29932392900809646, -0.9474509130232036, -0.19352864986285567, -0.6198870590887964, d=|:r=0.932
n:0.8776519680395722, -0.5031026247888803, 0.3872418226674199, -0.5150691834278405, 0.7493455791845918, 0.9087125160731375, d=@:p=0.964
n:0.006196996197104454, -0.4345530606806278, -0.475733011495322, -0.9199658776633441, -0.047533093485981226, -0.8565697823651135, d=""|:p=0.202, r=0.885""
n:0.6773760924115777, -0.7927431710995734, 0.5355521757155657, 0.4118641880340874, 0.3465329958125949, 0.37221224838867784, d=|:r=0.889
n:0.37611050717532635, -0.005673735402524471, -0.4709374736994505, 0.7056193663738668, 0.8826381471008062, -0.3174942363984883, d=|:r=0.939
"
28,H,80,81,"//H
3
j:x2=-0.36, y1=0.329, fr=0.181
j:-0.9132737307809293, -0.5797953228466213, -0.3783065271563828, -0.9315263531170785, 0.3318778886459768, 0.3346595368348062, fr=0.209, rotstif=0.933
j:-0.3245047046802938, -0.7827173471450806, 0.6623983108438551, 0.7614813218824565, -0.8011379591189325, -0.9145923191681504, fr=0.071, rotstif=0.995, l=1.335
j:-0.869728229008615, 0.3435910604894161, -0.7204349720850587, 0.9794652466662228, -0.5305099566467106, 0.22224077582359314, fr=0.911, l=1.071
j:0.20091322576627135, -0.2895826636813581, -0.7306126859039068, -0.42008577240630984, 0.6021321848966181, -0.01514106709510088, fr=0.232, l=1.032
j:-0.28165968181565404, -0.7361844843253493, 0.29436824563890696, -0.42685755575075746, -0.5224069440737367, 0.8747670031152666, rotstif=0.954, l=1.029
j:-0.888683071359992, -0.4687312007881701, 0.6733977287076414, -0.7942330371588469, 0.09778206283226609, 0.12150898762047291, fr=0.085, l=1.412
j:0.704, 0.18725918140262365, -0.08099744049832225, -0.12282197922468185, 0.9345027087256312, -0.9738767915405333, l=1.556
n:-0.8733414323069155, -0.21950699342414737, 0.29932392900809646, -0.9474509130232036, -0.19352864986285567, -0.6198870590887964, d=""|:p=0.071, r=0.932""
n:0.8776519680395722, -0.5031026247888803, 0.3872418226674199, -0.5150691834278405, 0.7493455791845918, 0.9087125160731375, d=@:p=0.964
n:0.006196996197104454, -0.4345530606806278, -0.475733011495322, -0.9199658776633441, -0.047533093485981226, -0.8565697823651135, d=""|:p=0.202, r=0.885""
n:0.6773760924115777, -0.7927431710995734, 0.5355521757155657, 0.4118641880340874, 0.3465329958125949, 0.37221224838867784, d=|:r=0.889
n:0.37611050717532635, -0.005673735402524471, -0.4709374736994505, 0.7056193663738668, 0.8826381471008062, -0.3174942363984883, d=|:r=0.939
",8.620743318022147e-05,"//H
3
j:x2=-0.36, y1=0.329, fr=0.181
j:-0.9132737307809293, -0.5797953228466213, -0.3783065271563828, -0.9315263531170785, 0.3318778886459768, 0.3346595368348062, fr=0.209, rotstif=0.933
j:-0.3245047046802938, -0.7827173471450806, 0.6623983108438551, 0.7614813218824565, -0.8011379591189325, -0.9145923191681504, fr=0.071, rotstif=0.995, l=1.335
j:-0.869728229008615, 0.3435910604894161, -0.7204349720850587, 0.9794652466662228, -0.5305099566467106, 0.22224077582359314, fr=0.911, l=1.071
j:0.20091322576627135, -0.2895826636813581, -0.7306126859039068, -0.42008577240630984, 0.6021321848966181, -0.01514106709510088, fr=0.232, l=1.032
j:-0.28165968181565404, -0.7361844843253493, 0.29436824563890696, -0.42685755575075746, -0.5224069440737367, 0.8747670031152666, rotstif=0.954, l=1.029
j:-0.888683071359992, -0.4687312007881701, 0.6733977287076414, -0.7942330371588469, 0.09778206283226609, 0.12150898762047291, fr=0.085, l=1.412
j:0.704, 0.18725918140262365, -0.08099744049832225, -0.12282197922468185, 0.9345027087256312, -0.9738767915405333, l=1.556
n:-0.8733414323069155, -0.21950699342414737, 0.29932392900809646, -0.9474509130232036, -0.19352864986285567, -0.6198870590887964, d=|:r=0.932
n:0.8776519680395722, -0.5031026247888803, 0.3872418226674199, -0.5150691834278405, 0.7493455791845918, 0.9087125160731375, d=@:p=0.964
n:0.006196996197104454, -0.4345530606806278, -0.475733011495322, -0.9199658776633441, -0.047533093485981226, -0.8565697823651135, d=""|:p=0.202, r=0.885""
n:0.6773760924115777, -0.7927431710995734, 0.5355521757155657, 0.4118641880340874, 0.3465329958125949, 0.37221224838867784, d=|:r=0.889
n:0.37611050717532635, -0.005673735402524471, -0.4709374736994505, 0.7056193663738668, 0.8826381471008062, -0.3174942363984883, d=|:r=0.939
"
28,H,81,82,"//H
3
j:x2=-0.36, y1=0.329, fr=0.181
j:-0.9132737307809293, -0.5797953228466213, -0.3783065271563828, -0.9315263531170785, 0.3318778886459768, 0.3346595368348062, fr=0.209, rotstif=0.933
j:-0.3245047046802938, -0.7827173471450806, 0.6623983108438551, 0.7614813218824565, -0.8011379591189325, -0.9145923191681504, fr=0.071, rotstif=0.995, l=1.335
j:-0.869728229008615, 0.3435910604894161, -0.7204349720850587, 0.9794652466662228, -0.5305099566467106, 0.22224077582359314, fr=0.911, l=1.071
j:0.20091322576627135, -0.2895826636813581, -0.7306126859039068, -0.42008577240630984, 0.6021321848966181, -0.01514106709510088, fr=0.232, l=1.032
j:-0.28165968181565404, -0.7361844843253493, 0.29436824563890696, -0.42685755575075746, -0.5224069440737367, 0.8747670031152666, rotstif=0.954, l=1.029
j:-0.888683071359992, -0.4687312007881701, 0.6733977287076414, -0.7942330371588469, 0.09778206283226609, 0.12150898762047291, fr=0.085, l=1.412
j:0.704, 0.18725918140262365, -0.08099744049832225, -0.12282197922468185, 0.9345027087256312, -0.9738767915405333, l=1.556
n:-0.8733414323069155, -0.21950699342414737, 0.29932392900809646, -0.9474509130232036, -0.19352864986285567, -0.6198870590887964, d=""|:p=0.071, r=0.828""
n:0.8776519680395722, -0.5031026247888803, 0.3872418226674199, -0.5150691834278405, 0.7493455791845918, 0.9087125160731375, d=@:p=0.964
n:0.006196996197104454, -0.4345530606806278, -0.475733011495322, -0.9199658776633441, -0.047533093485981226, -0.8565697823651135, d=""|:p=0.202, r=0.885""
n:0.6773760924115777, -0.7927431710995734, 0.5355521757155657, 0.4118641880340874, 0.3465329958125949, 0.37221224838867784, d=|:r=0.889
n:0.37611050717532635, -0.005673735402524471, -0.4709374736994505, 0.7056193663738668, 0.8826381471008062, -0.3174942363984883, d=|:r=0.939
",8.620743318022147e-05,"//H
3
j:x2=-0.36, y1=0.329, fr=0.181
j:-0.9132737307809293, -0.5797953228466213, -0.3783065271563828, -0.9315263531170785, 0.3318778886459768, 0.3346595368348062, fr=0.209, rotstif=0.933
j:-0.3245047046802938, -0.7827173471450806, 0.6623983108438551, 0.7614813218824565, -0.8011379591189325, -0.9145923191681504, fr=0.071, rotstif=0.995, l=1.335
j:-0.869728229008615, 0.3435910604894161, -0.7204349720850587, 0.9794652466662228, -0.5305099566467106, 0.22224077582359314, fr=0.911, l=1.071
j:0.20091322576627135, -0.2895826636813581, -0.7306126859039068, -0.42008577240630984, 0.6021321848966181, -0.01514106709510088, fr=0.232, l=1.032
j:-0.28165968181565404, -0.7361844843253493, 0.29436824563890696, -0.42685755575075746, -0.5224069440737367, 0.8747670031152666, rotstif=0.954, l=1.029
j:-0.888683071359992, -0.4687312007881701, 0.6733977287076414, -0.7942330371588469, 0.09778206283226609, 0.12150898762047291, fr=0.085, l=1.412
j:0.704, 0.18725918140262365, -0.08099744049832225, -0.12282197922468185, 0.9345027087256312, -0.9738767915405333, l=1.556
n:-0.8733414323069155, -0.21950699342414737, 0.29932392900809646, -0.9474509130232036, -0.19352864986285567, -0.6198870590887964, d=""|:p=0.071, r=0.932""
n:0.8776519680395722, -0.5031026247888803, 0.3872418226674199, -0.5150691834278405, 0.7493455791845918, 0.9087125160731375, d=@:p=0.964
n:0.006196996197104454, -0.4345530606806278, -0.475733011495322, -0.9199658776633441, -0.047533093485981226, -0.8565697823651135, d=""|:p=0.202, r=0.885""
n:0.6773760924115777, -0.7927431710995734, 0.5355521757155657, 0.4118641880340874, 0.3465329958125949, 0.37221224838867784, d=|:r=0.889
n:0.37611050717532635, -0.005673735402524471, -0.4709374736994505, 0.7056193663738668, 0.8826381471008062, -0.3174942363984883, d=|:r=0.939
"
28,H,82,83,"//H
3
j:x2=-0.36, y1=0.329, fr=0.181
j:-0.9132737307809293, -0.5797953228466213, -0.3783065271563828, -0.9315263531170785, 0.3318778886459768, 0.3346595368348062, fr=0.209, rotstif=0.933
j:-0.3245047046802938, -0.7827173471450806, 0.6623983108438551, 0.7614813218824565, -0.8011379591189325, -0.9145923191681504, fr=0.071, rotstif=0.995, l=1.335
j:-0.869728229008615, 0.3435910604894161, -0.7204349720850587, 0.9794652466662228, -0.5305099566467106, 0.22224077582359314, fr=0.911, l=1.071
j:0.20091322576627135, -0.2895826636813581, -0.7306126859039068, -0.42008577240630984, 0.6021321848966181, -0.01514106709510088, fr=0.232, l=1.032
j:-0.28165968181565404, -0.7361844843253493, 0.29436824563890696, -0.42685755575075746, -0.5224069440737367, 0.8747670031152666, rotstif=0.954, l=1.029
j:-0.888683071359992, -0.4687312007881701, 0.6733977287076414, -0.7942330371588469, 0.09778206283226609, 0.12150898762047291, fr=0.085, l=1.412
j:0.704, 0.18725918140262365, -0.08099744049832225, -0.12282197922468185, 0.9345027087256312, -0.9738767915405333, l=1.556
n:-0.8733414323069155, -0.21950699342414737, 0.29932392900809646, -0.9474509130232036, -0.19352864986285567, -0.6198870590887964, d=""|:p=0.071, r=0.932""
n:0.8776519680395722, -0.5031026247888803, 0.3872418226674199, -0.5150691834278405, 0.7493455791845918, 0.9087125160731375, d=@:p=0.964
n:0.006196996197104454, -0.4345530606806278, -0.475733011495322, -0.9199658776633441, -0.047533093485981226, -0.8565697823651135, d=""|:p=0.202, r=0.885""
n:0.6773760924115777, -0.7927431710995734, 0.5355521757155657, 0.4118641880340874, 0.3465329958125949, 0.37221224838867784, d=|:r=0.889
n:0.37611050717532635, -0.005673735402524471, -0.4709374736994505, 0.7056193663738668, 0.8826381471008062, -0.3174942363984883, d=|:r=0.939
n:-0.7678576339967549, -0.2952966336160898, -0.26785284373909235, -0.9534672955051064, -0.42720022378489375, -0.7715307520702481, d=@:p=0.884
",8.632704370458328e-05,"//H
3
j:x2=-0.36, y1=0.329, fr=0.181
j:-0.9132737307809293, -0.5797953228466213, -0.3783065271563828, -0.9315263531170785, 0.3318778886459768, 0.3346595368348062, fr=0.209, rotstif=0.933
j:-0.3245047046802938, -0.7827173471450806, 0.6623983108438551, 0.7614813218824565, -0.8011379591189325, -0.9145923191681504, fr=0.071, rotstif=0.995, l=1.335
j:-0.869728229008615, 0.3435910604894161, -0.7204349720850587, 0.9794652466662228, -0.5305099566467106, 0.22224077582359314, fr=0.911, l=1.071
j:0.20091322576627135, -0.2895826636813581, -0.7306126859039068, -0.42008577240630984, 0.6021321848966181, -0.01514106709510088, fr=0.232, l=1.032
j:-0.28165968181565404, -0.7361844843253493, 0.29436824563890696, -0.42685755575075746, -0.5224069440737367, 0.8747670031152666, rotstif=0.954, l=1.029
j:-0.888683071359992, -0.4687312007881701, 0.6733977287076414, -0.7942330371588469, 0.09778206283226609, 0.12150898762047291, fr=0.085, l=1.412
j:0.704, 0.18725918140262365, -0.08099744049832225, -0.12282197922468185, 0.9345027087256312, -0.9738767915405333, l=1.556
n:-0.8733414323069155, -0.21950699342414737, 0.29932392900809646, -0.9474509130232036, -0.19352864986285567, -0.6198870590887964, d=""|:p=0.071, r=0.932""
n:0.8776519680395722, -0.5031026247888803, 0.3872418226674199, -0.5150691834278405, 0.7493455791845918, 0.9087125160731375, d=@:p=0.964
n:0.006196996197104454, -0.4345530606806278, -0.475733011495322, -0.9199658776633441, -0.047533093485981226, -0.8565697823651135, d=""|:p=0.202, r=0.885""
n:0.6773760924115777, -0.7927431710995734, 0.5355521757155657, 0.4118641880340874, 0.3465329958125949, 0.37221224838867784, d=|:r=0.889
n:0.37611050717532635, -0.005673735402524471, -0.4709374736994505, 0.7056193663738668, 0.8826381471008062, -0.3174942363984883, d=|:r=0.939
"
28,H,83,84,"//H
3
j:x2=-0.36, y1=0.329, fr=0.181
j:-0.9132737307809293, -0.5797953228466213, -0.3783065271563828, -0.9315263531170785, 0.3318778886459768, 0.3346595368348062, fr=0.209, rotstif=0.933
j:-0.3245047046802938, -0.7827173471450806, 0.6623983108438551, 0.7614813218824565, -0.8011379591189325, -0.9145923191681504, fr=0.071, rotstif=0.995, l=1.335
j:-0.869728229008615, 0.3435910604894161, -0.7204349720850587, 0.9794652466662228, -0.5305099566467106, 0.22224077582359314, fr=0.911, l=1.071
j:0.20091322576627135, -0.2895826636813581, -0.7306126859039068, -0.42008577240630984, 0.6021321848966181, -0.01514106709510088, fr=0.232, l=1.032
j:-0.28165968181565404, -0.7361844843253493, 0.29436824563890696, -0.42685755575075746, -0.5224069440737367, 0.8747670031152666, rotstif=0.954, l=1.029
j:-0.888683071359992, -0.4687312007881701, 0.6733977287076414, -0.7942330371588469, 0.09778206283226609, 0.12150898762047291, fr=0.085, l=1.412
j:0.704, 0.18725918140262365, -0.08099744049832225, -0.12282197922468185, 0.9345027087256312, -0.9738767915405333, l=1.556
n:-0.8733414323069155, -0.21950699342414737, 0.29932392900809646, -0.9474509130232036, -0.19352864986285567, -0.6198870590887964, d=""|:p=0.071, r=0.932""
n:0.006196996197104454, -0.4345530606806278, -0.475733011495322, -0.9199658776633441, -0.047533093485981226, -0.8565697823651135, d=""|:p=0.202, r=0.885""
n:0.6773760924115777, -0.7927431710995734, 0.5355521757155657, 0.4118641880340874, 0.3465329958125949, 0.37221224838867784, d=|:r=0.889
n:0.37611050717532635, -0.005673735402524471, -0.4709374736994505, 0.7056193663738668, 0.8826381471008062, -0.3174942363984883, d=|:r=0.939
n:-0.7678576339967549, -0.2952966336160898, -0.26785284373909235, -0.9534672955051064, -0.42720022378489375, -0.7715307520702481, d=@:p=0.884
",8.683464106112977e-05,"//H
3
j:x2=-0.36, y1=0.329, fr=0.181
j:-0.9132737307809293, -0.5797953228466213, -0.3783065271563828, -0.9315263531170785, 0.3318778886459768, 0.3346595368348062, fr=0.209, rotstif=0.933
j:-0.3245047046802938, -0.7827173471450806, 0.6623983108438551, 0.7614813218824565, -0.8011379591189325, -0.9145923191681504, fr=0.071, rotstif=0.995, l=1.335
j:-0.869728229008615, 0.3435910604894161, -0.7204349720850587, 0.9794652466662228, -0.5305099566467106, 0.22224077582359314, fr=0.911, l=1.071
j:0.20091322576627135, -0.2895826636813581, -0.7306126859039068, -0.42008577240630984, 0.6021321848966181, -0.01514106709510088, fr=0.232, l=1.032
j:-0.28165968181565404, -0.7361844843253493, 0.29436824563890696, -0.42685755575075746, -0.5224069440737367, 0.8747670031152666, rotstif=0.954, l=1.029
j:-0.888683071359992, -0.4687312007881701, 0.6733977287076414, -0.7942330371588469, 0.09778206283226609, 0.12150898762047291, fr=0.085, l=1.412
j:0.704, 0.18725918140262365, -0.08099744049832225, -0.12282197922468185, 0.9345027087256312, -0.9738767915405333, l=1.556
n:-0.8733414323069155, -0.21950699342414737, 0.29932392900809646, -0.9474509130232036, -0.19352864986285567, -0.6198870590887964, d=""|:p=0.071, r=0.932""
n:0.8776519680395722, -0.5031026247888803, 0.3872418226674199, -0.5150691834278405, 0.7493455791845918, 0.9087125160731375, d=@:p=0.964
n:0.006196996197104454, -0.4345530606806278, -0.475733011495322, -0.9199658776633441, -0.047533093485981226, -0.8565697823651135, d=""|:p=0.202, r=0.885""
n:0.6773760924115777, -0.7927431710995734, 0.5355521757155657, 0.4118641880340874, 0.3465329958125949, 0.37221224838867784, d=|:r=0.889
n:0.37611050717532635, -0.005673735402524471, -0.4709374736994505, 0.7056193663738668, 0.8826381471008062, -0.3174942363984883, d=|:r=0.939
n:-0.7678576339967549, -0.2952966336160898, -0.26785284373909235, -0.9534672955051064, -0.42720022378489375, -0.7715307520702481, d=@:p=0.884
"
28,H,84,85,"//H
3
j:x2=-0.36, y1=0.329, fr=0.181
j:-0.9132737307809293, -0.5797953228466213, -0.3783065271563828, -0.9315263531170785, 0.3318778886459768, 0.3346595368348062, fr=0.209, rotstif=0.933
j:-0.3245047046802938, -0.7827173471450806, 0.6623983108438551, 0.7614813218824565, -0.8011379591189325, -0.9145923191681504, fr=0.071, rotstif=0.995, l=1.335
j:-0.869728229008615, 0.3435910604894161, -0.7204349720850587, 0.9794652466662228, -0.5305099566467106, 0.22224077582359314, fr=0.911, l=1.071
j:0.20091322576627135, -0.2895826636813581, -0.7306126859039068, -0.42008577240630984, 0.6021321848966181, -0.01514106709510088, fr=0.232, l=1.032
j:-0.28165968181565404, -0.7361844843253493, 0.29436824563890696, -0.42685755575075746, -0.5224069440737367, 0.8747670031152666, rotstif=0.954, l=1.029
j:-0.888683071359992, -0.4687312007881701, 0.6733977287076414, -0.7942330371588469, 0.09778206283226609, 0.12150898762047291, fr=0.085, l=1.412
j:0.704, 0.18725918140262365, -0.08099744049832225, -0.12282197922468185, 0.9345027087256312, -0.9738767915405333, l=1.556
n:-0.8733414323069155, -0.21950699342414737, 0.29932392900809646, -0.9474509130232036, -0.19352864986285567, -0.6198870590887964, d=""|:p=0.071, r=0.932""
n:0.006196996197104454, -0.4345530606806278, -0.475733011495322, -0.9199658776633441, -0.047533093485981226, -0.8565697823651135, d=""|:p=0.202, r=0.885""
n:0.6773760924115777, -0.7927431710995734, 0.5355521757155657, 0.4118641880340874, 0.3465329958125949, 0.37221224838867784, d=|:r=0.889
n:0.37611050717532635, -0.005673735402524471, -0.4709374736994505, 0.7056193663738668, 0.8826381471008062, -0.3174942363984883, d=|:r=0.872
n:-0.7678576339967549, -0.2952966336160898, -0.26785284373909235, -0.9534672955051064, -0.42720022378489375, -0.7715307520702481, d=@:p=0.884
",8.683464106112977e-05,"//H
3
j:x2=-0.36, y1=0.329, fr=0.181
j:-0.9132737307809293, -0.5797953228466213, -0.3783065271563828, -0.9315263531170785, 0.3318778886459768, 0.3346595368348062, fr=0.209, rotstif=0.933
j:-0.3245047046802938, -0.7827173471450806, 0.6623983108438551, 0.7614813218824565, -0.8011379591189325, -0.9145923191681504, fr=0.071, rotstif=0.995, l=1.335
j:-0.869728229008615, 0.3435910604894161, -0.7204349720850587, 0.9794652466662228, -0.5305099566467106, 0.22224077582359314, fr=0.911, l=1.071
j:0.20091322576627135, -0.2895826636813581, -0.7306126859039068, -0.42008577240630984, 0.6021321848966181, -0.01514106709510088, fr=0.232, l=1.032
j:-0.28165968181565404, -0.7361844843253493, 0.29436824563890696, -0.42685755575075746, -0.5224069440737367, 0.8747670031152666, rotstif=0.954, l=1.029
j:-0.888683071359992, -0.4687312007881701, 0.6733977287076414, -0.7942330371588469, 0.09778206283226609, 0.12150898762047291, fr=0.085, l=1.412
j:0.704, 0.18725918140262365, -0.08099744049832225, -0.12282197922468185, 0.9345027087256312, -0.9738767915405333, l=1.556
n:-0.8733414323069155, -0.21950699342414737, 0.29932392900809646, -0.9474509130232036, -0.19352864986285567, -0.6198870590887964, d=""|:p=0.071, r=0.932""
n:0.006196996197104454, -0.4345530606806278, -0.475733011495322, -0.9199658776633441, -0.047533093485981226, -0.8565697823651135, d=""|:p=0.202, r=0.885""
n:0.6773760924115777, -0.7927431710995734, 0.5355521757155657, 0.4118641880340874, 0.3465329958125949, 0.37221224838867784, d=|:r=0.889
n:0.37611050717532635, -0.005673735402524471, -0.4709374736994505, 0.7056193663738668, 0.8826381471008062, -0.3174942363984883, d=|:r=0.939
n:-0.7678576339967549, -0.2952966336160898, -0.26785284373909235, -0.9534672955051064, -0.42720022378489375, -0.7715307520702481, d=@:p=0.884
"
28,H,85,86,"//H
3
j:x2=-0.36, y1=0.329, fr=0.181
j:-0.9132737307809293, -0.5797953228466213, -0.3783065271563828, -0.9315263531170785, 0.3318778886459768, 0.3346595368348062, fr=0.209, rotstif=0.933
j:-0.3245047046802938, -0.7827173471450806, 0.6623983108438551, 0.7614813218824565, -0.8011379591189325, -0.9145923191681504, fr=0.071, rotstif=0.995, l=1.335
j:-0.869728229008615, 0.3435910604894161, -0.7204349720850587, 0.9794652466662228, -0.5305099566467106, 0.22224077582359314, fr=0.911, l=1.071
j:0.20091322576627135, -0.2895826636813581, -0.7306126859039068, -0.42008577240630984, 0.6021321848966181, -0.01514106709510088, fr=0.232, l=1.032
j:-0.28165968181565404, -0.7361844843253493, 0.29436824563890696, -0.42685755575075746, -0.5224069440737367, 0.8747670031152666, rotstif=0.954, l=1.029
j:-0.888683071359992, -0.4687312007881701, 0.6733977287076414, -0.7942330371588469, 0.09778206283226609, 0.12150898762047291, fr=0.085, l=1.412
j:0.704, 0.18725918140262365, -0.08099744049832225, -0.12282197922468185, 0.9345027087256312, -0.9738767915405333, l=1.556
j:-0.7466468727216125, -0.07766290567815304, 0.14147381950169802, -0.6204672120511532, -0.2080167499370873, -0.9412616975605488, rotstif=0.898
n:-0.8733414323069155, -0.21950699342414737, 0.29932392900809646, -0.9474509130232036, -0.19352864986285567, -0.6198870590887964, d=""|:p=0.071, r=0.932""
n:0.006196996197104454, -0.4345530606806278, -0.475733011495322, -0.9199658776633441, -0.047533093485981226, -0.8565697823651135, d=""|:p=0.202, r=0.885""
n:0.6773760924115777, -0.7927431710995734, 0.5355521757155657, 0.4118641880340874, 0.3465329958125949, 0.37221224838867784, d=|:r=0.889
n:0.37611050717532635, -0.005673735402524471, -0.4709374736994505, 0.7056193663738668, 0.8826381471008062, -0.3174942363984883, d=|:r=0.939
n:-0.7678576339967549, -0.2952966336160898, -0.26785284373909235, -0.9534672955051064, -0.42720022378489375, -0.7715307520702481, d=@:p=0.884
",0.00010337406305774983,"//H
3
j:x2=-0.36, y1=0.329, fr=0.181
j:-0.9132737307809293, -0.5797953228466213, -0.3783065271563828, -0.9315263531170785, 0.3318778886459768, 0.3346595368348062, fr=0.209, rotstif=0.933
j:-0.3245047046802938, -0.7827173471450806, 0.6623983108438551, 0.7614813218824565, -0.8011379591189325, -0.9145923191681504, fr=0.071, rotstif=0.995, l=1.335
j:-0.869728229008615, 0.3435910604894161, -0.7204349720850587, 0.9794652466662228, -0.5305099566467106, 0.22224077582359314, fr=0.911, l=1.071
j:0.20091322576627135, -0.2895826636813581, -0.7306126859039068, -0.42008577240630984, 0.6021321848966181, -0.01514106709510088, fr=0.232, l=1.032
j:-0.28165968181565404, -0.7361844843253493, 0.29436824563890696, -0.42685755575075746, -0.5224069440737367, 0.8747670031152666, rotstif=0.954, l=1.029
j:-0.888683071359992, -0.4687312007881701, 0.6733977287076414, -0.7942330371588469, 0.09778206283226609, 0.12150898762047291, fr=0.085, l=1.412
j:0.704, 0.18725918140262365, -0.08099744049832225, -0.12282197922468185, 0.9345027087256312, -0.9738767915405333, l=1.556
n:-0.8733414323069155, -0.21950699342414737, 0.29932392900809646, -0.9474509130232036, -0.19352864986285567, -0.6198870590887964, d=""|:p=0.071, r=0.932""
n:0.006196996197104454, -0.4345530606806278, -0.475733011495322, -0.9199658776633441, -0.047533093485981226, -0.8565697823651135, d=""|:p=0.202, r=0.885""
n:0.6773760924115777, -0.7927431710995734, 0.5355521757155657, 0.4118641880340874, 0.3465329958125949, 0.37221224838867784, d=|:r=0.889
n:0.37611050717532635, -0.005673735402524471, -0.4709374736994505, 0.7056193663738668, 0.8826381471008062, -0.3174942363984883, d=|:r=0.939
n:-0.7678576339967549, -0.2952966336160898, -0.26785284373909235, -0.9534672955051064, -0.42720022378489375, -0.7715307520702481, d=@:p=0.884
"
28,H,86,87,"//H
3
j:x2=-0.36, y1=0.329, fr=0.181
j:-0.9132737307809293, -0.5797953228466213, -0.3783065271563828, -0.9315263531170785, 0.3318778886459768, 0.3346595368348062, fr=0.209, rotstif=0.933, l=1.133
j:-0.3245047046802938, -0.7827173471450806, 0.6623983108438551, 0.7614813218824565, -0.8011379591189325, -0.9145923191681504, fr=0.071, rotstif=0.995, l=1.335
j:-0.869728229008615, 0.3435910604894161, -0.7204349720850587, 0.9794652466662228, -0.5305099566467106, 0.22224077582359314, fr=0.911, l=1.071
j:0.20091322576627135, -0.2895826636813581, -0.7306126859039068, -0.42008577240630984, 0.6021321848966181, -0.01514106709510088, fr=0.232, l=1.032
j:-0.28165968181565404, -0.7361844843253493, 0.29436824563890696, -0.42685755575075746, -0.5224069440737367, 0.8747670031152666, rotstif=0.954, l=1.029
j:-0.888683071359992, -0.4687312007881701, 0.6733977287076414, -0.7942330371588469, 0.09778206283226609, 0.12150898762047291, fr=0.085, l=1.412
j:0.704, 0.18725918140262365, -0.08099744049832225, -0.12282197922468185, 0.9345027087256312, -0.9738767915405333, l=1.556
j:-0.7466468727216125, -0.07766290567815304, 0.14147381950169802, -0.6204672120511532, -0.2080167499370873, -0.9412616975605488, rotstif=0.898
n:-0.8733414323069155, -0.21950699342414737, 0.29932392900809646, -0.9474509130232036, -0.19352864986285567, -0.6198870590887964, d=""|:p=0.071, r=0.932""
n:0.006196996197104454, -0.4345530606806278, -0.475733011495322, -0.9199658776633441, -0.047533093485981226, -0.8565697823651135, d=""|:p=0.202, r=0.885""
n:0.6773760924115777, -0.7927431710995734, 0.5355521757155657, 0.4118641880340874, 0.3465329958125949, 0.37221224838867784, d=|:r=0.889
n:0.37611050717532635, -0.005673735402524471, -0.4709374736994505, 0.7056193663738668, 0.8826381471008062, -0.3174942363984883, d=|:r=0.939
n:-0.7678576339967549, -0.2952966336160898, -0.26785284373909235, -0.9534672955051064, -0.42720022378489375, -0.7715307520702481, d=@:p=0.884
",0.0001599761391738486,"//H
3
j:x2=-0.36, y1=0.329, fr=0.181
j:-0.9132737307809293, -0.5797953228466213, -0.3783065271563828, -0.9315263531170785, 0.3318778886459768, 0.3346595368348062, fr=0.209, rotstif=0.933
j:-0.3245047046802938, -0.7827173471450806, 0.6623983108438551, 0.7614813218824565, -0.8011379591189325, -0.9145923191681504, fr=0.071, rotstif=0.995, l=1.335
j:-0.869728229008615, 0.3435910604894161, -0.7204349720850587, 0.9794652466662228, -0.5305099566467106, 0.22224077582359314, fr=0.911, l=1.071
j:0.20091322576627135, -0.2895826636813581, -0.7306126859039068, -0.42008577240630984, 0.6021321848966181, -0.01514106709510088, fr=0.232, l=1.032
j:-0.28165968181565404, -0.7361844843253493, 0.29436824563890696, -0.42685755575075746, -0.5224069440737367, 0.8747670031152666, rotstif=0.954, l=1.029
j:-0.888683071359992, -0.4687312007881701, 0.6733977287076414, -0.7942330371588469, 0.09778206283226609, 0.12150898762047291, fr=0.085, l=1.412
j:0.704, 0.18725918140262365, -0.08099744049832225, -0.12282197922468185, 0.9345027087256312, -0.9738767915405333, l=1.556
j:-0.7466468727216125, -0.07766290567815304, 0.14147381950169802, -0.6204672120511532, -0.2080167499370873, -0.9412616975605488, rotstif=0.898
n:-0.8733414323069155, -0.21950699342414737, 0.29932392900809646, -0.9474509130232036, -0.19352864986285567, -0.6198870590887964, d=""|:p=0.071, r=0.932""
n:0.006196996197104454, -0.4345530606806278, -0.475733011495322, -0.9199658776633441, -0.047533093485981226, -0.8565697823651135, d=""|:p=0.202, r=0.885""
n:0.6773760924115777, -0.7927431710995734, 0.5355521757155657, 0.4118641880340874, 0.3465329958125949, 0.37221224838867784, d=|:r=0.889
n:0.37611050717532635, -0.005673735402524471, -0.4709374736994505, 0.7056193663738668, 0.8826381471008062, -0.3174942363984883, d=|:r=0.939
n:-0.7678576339967549, -0.2952966336160898, -0.26785284373909235, -0.9534672955051064, -0.42720022378489375, -0.7715307520702481, d=@:p=0.884
"
28,H,87,88,"//H
3
j:-0.9132737307809293, -0.5797953228466213, -0.3783065271563828, -0.9315263531170785, 0.3318778886459768, 0.3346595368348062, fr=0.209, rotstif=0.933, l=1.133
j:-0.3245047046802938, -0.7827173471450806, 0.6623983108438551, 0.7614813218824565, -0.8011379591189325, -0.9145923191681504, fr=0.071, rotstif=0.995, l=1.335
j:-0.869728229008615, 0.3435910604894161, -0.7204349720850587, 0.9794652466662228, -0.5305099566467106, 0.22224077582359314, fr=0.911, l=1.071
j:0.20091322576627135, -0.2895826636813581, -0.7306126859039068, -0.42008577240630984, 0.6021321848966181, -0.01514106709510088, fr=0.232, l=1.032
j:-0.28165968181565404, -0.7361844843253493, 0.29436824563890696, -0.42685755575075746, -0.5224069440737367, 0.8747670031152666, rotstif=0.954, l=1.029
j:-0.888683071359992, -0.4687312007881701, 0.6733977287076414, -0.7942330371588469, 0.09778206283226609, 0.12150898762047291, fr=0.085, l=1.412
j:0.704, 0.18725918140262365, -0.08099744049832225, -0.12282197922468185, 0.9345027087256312, -0.9738767915405333, l=1.556
j:-0.7466468727216125, -0.07766290567815304, 0.14147381950169802, -0.6204672120511532, -0.2080167499370873, -0.9412616975605488, rotstif=0.898
n:-0.8733414323069155, -0.21950699342414737, 0.29932392900809646, -0.9474509130232036, -0.19352864986285567, -0.6198870590887964, d=""|:p=0.071, r=0.932""
n:0.006196996197104454, -0.4345530606806278, -0.475733011495322, -0.9199658776633441, -0.047533093485981226, -0.8565697823651135, d=""|:p=0.202, r=0.885""
n:0.6773760924115777, -0.7927431710995734, 0.5355521757155657, 0.4118641880340874, 0.3465329958125949, 0.37221224838867784, d=|:r=0.889
n:0.37611050717532635, -0.005673735402524471, -0.4709374736994505, 0.7056193663738668, 0.8826381471008062, -0.3174942363984883, d=|:r=0.939
n:-0.7678576339967549, -0.2952966336160898, -0.26785284373909235, -0.9534672955051064, -0.42720022378489375, -0.7715307520702481, d=@:p=0.884
",0.0001761871848761249,"//H
3
j:x2=-0.36, y1=0.329, fr=0.181
j:-0.9132737307809293, -0.5797953228466213, -0.3783065271563828, -0.9315263531170785, 0.3318778886459768, 0.3346595368348062, fr=0.209, rotstif=0.933, l=1.133
j:-0.3245047046802938, -0.7827173471450806, 0.6623983108438551, 0.7614813218824565, -0.8011379591189325, -0.9145923191681504, fr=0.071, rotstif=0.995, l=1.335
j:-0.869728229008615, 0.3435910604894161, -0.7204349720850587, 0.9794652466662228, -0.5305099566467106, 0.22224077582359314, fr=0.911, l=1.071
j:0.20091322576627135, -0.2895826636813581, -0.7306126859039068, -0.42008577240630984, 0.6021321848966181, -0.01514106709510088, fr=0.232, l=1.032
j:-0.28165968181565404, -0.7361844843253493, 0.29436824563890696, -0.42685755575075746, -0.5224069440737367, 0.8747670031152666, rotstif=0.954, l=1.029
j:-0.888683071359992, -0.4687312007881701, 0.6733977287076414, -0.7942330371588469, 0.09778206283226609, 0.12150898762047291, fr=0.085, l=1.412
j:0.704, 0.18725918140262365, -0.08099744049832225, -0.12282197922468185, 0.9345027087256312, -0.9738767915405333, l=1.556
j:-0.7466468727216125, -0.07766290567815304, 0.14147381950169802, -0.6204672120511532, -0.2080167499370873, -0.9412616975605488, rotstif=0.898
n:-0.8733414323069155, -0.21950699342414737, 0.29932392900809646, -0.9474509130232036, -0.19352864986285567, -0.6198870590887964, d=""|:p=0.071, r=0.932""
n:0.006196996197104454, -0.4345530606806278, -0.475733011495322, -0.9199658776633441, -0.047533093485981226, -0.8565697823651135, d=""|:p=0.202, r=0.885""
n:0.6773760924115777, -0.7927431710995734, 0.5355521757155657, 0.4118641880340874, 0.3465329958125949, 0.37221224838867784, d=|:r=0.889
n:0.37611050717532635, -0.005673735402524471, -0.4709374736994505, 0.7056193663738668, 0.8826381471008062, -0.3174942363984883, d=|:r=0.939
n:-0.7678576339967549, -0.2952966336160898, -0.26785284373909235, -0.9534672955051064, -0.42720022378489375, -0.7715307520702481, d=@:p=0.884
"
28,H,88,89,"//H
3
j:-0.9132737307809293, -0.5797953228466213, -0.3783065271563828, -0.9315263531170785, 0.3318778886459768, 0.3346595368348062, fr=0.209, rotstif=0.933, l=1.133
j:-0.3245047046802938, -0.7827173471450806, 0.6623983108438551, 0.7614813218824565, -0.8011379591189325, -0.9145923191681504, fr=0.071, rotstif=0.995, l=1.335
j:-0.869728229008615, 0.3435910604894161, -0.7204349720850587, 0.9794652466662228, -0.5305099566467106, 0.22224077582359314, fr=0.911, l=1.071
j:0.20091322576627135, -0.2895826636813581, -0.7306126859039068, -0.42008577240630984, 0.6021321848966181, -0.01514106709510088, fr=0.232, l=1.032
j:-0.28165968181565404, -0.7361844843253493, 0.29436824563890696, -0.42685755575075746, -0.5224069440737367, 0.8747670031152666, rotstif=0.954, l=1.029
j:-0.888683071359992, -0.4687312007881701, 0.6733977287076414, -0.7942330371588469, 0.09778206283226609, 0.12150898762047291, fr=0.085, l=1.412
j:0.704, 0.18725918140262365, -0.08099744049832225, -0.12282197922468185, 0.9345027087256312, -0.9738767915405333, l=1.556
j:-0.7466468727216125, -0.07766290567815304, 0.14147381950169802, -0.6204672120511532, -0.2080167499370873, -0.9412616975605488, rotstif=0.898
n:-0.8733414323069155, -0.21950699342414737, 0.29932392900809646, -0.9474509130232036, -0.19352864986285567, -0.6198870590887964, d=""|:p=0.071, r=0.932""
n:0.006196996197104454, -0.4345530606806278, -0.475733011495322, -0.9199658776633441, -0.047533093485981226, -0.8565697823651135, d=""|:p=0.202, r=0.885""
n:0.6773760924115777, -0.7927431710995734, 0.5355521757155657, 0.4118641880340874, 0.3465329958125949, 0.37221224838867784, d=|:r=0.889
n:0.37611050717532635, -0.005673735402524471, -0.4709374736994505, 0.7056193663738668, 0.8826381471008062, -0.3174942363984883, d=|:r=0.939
n:-0.7678576339967549, -0.2952966336160898, -0.26785284373909235, -0.9534672955051064, -0.42720022378489375, -0.7715307520702481, d=@:p=0.689
",0.00018717149634791373,"//H
3
j:-0.9132737307809293, -0.5797953228466213, -0.3783065271563828, -0.9315263531170785, 0.3318778886459768, 0.3346595368348062, fr=0.209, rotstif=0.933, l=1.133
j:-0.3245047046802938, -0.7827173471450806, 0.6623983108438551, 0.7614813218824565, -0.8011379591189325, -0.9145923191681504, fr=0.071, rotstif=0.995, l=1.335
j:-0.869728229008615, 0.3435910604894161, -0.7204349720850587, 0.9794652466662228, -0.5305099566467106, 0.22224077582359314, fr=0.911, l=1.071
j:0.20091322576627135, -0.2895826636813581, -0.7306126859039068, -0.42008577240630984, 0.6021321848966181, -0.01514106709510088, fr=0.232, l=1.032
j:-0.28165968181565404, -0.7361844843253493, 0.29436824563890696, -0.42685755575075746, -0.5224069440737367, 0.8747670031152666, rotstif=0.954, l=1.029
j:-0.888683071359992, -0.4687312007881701, 0.6733977287076414, -0.7942330371588469, 0.09778206283226609, 0.12150898762047291, fr=0.085, l=1.412
j:0.704, 0.18725918140262365, -0.08099744049832225, -0.12282197922468185, 0.9345027087256312, -0.9738767915405333, l=1.556
j:-0.7466468727216125, -0.07766290567815304, 0.14147381950169802, -0.6204672120511532, -0.2080167499370873, -0.9412616975605488, rotstif=0.898
n:-0.8733414323069155, -0.21950699342414737, 0.29932392900809646, -0.9474509130232036, -0.19352864986285567, -0.6198870590887964, d=""|:p=0.071, r=0.932""
n:0.006196996197104454, -0.4345530606806278, -0.475733011495322, -0.9199658776633441, -0.047533093485981226, -0.8565697823651135, d=""|:p=0.202, r=0.885""
n:0.6773760924115777, -0.7927431710995734, 0.5355521757155657, 0.4118641880340874, 0.3465329958125949, 0.37221224838867784, d=|:r=0.889
n:0.37611050717532635, -0.005673735402524471, -0.4709374736994505, 0.7056193663738668, 0.8826381471008062, -0.3174942363984883, d=|:r=0.939
n:-0.7678576339967549, -0.2952966336160898, -0.26785284373909235, -0.9534672955051064, -0.42720022378489375, -0.7715307520702481, d=@:p=0.884
"
28,H,89,90,"//H
3
j:-0.9132737307809293, -0.5797953228466213, -0.3783065271563828, -0.9315263531170785, 0.3318778886459768, 0.3346595368348062, fr=0.209, rotstif=0.933, l=1.133
j:-0.3245047046802938, -0.7827173471450806, 0.6623983108438551, 0.7614813218824565, -0.8011379591189325, -0.9145923191681504, fr=0.071, rotstif=0.995, l=1.335
j:-0.869728229008615, 0.3435910604894161, -0.7204349720850587, 0.9794652466662228, -0.5305099566467106, 0.22224077582359314, fr=0.911, l=1.071
j:0.20091322576627135, -0.2895826636813581, -0.7306126859039068, -0.498, 0.6021321848966181, -0.01514106709510088, fr=0.232, l=1.032
j:-0.28165968181565404, -0.7361844843253493, 0.29436824563890696, -0.42685755575075746, -0.5224069440737367, 0.8747670031152666, rotstif=0.954, l=1.029
j:-0.888683071359992, -0.4687312007881701, 0.6733977287076414, -0.7942330371588469, 0.09778206283226609, 0.12150898762047291, fr=0.085, l=1.412
j:0.704, 0.18725918140262365, -0.08099744049832225, -0.12282197922468185, 0.9345027087256312, -0.9738767915405333, l=1.556
j:-0.7466468727216125, -0.07766290567815304, 0.14147381950169802, -0.6204672120511532, -0.2080167499370873, -0.9412616975605488, rotstif=0.898
n:-0.8733414323069155, -0.21950699342414737, 0.29932392900809646, -0.9474509130232036, -0.19352864986285567, -0.6198870590887964, d=""|:p=0.071, r=0.932""
n:0.006196996197104454, -0.4345530606806278, -0.475733011495322, -0.9199658776633441, -0.047533093485981226, -0.8565697823651135, d=""|:p=0.202, r=0.885""
n:0.6773760924115777, -0.7927431710995734, 0.5355521757155657, 0.4118641880340874, 0.3465329958125949, 0.37221224838867784, d=|:r=0.889
n:0.37611050717532635, -0.005673735402524471, -0.4709374736994505, 0.7056193663738668, 0.8826381471008062, -0.3174942363984883, d=|:r=0.939
n:-0.7678576339967549, -0.2952966336160898, -0.26785284373909235, -0.9534672955051064, -0.42720022378489375, -0.7715307520702481, d=@:p=0.689
",0.00018717149634791373,"//H
3
j:-0.9132737307809293, -0.5797953228466213, -0.3783065271563828, -0.9315263531170785, 0.3318778886459768, 0.3346595368348062, fr=0.209, rotstif=0.933, l=1.133
j:-0.3245047046802938, -0.7827173471450806, 0.6623983108438551, 0.7614813218824565, -0.8011379591189325, -0.9145923191681504, fr=0.071, rotstif=0.995, l=1.335
j:-0.869728229008615, 0.3435910604894161, -0.7204349720850587, 0.9794652466662228, -0.5305099566467106, 0.22224077582359314, fr=0.911, l=1.071
j:0.20091322576627135, -0.2895826636813581, -0.7306126859039068, -0.42008577240630984, 0.6021321848966181, -0.01514106709510088, fr=0.232, l=1.032
j:-0.28165968181565404, -0.7361844843253493, 0.29436824563890696, -0.42685755575075746, -0.5224069440737367, 0.8747670031152666, rotstif=0.954, l=1.029
j:-0.888683071359992, -0.4687312007881701, 0.6733977287076414, -0.7942330371588469, 0.09778206283226609, 0.12150898762047291, fr=0.085, l=1.412
j:0.704, 0.18725918140262365, -0.08099744049832225, -0.12282197922468185, 0.9345027087256312, -0.9738767915405333, l=1.556
j:-0.7466468727216125, -0.07766290567815304, 0.14147381950169802, -0.6204672120511532, -0.2080167499370873, -0.9412616975605488, rotstif=0.898
n:-0.8733414323069155, -0.21950699342414737, 0.29932392900809646, -0.9474509130232036, -0.19352864986285567, -0.6198870590887964, d=""|:p=0.071, r=0.932""
n:0.006196996197104454, -0.4345530606806278, -0.475733011495322, -0.9199658776633441, -0.047533093485981226, -0.8565697823651135, d=""|:p=0.202, r=0.885""
n:0.6773760924115777, -0.7927431710995734, 0.5355521757155657, 0.4118641880340874, 0.3465329958125949, 0.37221224838867784, d=|:r=0.889
n:0.37611050717532635, -0.005673735402524471, -0.4709374736994505, 0.7056193663738668, 0.8826381471008062, -0.3174942363984883, d=|:r=0.939
n:-0.7678576339967549, -0.2952966336160898, -0.26785284373909235, -0.9534672955051064, -0.42720022378489375, -0.7715307520702481, d=@:p=0.689
"
28,H,90,91,"//H
3
j:-0.9132737307809293, -0.5797953228466213, -0.3783065271563828, -0.9315263531170785, 0.3318778886459768, 0.3346595368348062, fr=0.209, rotstif=0.933, l=1.133
j:-0.3245047046802938, -0.7827173471450806, 0.6623983108438551, 0.7614813218824565, -0.8011379591189325, -0.9145923191681504, fr=0.071, rotstif=0.995, l=1.335
j:-0.869728229008615, 0.3435910604894161, -0.7204349720850587, 0.9794652466662228, -0.5305099566467106, 0.22224077582359314, fr=0.911, l=1.071
j:0.20091322576627135, -0.2895826636813581, -0.7306126859039068, -0.42008577240630984, 0.6021321848966181, -0.01514106709510088, fr=0.232, l=1.032
j:-0.28165968181565404, -0.7361844843253493, 0.29436824563890696, -0.42685755575075746, -0.5224069440737367, 0.8747670031152666, rotstif=0.954, l=1.029
j:-0.888683071359992, -0.4687312007881701, 0.6733977287076414, -0.7942330371588469, 0.09778206283226609, 0.12150898762047291, fr=0.085, l=1.412
j:0.704, 0.18725918140262365, -0.08099744049832225, -0.12282197922468185, 0.9345027087256312, -0.9738767915405333, l=1.556
j:-0.7466468727216125, -0.07766290567815304, 0.14147381950169802, -0.6204672120511532, -0.2080167499370873, -0.9412616975605488, rotstif=0.898
n:-0.8733414323069155, -0.21950699342414737, 0.29932392900809646, -0.9474509130232036, -0.19352864986285567, -0.6198870590887964, d=""|:p=0.071, r=0.932""
n:0.006196996197104454, -0.4345530606806278, -0.475733011495322, -0.9199658776633441, -0.047533093485981226, -0.8565697823651135, d=""|:p=0.104, r=0.885""
n:0.6773760924115777, -0.7927431710995734, 0.5355521757155657, 0.4118641880340874, 0.3465329958125949, 0.37221224838867784, d=|:r=0.889
n:0.37611050717532635, -0.005673735402524471, -0.4709374736994505, 0.7056193663738668, 0.8826381471008062, -0.3174942363984883, d=|:r=0.939
n:-0.7678576339967549, -0.2952966336160898, -0.26785284373909235, -0.9534672955051064, -0.42720022378489375, -0.7715307520702481, d=@:p=0.689
",0.0002508284387819949,"//H
3
j:-0.9132737307809293, -0.5797953228466213, -0.3783065271563828, -0.9315263531170785, 0.3318778886459768, 0.3346595368348062, fr=0.209, rotstif=0.933, l=1.133
j:-0.3245047046802938, -0.7827173471450806, 0.6623983108438551, 0.7614813218824565, -0.8011379591189325, -0.9145923191681504, fr=0.071, rotstif=0.995, l=1.335
j:-0.869728229008615, 0.3435910604894161, -0.7204349720850587, 0.9794652466662228, -0.5305099566467106, 0.22224077582359314, fr=0.911, l=1.071
j:0.20091322576627135, -0.2895826636813581, -0.7306126859039068, -0.42008577240630984, 0.6021321848966181, -0.01514106709510088, fr=0.232, l=1.032
j:-0.28165968181565404, -0.7361844843253493, 0.29436824563890696, -0.42685755575075746, -0.5224069440737367, 0.8747670031152666, rotstif=0.954, l=1.029
j:-0.888683071359992, -0.4687312007881701, 0.6733977287076414, -0.7942330371588469, 0.09778206283226609, 0.12150898762047291, fr=0.085, l=1.412
j:0.704, 0.18725918140262365, -0.08099744049832225, -0.12282197922468185, 0.9345027087256312, -0.9738767915405333, l=1.556
j:-0.7466468727216125, -0.07766290567815304, 0.14147381950169802, -0.6204672120511532, -0.2080167499370873, -0.9412616975605488, rotstif=0.898
n:-0.8733414323069155, -0.21950699342414737, 0.29932392900809646, -0.9474509130232036, -0.19352864986285567, -0.6198870590887964, d=""|:p=0.071, r=0.932""
n:0.006196996197104454, -0.4345530606806278, -0.475733011495322, -0.9199658776633441, -0.047533093485981226, -0.8565697823651135, d=""|:p=0.202, r=0.885""
n:0.6773760924115777, -0.7927431710995734, 0.5355521757155657, 0.4118641880340874, 0.3465329958125949, 0.37221224838867784, d=|:r=0.889
n:0.37611050717532635, -0.005673735402524471, -0.4709374736994505, 0.7056193663738668, 0.8826381471008062, -0.3174942363984883, d=|:r=0.939
n:-0.7678576339967549, -0.2952966336160898, -0.26785284373909235, -0.9534672955051064, -0.42720022378489375, -0.7715307520702481, d=@:p=0.689
"
28,H,91,92,"//H
3
j:-0.9132737307809293, -0.5797953228466213, -0.3783065271563828, -0.9315263531170785, 0.3318778886459768, 0.3346595368348062, fr=0.209, rotstif=0.933, l=1.133
j:-0.3245047046802938, -0.7827173471450806, 0.6623983108438551, 0.7614813218824565, -0.8011379591189325, -0.9145923191681504, fr=0.071, rotstif=0.995, l=1.335
j:-0.869728229008615, 0.3435910604894161, -0.7204349720850587, 0.9794652466662228, -0.5305099566467106, 0.22224077582359314, fr=0.911, l=1.071
j:0.20091322576627135, -0.2895826636813581, -0.7306126859039068, -0.42008577240630984, 0.6021321848966181, -0.01514106709510088, fr=0.232, l=1.032
j:-0.28165968181565404, -0.7361844843253493, 0.29436824563890696, -0.42685755575075746, -0.5224069440737367, 0.8747670031152666, rotstif=0.954, l=1.029
j:-0.888683071359992, -0.4687312007881701, 0.6733977287076414, -0.7942330371588469, 0.09778206283226609, 0.12150898762047291, fr=0.085, l=1.412
j:0.704, 0.18725918140262365, -0.08099744049832225, -0.12282197922468185, 0.9345027087256312, -0.9738767915405333, l=1.556
j:-0.7466468727216125, -0.07766290567815304, 0.14147381950169802, -0.6204672120511532, -0.2080167499370873, -0.9412616975605488, rotstif=0.898
n:-0.8733414323069155, -0.21950699342414737, 0.29932392900809646, -0.9474509130232036, -0.19352864986285567, -0.6198870590887964, d=""|:p=0.071, r=0.932""
n:0.006196996197104454, -0.4345530606806278, -0.475733011495322, -0.9199658776633441, -0.047533093485981226, -0.8565697823651135, d=""|:p=0.104, r=0.885""
n:0.6773760924115777, -0.7927431710995734, 0.5355521757155657, 0.4118641880340874, 0.3465329958125949, 0.37221224838867784, d=|:r=0.889
n:0.37611050717532635, -0.005673735402524471, -0.4709374736994505, 0.7056193663738668, 0.8826381471008062, -0.3174942363984883, d=""|:p=0.313, r=0.939""
n:-0.7678576339967549, -0.2952966336160898, -0.26785284373909235, -0.9534672955051064, -0.42720022378489375, -0.7715307520702481, d=@:p=0.689
",0.0002588081024245361,"//H
3
j:-0.9132737307809293, -0.5797953228466213, -0.3783065271563828, -0.9315263531170785, 0.3318778886459768, 0.3346595368348062, fr=0.209, rotstif=0.933, l=1.133
j:-0.3245047046802938, -0.7827173471450806, 0.6623983108438551, 0.7614813218824565, -0.8011379591189325, -0.9145923191681504, fr=0.071, rotstif=0.995, l=1.335
j:-0.869728229008615, 0.3435910604894161, -0.7204349720850587, 0.9794652466662228, -0.5305099566467106, 0.22224077582359314, fr=0.911, l=1.071
j:0.20091322576627135, -0.2895826636813581, -0.7306126859039068, -0.42008577240630984, 0.6021321848966181, -0.01514106709510088, fr=0.232, l=1.032
j:-0.28165968181565404, -0.7361844843253493, 0.29436824563890696, -0.42685755575075746, -0.5224069440737367, 0.8747670031152666, rotstif=0.954, l=1.029
j:-0.888683071359992, -0.4687312007881701, 0.6733977287076414, -0.7942330371588469, 0.09778206283226609, 0.12150898762047291, fr=0.085, l=1.412
j:0.704, 0.18725918140262365, -0.08099744049832225, -0.12282197922468185, 0.9345027087256312, -0.9738767915405333, l=1.556
j:-0.7466468727216125, -0.07766290567815304, 0.14147381950169802, -0.6204672120511532, -0.2080167499370873, -0.9412616975605488, rotstif=0.898
n:-0.8733414323069155, -0.21950699342414737, 0.29932392900809646, -0.9474509130232036, -0.19352864986285567, -0.6198870590887964, d=""|:p=0.071, r=0.932""
n:0.006196996197104454, -0.4345530606806278, -0.475733011495322, -0.9199658776633441, -0.047533093485981226, -0.8565697823651135, d=""|:p=0.104, r=0.885""
n:0.6773760924115777, -0.7927431710995734, 0.5355521757155657, 0.4118641880340874, 0.3465329958125949, 0.37221224838867784, d=|:r=0.889
n:0.37611050717532635, -0.005673735402524471, -0.4709374736994505, 0.7056193663738668, 0.8826381471008062, -0.3174942363984883, d=|:r=0.939
n:-0.7678576339967549, -0.2952966336160898, -0.26785284373909235, -0.9534672955051064, -0.42720022378489375, -0.7715307520702481, d=@:p=0.689
"
28,H,92,93,"//H
3
j:-0.9132737307809293, -0.5797953228466213, -0.3783065271563828, -0.9315263531170785, 0.3318778886459768, 0.3346595368348062, fr=0.209, rotstif=0.933, l=1.133
j:-0.3245047046802938, -0.7827173471450806, 0.6623983108438551, 0.7614813218824565, -0.8011379591189325, -0.9145923191681504, fr=0.071, rotstif=0.995, l=1.335
j:-0.869728229008615, 0.3435910604894161, -0.7204349720850587, 0.9794652466662228, -0.5305099566467106, 0.22224077582359314, fr=0.911, l=1.071
j:0.20091322576627135, -0.2895826636813581, -0.7306126859039068, -0.42008577240630984, 0.6021321848966181, -0.01514106709510088, fr=0.047, l=1.032
j:-0.28165968181565404, -0.7361844843253493, 0.29436824563890696, -0.42685755575075746, -0.5224069440737367, 0.8747670031152666, rotstif=0.954, l=1.029
j:-0.888683071359992, -0.4687312007881701, 0.6733977287076414, -0.7942330371588469, 0.09778206283226609, 0.12150898762047291, fr=0.085, l=1.412
j:0.704, 0.18725918140262365, -0.08099744049832225, -0.12282197922468185, 0.9345027087256312, -0.9738767915405333, l=1.556
j:-0.7466468727216125, -0.07766290567815304, 0.14147381950169802, -0.6204672120511532, -0.2080167499370873, -0.9412616975605488, rotstif=0.898
n:-0.8733414323069155, -0.21950699342414737, 0.29932392900809646, -0.9474509130232036, -0.19352864986285567, -0.6198870590887964, d=""|:p=0.071, r=0.932""
n:0.006196996197104454, -0.4345530606806278, -0.475733011495322, -0.9199658776633441, -0.047533093485981226, -0.8565697823651135, d=""|:p=0.104, r=0.885""
n:0.6773760924115777, -0.7927431710995734, 0.5355521757155657, 0.4118641880340874, 0.3465329958125949, 0.37221224838867784, d=|:r=0.889
n:0.37611050717532635, -0.005673735402524471, -0.4709374736994505, 0.7056193663738668, 0.8826381471008062, -0.3174942363984883, d=""|:p=0.313, r=0.939""
n:-0.7678576339967549, -0.2952966336160898, -0.26785284373909235, -0.9534672955051064, -0.42720022378489375, -0.7715307520702481, d=@:p=0.689
",0.0002603746566492843,"//H
3
j:-0.9132737307809293, -0.5797953228466213, -0.3783065271563828, -0.9315263531170785, 0.3318778886459768, 0.3346595368348062, fr=0.209, rotstif=0.933, l=1.133
j:-0.3245047046802938, -0.7827173471450806, 0.6623983108438551, 0.7614813218824565, -0.8011379591189325, -0.9145923191681504, fr=0.071, rotstif=0.995, l=1.335
j:-0.869728229008615, 0.3435910604894161, -0.7204349720850587, 0.9794652466662228, -0.5305099566467106, 0.22224077582359314, fr=0.911, l=1.071
j:0.20091322576627135, -0.2895826636813581, -0.7306126859039068, -0.42008577240630984, 0.6021321848966181, -0.01514106709510088, fr=0.232, l=1.032
j:-0.28165968181565404, -0.7361844843253493, 0.29436824563890696, -0.42685755575075746, -0.5224069440737367, 0.8747670031152666, rotstif=0.954, l=1.029
j:-0.888683071359992, -0.4687312007881701, 0.6733977287076414, -0.7942330371588469, 0.09778206283226609, 0.12150898762047291, fr=0.085, l=1.412
j:0.704, 0.18725918140262365, -0.08099744049832225, -0.12282197922468185, 0.9345027087256312, -0.9738767915405333, l=1.556
j:-0.7466468727216125, -0.07766290567815304, 0.14147381950169802, -0.6204672120511532, -0.2080167499370873, -0.9412616975605488, rotstif=0.898
n:-0.8733414323069155, -0.21950699342414737, 0.29932392900809646, -0.9474509130232036, -0.19352864986285567, -0.6198870590887964, d=""|:p=0.071, r=0.932""
n:0.006196996197104454, -0.4345530606806278, -0.475733011495322, -0.9199658776633441, -0.047533093485981226, -0.8565697823651135, d=""|:p=0.104, r=0.885""
n:0.6773760924115777, -0.7927431710995734, 0.5355521757155657, 0.4118641880340874, 0.3465329958125949, 0.37221224838867784, d=|:r=0.889
n:0.37611050717532635, -0.005673735402524471, -0.4709374736994505, 0.7056193663738668, 0.8826381471008062, -0.3174942363984883, d=""|:p=0.313, r=0.939""
n:-0.7678576339967549, -0.2952966336160898, -0.26785284373909235, -0.9534672955051064, -0.42720022378489375, -0.7715307520702481, d=@:p=0.689
"
28,H,93,94,"//H
3
j:-0.9132737307809293, -0.5797953228466213, -0.3783065271563828, -0.9315263531170785, 0.3318778886459768, 0.3346595368348062, fr=0.209, rotstif=0.933, l=1.133
j:-0.3245047046802938, -0.7827173471450806, 0.6623983108438551, 0.7614813218824565, -0.8011379591189325, -0.9145923191681504, fr=0.046, rotstif=0.995, l=1.335
j:-0.869728229008615, 0.3435910604894161, -0.7204349720850587, 0.9794652466662228, -0.5305099566467106, 0.22224077582359314, fr=0.911, l=1.071
j:0.20091322576627135, -0.2895826636813581, -0.7306126859039068, -0.42008577240630984, 0.6021321848966181, -0.01514106709510088, fr=0.047, l=1.032
j:-0.28165968181565404, -0.7361844843253493, 0.29436824563890696, -0.42685755575075746, -0.5224069440737367, 0.8747670031152666, rotstif=0.954, l=1.029
j:-0.888683071359992, -0.4687312007881701, 0.6733977287076414, -0.7942330371588469, 0.09778206283226609, 0.12150898762047291, fr=0.085, l=1.412
j:0.704, 0.18725918140262365, -0.08099744049832225, -0.12282197922468185, 0.9345027087256312, -0.9738767915405333, l=1.556
j:-0.7466468727216125, -0.07766290567815304, 0.14147381950169802, -0.6204672120511532, -0.2080167499370873, -0.9412616975605488, rotstif=0.898
n:-0.8733414323069155, -0.21950699342414737, 0.29932392900809646, -0.9474509130232036, -0.19352864986285567, -0.6198870590887964, d=""|:p=0.071, r=0.932""
n:0.006196996197104454, -0.4345530606806278, -0.475733011495322, -0.9199658776633441, -0.047533093485981226, -0.8565697823651135, d=""|:p=0.104, r=0.885""
n:0.6773760924115777, -0.7927431710995734, 0.5355521757155657, 0.4118641880340874, 0.3465329958125949, 0.37221224838867784, d=|:r=0.889
n:0.37611050717532635, -0.005673735402524471, -0.4709374736994505, 0.7056193663738668, 0.8826381471008062, -0.3174942363984883, d=""|:p=0.313, r=0.939""
n:-0.7678576339967549, -0.2952966336160898, -0.26785284373909235, -0.9534672955051064, -0.42720022378489375, -0.7715307520702481, d=@:p=0.689
",0.0002638240813950359,"//H
3
j:-0.9132737307809293, -0.5797953228466213, -0.3783065271563828, -0.9315263531170785, 0.3318778886459768, 0.3346595368348062, fr=0.209, rotstif=0.933, l=1.133
j:-0.3245047046802938, -0.7827173471450806, 0.6623983108438551, 0.7614813218824565, -0.8011379591189325, -0.9145923191681504, fr=0.071, rotstif=0.995, l=1.335
j:-0.869728229008615, 0.3435910604894161, -0.7204349720850587, 0.9794652466662228, -0.5305099566467106, 0.22224077582359314, fr=0.911, l=1.071
j:0.20091322576627135, -0.2895826636813581, -0.7306126859039068, -0.42008577240630984, 0.6021321848966181, -0.01514106709510088, fr=0.047, l=1.032
j:-0.28165968181565404, -0.7361844843253493, 0.29436824563890696, -0.42685755575075746, -0.5224069440737367, 0.8747670031152666, rotstif=0.954, l=1.029
j:-0.888683071359992, -0.4687312007881701, 0.6733977287076414, -0.7942330371588469, 0.09778206283226609, 0.12150898762047291, fr=0.085, l=1.412
j:0.704, 0.18725918140262365, -0.08099744049832225, -0.12282197922468185, 0.9345027087256312, -0.9738767915405333, l=1.556
j:-0.7466468727216125, -0.07766290567815304, 0.14147381950169802, -0.6204672120511532, -0.2080167499370873, -0.9412616975605488, rotstif=0.898
n:-0.8733414323069155, -0.21950699342414737, 0.29932392900809646, -0.9474509130232036, -0.19352864986285567, -0.6198870590887964, d=""|:p=0.071, r=0.932""
n:0.006196996197104454, -0.4345530606806278, -0.475733011495322, -0.9199658776633441, -0.047533093485981226, -0.8565697823651135, d=""|:p=0.104, r=0.885""
n:0.6773760924115777, -0.7927431710995734, 0.5355521757155657, 0.4118641880340874, 0.3465329958125949, 0.37221224838867784, d=|:r=0.889
n:0.37611050717532635, -0.005673735402524471, -0.4709374736994505, 0.7056193663738668, 0.8826381471008062, -0.3174942363984883, d=""|:p=0.313, r=0.939""
n:-0.7678576339967549, -0.2952966336160898, -0.26785284373909235, -0.9534672955051064, -0.42720022378489375, -0.7715307520702481, d=@:p=0.689
"
28,H,94,95,"//H
3
j:-0.9132737307809293, -0.5797953228466213, -0.3783065271563828, -0.9315263531170785, 0.3318778886459768, 0.3346595368348062, fr=0.209, rotstif=0.933, l=1.133
j:-0.3245047046802938, -0.7827173471450806, 0.6623983108438551, 0.7614813218824565, -0.8011379591189325, -0.9145923191681504, fr=0.046, rotstif=0.995, l=1.335
j:-0.869728229008615, 0.3435910604894161, -0.7204349720850587, 0.9794652466662228, -0.5305099566467106, 0.22224077582359314, fr=0.911, l=1.071
j:0.20091322576627135, -0.2895826636813581, -0.7306126859039068, -0.42008577240630984, 0.6021321848966181, -0.01514106709510088, fr=0.047, l=1.032
j:-0.28165968181565404, -0.7361844843253493, 0.29436824563890696, -0.42685755575075746, -0.5224069440737367, 0.8747670031152666, fr=0.659, rotstif=0.954, l=1.029
j:-0.888683071359992, -0.4687312007881701, 0.6733977287076414, -0.7942330371588469, 0.09778206283226609, 0.12150898762047291, fr=0.085, l=1.412
j:0.704, 0.18725918140262365, -0.08099744049832225, -0.12282197922468185, 0.9345027087256312, -0.9738767915405333, l=1.556
j:-0.7466468727216125, -0.07766290567815304, 0.14147381950169802, -0.6204672120511532, -0.2080167499370873, -0.9412616975605488, rotstif=0.898
n:-0.8733414323069155, -0.21950699342414737, 0.29932392900809646, -0.9474509130232036, -0.19352864986285567, -0.6198870590887964, d=""|:p=0.071, r=0.932""
n:0.006196996197104454, -0.4345530606806278, -0.475733011495322, -0.9199658776633441, -0.047533093485981226, -0.8565697823651135, d=""|:p=0.104, r=0.885""
n:0.6773760924115777, -0.7927431710995734, 0.5355521757155657, 0.4118641880340874, 0.3465329958125949, 0.37221224838867784, d=|:r=0.889
n:0.37611050717532635, -0.005673735402524471, -0.4709374736994505, 0.7056193663738668, 0.8826381471008062, -0.3174942363984883, d=""|:p=0.313, r=0.939""
n:-0.7678576339967549, -0.2952966336160898, -0.26785284373909235, -0.9534672955051064, -0.42720022378489375, -0.7715307520702481, d=@:p=0.689
",0.0002667789374147497,"//H
3
j:-0.9132737307809293, -0.5797953228466213, -0.3783065271563828, -0.9315263531170785, 0.3318778886459768, 0.3346595368348062, fr=0.209, rotstif=0.933, l=1.133
j:-0.3245047046802938, -0.7827173471450806, 0.6623983108438551, 0.7614813218824565, -0.8011379591189325, -0.9145923191681504, fr=0.046, rotstif=0.995, l=1.335
j:-0.869728229008615, 0.3435910604894161, -0.7204349720850587, 0.9794652466662228, -0.5305099566467106, 0.22224077582359314, fr=0.911, l=1.071
j:0.20091322576627135, -0.2895826636813581, -0.7306126859039068, -0.42008577240630984, 0.6021321848966181, -0.01514106709510088, fr=0.047, l=1.032
j:-0.28165968181565404, -0.7361844843253493, 0.29436824563890696, -0.42685755575075746, -0.5224069440737367, 0.8747670031152666, rotstif=0.954, l=1.029
j:-0.888683071359992, -0.4687312007881701, 0.6733977287076414, -0.7942330371588469, 0.09778206283226609, 0.12150898762047291, fr=0.085, l=1.412
j:0.704, 0.18725918140262365, -0.08099744049832225, -0.12282197922468185, 0.9345027087256312, -0.9738767915405333, l=1.556
j:-0.7466468727216125, -0.07766290567815304, 0.14147381950169802, -0.6204672120511532, -0.2080167499370873, -0.9412616975605488, rotstif=0.898
n:-0.8733414323069155, -0.21950699342414737, 0.29932392900809646, -0.9474509130232036, -0.19352864986285567, -0.6198870590887964, d=""|:p=0.071, r=0.932""
n:0.006196996197104454, -0.4345530606806278, -0.475733011495322, -0.9199658776633441, -0.047533093485981226, -0.8565697823651135, d=""|:p=0.104, r=0.885""
n:0.6773760924115777, -0.7927431710995734, 0.5355521757155657, 0.4118641880340874, 0.3465329958125949, 0.37221224838867784, d=|:r=0.889
n:0.37611050717532635, -0.005673735402524471, -0.4709374736994505, 0.7056193663738668, 0.8826381471008062, -0.3174942363984883, d=""|:p=0.313, r=0.939""
n:-0.7678576339967549, -0.2952966336160898, -0.26785284373909235, -0.9534672955051064, -0.42720022378489375, -0.7715307520702481, d=@:p=0.689
"
28,H,95,96,"//H
3
j:-0.9132737307809293, -0.5797953228466213, -0.3783065271563828, -0.9315263531170785, 0.3318778886459768, 0.3346595368348062, fr=0.209, rotstif=0.933, l=1.133
j:-0.3245047046802938, -0.7827173471450806, 0.6623983108438551, 0.7614813218824565, -0.8011379591189325, -0.9145923191681504, fr=0.046, rotstif=0.995, l=1.335
j:-0.869728229008615, 0.3435910604894161, -0.7204349720850587, 0.9794652466662228, -0.5305099566467106, 0.22224077582359314, fr=0.911, l=1.071
j:0.20091322576627135, -0.2895826636813581, -0.7306126859039068, -0.42008577240630984, 0.6021321848966181, -0.01514106709510088, fr=0.047, l=1.032
j:-0.28165968181565404, -0.7361844843253493, 0.29436824563890696, -0.42685755575075746, -0.5224069440737367, 0.8747670031152666, fr=0.659, rotstif=0.954, l=1.029
j:-0.888683071359992, -0.4687312007881701, 0.6733977287076414, -0.7942330371588469, 0.09778206283226609, 0.12150898762047291, fr=0.085, l=1.412
j:0.704, 0.18725918140262365, -0.08099744049832225, -0.12282197922468185, 0.9345027087256312, -0.9738767915405333, l=1.556
j:-0.7466468727216125, -0.07766290567815304, 0.14147381950169802, -0.6204672120511532, -0.2080167499370873, -0.9412616975605488, rotstif=0.898
n:-0.8733414323069155, -0.21950699342414737, 0.29932392900809646, -0.9474509130232036, -0.19352864986285567, -0.6198870590887964, d=""|:p=0.071, r=0.932""
n:0.006196996197104454, -0.4345530606806278, -0.475733011495322, -0.9199658776633441, -0.047533093485981226, -0.8565697823651135, d=""|:p=0.104, r=0.885""
n:0.6773760924115777, -0.7927431710995734, 0.5355521757155657, 0.4118641880340874, 0.3465329958125949, 0.37221224838867784, d=|:r=0.889
n:0.37611050717532635, -0.005673735402524471, -0.4709374736994505, 0.7056193663738668, 0.8826381471008062, -0.3174942363984883, d=""|:p=0.313, r=0.939""
n:-0.7678576339967549, -0.2952966336160898, -0.26785284373909235, -0.9534672955051064, -0.42720022378489375, -0.7715307520702481, d=@:p=0.689
c:-0.6647377568297088, 0.14357773400843143, 0.25302052963525057, 0.4995975000783801, -0.942203345708549, -0.536420133896172, -1.098
",0.0002667789374147497,"//H
3
j:-0.9132737307809293, -0.5797953228466213, -0.3783065271563828, -0.9315263531170785, 0.3318778886459768, 0.3346595368348062, fr=0.209, rotstif=0.933, l=1.133
j:-0.3245047046802938, -0.7827173471450806, 0.6623983108438551, 0.7614813218824565, -0.8011379591189325, -0.9145923191681504, fr=0.046, rotstif=0.995, l=1.335
j:-0.869728229008615, 0.3435910604894161, -0.7204349720850587, 0.9794652466662228, -0.5305099566467106, 0.22224077582359314, fr=0.911, l=1.071
j:0.20091322576627135, -0.2895826636813581, -0.7306126859039068, -0.42008577240630984, 0.6021321848966181, -0.01514106709510088, fr=0.047, l=1.032
j:-0.28165968181565404, -0.7361844843253493, 0.29436824563890696, -0.42685755575075746, -0.5224069440737367, 0.8747670031152666, fr=0.659, rotstif=0.954, l=1.029
j:-0.888683071359992, -0.4687312007881701, 0.6733977287076414, -0.7942330371588469, 0.09778206283226609, 0.12150898762047291, fr=0.085, l=1.412
j:0.704, 0.18725918140262365, -0.08099744049832225, -0.12282197922468185, 0.9345027087256312, -0.9738767915405333, l=1.556
j:-0.7466468727216125, -0.07766290567815304, 0.14147381950169802, -0.6204672120511532, -0.2080167499370873, -0.9412616975605488, rotstif=0.898
n:-0.8733414323069155, -0.21950699342414737, 0.29932392900809646, -0.9474509130232036, -0.19352864986285567, -0.6198870590887964, d=""|:p=0.071, r=0.932""
n:0.006196996197104454, -0.4345530606806278, -0.475733011495322, -0.9199658776633441, -0.047533093485981226, -0.8565697823651135, d=""|:p=0.104, r=0.885""
n:0.6773760924115777, -0.7927431710995734, 0.5355521757155657, 0.4118641880340874, 0.3465329958125949, 0.37221224838867784, d=|:r=0.889
n:0.37611050717532635, -0.005673735402524471, -0.4709374736994505, 0.7056193663738668, 0.8826381471008062, -0.3174942363984883, d=""|:p=0.313, r=0.939""
n:-0.7678576339967549, -0.2952966336160898, -0.26785284373909235, -0.9534672955051064, -0.42720022378489375, -0.7715307520702481, d=@:p=0.689
"
28,H,96,97,"//H
3
j:-0.9132737307809293, -0.5797953228466213, -0.3783065271563828, -0.9315263531170785, 0.3318778886459768, 0.3346595368348062, fr=0.209, rotstif=0.933, l=1.133
j:-0.3245047046802938, -0.7827173471450806, 0.6623983108438551, 0.7614813218824565, -0.8011379591189325, -0.9145923191681504, fr=0.046, rotstif=0.995, l=1.335
j:-0.869728229008615, 0.3435910604894161, -0.7204349720850587, 0.9794652466662228, -0.5305099566467106, 0.22224077582359314, fr=0.911, l=1.071
j:0.20091322576627135, -0.2895826636813581, -0.7306126859039068, -0.42008577240630984, 0.6021321848966181, -0.01514106709510088, fr=0.047, l=1.032
j:-0.28165968181565404, -0.7361844843253493, 0.29436824563890696, -0.42685755575075746, -0.5224069440737367, 0.8747670031152666, fr=0.659, rotstif=0.954, l=1.029
j:-0.888683071359992, -0.4687312007881701, 0.6733977287076414, -0.7942330371588469, 0.09778206283226609, 0.12150898762047291, fr=0.085, l=1.412
j:0.704, 0.18725918140262365, -0.08099744049832225, -0.12282197922468185, 0.9345027087256312, -0.9738767915405333, l=1.556
j:-0.7466468727216125, -0.07766290567815304, 0.14147381950169802, -0.6204672120511532, -0.2080167499370873, -0.9412616975605488, rotstif=0.898
n:-0.8733414323069155, -0.21950699342414737, 0.29932392900809646, -0.9474509130232036, -0.19352864986285567, -0.6198870590887964, d=""|:p=0.071, r=0.932""
n:0.006196996197104454, -0.4345530606806278, -0.475733011495322, -0.9199658776633441, -0.047533093485981226, -0.8565697823651135, d=""|:p=0.104, r=0.885""
n:0.6773760924115777, -0.7927431710995734, 0.5355521757155657, 0.4118641880340874, 0.3465329958125949, 0.37221224838867784, d=""|:p=0.165, r=0.889""
n:0.37611050717532635, -0.005673735402524471, -0.4709374736994505, 0.7056193663738668, 0.8826381471008062, -0.3174942363984883, d=""|:p=0.313, r=0.939""
n:-0.7678576339967549, -0.2952966336160898, -0.26785284373909235, -0.9534672955051064, -0.42720022378489375, -0.7715307520702481, d=@:p=0.689
",0.00026746687699072614,"//H
3
j:-0.9132737307809293, -0.5797953228466213, -0.3783065271563828, -0.9315263531170785, 0.3318778886459768, 0.3346595368348062, fr=0.209, rotstif=0.933, l=1.133
j:-0.3245047046802938, -0.7827173471450806, 0.6623983108438551, 0.7614813218824565, -0.8011379591189325, -0.9145923191681504, fr=0.046, rotstif=0.995, l=1.335
j:-0.869728229008615, 0.3435910604894161, -0.7204349720850587, 0.9794652466662228, -0.5305099566467106, 0.22224077582359314, fr=0.911, l=1.071
j:0.20091322576627135, -0.2895826636813581, -0.7306126859039068, -0.42008577240630984, 0.6021321848966181, -0.01514106709510088, fr=0.047, l=1.032
j:-0.28165968181565404, -0.7361844843253493, 0.29436824563890696, -0.42685755575075746, -0.5224069440737367, 0.8747670031152666, fr=0.659, rotstif=0.954, l=1.029
j:-0.888683071359992, -0.4687312007881701, 0.6733977287076414, -0.7942330371588469, 0.09778206283226609, 0.12150898762047291, fr=0.085, l=1.412
j:0.704, 0.18725918140262365, -0.08099744049832225, -0.12282197922468185, 0.9345027087256312, -0.9738767915405333, l=1.556
j:-0.7466468727216125, -0.07766290567815304, 0.14147381950169802, -0.6204672120511532, -0.2080167499370873, -0.9412616975605488, rotstif=0.898
n:-0.8733414323069155, -0.21950699342414737, 0.29932392900809646, -0.9474509130232036, -0.19352864986285567, -0.6198870590887964, d=""|:p=0.071, r=0.932""
n:0.006196996197104454, -0.4345530606806278, -0.475733011495322, -0.9199658776633441, -0.047533093485981226, -0.8565697823651135, d=""|:p=0.104, r=0.885""
n:0.6773760924115777, -0.7927431710995734, 0.5355521757155657, 0.4118641880340874, 0.3465329958125949, 0.37221224838867784, d=|:r=0.889
n:0.37611050717532635, -0.005673735402524471, -0.4709374736994505, 0.7056193663738668, 0.8826381471008062, -0.3174942363984883, d=""|:p=0.313, r=0.939""
n:-0.7678576339967549, -0.2952966336160898, -0.26785284373909235, -0.9534672955051064, -0.42720022378489375, -0.7715307520702481, d=@:p=0.689
"
28,H,97,98,"//H
3
j:-0.9132737307809293, -0.5797953228466213, -0.3783065271563828, -0.9315263531170785, 0.3318778886459768, 0.3346595368348062, fr=0.209, rotstif=0.933, l=1.133
j:-0.3245047046802938, -0.7827173471450806, 0.6623983108438551, 0.7614813218824565, -0.8011379591189325, -0.9145923191681504, fr=0.046, rotstif=0.995, l=1.335
j:-0.869728229008615, 0.3435910604894161, -0.7204349720850587, 0.9794652466662228, -0.5305099566467106, 0.22224077582359314, fr=0.911, l=1.071
j:0.20091322576627135, -0.2895826636813581, -0.7306126859039068, -0.42008577240630984, 0.6021321848966181, -0.01514106709510088, fr=0.047, l=1.032
j:-0.28165968181565404, -0.7361844843253493, 0.29436824563890696, -0.42685755575075746, -0.5224069440737367, 0.8747670031152666, fr=0.659, rotstif=0.954, l=1.029
j:-0.888683071359992, -0.4687312007881701, 0.6733977287076414, -0.7942330371588469, 0.09778206283226609, 0.12150898762047291, fr=0.085, l=1.412
j:0.704, 0.18725918140262365, -0.08099744049832225, -0.12282197922468185, 0.9345027087256312, -0.9738767915405333, l=1.556
j:-0.7466468727216125, -0.07766290567815304, 0.14147381950169802, -0.6204672120511532, -0.2080167499370873, -0.9412616975605488, rotstif=0.898
n:-0.8733414323069155, -0.21950699342414737, 0.29932392900809646, -0.9474509130232036, -0.19352864986285567, -0.6198870590887964, d=""|:p=0.071, r=0.932""
n:0.006196996197104454, -0.4345530606806278, -0.475733011495322, -0.9199658776633441, -0.047533093485981226, -0.8565697823651135, d=""|:p=0.104, r=0.885""
n:0.6773760924115777, -0.7927431710995734, 0.5355521757155657, 0.4118641880340874, 0.3465329958125949, 0.37221224838867784, d=""|:p=0.165, r=0.889""
n:0.37611050717532635, -0.005673735402524471, -0.4709374736994505, 0.7056193663738668, 0.8826381471008062, -0.3174942363984883, d=""|:p=0.313, r=0.939""
n:-0.7678576339967549, -0.2952966336160898, -0.26785284373909235, -0.9534672955051064, -0.42720022378489375, -0.7715307520702481, d=@:p=0.689
n:-0.16563224885612726, 0.5049349721521139, -0.2443412491120398, 0.9755835183896124, 0.016573345754295588, -0.42996724462136626, d=@:p=0.885
",0.00026825288065488,"//H
3
j:-0.9132737307809293, -0.5797953228466213, -0.3783065271563828, -0.9315263531170785, 0.3318778886459768, 0.3346595368348062, fr=0.209, rotstif=0.933, l=1.133
j:-0.3245047046802938, -0.7827173471450806, 0.6623983108438551, 0.7614813218824565, -0.8011379591189325, -0.9145923191681504, fr=0.046, rotstif=0.995, l=1.335
j:-0.869728229008615, 0.3435910604894161, -0.7204349720850587, 0.9794652466662228, -0.5305099566467106, 0.22224077582359314, fr=0.911, l=1.071
j:0.20091322576627135, -0.2895826636813581, -0.7306126859039068, -0.42008577240630984, 0.6021321848966181, -0.01514106709510088, fr=0.047, l=1.032
j:-0.28165968181565404, -0.7361844843253493, 0.29436824563890696, -0.42685755575075746, -0.5224069440737367, 0.8747670031152666, fr=0.659, rotstif=0.954, l=1.029
j:-0.888683071359992, -0.4687312007881701, 0.6733977287076414, -0.7942330371588469, 0.09778206283226609, 0.12150898762047291, fr=0.085, l=1.412
j:0.704, 0.18725918140262365, -0.08099744049832225, -0.12282197922468185, 0.9345027087256312, -0.9738767915405333, l=1.556
j:-0.7466468727216125, -0.07766290567815304, 0.14147381950169802, -0.6204672120511532, -0.2080167499370873, -0.9412616975605488, rotstif=0.898
n:-0.8733414323069155, -0.21950699342414737, 0.29932392900809646, -0.9474509130232036, -0.19352864986285567, -0.6198870590887964, d=""|:p=0.071, r=0.932""
n:0.006196996197104454, -0.4345530606806278, -0.475733011495322, -0.9199658776633441, -0.047533093485981226, -0.8565697823651135, d=""|:p=0.104, r=0.885""
n:0.6773760924115777, -0.7927431710995734, 0.5355521757155657, 0.4118641880340874, 0.3465329958125949, 0.37221224838867784, d=""|:p=0.165, r=0.889""
n:0.37611050717532635, -0.005673735402524471, -0.4709374736994505, 0.7056193663738668, 0.8826381471008062, -0.3174942363984883, d=""|:p=0.313, r=0.939""
n:-0.7678576339967549, -0.2952966336160898, -0.26785284373909235, -0.9534672955051064, -0.42720022378489375, -0.7715307520702481, d=@:p=0.689
"
28,H,98,99,"//H
3
j:-0.9132737307809293, -0.5797953228466213, -0.3783065271563828, -0.9315263531170785, 0.3318778886459768, 0.3346595368348062, fr=0.209, rotstif=0.933, l=1.133
j:-0.3245047046802938, -0.7827173471450806, 0.6623983108438551, 0.7614813218824565, -0.8011379591189325, -0.9145923191681504, fr=0.046, rotstif=0.995, l=1.335
j:-0.869728229008615, 0.3435910604894161, -0.7204349720850587, 0.9794652466662228, -0.5305099566467106, 0.22224077582359314, fr=0.911, l=1.071
j:0.20091322576627135, -0.2895826636813581, -0.7306126859039068, -0.42008577240630984, 0.6021321848966181, -0.01514106709510088, fr=0.047, l=1.032
j:-0.28165968181565404, -0.7361844843253493, 0.29436824563890696, -0.42685755575075746, -0.5224069440737367, 0.8747670031152666, fr=0.659, rotstif=0.954, l=1.029
j:-0.888683071359992, -0.4687312007881701, 0.6733977287076414, -0.7942330371588469, 0.09778206283226609, 0.12150898762047291, fr=0.085, l=1.412
j:0.704, 0.18725918140262365, -0.08099744049832225, -0.12282197922468185, 0.9345027087256312, -0.9738767915405333, l=1.556
j:-0.7466468727216125, -0.07766290567815304, 0.14147381950169802, -0.6204672120511532, -0.2080167499370873, -0.9412616975605488, rotstif=0.898
n:-0.8733414323069155, -0.21950699342414737, 0.29932392900809646, -0.9474509130232036, -0.19352864986285567, -0.6198870590887964, d=""|:p=0.071, r=0.932""
n:0.006196996197104454, -0.4345530606806278, -0.475733011495322, -0.9199658776633441, -0.047533093485981226, -0.8565697823651135, d=""|:p=0.104, r=0.885""
n:0.6773760924115777, -0.7927431710995734, 0.5355521757155657, 0.4118641880340874, 0.3465329958125949, 0.37221224838867784, d=""|:p=0.165, r=0.889""
n:0.37611050717532635, -0.005673735402524471, -0.4709374736994505, 0.7056193663738668, 0.8826381471008062, -0.3174942363984883, d=""|:p=0.313, r=0.939""
n:-0.7678576339967549, -0.2952966336160898, -0.26785284373909235, -0.9534672955051064, -0.42720022378489375, -0.7715307520702481, d=@:p=0.689
n:-0.16563224885612726, 0.5049349721521139, -0.2443412491120398, 0.9755835183896124, 0.016573345754295588, -0.42996724462136626, d=@:p=0.87
",0.0002692267462567943,"//H
3
j:-0.9132737307809293, -0.5797953228466213, -0.3783065271563828, -0.9315263531170785, 0.3318778886459768, 0.3346595368348062, fr=0.209, rotstif=0.933, l=1.133
j:-0.3245047046802938, -0.7827173471450806, 0.6623983108438551, 0.7614813218824565, -0.8011379591189325, -0.9145923191681504, fr=0.046, rotstif=0.995, l=1.335
j:-0.869728229008615, 0.3435910604894161, -0.7204349720850587, 0.9794652466662228, -0.5305099566467106, 0.22224077582359314, fr=0.911, l=1.071
j:0.20091322576627135, -0.2895826636813581, -0.7306126859039068, -0.42008577240630984, 0.6021321848966181, -0.01514106709510088, fr=0.047, l=1.032
j:-0.28165968181565404, -0.7361844843253493, 0.29436824563890696, -0.42685755575075746, -0.5224069440737367, 0.8747670031152666, fr=0.659, rotstif=0.954, l=1.029
j:-0.888683071359992, -0.4687312007881701, 0.6733977287076414, -0.7942330371588469, 0.09778206283226609, 0.12150898762047291, fr=0.085, l=1.412
j:0.704, 0.18725918140262365, -0.08099744049832225, -0.12282197922468185, 0.9345027087256312, -0.9738767915405333, l=1.556
j:-0.7466468727216125, -0.07766290567815304, 0.14147381950169802, -0.6204672120511532, -0.2080167499370873, -0.9412616975605488, rotstif=0.898
n:-0.8733414323069155, -0.21950699342414737, 0.29932392900809646, -0.9474509130232036, -0.19352864986285567, -0.6198870590887964, d=""|:p=0.071, r=0.932""
n:0.006196996197104454, -0.4345530606806278, -0.475733011495322, -0.9199658776633441, -0.047533093485981226, -0.8565697823651135, d=""|:p=0.104, r=0.885""
n:0.6773760924115777, -0.7927431710995734, 0.5355521757155657, 0.4118641880340874, 0.3465329958125949, 0.37221224838867784, d=""|:p=0.165, r=0.889""
n:0.37611050717532635, -0.005673735402524471, -0.4709374736994505, 0.7056193663738668, 0.8826381471008062, -0.3174942363984883, d=""|:p=0.313, r=0.939""
n:-0.7678576339967549, -0.2952966336160898, -0.26785284373909235, -0.9534672955051064, -0.42720022378489375, -0.7715307520702481, d=@:p=0.689
n:-0.16563224885612726, 0.5049349721521139, -0.2443412491120398, 0.9755835183896124, 0.016573345754295588, -0.42996724462136626, d=@:p=0.885
"
28,H,99,100,"//H
3
j:-0.9132737307809293, -0.5797953228466213, -0.3783065271563828, -0.9315263531170785, 0.3318778886459768, 0.3346595368348062, fr=0.209, rotstif=0.933, l=1.133
j:-0.3245047046802938, -0.7827173471450806, 0.6623983108438551, 0.7614813218824565, -0.8011379591189325, -0.9145923191681504, fr=0.046, rotstif=0.995, l=1.335
j:-0.869728229008615, 0.3435910604894161, -0.7204349720850587, 0.9794652466662228, -0.5305099566467106, 0.22224077582359314, fr=0.911, l=1.071
j:0.20091322576627135, -0.2895826636813581, -0.7306126859039068, -0.42008577240630984, 0.6021321848966181, -0.01514106709510088, fr=0.047, l=1.032
j:-0.28165968181565404, -0.7361844843253493, 0.29436824563890696, -0.315, -0.5224069440737367, 0.8747670031152666, fr=0.659, rotstif=0.954, l=1.029
j:-0.888683071359992, -0.4687312007881701, 0.6733977287076414, -0.7942330371588469, 0.09778206283226609, 0.12150898762047291, fr=0.085, l=1.412
j:0.704, 0.18725918140262365, -0.08099744049832225, -0.12282197922468185, 0.9345027087256312, -0.9738767915405333, l=1.556
j:-0.7466468727216125, -0.07766290567815304, 0.14147381950169802, -0.6204672120511532, -0.2080167499370873, -0.9412616975605488, rotstif=0.898
n:-0.8733414323069155, -0.21950699342414737, 0.29932392900809646, -0.9474509130232036, -0.19352864986285567, -0.6198870590887964, d=""|:p=0.071, r=0.932""
n:0.006196996197104454, -0.4345530606806278, -0.475733011495322, -0.9199658776633441, -0.047533093485981226, -0.8565697823651135, d=""|:p=0.104, r=0.885""
n:0.6773760924115777, -0.7927431710995734, 0.5355521757155657, 0.4118641880340874, 0.3465329958125949, 0.37221224838867784, d=""|:p=0.165, r=0.889""
n:0.37611050717532635, -0.005673735402524471, -0.4709374736994505, 0.7056193663738668, 0.8826381471008062, -0.3174942363984883, d=""|:p=0.313, r=0.939""
n:-0.7678576339967549, -0.2952966336160898, -0.26785284373909235, -0.9534672955051064, -0.42720022378489375, -0.7715307520702481, d=@:p=0.689
n:-0.16563224885612726, 0.5049349721521139, -0.2443412491120398, 0.9755835183896124, 0.016573345754295588, -0.42996724462136626, d=@:p=0.87
",0.0002692267462567943,"//H
3
j:-0.9132737307809293, -0.5797953228466213, -0.3783065271563828, -0.9315263531170785, 0.3318778886459768, 0.3346595368348062, fr=0.209, rotstif=0.933, l=1.133
j:-0.3245047046802938, -0.7827173471450806, 0.6623983108438551, 0.7614813218824565, -0.8011379591189325, -0.9145923191681504, fr=0.046, rotstif=0.995, l=1.335
j:-0.869728229008615, 0.3435910604894161, -0.7204349720850587, 0.9794652466662228, -0.5305099566467106, 0.22224077582359314, fr=0.911, l=1.071
j:0.20091322576627135, -0.2895826636813581, -0.7306126859039068, -0.42008577240630984, 0.6021321848966181, -0.01514106709510088, fr=0.047, l=1.032
j:-0.28165968181565404, -0.7361844843253493, 0.29436824563890696, -0.42685755575075746, -0.5224069440737367, 0.8747670031152666, fr=0.659, rotstif=0.954, l=1.029
j:-0.888683071359992, -0.4687312007881701, 0.6733977287076414, -0.7942330371588469, 0.09778206283226609, 0.12150898762047291, fr=0.085, l=1.412
j:0.704, 0.18725918140262365, -0.08099744049832225, -0.12282197922468185, 0.9345027087256312, -0.9738767915405333, l=1.556
j:-0.7466468727216125, -0.07766290567815304, 0.14147381950169802, -0.6204672120511532, -0.2080167499370873, -0.9412616975605488, rotstif=0.898
n:-0.8733414323069155, -0.21950699342414737, 0.29932392900809646, -0.9474509130232036, -0.19352864986285567, -0.6198870590887964, d=""|:p=0.071, r=0.932""
n:0.006196996197104454, -0.4345530606806278, -0.475733011495322, -0.9199658776633441, -0.047533093485981226, -0.8565697823651135, d=""|:p=0.104, r=0.885""
n:0.6773760924115777, -0.7927431710995734, 0.5355521757155657, 0.4118641880340874, 0.3465329958125949, 0.37221224838867784, d=""|:p=0.165, r=0.889""
n:0.37611050717532635, -0.005673735402524471, -0.4709374736994505, 0.7056193663738668, 0.8826381471008062, -0.3174942363984883, d=""|:p=0.313, r=0.939""
n:-0.7678576339967549, -0.2952966336160898, -0.26785284373909235, -0.9534672955051064, -0.42720022378489375, -0.7715307520702481, d=@:p=0.689
n:-0.16563224885612726, 0.5049349721521139, -0.2443412491120398, 0.9755835183896124, 0.016573345754295588, -0.42996724462136626, d=@:p=0.87
"
28,H,100,101,"//H
3
j:-0.9132737307809293, -0.5797953228466213, -0.3783065271563828, -0.9315263531170785, 0.3318778886459768, 0.3346595368348062, fr=0.209, rotstif=0.933, l=1.133
j:-0.3245047046802938, -0.7827173471450806, 0.6623983108438551, 0.7614813218824565, -0.8011379591189325, -0.9145923191681504, fr=0.046, rotstif=0.995, l=1.335
j:-0.869728229008615, 0.3435910604894161, -0.7204349720850587, 0.9794652466662228, -0.5305099566467106, 0.22224077582359314, fr=0.911, l=1.071
j:0.20091322576627135, -0.2895826636813581, -0.7306126859039068, -0.42008577240630984, 0.6021321848966181, -0.01514106709510088, fr=0.047, l=1.032
j:-0.28165968181565404, -0.7361844843253493, 0.29436824563890696, -0.42685755575075746, -0.5224069440737367, 0.8747670031152666, fr=0.659, rotstif=0.954, l=1.029
j:-0.888683071359992, -0.4687312007881701, 0.6733977287076414, -0.7942330371588469, 0.09778206283226609, 0.12150898762047291, fr=0.085, l=1.412
j:0.704, 0.18725918140262365, -0.08099744049832225, -0.12282197922468185, 0.9345027087256312, -0.9738767915405333, l=1.556
j:-0.7466468727216125, -0.07766290567815304, 0.14147381950169802, -0.6204672120511532, -0.2080167499370873, -0.9412616975605488, rotstif=0.898
n:-0.8733414323069155, -0.21950699342414737, 0.29932392900809646, -0.9474509130232036, -0.19352864986285567, -0.6198870590887964, d=""|:p=0.071, r=0.932""
n:0.006196996197104454, -0.4345530606806278, -0.475733011495322, -0.9199658776633441, -0.047533093485981226, -0.8565697823651135, d=""|:p=0.104, r=0.885""
n:0.6773760924115777, -0.7927431710995734, 0.5355521757155657, 0.4118641880340874, 0.3465329958125949, 0.37221224838867784, d=""|:p=0.165, r=0.889""
n:0.37611050717532635, -0.005673735402524471, -0.4709374736994505, 0.7056193663738668, 0.8826381471008062, -0.3174942363984883, d=""|:p=0.313, r=0.939""
n:-0.7678576339967549, -0.2952966336160898, -0.26785284373909235, -0.9534672955051064, -0.42720022378489375, -0.7715307520702481, d=@:p=0.689
n:-0.16563224885612726, 0.5049349721521139, -0.2443412491120398, 0.9755835183896124, 0.016573345754295588, -0.633, d=@:p=0.87
",0.0002692267462567943,"//H
3
j:-0.9132737307809293, -0.5797953228466213, -0.3783065271563828, -0.9315263531170785, 0.3318778886459768, 0.3346595368348062, fr=0.209, rotstif=0.933, l=1.133
j:-0.3245047046802938, -0.7827173471450806, 0.6623983108438551, 0.7614813218824565, -0.8011379591189325, -0.9145923191681504, fr=0.046, rotstif=0.995, l=1.335
j:-0.869728229008615, 0.3435910604894161, -0.7204349720850587, 0.9794652466662228, -0.5305099566467106, 0.22224077582359314, fr=0.911, l=1.071
j:0.20091322576627135, -0.2895826636813581, -0.7306126859039068, -0.42008577240630984, 0.6021321848966181, -0.01514106709510088, fr=0.047, l=1.032
j:-0.28165968181565404, -0.7361844843253493, 0.29436824563890696, -0.42685755575075746, -0.5224069440737367, 0.8747670031152666, fr=0.659, rotstif=0.954, l=1.029
j:-0.888683071359992, -0.4687312007881701, 0.6733977287076414, -0.7942330371588469, 0.09778206283226609, 0.12150898762047291, fr=0.085, l=1.412
j:0.704, 0.18725918140262365, -0.08099744049832225, -0.12282197922468185, 0.9345027087256312, -0.9738767915405333, l=1.556
j:-0.7466468727216125, -0.07766290567815304, 0.14147381950169802, -0.6204672120511532, -0.2080167499370873, -0.9412616975605488, rotstif=0.898
n:-0.8733414323069155, -0.21950699342414737, 0.29932392900809646, -0.9474509130232036, -0.19352864986285567, -0.6198870590887964, d=""|:p=0.071, r=0.932""
n:0.006196996197104454, -0.4345530606806278, -0.475733011495322, -0.9199658776633441, -0.047533093485981226, -0.8565697823651135, d=""|:p=0.104, r=0.885""
n:0.6773760924115777, -0.7927431710995734, 0.5355521757155657, 0.4118641880340874, 0.3465329958125949, 0.37221224838867784, d=""|:p=0.165, r=0.889""
n:0.37611050717532635, -0.005673735402524471, -0.4709374736994505, 0.7056193663738668, 0.8826381471008062, -0.3174942363984883, d=""|:p=0.313, r=0.939""
n:-0.7678576339967549, -0.2952966336160898, -0.26785284373909235, -0.9534672955051064, -0.42720022378489375, -0.7715307520702481, d=@:p=0.689
n:-0.16563224885612726, 0.5049349721521139, -0.2443412491120398, 0.9755835183896124, 0.016573345754295588, -0.42996724462136626, d=@:p=0.87
"
