run,genetic_format,sample_index,parent_genotype,parent_fitness,genotype,fitness,status,mutation_attempts
23,H,0,"//H
3
j:",0.0,"//H
3
j:fr=1.01
",0.0,feasible,20
23,H,0,"//H
3
j:",0.0,"//H
3
j:y0=-0.076
",0.0,feasible,20
23,H,0,"//H
3
j:",0.0,"//H
3
j:y0=-0.366
",0.0,feasible,20
23,H,0,"//H
3
j:",0.0,"//H
3
j:
j:-0.16465422557666898, -0.09077162155881524, 0.6493202233687043, 0.377283439040184, -0.12498578149825335, 0.5445667253807187, rotstif=0.819
",0.0,feasible,20
23,H,0,"//H
3
j:",0.0,"//H
3
j:l=1.272
",0.0,feasible,20
23,H,0,"//H
3
j:",0.0,"//H
3
j:rotstif=0.908
",0.0,feasible,20
23,H,0,"//H
3
j:",0.0,"//H
3
j:x2=0.159
",0.0,feasible,20
23,H,0,"//H
3
j:",0.0,"//H
3
j:rotstif=0.939
",0.0,feasible,20
23,H,0,"//H
3
j:",0.0,"//H
3
j:x1=-0.242
",0.0,feasible,20
23,H,0,"//H
3
j:",0.0,"//H
3
j:
n:0.048711088951677084, 0.4098642896860838, 0.6472176676616073, 0.7592240367084742, 0.2543597789481282, -0.6042422368191183, d=T:ry=-1.236
",0.0,feasible,20
23,H,0,"//H
3
j:",0.0,"//H
3
j:-0.193
",0.0,feasible,20
23,H,0,"//H
3
j:",0.0,"//H
3
j:l=1.14
",0.0,feasible,20
23,H,0,"//H
3
j:",0.0,"//H
3
j:rotstif=0.983
",0.0,feasible,20
23,H,0,"//H
3
j:",0.0,"//H
3
j:
c:0.2767837019637227, -0.32007788633927703, 0.8489140192978084, 0.44505100417882204, 0.469904160592705, 0.7199091729708016, 2.009
",0.0,feasible,20
23,H,0,"//H
3
j:",0.0,"//H
3
j:rotstif=0.871
",0.0,feasible,20
23,H,0,"//H
3
j:",0.0,"//H
3
j:rotstif=0.987
",0.0,feasible,20
23,H,0,"//H
3
j:",0.0,"//H
3
j:
n:0.5434191399253905, -0.9865380208939314, -0.3295295354910195, 0.3336409437470138, -0.8527070046402514, -0.6465991889126599, d=Gpart:rz=1.003
",0.0,feasible,20
23,H,0,"//H
3
j:",0.0,"//H
3
j:y1=-0.172
",0.0,feasible,20
23,H,0,"//H
3
j:",0.0,"//H
3
j:fr=0.621
",0.0,feasible,20
23,H,0,"//H
3
j:",0.0,"//H
3
j:l=1.113
",0.0,feasible,20
23,H,1,"//H
3
j:-0.052, fr=0.388
j:0.4981920635327697, -0.10641943011432886, 0.6952594360336661, 0.25153374299407005, -0.025788866449147463, -0.6759939175099134, fr=1.07, rotstif=0.881, l=0.949
j:-0.15727144805714488, 0.10220279125496745, 0.23411010392010212, 0.7658213935792446, 0.8174713728949428, 0.725016191136092, fr=0.335, rotstif=0.967
j:-0.036974066868424416, 0.9094724357128143, -0.5523723983205855, -0.7522721881978214, -0.4484048020094633, -0.9699531150981784, fr=0.091, l=1.006
j:0.6731291725300252, 0.6674448479898274, -0.7563068210147321, 0.9815567904151976, -0.8331878213211894, 0.5430722655728459, fr=0.501
n:-0.8158296211622655, 0.4205138483084738, -0.3264968586154282, 0.2725800317712128, 0.10847760457545519, 0.3820330030284822, d=*
n:-0.8257614406757057, 0.515389546751976, 0.3873933367431164, 0.867492732591927, -0.22673566034063697, 0.6701694908551872, d=|:p=0.168
n:-0.9522833260707557, -0.37639481481164694, 0.40078785037621856, 0.5391491134651005, -0.3377920021302998, -0.49088308587670326, d=""Gpart:ry=-1.369, rz=-0.445""
n:-0.6744816373102367, 0.9046434364281595, -0.7287887316197157, 0.6278389007784426, -0.9663004348985851, -0.7135927006602287, d=|:r=0.965
c:-0.7817348460666835, -0.3689415343105793, -0.6402330957353115, -0.6253632004372776, -0.8896888508461416, 0.5462142638862133, 1.715
",0.008385585447433579,"//H
3
j:-0.052, fr=0.388
j:0.4981920635327697, -0.10641943011432886, 0.6952594360336661, 0.25153374299407005, -0.025788866449147463, -0.6759939175099134, fr=1.07, rotstif=0.881, l=0.949
j:-0.15727144805714488, 0.10220279125496745, 0.23411010392010212, 0.7658213935792446, 0.8174713728949428, 0.725016191136092, fr=0.335, rotstif=0.967
j:-0.036974066868424416, 0.9094724357128143, -0.5523723983205855, -0.7522721881978214, -0.4484048020094633, -0.9699531150981784, fr=0.091, l=1.006
j:0.6731291725300252, 0.6674448479898274, -0.7563068210147321, 0.9815567904151976, -0.8331878213211894, 0.5430722655728459, fr=0.501
n:-0.8158296211622655, 0.4205138483084738, -0.3264968586154282, 0.2725800317712128, 0.10847760457545519, 0.3820330030284822, d=*
n:-0.8257614406757057, 0.515389546751976, 0.3873933367431164, 0.867492732591927, -0.22673566034063697, 0.6701694908551872, d=|:p=0.168
n:-0.9522833260707557, -0.37639481481164694, 0.40078785037621856, 0.5391491134651005, -0.3377920021302998, -0.49088308587670326, d=""Gpart:ry=-1.369, rz=-0.445""
c:-0.7817348460666835, -0.3689415343105793, -0.6402330957353115, -0.6253632004372776, -0.8896888508461416, 0.5462142638862133, 1.715
",0.00021424723372109208,feasible,21
23,H,1,"//H
3
j:-0.052, fr=0.388
j:0.4981920635327697, -0.10641943011432886, 0.6952594360336661, 0.25153374299407005, -0.025788866449147463, -0.6759939175099134, fr=1.07, rotstif=0.881, l=0.949
j:-0.15727144805714488, 0.10220279125496745, 0.23411010392010212, 0.7658213935792446, 0.8174713728949428, 0.725016191136092, fr=0.335, rotstif=0.967
j:-0.036974066868424416, 0.9094724357128143, -0.5523723983205855, -0.7522721881978214, -0.4484048020094633, -0.9699531150981784, fr=0.091, l=1.006
j:0.6731291725300252, 0.6674448479898274, -0.7563068210147321, 0.9815567904151976, -0.8331878213211894, 0.5430722655728459, fr=0.501
n:-0.8158296211622655, 0.4205138483084738, -0.3264968586154282, 0.2725800317712128, 0.10847760457545519, 0.3820330030284822, d=*
n:-0.8257614406757057, 0.515389546751976, 0.3873933367431164, 0.867492732591927, -0.22673566034063697, 0.6701694908551872, d=|:p=0.168
n:-0.9522833260707557, -0.37639481481164694, 0.40078785037621856, 0.5391491134651005, -0.3377920021302998, -0.49088308587670326, d=""Gpart:ry=-1.369, rz=-0.445""
n:-0.6744816373102367, 0.9046434364281595, -0.7287887316197157, 0.6278389007784426, -0.9663004348985851, -0.7135927006602287, d=|:r=0.965
c:-0.7817348460666835, -0.3689415343105793, -0.6402330957353115, -0.6253632004372776, -0.8896888508461416, 0.5462142638862133, 1.715
",0.008385585447433579,"//H
3
j:-0.052, fr=0.388
j:0.4981920635327697, -0.10641943011432886, 0.6952594360336661, 0.25153374299407005, -0.025788866449147463, -0.6759939175099134, fr=1.07, rotstif=0.881, l=0.949
j:-0.15727144805714488, 0.10220279125496745, 0.23411010392010212, 0.7658213935792446, 0.8174713728949428, 0.725016191136092, fr=0.335, rotstif=0.967
j:-0.036974066868424416, 0.9094724357128143, -0.5523723983205855, -0.7522721881978214, -0.4484048020094633, -0.9699531150981784, fr=0.091, l=1.006
j:0.6731291725300252, 0.6674448479898274, -0.7563068210147321, 0.9815567904151976, -0.8331878213211894, 0.5430722655728459, fr=0.501
n:-0.8158296211622655, 0.4205138483084738, -0.3264968586154282, 0.2725800317712128, 0.10847760457545519, 0.3820330030284822, d=*
n:-0.8257614406757057, 0.515389546751976, 0.3873933367431164, 0.867492732591927, -0.22673566034063697, 0.6701694908551872, d=|:p=0.168
n:-0.9522833260707557, -0.37639481481164694, 0.40078785037621856, 0.5391491134651005, -0.3377920021302998, -0.49088308587670326, d=""Gpart:ry=-1.369, rz=-0.445""
n:-0.6744816373102367, 0.9046434364281595, -0.7287887316197157, 0.6278389007784426, -0.9663004348985851, -0.7135927006602287, d=|:r=0.965
c:-0.7817348460666835, -0.3689415343105793, -0.6402330957353115, -0.6253632004372776, -0.8896888508461416, 0.5462142638862133, 1.715
c:-0.7638301458209753, 0.3635990722104907, -0.15047941310331225, -0.1391539997421205, -0.18285090336576104, -0.8981159343384206, 0.02
",0.005430852281545013,feasible,21
23,H,1,"//H
3
j:-0.052, fr=0.388
j:0.4981920635327697, -0.10641943011432886, 0.6952594360336661, 0.25153374299407005, -0.025788866449147463, -0.6759939175099134, fr=1.07, rotstif=0.881, l=0.949
j:-0.15727144805714488, 0.10220279125496745, 0.23411010392010212, 0.7658213935792446, 0.8174713728949428, 0.725016191136092, fr=0.335, rotstif=0.967
j:-0.036974066868424416, 0.9094724357128143, -0.5523723983205855, -0.7522721881978214, -0.4484048020094633, -0.9699531150981784, fr=0.091, l=1.006
j:0.6731291725300252, 0.6674448479898274, -0.7563068210147321, 0.9815567904151976, -0.8331878213211894, 0.5430722655728459, fr=0.501
n:-0.8158296211622655, 0.4205138483084738, -0.3264968586154282, 0.2725800317712128, 0.10847760457545519, 0.3820330030284822, d=*
n:-0.8257614406757057, 0.515389546751976, 0.3873933367431164, 0.867492732591927, -0.22673566034063697, 0.6701694908551872, d=|:p=0.168
n:-0.9522833260707557, -0.37639481481164694, 0.40078785037621856, 0.5391491134651005, -0.3377920021302998, -0.49088308587670326, d=""Gpart:ry=-1.369, rz=-0.445""
n:-0.6744816373102367, 0.9046434364281595, -0.7287887316197157, 0.6278389007784426, -0.9663004348985851, -0.7135927006602287, d=|:r=0.965
c:-0.7817348460666835, -0.3689415343105793, -0.6402330957353115, -0.6253632004372776, -0.8896888508461416, 0.5462142638862133, 1.715
",0.008385585447433579,"//H
3
j:-0.052, fr=0.388
j:0.4981920635327697, -0.10641943011432886, 0.6952594360336661, 0.25153374299407005, -0.025788866449147463, -0.6759939175099134, fr=1.07, rotstif=0.881, l=0.949
j:-0.15727144805714488, 0.10220279125496745, 0.23411010392010212, 0.7658213935792446, 0.8174713728949428, 0.725016191136092, fr=0.335, rotstif=0.967
j:-0.036974066868424416, 0.9094724357128143, -0.5523723983205855, -0.7522721881978214, -0.4484048020094633, -0.9699531150981784, fr=0.091, l=1.006
j:0.6731291725300252, 0.6674448479898274, -0.7563068210147321, 0.9815567904151976, -0.8331878213211894, 0.5430722655728459, fr=0.501
n:-0.8158296211622655, 0.4205138483084738, -0.3264968586154282, 0.2725800317712128, 0.10847760457545519, 0.3820330030284822, d=*
n:-0.8257614406757057, 0.515389546751976, 0.3873933367431164, 0.867492732591927, -0.22673566034063697, 0.6701694908551872, d=|:p=0.168
n:-0.9522833260707557, -0.37639481481164694, 0.40078785037621856, 0.5391491134651005, -0.3377920021302998, -0.49088308587670326, d=""Gpart:ry=-1.369, rz=-0.445""
n:-0.6744816373102367, 0.9046434364281595, -0.7287887316197157, 0.6278389007784426, -0.9663004348985851, -0.7135927006602287, d=|:r=0.965
c:-0.7817348460666835, -0.3689415343105793, -0.6402330957353115, -0.6253632004372776, -0.8896888508461416, 0.5462142638862133, 1.715
c:0.996626797132194, 0.39828034676611423, -0.18335207412019372, 0.5315676261670887, 0.40483213728293777, -0.14407041482627392, -1.026
",0.0008423425074623985,feasible,21
23,H,1,"//H
3
j:-0.052, fr=0.388
j:0.4981920635327697, -0.10641943011432886, 0.6952594360336661, 0.25153374299407005, -0.025788866449147463, -0.6759939175099134, fr=1.07, rotstif=0.881, l=0.949
j:-0.15727144805714488, 0.10220279125496745, 0.23411010392010212, 0.7658213935792446, 0.8174713728949428, 0.725016191136092, fr=0.335, rotstif=0.967
j:-0.036974066868424416, 0.9094724357128143, -0.5523723983205855, -0.7522721881978214, -0.4484048020094633, -0.9699531150981784, fr=0.091, l=1.006
j:0.6731291725300252, 0.6674448479898274, -0.7563068210147321, 0.9815567904151976, -0.8331878213211894, 0.5430722655728459, fr=0.501
n:-0.8158296211622655, 0.4205138483084738, -0.3264968586154282, 0.2725800317712128, 0.10847760457545519, 0.3820330030284822, d=*
n:-0.8257614406757057, 0.515389546751976, 0.3873933367431164, 0.867492732591927, -0.22673566034063697, 0.6701694908551872, d=|:p=0.168
n:-0.9522833260707557, -0.37639481481164694, 0.40078785037621856, 0.5391491134651005, -0.3377920021302998, -0.49088308587670326, d=""Gpart:ry=-1.369, rz=-0.445""
n:-0.6744816373102367, 0.9046434364281595, -0.7287887316197157, 0.6278389007784426, -0.9663004348985851, -0.7135927006602287, d=|:r=0.965
c:-0.7817348460666835, -0.3689415343105793, -0.6402330957353115, -0.6253632004372776, -0.8896888508461416, 0.5462142638862133, 1.715
",0.008385585447433579,"//H
3
j:-0.052, fr=0.388
j:0.4981920635327697, -0.10641943011432886, 0.6952594360336661, 0.25153374299407005, -0.025788866449147463, -0.6759939175099134, fr=1.07, rotstif=0.881, l=0.949
j:-0.15727144805714488, 0.10220279125496745, 0.23411010392010212, 0.7658213935792446, 0.8174713728949428, 0.725016191136092, fr=0.335, rotstif=0.967
j:-0.036974066868424416, 0.9094724357128143, -0.5523723983205855, -0.7522721881978214, -0.4484048020094633, -0.9699531150981784, fr=0.091, l=1.006
j:0.6731291725300252, 0.6674448479898274, -0.7563068210147321, 0.9815567904151976, -0.8331878213211894, 0.5430722655728459, fr=0.501
n:-0.8158296211622655, 0.4205138483084738, -0.3264968586154282, 0.2725800317712128, 0.10847760457545519, 0.3820330030284822, d=*
n:-0.8257614406757057, 0.515389546751976, 0.3873933367431164, 0.867492732591927, -0.22673566034063697, 0.6701694908551872, d=|:p=0.168
n:-0.9522833260707557, -0.37639481481164694, 0.40078785037621856, 0.5391491134651005, -0.3377920021302998, -0.49088308587670326, d=""Gpart:ry=-1.369, rz=-0.445""
n:-0.6744816373102367, 0.9046434364281595, -0.7287887316197157, 0.6278389007784426, -0.9663004348985851, -0.7135927006602287, d=|:r=0.965
n:0.7080397568643093, 0.5980034479871392, 0.4869191297329962, 0.02261863788589835, 0.5495987660251558, -0.32439249847084284, d=Gpart:rz=-2.657
c:-0.7817348460666835, -0.3689415343105793, -0.6402330957353115, -0.6253632004372776, -0.8896888508461416, 0.5462142638862133, 1.715
",6.649495577630691e-05,feasible,21
23,H,1,"//H
3
j:-0.052, fr=0.388
j:0.4981920635327697, -0.10641943011432886, 0.6952594360336661, 0.25153374299407005, -0.025788866449147463, -0.6759939175099134, fr=1.07, rotstif=0.881, l=0.949
j:-0.15727144805714488, 0.10220279125496745, 0.23411010392010212, 0.7658213935792446, 0.8174713728949428, 0.725016191136092, fr=0.335, rotstif=0.967
j:-0.036974066868424416, 0.9094724357128143, -0.5523723983205855, -0.7522721881978214, -0.4484048020094633, -0.9699531150981784, fr=0.091, l=1.006
j:0.6731291725300252, 0.6674448479898274, -0.7563068210147321, 0.9815567904151976, -0.8331878213211894, 0.5430722655728459, fr=0.501
n:-0.8158296211622655, 0.4205138483084738, -0.3264968586154282, 0.2725800317712128, 0.10847760457545519, 0.3820330030284822, d=*
n:-0.8257614406757057, 0.515389546751976, 0.3873933367431164, 0.867492732591927, -0.22673566034063697, 0.6701694908551872, d=|:p=0.168
n:-0.9522833260707557, -0.37639481481164694, 0.40078785037621856, 0.5391491134651005, -0.3377920021302998, -0.49088308587670326, d=""Gpart:ry=-1.369, rz=-0.445""
n:-0.6744816373102367, 0.9046434364281595, -0.7287887316197157, 0.6278389007784426, -0.9663004348985851, -0.7135927006602287, d=|:r=0.965
c:-0.7817348460666835, -0.3689415343105793, -0.6402330957353115, -0.6253632004372776, -0.8896888508461416, 0.5462142638862133, 1.715
",0.008385585447433579,"//H
3
j:-0.052, fr=0.388
j:0.4981920635327697, -0.10641943011432886, 0.6952594360336661, 0.25153374299407005, -0.025788866449147463, -0.6759939175099134, fr=1.07, rotstif=0.881, l=0.949
j:-0.15727144805714488, 0.10220279125496745, 0.23411010392010212, 0.7658213935792446, 0.8174713728949428, 0.725016191136092, fr=0.335, rotstif=0.967
j:-0.036974066868424416, 0.9094724357128143, -0.5523723983205855, -0.7522721881978214, -0.4484048020094633, -0.9699531150981784, fr=0.091, l=1.006
j:0.6731291725300252, 0.6674448479898274, -0.7563068210147321, 0.9815567904151976, -0.8331878213211894, 0.5430722655728459, fr=0.501
j:-0.13470043428242207, -0.1003619977273047, 0.9770700610242784, -0.5678732632659376, 0.16727846069261432, 0.4338345038704574, rotstif=0.974
n:-0.8158296211622655, 0.4205138483084738, -0.3264968586154282, 0.2725800317712128, 0.10847760457545519, 0.3820330030284822, d=*
n:-0.8257614406757057, 0.515389546751976, 0.3873933367431164, 0.867492732591927, -0.22673566034063697, 0.6701694908551872, d=|:p=0.168
n:-0.9522833260707557, -0.37639481481164694, 0.40078785037621856, 0.5391491134651005, -0.3377920021302998, -0.49088308587670326, d=""Gpart:ry=-1.369, rz=-0.445""
n:-0.6744816373102367, 0.9046434364281595, -0.7287887316197157, 0.6278389007784426, -0.9663004348985851, -0.7135927006602287, d=|:r=0.965
c:-0.7817348460666835, -0.3689415343105793, -0.6402330957353115, -0.6253632004372776, -0.8896888508461416, 0.5462142638862133, 1.715
",1.0603880836947494e-05,feasible,21
23,H,1,"//H
3
j:-0.052, fr=0.388
j:0.4981920635327697, -0.10641943011432886, 0.6952594360336661, 0.25153374299407005, -0.025788866449147463, -0.6759939175099134, fr=1.07, rotstif=0.881, l=0.949
j:-0.15727144805714488, 0.10220279125496745, 0.23411010392010212, 0.7658213935792446, 0.8174713728949428, 0.725016191136092, fr=0.335, rotstif=0.967
j:-0.036974066868424416, 0.9094724357128143, -0.5523723983205855, -0.7522721881978214, -0.4484048020094633, -0.9699531150981784, fr=0.091, l=1.006
j:0.6731291725300252, 0.6674448479898274, -0.7563068210147321, 0.9815567904151976, -0.8331878213211894, 0.5430722655728459, fr=0.501
n:-0.8158296211622655, 0.4205138483084738, -0.3264968586154282, 0.2725800317712128, 0.10847760457545519, 0.3820330030284822, d=*
n:-0.8257614406757057, 0.515389546751976, 0.3873933367431164, 0.867492732591927, -0.22673566034063697, 0.6701694908551872, d=|:p=0.168
n:-0.9522833260707557, -0.37639481481164694, 0.40078785037621856, 0.5391491134651005, -0.3377920021302998, -0.49088308587670326, d=""Gpart:ry=-1.369, rz=-0.445""
n:-0.6744816373102367, 0.9046434364281595, -0.7287887316197157, 0.6278389007784426, -0.9663004348985851, -0.7135927006602287, d=|:r=0.965
c:-0.7817348460666835, -0.3689415343105793, -0.6402330957353115, -0.6253632004372776, -0.8896888508461416, 0.5462142638862133, 1.715
",0.008385585447433579,"//H
3
j:-0.052, fr=0.388
j:0.4981920635327697, -0.10641943011432886, 0.6952594360336661, 0.25153374299407005, -0.025788866449147463, -0.6759939175099134, fr=1.07, rotstif=0.881, l=0.949
j:-0.15727144805714488, 0.10220279125496745, 0.23411010392010212, 0.7658213935792446, 0.8174713728949428, 0.725016191136092, fr=0.335, rotstif=0.967
j:-0.036974066868424416, 0.9094724357128143, -0.5523723983205855, -0.7522721881978214, -0.4484048020094633, -0.9699531150981784, fr=0.091, l=1.006
j:0.6731291725300252, 0.6674448479898274, -0.7563068210147321, 0.9815567904151976, -0.8331878213211894, 0.5430722655728459, fr=0.501
n:-0.8158296211622655, 0.4205138483084738, -0.3264968586154282, 0.2725800317712128, 0.10847760457545519, 0.3820330030284822, d=*
n:-0.8257614406757057, 0.515389546751976, 0.3873933367431164, 0.867492732591927, -0.22673566034063697, 0.6701694908551872, d=|:p=0.168
n:-0.9522833260707557, -0.37639481481164694, 0.40078785037621856, 0.5391491134651005, -0.3377920021302998, -0.49088308587670326, d=""Gpart:ry=-1.369, rz=-0.445""
n:-0.6744816373102367, 0.948, -0.7287887316197157, 0.6278389007784426, -0.9663004348985851, -0.7135927006602287, d=|:r=0.965
c:-0.7817348460666835, -0.3689415343105793, -0.6402330957353115, -0.6253632004372776, -0.8896888508461416, 0.5462142638862133, 1.715
",0.008385585447433579,feasible,21
23,H,1,"//H
3
j:-0.052, fr=0.388
j:0.4981920635327697, -0.10641943011432886, 0.6952594360336661, 0.25153374299407005, -0.025788866449147463, -0.6759939175099134, fr=1.07, rotstif=0.881, l=0.949
j:-0.15727144805714488, 0.10220279125496745, 0.23411010392010212, 0.7658213935792446, 0.8174713728949428, 0.725016191136092, fr=0.335, rotstif=0.967
j:-0.036974066868424416, 0.9094724357128143, -0.5523723983205855, -0.7522721881978214, -0.4484048020094633, -0.9699531150981784, fr=0.091, l=1.006
j:0.6731291725300252, 0.6674448479898274, -0.7563068210147321, 0.9815567904151976, -0.8331878213211894, 0.5430722655728459, fr=0.501
n:-0.8158296211622655, 0.4205138483084738, -0.3264968586154282, 0.2725800317712128, 0.10847760457545519, 0.3820330030284822, d=*
n:-0.8257614406757057, 0.515389546751976, 0.3873933367431164, 0.867492732591927, -0.22673566034063697, 0.6701694908551872, d=|:p=0.168
n:-0.9522833260707557, -0.37639481481164694, 0.40078785037621856, 0.5391491134651005, -0.3377920021302998, -0.49088308587670326, d=""Gpart:ry=-1.369, rz=-0.445""
n:-0.6744816373102367, 0.9046434364281595, -0.7287887316197157, 0.6278389007784426, -0.9663004348985851, -0.7135927006602287, d=|:r=0.965
c:-0.7817348460666835, -0.3689415343105793, -0.6402330957353115, -0.6253632004372776, -0.8896888508461416, 0.5462142638862133, 1.715
",0.008385585447433579,"//H
3
j:-0.052, y2=-0.218, fr=0.388
j:0.4981920635327697, -0.10641943011432886, 0.6952594360336661, 0.25153374299407005, -0.025788866449147463, -0.6759939175099134, fr=1.07, rotstif=0.881, l=0.949
j:-0.15727144805714488, 0.10220279125496745, 0.23411010392010212, 0.7658213935792446, 0.8174713728949428, 0.725016191136092, fr=0.335, rotstif=0.967
j:-0.036974066868424416, 0.9094724357128143, -0.5523723983205855, -0.7522721881978214, -0.4484048020094633, -0.9699531150981784, fr=0.091, l=1.006
j:0.6731291725300252, 0.6674448479898274, -0.7563068210147321, 0.9815567904151976, -0.8331878213211894, 0.5430722655728459, fr=0.501
n:-0.8158296211622655, 0.4205138483084738, -0.3264968586154282, 0.2725800317712128, 0.10847760457545519, 0.3820330030284822, d=*
n:-0.8257614406757057, 0.515389546751976, 0.3873933367431164, 0.867492732591927, -0.22673566034063697, 0.6701694908551872, d=|:p=0.168
n:-0.9522833260707557, -0.37639481481164694, 0.40078785037621856, 0.5391491134651005, -0.3377920021302998, -0.49088308587670326, d=""Gpart:ry=-1.369, rz=-0.445""
n:-0.6744816373102367, 0.9046434364281595, -0.7287887316197157, 0.6278389007784426, -0.9663004348985851, -0.7135927006602287, d=|:r=0.965
c:-0.7817348460666835, -0.3689415343105793, -0.6402330957353115, -0.6253632004372776, -0.8896888508461416, 0.5462142638862133, 1.715
",1.3513576328616194e-06,feasible,21
23,H,1,"//H
3
j:-0.052, fr=0.388
j:0.4981920635327697, -0.10641943011432886, 0.6952594360336661, 0.25153374299407005, -0.025788866449147463, -0.6759939175099134, fr=1.07, rotstif=0.881, l=0.949
j:-0.15727144805714488, 0.10220279125496745, 0.23411010392010212, 0.7658213935792446, 0.8174713728949428, 0.725016191136092, fr=0.335, rotstif=0.967
j:-0.036974066868424416, 0.9094724357128143, -0.5523723983205855, -0.7522721881978214, -0.4484048020094633, -0.9699531150981784, fr=0.091, l=1.006
j:0.6731291725300252, 0.6674448479898274, -0.7563068210147321, 0.9815567904151976, -0.8331878213211894, 0.5430722655728459, fr=0.501
n:-0.8158296211622655, 0.4205138483084738, -0.3264968586154282, 0.2725800317712128, 0.10847760457545519, 0.3820330030284822, d=*
n:-0.8257614406757057, 0.515389546751976, 0.3873933367431164, 0.867492732591927, -0.22673566034063697, 0.6701694908551872, d=|:p=0.168
n:-0.9522833260707557, -0.37639481481164694, 0.40078785037621856, 0.5391491134651005, -0.3377920021302998, -0.49088308587670326, d=""Gpart:ry=-1.369, rz=-0.445""
n:-0.6744816373102367, 0.9046434364281595, -0.7287887316197157, 0.6278389007784426, -0.9663004348985851, -0.7135927006602287, d=|:r=0.965
c:-0.7817348460666835, -0.3689415343105793, -0.6402330957353115, -0.6253632004372776, -0.8896888508461416, 0.5462142638862133, 1.715
",0.008385585447433579,"//H
3
j:-0.052, fr=0.388
j:0.4981920635327697, -0.10641943011432886, 0.6952594360336661, 0.25153374299407005, -0.025788866449147463, -0.6759939175099134, fr=1.07, rotstif=0.881, l=0.949
j:-0.15727144805714488, 0.10220279125496745, 0.23411010392010212, 0.7658213935792446, 0.8174713728949428, 0.725016191136092, fr=0.335, rotstif=0.967
j:-0.036974066868424416, 0.9094724357128143, -0.5523723983205855, -0.7522721881978214, -0.4484048020094633, -0.9699531150981784, fr=0.091, l=1.006
j:0.6731291725300252, 0.6674448479898274, -0.7563068210147321, 0.9815567904151976, -0.8331878213211894, 0.5430722655728459, fr=0.501
n:-0.8158296211622655, 0.4205138483084738, -0.3264968586154282, 0.2725800317712128, 0.10847760457545519, 0.3820330030284822, d=*
n:-0.8257614406757057, 0.515389546751976, 0.3873933367431164, 0.867492732591927, -0.22673566034063697, 0.6701694908551872, d=""|:p=0.168, r=0.858""
n:-0.9522833260707557, -0.37639481481164694, 0.40078785037621856, 0.5391491134651005, -0.3377920021302998, -0.49088308587670326, d=""Gpart:ry=-1.369, rz=-0.445""
n:-0.6744816373102367, 0.9046434364281595, -0.7287887316197157, 0.6278389007784426, -0.9663004348985851, -0.7135927006602287, d=|:r=0.965
c:-0.7817348460666835, -0.3689415343105793, -0.6402330957353115, -0.6253632004372776, -0.8896888508461416, 0.5462142638862133, 1.715
",8.857040576538624e-05,feasible,21
23,H,1,"//H
3
j:-0.052, fr=0.388
j:0.4981920635327697, -0.10641943011432886, 0.6952594360336661, 0.25153374299407005, -0.025788866449147463, -0.6759939175099134, fr=1.07, rotstif=0.881, l=0.949
j:-0.15727144805714488, 0.10220279125496745, 0.23411010392010212, 0.7658213935792446, 0.8174713728949428, 0.725016191136092, fr=0.335, rotstif=0.967
j:-0.036974066868424416, 0.9094724357128143, -0.5523723983205855, -0.7522721881978214, -0.4484048020094633, -0.9699531150981784, fr=0.091, l=1.006
j:0.6731291725300252, 0.6674448479898274, -0.7563068210147321, 0.9815567904151976, -0.8331878213211894, 0.5430722655728459, fr=0.501
n:-0.8158296211622655, 0.4205138483084738, -0.3264968586154282, 0.2725800317712128, 0.10847760457545519, 0.3820330030284822, d=*
n:-0.8257614406757057, 0.515389546751976, 0.3873933367431164, 0.867492732591927, -0.22673566034063697, 0.6701694908551872, d=|:p=0.168
n:-0.9522833260707557, -0.37639481481164694, 0.40078785037621856, 0.5391491134651005, -0.3377920021302998, -0.49088308587670326, d=""Gpart:ry=-1.369, rz=-0.445""
n:-0.6744816373102367, 0.9046434364281595, -0.7287887316197157, 0.6278389007784426, -0.9663004348985851, -0.7135927006602287, d=|:r=0.965
c:-0.7817348460666835, -0.3689415343105793, -0.6402330957353115, -0.6253632004372776, -0.8896888508461416, 0.5462142638862133, 1.715
",0.008385585447433579,"//H
3
j:-0.052, fr=0.388
j:0.4981920635327697, -0.10641943011432886, 0.6952594360336661, 0.25153374299407005, -0.025788866449147463, -0.6759939175099134, fr=1.07, rotstif=0.881, l=0.949
j:-0.15727144805714488, 0.10220279125496745, 0.23411010392010212, 0.7658213935792446, 0.8174713728949428, 0.725016191136092, fr=0.335, rotstif=0.967
j:-0.036974066868424416, 0.9094724357128143, -0.5523723983205855, -0.7522721881978214, -0.4484048020094633, -0.9699531150981784, fr=0.091, l=1.006
j:0.6731291725300252, 0.6674448479898274, -0.7563068210147321, 0.9815567904151976, -0.8331878213211894, 0.5430722655728459, fr=0.501
n:-0.8158296211622655, 0.4205138483084738, -0.3264968586154282, 0.2725800317712128, 0.10847760457545519, 0.3820330030284822, d=*
n:-0.8257614406757057, 0.137, 0.3873933367431164, 0.867492732591927, -0.22673566034063697, 0.6701694908551872, d=|:p=0.168
n:-0.9522833260707557, -0.37639481481164694, 0.40078785037621856, 0.5391491134651005, -0.3377920021302998, -0.49088308587670326, d=""Gpart:ry=-1.369, rz=-0.445""
n:-0.6744816373102367, 0.9046434364281595, -0.7287887316197157, 0.6278389007784426, -0.9663004348985851, -0.7135927006602287, d=|:r=0.965
c:-0.7817348460666835, -0.3689415343105793, -0.6402330957353115, -0.6253632004372776, -0.8896888508461416, 0.5462142638862133, 1.715
",1.1844209003840969e-07,feasible,21
23,H,1,"//H
3
j:-0.052, fr=0.388
j:0.4981920635327697, -0.10641943011432886, 0.6952594360336661, 0.25153374299407005, -0.025788866449147463, -0.6759939175099134, fr=1.07, rotstif=0.881, l=0.949
j:-0.15727144805714488, 0.10220279125496745, 0.23411010392010212, 0.7658213935792446, 0.8174713728949428, 0.725016191136092, fr=0.335, rotstif=0.967
j:-0.036974066868424416, 0.9094724357128143, -0.5523723983205855, -0.7522721881978214, -0.4484048020094633, -0.9699531150981784, fr=0.091, l=1.006
j:0.6731291725300252, 0.6674448479898274, -0.7563068210147321, 0.9815567904151976, -0.8331878213211894, 0.5430722655728459, fr=0.501
n:-0.8158296211622655, 0.4205138483084738, -0.3264968586154282, 0.2725800317712128, 0.10847760457545519, 0.3820330030284822, d=*
n:-0.8257614406757057, 0.515389546751976, 0.3873933367431164, 0.867492732591927, -0.22673566034063697, 0.6701694908551872, d=|:p=0.168
n:-0.9522833260707557, -0.37639481481164694, 0.40078785037621856, 0.5391491134651005, -0.3377920021302998, -0.49088308587670326, d=""Gpart:ry=-1.369, rz=-0.445""
n:-0.6744816373102367, 0.9046434364281595, -0.7287887316197157, 0.6278389007784426, -0.9663004348985851, -0.7135927006602287, d=|:r=0.965
c:-0.7817348460666835, -0.3689415343105793, -0.6402330957353115, -0.6253632004372776, -0.8896888508461416, 0.5462142638862133, 1.715
",0.008385585447433579,"//H
3
j:-0.052, fr=0.388
j:0.4981920635327697, -0.10641943011432886, 0.6952594360336661, 0.25153374299407005, -0.025788866449147463, -0.6759939175099134, fr=1.07, rotstif=0.881, l=0.949
j:-0.103, 0.10220279125496745, 0.23411010392010212, 0.7658213935792446, 0.8174713728949428, 0.725016191136092, fr=0.335, rotstif=0.967
j:-0.036974066868424416, 0.9094724357128143, -0.5523723983205855, -0.7522721881978214, -0.4484048020094633, -0.9699531150981784, fr=0.091, l=1.006
j:0.6731291725300252, 0.6674448479898274, -0.7563068210147321, 0.9815567904151976, -0.8331878213211894, 0.5430722655728459, fr=0.501
n:-0.8158296211622655, 0.4205138483084738, -0.3264968586154282, 0.2725800317712128, 0.10847760457545519, 0.3820330030284822, d=*
n:-0.8257614406757057, 0.515389546751976, 0.3873933367431164, 0.867492732591927, -0.22673566034063697, 0.6701694908551872, d=|:p=0.168
n:-0.9522833260707557, -0.37639481481164694, 0.40078785037621856, 0.5391491134651005, -0.3377920021302998, -0.49088308587670326, d=""Gpart:ry=-1.369, rz=-0.445""
n:-0.6744816373102367, 0.9046434364281595, -0.7287887316197157, 0.6278389007784426, -0.9663004348985851, -0.7135927006602287, d=|:r=0.965
c:-0.7817348460666835, -0.3689415343105793, -0.6402330957353115, -0.6253632004372776, -0.8896888508461416, 0.5462142638862133, 1.715
",0.008385585447433579,feasible,21
23,H,1,"//H
3
j:-0.052, fr=0.388
j:0.4981920635327697, -0.10641943011432886, 0.6952594360336661, 0.25153374299407005, -0.025788866449147463, -0.6759939175099134, fr=1.07, rotstif=0.881, l=0.949
j:-0.15727144805714488, 0.10220279125496745, 0.23411010392010212, 0.7658213935792446, 0.8174713728949428, 0.725016191136092, fr=0.335, rotstif=0.967
j:-0.036974066868424416, 0.9094724357128143, -0.5523723983205855, -0.7522721881978214, -0.4484048020094633, -0.9699531150981784, fr=0.091, l=1.006
j:0.6731291725300252, 0.6674448479898274, -0.7563068210147321, 0.9815567904151976, -0.8331878213211894, 0.5430722655728459, fr=0.501
n:-0.8158296211622655, 0.4205138483084738, -0.3264968586154282, 0.2725800317712128, 0.10847760457545519, 0.3820330030284822, d=*
n:-0.8257614406757057, 0.515389546751976, 0.3873933367431164, 0.867492732591927, -0.22673566034063697, 0.6701694908551872, d=|:p=0.168
n:-0.9522833260707557, -0.37639481481164694, 0.40078785037621856, 0.5391491134651005, -0.3377920021302998, -0.49088308587670326, d=""Gpart:ry=-1.369, rz=-0.445""
n:-0.6744816373102367, 0.9046434364281595, -0.7287887316197157, 0.6278389007784426, -0.9663004348985851, -0.7135927006602287, d=|:r=0.965
c:-0.7817348460666835, -0.3689415343105793, -0.6402330957353115, -0.6253632004372776, -0.8896888508461416, 0.5462142638862133, 1.715
",0.008385585447433579,"//H
3
j:-0.052, fr=0.388
j:0.4981920635327697, -0.10641943011432886, 0.6952594360336661, 0.25153374299407005, -0.025788866449147463, -0.6759939175099134, fr=1.07, rotstif=0.881, l=0.949
j:-0.036974066868424416, 0.9094724357128143, -0.5523723983205855, -0.7522721881978214, -0.4484048020094633, -0.9699531150981784, fr=0.091, l=1.006
j:0.6731291725300252, 0.6674448479898274, -0.7563068210147321, 0.9815567904151976, -0.8331878213211894, 0.5430722655728459, fr=0.501
n:-0.8158296211622655, 0.4205138483084738, -0.3264968586154282, 0.2725800317712128, 0.10847760457545519, 0.3820330030284822, d=*
n:-0.8257614406757057, 0.515389546751976, 0.3873933367431164, 0.867492732591927, -0.22673566034063697, 0.6701694908551872, d=|:p=0.168
n:-0.9522833260707557, -0.37639481481164694, 0.40078785037621856, 0.5391491134651005, -0.3377920021302998, -0.49088308587670326, d=""Gpart:ry=-1.369, rz=-0.445""
n:-0.6744816373102367, 0.9046434364281595, -0.7287887316197157, 0.6278389007784426, -0.9663004348985851, -0.7135927006602287, d=|:r=0.965
c:-0.7817348460666835, -0.3689415343105793, -0.6402330957353115, -0.6253632004372776, -0.8896888508461416, 0.5462142638862133, 1.715
",0.00013061383964652897,feasible,21
23,H,1,"//H
3
j:-0.052, fr=0.388
j:0.4981920635327697, -0.10641943011432886, 0.6952594360336661, 0.25153374299407005, -0.025788866449147463, -0.6759939175099134, fr=1.07, rotstif=0.881, l=0.949
j:-0.15727144805714488, 0.10220279125496745, 0.23411010392010212, 0.7658213935792446, 0.8174713728949428, 0.725016191136092, fr=0.335, rotstif=0.967
j:-0.036974066868424416, 0.9094724357128143, -0.5523723983205855, -0.7522721881978214, -0.4484048020094633, -0.9699531150981784, fr=0.091, l=1.006
j:0.6731291725300252, 0.6674448479898274, -0.7563068210147321, 0.9815567904151976, -0.8331878213211894, 0.5430722655728459, fr=0.501
n:-0.8158296211622655, 0.4205138483084738, -0.3264968586154282, 0.2725800317712128, 0.10847760457545519, 0.3820330030284822, d=*
n:-0.8257614406757057, 0.515389546751976, 0.3873933367431164, 0.867492732591927, -0.22673566034063697, 0.6701694908551872, d=|:p=0.168
n:-0.9522833260707557, -0.37639481481164694, 0.40078785037621856, 0.5391491134651005, -0.3377920021302998, -0.49088308587670326, d=""Gpart:ry=-1.369, rz=-0.445""
n:-0.6744816373102367, 0.9046434364281595, -0.7287887316197157, 0.6278389007784426, -0.9663004348985851, -0.7135927006602287, d=|:r=0.965
c:-0.7817348460666835, -0.3689415343105793, -0.6402330957353115, -0.6253632004372776, -0.8896888508461416, 0.5462142638862133, 1.715
",0.008385585447433579,"//H
3
j:-0.052, fr=0.388
j:0.4981920635327697, -0.10641943011432886, 0.6952594360336661, 0.25153374299407005, -0.025788866449147463, -0.6759939175099134, fr=1.07, rotstif=0.881, l=0.949
j:-0.15727144805714488, 0.10220279125496745, 0.23411010392010212, 0.7658213935792446, 0.8174713728949428, 0.725016191136092, fr=0.335, rotstif=0.967
j:-0.036974066868424416, 0.9094724357128143, -0.5523723983205855, -0.7522721881978214, -0.4484048020094633, -0.9699531150981784, fr=0.091, l=1.006
n:-0.8158296211622655, 0.4205138483084738, -0.3264968586154282, 0.2725800317712128, 0.10847760457545519, 0.3820330030284822, d=*
n:-0.8257614406757057, 0.515389546751976, 0.3873933367431164, 0.867492732591927, -0.22673566034063697, 0.6701694908551872, d=|:p=0.168
n:-0.9522833260707557, -0.37639481481164694, 0.40078785037621856, 0.5391491134651005, -0.3377920021302998, -0.49088308587670326, d=""Gpart:ry=-1.369, rz=-0.445""
n:-0.6744816373102367, 0.9046434364281595, -0.7287887316197157, 0.6278389007784426, -0.9663004348985851, -0.7135927006602287, d=|:r=0.965
c:-0.7817348460666835, -0.3689415343105793, -0.6402330957353115, -0.6253632004372776, -0.8896888508461416, 0.5462142638862133, 1.715
",0.0003676075665174325,feasible,21
23,H,1,"//H
3
j:-0.052, fr=0.388
j:0.4981920635327697, -0.10641943011432886, 0.6952594360336661, 0.25153374299407005, -0.025788866449147463, -0.6759939175099134, fr=1.07, rotstif=0.881, l=0.949
j:-0.15727144805714488, 0.10220279125496745, 0.23411010392010212, 0.7658213935792446, 0.8174713728949428, 0.725016191136092, fr=0.335, rotstif=0.967
j:-0.036974066868424416, 0.9094724357128143, -0.5523723983205855, -0.7522721881978214, -0.4484048020094633, -0.9699531150981784, fr=0.091, l=1.006
j:0.6731291725300252, 0.6674448479898274, -0.7563068210147321, 0.9815567904151976, -0.8331878213211894, 0.5430722655728459, fr=0.501
n:-0.8158296211622655, 0.4205138483084738, -0.3264968586154282, 0.2725800317712128, 0.10847760457545519, 0.3820330030284822, d=*
n:-0.8257614406757057, 0.515389546751976, 0.3873933367431164, 0.867492732591927, -0.22673566034063697, 0.6701694908551872, d=|:p=0.168
n:-0.9522833260707557, -0.37639481481164694, 0.40078785037621856, 0.5391491134651005, -0.3377920021302998, -0.49088308587670326, d=""Gpart:ry=-1.369, rz=-0.445""
n:-0.6744816373102367, 0.9046434364281595, -0.7287887316197157, 0.6278389007784426, -0.9663004348985851, -0.7135927006602287, d=|:r=0.965
c:-0.7817348460666835, -0.3689415343105793, -0.6402330957353115, -0.6253632004372776, -0.8896888508461416, 0.5462142638862133, 1.715
",0.008385585447433579,"//H
3
j:-0.052, fr=0.388
j:0.4981920635327697, -0.10641943011432886, 0.6952594360336661, 0.25153374299407005, -0.025788866449147463, -0.6759939175099134, fr=1.07, rotstif=0.881, l=0.949
j:-0.15727144805714488, 0.10220279125496745, 0.23411010392010212, 0.7658213935792446, 0.8174713728949428, 0.725016191136092, fr=0.335, rotstif=0.967
j:-0.036974066868424416, 0.9094724357128143, -0.5523723983205855, -0.7522721881978214, -0.4484048020094633, -0.9699531150981784, fr=0.091, l=1.006
j:0.6731291725300252, 0.6674448479898274, -0.7563068210147321, 0.9815567904151976, -0.8331878213211894, 0.5430722655728459, fr=0.501
n:-0.8158296211622655, 0.4205138483084738, -0.3264968586154282, 0.2725800317712128, 0.10847760457545519, 0.3820330030284822, d=*
n:-0.8257614406757057, 0.515389546751976, 0.3873933367431164, 0.867492732591927, -0.22673566034063697, 0.6701694908551872, d=|:p=0.168
n:-0.9522833260707557, -0.37639481481164694, 0.40078785037621856, 0.5391491134651005, -0.3377920021302998, -0.49088308587670326, d=""Gpart:ry=-1.369, rz=-0.445""
n:-0.6744816373102367, 0.9046434364281595, -0.7287887316197157, 0.6278389007784426, -0.9663004348985851, -0.7135927006602287, d=|:r=0.965
c:-0.7817348460666835, -0.3689415343105793, -0.6402330957353115, -0.6253632004372776, -0.8896888508461416, 0.5462142638862133, 1.715
c:-0.9016323508694768, 0.6430137199349701, 0.26873276894912124, -0.19509611558169127, 0.1131786061450839, -0.525575163308531, 0.753
",0.0004469674643617291,feasible,21
23,H,1,"//H
3
j:-0.052, fr=0.388
j:0.4981920635327697, -0.10641943011432886, 0.6952594360336661, 0.25153374299407005, -0.025788866449147463, -0.6759939175099134, fr=1.07, rotstif=0.881, l=0.949
j:-0.15727144805714488, 0.10220279125496745, 0.23411010392010212, 0.7658213935792446, 0.8174713728949428, 0.725016191136092, fr=0.335, rotstif=0.967
j:-0.036974066868424416, 0.9094724357128143, -0.5523723983205855, -0.7522721881978214, -0.4484048020094633, -0.9699531150981784, fr=0.091, l=1.006
j:0.6731291725300252, 0.6674448479898274, -0.7563068210147321, 0.9815567904151976, -0.8331878213211894, 0.5430722655728459, fr=0.501
n:-0.8158296211622655, 0.4205138483084738, -0.3264968586154282, 0.2725800317712128, 0.10847760457545519, 0.3820330030284822, d=*
n:-0.8257614406757057, 0.515389546751976, 0.3873933367431164, 0.867492732591927, -0.22673566034063697, 0.6701694908551872, d=|:p=0.168
n:-0.9522833260707557, -0.37639481481164694, 0.40078785037621856, 0.5391491134651005, -0.3377920021302998, -0.49088308587670326, d=""Gpart:ry=-1.369, rz=-0.445""
n:-0.6744816373102367, 0.9046434364281595, -0.7287887316197157, 0.6278389007784426, -0.9663004348985851, -0.7135927006602287, d=|:r=0.965
c:-0.7817348460666835, -0.3689415343105793, -0.6402330957353115, -0.6253632004372776, -0.8896888508461416, 0.5462142638862133, 1.715
",0.008385585447433579,"//H
3
j:-0.052, fr=0.388
j:0.495, -0.10641943011432886, 0.6952594360336661, 0.25153374299407005, -0.025788866449147463, -0.6759939175099134, fr=1.07, rotstif=0.881, l=0.949
j:-0.15727144805714488, 0.10220279125496745, 0.23411010392010212, 0.7658213935792446, 0.8174713728949428, 0.725016191136092, fr=0.335, rotstif=0.967
j:-0.036974066868424416, 0.9094724357128143, -0.5523723983205855, -0.7522721881978214, -0.4484048020094633, -0.9699531150981784, fr=0.091, l=1.006
j:0.6731291725300252, 0.6674448479898274, -0.7563068210147321, 0.9815567904151976, -0.8331878213211894, 0.5430722655728459, fr=0.501
n:-0.8158296211622655, 0.4205138483084738, -0.3264968586154282, 0.2725800317712128, 0.10847760457545519, 0.3820330030284822, d=*
n:-0.8257614406757057, 0.515389546751976, 0.3873933367431164, 0.867492732591927, -0.22673566034063697, 0.6701694908551872, d=|:p=0.168
n:-0.9522833260707557, -0.37639481481164694, 0.40078785037621856, 0.5391491134651005, -0.3377920021302998, -0.49088308587670326, d=""Gpart:ry=-1.369, rz=-0.445""
n:-0.6744816373102367, 0.9046434364281595, -0.7287887316197157, 0.6278389007784426, -0.9663004348985851, -0.7135927006602287, d=|:r=0.965
c:-0.7817348460666835, -0.3689415343105793, -0.6402330957353115, -0.6253632004372776, -0.8896888508461416, 0.5462142638862133, 1.715
",0.008385585447433579,feasible,21
23,H,1,"//H
3
j:-0.052, fr=0.388
j:0.4981920635327697, -0.10641943011432886, 0.6952594360336661, 0.25153374299407005, -0.025788866449147463, -0.6759939175099134, fr=1.07, rotstif=0.881, l=0.949
j:-0.15727144805714488, 0.10220279125496745, 0.23411010392010212, 0.7658213935792446, 0.8174713728949428, 0.725016191136092, fr=0.335, rotstif=0.967
j:-0.036974066868424416, 0.9094724357128143, -0.5523723983205855, -0.7522721881978214, -0.4484048020094633, -0.9699531150981784, fr=0.091, l=1.006
j:0.6731291725300252, 0.6674448479898274, -0.7563068210147321, 0.9815567904151976, -0.8331878213211894, 0.5430722655728459, fr=0.501
n:-0.8158296211622655, 0.4205138483084738, -0.3264968586154282, 0.2725800317712128, 0.10847760457545519, 0.3820330030284822, d=*
n:-0.8257614406757057, 0.515389546751976, 0.3873933367431164, 0.867492732591927, -0.22673566034063697, 0.6701694908551872, d=|:p=0.168
n:-0.9522833260707557, -0.37639481481164694, 0.40078785037621856, 0.5391491134651005, -0.3377920021302998, -0.49088308587670326, d=""Gpart:ry=-1.369, rz=-0.445""
n:-0.6744816373102367, 0.9046434364281595, -0.7287887316197157, 0.6278389007784426, -0.9663004348985851, -0.7135927006602287, d=|:r=0.965
c:-0.7817348460666835, -0.3689415343105793, -0.6402330957353115, -0.6253632004372776, -0.8896888508461416, 0.5462142638862133, 1.715
",0.008385585447433579,"//H
3
j:-0.052, fr=0.388
j:0.4981920635327697, -0.10641943011432886, 0.6952594360336661, 0.25153374299407005, -0.025788866449147463, -0.6759939175099134, fr=1.07, rotstif=0.881, l=0.949
j:-0.15727144805714488, 0.10220279125496745, 0.23411010392010212, 0.7658213935792446, 0.8174713728949428, 0.725016191136092, fr=0.335, rotstif=0.967
j:-0.036974066868424416, 0.9094724357128143, -0.5523723983205855, -0.7522721881978214, -0.4484048020094633, -0.9699531150981784, fr=0.091, l=1.006
j:0.6731291725300252, 0.6674448479898274, -0.7563068210147321, 0.9815567904151976, -0.8331878213211894, 0.5430722655728459, fr=0.501
n:-0.8158296211622655, 0.4205138483084738, -0.3264968586154282, 0.2725800317712128, 0.10847760457545519, 0.3820330030284822, d=*
n:-0.8257614406757057, 0.515389546751976, 0.3873933367431164, 0.867492732591927, -0.22673566034063697, 0.6701694908551872, d=|:p=0.168
n:-0.9522833260707557, -0.37639481481164694, 0.40078785037621856, 0.5391491134651005, -0.3377920021302998, -0.49088308587670326, d=""Gpart:ry=-1.369, rz=-0.445""
n:-0.6744816373102367, 0.9046434364281595, -0.7287887316197157, 0.6278389007784426, -0.9663004348985851, -0.7135927006602287, d=|:r=0.965
c:-0.7817348460666835, -0.576, -0.6402330957353115, -0.6253632004372776, -0.8896888508461416, 0.5462142638862133, 1.715
",0.008385585447433579,feasible,21
23,H,1,"//H
3
j:-0.052, fr=0.388
j:0.4981920635327697, -0.10641943011432886, 0.6952594360336661, 0.25153374299407005, -0.025788866449147463, -0.6759939175099134, fr=1.07, rotstif=0.881, l=0.949
j:-0.15727144805714488, 0.10220279125496745, 0.23411010392010212, 0.7658213935792446, 0.8174713728949428, 0.725016191136092, fr=0.335, rotstif=0.967
j:-0.036974066868424416, 0.9094724357128143, -0.5523723983205855, -0.7522721881978214, -0.4484048020094633, -0.9699531150981784, fr=0.091, l=1.006
j:0.6731291725300252, 0.6674448479898274, -0.7563068210147321, 0.9815567904151976, -0.8331878213211894, 0.5430722655728459, fr=0.501
n:-0.8158296211622655, 0.4205138483084738, -0.3264968586154282, 0.2725800317712128, 0.10847760457545519, 0.3820330030284822, d=*
n:-0.8257614406757057, 0.515389546751976, 0.3873933367431164, 0.867492732591927, -0.22673566034063697, 0.6701694908551872, d=|:p=0.168
n:-0.9522833260707557, -0.37639481481164694, 0.40078785037621856, 0.5391491134651005, -0.3377920021302998, -0.49088308587670326, d=""Gpart:ry=-1.369, rz=-0.445""
n:-0.6744816373102367, 0.9046434364281595, -0.7287887316197157, 0.6278389007784426, -0.9663004348985851, -0.7135927006602287, d=|:r=0.965
c:-0.7817348460666835, -0.3689415343105793, -0.6402330957353115, -0.6253632004372776, -0.8896888508461416, 0.5462142638862133, 1.715
",0.008385585447433579,"//H
3
j:-0.052, fr=0.388
j:0.4981920635327697, -0.10641943011432886, 0.6952594360336661, 0.25153374299407005, -0.025788866449147463, -0.6759939175099134, fr=1.07, rotstif=0.881, l=0.949
j:-0.15727144805714488, 0.10220279125496745, 0.23411010392010212, 0.7658213935792446, 0.8174713728949428, 0.725016191136092, fr=0.335, rotstif=0.967
j:-0.036974066868424416, 0.9094724357128143, -0.5523723983205855, -0.7522721881978214, -0.4484048020094633, -0.9699531150981784, fr=0.091, l=1.006
j:0.6731291725300252, 0.6674448479898274, -0.7563068210147321, 0.9815567904151976, -0.8331878213211894, 0.5430722655728459, fr=0.501
j:0.8547359323129058, 0.3286604997701943, -0.11817438201978803, -0.5979027883149683, 0.7717767371796072, 0.624742757063359, l=0.999
n:-0.8158296211622655, 0.4205138483084738, -0.3264968586154282, 0.2725800317712128, 0.10847760457545519, 0.3820330030284822, d=*
n:-0.8257614406757057, 0.515389546751976, 0.3873933367431164, 0.867492732591927, -0.22673566034063697, 0.6701694908551872, d=|:p=0.168
n:-0.9522833260707557, -0.37639481481164694, 0.40078785037621856, 0.5391491134651005, -0.3377920021302998, -0.49088308587670326, d=""Gpart:ry=-1.369, rz=-0.445""
n:-0.6744816373102367, 0.9046434364281595, -0.7287887316197157, 0.6278389007784426, -0.9663004348985851, -0.7135927006602287, d=|:r=0.965
c:-0.7817348460666835, -0.3689415343105793, -0.6402330957353115, -0.6253632004372776, -0.8896888508461416, 0.5462142638862133, 1.715
",7.02275616679289e-05,feasible,21
23,H,1,"//H
3
j:-0.052, fr=0.388
j:0.4981920635327697, -0.10641943011432886, 0.6952594360336661, 0.25153374299407005, -0.025788866449147463, -0.6759939175099134, fr=1.07, rotstif=0.881, l=0.949
j:-0.15727144805714488, 0.10220279125496745, 0.23411010392010212, 0.7658213935792446, 0.8174713728949428, 0.725016191136092, fr=0.335, rotstif=0.967
j:-0.036974066868424416, 0.9094724357128143, -0.5523723983205855, -0.7522721881978214, -0.4484048020094633, -0.9699531150981784, fr=0.091, l=1.006
j:0.6731291725300252, 0.6674448479898274, -0.7563068210147321, 0.9815567904151976, -0.8331878213211894, 0.5430722655728459, fr=0.501
n:-0.8158296211622655, 0.4205138483084738, -0.3264968586154282, 0.2725800317712128, 0.10847760457545519, 0.3820330030284822, d=*
n:-0.8257614406757057, 0.515389546751976, 0.3873933367431164, 0.867492732591927, -0.22673566034063697, 0.6701694908551872, d=|:p=0.168
n:-0.9522833260707557, -0.37639481481164694, 0.40078785037621856, 0.5391491134651005, -0.3377920021302998, -0.49088308587670326, d=""Gpart:ry=-1.369, rz=-0.445""
n:-0.6744816373102367, 0.9046434364281595, -0.7287887316197157, 0.6278389007784426, -0.9663004348985851, -0.7135927006602287, d=|:r=0.965
c:-0.7817348460666835, -0.3689415343105793, -0.6402330957353115, -0.6253632004372776, -0.8896888508461416, 0.5462142638862133, 1.715
",0.008385585447433579,"//H
3
j:-0.052, fr=0.388
j:0.4981920635327697, -0.10641943011432886, 0.6952594360336661, 0.25153374299407005, -0.025788866449147463, -0.6759939175099134, fr=1.07, rotstif=0.881, l=0.949
j:-0.15727144805714488, 0.10220279125496745, 0.23411010392010212, 0.7658213935792446, 0.8174713728949428, 0.725016191136092, fr=0.335, rotstif=0.967
j:-0.036974066868424416, 0.9094724357128143, -0.5523723983205855, -0.7522721881978214, -0.4484048020094633, -0.9699531150981784, fr=0.091, l=1.006
j:0.6731291725300252, 0.6674448479898274, -0.7563068210147321, 0.9815567904151976, -0.8331878213211894, 0.5430722655728459, fr=0.501
n:-0.8158296211622655, 0.4205138483084738, -0.3264968586154282, 0.2725800317712128, 0.10847760457545519, 0.3820330030284822, d=*
n:-0.8257614406757057, 0.515389546751976, 0.3873933367431164, 0.867492732591927, -0.22673566034063697, 0.6701694908551872, d=|:p=0.168
n:-0.9522833260707557, -0.37639481481164694, 0.40078785037621856, 0.5391491134651005, -0.3377920021302998, -0.49088308587670326, d=""Gpart:ry=-1.369, rz=-0.445""
n:-0.6744816373102367, 0.9046434364281595, -0.7287887316197157, 0.6278389007784426, -0.9663004348985851, -0.7135927006602287, d=|:r=0.965
c:-0.7817348460666835, -0.3689415343105793, -0.6402330957353115, -0.6253632004372776, -0.8896888508461416, 0.5462142638862133, 1.715
c:0.3621794804930687, -0.918737530708313, -0.2745495093986392, 0.7611399441957474, 0.840820996556431, 0.7037569880485535, 0.464
",0.00045952694977739137,feasible,21
23,H,1,"//H
3
j:-0.052, fr=0.388
j:0.4981920635327697, -0.10641943011432886, 0.6952594360336661, 0.25153374299407005, -0.025788866449147463, -0.6759939175099134, fr=1.07, rotstif=0.881, l=0.949
j:-0.15727144805714488, 0.10220279125496745, 0.23411010392010212, 0.7658213935792446, 0.8174713728949428, 0.725016191136092, fr=0.335, rotstif=0.967
j:-0.036974066868424416, 0.9094724357128143, -0.5523723983205855, -0.7522721881978214, -0.4484048020094633, -0.9699531150981784, fr=0.091, l=1.006
j:0.6731291725300252, 0.6674448479898274, -0.7563068210147321, 0.9815567904151976, -0.8331878213211894, 0.5430722655728459, fr=0.501
n:-0.8158296211622655, 0.4205138483084738, -0.3264968586154282, 0.2725800317712128, 0.10847760457545519, 0.3820330030284822, d=*
n:-0.8257614406757057, 0.515389546751976, 0.3873933367431164, 0.867492732591927, -0.22673566034063697, 0.6701694908551872, d=|:p=0.168
n:-0.9522833260707557, -0.37639481481164694, 0.40078785037621856, 0.5391491134651005, -0.3377920021302998, -0.49088308587670326, d=""Gpart:ry=-1.369, rz=-0.445""
n:-0.6744816373102367, 0.9046434364281595, -0.7287887316197157, 0.6278389007784426, -0.9663004348985851, -0.7135927006602287, d=|:r=0.965
c:-0.7817348460666835, -0.3689415343105793, -0.6402330957353115, -0.6253632004372776, -0.8896888508461416, 0.5462142638862133, 1.715
",0.008385585447433579,"//H
3
j:-0.052, fr=0.388
j:0.4981920635327697, -0.10641943011432886, 0.6952594360336661, 0.25153374299407005, -0.025788866449147463, -0.6759939175099134, fr=1.07, rotstif=0.881, l=0.949
j:-0.15727144805714488, 0.10220279125496745, 0.23411010392010212, 0.7658213935792446, 0.8174713728949428, 0.725016191136092, fr=0.335, rotstif=0.967
j:-0.036974066868424416, 0.9094724357128143, -0.5523723983205855, -0.7522721881978214, -0.4484048020094633, -0.9699531150981784, fr=0.091, l=1.006
j:0.6731291725300252, 0.6674448479898274, -0.7563068210147321, 0.9815567904151976, -0.8331878213211894, 0.5430722655728459, fr=0.501
n:-0.8158296211622655, 0.4205138483084738, -0.3264968586154282, 0.2725800317712128, 0.10847760457545519, 0.3820330030284822, d=*
n:-0.8257614406757057, 0.515389546751976, 0.3873933367431164, 0.867492732591927, -0.22673566034063697, 0.6701694908551872, d=|:p=0.168
n:-0.9522833260707557, -0.37639481481164694, 0.40078785037621856, 0.5391491134651005, -0.3377920021302998, -0.49088308587670326, d=""Gpart:ry=-1.369, rz=-0.445""
n:-0.6744816373102367, 0.9046434364281595, -0.7287887316197157, 0.6278389007784426, -0.9663004348985851, -0.7135927006602287, d=""|:p=0.252, r=0.965""
c:-0.7817348460666835, -0.3689415343105793, -0.6402330957353115, -0.6253632004372776, -0.8896888508461416, 0.5462142638862133, 1.715
",0.00019700947286803257,feasible,21
23,H,1,"//H
3
j:-0.052, fr=0.388
j:0.4981920635327697, -0.10641943011432886, 0.6952594360336661, 0.25153374299407005, -0.025788866449147463, -0.6759939175099134, fr=1.07, rotstif=0.881, l=0.949
j:-0.15727144805714488, 0.10220279125496745, 0.23411010392010212, 0.7658213935792446, 0.8174713728949428, 0.725016191136092, fr=0.335, rotstif=0.967
j:-0.036974066868424416, 0.9094724357128143, -0.5523723983205855, -0.7522721881978214, -0.4484048020094633, -0.9699531150981784, fr=0.091, l=1.006
j:0.6731291725300252, 0.6674448479898274, -0.7563068210147321, 0.9815567904151976, -0.8331878213211894, 0.5430722655728459, fr=0.501
n:-0.8158296211622655, 0.4205138483084738, -0.3264968586154282, 0.2725800317712128, 0.10847760457545519, 0.3820330030284822, d=*
n:-0.8257614406757057, 0.515389546751976, 0.3873933367431164, 0.867492732591927, -0.22673566034063697, 0.6701694908551872, d=|:p=0.168
n:-0.9522833260707557, -0.37639481481164694, 0.40078785037621856, 0.5391491134651005, -0.3377920021302998, -0.49088308587670326, d=""Gpart:ry=-1.369, rz=-0.445""
n:-0.6744816373102367, 0.9046434364281595, -0.7287887316197157, 0.6278389007784426, -0.9663004348985851, -0.7135927006602287, d=|:r=0.965
c:-0.7817348460666835, -0.3689415343105793, -0.6402330957353115, -0.6253632004372776, -0.8896888508461416, 0.5462142638862133, 1.715
",0.008385585447433579,"//H
3
j:-0.052, fr=0.388
j:0.4981920635327697, -0.10641943011432886, 0.6952594360336661, 0.25153374299407005, -0.025788866449147463, -0.6759939175099134, fr=1.07, rotstif=0.881, l=0.949
j:-0.15727144805714488, 0.10220279125496745, 0.23411010392010212, 0.7658213935792446, 0.8174713728949428, 0.725016191136092, fr=0.335, rotstif=0.967
j:-0.036974066868424416, 0.9094724357128143, -0.5523723983205855, -0.7522721881978214, -0.4484048020094633, -0.9699531150981784, fr=0.091, l=1.006
j:0.6731291725300252, 0.6674448479898274, -0.7563068210147321, 0.9815567904151976, -0.8331878213211894, 0.5430722655728459, fr=0.501
j:0.6370345037430525, 0.23025144916027784, -0.484659681096673, -0.5346621256321669, 0.046868653036653996, 0.2864309963770211, rotstif=0.979
n:-0.8158296211622655, 0.4205138483084738, -0.3264968586154282, 0.2725800317712128, 0.10847760457545519, 0.3820330030284822, d=*
n:-0.8257614406757057, 0.515389546751976, 0.3873933367431164, 0.867492732591927, -0.22673566034063697, 0.6701694908551872, d=|:p=0.168
n:-0.9522833260707557, -0.37639481481164694, 0.40078785037621856, 0.5391491134651005, -0.3377920021302998, -0.49088308587670326, d=""Gpart:ry=-1.369, rz=-0.445""
n:-0.6744816373102367, 0.9046434364281595, -0.7287887316197157, 0.6278389007784426, -0.9663004348985851, -0.7135927006602287, d=|:r=0.965
c:-0.7817348460666835, -0.3689415343105793, -0.6402330957353115, -0.6253632004372776, -0.8896888508461416, 0.5462142638862133, 1.715
",0.00015824962889420858,feasible,21
23,H,1,"//H
3
j:-0.052, fr=0.388
j:0.4981920635327697, -0.10641943011432886, 0.6952594360336661, 0.25153374299407005, -0.025788866449147463, -0.6759939175099134, fr=1.07, rotstif=0.881, l=0.949
j:-0.15727144805714488, 0.10220279125496745, 0.23411010392010212, 0.7658213935792446, 0.8174713728949428, 0.725016191136092, fr=0.335, rotstif=0.967
j:-0.036974066868424416, 0.9094724357128143, -0.5523723983205855, -0.7522721881978214, -0.4484048020094633, -0.9699531150981784, fr=0.091, l=1.006
j:0.6731291725300252, 0.6674448479898274, -0.7563068210147321, 0.9815567904151976, -0.8331878213211894, 0.5430722655728459, fr=0.501
n:-0.8158296211622655, 0.4205138483084738, -0.3264968586154282, 0.2725800317712128, 0.10847760457545519, 0.3820330030284822, d=*
n:-0.8257614406757057, 0.515389546751976, 0.3873933367431164, 0.867492732591927, -0.22673566034063697, 0.6701694908551872, d=|:p=0.168
n:-0.9522833260707557, -0.37639481481164694, 0.40078785037621856, 0.5391491134651005, -0.3377920021302998, -0.49088308587670326, d=""Gpart:ry=-1.369, rz=-0.445""
n:-0.6744816373102367, 0.9046434364281595, -0.7287887316197157, 0.6278389007784426, -0.9663004348985851, -0.7135927006602287, d=|:r=0.965
c:-0.7817348460666835, -0.3689415343105793, -0.6402330957353115, -0.6253632004372776, -0.8896888508461416, 0.5462142638862133, 1.715
",0.008385585447433579,"//H
3
j:-0.052, fr=0.388
j:0.4981920635327697, -0.10641943011432886, 0.6952594360336661, 0.25153374299407005, -0.025788866449147463, -0.6759939175099134, fr=1.07, rotstif=0.881, l=0.949
j:-0.15727144805714488, 0.10220279125496745, 0.23411010392010212, 0.7658213935792446, 0.8174713728949428, 0.725016191136092, fr=0.335, rotstif=0.967
j:-0.036974066868424416, 0.9094724357128143, -0.5523723983205855, -0.7522721881978214, -0.4484048020094633, -0.9699531150981784, fr=0.091, l=1.006
j:0.6731291725300252, 0.6674448479898274, -0.7563068210147321, 0.9815567904151976, -0.8331878213211894, 0.5430722655728459, fr=0.501
n:-0.8158296211622655, 0.4205138483084738, -0.3264968586154282, 0.2725800317712128, 0.10847760457545519, 0.3820330030284822, d=*
n:-0.8257614406757057, 0.515389546751976, 0.3873933367431164, 0.867492732591927, -0.22673566034063697, 0.6701694908551872, d=|:p=0.168
n:-0.9522833260707557, -0.37639481481164694, 0.40078785037621856, 0.5391491134651005, -0.3377920021302998, -0.49088308587670326, d=""Gpart:ry=-1.369, rz=-0.445""
n:-0.6744816373102367, 0.9046434364281595, -0.7287887316197157, 0.6278389007784426, -0.9663004348985851, -0.7135927006602287, d=|:r=0.965
c:-0.7817348460666835, -0.3689415343105793, -0.6402330957353115, -0.6253632004372776, -0.8896888508461416, 0.5462142638862133, 1.715
c:0.22841254388913512, -0.12063154159113765, -0.8019550680182874, -0.7957749618217349, -0.24267454678192735, -0.6565135191194713, -1.562
",0.003284590373490512,feasible,21
23,H,2,"//H
3
j:-0.63, fr=0.388
j:0.4981920635327697, -0.10641943011432886, 0.6952594360336661, 0.25153374299407005, -0.025788866449147463, -0.6759939175099134, fr=0.598, rotstif=0.881, l=0.949
j:-0.15727144805714488, 0.10220279125496745, 0.23411010392010212, 0.7658213935792446, 0.8174713728949428, 0.725016191136092, fr=0.335, rotstif=0.967
j:-0.036974066868424416, 0.9094724357128143, -0.5523723983205855, -0.7522721881978214, -0.4484048020094633, -0.9699531150981784, fr=0.091, l=1.006
j:0.6731291725300252, 0.6674448479898274, -0.7563068210147321, 0.9815567904151976, -0.8331878213211894, 0.5430722655728459, fr=0.501
n:-0.8158296211622655, 0.4205138483084738, -0.3264968586154282, 0.2725800317712128, 0.10847760457545519, 0.3820330030284822, d=*
n:-0.8257614406757057, 0.515389546751976, 0.3873933367431164, 0.867492732591927, -0.22673566034063697, 0.6701694908551872, d=|:p=0.168
n:-0.9522833260707557, -0.37639481481164694, 0.40078785037621856, 0.5391491134651005, -0.3377920021302998, -0.49088308587670326, d=""Gpart:ry=-1.369, rz=-0.445""
n:-0.9210183778777719, 0.5961959259584546, 0.5472357999533415, 0.3776000807993114, -0.04635980166494846, -0.9626944251358509, d=""|:p=0.243, r=0.822""
n:-0.963021487928927, 0.5389856775291264, -0.341, -0.7920738882385194, -0.6536343013867736, 0.07538946066051722, d=""Gpart:ry=-1.561, rz=-0.891""
c:-0.7817348460666835, -0.3689415343105793, -0.6402330957353115, -0.6253632004372776, -0.8896888508461416, 0.5462142638862133, 1.877
",0.010177875515177237,"//H
3
j:-0.63, fr=0.388
j:0.4981920635327697, -0.10641943011432886, 0.6952594360336661, 0.25153374299407005, -0.025788866449147463, -0.6759939175099134, fr=0.598, rotstif=0.881, l=0.949
j:-0.15727144805714488, 0.10220279125496745, 0.23411010392010212, 0.7658213935792446, 0.8174713728949428, 0.725016191136092, fr=0.335, rotstif=0.967
j:-0.036974066868424416, 0.9094724357128143, -0.5523723983205855, -0.7522721881978214, -0.4484048020094633, -0.9699531150981784, fr=0.091, l=1.006
n:-0.8158296211622655, 0.4205138483084738, -0.3264968586154282, 0.2725800317712128, 0.10847760457545519, 0.3820330030284822, d=*
n:-0.8257614406757057, 0.515389546751976, 0.3873933367431164, 0.867492732591927, -0.22673566034063697, 0.6701694908551872, d=|:p=0.168
n:-0.9522833260707557, -0.37639481481164694, 0.40078785037621856, 0.5391491134651005, -0.3377920021302998, -0.49088308587670326, d=""Gpart:ry=-1.369, rz=-0.445""
n:-0.9210183778777719, 0.5961959259584546, 0.5472357999533415, 0.3776000807993114, -0.04635980166494846, -0.9626944251358509, d=""|:p=0.243, r=0.822""
n:-0.963021487928927, 0.5389856775291264, -0.341, -0.7920738882385194, -0.6536343013867736, 0.07538946066051722, d=""Gpart:ry=-1.561, rz=-0.891""
c:-0.7817348460666835, -0.3689415343105793, -0.6402330957353115, -0.6253632004372776, -0.8896888508461416, 0.5462142638862133, 1.877
",0.0004547289571415027,feasible,20
23,H,2,"//H
3
j:-0.63, fr=0.388
j:0.4981920635327697, -0.10641943011432886, 0.6952594360336661, 0.25153374299407005, -0.025788866449147463, -0.6759939175099134, fr=0.598, rotstif=0.881, l=0.949
j:-0.15727144805714488, 0.10220279125496745, 0.23411010392010212, 0.7658213935792446, 0.8174713728949428, 0.725016191136092, fr=0.335, rotstif=0.967
j:-0.036974066868424416, 0.9094724357128143, -0.5523723983205855, -0.7522721881978214, -0.4484048020094633, -0.9699531150981784, fr=0.091, l=1.006
j:0.6731291725300252, 0.6674448479898274, -0.7563068210147321, 0.9815567904151976, -0.8331878213211894, 0.5430722655728459, fr=0.501
n:-0.8158296211622655, 0.4205138483084738, -0.3264968586154282, 0.2725800317712128, 0.10847760457545519, 0.3820330030284822, d=*
n:-0.8257614406757057, 0.515389546751976, 0.3873933367431164, 0.867492732591927, -0.22673566034063697, 0.6701694908551872, d=|:p=0.168
n:-0.9522833260707557, -0.37639481481164694, 0.40078785037621856, 0.5391491134651005, -0.3377920021302998, -0.49088308587670326, d=""Gpart:ry=-1.369, rz=-0.445""
n:-0.9210183778777719, 0.5961959259584546, 0.5472357999533415, 0.3776000807993114, -0.04635980166494846, -0.9626944251358509, d=""|:p=0.243, r=0.822""
n:-0.963021487928927, 0.5389856775291264, -0.341, -0.7920738882385194, -0.6536343013867736, 0.07538946066051722, d=""Gpart:ry=-1.561, rz=-0.891""
c:-0.7817348460666835, -0.3689415343105793, -0.6402330957353115, -0.6253632004372776, -0.8896888508461416, 0.5462142638862133, 1.877
",0.010177875515177237,"//H
3
j:-0.63, fr=0.388
j:0.4981920635327697, -0.10641943011432886, 0.6952594360336661, 0.25153374299407005, -0.025788866449147463, -0.6759939175099134, fr=0.598, rotstif=0.881, l=0.949
j:-0.15727144805714488, 0.10220279125496745, 0.23411010392010212, 0.7658213935792446, 0.8174713728949428, 0.725016191136092, fr=0.335, rotstif=0.967
j:-0.036974066868424416, 0.9094724357128143, -0.5523723983205855, -0.7522721881978214, -0.4484048020094633, -0.9699531150981784, fr=0.891, l=1.006
j:0.6731291725300252, 0.6674448479898274, -0.7563068210147321, 0.9815567904151976, -0.8331878213211894, 0.5430722655728459, fr=0.501
n:-0.8158296211622655, 0.4205138483084738, -0.3264968586154282, 0.2725800317712128, 0.10847760457545519, 0.3820330030284822, d=*
n:-0.8257614406757057, 0.515389546751976, 0.3873933367431164, 0.867492732591927, -0.22673566034063697, 0.6701694908551872, d=|:p=0.168
n:-0.9522833260707557, -0.37639481481164694, 0.40078785037621856, 0.5391491134651005, -0.3377920021302998, -0.49088308587670326, d=""Gpart:ry=-1.369, rz=-0.445""
n:-0.9210183778777719, 0.5961959259584546, 0.5472357999533415, 0.3776000807993114, -0.04635980166494846, -0.9626944251358509, d=""|:p=0.243, r=0.822""
n:-0.963021487928927, 0.5389856775291264, -0.341, -0.7920738882385194, -0.6536343013867736, 0.07538946066051722, d=""Gpart:ry=-1.561, rz=-0.891""
c:-0.7817348460666835, -0.3689415343105793, -0.6402330957353115, -0.6253632004372776, -0.8896888508461416, 0.5462142638862133, 1.877
",0.009847043971727996,feasible,20
23,H,2,"//H
3
j:-0.63, fr=0.388
j:0.4981920635327697, -0.10641943011432886, 0.6952594360336661, 0.25153374299407005, -0.025788866449147463, -0.6759939175099134, fr=0.598, rotstif=0.881, l=0.949
j:-0.15727144805714488, 0.10220279125496745, 0.23411010392010212, 0.7658213935792446, 0.8174713728949428, 0.725016191136092, fr=0.335, rotstif=0.967
j:-0.036974066868424416, 0.9094724357128143, -0.5523723983205855, -0.7522721881978214, -0.4484048020094633, -0.9699531150981784, fr=0.091, l=1.006
j:0.6731291725300252, 0.6674448479898274, -0.7563068210147321, 0.9815567904151976, -0.8331878213211894, 0.5430722655728459, fr=0.501
n:-0.8158296211622655, 0.4205138483084738, -0.3264968586154282, 0.2725800317712128, 0.10847760457545519, 0.3820330030284822, d=*
n:-0.8257614406757057, 0.515389546751976, 0.3873933367431164, 0.867492732591927, -0.22673566034063697, 0.6701694908551872, d=|:p=0.168
n:-0.9522833260707557, -0.37639481481164694, 0.40078785037621856, 0.5391491134651005, -0.3377920021302998, -0.49088308587670326, d=""Gpart:ry=-1.369, rz=-0.445""
n:-0.9210183778777719, 0.5961959259584546, 0.5472357999533415, 0.3776000807993114, -0.04635980166494846, -0.9626944251358509, d=""|:p=0.243, r=0.822""
n:-0.963021487928927, 0.5389856775291264, -0.341, -0.7920738882385194, -0.6536343013867736, 0.07538946066051722, d=""Gpart:ry=-1.561, rz=-0.891""
c:-0.7817348460666835, -0.3689415343105793, -0.6402330957353115, -0.6253632004372776, -0.8896888508461416, 0.5462142638862133, 1.877
",0.010177875515177237,"//H
3
j:-0.63, fr=0.388
j:0.4981920635327697, -0.10641943011432886, 0.6952594360336661, 0.25153374299407005, -0.025788866449147463, -0.6759939175099134, fr=0.598, rotstif=0.881, l=0.949
j:-0.15727144805714488, 0.10220279125496745, 0.23411010392010212, 0.7658213935792446, 0.8174713728949428, 0.725016191136092, fr=0.335, rotstif=0.967
j:-0.036974066868424416, 0.9094724357128143, -0.5523723983205855, -0.7522721881978214, -0.4484048020094633, -0.9699531150981784, fr=0.091, l=1.006
j:0.6731291725300252, 0.6674448479898274, -0.7563068210147321, 0.9815567904151976, -0.8331878213211894, 0.5430722655728459, fr=0.501
n:-0.8158296211622655, 0.4205138483084738, -0.3264968586154282, 0.2725800317712128, 0.10847760457545519, 0.3820330030284822, d=*
n:-0.8257614406757057, 0.515389546751976, 0.3873933367431164, 0.867492732591927, -0.22673566034063697, 0.6701694908551872, d=|:p=0.168
n:-0.9522833260707557, -0.37639481481164694, 0.40078785037621856, 0.5391491134651005, -0.3377920021302998, -0.49088308587670326, d=""Gpart:ry=-1.369, rz=-0.445""
n:-0.9210183778777719, 0.5961959259584546, 0.5472357999533415, 0.3776000807993114, -0.04635980166494846, -0.9626944251358509, d=""|:p=0.243, r=0.822""
n:-0.963021487928927, 0.5389856775291264, -0.341, -0.7920738882385194, -0.6536343013867736, 0.07538946066051722, d=""Gpart:ry=-0.484, rz=-0.891""
c:-0.7817348460666835, -0.3689415343105793, -0.6402330957353115, -0.6253632004372776, -0.8896888508461416, 0.5462142638862133, 1.877
",0.0013143231983926019,feasible,20
23,H,2,"//H
3
j:-0.63, fr=0.388
j:0.4981920635327697, -0.10641943011432886, 0.6952594360336661, 0.25153374299407005, -0.025788866449147463, -0.6759939175099134, fr=0.598, rotstif=0.881, l=0.949
j:-0.15727144805714488, 0.10220279125496745, 0.23411010392010212, 0.7658213935792446, 0.8174713728949428, 0.725016191136092, fr=0.335, rotstif=0.967
j:-0.036974066868424416, 0.9094724357128143, -0.5523723983205855, -0.7522721881978214, -0.4484048020094633, -0.9699531150981784, fr=0.091, l=1.006
j:0.6731291725300252, 0.6674448479898274, -0.7563068210147321, 0.9815567904151976, -0.8331878213211894, 0.5430722655728459, fr=0.501
n:-0.8158296211622655, 0.4205138483084738, -0.3264968586154282, 0.2725800317712128, 0.10847760457545519, 0.3820330030284822, d=*
n:-0.8257614406757057, 0.515389546751976, 0.3873933367431164, 0.867492732591927, -0.22673566034063697, 0.6701694908551872, d=|:p=0.168
n:-0.9522833260707557, -0.37639481481164694, 0.40078785037621856, 0.5391491134651005, -0.3377920021302998, -0.49088308587670326, d=""Gpart:ry=-1.369, rz=-0.445""
n:-0.9210183778777719, 0.5961959259584546, 0.5472357999533415, 0.3776000807993114, -0.04635980166494846, -0.9626944251358509, d=""|:p=0.243, r=0.822""
n:-0.963021487928927, 0.5389856775291264, -0.341, -0.7920738882385194, -0.6536343013867736, 0.07538946066051722, d=""Gpart:ry=-1.561, rz=-0.891""
c:-0.7817348460666835, -0.3689415343105793, -0.6402330957353115, -0.6253632004372776, -0.8896888508461416, 0.5462142638862133, 1.877
",0.010177875515177237,"//H
3
j:-0.63, fr=0.388
j:0.4981920635327697, -0.10641943011432886, 0.6952594360336661, 0.25153374299407005, -0.025788866449147463, -0.6759939175099134, fr=0.598, rotstif=0.881, l=0.949
j:-0.15727144805714488, 0.10220279125496745, 0.23411010392010212, 0.7658213935792446, 0.8174713728949428, 0.725016191136092, fr=0.335, rotstif=0.967
j:-0.036974066868424416, 0.9094724357128143, -0.5523723983205855, -0.7522721881978214, -0.4484048020094633, -0.9699531150981784, fr=0.091, l=1.006
j:0.6731291725300252, 0.6674448479898274, -0.7563068210147321, 0.9815567904151976, -0.8331878213211894, 0.5430722655728459, fr=0.501
n:-0.8158296211622655, 0.4205138483084738, -0.3264968586154282, 0.2725800317712128, 0.10847760457545519, 0.3820330030284822, d=*
n:-0.8257614406757057, 0.515389546751976, 0.3873933367431164, 0.867492732591927, -0.22673566034063697, 0.6701694908551872, d=|:p=0.168
n:-0.9522833260707557, -0.37639481481164694, 0.40078785037621856, 0.5391491134651005, -0.3377920021302998, -0.49088308587670326, d=""Gpart:ry=-1.369, rz=-0.445""
n:-0.9210183778777719, 0.5961959259584546, 0.5472357999533415, 0.3776000807993114, -0.04635980166494846, -0.9626944251358509, d=""|:p=0.243, r=0.822""
n:-0.941, 0.5389856775291264, -0.341, -0.7920738882385194, -0.6536343013867736, 0.07538946066051722, d=""Gpart:ry=-1.561, rz=-0.891""
c:-0.7817348460666835, -0.3689415343105793, -0.6402330957353115, -0.6253632004372776, -0.8896888508461416, 0.5462142638862133, 1.877
",0.010177875515177237,feasible,20
23,H,2,"//H
3
j:-0.63, fr=0.388
j:0.4981920635327697, -0.10641943011432886, 0.6952594360336661, 0.25153374299407005, -0.025788866449147463, -0.6759939175099134, fr=0.598, rotstif=0.881, l=0.949
j:-0.15727144805714488, 0.10220279125496745, 0.23411010392010212, 0.7658213935792446, 0.8174713728949428, 0.725016191136092, fr=0.335, rotstif=0.967
j:-0.036974066868424416, 0.9094724357128143, -0.5523723983205855, -0.7522721881978214, -0.4484048020094633, -0.9699531150981784, fr=0.091, l=1.006
j:0.6731291725300252, 0.6674448479898274, -0.7563068210147321, 0.9815567904151976, -0.8331878213211894, 0.5430722655728459, fr=0.501
n:-0.8158296211622655, 0.4205138483084738, -0.3264968586154282, 0.2725800317712128, 0.10847760457545519, 0.3820330030284822, d=*
n:-0.8257614406757057, 0.515389546751976, 0.3873933367431164, 0.867492732591927, -0.22673566034063697, 0.6701694908551872, d=|:p=0.168
n:-0.9522833260707557, -0.37639481481164694, 0.40078785037621856, 0.5391491134651005, -0.3377920021302998, -0.49088308587670326, d=""Gpart:ry=-1.369, rz=-0.445""
n:-0.9210183778777719, 0.5961959259584546, 0.5472357999533415, 0.3776000807993114, -0.04635980166494846, -0.9626944251358509, d=""|:p=0.243, r=0.822""
n:-0.963021487928927, 0.5389856775291264, -0.341, -0.7920738882385194, -0.6536343013867736, 0.07538946066051722, d=""Gpart:ry=-1.561, rz=-0.891""
c:-0.7817348460666835, -0.3689415343105793, -0.6402330957353115, -0.6253632004372776, -0.8896888508461416, 0.5462142638862133, 1.877
",0.010177875515177237,"//H
3
j:-0.63, fr=0.388, l=0.87
j:0.4981920635327697, -0.10641943011432886, 0.6952594360336661, 0.25153374299407005, -0.025788866449147463, -0.6759939175099134, fr=0.598, rotstif=0.881, l=0.949
j:-0.15727144805714488, 0.10220279125496745, 0.23411010392010212, 0.7658213935792446, 0.8174713728949428, 0.725016191136092, fr=0.335, rotstif=0.967
j:-0.036974066868424416, 0.9094724357128143, -0.5523723983205855, -0.7522721881978214, -0.4484048020094633, -0.9699531150981784, fr=0.091, l=1.006
j:0.6731291725300252, 0.6674448479898274, -0.7563068210147321, 0.9815567904151976, -0.8331878213211894, 0.5430722655728459, fr=0.501
n:-0.8158296211622655, 0.4205138483084738, -0.3264968586154282, 0.2725800317712128, 0.10847760457545519, 0.3820330030284822, d=*
n:-0.8257614406757057, 0.515389546751976, 0.3873933367431164, 0.867492732591927, -0.22673566034063697, 0.6701694908551872, d=|:p=0.168
n:-0.9522833260707557, -0.37639481481164694, 0.40078785037621856, 0.5391491134651005, -0.3377920021302998, -0.49088308587670326, d=""Gpart:ry=-1.369, rz=-0.445""
n:-0.9210183778777719, 0.5961959259584546, 0.5472357999533415, 0.3776000807993114, -0.04635980166494846, -0.9626944251358509, d=""|:p=0.243, r=0.822""
n:-0.963021487928927, 0.5389856775291264, -0.341, -0.7920738882385194, -0.6536343013867736, 0.07538946066051722, d=""Gpart:ry=-1.561, rz=-0.891""
c:-0.7817348460666835, -0.3689415343105793, -0.6402330957353115, -0.6253632004372776, -0.8896888508461416, 0.5462142638862133, 1.877
",0.003320475276152836,feasible,20
23,H,2,"//H
3
j:-0.63, fr=0.388
j:0.4981920635327697, -0.10641943011432886, 0.6952594360336661, 0.25153374299407005, -0.025788866449147463, -0.6759939175099134, fr=0.598, rotstif=0.881, l=0.949
j:-0.15727144805714488, 0.10220279125496745, 0.23411010392010212, 0.7658213935792446, 0.8174713728949428, 0.725016191136092, fr=0.335, rotstif=0.967
j:-0.036974066868424416, 0.9094724357128143, -0.5523723983205855, -0.7522721881978214, -0.4484048020094633, -0.9699531150981784, fr=0.091, l=1.006
j:0.6731291725300252, 0.6674448479898274, -0.7563068210147321, 0.9815567904151976, -0.8331878213211894, 0.5430722655728459, fr=0.501
n:-0.8158296211622655, 0.4205138483084738, -0.3264968586154282, 0.2725800317712128, 0.10847760457545519, 0.3820330030284822, d=*
n:-0.8257614406757057, 0.515389546751976, 0.3873933367431164, 0.867492732591927, -0.22673566034063697, 0.6701694908551872, d=|:p=0.168
n:-0.9522833260707557, -0.37639481481164694, 0.40078785037621856, 0.5391491134651005, -0.3377920021302998, -0.49088308587670326, d=""Gpart:ry=-1.369, rz=-0.445""
n:-0.9210183778777719, 0.5961959259584546, 0.5472357999533415, 0.3776000807993114, -0.04635980166494846, -0.9626944251358509, d=""|:p=0.243, r=0.822""
n:-0.963021487928927, 0.5389856775291264, -0.341, -0.7920738882385194, -0.6536343013867736, 0.07538946066051722, d=""Gpart:ry=-1.561, rz=-0.891""
c:-0.7817348460666835, -0.3689415343105793, -0.6402330957353115, -0.6253632004372776, -0.8896888508461416, 0.5462142638862133, 1.877
",0.010177875515177237,"//H
3
j:-0.63, fr=0.388
j:0.4981920635327697, -0.10641943011432886, 0.6952594360336661, 0.25153374299407005, -0.025788866449147463, -0.6759939175099134, fr=0.598, rotstif=0.881, l=0.949
j:-0.15727144805714488, 0.10220279125496745, 0.23411010392010212, 0.7658213935792446, 0.8174713728949428, 0.725016191136092, fr=0.335, rotstif=0.967
j:-0.036974066868424416, 0.9094724357128143, -0.5523723983205855, -0.7522721881978214, -0.4484048020094633, -0.9699531150981784, fr=0.091, l=1.006
j:0.6731291725300252, 0.6674448479898274, -0.7563068210147321, 0.9815567904151976, -0.8331878213211894, 0.5430722655728459, fr=0.501
j:0.9459581505507231, 0.460405008867383, -0.7826696843840182, 0.8156977901235223, 0.8266928531229496, -0.4959571650251746, l=1.181
n:-0.8158296211622655, 0.4205138483084738, -0.3264968586154282, 0.2725800317712128, 0.10847760457545519, 0.3820330030284822, d=*
n:-0.8257614406757057, 0.515389546751976, 0.3873933367431164, 0.867492732591927, -0.22673566034063697, 0.6701694908551872, d=|:p=0.168
n:-0.9522833260707557, -0.37639481481164694, 0.40078785037621856, 0.5391491134651005, -0.3377920021302998, -0.49088308587670326, d=""Gpart:ry=-1.369, rz=-0.445""
n:-0.9210183778777719, 0.5961959259584546, 0.5472357999533415, 0.3776000807993114, -0.04635980166494846, -0.9626944251358509, d=""|:p=0.243, r=0.822""
n:-0.963021487928927, 0.5389856775291264, -0.341, -0.7920738882385194, -0.6536343013867736, 0.07538946066051722, d=""Gpart:ry=-1.561, rz=-0.891""
c:-0.7817348460666835, -0.3689415343105793, -0.6402330957353115, -0.6253632004372776, -0.8896888508461416, 0.5462142638862133, 1.877
",0.0018700695880165443,feasible,20
23,H,2,"//H
3
j:-0.63, fr=0.388
j:0.4981920635327697, -0.10641943011432886, 0.6952594360336661, 0.25153374299407005, -0.025788866449147463, -0.6759939175099134, fr=0.598, rotstif=0.881, l=0.949
j:-0.15727144805714488, 0.10220279125496745, 0.23411010392010212, 0.7658213935792446, 0.8174713728949428, 0.725016191136092, fr=0.335, rotstif=0.967
j:-0.036974066868424416, 0.9094724357128143, -0.5523723983205855, -0.7522721881978214, -0.4484048020094633, -0.9699531150981784, fr=0.091, l=1.006
j:0.6731291725300252, 0.6674448479898274, -0.7563068210147321, 0.9815567904151976, -0.8331878213211894, 0.5430722655728459, fr=0.501
n:-0.8158296211622655, 0.4205138483084738, -0.3264968586154282, 0.2725800317712128, 0.10847760457545519, 0.3820330030284822, d=*
n:-0.8257614406757057, 0.515389546751976, 0.3873933367431164, 0.867492732591927, -0.22673566034063697, 0.6701694908551872, d=|:p=0.168
n:-0.9522833260707557, -0.37639481481164694, 0.40078785037621856, 0.5391491134651005, -0.3377920021302998, -0.49088308587670326, d=""Gpart:ry=-1.369, rz=-0.445""
n:-0.9210183778777719, 0.5961959259584546, 0.5472357999533415, 0.3776000807993114, -0.04635980166494846, -0.9626944251358509, d=""|:p=0.243, r=0.822""
n:-0.963021487928927, 0.5389856775291264, -0.341, -0.7920738882385194, -0.6536343013867736, 0.07538946066051722, d=""Gpart:ry=-1.561, rz=-0.891""
c:-0.7817348460666835, -0.3689415343105793, -0.6402330957353115, -0.6253632004372776, -0.8896888508461416, 0.5462142638862133, 1.877
",0.010177875515177237,"//H
3
j:-0.63, fr=0.388
j:0.4981920635327697, -0.10641943011432886, 0.6952594360336661, 0.25153374299407005, -0.025788866449147463, -0.6759939175099134, fr=0.598, rotstif=0.881, l=0.949
j:-0.15727144805714488, 0.10220279125496745, 0.23411010392010212, 0.884, 0.8174713728949428, 0.725016191136092, fr=0.335, rotstif=0.967
j:-0.036974066868424416, 0.9094724357128143, -0.5523723983205855, -0.7522721881978214, -0.4484048020094633, -0.9699531150981784, fr=0.091, l=1.006
j:0.6731291725300252, 0.6674448479898274, -0.7563068210147321, 0.9815567904151976, -0.8331878213211894, 0.5430722655728459, fr=0.501
n:-0.8158296211622655, 0.4205138483084738, -0.3264968586154282, 0.2725800317712128, 0.10847760457545519, 0.3820330030284822, d=*
n:-0.8257614406757057, 0.515389546751976, 0.3873933367431164, 0.867492732591927, -0.22673566034063697, 0.6701694908551872, d=|:p=0.168
n:-0.9522833260707557, -0.37639481481164694, 0.40078785037621856, 0.5391491134651005, -0.3377920021302998, -0.49088308587670326, d=""Gpart:ry=-1.369, rz=-0.445""
n:-0.9210183778777719, 0.5961959259584546, 0.5472357999533415, 0.3776000807993114, -0.04635980166494846, -0.9626944251358509, d=""|:p=0.243, r=0.822""
n:-0.963021487928927, 0.5389856775291264, -0.341, -0.7920738882385194, -0.6536343013867736, 0.07538946066051722, d=""Gpart:ry=-1.561, rz=-0.891""
c:-0.7817348460666835, -0.3689415343105793, -0.6402330957353115, -0.6253632004372776, -0.8896888508461416, 0.5462142638862133, 1.877
",0.010177875515177237,feasible,20
23,H,2,"//H
3
j:-0.63, fr=0.388
j:0.4981920635327697, -0.10641943011432886, 0.6952594360336661, 0.25153374299407005, -0.025788866449147463, -0.6759939175099134, fr=0.598, rotstif=0.881, l=0.949
j:-0.15727144805714488, 0.10220279125496745, 0.23411010392010212, 0.7658213935792446, 0.8174713728949428, 0.725016191136092, fr=0.335, rotstif=0.967
j:-0.036974066868424416, 0.9094724357128143, -0.5523723983205855, -0.7522721881978214, -0.4484048020094633, -0.9699531150981784, fr=0.091, l=1.006
j:0.6731291725300252, 0.6674448479898274, -0.7563068210147321, 0.9815567904151976, -0.8331878213211894, 0.5430722655728459, fr=0.501
n:-0.8158296211622655, 0.4205138483084738, -0.3264968586154282, 0.2725800317712128, 0.10847760457545519, 0.3820330030284822, d=*
n:-0.8257614406757057, 0.515389546751976, 0.3873933367431164, 0.867492732591927, -0.22673566034063697, 0.6701694908551872, d=|:p=0.168
n:-0.9522833260707557, -0.37639481481164694, 0.40078785037621856, 0.5391491134651005, -0.3377920021302998, -0.49088308587670326, d=""Gpart:ry=-1.369, rz=-0.445""
n:-0.9210183778777719, 0.5961959259584546, 0.5472357999533415, 0.3776000807993114, -0.04635980166494846, -0.9626944251358509, d=""|:p=0.243, r=0.822""
n:-0.963021487928927, 0.5389856775291264, -0.341, -0.7920738882385194, -0.6536343013867736, 0.07538946066051722, d=""Gpart:ry=-1.561, rz=-0.891""
c:-0.7817348460666835, -0.3689415343105793, -0.6402330957353115, -0.6253632004372776, -0.8896888508461416, 0.5462142638862133, 1.877
",0.010177875515177237,"//H
3
j:-0.63, fr=0.388
j:0.4981920635327697, -0.10641943011432886, 0.6952594360336661, 0.25153374299407005, -0.025788866449147463, -0.6759939175099134, fr=0.598, rotstif=0.881, l=0.949
j:-0.15727144805714488, 0.10220279125496745, 0.23411010392010212, 0.7658213935792446, 0.8174713728949428, 0.725016191136092, fr=0.335, rotstif=0.967
j:-0.036974066868424416, 0.9094724357128143, -0.5523723983205855, -0.7522721881978214, -0.4484048020094633, -0.9699531150981784, fr=0.091, l=1.006
j:0.6731291725300252, 0.6674448479898274, -0.7563068210147321, 0.9815567904151976, -0.8331878213211894, 0.5430722655728459, fr=0.501
n:-0.8158296211622655, 0.4205138483084738, -0.3264968586154282, 0.2725800317712128, 0.10847760457545519, 0.3820330030284822, d=*
n:-0.8257614406757057, 0.515389546751976, 0.3873933367431164, 0.867492732591927, -0.22673566034063697, 0.6701694908551872, d=|:p=0.168
n:-0.9522833260707557, -0.37639481481164694, 0.40078785037621856, 0.5391491134651005, -0.3377920021302998, -0.49088308587670326, d=""Gpart:ry=-1.369, rz=-0.445""
n:-0.9210183778777719, 0.5961959259584546, 0.5472357999533415, 0.3776000807993114, -0.04635980166494846, -0.9626944251358509, d=""|:p=0.243, r=0.822""
n:-0.963021487928927, 0.5389856775291264, -0.341, -0.7920738882385194, -0.6536343013867736, 0.07538946066051722, d=""Gpart:ry=-1.561, rz=-0.891""
c:-0.7817348460666835, -0.3689415343105793, -0.6402330957353115, -0.6253632004372776, -0.8896888508461416, 0.5462142638862133, 1.877
c:0.0413185958750546, -0.10238956846296787, -0.8172824811190367, -0.5428856173530221, -0.3395811063237488, -0.6467001950368285, 2.665
",0.002314883038599961,feasible,20
23,H,2,"//H
3
j:-0.63, fr=0.388
j:0.4981920635327697, -0.10641943011432886, 0.6952594360336661, 0.25153374299407005, -0.025788866449147463, -0.6759939175099134, fr=0.598, rotstif=0.881, l=0.949
j:-0.15727144805714488, 0.10220279125496745, 0.23411010392010212, 0.7658213935792446, 0.8174713728949428, 0.725016191136092, fr=0.335, rotstif=0.967
j:-0.036974066868424416, 0.9094724357128143, -0.5523723983205855, -0.7522721881978214, -0.4484048020094633, -0.9699531150981784, fr=0.091, l=1.006
j:0.6731291725300252, 0.6674448479898274, -0.7563068210147321, 0.9815567904151976, -0.8331878213211894, 0.5430722655728459, fr=0.501
n:-0.8158296211622655, 0.4205138483084738, -0.3264968586154282, 0.2725800317712128, 0.10847760457545519, 0.3820330030284822, d=*
n:-0.8257614406757057, 0.515389546751976, 0.3873933367431164, 0.867492732591927, -0.22673566034063697, 0.6701694908551872, d=|:p=0.168
n:-0.9522833260707557, -0.37639481481164694, 0.40078785037621856, 0.5391491134651005, -0.3377920021302998, -0.49088308587670326, d=""Gpart:ry=-1.369, rz=-0.445""
n:-0.9210183778777719, 0.5961959259584546, 0.5472357999533415, 0.3776000807993114, -0.04635980166494846, -0.9626944251358509, d=""|:p=0.243, r=0.822""
n:-0.963021487928927, 0.5389856775291264, -0.341, -0.7920738882385194, -0.6536343013867736, 0.07538946066051722, d=""Gpart:ry=-1.561, rz=-0.891""
c:-0.7817348460666835, -0.3689415343105793, -0.6402330957353115, -0.6253632004372776, -0.8896888508461416, 0.5462142638862133, 1.877
",0.010177875515177237,"//H
3
j:-0.63, fr=0.388
j:0.4981920635327697, -0.10641943011432886, 0.6952594360336661, 0.25153374299407005, -0.025788866449147463, -0.6759939175099134, fr=0.598, rotstif=0.881, l=0.685
j:-0.15727144805714488, 0.10220279125496745, 0.23411010392010212, 0.7658213935792446, 0.8174713728949428, 0.725016191136092, fr=0.335, rotstif=0.967
j:-0.036974066868424416, 0.9094724357128143, -0.5523723983205855, -0.7522721881978214, -0.4484048020094633, -0.9699531150981784, fr=0.091, l=1.006
j:0.6731291725300252, 0.6674448479898274, -0.7563068210147321, 0.9815567904151976, -0.8331878213211894, 0.5430722655728459, fr=0.501
n:-0.8158296211622655, 0.4205138483084738, -0.3264968586154282, 0.2725800317712128, 0.10847760457545519, 0.3820330030284822, d=*
n:-0.8257614406757057, 0.515389546751976, 0.3873933367431164, 0.867492732591927, -0.22673566034063697, 0.6701694908551872, d=|:p=0.168
n:-0.9522833260707557, -0.37639481481164694, 0.40078785037621856, 0.5391491134651005, -0.3377920021302998, -0.49088308587670326, d=""Gpart:ry=-1.369, rz=-0.445""
n:-0.9210183778777719, 0.5961959259584546, 0.5472357999533415, 0.3776000807993114, -0.04635980166494846, -0.9626944251358509, d=""|:p=0.243, r=0.822""
n:-0.963021487928927, 0.5389856775291264, -0.341, -0.7920738882385194, -0.6536343013867736, 0.07538946066051722, d=""Gpart:ry=-1.561, rz=-0.891""
c:-0.7817348460666835, -0.3689415343105793, -0.6402330957353115, -0.6253632004372776, -0.8896888508461416, 0.5462142638862133, 1.877
",0.00045685922675332103,feasible,20
23,H,2,"//H
3
j:-0.63, fr=0.388
j:0.4981920635327697, -0.10641943011432886, 0.6952594360336661, 0.25153374299407005, -0.025788866449147463, -0.6759939175099134, fr=0.598, rotstif=0.881, l=0.949
j:-0.15727144805714488, 0.10220279125496745, 0.23411010392010212, 0.7658213935792446, 0.8174713728949428, 0.725016191136092, fr=0.335, rotstif=0.967
j:-0.036974066868424416, 0.9094724357128143, -0.5523723983205855, -0.7522721881978214, -0.4484048020094633, -0.9699531150981784, fr=0.091, l=1.006
j:0.6731291725300252, 0.6674448479898274, -0.7563068210147321, 0.9815567904151976, -0.8331878213211894, 0.5430722655728459, fr=0.501
n:-0.8158296211622655, 0.4205138483084738, -0.3264968586154282, 0.2725800317712128, 0.10847760457545519, 0.3820330030284822, d=*
n:-0.8257614406757057, 0.515389546751976, 0.3873933367431164, 0.867492732591927, -0.22673566034063697, 0.6701694908551872, d=|:p=0.168
n:-0.9522833260707557, -0.37639481481164694, 0.40078785037621856, 0.5391491134651005, -0.3377920021302998, -0.49088308587670326, d=""Gpart:ry=-1.369, rz=-0.445""
n:-0.9210183778777719, 0.5961959259584546, 0.5472357999533415, 0.3776000807993114, -0.04635980166494846, -0.9626944251358509, d=""|:p=0.243, r=0.822""
n:-0.963021487928927, 0.5389856775291264, -0.341, -0.7920738882385194, -0.6536343013867736, 0.07538946066051722, d=""Gpart:ry=-1.561, rz=-0.891""
c:-0.7817348460666835, -0.3689415343105793, -0.6402330957353115, -0.6253632004372776, -0.8896888508461416, 0.5462142638862133, 1.877
",0.010177875515177237,"//H
3
j:-0.63, fr=0.388
j:0.4981920635327697, -0.10641943011432886, 0.6952594360336661, 0.25153374299407005, -0.025788866449147463, -0.6759939175099134, fr=0.598, rotstif=0.881, l=0.949
j:-0.15727144805714488, 0.10220279125496745, 0.23411010392010212, 0.7658213935792446, 0.8174713728949428, 0.725016191136092, fr=0.335, rotstif=0.967
j:-0.036974066868424416, 0.9094724357128143, -0.5523723983205855, -0.7522721881978214, -0.4484048020094633, -0.9699531150981784, fr=0.091, l=1.006
j:0.6731291725300252, 0.6674448479898274, -0.7563068210147321, 0.9815567904151976, -0.8331878213211894, 0.5430722655728459, fr=0.501
j:0.6702924813143909, -0.46102896332740784, 0.7317315791733563, -0.577149264048785, -0.6079159718938172, -0.8690965231508017, rotstif=0.958
n:-0.8158296211622655, 0.4205138483084738, -0.3264968586154282, 0.2725800317712128, 0.10847760457545519, 0.3820330030284822, d=*
n:-0.8257614406757057, 0.515389546751976, 0.3873933367431164, 0.867492732591927, -0.22673566034063697, 0.6701694908551872, d=|:p=0.168
n:-0.9522833260707557, -0.37639481481164694, 0.40078785037621856, 0.5391491134651005, -0.3377920021302998, -0.49088308587670326, d=""Gpart:ry=-1.369, rz=-0.445""
n:-0.9210183778777719, 0.5961959259584546, 0.5472357999533415, 0.3776000807993114, -0.04635980166494846, -0.9626944251358509, d=""|:p=0.243, r=0.822""
n:-0.963021487928927, 0.5389856775291264, -0.341, -0.7920738882385194, -0.6536343013867736, 0.07538946066051722, d=""Gpart:ry=-1.561, rz=-0.891""
c:-0.7817348460666835, -0.3689415343105793, -0.6402330957353115, -0.6253632004372776, -0.8896888508461416, 0.5462142638862133, 1.877
",0.00011726980892400455,feasible,20
23,H,2,"//H
3
j:-0.63, fr=0.388
j:0.4981920635327697, -0.10641943011432886, 0.6952594360336661, 0.25153374299407005, -0.025788866449147463, -0.6759939175099134, fr=0.598, rotstif=0.881, l=0.949
j:-0.15727144805714488, 0.10220279125496745, 0.23411010392010212, 0.7658213935792446, 0.8174713728949428, 0.725016191136092, fr=0.335, rotstif=0.967
j:-0.036974066868424416, 0.9094724357128143, -0.5523723983205855, -0.7522721881978214, -0.4484048020094633, -0.9699531150981784, fr=0.091, l=1.006
j:0.6731291725300252, 0.6674448479898274, -0.7563068210147321, 0.9815567904151976, -0.8331878213211894, 0.5430722655728459, fr=0.501
n:-0.8158296211622655, 0.4205138483084738, -0.3264968586154282, 0.2725800317712128, 0.10847760457545519, 0.3820330030284822, d=*
n:-0.8257614406757057, 0.515389546751976, 0.3873933367431164, 0.867492732591927, -0.22673566034063697, 0.6701694908551872, d=|:p=0.168
n:-0.9522833260707557, -0.37639481481164694, 0.40078785037621856, 0.5391491134651005, -0.3377920021302998, -0.49088308587670326, d=""Gpart:ry=-1.369, rz=-0.445""
n:-0.9210183778777719, 0.5961959259584546, 0.5472357999533415, 0.3776000807993114, -0.04635980166494846, -0.9626944251358509, d=""|:p=0.243, r=0.822""
n:-0.963021487928927, 0.5389856775291264, -0.341, -0.7920738882385194, -0.6536343013867736, 0.07538946066051722, d=""Gpart:ry=-1.561, rz=-0.891""
c:-0.7817348460666835, -0.3689415343105793, -0.6402330957353115, -0.6253632004372776, -0.8896888508461416, 0.5462142638862133, 1.877
",0.010177875515177237,"//H
3
j:-0.63, fr=0.388
j:0.4981920635327697, -0.10641943011432886, 0.6952594360336661, 0.25153374299407005, -0.025788866449147463, -0.6759939175099134, fr=0.598, rotstif=0.881, l=0.949
j:-0.15727144805714488, 0.10220279125496745, 0.23411010392010212, 0.7658213935792446, 0.8174713728949428, 0.725016191136092, fr=0.335, rotstif=0.967
j:-0.036974066868424416, 0.9094724357128143, -0.5523723983205855, -0.7522721881978214, -0.4484048020094633, -0.9699531150981784, fr=0.091, l=1.006
j:0.6731291725300252, 0.6674448479898274, -0.7563068210147321, 0.9815567904151976, -0.8331878213211894, 0.5430722655728459, fr=0.501
n:-0.8158296211622655, 0.4205138483084738, -0.3264968586154282, 0.2725800317712128, 0.10847760457545519, 0.3820330030284822, d=*
n:-0.8257614406757057, 0.515389546751976, 0.3873933367431164, 0.867492732591927, -0.22673566034063697, 0.6701694908551872, d=|:p=0.168
n:-0.9522833260707557, -0.37639481481164694, 0.40078785037621856, 0.5391491134651005, -0.3377920021302998, -0.49088308587670326, d=""Gpart:ry=-1.369, rz=-0.445""
n:-0.9210183778777719, 0.5961959259584546, 0.5472357999533415, 0.3776000807993114, -0.04635980166494846, -0.9626944251358509, d=""|:p=0.243, r=0.822""
n:-0.963021487928927, 0.5389856775291264, -0.341, -0.7920738882385194, -0.6536343013867736, 0.07538946066051722, d=""Gpart:ry=-1.561, rz=-0.891""
c:-0.7817348460666835, -0.3689415343105793, -0.6402330957353115, -0.6253632004372776, -0.8896888508461416, 0.5462142638862133, 1.877
c:0.6795281493104994, -0.4647328555583954, -0.20681744487956166, 0.49479812383651733, 0.2302301679737866, 0.9385989019647241, -0.322
",0.001749194245480044,feasible,20
23,H,2,"//H
3
j:-0.63, fr=0.388
j:0.4981920635327697, -0.10641943011432886, 0.6952594360336661, 0.25153374299407005, -0.025788866449147463, -0.6759939175099134, fr=0.598, rotstif=0.881, l=0.949
j:-0.15727144805714488, 0.10220279125496745, 0.23411010392010212, 0.7658213935792446, 0.8174713728949428, 0.725016191136092, fr=0.335, rotstif=0.967
j:-0.036974066868424416, 0.9094724357128143, -0.5523723983205855, -0.7522721881978214, -0.4484048020094633, -0.9699531150981784, fr=0.091, l=1.006
j:0.6731291725300252, 0.6674448479898274, -0.7563068210147321, 0.9815567904151976, -0.8331878213211894, 0.5430722655728459, fr=0.501
n:-0.8158296211622655, 0.4205138483084738, -0.3264968586154282, 0.2725800317712128, 0.10847760457545519, 0.3820330030284822, d=*
n:-0.8257614406757057, 0.515389546751976, 0.3873933367431164, 0.867492732591927, -0.22673566034063697, 0.6701694908551872, d=|:p=0.168
n:-0.9522833260707557, -0.37639481481164694, 0.40078785037621856, 0.5391491134651005, -0.3377920021302998, -0.49088308587670326, d=""Gpart:ry=-1.369, rz=-0.445""
n:-0.9210183778777719, 0.5961959259584546, 0.5472357999533415, 0.3776000807993114, -0.04635980166494846, -0.9626944251358509, d=""|:p=0.243, r=0.822""
n:-0.963021487928927, 0.5389856775291264, -0.341, -0.7920738882385194, -0.6536343013867736, 0.07538946066051722, d=""Gpart:ry=-1.561, rz=-0.891""
c:-0.7817348460666835, -0.3689415343105793, -0.6402330957353115, -0.6253632004372776, -0.8896888508461416, 0.5462142638862133, 1.877
",0.010177875515177237,"//H
3
j:-0.63, fr=0.388
j:0.4981920635327697, -0.10641943011432886, 0.6952594360336661, 0.25153374299407005, -0.025788866449147463, -0.6759939175099134, fr=0.598, rotstif=0.881, l=0.949
j:-0.15727144805714488, 0.10220279125496745, 0.23411010392010212, 0.7658213935792446, 0.8174713728949428, 0.725016191136092, fr=0.335, rotstif=0.967
j:-0.036974066868424416, 0.9094724357128143, -0.5523723983205855, -0.7522721881978214, -0.4484048020094633, -0.9699531150981784, fr=0.091, l=1.006
j:0.6731291725300252, 0.6674448479898274, -0.7563068210147321, 0.9815567904151976, -0.8331878213211894, 0.5430722655728459, fr=0.501
n:-0.8158296211622655, 0.4205138483084738, -0.3264968586154282, 0.2725800317712128, 0.10847760457545519, 0.3820330030284822, d=*
n:-0.8257614406757057, 0.515389546751976, 0.3873933367431164, 0.867492732591927, -0.22673566034063697, 0.6701694908551872, d=|:p=0.168
n:-0.9522833260707557, -0.37639481481164694, 0.40078785037621856, 0.5391491134651005, -0.3377920021302998, -0.49088308587670326, d=""Gpart:ry=-1.369, rz=-0.445""
n:-0.9210183778777719, 0.5961959259584546, 0.5472357999533415, 0.3776000807993114, -0.04635980166494846, -0.9626944251358509, d=""|:p=0.243, r=0.822""
n:-0.963021487928927, 0.5389856775291264, -0.341, -0.7920738882385194, -0.6536343013867736, 0.07538946066051722, d=""Gpart:ry=-1.561, rz=-0.891""
c:-0.7817348460666835, -0.3689415343105793, -0.6402330957353115, -0.6253632004372776, -0.8896888508461416, 0.5462142638862133, 1.877
c:0.8462899439036846, 0.6440994502045214, 0.2517940863035619, -0.8593603293411434, -0.365503063891083, -0.002296817023307085, 1.554
",0.0024257549246770017,feasible,20
23,H,2,"//H
3
j:-0.63, fr=0.388
j:0.4981920635327697, -0.10641943011432886, 0.6952594360336661, 0.25153374299407005, -0.025788866449147463, -0.6759939175099134, fr=0.598, rotstif=0.881, l=0.949
j:-0.15727144805714488, 0.10220279125496745, 0.23411010392010212, 0.7658213935792446, 0.8174713728949428, 0.725016191136092, fr=0.335, rotstif=0.967
j:-0.036974066868424416, 0.9094724357128143, -0.5523723983205855, -0.7522721881978214, -0.4484048020094633, -0.9699531150981784, fr=0.091, l=1.006
j:0.6731291725300252, 0.6674448479898274, -0.7563068210147321, 0.9815567904151976, -0.8331878213211894, 0.5430722655728459, fr=0.501
n:-0.8158296211622655, 0.4205138483084738, -0.3264968586154282, 0.2725800317712128, 0.10847760457545519, 0.3820330030284822, d=*
n:-0.8257614406757057, 0.515389546751976, 0.3873933367431164, 0.867492732591927, -0.22673566034063697, 0.6701694908551872, d=|:p=0.168
n:-0.9522833260707557, -0.37639481481164694, 0.40078785037621856, 0.5391491134651005, -0.3377920021302998, -0.49088308587670326, d=""Gpart:ry=-1.369, rz=-0.445""
n:-0.9210183778777719, 0.5961959259584546, 0.5472357999533415, 0.3776000807993114, -0.04635980166494846, -0.9626944251358509, d=""|:p=0.243, r=0.822""
n:-0.963021487928927, 0.5389856775291264, -0.341, -0.7920738882385194, -0.6536343013867736, 0.07538946066051722, d=""Gpart:ry=-1.561, rz=-0.891""
c:-0.7817348460666835, -0.3689415343105793, -0.6402330957353115, -0.6253632004372776, -0.8896888508461416, 0.5462142638862133, 1.877
",0.010177875515177237,"//H
3
j:-0.63, fr=0.388
j:0.4981920635327697, -0.10641943011432886, 0.6952594360336661, 0.25153374299407005, -0.025788866449147463, -0.6759939175099134, fr=0.598, rotstif=0.881, l=0.949
j:-0.15727144805714488, 0.10220279125496745, 0.23411010392010212, 0.7658213935792446, 0.8174713728949428, 0.725016191136092, fr=0.335, rotstif=0.967
j:-0.036974066868424416, 0.9094724357128143, -0.5523723983205855, -0.7522721881978214, -0.4484048020094633, -0.9699531150981784, fr=0.091, l=1.006
j:0.6731291725300252, 0.6674448479898274, -0.7563068210147321, 0.9815567904151976, -0.8331878213211894, 0.5430722655728459, fr=0.501
j:-0.9945238614454865, 0.22247276827692986, 0.6837481702677906, 0.09293132973834872, -0.42231992445886135, 0.6928327353671193, l=0.788
n:-0.8158296211622655, 0.4205138483084738, -0.3264968586154282, 0.2725800317712128, 0.10847760457545519, 0.3820330030284822, d=*
n:-0.8257614406757057, 0.515389546751976, 0.3873933367431164, 0.867492732591927, -0.22673566034063697, 0.6701694908551872, d=|:p=0.168
n:-0.9522833260707557, -0.37639481481164694, 0.40078785037621856, 0.5391491134651005, -0.3377920021302998, -0.49088308587670326, d=""Gpart:ry=-1.369, rz=-0.445""
n:-0.9210183778777719, 0.5961959259584546, 0.5472357999533415, 0.3776000807993114, -0.04635980166494846, -0.9626944251358509, d=""|:p=0.243, r=0.822""
n:-0.963021487928927, 0.5389856775291264, -0.341, -0.7920738882385194, -0.6536343013867736, 0.07538946066051722, d=""Gpart:ry=-1.561, rz=-0.891""
c:-0.7817348460666835, -0.3689415343105793, -0.6402330957353115, -0.6253632004372776, -0.8896888508461416, 0.5462142638862133, 1.877
",0.0001925882923988351,feasible,20
23,H,2,"//H
3
j:-0.63, fr=0.388
j:0.4981920635327697, -0.10641943011432886, 0.6952594360336661, 0.25153374299407005, -0.025788866449147463, -0.6759939175099134, fr=0.598, rotstif=0.881, l=0.949
j:-0.15727144805714488, 0.10220279125496745, 0.23411010392010212, 0.7658213935792446, 0.8174713728949428, 0.725016191136092, fr=0.335, rotstif=0.967
j:-0.036974066868424416, 0.9094724357128143, -0.5523723983205855, -0.7522721881978214, -0.4484048020094633, -0.9699531150981784, fr=0.091, l=1.006
j:0.6731291725300252, 0.6674448479898274, -0.7563068210147321, 0.9815567904151976, -0.8331878213211894, 0.5430722655728459, fr=0.501
n:-0.8158296211622655, 0.4205138483084738, -0.3264968586154282, 0.2725800317712128, 0.10847760457545519, 0.3820330030284822, d=*
n:-0.8257614406757057, 0.515389546751976, 0.3873933367431164, 0.867492732591927, -0.22673566034063697, 0.6701694908551872, d=|:p=0.168
n:-0.9522833260707557, -0.37639481481164694, 0.40078785037621856, 0.5391491134651005, -0.3377920021302998, -0.49088308587670326, d=""Gpart:ry=-1.369, rz=-0.445""
n:-0.9210183778777719, 0.5961959259584546, 0.5472357999533415, 0.3776000807993114, -0.04635980166494846, -0.9626944251358509, d=""|:p=0.243, r=0.822""
n:-0.963021487928927, 0.5389856775291264, -0.341, -0.7920738882385194, -0.6536343013867736, 0.07538946066051722, d=""Gpart:ry=-1.561, rz=-0.891""
c:-0.7817348460666835, -0.3689415343105793, -0.6402330957353115, -0.6253632004372776, -0.8896888508461416, 0.5462142638862133, 1.877
",0.010177875515177237,"//H
3
j:-0.63, fr=0.388
j:0.4981920635327697, -0.10641943011432886, 0.6952594360336661, 0.25153374299407005, -0.025788866449147463, -0.601, fr=0.598, rotstif=0.881, l=0.949
j:-0.15727144805714488, 0.10220279125496745, 0.23411010392010212, 0.7658213935792446, 0.8174713728949428, 0.725016191136092, fr=0.335, rotstif=0.967
j:-0.036974066868424416, 0.9094724357128143, -0.5523723983205855, -0.7522721881978214, -0.4484048020094633, -0.9699531150981784, fr=0.091, l=1.006
j:0.6731291725300252, 0.6674448479898274, -0.7563068210147321, 0.9815567904151976, -0.8331878213211894, 0.5430722655728459, fr=0.501
n:-0.8158296211622655, 0.4205138483084738, -0.3264968586154282, 0.2725800317712128, 0.10847760457545519, 0.3820330030284822, d=*
n:-0.8257614406757057, 0.515389546751976, 0.3873933367431164, 0.867492732591927, -0.22673566034063697, 0.6701694908551872, d=|:p=0.168
n:-0.9522833260707557, -0.37639481481164694, 0.40078785037621856, 0.5391491134651005, -0.3377920021302998, -0.49088308587670326, d=""Gpart:ry=-1.369, rz=-0.445""
n:-0.9210183778777719, 0.5961959259584546, 0.5472357999533415, 0.3776000807993114, -0.04635980166494846, -0.9626944251358509, d=""|:p=0.243, r=0.822""
n:-0.963021487928927, 0.5389856775291264, -0.341, -0.7920738882385194, -0.6536343013867736, 0.07538946066051722, d=""Gpart:ry=-1.561, rz=-0.891""
c:-0.7817348460666835, -0.3689415343105793, -0.6402330957353115, -0.6253632004372776, -0.8896888508461416, 0.5462142638862133, 1.877
",0.010177875515177237,feasible,20
23,H,2,"//H
3
j:-0.63, fr=0.388
j:0.4981920635327697, -0.10641943011432886, 0.6952594360336661, 0.25153374299407005, -0.025788866449147463, -0.6759939175099134, fr=0.598, rotstif=0.881, l=0.949
j:-0.15727144805714488, 0.10220279125496745, 0.23411010392010212, 0.7658213935792446, 0.8174713728949428, 0.725016191136092, fr=0.335, rotstif=0.967
j:-0.036974066868424416, 0.9094724357128143, -0.5523723983205855, -0.7522721881978214, -0.4484048020094633, -0.9699531150981784, fr=0.091, l=1.006
j:0.6731291725300252, 0.6674448479898274, -0.7563068210147321, 0.9815567904151976, -0.8331878213211894, 0.5430722655728459, fr=0.501
n:-0.8158296211622655, 0.4205138483084738, -0.3264968586154282, 0.2725800317712128, 0.10847760457545519, 0.3820330030284822, d=*
n:-0.8257614406757057, 0.515389546751976, 0.3873933367431164, 0.867492732591927, -0.22673566034063697, 0.6701694908551872, d=|:p=0.168
n:-0.9522833260707557, -0.37639481481164694, 0.40078785037621856, 0.5391491134651005, -0.3377920021302998, -0.49088308587670326, d=""Gpart:ry=-1.369, rz=-0.445""
n:-0.9210183778777719, 0.5961959259584546, 0.5472357999533415, 0.3776000807993114, -0.04635980166494846, -0.9626944251358509, d=""|:p=0.243, r=0.822""
n:-0.963021487928927, 0.5389856775291264, -0.341, -0.7920738882385194, -0.6536343013867736, 0.07538946066051722, d=""Gpart:ry=-1.561, rz=-0.891""
c:-0.7817348460666835, -0.3689415343105793, -0.6402330957353115, -0.6253632004372776, -0.8896888508461416, 0.5462142638862133, 1.877
",0.010177875515177237,"//H
3
j:-0.63, fr=0.388
j:0.4981920635327697, -0.10641943011432886, 0.6952594360336661, 0.25153374299407005, -0.025788866449147463, -0.6759939175099134, fr=0.598, rotstif=0.881, l=0.949
j:-0.15727144805714488, 0.10220279125496745, 0.23411010392010212, 0.7658213935792446, 0.8174713728949428, 0.725016191136092, fr=0.335, rotstif=0.967
j:-0.036974066868424416, 0.9094724357128143, -0.5523723983205855, -0.7522721881978214, -0.4484048020094633, -0.9699531150981784, fr=0.091, l=1.006
j:0.6731291725300252, 0.6674448479898274, -0.7563068210147321, 0.9815567904151976, -0.8331878213211894, 0.5430722655728459, fr=0.501
n:-0.8158296211622655, 0.4205138483084738, -0.3264968586154282, 0.2725800317712128, 0.10847760457545519, 0.3820330030284822, d=*
n:-0.8257614406757057, 0.515389546751976, 0.3873933367431164, 0.867492732591927, -0.22673566034063697, 0.6701694908551872, d=|:p=0.168
n:-0.9522833260707557, -0.37639481481164694, 0.40078785037621856, 0.5391491134651005, -0.3377920021302998, -0.49088308587670326, d=""Gpart:ry=-1.369, rz=-0.445""
n:-0.9210183778777719, 0.5961959259584546, 0.5472357999533415, 0.3776000807993114, -0.04635980166494846, -0.9626944251358509, d=""|:p=0.099, r=0.822""
n:-0.963021487928927, 0.5389856775291264, -0.341, -0.7920738882385194, -0.6536343013867736, 0.07538946066051722, d=""Gpart:ry=-1.561, rz=-0.891""
c:-0.7817348460666835, -0.3689415343105793, -0.6402330957353115, -0.6253632004372776, -0.8896888508461416, 0.5462142638862133, 1.877
",0.0019329510406400174,feasible,20
23,H,2,"//H
3
j:-0.63, fr=0.388
j:0.4981920635327697, -0.10641943011432886, 0.6952594360336661, 0.25153374299407005, -0.025788866449147463, -0.6759939175099134, fr=0.598, rotstif=0.881, l=0.949
j:-0.15727144805714488, 0.10220279125496745, 0.23411010392010212, 0.7658213935792446, 0.8174713728949428, 0.725016191136092, fr=0.335, rotstif=0.967
j:-0.036974066868424416, 0.9094724357128143, -0.5523723983205855, -0.7522721881978214, -0.4484048020094633, -0.9699531150981784, fr=0.091, l=1.006
j:0.6731291725300252, 0.6674448479898274, -0.7563068210147321, 0.9815567904151976, -0.8331878213211894, 0.5430722655728459, fr=0.501
n:-0.8158296211622655, 0.4205138483084738, -0.3264968586154282, 0.2725800317712128, 0.10847760457545519, 0.3820330030284822, d=*
n:-0.8257614406757057, 0.515389546751976, 0.3873933367431164, 0.867492732591927, -0.22673566034063697, 0.6701694908551872, d=|:p=0.168
n:-0.9522833260707557, -0.37639481481164694, 0.40078785037621856, 0.5391491134651005, -0.3377920021302998, -0.49088308587670326, d=""Gpart:ry=-1.369, rz=-0.445""
n:-0.9210183778777719, 0.5961959259584546, 0.5472357999533415, 0.3776000807993114, -0.04635980166494846, -0.9626944251358509, d=""|:p=0.243, r=0.822""
n:-0.963021487928927, 0.5389856775291264, -0.341, -0.7920738882385194, -0.6536343013867736, 0.07538946066051722, d=""Gpart:ry=-1.561, rz=-0.891""
c:-0.7817348460666835, -0.3689415343105793, -0.6402330957353115, -0.6253632004372776, -0.8896888508461416, 0.5462142638862133, 1.877
",0.010177875515177237,"//H
3
j:-0.63, fr=0.388
j:0.4981920635327697, -0.10641943011432886, 0.6952594360336661, 0.25153374299407005, -0.025788866449147463, -0.6759939175099134, fr=0.598, rotstif=0.881, l=0.949
j:-0.15727144805714488, 0.10220279125496745, 0.23411010392010212, 0.7658213935792446, 0.8174713728949428, 0.725016191136092, fr=0.335, rotstif=0.967
j:-0.036974066868424416, 0.9094724357128143, -0.5523723983205855, -0.7522721881978214, -0.4484048020094633, -0.9699531150981784, fr=0.091, l=1.006
j:0.6731291725300252, 0.6674448479898274, -0.7563068210147321, 0.9815567904151976, -0.8331878213211894, 0.5430722655728459, fr=0.501
n:-0.8158296211622655, 0.4205138483084738, -0.3264968586154282, 0.2725800317712128, 0.10847760457545519, 0.3820330030284822, d=*
n:-0.8257614406757057, 0.515389546751976, 0.3873933367431164, 0.867492732591927, -0.22673566034063697, 0.6701694908551872, d=|:p=0.168
n:-0.9522833260707557, -0.37639481481164694, 0.40078785037621856, 0.5391491134651005, -0.3377920021302998, -0.49088308587670326, d=""Gpart:ry=-1.369, rz=-0.445""
n:-0.9210183778777719, 0.5961959259584546, 0.5472357999533415, 0.3776000807993114, -0.04635980166494846, -0.9626944251358509, d=""|:p=0.243, r=0.822""
n:-0.963021487928927, 0.5389856775291264, -0.341, -0.7920738882385194, -0.6536343013867736, 0.07538946066051722, d=""Gpart:ry=-1.561, rz=-0.891""
c:-0.7817348460666835, -0.3689415343105793, -0.6402330957353115, -0.6253632004372776, -0.8896888508461416, 0.5462142638862133, 1.877
c:0.2494853800162673, 0.2896868363022804, 0.8191490769386292, -0.5471769189462066, -0.6999847400002182, 0.56901467544958, 1.037
",0.0024257549246770017,feasible,20
23,H,2,"//H
3
j:-0.63, fr=0.388
j:0.4981920635327697, -0.10641943011432886, 0.6952594360336661, 0.25153374299407005, -0.025788866449147463, -0.6759939175099134, fr=0.598, rotstif=0.881, l=0.949
j:-0.15727144805714488, 0.10220279125496745, 0.23411010392010212, 0.7658213935792446, 0.8174713728949428, 0.725016191136092, fr=0.335, rotstif=0.967
j:-0.036974066868424416, 0.9094724357128143, -0.5523723983205855, -0.7522721881978214, -0.4484048020094633, -0.9699531150981784, fr=0.091, l=1.006
j:0.6731291725300252, 0.6674448479898274, -0.7563068210147321, 0.9815567904151976, -0.8331878213211894, 0.5430722655728459, fr=0.501
n:-0.8158296211622655, 0.4205138483084738, -0.3264968586154282, 0.2725800317712128, 0.10847760457545519, 0.3820330030284822, d=*
n:-0.8257614406757057, 0.515389546751976, 0.3873933367431164, 0.867492732591927, -0.22673566034063697, 0.6701694908551872, d=|:p=0.168
n:-0.9522833260707557, -0.37639481481164694, 0.40078785037621856, 0.5391491134651005, -0.3377920021302998, -0.49088308587670326, d=""Gpart:ry=-1.369, rz=-0.445""
n:-0.9210183778777719, 0.5961959259584546, 0.5472357999533415, 0.3776000807993114, -0.04635980166494846, -0.9626944251358509, d=""|:p=0.243, r=0.822""
n:-0.963021487928927, 0.5389856775291264, -0.341, -0.7920738882385194, -0.6536343013867736, 0.07538946066051722, d=""Gpart:ry=-1.561, rz=-0.891""
c:-0.7817348460666835, -0.3689415343105793, -0.6402330957353115, -0.6253632004372776, -0.8896888508461416, 0.5462142638862133, 1.877
",0.010177875515177237,"//H
3
j:-0.63, fr=0.388
j:0.4981920635327697, -0.10641943011432886, 0.6952594360336661, 0.25153374299407005, -0.025788866449147463, -0.676, fr=0.598, rotstif=0.881, l=0.949
j:-0.15727144805714488, 0.10220279125496745, 0.23411010392010212, 0.7658213935792446, 0.8174713728949428, 0.725016191136092, fr=0.335, rotstif=0.967
j:-0.036974066868424416, 0.9094724357128143, -0.5523723983205855, -0.7522721881978214, -0.4484048020094633, -0.9699531150981784, fr=0.091, l=1.006
j:0.6731291725300252, 0.6674448479898274, -0.7563068210147321, 0.9815567904151976, -0.8331878213211894, 0.5430722655728459, fr=0.501
n:-0.8158296211622655, 0.4205138483084738, -0.3264968586154282, 0.2725800317712128, 0.10847760457545519, 0.3820330030284822, d=*
n:-0.8257614406757057, 0.515389546751976, 0.3873933367431164, 0.867492732591927, -0.22673566034063697, 0.6701694908551872, d=|:p=0.168
n:-0.9522833260707557, -0.37639481481164694, 0.40078785037621856, 0.5391491134651005, -0.3377920021302998, -0.49088308587670326, d=""Gpart:ry=-1.369, rz=-0.445""
n:-0.9210183778777719, 0.5961959259584546, 0.5472357999533415, 0.3776000807993114, -0.04635980166494846, -0.9626944251358509, d=""|:p=0.243, r=0.822""
n:-0.963021487928927, 0.5389856775291264, -0.341, -0.7920738882385194, -0.6536343013867736, 0.07538946066051722, d=""Gpart:ry=-1.561, rz=-0.891""
c:-0.7817348460666835, -0.3689415343105793, -0.6402330957353115, -0.6253632004372776, -0.8896888508461416, 0.5462142638862133, 1.877
",0.010177875515177237,feasible,20
23,H,2,"//H
3
j:-0.63, fr=0.388
j:0.4981920635327697, -0.10641943011432886, 0.6952594360336661, 0.25153374299407005, -0.025788866449147463, -0.6759939175099134, fr=0.598, rotstif=0.881, l=0.949
j:-0.15727144805714488, 0.10220279125496745, 0.23411010392010212, 0.7658213935792446, 0.8174713728949428, 0.725016191136092, fr=0.335, rotstif=0.967
j:-0.036974066868424416, 0.9094724357128143, -0.5523723983205855, -0.7522721881978214, -0.4484048020094633, -0.9699531150981784, fr=0.091, l=1.006
j:0.6731291725300252, 0.6674448479898274, -0.7563068210147321, 0.9815567904151976, -0.8331878213211894, 0.5430722655728459, fr=0.501
n:-0.8158296211622655, 0.4205138483084738, -0.3264968586154282, 0.2725800317712128, 0.10847760457545519, 0.3820330030284822, d=*
n:-0.8257614406757057, 0.515389546751976, 0.3873933367431164, 0.867492732591927, -0.22673566034063697, 0.6701694908551872, d=|:p=0.168
n:-0.9522833260707557, -0.37639481481164694, 0.40078785037621856, 0.5391491134651005, -0.3377920021302998, -0.49088308587670326, d=""Gpart:ry=-1.369, rz=-0.445""
n:-0.9210183778777719, 0.5961959259584546, 0.5472357999533415, 0.3776000807993114, -0.04635980166494846, -0.9626944251358509, d=""|:p=0.243, r=0.822""
n:-0.963021487928927, 0.5389856775291264, -0.341, -0.7920738882385194, -0.6536343013867736, 0.07538946066051722, d=""Gpart:ry=-1.561, rz=-0.891""
c:-0.7817348460666835, -0.3689415343105793, -0.6402330957353115, -0.6253632004372776, -0.8896888508461416, 0.5462142638862133, 1.877
",0.010177875515177237,"//H
3
j:-0.63, fr=0.388, rotstif=0.809
j:0.4981920635327697, -0.10641943011432886, 0.6952594360336661, 0.25153374299407005, -0.025788866449147463, -0.6759939175099134, fr=0.598, rotstif=0.881, l=0.949
j:-0.15727144805714488, 0.10220279125496745, 0.23411010392010212, 0.7658213935792446, 0.8174713728949428, 0.725016191136092, fr=0.335, rotstif=0.967
j:-0.036974066868424416, 0.9094724357128143, -0.5523723983205855, -0.7522721881978214, -0.4484048020094633, -0.9699531150981784, fr=0.091, l=1.006
j:0.6731291725300252, 0.6674448479898274, -0.7563068210147321, 0.9815567904151976, -0.8331878213211894, 0.5430722655728459, fr=0.501
n:-0.8158296211622655, 0.4205138483084738, -0.3264968586154282, 0.2725800317712128, 0.10847760457545519, 0.3820330030284822, d=*
n:-0.8257614406757057, 0.515389546751976, 0.3873933367431164, 0.867492732591927, -0.22673566034063697, 0.6701694908551872, d=|:p=0.168
n:-0.9522833260707557, -0.37639481481164694, 0.40078785037621856, 0.5391491134651005, -0.3377920021302998, -0.49088308587670326, d=""Gpart:ry=-1.369, rz=-0.445""
n:-0.9210183778777719, 0.5961959259584546, 0.5472357999533415, 0.3776000807993114, -0.04635980166494846, -0.9626944251358509, d=""|:p=0.243, r=0.822""
n:-0.963021487928927, 0.5389856775291264, -0.341, -0.7920738882385194, -0.6536343013867736, 0.07538946066051722, d=""Gpart:ry=-1.561, rz=-0.891""
c:-0.7817348460666835, -0.3689415343105793, -0.6402330957353115, -0.6253632004372776, -0.8896888508461416, 0.5462142638862133, 1.877
",0.010177875515177237,feasible,20
23,H,2,"//H
3
j:-0.63, fr=0.388
j:0.4981920635327697, -0.10641943011432886, 0.6952594360336661, 0.25153374299407005, -0.025788866449147463, -0.6759939175099134, fr=0.598, rotstif=0.881, l=0.949
j:-0.15727144805714488, 0.10220279125496745, 0.23411010392010212, 0.7658213935792446, 0.8174713728949428, 0.725016191136092, fr=0.335, rotstif=0.967
j:-0.036974066868424416, 0.9094724357128143, -0.5523723983205855, -0.7522721881978214, -0.4484048020094633, -0.9699531150981784, fr=0.091, l=1.006
j:0.6731291725300252, 0.6674448479898274, -0.7563068210147321, 0.9815567904151976, -0.8331878213211894, 0.5430722655728459, fr=0.501
n:-0.8158296211622655, 0.4205138483084738, -0.3264968586154282, 0.2725800317712128, 0.10847760457545519, 0.3820330030284822, d=*
n:-0.8257614406757057, 0.515389546751976, 0.3873933367431164, 0.867492732591927, -0.22673566034063697, 0.6701694908551872, d=|:p=0.168
n:-0.9522833260707557, -0.37639481481164694, 0.40078785037621856, 0.5391491134651005, -0.3377920021302998, -0.49088308587670326, d=""Gpart:ry=-1.369, rz=-0.445""
n:-0.9210183778777719, 0.5961959259584546, 0.5472357999533415, 0.3776000807993114, -0.04635980166494846, -0.9626944251358509, d=""|:p=0.243, r=0.822""
n:-0.963021487928927, 0.5389856775291264, -0.341, -0.7920738882385194, -0.6536343013867736, 0.07538946066051722, d=""Gpart:ry=-1.561, rz=-0.891""
c:-0.7817348460666835, -0.3689415343105793, -0.6402330957353115, -0.6253632004372776, -0.8896888508461416, 0.5462142638862133, 1.877
",0.010177875515177237,"//H
3
j:-0.63, fr=0.388
j:0.4981920635327697, -0.10641943011432886, 0.6952594360336661, 0.25153374299407005, -0.025788866449147463, -0.6759939175099134, fr=0.598, rotstif=0.881, l=0.949
j:-0.15727144805714488, 0.10220279125496745, 0.23411010392010212, 0.7658213935792446, 0.8174713728949428, 0.725016191136092, fr=0.335, rotstif=0.967
j:-0.036974066868424416, 0.9094724357128143, -0.5523723983205855, -0.7522721881978214, -0.4484048020094633, -0.9699531150981784, fr=0.091, l=1.006
j:0.6731291725300252, 0.6674448479898274, -0.7563068210147321, 0.9815567904151976, -0.8331878213211894, 0.5430722655728459, fr=0.501
n:-0.8158296211622655, 0.4205138483084738, -0.3264968586154282, 0.2725800317712128, 0.10847760457545519, 0.3820330030284822, d=*
n:-0.8257614406757057, 0.515389546751976, 0.3873933367431164, 0.867492732591927, -0.22673566034063697, 0.6701694908551872, d=|:p=0.168
n:-0.9522833260707557, -0.37639481481164694, 0.40078785037621856, 0.5391491134651005, -0.3377920021302998, -0.49088308587670326, d=""Gpart:ry=-1.369, rz=-0.445""
n:-0.9210183778777719, 0.5961959259584546, 0.5472357999533415, 0.3776000807993114, -0.04635980166494846, -0.9626944251358509, d=""|:p=0.243, r=0.822""
n:-0.963021487928927, 0.5389856775291264, -0.341, -0.7920738882385194, -0.6536343013867736, 0.07538946066051722, d=""Gpart:ry=-1.561, rz=-0.891""
c:-0.7817348460666835, -0.3689415343105793, -0.6402330957353115, -0.6253632004372776, -0.8896888508461416, 0.5462142638862133, 1.09
",0.0006704456754864371,feasible,20
23,H,2,"//H
3
j:-0.63, fr=0.388
j:0.4981920635327697, -0.10641943011432886, 0.6952594360336661, 0.25153374299407005, -0.025788866449147463, -0.6759939175099134, fr=0.598, rotstif=0.881, l=0.949
j:-0.15727144805714488, 0.10220279125496745, 0.23411010392010212, 0.7658213935792446, 0.8174713728949428, 0.725016191136092, fr=0.335, rotstif=0.967
j:-0.036974066868424416, 0.9094724357128143, -0.5523723983205855, -0.7522721881978214, -0.4484048020094633, -0.9699531150981784, fr=0.091, l=1.006
j:0.6731291725300252, 0.6674448479898274, -0.7563068210147321, 0.9815567904151976, -0.8331878213211894, 0.5430722655728459, fr=0.501
n:-0.8158296211622655, 0.4205138483084738, -0.3264968586154282, 0.2725800317712128, 0.10847760457545519, 0.3820330030284822, d=*
n:-0.8257614406757057, 0.515389546751976, 0.3873933367431164, 0.867492732591927, -0.22673566034063697, 0.6701694908551872, d=|:p=0.168
n:-0.9522833260707557, -0.37639481481164694, 0.40078785037621856, 0.5391491134651005, -0.3377920021302998, -0.49088308587670326, d=""Gpart:ry=-1.369, rz=-0.445""
n:-0.9210183778777719, 0.5961959259584546, 0.5472357999533415, 0.3776000807993114, -0.04635980166494846, -0.9626944251358509, d=""|:p=0.243, r=0.822""
n:-0.963021487928927, 0.5389856775291264, -0.341, -0.7920738882385194, -0.6536343013867736, 0.07538946066051722, d=""Gpart:ry=-1.561, rz=-0.891""
c:-0.7817348460666835, -0.3689415343105793, -0.6402330957353115, -0.6253632004372776, -0.8896888508461416, 0.5462142638862133, 1.877
",0.010177875515177237,"//H
3
j:-0.63, fr=0.388
j:0.4981920635327697, 0.087, 0.6952594360336661, 0.25153374299407005, -0.025788866449147463, -0.6759939175099134, fr=0.598, rotstif=0.881, l=0.949
j:-0.15727144805714488, 0.10220279125496745, 0.23411010392010212, 0.7658213935792446, 0.8174713728949428, 0.725016191136092, fr=0.335, rotstif=0.967
j:-0.036974066868424416, 0.9094724357128143, -0.5523723983205855, -0.7522721881978214, -0.4484048020094633, -0.9699531150981784, fr=0.091, l=1.006
j:0.6731291725300252, 0.6674448479898274, -0.7563068210147321, 0.9815567904151976, -0.8331878213211894, 0.5430722655728459, fr=0.501
n:-0.8158296211622655, 0.4205138483084738, -0.3264968586154282, 0.2725800317712128, 0.10847760457545519, 0.3820330030284822, d=*
n:-0.8257614406757057, 0.515389546751976, 0.3873933367431164, 0.867492732591927, -0.22673566034063697, 0.6701694908551872, d=|:p=0.168
n:-0.9522833260707557, -0.37639481481164694, 0.40078785037621856, 0.5391491134651005, -0.3377920021302998, -0.49088308587670326, d=""Gpart:ry=-1.369, rz=-0.445""
n:-0.9210183778777719, 0.5961959259584546, 0.5472357999533415, 0.3776000807993114, -0.04635980166494846, -0.9626944251358509, d=""|:p=0.243, r=0.822""
n:-0.963021487928927, 0.5389856775291264, -0.341, -0.7920738882385194, -0.6536343013867736, 0.07538946066051722, d=""Gpart:ry=-1.561, rz=-0.891""
c:-0.7817348460666835, -0.3689415343105793, -0.6402330957353115, -0.6253632004372776, -0.8896888508461416, 0.5462142638862133, 1.877
",2.386715563148375e-06,feasible,20
23,H,3,"//H
3
j:-0.63, fr=0.388
j:0.4981920635327697, -0.10641943011432886, 0.6952594360336661, 0.25153374299407005, -0.025788866449147463, -0.6759939175099134, fr=0.598, rotstif=0.881, l=0.949
j:-0.15727144805714488, 0.10220279125496745, 0.23411010392010212, 0.7658213935792446, 0.8174713728949428, 0.986, fr=0.335, rotstif=0.967
j:-0.036974066868424416, 0.9094724357128143, -0.5523723983205855, -0.7522721881978214, -0.4484048020094633, -0.9699531150981784, fr=0.091, l=1.006
j:0.6731291725300252, 0.6674448479898274, -0.7563068210147321, 0.9815567904151976, -0.8331878213211894, 0.5430722655728459, fr=0.501
n:-0.8158296211622655, 0.4205138483084738, -0.3264968586154282, 0.2725800317712128, 0.10847760457545519, 0.3820330030284822, d=*
n:-0.8257614406757057, 0.515389546751976, 0.3873933367431164, 0.867492732591927, -0.22673566034063697, 0.6701694908551872, d=|:p=0.168
n:-0.9522833260707557, -0.37639481481164694, 0.40078785037621856, 0.5391491134651005, -0.3377920021302998, -0.49088308587670326, d=""Gpart:ry=-1.369, rz=-0.445""
n:-0.9210183778777719, 0.5961959259584546, 0.5472357999533415, 0.3776000807993114, -0.04635980166494846, -0.9626944251358509, d=""|:p=0.243, r=0.822""
n:-0.963021487928927, 0.5389856775291264, -0.5374517305754125, -0.7920738882385194, -0.6536343013867736, 0.07538946066051722, d=""Gpart:ry=-1.561, rz=-0.891""
n:0.990062837023288, 0.4631991349160671, 0.7095643887296319, 0.40823808452114463, 0.4697988391853869, 0.7499512569047511, d=@:p=0.899
c:-0.7817348460666835, -0.3689415343105793, -0.6402330957353115, -0.6253632004372776, -0.8896888508461416, 0.5462142638862133, 1.877
",0.010325247436865716,"//H
3
j:-0.63, fr=0.388
j:0.4981920635327697, -0.10641943011432886, 0.6952594360336661, 0.25153374299407005, -0.025788866449147463, -0.6759939175099134, fr=0.598, rotstif=0.881, l=0.949
j:-0.15727144805714488, 0.10220279125496745, 0.23411010392010212, 0.7658213935792446, 0.8174713728949428, 0.986, fr=0.335, rotstif=0.967
j:-0.036974066868424416, 0.9094724357128143, -0.5523723983205855, -0.7522721881978214, -0.4484048020094633, -0.9699531150981784, fr=0.091, l=1.006
j:0.6731291725300252, 0.6674448479898274, -0.7563068210147321, 0.9815567904151976, -0.8331878213211894, 0.5430722655728459, fr=0.501
n:-0.8158296211622655, 0.4205138483084738, -0.3264968586154282, 0.2725800317712128, 0.10847760457545519, 0.3820330030284822, d=*
n:-0.8257614406757057, 0.515389546751976, 0.3873933367431164, 0.867492732591927, -0.22673566034063697, 0.6701694908551872, d=|:p=0.168
n:-0.9522833260707557, -0.37639481481164694, 0.40078785037621856, 0.5391491134651005, -0.3377920021302998, -0.49088308587670326, d=""Gpart:ry=-1.369, rz=-0.445""
n:-0.9210183778777719, 0.5961959259584546, 0.5472357999533415, 0.3776000807993114, -0.04635980166494846, -0.9626944251358509, d=""|:p=0.243, r=0.822""
n:-0.963021487928927, 0.5389856775291264, -0.5374517305754125, -0.7920738882385194, -0.6536343013867736, 0.07538946066051722, d=""Gpart:ry=-1.561, rz=-0.891""
n:0.990062837023288, 0.4631991349160671, 0.7095643887296319, 0.40823808452114463, 0.4697988391853869, 0.7499512569047511, d=@:p=0.899
n:0.1833898196928203, 0.5828575799241662, -0.3373460075818002, -0.32306133629754186, 0.42725032148882747, 0.89444988546893, d=S
c:-0.7817348460666835, -0.3689415343105793, -0.6402330957353115, -0.6253632004372776, -0.8896888508461416, 0.5462142638862133, 1.877
",0.010325247436865716,feasible,22
23,H,3,"//H
3
j:-0.63, fr=0.388
j:0.4981920635327697, -0.10641943011432886, 0.6952594360336661, 0.25153374299407005, -0.025788866449147463, -0.6759939175099134, fr=0.598, rotstif=0.881, l=0.949
j:-0.15727144805714488, 0.10220279125496745, 0.23411010392010212, 0.7658213935792446, 0.8174713728949428, 0.986, fr=0.335, rotstif=0.967
j:-0.036974066868424416, 0.9094724357128143, -0.5523723983205855, -0.7522721881978214, -0.4484048020094633, -0.9699531150981784, fr=0.091, l=1.006
j:0.6731291725300252, 0.6674448479898274, -0.7563068210147321, 0.9815567904151976, -0.8331878213211894, 0.5430722655728459, fr=0.501
n:-0.8158296211622655, 0.4205138483084738, -0.3264968586154282, 0.2725800317712128, 0.10847760457545519, 0.3820330030284822, d=*
n:-0.8257614406757057, 0.515389546751976, 0.3873933367431164, 0.867492732591927, -0.22673566034063697, 0.6701694908551872, d=|:p=0.168
n:-0.9522833260707557, -0.37639481481164694, 0.40078785037621856, 0.5391491134651005, -0.3377920021302998, -0.49088308587670326, d=""Gpart:ry=-1.369, rz=-0.445""
n:-0.9210183778777719, 0.5961959259584546, 0.5472357999533415, 0.3776000807993114, -0.04635980166494846, -0.9626944251358509, d=""|:p=0.243, r=0.822""
n:-0.963021487928927, 0.5389856775291264, -0.5374517305754125, -0.7920738882385194, -0.6536343013867736, 0.07538946066051722, d=""Gpart:ry=-1.561, rz=-0.891""
n:0.990062837023288, 0.4631991349160671, 0.7095643887296319, 0.40823808452114463, 0.4697988391853869, 0.7499512569047511, d=@:p=0.899
c:-0.7817348460666835, -0.3689415343105793, -0.6402330957353115, -0.6253632004372776, -0.8896888508461416, 0.5462142638862133, 1.877
",0.010325247436865716,"//H
3
j:-0.63, fr=0.388
j:0.4981920635327697, -0.10641943011432886, 0.6952594360336661, 0.25153374299407005, -0.025788866449147463, -0.6759939175099134, fr=0.598, rotstif=0.881, l=0.949
j:-0.15727144805714488, 0.10220279125496745, 0.23411010392010212, 0.7658213935792446, 0.8174713728949428, 0.986, fr=0.335, rotstif=0.967
j:-0.036974066868424416, 0.9094724357128143, -0.5523723983205855, -0.7522721881978214, -0.4484048020094633, -0.9699531150981784, fr=0.091, l=1.006
j:0.6731291725300252, 0.6674448479898274, -0.7563068210147321, 0.9815567904151976, -0.8331878213211894, 0.5430722655728459, fr=0.501
n:-0.8158296211622655, 0.4205138483084738, -0.3264968586154282, 0.2725800317712128, 0.10847760457545519, 0.3820330030284822, d=*
n:-0.8257614406757057, 0.515389546751976, 0.3873933367431164, 0.867492732591927, -0.22673566034063697, 0.6701694908551872, d=|:p=0.168
n:-0.9522833260707557, -0.37639481481164694, 0.40078785037621856, 0.5391491134651005, -0.3377920021302998, -0.49088308587670326, d=""Gpart:ry=-1.369, rz=-0.445""
n:-0.9210183778777719, 0.5961959259584546, 0.5472357999533415, 0.3776000807993114, -0.04635980166494846, -0.9626944251358509, d=""|:p=0.304, r=0.822""
n:-0.963021487928927, 0.5389856775291264, -0.5374517305754125, -0.7920738882385194, -0.6536343013867736, 0.07538946066051722, d=""Gpart:ry=-1.561, rz=-0.891""
n:0.990062837023288, 0.4631991349160671, 0.7095643887296319, 0.40823808452114463, 0.4697988391853869, 0.7499512569047511, d=@:p=0.899
c:-0.7817348460666835, -0.3689415343105793, -0.6402330957353115, -0.6253632004372776, -0.8896888508461416, 0.5462142638862133, 1.877
",0.008171178865926759,feasible,22
23,H,3,"//H
3
j:-0.63, fr=0.388
j:0.4981920635327697, -0.10641943011432886, 0.6952594360336661, 0.25153374299407005, -0.025788866449147463, -0.6759939175099134, fr=0.598, rotstif=0.881, l=0.949
j:-0.15727144805714488, 0.10220279125496745, 0.23411010392010212, 0.7658213935792446, 0.8174713728949428, 0.986, fr=0.335, rotstif=0.967
j:-0.036974066868424416, 0.9094724357128143, -0.5523723983205855, -0.7522721881978214, -0.4484048020094633, -0.9699531150981784, fr=0.091, l=1.006
j:0.6731291725300252, 0.6674448479898274, -0.7563068210147321, 0.9815567904151976, -0.8331878213211894, 0.5430722655728459, fr=0.501
n:-0.8158296211622655, 0.4205138483084738, -0.3264968586154282, 0.2725800317712128, 0.10847760457545519, 0.3820330030284822, d=*
n:-0.8257614406757057, 0.515389546751976, 0.3873933367431164, 0.867492732591927, -0.22673566034063697, 0.6701694908551872, d=|:p=0.168
n:-0.9522833260707557, -0.37639481481164694, 0.40078785037621856, 0.5391491134651005, -0.3377920021302998, -0.49088308587670326, d=""Gpart:ry=-1.369, rz=-0.445""
n:-0.9210183778777719, 0.5961959259584546, 0.5472357999533415, 0.3776000807993114, -0.04635980166494846, -0.9626944251358509, d=""|:p=0.243, r=0.822""
n:-0.963021487928927, 0.5389856775291264, -0.5374517305754125, -0.7920738882385194, -0.6536343013867736, 0.07538946066051722, d=""Gpart:ry=-1.561, rz=-0.891""
n:0.990062837023288, 0.4631991349160671, 0.7095643887296319, 0.40823808452114463, 0.4697988391853869, 0.7499512569047511, d=@:p=0.899
c:-0.7817348460666835, -0.3689415343105793, -0.6402330957353115, -0.6253632004372776, -0.8896888508461416, 0.5462142638862133, 1.877
",0.010325247436865716,"//H
3
j:-0.63, fr=0.388
j:0.4981920635327697, -0.10641943011432886, 0.6952594360336661, 0.25153374299407005, -0.025788866449147463, -0.6759939175099134, fr=0.598, rotstif=0.881, l=0.949
j:-0.15727144805714488, 0.10220279125496745, 0.23411010392010212, 0.7658213935792446, 0.8174713728949428, 0.986, fr=0.335, rotstif=0.967
j:-0.036974066868424416, 0.9094724357128143, -0.5523723983205855, -0.7522721881978214, -0.4484048020094633, -0.9699531150981784, fr=0.091, l=1.006
j:0.6731291725300252, 0.6674448479898274, -0.7563068210147321, 0.9815567904151976, -0.8331878213211894, 0.5430722655728459, fr=0.501
n:-0.8158296211622655, 0.4205138483084738, -0.3264968586154282, 0.2725800317712128, 0.10847760457545519, 0.3820330030284822, d=*
n:-0.8257614406757057, 0.515389546751976, 0.3873933367431164, 0.867492732591927, -0.22673566034063697, 0.6701694908551872, d=|:p=0.168
n:-0.9522833260707557, -0.37639481481164694, 0.40078785037621856, 0.5391491134651005, -0.3377920021302998, -0.49088308587670326, d=""Gpart:ry=-1.369, rz=-0.445""
n:-0.963021487928927, 0.5389856775291264, -0.5374517305754125, -0.7920738882385194, -0.6536343013867736, 0.07538946066051722, d=""Gpart:ry=-1.561, rz=-0.891""
n:0.990062837023288, 0.4631991349160671, 0.7095643887296319, 0.40823808452114463, 0.4697988391853869, 0.7499512569047511, d=@:p=0.899
c:-0.7817348460666835, -0.3689415343105793, -0.6402330957353115, -0.6253632004372776, -0.8896888508461416, 0.5462142638862133, 1.877
",0.008888075469045433,feasible,22
23,H,3,"//H
3
j:-0.63, fr=0.388
j:0.4981920635327697, -0.10641943011432886, 0.6952594360336661, 0.25153374299407005, -0.025788866449147463, -0.6759939175099134, fr=0.598, rotstif=0.881, l=0.949
j:-0.15727144805714488, 0.10220279125496745, 0.23411010392010212, 0.7658213935792446, 0.8174713728949428, 0.986, fr=0.335, rotstif=0.967
j:-0.036974066868424416, 0.9094724357128143, -0.5523723983205855, -0.7522721881978214, -0.4484048020094633, -0.9699531150981784, fr=0.091, l=1.006
j:0.6731291725300252, 0.6674448479898274, -0.7563068210147321, 0.9815567904151976, -0.8331878213211894, 0.5430722655728459, fr=0.501
n:-0.8158296211622655, 0.4205138483084738, -0.3264968586154282, 0.2725800317712128, 0.10847760457545519, 0.3820330030284822, d=*
n:-0.8257614406757057, 0.515389546751976, 0.3873933367431164, 0.867492732591927, -0.22673566034063697, 0.6701694908551872, d=|:p=0.168
n:-0.9522833260707557, -0.37639481481164694, 0.40078785037621856, 0.5391491134651005, -0.3377920021302998, -0.49088308587670326, d=""Gpart:ry=-1.369, rz=-0.445""
n:-0.9210183778777719, 0.5961959259584546, 0.5472357999533415, 0.3776000807993114, -0.04635980166494846, -0.9626944251358509, d=""|:p=0.243, r=0.822""
n:-0.963021487928927, 0.5389856775291264, -0.5374517305754125, -0.7920738882385194, -0.6536343013867736, 0.07538946066051722, d=""Gpart:ry=-1.561, rz=-0.891""
n:0.990062837023288, 0.4631991349160671, 0.7095643887296319, 0.40823808452114463, 0.4697988391853869, 0.7499512569047511, d=@:p=0.899
c:-0.7817348460666835, -0.3689415343105793, -0.6402330957353115, -0.6253632004372776, -0.8896888508461416, 0.5462142638862133, 1.877
",0.010325247436865716,"//H
3
j:-0.63, fr=0.388
j:0.4981920635327697, -0.10641943011432886, 0.6952594360336661, 0.25153374299407005, -0.025788866449147463, -0.6759939175099134, fr=0.598, rotstif=0.881, l=0.949
j:-0.15727144805714488, 0.10220279125496745, 0.23411010392010212, 0.7658213935792446, 0.8174713728949428, 0.986, fr=0.335, rotstif=0.967
j:-0.036974066868424416, 0.49, -0.5523723983205855, -0.7522721881978214, -0.4484048020094633, -0.9699531150981784, fr=0.091, l=1.006
j:0.6731291725300252, 0.6674448479898274, -0.7563068210147321, 0.9815567904151976, -0.8331878213211894, 0.5430722655728459, fr=0.501
n:-0.8158296211622655, 0.4205138483084738, -0.3264968586154282, 0.2725800317712128, 0.10847760457545519, 0.3820330030284822, d=*
n:-0.8257614406757057, 0.515389546751976, 0.3873933367431164, 0.867492732591927, -0.22673566034063697, 0.6701694908551872, d=|:p=0.168
n:-0.9522833260707557, -0.37639481481164694, 0.40078785037621856, 0.5391491134651005, -0.3377920021302998, -0.49088308587670326, d=""Gpart:ry=-1.369, rz=-0.445""
n:-0.9210183778777719, 0.5961959259584546, 0.5472357999533415, 0.3776000807993114, -0.04635980166494846, -0.9626944251358509, d=""|:p=0.243, r=0.822""
n:-0.963021487928927, 0.5389856775291264, -0.5374517305754125, -0.7920738882385194, -0.6536343013867736, 0.07538946066051722, d=""Gpart:ry=-1.561, rz=-0.891""
n:0.990062837023288, 0.4631991349160671, 0.7095643887296319, 0.40823808452114463, 0.4697988391853869, 0.7499512569047511, d=@:p=0.899
c:-0.7817348460666835, -0.3689415343105793, -0.6402330957353115, -0.6253632004372776, -0.8896888508461416, 0.5462142638862133, 1.877
",0.00020092200211747611,feasible,22
23,H,3,"//H
3
j:-0.63, fr=0.388
j:0.4981920635327697, -0.10641943011432886, 0.6952594360336661, 0.25153374299407005, -0.025788866449147463, -0.6759939175099134, fr=0.598, rotstif=0.881, l=0.949
j:-0.15727144805714488, 0.10220279125496745, 0.23411010392010212, 0.7658213935792446, 0.8174713728949428, 0.986, fr=0.335, rotstif=0.967
j:-0.036974066868424416, 0.9094724357128143, -0.5523723983205855, -0.7522721881978214, -0.4484048020094633, -0.9699531150981784, fr=0.091, l=1.006
j:0.6731291725300252, 0.6674448479898274, -0.7563068210147321, 0.9815567904151976, -0.8331878213211894, 0.5430722655728459, fr=0.501
n:-0.8158296211622655, 0.4205138483084738, -0.3264968586154282, 0.2725800317712128, 0.10847760457545519, 0.3820330030284822, d=*
n:-0.8257614406757057, 0.515389546751976, 0.3873933367431164, 0.867492732591927, -0.22673566034063697, 0.6701694908551872, d=|:p=0.168
n:-0.9522833260707557, -0.37639481481164694, 0.40078785037621856, 0.5391491134651005, -0.3377920021302998, -0.49088308587670326, d=""Gpart:ry=-1.369, rz=-0.445""
n:-0.9210183778777719, 0.5961959259584546, 0.5472357999533415, 0.3776000807993114, -0.04635980166494846, -0.9626944251358509, d=""|:p=0.243, r=0.822""
n:-0.963021487928927, 0.5389856775291264, -0.5374517305754125, -0.7920738882385194, -0.6536343013867736, 0.07538946066051722, d=""Gpart:ry=-1.561, rz=-0.891""
n:0.990062837023288, 0.4631991349160671, 0.7095643887296319, 0.40823808452114463, 0.4697988391853869, 0.7499512569047511, d=@:p=0.899
c:-0.7817348460666835, -0.3689415343105793, -0.6402330957353115, -0.6253632004372776, -0.8896888508461416, 0.5462142638862133, 1.877
",0.010325247436865716,"//H
3
j:-0.63, fr=0.388
j:-0.15727144805714488, 0.10220279125496745, 0.23411010392010212, 0.7658213935792446, 0.8174713728949428, 0.986, fr=0.335, rotstif=0.967
j:-0.036974066868424416, 0.9094724357128143, -0.5523723983205855, -0.7522721881978214, -0.4484048020094633, -0.9699531150981784, fr=0.091, l=1.006
j:0.6731291725300252, 0.6674448479898274, -0.7563068210147321, 0.9815567904151976, -0.8331878213211894, 0.5430722655728459, fr=0.501
n:-0.8158296211622655, 0.4205138483084738, -0.3264968586154282, 0.2725800317712128, 0.10847760457545519, 0.3820330030284822, d=*
n:-0.8257614406757057, 0.515389546751976, 0.3873933367431164, 0.867492732591927, -0.22673566034063697, 0.6701694908551872, d=|:p=0.168
n:-0.9522833260707557, -0.37639481481164694, 0.40078785037621856, 0.5391491134651005, -0.3377920021302998, -0.49088308587670326, d=""Gpart:ry=-1.369, rz=-0.445""
n:-0.9210183778777719, 0.5961959259584546, 0.5472357999533415, 0.3776000807993114, -0.04635980166494846, -0.9626944251358509, d=""|:p=0.243, r=0.822""
n:-0.963021487928927, 0.5389856775291264, -0.5374517305754125, -0.7920738882385194, -0.6536343013867736, 0.07538946066051722, d=""Gpart:ry=-1.561, rz=-0.891""
n:0.990062837023288, 0.4631991349160671, 0.7095643887296319, 0.40823808452114463, 0.4697988391853869, 0.7499512569047511, d=@:p=0.899
c:-0.7817348460666835, -0.3689415343105793, -0.6402330957353115, -0.6253632004372776, -0.8896888508461416, 0.5462142638862133, 1.877
",0.00029628796690064414,feasible,22
23,H,3,"//H
3
j:-0.63, fr=0.388
j:0.4981920635327697, -0.10641943011432886, 0.6952594360336661, 0.25153374299407005, -0.025788866449147463, -0.6759939175099134, fr=0.598, rotstif=0.881, l=0.949
j:-0.15727144805714488, 0.10220279125496745, 0.23411010392010212, 0.7658213935792446, 0.8174713728949428, 0.986, fr=0.335, rotstif=0.967
j:-0.036974066868424416, 0.9094724357128143, -0.5523723983205855, -0.7522721881978214, -0.4484048020094633, -0.9699531150981784, fr=0.091, l=1.006
j:0.6731291725300252, 0.6674448479898274, -0.7563068210147321, 0.9815567904151976, -0.8331878213211894, 0.5430722655728459, fr=0.501
n:-0.8158296211622655, 0.4205138483084738, -0.3264968586154282, 0.2725800317712128, 0.10847760457545519, 0.3820330030284822, d=*
n:-0.8257614406757057, 0.515389546751976, 0.3873933367431164, 0.867492732591927, -0.22673566034063697, 0.6701694908551872, d=|:p=0.168
n:-0.9522833260707557, -0.37639481481164694, 0.40078785037621856, 0.5391491134651005, -0.3377920021302998, -0.49088308587670326, d=""Gpart:ry=-1.369, rz=-0.445""
n:-0.9210183778777719, 0.5961959259584546, 0.5472357999533415, 0.3776000807993114, -0.04635980166494846, -0.9626944251358509, d=""|:p=0.243, r=0.822""
n:-0.963021487928927, 0.5389856775291264, -0.5374517305754125, -0.7920738882385194, -0.6536343013867736, 0.07538946066051722, d=""Gpart:ry=-1.561, rz=-0.891""
n:0.990062837023288, 0.4631991349160671, 0.7095643887296319, 0.40823808452114463, 0.4697988391853869, 0.7499512569047511, d=@:p=0.899
c:-0.7817348460666835, -0.3689415343105793, -0.6402330957353115, -0.6253632004372776, -0.8896888508461416, 0.5462142638862133, 1.877
",0.010325247436865716,"//H
3
j:-0.63, fr=0.388
j:0.4981920635327697, -0.10641943011432886, 0.6952594360336661, 0.25153374299407005, -0.025788866449147463, -0.6759939175099134, fr=0.598, rotstif=0.881, l=0.949
j:-0.15727144805714488, 0.10220279125496745, 0.23411010392010212, 0.7658213935792446, 0.8174713728949428, 0.986, fr=0.335, rotstif=0.967
j:-0.036974066868424416, 0.9094724357128143, -0.5523723983205855, -0.7522721881978214, -0.4484048020094633, -0.9699531150981784, fr=0.091, l=1.006
j:0.6731291725300252, 0.6674448479898274, -0.7563068210147321, 0.9815567904151976, -0.8331878213211894, 0.5430722655728459, fr=0.501
j:0.6964753069914877, -0.41386824334040284, -0.2975028050132096, 0.2740745758637786, 0.14687515515834093, 0.7374526499770582, fr=0.397
n:-0.8158296211622655, 0.4205138483084738, -0.3264968586154282, 0.2725800317712128, 0.10847760457545519, 0.3820330030284822, d=*
n:-0.8257614406757057, 0.515389546751976, 0.3873933367431164, 0.867492732591927, -0.22673566034063697, 0.6701694908551872, d=|:p=0.168
n:-0.9522833260707557, -0.37639481481164694, 0.40078785037621856, 0.5391491134651005, -0.3377920021302998, -0.49088308587670326, d=""Gpart:ry=-1.369, rz=-0.445""
n:-0.9210183778777719, 0.5961959259584546, 0.5472357999533415, 0.3776000807993114, -0.04635980166494846, -0.9626944251358509, d=""|:p=0.243, r=0.822""
n:-0.963021487928927, 0.5389856775291264, -0.5374517305754125, -0.7920738882385194, -0.6536343013867736, 0.07538946066051722, d=""Gpart:ry=-1.561, rz=-0.891""
n:0.990062837023288, 0.4631991349160671, 0.7095643887296319, 0.40823808452114463, 0.4697988391853869, 0.7499512569047511, d=@:p=0.899
c:-0.7817348460666835, -0.3689415343105793, -0.6402330957353115, -0.6253632004372776, -0.8896888508461416, 0.5462142638862133, 1.877
",0.00018437277978077546,feasible,22
23,H,3,"//H
3
j:-0.63, fr=0.388
j:0.4981920635327697, -0.10641943011432886, 0.6952594360336661, 0.25153374299407005, -0.025788866449147463, -0.6759939175099134, fr=0.598, rotstif=0.881, l=0.949
j:-0.15727144805714488, 0.10220279125496745, 0.23411010392010212, 0.7658213935792446, 0.8174713728949428, 0.986, fr=0.335, rotstif=0.967
j:-0.036974066868424416, 0.9094724357128143, -0.5523723983205855, -0.7522721881978214, -0.4484048020094633, -0.9699531150981784, fr=0.091, l=1.006
j:0.6731291725300252, 0.6674448479898274, -0.7563068210147321, 0.9815567904151976, -0.8331878213211894, 0.5430722655728459, fr=0.501
n:-0.8158296211622655, 0.4205138483084738, -0.3264968586154282, 0.2725800317712128, 0.10847760457545519, 0.3820330030284822, d=*
n:-0.8257614406757057, 0.515389546751976, 0.3873933367431164, 0.867492732591927, -0.22673566034063697, 0.6701694908551872, d=|:p=0.168
n:-0.9522833260707557, -0.37639481481164694, 0.40078785037621856, 0.5391491134651005, -0.3377920021302998, -0.49088308587670326, d=""Gpart:ry=-1.369, rz=-0.445""
n:-0.9210183778777719, 0.5961959259584546, 0.5472357999533415, 0.3776000807993114, -0.04635980166494846, -0.9626944251358509, d=""|:p=0.243, r=0.822""
n:-0.963021487928927, 0.5389856775291264, -0.5374517305754125, -0.7920738882385194, -0.6536343013867736, 0.07538946066051722, d=""Gpart:ry=-1.561, rz=-0.891""
n:0.990062837023288, 0.4631991349160671, 0.7095643887296319, 0.40823808452114463, 0.4697988391853869, 0.7499512569047511, d=@:p=0.899
c:-0.7817348460666835, -0.3689415343105793, -0.6402330957353115, -0.6253632004372776, -0.8896888508461416, 0.5462142638862133, 1.877
",0.010325247436865716,"//H
3
j:-0.63, fr=0.388
j:0.4981920635327697, -0.10641943011432886, 0.6952594360336661, 0.25153374299407005, -0.025788866449147463, -0.6759939175099134, fr=0.598, rotstif=0.881, l=0.949
j:-0.15727144805714488, 0.10220279125496745, 0.23411010392010212, 0.7658213935792446, 0.8174713728949428, 0.986, fr=0.335, rotstif=0.967
j:-0.036974066868424416, 0.9094724357128143, -0.5523723983205855, -0.7522721881978214, -0.4484048020094633, -0.9699531150981784, fr=0.091, l=1.006
j:0.6731291725300252, 0.6674448479898274, -0.7563068210147321, 0.9815567904151976, -0.8331878213211894, 0.5430722655728459, fr=0.501
n:-0.8158296211622655, 0.4205138483084738, -0.3264968586154282, 0.2725800317712128, 0.10847760457545519, 0.3820330030284822, d=*
n:-0.8257614406757057, 0.515389546751976, 0.3873933367431164, 0.867492732591927, -0.22673566034063697, 0.6701694908551872, d=|:p=0.168
n:-0.9522833260707557, -0.37639481481164694, 0.40078785037621856, 0.5391491134651005, -0.3377920021302998, -0.49088308587670326, d=""Gpart:ry=-1.369, rz=-0.445""
n:-0.9210183778777719, 0.5961959259584546, 0.5472357999533415, 0.3776000807993114, -0.04635980166494846, -0.9626944251358509, d=""|:p=0.243, r=0.822""
n:-0.963021487928927, 0.5389856775291264, -0.5374517305754125, -0.7920738882385194, -0.6536343013867736, 0.07538946066051722, d=""Gpart:ry=-1.561, rz=-0.891""
n:0.990062837023288, 0.4631991349160671, 0.7095643887296319, 0.40823808452114463, 0.4697988391853869, 0.7499512569047511, d=@:p=0.899
",1.5131871720005818e-07,feasible,22
23,H,3,"//H
3
j:-0.63, fr=0.388
j:0.4981920635327697, -0.10641943011432886, 0.6952594360336661, 0.25153374299407005, -0.025788866449147463, -0.6759939175099134, fr=0.598, rotstif=0.881, l=0.949
j:-0.15727144805714488, 0.10220279125496745, 0.23411010392010212, 0.7658213935792446, 0.8174713728949428, 0.986, fr=0.335, rotstif=0.967
j:-0.036974066868424416, 0.9094724357128143, -0.5523723983205855, -0.7522721881978214, -0.4484048020094633, -0.9699531150981784, fr=0.091, l=1.006
j:0.6731291725300252, 0.6674448479898274, -0.7563068210147321, 0.9815567904151976, -0.8331878213211894, 0.5430722655728459, fr=0.501
n:-0.8158296211622655, 0.4205138483084738, -0.3264968586154282, 0.2725800317712128, 0.10847760457545519, 0.3820330030284822, d=*
n:-0.8257614406757057, 0.515389546751976, 0.3873933367431164, 0.867492732591927, -0.22673566034063697, 0.6701694908551872, d=|:p=0.168
n:-0.9522833260707557, -0.37639481481164694, 0.40078785037621856, 0.5391491134651005, -0.3377920021302998, -0.49088308587670326, d=""Gpart:ry=-1.369, rz=-0.445""
n:-0.9210183778777719, 0.5961959259584546, 0.5472357999533415, 0.3776000807993114, -0.04635980166494846, -0.9626944251358509, d=""|:p=0.243, r=0.822""
n:-0.963021487928927, 0.5389856775291264, -0.5374517305754125, -0.7920738882385194, -0.6536343013867736, 0.07538946066051722, d=""Gpart:ry=-1.561, rz=-0.891""
n:0.990062837023288, 0.4631991349160671, 0.7095643887296319, 0.40823808452114463, 0.4697988391853869, 0.7499512569047511, d=@:p=0.899
c:-0.7817348460666835, -0.3689415343105793, -0.6402330957353115, -0.6253632004372776, -0.8896888508461416, 0.5462142638862133, 1.877
",0.010325247436865716,"//H
3
j:-0.63, fr=0.388
j:0.4981920635327697, -0.10641943011432886, 0.6952594360336661, 0.25153374299407005, -0.025788866449147463, -0.6759939175099134, fr=0.598, rotstif=0.881, l=0.949
j:-0.15727144805714488, 0.10220279125496745, 0.23411010392010212, 0.7658213935792446, 0.8174713728949428, 0.986, fr=0.335, rotstif=0.967
j:-0.036974066868424416, 0.9094724357128143, -0.5523723983205855, -0.7522721881978214, -0.4484048020094633, -0.9699531150981784, fr=0.091, l=1.006
j:0.6731291725300252, 0.6674448479898274, -0.7563068210147321, 0.9815567904151976, -0.8331878213211894, 0.5430722655728459, fr=0.501
n:-0.8158296211622655, 0.4205138483084738, -0.3264968586154282, 0.2725800317712128, 0.10847760457545519, 0.3820330030284822, d=*
n:-0.8257614406757057, 0.515389546751976, 0.3873933367431164, 0.867492732591927, -0.22673566034063697, 0.6701694908551872, d=|:p=0.168
n:-0.9522833260707557, -0.37639481481164694, 0.40078785037621856, 0.5391491134651005, -0.3377920021302998, -0.49088308587670326, d=""Gpart:ry=-1.369, rz=-0.445""
n:-0.9210183778777719, 0.5961959259584546, 0.5472357999533415, 0.3776000807993114, -0.04635980166494846, -0.9626944251358509, d=""|:p=0.243, r=0.822""
n:-0.963021487928927, 0.5389856775291264, -0.5374517305754125, -0.7920738882385194, -0.6536343013867736, 0.07538946066051722, d=""Gpart:ry=-1.561, rz=-0.891""
n:0.990062837023288, 0.4631991349160671, 0.7095643887296319, 0.40823808452114463, 0.4697988391853869, 0.7499512569047511, d=@:p=0.899
c:-0.7817348460666835, -0.3689415343105793, -0.6402330957353115, -0.6253632004372776, -0.8896888508461416, 0.5462142638862133, 1.877
c:0.7136872871778905, -0.8310946593992412, -0.20449824072420597, -0.7309437380172312, 0.8465341348201036, 0.2442883220501244, 2.025
",0.0015258501751146982,feasible,22
23,H,3,"//H
3
j:-0.63, fr=0.388
j:0.4981920635327697, -0.10641943011432886, 0.6952594360336661, 0.25153374299407005, -0.025788866449147463, -0.6759939175099134, fr=0.598, rotstif=0.881, l=0.949
j:-0.15727144805714488, 0.10220279125496745, 0.23411010392010212, 0.7658213935792446, 0.8174713728949428, 0.986, fr=0.335, rotstif=0.967
j:-0.036974066868424416, 0.9094724357128143, -0.5523723983205855, -0.7522721881978214, -0.4484048020094633, -0.9699531150981784, fr=0.091, l=1.006
j:0.6731291725300252, 0.6674448479898274, -0.7563068210147321, 0.9815567904151976, -0.8331878213211894, 0.5430722655728459, fr=0.501
n:-0.8158296211622655, 0.4205138483084738, -0.3264968586154282, 0.2725800317712128, 0.10847760457545519, 0.3820330030284822, d=*
n:-0.8257614406757057, 0.515389546751976, 0.3873933367431164, 0.867492732591927, -0.22673566034063697, 0.6701694908551872, d=|:p=0.168
n:-0.9522833260707557, -0.37639481481164694, 0.40078785037621856, 0.5391491134651005, -0.3377920021302998, -0.49088308587670326, d=""Gpart:ry=-1.369, rz=-0.445""
n:-0.9210183778777719, 0.5961959259584546, 0.5472357999533415, 0.3776000807993114, -0.04635980166494846, -0.9626944251358509, d=""|:p=0.243, r=0.822""
n:-0.963021487928927, 0.5389856775291264, -0.5374517305754125, -0.7920738882385194, -0.6536343013867736, 0.07538946066051722, d=""Gpart:ry=-1.561, rz=-0.891""
n:0.990062837023288, 0.4631991349160671, 0.7095643887296319, 0.40823808452114463, 0.4697988391853869, 0.7499512569047511, d=@:p=0.899
c:-0.7817348460666835, -0.3689415343105793, -0.6402330957353115, -0.6253632004372776, -0.8896888508461416, 0.5462142638862133, 1.877
",0.010325247436865716,"//H
3
j:-0.63, fr=0.388
j:0.4981920635327697, -0.10641943011432886, 0.6952594360336661, 0.25153374299407005, -0.025788866449147463, -0.6759939175099134, fr=0.598, rotstif=0.881, l=0.949
j:-0.15727144805714488, 0.10220279125496745, 0.23411010392010212, 0.7658213935792446, 0.8174713728949428, 0.986, fr=0.335, rotstif=0.952
j:-0.036974066868424416, 0.9094724357128143, -0.5523723983205855, -0.7522721881978214, -0.4484048020094633, -0.9699531150981784, fr=0.091, l=1.006
j:0.6731291725300252, 0.6674448479898274, -0.7563068210147321, 0.9815567904151976, -0.8331878213211894, 0.5430722655728459, fr=0.501
n:-0.8158296211622655, 0.4205138483084738, -0.3264968586154282, 0.2725800317712128, 0.10847760457545519, 0.3820330030284822, d=*
n:-0.8257614406757057, 0.515389546751976, 0.3873933367431164, 0.867492732591927, -0.22673566034063697, 0.6701694908551872, d=|:p=0.168
n:-0.9522833260707557, -0.37639481481164694, 0.40078785037621856, 0.5391491134651005, -0.3377920021302998, -0.49088308587670326, d=""Gpart:ry=-1.369, rz=-0.445""
n:-0.9210183778777719, 0.5961959259584546, 0.5472357999533415, 0.3776000807993114, -0.04635980166494846, -0.9626944251358509, d=""|:p=0.243, r=0.822""
n:-0.963021487928927, 0.5389856775291264, -0.5374517305754125, -0.7920738882385194, -0.6536343013867736, 0.07538946066051722, d=""Gpart:ry=-1.561, rz=-0.891""
n:0.990062837023288, 0.4631991349160671, 0.7095643887296319, 0.40823808452114463, 0.4697988391853869, 0.7499512569047511, d=@:p=0.899
c:-0.7817348460666835, -0.3689415343105793, -0.6402330957353115, -0.6253632004372776, -0.8896888508461416, 0.5462142638862133, 1.877
",0.010325247436865716,feasible,22
23,H,3,"//H
3
j:-0.63, fr=0.388
j:0.4981920635327697, -0.10641943011432886, 0.6952594360336661, 0.25153374299407005, -0.025788866449147463, -0.6759939175099134, fr=0.598, rotstif=0.881, l=0.949
j:-0.15727144805714488, 0.10220279125496745, 0.23411010392010212, 0.7658213935792446, 0.8174713728949428, 0.986, fr=0.335, rotstif=0.967
j:-0.036974066868424416, 0.9094724357128143, -0.5523723983205855, -0.7522721881978214, -0.4484048020094633, -0.9699531150981784, fr=0.091, l=1.006
j:0.6731291725300252, 0.6674448479898274, -0.7563068210147321, 0.9815567904151976, -0.8331878213211894, 0.5430722655728459, fr=0.501
n:-0.8158296211622655, 0.4205138483084738, -0.3264968586154282, 0.2725800317712128, 0.10847760457545519, 0.3820330030284822, d=*
n:-0.8257614406757057, 0.515389546751976, 0.3873933367431164, 0.867492732591927, -0.22673566034063697, 0.6701694908551872, d=|:p=0.168
n:-0.9522833260707557, -0.37639481481164694, 0.40078785037621856, 0.5391491134651005, -0.3377920021302998, -0.49088308587670326, d=""Gpart:ry=-1.369, rz=-0.445""
n:-0.9210183778777719, 0.5961959259584546, 0.5472357999533415, 0.3776000807993114, -0.04635980166494846, -0.9626944251358509, d=""|:p=0.243, r=0.822""
n:-0.963021487928927, 0.5389856775291264, -0.5374517305754125, -0.7920738882385194, -0.6536343013867736, 0.07538946066051722, d=""Gpart:ry=-1.561, rz=-0.891""
n:0.990062837023288, 0.4631991349160671, 0.7095643887296319, 0.40823808452114463, 0.4697988391853869, 0.7499512569047511, d=@:p=0.899
c:-0.7817348460666835, -0.3689415343105793, -0.6402330957353115, -0.6253632004372776, -0.8896888508461416, 0.5462142638862133, 1.877
",0.010325247436865716,"//H
3
j:-0.63, fr=0.388
j:0.4981920635327697, -0.10641943011432886, 0.6952594360336661, 0.25153374299407005, -0.025788866449147463, -0.6759939175099134, fr=0.598, rotstif=0.881, l=0.949
j:-0.15727144805714488, 0.10220279125496745, 0.23411010392010212, 0.7658213935792446, 0.8174713728949428, 0.992, fr=0.335, rotstif=0.967
j:-0.036974066868424416, 0.9094724357128143, -0.5523723983205855, -0.7522721881978214, -0.4484048020094633, -0.9699531150981784, fr=0.091, l=1.006
j:0.6731291725300252, 0.6674448479898274, -0.7563068210147321, 0.9815567904151976, -0.8331878213211894, 0.5430722655728459, fr=0.501
n:-0.8158296211622655, 0.4205138483084738, -0.3264968586154282, 0.2725800317712128, 0.10847760457545519, 0.3820330030284822, d=*
n:-0.8257614406757057, 0.515389546751976, 0.3873933367431164, 0.867492732591927, -0.22673566034063697, 0.6701694908551872, d=|:p=0.168
n:-0.9522833260707557, -0.37639481481164694, 0.40078785037621856, 0.5391491134651005, -0.3377920021302998, -0.49088308587670326, d=""Gpart:ry=-1.369, rz=-0.445""
n:-0.9210183778777719, 0.5961959259584546, 0.5472357999533415, 0.3776000807993114, -0.04635980166494846, -0.9626944251358509, d=""|:p=0.243, r=0.822""
n:-0.963021487928927, 0.5389856775291264, -0.5374517305754125, -0.7920738882385194, -0.6536343013867736, 0.07538946066051722, d=""Gpart:ry=-1.561, rz=-0.891""
n:0.990062837023288, 0.4631991349160671, 0.7095643887296319, 0.40823808452114463, 0.4697988391853869, 0.7499512569047511, d=@:p=0.899
c:-0.7817348460666835, -0.3689415343105793, -0.6402330957353115, -0.6253632004372776, -0.8896888508461416, 0.5462142638862133, 1.877
",0.010325247436865716,feasible,22
23,H,3,"//H
3
j:-0.63, fr=0.388
j:0.4981920635327697, -0.10641943011432886, 0.6952594360336661, 0.25153374299407005, -0.025788866449147463, -0.6759939175099134, fr=0.598, rotstif=0.881, l=0.949
j:-0.15727144805714488, 0.10220279125496745, 0.23411010392010212, 0.7658213935792446, 0.8174713728949428, 0.986, fr=0.335, rotstif=0.967
j:-0.036974066868424416, 0.9094724357128143, -0.5523723983205855, -0.7522721881978214, -0.4484048020094633, -0.9699531150981784, fr=0.091, l=1.006
j:0.6731291725300252, 0.6674448479898274, -0.7563068210147321, 0.9815567904151976, -0.8331878213211894, 0.5430722655728459, fr=0.501
n:-0.8158296211622655, 0.4205138483084738, -0.3264968586154282, 0.2725800317712128, 0.10847760457545519, 0.3820330030284822, d=*
n:-0.8257614406757057, 0.515389546751976, 0.3873933367431164, 0.867492732591927, -0.22673566034063697, 0.6701694908551872, d=|:p=0.168
n:-0.9522833260707557, -0.37639481481164694, 0.40078785037621856, 0.5391491134651005, -0.3377920021302998, -0.49088308587670326, d=""Gpart:ry=-1.369, rz=-0.445""
n:-0.9210183778777719, 0.5961959259584546, 0.5472357999533415, 0.3776000807993114, -0.04635980166494846, -0.9626944251358509, d=""|:p=0.243, r=0.822""
n:-0.963021487928927, 0.5389856775291264, -0.5374517305754125, -0.7920738882385194, -0.6536343013867736, 0.07538946066051722, d=""Gpart:ry=-1.561, rz=-0.891""
n:0.990062837023288, 0.4631991349160671, 0.7095643887296319, 0.40823808452114463, 0.4697988391853869, 0.7499512569047511, d=@:p=0.899
c:-0.7817348460666835, -0.3689415343105793, -0.6402330957353115, -0.6253632004372776, -0.8896888508461416, 0.5462142638862133, 1.877
",0.010325247436865716,"//H
3
j:-0.63, fr=0.388
j:0.4981920635327697, -0.10641943011432886, 0.6952594360336661, 0.25153374299407005, -0.025788866449147463, -0.6759939175099134, fr=0.598, rotstif=0.881, l=0.949
j:-0.15727144805714488, 0.10220279125496745, 0.23411010392010212, 0.7658213935792446, 0.8174713728949428, 0.986, fr=0.335, rotstif=0.967
j:-0.036974066868424416, 0.9094724357128143, -0.5523723983205855, -0.7522721881978214, -0.4484048020094633, -0.9699531150981784, fr=0.091, l=1.006
j:0.6731291725300252, 0.6674448479898274, -0.7563068210147321, 0.9815567904151976, -0.8331878213211894, 0.5430722655728459, fr=0.501
n:-0.8158296211622655, 0.4205138483084738, -0.3264968586154282, 0.2725800317712128, 0.10847760457545519, 0.3820330030284822, d=*
n:-0.8257614406757057, 0.515389546751976, 0.3873933367431164, 0.867492732591927, -0.22673566034063697, 0.6701694908551872, d=|:p=0.168
n:-0.9522833260707557, -0.37639481481164694, 0.40078785037621856, 0.5391491134651005, -0.3377920021302998, -0.49088308587670326, d=""Gpart:ry=-1.369, rz=-0.445""
n:-0.9210183778777719, 0.5961959259584546, 0.5472357999533415, 0.3776000807993114, -0.04635980166494846, -0.9626944251358509, d=""|:p=0.243, r=0.822""
n:-0.963021487928927, 0.5389856775291264, -0.5374517305754125, -0.7920738882385194, -0.6536343013867736, 0.07538946066051722, d=""Gpart:ry=-1.561, rz=-0.891""
n:0.990062837023288, 0.4631991349160671, 0.7095643887296319, 0.40823808452114463, 0.4697988391853869, 0.7499512569047511, d=@:p=0.899
c:-0.7817348460666835, -0.3689415343105793, -0.6402330957353115, -0.6253632004372776, -0.8896888508461416, 0.363, 1.877
",0.010325247436865716,feasible,22
23,H,3,"//H
3
j:-0.63, fr=0.388
j:0.4981920635327697, -0.10641943011432886, 0.6952594360336661, 0.25153374299407005, -0.025788866449147463, -0.6759939175099134, fr=0.598, rotstif=0.881, l=0.949
j:-0.15727144805714488, 0.10220279125496745, 0.23411010392010212, 0.7658213935792446, 0.8174713728949428, 0.986, fr=0.335, rotstif=0.967
j:-0.036974066868424416, 0.9094724357128143, -0.5523723983205855, -0.7522721881978214, -0.4484048020094633, -0.9699531150981784, fr=0.091, l=1.006
j:0.6731291725300252, 0.6674448479898274, -0.7563068210147321, 0.9815567904151976, -0.8331878213211894, 0.5430722655728459, fr=0.501
n:-0.8158296211622655, 0.4205138483084738, -0.3264968586154282, 0.2725800317712128, 0.10847760457545519, 0.3820330030284822, d=*
n:-0.8257614406757057, 0.515389546751976, 0.3873933367431164, 0.867492732591927, -0.22673566034063697, 0.6701694908551872, d=|:p=0.168
n:-0.9522833260707557, -0.37639481481164694, 0.40078785037621856, 0.5391491134651005, -0.3377920021302998, -0.49088308587670326, d=""Gpart:ry=-1.369, rz=-0.445""
n:-0.9210183778777719, 0.5961959259584546, 0.5472357999533415, 0.3776000807993114, -0.04635980166494846, -0.9626944251358509, d=""|:p=0.243, r=0.822""
n:-0.963021487928927, 0.5389856775291264, -0.5374517305754125, -0.7920738882385194, -0.6536343013867736, 0.07538946066051722, d=""Gpart:ry=-1.561, rz=-0.891""
n:0.990062837023288, 0.4631991349160671, 0.7095643887296319, 0.40823808452114463, 0.4697988391853869, 0.7499512569047511, d=@:p=0.899
c:-0.7817348460666835, -0.3689415343105793, -0.6402330957353115, -0.6253632004372776, -0.8896888508461416, 0.5462142638862133, 1.877
",0.010325247436865716,"//H
3
j:-0.63, fr=0.388
j:0.4981920635327697, -0.10641943011432886, 0.6952594360336661, 0.25153374299407005, -0.025788866449147463, -0.6759939175099134, fr=0.598, rotstif=0.881, l=0.949
j:-0.15727144805714488, 0.10220279125496745, 0.23411010392010212, 0.7658213935792446, 0.8174713728949428, 0.986, fr=0.335, rotstif=0.967
j:-0.036974066868424416, 0.9094724357128143, -0.5523723983205855, -0.7522721881978214, -0.4484048020094633, -0.9699531150981784, fr=0.091, l=1.006
j:0.6731291725300252, 0.6674448479898274, -0.7563068210147321, 0.9815567904151976, -0.8331878213211894, 0.5430722655728459, fr=0.501
n:-0.8158296211622655, 0.4205138483084738, -0.3264968586154282, 0.2725800317712128, 0.10847760457545519, 0.3820330030284822, d=*
n:-0.8257614406757057, 0.515389546751976, 0.3873933367431164, 0.867492732591927, -0.22673566034063697, 0.6701694908551872, d=|:p=0.168
n:-0.9522833260707557, -0.37639481481164694, 0.40078785037621856, 0.5391491134651005, -0.3377920021302998, -0.49088308587670326, d=""Gpart:ry=-1.369, rz=-0.445""
n:-0.9210183778777719, 0.5961959259584546, 0.5472357999533415, 0.3776000807993114, -0.04635980166494846, -0.9626944251358509, d=""|:p=0.243, r=0.822""
n:-0.963021487928927, 0.5389856775291264, -0.5374517305754125, -0.7920738882385194, -0.6536343013867736, 0.07538946066051722, d=""Gpart:ry=-1.561, rz=-0.891""
n:0.990062837023288, 0.4631991349160671, 0.7095643887296319, 0.40823808452114463, 0.4697988391853869, 0.7499512569047511, d=@:p=0.899
c:-0.7817348460666835, -0.3689415343105793, -0.6402330957353115, -0.322, -0.8896888508461416, 0.5462142638862133, 1.877
",0.010325247436865716,feasible,22
23,H,3,"//H
3
j:-0.63, fr=0.388
j:0.4981920635327697, -0.10641943011432886, 0.6952594360336661, 0.25153374299407005, -0.025788866449147463, -0.6759939175099134, fr=0.598, rotstif=0.881, l=0.949
j:-0.15727144805714488, 0.10220279125496745, 0.23411010392010212, 0.7658213935792446, 0.8174713728949428, 0.986, fr=0.335, rotstif=0.967
j:-0.036974066868424416, 0.9094724357128143, -0.5523723983205855, -0.7522721881978214, -0.4484048020094633, -0.9699531150981784, fr=0.091, l=1.006
j:0.6731291725300252, 0.6674448479898274, -0.7563068210147321, 0.9815567904151976, -0.8331878213211894, 0.5430722655728459, fr=0.501
n:-0.8158296211622655, 0.4205138483084738, -0.3264968586154282, 0.2725800317712128, 0.10847760457545519, 0.3820330030284822, d=*
n:-0.8257614406757057, 0.515389546751976, 0.3873933367431164, 0.867492732591927, -0.22673566034063697, 0.6701694908551872, d=|:p=0.168
n:-0.9522833260707557, -0.37639481481164694, 0.40078785037621856, 0.5391491134651005, -0.3377920021302998, -0.49088308587670326, d=""Gpart:ry=-1.369, rz=-0.445""
n:-0.9210183778777719, 0.5961959259584546, 0.5472357999533415, 0.3776000807993114, -0.04635980166494846, -0.9626944251358509, d=""|:p=0.243, r=0.822""
n:-0.963021487928927, 0.5389856775291264, -0.5374517305754125, -0.7920738882385194, -0.6536343013867736, 0.07538946066051722, d=""Gpart:ry=-1.561, rz=-0.891""
n:0.990062837023288, 0.4631991349160671, 0.7095643887296319, 0.40823808452114463, 0.4697988391853869, 0.7499512569047511, d=@:p=0.899
c:-0.7817348460666835, -0.3689415343105793, -0.6402330957353115, -0.6253632004372776, -0.8896888508461416, 0.5462142638862133, 1.877
",0.010325247436865716,"//H
3
j:-0.63, fr=0.388
j:0.4981920635327697, -0.10641943011432886, 0.6952594360336661, 0.25153374299407005, -0.025788866449147463, -0.6759939175099134, fr=0.598, rotstif=0.864, l=0.949
j:-0.15727144805714488, 0.10220279125496745, 0.23411010392010212, 0.7658213935792446, 0.8174713728949428, 0.986, fr=0.335, rotstif=0.967
j:-0.036974066868424416, 0.9094724357128143, -0.5523723983205855, -0.7522721881978214, -0.4484048020094633, -0.9699531150981784, fr=0.091, l=1.006
j:0.6731291725300252, 0.6674448479898274, -0.7563068210147321, 0.9815567904151976, -0.8331878213211894, 0.5430722655728459, fr=0.501
n:-0.8158296211622655, 0.4205138483084738, -0.3264968586154282, 0.2725800317712128, 0.10847760457545519, 0.3820330030284822, d=*
n:-0.8257614406757057, 0.515389546751976, 0.3873933367431164, 0.867492732591927, -0.22673566034063697, 0.6701694908551872, d=|:p=0.168
n:-0.9522833260707557, -0.37639481481164694, 0.40078785037621856, 0.5391491134651005, -0.3377920021302998, -0.49088308587670326, d=""Gpart:ry=-1.369, rz=-0.445""
n:-0.9210183778777719, 0.5961959259584546, 0.5472357999533415, 0.3776000807993114, -0.04635980166494846, -0.9626944251358509, d=""|:p=0.243, r=0.822""
n:-0.963021487928927, 0.5389856775291264, -0.5374517305754125, -0.7920738882385194, -0.6536343013867736, 0.07538946066051722, d=""Gpart:ry=-1.561, rz=-0.891""
n:0.990062837023288, 0.4631991349160671, 0.7095643887296319, 0.40823808452114463, 0.4697988391853869, 0.7499512569047511, d=@:p=0.899
c:-0.7817348460666835, -0.3689415343105793, -0.6402330957353115, -0.6253632004372776, -0.8896888508461416, 0.5462142638862133, 1.877
",0.010325247436865716,feasible,22
23,H,3,"//H
3
j:-0.63, fr=0.388
j:0.4981920635327697, -0.10641943011432886, 0.6952594360336661, 0.25153374299407005, -0.025788866449147463, -0.6759939175099134, fr=0.598, rotstif=0.881, l=0.949
j:-0.15727144805714488, 0.10220279125496745, 0.23411010392010212, 0.7658213935792446, 0.8174713728949428, 0.986, fr=0.335, rotstif=0.967
j:-0.036974066868424416, 0.9094724357128143, -0.5523723983205855, -0.7522721881978214, -0.4484048020094633, -0.9699531150981784, fr=0.091, l=1.006
j:0.6731291725300252, 0.6674448479898274, -0.7563068210147321, 0.9815567904151976, -0.8331878213211894, 0.5430722655728459, fr=0.501
n:-0.8158296211622655, 0.4205138483084738, -0.3264968586154282, 0.2725800317712128, 0.10847760457545519, 0.3820330030284822, d=*
n:-0.8257614406757057, 0.515389546751976, 0.3873933367431164, 0.867492732591927, -0.22673566034063697, 0.6701694908551872, d=|:p=0.168
n:-0.9522833260707557, -0.37639481481164694, 0.40078785037621856, 0.5391491134651005, -0.3377920021302998, -0.49088308587670326, d=""Gpart:ry=-1.369, rz=-0.445""
n:-0.9210183778777719, 0.5961959259584546, 0.5472357999533415, 0.3776000807993114, -0.04635980166494846, -0.9626944251358509, d=""|:p=0.243, r=0.822""
n:-0.963021487928927, 0.5389856775291264, -0.5374517305754125, -0.7920738882385194, -0.6536343013867736, 0.07538946066051722, d=""Gpart:ry=-1.561, rz=-0.891""
n:0.990062837023288, 0.4631991349160671, 0.7095643887296319, 0.40823808452114463, 0.4697988391853869, 0.7499512569047511, d=@:p=0.899
c:-0.7817348460666835, -0.3689415343105793, -0.6402330957353115, -0.6253632004372776, -0.8896888508461416, 0.5462142638862133, 1.877
",0.010325247436865716,"//H
3
j:-0.63, fr=0.388
j:0.4981920635327697, -0.10641943011432886, 0.6952594360336661, 0.25153374299407005, -0.025788866449147463, -0.6759939175099134, fr=0.598, rotstif=0.881, l=0.614
j:-0.15727144805714488, 0.10220279125496745, 0.23411010392010212, 0.7658213935792446, 0.8174713728949428, 0.986, fr=0.335, rotstif=0.967
j:-0.036974066868424416, 0.9094724357128143, -0.5523723983205855, -0.7522721881978214, -0.4484048020094633, -0.9699531150981784, fr=0.091, l=1.006
j:0.6731291725300252, 0.6674448479898274, -0.7563068210147321, 0.9815567904151976, -0.8331878213211894, 0.5430722655728459, fr=0.501
n:-0.8158296211622655, 0.4205138483084738, -0.3264968586154282, 0.2725800317712128, 0.10847760457545519, 0.3820330030284822, d=*
n:-0.8257614406757057, 0.515389546751976, 0.3873933367431164, 0.867492732591927, -0.22673566034063697, 0.6701694908551872, d=|:p=0.168
n:-0.9522833260707557, -0.37639481481164694, 0.40078785037621856, 0.5391491134651005, -0.3377920021302998, -0.49088308587670326, d=""Gpart:ry=-1.369, rz=-0.445""
n:-0.9210183778777719, 0.5961959259584546, 0.5472357999533415, 0.3776000807993114, -0.04635980166494846, -0.9626944251358509, d=""|:p=0.243, r=0.822""
n:-0.963021487928927, 0.5389856775291264, -0.5374517305754125, -0.7920738882385194, -0.6536343013867736, 0.07538946066051722, d=""Gpart:ry=-1.561, rz=-0.891""
n:0.990062837023288, 0.4631991349160671, 0.7095643887296319, 0.40823808452114463, 0.4697988391853869, 0.7499512569047511, d=@:p=0.899
c:-0.7817348460666835, -0.3689415343105793, -0.6402330957353115, -0.6253632004372776, -0.8896888508461416, 0.5462142638862133, 1.877
",0.00037470825336383264,feasible,22
23,H,3,"//H
3
j:-0.63, fr=0.388
j:0.4981920635327697, -0.10641943011432886, 0.6952594360336661, 0.25153374299407005, -0.025788866449147463, -0.6759939175099134, fr=0.598, rotstif=0.881, l=0.949
j:-0.15727144805714488, 0.10220279125496745, 0.23411010392010212, 0.7658213935792446, 0.8174713728949428, 0.986, fr=0.335, rotstif=0.967
j:-0.036974066868424416, 0.9094724357128143, -0.5523723983205855, -0.7522721881978214, -0.4484048020094633, -0.9699531150981784, fr=0.091, l=1.006
j:0.6731291725300252, 0.6674448479898274, -0.7563068210147321, 0.9815567904151976, -0.8331878213211894, 0.5430722655728459, fr=0.501
n:-0.8158296211622655, 0.4205138483084738, -0.3264968586154282, 0.2725800317712128, 0.10847760457545519, 0.3820330030284822, d=*
n:-0.8257614406757057, 0.515389546751976, 0.3873933367431164, 0.867492732591927, -0.22673566034063697, 0.6701694908551872, d=|:p=0.168
n:-0.9522833260707557, -0.37639481481164694, 0.40078785037621856, 0.5391491134651005, -0.3377920021302998, -0.49088308587670326, d=""Gpart:ry=-1.369, rz=-0.445""
n:-0.9210183778777719, 0.5961959259584546, 0.5472357999533415, 0.3776000807993114, -0.04635980166494846, -0.9626944251358509, d=""|:p=0.243, r=0.822""
n:-0.963021487928927, 0.5389856775291264, -0.5374517305754125, -0.7920738882385194, -0.6536343013867736, 0.07538946066051722, d=""Gpart:ry=-1.561, rz=-0.891""
n:0.990062837023288, 0.4631991349160671, 0.7095643887296319, 0.40823808452114463, 0.4697988391853869, 0.7499512569047511, d=@:p=0.899
c:-0.7817348460666835, -0.3689415343105793, -0.6402330957353115, -0.6253632004372776, -0.8896888508461416, 0.5462142638862133, 1.877
",0.010325247436865716,"//H
3
j:-0.63, fr=0.388
j:0.4981920635327697, -0.10641943011432886, 0.6952594360336661, 0.25153374299407005, -0.025788866449147463, -0.6759939175099134, fr=0.598, rotstif=0.881, l=0.949
j:-0.15727144805714488, 0.10220279125496745, 0.23411010392010212, 0.7658213935792446, 0.8174713728949428, 0.986, fr=0.335, rotstif=0.967
j:-0.036974066868424416, 0.9094724357128143, -0.5523723983205855, -0.7522721881978214, -0.4484048020094633, -0.9699531150981784, fr=0.091, l=1.006
j:0.6731291725300252, 0.6674448479898274, -0.7563068210147321, 0.9815567904151976, -0.8331878213211894, 0.5430722655728459, fr=0.501, rotstif=0.928
n:-0.8158296211622655, 0.4205138483084738, -0.3264968586154282, 0.2725800317712128, 0.10847760457545519, 0.3820330030284822, d=*
n:-0.8257614406757057, 0.515389546751976, 0.3873933367431164, 0.867492732591927, -0.22673566034063697, 0.6701694908551872, d=|:p=0.168
n:-0.9522833260707557, -0.37639481481164694, 0.40078785037621856, 0.5391491134651005, -0.3377920021302998, -0.49088308587670326, d=""Gpart:ry=-1.369, rz=-0.445""
n:-0.9210183778777719, 0.5961959259584546, 0.5472357999533415, 0.3776000807993114, -0.04635980166494846, -0.9626944251358509, d=""|:p=0.243, r=0.822""
n:-0.963021487928927, 0.5389856775291264, -0.5374517305754125, -0.7920738882385194, -0.6536343013867736, 0.07538946066051722, d=""Gpart:ry=-1.561, rz=-0.891""
n:0.990062837023288, 0.4631991349160671, 0.7095643887296319, 0.40823808452114463, 0.4697988391853869, 0.7499512569047511, d=@:p=0.899
c:-0.7817348460666835, -0.3689415343105793, -0.6402330957353115, -0.6253632004372776, -0.8896888508461416, 0.5462142638862133, 1.877
",0.010325247436865716,feasible,22
23,H,3,"//H
3
j:-0.63, fr=0.388
j:0.4981920635327697, -0.10641943011432886, 0.6952594360336661, 0.25153374299407005, -0.025788866449147463, -0.6759939175099134, fr=0.598, rotstif=0.881, l=0.949
j:-0.15727144805714488, 0.10220279125496745, 0.23411010392010212, 0.7658213935792446, 0.8174713728949428, 0.986, fr=0.335, rotstif=0.967
j:-0.036974066868424416, 0.9094724357128143, -0.5523723983205855, -0.7522721881978214, -0.4484048020094633, -0.9699531150981784, fr=0.091, l=1.006
j:0.6731291725300252, 0.6674448479898274, -0.7563068210147321, 0.9815567904151976, -0.8331878213211894, 0.5430722655728459, fr=0.501
n:-0.8158296211622655, 0.4205138483084738, -0.3264968586154282, 0.2725800317712128, 0.10847760457545519, 0.3820330030284822, d=*
n:-0.8257614406757057, 0.515389546751976, 0.3873933367431164, 0.867492732591927, -0.22673566034063697, 0.6701694908551872, d=|:p=0.168
n:-0.9522833260707557, -0.37639481481164694, 0.40078785037621856, 0.5391491134651005, -0.3377920021302998, -0.49088308587670326, d=""Gpart:ry=-1.369, rz=-0.445""
n:-0.9210183778777719, 0.5961959259584546, 0.5472357999533415, 0.3776000807993114, -0.04635980166494846, -0.9626944251358509, d=""|:p=0.243, r=0.822""
n:-0.963021487928927, 0.5389856775291264, -0.5374517305754125, -0.7920738882385194, -0.6536343013867736, 0.07538946066051722, d=""Gpart:ry=-1.561, rz=-0.891""
n:0.990062837023288, 0.4631991349160671, 0.7095643887296319, 0.40823808452114463, 0.4697988391853869, 0.7499512569047511, d=@:p=0.899
c:-0.7817348460666835, -0.3689415343105793, -0.6402330957353115, -0.6253632004372776, -0.8896888508461416, 0.5462142638862133, 1.877
",0.010325247436865716,"//H
3
j:-0.63, fr=0.388
j:0.4981920635327697, -0.10641943011432886, 0.6952594360336661, 0.25153374299407005, -0.025788866449147463, -0.6759939175099134, fr=0.598, rotstif=0.881, l=0.949
j:-0.15727144805714488, 0.10220279125496745, 0.23411010392010212, 0.7658213935792446, 0.8174713728949428, 0.986, fr=0.335, rotstif=0.967
j:-0.036974066868424416, 0.9094724357128143, -0.5523723983205855, -0.7522721881978214, -0.4484048020094633, -0.9699531150981784, fr=0.091, l=1.006
j:0.6731291725300252, 0.6674448479898274, -0.7563068210147321, 0.9815567904151976, -0.8331878213211894, 0.5430722655728459, fr=0.501
n:-0.8158296211622655, 0.4205138483084738, -0.3264968586154282, 0.2725800317712128, 0.10847760457545519, 0.3820330030284822, d=*
n:-0.8257614406757057, 0.515389546751976, 0.3873933367431164, 0.867492732591927, -0.22673566034063697, 0.6701694908551872, d=|:p=0.168
n:-0.9522833260707557, -0.37639481481164694, 0.40078785037621856, 0.5391491134651005, -0.3377920021302998, -0.49088308587670326, d=""Gpart:ry=-1.369, rz=-0.445""
n:-0.9210183778777719, 0.5961959259584546, 0.5472357999533415, 0.3776000807993114, -0.04635980166494846, -0.9626944251358509, d=""|:p=0.243, r=0.822""
n:-0.963021487928927, 0.5389856775291264, -0.5374517305754125, -0.851, -0.6536343013867736, 0.07538946066051722, d=""Gpart:ry=-1.561, rz=-0.891""
n:0.990062837023288, 0.4631991349160671, 0.7095643887296319, 0.40823808452114463, 0.4697988391853869, 0.7499512569047511, d=@:p=0.899
c:-0.7817348460666835, -0.3689415343105793, -0.6402330957353115, -0.6253632004372776, -0.8896888508461416, 0.5462142638862133, 1.877
",0.010325247436865716,feasible,22
23,H,3,"//H
3
j:-0.63, fr=0.388
j:0.4981920635327697, -0.10641943011432886, 0.6952594360336661, 0.25153374299407005, -0.025788866449147463, -0.6759939175099134, fr=0.598, rotstif=0.881, l=0.949
j:-0.15727144805714488, 0.10220279125496745, 0.23411010392010212, 0.7658213935792446, 0.8174713728949428, 0.986, fr=0.335, rotstif=0.967
j:-0.036974066868424416, 0.9094724357128143, -0.5523723983205855, -0.7522721881978214, -0.4484048020094633, -0.9699531150981784, fr=0.091, l=1.006
j:0.6731291725300252, 0.6674448479898274, -0.7563068210147321, 0.9815567904151976, -0.8331878213211894, 0.5430722655728459, fr=0.501
n:-0.8158296211622655, 0.4205138483084738, -0.3264968586154282, 0.2725800317712128, 0.10847760457545519, 0.3820330030284822, d=*
n:-0.8257614406757057, 0.515389546751976, 0.3873933367431164, 0.867492732591927, -0.22673566034063697, 0.6701694908551872, d=|:p=0.168
n:-0.9522833260707557, -0.37639481481164694, 0.40078785037621856, 0.5391491134651005, -0.3377920021302998, -0.49088308587670326, d=""Gpart:ry=-1.369, rz=-0.445""
n:-0.9210183778777719, 0.5961959259584546, 0.5472357999533415, 0.3776000807993114, -0.04635980166494846, -0.9626944251358509, d=""|:p=0.243, r=0.822""
n:-0.963021487928927, 0.5389856775291264, -0.5374517305754125, -0.7920738882385194, -0.6536343013867736, 0.07538946066051722, d=""Gpart:ry=-1.561, rz=-0.891""
n:0.990062837023288, 0.4631991349160671, 0.7095643887296319, 0.40823808452114463, 0.4697988391853869, 0.7499512569047511, d=@:p=0.899
c:-0.7817348460666835, -0.3689415343105793, -0.6402330957353115, -0.6253632004372776, -0.8896888508461416, 0.5462142638862133, 1.877
",0.010325247436865716,"//H
3
j:-0.63, fr=0.388
j:0.4981920635327697, -0.10641943011432886, 0.6952594360336661, 0.25153374299407005, -0.025788866449147463, -0.6759939175099134, fr=0.598, rotstif=0.881, l=0.949
j:-0.15727144805714488, 0.10220279125496745, 0.23411010392010212, 0.7658213935792446, 0.8174713728949428, 0.986, fr=0.335, rotstif=0.967
j:-0.036974066868424416, 0.9094724357128143, -0.5523723983205855, -0.7522721881978214, -0.4484048020094633, -0.9699531150981784, fr=0.091, l=1.006
j:0.6731291725300252, 0.6674448479898274, -0.7563068210147321, 0.9815567904151976, -0.8331878213211894, 0.5430722655728459, fr=0.501
n:-0.8158296211622655, 0.4205138483084738, -0.3264968586154282, 0.2725800317712128, 0.10847760457545519, 0.3820330030284822, d=*
n:-0.8257614406757057, 0.515389546751976, 0.3873933367431164, 0.867492732591927, -0.22673566034063697, 0.6701694908551872, d=|:p=0.168
n:-0.9522833260707557, -0.37639481481164694, 0.40078785037621856, 0.5391491134651005, -0.3377920021302998, -0.49088308587670326, d=""Gpart:ry=-1.369, rz=-0.445""
n:-0.9210183778777719, 0.5961959259584546, 0.5472357999533415, 0.3776000807993114, -0.04635980166494846, -0.9626944251358509, d=""|:p=0.243, r=0.833""
n:-0.963021487928927, 0.5389856775291264, -0.5374517305754125, -0.7920738882385194, -0.6536343013867736, 0.07538946066051722, d=""Gpart:ry=-1.561, rz=-0.891""
n:0.990062837023288, 0.4631991349160671, 0.7095643887296319, 0.40823808452114463, 0.4697988391853869, 0.7499512569047511, d=@:p=0.899
c:-0.7817348460666835, -0.3689415343105793, -0.6402330957353115, -0.6253632004372776, -0.8896888508461416, 0.5462142638862133, 1.877
",0.010325247436865716,feasible,22
23,H,3,"//H
3
j:-0.63, fr=0.388
j:0.4981920635327697, -0.10641943011432886, 0.6952594360336661, 0.25153374299407005, -0.025788866449147463, -0.6759939175099134, fr=0.598, rotstif=0.881, l=0.949
j:-0.15727144805714488, 0.10220279125496745, 0.23411010392010212, 0.7658213935792446, 0.8174713728949428, 0.986, fr=0.335, rotstif=0.967
j:-0.036974066868424416, 0.9094724357128143, -0.5523723983205855, -0.7522721881978214, -0.4484048020094633, -0.9699531150981784, fr=0.091, l=1.006
j:0.6731291725300252, 0.6674448479898274, -0.7563068210147321, 0.9815567904151976, -0.8331878213211894, 0.5430722655728459, fr=0.501
n:-0.8158296211622655, 0.4205138483084738, -0.3264968586154282, 0.2725800317712128, 0.10847760457545519, 0.3820330030284822, d=*
n:-0.8257614406757057, 0.515389546751976, 0.3873933367431164, 0.867492732591927, -0.22673566034063697, 0.6701694908551872, d=|:p=0.168
n:-0.9522833260707557, -0.37639481481164694, 0.40078785037621856, 0.5391491134651005, -0.3377920021302998, -0.49088308587670326, d=""Gpart:ry=-1.369, rz=-0.445""
n:-0.9210183778777719, 0.5961959259584546, 0.5472357999533415, 0.3776000807993114, -0.04635980166494846, -0.9626944251358509, d=""|:p=0.243, r=0.822""
n:-0.963021487928927, 0.5389856775291264, -0.5374517305754125, -0.7920738882385194, -0.6536343013867736, 0.07538946066051722, d=""Gpart:ry=-1.561, rz=-0.891""
n:0.990062837023288, 0.4631991349160671, 0.7095643887296319, 0.40823808452114463, 0.4697988391853869, 0.7499512569047511, d=@:p=0.899
c:-0.7817348460666835, -0.3689415343105793, -0.6402330957353115, -0.6253632004372776, -0.8896888508461416, 0.5462142638862133, 1.877
",0.010325247436865716,"//H
3
j:-0.63, fr=0.388
j:0.4981920635327697, -0.10641943011432886, 0.6952594360336661, 0.25153374299407005, -0.025788866449147463, -0.6759939175099134, fr=0.598, rotstif=0.881, l=0.949
j:-0.15727144805714488, 0.10220279125496745, 0.23411010392010212, 0.7658213935792446, 0.8174713728949428, 0.986, fr=0.335, rotstif=0.967
j:-0.036974066868424416, 0.9094724357128143, -0.5523723983205855, -0.7522721881978214, -0.4484048020094633, -0.9699531150981784, fr=0.091, l=1.006
j:0.6731291725300252, 0.6674448479898274, -0.943, 0.9815567904151976, -0.8331878213211894, 0.5430722655728459, fr=0.501
n:-0.8158296211622655, 0.4205138483084738, -0.3264968586154282, 0.2725800317712128, 0.10847760457545519, 0.3820330030284822, d=*
n:-0.8257614406757057, 0.515389546751976, 0.3873933367431164, 0.867492732591927, -0.22673566034063697, 0.6701694908551872, d=|:p=0.168
n:-0.9522833260707557, -0.37639481481164694, 0.40078785037621856, 0.5391491134651005, -0.3377920021302998, -0.49088308587670326, d=""Gpart:ry=-1.369, rz=-0.445""
n:-0.9210183778777719, 0.5961959259584546, 0.5472357999533415, 0.3776000807993114, -0.04635980166494846, -0.9626944251358509, d=""|:p=0.243, r=0.822""
n:-0.963021487928927, 0.5389856775291264, -0.5374517305754125, -0.7920738882385194, -0.6536343013867736, 0.07538946066051722, d=""Gpart:ry=-1.561, rz=-0.891""
n:0.990062837023288, 0.4631991349160671, 0.7095643887296319, 0.40823808452114463, 0.4697988391853869, 0.7499512569047511, d=@:p=0.899
c:-0.7817348460666835, -0.3689415343105793, -0.6402330957353115, -0.6253632004372776, -0.8896888508461416, 0.5462142638862133, 1.877
",0.010325247436865716,feasible,22
23,H,3,"//H
3
j:-0.63, fr=0.388
j:0.4981920635327697, -0.10641943011432886, 0.6952594360336661, 0.25153374299407005, -0.025788866449147463, -0.6759939175099134, fr=0.598, rotstif=0.881, l=0.949
j:-0.15727144805714488, 0.10220279125496745, 0.23411010392010212, 0.7658213935792446, 0.8174713728949428, 0.986, fr=0.335, rotstif=0.967
j:-0.036974066868424416, 0.9094724357128143, -0.5523723983205855, -0.7522721881978214, -0.4484048020094633, -0.9699531150981784, fr=0.091, l=1.006
j:0.6731291725300252, 0.6674448479898274, -0.7563068210147321, 0.9815567904151976, -0.8331878213211894, 0.5430722655728459, fr=0.501
n:-0.8158296211622655, 0.4205138483084738, -0.3264968586154282, 0.2725800317712128, 0.10847760457545519, 0.3820330030284822, d=*
n:-0.8257614406757057, 0.515389546751976, 0.3873933367431164, 0.867492732591927, -0.22673566034063697, 0.6701694908551872, d=|:p=0.168
n:-0.9522833260707557, -0.37639481481164694, 0.40078785037621856, 0.5391491134651005, -0.3377920021302998, -0.49088308587670326, d=""Gpart:ry=-1.369, rz=-0.445""
n:-0.9210183778777719, 0.5961959259584546, 0.5472357999533415, 0.3776000807993114, -0.04635980166494846, -0.9626944251358509, d=""|:p=0.243, r=0.822""
n:-0.963021487928927, 0.5389856775291264, -0.5374517305754125, -0.7920738882385194, -0.6536343013867736, 0.07538946066051722, d=""Gpart:ry=-1.561, rz=-0.891""
n:0.990062837023288, 0.4631991349160671, 0.7095643887296319, 0.40823808452114463, 0.4697988391853869, 0.7499512569047511, d=@:p=0.899
c:-0.7817348460666835, -0.3689415343105793, -0.6402330957353115, -0.6253632004372776, -0.8896888508461416, 0.5462142638862133, 1.877
",0.010325247436865716,"//H
3
j:-0.63, fr=0.388
j:0.4981920635327697, -0.10641943011432886, 0.6952594360336661, 0.25153374299407005, -0.025788866449147463, -0.6759939175099134, fr=0.598, rotstif=0.881, l=0.949
j:-0.15727144805714488, 0.10220279125496745, 0.23411010392010212, 0.7658213935792446, 0.8174713728949428, 0.986, fr=0.335, rotstif=0.967
j:-0.036974066868424416, 0.9094724357128143, -0.5523723983205855, -0.7522721881978214, -0.4484048020094633, -0.9699531150981784, fr=0.091, l=1.006
j:0.6731291725300252, 0.6674448479898274, -0.7563068210147321, 0.9815567904151976, -0.8331878213211894, 0.5430722655728459, fr=0.501
j:-0.20296220621094108, 0.0750235915184021, 0.3315461673773825, -0.22372697107493877, 0.41831399081274867, 0.9248646697960794, l=0.99
n:-0.8158296211622655, 0.4205138483084738, -0.3264968586154282, 0.2725800317712128, 0.10847760457545519, 0.3820330030284822, d=*
n:-0.8257614406757057, 0.515389546751976, 0.3873933367431164, 0.867492732591927, -0.22673566034063697, 0.6701694908551872, d=|:p=0.168
n:-0.9522833260707557, -0.37639481481164694, 0.40078785037621856, 0.5391491134651005, -0.3377920021302998, -0.49088308587670326, d=""Gpart:ry=-1.369, rz=-0.445""
n:-0.9210183778777719, 0.5961959259584546, 0.5472357999533415, 0.3776000807993114, -0.04635980166494846, -0.9626944251358509, d=""|:p=0.243, r=0.822""
n:-0.963021487928927, 0.5389856775291264, -0.5374517305754125, -0.7920738882385194, -0.6536343013867736, 0.07538946066051722, d=""Gpart:ry=-1.561, rz=-0.891""
n:0.990062837023288, 0.4631991349160671, 0.7095643887296319, 0.40823808452114463, 0.4697988391853869, 0.7499512569047511, d=@:p=0.899
c:-0.7817348460666835, -0.3689415343105793, -0.6402330957353115, -0.6253632004372776, -0.8896888508461416, 0.5462142638862133, 1.877
",0.00019415305818668837,feasible,22
23,H,3,"//H
3
j:-0.63, fr=0.388
j:0.4981920635327697, -0.10641943011432886, 0.6952594360336661, 0.25153374299407005, -0.025788866449147463, -0.6759939175099134, fr=0.598, rotstif=0.881, l=0.949
j:-0.15727144805714488, 0.10220279125496745, 0.23411010392010212, 0.7658213935792446, 0.8174713728949428, 0.986, fr=0.335, rotstif=0.967
j:-0.036974066868424416, 0.9094724357128143, -0.5523723983205855, -0.7522721881978214, -0.4484048020094633, -0.9699531150981784, fr=0.091, l=1.006
j:0.6731291725300252, 0.6674448479898274, -0.7563068210147321, 0.9815567904151976, -0.8331878213211894, 0.5430722655728459, fr=0.501
n:-0.8158296211622655, 0.4205138483084738, -0.3264968586154282, 0.2725800317712128, 0.10847760457545519, 0.3820330030284822, d=*
n:-0.8257614406757057, 0.515389546751976, 0.3873933367431164, 0.867492732591927, -0.22673566034063697, 0.6701694908551872, d=|:p=0.168
n:-0.9522833260707557, -0.37639481481164694, 0.40078785037621856, 0.5391491134651005, -0.3377920021302998, -0.49088308587670326, d=""Gpart:ry=-1.369, rz=-0.445""
n:-0.9210183778777719, 0.5961959259584546, 0.5472357999533415, 0.3776000807993114, -0.04635980166494846, -0.9626944251358509, d=""|:p=0.243, r=0.822""
n:-0.963021487928927, 0.5389856775291264, -0.5374517305754125, -0.7920738882385194, -0.6536343013867736, 0.07538946066051722, d=""Gpart:ry=-1.561, rz=-0.891""
n:0.990062837023288, 0.4631991349160671, 0.7095643887296319, 0.40823808452114463, 0.4697988391853869, 0.7499512569047511, d=@:p=0.899
c:-0.7817348460666835, -0.3689415343105793, -0.6402330957353115, -0.6253632004372776, -0.8896888508461416, 0.5462142638862133, 1.877
",0.010325247436865716,"//H
3
j:-0.63, fr=0.388
j:0.4981920635327697, -0.10641943011432886, 0.6952594360336661, 0.25153374299407005, -0.025788866449147463, -0.6759939175099134, fr=0.598, rotstif=0.881, l=0.949
j:-0.15727144805714488, 0.10220279125496745, 0.23411010392010212, 0.7658213935792446, 0.8174713728949428, 0.986, fr=0.335, rotstif=0.967
j:-0.036974066868424416, 0.9094724357128143, -0.5523723983205855, -0.7522721881978214, -0.4484048020094633, -0.9699531150981784, fr=0.091, l=1.006
j:0.6731291725300252, 0.6674448479898274, -0.7563068210147321, 0.9815567904151976, -0.8331878213211894, 0.5430722655728459, fr=0.501
n:-0.8158296211622655, 0.4205138483084738, -0.3264968586154282, 0.2725800317712128, 0.10847760457545519, 0.3820330030284822, d=*
n:-0.8257614406757057, 0.515389546751976, 0.3873933367431164, 0.867492732591927, -0.22673566034063697, 0.6701694908551872, d=|:p=0.168
n:-0.9522833260707557, -0.37639481481164694, 0.40078785037621856, 0.5391491134651005, -0.3377920021302998, -0.49088308587670326, d=""Gpart:ry=-1.369, rz=-0.445""
n:-0.9210183778777719, 0.5961959259584546, 0.5472357999533415, 0.3776000807993114, -0.04635980166494846, -0.9626944251358509, d=""|:p=0.243, r=0.822""
n:-0.963021487928927, 0.5389856775291264, -0.5374517305754125, -0.7920738882385194, -0.6536343013867736, 0.07538946066051722, d=""Gpart:ry=-1.561, rz=-0.891""
n:0.990062837023288, 0.4631991349160671, 0.7095643887296319, 0.40823808452114463, 0.4697988391853869, 0.7499512569047511, d=@:p=0.899
n:-0.07370332535356283, 0.22660510521382093, -0.18980658100917935, 0.37605530582368374, -0.32236562110483646, 0.7903829361312091, d=N:in=0.886
c:-0.7817348460666835, -0.3689415343105793, -0.6402330957353115, -0.6253632004372776, -0.8896888508461416, 0.5462142638862133, 1.877
",0.010325247436865716,feasible,22
