run,genetic_format,sample_index,parent_genotype,parent_fitness,genotype,fitness,status,mutation_attempts
11,H,0,"//H
3
j:",0.0,"//H
3
j:
c:-0.5557053629308939, -0.4731159950606525, 0.5676942341960967, -0.6569119868800044, 0.04540868662297726, -0.2668838556855917, 0.13
",0.0,feasible,20
11,H,0,"//H
3
j:",0.0,"//H
3
j:
n:0.16295825969427824, -0.4387346669100225, 0.7590791420079768, 0.2884919415228069, 0.5987979425117373, 0.7788747805170715, d=S
",0.0,feasible,20
11,H,0,"//H
3
j:",0.0,"//H
3
j:fr=0.059
",0.0,feasible,20
11,H,0,"//H
3
j:",0.0,"//H
3
j:y2=-0.449
",0.0,feasible,20
11,H,0,"//H
3
j:",0.0,"//H
3
j:rotstif=0.898
",0.0,feasible,20
11,H,0,"//H
3
j:",0.0,"//H
3
j:y1=-0.198
",0.0,feasible,20
11,H,0,"//H
3
j:",0.0,"//H
3
j:l=1.041
",0.0,feasible,20
11,H,0,"//H
3
j:",0.0,"//H
3
j:fr=0.341
",0.0,feasible,20
11,H,0,"//H
3
j:",0.0,"//H
3
j:l=1.455
",0.0,feasible,20
11,H,0,"//H
3
j:",0.0,"//H
3
j:fr=0.807
",0.0,feasible,20
11,H,0,"//H
3
j:",0.0,"//H
3
j:l=0.899
",0.0,feasible,20
11,H,0,"//H
3
j:",0.0,"//H
3
j:
j:-0.050003775861114264, 0.4231223473325372, 0.06176800327375531, -0.05580186191946268, 0.444357315544039, 0.793983441311866, fr=0.009
",0.0,feasible,20
11,H,0,"//H
3
j:",0.0,"//H
3
j:
j:0.060575023759156466, -0.06244404707103968, 0.31280110077932477, -0.049178171437233686, 0.7645887546241283, -0.10444320179522038, l=1.394
",0.0,feasible,20
11,H,0,"//H
3
j:",0.0,"//H
3
j:y0=0.219
",0.0,feasible,20
11,H,0,"//H
3
j:",0.0,"//H
3
j:x2=0.242
",0.0,feasible,20
11,H,0,"//H
3
j:",0.0,"//H
3
j:
c:-0.8433830896392465, -0.8868281161412597, -0.8217844883911312, -0.6387989334762096, -0.24905585264787078, -0.9339086404070258, 1.882
",0.0,feasible,20
11,H,0,"//H
3
j:",0.0,"//H
3
j:y2=-0.553
",0.0,feasible,20
11,H,0,"//H
3
j:",0.0,"//H
3
j:fr=0.933
",0.0,feasible,20
11,H,0,"//H
3
j:",0.0,"//H
3
j:fr=0.38
",0.0,feasible,20
11,H,0,"//H
3
j:",0.0,"//H
3
j:fr=0.521
",0.0,feasible,20
11,H,1,"//H
3
j:fr=0.148, l=1.306
j:-0.8021262581460178, 0.051913556177169085, 0.487877129111439, -0.11107351956889033, -0.1598705230280757, 0.24777407990768552, l=0.951
j:-0.28223971510306, 0.2375085549429059, -0.777817185036838, -0.4614100158214569, 0.18723126035183668, 0.5496568130329251, fr=0.82, l=1.471
j:-0.4149293708615005, -0.9203008292242885, -0.9889748929999769, -0.09447758924216032, -0.5087479948997498, -0.837344141677022, fr=0.686, rotstif=0.989, l=0.8
j:0.0836117984727025, 0.9813146754167974, 0.0726528586819768, 0.4060867861844599, -0.7668967242352664, 0.5053446348756552, fr=0.171, rotstif=0.91, l=1.088
j:0.581096860114485, -0.48736177710816264, 0.7209242950193584, -0.07059988752007484, 0.14912046398967505, -0.5466886218637228, rotstif=0.913, l=1.604
n:-0.36523390281945467, -0.7454170775599778, -0.946214840747416, 0.044965592212975025, 0.23316585691645741, 0.27935619885101914, d=|:p=0.239
n:0.21989392535761, -0.2219524821266532, -0.5680302218534052, 0.37855958798900247, 0.6871572672389448, 0.8790619429200888, d=@:p=0.867
n:0.9281819337047637, -0.4309733877889812, -0.19047420797869563, -0.3534550527110696, -0.1515271053649485, -0.33945250418037176, d=@:p=0.969
n:0.02332719974219799, 0.3615103750489652, 0.9733989145606756, 0.39003102062270045, -0.9981836932711303, -0.8317931168712676, d=|:r=0.9
n:0.04346650093793869, -0.7786237644031644, 0.6661862004548311, -0.24690333846956491, -0.1511850613169372, 0.3757184040732682, d=""|:p=0.274, r=0.979""
",0.00034093011009565214,"//H
3
j:fr=0.148, l=1.306
j:-0.8021262581460178, 0.051913556177169085, 0.487877129111439, -0.11107351956889033, -0.1598705230280757, 0.24777407990768552, l=0.951
j:-0.28223971510306, 0.2375085549429059, -0.777817185036838, -0.4614100158214569, 0.18723126035183668, 0.5496568130329251, fr=0.82, l=1.471
j:-0.4149293708615005, -0.9203008292242885, -0.9889748929999769, -0.09447758924216032, -0.5087479948997498, -0.837344141677022, fr=0.686, rotstif=0.989, l=0.8
j:0.0836117984727025, 0.9813146754167974, 0.0726528586819768, 0.4060867861844599, -0.7668967242352664, 0.5053446348756552, fr=0.171, rotstif=0.91, l=1.088
j:0.581096860114485, -0.48736177710816264, 0.7209242950193584, -0.07059988752007484, 0.14912046398967505, -0.5466886218637228, rotstif=0.913, l=1.604
n:-0.36523390281945467, -0.7454170775599778, -0.946214840747416, 0.044965592212975025, 0.23316585691645741, 0.27935619885101914, d=|:p=0.239
n:0.21989392535761, -0.2219524821266532, -0.5680302218534052, 0.37855958798900247, 0.6871572672389448, 0.8790619429200888, d=@:p=0.867
n:0.9281819337047637, -0.4309733877889812, -0.19047420797869563, -0.3534550527110696, -0.1515271053649485, -0.33945250418037176, d=@:p=0.969
n:0.02332719974219799, 0.3615103750489652, 0.9733989145606756, 0.39003102062270045, -0.9981836932711303, -0.8317931168712676, d=|:r=0.9
n:0.04346650093793869, -0.7786237644031644, 0.6661862004548311, -0.24690333846956491, -0.1511850613169372, 0.3757184040732682, d=""|:p=0.274, r=0.979""
n:0.6871097083203495, 0.19641143502667546, 0.9653385779820383, -0.4280140488408506, 0.10176654905080795, -0.7836689008399844, d=G
",0.00034093011009565214,feasible,20
11,H,1,"//H
3
j:fr=0.148, l=1.306
j:-0.8021262581460178, 0.051913556177169085, 0.487877129111439, -0.11107351956889033, -0.1598705230280757, 0.24777407990768552, l=0.951
j:-0.28223971510306, 0.2375085549429059, -0.777817185036838, -0.4614100158214569, 0.18723126035183668, 0.5496568130329251, fr=0.82, l=1.471
j:-0.4149293708615005, -0.9203008292242885, -0.9889748929999769, -0.09447758924216032, -0.5087479948997498, -0.837344141677022, fr=0.686, rotstif=0.989, l=0.8
j:0.0836117984727025, 0.9813146754167974, 0.0726528586819768, 0.4060867861844599, -0.7668967242352664, 0.5053446348756552, fr=0.171, rotstif=0.91, l=1.088
j:0.581096860114485, -0.48736177710816264, 0.7209242950193584, -0.07059988752007484, 0.14912046398967505, -0.5466886218637228, rotstif=0.913, l=1.604
n:-0.36523390281945467, -0.7454170775599778, -0.946214840747416, 0.044965592212975025, 0.23316585691645741, 0.27935619885101914, d=|:p=0.239
n:0.21989392535761, -0.2219524821266532, -0.5680302218534052, 0.37855958798900247, 0.6871572672389448, 0.8790619429200888, d=@:p=0.867
n:0.9281819337047637, -0.4309733877889812, -0.19047420797869563, -0.3534550527110696, -0.1515271053649485, -0.33945250418037176, d=@:p=0.969
n:0.02332719974219799, 0.3615103750489652, 0.9733989145606756, 0.39003102062270045, -0.9981836932711303, -0.8317931168712676, d=|:r=0.9
n:0.04346650093793869, -0.7786237644031644, 0.6661862004548311, -0.24690333846956491, -0.1511850613169372, 0.3757184040732682, d=""|:p=0.274, r=0.979""
",0.00034093011009565214,"//H
3
j:y2=-0.114, fr=0.148, l=1.306
j:-0.8021262581460178, 0.051913556177169085, 0.487877129111439, -0.11107351956889033, -0.1598705230280757, 0.24777407990768552, l=0.951
j:-0.28223971510306, 0.2375085549429059, -0.777817185036838, -0.4614100158214569, 0.18723126035183668, 0.5496568130329251, fr=0.82, l=1.471
j:-0.4149293708615005, -0.9203008292242885, -0.9889748929999769, -0.09447758924216032, -0.5087479948997498, -0.837344141677022, fr=0.686, rotstif=0.989, l=0.8
j:0.0836117984727025, 0.9813146754167974, 0.0726528586819768, 0.4060867861844599, -0.7668967242352664, 0.5053446348756552, fr=0.171, rotstif=0.91, l=1.088
j:0.581096860114485, -0.48736177710816264, 0.7209242950193584, -0.07059988752007484, 0.14912046398967505, -0.5466886218637228, rotstif=0.913, l=1.604
n:-0.36523390281945467, -0.7454170775599778, -0.946214840747416, 0.044965592212975025, 0.23316585691645741, 0.27935619885101914, d=|:p=0.239
n:0.21989392535761, -0.2219524821266532, -0.5680302218534052, 0.37855958798900247, 0.6871572672389448, 0.8790619429200888, d=@:p=0.867
n:0.9281819337047637, -0.4309733877889812, -0.19047420797869563, -0.3534550527110696, -0.1515271053649485, -0.33945250418037176, d=@:p=0.969
n:0.02332719974219799, 0.3615103750489652, 0.9733989145606756, 0.39003102062270045, -0.9981836932711303, -0.8317931168712676, d=|:r=0.9
n:0.04346650093793869, -0.7786237644031644, 0.6661862004548311, -0.24690333846956491, -0.1511850613169372, 0.3757184040732682, d=""|:p=0.274, r=0.979""
",0.00034093011009565214,feasible,20
11,H,1,"//H
3
j:fr=0.148, l=1.306
j:-0.8021262581460178, 0.051913556177169085, 0.487877129111439, -0.11107351956889033, -0.1598705230280757, 0.24777407990768552, l=0.951
j:-0.28223971510306, 0.2375085549429059, -0.777817185036838, -0.4614100158214569, 0.18723126035183668, 0.5496568130329251, fr=0.82, l=1.471
j:-0.4149293708615005, -0.9203008292242885, -0.9889748929999769, -0.09447758924216032, -0.5087479948997498, -0.837344141677022, fr=0.686, rotstif=0.989, l=0.8
j:0.0836117984727025, 0.9813146754167974, 0.0726528586819768, 0.4060867861844599, -0.7668967242352664, 0.5053446348756552, fr=0.171, rotstif=0.91, l=1.088
j:0.581096860114485, -0.48736177710816264, 0.7209242950193584, -0.07059988752007484, 0.14912046398967505, -0.5466886218637228, rotstif=0.913, l=1.604
n:-0.36523390281945467, -0.7454170775599778, -0.946214840747416, 0.044965592212975025, 0.23316585691645741, 0.27935619885101914, d=|:p=0.239
n:0.21989392535761, -0.2219524821266532, -0.5680302218534052, 0.37855958798900247, 0.6871572672389448, 0.8790619429200888, d=@:p=0.867
n:0.9281819337047637, -0.4309733877889812, -0.19047420797869563, -0.3534550527110696, -0.1515271053649485, -0.33945250418037176, d=@:p=0.969
n:0.02332719974219799, 0.3615103750489652, 0.9733989145606756, 0.39003102062270045, -0.9981836932711303, -0.8317931168712676, d=|:r=0.9
n:0.04346650093793869, -0.7786237644031644, 0.6661862004548311, -0.24690333846956491, -0.1511850613169372, 0.3757184040732682, d=""|:p=0.274, r=0.979""
",0.00034093011009565214,"//H
3
j:fr=0.148, l=1.306
j:-0.8021262581460178, 0.051913556177169085, 0.487877129111439, -0.11107351956889033, -0.1598705230280757, 0.24777407990768552, l=0.951
j:-0.28223971510306, 0.2375085549429059, -0.777817185036838, -0.4614100158214569, 0.18723126035183668, 0.5496568130329251, fr=0.82, l=1.471
j:-0.4149293708615005, -0.9203008292242885, -0.9889748929999769, -0.09447758924216032, -0.5087479948997498, -0.837344141677022, fr=0.686, rotstif=0.989, l=0.8
j:0.0836117984727025, 0.9813146754167974, 0.0726528586819768, 0.4060867861844599, -0.7668967242352664, 0.5053446348756552, fr=0.171, rotstif=0.91, l=1.088
j:0.581096860114485, -0.48736177710816264, 0.7209242950193584, -0.07059988752007484, 0.14912046398967505, -0.5466886218637228, rotstif=0.913, l=1.604
n:-0.36523390281945467, -0.7454170775599778, -0.946214840747416, 0.044965592212975025, 0.23316585691645741, 0.27935619885101914, d=|:p=0.239
n:0.21989392535761, -0.2219524821266532, -0.5680302218534052, 0.37855958798900247, 0.6871572672389448, 0.8790619429200888, d=@:p=0.867
n:0.9281819337047637, -0.4309733877889812, -0.19047420797869563, -0.3534550527110696, -0.1515271053649485, -0.33945250418037176, d=@:p=0.969
n:0.02332719974219799, 0.3615103750489652, 0.9733989145606756, 0.39003102062270045, -0.9981836932711303, -0.8317931168712676, d=|:r=0.9
n:0.04346650093793869, -0.7786237644031644, 0.6661862004548311, -0.24690333846956491, -0.1511850613169372, 0.3757184040732682, d=""|:p=0.274, r=0.979""
n:0.8844170588999987, 0.3965112171135843, -0.4342885543592274, 0.8549651470966637, -0.13282034499570727, 0.48401454742997885, d=@:p=0.948
",-999999.0,infeasible,20
11,H,1,"//H
3
j:fr=0.148, l=1.306
j:-0.8021262581460178, 0.051913556177169085, 0.487877129111439, -0.11107351956889033, -0.1598705230280757, 0.24777407990768552, l=0.951
j:-0.28223971510306, 0.2375085549429059, -0.777817185036838, -0.4614100158214569, 0.18723126035183668, 0.5496568130329251, fr=0.82, l=1.471
j:-0.4149293708615005, -0.9203008292242885, -0.9889748929999769, -0.09447758924216032, -0.5087479948997498, -0.837344141677022, fr=0.686, rotstif=0.989, l=0.8
j:0.0836117984727025, 0.9813146754167974, 0.0726528586819768, 0.4060867861844599, -0.7668967242352664, 0.5053446348756552, fr=0.171, rotstif=0.91, l=1.088
j:0.581096860114485, -0.48736177710816264, 0.7209242950193584, -0.07059988752007484, 0.14912046398967505, -0.5466886218637228, rotstif=0.913, l=1.604
n:-0.36523390281945467, -0.7454170775599778, -0.946214840747416, 0.044965592212975025, 0.23316585691645741, 0.27935619885101914, d=|:p=0.239
n:0.21989392535761, -0.2219524821266532, -0.5680302218534052, 0.37855958798900247, 0.6871572672389448, 0.8790619429200888, d=@:p=0.867
n:0.9281819337047637, -0.4309733877889812, -0.19047420797869563, -0.3534550527110696, -0.1515271053649485, -0.33945250418037176, d=@:p=0.969
n:0.02332719974219799, 0.3615103750489652, 0.9733989145606756, 0.39003102062270045, -0.9981836932711303, -0.8317931168712676, d=|:r=0.9
n:0.04346650093793869, -0.7786237644031644, 0.6661862004548311, -0.24690333846956491, -0.1511850613169372, 0.3757184040732682, d=""|:p=0.274, r=0.979""
",0.00034093011009565214,"//H
3
j:fr=0.148, l=1.306
j:-0.8021262581460178, 0.051913556177169085, 0.487877129111439, -0.11107351956889033, -0.1598705230280757, 0.24777407990768552, l=0.951
j:-0.28223971510306, 0.2375085549429059, -0.777817185036838, -0.4614100158214569, 0.18723126035183668, 0.5496568130329251, fr=0.82, l=1.471
j:-0.4149293708615005, -0.9203008292242885, -0.9889748929999769, -0.09447758924216032, -0.5087479948997498, -0.837344141677022, fr=0.686, rotstif=0.989, l=0.8
j:0.0836117984727025, 0.9813146754167974, 0.0726528586819768, 0.4060867861844599, -0.7668967242352664, 0.5053446348756552, fr=0.171, rotstif=0.91, l=1.088
j:0.581096860114485, -0.48736177710816264, 0.7209242950193584, -0.07059988752007484, 0.14912046398967505, -0.5466886218637228, rotstif=0.913, l=1.604
n:-0.36523390281945467, -0.7454170775599778, -0.946214840747416, 0.044965592212975025, 0.23316585691645741, 0.27935619885101914, d=|:p=0.239
n:0.21989392535761, -0.2219524821266532, -0.5680302218534052, 0.37855958798900247, 0.6871572672389448, 0.8790619429200888, d=@:p=0.867
n:0.9281819337047637, -0.4309733877889812, -0.19047420797869563, -0.3534550527110696, -0.1515271053649485, 0.126, d=@:p=0.969
n:0.02332719974219799, 0.3615103750489652, 0.9733989145606756, 0.39003102062270045, -0.9981836932711303, -0.8317931168712676, d=|:r=0.9
n:0.04346650093793869, -0.7786237644031644, 0.6661862004548311, -0.24690333846956491, -0.1511850613169372, 0.3757184040732682, d=""|:p=0.274, r=0.979""
",0.00034093011009565214,feasible,20
11,H,1,"//H
3
j:fr=0.148, l=1.306
j:-0.8021262581460178, 0.051913556177169085, 0.487877129111439, -0.11107351956889033, -0.1598705230280757, 0.24777407990768552, l=0.951
j:-0.28223971510306, 0.2375085549429059, -0.777817185036838, -0.4614100158214569, 0.18723126035183668, 0.5496568130329251, fr=0.82, l=1.471
j:-0.4149293708615005, -0.9203008292242885, -0.9889748929999769, -0.09447758924216032, -0.5087479948997498, -0.837344141677022, fr=0.686, rotstif=0.989, l=0.8
j:0.0836117984727025, 0.9813146754167974, 0.0726528586819768, 0.4060867861844599, -0.7668967242352664, 0.5053446348756552, fr=0.171, rotstif=0.91, l=1.088
j:0.581096860114485, -0.48736177710816264, 0.7209242950193584, -0.07059988752007484, 0.14912046398967505, -0.5466886218637228, rotstif=0.913, l=1.604
n:-0.36523390281945467, -0.7454170775599778, -0.946214840747416, 0.044965592212975025, 0.23316585691645741, 0.27935619885101914, d=|:p=0.239
n:0.21989392535761, -0.2219524821266532, -0.5680302218534052, 0.37855958798900247, 0.6871572672389448, 0.8790619429200888, d=@:p=0.867
n:0.9281819337047637, -0.4309733877889812, -0.19047420797869563, -0.3534550527110696, -0.1515271053649485, -0.33945250418037176, d=@:p=0.969
n:0.02332719974219799, 0.3615103750489652, 0.9733989145606756, 0.39003102062270045, -0.9981836932711303, -0.8317931168712676, d=|:r=0.9
n:0.04346650093793869, -0.7786237644031644, 0.6661862004548311, -0.24690333846956491, -0.1511850613169372, 0.3757184040732682, d=""|:p=0.274, r=0.979""
",0.00034093011009565214,"//H
3
j:fr=0.148, l=1.306
j:-0.8021262581460178, 0.051913556177169085, 0.487877129111439, -0.11107351956889033, -0.1598705230280757, 0.24777407990768552, l=0.951
j:-0.28223971510306, 0.2375085549429059, -0.777817185036838, -0.4614100158214569, 0.18723126035183668, 0.5496568130329251, fr=0.82, l=1.471
j:-0.4149293708615005, -0.9203008292242885, -0.9889748929999769, -0.09447758924216032, -0.5087479948997498, -0.837344141677022, fr=0.686, rotstif=0.989, l=0.8
j:0.0836117984727025, 0.9813146754167974, 0.0726528586819768, 0.4060867861844599, -0.7668967242352664, 0.5053446348756552, fr=0.171, rotstif=0.91, l=1.088
j:0.581096860114485, -0.48736177710816264, 0.7209242950193584, -0.07059988752007484, 0.14912046398967505, -0.5466886218637228, rotstif=0.913, l=1.604
n:-0.36523390281945467, -0.7454170775599778, -0.946214840747416, 0.044965592212975025, 0.23316585691645741, 0.27935619885101914, d=|:p=0.239
n:0.21989392535761, -0.2219524821266532, -0.5680302218534052, 0.37855958798900247, 0.6871572672389448, 0.8790619429200888, d=@:p=0.867
n:0.9281819337047637, -0.4309733877889812, -0.19047420797869563, -0.3534550527110696, -0.1515271053649485, -0.33945250418037176, d=@:p=0.969
n:0.02332719974219799, 0.3615103750489652, 0.9733989145606756, 0.39003102062270045, -0.9981836932711303, -0.8317931168712676, d=|:r=0.9
n:0.04346650093793869, -0.7786237644031644, 0.6661862004548311, -0.24690333846956491, -0.1511850613169372, 0.3757184040732682, d=""|:p=0.274, r=0.979""
c:0.26301125809550285, -0.8459311407059431, 0.5550163551233709, 0.4392228568904102, -0.4193349671550095, 0.6950851022265851, 1.923
",0.00034093011009565214,feasible,20
11,H,1,"//H
3
j:fr=0.148, l=1.306
j:-0.8021262581460178, 0.051913556177169085, 0.487877129111439, -0.11107351956889033, -0.1598705230280757, 0.24777407990768552, l=0.951
j:-0.28223971510306, 0.2375085549429059, -0.777817185036838, -0.4614100158214569, 0.18723126035183668, 0.5496568130329251, fr=0.82, l=1.471
j:-0.4149293708615005, -0.9203008292242885, -0.9889748929999769, -0.09447758924216032, -0.5087479948997498, -0.837344141677022, fr=0.686, rotstif=0.989, l=0.8
j:0.0836117984727025, 0.9813146754167974, 0.0726528586819768, 0.4060867861844599, -0.7668967242352664, 0.5053446348756552, fr=0.171, rotstif=0.91, l=1.088
j:0.581096860114485, -0.48736177710816264, 0.7209242950193584, -0.07059988752007484, 0.14912046398967505, -0.5466886218637228, rotstif=0.913, l=1.604
n:-0.36523390281945467, -0.7454170775599778, -0.946214840747416, 0.044965592212975025, 0.23316585691645741, 0.27935619885101914, d=|:p=0.239
n:0.21989392535761, -0.2219524821266532, -0.5680302218534052, 0.37855958798900247, 0.6871572672389448, 0.8790619429200888, d=@:p=0.867
n:0.9281819337047637, -0.4309733877889812, -0.19047420797869563, -0.3534550527110696, -0.1515271053649485, -0.33945250418037176, d=@:p=0.969
n:0.02332719974219799, 0.3615103750489652, 0.9733989145606756, 0.39003102062270045, -0.9981836932711303, -0.8317931168712676, d=|:r=0.9
n:0.04346650093793869, -0.7786237644031644, 0.6661862004548311, -0.24690333846956491, -0.1511850613169372, 0.3757184040732682, d=""|:p=0.274, r=0.979""
",0.00034093011009565214,"//H
3
j:fr=0.148, l=1.306
j:-0.8021262581460178, 0.051913556177169085, 0.487877129111439, -0.11107351956889033, -0.1598705230280757, 0.24777407990768552, l=0.951
j:-0.28223971510306, 0.2375085549429059, -0.777817185036838, -0.4614100158214569, 0.18723126035183668, 0.5496568130329251, fr=0.82, l=1.471
j:-0.4149293708615005, -0.9203008292242885, -0.9889748929999769, -0.09447758924216032, -0.5087479948997498, -0.837344141677022, fr=0.686, rotstif=0.989, l=0.8
j:0.0836117984727025, 0.9813146754167974, 0.0726528586819768, 0.4060867861844599, -0.7668967242352664, 0.5053446348756552, fr=0.171, rotstif=0.91, l=1.088
j:0.581096860114485, -0.48736177710816264, 0.7209242950193584, -0.07059988752007484, 0.14912046398967505, -0.5466886218637228, rotstif=0.913, l=1.604
j:0.2684777337126434, -0.4916340745985508, -0.5386987994424999, 0.04428929556161165, -0.7734493929892778, -0.8594685182906687, l=1.23
n:-0.36523390281945467, -0.7454170775599778, -0.946214840747416, 0.044965592212975025, 0.23316585691645741, 0.27935619885101914, d=|:p=0.239
n:0.21989392535761, -0.2219524821266532, -0.5680302218534052, 0.37855958798900247, 0.6871572672389448, 0.8790619429200888, d=@:p=0.867
n:0.9281819337047637, -0.4309733877889812, -0.19047420797869563, -0.3534550527110696, -0.1515271053649485, -0.33945250418037176, d=@:p=0.969
n:0.02332719974219799, 0.3615103750489652, 0.9733989145606756, 0.39003102062270045, -0.9981836932711303, -0.8317931168712676, d=|:r=0.9
n:0.04346650093793869, -0.7786237644031644, 0.6661862004548311, -0.24690333846956491, -0.1511850613169372, 0.3757184040732682, d=""|:p=0.274, r=0.979""
",6.000399064792314e-07,feasible,20
11,H,1,"//H
3
j:fr=0.148, l=1.306
j:-0.8021262581460178, 0.051913556177169085, 0.487877129111439, -0.11107351956889033, -0.1598705230280757, 0.24777407990768552, l=0.951
j:-0.28223971510306, 0.2375085549429059, -0.777817185036838, -0.4614100158214569, 0.18723126035183668, 0.5496568130329251, fr=0.82, l=1.471
j:-0.4149293708615005, -0.9203008292242885, -0.9889748929999769, -0.09447758924216032, -0.5087479948997498, -0.837344141677022, fr=0.686, rotstif=0.989, l=0.8
j:0.0836117984727025, 0.9813146754167974, 0.0726528586819768, 0.4060867861844599, -0.7668967242352664, 0.5053446348756552, fr=0.171, rotstif=0.91, l=1.088
j:0.581096860114485, -0.48736177710816264, 0.7209242950193584, -0.07059988752007484, 0.14912046398967505, -0.5466886218637228, rotstif=0.913, l=1.604
n:-0.36523390281945467, -0.7454170775599778, -0.946214840747416, 0.044965592212975025, 0.23316585691645741, 0.27935619885101914, d=|:p=0.239
n:0.21989392535761, -0.2219524821266532, -0.5680302218534052, 0.37855958798900247, 0.6871572672389448, 0.8790619429200888, d=@:p=0.867
n:0.9281819337047637, -0.4309733877889812, -0.19047420797869563, -0.3534550527110696, -0.1515271053649485, -0.33945250418037176, d=@:p=0.969
n:0.02332719974219799, 0.3615103750489652, 0.9733989145606756, 0.39003102062270045, -0.9981836932711303, -0.8317931168712676, d=|:r=0.9
n:0.04346650093793869, -0.7786237644031644, 0.6661862004548311, -0.24690333846956491, -0.1511850613169372, 0.3757184040732682, d=""|:p=0.274, r=0.979""
",0.00034093011009565214,"//H
3
j:fr=0.148, l=1.306
j:-0.8021262581460178, 0.051913556177169085, 0.487877129111439, -0.11107351956889033, -0.1598705230280757, 0.24777407990768552, l=0.951
j:-0.28223971510306, 0.2375085549429059, -0.777817185036838, -0.4614100158214569, 0.18723126035183668, 0.5496568130329251, fr=0.82, l=1.471
j:-0.4149293708615005, -0.9203008292242885, -0.9889748929999769, -0.09447758924216032, -0.5087479948997498, -0.837344141677022, fr=0.686, rotstif=0.989, l=0.8
j:0.0836117984727025, 0.9813146754167974, 0.0726528586819768, 0.4060867861844599, -0.7668967242352664, 0.5053446348756552, fr=0.171, rotstif=0.91, l=1.088
j:0.581096860114485, -0.48736177710816264, 0.7209242950193584, -0.07059988752007484, 0.14912046398967505, -0.5466886218637228, rotstif=0.913, l=1.604
n:-0.36523390281945467, -0.7454170775599778, -0.946214840747416, 0.044965592212975025, 0.23316585691645741, 0.27935619885101914, d=|:p=0.239
n:0.21989392535761, -0.2219524821266532, -0.5680302218534052, 0.37855958798900247, 0.6871572672389448, 0.8790619429200888, d=@:p=0.867
n:0.9281819337047637, -0.4309733877889812, -0.19047420797869563, -0.3534550527110696, -0.1515271053649485, -0.33945250418037176, d=@:p=0.969
n:0.02332719974219799, 0.3615103750489652, 0.9733989145606756, 0.39003102062270045, -0.9981836932711303, -0.8317931168712676, d=|:r=0.9
n:0.04346650093793869, -0.7786237644031644, 0.6661862004548311, -0.425, -0.1511850613169372, 0.3757184040732682, d=""|:p=0.274, r=0.979""
",0.00034093011009565214,feasible,20
11,H,1,"//H
3
j:fr=0.148, l=1.306
j:-0.8021262581460178, 0.051913556177169085, 0.487877129111439, -0.11107351956889033, -0.1598705230280757, 0.24777407990768552, l=0.951
j:-0.28223971510306, 0.2375085549429059, -0.777817185036838, -0.4614100158214569, 0.18723126035183668, 0.5496568130329251, fr=0.82, l=1.471
j:-0.4149293708615005, -0.9203008292242885, -0.9889748929999769, -0.09447758924216032, -0.5087479948997498, -0.837344141677022, fr=0.686, rotstif=0.989, l=0.8
j:0.0836117984727025, 0.9813146754167974, 0.0726528586819768, 0.4060867861844599, -0.7668967242352664, 0.5053446348756552, fr=0.171, rotstif=0.91, l=1.088
j:0.581096860114485, -0.48736177710816264, 0.7209242950193584, -0.07059988752007484, 0.14912046398967505, -0.5466886218637228, rotstif=0.913, l=1.604
n:-0.36523390281945467, -0.7454170775599778, -0.946214840747416, 0.044965592212975025, 0.23316585691645741, 0.27935619885101914, d=|:p=0.239
n:0.21989392535761, -0.2219524821266532, -0.5680302218534052, 0.37855958798900247, 0.6871572672389448, 0.8790619429200888, d=@:p=0.867
n:0.9281819337047637, -0.4309733877889812, -0.19047420797869563, -0.3534550527110696, -0.1515271053649485, -0.33945250418037176, d=@:p=0.969
n:0.02332719974219799, 0.3615103750489652, 0.9733989145606756, 0.39003102062270045, -0.9981836932711303, -0.8317931168712676, d=|:r=0.9
n:0.04346650093793869, -0.7786237644031644, 0.6661862004548311, -0.24690333846956491, -0.1511850613169372, 0.3757184040732682, d=""|:p=0.274, r=0.979""
",0.00034093011009565214,"//H
3
j:fr=0.148, l=1.306
j:-0.8021262581460178, 0.051913556177169085, 0.487877129111439, -0.11107351956889033, -0.1598705230280757, 0.24777407990768552, l=0.951
j:-0.28223971510306, 0.2375085549429059, -0.777817185036838, -0.4614100158214569, 0.18723126035183668, 0.5496568130329251, fr=0.82, l=1.471
j:-0.4149293708615005, -0.9203008292242885, -0.9889748929999769, -0.09447758924216032, -0.5087479948997498, -0.837344141677022, fr=0.686, rotstif=0.989, l=0.8
j:0.0836117984727025, 0.9813146754167974, 0.0726528586819768, 0.4060867861844599, -0.7668967242352664, 0.5053446348756552, fr=0.171, rotstif=0.91, l=1.088
j:0.581096860114485, -0.48736177710816264, 0.7209242950193584, -0.07059988752007484, 0.14912046398967505, -0.5466886218637228, rotstif=0.913, l=1.604
j:-0.6624126406386495, -0.9643453750759363, -0.9542773156426847, -0.22472472535446286, -0.9965086439624429, 0.6698359199799597, l=0.95
n:-0.36523390281945467, -0.7454170775599778, -0.946214840747416, 0.044965592212975025, 0.23316585691645741, 0.27935619885101914, d=|:p=0.239
n:0.21989392535761, -0.2219524821266532, -0.5680302218534052, 0.37855958798900247, 0.6871572672389448, 0.8790619429200888, d=@:p=0.867
n:0.9281819337047637, -0.4309733877889812, -0.19047420797869563, -0.3534550527110696, -0.1515271053649485, -0.33945250418037176, d=@:p=0.969
n:0.02332719974219799, 0.3615103750489652, 0.9733989145606756, 0.39003102062270045, -0.9981836932711303, -0.8317931168712676, d=|:r=0.9
n:0.04346650093793869, -0.7786237644031644, 0.6661862004548311, -0.24690333846956491, -0.1511850613169372, 0.3757184040732682, d=""|:p=0.274, r=0.979""
",2.6247408189782313e-05,feasible,20
11,H,1,"//H
3
j:fr=0.148, l=1.306
j:-0.8021262581460178, 0.051913556177169085, 0.487877129111439, -0.11107351956889033, -0.1598705230280757, 0.24777407990768552, l=0.951
j:-0.28223971510306, 0.2375085549429059, -0.777817185036838, -0.4614100158214569, 0.18723126035183668, 0.5496568130329251, fr=0.82, l=1.471
j:-0.4149293708615005, -0.9203008292242885, -0.9889748929999769, -0.09447758924216032, -0.5087479948997498, -0.837344141677022, fr=0.686, rotstif=0.989, l=0.8
j:0.0836117984727025, 0.9813146754167974, 0.0726528586819768, 0.4060867861844599, -0.7668967242352664, 0.5053446348756552, fr=0.171, rotstif=0.91, l=1.088
j:0.581096860114485, -0.48736177710816264, 0.7209242950193584, -0.07059988752007484, 0.14912046398967505, -0.5466886218637228, rotstif=0.913, l=1.604
n:-0.36523390281945467, -0.7454170775599778, -0.946214840747416, 0.044965592212975025, 0.23316585691645741, 0.27935619885101914, d=|:p=0.239
n:0.21989392535761, -0.2219524821266532, -0.5680302218534052, 0.37855958798900247, 0.6871572672389448, 0.8790619429200888, d=@:p=0.867
n:0.9281819337047637, -0.4309733877889812, -0.19047420797869563, -0.3534550527110696, -0.1515271053649485, -0.33945250418037176, d=@:p=0.969
n:0.02332719974219799, 0.3615103750489652, 0.9733989145606756, 0.39003102062270045, -0.9981836932711303, -0.8317931168712676, d=|:r=0.9
n:0.04346650093793869, -0.7786237644031644, 0.6661862004548311, -0.24690333846956491, -0.1511850613169372, 0.3757184040732682, d=""|:p=0.274, r=0.979""
",0.00034093011009565214,"//H
3
j:x2=0.014, fr=0.148, l=1.306
j:-0.8021262581460178, 0.051913556177169085, 0.487877129111439, -0.11107351956889033, -0.1598705230280757, 0.24777407990768552, l=0.951
j:-0.28223971510306, 0.2375085549429059, -0.777817185036838, -0.4614100158214569, 0.18723126035183668, 0.5496568130329251, fr=0.82, l=1.471
j:-0.4149293708615005, -0.9203008292242885, -0.9889748929999769, -0.09447758924216032, -0.5087479948997498, -0.837344141677022, fr=0.686, rotstif=0.989, l=0.8
j:0.0836117984727025, 0.9813146754167974, 0.0726528586819768, 0.4060867861844599, -0.7668967242352664, 0.5053446348756552, fr=0.171, rotstif=0.91, l=1.088
j:0.581096860114485, -0.48736177710816264, 0.7209242950193584, -0.07059988752007484, 0.14912046398967505, -0.5466886218637228, rotstif=0.913, l=1.604
n:-0.36523390281945467, -0.7454170775599778, -0.946214840747416, 0.044965592212975025, 0.23316585691645741, 0.27935619885101914, d=|:p=0.239
n:0.21989392535761, -0.2219524821266532, -0.5680302218534052, 0.37855958798900247, 0.6871572672389448, 0.8790619429200888, d=@:p=0.867
n:0.9281819337047637, -0.4309733877889812, -0.19047420797869563, -0.3534550527110696, -0.1515271053649485, -0.33945250418037176, d=@:p=0.969
n:0.02332719974219799, 0.3615103750489652, 0.9733989145606756, 0.39003102062270045, -0.9981836932711303, -0.8317931168712676, d=|:r=0.9
n:0.04346650093793869, -0.7786237644031644, 0.6661862004548311, -0.24690333846956491, -0.1511850613169372, 0.3757184040732682, d=""|:p=0.274, r=0.979""
",0.00034093011009565214,feasible,20
11,H,1,"//H
3
j:fr=0.148, l=1.306
j:-0.8021262581460178, 0.051913556177169085, 0.487877129111439, -0.11107351956889033, -0.1598705230280757, 0.24777407990768552, l=0.951
j:-0.28223971510306, 0.2375085549429059, -0.777817185036838, -0.4614100158214569, 0.18723126035183668, 0.5496568130329251, fr=0.82, l=1.471
j:-0.4149293708615005, -0.9203008292242885, -0.9889748929999769, -0.09447758924216032, -0.5087479948997498, -0.837344141677022, fr=0.686, rotstif=0.989, l=0.8
j:0.0836117984727025, 0.9813146754167974, 0.0726528586819768, 0.4060867861844599, -0.7668967242352664, 0.5053446348756552, fr=0.171, rotstif=0.91, l=1.088
j:0.581096860114485, -0.48736177710816264, 0.7209242950193584, -0.07059988752007484, 0.14912046398967505, -0.5466886218637228, rotstif=0.913, l=1.604
n:-0.36523390281945467, -0.7454170775599778, -0.946214840747416, 0.044965592212975025, 0.23316585691645741, 0.27935619885101914, d=|:p=0.239
n:0.21989392535761, -0.2219524821266532, -0.5680302218534052, 0.37855958798900247, 0.6871572672389448, 0.8790619429200888, d=@:p=0.867
n:0.9281819337047637, -0.4309733877889812, -0.19047420797869563, -0.3534550527110696, -0.1515271053649485, -0.33945250418037176, d=@:p=0.969
n:0.02332719974219799, 0.3615103750489652, 0.9733989145606756, 0.39003102062270045, -0.9981836932711303, -0.8317931168712676, d=|:r=0.9
n:0.04346650093793869, -0.7786237644031644, 0.6661862004548311, -0.24690333846956491, -0.1511850613169372, 0.3757184040732682, d=""|:p=0.274, r=0.979""
",0.00034093011009565214,"//H
3
j:fr=0.148, l=1.306
j:-0.8021262581460178, 0.051913556177169085, 0.487877129111439, -0.11107351956889033, -0.1598705230280757, 0.24777407990768552, l=0.951
j:-0.28223971510306, 0.2375085549429059, -0.777817185036838, -0.4614100158214569, 0.18723126035183668, 0.5496568130329251, fr=0.82, l=1.471
j:-0.4149293708615005, -0.9203008292242885, -0.9889748929999769, -0.09447758924216032, -0.5087479948997498, -0.837344141677022, fr=0.686, rotstif=0.989, l=0.8
j:0.0836117984727025, 0.9813146754167974, 0.0726528586819768, 0.4060867861844599, -0.7668967242352664, 0.5053446348756552, fr=0.171, rotstif=0.91, l=1.088
j:0.581096860114485, -0.48736177710816264, 0.7209242950193584, -0.07059988752007484, 0.14912046398967505, -0.5466886218637228, rotstif=0.913, l=1.604
n:-0.36523390281945467, -0.7454170775599778, -0.946214840747416, 0.044965592212975025, 0.23316585691645741, 0.27935619885101914, d=|:p=0.239
n:0.21989392535761, -0.2219524821266532, -0.5680302218534052, 0.37855958798900247, 0.6871572672389448, 0.8790619429200888, d=@:p=0.867
n:0.9281819337047637, -0.4309733877889812, -0.19047420797869563, -0.3534550527110696, -0.1515271053649485, -0.33945250418037176, d=@:p=0.969
n:0.02332719974219799, 0.3615103750489652, 0.9733989145606756, 0.39003102062270045, -0.9981836932711303, -0.8317931168712676, d=|:r=0.9
n:0.04346650093793869, -0.7786237644031644, 0.6661862004548311, -0.24690333846956491, -0.1511850613169372, 0.3757184040732682, d=""|:p=0.274, r=0.979""
n:0.17456693155691028, 0.8151519931852818, -0.5638602059334517, -0.25227648532018065, 0.3498977650888264, 0.5050349715165794, d=G
",0.00034093011009565214,feasible,20
11,H,1,"//H
3
j:fr=0.148, l=1.306
j:-0.8021262581460178, 0.051913556177169085, 0.487877129111439, -0.11107351956889033, -0.1598705230280757, 0.24777407990768552, l=0.951
j:-0.28223971510306, 0.2375085549429059, -0.777817185036838, -0.4614100158214569, 0.18723126035183668, 0.5496568130329251, fr=0.82, l=1.471
j:-0.4149293708615005, -0.9203008292242885, -0.9889748929999769, -0.09447758924216032, -0.5087479948997498, -0.837344141677022, fr=0.686, rotstif=0.989, l=0.8
j:0.0836117984727025, 0.9813146754167974, 0.0726528586819768, 0.4060867861844599, -0.7668967242352664, 0.5053446348756552, fr=0.171, rotstif=0.91, l=1.088
j:0.581096860114485, -0.48736177710816264, 0.7209242950193584, -0.07059988752007484, 0.14912046398967505, -0.5466886218637228, rotstif=0.913, l=1.604
n:-0.36523390281945467, -0.7454170775599778, -0.946214840747416, 0.044965592212975025, 0.23316585691645741, 0.27935619885101914, d=|:p=0.239
n:0.21989392535761, -0.2219524821266532, -0.5680302218534052, 0.37855958798900247, 0.6871572672389448, 0.8790619429200888, d=@:p=0.867
n:0.9281819337047637, -0.4309733877889812, -0.19047420797869563, -0.3534550527110696, -0.1515271053649485, -0.33945250418037176, d=@:p=0.969
n:0.02332719974219799, 0.3615103750489652, 0.9733989145606756, 0.39003102062270045, -0.9981836932711303, -0.8317931168712676, d=|:r=0.9
n:0.04346650093793869, -0.7786237644031644, 0.6661862004548311, -0.24690333846956491, -0.1511850613169372, 0.3757184040732682, d=""|:p=0.274, r=0.979""
",0.00034093011009565214,"//H
3
j:fr=0.148, l=1.306
j:-0.8021262581460178, 0.051913556177169085, 0.487877129111439, -0.11107351956889033, -0.1598705230280757, 0.24777407990768552, l=0.951
j:-0.28223971510306, 0.2375085549429059, -0.777817185036838, -0.4614100158214569, 0.18723126035183668, 0.5496568130329251, fr=0.82, l=1.471
j:-0.4149293708615005, -0.9203008292242885, -0.774, -0.09447758924216032, -0.5087479948997498, -0.837344141677022, fr=0.686, rotstif=0.989, l=0.8
j:0.0836117984727025, 0.9813146754167974, 0.0726528586819768, 0.4060867861844599, -0.7668967242352664, 0.5053446348756552, fr=0.171, rotstif=0.91, l=1.088
j:0.581096860114485, -0.48736177710816264, 0.7209242950193584, -0.07059988752007484, 0.14912046398967505, -0.5466886218637228, rotstif=0.913, l=1.604
n:-0.36523390281945467, -0.7454170775599778, -0.946214840747416, 0.044965592212975025, 0.23316585691645741, 0.27935619885101914, d=|:p=0.239
n:0.21989392535761, -0.2219524821266532, -0.5680302218534052, 0.37855958798900247, 0.6871572672389448, 0.8790619429200888, d=@:p=0.867
n:0.9281819337047637, -0.4309733877889812, -0.19047420797869563, -0.3534550527110696, -0.1515271053649485, -0.33945250418037176, d=@:p=0.969
n:0.02332719974219799, 0.3615103750489652, 0.9733989145606756, 0.39003102062270045, -0.9981836932711303, -0.8317931168712676, d=|:r=0.9
n:0.04346650093793869, -0.7786237644031644, 0.6661862004548311, -0.24690333846956491, -0.1511850613169372, 0.3757184040732682, d=""|:p=0.274, r=0.979""
",0.00034093011009565214,feasible,20
11,H,1,"//H
3
j:fr=0.148, l=1.306
j:-0.8021262581460178, 0.051913556177169085, 0.487877129111439, -0.11107351956889033, -0.1598705230280757, 0.24777407990768552, l=0.951
j:-0.28223971510306, 0.2375085549429059, -0.777817185036838, -0.4614100158214569, 0.18723126035183668, 0.5496568130329251, fr=0.82, l=1.471
j:-0.4149293708615005, -0.9203008292242885, -0.9889748929999769, -0.09447758924216032, -0.5087479948997498, -0.837344141677022, fr=0.686, rotstif=0.989, l=0.8
j:0.0836117984727025, 0.9813146754167974, 0.0726528586819768, 0.4060867861844599, -0.7668967242352664, 0.5053446348756552, fr=0.171, rotstif=0.91, l=1.088
j:0.581096860114485, -0.48736177710816264, 0.7209242950193584, -0.07059988752007484, 0.14912046398967505, -0.5466886218637228, rotstif=0.913, l=1.604
n:-0.36523390281945467, -0.7454170775599778, -0.946214840747416, 0.044965592212975025, 0.23316585691645741, 0.27935619885101914, d=|:p=0.239
n:0.21989392535761, -0.2219524821266532, -0.5680302218534052, 0.37855958798900247, 0.6871572672389448, 0.8790619429200888, d=@:p=0.867
n:0.9281819337047637, -0.4309733877889812, -0.19047420797869563, -0.3534550527110696, -0.1515271053649485, -0.33945250418037176, d=@:p=0.969
n:0.02332719974219799, 0.3615103750489652, 0.9733989145606756, 0.39003102062270045, -0.9981836932711303, -0.8317931168712676, d=|:r=0.9
n:0.04346650093793869, -0.7786237644031644, 0.6661862004548311, -0.24690333846956491, -0.1511850613169372, 0.3757184040732682, d=""|:p=0.274, r=0.979""
",0.00034093011009565214,"//H
3
j:fr=0.148, l=1.306
j:-0.8021262581460178, 0.051913556177169085, 0.487877129111439, -0.11107351956889033, -0.1598705230280757, 0.24777407990768552, l=0.951
j:-0.28223971510306, 0.2375085549429059, -0.777817185036838, -0.4614100158214569, 0.18723126035183668, 0.5496568130329251, fr=0.82, l=1.471
j:-0.4149293708615005, -0.9203008292242885, -0.9889748929999769, -0.09447758924216032, -0.5087479948997498, -0.837344141677022, fr=0.686, rotstif=0.989, l=0.8
j:0.0836117984727025, 0.9813146754167974, 0.0726528586819768, 0.4060867861844599, -0.7668967242352664, 0.5053446348756552, fr=0.171, rotstif=0.91, l=1.088
j:0.581096860114485, -0.48736177710816264, 0.7209242950193584, -0.07059988752007484, 0.14912046398967505, -0.5466886218637228, rotstif=0.913, l=1.604
n:-0.36523390281945467, -0.7454170775599778, -0.946214840747416, 0.044965592212975025, 0.23316585691645741, 0.27935619885101914, d=|:p=0.239
n:0.21989392535761, -0.2219524821266532, -0.5680302218534052, 0.37855958798900247, 0.6871572672389448, 0.8790619429200888, d=@:p=0.867
n:0.9281819337047637, -0.4309733877889812, -0.19047420797869563, -0.3534550527110696, -0.1515271053649485, -0.33945250418037176, d=@:p=0.969
n:0.04346650093793869, -0.7786237644031644, 0.6661862004548311, -0.24690333846956491, -0.1511850613169372, 0.3757184040732682, d=""|:p=0.274, r=0.979""
",4.1548492262094886e-05,feasible,20
11,H,1,"//H
3
j:fr=0.148, l=1.306
j:-0.8021262581460178, 0.051913556177169085, 0.487877129111439, -0.11107351956889033, -0.1598705230280757, 0.24777407990768552, l=0.951
j:-0.28223971510306, 0.2375085549429059, -0.777817185036838, -0.4614100158214569, 0.18723126035183668, 0.5496568130329251, fr=0.82, l=1.471
j:-0.4149293708615005, -0.9203008292242885, -0.9889748929999769, -0.09447758924216032, -0.5087479948997498, -0.837344141677022, fr=0.686, rotstif=0.989, l=0.8
j:0.0836117984727025, 0.9813146754167974, 0.0726528586819768, 0.4060867861844599, -0.7668967242352664, 0.5053446348756552, fr=0.171, rotstif=0.91, l=1.088
j:0.581096860114485, -0.48736177710816264, 0.7209242950193584, -0.07059988752007484, 0.14912046398967505, -0.5466886218637228, rotstif=0.913, l=1.604
n:-0.36523390281945467, -0.7454170775599778, -0.946214840747416, 0.044965592212975025, 0.23316585691645741, 0.27935619885101914, d=|:p=0.239
n:0.21989392535761, -0.2219524821266532, -0.5680302218534052, 0.37855958798900247, 0.6871572672389448, 0.8790619429200888, d=@:p=0.867
n:0.9281819337047637, -0.4309733877889812, -0.19047420797869563, -0.3534550527110696, -0.1515271053649485, -0.33945250418037176, d=@:p=0.969
n:0.02332719974219799, 0.3615103750489652, 0.9733989145606756, 0.39003102062270045, -0.9981836932711303, -0.8317931168712676, d=|:r=0.9
n:0.04346650093793869, -0.7786237644031644, 0.6661862004548311, -0.24690333846956491, -0.1511850613169372, 0.3757184040732682, d=""|:p=0.274, r=0.979""
",0.00034093011009565214,"//H
3
j:fr=0.148, l=1.306
j:-0.8021262581460178, 0.051913556177169085, 0.487877129111439, -0.11107351956889033, -0.1598705230280757, 0.24777407990768552, l=0.951
j:-0.28223971510306, 0.2375085549429059, -0.777817185036838, -0.4614100158214569, 0.18723126035183668, 0.5496568130329251, fr=0.82, l=1.471
j:-0.4149293708615005, -0.9203008292242885, -0.9889748929999769, -0.09447758924216032, -0.5087479948997498, -0.837344141677022, fr=0.686, rotstif=0.989, l=0.8
j:0.0836117984727025, 0.9813146754167974, 0.0726528586819768, 0.4060867861844599, -0.7668967242352664, 0.5053446348756552, fr=0.171, rotstif=0.91, l=1.088
j:0.581096860114485, -0.48736177710816264, 0.7209242950193584, -0.07059988752007484, 0.14912046398967505, -0.5466886218637228, rotstif=0.913, l=1.604
n:-0.36523390281945467, -0.7454170775599778, -0.946214840747416, 0.044965592212975025, 0.23316585691645741, 0.27935619885101914, d=|:p=0.239
n:0.21989392535761, -0.2219524821266532, -0.5680302218534052, 0.37855958798900247, 0.6871572672389448, 0.8790619429200888, d=@:p=0.867
n:0.9281819337047637, -0.4309733877889812, -0.19047420797869563, -0.3534550527110696, -0.1515271053649485, -0.33945250418037176, d=@:p=0.969
n:0.02332719974219799, 0.3615103750489652, 0.9733989145606756, 0.39003102062270045, -0.9981836932711303, -0.8317931168712676, d=|:r=0.9
n:0.04346650093793869, -0.7786237644031644, 0.6661862004548311, -0.24690333846956491, -0.1511850613169372, 0.3757184040732682, d=""|:p=0.274, r=0.979""
c:-0.9348671492189169, 0.6101579987443984, 0.4723952868953347, -0.3661046205088496, 0.2624196424148977, 0.7706618621014059, -2.386
",0.00034093011009565214,feasible,20
11,H,1,"//H
3
j:fr=0.148, l=1.306
j:-0.8021262581460178, 0.051913556177169085, 0.487877129111439, -0.11107351956889033, -0.1598705230280757, 0.24777407990768552, l=0.951
j:-0.28223971510306, 0.2375085549429059, -0.777817185036838, -0.4614100158214569, 0.18723126035183668, 0.5496568130329251, fr=0.82, l=1.471
j:-0.4149293708615005, -0.9203008292242885, -0.9889748929999769, -0.09447758924216032, -0.5087479948997498, -0.837344141677022, fr=0.686, rotstif=0.989, l=0.8
j:0.0836117984727025, 0.9813146754167974, 0.0726528586819768, 0.4060867861844599, -0.7668967242352664, 0.5053446348756552, fr=0.171, rotstif=0.91, l=1.088
j:0.581096860114485, -0.48736177710816264, 0.7209242950193584, -0.07059988752007484, 0.14912046398967505, -0.5466886218637228, rotstif=0.913, l=1.604
n:-0.36523390281945467, -0.7454170775599778, -0.946214840747416, 0.044965592212975025, 0.23316585691645741, 0.27935619885101914, d=|:p=0.239
n:0.21989392535761, -0.2219524821266532, -0.5680302218534052, 0.37855958798900247, 0.6871572672389448, 0.8790619429200888, d=@:p=0.867
n:0.9281819337047637, -0.4309733877889812, -0.19047420797869563, -0.3534550527110696, -0.1515271053649485, -0.33945250418037176, d=@:p=0.969
n:0.02332719974219799, 0.3615103750489652, 0.9733989145606756, 0.39003102062270045, -0.9981836932711303, -0.8317931168712676, d=|:r=0.9
n:0.04346650093793869, -0.7786237644031644, 0.6661862004548311, -0.24690333846956491, -0.1511850613169372, 0.3757184040732682, d=""|:p=0.274, r=0.979""
",0.00034093011009565214,"//H
3
j:fr=0.148, l=1.306
j:-0.8021262581460178, 0.051913556177169085, 0.487877129111439, -0.11107351956889033, -0.1598705230280757, 0.24777407990768552, l=0.951
j:-0.28223971510306, 0.2375085549429059, -0.711, -0.4614100158214569, 0.18723126035183668, 0.5496568130329251, fr=0.82, l=1.471
j:-0.4149293708615005, -0.9203008292242885, -0.9889748929999769, -0.09447758924216032, -0.5087479948997498, -0.837344141677022, fr=0.686, rotstif=0.989, l=0.8
j:0.0836117984727025, 0.9813146754167974, 0.0726528586819768, 0.4060867861844599, -0.7668967242352664, 0.5053446348756552, fr=0.171, rotstif=0.91, l=1.088
j:0.581096860114485, -0.48736177710816264, 0.7209242950193584, -0.07059988752007484, 0.14912046398967505, -0.5466886218637228, rotstif=0.913, l=1.604
n:-0.36523390281945467, -0.7454170775599778, -0.946214840747416, 0.044965592212975025, 0.23316585691645741, 0.27935619885101914, d=|:p=0.239
n:0.21989392535761, -0.2219524821266532, -0.5680302218534052, 0.37855958798900247, 0.6871572672389448, 0.8790619429200888, d=@:p=0.867
n:0.9281819337047637, -0.4309733877889812, -0.19047420797869563, -0.3534550527110696, -0.1515271053649485, -0.33945250418037176, d=@:p=0.969
n:0.02332719974219799, 0.3615103750489652, 0.9733989145606756, 0.39003102062270045, -0.9981836932711303, -0.8317931168712676, d=|:r=0.9
n:0.04346650093793869, -0.7786237644031644, 0.6661862004548311, -0.24690333846956491, -0.1511850613169372, 0.3757184040732682, d=""|:p=0.274, r=0.979""
",1.3391091103939523e-06,feasible,20
11,H,1,"//H
3
j:fr=0.148, l=1.306
j:-0.8021262581460178, 0.051913556177169085, 0.487877129111439, -0.11107351956889033, -0.1598705230280757, 0.24777407990768552, l=0.951
j:-0.28223971510306, 0.2375085549429059, -0.777817185036838, -0.4614100158214569, 0.18723126035183668, 0.5496568130329251, fr=0.82, l=1.471
j:-0.4149293708615005, -0.9203008292242885, -0.9889748929999769, -0.09447758924216032, -0.5087479948997498, -0.837344141677022, fr=0.686, rotstif=0.989, l=0.8
j:0.0836117984727025, 0.9813146754167974, 0.0726528586819768, 0.4060867861844599, -0.7668967242352664, 0.5053446348756552, fr=0.171, rotstif=0.91, l=1.088
j:0.581096860114485, -0.48736177710816264, 0.7209242950193584, -0.07059988752007484, 0.14912046398967505, -0.5466886218637228, rotstif=0.913, l=1.604
n:-0.36523390281945467, -0.7454170775599778, -0.946214840747416, 0.044965592212975025, 0.23316585691645741, 0.27935619885101914, d=|:p=0.239
n:0.21989392535761, -0.2219524821266532, -0.5680302218534052, 0.37855958798900247, 0.6871572672389448, 0.8790619429200888, d=@:p=0.867
n:0.9281819337047637, -0.4309733877889812, -0.19047420797869563, -0.3534550527110696, -0.1515271053649485, -0.33945250418037176, d=@:p=0.969
n:0.02332719974219799, 0.3615103750489652, 0.9733989145606756, 0.39003102062270045, -0.9981836932711303, -0.8317931168712676, d=|:r=0.9
n:0.04346650093793869, -0.7786237644031644, 0.6661862004548311, -0.24690333846956491, -0.1511850613169372, 0.3757184040732682, d=""|:p=0.274, r=0.979""
",0.00034093011009565214,"//H
3
j:fr=0.148, l=1.306
j:-0.8021262581460178, 0.051913556177169085, 0.487877129111439, -0.11107351956889033, -0.1598705230280757, 0.24777407990768552, l=0.951
j:-0.28223971510306, 0.2375085549429059, -0.777817185036838, -0.4614100158214569, 0.18723126035183668, 0.5496568130329251, fr=0.82, l=1.471
j:-0.4149293708615005, -0.9203008292242885, -0.9889748929999769, -0.09447758924216032, -0.5087479948997498, -0.837344141677022, fr=0.686, rotstif=0.989, l=0.8
j:0.0836117984727025, 0.9813146754167974, 0.0726528586819768, 0.4060867861844599, -0.7668967242352664, 0.5053446348756552, fr=0.171, rotstif=0.91, l=1.088
j:0.581096860114485, -0.48736177710816264, 0.7209242950193584, -0.07059988752007484, 0.14912046398967505, -0.5466886218637228, rotstif=0.913, l=1.604
j:-0.5480397795327008, -0.7467895844019949, -0.0791833158582449, 0.7994180121459067, -0.6937367059290409, -0.968579416628927, fr=0.079
n:-0.36523390281945467, -0.7454170775599778, -0.946214840747416, 0.044965592212975025, 0.23316585691645741, 0.27935619885101914, d=|:p=0.239
n:0.21989392535761, -0.2219524821266532, -0.5680302218534052, 0.37855958798900247, 0.6871572672389448, 0.8790619429200888, d=@:p=0.867
n:0.9281819337047637, -0.4309733877889812, -0.19047420797869563, -0.3534550527110696, -0.1515271053649485, -0.33945250418037176, d=@:p=0.969
n:0.02332719974219799, 0.3615103750489652, 0.9733989145606756, 0.39003102062270045, -0.9981836932711303, -0.8317931168712676, d=|:r=0.9
n:0.04346650093793869, -0.7786237644031644, 0.6661862004548311, -0.24690333846956491, -0.1511850613169372, 0.3757184040732682, d=""|:p=0.274, r=0.979""
",5.078302932317539e-05,feasible,20
11,H,1,"//H
3
j:fr=0.148, l=1.306
j:-0.8021262581460178, 0.051913556177169085, 0.487877129111439, -0.11107351956889033, -0.1598705230280757, 0.24777407990768552, l=0.951
j:-0.28223971510306, 0.2375085549429059, -0.777817185036838, -0.4614100158214569, 0.18723126035183668, 0.5496568130329251, fr=0.82, l=1.471
j:-0.4149293708615005, -0.9203008292242885, -0.9889748929999769, -0.09447758924216032, -0.5087479948997498, -0.837344141677022, fr=0.686, rotstif=0.989, l=0.8
j:0.0836117984727025, 0.9813146754167974, 0.0726528586819768, 0.4060867861844599, -0.7668967242352664, 0.5053446348756552, fr=0.171, rotstif=0.91, l=1.088
j:0.581096860114485, -0.48736177710816264, 0.7209242950193584, -0.07059988752007484, 0.14912046398967505, -0.5466886218637228, rotstif=0.913, l=1.604
n:-0.36523390281945467, -0.7454170775599778, -0.946214840747416, 0.044965592212975025, 0.23316585691645741, 0.27935619885101914, d=|:p=0.239
n:0.21989392535761, -0.2219524821266532, -0.5680302218534052, 0.37855958798900247, 0.6871572672389448, 0.8790619429200888, d=@:p=0.867
n:0.9281819337047637, -0.4309733877889812, -0.19047420797869563, -0.3534550527110696, -0.1515271053649485, -0.33945250418037176, d=@:p=0.969
n:0.02332719974219799, 0.3615103750489652, 0.9733989145606756, 0.39003102062270045, -0.9981836932711303, -0.8317931168712676, d=|:r=0.9
n:0.04346650093793869, -0.7786237644031644, 0.6661862004548311, -0.24690333846956491, -0.1511850613169372, 0.3757184040732682, d=""|:p=0.274, r=0.979""
",0.00034093011009565214,"//H
3
j:-0.8021262581460178, 0.051913556177169085, 0.487877129111439, -0.11107351956889033, -0.1598705230280757, 0.24777407990768552, l=0.951
j:-0.28223971510306, 0.2375085549429059, -0.777817185036838, -0.4614100158214569, 0.18723126035183668, 0.5496568130329251, fr=0.82, l=1.471
j:-0.4149293708615005, -0.9203008292242885, -0.9889748929999769, -0.09447758924216032, -0.5087479948997498, -0.837344141677022, fr=0.686, rotstif=0.989, l=0.8
j:0.0836117984727025, 0.9813146754167974, 0.0726528586819768, 0.4060867861844599, -0.7668967242352664, 0.5053446348756552, fr=0.171, rotstif=0.91, l=1.088
j:0.581096860114485, -0.48736177710816264, 0.7209242950193584, -0.07059988752007484, 0.14912046398967505, -0.5466886218637228, rotstif=0.913, l=1.604
n:-0.36523390281945467, -0.7454170775599778, -0.946214840747416, 0.044965592212975025, 0.23316585691645741, 0.27935619885101914, d=|:p=0.239
n:0.21989392535761, -0.2219524821266532, -0.5680302218534052, 0.37855958798900247, 0.6871572672389448, 0.8790619429200888, d=@:p=0.867
n:0.9281819337047637, -0.4309733877889812, -0.19047420797869563, -0.3534550527110696, -0.1515271053649485, -0.33945250418037176, d=@:p=0.969
n:0.02332719974219799, 0.3615103750489652, 0.9733989145606756, 0.39003102062270045, -0.9981836932711303, -0.8317931168712676, d=|:r=0.9
n:0.04346650093793869, -0.7786237644031644, 0.6661862004548311, -0.24690333846956491, -0.1511850613169372, 0.3757184040732682, d=""|:p=0.274, r=0.979""
",2.035826279375019e-07,feasible,20
11,H,1,"//H
3
j:fr=0.148, l=1.306
j:-0.8021262581460178, 0.051913556177169085, 0.487877129111439, -0.11107351956889033, -0.1598705230280757, 0.24777407990768552, l=0.951
j:-0.28223971510306, 0.2375085549429059, -0.777817185036838, -0.4614100158214569, 0.18723126035183668, 0.5496568130329251, fr=0.82, l=1.471
j:-0.4149293708615005, -0.9203008292242885, -0.9889748929999769, -0.09447758924216032, -0.5087479948997498, -0.837344141677022, fr=0.686, rotstif=0.989, l=0.8
j:0.0836117984727025, 0.9813146754167974, 0.0726528586819768, 0.4060867861844599, -0.7668967242352664, 0.5053446348756552, fr=0.171, rotstif=0.91, l=1.088
j:0.581096860114485, -0.48736177710816264, 0.7209242950193584, -0.07059988752007484, 0.14912046398967505, -0.5466886218637228, rotstif=0.913, l=1.604
n:-0.36523390281945467, -0.7454170775599778, -0.946214840747416, 0.044965592212975025, 0.23316585691645741, 0.27935619885101914, d=|:p=0.239
n:0.21989392535761, -0.2219524821266532, -0.5680302218534052, 0.37855958798900247, 0.6871572672389448, 0.8790619429200888, d=@:p=0.867
n:0.9281819337047637, -0.4309733877889812, -0.19047420797869563, -0.3534550527110696, -0.1515271053649485, -0.33945250418037176, d=@:p=0.969
n:0.02332719974219799, 0.3615103750489652, 0.9733989145606756, 0.39003102062270045, -0.9981836932711303, -0.8317931168712676, d=|:r=0.9
n:0.04346650093793869, -0.7786237644031644, 0.6661862004548311, -0.24690333846956491, -0.1511850613169372, 0.3757184040732682, d=""|:p=0.274, r=0.979""
",0.00034093011009565214,"//H
3
j:fr=0.148, l=1.306
j:-0.8021262581460178, 0.051913556177169085, 0.487877129111439, -0.11107351956889033, -0.1598705230280757, 0.24777407990768552, l=0.951
j:-0.28223971510306, 0.2375085549429059, -0.777817185036838, -0.4614100158214569, 0.18723126035183668, 0.5496568130329251, fr=0.82, l=1.471
j:-0.4149293708615005, -0.9203008292242885, -0.9889748929999769, -0.09447758924216032, -0.5087479948997498, -0.837344141677022, fr=0.686, rotstif=0.989, l=0.8
j:0.0836117984727025, 0.9813146754167974, 0.0726528586819768, 0.4060867861844599, -0.7668967242352664, 0.5053446348756552, fr=0.171, rotstif=0.91, l=1.088
j:0.581096860114485, -0.601, 0.7209242950193584, -0.07059988752007484, 0.14912046398967505, -0.5466886218637228, rotstif=0.913, l=1.604
n:-0.36523390281945467, -0.7454170775599778, -0.946214840747416, 0.044965592212975025, 0.23316585691645741, 0.27935619885101914, d=|:p=0.239
n:0.21989392535761, -0.2219524821266532, -0.5680302218534052, 0.37855958798900247, 0.6871572672389448, 0.8790619429200888, d=@:p=0.867
n:0.9281819337047637, -0.4309733877889812, -0.19047420797869563, -0.3534550527110696, -0.1515271053649485, -0.33945250418037176, d=@:p=0.969
n:0.02332719974219799, 0.3615103750489652, 0.9733989145606756, 0.39003102062270045, -0.9981836932711303, -0.8317931168712676, d=|:r=0.9
n:0.04346650093793869, -0.7786237644031644, 0.6661862004548311, -0.24690333846956491, -0.1511850613169372, 0.3757184040732682, d=""|:p=0.274, r=0.979""
",0.00034093011009565214,feasible,20
11,H,1,"//H
3
j:fr=0.148, l=1.306
j:-0.8021262581460178, 0.051913556177169085, 0.487877129111439, -0.11107351956889033, -0.1598705230280757, 0.24777407990768552, l=0.951
j:-0.28223971510306, 0.2375085549429059, -0.777817185036838, -0.4614100158214569, 0.18723126035183668, 0.5496568130329251, fr=0.82, l=1.471
j:-0.4149293708615005, -0.9203008292242885, -0.9889748929999769, -0.09447758924216032, -0.5087479948997498, -0.837344141677022, fr=0.686, rotstif=0.989, l=0.8
j:0.0836117984727025, 0.9813146754167974, 0.0726528586819768, 0.4060867861844599, -0.7668967242352664, 0.5053446348756552, fr=0.171, rotstif=0.91, l=1.088
j:0.581096860114485, -0.48736177710816264, 0.7209242950193584, -0.07059988752007484, 0.14912046398967505, -0.5466886218637228, rotstif=0.913, l=1.604
n:-0.36523390281945467, -0.7454170775599778, -0.946214840747416, 0.044965592212975025, 0.23316585691645741, 0.27935619885101914, d=|:p=0.239
n:0.21989392535761, -0.2219524821266532, -0.5680302218534052, 0.37855958798900247, 0.6871572672389448, 0.8790619429200888, d=@:p=0.867
n:0.9281819337047637, -0.4309733877889812, -0.19047420797869563, -0.3534550527110696, -0.1515271053649485, -0.33945250418037176, d=@:p=0.969
n:0.02332719974219799, 0.3615103750489652, 0.9733989145606756, 0.39003102062270045, -0.9981836932711303, -0.8317931168712676, d=|:r=0.9
n:0.04346650093793869, -0.7786237644031644, 0.6661862004548311, -0.24690333846956491, -0.1511850613169372, 0.3757184040732682, d=""|:p=0.274, r=0.979""
",0.00034093011009565214,"//H
3
j:fr=0.148, l=1.306
j:-0.8021262581460178, 0.051913556177169085, 0.487877129111439, -0.11107351956889033, -0.1598705230280757, 0.24777407990768552, l=0.951
j:-0.28223971510306, 0.2375085549429059, -0.777817185036838, -0.4614100158214569, 0.18723126035183668, 0.5496568130329251, fr=0.82, l=1.471
j:-0.4149293708615005, -0.9203008292242885, -0.9889748929999769, -0.09447758924216032, -0.5087479948997498, -0.837344141677022, fr=0.686, rotstif=0.989, l=0.8
j:0.0836117984727025, 0.9813146754167974, 0.0726528586819768, 0.4060867861844599, -0.7668967242352664, 0.5053446348756552, fr=0.171, rotstif=0.91, l=1.088
j:0.581096860114485, -0.48736177710816264, 0.7209242950193584, -0.07059988752007484, 0.14912046398967505, -0.5466886218637228, rotstif=0.913, l=1.604
j:0.5642425529658794, -0.7703230399638414, 0.599525976460427, -0.9815882383845747, -0.558705001603812, -0.6505569508299232, l=0.631
n:-0.36523390281945467, -0.7454170775599778, -0.946214840747416, 0.044965592212975025, 0.23316585691645741, 0.27935619885101914, d=|:p=0.239
n:0.21989392535761, -0.2219524821266532, -0.5680302218534052, 0.37855958798900247, 0.6871572672389448, 0.8790619429200888, d=@:p=0.867
n:0.9281819337047637, -0.4309733877889812, -0.19047420797869563, -0.3534550527110696, -0.1515271053649485, -0.33945250418037176, d=@:p=0.969
n:0.02332719974219799, 0.3615103750489652, 0.9733989145606756, 0.39003102062270045, -0.9981836932711303, -0.8317931168712676, d=|:r=0.9
n:0.04346650093793869, -0.7786237644031644, 0.6661862004548311, -0.24690333846956491, -0.1511850613169372, 0.3757184040732682, d=""|:p=0.274, r=0.979""
",5.5949911996159e-07,feasible,20
11,H,1,"//H
3
j:fr=0.148, l=1.306
j:-0.8021262581460178, 0.051913556177169085, 0.487877129111439, -0.11107351956889033, -0.1598705230280757, 0.24777407990768552, l=0.951
j:-0.28223971510306, 0.2375085549429059, -0.777817185036838, -0.4614100158214569, 0.18723126035183668, 0.5496568130329251, fr=0.82, l=1.471
j:-0.4149293708615005, -0.9203008292242885, -0.9889748929999769, -0.09447758924216032, -0.5087479948997498, -0.837344141677022, fr=0.686, rotstif=0.989, l=0.8
j:0.0836117984727025, 0.9813146754167974, 0.0726528586819768, 0.4060867861844599, -0.7668967242352664, 0.5053446348756552, fr=0.171, rotstif=0.91, l=1.088
j:0.581096860114485, -0.48736177710816264, 0.7209242950193584, -0.07059988752007484, 0.14912046398967505, -0.5466886218637228, rotstif=0.913, l=1.604
n:-0.36523390281945467, -0.7454170775599778, -0.946214840747416, 0.044965592212975025, 0.23316585691645741, 0.27935619885101914, d=|:p=0.239
n:0.21989392535761, -0.2219524821266532, -0.5680302218534052, 0.37855958798900247, 0.6871572672389448, 0.8790619429200888, d=@:p=0.867
n:0.9281819337047637, -0.4309733877889812, -0.19047420797869563, -0.3534550527110696, -0.1515271053649485, -0.33945250418037176, d=@:p=0.969
n:0.02332719974219799, 0.3615103750489652, 0.9733989145606756, 0.39003102062270045, -0.9981836932711303, -0.8317931168712676, d=|:r=0.9
n:0.04346650093793869, -0.7786237644031644, 0.6661862004548311, -0.24690333846956491, -0.1511850613169372, 0.3757184040732682, d=""|:p=0.274, r=0.979""
",0.00034093011009565214,"//H
3
j:fr=0.148, l=1.306
j:-0.8021262581460178, 0.051913556177169085, 0.487877129111439, -0.11107351956889033, -0.1598705230280757, 0.24777407990768552, l=0.951
j:-0.28223971510306, 0.2375085549429059, -0.777817185036838, -0.4614100158214569, 0.18723126035183668, 0.5496568130329251, fr=0.82, l=1.471
j:-0.4149293708615005, -0.9203008292242885, -0.9889748929999769, -0.09447758924216032, -0.5087479948997498, -0.837344141677022, fr=0.686, rotstif=0.989, l=0.8
j:0.0836117984727025, 0.9813146754167974, 0.0726528586819768, 0.4060867861844599, -0.7668967242352664, 0.5053446348756552, fr=0.171, rotstif=0.91, l=1.088
j:0.581096860114485, -0.48736177710816264, 0.7209242950193584, -0.07059988752007484, 0.14912046398967505, -0.5466886218637228, rotstif=0.913, l=1.604
j:-0.6772306184284389, 0.7535599963739514, -0.6313377297483385, -0.3563993372954428, -0.8123573074117303, 0.7129341466352344, l=0.93
n:-0.36523390281945467, -0.7454170775599778, -0.946214840747416, 0.044965592212975025, 0.23316585691645741, 0.27935619885101914, d=|:p=0.239
n:0.21989392535761, -0.2219524821266532, -0.5680302218534052, 0.37855958798900247, 0.6871572672389448, 0.8790619429200888, d=@:p=0.867
n:0.9281819337047637, -0.4309733877889812, -0.19047420797869563, -0.3534550527110696, -0.1515271053649485, -0.33945250418037176, d=@:p=0.969
n:0.02332719974219799, 0.3615103750489652, 0.9733989145606756, 0.39003102062270045, -0.9981836932711303, -0.8317931168712676, d=|:r=0.9
n:0.04346650093793869, -0.7786237644031644, 0.6661862004548311, -0.24690333846956491, -0.1511850613169372, 0.3757184040732682, d=""|:p=0.274, r=0.979""
",3.838422740409243e-05,feasible,20
11,H,1,"//H
3
j:fr=0.148, l=1.306
j:-0.8021262581460178, 0.051913556177169085, 0.487877129111439, -0.11107351956889033, -0.1598705230280757, 0.24777407990768552, l=0.951
j:-0.28223971510306, 0.2375085549429059, -0.777817185036838, -0.4614100158214569, 0.18723126035183668, 0.5496568130329251, fr=0.82, l=1.471
j:-0.4149293708615005, -0.9203008292242885, -0.9889748929999769, -0.09447758924216032, -0.5087479948997498, -0.837344141677022, fr=0.686, rotstif=0.989, l=0.8
j:0.0836117984727025, 0.9813146754167974, 0.0726528586819768, 0.4060867861844599, -0.7668967242352664, 0.5053446348756552, fr=0.171, rotstif=0.91, l=1.088
j:0.581096860114485, -0.48736177710816264, 0.7209242950193584, -0.07059988752007484, 0.14912046398967505, -0.5466886218637228, rotstif=0.913, l=1.604
n:-0.36523390281945467, -0.7454170775599778, -0.946214840747416, 0.044965592212975025, 0.23316585691645741, 0.27935619885101914, d=|:p=0.239
n:0.21989392535761, -0.2219524821266532, -0.5680302218534052, 0.37855958798900247, 0.6871572672389448, 0.8790619429200888, d=@:p=0.867
n:0.9281819337047637, -0.4309733877889812, -0.19047420797869563, -0.3534550527110696, -0.1515271053649485, -0.33945250418037176, d=@:p=0.969
n:0.02332719974219799, 0.3615103750489652, 0.9733989145606756, 0.39003102062270045, -0.9981836932711303, -0.8317931168712676, d=|:r=0.9
n:0.04346650093793869, -0.7786237644031644, 0.6661862004548311, -0.24690333846956491, -0.1511850613169372, 0.3757184040732682, d=""|:p=0.274, r=0.979""
",0.00034093011009565214,"//H
3
j:fr=0.148, l=1.306
j:-0.8021262581460178, 0.051913556177169085, 0.487877129111439, -0.11107351956889033, -0.1598705230280757, 0.24777407990768552, l=0.951
j:-0.28223971510306, 0.2375085549429059, -0.777817185036838, -0.4614100158214569, 0.18723126035183668, 0.5496568130329251, fr=0.82, l=1.471
j:0.0836117984727025, 0.9813146754167974, 0.0726528586819768, 0.4060867861844599, -0.7668967242352664, 0.5053446348756552, fr=0.171, rotstif=0.91, l=1.088
j:0.581096860114485, -0.48736177710816264, 0.7209242950193584, -0.07059988752007484, 0.14912046398967505, -0.5466886218637228, rotstif=0.913, l=1.604
n:-0.36523390281945467, -0.7454170775599778, -0.946214840747416, 0.044965592212975025, 0.23316585691645741, 0.27935619885101914, d=|:p=0.239
n:0.21989392535761, -0.2219524821266532, -0.5680302218534052, 0.37855958798900247, 0.6871572672389448, 0.8790619429200888, d=@:p=0.867
n:0.9281819337047637, -0.4309733877889812, -0.19047420797869563, -0.3534550527110696, -0.1515271053649485, -0.33945250418037176, d=@:p=0.969
n:0.02332719974219799, 0.3615103750489652, 0.9733989145606756, 0.39003102062270045, -0.9981836932711303, -0.8317931168712676, d=|:r=0.9
n:0.04346650093793869, -0.7786237644031644, 0.6661862004548311, -0.24690333846956491, -0.1511850613169372, 0.3757184040732682, d=""|:p=0.274, r=0.979""
",1.601055342088763e-07,feasible,20
11,H,2,"//H
3
j:fr=0.148, l=1.554
j:-0.8021262581460178, 0.051913556177169085, 0.487877129111439, -0.11107351956889033, -0.1598705230280757, 0.24777407990768552, l=1.566
j:-0.28223971510306, 0.2375085549429059, -0.777817185036838, -0.4614100158214569, 0.18723126035183668, 0.5496568130329251, fr=1.108, l=1.471
j:-0.4149293708615005, -0.9203008292242885, -0.9889748929999769, -0.09447758924216032, -0.5087479948997498, -0.837344141677022, fr=0.686, rotstif=0.989, l=0.581
j:0.0836117984727025, 0.9813146754167974, 0.0726528586819768, 0.4060867861844599, -0.7668967242352664, 0.5053446348756552, fr=0.003, rotstif=0.91, l=1.088
j:0.581096860114485, -0.48736177710816264, 0.7209242950193584, -0.07059988752007484, 0.14912046398967505, -0.5466886218637228, rotstif=0.913, l=1.946
n:-0.36523390281945467, -0.7454170775599778, -0.946214840747416, 0.044965592212975025, 0.23316585691645741, 0.27935619885101914, d=|:p=0.204
n:0.21989392535761, -0.2219524821266532, -0.5680302218534052, 0.37855958798900247, 0.6871572672389448, 0.8790619429200888, d=@:p=0.835
n:0.9281819337047637, -0.4309733877889812, -0.19047420797869563, -0.3534550527110696, -0.1515271053649485, -0.33945250418037176, d=@:p=0.776
n:0.02332719974219799, 0.3615103750489652, 0.9733989145606756, 0.39003102062270045, -0.9981836932711303, -0.8317931168712676, d=""|:p=0.31, r=0.9""
n:0.04346650093793869, -0.7786237644031644, 0.6661862004548311, -0.24690333846956491, -0.078, 0.3757184040732682, d=""|:p=0.394, r=0.965""
n:-0.49186784448102117, -0.6412735958583653, -0.4942722776904702, -0.4134016465395689, 0.7368501164019108, -0.9970349441282451, d=@:p=0.939
",0.001999871920799278,"//H
3
j:fr=0.148, l=1.554
j:-0.8021262581460178, 0.051913556177169085, 0.487877129111439, -0.11107351956889033, -0.1598705230280757, 0.24777407990768552, l=1.566
j:-0.28223971510306, 0.2375085549429059, -0.777817185036838, -0.4614100158214569, 0.18723126035183668, 0.5496568130329251, fr=1.335, l=1.471
j:-0.4149293708615005, -0.9203008292242885, -0.9889748929999769, -0.09447758924216032, -0.5087479948997498, -0.837344141677022, fr=0.686, rotstif=0.989, l=0.581
j:0.0836117984727025, 0.9813146754167974, 0.0726528586819768, 0.4060867861844599, -0.7668967242352664, 0.5053446348756552, fr=0.003, rotstif=0.91, l=1.088
j:0.581096860114485, -0.48736177710816264, 0.7209242950193584, -0.07059988752007484, 0.14912046398967505, -0.5466886218637228, rotstif=0.913, l=1.946
n:-0.36523390281945467, -0.7454170775599778, -0.946214840747416, 0.044965592212975025, 0.23316585691645741, 0.27935619885101914, d=|:p=0.204
n:0.21989392535761, -0.2219524821266532, -0.5680302218534052, 0.37855958798900247, 0.6871572672389448, 0.8790619429200888, d=@:p=0.835
n:0.9281819337047637, -0.4309733877889812, -0.19047420797869563, -0.3534550527110696, -0.1515271053649485, -0.33945250418037176, d=@:p=0.776
n:0.02332719974219799, 0.3615103750489652, 0.9733989145606756, 0.39003102062270045, -0.9981836932711303, -0.8317931168712676, d=""|:p=0.31, r=0.9""
n:0.04346650093793869, -0.7786237644031644, 0.6661862004548311, -0.24690333846956491, -0.078, 0.3757184040732682, d=""|:p=0.394, r=0.965""
n:-0.49186784448102117, -0.6412735958583653, -0.4942722776904702, -0.4134016465395689, 0.7368501164019108, -0.9970349441282451, d=@:p=0.939
",0.0020257387022359803,feasible,20
11,H,2,"//H
3
j:fr=0.148, l=1.554
j:-0.8021262581460178, 0.051913556177169085, 0.487877129111439, -0.11107351956889033, -0.1598705230280757, 0.24777407990768552, l=1.566
j:-0.28223971510306, 0.2375085549429059, -0.777817185036838, -0.4614100158214569, 0.18723126035183668, 0.5496568130329251, fr=1.108, l=1.471
j:-0.4149293708615005, -0.9203008292242885, -0.9889748929999769, -0.09447758924216032, -0.5087479948997498, -0.837344141677022, fr=0.686, rotstif=0.989, l=0.581
j:0.0836117984727025, 0.9813146754167974, 0.0726528586819768, 0.4060867861844599, -0.7668967242352664, 0.5053446348756552, fr=0.003, rotstif=0.91, l=1.088
j:0.581096860114485, -0.48736177710816264, 0.7209242950193584, -0.07059988752007484, 0.14912046398967505, -0.5466886218637228, rotstif=0.913, l=1.946
n:-0.36523390281945467, -0.7454170775599778, -0.946214840747416, 0.044965592212975025, 0.23316585691645741, 0.27935619885101914, d=|:p=0.204
n:0.21989392535761, -0.2219524821266532, -0.5680302218534052, 0.37855958798900247, 0.6871572672389448, 0.8790619429200888, d=@:p=0.835
n:0.9281819337047637, -0.4309733877889812, -0.19047420797869563, -0.3534550527110696, -0.1515271053649485, -0.33945250418037176, d=@:p=0.776
n:0.02332719974219799, 0.3615103750489652, 0.9733989145606756, 0.39003102062270045, -0.9981836932711303, -0.8317931168712676, d=""|:p=0.31, r=0.9""
n:0.04346650093793869, -0.7786237644031644, 0.6661862004548311, -0.24690333846956491, -0.078, 0.3757184040732682, d=""|:p=0.394, r=0.965""
n:-0.49186784448102117, -0.6412735958583653, -0.4942722776904702, -0.4134016465395689, 0.7368501164019108, -0.9970349441282451, d=@:p=0.939
",0.001999871920799278,"//H
3
j:fr=0.148, l=1.554
j:-0.8021262581460178, 0.051913556177169085, 0.487877129111439, -0.11107351956889033, -0.1598705230280757, 0.24777407990768552, l=1.566
j:-0.28223971510306, 0.2375085549429059, -0.777817185036838, -0.4614100158214569, 0.18723126035183668, 0.5496568130329251, fr=1.108, l=1.471
j:-0.4149293708615005, -0.9203008292242885, -0.9889748929999769, -0.09447758924216032, -0.5087479948997498, -0.837344141677022, fr=0.686, rotstif=0.989, l=0.581
j:0.0836117984727025, 0.9813146754167974, 0.0726528586819768, 0.4060867861844599, -0.7668967242352664, 0.5053446348756552, fr=0.003, rotstif=0.91, l=1.088
j:0.581096860114485, -0.48736177710816264, 0.7209242950193584, -0.07059988752007484, 0.14912046398967505, -0.5466886218637228, rotstif=0.913, l=1.946
j:-0.21514656394720078, 0.6554142078384757, 0.4963923548348248, 0.23257785011082888, -0.9419071618467569, 0.2672617435455322, fr=0.731
n:-0.36523390281945467, -0.7454170775599778, -0.946214840747416, 0.044965592212975025, 0.23316585691645741, 0.27935619885101914, d=|:p=0.204
n:0.21989392535761, -0.2219524821266532, -0.5680302218534052, 0.37855958798900247, 0.6871572672389448, 0.8790619429200888, d=@:p=0.835
n:0.9281819337047637, -0.4309733877889812, -0.19047420797869563, -0.3534550527110696, -0.1515271053649485, -0.33945250418037176, d=@:p=0.776
n:0.02332719974219799, 0.3615103750489652, 0.9733989145606756, 0.39003102062270045, -0.9981836932711303, -0.8317931168712676, d=""|:p=0.31, r=0.9""
n:0.04346650093793869, -0.7786237644031644, 0.6661862004548311, -0.24690333846956491, -0.078, 0.3757184040732682, d=""|:p=0.394, r=0.965""
n:-0.49186784448102117, -0.6412735958583653, -0.4942722776904702, -0.4134016465395689, 0.7368501164019108, -0.9970349441282451, d=@:p=0.939
",2.590532502886912e-06,feasible,20
11,H,2,"//H
3
j:fr=0.148, l=1.554
j:-0.8021262581460178, 0.051913556177169085, 0.487877129111439, -0.11107351956889033, -0.1598705230280757, 0.24777407990768552, l=1.566
j:-0.28223971510306, 0.2375085549429059, -0.777817185036838, -0.4614100158214569, 0.18723126035183668, 0.5496568130329251, fr=1.108, l=1.471
j:-0.4149293708615005, -0.9203008292242885, -0.9889748929999769, -0.09447758924216032, -0.5087479948997498, -0.837344141677022, fr=0.686, rotstif=0.989, l=0.581
j:0.0836117984727025, 0.9813146754167974, 0.0726528586819768, 0.4060867861844599, -0.7668967242352664, 0.5053446348756552, fr=0.003, rotstif=0.91, l=1.088
j:0.581096860114485, -0.48736177710816264, 0.7209242950193584, -0.07059988752007484, 0.14912046398967505, -0.5466886218637228, rotstif=0.913, l=1.946
n:-0.36523390281945467, -0.7454170775599778, -0.946214840747416, 0.044965592212975025, 0.23316585691645741, 0.27935619885101914, d=|:p=0.204
n:0.21989392535761, -0.2219524821266532, -0.5680302218534052, 0.37855958798900247, 0.6871572672389448, 0.8790619429200888, d=@:p=0.835
n:0.9281819337047637, -0.4309733877889812, -0.19047420797869563, -0.3534550527110696, -0.1515271053649485, -0.33945250418037176, d=@:p=0.776
n:0.02332719974219799, 0.3615103750489652, 0.9733989145606756, 0.39003102062270045, -0.9981836932711303, -0.8317931168712676, d=""|:p=0.31, r=0.9""
n:0.04346650093793869, -0.7786237644031644, 0.6661862004548311, -0.24690333846956491, -0.078, 0.3757184040732682, d=""|:p=0.394, r=0.965""
n:-0.49186784448102117, -0.6412735958583653, -0.4942722776904702, -0.4134016465395689, 0.7368501164019108, -0.9970349441282451, d=@:p=0.939
",0.001999871920799278,"//H
3
j:fr=0.148, l=1.554
j:-0.8021262581460178, 0.051913556177169085, 0.487877129111439, -0.11107351956889033, -0.1598705230280757, 0.24777407990768552, l=1.566
j:-0.28223971510306, 0.2375085549429059, -0.777817185036838, -0.4614100158214569, 0.18723126035183668, 0.5496568130329251, fr=1.108, l=1.471
j:-0.4149293708615005, -0.9203008292242885, -0.9889748929999769, -0.09447758924216032, -0.5087479948997498, -0.837344141677022, fr=0.686, rotstif=0.989, l=0.581
j:0.0836117984727025, 0.9813146754167974, 0.0726528586819768, 0.4060867861844599, -0.7668967242352664, 0.5053446348756552, fr=0.003, rotstif=0.91, l=1.088
j:0.581096860114485, -0.48736177710816264, 0.7209242950193584, -0.07059988752007484, 0.14912046398967505, -0.5466886218637228, rotstif=0.913, l=1.946
n:-0.36523390281945467, -0.7454170775599778, -0.946214840747416, 0.044965592212975025, 0.23316585691645741, 0.27935619885101914, d=|:p=0.204
n:0.21989392535761, -0.2219524821266532, -0.5680302218534052, 0.37855958798900247, 0.6871572672389448, 0.8790619429200888, d=@:p=0.835
n:0.9281819337047637, -0.4309733877889812, -0.19047420797869563, -0.3534550527110696, -0.1515271053649485, -0.33945250418037176, d=@:p=0.679
n:0.02332719974219799, 0.3615103750489652, 0.9733989145606756, 0.39003102062270045, -0.9981836932711303, -0.8317931168712676, d=""|:p=0.31, r=0.9""
n:0.04346650093793869, -0.7786237644031644, 0.6661862004548311, -0.24690333846956491, -0.078, 0.3757184040732682, d=""|:p=0.394, r=0.965""
n:-0.49186784448102117, -0.6412735958583653, -0.4942722776904702, -0.4134016465395689, 0.7368501164019108, -0.9970349441282451, d=@:p=0.939
",0.0018287693570027401,feasible,20
11,H,2,"//H
3
j:fr=0.148, l=1.554
j:-0.8021262581460178, 0.051913556177169085, 0.487877129111439, -0.11107351956889033, -0.1598705230280757, 0.24777407990768552, l=1.566
j:-0.28223971510306, 0.2375085549429059, -0.777817185036838, -0.4614100158214569, 0.18723126035183668, 0.5496568130329251, fr=1.108, l=1.471
j:-0.4149293708615005, -0.9203008292242885, -0.9889748929999769, -0.09447758924216032, -0.5087479948997498, -0.837344141677022, fr=0.686, rotstif=0.989, l=0.581
j:0.0836117984727025, 0.9813146754167974, 0.0726528586819768, 0.4060867861844599, -0.7668967242352664, 0.5053446348756552, fr=0.003, rotstif=0.91, l=1.088
j:0.581096860114485, -0.48736177710816264, 0.7209242950193584, -0.07059988752007484, 0.14912046398967505, -0.5466886218637228, rotstif=0.913, l=1.946
n:-0.36523390281945467, -0.7454170775599778, -0.946214840747416, 0.044965592212975025, 0.23316585691645741, 0.27935619885101914, d=|:p=0.204
n:0.21989392535761, -0.2219524821266532, -0.5680302218534052, 0.37855958798900247, 0.6871572672389448, 0.8790619429200888, d=@:p=0.835
n:0.9281819337047637, -0.4309733877889812, -0.19047420797869563, -0.3534550527110696, -0.1515271053649485, -0.33945250418037176, d=@:p=0.776
n:0.02332719974219799, 0.3615103750489652, 0.9733989145606756, 0.39003102062270045, -0.9981836932711303, -0.8317931168712676, d=""|:p=0.31, r=0.9""
n:0.04346650093793869, -0.7786237644031644, 0.6661862004548311, -0.24690333846956491, -0.078, 0.3757184040732682, d=""|:p=0.394, r=0.965""
n:-0.49186784448102117, -0.6412735958583653, -0.4942722776904702, -0.4134016465395689, 0.7368501164019108, -0.9970349441282451, d=@:p=0.939
",0.001999871920799278,"//H
3
j:fr=0.148, l=1.554
j:-0.8021262581460178, 0.051913556177169085, 0.487877129111439, -0.11107351956889033, -0.1598705230280757, 0.24777407990768552, l=1.566
j:-0.28223971510306, 0.2375085549429059, -0.777817185036838, -0.4614100158214569, 0.18723126035183668, 0.5496568130329251, fr=1.108, l=1.471
j:-0.4149293708615005, -0.9203008292242885, -0.9889748929999769, -0.09447758924216032, -0.5087479948997498, -0.837344141677022, fr=0.686, rotstif=0.989, l=0.581
j:0.0836117984727025, 0.9813146754167974, 0.0726528586819768, 0.4060867861844599, -0.7668967242352664, 0.5053446348756552, fr=0.003, rotstif=0.91, l=1.088
j:0.581096860114485, -0.48736177710816264, 0.7209242950193584, -0.07059988752007484, 0.14912046398967505, -0.5466886218637228, rotstif=0.913, l=1.946
j:-0.5094912806525826, 0.3126963679678738, -0.10102683492004871, 0.2314238827675581, 0.3541424982249737, -0.369433487765491, l=1.107
n:-0.36523390281945467, -0.7454170775599778, -0.946214840747416, 0.044965592212975025, 0.23316585691645741, 0.27935619885101914, d=|:p=0.204
n:0.21989392535761, -0.2219524821266532, -0.5680302218534052, 0.37855958798900247, 0.6871572672389448, 0.8790619429200888, d=@:p=0.835
n:0.9281819337047637, -0.4309733877889812, -0.19047420797869563, -0.3534550527110696, -0.1515271053649485, -0.33945250418037176, d=@:p=0.776
n:0.02332719974219799, 0.3615103750489652, 0.9733989145606756, 0.39003102062270045, -0.9981836932711303, -0.8317931168712676, d=""|:p=0.31, r=0.9""
n:0.04346650093793869, -0.7786237644031644, 0.6661862004548311, -0.24690333846956491, -0.078, 0.3757184040732682, d=""|:p=0.394, r=0.965""
n:-0.49186784448102117, -0.6412735958583653, -0.4942722776904702, -0.4134016465395689, 0.7368501164019108, -0.9970349441282451, d=@:p=0.939
",2.434402449192835e-06,feasible,20
11,H,2,"//H
3
j:fr=0.148, l=1.554
j:-0.8021262581460178, 0.051913556177169085, 0.487877129111439, -0.11107351956889033, -0.1598705230280757, 0.24777407990768552, l=1.566
j:-0.28223971510306, 0.2375085549429059, -0.777817185036838, -0.4614100158214569, 0.18723126035183668, 0.5496568130329251, fr=1.108, l=1.471
j:-0.4149293708615005, -0.9203008292242885, -0.9889748929999769, -0.09447758924216032, -0.5087479948997498, -0.837344141677022, fr=0.686, rotstif=0.989, l=0.581
j:0.0836117984727025, 0.9813146754167974, 0.0726528586819768, 0.4060867861844599, -0.7668967242352664, 0.5053446348756552, fr=0.003, rotstif=0.91, l=1.088
j:0.581096860114485, -0.48736177710816264, 0.7209242950193584, -0.07059988752007484, 0.14912046398967505, -0.5466886218637228, rotstif=0.913, l=1.946
n:-0.36523390281945467, -0.7454170775599778, -0.946214840747416, 0.044965592212975025, 0.23316585691645741, 0.27935619885101914, d=|:p=0.204
n:0.21989392535761, -0.2219524821266532, -0.5680302218534052, 0.37855958798900247, 0.6871572672389448, 0.8790619429200888, d=@:p=0.835
n:0.9281819337047637, -0.4309733877889812, -0.19047420797869563, -0.3534550527110696, -0.1515271053649485, -0.33945250418037176, d=@:p=0.776
n:0.02332719974219799, 0.3615103750489652, 0.9733989145606756, 0.39003102062270045, -0.9981836932711303, -0.8317931168712676, d=""|:p=0.31, r=0.9""
n:0.04346650093793869, -0.7786237644031644, 0.6661862004548311, -0.24690333846956491, -0.078, 0.3757184040732682, d=""|:p=0.394, r=0.965""
n:-0.49186784448102117, -0.6412735958583653, -0.4942722776904702, -0.4134016465395689, 0.7368501164019108, -0.9970349441282451, d=@:p=0.939
",0.001999871920799278,"//H
3
j:fr=0.148, l=1.554
j:-0.8021262581460178, 0.051913556177169085, 0.487877129111439, -0.11107351956889033, -0.1598705230280757, 0.24777407990768552, l=1.566
j:-0.28223971510306, 0.2375085549429059, -0.777817185036838, -0.4614100158214569, 0.18723126035183668, 0.5496568130329251, fr=1.108, l=1.471
j:-0.4149293708615005, -0.9203008292242885, -0.9889748929999769, -0.09447758924216032, -0.5087479948997498, -0.837344141677022, fr=0.686, rotstif=0.989, l=0.581
j:0.0836117984727025, 0.9813146754167974, 0.0726528586819768, 0.4060867861844599, -0.7668967242352664, 0.5053446348756552, fr=0.003, rotstif=0.91, l=1.088
j:0.581096860114485, -0.48736177710816264, 0.7209242950193584, -0.07059988752007484, 0.14912046398967505, -0.5466886218637228, rotstif=0.913, l=1.946
n:-0.36523390281945467, -0.7454170775599778, -0.946214840747416, 0.044965592212975025, 0.23316585691645741, 0.27935619885101914, d=|:p=0.204
n:0.21989392535761, -0.2219524821266532, -0.5680302218534052, 0.37855958798900247, 0.6871572672389448, 0.8790619429200888, d=@:p=0.835
n:0.9281819337047637, -0.4309733877889812, -0.19047420797869563, -0.3534550527110696, -0.1515271053649485, -0.33945250418037176, d=@:p=0.776
n:0.02332719974219799, 0.3615103750489652, 0.9733989145606756, 0.39003102062270045, -0.9981836932711303, -0.8317931168712676, d=""|:p=0.31, r=0.9""
n:0.04346650093793869, -0.7786237644031644, 0.6661862004548311, -0.24690333846956491, -0.078, 0.3757184040732682, d=""|:p=0.394, r=0.965""
n:-0.49186784448102117, -0.935, -0.4942722776904702, -0.4134016465395689, 0.7368501164019108, -0.9970349441282451, d=@:p=0.939
",0.0018084039485224428,feasible,20
11,H,2,"//H
3
j:fr=0.148, l=1.554
j:-0.8021262581460178, 0.051913556177169085, 0.487877129111439, -0.11107351956889033, -0.1598705230280757, 0.24777407990768552, l=1.566
j:-0.28223971510306, 0.2375085549429059, -0.777817185036838, -0.4614100158214569, 0.18723126035183668, 0.5496568130329251, fr=1.108, l=1.471
j:-0.4149293708615005, -0.9203008292242885, -0.9889748929999769, -0.09447758924216032, -0.5087479948997498, -0.837344141677022, fr=0.686, rotstif=0.989, l=0.581
j:0.0836117984727025, 0.9813146754167974, 0.0726528586819768, 0.4060867861844599, -0.7668967242352664, 0.5053446348756552, fr=0.003, rotstif=0.91, l=1.088
j:0.581096860114485, -0.48736177710816264, 0.7209242950193584, -0.07059988752007484, 0.14912046398967505, -0.5466886218637228, rotstif=0.913, l=1.946
n:-0.36523390281945467, -0.7454170775599778, -0.946214840747416, 0.044965592212975025, 0.23316585691645741, 0.27935619885101914, d=|:p=0.204
n:0.21989392535761, -0.2219524821266532, -0.5680302218534052, 0.37855958798900247, 0.6871572672389448, 0.8790619429200888, d=@:p=0.835
n:0.9281819337047637, -0.4309733877889812, -0.19047420797869563, -0.3534550527110696, -0.1515271053649485, -0.33945250418037176, d=@:p=0.776
n:0.02332719974219799, 0.3615103750489652, 0.9733989145606756, 0.39003102062270045, -0.9981836932711303, -0.8317931168712676, d=""|:p=0.31, r=0.9""
n:0.04346650093793869, -0.7786237644031644, 0.6661862004548311, -0.24690333846956491, -0.078, 0.3757184040732682, d=""|:p=0.394, r=0.965""
n:-0.49186784448102117, -0.6412735958583653, -0.4942722776904702, -0.4134016465395689, 0.7368501164019108, -0.9970349441282451, d=@:p=0.939
",0.001999871920799278,"//H
3
j:fr=0.148, l=1.554
j:-0.8021262581460178, 0.051913556177169085, 0.487877129111439, -0.11107351956889033, -0.1598705230280757, 0.24777407990768552, l=1.566
j:-0.28223971510306, 0.2375085549429059, -0.777817185036838, -0.4614100158214569, 0.18723126035183668, 0.5496568130329251, fr=1.108, l=1.471
j:-0.4149293708615005, -0.9203008292242885, -0.9889748929999769, -0.09447758924216032, -0.5087479948997498, -0.837344141677022, fr=0.686, rotstif=0.989, l=0.581
j:0.0836117984727025, 0.9813146754167974, 0.0726528586819768, 0.4060867861844599, -0.7668967242352664, 0.5053446348756552, fr=0.003, rotstif=0.91, l=1.088
j:0.581096860114485, -0.48736177710816264, 0.7209242950193584, -0.07059988752007484, 0.14912046398967505, -0.5466886218637228, rotstif=0.913, l=1.946
n:-0.36523390281945467, -0.7454170775599778, -0.946214840747416, 0.044965592212975025, 0.23316585691645741, 0.27935619885101914, d=|:p=0.204
n:0.21989392535761, -0.2219524821266532, -0.5680302218534052, 0.37855958798900247, 0.6871572672389448, 0.8790619429200888, d=@:p=0.835
n:0.9281819337047637, -0.4309733877889812, -0.19047420797869563, -0.3534550527110696, -0.1515271053649485, -0.33945250418037176, d=@:p=0.776
n:0.02332719974219799, 0.3615103750489652, 0.9733989145606756, 0.39003102062270045, -0.9981836932711303, -0.8317931168712676, d=""|:p=0.31, r=0.9""
n:0.04346650093793869, -0.7786237644031644, 0.6661862004548311, -0.24690333846956491, -0.078, 0.3757184040732682, d=""|:p=0.394, r=0.965""
n:-0.49186784448102117, -0.6412735958583653, -0.4942722776904702, -0.4134016465395689, 0.7368501164019108, -0.9970349441282451, d=@:p=0.939
n:0.19882224779576063, 0.8947644219733775, -0.33957261499017477, 0.34746047435328364, 0.4026393094100058, 0.33783101849257946, d=Gpart:ry=-0.124
",0.001999871920799278,feasible,20
11,H,2,"//H
3
j:fr=0.148, l=1.554
j:-0.8021262581460178, 0.051913556177169085, 0.487877129111439, -0.11107351956889033, -0.1598705230280757, 0.24777407990768552, l=1.566
j:-0.28223971510306, 0.2375085549429059, -0.777817185036838, -0.4614100158214569, 0.18723126035183668, 0.5496568130329251, fr=1.108, l=1.471
j:-0.4149293708615005, -0.9203008292242885, -0.9889748929999769, -0.09447758924216032, -0.5087479948997498, -0.837344141677022, fr=0.686, rotstif=0.989, l=0.581
j:0.0836117984727025, 0.9813146754167974, 0.0726528586819768, 0.4060867861844599, -0.7668967242352664, 0.5053446348756552, fr=0.003, rotstif=0.91, l=1.088
j:0.581096860114485, -0.48736177710816264, 0.7209242950193584, -0.07059988752007484, 0.14912046398967505, -0.5466886218637228, rotstif=0.913, l=1.946
n:-0.36523390281945467, -0.7454170775599778, -0.946214840747416, 0.044965592212975025, 0.23316585691645741, 0.27935619885101914, d=|:p=0.204
n:0.21989392535761, -0.2219524821266532, -0.5680302218534052, 0.37855958798900247, 0.6871572672389448, 0.8790619429200888, d=@:p=0.835
n:0.9281819337047637, -0.4309733877889812, -0.19047420797869563, -0.3534550527110696, -0.1515271053649485, -0.33945250418037176, d=@:p=0.776
n:0.02332719974219799, 0.3615103750489652, 0.9733989145606756, 0.39003102062270045, -0.9981836932711303, -0.8317931168712676, d=""|:p=0.31, r=0.9""
n:0.04346650093793869, -0.7786237644031644, 0.6661862004548311, -0.24690333846956491, -0.078, 0.3757184040732682, d=""|:p=0.394, r=0.965""
n:-0.49186784448102117, -0.6412735958583653, -0.4942722776904702, -0.4134016465395689, 0.7368501164019108, -0.9970349441282451, d=@:p=0.939
",0.001999871920799278,"//H
3
j:fr=0.148, l=1.554
j:-0.8021262581460178, 0.051913556177169085, 0.487877129111439, -0.11107351956889033, -0.1598705230280757, -0.024, l=1.566
j:-0.28223971510306, 0.2375085549429059, -0.777817185036838, -0.4614100158214569, 0.18723126035183668, 0.5496568130329251, fr=1.108, l=1.471
j:-0.4149293708615005, -0.9203008292242885, -0.9889748929999769, -0.09447758924216032, -0.5087479948997498, -0.837344141677022, fr=0.686, rotstif=0.989, l=0.581
j:0.0836117984727025, 0.9813146754167974, 0.0726528586819768, 0.4060867861844599, -0.7668967242352664, 0.5053446348756552, fr=0.003, rotstif=0.91, l=1.088
j:0.581096860114485, -0.48736177710816264, 0.7209242950193584, -0.07059988752007484, 0.14912046398967505, -0.5466886218637228, rotstif=0.913, l=1.946
n:-0.36523390281945467, -0.7454170775599778, -0.946214840747416, 0.044965592212975025, 0.23316585691645741, 0.27935619885101914, d=|:p=0.204
n:0.21989392535761, -0.2219524821266532, -0.5680302218534052, 0.37855958798900247, 0.6871572672389448, 0.8790619429200888, d=@:p=0.835
n:0.9281819337047637, -0.4309733877889812, -0.19047420797869563, -0.3534550527110696, -0.1515271053649485, -0.33945250418037176, d=@:p=0.776
n:0.02332719974219799, 0.3615103750489652, 0.9733989145606756, 0.39003102062270045, -0.9981836932711303, -0.8317931168712676, d=""|:p=0.31, r=0.9""
n:0.04346650093793869, -0.7786237644031644, 0.6661862004548311, -0.24690333846956491, -0.078, 0.3757184040732682, d=""|:p=0.394, r=0.965""
n:-0.49186784448102117, -0.6412735958583653, -0.4942722776904702, -0.4134016465395689, 0.7368501164019108, -0.9970349441282451, d=@:p=0.939
",1.8857156343116147e-06,feasible,20
11,H,2,"//H
3
j:fr=0.148, l=1.554
j:-0.8021262581460178, 0.051913556177169085, 0.487877129111439, -0.11107351956889033, -0.1598705230280757, 0.24777407990768552, l=1.566
j:-0.28223971510306, 0.2375085549429059, -0.777817185036838, -0.4614100158214569, 0.18723126035183668, 0.5496568130329251, fr=1.108, l=1.471
j:-0.4149293708615005, -0.9203008292242885, -0.9889748929999769, -0.09447758924216032, -0.5087479948997498, -0.837344141677022, fr=0.686, rotstif=0.989, l=0.581
j:0.0836117984727025, 0.9813146754167974, 0.0726528586819768, 0.4060867861844599, -0.7668967242352664, 0.5053446348756552, fr=0.003, rotstif=0.91, l=1.088
j:0.581096860114485, -0.48736177710816264, 0.7209242950193584, -0.07059988752007484, 0.14912046398967505, -0.5466886218637228, rotstif=0.913, l=1.946
n:-0.36523390281945467, -0.7454170775599778, -0.946214840747416, 0.044965592212975025, 0.23316585691645741, 0.27935619885101914, d=|:p=0.204
n:0.21989392535761, -0.2219524821266532, -0.5680302218534052, 0.37855958798900247, 0.6871572672389448, 0.8790619429200888, d=@:p=0.835
n:0.9281819337047637, -0.4309733877889812, -0.19047420797869563, -0.3534550527110696, -0.1515271053649485, -0.33945250418037176, d=@:p=0.776
n:0.02332719974219799, 0.3615103750489652, 0.9733989145606756, 0.39003102062270045, -0.9981836932711303, -0.8317931168712676, d=""|:p=0.31, r=0.9""
n:0.04346650093793869, -0.7786237644031644, 0.6661862004548311, -0.24690333846956491, -0.078, 0.3757184040732682, d=""|:p=0.394, r=0.965""
n:-0.49186784448102117, -0.6412735958583653, -0.4942722776904702, -0.4134016465395689, 0.7368501164019108, -0.9970349441282451, d=@:p=0.939
",0.001999871920799278,"//H
3
j:fr=0.148, l=1.554
j:-0.8021262581460178, 0.051913556177169085, 0.487877129111439, -0.11107351956889033, -0.1598705230280757, 0.24777407990768552, l=1.566
j:-0.28223971510306, 0.2375085549429059, -0.777817185036838, -0.4614100158214569, 0.18723126035183668, 0.5496568130329251, fr=1.108, l=1.471
j:-0.4149293708615005, -0.9203008292242885, -0.9889748929999769, -0.09447758924216032, -0.5087479948997498, -0.837344141677022, fr=0.686, rotstif=0.989, l=0.581
j:0.0836117984727025, 0.9813146754167974, 0.0726528586819768, 0.4060867861844599, -0.7668967242352664, 0.5053446348756552, fr=0.003, rotstif=0.91, l=1.088
j:0.581096860114485, -0.48736177710816264, 0.7209242950193584, -0.07059988752007484, 0.14912046398967505, -0.5466886218637228, rotstif=0.913, l=1.946
j:0.17698279907926917, -0.42988443188369274, 0.024747598450630903, 0.0019858465529978275, 0.6599589819088578, -0.49916966212913394, fr=0.171
n:-0.36523390281945467, -0.7454170775599778, -0.946214840747416, 0.044965592212975025, 0.23316585691645741, 0.27935619885101914, d=|:p=0.204
n:0.21989392535761, -0.2219524821266532, -0.5680302218534052, 0.37855958798900247, 0.6871572672389448, 0.8790619429200888, d=@:p=0.835
n:0.9281819337047637, -0.4309733877889812, -0.19047420797869563, -0.3534550527110696, -0.1515271053649485, -0.33945250418037176, d=@:p=0.776
n:0.02332719974219799, 0.3615103750489652, 0.9733989145606756, 0.39003102062270045, -0.9981836932711303, -0.8317931168712676, d=""|:p=0.31, r=0.9""
n:0.04346650093793869, -0.7786237644031644, 0.6661862004548311, -0.24690333846956491, -0.078, 0.3757184040732682, d=""|:p=0.394, r=0.965""
n:-0.49186784448102117, -0.6412735958583653, -0.4942722776904702, -0.4134016465395689, 0.7368501164019108, -0.9970349441282451, d=@:p=0.939
",1.3875852438006988e-07,feasible,20
11,H,2,"//H
3
j:fr=0.148, l=1.554
j:-0.8021262581460178, 0.051913556177169085, 0.487877129111439, -0.11107351956889033, -0.1598705230280757, 0.24777407990768552, l=1.566
j:-0.28223971510306, 0.2375085549429059, -0.777817185036838, -0.4614100158214569, 0.18723126035183668, 0.5496568130329251, fr=1.108, l=1.471
j:-0.4149293708615005, -0.9203008292242885, -0.9889748929999769, -0.09447758924216032, -0.5087479948997498, -0.837344141677022, fr=0.686, rotstif=0.989, l=0.581
j:0.0836117984727025, 0.9813146754167974, 0.0726528586819768, 0.4060867861844599, -0.7668967242352664, 0.5053446348756552, fr=0.003, rotstif=0.91, l=1.088
j:0.581096860114485, -0.48736177710816264, 0.7209242950193584, -0.07059988752007484, 0.14912046398967505, -0.5466886218637228, rotstif=0.913, l=1.946
n:-0.36523390281945467, -0.7454170775599778, -0.946214840747416, 0.044965592212975025, 0.23316585691645741, 0.27935619885101914, d=|:p=0.204
n:0.21989392535761, -0.2219524821266532, -0.5680302218534052, 0.37855958798900247, 0.6871572672389448, 0.8790619429200888, d=@:p=0.835
n:0.9281819337047637, -0.4309733877889812, -0.19047420797869563, -0.3534550527110696, -0.1515271053649485, -0.33945250418037176, d=@:p=0.776
n:0.02332719974219799, 0.3615103750489652, 0.9733989145606756, 0.39003102062270045, -0.9981836932711303, -0.8317931168712676, d=""|:p=0.31, r=0.9""
n:0.04346650093793869, -0.7786237644031644, 0.6661862004548311, -0.24690333846956491, -0.078, 0.3757184040732682, d=""|:p=0.394, r=0.965""
n:-0.49186784448102117, -0.6412735958583653, -0.4942722776904702, -0.4134016465395689, 0.7368501164019108, -0.9970349441282451, d=@:p=0.939
",0.001999871920799278,"//H
3
j:fr=0.148, l=1.554
j:-0.8021262581460178, 0.051913556177169085, 0.487877129111439, -0.11107351956889033, -0.1598705230280757, 0.24777407990768552, l=1.566
j:-0.28223971510306, 0.2375085549429059, -0.777817185036838, -0.4614100158214569, 0.18723126035183668, 0.5496568130329251, fr=1.108, l=1.471
j:-0.4149293708615005, -0.9203008292242885, -0.9889748929999769, -0.09447758924216032, -0.5087479948997498, -0.837344141677022, fr=0.686, rotstif=0.989, l=0.581
j:0.0836117984727025, 0.9813146754167974, 0.0726528586819768, 0.4060867861844599, -0.7668967242352664, 0.5053446348756552, fr=0.003, rotstif=0.91, l=1.088
j:0.581096860114485, -0.48736177710816264, 0.7209242950193584, -0.07059988752007484, 0.14912046398967505, -0.5466886218637228, rotstif=0.913, l=1.946
n:-0.36523390281945467, -0.7454170775599778, -0.946214840747416, 0.044965592212975025, 0.23316585691645741, 0.27935619885101914, d=""|:p=0.204, r=0.908""
n:0.21989392535761, -0.2219524821266532, -0.5680302218534052, 0.37855958798900247, 0.6871572672389448, 0.8790619429200888, d=@:p=0.835
n:0.9281819337047637, -0.4309733877889812, -0.19047420797869563, -0.3534550527110696, -0.1515271053649485, -0.33945250418037176, d=@:p=0.776
n:0.02332719974219799, 0.3615103750489652, 0.9733989145606756, 0.39003102062270045, -0.9981836932711303, -0.8317931168712676, d=""|:p=0.31, r=0.9""
n:0.04346650093793869, -0.7786237644031644, 0.6661862004548311, -0.24690333846956491, -0.078, 0.3757184040732682, d=""|:p=0.394, r=0.965""
n:-0.49186784448102117, -0.6412735958583653, -0.4942722776904702, -0.4134016465395689, 0.7368501164019108, -0.9970349441282451, d=@:p=0.939
",0.001999871920799278,feasible,20
11,H,2,"//H
3
j:fr=0.148, l=1.554
j:-0.8021262581460178, 0.051913556177169085, 0.487877129111439, -0.11107351956889033, -0.1598705230280757, 0.24777407990768552, l=1.566
j:-0.28223971510306, 0.2375085549429059, -0.777817185036838, -0.4614100158214569, 0.18723126035183668, 0.5496568130329251, fr=1.108, l=1.471
j:-0.4149293708615005, -0.9203008292242885, -0.9889748929999769, -0.09447758924216032, -0.5087479948997498, -0.837344141677022, fr=0.686, rotstif=0.989, l=0.581
j:0.0836117984727025, 0.9813146754167974, 0.0726528586819768, 0.4060867861844599, -0.7668967242352664, 0.5053446348756552, fr=0.003, rotstif=0.91, l=1.088
j:0.581096860114485, -0.48736177710816264, 0.7209242950193584, -0.07059988752007484, 0.14912046398967505, -0.5466886218637228, rotstif=0.913, l=1.946
n:-0.36523390281945467, -0.7454170775599778, -0.946214840747416, 0.044965592212975025, 0.23316585691645741, 0.27935619885101914, d=|:p=0.204
n:0.21989392535761, -0.2219524821266532, -0.5680302218534052, 0.37855958798900247, 0.6871572672389448, 0.8790619429200888, d=@:p=0.835
n:0.9281819337047637, -0.4309733877889812, -0.19047420797869563, -0.3534550527110696, -0.1515271053649485, -0.33945250418037176, d=@:p=0.776
n:0.02332719974219799, 0.3615103750489652, 0.9733989145606756, 0.39003102062270045, -0.9981836932711303, -0.8317931168712676, d=""|:p=0.31, r=0.9""
n:0.04346650093793869, -0.7786237644031644, 0.6661862004548311, -0.24690333846956491, -0.078, 0.3757184040732682, d=""|:p=0.394, r=0.965""
n:-0.49186784448102117, -0.6412735958583653, -0.4942722776904702, -0.4134016465395689, 0.7368501164019108, -0.9970349441282451, d=@:p=0.939
",0.001999871920799278,"//H
3
j:fr=0.148, l=1.554
j:-0.8021262581460178, 0.051913556177169085, 0.487877129111439, -0.11107351956889033, -0.1598705230280757, 0.24777407990768552, l=1.566
j:-0.28223971510306, 0.2375085549429059, -0.777817185036838, -0.4614100158214569, 0.18723126035183668, 0.5496568130329251, fr=1.108, l=1.471
j:-0.4149293708615005, -0.9203008292242885, -0.9889748929999769, -0.09447758924216032, -0.5087479948997498, -0.837344141677022, fr=0.686, rotstif=0.989, l=0.581
j:0.0836117984727025, 0.9813146754167974, 0.0726528586819768, 0.4060867861844599, -0.7668967242352664, 0.5053446348756552, fr=0.003, rotstif=0.91, l=1.088
j:0.581096860114485, -0.48736177710816264, 0.7209242950193584, -0.07059988752007484, 0.14912046398967505, -0.5466886218637228, rotstif=0.913, l=1.946
n:-0.36523390281945467, -0.7454170775599778, -0.946214840747416, 0.044965592212975025, 0.23316585691645741, 0.27935619885101914, d=|:p=0.204
n:0.21989392535761, -0.2219524821266532, -0.5680302218534052, 0.37855958798900247, 0.6871572672389448, 0.8790619429200888, d=@:p=0.835
n:0.9281819337047637, -0.4309733877889812, -0.19047420797869563, -0.3534550527110696, -0.1515271053649485, -0.33945250418037176, d=@:p=0.776
n:0.04346650093793869, -0.7786237644031644, 0.6661862004548311, -0.24690333846956491, -0.078, 0.3757184040732682, d=""|:p=0.394, r=0.965""
n:-0.49186784448102117, -0.6412735958583653, -0.4942722776904702, -0.4134016465395689, 0.7368501164019108, -0.9970349441282451, d=@:p=0.939
",8.507411758815023e-05,feasible,20
11,H,2,"//H
3
j:fr=0.148, l=1.554
j:-0.8021262581460178, 0.051913556177169085, 0.487877129111439, -0.11107351956889033, -0.1598705230280757, 0.24777407990768552, l=1.566
j:-0.28223971510306, 0.2375085549429059, -0.777817185036838, -0.4614100158214569, 0.18723126035183668, 0.5496568130329251, fr=1.108, l=1.471
j:-0.4149293708615005, -0.9203008292242885, -0.9889748929999769, -0.09447758924216032, -0.5087479948997498, -0.837344141677022, fr=0.686, rotstif=0.989, l=0.581
j:0.0836117984727025, 0.9813146754167974, 0.0726528586819768, 0.4060867861844599, -0.7668967242352664, 0.5053446348756552, fr=0.003, rotstif=0.91, l=1.088
j:0.581096860114485, -0.48736177710816264, 0.7209242950193584, -0.07059988752007484, 0.14912046398967505, -0.5466886218637228, rotstif=0.913, l=1.946
n:-0.36523390281945467, -0.7454170775599778, -0.946214840747416, 0.044965592212975025, 0.23316585691645741, 0.27935619885101914, d=|:p=0.204
n:0.21989392535761, -0.2219524821266532, -0.5680302218534052, 0.37855958798900247, 0.6871572672389448, 0.8790619429200888, d=@:p=0.835
n:0.9281819337047637, -0.4309733877889812, -0.19047420797869563, -0.3534550527110696, -0.1515271053649485, -0.33945250418037176, d=@:p=0.776
n:0.02332719974219799, 0.3615103750489652, 0.9733989145606756, 0.39003102062270045, -0.9981836932711303, -0.8317931168712676, d=""|:p=0.31, r=0.9""
n:0.04346650093793869, -0.7786237644031644, 0.6661862004548311, -0.24690333846956491, -0.078, 0.3757184040732682, d=""|:p=0.394, r=0.965""
n:-0.49186784448102117, -0.6412735958583653, -0.4942722776904702, -0.4134016465395689, 0.7368501164019108, -0.9970349441282451, d=@:p=0.939
",0.001999871920799278,"//H
3
j:fr=0.148, l=1.554
j:-0.8021262581460178, 0.051913556177169085, 0.487877129111439, -0.11107351956889033, -0.1598705230280757, 0.24777407990768552, l=1.566
j:-0.28223971510306, 0.2375085549429059, -0.777817185036838, -0.4614100158214569, 0.18723126035183668, 0.5496568130329251, fr=1.108, l=1.471
j:-0.4149293708615005, -0.9203008292242885, -0.9889748929999769, -0.09447758924216032, -0.5087479948997498, -0.837344141677022, fr=0.686, rotstif=0.989, l=0.581
j:-0.089, 0.9813146754167974, 0.0726528586819768, 0.4060867861844599, -0.7668967242352664, 0.5053446348756552, fr=0.003, rotstif=0.91, l=1.088
j:0.581096860114485, -0.48736177710816264, 0.7209242950193584, -0.07059988752007484, 0.14912046398967505, -0.5466886218637228, rotstif=0.913, l=1.946
n:-0.36523390281945467, -0.7454170775599778, -0.946214840747416, 0.044965592212975025, 0.23316585691645741, 0.27935619885101914, d=|:p=0.204
n:0.21989392535761, -0.2219524821266532, -0.5680302218534052, 0.37855958798900247, 0.6871572672389448, 0.8790619429200888, d=@:p=0.835
n:0.9281819337047637, -0.4309733877889812, -0.19047420797869563, -0.3534550527110696, -0.1515271053649485, -0.33945250418037176, d=@:p=0.776
n:0.02332719974219799, 0.3615103750489652, 0.9733989145606756, 0.39003102062270045, -0.9981836932711303, -0.8317931168712676, d=""|:p=0.31, r=0.9""
n:0.04346650093793869, -0.7786237644031644, 0.6661862004548311, -0.24690333846956491, -0.078, 0.3757184040732682, d=""|:p=0.394, r=0.965""
n:-0.49186784448102117, -0.6412735958583653, -0.4942722776904702, -0.4134016465395689, 0.7368501164019108, -0.9970349441282451, d=@:p=0.939
",0.001999871920799278,feasible,20
11,H,2,"//H
3
j:fr=0.148, l=1.554
j:-0.8021262581460178, 0.051913556177169085, 0.487877129111439, -0.11107351956889033, -0.1598705230280757, 0.24777407990768552, l=1.566
j:-0.28223971510306, 0.2375085549429059, -0.777817185036838, -0.4614100158214569, 0.18723126035183668, 0.5496568130329251, fr=1.108, l=1.471
j:-0.4149293708615005, -0.9203008292242885, -0.9889748929999769, -0.09447758924216032, -0.5087479948997498, -0.837344141677022, fr=0.686, rotstif=0.989, l=0.581
j:0.0836117984727025, 0.9813146754167974, 0.0726528586819768, 0.4060867861844599, -0.7668967242352664, 0.5053446348756552, fr=0.003, rotstif=0.91, l=1.088
j:0.581096860114485, -0.48736177710816264, 0.7209242950193584, -0.07059988752007484, 0.14912046398967505, -0.5466886218637228, rotstif=0.913, l=1.946
n:-0.36523390281945467, -0.7454170775599778, -0.946214840747416, 0.044965592212975025, 0.23316585691645741, 0.27935619885101914, d=|:p=0.204
n:0.21989392535761, -0.2219524821266532, -0.5680302218534052, 0.37855958798900247, 0.6871572672389448, 0.8790619429200888, d=@:p=0.835
n:0.9281819337047637, -0.4309733877889812, -0.19047420797869563, -0.3534550527110696, -0.1515271053649485, -0.33945250418037176, d=@:p=0.776
n:0.02332719974219799, 0.3615103750489652, 0.9733989145606756, 0.39003102062270045, -0.9981836932711303, -0.8317931168712676, d=""|:p=0.31, r=0.9""
n:0.04346650093793869, -0.7786237644031644, 0.6661862004548311, -0.24690333846956491, -0.078, 0.3757184040732682, d=""|:p=0.394, r=0.965""
n:-0.49186784448102117, -0.6412735958583653, -0.4942722776904702, -0.4134016465395689, 0.7368501164019108, -0.9970349441282451, d=@:p=0.939
",0.001999871920799278,"//H
3
j:fr=0.148, l=1.554
j:-0.8021262581460178, 0.051913556177169085, 0.487877129111439, -0.11107351956889033, -0.1598705230280757, 0.24777407990768552, l=1.566
j:-0.28223971510306, 0.2375085549429059, -0.777817185036838, -0.4614100158214569, 0.18723126035183668, 0.5496568130329251, fr=1.108, l=1.471
j:-0.4149293708615005, -0.9203008292242885, -0.9889748929999769, -0.09447758924216032, -0.5087479948997498, -0.837344141677022, fr=0.686, rotstif=0.989, l=0.581
j:0.0836117984727025, 0.9813146754167974, 0.0726528586819768, 0.4060867861844599, -0.7668967242352664, 0.5053446348756552, fr=0.003, rotstif=0.91, l=1.088
j:0.581096860114485, -0.48736177710816264, 0.7209242950193584, -0.07059988752007484, 0.14912046398967505, -0.5466886218637228, rotstif=0.913, l=1.946
n:-0.36523390281945467, -0.7454170775599778, -0.946214840747416, 0.044965592212975025, 0.23316585691645741, 0.27935619885101914, d=|:p=0.204
n:0.21989392535761, -0.2219524821266532, -0.5680302218534052, 0.37855958798900247, 0.6871572672389448, 0.8790619429200888, d=@:p=0.835
n:0.9281819337047637, -0.4309733877889812, -0.19047420797869563, -0.3534550527110696, -0.1515271053649485, -0.33945250418037176, d=@:p=0.776
n:0.02332719974219799, 0.3615103750489652, 0.9733989145606756, 0.39003102062270045, -0.9981836932711303, -0.8317931168712676, d=""|:p=0.298, r=0.9""
n:0.04346650093793869, -0.7786237644031644, 0.6661862004548311, -0.24690333846956491, -0.078, 0.3757184040732682, d=""|:p=0.394, r=0.965""
n:-0.49186784448102117, -0.6412735958583653, -0.4942722776904702, -0.4134016465395689, 0.7368501164019108, -0.9970349441282451, d=@:p=0.939
",0.0020039762784448177,feasible,20
11,H,2,"//H
3
j:fr=0.148, l=1.554
j:-0.8021262581460178, 0.051913556177169085, 0.487877129111439, -0.11107351956889033, -0.1598705230280757, 0.24777407990768552, l=1.566
j:-0.28223971510306, 0.2375085549429059, -0.777817185036838, -0.4614100158214569, 0.18723126035183668, 0.5496568130329251, fr=1.108, l=1.471
j:-0.4149293708615005, -0.9203008292242885, -0.9889748929999769, -0.09447758924216032, -0.5087479948997498, -0.837344141677022, fr=0.686, rotstif=0.989, l=0.581
j:0.0836117984727025, 0.9813146754167974, 0.0726528586819768, 0.4060867861844599, -0.7668967242352664, 0.5053446348756552, fr=0.003, rotstif=0.91, l=1.088
j:0.581096860114485, -0.48736177710816264, 0.7209242950193584, -0.07059988752007484, 0.14912046398967505, -0.5466886218637228, rotstif=0.913, l=1.946
n:-0.36523390281945467, -0.7454170775599778, -0.946214840747416, 0.044965592212975025, 0.23316585691645741, 0.27935619885101914, d=|:p=0.204
n:0.21989392535761, -0.2219524821266532, -0.5680302218534052, 0.37855958798900247, 0.6871572672389448, 0.8790619429200888, d=@:p=0.835
n:0.9281819337047637, -0.4309733877889812, -0.19047420797869563, -0.3534550527110696, -0.1515271053649485, -0.33945250418037176, d=@:p=0.776
n:0.02332719974219799, 0.3615103750489652, 0.9733989145606756, 0.39003102062270045, -0.9981836932711303, -0.8317931168712676, d=""|:p=0.31, r=0.9""
n:0.04346650093793869, -0.7786237644031644, 0.6661862004548311, -0.24690333846956491, -0.078, 0.3757184040732682, d=""|:p=0.394, r=0.965""
n:-0.49186784448102117, -0.6412735958583653, -0.4942722776904702, -0.4134016465395689, 0.7368501164019108, -0.9970349441282451, d=@:p=0.939
",0.001999871920799278,"//H
3
j:fr=0.148, l=1.554
j:-0.8021262581460178, 0.051913556177169085, 0.487877129111439, -0.11107351956889033, -0.1598705230280757, 0.24777407990768552, l=1.566
j:-0.28223971510306, 0.2375085549429059, -0.777817185036838, -0.4614100158214569, 0.18723126035183668, 0.5496568130329251, fr=1.108, l=1.471
j:-0.4149293708615005, -0.9203008292242885, -0.9889748929999769, -0.09447758924216032, -0.5087479948997498, -0.837344141677022, fr=0.686, rotstif=0.989, l=0.581
j:0.0836117984727025, 0.9813146754167974, 0.0726528586819768, 0.4060867861844599, -0.7668967242352664, 0.5053446348756552, fr=0.003, rotstif=0.91, l=1.088
j:0.581096860114485, -0.48736177710816264, 0.7209242950193584, -0.07059988752007484, 0.14912046398967505, -0.5466886218637228, rotstif=0.913, l=1.946
n:-0.36523390281945467, -0.7454170775599778, -0.946214840747416, 0.044965592212975025, 0.357, 0.27935619885101914, d=|:p=0.204
n:0.21989392535761, -0.2219524821266532, -0.5680302218534052, 0.37855958798900247, 0.6871572672389448, 0.8790619429200888, d=@:p=0.835
n:0.9281819337047637, -0.4309733877889812, -0.19047420797869563, -0.3534550527110696, -0.1515271053649485, -0.33945250418037176, d=@:p=0.776
n:0.02332719974219799, 0.3615103750489652, 0.9733989145606756, 0.39003102062270045, -0.9981836932711303, -0.8317931168712676, d=""|:p=0.31, r=0.9""
n:0.04346650093793869, -0.7786237644031644, 0.6661862004548311, -0.24690333846956491, -0.078, 0.3757184040732682, d=""|:p=0.394, r=0.965""
n:-0.49186784448102117, -0.6412735958583653, -0.4942722776904702, -0.4134016465395689, 0.7368501164019108, -0.9970349441282451, d=@:p=0.939
",0.001999871920799278,feasible,20
11,H,2,"//H
3
j:fr=0.148, l=1.554
j:-0.8021262581460178, 0.051913556177169085, 0.487877129111439, -0.11107351956889033, -0.1598705230280757, 0.24777407990768552, l=1.566
j:-0.28223971510306, 0.2375085549429059, -0.777817185036838, -0.4614100158214569, 0.18723126035183668, 0.5496568130329251, fr=1.108, l=1.471
j:-0.4149293708615005, -0.9203008292242885, -0.9889748929999769, -0.09447758924216032, -0.5087479948997498, -0.837344141677022, fr=0.686, rotstif=0.989, l=0.581
j:0.0836117984727025, 0.9813146754167974, 0.0726528586819768, 0.4060867861844599, -0.7668967242352664, 0.5053446348756552, fr=0.003, rotstif=0.91, l=1.088
j:0.581096860114485, -0.48736177710816264, 0.7209242950193584, -0.07059988752007484, 0.14912046398967505, -0.5466886218637228, rotstif=0.913, l=1.946
n:-0.36523390281945467, -0.7454170775599778, -0.946214840747416, 0.044965592212975025, 0.23316585691645741, 0.27935619885101914, d=|:p=0.204
n:0.21989392535761, -0.2219524821266532, -0.5680302218534052, 0.37855958798900247, 0.6871572672389448, 0.8790619429200888, d=@:p=0.835
n:0.9281819337047637, -0.4309733877889812, -0.19047420797869563, -0.3534550527110696, -0.1515271053649485, -0.33945250418037176, d=@:p=0.776
n:0.02332719974219799, 0.3615103750489652, 0.9733989145606756, 0.39003102062270045, -0.9981836932711303, -0.8317931168712676, d=""|:p=0.31, r=0.9""
n:0.04346650093793869, -0.7786237644031644, 0.6661862004548311, -0.24690333846956491, -0.078, 0.3757184040732682, d=""|:p=0.394, r=0.965""
n:-0.49186784448102117, -0.6412735958583653, -0.4942722776904702, -0.4134016465395689, 0.7368501164019108, -0.9970349441282451, d=@:p=0.939
",0.001999871920799278,"//H
3
j:fr=0.148, l=1.554
j:-0.8021262581460178, 0.051913556177169085, 0.487877129111439, -0.11107351956889033, -0.1598705230280757, 0.24777407990768552, l=1.566
j:-0.28223971510306, 0.2375085549429059, -0.777817185036838, -0.4614100158214569, 0.18723126035183668, 0.5496568130329251, fr=1.108, l=1.471
j:-0.4149293708615005, -0.9203008292242885, -0.9889748929999769, -0.09447758924216032, -0.5087479948997498, -0.837344141677022, fr=0.686, rotstif=0.989, l=0.581
j:0.0836117984727025, 0.9813146754167974, 0.0726528586819768, 0.4060867861844599, -0.7668967242352664, 0.5053446348756552, fr=0.003, rotstif=0.91, l=1.088
j:0.581096860114485, -0.48736177710816264, 0.7209242950193584, -0.07059988752007484, 0.14912046398967505, -0.5466886218637228, rotstif=0.913, l=1.946
n:-0.36523390281945467, -0.7454170775599778, -0.946214840747416, 0.044965592212975025, 0.23316585691645741, 0.27935619885101914, d=|:p=0.204
n:0.21989392535761, -0.2219524821266532, -0.5680302218534052, 0.37855958798900247, 0.6871572672389448, 0.8790619429200888, d=@:p=0.835
n:0.9281819337047637, -0.4309733877889812, -0.19047420797869563, -0.3534550527110696, -0.1515271053649485, -0.33945250418037176, d=@:p=0.776
n:0.02332719974219799, 0.3615103750489652, 0.9733989145606756, 0.39003102062270045, -0.9981836932711303, -0.8317931168712676, d=""|:p=0.31, r=0.9""
n:0.04346650093793869, -0.7786237644031644, 0.6661862004548311, -0.24690333846956491, -0.078, 0.3757184040732682, d=""|:p=0.495, r=0.965""
n:-0.49186784448102117, -0.6412735958583653, -0.4942722776904702, -0.4134016465395689, 0.7368501164019108, -0.9970349441282451, d=@:p=0.939
",0.0015219176338668045,feasible,20
11,H,2,"//H
3
j:fr=0.148, l=1.554
j:-0.8021262581460178, 0.051913556177169085, 0.487877129111439, -0.11107351956889033, -0.1598705230280757, 0.24777407990768552, l=1.566
j:-0.28223971510306, 0.2375085549429059, -0.777817185036838, -0.4614100158214569, 0.18723126035183668, 0.5496568130329251, fr=1.108, l=1.471
j:-0.4149293708615005, -0.9203008292242885, -0.9889748929999769, -0.09447758924216032, -0.5087479948997498, -0.837344141677022, fr=0.686, rotstif=0.989, l=0.581
j:0.0836117984727025, 0.9813146754167974, 0.0726528586819768, 0.4060867861844599, -0.7668967242352664, 0.5053446348756552, fr=0.003, rotstif=0.91, l=1.088
j:0.581096860114485, -0.48736177710816264, 0.7209242950193584, -0.07059988752007484, 0.14912046398967505, -0.5466886218637228, rotstif=0.913, l=1.946
n:-0.36523390281945467, -0.7454170775599778, -0.946214840747416, 0.044965592212975025, 0.23316585691645741, 0.27935619885101914, d=|:p=0.204
n:0.21989392535761, -0.2219524821266532, -0.5680302218534052, 0.37855958798900247, 0.6871572672389448, 0.8790619429200888, d=@:p=0.835
n:0.9281819337047637, -0.4309733877889812, -0.19047420797869563, -0.3534550527110696, -0.1515271053649485, -0.33945250418037176, d=@:p=0.776
n:0.02332719974219799, 0.3615103750489652, 0.9733989145606756, 0.39003102062270045, -0.9981836932711303, -0.8317931168712676, d=""|:p=0.31, r=0.9""
n:0.04346650093793869, -0.7786237644031644, 0.6661862004548311, -0.24690333846956491, -0.078, 0.3757184040732682, d=""|:p=0.394, r=0.965""
n:-0.49186784448102117, -0.6412735958583653, -0.4942722776904702, -0.4134016465395689, 0.7368501164019108, -0.9970349441282451, d=@:p=0.939
",0.001999871920799278,"//H
3
j:fr=0.148, l=1.554
j:-0.8021262581460178, 0.051913556177169085, 0.487877129111439, -0.11107351956889033, -0.1598705230280757, 0.24777407990768552, l=1.566
j:-0.28223971510306, 0.2375085549429059, -0.777817185036838, -0.4614100158214569, 0.18723126035183668, 0.5496568130329251, fr=1.108, l=1.471
j:-0.4149293708615005, -0.9203008292242885, -0.9889748929999769, -0.09447758924216032, -0.5087479948997498, -0.837344141677022, fr=0.686, rotstif=0.989, l=0.581
j:0.0836117984727025, 0.9813146754167974, 0.0726528586819768, 0.4060867861844599, -0.7668967242352664, 0.5053446348756552, fr=0.003, rotstif=0.91, l=1.088
j:0.581096860114485, -0.48736177710816264, 0.7209242950193584, -0.07059988752007484, 0.14912046398967505, -0.5466886218637228, rotstif=0.913, l=1.946
j:0.9285771516151726, 0.7446574228815734, -0.16385218081995845, 0.33209116850048304, -0.7991168722510338, 0.6077862093225121, l=0.886
n:-0.36523390281945467, -0.7454170775599778, -0.946214840747416, 0.044965592212975025, 0.23316585691645741, 0.27935619885101914, d=|:p=0.204
n:0.21989392535761, -0.2219524821266532, -0.5680302218534052, 0.37855958798900247, 0.6871572672389448, 0.8790619429200888, d=@:p=0.835
n:0.9281819337047637, -0.4309733877889812, -0.19047420797869563, -0.3534550527110696, -0.1515271053649485, -0.33945250418037176, d=@:p=0.776
n:0.02332719974219799, 0.3615103750489652, 0.9733989145606756, 0.39003102062270045, -0.9981836932711303, -0.8317931168712676, d=""|:p=0.31, r=0.9""
n:0.04346650093793869, -0.7786237644031644, 0.6661862004548311, -0.24690333846956491, -0.078, 0.3757184040732682, d=""|:p=0.394, r=0.965""
n:-0.49186784448102117, -0.6412735958583653, -0.4942722776904702, -0.4134016465395689, 0.7368501164019108, -0.9970349441282451, d=@:p=0.939
",7.107980615455692e-05,feasible,20
11,H,2,"//H
3
j:fr=0.148, l=1.554
j:-0.8021262581460178, 0.051913556177169085, 0.487877129111439, -0.11107351956889033, -0.1598705230280757, 0.24777407990768552, l=1.566
j:-0.28223971510306, 0.2375085549429059, -0.777817185036838, -0.4614100158214569, 0.18723126035183668, 0.5496568130329251, fr=1.108, l=1.471
j:-0.4149293708615005, -0.9203008292242885, -0.9889748929999769, -0.09447758924216032, -0.5087479948997498, -0.837344141677022, fr=0.686, rotstif=0.989, l=0.581
j:0.0836117984727025, 0.9813146754167974, 0.0726528586819768, 0.4060867861844599, -0.7668967242352664, 0.5053446348756552, fr=0.003, rotstif=0.91, l=1.088
j:0.581096860114485, -0.48736177710816264, 0.7209242950193584, -0.07059988752007484, 0.14912046398967505, -0.5466886218637228, rotstif=0.913, l=1.946
n:-0.36523390281945467, -0.7454170775599778, -0.946214840747416, 0.044965592212975025, 0.23316585691645741, 0.27935619885101914, d=|:p=0.204
n:0.21989392535761, -0.2219524821266532, -0.5680302218534052, 0.37855958798900247, 0.6871572672389448, 0.8790619429200888, d=@:p=0.835
n:0.9281819337047637, -0.4309733877889812, -0.19047420797869563, -0.3534550527110696, -0.1515271053649485, -0.33945250418037176, d=@:p=0.776
n:0.02332719974219799, 0.3615103750489652, 0.9733989145606756, 0.39003102062270045, -0.9981836932711303, -0.8317931168712676, d=""|:p=0.31, r=0.9""
n:0.04346650093793869, -0.7786237644031644, 0.6661862004548311, -0.24690333846956491, -0.078, 0.3757184040732682, d=""|:p=0.394, r=0.965""
n:-0.49186784448102117, -0.6412735958583653, -0.4942722776904702, -0.4134016465395689, 0.7368501164019108, -0.9970349441282451, d=@:p=0.939
",0.001999871920799278,"//H
3
j:-0.181, fr=0.148, l=1.554
j:-0.8021262581460178, 0.051913556177169085, 0.487877129111439, -0.11107351956889033, -0.1598705230280757, 0.24777407990768552, l=1.566
j:-0.28223971510306, 0.2375085549429059, -0.777817185036838, -0.4614100158214569, 0.18723126035183668, 0.5496568130329251, fr=1.108, l=1.471
j:-0.4149293708615005, -0.9203008292242885, -0.9889748929999769, -0.09447758924216032, -0.5087479948997498, -0.837344141677022, fr=0.686, rotstif=0.989, l=0.581
j:0.0836117984727025, 0.9813146754167974, 0.0726528586819768, 0.4060867861844599, -0.7668967242352664, 0.5053446348756552, fr=0.003, rotstif=0.91, l=1.088
j:0.581096860114485, -0.48736177710816264, 0.7209242950193584, -0.07059988752007484, 0.14912046398967505, -0.5466886218637228, rotstif=0.913, l=1.946
n:-0.36523390281945467, -0.7454170775599778, -0.946214840747416, 0.044965592212975025, 0.23316585691645741, 0.27935619885101914, d=|:p=0.204
n:0.21989392535761, -0.2219524821266532, -0.5680302218534052, 0.37855958798900247, 0.6871572672389448, 0.8790619429200888, d=@:p=0.835
n:0.9281819337047637, -0.4309733877889812, -0.19047420797869563, -0.3534550527110696, -0.1515271053649485, -0.33945250418037176, d=@:p=0.776
n:0.02332719974219799, 0.3615103750489652, 0.9733989145606756, 0.39003102062270045, -0.9981836932711303, -0.8317931168712676, d=""|:p=0.31, r=0.9""
n:0.04346650093793869, -0.7786237644031644, 0.6661862004548311, -0.24690333846956491, -0.078, 0.3757184040732682, d=""|:p=0.394, r=0.965""
n:-0.49186784448102117, -0.6412735958583653, -0.4942722776904702, -0.4134016465395689, 0.7368501164019108, -0.9970349441282451, d=@:p=0.939
",0.001999871920799278,feasible,20
11,H,2,"//H
3
j:fr=0.148, l=1.554
j:-0.8021262581460178, 0.051913556177169085, 0.487877129111439, -0.11107351956889033, -0.1598705230280757, 0.24777407990768552, l=1.566
j:-0.28223971510306, 0.2375085549429059, -0.777817185036838, -0.4614100158214569, 0.18723126035183668, 0.5496568130329251, fr=1.108, l=1.471
j:-0.4149293708615005, -0.9203008292242885, -0.9889748929999769, -0.09447758924216032, -0.5087479948997498, -0.837344141677022, fr=0.686, rotstif=0.989, l=0.581
j:0.0836117984727025, 0.9813146754167974, 0.0726528586819768, 0.4060867861844599, -0.7668967242352664, 0.5053446348756552, fr=0.003, rotstif=0.91, l=1.088
j:0.581096860114485, -0.48736177710816264, 0.7209242950193584, -0.07059988752007484, 0.14912046398967505, -0.5466886218637228, rotstif=0.913, l=1.946
n:-0.36523390281945467, -0.7454170775599778, -0.946214840747416, 0.044965592212975025, 0.23316585691645741, 0.27935619885101914, d=|:p=0.204
n:0.21989392535761, -0.2219524821266532, -0.5680302218534052, 0.37855958798900247, 0.6871572672389448, 0.8790619429200888, d=@:p=0.835
n:0.9281819337047637, -0.4309733877889812, -0.19047420797869563, -0.3534550527110696, -0.1515271053649485, -0.33945250418037176, d=@:p=0.776
n:0.02332719974219799, 0.3615103750489652, 0.9733989145606756, 0.39003102062270045, -0.9981836932711303, -0.8317931168712676, d=""|:p=0.31, r=0.9""
n:0.04346650093793869, -0.7786237644031644, 0.6661862004548311, -0.24690333846956491, -0.078, 0.3757184040732682, d=""|:p=0.394, r=0.965""
n:-0.49186784448102117, -0.6412735958583653, -0.4942722776904702, -0.4134016465395689, 0.7368501164019108, -0.9970349441282451, d=@:p=0.939
",0.001999871920799278,"//H
3
j:-0.8021262581460178, 0.051913556177169085, 0.487877129111439, -0.11107351956889033, -0.1598705230280757, 0.24777407990768552, l=1.566
j:-0.28223971510306, 0.2375085549429059, -0.777817185036838, -0.4614100158214569, 0.18723126035183668, 0.5496568130329251, fr=1.108, l=1.471
j:-0.4149293708615005, -0.9203008292242885, -0.9889748929999769, -0.09447758924216032, -0.5087479948997498, -0.837344141677022, fr=0.686, rotstif=0.989, l=0.581
j:0.0836117984727025, 0.9813146754167974, 0.0726528586819768, 0.4060867861844599, -0.7668967242352664, 0.5053446348756552, fr=0.003, rotstif=0.91, l=1.088
j:0.581096860114485, -0.48736177710816264, 0.7209242950193584, -0.07059988752007484, 0.14912046398967505, -0.5466886218637228, rotstif=0.913, l=1.946
n:-0.36523390281945467, -0.7454170775599778, -0.946214840747416, 0.044965592212975025, 0.23316585691645741, 0.27935619885101914, d=|:p=0.204
n:0.21989392535761, -0.2219524821266532, -0.5680302218534052, 0.37855958798900247, 0.6871572672389448, 0.8790619429200888, d=@:p=0.835
n:0.9281819337047637, -0.4309733877889812, -0.19047420797869563, -0.3534550527110696, -0.1515271053649485, -0.33945250418037176, d=@:p=0.776
n:0.02332719974219799, 0.3615103750489652, 0.9733989145606756, 0.39003102062270045, -0.9981836932711303, -0.8317931168712676, d=""|:p=0.31, r=0.9""
n:0.04346650093793869, -0.7786237644031644, 0.6661862004548311, -0.24690333846956491, -0.078, 0.3757184040732682, d=""|:p=0.394, r=0.965""
n:-0.49186784448102117, -0.6412735958583653, -0.4942722776904702, -0.4134016465395689, 0.7368501164019108, -0.9970349441282451, d=@:p=0.939
",2.088546185717553e-06,feasible,20
11,H,2,"//H
3
j:fr=0.148, l=1.554
j:-0.8021262581460178, 0.051913556177169085, 0.487877129111439, -0.11107351956889033, -0.1598705230280757, 0.24777407990768552, l=1.566
j:-0.28223971510306, 0.2375085549429059, -0.777817185036838, -0.4614100158214569, 0.18723126035183668, 0.5496568130329251, fr=1.108, l=1.471
j:-0.4149293708615005, -0.9203008292242885, -0.9889748929999769, -0.09447758924216032, -0.5087479948997498, -0.837344141677022, fr=0.686, rotstif=0.989, l=0.581
j:0.0836117984727025, 0.9813146754167974, 0.0726528586819768, 0.4060867861844599, -0.7668967242352664, 0.5053446348756552, fr=0.003, rotstif=0.91, l=1.088
j:0.581096860114485, -0.48736177710816264, 0.7209242950193584, -0.07059988752007484, 0.14912046398967505, -0.5466886218637228, rotstif=0.913, l=1.946
n:-0.36523390281945467, -0.7454170775599778, -0.946214840747416, 0.044965592212975025, 0.23316585691645741, 0.27935619885101914, d=|:p=0.204
n:0.21989392535761, -0.2219524821266532, -0.5680302218534052, 0.37855958798900247, 0.6871572672389448, 0.8790619429200888, d=@:p=0.835
n:0.9281819337047637, -0.4309733877889812, -0.19047420797869563, -0.3534550527110696, -0.1515271053649485, -0.33945250418037176, d=@:p=0.776
n:0.02332719974219799, 0.3615103750489652, 0.9733989145606756, 0.39003102062270045, -0.9981836932711303, -0.8317931168712676, d=""|:p=0.31, r=0.9""
n:0.04346650093793869, -0.7786237644031644, 0.6661862004548311, -0.24690333846956491, -0.078, 0.3757184040732682, d=""|:p=0.394, r=0.965""
n:-0.49186784448102117, -0.6412735958583653, -0.4942722776904702, -0.4134016465395689, 0.7368501164019108, -0.9970349441282451, d=@:p=0.939
",0.001999871920799278,"//H
3
j:fr=0.148, l=1.554
j:-0.8021262581460178, 0.051913556177169085, 0.487877129111439, -0.11107351956889033, -0.1598705230280757, 0.24777407990768552, l=1.566
j:-0.28223971510306, 0.2375085549429059, -0.777817185036838, -0.4614100158214569, 0.18723126035183668, 0.5496568130329251, fr=1.108, l=1.471
j:-0.4149293708615005, -0.9203008292242885, -0.9889748929999769, -0.09447758924216032, -0.5087479948997498, -0.837344141677022, fr=0.686, rotstif=0.989, l=0.581
j:0.0836117984727025, 0.9813146754167974, 0.0726528586819768, 0.4060867861844599, -0.7668967242352664, 0.5053446348756552, fr=0.003, rotstif=0.91, l=1.088
j:0.581096860114485, -0.48736177710816264, 0.7209242950193584, -0.07059988752007484, 0.14912046398967505, -0.5466886218637228, rotstif=0.913, l=1.946
n:-0.36523390281945467, -0.7454170775599778, -0.946214840747416, 0.044965592212975025, 0.23316585691645741, 0.27935619885101914, d=|:p=0.204
n:0.21989392535761, -0.2219524821266532, -0.5680302218534052, 0.37855958798900247, 0.6871572672389448, 0.8790619429200888, d=@:p=0.835
n:0.02332719974219799, 0.3615103750489652, 0.9733989145606756, 0.39003102062270045, -0.9981836932711303, -0.8317931168712676, d=""|:p=0.31, r=0.9""
n:0.04346650093793869, -0.7786237644031644, 0.6661862004548311, -0.24690333846956491, -0.078, 0.3757184040732682, d=""|:p=0.394, r=0.965""
n:-0.49186784448102117, -0.6412735958583653, -0.4942722776904702, -0.4134016465395689, 0.7368501164019108, -0.9970349441282451, d=@:p=0.939
",0.0015762412699653523,feasible,20
11,H,2,"//H
3
j:fr=0.148, l=1.554
j:-0.8021262581460178, 0.051913556177169085, 0.487877129111439, -0.11107351956889033, -0.1598705230280757, 0.24777407990768552, l=1.566
j:-0.28223971510306, 0.2375085549429059, -0.777817185036838, -0.4614100158214569, 0.18723126035183668, 0.5496568130329251, fr=1.108, l=1.471
j:-0.4149293708615005, -0.9203008292242885, -0.9889748929999769, -0.09447758924216032, -0.5087479948997498, -0.837344141677022, fr=0.686, rotstif=0.989, l=0.581
j:0.0836117984727025, 0.9813146754167974, 0.0726528586819768, 0.4060867861844599, -0.7668967242352664, 0.5053446348756552, fr=0.003, rotstif=0.91, l=1.088
j:0.581096860114485, -0.48736177710816264, 0.7209242950193584, -0.07059988752007484, 0.14912046398967505, -0.5466886218637228, rotstif=0.913, l=1.946
n:-0.36523390281945467, -0.7454170775599778, -0.946214840747416, 0.044965592212975025, 0.23316585691645741, 0.27935619885101914, d=|:p=0.204
n:0.21989392535761, -0.2219524821266532, -0.5680302218534052, 0.37855958798900247, 0.6871572672389448, 0.8790619429200888, d=@:p=0.835
n:0.9281819337047637, -0.4309733877889812, -0.19047420797869563, -0.3534550527110696, -0.1515271053649485, -0.33945250418037176, d=@:p=0.776
n:0.02332719974219799, 0.3615103750489652, 0.9733989145606756, 0.39003102062270045, -0.9981836932711303, -0.8317931168712676, d=""|:p=0.31, r=0.9""
n:0.04346650093793869, -0.7786237644031644, 0.6661862004548311, -0.24690333846956491, -0.078, 0.3757184040732682, d=""|:p=0.394, r=0.965""
n:-0.49186784448102117, -0.6412735958583653, -0.4942722776904702, -0.4134016465395689, 0.7368501164019108, -0.9970349441282451, d=@:p=0.939
",0.001999871920799278,"//H
3
j:fr=0.148, l=1.554
j:-0.8021262581460178, 0.051913556177169085, 0.487877129111439, -0.11107351956889033, -0.1598705230280757, 0.24777407990768552, l=1.566
j:-0.28223971510306, 0.2375085549429059, -0.777817185036838, -0.4614100158214569, 0.18723126035183668, 0.5496568130329251, fr=1.108, l=1.241
j:-0.4149293708615005, -0.9203008292242885, -0.9889748929999769, -0.09447758924216032, -0.5087479948997498, -0.837344141677022, fr=0.686, rotstif=0.989, l=0.581
j:0.0836117984727025, 0.9813146754167974, 0.0726528586819768, 0.4060867861844599, -0.7668967242352664, 0.5053446348756552, fr=0.003, rotstif=0.91, l=1.088
j:0.581096860114485, -0.48736177710816264, 0.7209242950193584, -0.07059988752007484, 0.14912046398967505, -0.5466886218637228, rotstif=0.913, l=1.946
n:-0.36523390281945467, -0.7454170775599778, -0.946214840747416, 0.044965592212975025, 0.23316585691645741, 0.27935619885101914, d=|:p=0.204
n:0.21989392535761, -0.2219524821266532, -0.5680302218534052, 0.37855958798900247, 0.6871572672389448, 0.8790619429200888, d=@:p=0.835
n:0.9281819337047637, -0.4309733877889812, -0.19047420797869563, -0.3534550527110696, -0.1515271053649485, -0.33945250418037176, d=@:p=0.776
n:0.02332719974219799, 0.3615103750489652, 0.9733989145606756, 0.39003102062270045, -0.9981836932711303, -0.8317931168712676, d=""|:p=0.31, r=0.9""
n:0.04346650093793869, -0.7786237644031644, 0.6661862004548311, -0.24690333846956491, -0.078, 0.3757184040732682, d=""|:p=0.394, r=0.965""
n:-0.49186784448102117, -0.6412735958583653, -0.4942722776904702, -0.4134016465395689, 0.7368501164019108, -0.9970349441282451, d=@:p=0.939
",0.0018947887208811015,feasible,20
11,H,2,"//H
3
j:fr=0.148, l=1.554
j:-0.8021262581460178, 0.051913556177169085, 0.487877129111439, -0.11107351956889033, -0.1598705230280757, 0.24777407990768552, l=1.566
j:-0.28223971510306, 0.2375085549429059, -0.777817185036838, -0.4614100158214569, 0.18723126035183668, 0.5496568130329251, fr=1.108, l=1.471
j:-0.4149293708615005, -0.9203008292242885, -0.9889748929999769, -0.09447758924216032, -0.5087479948997498, -0.837344141677022, fr=0.686, rotstif=0.989, l=0.581
j:0.0836117984727025, 0.9813146754167974, 0.0726528586819768, 0.4060867861844599, -0.7668967242352664, 0.5053446348756552, fr=0.003, rotstif=0.91, l=1.088
j:0.581096860114485, -0.48736177710816264, 0.7209242950193584, -0.07059988752007484, 0.14912046398967505, -0.5466886218637228, rotstif=0.913, l=1.946
n:-0.36523390281945467, -0.7454170775599778, -0.946214840747416, 0.044965592212975025, 0.23316585691645741, 0.27935619885101914, d=|:p=0.204
n:0.21989392535761, -0.2219524821266532, -0.5680302218534052, 0.37855958798900247, 0.6871572672389448, 0.8790619429200888, d=@:p=0.835
n:0.9281819337047637, -0.4309733877889812, -0.19047420797869563, -0.3534550527110696, -0.1515271053649485, -0.33945250418037176, d=@:p=0.776
n:0.02332719974219799, 0.3615103750489652, 0.9733989145606756, 0.39003102062270045, -0.9981836932711303, -0.8317931168712676, d=""|:p=0.31, r=0.9""
n:0.04346650093793869, -0.7786237644031644, 0.6661862004548311, -0.24690333846956491, -0.078, 0.3757184040732682, d=""|:p=0.394, r=0.965""
n:-0.49186784448102117, -0.6412735958583653, -0.4942722776904702, -0.4134016465395689, 0.7368501164019108, -0.9970349441282451, d=@:p=0.939
",0.001999871920799278,"//H
3
j:fr=0.148, l=1.554
j:-0.8021262581460178, 0.051913556177169085, 0.487877129111439, -0.11107351956889033, -0.1598705230280757, 0.24777407990768552, l=1.566
j:-0.28223971510306, 0.2375085549429059, -0.777817185036838, -0.4614100158214569, 0.18723126035183668, 0.5496568130329251, fr=1.108, l=1.471
j:-0.4149293708615005, -0.9203008292242885, -0.9889748929999769, -0.09447758924216032, -0.5087479948997498, -0.837344141677022, fr=0.686, rotstif=0.989, l=0.581
j:0.0836117984727025, 0.9813146754167974, 0.0726528586819768, 0.4060867861844599, -0.7668967242352664, 0.5053446348756552, fr=0.003, rotstif=0.91, l=1.088
j:0.581096860114485, -0.48736177710816264, 0.7209242950193584, -0.07059988752007484, 0.14912046398967505, -0.5466886218637228, rotstif=0.913, l=1.946
n:-0.36523390281945467, -0.7454170775599778, -0.946214840747416, 0.044965592212975025, 0.23316585691645741, 0.27935619885101914, d=|:p=0.204
n:0.21989392535761, -0.2219524821266532, -0.5680302218534052, 0.37855958798900247, 0.6871572672389448, 0.8790619429200888, d=@:p=0.835
n:0.9281819337047637, -0.4309733877889812, -0.19047420797869563, -0.3534550527110696, -0.1515271053649485, -0.33945250418037176, d=@:p=0.471
n:0.02332719974219799, 0.3615103750489652, 0.9733989145606756, 0.39003102062270045, -0.9981836932711303, -0.8317931168712676, d=""|:p=0.31, r=0.9""
n:0.04346650093793869, -0.7786237644031644, 0.6661862004548311, -0.24690333846956491, -0.078, 0.3757184040732682, d=""|:p=0.394, r=0.965""
n:-0.49186784448102117, -0.6412735958583653, -0.4942722776904702, -0.4134016465395689, 0.7368501164019108, -0.9970349441282451, d=@:p=0.939
",0.0007790689501702028,feasible,20
11,H,3,"//H
3
j:fr=0.148, l=1.554
j:-0.8021262581460178, 0.051913556177169085, 0.487877129111439, -0.11107351956889033, -0.1598705230280757, 0.24777407990768552, l=1.675
j:-0.28223971510306, 0.2375085549429059, -0.777817185036838, -0.4614100158214569, 0.18723126035183668, 0.5496568130329251, fr=1.389, l=1.574
j:-0.4149293708615005, -0.9203008292242885, -0.9889748929999769, -0.09447758924216032, -0.5087479948997498, -0.837344141677022, fr=0.686, rotstif=0.989, l=0.581
j:0.0836117984727025, 0.9813146754167974, 0.0726528586819768, 0.4060867861844599, -0.7668967242352664, 0.5053446348756552, fr=0.003, rotstif=0.91, l=1.088
j:0.581096860114485, -0.48736177710816264, 0.7209242950193584, -0.07059988752007484, 0.14912046398967505, -0.5466886218637228, rotstif=0.913, l=1.946
n:-0.36523390281945467, -0.7454170775599778, -0.946214840747416, 0.044965592212975025, 0.23316585691645741, 0.27935619885101914, d=|:p=0.204
n:0.21989392535761, -0.2219524821266532, -0.5680302218534052, 0.37855958798900247, 0.6871572672389448, 0.8790619429200888, d=@:p=0.835
n:0.9281819337047637, -0.4309733877889812, -0.19047420797869563, -0.3534550527110696, -0.1515271053649485, -0.33945250418037176, d=@:p=0.707
n:0.02332719974219799, 0.3615103750489652, 0.9733989145606756, 0.39003102062270045, -0.9981836932711303, -0.8317931168712676, d=""|:p=0.325, r=0.9""
n:0.04346650093793869, -0.7786237644031644, 0.6661862004548311, -0.24690333846956491, -0.1511850613169372, 0.3757184040732682, d=""|:p=0.394, r=0.896""
n:-0.49186784448102117, -0.6412735958583653, -0.4942722776904702, -0.4134016465395689, 0.7368501164019108, -0.9970349441282451, d=@:p=0.939
n:-0.8355273669585586, 0.12670943466946483, 0.7654443816281855, 0.7613814906217158, 0.7348348265513778, -0.48763424064964056, d=Gpart:ry=-2.35
",0.002271934290145747,"//H
3
j:fr=0.148, l=1.554
j:-0.8021262581460178, 0.051913556177169085, 0.487877129111439, -0.11107351956889033, -0.1598705230280757, 0.24777407990768552, l=1.675
j:-0.28223971510306, 0.2375085549429059, -0.777817185036838, -0.4614100158214569, 0.18723126035183668, 0.5496568130329251, fr=1.389, l=1.574
j:-0.4149293708615005, -0.9203008292242885, -0.9889748929999769, -0.09447758924216032, -0.5087479948997498, -0.837344141677022, fr=0.686, rotstif=0.989, l=0.581
j:0.0836117984727025, 0.9813146754167974, 0.0726528586819768, 0.4060867861844599, -0.7668967242352664, 0.5053446348756552, fr=0.003, rotstif=0.91, l=1.088
j:0.581096860114485, -0.48736177710816264, 0.7209242950193584, -0.07059988752007484, 0.14912046398967505, -0.5466886218637228, rotstif=0.913, l=1.946
n:-0.36523390281945467, -0.7454170775599778, -0.946214840747416, 0.044965592212975025, 0.23316585691645741, 0.27935619885101914, d=|:p=0.204
n:0.21989392535761, -0.2219524821266532, -0.5680302218534052, 0.37855958798900247, 0.6871572672389448, 0.8790619429200888, d=@:p=0.835
n:0.9281819337047637, -0.4309733877889812, -0.19047420797869563, -0.3534550527110696, 0.086, -0.33945250418037176, d=@:p=0.707
n:0.02332719974219799, 0.3615103750489652, 0.9733989145606756, 0.39003102062270045, -0.9981836932711303, -0.8317931168712676, d=""|:p=0.325, r=0.9""
n:0.04346650093793869, -0.7786237644031644, 0.6661862004548311, -0.24690333846956491, -0.1511850613169372, 0.3757184040732682, d=""|:p=0.394, r=0.896""
n:-0.49186784448102117, -0.6412735958583653, -0.4942722776904702, -0.4134016465395689, 0.7368501164019108, -0.9970349441282451, d=@:p=0.939
n:-0.8355273669585586, 0.12670943466946483, 0.7654443816281855, 0.7613814906217158, 0.7348348265513778, -0.48763424064964056, d=Gpart:ry=-2.35
",0.002271934290145747,feasible,20
11,H,3,"//H
3
j:fr=0.148, l=1.554
j:-0.8021262581460178, 0.051913556177169085, 0.487877129111439, -0.11107351956889033, -0.1598705230280757, 0.24777407990768552, l=1.675
j:-0.28223971510306, 0.2375085549429059, -0.777817185036838, -0.4614100158214569, 0.18723126035183668, 0.5496568130329251, fr=1.389, l=1.574
j:-0.4149293708615005, -0.9203008292242885, -0.9889748929999769, -0.09447758924216032, -0.5087479948997498, -0.837344141677022, fr=0.686, rotstif=0.989, l=0.581
j:0.0836117984727025, 0.9813146754167974, 0.0726528586819768, 0.4060867861844599, -0.7668967242352664, 0.5053446348756552, fr=0.003, rotstif=0.91, l=1.088
j:0.581096860114485, -0.48736177710816264, 0.7209242950193584, -0.07059988752007484, 0.14912046398967505, -0.5466886218637228, rotstif=0.913, l=1.946
n:-0.36523390281945467, -0.7454170775599778, -0.946214840747416, 0.044965592212975025, 0.23316585691645741, 0.27935619885101914, d=|:p=0.204
n:0.21989392535761, -0.2219524821266532, -0.5680302218534052, 0.37855958798900247, 0.6871572672389448, 0.8790619429200888, d=@:p=0.835
n:0.9281819337047637, -0.4309733877889812, -0.19047420797869563, -0.3534550527110696, -0.1515271053649485, -0.33945250418037176, d=@:p=0.707
n:0.02332719974219799, 0.3615103750489652, 0.9733989145606756, 0.39003102062270045, -0.9981836932711303, -0.8317931168712676, d=""|:p=0.325, r=0.9""
n:0.04346650093793869, -0.7786237644031644, 0.6661862004548311, -0.24690333846956491, -0.1511850613169372, 0.3757184040732682, d=""|:p=0.394, r=0.896""
n:-0.49186784448102117, -0.6412735958583653, -0.4942722776904702, -0.4134016465395689, 0.7368501164019108, -0.9970349441282451, d=@:p=0.939
n:-0.8355273669585586, 0.12670943466946483, 0.7654443816281855, 0.7613814906217158, 0.7348348265513778, -0.48763424064964056, d=Gpart:ry=-2.35
",0.002271934290145747,"//H
3
j:fr=0.148, l=1.554
j:-0.8021262581460178, 0.051913556177169085, 0.487877129111439, -0.11107351956889033, -0.1598705230280757, 0.24777407990768552, l=1.675
j:-0.28223971510306, 0.2375085549429059, -0.777817185036838, -0.4614100158214569, 0.18723126035183668, 0.5496568130329251, fr=1.389, l=1.574
j:-0.4149293708615005, -0.9203008292242885, -0.9889748929999769, -0.09447758924216032, -0.5087479948997498, -0.837344141677022, fr=0.686, rotstif=0.989, l=0.581
j:0.0836117984727025, 0.9813146754167974, 0.0726528586819768, 0.4060867861844599, -0.7668967242352664, 0.5053446348756552, fr=0.003, rotstif=0.91, l=1.088
j:0.581096860114485, -0.48736177710816264, 0.7209242950193584, -0.07059988752007484, 0.14912046398967505, -0.5466886218637228, rotstif=0.913, l=1.946
n:-0.36523390281945467, -0.7454170775599778, -0.946214840747416, 0.044965592212975025, 0.23316585691645741, 0.27935619885101914, d=|:p=0.242
n:0.21989392535761, -0.2219524821266532, -0.5680302218534052, 0.37855958798900247, 0.6871572672389448, 0.8790619429200888, d=@:p=0.835
n:0.9281819337047637, -0.4309733877889812, -0.19047420797869563, -0.3534550527110696, -0.1515271053649485, -0.33945250418037176, d=@:p=0.707
n:0.02332719974219799, 0.3615103750489652, 0.9733989145606756, 0.39003102062270045, -0.9981836932711303, -0.8317931168712676, d=""|:p=0.325, r=0.9""
n:0.04346650093793869, -0.7786237644031644, 0.6661862004548311, -0.24690333846956491, -0.1511850613169372, 0.3757184040732682, d=""|:p=0.394, r=0.896""
n:-0.49186784448102117, -0.6412735958583653, -0.4942722776904702, -0.4134016465395689, 0.7368501164019108, -0.9970349441282451, d=@:p=0.939
n:-0.8355273669585586, 0.12670943466946483, 0.7654443816281855, 0.7613814906217158, 0.7348348265513778, -0.48763424064964056, d=Gpart:ry=-2.35
",0.0016840203447984333,feasible,20
11,H,3,"//H
3
j:fr=0.148, l=1.554
j:-0.8021262581460178, 0.051913556177169085, 0.487877129111439, -0.11107351956889033, -0.1598705230280757, 0.24777407990768552, l=1.675
j:-0.28223971510306, 0.2375085549429059, -0.777817185036838, -0.4614100158214569, 0.18723126035183668, 0.5496568130329251, fr=1.389, l=1.574
j:-0.4149293708615005, -0.9203008292242885, -0.9889748929999769, -0.09447758924216032, -0.5087479948997498, -0.837344141677022, fr=0.686, rotstif=0.989, l=0.581
j:0.0836117984727025, 0.9813146754167974, 0.0726528586819768, 0.4060867861844599, -0.7668967242352664, 0.5053446348756552, fr=0.003, rotstif=0.91, l=1.088
j:0.581096860114485, -0.48736177710816264, 0.7209242950193584, -0.07059988752007484, 0.14912046398967505, -0.5466886218637228, rotstif=0.913, l=1.946
n:-0.36523390281945467, -0.7454170775599778, -0.946214840747416, 0.044965592212975025, 0.23316585691645741, 0.27935619885101914, d=|:p=0.204
n:0.21989392535761, -0.2219524821266532, -0.5680302218534052, 0.37855958798900247, 0.6871572672389448, 0.8790619429200888, d=@:p=0.835
n:0.9281819337047637, -0.4309733877889812, -0.19047420797869563, -0.3534550527110696, -0.1515271053649485, -0.33945250418037176, d=@:p=0.707
n:0.02332719974219799, 0.3615103750489652, 0.9733989145606756, 0.39003102062270045, -0.9981836932711303, -0.8317931168712676, d=""|:p=0.325, r=0.9""
n:0.04346650093793869, -0.7786237644031644, 0.6661862004548311, -0.24690333846956491, -0.1511850613169372, 0.3757184040732682, d=""|:p=0.394, r=0.896""
n:-0.49186784448102117, -0.6412735958583653, -0.4942722776904702, -0.4134016465395689, 0.7368501164019108, -0.9970349441282451, d=@:p=0.939
n:-0.8355273669585586, 0.12670943466946483, 0.7654443816281855, 0.7613814906217158, 0.7348348265513778, -0.48763424064964056, d=Gpart:ry=-2.35
",0.002271934290145747,"//H
3
j:fr=0.148, l=1.554
j:-0.8021262581460178, 0.051913556177169085, 0.487877129111439, -0.11107351956889033, -0.1598705230280757, 0.24777407990768552, l=1.675
j:-0.28223971510306, 0.2375085549429059, -0.777817185036838, -0.4614100158214569, 0.18723126035183668, 0.5496568130329251, fr=1.389, l=1.574
j:-0.4149293708615005, -0.9203008292242885, -0.9889748929999769, -0.09447758924216032, -0.5087479948997498, -0.837344141677022, fr=0.686, rotstif=0.989, l=0.581
j:0.0836117984727025, 0.9813146754167974, 0.0726528586819768, 0.4060867861844599, -0.7668967242352664, 0.5053446348756552, fr=0.003, rotstif=0.91, l=1.088
j:0.581096860114485, -0.48736177710816264, 0.7209242950193584, -0.07059988752007484, 0.14912046398967505, -0.5466886218637228, rotstif=0.913, l=1.946
n:-0.36523390281945467, -0.7454170775599778, -0.946214840747416, 0.044965592212975025, 0.23316585691645741, 0.27935619885101914, d=|:p=0.204
n:0.21989392535761, -0.2219524821266532, -0.5680302218534052, 0.37855958798900247, 0.6871572672389448, 0.8790619429200888, d=@:p=0.835
n:0.9281819337047637, -0.4309733877889812, -0.19047420797869563, -0.3534550527110696, -0.1515271053649485, -0.33945250418037176, d=@:p=0.707
n:0.02332719974219799, 0.3615103750489652, 0.9733989145606756, 0.39003102062270045, -0.9981836932711303, -0.8317931168712676, d=""|:p=0.325, r=0.9""
n:0.04346650093793869, -0.7786237644031644, 0.6661862004548311, -0.24690333846956491, -0.1511850613169372, 0.3757184040732682, d=""|:p=0.394, r=0.896""
n:-0.8355273669585586, 0.12670943466946483, 0.7654443816281855, 0.7613814906217158, 0.7348348265513778, -0.48763424064964056, d=Gpart:ry=-2.35
",0.002198229772406075,feasible,20
11,H,3,"//H
3
j:fr=0.148, l=1.554
j:-0.8021262581460178, 0.051913556177169085, 0.487877129111439, -0.11107351956889033, -0.1598705230280757, 0.24777407990768552, l=1.675
j:-0.28223971510306, 0.2375085549429059, -0.777817185036838, -0.4614100158214569, 0.18723126035183668, 0.5496568130329251, fr=1.389, l=1.574
j:-0.4149293708615005, -0.9203008292242885, -0.9889748929999769, -0.09447758924216032, -0.5087479948997498, -0.837344141677022, fr=0.686, rotstif=0.989, l=0.581
j:0.0836117984727025, 0.9813146754167974, 0.0726528586819768, 0.4060867861844599, -0.7668967242352664, 0.5053446348756552, fr=0.003, rotstif=0.91, l=1.088
j:0.581096860114485, -0.48736177710816264, 0.7209242950193584, -0.07059988752007484, 0.14912046398967505, -0.5466886218637228, rotstif=0.913, l=1.946
n:-0.36523390281945467, -0.7454170775599778, -0.946214840747416, 0.044965592212975025, 0.23316585691645741, 0.27935619885101914, d=|:p=0.204
n:0.21989392535761, -0.2219524821266532, -0.5680302218534052, 0.37855958798900247, 0.6871572672389448, 0.8790619429200888, d=@:p=0.835
n:0.9281819337047637, -0.4309733877889812, -0.19047420797869563, -0.3534550527110696, -0.1515271053649485, -0.33945250418037176, d=@:p=0.707
n:0.02332719974219799, 0.3615103750489652, 0.9733989145606756, 0.39003102062270045, -0.9981836932711303, -0.8317931168712676, d=""|:p=0.325, r=0.9""
n:0.04346650093793869, -0.7786237644031644, 0.6661862004548311, -0.24690333846956491, -0.1511850613169372, 0.3757184040732682, d=""|:p=0.394, r=0.896""
n:-0.49186784448102117, -0.6412735958583653, -0.4942722776904702, -0.4134016465395689, 0.7368501164019108, -0.9970349441282451, d=@:p=0.939
n:-0.8355273669585586, 0.12670943466946483, 0.7654443816281855, 0.7613814906217158, 0.7348348265513778, -0.48763424064964056, d=Gpart:ry=-2.35
",0.002271934290145747,"//H
3
j:fr=0.148, l=1.554
j:-0.8021262581460178, 0.051913556177169085, 0.487877129111439, -0.11107351956889033, -0.1598705230280757, 0.24777407990768552, l=1.675
j:-0.28223971510306, 0.2375085549429059, -0.777817185036838, -0.4614100158214569, 0.18723126035183668, 0.5496568130329251, fr=1.389, l=1.574
j:-0.4149293708615005, -0.9203008292242885, -0.9889748929999769, -0.09447758924216032, -0.5087479948997498, -0.837344141677022, fr=0.686, rotstif=0.989, l=0.581
j:0.0836117984727025, 0.9813146754167974, 0.0726528586819768, 0.4060867861844599, -0.7668967242352664, 0.5053446348756552, fr=0.003, rotstif=0.91, l=1.088
j:0.581096860114485, -0.48736177710816264, 0.7209242950193584, -0.07059988752007484, 0.14912046398967505, -0.5466886218637228, fr=0.015, rotstif=0.913, l=1.946
n:-0.36523390281945467, -0.7454170775599778, -0.946214840747416, 0.044965592212975025, 0.23316585691645741, 0.27935619885101914, d=|:p=0.204
n:0.21989392535761, -0.2219524821266532, -0.5680302218534052, 0.37855958798900247, 0.6871572672389448, 0.8790619429200888, d=@:p=0.835
n:0.9281819337047637, -0.4309733877889812, -0.19047420797869563, -0.3534550527110696, -0.1515271053649485, -0.33945250418037176, d=@:p=0.707
n:0.02332719974219799, 0.3615103750489652, 0.9733989145606756, 0.39003102062270045, -0.9981836932711303, -0.8317931168712676, d=""|:p=0.325, r=0.9""
n:0.04346650093793869, -0.7786237644031644, 0.6661862004548311, -0.24690333846956491, -0.1511850613169372, 0.3757184040732682, d=""|:p=0.394, r=0.896""
n:-0.49186784448102117, -0.6412735958583653, -0.4942722776904702, -0.4134016465395689, 0.7368501164019108, -0.9970349441282451, d=@:p=0.939
n:-0.8355273669585586, 0.12670943466946483, 0.7654443816281855, 0.7613814906217158, 0.7348348265513778, -0.48763424064964056, d=Gpart:ry=-2.35
",0.0022070634427720772,feasible,20
11,H,3,"//H
3
j:fr=0.148, l=1.554
j:-0.8021262581460178, 0.051913556177169085, 0.487877129111439, -0.11107351956889033, -0.1598705230280757, 0.24777407990768552, l=1.675
j:-0.28223971510306, 0.2375085549429059, -0.777817185036838, -0.4614100158214569, 0.18723126035183668, 0.5496568130329251, fr=1.389, l=1.574
j:-0.4149293708615005, -0.9203008292242885, -0.9889748929999769, -0.09447758924216032, -0.5087479948997498, -0.837344141677022, fr=0.686, rotstif=0.989, l=0.581
j:0.0836117984727025, 0.9813146754167974, 0.0726528586819768, 0.4060867861844599, -0.7668967242352664, 0.5053446348756552, fr=0.003, rotstif=0.91, l=1.088
j:0.581096860114485, -0.48736177710816264, 0.7209242950193584, -0.07059988752007484, 0.14912046398967505, -0.5466886218637228, rotstif=0.913, l=1.946
n:-0.36523390281945467, -0.7454170775599778, -0.946214840747416, 0.044965592212975025, 0.23316585691645741, 0.27935619885101914, d=|:p=0.204
n:0.21989392535761, -0.2219524821266532, -0.5680302218534052, 0.37855958798900247, 0.6871572672389448, 0.8790619429200888, d=@:p=0.835
n:0.9281819337047637, -0.4309733877889812, -0.19047420797869563, -0.3534550527110696, -0.1515271053649485, -0.33945250418037176, d=@:p=0.707
n:0.02332719974219799, 0.3615103750489652, 0.9733989145606756, 0.39003102062270045, -0.9981836932711303, -0.8317931168712676, d=""|:p=0.325, r=0.9""
n:0.04346650093793869, -0.7786237644031644, 0.6661862004548311, -0.24690333846956491, -0.1511850613169372, 0.3757184040732682, d=""|:p=0.394, r=0.896""
n:-0.49186784448102117, -0.6412735958583653, -0.4942722776904702, -0.4134016465395689, 0.7368501164019108, -0.9970349441282451, d=@:p=0.939
n:-0.8355273669585586, 0.12670943466946483, 0.7654443816281855, 0.7613814906217158, 0.7348348265513778, -0.48763424064964056, d=Gpart:ry=-2.35
",0.002271934290145747,"//H
3
j:fr=0.148, l=1.554
j:-0.8021262581460178, 0.051913556177169085, 0.487877129111439, -0.11107351956889033, -0.1598705230280757, 0.24777407990768552, l=1.675
j:-0.28223971510306, 0.2375085549429059, -0.777817185036838, -0.4614100158214569, 0.18723126035183668, 0.5496568130329251, fr=1.389, l=1.574
j:-0.4149293708615005, -0.9203008292242885, -0.9889748929999769, -0.09447758924216032, -0.5087479948997498, -0.837344141677022, fr=0.686, rotstif=0.989, l=0.581
j:0.0836117984727025, 0.9813146754167974, 0.0726528586819768, 0.4060867861844599, -0.7668967242352664, 0.5053446348756552, fr=0.003, rotstif=0.91, l=1.088
j:0.581096860114485, -0.48736177710816264, 0.7209242950193584, -0.07059988752007484, 0.14912046398967505, -0.5466886218637228, rotstif=0.913, l=1.946
n:-0.36523390281945467, -0.7454170775599778, -0.946214840747416, 0.044965592212975025, 0.23316585691645741, 0.27935619885101914, d=|:p=0.204
n:0.21989392535761, -0.2219524821266532, -0.5680302218534052, 0.37855958798900247, 0.6871572672389448, 0.8790619429200888, d=@:p=0.835
n:0.9281819337047637, -0.4309733877889812, -0.19047420797869563, -0.3534550527110696, -0.1515271053649485, -0.33945250418037176, d=@:p=0.647
n:0.02332719974219799, 0.3615103750489652, 0.9733989145606756, 0.39003102062270045, -0.9981836932711303, -0.8317931168712676, d=""|:p=0.325, r=0.9""
n:0.04346650093793869, -0.7786237644031644, 0.6661862004548311, -0.24690333846956491, -0.1511850613169372, 0.3757184040732682, d=""|:p=0.394, r=0.896""
n:-0.49186784448102117, -0.6412735958583653, -0.4942722776904702, -0.4134016465395689, 0.7368501164019108, -0.9970349441282451, d=@:p=0.939
n:-0.8355273669585586, 0.12670943466946483, 0.7654443816281855, 0.7613814906217158, 0.7348348265513778, -0.48763424064964056, d=Gpart:ry=-2.35
",0.0019363846783292222,feasible,20
11,H,3,"//H
3
j:fr=0.148, l=1.554
j:-0.8021262581460178, 0.051913556177169085, 0.487877129111439, -0.11107351956889033, -0.1598705230280757, 0.24777407990768552, l=1.675
j:-0.28223971510306, 0.2375085549429059, -0.777817185036838, -0.4614100158214569, 0.18723126035183668, 0.5496568130329251, fr=1.389, l=1.574
j:-0.4149293708615005, -0.9203008292242885, -0.9889748929999769, -0.09447758924216032, -0.5087479948997498, -0.837344141677022, fr=0.686, rotstif=0.989, l=0.581
j:0.0836117984727025, 0.9813146754167974, 0.0726528586819768, 0.4060867861844599, -0.7668967242352664, 0.5053446348756552, fr=0.003, rotstif=0.91, l=1.088
j:0.581096860114485, -0.48736177710816264, 0.7209242950193584, -0.07059988752007484, 0.14912046398967505, -0.5466886218637228, rotstif=0.913, l=1.946
n:-0.36523390281945467, -0.7454170775599778, -0.946214840747416, 0.044965592212975025, 0.23316585691645741, 0.27935619885101914, d=|:p=0.204
n:0.21989392535761, -0.2219524821266532, -0.5680302218534052, 0.37855958798900247, 0.6871572672389448, 0.8790619429200888, d=@:p=0.835
n:0.9281819337047637, -0.4309733877889812, -0.19047420797869563, -0.3534550527110696, -0.1515271053649485, -0.33945250418037176, d=@:p=0.707
n:0.02332719974219799, 0.3615103750489652, 0.9733989145606756, 0.39003102062270045, -0.9981836932711303, -0.8317931168712676, d=""|:p=0.325, r=0.9""
n:0.04346650093793869, -0.7786237644031644, 0.6661862004548311, -0.24690333846956491, -0.1511850613169372, 0.3757184040732682, d=""|:p=0.394, r=0.896""
n:-0.49186784448102117, -0.6412735958583653, -0.4942722776904702, -0.4134016465395689, 0.7368501164019108, -0.9970349441282451, d=@:p=0.939
n:-0.8355273669585586, 0.12670943466946483, 0.7654443816281855, 0.7613814906217158, 0.7348348265513778, -0.48763424064964056, d=Gpart:ry=-2.35
",0.002271934290145747,"//H
3
j:fr=0.148, l=1.554
j:-0.8021262581460178, 0.051913556177169085, 0.487877129111439, -0.11107351956889033, -0.1598705230280757, 0.24777407990768552, l=1.675
j:-0.28223971510306, 0.2375085549429059, -0.777817185036838, -0.4614100158214569, 0.18723126035183668, 0.5496568130329251, fr=1.389, l=1.574
j:-0.4149293708615005, -0.9203008292242885, -0.9889748929999769, -0.09447758924216032, -0.5087479948997498, -0.837344141677022, fr=0.686, rotstif=0.989, l=0.581
j:0.0836117984727025, 0.9813146754167974, 0.0726528586819768, 0.4060867861844599, -0.7668967242352664, 0.5053446348756552, fr=0.003, rotstif=0.91, l=1.088
j:0.581096860114485, -0.48736177710816264, 0.7209242950193584, -0.07059988752007484, 0.14912046398967505, -0.5466886218637228, rotstif=0.913, l=1.946
n:-0.36523390281945467, -0.7454170775599778, -0.946214840747416, 0.044965592212975025, 0.23316585691645741, 0.27935619885101914, d=|:p=0.204
n:0.21989392535761, -0.2219524821266532, -0.5680302218534052, 0.37855958798900247, 0.6871572672389448, 0.8790619429200888, d=@:p=0.835
n:0.9281819337047637, -0.4309733877889812, -0.19047420797869563, -0.3534550527110696, -0.1515271053649485, -0.33945250418037176, d=@:p=0.707
n:0.02332719974219799, 0.3615103750489652, 0.9733989145606756, 0.39003102062270045, -0.9981836932711303, -0.8317931168712676, d=""|:p=0.325, r=0.9""
n:0.04346650093793869, -0.7786237644031644, 0.6661862004548311, -0.24690333846956491, -0.1511850613169372, 0.3757184040732682, d=""|:p=0.394, r=0.896""
n:-0.49186784448102117, -0.6412735958583653, -0.4942722776904702, -0.4134016465395689, 0.7368501164019108, -0.9970349441282451, d=@:p=0.939
n:-0.8355273669585586, 0.12670943466946483, 0.7654443816281855, 0.7613814906217158, 0.7348348265513778, -0.48763424064964056, d=Gpart:ry=-2.35
n:-0.82060436764732, -0.7599877491593361, -0.564146779011935, -0.868917269166559, -0.47083806013688445, 0.15097611350938678, d=Gpart:ry=1.608
",0.002271934290145747,feasible,20
11,H,3,"//H
3
j:fr=0.148, l=1.554
j:-0.8021262581460178, 0.051913556177169085, 0.487877129111439, -0.11107351956889033, -0.1598705230280757, 0.24777407990768552, l=1.675
j:-0.28223971510306, 0.2375085549429059, -0.777817185036838, -0.4614100158214569, 0.18723126035183668, 0.5496568130329251, fr=1.389, l=1.574
j:-0.4149293708615005, -0.9203008292242885, -0.9889748929999769, -0.09447758924216032, -0.5087479948997498, -0.837344141677022, fr=0.686, rotstif=0.989, l=0.581
j:0.0836117984727025, 0.9813146754167974, 0.0726528586819768, 0.4060867861844599, -0.7668967242352664, 0.5053446348756552, fr=0.003, rotstif=0.91, l=1.088
j:0.581096860114485, -0.48736177710816264, 0.7209242950193584, -0.07059988752007484, 0.14912046398967505, -0.5466886218637228, rotstif=0.913, l=1.946
n:-0.36523390281945467, -0.7454170775599778, -0.946214840747416, 0.044965592212975025, 0.23316585691645741, 0.27935619885101914, d=|:p=0.204
n:0.21989392535761, -0.2219524821266532, -0.5680302218534052, 0.37855958798900247, 0.6871572672389448, 0.8790619429200888, d=@:p=0.835
n:0.9281819337047637, -0.4309733877889812, -0.19047420797869563, -0.3534550527110696, -0.1515271053649485, -0.33945250418037176, d=@:p=0.707
n:0.02332719974219799, 0.3615103750489652, 0.9733989145606756, 0.39003102062270045, -0.9981836932711303, -0.8317931168712676, d=""|:p=0.325, r=0.9""
n:0.04346650093793869, -0.7786237644031644, 0.6661862004548311, -0.24690333846956491, -0.1511850613169372, 0.3757184040732682, d=""|:p=0.394, r=0.896""
n:-0.49186784448102117, -0.6412735958583653, -0.4942722776904702, -0.4134016465395689, 0.7368501164019108, -0.9970349441282451, d=@:p=0.939
n:-0.8355273669585586, 0.12670943466946483, 0.7654443816281855, 0.7613814906217158, 0.7348348265513778, -0.48763424064964056, d=Gpart:ry=-2.35
",0.002271934290145747,"//H
3
j:fr=0.148, l=1.554
j:-0.8021262581460178, 0.051913556177169085, 0.487877129111439, -0.11107351956889033, -0.1598705230280757, 0.24777407990768552, l=1.675
j:-0.28223971510306, 0.2375085549429059, -0.777817185036838, -0.4614100158214569, 0.18723126035183668, 0.5496568130329251, fr=1.389, l=1.574
j:-0.4149293708615005, -0.9203008292242885, -0.9889748929999769, -0.09447758924216032, -0.5087479948997498, -0.837344141677022, fr=0.686, rotstif=0.989, l=0.581
j:0.0836117984727025, 0.9813146754167974, 0.0726528586819768, 0.4060867861844599, -0.7668967242352664, 0.5053446348756552, fr=0.003, rotstif=0.91, l=1.088
j:0.581096860114485, -0.48736177710816264, 0.7209242950193584, -0.07059988752007484, 0.14912046398967505, -0.5466886218637228, rotstif=0.913, l=1.946
n:-0.36523390281945467, -0.7454170775599778, -0.946214840747416, 0.044965592212975025, 0.23316585691645741, 0.27935619885101914, d=|:p=0.204
n:0.21989392535761, -0.2219524821266532, -0.5680302218534052, 0.37855958798900247, 0.6871572672389448, 0.8790619429200888, d=@:p=0.835
n:0.9281819337047637, -0.4309733877889812, -0.19047420797869563, -0.3534550527110696, -0.01, -0.33945250418037176, d=@:p=0.707
n:0.02332719974219799, 0.3615103750489652, 0.9733989145606756, 0.39003102062270045, -0.9981836932711303, -0.8317931168712676, d=""|:p=0.325, r=0.9""
n:0.04346650093793869, -0.7786237644031644, 0.6661862004548311, -0.24690333846956491, -0.1511850613169372, 0.3757184040732682, d=""|:p=0.394, r=0.896""
n:-0.49186784448102117, -0.6412735958583653, -0.4942722776904702, -0.4134016465395689, 0.7368501164019108, -0.9970349441282451, d=@:p=0.939
n:-0.8355273669585586, 0.12670943466946483, 0.7654443816281855, 0.7613814906217158, 0.7348348265513778, -0.48763424064964056, d=Gpart:ry=-2.35
",0.002271934290145747,feasible,20
11,H,3,"//H
3
j:fr=0.148, l=1.554
j:-0.8021262581460178, 0.051913556177169085, 0.487877129111439, -0.11107351956889033, -0.1598705230280757, 0.24777407990768552, l=1.675
j:-0.28223971510306, 0.2375085549429059, -0.777817185036838, -0.4614100158214569, 0.18723126035183668, 0.5496568130329251, fr=1.389, l=1.574
j:-0.4149293708615005, -0.9203008292242885, -0.9889748929999769, -0.09447758924216032, -0.5087479948997498, -0.837344141677022, fr=0.686, rotstif=0.989, l=0.581
j:0.0836117984727025, 0.9813146754167974, 0.0726528586819768, 0.4060867861844599, -0.7668967242352664, 0.5053446348756552, fr=0.003, rotstif=0.91, l=1.088
j:0.581096860114485, -0.48736177710816264, 0.7209242950193584, -0.07059988752007484, 0.14912046398967505, -0.5466886218637228, rotstif=0.913, l=1.946
n:-0.36523390281945467, -0.7454170775599778, -0.946214840747416, 0.044965592212975025, 0.23316585691645741, 0.27935619885101914, d=|:p=0.204
n:0.21989392535761, -0.2219524821266532, -0.5680302218534052, 0.37855958798900247, 0.6871572672389448, 0.8790619429200888, d=@:p=0.835
n:0.9281819337047637, -0.4309733877889812, -0.19047420797869563, -0.3534550527110696, -0.1515271053649485, -0.33945250418037176, d=@:p=0.707
n:0.02332719974219799, 0.3615103750489652, 0.9733989145606756, 0.39003102062270045, -0.9981836932711303, -0.8317931168712676, d=""|:p=0.325, r=0.9""
n:0.04346650093793869, -0.7786237644031644, 0.6661862004548311, -0.24690333846956491, -0.1511850613169372, 0.3757184040732682, d=""|:p=0.394, r=0.896""
n:-0.49186784448102117, -0.6412735958583653, -0.4942722776904702, -0.4134016465395689, 0.7368501164019108, -0.9970349441282451, d=@:p=0.939
n:-0.8355273669585586, 0.12670943466946483, 0.7654443816281855, 0.7613814906217158, 0.7348348265513778, -0.48763424064964056, d=Gpart:ry=-2.35
",0.002271934290145747,"//H
3
j:fr=0.148, l=1.554
j:-0.8021262581460178, 0.051913556177169085, 0.487877129111439, -0.11107351956889033, -0.1598705230280757, 0.24777407990768552, l=1.675
j:-0.28223971510306, 0.2375085549429059, -0.777817185036838, -0.4614100158214569, 0.18723126035183668, 0.5496568130329251, fr=1.389, l=1.574
j:-0.4149293708615005, -0.9203008292242885, -0.9889748929999769, -0.09447758924216032, -0.5087479948997498, -0.837344141677022, fr=0.686, rotstif=0.989, l=0.581
j:0.0836117984727025, 0.9813146754167974, 0.0726528586819768, 0.4060867861844599, -0.7668967242352664, 0.5053446348756552, fr=0.003, rotstif=0.91, l=1.088
j:0.581096860114485, -0.48736177710816264, 0.7209242950193584, -0.07059988752007484, 0.14912046398967505, -0.5466886218637228, rotstif=0.913, l=1.946
n:-0.36523390281945467, -0.7454170775599778, -0.946214840747416, 0.044965592212975025, 0.23316585691645741, 0.27935619885101914, d=|:p=0.204
n:0.21989392535761, -0.2219524821266532, -0.5680302218534052, 0.37855958798900247, 0.6871572672389448, 0.8790619429200888, d=@:p=0.835
n:0.9281819337047637, -0.4309733877889812, -0.19047420797869563, -0.3534550527110696, -0.1515271053649485, -0.33945250418037176, d=@:p=0.707
n:0.02332719974219799, 0.3615103750489652, 0.9733989145606756, 0.401, -0.9981836932711303, -0.8317931168712676, d=""|:p=0.325, r=0.9""
n:0.04346650093793869, -0.7786237644031644, 0.6661862004548311, -0.24690333846956491, -0.1511850613169372, 0.3757184040732682, d=""|:p=0.394, r=0.896""
n:-0.49186784448102117, -0.6412735958583653, -0.4942722776904702, -0.4134016465395689, 0.7368501164019108, -0.9970349441282451, d=@:p=0.939
n:-0.8355273669585586, 0.12670943466946483, 0.7654443816281855, 0.7613814906217158, 0.7348348265513778, -0.48763424064964056, d=Gpart:ry=-2.35
",0.002271934290145747,feasible,20
11,H,3,"//H
3
j:fr=0.148, l=1.554
j:-0.8021262581460178, 0.051913556177169085, 0.487877129111439, -0.11107351956889033, -0.1598705230280757, 0.24777407990768552, l=1.675
j:-0.28223971510306, 0.2375085549429059, -0.777817185036838, -0.4614100158214569, 0.18723126035183668, 0.5496568130329251, fr=1.389, l=1.574
j:-0.4149293708615005, -0.9203008292242885, -0.9889748929999769, -0.09447758924216032, -0.5087479948997498, -0.837344141677022, fr=0.686, rotstif=0.989, l=0.581
j:0.0836117984727025, 0.9813146754167974, 0.0726528586819768, 0.4060867861844599, -0.7668967242352664, 0.5053446348756552, fr=0.003, rotstif=0.91, l=1.088
j:0.581096860114485, -0.48736177710816264, 0.7209242950193584, -0.07059988752007484, 0.14912046398967505, -0.5466886218637228, rotstif=0.913, l=1.946
n:-0.36523390281945467, -0.7454170775599778, -0.946214840747416, 0.044965592212975025, 0.23316585691645741, 0.27935619885101914, d=|:p=0.204
n:0.21989392535761, -0.2219524821266532, -0.5680302218534052, 0.37855958798900247, 0.6871572672389448, 0.8790619429200888, d=@:p=0.835
n:0.9281819337047637, -0.4309733877889812, -0.19047420797869563, -0.3534550527110696, -0.1515271053649485, -0.33945250418037176, d=@:p=0.707
n:0.02332719974219799, 0.3615103750489652, 0.9733989145606756, 0.39003102062270045, -0.9981836932711303, -0.8317931168712676, d=""|:p=0.325, r=0.9""
n:0.04346650093793869, -0.7786237644031644, 0.6661862004548311, -0.24690333846956491, -0.1511850613169372, 0.3757184040732682, d=""|:p=0.394, r=0.896""
n:-0.49186784448102117, -0.6412735958583653, -0.4942722776904702, -0.4134016465395689, 0.7368501164019108, -0.9970349441282451, d=@:p=0.939
n:-0.8355273669585586, 0.12670943466946483, 0.7654443816281855, 0.7613814906217158, 0.7348348265513778, -0.48763424064964056, d=Gpart:ry=-2.35
",0.002271934290145747,"//H
3
j:fr=0.148, l=1.554
j:-0.8021262581460178, 0.051913556177169085, 0.487877129111439, -0.11107351956889033, -0.1598705230280757, 0.24777407990768552, l=1.675
j:-0.28223971510306, 0.2375085549429059, -0.777817185036838, -0.4614100158214569, 0.18723126035183668, 0.5496568130329251, fr=1.389, l=1.574
j:-0.4149293708615005, -0.9203008292242885, -0.9889748929999769, -0.09447758924216032, -0.5087479948997498, -0.577, fr=0.686, rotstif=0.989, l=0.581
j:0.0836117984727025, 0.9813146754167974, 0.0726528586819768, 0.4060867861844599, -0.7668967242352664, 0.5053446348756552, fr=0.003, rotstif=0.91, l=1.088
j:0.581096860114485, -0.48736177710816264, 0.7209242950193584, -0.07059988752007484, 0.14912046398967505, -0.5466886218637228, rotstif=0.913, l=1.946
n:-0.36523390281945467, -0.7454170775599778, -0.946214840747416, 0.044965592212975025, 0.23316585691645741, 0.27935619885101914, d=|:p=0.204
n:0.21989392535761, -0.2219524821266532, -0.5680302218534052, 0.37855958798900247, 0.6871572672389448, 0.8790619429200888, d=@:p=0.835
n:0.9281819337047637, -0.4309733877889812, -0.19047420797869563, -0.3534550527110696, -0.1515271053649485, -0.33945250418037176, d=@:p=0.707
n:0.02332719974219799, 0.3615103750489652, 0.9733989145606756, 0.39003102062270045, -0.9981836932711303, -0.8317931168712676, d=""|:p=0.325, r=0.9""
n:0.04346650093793869, -0.7786237644031644, 0.6661862004548311, -0.24690333846956491, -0.1511850613169372, 0.3757184040732682, d=""|:p=0.394, r=0.896""
n:-0.49186784448102117, -0.6412735958583653, -0.4942722776904702, -0.4134016465395689, 0.7368501164019108, -0.9970349441282451, d=@:p=0.939
n:-0.8355273669585586, 0.12670943466946483, 0.7654443816281855, 0.7613814906217158, 0.7348348265513778, -0.48763424064964056, d=Gpart:ry=-2.35
",0.002271934290145747,feasible,20
11,H,3,"//H
3
j:fr=0.148, l=1.554
j:-0.8021262581460178, 0.051913556177169085, 0.487877129111439, -0.11107351956889033, -0.1598705230280757, 0.24777407990768552, l=1.675
j:-0.28223971510306, 0.2375085549429059, -0.777817185036838, -0.4614100158214569, 0.18723126035183668, 0.5496568130329251, fr=1.389, l=1.574
j:-0.4149293708615005, -0.9203008292242885, -0.9889748929999769, -0.09447758924216032, -0.5087479948997498, -0.837344141677022, fr=0.686, rotstif=0.989, l=0.581
j:0.0836117984727025, 0.9813146754167974, 0.0726528586819768, 0.4060867861844599, -0.7668967242352664, 0.5053446348756552, fr=0.003, rotstif=0.91, l=1.088
j:0.581096860114485, -0.48736177710816264, 0.7209242950193584, -0.07059988752007484, 0.14912046398967505, -0.5466886218637228, rotstif=0.913, l=1.946
n:-0.36523390281945467, -0.7454170775599778, -0.946214840747416, 0.044965592212975025, 0.23316585691645741, 0.27935619885101914, d=|:p=0.204
n:0.21989392535761, -0.2219524821266532, -0.5680302218534052, 0.37855958798900247, 0.6871572672389448, 0.8790619429200888, d=@:p=0.835
n:0.9281819337047637, -0.4309733877889812, -0.19047420797869563, -0.3534550527110696, -0.1515271053649485, -0.33945250418037176, d=@:p=0.707
n:0.02332719974219799, 0.3615103750489652, 0.9733989145606756, 0.39003102062270045, -0.9981836932711303, -0.8317931168712676, d=""|:p=0.325, r=0.9""
n:0.04346650093793869, -0.7786237644031644, 0.6661862004548311, -0.24690333846956491, -0.1511850613169372, 0.3757184040732682, d=""|:p=0.394, r=0.896""
n:-0.49186784448102117, -0.6412735958583653, -0.4942722776904702, -0.4134016465395689, 0.7368501164019108, -0.9970349441282451, d=@:p=0.939
n:-0.8355273669585586, 0.12670943466946483, 0.7654443816281855, 0.7613814906217158, 0.7348348265513778, -0.48763424064964056, d=Gpart:ry=-2.35
",0.002271934290145747,"//H
3
j:fr=0.148, l=1.554
j:-0.8021262581460178, 0.051913556177169085, 0.487877129111439, -0.11107351956889033, -0.1598705230280757, 0.24777407990768552, l=1.675
j:-0.28223971510306, 0.2375085549429059, -0.777817185036838, -0.4614100158214569, 0.18723126035183668, 0.5496568130329251, fr=1.389, l=1.574
j:-0.4149293708615005, -0.9203008292242885, -0.9889748929999769, -0.09447758924216032, -0.5087479948997498, -0.837344141677022, fr=0.686, rotstif=0.989, l=0.581
j:0.0836117984727025, 0.9813146754167974, 0.0726528586819768, 0.4060867861844599, -0.7668967242352664, 0.5053446348756552, fr=0.003, rotstif=0.91, l=1.088
j:0.581096860114485, -0.48736177710816264, 0.7209242950193584, -0.07059988752007484, 0.14912046398967505, -0.5466886218637228, rotstif=0.913, l=1.946
n:0.21989392535761, -0.2219524821266532, -0.5680302218534052, 0.37855958798900247, 0.6871572672389448, 0.8790619429200888, d=@:p=0.835
n:0.9281819337047637, -0.4309733877889812, -0.19047420797869563, -0.3534550527110696, -0.1515271053649485, -0.33945250418037176, d=@:p=0.707
n:0.02332719974219799, 0.3615103750489652, 0.9733989145606756, 0.39003102062270045, -0.9981836932711303, -0.8317931168712676, d=""|:p=0.325, r=0.9""
n:0.04346650093793869, -0.7786237644031644, 0.6661862004548311, -0.24690333846956491, -0.1511850613169372, 0.3757184040732682, d=""|:p=0.394, r=0.896""
n:-0.49186784448102117, -0.6412735958583653, -0.4942722776904702, -0.4134016465395689, 0.7368501164019108, -0.9970349441282451, d=@:p=0.939
n:-0.8355273669585586, 0.12670943466946483, 0.7654443816281855, 0.7613814906217158, 0.7348348265513778, -0.48763424064964056, d=Gpart:ry=-2.35
",2.472904676210698e-07,feasible,20
11,H,3,"//H
3
j:fr=0.148, l=1.554
j:-0.8021262581460178, 0.051913556177169085, 0.487877129111439, -0.11107351956889033, -0.1598705230280757, 0.24777407990768552, l=1.675
j:-0.28223971510306, 0.2375085549429059, -0.777817185036838, -0.4614100158214569, 0.18723126035183668, 0.5496568130329251, fr=1.389, l=1.574
j:-0.4149293708615005, -0.9203008292242885, -0.9889748929999769, -0.09447758924216032, -0.5087479948997498, -0.837344141677022, fr=0.686, rotstif=0.989, l=0.581
j:0.0836117984727025, 0.9813146754167974, 0.0726528586819768, 0.4060867861844599, -0.7668967242352664, 0.5053446348756552, fr=0.003, rotstif=0.91, l=1.088
j:0.581096860114485, -0.48736177710816264, 0.7209242950193584, -0.07059988752007484, 0.14912046398967505, -0.5466886218637228, rotstif=0.913, l=1.946
n:-0.36523390281945467, -0.7454170775599778, -0.946214840747416, 0.044965592212975025, 0.23316585691645741, 0.27935619885101914, d=|:p=0.204
n:0.21989392535761, -0.2219524821266532, -0.5680302218534052, 0.37855958798900247, 0.6871572672389448, 0.8790619429200888, d=@:p=0.835
n:0.9281819337047637, -0.4309733877889812, -0.19047420797869563, -0.3534550527110696, -0.1515271053649485, -0.33945250418037176, d=@:p=0.707
n:0.02332719974219799, 0.3615103750489652, 0.9733989145606756, 0.39003102062270045, -0.9981836932711303, -0.8317931168712676, d=""|:p=0.325, r=0.9""
n:0.04346650093793869, -0.7786237644031644, 0.6661862004548311, -0.24690333846956491, -0.1511850613169372, 0.3757184040732682, d=""|:p=0.394, r=0.896""
n:-0.49186784448102117, -0.6412735958583653, -0.4942722776904702, -0.4134016465395689, 0.7368501164019108, -0.9970349441282451, d=@:p=0.939
n:-0.8355273669585586, 0.12670943466946483, 0.7654443816281855, 0.7613814906217158, 0.7348348265513778, -0.48763424064964056, d=Gpart:ry=-2.35
",0.002271934290145747,"//H
3
j:fr=0.148, l=1.554
j:-0.8021262581460178, 0.051913556177169085, 0.487877129111439, -0.11107351956889033, -0.1598705230280757, 0.24777407990768552, l=1.675
j:-0.28223971510306, 0.2375085549429059, -0.777817185036838, -0.4614100158214569, 0.18723126035183668, 0.5496568130329251, fr=1.389, l=1.574
j:-0.4149293708615005, -0.9203008292242885, -0.9889748929999769, -0.09447758924216032, -0.5087479948997498, -0.837344141677022, fr=0.686, rotstif=0.989, l=0.581
j:-0.002, 0.9813146754167974, 0.0726528586819768, 0.4060867861844599, -0.7668967242352664, 0.5053446348756552, fr=0.003, rotstif=0.91, l=1.088
j:0.581096860114485, -0.48736177710816264, 0.7209242950193584, -0.07059988752007484, 0.14912046398967505, -0.5466886218637228, rotstif=0.913, l=1.946
n:-0.36523390281945467, -0.7454170775599778, -0.946214840747416, 0.044965592212975025, 0.23316585691645741, 0.27935619885101914, d=|:p=0.204
n:0.21989392535761, -0.2219524821266532, -0.5680302218534052, 0.37855958798900247, 0.6871572672389448, 0.8790619429200888, d=@:p=0.835
n:0.9281819337047637, -0.4309733877889812, -0.19047420797869563, -0.3534550527110696, -0.1515271053649485, -0.33945250418037176, d=@:p=0.707
n:0.02332719974219799, 0.3615103750489652, 0.9733989145606756, 0.39003102062270045, -0.9981836932711303, -0.8317931168712676, d=""|:p=0.325, r=0.9""
n:0.04346650093793869, -0.7786237644031644, 0.6661862004548311, -0.24690333846956491, -0.1511850613169372, 0.3757184040732682, d=""|:p=0.394, r=0.896""
n:-0.49186784448102117, -0.6412735958583653, -0.4942722776904702, -0.4134016465395689, 0.7368501164019108, -0.9970349441282451, d=@:p=0.939
n:-0.8355273669585586, 0.12670943466946483, 0.7654443816281855, 0.7613814906217158, 0.7348348265513778, -0.48763424064964056, d=Gpart:ry=-2.35
",0.002271934290145747,feasible,20
11,H,3,"//H
3
j:fr=0.148, l=1.554
j:-0.8021262581460178, 0.051913556177169085, 0.487877129111439, -0.11107351956889033, -0.1598705230280757, 0.24777407990768552, l=1.675
j:-0.28223971510306, 0.2375085549429059, -0.777817185036838, -0.4614100158214569, 0.18723126035183668, 0.5496568130329251, fr=1.389, l=1.574
j:-0.4149293708615005, -0.9203008292242885, -0.9889748929999769, -0.09447758924216032, -0.5087479948997498, -0.837344141677022, fr=0.686, rotstif=0.989, l=0.581
j:0.0836117984727025, 0.9813146754167974, 0.0726528586819768, 0.4060867861844599, -0.7668967242352664, 0.5053446348756552, fr=0.003, rotstif=0.91, l=1.088
j:0.581096860114485, -0.48736177710816264, 0.7209242950193584, -0.07059988752007484, 0.14912046398967505, -0.5466886218637228, rotstif=0.913, l=1.946
n:-0.36523390281945467, -0.7454170775599778, -0.946214840747416, 0.044965592212975025, 0.23316585691645741, 0.27935619885101914, d=|:p=0.204
n:0.21989392535761, -0.2219524821266532, -0.5680302218534052, 0.37855958798900247, 0.6871572672389448, 0.8790619429200888, d=@:p=0.835
n:0.9281819337047637, -0.4309733877889812, -0.19047420797869563, -0.3534550527110696, -0.1515271053649485, -0.33945250418037176, d=@:p=0.707
n:0.02332719974219799, 0.3615103750489652, 0.9733989145606756, 0.39003102062270045, -0.9981836932711303, -0.8317931168712676, d=""|:p=0.325, r=0.9""
n:0.04346650093793869, -0.7786237644031644, 0.6661862004548311, -0.24690333846956491, -0.1511850613169372, 0.3757184040732682, d=""|:p=0.394, r=0.896""
n:-0.49186784448102117, -0.6412735958583653, -0.4942722776904702, -0.4134016465395689, 0.7368501164019108, -0.9970349441282451, d=@:p=0.939
n:-0.8355273669585586, 0.12670943466946483, 0.7654443816281855, 0.7613814906217158, 0.7348348265513778, -0.48763424064964056, d=Gpart:ry=-2.35
",0.002271934290145747,"//H
3
j:fr=0.148, l=1.554
j:-0.8021262581460178, 0.051913556177169085, 0.487877129111439, -0.11107351956889033, -0.1598705230280757, 0.24777407990768552, l=1.675
j:-0.28223971510306, 0.2375085549429059, -0.777817185036838, -0.4614100158214569, 0.18723126035183668, 0.5496568130329251, fr=1.389, l=1.574
j:-0.4149293708615005, -0.9203008292242885, -0.9889748929999769, -0.09447758924216032, -0.5087479948997498, -0.837344141677022, fr=0.686, rotstif=0.989, l=0.581
j:0.0836117984727025, 0.9813146754167974, 0.0726528586819768, 0.4060867861844599, -0.7668967242352664, 0.5053446348756552, fr=0.003, rotstif=0.91, l=1.088
j:0.581096860114485, -0.48736177710816264, 0.7209242950193584, -0.07059988752007484, 0.14912046398967505, -0.5466886218637228, rotstif=0.913, l=1.946
j:0.350569732952863, -0.7002036115154624, -0.5748300044797361, 0.392439603805542, -0.28335236804559827, 0.32951135747134686, fr=0.15
n:-0.36523390281945467, -0.7454170775599778, -0.946214840747416, 0.044965592212975025, 0.23316585691645741, 0.27935619885101914, d=|:p=0.204
n:0.21989392535761, -0.2219524821266532, -0.5680302218534052, 0.37855958798900247, 0.6871572672389448, 0.8790619429200888, d=@:p=0.835
n:0.9281819337047637, -0.4309733877889812, -0.19047420797869563, -0.3534550527110696, -0.1515271053649485, -0.33945250418037176, d=@:p=0.707
n:0.02332719974219799, 0.3615103750489652, 0.9733989145606756, 0.39003102062270045, -0.9981836932711303, -0.8317931168712676, d=""|:p=0.325, r=0.9""
n:0.04346650093793869, -0.7786237644031644, 0.6661862004548311, -0.24690333846956491, -0.1511850613169372, 0.3757184040732682, d=""|:p=0.394, r=0.896""
n:-0.49186784448102117, -0.6412735958583653, -0.4942722776904702, -0.4134016465395689, 0.7368501164019108, -0.9970349441282451, d=@:p=0.939
n:-0.8355273669585586, 0.12670943466946483, 0.7654443816281855, 0.7613814906217158, 0.7348348265513778, -0.48763424064964056, d=Gpart:ry=-2.35
",5.544571398542938e-05,feasible,20
11,H,3,"//H
3
j:fr=0.148, l=1.554
j:-0.8021262581460178, 0.051913556177169085, 0.487877129111439, -0.11107351956889033, -0.1598705230280757, 0.24777407990768552, l=1.675
j:-0.28223971510306, 0.2375085549429059, -0.777817185036838, -0.4614100158214569, 0.18723126035183668, 0.5496568130329251, fr=1.389, l=1.574
j:-0.4149293708615005, -0.9203008292242885, -0.9889748929999769, -0.09447758924216032, -0.5087479948997498, -0.837344141677022, fr=0.686, rotstif=0.989, l=0.581
j:0.0836117984727025, 0.9813146754167974, 0.0726528586819768, 0.4060867861844599, -0.7668967242352664, 0.5053446348756552, fr=0.003, rotstif=0.91, l=1.088
j:0.581096860114485, -0.48736177710816264, 0.7209242950193584, -0.07059988752007484, 0.14912046398967505, -0.5466886218637228, rotstif=0.913, l=1.946
n:-0.36523390281945467, -0.7454170775599778, -0.946214840747416, 0.044965592212975025, 0.23316585691645741, 0.27935619885101914, d=|:p=0.204
n:0.21989392535761, -0.2219524821266532, -0.5680302218534052, 0.37855958798900247, 0.6871572672389448, 0.8790619429200888, d=@:p=0.835
n:0.9281819337047637, -0.4309733877889812, -0.19047420797869563, -0.3534550527110696, -0.1515271053649485, -0.33945250418037176, d=@:p=0.707
n:0.02332719974219799, 0.3615103750489652, 0.9733989145606756, 0.39003102062270045, -0.9981836932711303, -0.8317931168712676, d=""|:p=0.325, r=0.9""
n:0.04346650093793869, -0.7786237644031644, 0.6661862004548311, -0.24690333846956491, -0.1511850613169372, 0.3757184040732682, d=""|:p=0.394, r=0.896""
n:-0.49186784448102117, -0.6412735958583653, -0.4942722776904702, -0.4134016465395689, 0.7368501164019108, -0.9970349441282451, d=@:p=0.939
n:-0.8355273669585586, 0.12670943466946483, 0.7654443816281855, 0.7613814906217158, 0.7348348265513778, -0.48763424064964056, d=Gpart:ry=-2.35
",0.002271934290145747,"//H
3
j:fr=0.148, l=1.554
j:-0.8021262581460178, 0.051913556177169085, 0.487877129111439, -0.11107351956889033, -0.1598705230280757, 0.24777407990768552, l=1.675
j:-0.28223971510306, 0.2375085549429059, -0.777817185036838, -0.4614100158214569, 0.18723126035183668, 0.5496568130329251, fr=1.389, l=1.574
j:-0.4149293708615005, -0.9203008292242885, -0.9889748929999769, -0.09447758924216032, -0.5087479948997498, -0.837344141677022, fr=0.686, rotstif=0.989, l=0.581
j:0.0836117984727025, 0.9813146754167974, 0.0726528586819768, 0.4060867861844599, -0.7668967242352664, 0.5053446348756552, fr=0.003, rotstif=0.91, l=1.088
j:0.581096860114485, -0.48736177710816264, 0.7209242950193584, -0.07059988752007484, 0.14912046398967505, -0.5466886218637228, rotstif=0.913, l=1.946
n:-0.36523390281945467, -0.7454170775599778, -0.946214840747416, 0.044965592212975025, 0.23316585691645741, 0.27935619885101914, d=|:p=0.204
n:0.21989392535761, -0.2219524821266532, -0.5680302218534052, 0.37855958798900247, 0.6871572672389448, 0.8790619429200888, d=@:p=0.835
n:0.9281819337047637, -0.4309733877889812, -0.19047420797869563, -0.3534550527110696, -0.1515271053649485, -0.33945250418037176, d=@:p=0.707
n:0.02332719974219799, 0.3615103750489652, 0.9733989145606756, 0.39003102062270045, -0.9981836932711303, -0.8317931168712676, d=""|:p=0.325, r=0.9""
n:0.04346650093793869, -0.7786237644031644, 0.6661862004548311, -0.24690333846956491, -0.1511850613169372, 0.3757184040732682, d=""|:p=0.394, r=0.808""
n:-0.49186784448102117, -0.6412735958583653, -0.4942722776904702, -0.4134016465395689, 0.7368501164019108, -0.9970349441282451, d=@:p=0.939
n:-0.8355273669585586, 0.12670943466946483, 0.7654443816281855, 0.7613814906217158, 0.7348348265513778, -0.48763424064964056, d=Gpart:ry=-2.35
",0.0022620533202275164,feasible,20
11,H,3,"//H
3
j:fr=0.148, l=1.554
j:-0.8021262581460178, 0.051913556177169085, 0.487877129111439, -0.11107351956889033, -0.1598705230280757, 0.24777407990768552, l=1.675
j:-0.28223971510306, 0.2375085549429059, -0.777817185036838, -0.4614100158214569, 0.18723126035183668, 0.5496568130329251, fr=1.389, l=1.574
j:-0.4149293708615005, -0.9203008292242885, -0.9889748929999769, -0.09447758924216032, -0.5087479948997498, -0.837344141677022, fr=0.686, rotstif=0.989, l=0.581
j:0.0836117984727025, 0.9813146754167974, 0.0726528586819768, 0.4060867861844599, -0.7668967242352664, 0.5053446348756552, fr=0.003, rotstif=0.91, l=1.088
j:0.581096860114485, -0.48736177710816264, 0.7209242950193584, -0.07059988752007484, 0.14912046398967505, -0.5466886218637228, rotstif=0.913, l=1.946
n:-0.36523390281945467, -0.7454170775599778, -0.946214840747416, 0.044965592212975025, 0.23316585691645741, 0.27935619885101914, d=|:p=0.204
n:0.21989392535761, -0.2219524821266532, -0.5680302218534052, 0.37855958798900247, 0.6871572672389448, 0.8790619429200888, d=@:p=0.835
n:0.9281819337047637, -0.4309733877889812, -0.19047420797869563, -0.3534550527110696, -0.1515271053649485, -0.33945250418037176, d=@:p=0.707
n:0.02332719974219799, 0.3615103750489652, 0.9733989145606756, 0.39003102062270045, -0.9981836932711303, -0.8317931168712676, d=""|:p=0.325, r=0.9""
n:0.04346650093793869, -0.7786237644031644, 0.6661862004548311, -0.24690333846956491, -0.1511850613169372, 0.3757184040732682, d=""|:p=0.394, r=0.896""
n:-0.49186784448102117, -0.6412735958583653, -0.4942722776904702, -0.4134016465395689, 0.7368501164019108, -0.9970349441282451, d=@:p=0.939
n:-0.8355273669585586, 0.12670943466946483, 0.7654443816281855, 0.7613814906217158, 0.7348348265513778, -0.48763424064964056, d=Gpart:ry=-2.35
",0.002271934290145747,"//H
3
j:fr=0.148, l=1.554
j:-0.8021262581460178, 0.051913556177169085, 0.487877129111439, -0.11107351956889033, -0.1598705230280757, 0.24777407990768552, l=1.675
j:-0.28223971510306, 0.2375085549429059, -0.777817185036838, -0.4614100158214569, 0.18723126035183668, 0.5496568130329251, fr=1.389, l=1.574
j:-0.4149293708615005, -0.9203008292242885, -0.9889748929999769, -0.09447758924216032, -0.5087479948997498, -0.837344141677022, fr=0.686, rotstif=0.989, l=0.581
j:0.0836117984727025, 0.9813146754167974, 0.0726528586819768, 0.4060867861844599, -0.7668967242352664, 0.5053446348756552, fr=0.003, rotstif=0.91, l=1.088
j:0.581096860114485, -0.48736177710816264, 0.7209242950193584, -0.07059988752007484, 0.14912046398967505, -0.5466886218637228, rotstif=0.913, l=1.946
n:-0.36523390281945467, -0.7454170775599778, -0.946214840747416, 0.044965592212975025, 0.23316585691645741, 0.27935619885101914, d=|:p=0.204
n:0.21989392535761, -0.2219524821266532, -0.5680302218534052, 0.37855958798900247, 0.6871572672389448, 0.8790619429200888, d=@:p=0.835
n:0.9281819337047637, -0.4309733877889812, -0.19047420797869563, -0.3534550527110696, -0.1515271053649485, -0.33945250418037176, d=@:p=0.707
n:0.02332719974219799, 0.3615103750489652, 0.9733989145606756, 0.39003102062270045, -0.9981836932711303, -0.8317931168712676, d=""|:p=0.325, r=0.9""
n:0.04346650093793869, -0.7786237644031644, 0.6661862004548311, -0.24690333846956491, -0.1511850613169372, 0.3757184040732682, d=""|:p=0.394, r=0.896""
n:-0.49186784448102117, -0.6412735958583653, -0.4942722776904702, -0.4134016465395689, 0.7368501164019108, -0.9970349441282451, d=@:p=0.939
n:-0.8355273669585586, 0.12670943466946483, 0.7654443816281855, 0.7613814906217158, 0.7348348265513778, -0.48763424064964056, d=Gpart:ry=-2.35
c:0.6520127435214818, -0.15339320432394743, -0.07796564837917686, -0.8260992248542607, 0.21354322275146842, 0.71489078970626, 2.869
",7.825755279242435e-05,feasible,20
11,H,3,"//H
3
j:fr=0.148, l=1.554
j:-0.8021262581460178, 0.051913556177169085, 0.487877129111439, -0.11107351956889033, -0.1598705230280757, 0.24777407990768552, l=1.675
j:-0.28223971510306, 0.2375085549429059, -0.777817185036838, -0.4614100158214569, 0.18723126035183668, 0.5496568130329251, fr=1.389, l=1.574
j:-0.4149293708615005, -0.9203008292242885, -0.9889748929999769, -0.09447758924216032, -0.5087479948997498, -0.837344141677022, fr=0.686, rotstif=0.989, l=0.581
j:0.0836117984727025, 0.9813146754167974, 0.0726528586819768, 0.4060867861844599, -0.7668967242352664, 0.5053446348756552, fr=0.003, rotstif=0.91, l=1.088
j:0.581096860114485, -0.48736177710816264, 0.7209242950193584, -0.07059988752007484, 0.14912046398967505, -0.5466886218637228, rotstif=0.913, l=1.946
n:-0.36523390281945467, -0.7454170775599778, -0.946214840747416, 0.044965592212975025, 0.23316585691645741, 0.27935619885101914, d=|:p=0.204
n:0.21989392535761, -0.2219524821266532, -0.5680302218534052, 0.37855958798900247, 0.6871572672389448, 0.8790619429200888, d=@:p=0.835
n:0.9281819337047637, -0.4309733877889812, -0.19047420797869563, -0.3534550527110696, -0.1515271053649485, -0.33945250418037176, d=@:p=0.707
n:0.02332719974219799, 0.3615103750489652, 0.9733989145606756, 0.39003102062270045, -0.9981836932711303, -0.8317931168712676, d=""|:p=0.325, r=0.9""
n:0.04346650093793869, -0.7786237644031644, 0.6661862004548311, -0.24690333846956491, -0.1511850613169372, 0.3757184040732682, d=""|:p=0.394, r=0.896""
n:-0.49186784448102117, -0.6412735958583653, -0.4942722776904702, -0.4134016465395689, 0.7368501164019108, -0.9970349441282451, d=@:p=0.939
n:-0.8355273669585586, 0.12670943466946483, 0.7654443816281855, 0.7613814906217158, 0.7348348265513778, -0.48763424064964056, d=Gpart:ry=-2.35
",0.002271934290145747,"//H
3
j:fr=0.148, l=1.554
j:-0.8021262581460178, 0.051913556177169085, 0.487877129111439, -0.11107351956889033, -0.1598705230280757, 0.24777407990768552, l=1.675
j:-0.28223971510306, 0.2375085549429059, -0.777817185036838, -0.4614100158214569, 0.18723126035183668, 0.5496568130329251, fr=1.389, l=1.574
j:-0.4149293708615005, -0.9203008292242885, -0.9889748929999769, -0.09447758924216032, -0.5087479948997498, -0.837344141677022, fr=0.686, rotstif=0.989, l=0.581
j:0.0836117984727025, 0.9813146754167974, 0.0726528586819768, 0.4060867861844599, -0.7668967242352664, 0.5053446348756552, fr=0.003, rotstif=0.91, l=1.088
j:0.581096860114485, -0.48736177710816264, 0.7209242950193584, -0.07059988752007484, 0.14912046398967505, -0.5466886218637228, rotstif=0.913, l=1.946
j:-0.5722303693182766, 0.7534102844074368, 0.1910648951306939, 0.599641902372241, -0.6691289893351495, 0.483116852119565, rotstif=0.997
n:-0.36523390281945467, -0.7454170775599778, -0.946214840747416, 0.044965592212975025, 0.23316585691645741, 0.27935619885101914, d=|:p=0.204
n:0.21989392535761, -0.2219524821266532, -0.5680302218534052, 0.37855958798900247, 0.6871572672389448, 0.8790619429200888, d=@:p=0.835
n:0.9281819337047637, -0.4309733877889812, -0.19047420797869563, -0.3534550527110696, -0.1515271053649485, -0.33945250418037176, d=@:p=0.707
n:0.02332719974219799, 0.3615103750489652, 0.9733989145606756, 0.39003102062270045, -0.9981836932711303, -0.8317931168712676, d=""|:p=0.325, r=0.9""
n:0.04346650093793869, -0.7786237644031644, 0.6661862004548311, -0.24690333846956491, -0.1511850613169372, 0.3757184040732682, d=""|:p=0.394, r=0.896""
n:-0.49186784448102117, -0.6412735958583653, -0.4942722776904702, -0.4134016465395689, 0.7368501164019108, -0.9970349441282451, d=@:p=0.939
n:-0.8355273669585586, 0.12670943466946483, 0.7654443816281855, 0.7613814906217158, 0.7348348265513778, -0.48763424064964056, d=Gpart:ry=-2.35
",3.480658249314888e-07,feasible,20
11,H,3,"//H
3
j:fr=0.148, l=1.554
j:-0.8021262581460178, 0.051913556177169085, 0.487877129111439, -0.11107351956889033, -0.1598705230280757, 0.24777407990768552, l=1.675
j:-0.28223971510306, 0.2375085549429059, -0.777817185036838, -0.4614100158214569, 0.18723126035183668, 0.5496568130329251, fr=1.389, l=1.574
j:-0.4149293708615005, -0.9203008292242885, -0.9889748929999769, -0.09447758924216032, -0.5087479948997498, -0.837344141677022, fr=0.686, rotstif=0.989, l=0.581
j:0.0836117984727025, 0.9813146754167974, 0.0726528586819768, 0.4060867861844599, -0.7668967242352664, 0.5053446348756552, fr=0.003, rotstif=0.91, l=1.088
j:0.581096860114485, -0.48736177710816264, 0.7209242950193584, -0.07059988752007484, 0.14912046398967505, -0.5466886218637228, rotstif=0.913, l=1.946
n:-0.36523390281945467, -0.7454170775599778, -0.946214840747416, 0.044965592212975025, 0.23316585691645741, 0.27935619885101914, d=|:p=0.204
n:0.21989392535761, -0.2219524821266532, -0.5680302218534052, 0.37855958798900247, 0.6871572672389448, 0.8790619429200888, d=@:p=0.835
n:0.9281819337047637, -0.4309733877889812, -0.19047420797869563, -0.3534550527110696, -0.1515271053649485, -0.33945250418037176, d=@:p=0.707
n:0.02332719974219799, 0.3615103750489652, 0.9733989145606756, 0.39003102062270045, -0.9981836932711303, -0.8317931168712676, d=""|:p=0.325, r=0.9""
n:0.04346650093793869, -0.7786237644031644, 0.6661862004548311, -0.24690333846956491, -0.1511850613169372, 0.3757184040732682, d=""|:p=0.394, r=0.896""
n:-0.49186784448102117, -0.6412735958583653, -0.4942722776904702, -0.4134016465395689, 0.7368501164019108, -0.9970349441282451, d=@:p=0.939
n:-0.8355273669585586, 0.12670943466946483, 0.7654443816281855, 0.7613814906217158, 0.7348348265513778, -0.48763424064964056, d=Gpart:ry=-2.35
",0.002271934290145747,"//H
3
j:fr=0.148, l=1.554
j:-0.8021262581460178, 0.051913556177169085, 0.487877129111439, -0.11107351956889033, -0.1598705230280757, 0.24777407990768552, l=1.675
j:-0.28223971510306, 0.2375085549429059, -0.777817185036838, -0.4614100158214569, 0.18723126035183668, 0.5496568130329251, fr=1.389, l=1.574
j:-0.4149293708615005, -0.9203008292242885, -0.9889748929999769, -0.09447758924216032, -0.5087479948997498, -0.837344141677022, fr=0.686, rotstif=0.989, l=0.581
j:0.0836117984727025, 0.9813146754167974, 0.0726528586819768, 0.4060867861844599, -0.7668967242352664, 0.5053446348756552, fr=0.003, rotstif=0.91, l=1.088
j:0.581096860114485, -0.48736177710816264, 0.7209242950193584, -0.07059988752007484, 0.14912046398967505, -0.5466886218637228, rotstif=0.913, l=1.946
n:-0.36523390281945467, -0.7454170775599778, -0.946214840747416, 0.044965592212975025, 0.23316585691645741, 0.27935619885101914, d=|:p=0.204
n:0.21989392535761, -0.2219524821266532, -0.5680302218534052, 0.37855958798900247, 0.6871572672389448, 0.8790619429200888, d=@:p=0.835
n:0.9281819337047637, -0.4309733877889812, -0.19047420797869563, -0.3534550527110696, -0.1515271053649485, -0.33945250418037176, d=@:p=0.707
n:0.02332719974219799, 0.3615103750489652, 0.9733989145606756, 0.39003102062270045, -0.9981836932711303, -0.8317931168712676, d=""|:p=0.325, r=0.9""
n:0.04346650093793869, -0.7786237644031644, 0.6661862004548311, -0.24690333846956491, -0.1511850613169372, 0.3757184040732682, d=""|:p=0.394, r=0.896""
n:-0.49186784448102117, -0.6412735958583653, -0.4942722776904702, -0.4134016465395689, 0.7368501164019108, -0.9970349441282451, d=@:p=0.939
n:-0.8355273669585586, 0.12670943466946483, 0.7654443816281855, 0.7613814906217158, 0.7348348265513778, -0.48763424064964056, d=Gpart:ry=-2.35
n:0.03469396661967039, 0.82866827910766, -0.7693784241564572, 0.8787467866204679, -0.5391618860885501, -0.34121364122256637, d=|:r=0.98
",-999999.0,infeasible,20
11,H,3,"//H
3
j:fr=0.148, l=1.554
j:-0.8021262581460178, 0.051913556177169085, 0.487877129111439, -0.11107351956889033, -0.1598705230280757, 0.24777407990768552, l=1.675
j:-0.28223971510306, 0.2375085549429059, -0.777817185036838, -0.4614100158214569, 0.18723126035183668, 0.5496568130329251, fr=1.389, l=1.574
j:-0.4149293708615005, -0.9203008292242885, -0.9889748929999769, -0.09447758924216032, -0.5087479948997498, -0.837344141677022, fr=0.686, rotstif=0.989, l=0.581
j:0.0836117984727025, 0.9813146754167974, 0.0726528586819768, 0.4060867861844599, -0.7668967242352664, 0.5053446348756552, fr=0.003, rotstif=0.91, l=1.088
j:0.581096860114485, -0.48736177710816264, 0.7209242950193584, -0.07059988752007484, 0.14912046398967505, -0.5466886218637228, rotstif=0.913, l=1.946
n:-0.36523390281945467, -0.7454170775599778, -0.946214840747416, 0.044965592212975025, 0.23316585691645741, 0.27935619885101914, d=|:p=0.204
n:0.21989392535761, -0.2219524821266532, -0.5680302218534052, 0.37855958798900247, 0.6871572672389448, 0.8790619429200888, d=@:p=0.835
n:0.9281819337047637, -0.4309733877889812, -0.19047420797869563, -0.3534550527110696, -0.1515271053649485, -0.33945250418037176, d=@:p=0.707
n:0.02332719974219799, 0.3615103750489652, 0.9733989145606756, 0.39003102062270045, -0.9981836932711303, -0.8317931168712676, d=""|:p=0.325, r=0.9""
n:0.04346650093793869, -0.7786237644031644, 0.6661862004548311, -0.24690333846956491, -0.1511850613169372, 0.3757184040732682, d=""|:p=0.394, r=0.896""
n:-0.49186784448102117, -0.6412735958583653, -0.4942722776904702, -0.4134016465395689, 0.7368501164019108, -0.9970349441282451, d=@:p=0.939
n:-0.8355273669585586, 0.12670943466946483, 0.7654443816281855, 0.7613814906217158, 0.7348348265513778, -0.48763424064964056, d=Gpart:ry=-2.35
",0.002271934290145747,"//H
3
j:fr=0.148, l=1.554
j:-0.8021262581460178, 0.051913556177169085, 0.487877129111439, -0.11107351956889033, -0.1598705230280757, 0.24777407990768552, l=1.675
j:-0.28223971510306, 0.2375085549429059, -0.777817185036838, -0.4614100158214569, 0.18723126035183668, 0.5496568130329251, fr=1.389, l=1.574
j:-0.4149293708615005, -0.9203008292242885, -0.9889748929999769, -0.09447758924216032, -0.5087479948997498, -0.837344141677022, fr=0.686, rotstif=0.989, l=0.581
j:0.0836117984727025, 0.9813146754167974, 0.0726528586819768, 0.4060867861844599, -0.7668967242352664, 0.5053446348756552, fr=0.003, rotstif=0.91, l=1.088
j:0.581096860114485, -0.48736177710816264, 0.7209242950193584, -0.07059988752007484, 0.14912046398967505, -0.5466886218637228, rotstif=0.913, l=1.946
n:-0.36523390281945467, -0.7454170775599778, -0.946214840747416, 0.044965592212975025, 0.23316585691645741, 0.27935619885101914, d=|:p=0.204
n:0.21989392535761, -0.2219524821266532, -0.5680302218534052, 0.37855958798900247, 0.6871572672389448, 0.8790619429200888, d=@:p=0.835
n:0.9281819337047637, -0.4309733877889812, -0.19047420797869563, -0.3534550527110696, -0.1515271053649485, -0.33945250418037176, d=@:p=0.707
n:0.02332719974219799, 0.3615103750489652, 0.9733989145606756, 0.39003102062270045, -0.9981836932711303, -0.8317931168712676, d=""|:p=0.356, r=0.9""
n:0.04346650093793869, -0.7786237644031644, 0.6661862004548311, -0.24690333846956491, -0.1511850613169372, 0.3757184040732682, d=""|:p=0.394, r=0.896""
n:-0.49186784448102117, -0.6412735958583653, -0.4942722776904702, -0.4134016465395689, 0.7368501164019108, -0.9970349441282451, d=@:p=0.939
n:-0.8355273669585586, 0.12670943466946483, 0.7654443816281855, 0.7613814906217158, 0.7348348265513778, -0.48763424064964056, d=Gpart:ry=-2.35
",0.002077594812189701,feasible,20
11,H,3,"//H
3
j:fr=0.148, l=1.554
j:-0.8021262581460178, 0.051913556177169085, 0.487877129111439, -0.11107351956889033, -0.1598705230280757, 0.24777407990768552, l=1.675
j:-0.28223971510306, 0.2375085549429059, -0.777817185036838, -0.4614100158214569, 0.18723126035183668, 0.5496568130329251, fr=1.389, l=1.574
j:-0.4149293708615005, -0.9203008292242885, -0.9889748929999769, -0.09447758924216032, -0.5087479948997498, -0.837344141677022, fr=0.686, rotstif=0.989, l=0.581
j:0.0836117984727025, 0.9813146754167974, 0.0726528586819768, 0.4060867861844599, -0.7668967242352664, 0.5053446348756552, fr=0.003, rotstif=0.91, l=1.088
j:0.581096860114485, -0.48736177710816264, 0.7209242950193584, -0.07059988752007484, 0.14912046398967505, -0.5466886218637228, rotstif=0.913, l=1.946
n:-0.36523390281945467, -0.7454170775599778, -0.946214840747416, 0.044965592212975025, 0.23316585691645741, 0.27935619885101914, d=|:p=0.204
n:0.21989392535761, -0.2219524821266532, -0.5680302218534052, 0.37855958798900247, 0.6871572672389448, 0.8790619429200888, d=@:p=0.835
n:0.9281819337047637, -0.4309733877889812, -0.19047420797869563, -0.3534550527110696, -0.1515271053649485, -0.33945250418037176, d=@:p=0.707
n:0.02332719974219799, 0.3615103750489652, 0.9733989145606756, 0.39003102062270045, -0.9981836932711303, -0.8317931168712676, d=""|:p=0.325, r=0.9""
n:0.04346650093793869, -0.7786237644031644, 0.6661862004548311, -0.24690333846956491, -0.1511850613169372, 0.3757184040732682, d=""|:p=0.394, r=0.896""
n:-0.49186784448102117, -0.6412735958583653, -0.4942722776904702, -0.4134016465395689, 0.7368501164019108, -0.9970349441282451, d=@:p=0.939
n:-0.8355273669585586, 0.12670943466946483, 0.7654443816281855, 0.7613814906217158, 0.7348348265513778, -0.48763424064964056, d=Gpart:ry=-2.35
",0.002271934290145747,"//H
3
j:fr=0.148, l=1.554
j:-0.8021262581460178, 0.051913556177169085, 0.487877129111439, -0.11107351956889033, -0.1598705230280757, 0.24777407990768552, l=1.675
j:-0.28223971510306, 0.2375085549429059, -0.777817185036838, -0.4614100158214569, 0.18723126035183668, 0.5496568130329251, fr=1.389, l=1.574
j:-0.4149293708615005, -0.9203008292242885, -0.9889748929999769, -0.09447758924216032, -0.5087479948997498, -0.837344141677022, fr=0.686, rotstif=0.989, l=0.581
j:0.0836117984727025, 0.9813146754167974, 0.0726528586819768, 0.4060867861844599, -0.7668967242352664, 0.5053446348756552, fr=0.003, rotstif=0.91, l=1.088
j:0.581096860114485, -0.48736177710816264, 0.7209242950193584, -0.07059988752007484, 0.14912046398967505, -0.5466886218637228, rotstif=0.913, l=1.946
n:-0.36523390281945467, -0.7454170775599778, -0.946214840747416, 0.044965592212975025, 0.23316585691645741, 0.27935619885101914, d=|:p=0.204
n:0.21989392535761, -0.2219524821266532, -0.5680302218534052, 0.37855958798900247, 0.6871572672389448, 0.8790619429200888, d=@:p=0.835
n:0.9281819337047637, -0.4309733877889812, -0.19047420797869563, -0.3534550527110696, -0.1515271053649485, -0.33945250418037176, d=@:p=0.707
n:0.02332719974219799, 0.3615103750489652, 0.9733989145606756, 0.39003102062270045, -0.9981836932711303, -0.8317931168712676, d=""|:p=0.325, r=0.9""
n:0.04346650093793869, -0.7786237644031644, 0.6661862004548311, -0.24690333846956491, -0.1511850613169372, 0.3757184040732682, d=""|:p=0.394, r=0.896""
n:-0.49186784448102117, -0.6412735958583653, -0.4942722776904702, -0.4134016465395689, 0.7368501164019108, -0.9970349441282451, d=@:p=0.939
n:-0.8355273669585586, 0.12670943466946483, 0.7654443816281855, 0.7613814906217158, 0.7348348265513778, -0.48763424064964056, d=Gpart:ry=-2.35
c:0.0494012706913054, 0.15516522340476513, 0.40036184387281537, -0.5337933078408241, -0.05671234428882599, 0.5523286778479815, 3.123
",7.825755279242435e-05,feasible,20
11,H,3,"//H
3
j:fr=0.148, l=1.554
j:-0.8021262581460178, 0.051913556177169085, 0.487877129111439, -0.11107351956889033, -0.1598705230280757, 0.24777407990768552, l=1.675
j:-0.28223971510306, 0.2375085549429059, -0.777817185036838, -0.4614100158214569, 0.18723126035183668, 0.5496568130329251, fr=1.389, l=1.574
j:-0.4149293708615005, -0.9203008292242885, -0.9889748929999769, -0.09447758924216032, -0.5087479948997498, -0.837344141677022, fr=0.686, rotstif=0.989, l=0.581
j:0.0836117984727025, 0.9813146754167974, 0.0726528586819768, 0.4060867861844599, -0.7668967242352664, 0.5053446348756552, fr=0.003, rotstif=0.91, l=1.088
j:0.581096860114485, -0.48736177710816264, 0.7209242950193584, -0.07059988752007484, 0.14912046398967505, -0.5466886218637228, rotstif=0.913, l=1.946
n:-0.36523390281945467, -0.7454170775599778, -0.946214840747416, 0.044965592212975025, 0.23316585691645741, 0.27935619885101914, d=|:p=0.204
n:0.21989392535761, -0.2219524821266532, -0.5680302218534052, 0.37855958798900247, 0.6871572672389448, 0.8790619429200888, d=@:p=0.835
n:0.9281819337047637, -0.4309733877889812, -0.19047420797869563, -0.3534550527110696, -0.1515271053649485, -0.33945250418037176, d=@:p=0.707
n:0.02332719974219799, 0.3615103750489652, 0.9733989145606756, 0.39003102062270045, -0.9981836932711303, -0.8317931168712676, d=""|:p=0.325, r=0.9""
n:0.04346650093793869, -0.7786237644031644, 0.6661862004548311, -0.24690333846956491, -0.1511850613169372, 0.3757184040732682, d=""|:p=0.394, r=0.896""
n:-0.49186784448102117, -0.6412735958583653, -0.4942722776904702, -0.4134016465395689, 0.7368501164019108, -0.9970349441282451, d=@:p=0.939
n:-0.8355273669585586, 0.12670943466946483, 0.7654443816281855, 0.7613814906217158, 0.7348348265513778, -0.48763424064964056, d=Gpart:ry=-2.35
",0.002271934290145747,"//H
3
j:fr=0.148, l=1.554
j:-0.8021262581460178, 0.051913556177169085, 0.487877129111439, -0.11107351956889033, -0.1598705230280757, 0.24777407990768552, l=1.675
j:-0.28223971510306, 0.2375085549429059, -0.777817185036838, -0.4614100158214569, 0.18723126035183668, 0.5496568130329251, fr=1.389, l=1.574
j:-0.4149293708615005, -0.9203008292242885, -0.9889748929999769, -0.09447758924216032, -0.5087479948997498, -0.837344141677022, fr=0.686, rotstif=0.989, l=0.581
j:0.0836117984727025, 0.9813146754167974, 0.0726528586819768, 0.4060867861844599, -0.7668967242352664, 0.5053446348756552, fr=0.003, rotstif=0.91, l=1.088
j:0.581096860114485, -0.48736177710816264, 0.7209242950193584, -0.07059988752007484, 0.14912046398967505, -0.5466886218637228, rotstif=0.913, l=1.946
n:-0.36523390281945467, -0.7454170775599778, -0.946214840747416, 0.044965592212975025, 0.23316585691645741, 0.27935619885101914, d=|:p=0.204
n:0.21989392535761, -0.2219524821266532, -0.5680302218534052, 0.37855958798900247, 0.6871572672389448, 0.8790619429200888, d=@:p=0.835
n:0.9281819337047637, -0.4309733877889812, -0.19047420797869563, -0.3534550527110696, -0.1515271053649485, -0.33945250418037176, d=@:p=0.707
n:0.02332719974219799, 0.3615103750489652, 0.9733989145606756, 0.39003102062270045, -0.9981836932711303, -0.8317931168712676, d=""|:p=0.325, r=0.9""
n:0.04346650093793869, -0.7786237644031644, 0.6661862004548311, -0.24690333846956491, -0.1511850613169372, 0.3757184040732682, d=""|:p=0.394, r=0.896""
n:-0.49186784448102117, -0.6412735958583653, -0.4942722776904702, -0.4134016465395689, 0.7368501164019108, -0.9970349441282451, d=@:p=0.939
n:-0.8355273669585586, 0.12670943466946483, 0.7654443816281855, 0.7613814906217158, 0.7348348265513778, -0.48763424064964056, d=Gpart:ry=-2.35
c:-0.34781628008931875, -0.8605136224068701, 0.0830974206328392, -0.11795092141255736, -0.4892018041573465, -0.673627152107656, 5.382
",7.377605783561169e-05,feasible,20
11,H,3,"//H
3
j:fr=0.148, l=1.554
j:-0.8021262581460178, 0.051913556177169085, 0.487877129111439, -0.11107351956889033, -0.1598705230280757, 0.24777407990768552, l=1.675
j:-0.28223971510306, 0.2375085549429059, -0.777817185036838, -0.4614100158214569, 0.18723126035183668, 0.5496568130329251, fr=1.389, l=1.574
j:-0.4149293708615005, -0.9203008292242885, -0.9889748929999769, -0.09447758924216032, -0.5087479948997498, -0.837344141677022, fr=0.686, rotstif=0.989, l=0.581
j:0.0836117984727025, 0.9813146754167974, 0.0726528586819768, 0.4060867861844599, -0.7668967242352664, 0.5053446348756552, fr=0.003, rotstif=0.91, l=1.088
j:0.581096860114485, -0.48736177710816264, 0.7209242950193584, -0.07059988752007484, 0.14912046398967505, -0.5466886218637228, rotstif=0.913, l=1.946
n:-0.36523390281945467, -0.7454170775599778, -0.946214840747416, 0.044965592212975025, 0.23316585691645741, 0.27935619885101914, d=|:p=0.204
n:0.21989392535761, -0.2219524821266532, -0.5680302218534052, 0.37855958798900247, 0.6871572672389448, 0.8790619429200888, d=@:p=0.835
n:0.9281819337047637, -0.4309733877889812, -0.19047420797869563, -0.3534550527110696, -0.1515271053649485, -0.33945250418037176, d=@:p=0.707
n:0.02332719974219799, 0.3615103750489652, 0.9733989145606756, 0.39003102062270045, -0.9981836932711303, -0.8317931168712676, d=""|:p=0.325, r=0.9""
n:0.04346650093793869, -0.7786237644031644, 0.6661862004548311, -0.24690333846956491, -0.1511850613169372, 0.3757184040732682, d=""|:p=0.394, r=0.896""
n:-0.49186784448102117, -0.6412735958583653, -0.4942722776904702, -0.4134016465395689, 0.7368501164019108, -0.9970349441282451, d=@:p=0.939
n:-0.8355273669585586, 0.12670943466946483, 0.7654443816281855, 0.7613814906217158, 0.7348348265513778, -0.48763424064964056, d=Gpart:ry=-2.35
",0.002271934290145747,"//H
3
j:fr=0.148, l=1.554
j:-0.8021262581460178, 0.051913556177169085, 0.487877129111439, -0.11107351956889033, -0.1598705230280757, 0.24777407990768552, l=1.675
j:-0.28223971510306, 0.2375085549429059, -0.777817185036838, -0.4614100158214569, 0.18723126035183668, 0.5496568130329251, fr=1.389, l=1.574
j:-0.4149293708615005, -0.9203008292242885, -0.9889748929999769, -0.09447758924216032, -0.5087479948997498, -0.837344141677022, fr=0.686, rotstif=0.989, l=0.581
j:0.0836117984727025, 0.9813146754167974, 0.0726528586819768, 0.4060867861844599, -0.7668967242352664, 0.5053446348756552, fr=0.003, rotstif=0.91, l=1.088
j:0.581096860114485, -0.48736177710816264, 0.7209242950193584, -0.07059988752007484, 0.14912046398967505, -0.5466886218637228, rotstif=0.913, l=1.946
n:-0.36523390281945467, -0.7454170775599778, -0.946214840747416, 0.044965592212975025, 0.23316585691645741, 0.27935619885101914, d=|:p=0.204
n:0.21989392535761, -0.2219524821266532, -0.5680302218534052, 0.37855958798900247, 0.6871572672389448, 0.8790619429200888, d=@:p=0.677
n:0.9281819337047637, -0.4309733877889812, -0.19047420797869563, -0.3534550527110696, -0.1515271053649485, -0.33945250418037176, d=@:p=0.707
n:0.02332719974219799, 0.3615103750489652, 0.9733989145606756, 0.39003102062270045, -0.9981836932711303, -0.8317931168712676, d=""|:p=0.325, r=0.9""
n:0.04346650093793869, -0.7786237644031644, 0.6661862004548311, -0.24690333846956491, -0.1511850613169372, 0.3757184040732682, d=""|:p=0.394, r=0.896""
n:-0.49186784448102117, -0.6412735958583653, -0.4942722776904702, -0.4134016465395689, 0.7368501164019108, -0.9970349441282451, d=@:p=0.939
n:-0.8355273669585586, 0.12670943466946483, 0.7654443816281855, 0.7613814906217158, 0.7348348265513778, -0.48763424064964056, d=Gpart:ry=-2.35
",0.0022154134705495393,feasible,20
