run,generation,genetic_format,mutation_intensity,best_velocity,avg_velocity,stddev_velocity
0,0,4,0.0,-2.823716704172499e-07,-2.8237167042132655e-07,2.053681369572229e-18
0,1,4,0.0,-6.609435460924627e-08,-2.7636465557552624e-07,6.388597560052617e-08
0,2,4,0.0,7.318540949751683e-07,-1.9178435549582665e-07,1.5794885696164965e-07
0,3,4,0.0,1.5118379812755376e-06,-8.536524146705223e-08,2.4746616812695055e-07
0,4,4,0.0,1.51183798204787e-06,-3.922192137602008e-09,3.3250510265958834e-07
0,5,4,0.0,1.6348944878752296e-06,-2.8709907647737735e-07,3.1187469652104605e-06
0,6,4,0.0,3.889724362706633e-06,3.1063581022848727e-07,7.433137998078375e-07
0,7,4,0.0,4.0525313872705984e-06,7.796722397093523e-07,1.0596090581918032e-06
0,8,4,0.0,5.562669700903328e-06,1.1146032867555436e-06,1.3645362755825537e-06
0,9,4,0.0,4.430065966775819e-06,1.5678808709826771e-06,1.5435411261038653e-06
0,10,4,0.0,5.071874748624617e-06,1.7259735658589723e-06,1.7170043070590385e-06
0,11,4,0.0,4.581079797859491e-06,1.8225724558694673e-06,1.8628366099434858e-06
0,12,4,0.0,5.254832551664274e-06,1.811717216091195e-06,1.894224647142407e-06
0,13,4,0.0,5.2548325531401025e-06,2.195317857402416e-06,2.525716082446471e-06
0,14,4,0.0,5.6752905333605455e-06,2.088637303462662e-06,2.1430660296957675e-06
0,15,4,0.0,5.862160745444697e-06,2.4782283786727916e-06,2.08262013499694e-06
0,16,4,0.0,5.833722545975227e-06,2.8829976011879933e-06,2.3203323805813193e-06
0,17,4,0.0,1.4627144796085748e-05,3.5498259231714043e-06,2.8729253435378754e-06
0,18,4,0.0,1.9320283699232226e-05,4.689625720286897e-06,3.999379319983231e-06
0,19,4,0.0,0.004869292622664668,0.0001097649981346752,0.00070177873757972
0,20,4,0.0,0.004903344300197812,0.0003954846287869519,0.0012816050643543505
0,21,4,0.0,0.004903344300197812,0.0011480262799110428,0.002061514992864097
0,22,4,0.0,0.005640318562308305,0.0023463302047196607,0.002395689912602723
0,23,4,0.0,0.005640318562308305,0.0018994879211623253,0.0021585991890325446
0,24,4,0.0,0.005676252712747149,0.0020261368363669115,0.0022247486412554722
0,25,4,0.0,0.005666217373178261,0.002383949276380321,0.0024418427603640257
0,26,4,0.0,0.006058149587436787,0.00276225641341519,0.002691303870251005
0,27,4,0.0,0.006031682067682322,0.0025396810377906437,0.002771731621955461
0,28,4,0.0,0.006187698821660684,0.0032538740313030248,0.002749750123920189
0,29,4,0.0,0.00618418352912072,0.0029162517926607486,0.002898483570980219
0,30,4,0.0,0.006371902262412746,0.0030950997325287716,0.0028879203301201088
0,31,4,0.0,0.006371902262412746,0.0033856483143732026,0.0029871536710962586
0,32,4,0.0,0.00639292282081444,0.003911817735449329,0.0028187747564483723
0,33,4,0.0,0.006395491994452097,0.0035710345697337327,0.0030004825520209234
0,34,4,0.0,0.006463677635751166,0.002996202776991607,0.003134811030789623
0,35,4,0.0,0.006496333832923408,0.0034099239730855367,0.003013499515932655
0,36,4,0.0,0.006508022110251783,0.003123197943541664,0.003086865173775729
0,37,4,0.0,0.006516925502024991,0.004117671023488711,0.0029994024502773553
0,38,4,0.0,0.0065754596716267955,0.0034779224361498485,0.003212177866061555
0,39,4,0.0,0.0065754596716267955,0.0035199603572233103,0.003130144663732652
0,40,4,0.0,0.008634629103732831,0.0034954491700661928,0.0032122985605592983
0,41,4,0.0,0.008680480938700707,0.0035094937420875384,0.0032068259705435465
0,42,4,0.0,0.008724209758491882,0.0035204053366466896,0.0033091619135599743
0,43,4,0.0,0.008730093155728313,0.004672637003036885,0.003086026815404965
0,44,4,0.0,0.008712829255061979,0.004594320420208694,0.0035559001979653363
0,45,4,0.0,0.008958722918461852,0.005772649131139245,0.0036000929838000684
0,46,4,0.0,0.01310745373783394,0.006102533134440889,0.00397449917376695
0,47,4,0.0,0.013081612328036575,0.005502704596015535,0.004150538120957621
0,48,4,0.0,0.01323203134261923,0.007567232873994235,0.004505831431559031
0,49,4,0.0,0.01342561730842136,0.009113954891326772,0.004902785528967719
0,50,4,0.0,0.013808893658596723,0.008513361765434942,0.005912047687953545
0,51,4,0.0,0.01381792805337226,0.00892067400085084,0.005950246474710244
0,52,4,0.0,0.014023395685596867,0.008074523225791304,0.006235879557566325
0,53,4,0.0,0.014163977394137809,0.007122823480873719,0.006529356832795362
0,54,4,0.0,0.01413530238295117,0.007817255421314255,0.00659451099828359
0,55,4,0.0,0.01413530238295117,0.009149597302661197,0.006349899412007943
0,56,4,0.0,0.01413530238295117,0.008396840484759237,0.0066260881749246854
0,57,4,0.0,0.014163977394137554,0.008569488695437891,0.0066567739122522975
0,58,4,0.0,0.01423270626343074,0.008864024280110587,0.006356863998685106
0,59,4,0.0,0.01409255416581954,0.009464620275252168,0.006314602623472382
0,60,4,0.0,0.014163977394137639,0.007585406506290844,0.0066715624701294595
0,61,4,0.0,0.014163977394137639,0.007412617149993032,0.00652605412575123
0,62,4,0.0,0.014235856607375974,0.007171552028870142,0.006533833255434968
0,63,4,0.0,0.014235856607375974,0.007660129050125214,0.006843295720932545
0,64,4,0.0,0.014169829597349198,0.00726198531183067,0.006789432859116526
0,65,4,0.0,0.014214727132463982,0.008577432283330732,0.006603124510124898
0,66,4,0.0,0.014217096153302413,0.009840522328502561,0.006364285419148166
0,67,4,0.0,0.014212267626551865,0.007521254062765456,0.006956415254903718
0,68,4,0.0,0.01421226762655178,0.009259050546071448,0.006380052020606306
0,69,4,0.0,0.01421226762655178,0.0098654583550765,0.005902801543443876
0,70,4,0.0,0.014212267626551893,0.009897083245026958,0.006117413805833015
0,71,4,0.0,0.014212267626551865,0.010591553851941929,0.005633681415967606
0,72,4,0.0,0.01421463255886869,0.009094765034536904,0.006641015532909164
0,73,4,0.0,0.014176988323370325,0.007693515234722403,0.006845881550583529
0,74,4,0.0,0.014212267626551861,0.008648619178805168,0.0066345681521899
0,75,4,0.0,0.014209705818579185,0.008355839441185658,0.006804252736934519
0,76,4,0.0,0.014273030590144986,0.006672288295516979,0.006828430117790659
0,77,4,0.0,0.014212039449919696,0.00717766095623624,0.00676831943083858
0,78,4,0.0,0.014244663569916539,0.010742094520798773,0.0056297902755880445
0,79,4,0.0,0.014190739280307188,0.008311511620948724,0.006554294598614335
0,80,4,0.0,0.014257059248633557,0.007342105491850642,0.006696193483110037
0,81,4,0.0,0.01422572496976882,0.009452385277847147,0.006312397161834213
0,82,4,0.0,0.01431443038166191,0.009035418286780523,0.006477542283064323
0,83,4,0.0,0.01431443038166191,0.007891613985856057,0.006736189441517055
0,84,4,0.0,0.01431443038166191,0.008647264604286184,0.006383743075552025
0,85,4,0.0,0.01429632623907032,0.008437895506896081,0.006801127967637989
0,86,4,0.0,0.01429632623907032,0.008868549114830211,0.006708529747859522
0,87,4,0.0,0.014260378079453233,0.008645243217343009,0.0066964869818650335
0,88,4,0.0,0.014314430381661997,0.008644729022893292,0.00664488913902133
0,89,4,0.0,0.014271404014026904,0.010001646840994251,0.006267963093046264
0,90,4,0.0,0.014308742775403031,0.0063257730000403425,0.006948833121154394
0,91,4,0.0,0.014195134579768724,0.006804881817437869,0.0068971677010105535
0,92,4,0.0,0.014226869307081341,0.008817974461714659,0.006518464862274462
0,93,4,0.0,0.014353371982703412,0.009142738558931445,0.006549404902538693
0,94,4,0.0,0.014228558896318645,0.011412665401935257,0.005454011351904144
0,95,4,0.0,0.014314778069886078,0.007453717325276431,0.006898571359220077
0,96,4,0.0,0.014314778069886078,0.008104857125495113,0.006806280370150316
0,97,4,0.0,0.014268117376855745,0.007471940177068787,0.006694738598844273
0,98,4,0.0,0.014268117376855745,0.006988041367112383,0.0065716780001313126
0,99,4,0.0,0.01431669385433411,0.008234359979377083,0.006817974308209566
0,100,4,0.0,0.01431669385433411,0.008451291560760929,0.006632905175519468
0,101,4,0.0,0.014301413899306711,0.010010208666213619,0.0059784585051558346
0,102,4,0.0,0.014277204923963146,0.009123099708219572,0.006632478115192378
0,103,4,0.0,0.014277204923963146,0.007812484498454102,0.00687680298105036
0,104,4,0.0,0.014370818796531928,0.007462783632332068,0.006932073577006529
0,105,4,0.0,0.01435987076222917,0.008261466223225026,0.006894900984201294
0,106,4,0.0,0.01435987076222917,0.008981732060229026,0.006583190721612243
0,107,4,0.0,0.01435987076222917,0.009216206283043218,0.006420799761748364
0,108,4,0.0,0.01435987076222917,0.008633349737313433,0.006762516091884136
0,109,4,0.0,0.01435987076222917,0.008989160416889626,0.006509632674060984
0,110,4,0.0,0.014524597878849837,0.008502175252813481,0.006671043817121226
0,111,4,0.0,0.014349469187509376,0.006611573824408865,0.0068408174635788115
0,112,4,0.0,0.05972362932461353,0.011158867008981029,0.00916536574713851
0,113,4,0.0,0.07145530860927791,0.012461031275258702,0.013840858758211097
0,114,4,0.0,0.2712355810321773,0.024785570410994752,0.04332046591688023
0,115,4,0.0,0.26762478998930517,0.045124702769204786,0.0547462802083668
0,116,4,0.0,0.23030693075021413,0.05910371252933598,0.04914469944970426
0,117,4,0.0,0.2800447083568769,0.09015618180368128,0.07345175815679675
0,118,4,0.0,0.37733062878881585,0.10421193005188967,0.10422606748953557
0,119,4,0.0,0.37741664161291033,0.1560809110283496,0.12364501036401386
0,120,4,0.0,0.3777593462758431,0.16890305177088696,0.14351435197594992
0,121,4,0.0,0.4177235497231476,0.206105786818809,0.15654490999521378
0,122,4,0.0,0.44189100216507177,0.21383729472911583,0.17585854152199057
0,123,4,0.0,0.43192416366987657,0.23944795009311193,0.17654126932758557
0,124,4,0.0,0.4403506997399376,0.1869248216870686,0.17891116314905983
0,125,4,0.0,0.45899874086552045,0.2362623841597762,0.18531235643173047
0,126,4,0.0,0.476357000763419,0.21339196734444635,0.1912678603139825
0,127,4,0.0,0.4776401267434993,0.2499965208207802,0.18926577306561843
0,128,4,0.0,0.477103206189671,0.2726484474092047,0.18652611991237802
0,129,4,0.0,0.4799972990353973,0.24797733893892349,0.21023894209978766
0,130,4,0.0,0.48193754315988413,0.2242460558562186,0.21134438101447245
0,131,4,0.0,0.4839290781106723,0.2944958841233707,0.19381876599891765
0,132,4,0.0,0.48556499847916895,0.2551933596924499,0.20766369331046766
0,133,4,0.0,0.4888979136109424,0.26378074968069287,0.21905958739885673
0,134,4,0.0,0.4962862808938198,0.2009840527481806,0.20593757700683413
0,135,4,0.0,0.4958255704667091,0.24611011402625196,0.21748519293121862
0,136,4,0.0,0.49513190599103524,0.28954979329495734,0.20516417993444785
0,137,4,0.0,0.4973636648131672,0.24961309914799282,0.21905924190640083
0,138,4,0.0,0.49748679738290735,0.284952587436373,0.22528217002881112
0,139,4,0.0,0.5284161817274429,0.3249362540318806,0.21875550893738255
0,140,4,0.0,0.5270838377182234,0.3210489793912045,0.22533144280663392
0,141,4,0.0,0.5359414279992224,0.2905806738168093,0.2357795401982779
0,142,4,0.0,0.5353836447355758,0.21045801291083013,0.23410530489843742
0,143,4,0.0,0.529335412159521,0.2924638021415639,0.23024403227727633
0,144,4,0.0,0.5311631753827579,0.30304818232933006,0.2351115405430079
0,145,4,0.0,0.5292735980295684,0.22370211925868858,0.24351664397867223
0,146,4,0.0,0.5290775365909676,0.30351109860290854,0.22939136046889763
0,147,4,0.0,0.5296676947709649,0.31012751624485985,0.2261281368247495
0,148,4,0.0,0.535560477972076,0.2859138393454748,0.23840154317794032
0,149,4,0.0,0.5298814666537279,0.3413178130721775,0.21463150876532286
0,150,4,0.0,0.5301400084229947,0.333002966237273,0.23869677739242462
0,151,4,0.0,0.5345028622241877,0.2769722911271258,0.24273638596690864
0,152,4,0.0,0.5436974058560642,0.27484599489684447,0.23577257442708324
0,153,4,0.0,0.544105977397092,0.2535679965304153,0.2268096888257037
0,154,4,0.0,0.544105977397092,0.3018748188368294,0.24210178770578525
0,155,4,0.0,0.5490882550665567,0.3105958857177315,0.2439998404063902
0,156,4,0.0,0.5490882550665567,0.2242110521472683,0.2244941574193329
0,157,4,0.0,0.550864656851111,0.27907845322840336,0.22617228171301662
0,158,4,0.0,0.6218321991180773,0.2673787076104413,0.2378399984837948
0,159,4,0.0,0.6218321991180773,0.25820073070454436,0.23610559123273067
0,160,4,0.0,0.633156447007939,0.2773740002454821,0.23903663962098207
0,161,4,0.0,0.6209646501677603,0.35008747287852454,0.22915074651313047
0,162,4,0.0,0.6254340714664276,0.265192370980106,0.24863363274377298
0,163,4,0.0,0.6279651842741862,0.3076719948242785,0.24976299764132595
0,164,4,0.0,0.6280569748387991,0.2314703170243232,0.25317948812878416
0,165,4,0.0,0.628999369832338,0.25483554430684224,0.25561154562138105
0,166,4,0.0,0.6542047019249783,0.3457934012749639,0.2710263757443792
0,167,4,0.0,0.6542047019249783,0.26765099052234875,0.27373135697393103
0,168,4,0.0,0.6545343476831843,0.2590530698143136,0.27628262244594226
0,169,4,0.0,0.6518802144519424,0.29247162649351627,0.2624447037678591
0,170,4,0.0,0.6622651951603976,0.24221920412559897,0.2622549397163727
0,171,4,0.0,0.6622651951603976,0.186451777554264,0.2521587214781443
0,172,4,0.0,0.6878412967799871,0.25678097787932813,0.262250315520731
0,173,4,0.0,0.6683147219550326,0.29941181843847947,0.27010788629216426
0,174,4,0.0,0.6662147184629614,0.27719990870712735,0.26142083323780035
0,175,4,0.0,0.665944847755721,0.28204357352596743,0.2652165986128003
0,176,4,0.0,0.6861687797729445,0.2855881831602597,0.2746029896351137
0,177,4,0.0,0.6868275679528454,0.33070392052826236,0.2738148925947007
0,178,4,0.0,0.6893952889588715,0.25880044881728353,0.26684910790986577
0,179,4,0.0,0.6902948349758996,0.33114718233249135,0.28193731415569506
0,180,4,0.0,0.6902948349758996,0.3291773571165759,0.2727218384857428
0,181,4,0.0,0.6915390632475681,0.3367265176862667,0.2865551815472189
0,182,4,0.0,0.6915390632475681,0.31434248625194405,0.3072233271013292
0,183,4,0.0,0.6915390632475681,0.3251204018259002,0.28704641761230953
0,184,4,0.0,0.7094726693670397,0.36550230903740283,0.3044724656098717
0,185,4,0.0,0.7357009505915176,0.3049390343598719,0.2884247132875544
0,186,4,0.0,0.7412585898662979,0.3091636287371645,0.27975588717919186
0,187,4,0.0,0.7448920992265361,0.3262131943390675,0.28334726558070333
0,188,4,0.0,0.7589764761093752,0.4236928954304672,0.2845636553494929
0,189,4,0.0,0.7589764761093752,0.370885732643324,0.2962739288453391
0,190,4,0.0,0.759373092847431,0.37825703717871023,0.3110413875981933
0,191,4,0.0,0.7543730301384937,0.29100337738521814,0.2740719310914623
0,192,4,0.0,0.7631038342182056,0.2993454311160242,0.3024990418262483
0,193,4,0.0,0.762387519213615,0.38163274379699935,0.3013412203650022
0,194,4,0.0,0.7614445044521759,0.3810073045132194,0.3335890409442973
0,195,4,0.0,0.7629488916201184,0.3408384639162213,0.32001390090183046
0,196,4,0.0,0.7629488916201184,0.3879255804225409,0.3133620617995197
0,197,4,0.0,0.758903123554133,0.35824414518151365,0.3173149585308239
0,198,4,0.0,0.7674027064618494,0.42262004128146335,0.2959367133656922
0,199,4,0.0,0.7789331491641113,0.3975411906061815,0.3222204558024469
0,200,4,0.0,0.807567128065698,0.4399837093810532,0.3096637226448502
1,0,4,0.0,-2.823716704172499e-07,-2.823716704213445e-07,2.0954732883180592e-18
1,1,4,0.0,-6.609435460924627e-08,-2.671619834741197e-07,6.501558411214112e-08
1,2,4,0.0,-6.609435460924627e-08,-1.9193884531115756e-07,9.43274597473137e-08
1,3,4,0.0,-6.609435460906685e-08,-1.3819531919207186e-07,9.094896421722105e-08
1,4,4,0.0,7.31854093867402e-07,-8.153645209007548e-08,1.4090162186847098e-07
1,5,4,0.0,1.5294174824596746e-06,-3.818372852159888e-08,3.152342463521414e-07
1,6,4,0.0,1.5294174827158993e-06,9.083066964470835e-08,4.605140411648408e-07
1,7,4,0.0,1.529417483123361e-06,3.560191369592735e-07,6.432972535441148e-07
1,8,4,0.0,4.128038303872523e-06,8.809141544935978e-07,8.692014720366882e-07
1,9,4,0.0,4.732093628737605e-06,9.947029710813019e-07,1.2165983287475e-06
1,10,4,0.0,5.348267659733379e-06,1.464742041074334e-06,1.422283731402211e-06
1,11,4,0.0,5.348267659733379e-06,1.6006620415914522e-06,1.7405189208298385e-06
1,12,4,0.0,5.348267660627568e-06,2.534784759297898e-06,1.6909477281570146e-06
1,13,4,0.0,5.3015501058400635e-06,2.197260781992308e-06,1.7973242677028885e-06
1,14,4,0.0,5.254832552306052e-06,2.554063158353835e-06,1.8219764810172043e-06
1,15,4,0.0,6.0957485118028435e-06,2.507156521851011e-06,1.7833637633453467e-06
1,16,4,0.0,6.002313404956391e-06,2.5056601500484127e-06,2.0021948219872904e-06
1,17,4,0.0,1.9592150000748918e-05,3.1130170810270798e-06,3.193347680046264e-06
1,18,4,0.0,0.00016832287434685313,6.962480142696181e-06,2.3455503816612515e-05
1,19,4,0.0,0.0001683893309703644,1.61228236475271e-05,3.9922676988266514e-05
1,20,4,0.0,0.0001683893309703644,1.4022189968990407e-05,4.5499494379084165e-05
1,21,4,0.0,0.00016839225661352018,3.718182388572369e-05,5.574193857981676e-05
1,22,4,0.0,0.0003159211263607359,5.264896160845074e-05,6.999151690641526e-05
1,23,4,0.0,0.0007985460587326738,0.00010292938428732245,0.0001802818778515789
1,24,4,0.0,0.0007985939275218296,7.802862063975898e-05,0.00016331492541639658
1,25,4,0.0,0.0009656376492567071,0.00014188319328606403,0.00022782302383793007
1,26,4,0.0,0.001059176462796036,0.0002006083081091294,0.00029420705629887273
1,27,4,0.0,0.0007986138522778843,0.0002084758999257285,0.00027951971313375825
1,28,4,0.0,0.0011358689201089228,0.00026170351784836587,0.0003343171437753856
1,29,4,0.0,0.0011358689201089228,0.00023207015258330232,0.0003159356039740754
1,30,4,0.0,0.0011570365255119297,0.00030822727673189364,0.0003679637961290722
1,31,4,0.0,0.001163735809551061,0.0003941733995867235,0.0004110894320822378
1,32,4,0.0,0.001163639704685226,0.000229186054155847,0.00031167994536670564
1,33,4,0.0,0.001163639704685226,0.00029518644384792246,0.0003357399885925789
1,34,4,0.0,0.0016268679416389538,0.0003277869352167733,0.000398115543981846
1,35,4,0.0,0.00162689964963555,0.0002674777020060309,0.0003934032455836351
1,36,4,0.0,0.0016268679416389538,0.0003581297010687603,0.0004139447622273649
1,37,4,0.0,0.0016268679416389538,0.0002923876672985843,0.00036209937214623164
1,38,4,0.0,0.00116248159609725,0.00035940010295765744,0.00034730847791003213
1,39,4,0.0,0.0011624589059845067,0.00039231958443520495,0.00036637095869194503
1,40,4,0.0,0.0011632888517413978,0.00044086856102792206,0.00040969805423012257
1,41,4,0.0,0.0011638674893472778,0.00039110944484505576,0.00038732726318228263
1,42,4,0.0,0.0011638377819980067,0.0003796822117209877,0.0003939579759659888
1,43,4,0.0,0.0012145788424956184,0.0005730538467027891,0.0004052532279542084
1,44,4,0.0,0.0012146597810203557,0.0007047815370276377,0.00038820677970516967
1,45,4,0.0,0.0012148337639777274,0.0005922334799608653,0.00047927703894633385
1,46,4,0.0,0.013082772881823147,0.001126162701684332,0.0024849868899371424
1,47,4,0.0,0.04483525769933203,0.0033875151509050465,0.007295156516318707
1,48,4,0.0,0.036405479180586675,0.005924449242344544,0.007241180373376914
1,49,4,0.0,0.07405866024534863,0.013420604036333383,0.014937906206704479
1,50,4,0.0,0.04607503166353926,0.01677253081882609,0.016200147110928733
1,51,4,0.0,0.045557178213909505,0.02466064576505048,0.01893017815906531
1,52,4,0.0,0.045851069598682695,0.026619246223292276,0.019350195460085002
1,53,4,0.0,0.04584937114949847,0.0297872855373407,0.019962408135593652
1,54,4,0.0,0.04556651647096561,0.03065002774496868,0.020251119587430408
1,55,4,0.0,0.05157991949931781,0.029861501373932935,0.02029461183521443
1,56,4,0.0,0.05172423226329596,0.030664163045220568,0.021527091704345462
1,57,4,0.0,0.05180180922205077,0.028133658822440913,0.02303178918533889
1,58,4,0.0,0.05218949013935019,0.04226573986314878,0.01852775789891827
1,59,4,0.0,0.057505761302221195,0.029172711110767822,0.024307442329916114
1,60,4,0.0,0.057585845757486355,0.03132328340852122,0.024542789257630333
1,61,4,0.0,0.05768248258690942,0.029032128623983456,0.025753151223169738
1,62,4,0.0,0.06373978865785863,0.0420450293518816,0.023101346287698048
1,63,4,0.0,0.06404287992261917,0.03755376826787696,0.026933946948312186
1,64,4,0.0,0.07230182743302341,0.04595914468019062,0.02401064597599033
1,65,4,0.0,0.07230182743302341,0.0452143380584942,0.02700092491602151
1,66,4,0.0,0.14113714766238464,0.045061152778527604,0.03297533682667631
1,67,4,0.0,0.07246803320962246,0.04384348773451792,0.029881870369356398
1,68,4,0.0,0.07246803320962246,0.04090644341832251,0.03243607418710875
1,69,4,0.0,0.07246803320962246,0.04196987028832229,0.032823458982365
1,70,4,0.0,0.0868804834570743,0.05069572438605775,0.031493439845250125
1,71,4,0.0,0.08697319105530894,0.04590775349309913,0.034511840395923324
1,72,4,0.0,0.08697319105530894,0.05767163977544036,0.03222624654161812
1,73,4,0.0,0.08720385780305637,0.05793095435420833,0.03557492575024209
1,74,4,0.0,0.09062641451677252,0.06326466226300093,0.035420582441608235
1,75,4,0.0,0.09134149983576044,0.06022715238167372,0.03812401985091115
1,76,4,0.0,0.09134149983576044,0.06539621912802282,0.037737575663764386
1,77,4,0.0,0.09155093836270767,0.0654757130851372,0.03696758031332104
1,78,4,0.0,0.09155093836270767,0.06472723259098419,0.0398412757730293
1,79,4,0.0,0.09115126948368019,0.0629877086533305,0.039455154860892704
1,80,4,0.0,0.09109496425026507,0.06723073982509643,0.03682036510634635
1,81,4,0.0,0.28504331819009965,0.06678136035505937,0.048959683726938534
1,82,4,0.0,0.13766636919165492,0.051859300685100876,0.045011228503393376
1,83,4,0.0,0.21415462831333293,0.06872781573145346,0.04702091666745753
1,84,4,0.0,0.1848288114547754,0.06282056724914714,0.04965119120802195
1,85,4,0.0,0.3099998230268977,0.05469421203317009,0.05911505518428869
1,86,4,0.0,0.3099998230268977,0.05383042301234038,0.06321204965710009
1,87,4,0.0,0.28294377811367594,0.0598326918453777,0.06633757721947801
1,88,4,0.0,0.27373905344855576,0.05836260233277418,0.05991608822187278
1,89,4,0.0,0.27373905344855576,0.06894953781682404,0.0760741015344486
1,90,4,0.0,0.2816474534657236,0.08362719100835321,0.0949942579172944
1,91,4,0.0,0.2839620706335447,0.10205870628222576,0.10036466979269625
1,92,4,0.0,0.29367253517747066,0.1241491529674663,0.10663910108022709
1,93,4,0.0,0.2967320146450832,0.12610978130716188,0.1253269765774528
1,94,4,0.0,0.29674168758789027,0.11372550474215104,0.11914097980561032
1,95,4,0.0,0.30407573191670373,0.16944403081544293,0.12167902783651803
1,96,4,0.0,0.3022017235069369,0.12202688982704551,0.12429904130629904
1,97,4,0.0,0.3060650625176579,0.1439394298796998,0.12899297357381476
1,98,4,0.0,0.3083574924616456,0.16082155516064955,0.13015523663617282
1,99,4,0.0,0.31645947117808615,0.15288386359983722,0.13495167180718193
1,100,4,0.0,0.3328569051393566,0.13198475365016385,0.13144705197075038
1,101,4,0.0,0.3310796551548516,0.14179791719097184,0.13515874999285066
1,102,4,0.0,0.32512745168062257,0.16200226821371566,0.13494990048600808
1,103,4,0.0,0.32873234263135565,0.2040316931611913,0.12725945930624397
1,104,4,0.0,0.31802940611200037,0.1292837814508639,0.1361143762005932
1,105,4,0.0,0.4675116814917368,0.1598178443827604,0.14421089143586616
1,106,4,0.0,0.4331732890550492,0.18764341428403097,0.13336388651279477
1,107,4,0.0,0.33816163279790107,0.15492590502350964,0.14072616651028558
1,108,4,0.0,0.335479660959334,0.16045666013388704,0.1290118340299235
1,109,4,0.0,0.34207092753699975,0.18838078231756236,0.13030137825731924
1,110,4,0.0,0.34207092753699975,0.1519007326027885,0.1417656918925714
1,111,4,0.0,0.3384444173880696,0.2250877718760234,0.12401452422794097
1,112,4,0.0,0.3586402929740493,0.1851895693002857,0.1374091426661695
1,113,4,0.0,0.3354338535889736,0.19056680083505412,0.1304885062752932
1,114,4,0.0,0.34786973521351067,0.19129144108538423,0.13949347819403718
1,115,4,0.0,0.369436738573677,0.16699201205237738,0.1448662176582351
1,116,4,0.0,0.45521820273225394,0.18516475838421168,0.14977589972219285
1,117,4,0.0,0.44332099185530455,0.21498304298926338,0.14276789213798594
1,118,4,0.0,0.4268127377567127,0.19160523198534796,0.1454244774419711
1,119,4,0.0,0.4268127377567127,0.15427347290049112,0.14081589961143265
1,120,4,0.0,0.44334507251743155,0.1768470663825467,0.151747027002029
1,121,4,0.0,0.4501964338274985,0.18475671644413097,0.14265869863297773
1,122,4,0.0,0.463082108171938,0.18683419426600212,0.15575215391974628
1,123,4,0.0,0.46893969133453267,0.1704526695586779,0.15626771664058353
1,124,4,0.0,0.3778472703430027,0.1457690604050416,0.14757394340854255
1,125,4,0.0,0.4093755898361023,0.1655656485186587,0.14862635629708681
1,126,4,0.0,0.41141330005467036,0.19101641939209318,0.15684095793474606
1,127,4,0.0,0.41141330005467036,0.20420857296775768,0.14491528699311007
1,128,4,0.0,0.42521586585430193,0.16585399311759916,0.15593273692972007
1,129,4,0.0,0.42521586585430193,0.18769227535306993,0.14999619811719506
1,130,4,0.0,0.3632507588574131,0.1494073913935958,0.14394478941018166
1,131,4,0.0,0.36271605905502646,0.16494244758490256,0.14808739806396035
1,132,4,0.0,0.3533154394873564,0.17686199282487647,0.14734163038508577
1,133,4,0.0,0.3839824667818199,0.1722217627217721,0.14816502024087033
1,134,4,0.0,0.3839824667818199,0.18843687735443132,0.14679305780230834
1,135,4,0.0,0.3839824667818199,0.190416757277065,0.14581106620692605
1,136,4,0.0,0.39625489942079534,0.20022170470686645,0.1426169950764596
1,137,4,0.0,0.39625489942079534,0.2002506494662243,0.14835830863944996
1,138,4,0.0,0.39625489942079534,0.21444774524017934,0.14933189050870566
1,139,4,0.0,0.3686200108681578,0.14567100231747418,0.14898349767347793
1,140,4,0.0,0.4015479768172382,0.16661880867254883,0.15211914631089501
1,141,4,0.0,0.37257737501090105,0.16856131888517265,0.1380084644017252
1,142,4,0.0,0.3986312583321128,0.18514153415408907,0.14451610654248717
1,143,4,0.0,0.3986312583321128,0.1821630989781295,0.15386358126775265
1,144,4,0.0,0.3986312583321128,0.21724459998216342,0.13789570843691146
1,145,4,0.0,0.37842970201435966,0.2294412736525272,0.13449455906876517
1,146,4,0.0,0.3728252555208098,0.18766710017597565,0.1442093634763322
1,147,4,0.0,0.35782390179604107,0.2012507021516814,0.14840510842261254
1,148,4,0.0,0.3566890224220684,0.16453391316760432,0.15162604426628998
1,149,4,0.0,0.3699580118622222,0.2436698872130857,0.1437574289881311
1,150,4,0.0,0.3735740749691114,0.19427499048967295,0.1557089221501792
1,151,4,0.0,0.3807174553785967,0.15675316030579495,0.1489224032328274
1,152,4,0.0,0.3807174553785967,0.22373483972075256,0.14034469231342742
1,153,4,0.0,0.3883821285114871,0.19523759682952627,0.1566377916201674
1,154,4,0.0,0.3816053074747567,0.1565312253666482,0.15055393343172652
1,155,4,0.0,0.3771956756962708,0.17105403565501576,0.14434172912822799
1,156,4,0.0,0.37113577067490444,0.15121941139592843,0.14494361267220354
1,157,4,0.0,0.3632401481985919,0.18286362657976482,0.14169344185508215
1,158,4,0.0,0.3632401481985919,0.1967553890128363,0.14898528101451824
1,159,4,0.0,0.36466375208716384,0.2247190657188436,0.1333866388820217
1,160,4,0.0,0.370601322158136,0.21342077216382158,0.13670348734606885
1,161,4,0.0,0.370601322158136,0.2232054514663591,0.1413817589923643
1,162,4,0.0,0.37926041308796005,0.24627681242131494,0.1257717590784248
1,163,4,0.0,0.3689052892929601,0.18836228619685277,0.14345399761014355
1,164,4,0.0,0.3638842842919138,0.21066445840682266,0.14225137737500929
1,165,4,0.0,0.36059539206660307,0.21477163027700488,0.14239948886174758
1,166,4,0.0,0.36656938938834016,0.20363885482633312,0.14310908333551356
1,167,4,0.0,0.36656938938834016,0.24420865530982488,0.13247743185782843
1,168,4,0.0,0.3606144521550247,0.2132746009587433,0.1362122358998004
1,169,4,0.0,0.3741986762600319,0.23169045522360057,0.13691779629522383
1,170,4,0.0,0.3741986762600319,0.22146650330723042,0.14316061630705967
1,171,4,0.0,0.3619808470176834,0.1773285173502881,0.15445992849344645
1,172,4,0.0,0.38333488273190064,0.21812571206434087,0.14177719262769342
1,173,4,0.0,0.38949315791514433,0.22482780711289915,0.14337442540351597
2,0,4,0.0,-2.823716704172499e-07,-2.8237167042101077e-07,2.031590993368344e-18
2,1,4,0.0,-6.609435460924627e-08,-2.6979331623074786e-07,5.01666827669336e-08
2,2,4,0.0,7.664890039809147e-11,-1.879626415564347e-07,8.861422727959301e-08
2,3,4,0.0,7.837272355140896e-11,-1.1022176155959128e-07,8.985254928674508e-08
2,4,4,0.0,1.2302508813219122e-06,-4.908836901538216e-08,2.1178258097759135e-07
2,5,4,0.0,1.2431263894262402e-06,3.2004835492198946e-08,3.2207722296946623e-07
2,6,4,0.0,4.416862372938119e-05,1.0415607982303985e-06,6.1928528542154055e-06
2,7,4,0.0,4.416862372938119e-05,3.5826035341061295e-06,1.048316155960076e-05
2,8,4,0.0,6.461876990023231e-05,8.642551489333543e-06,1.6887066840560247e-05
2,9,4,0.0,0.00011906974046261392,1.770754180525527e-05,2.5998785918587856e-05
2,10,4,0.0,0.0001226057170867928,2.5713005564717187e-05,2.926836828413903e-05
2,11,4,0.0,0.00012355787485796875,3.8446025080367054e-05,3.0812469160728905e-05
2,12,4,0.0,0.00012498834309858465,4.3513148709652484e-05,3.7927686805902316e-05
2,13,4,0.0,0.00012260868946320868,5.167157321571578e-05,3.776254780816552e-05
2,14,4,0.0,0.00013251185707840765,5.9864027385957876e-05,4.719898435466339e-05
2,15,4,0.0,0.00013251185707840765,6.863999808625551e-05,5.278483715717939e-05
2,16,4,0.0,0.00013167019581300976,6.890862392487385e-05,5.021050372150163e-05
2,17,4,0.0,0.000147028323034222,7.792985940121484e-05,5.0041031750532254e-05
2,18,4,0.0,0.0005280644341130819,9.378623811107641e-05,8.1160550179952e-05
2,19,4,0.0,0.0005287221152935903,0.00011263732287767757,0.0001034408614846095
2,20,4,0.0,0.0005880054187446527,0.0001514563666732741,0.0001692106325418377
2,21,4,0.0,0.0006779450954761112,0.000193886709444289,0.00020382582845465794
2,22,4,0.0,0.01840690563538916,0.0008529151154526096,0.0026826279370202057
2,23,4,0.0,0.018953619853237565,0.0026776412145626772,0.00517458815481137
2,24,4,0.0,0.01882000355324319,0.0053873790720204455,0.007185397106740107
2,25,4,0.0,0.02831669656109996,0.010462130966747243,0.008647877187585598
2,26,4,0.0,0.030128250765866303,0.012349977712870226,0.010208549674845595
2,27,4,0.0,0.03012825076586905,0.0164445443824483,0.011691140488741725
2,28,4,0.0,0.03439652569738494,0.016396484564874993,0.014001488699633604
2,29,4,0.0,0.034396525697471904,0.020041458467013915,0.013756339008917368
2,30,4,0.0,0.034396525697471904,0.015943484570077583,0.015103690778845906
2,31,4,0.0,0.044749078019634826,0.024674597449890336,0.014446773765430016
2,32,4,0.0,0.04476399257881164,0.024178000818942395,0.016231495254167717
2,33,4,0.0,0.053199314522622734,0.029045771357634503,0.017122388871468924
2,34,4,0.0,0.04635111545492573,0.02829101830296084,0.01946830170319467
2,35,4,0.0,0.04635111545494256,0.02899190856888887,0.019657894653215855
2,36,4,0.0,0.046351115454915964,0.02228871366022052,0.020723061910281584
2,37,4,0.0,0.04635111545492661,0.032599480786877744,0.018999773744635098
2,38,4,0.0,0.046379515949863705,0.026980170743563087,0.02018903795613084
2,39,4,0.0,0.046379515949863705,0.030424702305669894,0.021260188874869166
2,40,4,0.0,0.05190390169756907,0.032968507635915696,0.019506675172327834
2,41,4,0.0,0.05798357469818207,0.03440269554583723,0.019088116036098488
2,42,4,0.0,0.05798357469818906,0.033213845325514156,0.02050573548210811
2,43,4,0.0,0.0661711155849835,0.03436322057368738,0.021969670497339996
2,44,4,0.0,0.06617111558498885,0.03676919973906719,0.02355031013453445
2,45,4,0.0,0.06617111558498816,0.039514901266294276,0.026335479999497598
2,46,4,0.0,0.06617111558498795,0.041692116049765346,0.02697889111435636
2,47,4,0.0,0.07430252991623151,0.052223286832263356,0.023211114375658287
2,48,4,0.0,0.07430559246063943,0.05267041817150578,0.02528120353327712
2,49,4,0.0,0.09018853008329182,0.046466704756266235,0.02978015784692503
2,50,4,0.0,0.10140305999476662,0.04553703402020423,0.03281520926485441
2,51,4,0.0,0.10140305999476662,0.06276154962039902,0.03322701566903613
2,52,4,0.0,0.10164992400645237,0.060921447907801005,0.038110384065229395
2,53,4,0.0,0.1037468953987797,0.059980595262933055,0.03995141905335273
2,54,4,0.0,0.10580768739923753,0.04823286902658405,0.045094602528425086
2,55,4,0.0,0.10580570300938165,0.04960227346317491,0.04534756307400093
2,56,4,0.0,0.21288844771896132,0.07545352968729514,0.043606799049528744
2,57,4,0.0,0.1399344360302872,0.057612815199968546,0.048376558723910786
2,58,4,0.0,0.10686678908711186,0.05216733072167992,0.048141666910824
2,59,4,0.0,0.10731097269511254,0.07265845630714002,0.043411192318449886
2,60,4,0.0,0.12308642092989089,0.06275712046395784,0.0458276490941981
2,61,4,0.0,0.12308642093072801,0.06924833830385807,0.048200904959855004
2,62,4,0.0,0.12308642093023452,0.06403257919062215,0.052967048976047905
2,63,4,0.0,0.1274181633970807,0.08052167795924976,0.05138472038462653
2,64,4,0.0,0.1285851971933827,0.06518764903003905,0.052702943110665534
2,65,4,0.0,0.12741853318025345,0.08270921996749392,0.050672859098578264
2,66,4,0.0,0.13177393718311797,0.05582049410486918,0.05575144195098327
2,67,4,0.0,0.14046562710761046,0.07906404695158945,0.05551728645699874
2,68,4,0.0,0.14046562710761046,0.07125331894984552,0.057503579481841836
2,69,4,0.0,0.14046562710818306,0.07536715962297935,0.05876606961928821
2,70,4,0.0,0.14046562710801247,0.08154830743199432,0.05965788629040574
2,71,4,0.0,0.1404656271102326,0.07863464549478007,0.06129205839899599
2,72,4,0.0,0.140465627110443,0.09091348570958876,0.060646811785665
2,73,4,0.0,0.15583930502629897,0.07947036862488945,0.06203472241928392
2,74,4,0.0,0.1558329410154042,0.08385807963300138,0.061937981946269365
2,75,4,0.0,0.1558329410154042,0.0748155867740194,0.06467801569938732
2,76,4,0.0,0.19206222023367156,0.09541779047356756,0.06114897955495756
2,77,4,0.0,0.1920622202347201,0.08649716986072904,0.06991316834082034
2,78,4,0.0,0.20805806053738415,0.07843679126800392,0.07614472408432567
2,79,4,0.0,0.25345868072136357,0.11213611110270916,0.07674846878778675
2,80,4,0.0,0.22722476796534496,0.09488435782321718,0.08761748589555213
2,81,4,0.0,0.24833174924004695,0.1277564751138455,0.08478210904865
2,82,4,0.0,0.30801612447000426,0.1159771132402762,0.10627760419213375
2,83,4,0.0,0.3081445023516995,0.13466954096974443,0.11239645320541813
2,84,4,0.0,0.30814958652792923,0.15752734742682206,0.11980521818975627
2,85,4,0.0,0.665406627290481,0.156244118400537,0.14360381145970563
2,86,4,0.0,0.7187686371057552,0.17393298482955355,0.14825355318785377
2,87,4,0.0,0.7197207238218917,0.17026061671858742,0.19513752864535763
2,88,4,0.0,0.7197653478996016,0.1589960952241065,0.2079521597437144
2,89,4,0.0,0.7225882960103878,0.15081231920605995,0.19820614877384313
2,90,4,0.0,0.7223078349804148,0.168041793728627,0.20796120867932424
2,91,4,0.0,0.722222145753999,0.2554033625993787,0.25252162193805305
2,92,4,0.0,0.8436473192041294,0.2766342262620536,0.28050554057690724
2,93,4,0.0,0.8101041319377298,0.29516052463971854,0.30292748392928137
2,94,4,0.0,0.7867587144766096,0.35571829370676405,0.3211176078865738
2,95,4,0.0,0.7518541609458771,0.3010378396689583,0.3275927667768749
2,96,4,0.0,0.7522088931111344,0.38703268649211287,0.32034686019700104
2,97,4,0.0,0.7518099848993376,0.3562544433650169,0.3193141383127963
2,98,4,0.0,0.7517979408813448,0.3130926878237068,0.2998973607468221
2,99,4,0.0,0.791631278510938,0.37463044691522884,0.3326980388161952
2,100,4,0.0,0.9397033708385143,0.296585380216592,0.35045339931342917
2,101,4,0.0,0.9397033708385143,0.30573695484665986,0.3488243158818222
2,102,4,0.0,0.9397035489562149,0.4761481977151557,0.3526241756026131
2,103,4,0.0,0.9397035934966741,0.3375379000107652,0.3897460930746708
2,104,4,0.0,0.9397036048642906,0.41249093116096597,0.42310537804572385
2,105,4,0.0,0.9415364611085404,0.48727108028219956,0.41328568747447947
2,106,4,0.0,1.1713719467515151,0.4729729000305946,0.4086237743551456
2,107,4,0.0,0.9415364785646809,0.3257356570142423,0.3808852592092014
2,108,4,0.0,0.9415364801152468,0.3731202552368184,0.41385151944065773
2,109,4,0.0,1.0260154147419875,0.42853335765728146,0.3999851631819432
2,110,4,0.0,1.0260154147419875,0.42775919050173433,0.42375355732071057
2,111,4,0.0,1.0260154147419875,0.472782708604989,0.41012620442453873
2,112,4,0.0,1.0279728312315595,0.48317046484007053,0.4503534660153232
2,113,4,0.0,1.0272240802908559,0.43723301920200913,0.427066780673438
2,114,4,0.0,1.0258275079023247,0.3987304214179781,0.4375857722191009
2,115,4,0.0,1.1716325057095582,0.4389558184847553,0.399509919749381
2,116,4,0.0,1.179149654815398,0.34699919964656645,0.4275038233759966
2,117,4,0.0,1.229833333339409,0.33148066619185956,0.421435019109365
2,118,4,0.0,1.2300026960121275,0.3441008718159971,0.4297791827749656
2,119,4,0.0,1.2303117235629644,0.37451138474234846,0.46014504459248484
2,120,4,0.0,1.230700827549348,0.4714338953837315,0.4784645692498702
2,121,4,0.0,1.230700827549348,0.577376117834549,0.5214399074341494
2,122,4,0.0,1.230700827549348,0.2917550121851163,0.4102941686960566
2,123,4,0.0,1.2311791368238396,0.3400107642971013,0.4557459478203383
2,124,4,0.0,1.2312513732680845,0.3603330684562102,0.4752817328395931
2,125,4,0.0,1.2308691233182427,0.49568948953781417,0.5159883687832959
2,126,4,0.0,1.230289874116179,0.4519861144383684,0.4848868402116502
2,127,4,0.0,1.2319092016622935,0.3808789370320308,0.45852729241702267
2,128,4,0.0,1.2303877795459441,0.5063760445057601,0.4770324834586855
2,129,4,0.0,1.231465907194287,0.4380699422383436,0.5320155448435359
2,130,4,0.0,1.2511978394028,0.5204017345489783,0.53835432728967
2,131,4,0.0,1.2511978394029342,0.4665813026417014,0.5265635297623099
2,132,4,0.0,1.2511978394029342,0.4198091686508245,0.47566366247927455
2,133,4,0.0,1.2511978394027383,0.44129496444996164,0.5226384342458958
2,134,4,0.0,1.2511978394025154,0.33514759375533015,0.45915193001278
2,135,4,0.0,1.2511978394025154,0.33880520756263527,0.45473737818063803
2,136,4,0.0,1.2511978394031371,0.46077962704326525,0.4778311400298156
2,137,4,0.0,1.2511978394036207,0.6056412101828166,0.5003411686239274
2,138,4,0.0,1.2511978394031342,0.3691246505811836,0.4472166555317426
2,139,4,0.0,1.2511978394032168,0.5209541885429398,0.4791400712952308
2,140,4,0.0,1.2568652760584338,0.3500437549178545,0.47939950176983814
2,141,4,0.0,1.2511978394030985,0.5467171852287661,0.5367183931280388
2,142,4,0.0,1.2511978394037326,0.6177945469751287,0.5516065548582042
2,143,4,0.0,1.2511978394034236,0.44939588798610364,0.4991589245507115
2,144,4,0.0,1.267588511885686,0.5427448551266417,0.554272009784353
2,145,4,0.0,1.2881385475353415,0.4208360233290234,0.500186424588282
2,146,4,0.0,1.2947907555772615,0.5110087088990455,0.5354283498571638
2,147,4,0.0,1.2969825280970644,0.4618857628288729,0.521942169855554
2,148,4,0.0,1.2969825280970644,0.4830896549519716,0.4984883571727623
2,149,4,0.0,1.298456872843343,0.4921815351977796,0.5460357629358088
2,150,4,0.0,1.2969825280970644,0.49276444550147425,0.5185489468206286
2,151,4,0.0,1.2982775938710283,0.3974193959241401,0.5109722724129804
2,152,4,0.0,1.292695550423178,0.4226076078301984,0.489384411090663
2,153,4,0.0,1.2982111957193159,0.5712148258888109,0.5329242580785065
2,154,4,0.0,1.2982111957193159,0.39796780086570216,0.49382179532475773
2,155,4,0.0,1.2836674362785356,0.45548006363454163,0.5072091944573158
2,156,4,0.0,1.2511978394031527,0.4377966413903163,0.506503064810721
2,157,4,0.0,1.2575123803648942,0.4518772151262407,0.5036119502251245
2,158,4,0.0,1.2511978394026353,0.5579326789468009,0.5061262360932369
2,159,4,0.0,1.2511978394026353,0.36423709051258124,0.46536727247254844
2,160,4,0.0,1.258577349331414,0.5192202079703465,0.5374591203705493
2,161,4,0.0,1.3172934230411149,0.502402916983855,0.4965054611070666
2,162,4,0.0,1.3172934230411149,0.37942260799780037,0.47713375586450735
2,163,4,0.0,1.2596808468009977,0.5098106280648423,0.5201170450864013
2,164,4,0.0,1.2703488832876442,0.5164112161696824,0.5194311564796507
2,165,4,0.0,1.2703488938888707,0.450148913329305,0.5273299931585085
2,166,4,0.0,1.2880148935966977,0.42642734137210303,0.513631973507024
2,167,4,0.0,1.2869240312706611,0.4774325109830897,0.5445703045908278
2,168,4,0.0,1.270348895308984,0.42363718556395,0.5013139570141093
2,169,4,0.0,1.2573631180269733,0.3890566531893975,0.4518436745133614
2,170,4,0.0,1.2703488854297393,0.45120863985946763,0.5110095467669993
2,171,4,0.0,1.2703488961945235,0.6142012237030278,0.5245357029041109
2,172,4,0.0,1.270348900819223,0.43390916901168525,0.4757013354696209
2,173,4,0.0,1.2703488812575707,0.3807718515369156,0.4706376643965796
2,174,4,0.0,1.2703488905873415,0.4060706568619969,0.47954623209099356
2,175,4,0.0,1.2703488912074363,0.563283501561656,0.5011324742615286
2,176,4,0.0,1.25905689701916,0.4729266472579621,0.5157891078561382
2,177,4,0.0,1.25905689701916,0.4628368139715244,0.5314782749958225
2,178,4,0.0,1.2593096652257887,0.5344380054364022,0.5487207508846185
2,179,4,0.0,1.2622296702153235,0.39016644707690395,0.5141044593730029
2,180,4,0.0,1.2856578483297443,0.5308037318592148,0.5219896345960828
2,181,4,0.0,1.2856578551923417,0.4681450006215778,0.5065398354359649
2,182,4,0.0,1.2856578483297443,0.46717040461611536,0.4792887407791093
2,183,4,0.0,1.2856578691423177,0.5292586973385625,0.5173372324650991
2,184,4,0.0,1.285657861206449,0.5088753135506559,0.5423166198385787
2,185,4,0.0,1.2856578573129762,0.5439739332974372,0.5365624765604422
2,186,4,0.0,1.285657871871155,0.4931517559821653,0.5515230602830052
2,187,4,0.0,1.2856578657092754,0.3657590712497133,0.5266068024068652
2,188,4,0.0,1.3161312912198984,0.3939337247275951,0.49375695577266676
2,189,4,0.0,1.465764096785386,0.32636481550608004,0.4780157527565603
2,190,4,0.0,1.465764096785386,0.393832603290953,0.5061143393159392
2,191,4,0.0,1.465764096785386,0.42693274286650457,0.532310708098923
2,192,4,0.0,1.29802218977882,0.3534098300876668,0.42345485569082164
2,193,4,0.0,1.3206074990417151,0.5854848211326454,0.538433454226274
2,194,4,0.0,1.4904261076708016,0.36690897835187847,0.5050594255505201
2,195,4,0.0,1.4904261076708016,0.44157632305362926,0.47714824829722774
2,196,4,0.0,1.3634416877251854,0.354786016623057,0.477726372119457
2,197,4,0.0,1.3634416877251854,0.5389737834173756,0.5620052517303407
2,198,4,0.0,1.3556730050234975,0.37381259063822037,0.4850740448385571
2,199,4,0.0,1.2856578575162356,0.34932256551797336,0.4299166833831375
2,200,4,0.0,1.3051420117053265,0.4142132566762342,0.4674685133118955
3,0,4,0.0,-2.823716704172499e-07,-2.8237167042149876e-07,1.8939617562640813e-18
3,1,4,0.0,-6.609435460924627e-08,-2.74965969327065e-07,4.591857113981162e-08
3,2,4,0.0,-6.609435460924627e-08,-2.3013451907925567e-07,6.649087665749366e-08
3,3,4,0.0,7.39809947912433e-07,-1.4679355124477185e-07,1.498591070600522e-07
3,4,4,0.0,7.39809947912433e-07,-7.43677895679612e-08,1.9573646356252963e-07
3,5,4,0.0,7.477657986245506e-07,4.452354677787383e-09,2.600505328675174e-07
3,6,4,0.0,7.636775031015243e-07,8.49711179763352e-08,3.2609078155544403e-07
3,7,4,0.0,1.5294174818446758e-06,3.1703408947059116e-07,4.84511983897611e-07
3,8,4,0.0,4.84509624590094e-06,7.645614972740137e-07,8.105297789258466e-07
3,9,4,0.0,4.84509624590094e-06,9.580050149085413e-07,1.2941862271166167e-06
3,10,4,0.0,2.1773353917226017e-05,2.0491431808147414e-06,3.399008298544413e-06
3,11,4,0.0,3.0412942355876407e-05,4.1862702734456165e-06,6.306821774292872e-06
3,12,4,0.0,3.0303439277516297e-05,5.567864409087223e-06,7.767521592959156e-06
3,13,4,0.0,3.0312278313734455e-05,9.43304581670996e-06,1.0081261845646056e-05
3,14,4,0.0,4.601050694525422e-05,1.2117694649204499e-05,1.22319036588461e-05
3,15,4,0.0,4.798230449879166e-05,1.6282840012911786e-05,1.4921382207394914e-05
3,16,4,0.0,4.8454306796961067e-05,2.127730775841736e-05,1.7041422445082515e-05
3,17,4,0.0,4.8434852409278935e-05,2.4343766513938856e-05,2.0110444151565735e-05
3,18,4,0.0,5.5720119186299605e-05,2.1087195637857622e-05,2.2023542908337162e-05
3,19,4,0.0,6.017552528828257e-05,2.332673398863846e-05,2.2239552917628937e-05
3,20,4,0.0,5.753549625414542e-05,2.8658471345089362e-05,2.154340672642947e-05
3,21,4,0.0,5.565941127927563e-05,2.797735097414168e-05,2.104760092144188e-05
3,22,4,0.0,5.56132840989101e-05,2.5160992250760618e-05,2.269255413686676e-05
3,23,4,0.0,5.574611763745954e-05,2.6586531333141746e-05,2.3599269769599216e-05
3,24,4,0.0,5.57209057489601e-05,2.555880266884764e-05,2.161487453323885e-05
3,25,4,0.0,5.575467787446155e-05,2.4860260554489706e-05,2.3104302621395764e-05
3,26,4,0.0,5.575467787446155e-05,3.086748192044677e-05,2.2281102248335303e-05
3,27,4,0.0,9.788136028528978e-05,3.075500488272831e-05,2.4801209912700925e-05
3,28,4,0.0,0.0001049460038560828,2.9670470371672336e-05,2.947040813209568e-05
3,29,4,0.0,0.00010576835239189248,4.016584777340568e-05,3.3564129332157674e-05
3,30,4,0.0,0.00010486025853761414,4.333401268403338e-05,3.5937048249643144e-05
3,31,4,0.0,0.00014171130290075224,4.93470738990958e-05,3.821879765572277e-05
3,32,4,0.0,0.0001486000867504001,5.739812790111159e-05,4.516999427904838e-05
3,33,4,0.0,0.0001362234689549034,6.12416659243996e-05,3.883662132111838e-05
3,34,4,0.0,0.008612817339571014,0.0002475204874332344,0.0012209139289965731
3,35,4,0.0,0.008475145911965956,0.00024321057611894888,0.001189081790297865
3,36,4,0.0,0.008495338461092114,0.0002607535407693344,0.0012153273091663234
3,37,4,0.0,0.008891516633821546,0.0007693260706019765,0.002315148237488949
3,38,4,0.0,0.012574874637013324,0.0022332789384416044,0.0038194479145228916
3,39,4,0.0,0.013891108810226146,0.005369317227817818,0.004795476538585666
3,40,4,0.0,0.014094847795068768,0.0061478024577350885,0.005466293881258723
3,41,4,0.0,0.014678324058107334,0.0069833315435315095,0.0056373405717741135
3,42,4,0.0,0.016792812853711786,0.009629340002404162,0.005746087738667245
3,43,4,0.0,0.021898816223130852,0.009395811651685066,0.006602529385146717
3,44,4,0.0,0.031495049865784275,0.01166542406420254,0.007282621523881561
3,45,4,0.0,0.03144088108268965,0.012520172278868976,0.007975702656941952
3,46,4,0.0,0.03149504986578423,0.012865434510130423,0.009263092706862538
3,47,4,0.0,0.03151420518427124,0.012236543331654972,0.011108138003123135
3,48,4,0.0,0.03207256973908762,0.014174914462071846,0.013389146911734864
3,49,4,0.0,0.032063729406969416,0.01722645823351781,0.013892899466304422
3,50,4,0.0,0.03210551199664115,0.017604392786189985,0.014648055207882678
3,51,4,0.0,0.04737615681112112,0.021363811642572242,0.014640663235485737
3,52,4,0.0,0.043799250486333055,0.02410257903824293,0.013210021338124791
3,53,4,0.0,0.07214565008023292,0.018119447601678024,0.017808560899966356
3,54,4,0.0,0.07222283732725121,0.02730173970504277,0.022187777285311225
3,55,4,0.0,0.07233590585915721,0.03117449758408649,0.027498341352719034
3,56,4,0.0,0.0724259654052423,0.03940728531243837,0.03074005699212046
3,57,4,0.0,0.07324307969962346,0.047961657067228845,0.032004450914416525
3,58,4,0.0,0.07332266515316972,0.03952199148240726,0.03275056206184746
3,59,4,0.0,0.07335314825494094,0.03713554885626983,0.03269873305176104
3,60,4,0.0,0.07340111122819433,0.055197494441058294,0.029142525533155356
3,61,4,0.0,0.07355510897135713,0.044586112866580326,0.032935345550585145
3,62,4,0.0,0.07576265393943077,0.04645281863069566,0.03368811085779054
3,63,4,0.0,0.07577330392197885,0.044749380823855815,0.03399885915968072
3,64,4,0.0,0.07587620662512577,0.05879074690739459,0.028263213643386385
3,65,4,0.0,0.07587620662512577,0.05182321083987027,0.033689884444729264
3,66,4,0.0,0.07590905572431245,0.039849250291099605,0.0364667288213303
3,67,4,0.0,0.07589347474756704,0.04193186510718394,0.03509444390293615
3,68,4,0.0,0.07586431088898882,0.0458045000990728,0.03524248827983815
3,69,4,0.0,0.07637074557262051,0.05047658213662332,0.03203810395515391
3,70,4,0.0,0.07621820086941314,0.04484285609259866,0.03356392150002102
3,71,4,0.0,0.07595229643318105,0.03549113909147672,0.03436775684463742
3,72,4,0.0,0.07667826490868618,0.056407768668760405,0.029993526565534116
3,73,4,0.0,0.07669157209919018,0.05719467714491535,0.029663419650576263
3,74,4,0.0,0.07678762862421352,0.05613938513175406,0.03168086372175476
3,75,4,0.0,0.07856046039220634,0.05984970905811405,0.029917101357699247
3,76,4,0.0,0.07896034643411293,0.05903526241960113,0.028944880560908316
3,77,4,0.0,0.08244995476970599,0.04731406044311396,0.03537810222785121
3,78,4,0.0,0.08135925146125042,0.04985138795936928,0.03472557113884993
3,79,4,0.0,0.08124053686039756,0.04961712125164837,0.035837427007032234
3,80,4,0.0,0.08270836671347825,0.04529607343039266,0.035950351113934485
3,81,4,0.0,0.08329905287169267,0.04511709260246805,0.0358594927215041
3,82,4,0.0,0.08269309297185225,0.04964745428970931,0.037738806842231604
3,83,4,0.0,0.08269309297185225,0.054978206101666545,0.03673871666636537
3,84,4,0.0,0.08329905287169276,0.04610370364046199,0.03635163228438222
3,85,4,0.0,0.08365101208735057,0.057702155884384175,0.033830672066864714
3,86,4,0.0,0.0836385524201351,0.049952468093815344,0.03767051252857819
3,87,4,0.0,0.0836385524201351,0.06006191608806765,0.03327956852698934
3,88,4,0.0,0.08427788562134023,0.05651699304161456,0.03638581756470823
3,89,4,0.0,0.08427860022039195,0.05819732034286366,0.03733802349301686
3,90,4,0.0,0.08661891279299899,0.05629441650744012,0.03835783673465802
3,91,4,0.0,0.08674484469405498,0.04171854885083566,0.04077272937461419
3,92,4,0.0,0.08675984759123162,0.050662341892474906,0.03959683932724155
3,93,4,0.0,0.08682654713868551,0.05360248963555947,0.03939200316892103
3,94,4,0.0,0.08687463481706899,0.06253503242745738,0.03780132789656042
3,95,4,0.0,0.08739015483455864,0.06377819199710597,0.03689249476559265
3,96,4,0.0,0.08740005257224036,0.05318731473626367,0.04192814289048064
3,97,4,0.0,0.08754573522228663,0.05253689128646807,0.0399996377095138
3,98,4,0.0,0.08754573522228663,0.06936270414764574,0.03128324819762038
3,99,4,0.0,0.08759289657542861,0.07020957766703466,0.030744387436727753
3,100,4,0.0,0.08756368706513144,0.04901811941337878,0.041853320580492334
3,101,4,0.0,0.08773530382572214,0.06010046141910839,0.03729241001568456
3,102,4,0.0,0.08769510857928663,0.05366787339915996,0.04015253876853919
3,103,4,0.0,0.08777029214349903,0.06560138413043738,0.035447695026776395
3,104,4,0.0,0.08769935730041946,0.06497164823697453,0.03689247042401258
3,105,4,0.0,0.08806160073330545,0.0687142088124396,0.033234601619945514
3,106,4,0.0,0.08805477280972467,0.0572896274901716,0.038760985017429396
3,107,4,0.0,0.08801896149538106,0.07058882820693131,0.03356041680357451
3,108,4,0.0,0.08801896149538106,0.06947431022365101,0.03361862397597358
3,109,4,0.0,0.08806645890841203,0.062322666684802124,0.03760363259642097
3,110,4,0.0,0.08812828735389709,0.06328884686186224,0.03814126818248252
3,111,4,0.0,0.08813503409344797,0.0645938926048902,0.03806942318434828
3,112,4,0.0,0.09647304029079394,0.06364705413762518,0.03744252174163751
3,113,4,0.0,0.09660008456494597,0.05991288863024809,0.039461069341917406
3,114,4,0.0,0.09651974594633274,0.06907018370132996,0.03564905776301623
3,115,4,0.0,0.09643527810063497,0.0695955329685689,0.036495044060675046
3,116,4,0.0,0.09799493676055314,0.06923476793148259,0.040115417699146276
3,117,4,0.0,0.09802736915400348,0.06537965549021259,0.042413524929794215
3,118,4,0.0,0.09807714103734308,0.07012378417623284,0.03975506660575955
3,119,4,0.0,0.09810014645728146,0.07112830333831502,0.04207568093008127
3,120,4,0.0,0.0980908484430759,0.07245200881922366,0.041223113648801726
3,121,4,0.0,0.09806908369449595,0.06737035594223661,0.044063030814832364
3,122,4,0.0,0.09905116364621223,0.07471205647665032,0.039141697311993885
3,123,4,0.0,0.09905116364621223,0.07623942557263765,0.03891301799925227
3,124,4,0.0,0.099080278543195,0.06892135971492631,0.041288939904388554
3,125,4,0.0,0.09912283887070483,0.0718626209361917,0.0398054592776621
3,126,4,0.0,0.09907535602330342,0.07984451786590088,0.03715565901611892
3,127,4,0.0,0.09908353179132545,0.07603765446269398,0.0391111761622238
3,128,4,0.0,0.09907535602330356,0.07016495118807352,0.04266222330424426
3,129,4,0.0,0.0990809541546956,0.057694302791535826,0.04463205693684606
3,130,4,0.0,0.099109434335335,0.06344358684429813,0.04522509269696231
3,131,4,0.0,0.099109434335335,0.06658564935254684,0.04223514039515129
3,132,4,0.0,0.099109434335335,0.07977401503690883,0.036726930141386144
3,133,4,0.0,0.09909307604501548,0.06629622217246964,0.0427711455761349
3,134,4,0.0,0.09909307604501548,0.061157612240513214,0.045805850246460195
3,135,4,0.0,0.09907856815614628,0.08167994683812227,0.03544157153576933
3,136,4,0.0,0.09913332525950574,0.08171668360744123,0.03585222451344915
3,137,4,0.0,0.09908996562625651,0.08083763795356753,0.03522155578368542
3,138,4,0.0,0.0990818428460007,0.06902003376657304,0.041365636966379814
3,139,4,0.0,0.09909765213053733,0.07212087045777987,0.04194041488186907
3,140,4,0.0,0.09907248201930294,0.0701271503583689,0.040338674442696565
3,141,4,0.0,0.09907248201930294,0.07108478157965012,0.041017892871824294
3,142,4,0.0,0.09913947465015939,0.0739305954085479,0.04243308742754637
3,143,4,0.0,0.09908924771063551,0.06580299306075368,0.0434672709645504
3,144,4,0.0,0.09913914714896639,0.07662641215815454,0.03925325937718643
3,145,4,0.0,0.09911925182822898,0.05508623215505641,0.0482520099997576
3,146,4,0.0,0.09911925182822903,0.05937824239345825,0.0431413300063739
3,147,4,0.0,0.09913947465015939,0.055399396249071954,0.04714290905853875
3,148,4,0.0,0.09913947465015939,0.06995481447774206,0.042221657386917015
3,149,4,0.0,0.09913947465015939,0.07436493204834596,0.04157233611088297
3,150,4,0.0,0.09913947465015939,0.06684282829125106,0.04439808224836409
3,151,4,0.0,0.09914798655067118,0.07682780634720086,0.03897818712643377
3,152,4,0.0,0.09905979742168991,0.07817107523419274,0.035463249145265996
3,153,4,0.0,0.09907733285351557,0.06910304035617902,0.04044590760645154
3,154,4,0.0,0.09910780133444974,0.0750926169313166,0.040164505231815764
3,155,4,0.0,0.09909245330479469,0.06970992939597882,0.042872358228261076
3,156,4,0.0,0.09908475850079254,0.07013241465093106,0.04264757284659522
3,157,4,0.0,0.09907935564605681,0.06600391176233818,0.042142339638157125
3,158,4,0.0,0.09910601566945336,0.08368819020443088,0.033752066267269995
3,159,4,0.0,0.09913947465015939,0.07551534335892407,0.04010758491674792
3,160,4,0.0,0.09913947465015939,0.07397821161377624,0.03830064830774691
3,161,4,0.0,0.09909576176228675,0.07818117283403248,0.03975839166905496
3,162,4,0.0,0.09910902126978491,0.07623670373130804,0.03917060629887506
3,163,4,0.0,0.09912158726878802,0.07330058424915431,0.039903829063611077
3,164,4,0.0,0.09912158726878802,0.07013402735070352,0.04253024258826724
3,165,4,0.0,0.09912158726878802,0.0793521443267442,0.03770486630863366
3,166,4,0.0,0.09911953609430983,0.08469425181737367,0.0314406215691877
3,167,4,0.0,0.09914288528708737,0.07522553256824273,0.04058098838221511
3,168,4,0.0,0.09914288528708737,0.07634439619204049,0.03952833626752088
3,169,4,0.0,0.09913175161378901,0.08094750754775108,0.03592564515423185
3,170,4,0.0,0.09913947465015939,0.07250596050773514,0.041237991323212805
3,171,4,0.0,0.09911634138412674,0.07783058367697833,0.03828244645707598
3,172,4,0.0,0.0991363572503115,0.07863201486761462,0.038043914668051494
3,173,4,0.0,0.0991363572503115,0.08565684075921148,0.032190390829176845
3,174,4,0.0,0.09909972724921261,0.08155540123728273,0.03594393287962646
3,175,4,0.0,0.09914809662357256,0.08228223660631931,0.03297757355540126
3,176,4,0.0,0.09914809662357256,0.08608679209739202,0.03046531756990956
3,177,4,0.0,0.09914809662357256,0.07023664271309168,0.04209837098935716
3,178,4,0.0,0.09914809662357256,0.0821785114075938,0.03535179542125735
3,179,4,0.0,0.09907593279350696,0.06925402021395344,0.04107789649277979
3,180,4,0.0,0.09911722298806053,0.08415808838467315,0.032078350295838
3,181,4,0.0,0.09914809662357256,0.08134393970680545,0.03447757166941919
3,182,4,0.0,0.09914809662357256,0.07597939889197286,0.03701616455640298
3,183,4,0.0,0.0991364297312849,0.08311500842446902,0.03234865779344794
3,184,4,0.0,0.09912244061377767,0.06649570520313149,0.04389974134828748
3,185,4,0.0,0.09913184817425785,0.08073677149976503,0.035256094482313094
3,186,4,0.0,0.09913184817425785,0.07479417282410147,0.039816484371522715
3,187,4,0.0,0.09910086111096232,0.07597270407084239,0.039490683579148075
3,188,4,0.0,0.09910086111096232,0.06903223212858778,0.042258185637333655
3,189,4,0.0,0.09912667512509303,0.06124682715233154,0.04298876306999044
3,190,4,0.0,0.09914809662357255,0.08182070499840455,0.03270267725391949
3,191,4,0.0,0.09914809662357255,0.08256310845125157,0.03611944108215725
3,192,4,0.0,0.09914809662357255,0.07798609841484644,0.03622309032063688
3,193,4,0.0,0.10533263996147456,0.07092088559314423,0.042713348397541276
3,194,4,0.0,0.10533263996147323,0.06424034832109923,0.045511453020723534
3,195,4,0.0,0.1053326399614761,0.08170611155845514,0.034032276369545866
3,196,4,0.0,0.1053326399614761,0.08285231458698207,0.03400626668751586
3,197,4,0.0,0.10533263996148311,0.08145918518958616,0.03915096846650811
3,198,4,0.0,0.10533263996148141,0.08266724934071792,0.03913776054467814
3,199,4,0.0,0.10533263996148008,0.09028994131570371,0.034253376241217035
3,200,4,0.0,0.10533480529087802,0.060272848997829406,0.0474033774350986
4,0,4,0.0,-2.823716704172499e-07,-2.82371670420982e-07,2.1351399125920462e-18
4,1,4,0.0,-6.609435460924627e-08,-2.66713161453497e-07,6.047779913658112e-08
4,2,4,0.0,7.398099462065526e-07,-1.5590614728475238e-07,1.5477762715376216e-07
4,3,4,0.0,7.318540942058479e-07,-6.653421254755674e-08,1.4450517362810974e-07
4,4,4,0.0,1.5294174823321606e-06,1.3025546526062146e-08,3.18243367264977e-07
4,5,4,0.0,3.4555609758788685e-05,7.880113264899329e-07,4.83900295191743e-06
4,6,4,0.0,3.560376655066412e-05,1.961012367717298e-06,7.4466332539166805e-06
4,7,4,0.0,4.5758638366992884e-05,6.509158684516684e-06,1.3827434266567566e-05
4,8,4,0.0,9.436728579466644e-05,1.734768770748342e-05,2.0945059943670958e-05
4,9,4,0.0,0.00037579313745843366,3.276835045220932e-05,5.66221340969541e-05
4,10,4,0.0,0.00037584252357820004,5.6167499593599284e-05,8.643889221541509e-05
4,11,4,0.0,0.00037581113359121116,9.595636468556141e-05,0.00012006416443014433
4,12,4,0.0,0.0003758470027630481,0.00013652332350401486,0.00014263203880135613
4,13,4,0.0,0.00048270502044253053,0.00024956291454434156,0.00013903103744135095
4,14,4,0.0,0.0004827707115376562,0.00026065845433440087,0.00017511826958859338
4,15,4,0.0,0.0012503702943801498,0.0002730003537392912,0.00023796294566786447
4,16,4,0.0,0.004353834855302706,0.0003704251386002537,0.0006472488354052798
4,17,4,0.0,0.004495260365102101,0.0005744360718796023,0.001066979430125719
4,18,4,0.0,0.022480154510407357,0.0021268146460513403,0.004737995200339516
4,19,4,0.0,0.02325743340467206,0.006365616638642764,0.00816186615171486
4,20,4,0.0,0.022377897104062305,0.009270593117404876,0.00958344776083373
4,21,4,0.0,0.022572252900316756,0.010811057172780945,0.010324983299142795
4,22,4,0.0,0.022909247706028816,0.010752057059107856,0.010890188294383077
4,23,4,0.0,0.023833656438641933,0.012163349820226694,0.010261775490936292
4,24,4,0.0,0.024685797878254603,0.012861449826312387,0.01084097886216802
4,25,4,0.0,0.02505252066517304,0.014103564161164811,0.011230242173247758
4,26,4,0.0,0.02505252066517304,0.014491540725462788,0.01098780919323693
4,27,4,0.0,0.02505252066517304,0.013444063701944859,0.0111644061249233
4,28,4,0.0,0.02505252066517304,0.009682057747115117,0.011347235855818743
4,29,4,0.0,0.02505252066517304,0.014699653435977839,0.011072074955358533
4,30,4,0.0,0.024803908043165398,0.014437127666779515,0.011530016855925527
4,31,4,0.0,0.09868030458622598,0.016342289415706587,0.01619943807800121
4,32,4,0.0,0.10798499040076698,0.018831573490483634,0.023855425821652607
4,33,4,0.0,0.10798499040076698,0.01666867647956458,0.027593507406144354
4,34,4,0.0,0.1102393726576778,0.0164481887593035,0.02470855932235224
4,35,4,0.0,0.101954659047649,0.01521282526692353,0.024861963464995897
4,36,4,0.0,0.08037700416763147,0.02039186701856474,0.026577829156142062
4,37,4,0.0,0.15518720260993413,0.03287147810370658,0.04247257924012438
4,38,4,0.0,0.17608492725658328,0.0538565994442137,0.051436902434209
4,39,4,0.0,0.22411248276891552,0.06092247837334133,0.06457947322816505
4,40,4,0.0,0.22249198848945767,0.06651425783402741,0.06918331768074788
4,41,4,0.0,0.22249198848945767,0.0764350462669367,0.07727761311953908
4,42,4,0.0,0.23550924661042677,0.10541622607548592,0.08950713305153377
4,43,4,0.0,0.2413625572386093,0.11771010540826854,0.09745743097785786
4,44,4,0.0,0.24029463680459034,0.09748516863972635,0.10057890094494672
4,45,4,0.0,0.36967813249586834,0.1288157866979981,0.1042570788800761
4,46,4,0.0,0.363070692006496,0.13737163236193628,0.12241402254684568
4,47,4,0.0,0.36186430554592164,0.10169446941096709,0.11721140084255713
4,48,4,0.0,0.37293662328641203,0.16081121224535824,0.13431690086407735
4,49,4,0.0,0.38338408644593186,0.15568884039042236,0.16132503609999066
4,50,4,0.0,0.38634929191635214,0.16574952636118956,0.1626461637650775
4,51,4,0.0,0.39208912531754214,0.17620190205399372,0.16855842623462988
4,52,4,0.0,0.38699335436901955,0.1594056402407709,0.15769345167760812
4,53,4,0.0,0.3890269729682222,0.1799496064098116,0.17745948108304094
4,54,4,0.0,0.4634569366489308,0.14555688429488012,0.1800419714712921
4,55,4,0.0,0.4612486712067073,0.20096317399351268,0.17893602962678729
4,56,4,0.0,0.46866310382254545,0.20018882955764475,0.1882544956367096
4,57,4,0.0,0.46965657062806815,0.18270440613656835,0.1878158887062726
4,58,4,0.0,0.469036330727348,0.19122927640986498,0.18696363322747117
4,59,4,0.0,0.49715531435937566,0.22675516154718273,0.2043690920285535
4,60,4,0.0,0.49527299983886486,0.2161009361581676,0.20603640229470763
4,61,4,0.0,0.4923024378642686,0.23668565947740625,0.20981022684437753
4,62,4,0.0,0.4986689731000516,0.2591205384625605,0.22794888137978359
4,63,4,0.0,0.5033195471994979,0.24045943889032903,0.23329044884676786
4,64,4,0.0,0.5337116046619353,0.25315381853340296,0.23283444851958307
4,65,4,0.0,0.5039874160080172,0.236702135559442,0.22585047492231922
4,66,4,0.0,0.5117990213794794,0.257272755394838,0.23191450845206357
4,67,4,0.0,0.5090237648117357,0.19223668477213088,0.2111108806453741
4,68,4,0.0,0.5116405894313006,0.27683642586978796,0.20866571726867716
4,69,4,0.0,0.5302829966878003,0.2396488241411538,0.22545391424695352
4,70,4,0.0,0.5092676049747347,0.22587777694287903,0.23242134692865868
4,71,4,0.0,0.5176604038965825,0.22814274347356175,0.22452091367182292
4,72,4,0.0,0.5159487239651106,0.25284029318711204,0.23983654811600766
4,73,4,0.0,0.5239486850454728,0.23093171543384078,0.23163366205582578
4,74,4,0.0,0.5239486850454728,0.2323669628469492,0.24071400857795974
4,75,4,0.0,0.5316279857288415,0.3149020336307036,0.23190511850615775
4,76,4,0.0,0.5427694272903134,0.20527234327564514,0.2343310666328758
4,77,4,0.0,0.5469158435566108,0.24953547123719752,0.2530197431108193
4,78,4,0.0,0.5422199391357564,0.24667043659593513,0.24427899481834403
4,79,4,0.0,0.5401580395376028,0.22094906516160484,0.24168252871685822
4,80,4,0.0,0.5468828661136369,0.24631437831656683,0.25825614036465444
4,81,4,0.0,0.5468828661136369,0.23787875084258808,0.25103434429251026
4,82,4,0.0,0.5436774694181549,0.2393369964785485,0.2398922269786089
4,83,4,0.0,0.5436774694181549,0.26557659457140453,0.2543507326438904
4,84,4,0.0,0.5484606871344682,0.22020621052359196,0.25028080099264316
4,85,4,0.0,0.546182492038868,0.2457152253256768,0.23338871082541804
4,86,4,0.0,0.5518300294120846,0.2616762608213139,0.23124676191124124
4,87,4,0.0,0.5517615150042725,0.21925933120158692,0.2329509418000894
4,88,4,0.0,0.5517615150042725,0.23813121262365033,0.2500565594649767
4,89,4,0.0,0.5517615150042725,0.2998635002136985,0.2469563717948099
4,90,4,0.0,0.5571884228099614,0.23105082958287393,0.2566058685349181
4,91,4,0.0,0.5517615150042725,0.3526675383128468,0.23954231986847832
4,92,4,0.0,0.5589257123123715,0.3414144643203171,0.24525409580766108
4,93,4,0.0,0.5613336751907776,0.24507977708702447,0.2496037208464833
4,94,4,0.0,0.5613336751907776,0.2173616936451847,0.2523320578202736
4,95,4,0.0,0.5613336751907776,0.23152321710395893,0.253070333099501
4,96,4,0.0,0.5613336751907776,0.213593663476676,0.24220208489270387
4,97,4,0.0,0.5710862540007731,0.22681759213815633,0.253510181592378
4,98,4,0.0,0.5710862540007731,0.27287664032980863,0.26867699485700425
4,99,4,0.0,0.5711381819468728,0.2513043109087924,0.2709569131648184
4,100,4,0.0,0.5778647097437485,0.29897142677137867,0.248577865497399
4,101,4,0.0,0.5778647097437485,0.27456372272512236,0.2611476064505259
4,102,4,0.0,0.5778647097437485,0.2828926007265444,0.26178886040633526
4,103,4,0.0,0.5778647097437485,0.30763275850968097,0.25489543667274145
4,104,4,0.0,0.5834847924104349,0.284232648240681,0.2545196258716453
4,105,4,0.0,0.5689783045844851,0.20461170959549435,0.24221737433712603
4,106,4,0.0,0.5753418401464356,0.2510201153501291,0.24902831554051344
4,107,4,0.0,0.5672037525235846,0.23227161750260855,0.23648959137636133
4,108,4,0.0,0.5672037525235846,0.3316396551865881,0.25417059392910557
4,109,4,0.0,0.6903164136138521,0.2518311834771365,0.26006535345151305
4,110,4,0.0,0.7025552857850229,0.3220962609462659,0.2511837467584494
4,111,4,0.0,0.7148317095365013,0.27409003159461465,0.26327567928704115
4,112,4,0.0,0.7148317095365013,0.3030251179639317,0.27472216459993326
4,113,4,0.0,0.7264945140152156,0.37619263586269397,0.2888579304124621
4,114,4,0.0,0.7882576294776643,0.38513192292002985,0.3281684221655733
4,115,4,0.0,0.8024593428103994,0.4364075500190053,0.31583171644256464
4,116,4,0.0,0.8183218544974706,0.3770682504994432,0.33737517882791823
4,117,4,0.0,0.816793447663188,0.34148518560564783,0.35302879627897465
4,118,4,0.0,0.8183033533313941,0.3537542323016802,0.35966564110164884
4,119,4,0.0,0.84864318940426,0.5257166917326255,0.3263068597665118
4,120,4,0.0,0.8469995078734845,0.42363555076278964,0.3666472538474913
4,121,4,0.0,0.8553068130561535,0.5316342861738979,0.35664020478292124
4,122,4,0.0,0.873159902803373,0.5518276187149344,0.3545959677301069
4,123,4,0.0,0.9379686767555965,0.4008142317329762,0.392063869914514
4,124,4,0.0,0.9423152210627768,0.5016151598814865,0.38810992684469253
4,125,4,0.0,0.9891395281740041,0.4434097893138294,0.38508787333487027
4,126,4,0.0,0.9891395281740055,0.425013147928478,0.39456323125947595
4,127,4,0.0,0.9891395281740027,0.505167523904091,0.38726172008988013
4,128,4,0.0,0.936642498369627,0.40065201531290795,0.3835739223645423
4,129,4,0.0,0.9534727549400667,0.48795576923613326,0.4316865320919381
4,130,4,0.0,0.9530069361902468,0.35448511255082776,0.4020862300412434
4,131,4,0.0,0.9588739190935679,0.489077983355895,0.43088979080961043
4,132,4,0.0,0.953006936190401,0.44643905983005666,0.4226478312631091
4,133,4,0.0,0.95887391909346,0.5264863865097655,0.411530302155992
4,134,4,0.0,0.9530069361902468,0.4599466987259904,0.41412467694495214
4,135,4,0.0,0.9586978585477932,0.35010134653494546,0.4237529167091404
4,136,4,0.0,0.9537123636630084,0.5745773403036674,0.40577488641310605
4,137,4,0.0,0.9595520841864981,0.4987986147331442,0.41590095285304185
4,138,4,0.0,0.9584736844290773,0.5236194004550546,0.42459169538105973
4,139,4,0.0,0.9652437678066443,0.5706775797726212,0.39190001548497466
4,140,4,0.0,0.9652437678067635,0.573783505697731,0.41583141967464476
4,141,4,0.0,0.9672397982999527,0.5759785698334157,0.42431189013788423
4,142,4,0.0,0.9714184116469113,0.5581825246847512,0.43529754916766356
4,143,4,0.0,0.9714184116469113,0.5032273677299115,0.4073004762828778
4,144,4,0.0,0.9714184116469453,0.5812373442432163,0.3946951186162791
4,145,4,0.0,0.9714184116470758,0.4642519994049243,0.4269144883676965
4,146,4,0.0,0.9754062855657472,0.45911979225891136,0.41949747874660714
4,147,4,0.0,0.9775962515759984,0.44092168073953597,0.4209623318412859
4,148,4,0.0,0.9775962515759984,0.4767036125750784,0.42909819464949006
4,149,4,0.0,0.9775962515759984,0.4835822183102648,0.4271765833211337
4,150,4,0.0,0.9714184116469559,0.4313396908230162,0.41515119048208615
4,151,4,0.0,0.9714184116470599,0.49022653339832145,0.433955086197215
4,152,4,0.0,0.9715649484498695,0.4639802424237307,0.4467536857839696
4,153,4,0.0,0.9715649484503591,0.4073332777302241,0.4198790048247121
4,154,4,0.0,0.9715649484503591,0.4857059976543588,0.4478161115882383
4,155,4,0.0,0.9715649484501934,0.47219024409525073,0.41814011238657683
4,156,4,0.0,0.9715649484501934,0.4980408636814924,0.42111995655742773
4,157,4,0.0,0.9715649484501934,0.4899687781256025,0.44093828627907883
4,158,4,0.0,0.9720168190851771,0.5505203866949703,0.4350201808951995
4,159,4,0.0,0.9789904250035165,0.45717025530474237,0.4416641220145235
4,160,4,0.0,0.978990425003547,0.4683812901609356,0.4356472812070089
4,161,4,0.0,0.981099992406434,0.5030055368448565,0.4285933802231904
4,162,4,0.0,0.978990425003592,0.38650456867131766,0.42735790245816674
4,163,4,0.0,0.981065774036412,0.4724777453623856,0.4123370130377397
4,164,4,0.0,0.9813479639764776,0.5060221787328484,0.4272984541506913
4,165,4,0.0,0.9910296668690265,0.5472544412491434,0.4276986943553228
4,166,4,0.0,0.9918738799949508,0.4915250044980852,0.4419026089477565
4,167,4,0.0,1.0195414049799338,0.4557282881258848,0.42158487512711945
4,168,4,0.0,1.0172182605637061,0.5574016512745871,0.43918396488625433
4,169,4,0.0,0.9922640970856835,0.3617257530576448,0.43718281037890955
4,170,4,0.0,1.098923729649247,0.4731986790656527,0.43558983353732955
4,171,4,0.0,1.098923729649247,0.5337873264474237,0.44547302373974856
4,172,4,0.0,1.2999574186076257,0.46230578031446895,0.435685204934363
4,173,4,0.0,1.2999574186165606,0.5125948903180586,0.4847067550647072
4,174,4,0.0,1.2999574187051046,0.5640599592542942,0.48639371381726193
4,175,4,0.0,1.2999574187051046,0.5169677134943325,0.5019421754034514
4,176,4,0.0,1.478088816106298,0.494009635949291,0.5217653530200285
4,177,4,0.0,1.4773212270777558,0.39091279237879933,0.49631396299606295
4,178,4,0.0,1.4773212270777558,0.5025014896883134,0.5085585577745938
4,179,4,0.0,1.4773818124041012,0.6027658565569824,0.5664497523510459
4,180,4,0.0,1.3417120769405422,0.5042767342382766,0.5161095846676588
4,181,4,0.0,1.3417120769405484,0.5109292885983951,0.5344799481905179
4,182,4,0.0,1.3417120769405646,0.3387250720931436,0.48198514214839605
4,183,4,0.0,1.3050098210597367,0.5924950399005596,0.5432141580555491
4,184,4,0.0,1.311862487837376,0.3359435319795636,0.43964020545773075
4,185,4,0.0,1.311862592958209,0.44834000671645036,0.5203178097780491
4,186,4,0.0,1.3387963757550894,0.49837724705964936,0.5267295643137991
4,187,4,0.0,1.3627040957077587,0.3695921061542107,0.48333197697929253
4,188,4,0.0,1.3552077046807212,0.42577569053591546,0.4706428739852531
4,189,4,0.0,1.355207703773905,0.44437225349671516,0.47363429733415663
4,190,4,0.0,1.3870834679275088,0.5486938754491323,0.526153623623743
4,191,4,0.0,1.3760402204932844,0.4413836001181497,0.5449421804930232
4,192,4,0.0,1.3760402204932844,0.5449906418122417,0.5405484540472836
4,193,4,0.0,1.3804925937244554,0.5789904872358255,0.5317235686934311
4,194,4,0.0,1.3817086750044556,0.4641643326541389,0.5190941815486565
4,195,4,0.0,1.383949758124978,0.44491988682609473,0.5038578670363368
4,196,4,0.0,1.370595454666885,0.5121667826231626,0.5398025729917041
4,197,4,0.0,1.3853429703520082,0.47378063809914467,0.5713308863953491
4,198,4,0.0,1.3917726566585782,0.5880437147790653,0.5871598171461926
4,199,4,0.0,1.3903503204032224,0.5428242173088244,0.5660378246505713
4,200,4,0.0,1.3878836054538042,0.5209180305296478,0.570218610713579
5,0,4,0.0,-2.823716704172499e-07,-2.8237167042130506e-07,1.926178237516124e-18
5,1,4,0.0,-6.609435461122e-08,-2.7337451321431366e-07,4.700050397922763e-08
5,2,4,0.0,-8.995525782408788e-09,-2.159529315345293e-07,6.895773267631561e-08
5,3,4,0.0,4.193798465963214e-11,-1.6863287460331128e-07,7.654718401394874e-08
5,4,4,0.0,9.109382774072654e-07,-7.527281947605232e-08,1.7515011038797773e-07
5,5,4,0.0,1.230250882244831e-06,2.9705464343041358e-08,2.858589377435705e-07
5,6,4,0.0,1.9072414570084386e-06,1.543164262147932e-07,5.036159222732802e-07
5,7,4,0.0,1.665277498361186e-06,2.130819896438056e-07,5.902794077699088e-07
5,8,4,0.0,5.798491598910185e-06,7.717919447513466e-07,1.0156818624067756e-06
5,9,4,0.0,5.895219904618581e-06,1.1642912754812789e-06,1.0773548059098668e-06
5,10,4,0.0,1.001658289911296e-05,1.2663014123654038e-06,1.900534471785515e-06
5,11,4,0.0,1.0019198443151666e-05,3.0578543102448167e-06,3.2081339488295165e-06
5,12,4,0.0,1.499104025744912e-05,3.7945242371023038e-06,3.6463445901714326e-06
5,13,4,0.0,1.5011389778662767e-05,4.80817022770326e-06,3.985288537740322e-06
5,14,4,0.0,5.75718427160143e-05,6.800695740580648e-06,8.687296165792272e-06
5,15,4,0.0,6.221739069824039e-05,6.960928116416582e-06,9.67303505423008e-06
5,16,4,0.0,5.734759350097168e-05,8.354895419440122e-06,9.392348942088197e-06
5,17,4,0.0,0.0005777177688660993,2.4512589356938728e-05,8.139363053157484e-05
5,18,4,0.0,0.0007714926925761559,0.00010827140958908039,0.00020273079251087372
5,19,4,0.0,0.0031059444386154645,0.00026661204877817144,0.0004885410682262841
5,20,4,0.0,0.003106715700997272,0.0004251382263230313,0.00068422981434948
5,21,4,0.0,0.003106715700997272,0.0007274057293968723,0.000970690577640322
5,22,4,0.0,0.0036763882459499406,0.0011518692650061015,0.0013275065257743347
5,23,4,0.0,0.0037110494861308753,0.0017673270403011441,0.001500728615550232
5,24,4,0.0,0.003711344705182505,0.002214746857472742,0.0016029286463384287
5,25,4,0.0,0.004555609676349378,0.001800389404332403,0.0017946167453678052
5,26,4,0.0,0.004512294479575675,0.0022836434529593715,0.001717932667306701
5,27,4,0.0,0.004555375994492492,0.002697207870597757,0.0017767516783205159
5,28,4,0.0,0.004555357501362538,0.0026296788988373963,0.0019782839016378906
5,29,4,0.0,0.06739833495272889,0.003989506797861544,0.009274924020311468
5,30,4,0.0,0.07013387593788327,0.005293189270002907,0.013538599052656449
5,31,4,0.0,0.06711440836811662,0.005388768002234474,0.012624900566840869
5,32,4,0.0,0.07123249602246959,0.007298537893539216,0.017506583604630387
5,33,4,0.0,0.07420401491247842,0.011857893885525573,0.02221949679988112
5,34,4,0.0,0.06996147431031245,0.018937589833411313,0.02755097662750188
5,35,4,0.0,0.11718292415836438,0.03116707758502814,0.032279807336674855
5,36,4,0.0,0.11099202824596847,0.02982706479468301,0.03636556911530632
5,37,4,0.0,0.2273463160428546,0.04523343601290179,0.04712237137507049
5,38,4,0.0,0.2907498356971975,0.06938093683835928,0.07192060604123407
5,39,4,0.0,0.43183997023017445,0.13381115534428945,0.1215606564134744
5,40,4,0.0,0.4419125032592052,0.16203609576404912,0.12744548817195497
5,41,4,0.0,0.4607591800673907,0.20234592051375586,0.14155210246296604
5,42,4,0.0,0.8513837806045914,0.23949498309864434,0.18810871516834102
5,43,4,0.0,0.7737064537454741,0.24145294341773502,0.199311610618487
5,44,4,0.0,0.7776026414972073,0.2932776263207726,0.23060447603837278
5,45,4,0.0,0.7673076776877346,0.31329962474257306,0.24035016611302984
5,46,4,0.0,1.382068063600166,0.3832231363967357,0.3288201192501269
5,47,4,0.0,1.394881347805939,0.4130063571182659,0.35330782938566224
5,48,4,0.0,1.3936799921061327,0.4128581453909073,0.37695005640443763
5,49,4,0.0,1.453373538051906,0.5101069482771244,0.46168818027144487
5,50,4,0.0,1.4589125142485444,0.494597550659027,0.509207487794719
5,51,4,0.0,1.4415020142721249,0.597246366623996,0.49814814718528544
5,52,4,0.0,1.3196762381207539,0.4100352826873822,0.4351950799657782
5,53,4,0.0,1.5198653916622586,0.4385966751669744,0.4777782405657743
5,54,4,0.0,1.5237020179815304,0.5227464957223714,0.4912118157456023
5,55,4,0.0,1.5406492983144242,0.4219268915570663,0.49592416313617366
5,56,4,0.0,1.5406492983144242,0.5310919646765981,0.5314402994665373
5,57,4,0.0,1.5406492983144242,0.5340758799295948,0.5265229891030173
5,58,4,0.0,1.515975389532667,0.4271938567063839,0.4934344368096633
5,59,4,0.0,1.549864931589389,0.4080452230055509,0.5033094456461591
5,60,4,0.0,1.8067676978965062,0.47930787310985457,0.5191823599977929
5,61,4,0.0,1.5481499610987153,0.4552290271638862,0.5005118522275304
5,62,4,0.0,1.718033815794539,0.6268057624367621,0.5334424960216653
5,63,4,0.0,1.7772790368188256,0.6231043708173059,0.5605211222297654
5,64,4,0.0,1.6210823932069112,0.5086448912016164,0.494079928085945
5,65,4,0.0,1.800292285177269,0.5482210551698897,0.5708251299694225
5,66,4,0.0,1.6227343804786492,0.5619121780760109,0.5235627782231507
5,67,4,0.0,1.699840103262025,0.6008779857255726,0.5580831129427611
5,68,4,0.0,1.581571611158841,0.5333117057439126,0.505772663840632
5,69,4,0.0,1.6763220122733014,0.4905429184621067,0.48999245265690167
5,70,4,0.0,1.8119207556929442,0.44576409497922254,0.5571766123728299
5,71,4,0.0,1.6949177197923486,0.4434168224273208,0.5530043491608391
5,72,4,0.0,1.8980423812349148,0.5278680903843253,0.5707418098455982
5,73,4,0.0,1.783324862856557,0.5185490603694566,0.5368220936884137
5,74,4,0.0,1.950936012732706,0.502911157930727,0.5546838329514907
5,75,4,0.0,1.5426308648905585,0.5101238520345863,0.532697790201128
5,76,4,0.0,1.8911687118099005,0.5872240993121377,0.564407414700244
5,77,4,0.0,1.6148319219505696,0.4801764428402137,0.492753534860257
5,78,4,0.0,1.6148319219505696,0.4499271577500423,0.48665387442033403
5,79,4,0.0,1.6145598731605786,0.3902595910139724,0.499992763136558
5,80,4,0.0,1.6379852724566313,0.48693200785363155,0.4664880580492989
5,81,4,0.0,1.7029398200643628,0.5205591568508666,0.5541616260145715
5,82,4,0.0,1.7912167163864379,0.44037406668180684,0.5192277746848184
5,83,4,0.0,1.646669958327984,0.4158516026559866,0.4638028373442115
5,84,4,0.0,1.628935079896268,0.5548772117217354,0.5474635292272767
5,85,4,0.0,1.7351066765919598,0.5115546806390979,0.5535587290871645
5,86,4,0.0,1.6406510639413376,0.7520078503754128,0.5661945649248976
5,87,4,0.0,1.6687356205221255,0.6034531446627202,0.5722616260772804
5,88,4,0.0,1.6687356205221255,0.5978615665494262,0.5971833643409896
5,89,4,0.0,1.5878558588387106,0.4782387838757712,0.559984906115775
5,90,4,0.0,1.644659768234466,0.6371435500536008,0.5796379298480491
5,91,4,0.0,1.644659768234466,0.6293817839301208,0.6095326458169249
5,92,4,0.0,1.6458441034531013,0.4681547508484916,0.543969662854327
5,93,4,0.0,1.6463159276888442,0.5087204622677577,0.5645739138246999
5,94,4,0.0,1.6463159276888442,0.4701098900810897,0.5338553664228255
5,95,4,0.0,1.6463159276888442,0.45029870407454475,0.5078407769106115
5,96,4,0.0,1.6429865787010824,0.39057620201973153,0.48618637823454497
5,97,4,0.0,1.841567820449556,0.5033628715193689,0.5272374500473798
5,98,4,0.0,1.6429865787010824,0.5547000845884498,0.5596122742561607
5,99,4,0.0,1.8261042487918857,0.43519223312775784,0.48301088597420083
5,100,4,0.0,1.49788493204902,0.3950956662312081,0.4530639336216223
5,101,4,0.0,1.495661413755815,0.4136011493245949,0.4363079077265052
5,102,4,0.0,1.495867249253449,0.4358511338929849,0.47922772577375583
5,103,4,0.0,1.5773916826937815,0.3727596325617229,0.4370483693382517
5,104,4,0.0,1.7746818001063533,0.6171193464430392,0.5227642607046002
5,105,4,0.0,1.7746818001063533,0.594111560648796,0.5697537732464785
5,106,4,0.0,1.7949437244421986,0.5011777100137761,0.5707890832384355
5,107,4,0.0,1.7949437244421986,0.5083686231452712,0.5716012746734807
5,108,4,0.0,1.7949437244421986,0.44285633939398034,0.5324854922913794
5,109,4,0.0,1.6763442218895943,0.4916914402589409,0.47987311114443143
5,110,4,0.0,1.7821465391577425,0.5574747802371794,0.5504025659367953
5,111,4,0.0,1.7824803993713492,0.5596348374606195,0.574411978651459
5,112,4,0.0,1.4283871422809422,0.4956690121397496,0.49945970527025874
5,113,4,0.0,1.4346603947592025,0.5291708067159329,0.5163764673501811
5,114,4,0.0,1.791502591582648,0.5193565686560132,0.5223968740897806
5,115,4,0.0,1.4410982837989057,0.508980258009901,0.4961710814952249
5,116,4,0.0,1.5018674675550223,0.5903748135687832,0.5573776344488108
5,117,4,0.0,1.443296758192836,0.5590003639122982,0.550237709455395
5,118,4,0.0,1.4409216384361394,0.4699648568786877,0.4899907750965206
5,119,4,0.0,1.473740019371907,0.4843400803229154,0.5274084743518165
5,120,4,0.0,1.4538884916832018,0.5354296743390127,0.5367672727375266
5,121,4,0.0,1.4436801254927438,0.4542304555430855,0.4993915223247286
5,122,4,0.0,1.4542027851308208,0.5273111090717494,0.5461048655447381
5,123,4,0.0,1.4542027851308208,0.4800174613393179,0.5294140022394187
5,124,4,0.0,1.4265231347513874,0.584610486492114,0.5468369768162661
6,0,4,0.0,-2.823716704172499e-07,-2.8237167042151316e-07,2.04599098798736e-18
6,1,4,0.0,-6.609435461122e-08,-2.7382333523642566e-07,5.265481782973533e-08
6,2,4,0.0,-6.609435460924627e-08,-2.3491261168188865e-07,8.77639262085077e-08
6,3,4,0.0,2.9784852392443384e-07,-1.1984491502478552e-07,1.0936090761868541e-07
6,4,4,0.0,1.3556468167745386e-06,-4.2744443265644264e-08,2.4386230167224335e-07
6,5,4,0.0,3.0589968167912446e-07,-1.5773022770837821e-09,1.6323596346046095e-07
6,6,4,0.0,1.3785625955869891e-06,1.496389228731172e-07,3.5782616798805646e-07
6,7,4,0.0,1.413998874328454e-06,2.8910528587294207e-07,5.646100450933103e-07
6,8,4,0.0,1.413998874328454e-06,2.3840165378215094e-07,1.442005036682326e-06
6,9,4,0.0,1.717646416618239e-06,3.683793271732434e-07,6.980237325090443e-07
6,10,4,0.0,5.046100161324962e-06,8.470752318619836e-07,1.040072073477014e-06
6,11,4,0.0,5.046100161324962e-06,1.5744801440686479e-06,1.4175431011238686e-06
6,12,4,0.0,2.9693013077262867e-05,3.852398282990371e-06,5.433446902605797e-06
6,13,4,0.0,0.00011764265150160982,6.5313869166539935e-06,1.6746571321935462e-05
6,14,4,0.0,0.0001365829455818355,1.4680862280648493e-05,3.0211892362006397e-05
6,15,4,0.0,0.00021700811351676045,3.902391561969835e-05,5.736363935154088e-05
6,16,4,0.0,0.0002175878860571227,5.560244060902708e-05,6.871921343908264e-05
6,17,4,0.0,0.0002177349228934975,7.536965907351674e-05,7.399885672326777e-05
6,18,4,0.0,0.00037070654304136155,7.249219035937195e-05,8.339596351254964e-05
6,19,4,0.0,0.0002343583004157976,6.744444357014097e-05,7.718351348753791e-05
6,20,4,0.0,0.00037054150103623285,7.972729292515924e-05,9.346810970012734e-05
6,21,4,0.0,0.00037054150103623285,0.00010765594400098304,9.519614713316419e-05
6,22,4,0.0,0.00037054150103623285,9.292409298674426e-05,0.00010516243528446202
6,23,4,0.0,0.0010003202434721995,0.00011054658861621547,0.00016832022162054073
6,24,4,0.0,0.0003392617087861241,0.00010304151136942657,0.00010630216425504068
6,25,4,0.0,0.0014323106069615557,0.00013700718099461767,0.0002279605157416111
6,26,4,0.0,0.0017220857593825412,0.00026405971310224763,0.00036901533337919056
6,27,4,0.0,0.0016291273338917252,0.00041527456963869053,0.00048535551083021513
6,28,4,0.0,0.001967657035700761,0.0005915293835129412,0.0006123277139332748
6,29,4,0.0,0.002625737527906405,0.0006891251405986753,0.0007397376064374601
6,30,4,0.0,0.002701563939861831,0.0006995986901609905,0.0007715252883836298
6,31,4,0.0,0.002701563939861831,0.0009142466199135784,0.0008253718655805973
6,32,4,0.0,0.0020104959030217227,0.0007968471495231549,0.0006857338112705719
6,33,4,0.0,0.0027585528659721825,0.0007515827336105162,0.0007442782617065225
6,34,4,0.0,0.0029082399957336717,0.0008374065297240337,0.0008497167881924418
6,35,4,0.0,0.0027545733565612733,0.0009459461673693934,0.0007926842149525565
6,36,4,0.0,0.0027585528659721825,0.0005610802044232762,0.0007288291899338921
6,37,4,0.0,0.002908239995733614,0.0007887382285743168,0.0008270139059807401
6,38,4,0.0,0.002908239995733672,0.0007900005247281824,0.0008464057273159126
6,39,4,0.0,0.002908239995733672,0.0008364337274961013,0.0008323782997187828
6,40,4,0.0,0.0029082399957336144,0.0009232107812118892,0.0008777685813681136
6,41,4,0.0,0.002795549782030473,0.0009573147583496609,0.0009254894268044909
6,42,4,0.0,0.003291458252353495,0.0012114878320391923,0.001020691048047361
6,43,4,0.0,0.002570955796981163,0.000891200774362017,0.000874090006252484
6,44,4,0.0,0.002240666199570186,0.0007312080500255316,0.0008257989089106294
6,45,4,0.0,0.0024721218648634624,0.0010380145154897742,0.000898831931617093
6,46,4,0.0,0.003008649064707475,0.0010569495480907253,0.0009477086780858607
6,47,4,0.0,0.002240666199570186,0.0007157771649770009,0.0007856208123229334
6,48,4,0.0,0.0028745177539153464,0.0009756004455633939,0.0008470040554874094
6,49,4,0.0,0.002240666199570186,0.0009370783240811437,0.0008014947824658116
6,50,4,0.0,0.0023938910269649585,0.0009411951122577421,0.0008258576851220435
6,51,4,0.0,0.0030814256041867033,0.000983192681427712,0.0008435589055616732
6,52,4,0.0,0.002381314416407549,0.0009701629573621954,0.0009165393230466795
6,53,4,0.0,0.002381314416407707,0.0007524030507434241,0.0008484182483778441
6,54,4,0.0,0.0028745177539157883,0.0012963666931851056,0.000858631338602178
6,55,4,0.0,0.0030480397898595985,0.0011920596537211695,0.000989109491958743
6,56,4,0.0,0.0030480397898595985,0.0010097494718509477,0.0009268092633563507
6,57,4,0.0,0.003197468316390029,0.0010557797300633565,0.0008928488577048178
6,58,4,0.0,0.003197468316390029,0.001244454108063048,0.0009230003313454111
6,59,4,0.0,0.003197468316390029,0.0010451252153320801,0.000983117518898678
6,60,4,0.0,0.0028745177539157883,0.001158190140410758,0.0008633434397532624
6,61,4,0.0,0.0028745177539157883,0.0009919707304525346,0.0008656798295317349
6,62,4,0.0,0.0028745177539153464,0.0010191998007228844,0.0009043371044417797
6,63,4,0.0,0.002874517753915774,0.0010648357333013858,0.0008512452104169599
6,64,4,0.0,0.003642142419343622,0.0011878110411491774,0.0009760868761787552
6,65,4,0.0,0.0036421424193436216,0.0011114705838849426,0.0009518525411890339
6,66,4,0.0,0.003642142419344206,0.0010117068487429188,0.0009134032545124462
6,67,4,0.0,0.002874517753916202,0.0012207947983940315,0.0007760481957397012
6,68,4,0.0,0.002874517753916202,0.0008942261927115652,0.000902215614791226
6,69,4,0.0,0.002874517753916202,0.0012320931017939549,0.0009673543285948486
6,70,4,0.0,0.003642142419343779,0.0012405044734172383,0.0009922826137961445
6,71,4,0.0,0.0036421424193436216,0.0011067785910169456,0.0009768691922446963
6,72,4,0.0,0.002874517753915346,0.0011193527698541235,0.0007986081492746497
6,73,4,0.0,0.0028745177539157883,0.0011050814879946633,0.000948042735273034
6,74,4,0.0,0.0028745177539157883,0.0011225451991867445,0.0007785580128128435
6,75,4,0.0,0.002874517753916202,0.001213078865673081,0.0009648685981798603
6,76,4,0.0,0.002874517753916202,0.0010571054984143122,0.000986531664165387
6,77,4,0.0,0.002874517753916202,0.001160308459777529,0.0009403729716026899
6,78,4,0.0,0.002874517753916202,0.0011079942258675223,0.000988362733783777
6,79,4,0.0,0.003081425604186716,0.000892842814649996,0.0009930948436939076
6,80,4,0.0,0.003081425604186716,0.0012730016434710164,0.0009867307492977277
6,81,4,0.0,0.003081425604186716,0.001250425759513227,0.0009607971704795913
6,82,4,0.0,0.002874517753915774,0.0011449576314469803,0.0008079736663495188
6,83,4,0.0,0.002874517753915774,0.0009786964398897247,0.0009794219184111966
6,84,4,0.0,0.0030649592515298004,0.00129284608603893,0.0009657025392169242
6,85,4,0.0,0.0028745177539157883,0.0009761129784955311,0.0009286701094083878
6,86,4,0.0,0.0025743013570127746,0.0009755762651756019,0.000858514427081995
6,87,4,0.0,0.0028745177539153464,0.0008126961291123166,0.0008890910987912312
6,88,4,0.0,0.0028745177539153464,0.001057322284195872,0.0009243861234608326
6,89,4,0.0,0.0028745177539153603,0.0011411455682687737,0.0009262201566955335
6,90,4,0.0,0.0028745177539153603,0.0011560578565740932,0.0009551060628729816
6,91,4,0.0,0.0028745177539162164,0.0014246628803456297,0.0009186485507924357
6,92,4,0.0,0.0028745177539162164,0.0011171696436558097,0.0009077685243719354
6,93,4,0.0,0.002874517753916202,0.001107198821992379,0.0009028640309700458
6,94,4,0.0,0.0030902494789069763,0.0012183640152720495,0.0009450987614013492
6,95,4,0.0,0.0030902494789069763,0.0012173059027600678,0.0009001044724296243
6,96,4,0.0,0.0025478083604464053,0.0014127646376916958,0.0008691286500906413
6,97,4,0.0,0.003046586489727279,0.0011036972195089061,0.0009658645734339562
6,98,4,0.0,0.003046586489727279,0.0013789263348254564,0.0009829273812702833
6,99,4,0.0,0.0025499408056135556,0.0012785982188853755,0.0009531691867781577
6,100,4,0.0,0.0020803713677135893,0.0010958105320748974,0.0008711229837283683
6,101,4,0.0,0.0023728859629872476,0.0012085275796703445,0.0009305880388761349
6,102,4,0.0,0.0026857976686771434,0.0015400177642199834,0.0008242281223669954
6,103,4,0.0,0.0025386404647650827,0.0011824943735652073,0.0009034773154347613
6,104,4,0.0,0.0025386404647650827,0.0012222638053903435,0.0009452552602119292
6,105,4,0.0,0.002874517753916202,0.0012021553305198304,0.0009628526176937814
6,106,4,0.0,0.002874517753916202,0.0012287858641385938,0.0009690807679954731
6,107,4,0.0,0.0029733139542893364,0.0014376262769019146,0.0010217916232950586
6,108,4,0.0,0.002973313954289412,0.001271654133642521,0.0009847112576045762
6,109,4,0.0,0.0024263822344932815,0.0011514599575898597,0.0009195893924440093
6,110,4,0.0,0.0027804732648273,0.001299710721334928,0.0009367162057420668
6,111,4,0.0,0.0027804732648273,0.0011991035196614941,0.0009827390303526775
6,112,4,0.0,0.0024580475444538384,0.0011591759547354692,0.0009520176624872839
6,113,4,0.0,0.002863479579233274,0.0011387348783824874,0.0009728419840331221
6,114,4,0.0,0.002863479579233274,0.00104880244906028,0.0010223843225989928
6,115,4,0.0,0.002863479579233274,0.0011962661617687617,0.0009886194470448383
6,116,4,0.0,0.0024413046110924107,0.001342959260401634,0.0008852145049753305
7,0,4,0.0,-2.823716704172499e-07,-2.823716704210323e-07,1.9291314659315192e-18
7,1,4,0.0,-6.609435460924627e-08,-2.7655742543965855e-07,4.4753966434762676e-08
7,2,4,0.0,8.009628466384568e-11,-2.2695351552727073e-07,9.17108206901797e-08
7,3,4,0.0,2.9784852392668504e-07,-1.1868517891318094e-07,1.2314067911269197e-07
7,4,4,0.0,2.897973663748788e-07,-4.284598542767192e-08,9.335729994317935e-08
7,5,4,0.0,2.9382294486832667e-07,-2.9711872869908704e-08,1.0694109226245675e-07
7,6,4,0.0,2.9784852388658904e-07,-1.5633575678724797e-08,1.1940691774383275e-07
7,7,4,0.0,5.191587686654319e-06,1.7190526571739883e-07,7.842510638420288e-07
7,8,4,0.0,5.191587686654319e-06,4.1892511811593883e-07,9.45295981631553e-07
7,9,4,0.0,5.235985319489335e-06,9.936075003152612e-07,1.405731062481396e-06
7,10,4,0.0,5.413575850439877e-06,1.7310747869209498e-06,1.9522074725589063e-06
7,11,4,0.0,5.324780584954331e-06,2.234191553432997e-06,2.006353166913935e-06
7,12,4,0.0,5.635564014232105e-06,1.9912964110300588e-06,2.289251211868409e-06
7,13,4,0.0,7.629618879560993e-06,2.000621717629122e-06,2.3367716408555578e-06
7,14,4,0.0,7.737486668113191e-05,3.814794801923245e-06,1.1775756527224475e-05
7,15,4,0.0,7.720936388238605e-05,5.077776239115378e-06,1.277367017770711e-05
7,16,4,0.0,0.0001285286610757731,9.642597237546943e-06,2.1164589436367136e-05
7,17,4,0.0,0.00040106734544726575,3.375714382265261e-05,7.240766551630988e-05
7,18,4,0.0,0.00023636404802959208,2.6433540729903815e-05,4.9096138193544016e-05
7,19,4,0.0,0.00040104615814924214,5.2792034367079514e-05,8.706507439403227e-05
7,20,4,0.0,0.00040106582405975596,8.171813582600977e-05,8.911366491802167e-05
7,21,4,0.0,0.00040108758238841826,0.00010124765444122871,0.00011736914093105718
7,22,4,0.0,0.00040108758238841826,0.00011350415558262545,0.00012887858503103338
7,23,4,0.0,0.00040108758238841826,0.00011112644734482456,0.00013996107077200864
7,24,4,0.0,0.00040135544040501833,0.00014032212678397995,0.0001467764078992087
7,25,4,0.0,0.0004037669997296567,0.00011169772121925757,0.00014676601038148896
7,26,4,0.0,0.0004037669997296567,0.0001124484685708337,0.00013996691199493123
7,27,4,0.0,0.0004037669997296567,7.954879726590946e-05,0.00011637089907773511
7,28,4,0.0,0.00047052968958030325,0.000126173355581827,0.00014932075515953832
7,29,4,0.0,0.00047057397685819303,0.00012356615685755223,0.00013687212281838801
7,30,4,0.0,0.0004721793442846174,0.00012486319009509452,0.00012797617913062946
7,31,4,0.0,0.0004038903286486849,0.00011481317299801933,0.00012270210071262124
7,32,4,0.0,0.00029787012034378875,0.0001466889651159118,9.895905447056395e-05
7,33,4,0.0,0.0004722625230317068,0.00020170636964264647,0.00010874460458161771
7,34,4,0.0,0.0005839339243177886,0.00021339552323273596,0.00017810465758430732
7,35,4,0.0,0.0006795987722104585,0.00026863418512330055,0.0002298394324946366
7,36,4,0.0,0.0006853800794821124,0.00033492363039882097,0.00023738982368619682
7,37,4,0.0,0.003162941996968543,0.000406855725520045,0.0004661259031088446
7,38,4,0.0,0.003198221976993207,0.0004816090398100277,0.0005893034106837655
7,39,4,0.0,0.003198221976993207,0.0010651811654325699,0.0011152081264738112
7,40,4,0.0,0.003198221976993207,0.0017465034665670352,0.0012788158380514774
7,41,4,0.0,0.003845304220042772,0.0022170867267938877,0.0010447358399339622
7,42,4,0.0,0.004441850273497313,0.0018856631542908619,0.0013741101091112
7,43,4,0.0,0.004937087074831602,0.0019513977594580903,0.0014856268701661458
7,44,4,0.0,0.004657556979641127,0.0026700772319776973,0.0013151332121403958
7,45,4,0.0,0.0259114114972658,0.0033155847494528577,0.0043677119935451765
7,46,4,0.0,0.0259114114972658,0.00503561749482458,0.006828719921600825
7,47,4,0.0,0.027282476014374314,0.006797368606711791,0.008818221651587894
7,48,4,0.0,0.029770765136846605,0.011108576107826828,0.01139855787114722
7,49,4,0.0,0.09634766695683139,0.016733788987389156,0.01832304231225284
7,50,4,0.0,0.0518597110753655,0.01862767610030923,0.014995145763946472
7,51,4,0.0,0.0519310564969408,0.0197218426736737,0.018704298407748114
7,52,4,0.0,0.05260619212254926,0.03070461721455122,0.021095965784609927
7,53,4,0.0,0.13055369210312182,0.03492014548906193,0.0255555625805357
7,54,4,0.0,0.14482255642039746,0.03490768034936027,0.03284532207692124
7,55,4,0.0,0.14490784382382668,0.04041929168503513,0.040774350982563004
7,56,4,0.0,0.14455846336199119,0.04494160298354186,0.0535089284871899
7,57,4,0.0,0.14455846426300523,0.06064773654284042,0.06123124454862696
7,58,4,0.0,0.15638094528222438,0.08421124822344724,0.06668998282850772
7,59,4,0.0,0.1608566077625048,0.07831534803357759,0.06787045413548458
7,60,4,0.0,0.16661461846917863,0.07111798068679465,0.07137685810916912
7,61,4,0.0,0.1915784710036794,0.0703269767808486,0.07373234565962204
7,62,4,0.0,0.1915784710036794,0.097947631010411,0.07559471981060399
7,63,4,0.0,0.1915784710036794,0.08854029053192601,0.08071761095037681
7,64,4,0.0,0.1926653097517658,0.11153592714906464,0.08125407829977548
7,65,4,0.0,0.19095134122281276,0.10056979742400975,0.08404417099126343
7,66,4,0.0,0.2061568916408439,0.09072677986925541,0.08249094140979693
7,67,4,0.0,0.2038079425683925,0.06251246395586706,0.07892818274053262
7,68,4,0.0,0.20695407446639125,0.07305203084730115,0.08664632203125654
7,69,4,0.0,0.20594593797168412,0.0787419948115745,0.08526336723846507
7,70,4,0.0,0.2074001875554365,0.0821891518131097,0.08912594899263386
7,71,4,0.0,0.21416083567063798,0.12142015949193817,0.08686252038454899
7,72,4,0.0,0.2093924662246609,0.10535930420738351,0.09227451128918736
7,73,4,0.0,0.21415753459557613,0.13767315389570312,0.08611055181944316
7,74,4,0.0,0.21384873513754207,0.12160391747710526,0.09346443455964279
7,75,4,0.0,0.21243771588977675,0.11356994015502579,0.09622657754978783
7,76,4,0.0,0.2140882642457512,0.13581660637147394,0.09543419515221481
7,77,4,0.0,0.21536230620352678,0.12055939229083901,0.10078722376596844
7,78,4,0.0,0.2784363283024714,0.10304888529121747,0.10330515463955987
7,79,4,0.0,0.27894801035829103,0.14381050529398703,0.0965667181825495
7,80,4,0.0,0.27907111219173253,0.14418515216046626,0.10273361919043998
7,81,4,0.0,0.27907111219173253,0.15032604680002365,0.10510711717681993
7,82,4,0.0,0.2789223347659479,0.1413532082960042,0.1156453246002236
7,83,4,0.0,0.28495676703126926,0.1521955292291103,0.12100012085598422
7,84,4,0.0,0.2852300828485886,0.13608273062891377,0.12984664293592116
7,85,4,0.0,0.28278399724977327,0.1447803428631136,0.1274990904126392
7,86,4,0.0,0.28138264953752873,0.13186759186186353,0.12873319613246603
7,87,4,0.0,0.2852313500942359,0.17046083947442842,0.12130863486932862
7,88,4,0.0,0.28188204240424036,0.1389960032945915,0.13010272414708693
7,89,4,0.0,0.32594503157826155,0.15915266856135982,0.12352244714933842
7,90,4,0.0,0.33528056789755495,0.15948277749788306,0.13127353357001462
7,91,4,0.0,0.28820190920908956,0.1467720328444466,0.1308467081774868
7,92,4,0.0,0.2907993692843854,0.14909407845476758,0.13305212237541042
7,93,4,0.0,0.28885670107893274,0.13516854235792336,0.1268732678746315
7,94,4,0.0,0.31559734697279485,0.14737854662314126,0.135463440827677
7,95,4,0.0,0.31559734697279485,0.2050705108725635,0.1138352809866746
7,96,4,0.0,0.2892757498044425,0.1631683966935956,0.13166764732871417
7,97,4,0.0,0.29577181336964653,0.17358932812239472,0.13513155144920685
7,98,4,0.0,0.2961383322286371,0.16509684712691677,0.12812491342274102
7,99,4,0.0,0.3295127439362694,0.17375342380657835,0.12835223228793693
7,100,4,0.0,0.2955340044444912,0.13558389773069313,0.13201723201893298
7,101,4,0.0,0.2959707609124388,0.12152749549935155,0.12738842320895463
7,102,4,0.0,0.2915899064279548,0.1545083328774376,0.1281515056960726
7,103,4,0.0,0.3149809598591125,0.20824080522642208,0.11987861773453641
7,104,4,0.0,0.322291286001999,0.20239981598415804,0.11840322705129176
7,105,4,0.0,0.322291286001999,0.17625558801622435,0.1329885827558216
7,106,4,0.0,0.31776581703566875,0.16469206505176326,0.12925612903367148
7,107,4,0.0,0.31598902351103836,0.15956583713644026,0.13621153464830715
7,108,4,0.0,0.3224130846773332,0.12861367854588862,0.1282155407589289
7,109,4,0.0,0.32254959109640247,0.1340129216685649,0.13065305733024113
7,110,4,0.0,0.3147746882723192,0.1068780095961797,0.13351606593213425
7,111,4,0.0,0.3184374752719657,0.167233676848625,0.1286119252678341
7,112,4,0.0,0.3184374752719657,0.13761645891914057,0.13367476699904837
7,113,4,0.0,0.3196261168788864,0.1919166384569692,0.13684547503836791
7,114,4,0.0,0.31770251986135867,0.18226273840092982,0.135509172973329
7,115,4,0.0,0.31962611687888676,0.17975540600732645,0.14940561432830132
7,116,4,0.0,0.32009951679845755,0.17836391595555387,0.14505944421889136
7,117,4,0.0,0.3201344032278807,0.17712674787240987,0.15069949327099716
7,118,4,0.0,0.32067550137928147,0.18551131816829827,0.14455861087220773
7,119,4,0.0,0.32554994846251084,0.17826886097968025,0.14874954213750993
7,120,4,0.0,0.32282999846434157,0.17526318420646028,0.13974219148629388
7,121,4,0.0,0.3210789483888134,0.1956040401930892,0.14421200133268688
7,122,4,0.0,0.3340976131410942,0.15254373434212057,0.15256737296338474
7,123,4,0.0,0.33258212618753896,0.18965379175488375,0.13476121835859747
7,124,4,0.0,0.33258212618753896,0.1811312141144305,0.14035877518306844
7,125,4,0.0,0.3359425834756348,0.18930121733226724,0.14492292452701178
7,126,4,0.0,0.3359425834756348,0.2005688487484852,0.13815111578790634
7,127,4,0.0,0.33496696420470035,0.1985198811446552,0.14519523171257442
7,128,4,0.0,0.3360024657399284,0.19744763801078594,0.1451954080627384
7,129,4,0.0,0.3422353981724999,0.22583847031891652,0.13833742526790244
7,130,4,0.0,0.3422353981724999,0.19142394705874666,0.14730390727624593
7,131,4,0.0,0.3442448844105494,0.21652907012682537,0.14744140531129654
7,132,4,0.0,0.3469907265771658,0.24218794897443804,0.1403891081428181
7,133,4,0.0,0.3469907265771658,0.15963329034348914,0.15056300011996374
7,134,4,0.0,0.3469907265771658,0.14393884397244908,0.14635580930633796
7,135,4,0.0,0.3454301958895172,0.18196009390294052,0.1503048459705094
7,136,4,0.0,0.3454301958895172,0.2210709105940984,0.1476275759359957
7,137,4,0.0,0.34649427786466275,0.22459810812722622,0.15195873845303254
7,138,4,0.0,0.3515751895428546,0.2049467252995321,0.1575222103719136
7,139,4,0.0,0.3515751895428546,0.23287662037070345,0.1474106573729873
7,140,4,0.0,0.35157518954285827,0.1981222343938712,0.16366644043599124
7,141,4,0.0,0.35157518954285827,0.21696549664943962,0.1583330503259225
7,142,4,0.0,0.34839956715487097,0.22809473847346587,0.15376836693533957
7,143,4,0.0,0.3551807949817115,0.2048660100695503,0.16119313622166936
7,144,4,0.0,0.3551807949817115,0.21304306704996037,0.16010807693291335
7,145,4,0.0,0.3551807949817115,0.1738589312902534,0.14913369929623851
7,146,4,0.0,0.35501952163803546,0.17104929817105707,0.16633163164678166
7,147,4,0.0,0.352684139602166,0.1796066751415758,0.15676005897338496
7,148,4,0.0,0.35174743170625894,0.19024450784082755,0.15043420363233587
7,149,4,0.0,0.3539248438053778,0.20021961122010065,0.16689004348376837
7,150,4,0.0,0.3547164655684427,0.24482577742430572,0.14994022064666837
7,151,4,0.0,0.3504804032898769,0.19458946709951627,0.15702919204142984
7,152,4,0.0,0.3500637832064532,0.19394981405414405,0.16275492845209227
7,153,4,0.0,0.3547431393879591,0.2176063837154821,0.15873183917982206
7,154,4,0.0,0.3547431393879591,0.2399073068917745,0.14852596219252048
7,155,4,0.0,0.356264039221644,0.22472903615833412,0.1541774250981634
7,156,4,0.0,0.3547431393879591,0.20727220950029046,0.16072542476288756
7,157,4,0.0,0.3547431393879591,0.2213789120964349,0.16248898459048225
7,158,4,0.0,0.35498357190072305,0.22067035498410273,0.1567489801614371
7,159,4,0.0,0.35194624045497347,0.22537073030888685,0.1506061797228202
7,160,4,0.0,0.3559385301599993,0.2178421422083341,0.155772389449493
7,161,4,0.0,0.3559325177019862,0.21913277491782468,0.14837259520678178
7,162,4,0.0,0.3559325177019862,0.2568004837698434,0.13433922184469455
7,163,4,0.0,0.3564704143575797,0.22108350667733537,0.14429299122081765
7,164,4,0.0,0.3564704143575797,0.21053817071015923,0.14982117847633364
7,165,4,0.0,0.3551803143320933,0.20939135476383575,0.15793777956279006
7,166,4,0.0,0.3547654383222457,0.2068109271446997,0.15546565942153487
7,167,4,0.0,0.3509796045560035,0.2113149967577801,0.15992279917620064
7,168,4,0.0,0.35125977121489593,0.22910607668428737,0.15173576687705762
7,169,4,0.0,0.35645478084397186,0.22682292178647578,0.1617302529732101
7,170,4,0.0,0.35645478084397186,0.19253640573334388,0.16114436467299734
7,171,4,0.0,0.35645478084397186,0.17545985733527295,0.16657520698535788
7,172,4,0.0,0.35865080649561476,0.20836291627171938,0.1632555995608302
7,173,4,0.0,0.3574185215707769,0.24723052117106095,0.14519049820731414
7,174,4,0.0,0.3574185215707769,0.20057734894748266,0.15744870612349215
7,175,4,0.0,0.3574185215707769,0.21287959302123183,0.16214877942569195
7,176,4,0.0,0.357079479512095,0.21622829397868495,0.15994166463422602
7,177,4,0.0,0.35741852623263076,0.2151687480689288,0.15531099768622061
7,178,4,0.0,0.35613983490549916,0.16388886970927022,0.1591365418163282
7,179,4,0.0,0.35577783028900956,0.16381608072224987,0.15694930031603416
7,180,4,0.0,0.3518388321542589,0.202743683866224,0.1622084639066006
7,181,4,0.0,0.3511968310487541,0.17478610088607324,0.16468333414917796
7,182,4,0.0,0.3516421142222505,0.1883615596734675,0.1637898919902303
7,183,4,0.0,0.35631825456414135,0.21048276607495775,0.16083470511854683
7,184,4,0.0,0.3540445356785072,0.20754858411581686,0.16308831912675092
7,185,4,0.0,0.3540445356785072,0.19031073290839418,0.15862975305543858
7,186,4,0.0,0.3540445356785072,0.18360770639086432,0.16887419564717734
7,187,4,0.0,0.3518841323848143,0.2668903944848683,0.132719287740164
7,188,4,0.0,0.35084351952800097,0.25630138840470074,0.13845596051677414
7,189,4,0.0,0.351412776028206,0.1293732898475075,0.15109576603531116
7,190,4,0.0,0.35525259075972543,0.21342371241585562,0.15345422132690092
7,191,4,0.0,0.35525259075972543,0.20262663110355988,0.15562568671165813
7,192,4,0.0,0.358466341234459,0.16276399940354822,0.15927831481633384
7,193,4,0.0,0.35548511957946893,0.23487463371309933,0.15433037779192113
7,194,4,0.0,0.3519323147037353,0.195214637990509,0.16432667013276328
7,195,4,0.0,0.35607297055953074,0.16674906092348352,0.16729374531722782
7,196,4,0.0,0.35475322551099314,0.19197824949875608,0.15565891954811592
7,197,4,0.0,0.3561800480697904,0.2506655504955962,0.14306443194062737
7,198,4,0.0,0.3520975152271611,0.24270393864854523,0.14910130827252197
7,199,4,0.0,0.3581131925883637,0.17151904165755463,0.16455436619337557
7,200,4,0.0,0.35465020995760627,0.1826483956804566,0.16794386162245706
8,0,4,0.0,-2.823716704172499e-07,-2.8237167042133015e-07,2.071713766931634e-18
8,1,4,0.0,-6.609435460924627e-08,-2.468696558486652e-07,7.150197206230963e-08
8,2,4,0.0,7.75106926583057e-11,-1.7934766113228687e-07,1.002627289459821e-07
8,3,4,0.0,-8.995527393880711e-09,-1.2233551569372338e-07,8.567032854981497e-08
8,4,4,0.0,-8.995527393880711e-09,-1.1257147926876895e-07,8.602334703433488e-08
8,5,4,0.0,9.018736896414646e-07,-9.076810568165197e-08,1.6812108341432676e-07
8,6,4,0.0,1.4370598473994365e-06,-1.5521750928784178e-08,3.2609897016199363e-07
8,7,4,0.0,1.4995467702109146e-06,1.6406691539794573e-07,4.909694002993175e-07
8,8,4,0.0,2.4613865962978506e-06,4.803082275212695e-07,6.795926674007611e-07
8,9,4,0.0,5.563539573273777e-06,9.784431864622924e-07,1.0717668741237987e-06
8,10,4,0.0,4.776830890980019e-06,1.2138432506619763e-06,1.2479979488105598e-06
8,11,4,0.0,5.96063217304e-06,1.5436985307653007e-06,1.6576182606532337e-06
8,12,4,0.0,6.068078349701826e-06,2.0026342582050473e-06,2.3515381083860298e-06
8,13,4,0.0,4.52413513166463e-05,4.124118833569596e-06,6.432249403663579e-06
8,14,4,0.0,4.52413513166463e-05,4.86116878024212e-06,8.39333198009293e-06
8,15,4,0.0,5.08801058554387e-05,7.43436213430559e-06,1.296627316060154e-05
8,16,4,0.0,9.090374395347671e-05,1.815791578402596e-05,2.1984689237868915e-05
8,17,4,0.0,0.00014970260987091883,2.889883978324173e-05,3.094433863554129e-05
8,18,4,0.0,0.00015006978270653453,3.309268089812274e-05,3.7384048367684654e-05
8,19,4,0.0,0.00015006978270653453,6.87954311712377e-05,4.652636464348281e-05
8,20,4,0.0,0.000170673348298588,9.691770128889233e-05,5.889226297114711e-05
8,21,4,0.0,0.00017125968205658812,8.347794184512403e-05,7.012033405959426e-05
8,22,4,0.0,0.0005143991305657341,0.00012336603999729798,0.00010648985936332212
8,23,4,0.0,0.0005287814091277818,0.00019716132598069326,0.0001541899095792387
8,24,4,0.0,0.0005630469368397859,0.0002583135690974612,0.00021940289170230693
8,25,4,0.0,0.0005512774697706014,0.000317480269230675,0.0002268462504912374
8,26,4,0.0,0.000551332743342503,0.00042458607549864273,0.00019060926512462075
8,27,4,0.0,0.0006004620050080986,0.0003837889557507399,0.00021844335440292375
8,28,4,0.0,0.0005964524457319863,0.00038116725646407433,0.0002144333838013094
8,29,4,0.0,0.0006139912716244248,0.00037169396940024745,0.00023500261069036638
8,30,4,0.0,0.000614557581975214,0.00032539621738041986,0.00024152474546661795
8,31,4,0.0,0.0006165367154678385,0.0004013766575043232,0.00024695806068052807
8,32,4,0.0,0.0006763648743657459,0.0004357907251687358,0.00023935378407546722
8,33,4,0.0,0.0007989777788067644,0.00040900042335467057,0.0002571245350821775
8,34,4,0.0,0.0007978080433757905,0.0004696317111528177,0.0002414447405560866
8,35,4,0.0,0.0007978484960574519,0.0004345469308946929,0.0002723552174324277
8,36,4,0.0,0.000991510534796462,0.00047221442985944745,0.0003229888203163434
8,37,4,0.0,0.0010544500091871235,0.0005905549260177732,0.00033173478049497565
8,38,4,0.0,0.0011391150543964925,0.0005602435030777565,0.00041939434327839195
8,39,4,0.0,0.016866768869030654,0.0010240517948806105,0.0023013751705862934
8,40,4,0.0,0.016866768869030654,0.001184815933044484,0.0024537241413893694
8,41,4,0.0,0.02072501347701375,0.002159291353194378,0.0047826295000752625
8,42,4,0.0,0.017183060756099208,0.0031463504941403615,0.0053896025525399386
8,43,4,0.0,0.01726256542270702,0.005782747438622107,0.007069906438911667
8,44,4,0.0,0.03116523158202132,0.009643210984250633,0.008030793119133737
8,45,4,0.0,0.03096389594975638,0.011107332697460105,0.008712688279029565
8,46,4,0.0,0.0505912071437117,0.013949616999017901,0.01256103351774227
8,47,4,0.0,0.045636490292454944,0.018904761941641857,0.013453293856184332
8,48,4,0.0,0.04562183172645046,0.014251675272772674,0.017644133327121933
8,49,4,0.0,0.11312408831226933,0.024094254300415494,0.023493794945058905
8,50,4,0.0,0.051490120230452054,0.026152860907070506,0.023326739637226545
8,51,4,0.0,0.053331853357449964,0.030242367371999906,0.023991024420813033
8,52,4,0.0,0.053627864470860806,0.02810996282759632,0.02385985911576894
8,53,4,0.0,0.05730775906243813,0.02922529137188924,0.0243465812831896
8,54,4,0.0,0.05725867214983594,0.029186143488568298,0.024648802543187933
8,55,4,0.0,0.05849372880152113,0.029499284524077365,0.02498087922172377
8,56,4,0.0,0.05849372880154896,0.03089105484775724,0.026583440272392102
8,57,4,0.0,0.06108083371235305,0.03482036198045065,0.026295289721087058
8,58,4,0.0,0.06108083371236761,0.030179552955746737,0.02761533710713522
8,59,4,0.0,0.06108083371237515,0.04210650352810748,0.025138011650780563
8,60,4,0.0,0.06594763421311835,0.045358551068550995,0.025346216867508303
8,61,4,0.0,0.06642502235193869,0.03088192036518958,0.031066804240298774
8,62,4,0.0,0.068293598084387,0.04247464933930115,0.02684563074724833
8,63,4,0.0,0.06829359808440552,0.03921069093685338,0.03291165051934723
8,64,4,0.0,0.06853283937241375,0.04321723309703052,0.02934384240151695
8,65,4,0.0,0.06853283937241304,0.048562788660261945,0.02941316267083351
8,66,4,0.0,0.06868954381120027,0.04028117835382854,0.03264310351306213
8,67,4,0.0,0.06931257773305549,0.040986011401622176,0.03278221264769176
8,68,4,0.0,0.06931257773306293,0.032669574360558395,0.032633997128924716
8,69,4,0.0,0.06931257773306293,0.04186216964236614,0.03230267635939601
8,70,4,0.0,0.06931257773306855,0.03792962978873775,0.03411211793755575
8,71,4,0.0,0.06931257773308289,0.048699699428617856,0.028618740655686824
8,72,4,0.0,0.06968495468954597,0.043204500457742157,0.031209531205731507
8,73,4,0.0,0.06968495468952417,0.04870513178895255,0.030440355412796563
8,74,4,0.0,0.06968495468953381,0.04079669639692633,0.03376160302276088
8,75,4,0.0,0.06968495468953351,0.03553634431752535,0.03283704513397001
8,76,4,0.0,0.06968495468954941,0.03863701653755662,0.03231035441911719
8,77,4,0.0,0.06968495468954941,0.04778546037073557,0.030469934861160078
8,78,4,0.0,0.0705403650032652,0.049252040739928796,0.030946245201221027
8,79,4,0.0,0.07054036500328481,0.03911334048577644,0.034778047597834004
8,80,4,0.0,0.07054036500329229,0.04486343173247075,0.031908471595125935
8,81,4,0.0,0.07054036500329769,0.03554369949950752,0.03379668646508049
8,82,4,0.0,0.07095561028981913,0.0398402173112049,0.034612376425839315
8,83,4,0.0,0.07095561028988108,0.043842587138089195,0.03413269961010049
8,84,4,0.0,0.07095561028987091,0.03486639439240779,0.03370951590301589
8,85,4,0.0,0.07095561028987091,0.037836567557607385,0.03408086625409982
8,86,4,0.0,0.07118760015044266,0.04804652583153119,0.03204417804662771
8,87,4,0.0,0.07118760015037384,0.050863179936553024,0.02977046101439355
8,88,4,0.0,0.07118760015053059,0.045371136488699955,0.03413900636270197
8,89,4,0.0,0.07118760015053059,0.04835458708613921,0.032443031934990436
8,90,4,0.0,0.07118760015053059,0.04701895462566591,0.032223914347064224
8,91,4,0.0,0.07118760015049998,0.042944375323232614,0.0345159915445259
8,92,4,0.0,0.07118760015049998,0.04264228397484234,0.032458617522428214
8,93,4,0.0,0.08847619171177332,0.0466685816144127,0.03332288165799261
8,94,4,0.0,0.08847619171178474,0.03778923842228546,0.034958927468893015
8,95,4,0.0,0.08847619171178474,0.047821623920596155,0.03715140471767742
8,96,4,0.0,0.09240753833624342,0.05622252696059069,0.03524286243775898
8,97,4,0.0,0.0924075383362374,0.04917276303224319,0.041220377498331684
8,98,4,0.0,0.10154922403083967,0.04982361871373111,0.042098552248354404
8,99,4,0.0,0.10154922403084941,0.05903434955994044,0.042150410957711944
9,0,4,0.0,-2.823716704172499e-07,-2.8237167042111845e-07,1.975085154028726e-18
9,1,4,0.0,-6.609435461139944e-08,-2.591019454649459e-07,5.979544307607397e-08
9,2,4,0.0,7.837174620922118e-11,-1.7924390835435718e-07,8.935772401843995e-08
9,3,4,0.0,2.8979736549187535e-07,-8.443612079628887e-08,1.0642498231256764e-07
9,4,4,0.0,4.6035720359836567e-07,-2.7777637388744632e-08,1.4062385537798136e-07
9,5,4,0.0,7.477657986178852e-07,1.7877021291478647e-08,2.0567336196344784e-07
9,6,4,0.0,7.477657986178852e-07,6.61127995639375e-08,2.78489681114711e-07
9,7,4,0.0,1.5519972817134723e-06,2.248733517250534e-07,4.3739883929784967e-07
9,8,4,0.0,4.537739393442974e-06,3.5805795797818734e-07,8.103654875169303e-07
9,9,4,0.0,2.7680148076487405e-05,1.3496336289838904e-06,3.921108154734281e-06
9,10,4,0.0,8.80602582125311e-05,6.0529135527314165e-06,1.5550180754831135e-05
9,11,4,0.0,0.00013309210949756249,2.3737946281117304e-05,3.0591257377074195e-05
9,12,4,0.0,0.0005720736765703,6.62875390733634e-05,0.00010716297371333182
9,13,4,0.0,0.0005720727367668325,0.00013150925082121466,0.0001637969515556136
9,14,4,0.0,0.0005720727367668325,0.00016561259380321402,0.00019538144043273432
9,15,4,0.0,0.0005926249420806911,0.00019054747480346253,0.00022168987592894685
9,16,4,0.0,0.0007565906183445284,0.0001544873188559304,0.00020579330998489833
9,17,4,0.0,0.0005720823545508236,0.00020527138577776217,0.00019303290419440893
9,18,4,0.0,0.0005769049985443152,0.00018365898235653066,0.00020359514326211646
9,19,4,0.0,0.0006953628928077402,0.00027473550496355195,0.00024118790895801852
9,20,4,0.0,0.0006623592211131463,0.00020348743098631765,0.0002363234319129381
9,21,4,0.0,0.000737408366407985,0.0002449987410383582,0.0002553456823826089
9,22,4,0.0,0.0006825803519545835,0.0002820910578623937,0.0002776265062635001
9,23,4,0.0,0.000682580351952604,0.00021410039774956042,0.0002555754924825595
9,24,4,0.0,0.0006802618738367944,0.00022231752429798435,0.00027600789422434755
9,25,4,0.0,0.0006827733485750085,0.00021191360321280936,0.00025993553108544037
9,26,4,0.0,0.000682773348575857,0.000210472447164418,0.00026895187882913367
9,27,4,0.0,0.0006827733485750085,0.00019743006473822396,0.0002716829907882073
9,28,4,0.0,0.0006827733485774576,0.00021938165723409545,0.0002785533621340191
9,29,4,0.0,0.0006827776075804762,0.00019089306501601986,0.0002780093026067666
9,30,4,0.0,0.0006827776075804762,0.00015733722776937315,0.0002518635084068077
9,31,4,0.0,0.0007577313599365301,0.00014152332352789637,0.00020477674876304063
9,32,4,0.0,0.0007924855479072164,0.00018177930127722875,0.0002054509385740743
9,33,4,0.0,0.0007924855479073523,0.00022220245343488186,0.00023658404474214494
9,34,4,0.0,0.0007594725632384928,0.00016342687136970335,0.00021911576510258375
9,35,4,0.0,0.0006827807765372723,0.00012814140605013312,0.00015710540777776627
9,36,4,0.0,0.0007224267014544008,0.00012020750489293941,0.00015497186515447115
9,37,4,0.0,0.001220990160000493,0.0001817758868167564,0.0002243360964089993
9,38,4,0.0,0.001220990160000493,0.0001864399044265455,0.00020040785974292667
9,39,4,0.0,0.001220990160000493,0.00017528977703171856,0.0002068983075001602
9,40,4,0.0,0.00047031988989866644,0.00016786846636033745,0.00015012257144256241
9,41,4,0.0,0.0005598946591217034,0.00023576413923087416,0.0001633514473907508
9,42,4,0.0,0.0005598964880273052,0.0002461319051205072,0.00017518384876852354
9,43,4,0.0,0.0005559901292549905,0.00021060913274996472,0.0002026205484338897
9,44,4,0.0,0.0005560256118338192,0.0002982010203226434,0.00021203276322344993
9,45,4,0.0,0.0005600553663963955,0.0003099802975526218,0.00022746093890615678
9,46,4,0.0,0.0007048079547602283,0.000371019054320584,0.00022754179888521235
9,47,4,0.0,0.0006530348000075668,0.000354909238846764,0.00024085221303633627
9,48,4,0.0,0.0006536087784783608,0.0004435677420503788,0.00020972326704305692
9,49,4,0.0,0.0006536375378470275,0.0004609393308550787,0.00023762997323807932
9,50,4,0.0,0.000671722579612414,0.00042069886298375423,0.00027935643401032657
9,51,4,0.0,0.0007118188762941272,0.0004138077053971556,0.0002880983842916044
9,52,4,0.0,0.0007189579688309151,0.0004695080569119778,0.00028939449058990507
9,53,4,0.0,0.0007189826462319973,0.0004529812909277,0.0003183118185994956
9,54,4,0.0,0.0007431173934117953,0.0004760286319359273,0.00030671425965681914
9,55,4,0.0,0.0007533020263825094,0.000534399929457398,0.0002865256920357138
9,56,4,0.0,0.0007431339666220135,0.0004806675929485758,0.00030730666363917815
9,57,4,0.0,0.0008086405340211576,0.00045848079816431355,0.00032833953442910717
9,58,4,0.0,0.00348739765915204,0.0005450481670984092,0.0005408159362236369
9,59,4,0.0,0.003321590523380802,0.0006002238055827709,0.0005900240274247965
9,60,4,0.0,0.0034795099556250322,0.0008648658100212543,0.000796200657082807
9,61,4,0.0,0.0038059633024613423,0.0015181979281420268,0.0012040765363433054
9,62,4,0.0,0.0038059633024613423,0.0021388255834752495,0.0013402392710396335
9,63,4,0.0,0.003926133054071687,0.0019879707881746696,0.0015825712027391994
9,64,4,0.0,0.004374879531403204,0.0024727032283928746,0.0015143143410766083
9,65,4,0.0,0.004990844434928345,0.002276345537459019,0.001754572513466553
9,66,4,0.0,0.004141398319223833,0.002916099978648565,0.001516824322656722
9,67,4,0.0,0.00480504658796348,0.002431822290353969,0.0018660407536609715
9,68,4,0.0,0.00522568086718554,0.002827274553195722,0.001679167946420898
9,69,4,0.0,0.004243667638848769,0.0029335193145178457,0.0016780939995383794
9,70,4,0.0,0.005459926612775739,0.00282551505229264,0.0017024560248850202
9,71,4,0.0,0.005443148855558051,0.003092554111685592,0.0016533680744813008
9,72,4,0.0,0.004364441306883678,0.0027966247106701895,0.001807220183238488
9,73,4,0.0,0.005228823927419658,0.002639852111672109,0.001856817876973253
9,74,4,0.0,0.005170549180155513,0.0026896152076470964,0.001746235857227914
9,75,4,0.0,0.005826390339966578,0.003013800490287175,0.0019463848226567771
9,76,4,0.0,0.005826390339966578,0.0023422900047577132,0.0017732400993020904
9,77,4,0.0,0.005826390339966578,0.003240426176409196,0.001567769213373453
9,78,4,0.0,0.005826390339966578,0.002776229165843036,0.0017415498449464201
9,79,4,0.0,0.006182095552050711,0.0030403955763970993,0.00174497919830862
9,80,4,0.0,0.006855072844579593,0.002947004886017241,0.0018373914797795393
9,81,4,0.0,0.006182095552050711,0.0029140216440014573,0.0018120520484014762
9,82,4,0.0,0.004925105877229819,0.0031464328876339657,0.0017618678653955279
9,83,4,0.0,0.004726150156597446,0.003072673251573569,0.0018595440015090057
9,84,4,0.0,0.0057595424121782215,0.0030910612426539347,0.0019394470686509404
9,85,4,0.0,0.005390579292745671,0.003516055740203139,0.001666986260373342
9,86,4,0.0,0.00581358062225176,0.0031483109143277494,0.0019229224829421213
9,87,4,0.0,0.005447195227302489,0.0030994745899404464,0.0018398000167006061
9,88,4,0.0,0.006403122701993171,0.0032810832080023443,0.001945896084538284
9,89,4,0.0,0.006142333477938129,0.003550925589431967,0.001585189905263447
9,90,4,0.0,0.006192466523277551,0.0023525587866207987,0.0022612575929915365
9,91,4,0.0,0.006726333645470131,0.002891381756494778,0.0019968556126322133
9,92,4,0.0,0.006083712560735468,0.0033378210784994495,0.0018659845413071857
9,93,4,0.0,0.008511598358766654,0.003083491812833953,0.0019429167704397216
9,94,4,0.0,0.008893802049727536,0.003259212845489748,0.0019451953338626331
9,95,4,0.0,0.004919407708001174,0.0032881197844877763,0.0016037732730892298
9,96,4,0.0,0.00855548010749489,0.0034193893151597383,0.002098146616538047
9,97,4,0.0,0.008199354193056542,0.003229857532476943,0.002164468298762293
9,98,4,0.0,0.008512418836231814,0.003120985375544777,0.0020848499490767306
9,99,4,0.0,0.008512418836231814,0.0030233767102597394,0.0020763637622617697
9,100,4,0.0,0.005315037983029196,0.0025652883539147397,0.002853898595620105
9,101,4,0.0,0.006646193829195333,0.0030981845855926633,0.0020364972442372124
9,102,4,0.0,0.006646193829195333,0.0032587207034365977,0.0018871114609103432
9,103,4,0.0,0.007269704022150861,0.0033914678168937345,0.0020111218539584676
9,104,4,0.0,0.007269704022150861,0.002977090860721184,0.0019135353651389265
9,105,4,0.0,0.006313456297463785,0.0031628833113957603,0.0016702800533979528
9,106,4,0.0,0.005639374161076577,0.0033246336932067936,0.0016605099416083153
9,107,4,0.0,0.005997089820682124,0.003177043006302651,0.001949395243368921
9,108,4,0.0,0.004911374174567921,0.0029738986804330255,0.0017764517501196635
9,109,4,0.0,0.0069254535736559455,0.003472936240802596,0.0018744942349966712
9,110,4,0.0,0.007919324749846439,0.0032774533573231776,0.002115166357120016
9,111,4,0.0,0.007919324749846439,0.003361694622437743,0.002008485655338474
9,112,4,0.0,0.0077210771102254345,0.0033576835555080213,0.0016991464093038856
9,113,4,0.0,0.005598622927620574,0.003425155561761051,0.0018223734207896442
9,114,4,0.0,0.0074197466774611354,0.003588195271847474,0.0018949113633343804
9,115,4,0.0,0.008321705310217071,0.004177395114128574,0.001863659198238294
9,116,4,0.0,0.008321705310217071,0.003594934987470924,0.0020800441684425694
9,117,4,0.0,0.00648308684489472,0.0037667757393117013,0.0017717187793814117
9,118,4,0.0,0.007407767452031858,0.0035290305612216384,0.0020210046210259883
9,119,4,0.0,0.007407767452031858,0.003217421270539809,0.0019446327620438336
9,120,4,0.0,0.008321705310217113,0.00367894329906853,0.001891527146386777
9,121,4,0.0,0.006397380845644402,0.0038117744327781163,0.0015402365828372543
9,122,4,0.0,0.007939149955433199,0.003715961664465024,0.0018695362716971413
9,123,4,0.0,0.0061875537110549685,0.0035312482983748893,0.0019730848135526254
9,124,4,0.0,0.006440633522215826,0.00401546147332983,0.001732825656392787
9,125,4,0.0,0.0075239792529655436,0.0037187195454949726,0.0020763115455108313
9,126,4,0.0,0.0075239792529655436,0.0035275027199921914,0.002111600145240927
9,127,4,0.0,0.00764926765388181,0.003135400565373628,0.0021095411022009633
9,128,4,0.0,0.007077363187084451,0.003578929001530942,0.0017011100143932592
9,129,4,0.0,0.008719474761278715,0.0035483138701583017,0.0021722209750966418
9,130,4,0.0,0.006017967216947055,0.003106163831192395,0.0017704892455492737
9,131,4,0.0,0.006579425975461776,0.003424381352813198,0.002035778873427837
9,132,4,0.0,0.007655801062157507,0.0037299285612782695,0.0017744628042875529
9,133,4,0.0,0.007114341925402182,0.0039488397784924155,0.0018002162183793913
9,134,4,0.0,0.007114341925402182,0.003522412607545395,0.00221311325363623
9,135,4,0.0,0.007751510372604907,0.004364389925620497,0.0020541586974424536
9,136,4,0.0,0.007116861556124869,0.003938447798898821,0.001820991165567897
9,137,4,0.0,0.008225720870964171,0.004140500634875094,0.0021334196493371575
9,138,4,0.0,0.00789369430208822,0.004730954081930355,0.0021060275242122486
9,139,4,0.0,0.008040796319933393,0.004185238309534601,0.0023725622307833594
9,140,4,0.0,0.008040796319933393,0.00411621107405252,0.0026401180757443013
9,141,4,0.0,0.00828839129138902,0.00404704199355924,0.002219532809895833
9,142,4,0.0,0.007122707372585585,0.0034647878817624235,0.00231092824263433
9,143,4,0.0,0.007273713688238867,0.003467855161429276,0.002496010789618445
9,144,4,0.0,0.00795631827518704,0.0037964886850221967,0.0020312096961080323
